readable_time,Active Energy (kWh),mt_power,mvol,mcurr,tot_curr,mvol_r,mvol_y,mvol_b,mvol_ry,mvol_yb,mvol_br,mvolt_p,Phase Current L1 (A),Phase Current L2 (A),Phase Current L3 (A),L1 Active Power (kW),L2 Active Power (kW),L3 Active Power (kW),mr_power,mrpow_r,mrpow_y,mrpow_b,ma_power,mapow_r,mapow_y,mapow_b,mt_pf,mpf_r,mpf_y,mpf_b,mfreq,ma_energy,mr_energy,con_st,mc_st,temp_time,Temperature (°C),humidity,Door Status,compressor_on,heater_on,door_status,fan_status
2025-09-30 05:30:27,310.28,0.3603,247.17,0.5002,1.5008,245.14,244.67,251.7,429.25,426.67,428.21,428.05,0.0,0.0424,1.4584,0.0,0.001,0.3592,0.068,0,0,0.068,0.3775,0,0.0104,0.3671,0.9826,1,1,0.9825,50,408.01,253.29,0,1,2025-09-30 05:30:27,15.1,68.6,,0,0,,1
2025-09-30 05:31:12,310.29,0.3598,247.31,0.5003,1.5010000000000001,245.32,244.51,252.1,428.92,426.91,429.05,428.45,0.0,0.0416,1.4594,0.0,0.0,0.3598,0.0692,0,0,0.0692,0.3781,0,0.0102,0.3679,0.982,1,1,0.982,50,408.02,253.29,0,1,2025-09-30 05:31:12,15.1,72.4,,0,0,,1
2025-09-30 05:31:57,310.29,0.3602,247.04,0.4997,1.4992,245.19,244.05,251.89,428.9,426.37,428.19,428.02,0.0,0.0416,1.4576,0.0,0.0011,0.3591,0.0688,0,0,0.0688,0.3773,0,0.0102,0.3672,0.9822,1,1,0.9821,50,408.02,253.29,0,1,2025-09-30 05:31:57,15.6,75.2,,0,0,,1
2025-09-30 05:33:04,310.3,0.3588,246.89,0.4981,1.4943,245.23,243.52,251.94,428.21,425.55,428.96,427.67,0.0,0.0412,1.4531,0.0,0.001,0.3577,0.07,0,0,0.07,0.3761,0,0.01,0.3661,0.9814,1,1,0.9813,50,408.03,253.29,0,1,2025-09-30 05:33:04,15.8,79,,0,0,,1
2025-09-30 05:33:49,310.3,0.3597,247.32,0.499,1.4972,244.78,244.88,252.32,428.86,427.8,428.31,428.34,0.0,0.0424,1.4548,0.0,0.001,0.3587,0.0706,0,0,0.0706,0.3775,0,0.0104,0.3671,0.9812,1,1,0.9811,50,408.03,253.29,0,1,2025-09-30 05:33:49,15.9,80.2,,0,0,,1
2025-09-30 05:34:34,310.31,0.3603,247.26,0.4991,1.4973999999999998,245.64,243.66,252.48,429.01,425.78,429.78,428.16,0.0,0.0412,1.4562,0.0,0.001,0.3593,0.0704,0,0,0.0704,0.3777,0,0.01,0.3677,0.9814,1,1,0.9813,50,408.04,253.29,0,1,2025-09-30 05:34:34,16.4,81.3,,0,0,,1
2025-09-30 05:35:19,310.31,0.3587,246.95,0.499,1.4971,244.86,243.81,252.18,428.2,425.53,429.26,427.51,0.0,0.042,1.4551,0.0,0.0,0.3587,0.0698,0,0,0.0698,0.3772,0,0.0102,0.3669,0.9815,1,1,0.9815,50,408.04,253.29,0,1,2025-09-30 05:35:19,16.5,82.5,,0,0,,1
2025-09-30 05:36:04,310.32,0.359,247.17,0.4981,1.4945,244.76,244.64,252.12,429.36,427.7,427.05,428,0.0,0.042,1.4525,0.0,0.0011,0.3579,0.0696,0,0,0.0696,0.3765,0,0.0103,0.3662,0.9817,1,1,0.9816,50,408.05,253.29,0,1,2025-09-30 05:36:04,16.6,84.1,,0,0,,1
2025-09-30 05:36:49,310.32,0.3578,247.02,0.4982,1.4948000000000001,245.22,243.77,252.08,428.59,426.01,428.76,427.78,0.0,0.042,1.4528,0.0,0.0,0.3578,0.0705,0,0,0.0705,0.3765,0,0.0102,0.3662,0.9811,1,1,0.9811,50,408.05,253.29,0,1,2025-09-30 05:36:49,16.7,84.9,,0,0,,1
2025-09-30 05:37:34,310.33,0.3577,247.37,0.498,1.494,244.94,245.03,252.14,429.51,427.93,427.72,428.45,0.0,0.0424,1.4516,0.0,0.0,0.3577,0.0699,0,0,0.0699,0.3764,0,0.0104,0.366,0.9814,1,1,0.9814,50,408.06,253.29,0,1,2025-09-30 05:37:34,17.2,85.2,,0,0,,1
2025-09-30 05:38:19,310.33,0.3578,247.23,0.4974,1.4923,245.45,244.07,252.17,429.12,426.12,429.19,428.07,0.0,0.0403,1.452,0.0,0.0,0.3578,0.0699,0,0,0.0699,0.376,0,0.0098,0.3662,0.9814,1,1,0.9814,50,408.06,253.29,0,1,2025-09-30 05:38:19,17.3,85.6,,0,0,,1
2025-09-30 05:39:04,310.34,0.3592,247.8,0.4977,1.4930999999999999,245.46,245.7,252.24,429.88,429.28,428.29,429.14,0.0,0.0412,1.4519,0.0,0.0013,0.3579,0.0701,0,0,0.0701,0.3764,0,0.0101,0.3662,0.9814,1,1,0.9813,50,408.07,253.3,0,1,2025-09-30 05:39:04,17.4,86,,0,0,,1
2025-09-30 05:40:12,310.34,0.3591,247.6,0.498,1.4942,245.46,245.08,252.26,429.48,427.12,429.78,428.7,0.0,0.042,1.4522,0.0,0.0011,0.358,0.0699,0,0,0.0699,0.3766,0,0.0103,0.3663,0.9815,1,1,0.9814,50,408.08,253.3,0,1,2025-09-30 05:40:12,17.5,86.5,,0,0,,1
2025-09-30 05:40:57,310.35,0.3597,247.98,0.498,1.4942,244.88,246.42,252.65,429.94,429.65,428.81,429.44,0.0,0.0416,1.4526,0.0,0.0012,0.3585,0.0703,0,0,0.0703,0.3773,0,0.0103,0.367,0.9814,1,1,0.9813,50,408.08,253.3,0,1,2025-09-30 05:40:57,18.0,86.8,,0,0,,1
2025-09-30 05:41:42,310.35,0.3599,247.51,0.4981,1.4945,245.84,243.91,252.79,428.73,425.95,431.26,428.32,0.0,0.042,1.4525,0.0,0.0013,0.3586,0.071,0,0,0.071,0.3774,0,0.0102,0.3672,0.9811,1,1,0.9809,50,408.09,253.3,0,1,2025-09-30 05:41:42,18.0,87.4,,0,0,,1
2025-09-30 05:42:27,310.36,0.3597,247.72,0.4978,1.4935,244.8,245.62,252.75,429.79,428.64,428.57,429.11,0.0,0.042,1.4515,0.0,0.0012,0.3584,0.0703,0,0,0.0703,0.3772,0,0.0103,0.3669,0.9814,1,1,0.9812,50,408.09,253.3,0,1,2025-09-30 05:42:27,18.1,88,,0,0,,1
2025-09-30 05:43:12,310.36,0.3586,247.18,0.4974,1.4924,246.11,243.18,252.25,428.77,425.75,429.67,428.15,0.0,0.042,1.4504,0.0,0.0011,0.3575,0.0699,0,0,0.0699,0.3761,0,0.0102,0.3659,0.9815,1,1,0.9814,50,408.1,253.3,0,1,2025-09-30 05:43:12,18.2,88,,0,0,,1
2025-09-30 05:43:57,310.37,0.3583,247.61,0.4981,1.4943,246.11,244.36,252.38,429.57,427.02,429.88,428.79,0.0,0.042,1.4523,0.0,0.0,0.3583,0.0694,0,0,0.0694,0.3768,0,0.0103,0.3665,0.9817,1,1,0.9817,50,408.1,253.3,0,1,2025-09-30 05:43:57,18.2,88,,0,0,,1
2025-09-30 05:44:42,310.37,0.3587,247.96,0.4972,1.4918,245.85,245.88,252.15,430.82,428.57,428.86,429.41,0.0,0.042,1.4498,0.0,0.0013,0.3573,0.0691,0,0,0.0691,0.3759,0,0.0103,0.3656,0.9819,1,1,0.9818,50,408.1,253.3,0,1,2025-09-30 05:44:42,18.7,88.2,,0,0,,1
2025-09-30 05:45:27,310.37,0.3577,247.89,0.4978,1.4933999999999998,246.04,245.32,252.32,429.9,428.3,429.74,429.19,0.0,0.0432,1.4502,0.0,0.0,0.3577,0.0694,0,0,0.0694,0.3765,0,0.0106,0.3659,0.9816,1,1,0.9816,50,408.11,253.3,0,1,2025-09-30 05:45:27,18.8,88.4,,0,0,,1
2025-09-30 05:46:12,310.38,0.3578,248.14,0.4976,1.4928,245.67,246.24,252.51,430.21,429.69,429.33,429.75,0.0,0.0428,1.45,0.0,0.0,0.3578,0.0698,0,0,0.0698,0.3767,0,0.0105,0.3661,0.9815,1,1,0.9815,50,408.11,253.3,0,1,2025-09-30 05:46:12,18.8,89,,0,0,,1
2025-09-30 05:47:20,310.39,0.3597,248.2,0.4974,1.4924,245.72,246.17,252.71,430.75,429.62,429.14,429.7,0.0,0.0412,1.4512,0.0,0.0013,0.3584,0.07,0,0,0.07,0.3769,0,0.0101,0.3667,0.9815,1,1,0.9814,50,408.12,253.31,0,1,2025-09-30 05:47:20,18.9,89.1,,0,0,,1
2025-09-30 05:48:05,310.39,0.3584,248.16,0.4977,1.4931,246.67,245.03,252.8,430.44,427.99,430.91,429.7,0.0,0.0424,1.4507,0.0,0.0,0.3584,0.0695,0,0,0.0695,0.3771,0,0.0104,0.3667,0.9817,1,1,0.9817,50,408.13,253.31,0,1,2025-09-30 05:48:05,19.0,89,,0,0,,1
2025-09-30 05:48:50,310.4,0.3577,248.11,0.4967,1.4903,246.95,244.58,252.82,430.29,427.31,431.49,429.66,0.0,0.042,1.4483,0.0,0.0,0.3577,0.07,0,0,0.07,0.3764,0,0.0103,0.3662,0.9813,1,1,0.9813,50,408.13,253.31,0,1,2025-09-30 05:48:50,19.0,89.1,,0,0,,1
2025-09-30 05:49:35,310.44,4.4797,247.79,8.2703,24.811,244.21,246.95,252.21,429.91,430.14,427.35,429.13,8.6006,7.9343,8.2761,1.6,1.3062,1.5735,4.185,1.358,1.4572,1.3699,6.147,2.1004,1.9594,2.0873,0.7307,0.7624,0.6674,0.7542,50.1,408.2,253.35,1,1,2025-09-30 05:49:35,19.0,86.7,,1,0,,0
2025-09-30 05:51:05,310.55,4.5451,247.51,8.3249,24.974899999999998,245.52,244.41,252.62,429.12,427.72,429.11,428.74,8.8959,7.6348,8.4442,1.6335,1.2377,1.6739,4.159,1.4464,1.3927,1.3199,6.1833,2.1841,1.866,2.1332,0.7377,0.7486,0.6642,0.7852,50.1,408.35,253.45,1,1,2025-09-30 05:51:05,18.9,78,,1,0,,0
2025-09-30 05:51:50,310.61,4.4838,247.19,8.2597,24.779200000000003,245.33,243.87,252.39,428.46,426.71,429.12,428.06,8.8876,7.4747,8.4169,1.6138,1.1966,1.6734,4.1409,1.463,1.3715,1.3064,6.1276,2.1804,1.8229,2.1243,0.7346,0.7408,0.6574,0.7882,50,408.43,253.51,1,1,2025-09-30 05:51:50,18.7,75.8,,1,0,,0
2025-09-30 05:52:35,310.67,4.4379,247.34,8.2168,24.650399999999998,245.19,244.19,252.66,428.79,427.06,429.21,428.29,8.8303,7.4456,8.3745,1.595,1.186,1.6569,4.1495,1.4611,1.3745,1.3139,6.0991,2.1651,1.8181,2.1159,0.7304,0.7373,0.6533,0.7835,50,408.51,253.56,1,1,2025-09-30 05:52:35,18.1,74,,1,0,,0
2025-09-30 05:53:20,310.73,4.497,247.45,8.2748,24.8246,245.15,244.73,252.48,428.9,427.55,429.17,428.58,8.9371,7.4283,8.4592,1.6186,1.1921,1.6863,4.1514,1.4736,1.3691,1.3087,6.1446,2.1909,1.8179,2.1358,0.7347,0.7394,0.6566,0.7899,50,408.58,253.61,1,1,2025-09-30 05:53:20,18.0,71.9,,1,0,,0
2025-09-30 05:54:05,310.78,4.4967,247.71,8.2698,24.809600000000003,243.88,246.92,252.33,429.74,429.3,427.92,428.98,8.5999,7.8448,8.3649,1.5911,1.3036,1.602,4.165,1.3635,1.4291,1.3724,6.1451,2.0973,1.937,2.1107,0.7336,0.7593,0.6739,0.759,50,408.66,253.67,1,1,2025-09-30 05:54:05,17.4,71.6,,1,0,,0
2025-09-30 05:54:50,310.84,4.4762,247.45,8.2566,24.7698,244.89,245.03,252.44,429.03,426.89,429.7,428.57,8.8875,7.4841,8.3982,1.6131,1.1997,1.6634,4.1529,1.4577,1.3831,1.312,6.1303,2.1765,1.8338,2.12,0.733,0.7419,0.6552,0.7851,50,408.74,253.72,1,1,2025-09-30 05:54:50,17.3,70.5,,1,0,,0
2025-09-30 05:55:35,310.89,4.5343,247.86,8.3087,24.926099999999998,244.29,246.57,252.74,429.44,429.67,428.69,429.13,8.7051,7.7878,8.4332,1.6065,1.2921,1.6358,4.1715,1.3904,1.4167,1.3644,6.1782,2.1266,1.9202,2.1314,0.7359,0.7561,0.6735,0.7653,50,408.81,253.77,1,1,2025-09-30 05:55:35,17.2,69.9,,1,0,,0
2025-09-30 05:56:20,310.95,4.5925,247.84,8.36,25.080199999999998,244.44,246.52,252.56,429.41,428.74,429.51,429.32,8.7878,7.731,8.5614,1.6197,1.2943,1.6786,4.164,1.4079,1.3951,1.3611,6.2162,2.1481,1.9058,2.1623,0.7408,0.7547,0.6801,0.7767,50.1,408.89,253.82,1,1,2025-09-30 05:56:20,16.7,70.1,,1,0,,0
2025-09-30 05:57:05,311.01,4.5531,248.04,8.3302,24.9908,244.76,246.6,252.77,429.84,429.31,429.56,429.45,8.7956,7.6835,8.5117,1.6146,1.2709,1.6676,4.1791,1.4206,1.4011,1.3574,6.1991,2.1528,1.8948,2.1515,0.7367,0.7507,0.6718,0.7755,50,408.97,253.87,1,1,2025-09-30 05:57:05,16.6,69.2,,1,0,,0
2025-09-30 05:57:50,311.06,4.4871,248.49,8.2695,24.8086,244.33,248.16,253,430.89,430.43,429.73,430.28,8.5051,7.903,8.4005,1.5699,1.3321,1.5851,4.2146,1.3478,1.4522,1.4146,6.1646,2.0781,1.9612,2.1253,0.7288,0.7575,0.6748,0.7501,50.1,409.05,253.93,1,1,2025-09-30 05:57:50,16.6,68,,1,0,,0
2025-09-30 05:58:35,311.12,4.5591,248.11,8.3471,25.041399999999996,245.33,246.28,252.73,430.24,428.59,430.23,429.88,8.8639,7.6962,8.4813,1.631,1.2606,1.6674,4.1911,1.4349,1.4115,1.3448,6.2135,2.1746,1.8954,2.1435,0.7361,0.7508,0.6661,0.7784,50,409.13,253.98,1,1,2025-09-30 05:58:35,16.5,67.8,,1,0,,0
2025-09-30 05:59:20,311.18,4.482,247.95,8.2717,24.815199999999997,245.71,245.1,253.04,429.78,428,430.42,429.44,8.8698,7.4998,8.4456,1.6078,1.202,1.6721,4.1846,1.4683,1.3872,1.3291,6.1547,2.1794,1.8382,2.1371,0.7309,0.7384,0.6548,0.7828,50.1,409.2,254.03,1,1,2025-09-30 05:59:20,16.4,67.4,,1,0,,0
2025-09-30 06:00:05,311.23,4.5168,248.17,8.3011,24.9035,245.14,246.34,253.05,430.39,429.65,429.34,429.82,8.7306,7.7412,8.4317,1.6054,1.2708,1.6407,4.1925,1.4123,1.4181,1.3621,6.1808,2.1402,1.907,2.1336,0.7329,0.7507,0.6673,0.7694,50,409.27,254.08,1,1,2025-09-30 06:00:05,16.4,67.4,,1,0,,0
2025-09-30 06:02:20,311.41,4.5058,248.24,8.2943,24.8831,244.79,247.46,252.47,430.27,429.91,429.58,429.75,8.636,7.8404,8.4067,1.5976,1.2969,1.6112,4.2004,1.3814,1.4393,1.3797,6.1766,2.114,1.9402,2.1224,0.7314,0.7564,0.6694,0.7595,50,409.51,254.24,1,1,2025-09-30 06:02:20,15.8,65.2,,1,0,,0
2025-09-30 06:03:05,311.46,4.5343,247.95,8.3105,24.9315,245.14,246.3,252.42,429.73,428.43,430.08,429.42,8.811,7.6432,8.4773,1.6178,1.254,1.6625,4.1736,1.4279,1.4004,1.3453,6.1823,2.1599,1.8825,2.1398,0.7357,0.7497,0.667,0.7773,50,409.59,254.29,1,1,2025-09-30 06:03:05,15.7,64.4,,1,0,,0
2025-09-30 06:04:35,311.57,4.5954,247.94,8.3755,25.1265,245.1,246.44,252.28,429.7,428.75,429.74,429.45,8.8842,7.7051,8.5372,1.6406,1.2736,1.6812,4.1782,1.429,1.4049,1.3444,6.2301,2.1775,1.8988,2.1538,0.7398,0.754,0.6716,0.7809,50,409.74,254.39,1,1,2025-09-30 06:04:35,15.6,63.3,,1,0,,0
2025-09-30 06:05:20,311.63,4.5445,247.53,8.3259,24.977899999999998,244.53,246.36,251.71,428.81,428.6,428.69,428.86,8.8198,7.7092,8.4489,1.6271,1.267,1.6504,4.1631,1.4124,1.4113,1.3394,6.1826,2.1567,1.8992,2.1267,0.7373,0.7551,0.668,0.7764,50,409.82,254.45,1,1,2025-09-30 06:05:20,15.2,62.9,,1,0,,0
2025-09-30 06:06:05,311.65,0.3638,248.89,0.5031,1.5093999999999999,245.7,248.36,252.61,431.67,431.19,430.29,430.97,0.0,0.0428,1.4666,0.0,0.0014,0.3624,0.0694,0,0,0.0694,0.3811,0,0.0106,0.3705,0.9822,1,1,0.9821,50,409.84,254.46,0,1,2025-09-30 06:06:05,15.1,63.5,,0,0,,1
2025-09-30 06:06:50,311.65,0.3632,248.59,0.502,1.5061,246.37,246.81,252.61,431.14,428.78,431.68,430.6,0.0,0.042,1.4641,0.0,0.0016,0.3616,0.0697,0,0,0.0697,0.3802,0,0.0104,0.3698,0.982,1,1,0.9819,50,409.84,254.46,0,1,2025-09-30 06:06:50,15.1,67,,0,0,,1
2025-09-30 06:07:35,311.65,0.363,248.47,0.5016,1.5048000000000001,245.36,247.04,253.02,430.43,431.07,429.48,430.29,0.0,0.042,1.4628,0.0,0.0014,0.3616,0.0709,0,0,0.0709,0.3805,0,0.0104,0.3701,0.9814,1,1,0.9813,49.9,409.85,254.46,0,1,2025-09-30 06:07:35,15.2,71.5,,0,0,,1
2025-09-30 06:08:20,311.66,0.3605,247.91,0.5001,1.5005,246.24,244.5,253.01,429.63,426.42,431.98,429.3,0.0,0.0412,1.4593,0.0,0.0,0.3605,0.0718,0,0,0.0718,0.3793,0,0.0101,0.3692,0.9807,1,1,0.9807,49.9,409.85,254.46,0,1,2025-09-30 06:08:20,15.6,75.6,,0,0,,1
2025-09-30 06:09:05,311.66,0.3629,248.76,0.5004,1.5014,245.16,247.66,253.48,431.8,430.61,430.02,430.74,0.0,0.0403,1.4611,0.0,0.0013,0.3615,0.0722,0,0,0.0722,0.3803,0,0.01,0.3704,0.9807,1,1,0.9806,50,409.86,254.46,0,1,2025-09-30 06:09:05,15.8,78.4,,0,0,,1
2025-09-30 06:09:50,311.67,0.3618,248.33,0.5004,1.5013999999999998,246.05,246.09,252.85,430.85,428.78,430.55,430.12,0.0,0.0412,1.4602,0.0,0.0011,0.3608,0.0707,0,0,0.0707,0.3794,0,0.0101,0.3692,0.9814,1,1,0.9813,50,409.86,254.46,0,1,2025-09-30 06:09:50,15.9,79.7,,0,0,,1
2025-09-30 06:10:35,311.67,0.3614,248.5,0.5,1.5,245.8,246.9,252.82,431.1,429.26,430.75,430.39,0.0,0.0424,1.4576,0.0,0.0014,0.36,0.0709,0,0,0.0709,0.379,0,0.0105,0.3685,0.9813,1,1,0.9811,50,409.87,254.46,0,1,2025-09-30 06:10:35,16.4,81.1,,0,0,,1
2025-09-30 06:11:20,311.68,0.3626,248.44,0.5013,1.5038999999999998,245.88,246.62,252.83,430.57,429.76,430.48,430.15,0.0,0.0412,1.4627,0.0,0.0011,0.3615,0.0702,0,0,0.0702,0.38,0,0.0102,0.3698,0.9817,1,1,0.9816,50,409.87,254.46,0,1,2025-09-30 06:11:20,16.5,82,,0,0,,1
2025-09-30 06:12:05,311.68,0.3618,248.39,0.5003,1.5011,246.45,245.79,252.94,430.23,428.06,432.26,430.06,0.0,0.0416,1.4595,0.0,0.0011,0.3607,0.0707,0,0,0.0707,0.3794,0,0.0102,0.3692,0.9814,1,1,0.9813,50,409.87,254.46,0,1,2025-09-30 06:12:05,16.7,83,,0,0,,1
2025-09-30 06:12:50,311.69,0.3608,249.03,0.5,1.5001,245.52,248.71,252.87,432.12,431.58,430.17,431.26,0.0,0.0436,1.4565,0.0,0.0011,0.3597,0.0714,0,0,0.0714,0.3791,0,0.0108,0.3683,0.9809,1,1,0.9808,50,409.88,254.46,0,1,2025-09-30 06:12:50,17.1,83.8,,0,0,,1
2025-09-30 06:13:35,311.69,0.3578,248.15,0.4971,1.4915,245.84,246.11,252.5,430.36,427.06,431.81,429.66,0.0,0.0403,1.4512,0.0,0.0,0.3578,0.0714,0,0,0.0714,0.3763,0,0.0099,0.3664,0.9806,1,1,0.9806,50,409.88,254.47,0,1,2025-09-30 06:13:35,17.2,84.5,,0,0,,1
2025-09-30 06:14:20,311.69,0.359,248.74,0.4986,1.4957999999999998,245.75,247.82,252.67,431.21,431.28,429.92,430.78,0.0,0.0412,1.4546,0.0,0.0,0.359,0.0707,0,0,0.0707,0.3777,0,0.0102,0.3675,0.9811,1,1,0.9811,50,409.89,254.47,0,1,2025-09-30 06:14:20,17.3,85.1,,0,0,,1
2025-09-30 06:15:05,311.7,0.3606,248.81,0.4989,1.4969000000000001,245.93,247.7,252.82,431.38,430.58,430.8,430.91,0.0,0.0416,1.4553,0.0,0.0012,0.3594,0.0709,0,0,0.0709,0.3782,0,0.0103,0.3679,0.9812,1,1,0.9811,50,409.89,254.47,0,1,2025-09-30 06:15:05,17.4,85.7,,0,0,,1
2025-09-30 06:15:50,311.7,0.3585,248.54,0.498,1.4941,246.1,246.91,252.63,431.08,428.62,431.62,430.54,0.0,0.0416,1.4525,0.0,0.0,0.3585,0.0704,0,0,0.0704,0.3772,0,0.0103,0.3669,0.9812,1,1,0.9812,50,409.9,254.47,0,1,2025-09-30 06:15:50,17.5,87,,0,0,,1
2025-09-30 06:16:35,311.71,0.3594,248.41,0.4993,1.498,245.75,247.23,252.27,431.08,429.86,429.73,430.15,0.0,0.0412,1.4568,0.0,0.0,0.3594,0.0692,0,0,0.0692,0.3777,0,0.0102,0.3675,0.9819,1,1,0.9819,50,409.9,254.47,0,1,2025-09-30 06:16:35,17.9,87.2,,0,0,,1
2025-09-30 06:17:20,311.71,0.3578,248.06,0.4973,1.4921,246.55,245.33,252.3,429.85,428.23,430.75,429.9,0.0,0.0408,1.4513,0.0,0.0,0.3578,0.0701,0,0,0.0701,0.3762,0,0.01,0.3662,0.9813,1,1,0.9813,50,409.91,254.47,0,1,2025-09-30 06:17:20,18.0,87.2,,0,0,,1
2025-09-30 06:18:05,311.72,0.3583,248.3,0.4979,1.4936999999999998,246.33,245.97,252.61,430.67,428.25,431.15,430.06,0.0,0.0412,1.4525,0.0,0.0,0.3583,0.0713,0,0,0.0713,0.3771,0,0.0101,0.3669,0.9807,1,1,0.9807,49.9,409.91,254.47,0,1,2025-09-30 06:18:05,18.1,87.4,,0,0,,1
2025-09-30 06:18:50,311.72,0.3581,248.39,0.4979,1.4937,245.35,247.56,252.28,430.45,429.74,430.39,430.15,0.0,0.0416,1.4521,0.0,0.0,0.3581,0.0697,0,0,0.0697,0.3766,0,0.0103,0.3663,0.9815,1,1,0.9815,50,409.92,254.47,0,1,2025-09-30 06:18:50,18.1,87.7,,0,0,,1
2025-09-30 06:19:35,311.73,0.357,248.19,0.4965,1.4895,246.71,245.47,252.41,430.08,427.9,431.55,429.73,0.0,0.0416,1.4479,0.0,0.0,0.357,0.0704,0,0,0.0704,0.3757,0,0.0102,0.3655,0.981,1,1,0.981,50,409.92,254.47,0,1,2025-09-30 06:19:35,18.2,87.9,,0,0,,1
2025-09-30 06:20:20,311.73,0.3584,248.27,0.4981,1.4944,246.13,246.32,252.37,430.11,429.04,430.8,430.14,0.0,0.0412,1.4532,0.0,0.0,0.3584,0.0699,0,0,0.0699,0.3769,0,0.0101,0.3667,0.9815,1,1,0.9815,50,409.93,254.47,0,1,2025-09-30 06:20:20,18.3,88.1,,0,0,,1
2025-09-30 06:21:05,311.74,0.3565,247.85,0.4965,1.4896999999999998,244.9,246.7,251.97,429.04,429.91,428.86,429.47,0.0,0.0412,1.4485,0.0,0.0,0.3565,0.0703,0,0,0.0703,0.3751,0,0.0102,0.365,0.9811,1,1,0.9811,49.9,409.93,254.47,0,1,2025-09-30 06:21:05,18.7,88.2,,0,0,,1
2025-09-30 06:21:50,311.74,0.3565,248.02,0.4967,1.4901,245.96,246.02,252.08,429.52,428.31,430.81,429.63,0.0,0.0424,1.4477,0.0,0.0,0.3565,0.0701,0,0,0.0701,0.3754,0,0.0104,0.3649,0.9811,1,1,0.9811,50,409.94,254.47,0,1,2025-09-30 06:21:50,18.8,89,,0,0,,1
2025-09-30 06:22:35,311.74,0.3569,248.59,0.4964,1.4893,245.16,248.05,252.56,430.39,430.62,430.6,430.41,0.0,0.0424,1.4469,0.0,0.0,0.3569,0.0707,0,0,0.0707,0.3759,0,0.0105,0.3654,0.9809,1,1,0.9809,50,409.94,254.48,0,1,2025-09-30 06:22:35,18.8,89.1,,0,0,,1
2025-09-30 06:23:20,311.75,0.3581,248.52,0.4976,1.4928000000000001,245.32,247.68,252.56,430.83,428.8,431.54,430.3,0.0,0.0416,1.4512,0.0,0.0,0.3581,0.0702,0,0,0.0702,0.3768,0,0.0103,0.3665,0.9813,1,1,0.9813,50,409.94,254.48,0,1,2025-09-30 06:23:20,18.9,88.8,,0,0,,1
2025-09-30 06:24:05,311.75,0.3586,248.5,0.4981,1.4944000000000002,245.14,247.77,252.61,430.72,429.44,430.96,430.28,0.0,0.0416,1.4528,0.0,0.0,0.3586,0.0703,0,0,0.0703,0.3773,0,0.0103,0.367,0.9813,1,1,0.9813,50,409.95,254.48,0,1,2025-09-30 06:24:05,18.9,88.9,,0,0,,1
2025-09-30 06:24:50,311.76,0.358,248.13,0.4967,1.4903,245.74,245.89,252.78,429.45,429.5,430.29,429.82,0.0,0.0403,1.45,0.0,0.0,0.358,0.0708,0,0,0.0708,0.3764,0,0.0099,0.3665,0.981,1,1,0.981,50,409.95,254.48,0,1,2025-09-30 06:24:50,19.0,88.9,,0,0,,1
2025-09-30 06:25:35,311.76,0.3586,248.32,0.4975,1.4927,246.44,245.58,252.94,430.03,428.17,431.97,430.09,0.0,0.0412,1.4515,0.0,0.0,0.3586,0.0706,0,0,0.0706,0.3773,0,0.0101,0.3671,0.9811,1,1,0.9811,50,409.96,254.48,0,1,2025-09-30 06:25:35,19.0,89,,0,0,,1
2025-09-30 06:26:20,311.78,4.3132,247.02,8.1281,24.384300000000003,245.85,243.15,252.06,427.72,424.45,431.22,427.53,8.9701,7.0555,8.3587,1.572,1.0687,1.6725,4.1615,1.5434,1.3386,1.2795,6.0277,2.2053,1.7155,2.1069,0.7196,0.7135,0.6239,0.7942,50,409.99,254.5,1,1,2025-09-30 06:26:20,19.0,89.1,,1,0,,0
2025-09-30 06:27:05,311.83,4.5804,247.36,8.3607,25.082100000000004,244.4,245.98,251.71,428.72,428.12,428.36,428.34,8.8099,7.7504,8.5218,1.627,1.289,1.6643,4.1599,1.4072,1.4011,1.3516,6.2046,2.1531,1.9064,2.145,0.7402,0.7563,0.677,0.7762,50,410.06,254.54,1,1,2025-09-30 06:27:05,19.0,83.7,,1,0,,0
2025-09-30 06:27:50,311.89,4.6637,247.74,8.44,25.32,243.63,247.87,251.73,429.43,429.94,427.81,429.12,8.6598,8.0658,8.5944,1.6278,1.3897,1.6462,4.1749,1.3392,1.4334,1.4023,6.2725,2.1098,1.9993,2.1635,0.745,0.7722,0.696,0.7612,50,410.14,254.6,1,1,2025-09-30 06:27:50,18.9,79.8,,1,0,,0
2025-09-30 06:29:27,312.03,4.4155,249.05,8.2368,24.7106,245.45,249.04,252.67,431.96,432.17,429.88,431.18,8.4844,7.8906,8.3356,1.5622,1.2945,1.5587,4.2636,1.3739,1.4748,1.415,6.1537,2.0825,1.9651,2.1062,0.7193,0.7509,0.6596,0.7404,50,410.33,254.73,1,1,2025-09-30 06:29:27,18.1,73.9,,1,0,,0
2025-09-30 06:30:12,312.09,4.4001,248.42,8.2221,24.666400000000003,246.22,246.64,252.4,430.62,428.26,431.81,430.24,8.8301,7.4696,8.3667,1.5915,1.1762,1.6324,4.2283,1.4773,1.4136,1.3374,6.1282,2.1741,1.8423,2.1118,0.721,0.7328,0.6396,0.7735,50,410.41,254.78,1,1,2025-09-30 06:30:12,18.0,73.1,,1,0,,0
2025-09-30 06:30:57,312.15,4.3388,248.08,8.1661,24.498399999999997,246.32,245.59,252.34,429.88,427.02,432.03,429.46,8.8844,7.2474,8.3666,1.5745,1.1162,1.6481,4.2159,1.5163,1.3824,1.3172,6.0795,2.1884,1.7799,2.1112,0.7171,0.7202,0.6282,0.7811,50,410.49,254.83,1,1,2025-09-30 06:30:57,17.5,71.9,,1,0,,0
2025-09-30 06:31:42,312.2,4.2935,248.02,8.1132,24.3397,245.19,246.74,252.15,429.69,427.75,431.19,429.63,8.5912,7.4585,8.29,1.534,1.1756,1.5839,4.2142,1.4401,1.412,1.3621,6.0371,2.1065,1.8403,2.0903,0.7136,0.729,0.6398,0.7581,50,410.56,254.89,1,1,2025-09-30 06:31:42,17.3,70.4,,1,0,,0
2025-09-30 06:32:27,312.25,4.3253,247.87,8.1428,24.4285,245.09,246.48,252.04,429.04,429.18,429.65,429.44,8.5583,7.4942,8.376,1.5296,1.1974,1.5982,4.2118,1.4318,1.4025,1.3775,6.0558,2.0976,1.8472,2.1111,0.7164,0.73,0.6493,0.7574,49.9,410.63,254.94,1,1,2025-09-30 06:32:27,17.2,72.3,,1,0,,0
2025-09-30 06:33:12,312.3,4.3122,247.77,8.1361,24.408299999999997,245.87,245.16,252.28,429.32,427.15,430.84,429.1,8.6918,7.3983,8.3182,1.5485,1.1527,1.611,4.2092,1.4696,1.3968,1.3429,6.0493,2.1371,1.8138,2.0985,0.7155,0.7253,0.6364,0.7681,49.9,410.71,254.99,1,1,2025-09-30 06:33:12,16.7,70.3,,1,0,,0
2025-09-30 06:33:57,312.36,4.3614,247.85,8.1893,24.5681,245.96,245.29,252.31,429.33,428.36,430.07,429.16,8.7475,7.4477,8.3729,1.5652,1.1688,1.6274,4.2183,1.4729,1.4002,1.3452,6.0909,2.1515,1.8268,2.1126,0.7188,0.7282,0.6408,0.7707,49.9,410.78,255.04,1,1,2025-09-30 06:33:57,16.6,69,,1,0,,0
2025-09-30 06:34:42,312.41,4.311,247.65,8.1443,24.433099999999996,246.47,244.39,252.09,428.69,426.55,431.47,428.8,8.8474,7.2371,8.3486,1.5632,1.1048,1.6431,4.2078,1.5171,1.3775,1.3132,6.0539,2.1806,1.7687,2.1046,0.7156,0.7176,0.6256,0.7811,49.9,410.86,255.09,1,1,2025-09-30 06:34:42,16.6,67.7,,1,0,,0
2025-09-30 06:35:27,312.47,4.3263,247.74,8.1602,24.480600000000003,247.04,245.91,250.29,430.22,426.32,430.68,428.85,8.7576,7.4679,8.2551,1.586,1.1498,1.5904,4.2136,1.4682,1.4284,1.3169,6.0661,2.1635,1.8364,2.0662,0.7163,0.7338,0.627,0.7702,49.9,410.93,255.15,1,1,2025-09-30 06:35:27,16.5,66.7,,1,0,,0
2025-09-30 06:36:34,312.56,4.2748,247.35,8.0994,24.2983,247.08,245.21,249.78,428.8,425.6,430.83,428.5,8.864,7.1495,8.2848,1.5765,1.0763,1.622,4.1788,1.5165,1.3799,1.2824,6.0126,2.1901,1.7531,2.0694,0.715,0.7206,0.615,0.7844,49.9,411.07,255.24,1,1,2025-09-30 06:36:34,16.0,66.9,,1,0,,0
2025-09-30 06:37:19,312.62,4.2886,247.89,8.1163,24.3489,246.97,246.66,250.06,429.63,426.83,431.56,429.45,8.7294,7.3549,8.2646,1.5694,1.129,1.5902,4.2085,1.4746,1.416,1.3179,6.0367,2.1559,1.8142,2.0666,0.7137,0.7287,0.6234,0.7699,49.9,411.15,255.3,1,1,2025-09-30 06:37:19,15.9,65.7,,1,0,,0
2025-09-30 06:38:04,312.67,4.2544,248.16,8.0895,24.2686,246.48,247.89,250.12,430.76,429.08,429.58,429.81,8.536,7.5276,8.205,1.5433,1.171,1.5401,4.2302,1.4267,1.4489,1.3545,6.0222,2.104,1.866,2.0522,0.7091,0.7343,0.6285,0.7508,49.9,411.22,255.35,1,1,2025-09-30 06:38:04,15.8,64.5,,1,0,,0
2025-09-30 06:38:49,312.73,4.2221,248.01,8.0531,24.1595,246.9,246.82,250.32,429.59,427.6,431.45,429.55,8.6512,7.3384,8.1699,1.5481,1.1139,1.5601,4.2133,1.4683,1.4244,1.3206,5.9923,2.136,1.8113,2.0451,0.7078,0.7255,0.6159,0.7632,49.9,411.3,255.4,1,1,2025-09-30 06:38:49,15.7,63.9,,1,0,,0
2025-09-30 06:39:34,312.78,4.2473,248.79,8.0813,24.244100000000003,246.29,249.13,250.97,431.56,431.23,429.94,430.85,8.3512,7.7788,8.1141,1.531,1.2294,1.4869,4.2536,1.37,1.494,1.3896,6.0311,2.0568,1.9379,2.0364,0.7065,0.7452,0.6354,0.7306,50,411.38,255.46,1,1,2025-09-30 06:39:34,15.7,63.4,,1,0,,0
2025-09-30 06:40:19,312.83,4.2981,248.1,8.1351,24.4053,247.61,245.77,250.94,430.14,427.05,431.92,429.77,8.9222,7.1816,8.3015,1.5869,1.0785,1.6327,4.2188,1.5334,1.3935,1.2919,6.0574,2.2092,1.765,2.0832,0.7136,0.7191,0.612,0.7841,50,411.45,255.51,1,1,2025-09-30 06:40:19,15.6,63.3,,1,0,,0
2025-09-30 06:41:04,312.85,0.3623,249.96,0.5017,1.5051,247.93,249.86,252.11,433.84,432.3,432.65,432.71,0.0,0.0416,1.4635,0.0,0.0012,0.3611,0.0679,0,0,0.0679,0.3794,0,0.0104,0.369,0.9828,1,1,0.9827,50,411.47,255.52,0,1,2025-09-30 06:41:04,15.2,64.7,,0,0,,1
2025-09-30 06:41:49,312.85,0.3622,249.83,0.5011,1.5034999999999998,248.97,248.03,252.5,433.39,431.38,433.33,432.73,0.0,0.0408,1.4627,0.0,0.001,0.3612,0.0692,0,0,0.0692,0.3795,0,0.0101,0.3693,0.9822,1,1,0.9821,50,411.47,255.52,0,1,2025-09-30 06:41:49,15.2,69.1,,0,0,,1
2025-09-30 06:42:34,312.85,0.3627,249.26,0.5016,1.5049000000000001,249.68,245.98,252.14,432.62,428.01,434.5,431.64,0.0,0.0416,1.4633,0.0,0.0017,0.361,0.0682,0,0,0.0682,0.3792,0,0.0102,0.369,0.9827,1,1,0.9826,50,411.48,255.52,0,1,2025-09-30 06:42:34,15.6,73.4,,0,0,,1
2025-09-30 06:43:41,312.86,0.3606,249.63,0.4991,1.4973999999999998,248.16,248.35,252.39,433.14,431.81,432.09,432.4,0.0,0.0408,1.4566,0.0,0.0012,0.3594,0.0692,0,0,0.0692,0.3778,0,0.0101,0.3676,0.982,1,1,0.9819,50,411.49,255.52,0,1,2025-09-30 06:43:41,15.8,78.5,,0,0,,1
2025-09-30 06:44:26,312.87,0.3589,249.04,0.4981,1.4945,245.76,249.64,251.73,432,432.04,429.96,431.33,0.0,0.0408,1.4537,0.0,0.0011,0.3578,0.0692,0,0,0.0692,0.3761,0,0.0102,0.3659,0.9818,1,1,0.9817,50,411.49,255.52,0,1,2025-09-30 06:44:26,16.0,80.7,,0,0,,1
2025-09-30 06:45:11,312.87,0.3583,248.79,0.4989,1.4967,246.31,248.25,251.82,430.93,430.03,431.72,431.12,0.0,0.0412,1.4555,0.0,0.0,0.3583,0.0693,0,0,0.0693,0.3768,0,0.0102,0.3665,0.9818,1,1,0.9818,50,411.5,255.52,0,1,2025-09-30 06:45:11,16.5,81.2,,0,0,,1
2025-09-30 06:45:56,312.88,0.3582,248.48,0.498,1.4941,247.07,246.95,251.42,430.97,428.41,431.66,430.53,0.0,0.042,1.4521,0.0,0.0012,0.357,0.0687,0,0,0.0687,0.3755,0,0.0104,0.3651,0.982,1,1,0.9819,50,411.5,255.52,0,1,2025-09-30 06:45:56,16.6,84,,0,0,,1
2025-09-30 06:46:41,312.88,0.3568,248.71,0.4974,1.4923,246.98,247.73,251.43,431.69,429.25,431.31,430.6,0.0,0.0408,1.4515,0.0,0.0,0.3568,0.0689,0,0,0.0689,0.3751,0,0.0101,0.365,0.9818,1,1,0.9818,50,411.51,255.53,0,1,2025-09-30 06:46:41,16.7,85.7,,0,0,,1
2025-09-30 06:47:26,312.88,0.3559,248.56,0.4964,1.4891999999999999,247.17,247.1,251.43,431.28,428.8,431.41,430.62,0.0,0.0408,1.4484,0.0,0.0,0.3559,0.0694,0,0,0.0694,0.3743,0,0.0101,0.3642,0.9815,1,1,0.9815,50,411.51,255.53,0,1,2025-09-30 06:47:26,17.2,87.5,,0,0,,1
2025-09-30 06:48:11,312.89,0.3582,249.02,0.4973,1.4921,246.65,248.82,251.61,432.09,430.56,431.24,431.14,0.0,0.0412,1.4509,0.0,0.0012,0.357,0.0686,0,0,0.0686,0.3753,0,0.0103,0.3651,0.9821,1,1,0.982,50,411.52,255.53,0,1,2025-09-30 06:48:11,17.3,87.4,,0,0,,1
2025-09-30 06:48:56,312.89,0.3568,249.25,0.4971,1.4914999999999998,246.23,249.84,251.68,433,431.66,430.38,431.67,0.0,0.0412,1.4503,0.0,0.0,0.3568,0.0692,0,0,0.0692,0.3753,0,0.0103,0.365,0.9817,1,1,0.9817,50,411.52,255.53,0,1,2025-09-30 06:48:56,17.5,87.1,,0,0,,1
2025-09-30 06:49:41,312.9,0.357,248.67,0.4964,1.4893,247.41,247.34,251.26,431.73,428.42,431.87,430.45,0.0,0.0403,1.449,0.0,0.001,0.356,0.0687,0,0,0.0687,0.374,0,0.01,0.3641,0.9819,1,1,0.9818,50,411.52,255.53,0,1,2025-09-30 06:49:41,17.9,87.7,,0,0,,1
2025-09-30 06:50:47,312.91,0.3574,248.97,0.4975,1.4927000000000001,247.76,247.24,251.92,431.68,430.26,431.69,431.15,0.0,0.0416,1.4511,0.0,0.0,0.3574,0.0686,0,0,0.0686,0.3758,0,0.0103,0.3656,0.982,1,1,0.982,50.1,411.53,255.53,0,1,2025-09-30 06:50:47,18.1,88,,0,0,,1
2025-09-30 06:51:32,312.91,0.3581,249.2,0.4967,1.4901,247.09,248.7,251.81,432.3,431.52,430.98,431.72,0.0,0.0403,1.4498,0.0,0.001,0.3571,0.0684,0,0,0.0684,0.3751,0,0.01,0.3651,0.9822,1,1,0.9821,50.1,411.54,255.53,0,1,2025-09-30 06:51:32,18.1,88.4,,0,0,,1
2025-09-30 06:52:17,312.92,0.3592,248.93,0.4983,1.495,247.91,246.93,251.96,431.87,429.87,431.66,431.28,0.0,0.042,1.453,0.0,0.001,0.3581,0.068,0,0,0.068,0.3765,0,0.0104,0.3661,0.9825,1,1,0.9824,50.1,411.54,255.53,0,1,2025-09-30 06:52:17,18.2,89.5,,0,0,,1
2025-09-30 06:53:02,312.92,0.3556,248.12,0.4953,1.4861,248.2,244.62,251.54,429.51,426.84,432.86,430.04,0.0,0.0403,1.4458,0.0,0.0,0.3556,0.0681,0,0,0.0681,0.3735,0,0.0099,0.3637,0.9821,1,1,0.9821,50.1,411.55,255.53,0,1,2025-09-30 06:53:02,18.7,89.9,,0,0,,1
2025-09-30 06:53:47,312.92,0.3571,249.27,0.4974,1.4923,247.17,248.84,251.81,432.22,430.53,432.42,431.76,0.0,0.042,1.4503,0.0,0.0,0.3571,0.0685,0,0,0.0685,0.3757,0,0.0105,0.3652,0.9821,1,1,0.9821,50.1,411.55,255.53,0,1,2025-09-30 06:53:47,18.8,89.5,,0,0,,1
2025-09-30 06:54:32,312.93,0.358,249.05,0.4972,1.4918,247.51,247.9,251.75,431.12,429.64,433.28,431.42,0.0,0.0424,1.4494,0.0,0.0012,0.3569,0.0682,0,0,0.0682,0.3754,0,0.0105,0.3649,0.9823,1,1,0.9822,50.1,411.56,255.53,0,1,2025-09-30 06:54:32,18.8,89.4,,0,0,,1
2025-09-30 06:55:17,312.93,0.3571,249.61,0.497,1.4910999999999999,247.26,249.84,251.73,433.14,431.38,432.4,432,0.0,0.0412,1.4499,0.0,0.0,0.3571,0.068,0,0,0.068,0.3753,0,0.0103,0.365,0.9823,1,1,0.9823,50.1,411.56,255.54,0,1,2025-09-30 06:55:17,18.9,89.2,,0,0,,1
2025-09-30 06:56:02,312.94,0.3564,248.87,0.4966,1.49,248.08,247.05,251.48,431.43,427.79,433.85,431.05,0.0,0.0412,1.4488,0.0,0.0,0.3564,0.0677,0,0,0.0677,0.3745,0,0.0102,0.3643,0.9824,1,1,0.9824,50.1,411.57,255.54,0,1,2025-09-30 06:56:02,18.9,89.3,,0,0,,1
2025-09-30 06:56:47,312.94,0.3578,249.43,0.4965,1.4897,246.74,249.86,251.69,432.56,433.3,430.17,432.2,0.0,0.0416,1.4481,0.0,0.0013,0.3566,0.0679,0,0,0.0679,0.3749,0,0.0104,0.3645,0.9824,1,1,0.9823,50.1,411.57,255.54,0,1,2025-09-30 06:56:47,19.0,89.9,,0,0,,1
2025-09-30 06:57:32,312.95,0.3573,249.27,0.4968,1.4904,247.89,248.22,251.71,432.04,431.46,431.71,431.85,0.0,0.0399,1.4505,0.0,0.0,0.3573,0.0675,0,0,0.0675,0.375,0,0.0099,0.3651,0.9826,1,1,0.9826,50.1,411.58,255.54,0,1,2025-09-30 06:57:32,19.0,89.9,,0,0,,1
2025-09-30 06:58:17,312.95,0.3567,249.33,0.4966,1.4899,246.64,249.69,251.68,432.63,432.38,430.51,431.65,0.0,0.0416,1.4483,0.0,0.0,0.3567,0.0674,0,0,0.0674,0.3749,0,0.0104,0.3645,0.9826,1,1,0.9826,50.1,411.58,255.54,0,1,2025-09-30 06:58:17,19.1,90,,0,0,,1
2025-09-30 06:59:02,312.99,4.4131,247.48,8.214,24.6421,246.74,244.72,251,428.56,426.77,430.57,428.55,8.9138,7.2585,8.4698,1.5983,1.137,1.6778,4.1728,1.5078,1.3613,1.3038,6.1016,2.1994,1.7763,2.1259,0.7266,0.7273,0.641,0.7896,50.1,411.63,255.57,1,1,2025-09-30 06:59:02,19.1,88.8,,1,0,,0
2025-09-30 06:59:47,313.04,4.6139,247.9,8.4042,25.2126,246.24,246.29,251.17,429.76,427.41,430.85,429.31,8.9569,7.6611,8.5946,1.6581,1.26,1.6958,4.1857,1.4511,1.4008,1.3339,6.2511,2.2055,1.8869,2.1587,0.7406,0.7525,0.6687,0.7859,50,411.71,255.62,1,1,2025-09-30 06:59:47,19.0,83.2,,1,0,,0
2025-09-30 07:00:32,313.1,4.4996,247.95,8.2999,24.8998,245.88,247.05,250.93,429.99,428.74,429.58,429.24,8.796,7.6585,8.4453,1.6192,1.244,1.6365,4.1953,1.4299,1.4212,1.3442,6.174,2.1628,1.892,2.1192,0.7314,0.7495,0.6586,0.7727,50,411.79,255.68,1,1,2025-09-30 07:00:32,18.9,78.7,,1,0,,0
2025-09-30 07:01:17,313.16,4.4505,247.2,8.2417,24.7252,246.23,244.88,250.51,428.37,425.76,430.3,428.24,8.9972,7.2535,8.4745,1.6218,1.1402,1.6885,4.1504,1.5064,1.3587,1.2853,6.1146,2.2154,1.7762,2.1229,0.7313,0.7326,0.6428,0.7957,50,411.86,255.73,1,1,2025-09-30 07:01:17,18.7,76.7,,1,0,,0
2025-09-30 07:02:02,313.21,4.4549,247.65,8.2591,24.7775,245.4,247.15,250.42,429.3,428.01,429.47,429.06,8.7572,7.5813,8.439,1.6003,1.2267,1.6279,4.1884,1.4307,1.4121,1.3456,6.136,2.149,1.8737,2.1133,0.7285,0.7455,0.6557,0.7707,50,411.94,255.78,1,1,2025-09-30 07:02:02,18.2,75,,1,0,,0
2025-09-30 07:02:47,313.27,4.4378,247.14,8.2283,24.685000000000002,245.47,245.82,250.13,428.05,426.65,429.4,427.92,8.8382,7.3977,8.4491,1.602,1.182,1.6537,4.1511,1.4595,1.3779,1.3137,6.1014,2.1695,1.8185,2.1134,0.7303,0.7392,0.6511,0.7824,49.9,412.02,255.83,1,1,2025-09-30 07:02:47,18.0,75.9,,1,0,,0
2025-09-30 07:03:32,313.32,4.5392,247.26,8.3262,24.9788,244.92,246.78,250.1,428.56,426.94,429.24,428.31,8.8224,7.611,8.5454,1.6212,1.2534,1.6646,4.1617,1.4253,1.3948,1.3417,6.1762,2.1608,1.8782,2.1372,0.737,0.7519,0.6691,0.779,49.9,412.09,255.89,1,1,2025-09-30 07:03:32,17.5,73.5,,1,0,,0
2025-09-30 07:04:17,313.38,4.3774,247.25,8.1617,24.4853,244.81,246.94,250,428.06,428.19,428.44,428.16,8.6337,7.4921,8.3595,1.5683,1.2068,1.6023,4.1516,1.4135,1.3981,1.34,6.0536,2.1136,1.8501,2.0899,0.7255,0.7428,0.6534,0.7671,49.9,412.17,255.94,1,1,2025-09-30 07:04:17,17.4,72.5,,1,0,,0
2025-09-30 07:05:02,313.44,4.4687,246.75,8.2461,24.7384,245.01,245.63,249.62,426.16,426.73,429.24,427.05,8.7767,7.4694,8.4923,1.6045,1.1998,1.6643,4.1357,1.4482,1.3697,1.3178,6.1049,2.1504,1.8347,2.1198,0.7339,0.7449,0.6619,0.7809,49.9,412.25,255.99,1,1,2025-09-30 07:05:02,17.3,70.8,,1,0,,0
2025-09-30 07:05:47,313.49,4.443,247.24,8.2266,24.6799,243.86,248.09,249.77,426.81,430.55,427.33,428.13,8.447,7.8657,8.3672,1.5687,1.3108,1.5635,4.1586,1.3318,1.4416,1.3852,6.1012,2.0599,1.9514,2.0899,0.73,0.7623,0.6727,0.7485,49.9,412.32,256.04,1,1,2025-09-30 07:05:47,17.2,69.6,,1,0,,0
2025-09-30 07:06:32,313.54,4.4067,245.76,8.1871,24.5615,245.48,242.3,249.51,424.76,422.72,429.49,425.63,9.1271,6.8107,8.6237,1.6005,1.0511,1.7551,4.0756,1.5646,1.2683,1.2426,6.0425,2.2405,1.6502,2.1517,0.7341,0.715,0.6381,0.8161,49.9,412.4,256.09,1,1,2025-09-30 07:06:32,16.7,68.4,,1,0,,0
2025-09-30 07:08:02,313.66,4.4914,246.78,8.2518,24.755399999999998,244,246.65,249.69,426.95,428.33,426.98,427.54,8.6337,7.6143,8.5074,1.5862,1.2666,1.6387,4.1146,1.3828,1.3822,1.3496,6.1089,2.1066,1.8781,2.1242,0.7373,0.7537,0.6755,0.7718,49.9,412.55,256.2,1,1,2025-09-30 07:08:02,16.5,67,,1,0,,0
2025-09-30 07:08:47,313.71,4.4887,247,8.2505,24.7515,243.86,247.56,249.58,427.69,428.64,427.07,427.81,8.5436,7.7714,8.4365,1.5858,1.3009,1.602,4.1262,1.348,1.4133,1.3649,6.1129,2.0834,1.9239,2.1056,0.7362,0.7619,0.6772,0.7611,49.9,412.63,256.25,1,1,2025-09-30 07:08:47,16.4,67.2,,1,0,,0
2025-09-30 07:09:32,313.77,4.5119,246.41,8.2705,24.8115,243.88,245.99,249.36,426.45,426.6,427.27,426.95,8.7263,7.53,8.5552,1.5983,1.2498,1.6638,4.0985,1.402,1.3631,1.3334,6.1138,2.1282,1.8523,2.1333,0.7402,0.7517,0.6758,0.7803,49.9,412.7,256.3,1,1,2025-09-30 07:09:32,16.4,67.7,,1,0,,0
2025-09-30 07:10:17,313.83,4.5597,245.48,8.3227,24.9681,244.81,242.44,249.19,424.32,420.58,430.51,424.98,9.1825,7.0108,8.7748,1.6425,1.1258,1.7914,4.0515,1.5309,1.2691,1.2515,6.1343,2.248,1.6997,2.1866,0.7475,0.7315,0.6635,0.8197,49.9,412.78,256.35,1,1,2025-09-30 07:10:17,15.9,66.8,,1,0,,0
2025-09-30 07:11:02,313.89,4.5862,246.51,8.3419,25.0259,243.74,246.51,249.28,426.94,426.73,427.17,426.81,8.7041,7.7912,8.5306,1.6254,1.3138,1.647,4.1006,1.3602,1.3969,1.3435,6.1687,2.1215,1.9206,2.1265,0.7454,0.7668,0.6851,0.7748,49.9,412.86,256.4,1,1,2025-09-30 07:11:02,15.9,65.6,,1,0,,0
2025-09-30 07:11:47,313.94,4.5479,246.06,8.2984,24.895200000000003,244.46,244.88,248.85,425.96,424.14,428.4,426.24,8.9144,7.4065,8.5743,1.6347,1.2146,1.6986,4.0709,1.4383,1.343,1.2896,6.1266,2.1792,1.8137,2.1337,0.745,0.7507,0.6707,0.7964,49.9,412.93,256.45,1,1,2025-09-30 07:11:47,15.8,65.2,,1,0,,0
2025-09-30 07:12:32,314,4.4955,246.23,8.2446,24.7338,243.62,246.09,248.99,426.4,426.11,426.87,426.59,8.658,7.5957,8.4801,1.5956,1.262,1.638,4.0827,1.3768,1.3752,1.3308,6.0899,2.1093,1.8692,2.1115,0.7402,0.7571,0.6761,0.7761,49.9,413.01,256.5,1,1,2025-09-30 07:12:32,15.7,64.7,,1,0,,0
2025-09-30 07:13:17,314.05,4.538,246,8.2798,24.8395,244.08,245.18,248.76,425.92,424.92,427.38,426.17,8.766,7.5434,8.5301,1.6191,1.2504,1.6685,4.0637,1.3956,1.3588,1.3092,6.111,2.1396,1.8495,2.1219,0.7449,0.7574,0.6771,0.7867,49.9,413.08,256.55,1,1,2025-09-30 07:13:17,15.7,64.6,,1,0,,0
2025-09-30 07:14:02,314.11,4.5603,245.92,8.299,24.8971,243.77,245.24,248.77,426.06,425.13,426.6,425.94,8.7386,7.6049,8.5536,1.6189,1.2723,1.6692,4.0592,1.3815,1.3596,1.3181,6.1231,2.1302,1.865,2.1279,0.7469,0.7606,0.6832,0.7848,49.9,413.16,256.61,1,1,2025-09-30 07:14:02,15.6,64.8,,1,0,,0
2025-09-30 07:14:47,314.17,4.5129,246,8.2605,24.7817,244.64,244.68,248.7,426.33,424,427.87,425.94,8.8422,7.4267,8.5128,1.6235,1.2125,1.6769,4.0671,1.4264,1.3498,1.2909,6.0975,2.1632,1.8172,2.1171,0.7428,0.7512,0.6682,0.7924,49.9,413.24,256.66,1,1,2025-09-30 07:14:47,15.6,65.4,,1,0,,0
2025-09-30 07:15:32,314.22,4.4947,245.46,8.2296,24.6888,243.77,244.28,248.34,425.32,422.74,427.29,425.11,8.7564,7.3828,8.5496,1.5997,1.216,1.679,4.0369,1.4104,1.3283,1.2982,6.0612,2.1345,1.8035,2.1232,0.7439,0.75,0.6752,0.7911,49.9,413.31,256.7,1,1,2025-09-30 07:15:32,15.2,66.3,,1,0,,0
2025-09-30 07:16:17,314.23,0.3544,246.69,0.4967,1.4902,245.08,246.05,248.95,427.43,426.52,427.85,426.79,0.0,0.0408,1.4494,0.0,0.0012,0.3533,0.0665,0,0,0.0665,0.3709,0,0.01,0.3608,0.9828,1,1,0.9827,49.8,413.32,256.71,0,1,2025-09-30 07:16:17,15.1,65.7,,0,0,,1
2025-09-30 07:17:02,314.24,0.3527,246.23,0.4968,1.4905,244.76,245.02,248.92,426.19,426.1,427.12,426.37,0.0,0.0424,1.4481,0.0,0.0,0.3527,0.0672,0,0,0.0672,0.3708,0,0.0104,0.3605,0.9823,1,1,0.9823,49.8,413.33,256.71,0,1,2025-09-30 07:17:02,15.2,70.6,,0,0,,1
2025-09-30 07:17:47,314.24,0.352,245.72,0.4964,1.4892,244.82,243.79,248.57,425.48,423.18,428.1,425.62,0.0,0.042,1.4472,0.0,0.0,0.352,0.067,0,0,0.067,0.37,0,0.0102,0.3597,0.9823,1,1,0.9823,49.7,413.33,256.71,0,1,2025-09-30 07:17:47,15.6,73.5,,0,0,,1
2025-09-30 07:18:32,314.25,0.3509,246.19,0.495,1.485,242.64,247.11,248.83,426.44,427.29,425.46,426.43,0.0,0.0424,1.4426,0.0,0.0,0.3509,0.0687,0,0,0.0687,0.3694,0,0.0105,0.359,0.9813,1,1,0.9813,49.7,413.34,256.71,0,1,2025-09-30 07:18:32,15.7,75.9,,0,0,,1
2025-09-30 07:19:17,314.25,0.352,245.46,0.4946,1.4839,242.32,245.26,248.81,424.01,423.99,427.36,425.1,0.0,0.0416,1.4423,0.0,0.0012,0.3507,0.0689,0,0,0.0689,0.3691,0,0.0102,0.3589,0.9813,1,1,0.9812,49.7,413.34,256.72,0,1,2025-09-30 07:19:17,15.8,77.6,,0,0,,1
2025-09-30 07:20:02,314.25,0.3521,245.93,0.4953,1.4859,241.46,247.48,248.86,425.14,425.42,427.2,425.81,0.0,0.0424,1.4435,0.0,0.001,0.3511,0.0688,0,0,0.0688,0.3697,0,0.0105,0.3592,0.9814,1,1,0.9813,49.7,413.35,256.72,0,1,2025-09-30 07:20:02,15.9,79,,0,0,,1
2025-09-30 07:20:47,314.26,0.352,246.29,0.494,1.482,239.73,249.67,249.47,425.53,430.84,423.39,426.56,0.0,0.0408,1.4412,0.0,0.001,0.351,0.0705,0,0,0.0705,0.3697,0,0.0102,0.3595,0.9805,1,1,0.9804,49.7,413.35,256.72,0,1,2025-09-30 07:20:47,16.4,80.4,,0,0,,1
2025-09-30 07:21:32,314.26,0.3528,245.22,0.4949,1.4848999999999999,241.36,244.97,249.33,423.37,423.9,426.8,424.72,0.0,0.0412,1.4437,0.0,0.0012,0.3516,0.0699,0,0,0.0699,0.3701,0,0.0101,0.36,0.9809,1,1,0.9807,49.7,413.36,256.72,0,1,2025-09-30 07:21:32,16.5,81.5,,0,0,,1
2025-09-30 07:22:17,314.27,0.3521,245.72,0.495,1.4849999999999999,240.05,247.78,249.34,424.39,427.96,424.4,425.52,0.0,0.0428,1.4422,0.0,0.0011,0.351,0.0708,0,0,0.0708,0.3702,0,0.0106,0.3596,0.9803,1,1,0.9802,49.6,413.36,256.72,0,1,2025-09-30 07:22:17,16.6,83,,0,0,,1
2025-09-30 07:23:02,314.27,0.3504,245.31,0.4931,1.4792999999999998,241.38,245.63,248.94,423.85,423.27,427.41,424.9,0.0,0.0412,1.4381,0.0,0.001,0.3494,0.0707,0,0,0.0707,0.3681,0,0.0101,0.358,0.9802,1,1,0.9801,49.6,413.37,256.72,0,1,2025-09-30 07:23:02,16.7,85.3,,0,0,,1
2025-09-30 07:23:47,314.28,0.349,245.46,0.4929,1.4787000000000001,240.28,247.25,248.87,424.61,424.6,426.09,425.23,0.0,0.042,1.4367,0.0,0.0,0.349,0.0706,0,0,0.0706,0.3679,0,0.0104,0.3576,0.9801,1,1,0.9801,49.6,413.37,256.72,0,1,2025-09-30 07:23:47,17.2,86.6,,0,0,,1
2025-09-30 07:24:32,314.28,0.3502,245.79,0.4937,1.4812,240.4,247.73,249.24,425.16,425.68,426.16,425.57,0.0,0.042,1.4392,0.0,0.0,0.3502,0.0707,0,0,0.0707,0.3691,0,0.0104,0.3587,0.9802,1,1,0.9802,49.6,413.38,256.72,0,1,2025-09-30 07:24:32,17.4,86.4,,0,0,,1
2025-09-30 07:25:17,314.28,0.3499,245.14,0.4937,1.4813,241.21,245.27,248.96,423.45,423.08,427.13,424.47,0.0,0.0424,1.4389,0.0,0.0,0.3499,0.0698,0,0,0.0698,0.3686,0,0.0104,0.3582,0.9806,1,1,0.9806,49.7,413.38,256.72,0,1,2025-09-30 07:25:17,17.4,86.9,,0,0,,1
2025-09-30 07:26:02,314.29,0.3507,245.81,0.4929,1.4788,240.85,247.3,249.3,424.97,428.02,424.27,425.9,0.0,0.0424,1.4364,0.0,0.001,0.3497,0.0698,0,0,0.0698,0.3686,0,0.0105,0.3581,0.9807,1,1,0.9806,49.7,413.38,256.72,0,1,2025-09-30 07:26:02,17.5,87.1,,0,0,,1
2025-09-30 07:26:47,314.29,0.3508,244.58,0.4936,1.4809,241.65,243.11,248.99,421.89,419.86,428.91,423.25,0.0,0.044,1.4369,0.0,0.0013,0.3495,0.0695,0,0,0.0695,0.3685,0,0.0107,0.3578,0.9809,1,1,0.9808,49.7,413.39,256.72,0,1,2025-09-30 07:26:47,18.0,87.2,,0,0,,1
2025-09-30 07:27:32,314.3,0.3466,246.79,0.4904,1.4714,244.66,249.18,246.53,429.52,427.97,424.84,427.42,0.0,0.042,1.4294,0.0,0.0014,0.3452,0.0642,0,0,0.0642,0.3629,0,0.0105,0.3524,0.9833,1,1,0.9831,49.7,413.39,256.72,0,1,2025-09-30 07:27:32,18.0,87.6,,0,0,,1
2025-09-30 07:28:17,314.3,0.3459,246.07,0.4898,1.4694,244.62,247.31,246.29,426.09,426.27,426.25,426.36,0.0,0.0416,1.4278,0.0,0.0015,0.3444,0.0643,0,0,0.0643,0.3619,0,0.0103,0.3517,0.9831,1,1,0.983,49.7,413.4,256.73,0,1,2025-09-30 07:28:17,18.1,87.8,,0,0,,1
2025-09-30 07:29:02,314.31,0.3448,246.43,0.4898,1.4694,244.49,248.65,246.17,427.42,426.3,426.75,426.85,0.0,0.044,1.4254,0.0,0.0012,0.3436,0.0647,0,0,0.0647,0.3618,0,0.0109,0.3509,0.9828,1,1,0.9827,49.7,413.4,256.73,0,1,2025-09-30 07:29:02,18.1,88,,0,0,,1
2025-09-30 07:29:47,314.31,0.3436,245.98,0.489,1.4671,245.24,246.48,246.23,426.39,424.45,427.28,426.15,0.0,0.042,1.4251,0.0,0.0,0.3436,0.0649,0,0,0.0649,0.3613,0,0.0104,0.3509,0.9826,1,1,0.9826,49.7,413.41,256.73,0,1,2025-09-30 07:29:47,18.2,88.3,,0,0,,1
2025-09-30 07:30:32,314.32,0.3443,245.94,0.4883,1.4649999999999999,249.01,243.23,245.6,425.94,422.15,429.89,425.45,0.0,0.0408,1.4242,0.0,0.0016,0.3427,0.0634,0,0,0.0634,0.3597,0,0.0099,0.3498,0.9834,1,1,0.9833,49.7,413.41,256.73,0,1,2025-09-30 07:30:32,18.3,88.6,,0,0,,1
2025-09-30 07:31:17,314.32,0.341,246.14,0.4876,1.463,247.81,245.67,244.95,427.15,425.66,426.17,426.28,0.0,0.0424,1.4206,0.0,0.0,0.341,0.0627,0,0,0.0627,0.3584,0,0.0104,0.348,0.9835,1,1,0.9835,49.7,413.42,256.73,0,1,2025-09-30 07:31:17,18.3,88.6,,0,0,,1
2025-09-30 07:32:02,314.32,0.3434,245.78,0.4879,1.4637,249.03,242.81,245.51,426.11,421.84,429.19,425.88,0.0,0.0412,1.4225,0.0,0.0013,0.3421,0.0635,0,0,0.0635,0.3592,0,0.01,0.3492,0.9833,1,1,0.9831,49.7,413.42,256.73,0,1,2025-09-30 07:32:02,18.7,88.8,,0,0,,1
2025-09-30 07:32:53,314.33,0.3429,246.76,0.4873,1.4619,248.84,245.99,245.46,428.35,425.03,428.82,427.04,0.0,0.0424,1.4195,0.0,0.0016,0.3413,0.0635,0,0,0.0635,0.3589,0,0.0104,0.3484,0.9832,1,1,0.9831,49.7,413.43,256.73,0,1,2025-09-30 07:32:53,18.8,89,,0,0,,1
2025-09-30 07:33:38,314.33,0.3429,246.41,0.4876,1.463,248.84,244.91,245.49,427.36,424.49,428.54,426.92,0.0,0.0424,1.4206,0.0,0.0013,0.3416,0.0638,0,0,0.0638,0.3591,0,0.0104,0.3487,0.9831,1,1,0.9829,49.7,413.43,256.73,0,1,2025-09-30 07:33:38,18.9,89.2,,0,0,,1
2025-09-30 07:34:23,314.34,0.3421,246.16,0.4863,1.4589999999999999,248.46,244.98,245.04,427.18,425.08,426.81,426.29,0.0,0.0408,1.4182,0.0,0.0015,0.3407,0.0623,0,0,0.0623,0.3575,0,0.01,0.3475,0.9838,1,1,0.9837,49.8,413.44,256.73,0,1,2025-09-30 07:34:23,18.9,89.2,,0,0,,1
2025-09-30 07:35:08,314.34,0.3442,246.74,0.4877,1.4632999999999998,249.16,245.22,245.84,428.4,423.92,429.77,427.13,0.0,0.0412,1.4221,0.0,0.0017,0.3425,0.0634,0,0,0.0634,0.3597,0,0.0101,0.3496,0.9834,1,1,0.9833,49.7,413.44,256.73,0,1,2025-09-30 07:35:08,19.0,89.3,,0,0,,1
2025-09-30 07:35:53,314.35,0.3438,246.45,0.4875,1.4626000000000001,248.38,245.05,245.93,427.88,424.78,427.94,427.08,0.0,0.0416,1.421,0.0,0.0013,0.3425,0.0632,0,0,0.0632,0.3597,0,0.0102,0.3495,0.9835,1,1,0.9834,49.8,413.45,256.73,0,1,2025-09-30 07:35:53,19.0,89.3,,0,0,,1
2025-09-30 07:36:38,314.37,4.0732,245.88,7.8969,23.6907,247.56,244.58,245.5,426.82,423.42,427.38,425.66,8.5302,7.1644,7.9961,1.526,1.046,1.5012,4.1219,1.4563,1.4022,1.2634,5.827,2.1117,1.7523,1.963,0.7028,0.7234,0.5979,0.765,49.8,413.47,256.75,1,1,2025-09-30 07:36:38,19.0,90,,1,0,,0
2025-09-30 07:37:23,314.42,4.25,246.01,8.058,24.174100000000003,247.93,244.75,245.36,427.08,424.55,426.69,426,8.675,7.3919,8.1072,1.5954,1.1145,1.5402,4.119,1.4397,1.4219,1.2573,5.9491,2.1508,1.8092,1.9892,0.718,0.7423,0.6168,0.7746,49.8,413.55,256.8,1,1,2025-09-30 07:37:23,19.0,85.5,,1,0,,0
2025-09-30 07:38:08,314.47,4.2412,244.98,8.015,24.045099999999998,246.54,243.42,245,424.78,423.11,425.08,424.36,8.6899,7.2144,8.1408,1.582,1.0932,1.566,4.046,1.4415,1.3708,1.2337,5.893,2.1424,1.7561,1.9945,0.7235,0.7391,0.6234,0.7855,49.8,413.62,256.85,1,1,2025-09-30 07:38:08,19.0,80.9,,1,0,,0
2025-09-30 07:38:53,314.53,4.258,245.37,8.0365,24.1095,247.81,243.06,245.25,425.42,422.78,426.8,424.8,8.8346,7.0981,8.1768,1.6042,1.0567,1.5972,4.0589,1.4871,1.3605,1.2113,5.9199,2.1893,1.7253,2.0054,0.7238,0.7333,0.6134,0.7967,49.9,413.7,256.9,1,1,2025-09-30 07:38:53,18.8,78.3,,1,0,,0
2025-09-30 07:39:59,314.62,4.2318,246.72,8.0249,24.0747,245.57,245.52,249.09,427.45,427.21,427.32,427.31,8.4334,7.4865,8.1548,1.528,1.1708,1.533,4.1386,1.3947,1.413,1.3309,5.9404,2.071,1.8381,2.0313,0.7149,0.7385,0.638,0.7551,49.9,413.83,257,1,1,2025-09-30 07:39:59,18.2,74.2,,1,0,,0
2025-09-30 07:40:44,314.67,4.2417,245.69,8.0064,24.019399999999997,244.83,243.98,248.28,426.16,424.1,426.35,425.57,8.5635,7.3395,8.1164,1.5488,1.137,1.556,4.0684,1.4102,1.3796,1.2786,5.9024,2.0966,1.7907,2.0151,0.7216,0.7394,0.6359,0.7726,49.9,413.9,257.05,1,1,2025-09-30 07:40:44,18.0,75.2,,1,0,,0
2025-09-30 07:41:29,314.73,4.3358,245.38,8.0909,24.2728,244.63,243.08,248.45,425.05,422.47,427.46,424.82,8.6913,7.2556,8.3259,1.5655,1.1437,1.6266,4.0496,1.4353,1.3384,1.276,5.9584,2.1262,1.7637,2.0686,0.7308,0.737,0.6496,0.7868,49.9,413.98,257.1,1,1,2025-09-30 07:41:29,17.9,73.5,,1,0,,0
2025-09-30 07:42:59,314.83,4.3178,245.5,8.0724,24.2173,244.63,243.41,248.48,424.86,425.6,425.17,425.09,8.6616,7.2711,8.2846,1.5616,1.1438,1.6123,4.0551,1.4294,1.3472,1.2785,5.9473,2.1189,1.7699,2.0586,0.7289,0.7376,0.6472,0.7835,49.9,414.12,257.2,1,1,2025-09-30 07:42:59,17.4,76.5,,1,0,,0
2025-09-30 07:43:44,314.89,4.3342,244.74,8.0791,24.237499999999997,245.22,240.87,248.13,423.58,420.37,427.69,423.86,8.9414,6.8964,8.3997,1.5862,1.0555,1.6924,4.0044,1.5108,1.2792,1.2144,5.938,2.1926,1.6611,2.0842,0.7344,0.7241,0.6364,0.8124,49.9,414.2,257.25,1,1,2025-09-30 07:43:44,17.3,72.4,,1,0,,0
2025-09-30 07:44:29,314.94,4.3542,245.21,8.0827,24.2481,242.9,244.99,247.76,425.57,424.61,423.93,424.47,8.3435,7.726,8.1786,1.5512,1.2685,1.5344,4.0238,1.301,1.4009,1.3219,5.9458,2.0266,1.8928,2.0263,0.7344,0.7662,0.6712,0.7576,49.9,414.27,257.3,1,1,2025-09-30 07:44:29,17.3,70.6,,1,0,,0
2025-09-30 07:45:14,315,4.3518,245.46,8.0999,24.2999,245.65,242.47,248.28,425.59,422.46,427.36,425.26,8.7992,7.2057,8.295,1.5928,1.119,1.64,4.0404,1.4582,1.3381,1.244,5.9682,2.1615,1.7472,2.0595,0.7328,0.7375,0.6414,0.7967,50,414.35,257.35,1,1,2025-09-30 07:45:14,17.2,69.2,,1,0,,0
2025-09-30 07:45:59,315.05,4.2981,245.62,8.0322,24.096700000000002,244.6,243.68,248.59,426.02,422.76,427.4,425.39,8.5807,7.3059,8.2101,1.5555,1.1512,1.5914,4.0371,1.4064,1.3544,1.2763,5.9201,2.0988,1.7803,2.0409,0.7288,0.7417,0.6476,0.7801,50,414.42,257.4,1,1,2025-09-30 07:45:59,16.7,68.8,,1,0,,0
2025-09-30 07:47:05,315.15,4.3959,244.33,8.0982,24.2948,243.86,241.48,247.66,423.46,420.02,426.02,423.16,8.9069,6.9851,8.4028,1.6021,1.1011,1.6927,3.9463,1.4636,1.2741,1.2086,5.9398,2.172,1.6868,2.081,0.7441,0.7382,0.6538,0.8138,50,414.56,257.49,1,1,2025-09-30 07:47:05,16.6,67.3,,1,0,,0
2025-09-30 07:47:50,315.21,4.4223,244.96,8.1229,24.368699999999997,243.55,243.46,247.88,424.53,423.55,424.71,424.52,8.6894,7.3385,8.3408,1.5934,1.1909,1.638,3.9783,1.39,1.3283,1.26,5.9705,2.1163,1.7866,2.0675,0.7434,0.7535,0.6675,0.7926,50,414.63,257.54,1,1,2025-09-30 07:47:50,16.5,67.5,,1,0,,0
2025-09-30 07:49:20,315.32,4.3758,245,8.0759,24.2278,243.11,244.08,247.81,424.75,422.53,425.68,423.92,8.604,7.3949,8.2289,1.5811,1.1956,1.5991,3.978,1.3663,1.3483,1.2634,5.9359,2.0917,1.8049,2.0392,0.7399,0.7566,0.6634,0.7846,50,414.78,257.64,1,1,2025-09-30 07:49:20,16.4,66.7,,1,0,,0
2025-09-30 07:50:05,315.37,4.3916,244.97,8.0858,24.2574,242.6,244.38,247.94,424.59,424.74,423.52,424.24,8.567,7.4322,8.2582,1.5758,1.2152,1.6006,3.9736,1.3522,1.3462,1.2751,5.9422,2.0784,1.8163,2.0475,0.7415,0.7588,0.67,0.7821,50,414.86,257.69,1,1,2025-09-30 07:50:05,16.0,66.3,,1,0,,0
2025-09-30 07:50:50,315.42,4.4251,244.37,8.1111,24.3333,242.77,242.59,247.77,422.97,421.72,425.05,423.27,8.7672,7.1335,8.4326,1.5879,1.1582,1.6789,3.9393,1.4148,1.2825,1.242,5.9483,2.1284,1.7305,2.0893,0.7469,0.7466,0.6702,0.8039,50,414.92,257.74,1,1,2025-09-30 07:50:50,15.9,67.7,,1,0,,0
2025-09-30 07:51:35,315.48,4.384,244.4,8.0736,24.2209,242.89,242.66,247.67,423.55,420.56,425.74,423.26,8.6812,7.1972,8.3425,1.576,1.1624,1.6455,3.9452,1.3979,1.2997,1.2477,5.9212,2.1086,1.7465,2.0662,0.7433,0.7481,0.6666,0.7968,50,415,257.79,1,1,2025-09-30 07:51:35,15.9,66.4,,1,0,,0
2025-09-30 07:52:20,315.53,4.3303,243.91,8.0086,24.0258,242.11,242.27,247.37,421.85,420.91,424.59,422.45,8.57,7.1213,8.3345,1.5428,1.1522,1.6354,3.9182,1.3844,1.2803,1.2535,5.8619,2.0749,1.7253,2.0617,0.7415,0.7442,0.6689,0.7936,50,415.07,257.84,1,1,2025-09-30 07:52:20,15.8,66.9,,1,0,,0
2025-09-30 07:53:05,315.59,4.4241,243.74,8.0922,24.276600000000002,242.24,241.81,247.19,421.74,421.32,423.42,421.75,8.6875,7.1934,8.3957,1.5828,1.1761,1.6652,3.8989,1.3842,1.2779,1.2369,5.9192,2.1045,1.7394,2.0753,0.7502,0.7527,0.6771,0.8027,50,415.15,257.89,1,1,2025-09-30 07:53:05,15.8,66,,1,0,,0
2025-09-30 07:54:12,315.69,4.4254,244.14,8.1021,24.306399999999996,242.48,242.81,247.13,423.15,421.1,424.24,422.65,8.6665,7.3598,8.2801,1.5986,1.2003,1.6264,3.9224,1.3615,1.3205,1.2404,5.9347,2.1015,1.787,2.0463,0.7483,0.7613,0.6726,0.7951,50,415.28,257.97,1,1,2025-09-30 07:54:12,15.7,64.3,,1,0,,0
2025-09-30 07:54:57,315.69,0.3532,244.81,0.497,1.4912,243.53,243.28,247.64,424.53,421.98,425.5,423.85,0.0,0.042,1.4492,0.0,0.0011,0.3521,0.0626,0,0,0.0626,0.3691,0,0.0102,0.3589,0.9846,1,1,0.9845,50,415.29,257.98,0,1,2025-09-30 07:54:57,15.7,64.5,,0,0,,1
2025-09-30 07:55:42,315.7,0.3512,244.86,0.4953,1.486,243.73,242.92,247.93,424.72,423.44,424.08,424.02,0.0,0.0408,1.4452,0.0,0.0,0.3512,0.0644,0,0,0.0644,0.3682,0,0.0099,0.3583,0.9836,1,1,0.9836,50,415.29,257.98,0,1,2025-09-30 07:55:42,15.6,68.2,,0,0,,1
2025-09-30 07:56:27,315.7,0.3529,244.87,0.4967,1.4901,243.56,243.04,248.01,425.12,421.9,425.23,423.86,0.0,0.0428,1.4473,0.0,0.001,0.3519,0.0638,0,0,0.0638,0.3693,0,0.0104,0.3589,0.984,1,1,0.9839,50,415.3,257.98,0,1,2025-09-30 07:56:27,15.7,71.6,,0,0,,1
2025-09-30 07:57:12,315.71,0.3514,244.87,0.496,1.488,243.42,243.09,248.1,424.83,422.12,425.31,424.01,0.0,0.0424,1.4456,0.0,0.0,0.3514,0.0645,0,0,0.0645,0.369,0,0.0103,0.3587,0.9835,1,1,0.9835,50,415.3,257.98,0,1,2025-09-30 07:57:12,15.8,74.5,,0,0,,1
2025-09-30 07:57:57,315.71,0.3512,244.25,0.4953,1.486,243.91,240.73,248.11,423.06,419.64,426.36,422.84,0.0,0.0416,1.4444,0.0,0.0,0.3512,0.0644,0,0,0.0644,0.3684,0,0.01,0.3584,0.9835,1,1,0.9835,50,415.31,257.98,0,1,2025-09-30 07:57:57,15.9,76.8,,0,0,,1
2025-09-30 07:58:42,315.72,0.3515,244.58,0.4945,1.4835,243.2,242.77,247.78,424.19,421.82,424.79,423.69,0.0,0.0416,1.4419,0.0,0.0013,0.3502,0.0637,0,0,0.0637,0.3674,0,0.0101,0.3573,0.9839,1,1,0.9838,50,415.31,257.98,0,1,2025-09-30 07:58:42,16.4,79.5,,0,0,,1
2025-09-30 07:59:27,315.72,0.3512,244.32,0.495,1.4852,243.48,241.86,247.64,423.75,421.29,424.41,423.41,0.0,0.0424,1.4428,0.0,0.0011,0.3502,0.0642,0,0,0.0642,0.3675,0,0.0103,0.3573,0.9836,1,1,0.9835,50,415.32,257.98,0,1,2025-09-30 07:59:27,16.5,82.4,,0,0,,1
2025-09-30 08:00:12,315.72,0.3486,243.91,0.4931,1.4795,243.76,240.6,247.38,422.96,419.46,424.89,422.29,0.0,0.0416,1.4379,0.0,0.0,0.3486,0.0639,0,0,0.0639,0.3657,0,0.01,0.3557,0.9836,1,1,0.9836,50,415.32,257.98,0,1,2025-09-30 08:00:12,16.6,84.3,,0,0,,1
2025-09-30 08:00:57,315.73,0.3475,243.47,0.4927,1.4783,242.18,241.33,246.91,422.3,419.08,423.61,421.66,0.0,0.0424,1.4359,0.0,0.0,0.3475,0.0638,0,0,0.0638,0.3648,0,0.0102,0.3545,0.9835,1,1,0.9835,50,415.33,257.98,0,1,2025-09-30 08:00:57,17.1,85.5,,0,0,,1
2025-09-30 08:01:42,315.73,0.3464,243.52,0.4918,1.4754,242.25,241.57,246.74,422.72,418.23,424.25,421.86,0.0,0.0428,1.4326,0.0,0.0,0.3464,0.0639,0,0,0.0639,0.3638,0,0.0103,0.3535,0.9834,1,1,0.9834,50,415.33,257.98,0,1,2025-09-30 08:01:42,17.3,86.2,,0,0,,1
2025-09-30 08:02:27,315.74,0.3482,243.38,0.4925,1.4775,241.89,241.81,246.46,422.2,419.39,422.97,421.52,0.0,0.0428,1.4347,0.0,0.0014,0.3467,0.0628,0,0,0.0628,0.3639,0,0.0103,0.3536,0.9841,1,1,0.9839,50,415.33,257.98,0,1,2025-09-30 08:02:27,17.4,87.1,,0,0,,1
2025-09-30 08:03:12,315.74,0.3457,242.52,0.4916,1.4748,241.73,239.8,246.05,420.81,417.1,422.17,420,0.0,0.042,1.4328,0.0,0.0,0.3457,0.0625,0,0,0.0625,0.3626,0,0.0101,0.3525,0.984,1,1,0.984,50,415.34,257.99,0,1,2025-09-30 08:03:12,17.5,88,,0,0,,1
2025-09-30 08:03:57,315.75,0.3424,241.4,0.4894,1.4682,240.99,238.25,244.98,418.78,415.68,419.81,418.21,0.0,0.0432,1.425,0.0,0.0,0.3424,0.0618,0,0,0.0618,0.3594,0,0.0103,0.3491,0.9841,1,1,0.9841,49.9,415.34,257.99,0,1,2025-09-30 08:03:57,18.0,88.4,,0,0,,1
2025-09-30 08:04:42,315.75,0.3438,241.38,0.4909,1.4727999999999999,241.33,237.45,245.37,418.38,414.32,421.45,418.12,0.0,0.0448,1.428,0.0,0.0,0.3438,0.0612,0,0,0.0612,0.361,0,0.0106,0.3504,0.9845,1,1,0.9845,49.9,415.35,257.99,0,1,2025-09-30 08:04:42,18.1,88.6,,0,0,,1
2025-09-30 08:05:27,315.75,0.3453,242.35,0.4919,1.4757,239.06,242.42,245.57,420.27,421.52,417.41,419.51,0.0,0.0432,1.4325,0.0,0.0,0.3453,0.0613,0,0,0.0613,0.3623,0,0.0105,0.3518,0.9845,1,1,0.9845,50,415.35,257.99,0,1,2025-09-30 08:05:27,18.1,88.5,,0,0,,1
2025-09-30 08:06:12,315.76,0.343,241.45,0.4894,1.4684,240.91,238.3,245.14,418.43,415.68,420.4,417.86,0.0,0.0428,1.4256,0.0,0.0,0.343,0.0608,0,0,0.0608,0.3597,0,0.0102,0.3495,0.9846,1,1,0.9846,49.9,415.36,257.99,0,1,2025-09-30 08:06:12,18.2,88.6,,0,0,,1
2025-09-30 08:06:57,315.76,0.3447,241.1,0.491,1.4729999999999999,240.31,238.04,244.95,417.62,415.41,419.66,417.56,0.0,0.0448,1.4282,0.0,0.0013,0.3434,0.0604,0,0,0.0604,0.3605,0,0.0107,0.3498,0.9849,1,1,0.9848,50,415.36,257.99,0,1,2025-09-30 08:06:57,18.3,88.6,,0,0,,1
2025-09-30 08:07:42,315.77,0.3444,241.09,0.4891,1.4675,240.81,237.48,244.99,417.48,415.31,419.88,417.54,0.0,0.0403,1.4272,0.0,0.0011,0.3433,0.0602,0,0,0.0602,0.3592,0,0.0096,0.3496,0.985,1,1,0.9849,50,415.37,257.99,0,1,2025-09-30 08:07:42,18.7,88.8,,0,0,,1
2025-09-30 08:08:27,315.77,0.3424,240.9,0.4897,1.4693,240.3,238.09,244.32,417.8,414.36,419.49,417.03,0.0,0.0424,1.4269,0.0,0.0,0.3424,0.0595,0,0,0.0595,0.3587,0,0.0101,0.3486,0.9852,1,1,0.9852,50,415.37,257.99,0,1,2025-09-30 08:08:27,18.8,89.1,,0,0,,1
2025-09-30 08:09:12,315.78,0.3408,240.97,0.4884,1.4654,240.48,238.57,243.88,417.88,416.59,417.59,417.38,0.0,0.0428,1.4226,0.0,0.0,0.3408,0.0591,0,0,0.0591,0.3572,0,0.0102,0.3469,0.9852,1,1,0.9852,50,415.38,257.99,0,1,2025-09-30 08:09:12,18.8,89.9,,0,0,,1
2025-09-30 08:09:57,315.78,0.341,240.78,0.4886,1.4658,240.71,237.62,244.02,417.64,414.56,418.86,416.96,0.0,0.0432,1.4226,0.0,0.0,0.341,0.0592,0,0,0.0592,0.3574,0,0.0103,0.3471,0.9852,1,1,0.9852,50,415.38,257.99,0,1,2025-09-30 08:09:57,18.9,89.6,,0,0,,1
2025-09-30 08:10:42,315.78,0.3418,241.23,0.4891,1.4674,239.88,239.46,244.35,418.98,416.39,417.97,417.78,0.0,0.0436,1.4238,0.0,0.0,0.3418,0.0588,0,0,0.0588,0.3583,0,0.0104,0.3479,0.9855,1,1,0.9855,50,415.38,257.99,0,1,2025-09-30 08:10:42,19.0,89.6,,0,0,,1
2025-09-30 08:11:27,315.79,0.3444,241.04,0.4894,1.4683,240.16,238.31,244.65,418.34,414.49,419.51,417.16,0.0,0.0428,1.4255,0.0,0.0011,0.3433,0.0585,0,0,0.0585,0.3589,0,0.0102,0.3487,0.9858,1,1,0.9855,50.1,415.39,257.99,0,1,2025-09-30 08:11:27,19.0,89.5,,0,0,,1
2025-09-30 08:12:12,315.79,0.3428,240.82,0.4896,1.4688999999999999,240.48,237.31,244.67,417.37,415.22,418.65,417.14,0.0,0.0428,1.4261,0.0,0.0,0.3428,0.0591,0,0,0.0591,0.3591,0,0.0102,0.3489,0.9854,1,1,0.9854,50.1,415.39,257.99,0,1,2025-09-30 08:12:12,19.0,89.7,,0,0,,1
2025-09-30 08:12:57,315.8,0.3422,240.59,0.4888,1.4664,240.12,237.44,244.23,416.85,414.34,418.9,416.71,0.0,0.0448,1.4216,0.0,0.0011,0.3411,0.0586,0,0,0.0586,0.3578,0,0.0106,0.3472,0.9856,1,1,0.9855,50,415.4,257.99,0,1,2025-09-30 08:12:57,19.1,90.1,,0,0,,1
2025-09-30 08:13:42,315.81,4.1901,238.79,7.7545,23.2635,237.44,236.04,242.91,413.74,411.27,415.68,414.18,8.4776,6.7782,8.0077,1.5186,1.0785,1.593,3.6137,1.3193,1.1792,1.1152,5.558,2.0129,1.5999,1.9452,0.7572,0.7549,0.6748,0.8192,50.1,415.42,258.01,1,1,2025-09-30 08:13:42,19.5,90.1,,1,0,,0
2025-09-30 08:14:27,315.87,4.4916,238.8,8.0717,24.215200000000003,236.3,237.51,242.61,413.95,414.06,412.75,413.63,8.5332,7.4238,8.2582,1.5951,1.2678,1.6287,3.6197,1.2315,1.2226,1.1657,5.7831,2.0164,1.7632,2.0035,0.7786,0.7915,0.7198,0.8131,50.1,415.49,258.05,1,1,2025-09-30 08:14:27,19.5,85.9,,1,0,,0
2025-09-30 08:15:12,315.93,4.6709,238.89,8.271,24.813200000000002,236.59,237.15,242.94,413.97,412.76,414.47,413.58,8.7755,7.5569,8.4808,1.657,1.3129,1.701,3.6276,1.2492,1.217,1.1614,5.9286,2.0762,1.7921,2.0603,0.7897,0.7985,0.7333,0.8258,50,415.57,258.1,1,1,2025-09-30 08:15:12,19.0,80.2,,1,0,,0
2025-09-30 08:15:57,315.99,4.7,238.69,8.3033,24.9101,236.64,236.56,242.87,413.78,410.54,415.76,412.93,8.9081,7.4763,8.5257,1.6781,1.2937,1.7283,3.617,1.2742,1.2034,1.1393,5.9472,2.108,1.7686,2.0706,0.7924,0.7964,0.7321,0.8349,50,415.64,258.15,1,1,2025-09-30 08:15:57,18.9,78.5,,1,0,,0
2025-09-30 08:16:42,316.04,4.6806,238.91,8.2785,24.8355,236.68,237.34,242.73,414.93,412.47,413.88,413.93,8.8263,7.5979,8.4113,1.676,1.3153,1.6892,3.6205,1.2448,1.2305,1.1452,5.934,2.089,1.8033,2.0417,0.7909,0.8028,0.7302,0.8277,50,415.72,258.19,1,1,2025-09-30 08:16:42,18.3,77.2,,1,0,,0
2025-09-30 08:17:27,316.1,4.6753,238.25,8.2609,24.7828,235.75,236.84,242.17,413.45,411.62,412.77,412.37,8.7208,7.6347,8.4273,1.6578,1.3346,1.6829,3.5837,1.2138,1.2168,1.1531,5.905,2.0559,1.8082,2.0408,0.7936,0.8068,0.7389,0.8249,50,415.78,258.23,1,1,2025-09-30 08:17:27,18.1,75.2,,1,0,,0
2025-09-30 08:18:12,316.16,4.6964,238.05,8.2841,24.8523,235.87,236.2,242.08,413.17,410.72,412.89,412.34,8.8222,7.5492,8.4809,1.6716,1.3155,1.7093,3.5747,1.2375,1.201,1.1361,5.9171,2.0809,1.7831,2.0531,0.7957,0.8037,0.7384,0.8328,50,415.86,258.28,1,1,2025-09-30 08:18:12,18.0,73.6,,1,0,,0
2025-09-30 08:18:57,316.22,4.6248,237.55,8.2,24.6002,236.08,234.9,241.68,411.96,409.72,412.54,411.22,8.8484,7.2938,8.458,1.6565,1.2498,1.7186,3.5461,1.271,1.1694,1.1057,5.8464,2.0889,1.7133,2.0441,0.7935,0.7933,0.7302,0.8409,50,415.94,258.32,1,1,2025-09-30 08:18:57,17.4,73.3,,1,0,,0
2025-09-30 08:19:42,316.28,4.6251,236.96,8.2042,24.6126,236.2,233.46,241.23,411.17,407.95,412.02,410.86,8.9526,7.1302,8.5298,1.6634,1.211,1.7506,3.5235,1.3038,1.1395,1.0802,5.8369,2.1146,1.6646,2.0576,0.7954,0.787,0.7282,0.851,50,416.01,258.37,1,1,2025-09-30 08:19:42,17.3,72.4,,1,0,,0
2025-09-30 08:20:27,316.34,4.5751,237.39,8.1381,24.4144,235.51,235.09,241.57,412.22,409.42,411.69,411.18,8.6448,7.4373,8.3323,1.6278,1.2799,1.6675,3.5354,1.2208,1.1884,1.1262,5.7972,2.0359,1.7484,2.0128,0.7912,0.8,0.7328,0.8287,50,416.08,258.41,1,1,2025-09-30 08:20:27,17.2,71.7,,1,0,,0
2025-09-30 08:21:12,316.39,4.559,236.9,8.1192,24.3577,235.66,233.56,241.48,410.76,408.73,411.32,410.28,8.7582,7.196,8.4035,1.6282,1.224,1.7068,3.5114,1.2663,1.1488,1.0963,5.7739,2.064,1.6807,2.0293,0.7922,0.7893,0.7291,0.8413,50,416.15,258.46,1,1,2025-09-30 08:21:12,16.7,72,,1,0,,0
2025-09-30 08:21:57,316.45,4.6308,236.82,8.2075,24.6226,236.54,233.27,240.67,411.25,407.81,411.37,410.12,8.9305,7.246,8.4461,1.6771,1.2271,1.7266,3.5146,1.2828,1.16,1.0718,5.8354,2.1124,1.6903,2.0327,0.7965,0.7942,0.7267,0.8496,50,416.23,258.5,1,1,2025-09-30 08:21:57,16.7,73.4,,1,0,,0
2025-09-30 08:22:42,316.51,4.6818,237.12,8.2607,24.7823,236.12,234.53,240.71,411.64,409.86,410.47,410.61,8.839,7.5015,8.4418,1.6809,1.2943,1.7065,3.527,1.2356,1.1892,1.1022,5.8784,2.0871,1.7593,2.032,0.7987,0.8057,0.7363,0.84,50,416.3,258.54,1,1,2025-09-30 08:22:42,16.7,71.5,,1,0,,0
2025-09-30 08:23:27,316.57,4.697,236.71,8.2771,24.8315,236.42,233.05,240.68,410.72,407.57,411.58,409.75,8.9537,7.3153,8.5625,1.6876,1.2554,1.754,3.5078,1.2762,1.1509,1.0807,5.8825,2.1168,1.7048,2.0608,0.8012,0.7976,0.7371,0.8513,50,416.38,258.59,1,1,2025-09-30 08:23:27,16.6,71.3,,1,0,,0
2025-09-30 08:24:12,316.62,4.6608,237.27,8.2378,24.7136,236.8,234.25,240.77,412.53,408.13,412.07,410.99,8.8793,7.44,8.3943,1.6879,1.2696,1.7033,3.5308,1.2522,1.1916,1.087,5.8665,2.1026,1.7428,2.0211,0.7971,0.8031,0.7291,0.8429,50,416.45,258.63,1,1,2025-09-30 08:24:12,16.5,69.2,,1,0,,0
2025-09-30 08:24:57,316.69,4.6666,236.77,8.2334,24.700200000000002,236.34,233.43,240.56,411.1,408.19,410.89,410.44,8.8828,7.3212,8.4962,1.677,1.2564,1.7332,3.4995,1.2614,1.156,1.0821,5.8522,2.0994,1.709,2.0438,0.8,0.7991,0.7358,0.8482,50.1,416.52,258.68,1,1,2025-09-30 08:24:57,16.5,69.6,,1,0,,0
2025-09-30 08:25:42,316.74,4.4951,237.37,8.0438,24.1316,237.78,233.53,240.81,411.62,409.09,412.62,411.05,8.7328,7.1056,8.2932,1.6308,1.1817,1.6826,3.5211,1.2839,1.1626,1.0746,5.7329,2.0765,1.6594,1.9971,0.7872,0.7857,0.7128,0.8427,50.1,416.59,258.72,1,1,2025-09-30 08:25:42,16.4,69,,1,0,,0
2025-09-30 08:26:27,316.8,4.3621,238.32,7.9145,23.7436,239.25,234.56,241.17,413.92,409.89,414.47,412.5,8.6581,7.0139,8.0716,1.6086,1.128,1.6255,3.5682,1.3032,1.1951,1.0699,5.6633,2.0715,1.6452,1.9466,0.774,0.777,0.6864,0.8353,50,416.66,258.76,1,1,2025-09-30 08:26:27,16.4,69.7,,1,0,,0
2025-09-30 08:27:12,316.85,4.2805,237.66,7.8265,23.479599999999998,239.24,232.9,240.85,412.07,408.46,414.33,411.83,8.6444,6.7447,8.0905,1.5766,1.0641,1.6397,3.541,1.3365,1.153,1.0515,5.5875,2.0681,1.5708,1.9486,0.7705,0.7628,0.6781,0.8417,50,416.73,258.81,1,1,2025-09-30 08:27:12,16.4,70,,1,0,,0
2025-09-30 08:27:57,316.9,4.2345,237.6,7.77,23.310000000000002,239.35,232.39,241.07,412.15,407.71,414.68,411.38,8.6285,6.5994,8.0821,1.5589,1.031,1.6446,3.5286,1.3527,1.1328,1.0431,5.5472,2.0652,1.5336,1.9484,0.7682,0.7552,0.6731,0.8444,50.1,416.8,258.85,1,1,2025-09-30 08:27:57,16.0,68.6,,1,0,,0
2025-09-30 08:28:42,316.95,4.2144,237.8,7.7557,23.2671,239.55,233.09,240.78,412.85,408.95,413.78,411.78,8.6001,6.7389,7.9281,1.57,1.0437,1.6007,3.5426,1.332,1.1716,1.039,5.5399,2.0602,1.5708,1.9089,0.7654,0.7625,0.6651,0.8387,50.1,416.87,258.9,1,1,2025-09-30 08:28:42,15.9,66.8,,1,0,,0
2025-09-30 08:29:27,317.01,4.1886,237.41,7.707,23.121000000000002,238.22,233.32,240.69,411.8,409.49,412.23,411.49,8.3953,6.8516,7.8741,1.538,1.0829,1.5677,3.5132,1.2761,1.1733,1.0637,5.4938,1.9999,1.5986,1.8952,0.7661,0.7695,0.6782,0.8275,50,416.94,258.94,1,1,2025-09-30 08:29:27,15.8,65.6,,1,0,,0
2025-09-30 08:30:12,317.06,4.2904,237.28,7.8214,23.464199999999998,238.29,233.03,240.52,411.78,408.26,412.81,410.7,8.5586,6.89,8.0156,1.5767,1.101,1.6128,3.5134,1.2919,1.1662,1.0553,5.5729,2.0394,1.6056,1.9279,0.7736,0.7734,0.6864,0.8367,50.1,417.01,258.98,1,1,2025-09-30 08:30:12,15.8,64.4,,1,0,,0
2025-09-30 08:30:57,317.12,4.3266,237.13,7.8558,23.5674,238.15,232.87,240.39,411.54,407.5,413.06,410.92,8.5941,6.9302,8.0431,1.5899,1.1142,1.6226,3.5016,1.2868,1.1647,1.0501,5.594,2.0467,1.6138,1.9335,0.7773,0.7773,0.6912,0.8395,50.1,417.08,259.03,1,1,2025-09-30 08:30:57,15.7,63.6,,1,0,,0
2025-09-30 08:31:42,317.17,4.3259,237.65,7.8538,23.561500000000002,238.81,233.02,241.13,412.45,409.02,413.3,411.73,8.5703,6.8947,8.0965,1.5798,1.1106,1.6354,3.5218,1.2989,1.1581,1.0647,5.6056,2.0467,1.6066,1.9523,0.7754,0.7724,0.6921,0.838,50.1,417.15,259.07,1,1,2025-09-30 08:31:42,15.6,63.7,,1,0,,0
2025-09-30 08:32:27,317.19,0.3464,238.67,0.4967,1.4901,242.14,231.76,242.13,414.17,408.42,417.54,413.48,0.0,0.044,1.4461,0.0,0.0014,0.3449,0.0546,0,0,0.0546,0.3603,0,0.0102,0.3501,0.9878,1,1,0.9877,50.1,417.18,259.09,0,1,2025-09-30 08:32:27,15.2,64.3,,0,0,,1
2025-09-30 08:33:12,317.2,0.3438,239.52,0.4942,1.4826000000000001,241.25,235.11,242.2,416.41,411.41,416.65,414.64,0.0,0.046,1.4366,0.0,0.0013,0.3425,0.0557,0,0,0.0557,0.3588,0,0.0108,0.3479,0.9871,1,1,0.987,50.1,417.19,259.09,0,1,2025-09-30 08:33:12,15.1,67.5,,0,0,,1
2025-09-30 08:33:57,317.2,0.3424,239.12,0.4924,1.4773,241.22,234.31,241.84,415.61,411.34,415.46,413.95,0.0,0.044,1.4333,0.0,0.0011,0.3413,0.0554,0,0,0.0554,0.3569,0,0.0103,0.3466,0.9871,1,1,0.987,50.1,417.19,259.09,0,1,2025-09-30 08:33:57,15.6,72,,0,0,,1
2025-09-30 08:34:42,317.21,0.3399,238.74,0.4916,1.475,240.17,234.81,241.24,414.83,409.81,415.81,413.25,0.0,0.0444,1.4306,0.0,0.0,0.3399,0.0549,0,0,0.0549,0.3555,0,0.0104,0.3451,0.9872,1,1,0.9872,50.1,417.2,259.09,0,1,2025-09-30 08:34:42,15.7,74.4,,0,0,,1
2025-09-30 08:35:27,317.21,0.3406,238.69,0.4912,1.4736,237.84,236.99,241.26,414.95,414.49,410.71,413.4,0.0,0.0448,1.4288,0.0,0.0011,0.3395,0.0547,0,0,0.0547,0.3553,0,0.0106,0.3447,0.9873,1,1,0.9872,50.1,417.2,259.1,0,1,2025-09-30 08:35:27,15.8,76.2,,0,0,,1
2025-09-30 08:36:19,317.22,0.3385,237.66,0.4891,1.4675,240.26,232.03,240.69,412.67,406.86,415.32,412.01,0.0,0.044,1.4235,0.0,0.0012,0.3373,0.0547,0,0,0.0547,0.3528,0,0.0102,0.3426,0.9871,1,1,0.9871,50.1,417.21,259.1,0,1,2025-09-30 08:36:19,15.9,78.4,,0,0,,1
2025-09-30 08:37:04,317.22,0.3389,238.22,0.4892,1.4676,240.05,233.61,241.02,414,409.85,413.9,412.35,0.0,0.0448,1.4228,0.0,0.0013,0.3376,0.0549,0,0,0.0549,0.3534,0,0.0105,0.3429,0.9871,1,1,0.987,50.1,417.21,259.1,0,1,2025-09-30 08:37:04,16.4,79.8,,0,0,,1
2025-09-30 08:37:49,317.23,0.3388,238.18,0.4895,1.4686,239.58,234.1,240.87,412.98,409.57,415.04,412.42,0.0,0.0444,1.4242,0.0,0.0011,0.3377,0.055,0,0,0.055,0.3534,0,0.0104,0.343,0.987,1,1,0.9869,50.1,417.22,259.1,0,1,2025-09-30 08:37:49,16.5,81.2,,0,0,,1
2025-09-30 08:38:34,317.23,0.338,238.18,0.4889,1.4668,239.73,234.45,240.36,412.89,410.89,413.79,412.36,0.0,0.0444,1.4224,0.0,0.0014,0.3367,0.0544,0,0,0.0544,0.3523,0,0.0104,0.3419,0.9873,1,1,0.9872,50.1,417.22,259.1,0,1,2025-09-30 08:38:34,16.6,82.4,,0,0,,1
2025-09-30 08:39:19,317.24,0.3365,237.48,0.4877,1.4632,240.33,231.55,240.58,411.62,406.98,415.37,411.7,0.0,0.0424,1.4208,0.0,0.0,0.3365,0.0548,0,0,0.0548,0.3516,0,0.0098,0.3418,0.9869,1,1,0.9869,50.1,417.23,259.1,0,1,2025-09-30 08:39:19,16.7,83.3,,0,0,,1
2025-09-30 08:40:04,317.24,0.3373,237.97,0.4885,1.4655,239.51,233.47,240.95,412.63,408.83,415.05,412.18,0.0,0.0436,1.4219,0.0,0.0,0.3373,0.0548,0,0,0.0548,0.3528,0,0.0102,0.3426,0.987,1,1,0.987,50.1,417.23,259.1,0,1,2025-09-30 08:40:04,17.2,84.1,,0,0,,1
2025-09-30 08:40:49,317.24,0.3389,238.42,0.4887,1.4662,240.07,234.27,240.93,414.01,410.54,414.24,412.88,0.0,0.044,1.4222,0.0,0.0015,0.3374,0.0541,0,0,0.0541,0.353,0,0.0103,0.3427,0.9874,1,1,0.9873,50.2,417.23,259.1,0,1,2025-09-30 08:40:49,17.2,84.6,,0,0,,1
2025-09-30 08:41:34,317.25,0.339,239.11,0.4882,1.4647999999999999,240.17,236.11,241.06,415.64,410.13,416.61,414.07,0.0,0.0428,1.422,0.0,0.0015,0.3375,0.0544,0,0,0.0544,0.3529,0,0.0101,0.3428,0.9873,1,1,0.9872,50.2,417.24,259.1,0,1,2025-09-30 08:41:34,17.3,85.2,,0,0,,1
2025-09-30 08:42:19,317.25,0.3395,239.09,0.4897,1.4691,239.63,236.52,241.13,415.33,412.86,414.09,413.81,0.0,0.0456,1.4235,0.0,0.0014,0.3381,0.0543,0,0,0.0543,0.354,0,0.0108,0.3432,0.9874,1,1,0.9873,50.2,417.24,259.1,0,1,2025-09-30 08:42:19,17.4,85.7,,0,0,,1
2025-09-30 08:43:25,317.26,0.341,239.78,0.4901,1.4705,241.16,236.03,242.17,416.91,412.2,416.76,414.83,0.0,0.0452,1.4253,0.0,0.0012,0.3398,0.0549,0,0,0.0549,0.3558,0,0.0107,0.3452,0.9872,1,1,0.9872,50.2,417.25,259.1,0,1,2025-09-30 08:43:25,17.5,86.6,,0,0,,1
2025-09-30 08:44:10,317.26,0.3411,239.69,0.4897,1.4691,239.55,237.36,242.16,416.63,414.45,414.27,415.23,0.0,0.0436,1.4255,0.0,0.0012,0.3398,0.0553,0,0,0.0553,0.3555,0,0.0103,0.3452,0.9871,1,1,0.987,50.2,417.26,259.1,0,1,2025-09-30 08:44:10,18.0,87,,0,0,,1
2025-09-30 08:44:55,317.27,0.3397,239.3,0.4893,1.4679,240.22,235.52,242.18,415.35,411.68,416.36,414.34,0.0,0.0432,1.4247,0.0,0.0,0.3397,0.0551,0,0,0.0551,0.3552,0,0.0102,0.345,0.9871,1,1,0.9871,50.2,417.26,259.1,0,1,2025-09-30 08:44:55,18.0,87.6,,0,0,,1
2025-09-30 08:45:40,317.27,0.3395,238.96,0.488,1.464,239.78,235.18,241.93,414.98,410.96,415.64,413.98,0.0,0.0432,1.4208,0.0,0.0011,0.3384,0.0547,0,0,0.0547,0.3539,0,0.0102,0.3437,0.9872,1,1,0.9871,50.3,417.27,259.11,0,1,2025-09-30 08:45:40,18.1,88.3,,0,0,,1
2025-09-30 08:46:25,317.28,0.3371,238.39,0.4873,1.462,240.02,233.83,241.32,414.16,410.12,414.32,412.98,0.0,0.0432,1.4188,0.0,0.0,0.3371,0.0545,0,0,0.0545,0.3525,0,0.0101,0.3424,0.9872,1,1,0.9872,50.2,417.27,259.11,0,1,2025-09-30 08:46:25,18.2,88.8,,0,0,,1
2025-09-30 08:47:10,317.28,0.3364,237.72,0.487,1.4612,239.76,231.98,241.43,412.64,407.85,414.65,412.09,0.0,0.0456,1.4156,0.0,0.0,0.3364,0.0549,0,0,0.0549,0.3523,0,0.0106,0.3418,0.9869,1,1,0.9869,50.2,417.27,259.11,0,1,2025-09-30 08:47:10,18.3,89.3,,0,0,,1
2025-09-30 08:47:55,317.29,0.3372,238.23,0.4877,1.4631,239.34,233.93,241.43,413.63,410.3,413.86,412.79,0.0,0.0444,1.4187,0.0,0.0,0.3372,0.0546,0,0,0.0546,0.3529,0,0.0104,0.3425,0.9871,1,1,0.9871,50.2,417.28,259.11,0,1,2025-09-30 08:47:55,18.7,88.9,,0,0,,1
2025-09-30 08:48:40,317.29,0.3376,238.22,0.4876,1.4627999999999999,238.92,234.78,240.98,414.23,410.04,413.47,412.57,0.0,0.0452,1.4176,0.0,0.0012,0.3365,0.0538,0,0,0.0538,0.3522,0,0.0106,0.3416,0.9875,1,1,0.9874,50.2,417.28,259.11,0,1,2025-09-30 08:48:40,18.8,89.1,,0,0,,1
2025-09-30 08:49:25,317.29,0.336,238.05,0.487,1.4612,238.59,234.71,240.85,414.05,410.61,412.14,412.21,0.0,0.0448,1.4164,0.0,0.0,0.336,0.0539,0,0,0.0539,0.3517,0,0.0105,0.3411,0.9873,1,1,0.9873,50.2,417.29,259.11,0,1,2025-09-30 08:49:25,18.8,89.9,,0,0,,1
2025-09-30 08:50:31,317.3,0.3386,238.51,0.4872,1.4617,237.95,235.8,241.8,413.81,410.74,414.71,413.15,0.0,0.044,1.4177,0.0,0.0011,0.3375,0.0549,0,0,0.0549,0.3532,0,0.0104,0.3428,0.987,1,1,0.987,50.2,417.29,259.11,0,1,2025-09-30 08:50:31,19.0,90,,0,0,,1
2025-09-30 08:51:16,317.31,0.3401,238.77,0.4883,1.4651,239.31,234.87,242.15,414.04,410.92,415.67,412.97,0.0,0.044,1.4211,0.0,0.0013,0.3387,0.0552,0,0,0.0552,0.3545,0,0.0103,0.3441,0.987,1,1,0.9869,50.2,417.3,259.11,0,1,2025-09-30 08:51:16,19.0,89.9,,0,0,,1
2025-09-30 08:52:01,317.31,0.3376,238.7,0.4871,1.4615,239.45,234.68,241.99,414.17,410.01,416.08,413.3,0.0,0.044,1.4175,0.0,0.0,0.3376,0.0553,0,0,0.0553,0.3533,0,0.0103,0.343,0.9868,1,1,0.9868,50.2,417.3,259.11,0,1,2025-09-30 08:52:01,19.1,90.2,,0,0,,1
2025-09-30 08:52:46,317.35,4.3375,238.66,7.8836,23.651,238.35,235.45,242.19,414.51,412.53,412.93,413.62,8.4103,7.2164,8.0243,1.5673,1.1859,1.5843,3.5868,1.248,1.214,1.1248,5.6471,2.0046,1.6991,1.9434,0.7706,0.7822,0.6987,0.8153,50.2,417.36,259.14,1,1,2025-09-30 08:52:46,19.5,89.1,,1,0,,0
2025-09-30 08:54:16,317.46,4.4264,238.48,7.9902,23.970599999999997,239.88,233.84,241.74,413.85,410.76,414.5,413.18,8.7716,6.9725,8.2265,1.6245,1.1275,1.6743,3.5829,1.3353,1.1755,1.0721,5.7233,2.1041,1.6304,1.9887,0.7772,0.7725,0.6922,0.8421,50.2,417.5,259.23,1,1,2025-09-30 08:54:16,19.0,82.3,,1,0,,0
2025-09-30 08:55:46,317.57,4.5438,239.59,8.1261,24.3785,240.26,235.83,242.7,415.54,412.91,416.45,414.98,8.7981,7.2768,8.3036,1.6569,1.2065,1.6805,3.6398,1.3107,1.2179,1.1112,5.8452,2.1138,1.7161,2.0153,0.7804,0.7842,0.7037,0.8341,50.2,417.65,259.32,1,1,2025-09-30 08:55:46,18.7,76.6,,1,0,,0
2025-09-30 08:57:38,317.73,4.4169,238.65,7.9617,23.8851,239.05,234.88,242.02,414.54,412.19,413.17,413.5,8.6041,7.1138,8.1672,1.604,1.1704,1.6425,3.5748,1.2859,1.1902,1.0987,5.7043,2.0568,1.6709,1.9766,0.7773,0.7802,0.7011,0.8311,50.2,417.85,259.45,1,1,2025-09-30 08:57:38,17.5,72.5,,1,0,,0
2025-09-30 08:58:23,317.79,4.4342,238.72,7.9874,23.9623,239.47,233.75,242.96,413.67,411.65,415.01,413.43,8.7119,6.9823,8.2681,1.607,1.1408,1.6865,3.5837,1.3287,1.1647,1.0903,5.7272,2.0862,1.6321,2.0088,0.7777,0.7706,0.6997,0.8397,50.2,417.92,259.5,1,1,2025-09-30 08:58:23,17.4,73.8,,1,0,,0
2025-09-30 08:59:08,317.84,4.4238,239.49,7.964,23.892,237.94,237.43,243.1,416.14,415.3,412.81,414.84,8.2185,7.6047,8.0688,1.5641,1.297,1.5627,3.6098,1.1719,1.2531,1.1848,5.7226,1.9555,1.8056,1.9615,0.7747,0.8002,0.7191,0.7968,50.2,417.99,259.54,1,1,2025-09-30 08:59:08,17.3,71.4,,1,0,,0
2025-09-30 08:59:53,317.9,4.4631,238.45,8.0075,24.0225,239.39,233.34,242.62,413.44,410.32,415.14,412.96,8.7416,6.9443,8.3366,1.6139,1.1411,1.7081,3.5592,1.3299,1.1476,1.0817,5.7357,2.0927,1.6204,2.0226,0.7818,0.7717,0.705,0.8448,50.2,418.06,259.59,1,1,2025-09-30 08:59:53,17.2,71.6,,1,0,,0
2025-09-30 09:00:38,317.95,4.4802,239.42,8.0441,24.1325,240.07,235.22,242.98,415.01,411.63,417.35,414.22,8.7049,7.2076,8.22,1.6321,1.1853,1.6628,3.618,1.303,1.2097,1.1053,5.7825,2.0898,1.6954,1.9973,0.7779,0.7814,0.6998,0.8328,50.2,418.14,259.63,1,1,2025-09-30 09:00:38,17.2,71.1,,1,0,,0
2025-09-30 09:01:23,318.01,4.4734,239.35,8.0342,24.1027,239.55,235.77,242.75,415.35,414.52,413.7,414.57,8.588,7.3219,8.1928,1.6175,1.2168,1.6391,3.6156,1.2692,1.2215,1.125,5.7723,2.0573,1.7263,1.9888,0.7777,0.7867,0.7057,0.8244,50.2,418.2,259.67,1,1,2025-09-30 09:01:23,16.7,69.7,,1,0,,0
2025-09-30 09:02:08,318.06,4.4341,237.94,7.9839,23.9518,239.7,231.49,242.63,411.62,407.27,417.42,412.14,8.8729,6.6627,8.4162,1.6107,1.0736,1.7498,3.5427,1.3867,1.1049,1.051,5.7112,2.1268,1.5423,2.042,0.7812,0.7578,0.6968,0.8572,50.2,418.28,259.72,1,1,2025-09-30 09:02:08,16.6,70.1,,1,0,,0
2025-09-30 09:02:53,318.12,4.4921,238.71,8.03,24.0901,237.7,235.82,242.62,414.21,414.03,411.98,413.62,8.343,7.5072,8.2399,1.5807,1.2885,1.6228,3.5726,1.1953,1.211,1.1664,5.7526,1.9831,1.7703,1.9992,0.7826,0.7976,0.7286,0.812,50.1,418.35,259.76,1,1,2025-09-30 09:02:53,16.5,68.2,,1,0,,0
2025-09-30 09:03:38,318.17,4.47,237.88,8.0141,24.0424,237.99,233.26,242.39,411.74,410.17,414.04,412.52,8.618,7.0474,8.377,1.5904,1.1793,1.7004,3.5443,1.293,1.1425,1.1088,5.7254,2.051,1.6439,2.0305,0.7835,0.7759,0.7182,0.8376,50.1,418.42,259.81,1,1,2025-09-30 09:03:38,16.5,67.3,,1,0,,0
2025-09-30 09:04:23,318.23,4.5223,238.16,8.0653,24.196,237.96,234.35,242.17,412.72,411.18,413.49,412.46,8.5571,7.2855,8.3534,1.6056,1.238,1.6788,3.5513,1.2506,1.1729,1.1277,5.7665,2.0362,1.7074,2.0229,0.7864,0.7889,0.7259,0.83,50.1,418.49,259.85,1,1,2025-09-30 09:04:23,16.4,66.5,,1,0,,0
2025-09-30 09:05:08,318.29,4.4894,239.43,8.0543,24.163,238.76,236.63,242.92,415.47,413.27,415.29,414.66,8.5297,7.4241,8.2092,1.6102,1.2498,1.6294,3.6246,1.2446,1.2315,1.1484,5.7875,2.0366,1.7568,1.9942,0.778,0.7911,0.7123,0.8173,50.1,418.57,259.9,1,1,2025-09-30 09:05:08,15.9,66.1,,1,0,,0
2025-09-30 09:05:53,318.34,4.4511,238.9,8.0074,24.022199999999998,239.21,234.84,242.66,414.07,410.79,416.42,413.28,8.6817,7.0829,8.2576,1.6122,1.1667,1.6722,3.5935,1.3073,1.1831,1.1031,5.7439,2.0767,1.6633,2.0038,0.778,0.7767,0.7021,0.8347,50.1,418.64,259.94,1,1,2025-09-30 09:05:53,15.8,65.9,,1,0,,0
2025-09-30 09:06:38,318.4,4.5141,238.69,8.0789,24.2368,239.11,233.68,243.28,413.29,411.69,415.17,413.42,8.7858,7.0561,8.3949,1.6252,1.1693,1.7197,3.589,1.3291,1.1598,1.1002,5.792,2.1008,1.6489,2.0423,0.7827,0.774,0.7099,0.8423,50.1,418.71,259.99,1,1,2025-09-30 09:06:38,15.8,65.5,,1,0,,0
2025-09-30 09:07:23,318.46,4.4904,238.51,8.0546,24.163899999999998,239.21,233.76,242.56,413.25,410.95,415.03,413.27,8.8063,6.976,8.3816,1.6255,1.1489,1.716,3.5815,1.3379,1.1547,1.089,5.7703,2.1066,1.6307,2.033,0.7817,0.7721,0.7053,0.8443,50.1,418.78,260.03,1,1,2025-09-30 09:07:23,15.7,66.6,,1,0,,0
2025-09-30 09:08:08,318.51,4.416,238.91,7.974,23.9221,238.65,235.79,242.31,414.64,411.6,415.09,413.77,8.5058,7.269,8.1473,1.5922,1.2055,1.6183,3.6026,1.2572,1.2156,1.1298,5.718,2.0299,1.714,1.9742,0.7748,0.7848,0.7041,0.8199,50.1,418.85,260.08,1,1,2025-09-30 09:08:08,15.7,66.4,,1,0,,0
2025-09-30 09:08:53,318.57,4.463,239.31,8.0206,24.062,239.11,236.16,242.67,415.4,414.1,413.87,414.45,8.3832,7.5385,8.1403,1.5952,1.2705,1.5973,3.6177,1.2119,1.2444,1.1613,5.7602,2.0045,1.7803,1.9754,0.7768,0.7962,0.7143,0.8088,50.1,418.93,260.13,1,1,2025-09-30 09:08:53,15.7,65.3,,1,0,,0
2025-09-30 09:09:38,318.62,4.4927,238.61,8.0506,24.151899999999998,239.12,234.13,242.6,414.52,411.55,413.64,413.34,8.6168,7.2477,8.2874,1.6141,1.2084,1.6703,3.5864,1.2792,1.189,1.1182,5.7679,2.0604,1.6969,2.0105,0.7815,0.7837,0.7127,0.8309,50.1,419,260.17,1,1,2025-09-30 09:09:38,15.6,64.6,,1,0,,0
2025-09-30 09:10:23,318.67,0.3471,239.11,0.4974,1.4922000000000002,241.15,232.71,243.48,414.04,410.61,417.73,414.07,0.0,0.0436,1.4486,0.0,0.0,0.3471,0.0572,0,0,0.0572,0.3629,0,0.0101,0.3527,0.9866,1,1,0.9866,50.1,419.06,260.2,0,1,2025-09-30 09:10:23,15.2,65.2,,0,0,,1
2025-09-30 09:11:08,318.67,0.3446,239.57,0.4939,1.4817,238.43,236.7,243.59,415.7,416.41,412.54,414.98,0.0,0.0436,1.4381,0.0,0.0,0.3446,0.0579,0,0,0.0579,0.3606,0,0.0103,0.3503,0.9861,1,1,0.9861,50.1,419.06,260.21,0,1,2025-09-30 09:11:08,15.1,66.3,,0,0,,1
2025-09-30 09:11:53,318.68,0.3435,239.34,0.4927,1.4783,240.9,233.92,243.22,415.3,412.47,415.76,414.24,0.0,0.0424,1.4359,0.0,0.0,0.3435,0.0574,0,0,0.0574,0.3592,0,0.0099,0.3492,0.9863,1,1,0.9863,50.1,419.07,260.21,0,1,2025-09-30 09:11:53,15.2,70.8,,0,0,,1
2025-09-30 09:12:38,318.68,0.3435,238.62,0.4919,1.4759,241.2,231.58,243.09,414.07,409.46,416.24,413.37,0.0,0.0444,1.4315,0.0,0.0013,0.3422,0.0578,0,0,0.0578,0.3583,0,0.0103,0.348,0.9861,1,1,0.986,50,419.07,260.21,0,1,2025-09-30 09:12:38,15.6,74.7,,0,0,,1
2025-09-30 09:13:23,318.69,0.3439,238.95,0.4927,1.4781,240.67,232.89,243.3,414.63,411.36,415.47,414.02,0.0,0.0444,1.4337,0.0,0.001,0.3429,0.0586,0,0,0.0586,0.3592,0,0.0103,0.3488,0.9857,1,1,0.9857,50,419.07,260.21,0,1,2025-09-30 09:13:23,15.7,76.6,,0,0,,1
2025-09-30 09:14:08,318.69,0.3424,239.18,0.492,1.4761,240.76,233.24,243.54,415.73,412.05,414.79,414.24,0.0,0.0452,1.4309,0.0,0.0,0.3424,0.0594,0,0,0.0594,0.359,0,0.0105,0.3485,0.9852,1,1,0.9852,50,419.08,260.21,0,1,2025-09-30 09:14:08,15.8,77.6,,0,0,,1
2025-09-30 09:14:53,318.69,0.3494,240.28,0.495,1.4850999999999999,241.7,232.63,246.53,416.62,411.98,419.73,416.12,0.0,0.0452,1.4399,0.0,0.0013,0.3482,0.0642,0,0.0012,0.0631,0.3655,0,0.0105,0.355,0.9835,1,1,0.9839,50,419.08,260.21,0,1,2025-09-30 09:14:53,15.9,78.8,,0,0,,1
2025-09-30 09:15:38,318.7,0.3487,240.76,0.4936,1.4808000000000001,241.38,234.29,246.61,418.15,413.56,419.02,416.98,0.0,0.0436,1.4372,0.0,0.0012,0.3475,0.0634,0,0,0.0634,0.3646,0,0.0102,0.3544,0.9838,1,1,0.9837,50,419.09,260.21,0,1,2025-09-30 09:15:38,16.4,80.3,,0,0,,1
2025-09-30 09:16:23,318.7,0.3481,240.86,0.4935,1.4807000000000001,240.69,235.81,246.1,418.82,416.15,416.28,417.04,0.0,0.0456,1.4351,0.0,0.0017,0.3465,0.0625,0,0,0.0625,0.3639,0,0.0108,0.3532,0.9842,1,1,0.984,50,419.09,260.21,0,1,2025-09-30 09:16:23,16.5,82.3,,0,0,,1
2025-09-30 09:17:08,318.71,0.3497,240.38,0.4954,1.4863,241.6,232.83,246.71,417.16,412.22,419.39,416.25,0.0,0.0448,1.4415,0.0,0.0012,0.3486,0.0622,0,0,0.0622,0.3661,0,0.0104,0.3556,0.9845,1,1,0.9845,50.1,419.1,260.21,0,1,2025-09-30 09:17:08,16.6,84,,0,0,,1
2025-09-30 09:17:53,318.71,0.3475,239.76,0.4931,1.4793,241.68,231.71,245.9,415.37,411.89,418.36,415.09,0.0,0.0424,1.4369,0.0,0.0013,0.3463,0.0614,0,0,0.0614,0.3632,0,0.0098,0.3533,0.9847,1,1,0.9843,50.1,419.1,260.21,0,1,2025-09-30 09:17:53,16.7,84.6,,0,0,,1
2025-09-30 09:18:38,318.72,0.3477,239.81,0.492,1.4761000000000002,241.59,231.58,246.28,414.84,413.34,417.7,415.34,0.0,0.0436,1.4325,0.0,0.0012,0.3465,0.0631,0,0.0013,0.0618,0.3629,0,0.0101,0.3528,0.9839,1,1,0.9843,50.1,419.11,260.21,0,1,2025-09-30 09:18:38,17.2,85.1,,0,0,,1
2025-09-30 09:19:23,318.72,0.3487,239.15,0.4937,1.4813,241.35,229.78,246.33,413.68,410.32,418.45,414.29,0.0,0.0448,1.4365,0.0,0.0015,0.3473,0.0617,0,0,0.0617,0.3641,0,0.0103,0.3539,0.9847,1,1,0.9845,50.1,419.11,260.21,0,1,2025-09-30 09:19:23,17.3,85.6,,0,0,,1
2025-09-30 09:20:08,318.72,0.349,240.73,0.4932,1.4797,240.1,235.27,246.84,417.49,415.42,417.72,416.62,0.0,0.0448,1.4349,0.0,0.0015,0.3475,0.0623,0,0,0.0623,0.3647,0,0.0105,0.3542,0.9844,1,1,0.9842,50.1,419.12,260.21,0,1,2025-09-30 09:20:08,17.4,86.1,,0,0,,1
2025-09-30 09:20:53,318.73,0.3498,240.6,0.4934,1.4802,240.69,234.02,247.09,417.17,413.53,419.22,416.48,0.0,0.044,1.4362,0.0,0.0017,0.3481,0.0625,0,0,0.0625,0.3652,0,0.0103,0.3549,0.9843,1,1,0.9842,50.1,419.12,260.22,0,1,2025-09-30 09:20:53,17.4,86.7,,0,0,,1
2025-09-30 09:21:38,318.73,0.3488,240.84,0.4927,1.4783000000000002,239.69,235.96,246.89,417.7,414.98,418.53,417.18,0.0,0.0436,1.4347,0.0,0.0012,0.3476,0.0618,0,0,0.0618,0.3645,0,0.0103,0.3542,0.9846,1,1,0.9845,50.1,419.12,260.22,0,1,2025-09-30 09:21:38,17.5,87.3,,0,0,,1
2025-09-30 09:22:23,318.74,0.3495,240.57,0.4931,1.4792999999999998,241.67,232.95,247.09,417.12,413.29,419.34,416.88,0.0,0.0452,1.4341,0.0,0.0018,0.3477,0.0617,0,0,0.0617,0.3649,0,0.0105,0.3544,0.9847,1,1,0.9846,50.1,419.13,260.22,0,1,2025-09-30 09:22:23,17.9,87.7,,0,0,,1
2025-09-30 09:23:08,318.74,0.3486,239.74,0.4927,1.4781000000000002,241.45,230.94,246.85,415.09,410.16,420.29,415.4,0.0,0.0436,1.4345,0.0,0.0011,0.3475,0.0617,0,0,0.0617,0.3642,0,0.0101,0.3541,0.9847,1,1,0.9846,50.2,419.13,260.22,0,1,2025-09-30 09:23:08,18.0,88,,0,0,,1
2025-09-30 09:23:53,318.75,0.3451,240.56,0.49,1.4701,241.52,234.85,245.33,417.69,414.17,417.95,416.3,0.0,0.0428,1.4273,0.0,0.0011,0.344,0.0594,0,0,0.0594,0.3602,0,0.0101,0.3502,0.9854,1,1,0.9853,50.2,419.14,260.22,0,1,2025-09-30 09:23:53,18.1,88.7,,0,0,,1
2025-09-30 09:24:38,318.75,0.346,240.52,0.4916,1.475,242.04,234.4,245.14,417.58,413.65,418.39,416.72,0.0,0.044,1.431,0.0,0.0012,0.3448,0.0585,0,0,0.0585,0.3611,0,0.0103,0.3508,0.986,1,1,0.9859,50.2,419.14,260.22,0,1,2025-09-30 09:24:38,18.1,88.6,,0,0,,1
2025-09-30 09:25:23,318.76,0.3433,240.48,0.49,1.4701,241.81,235.87,243.76,418.92,413.17,417.28,416.01,0.0,0.0444,1.4257,0.0,0.0014,0.342,0.0565,0,0,0.0565,0.358,0,0.0105,0.3475,0.9867,1,1,0.9866,50.2,419.15,260.22,0,1,2025-09-30 09:25:23,18.2,88.8,,0,0,,1
2025-09-30 09:26:08,318.76,0.344,239.98,0.4899,1.4698,241.71,234.03,244.21,416.94,412.56,417.3,415.51,0.0,0.044,1.4258,0.0,0.0015,0.3425,0.057,0,0,0.057,0.3585,0,0.0103,0.3482,0.9865,1,1,0.9864,50.2,419.15,260.22,0,1,2025-09-30 09:26:08,18.3,88.9,,0,0,,1
2025-09-30 09:26:53,318.76,0.345,239.61,0.4904,1.4712999999999998,243.18,231.08,244.58,415.92,409.85,419.13,415.02,0.0,0.0432,1.4281,0.0,0.0016,0.3434,0.0592,0,0.0012,0.058,0.3593,0,0.01,0.3493,0.9856,1,1,0.986,50.2,419.16,260.22,0,1,2025-09-30 09:26:53,18.7,89,,0,0,,1
2025-09-30 09:27:38,318.77,0.3491,239.82,0.4931,1.4793,237.3,235.41,246.77,415.71,415.2,414.93,415.7,0.0,0.0436,1.4357,0.0,0.0013,0.3478,0.0614,0,0,0.0614,0.3646,0,0.0103,0.3543,0.9848,1,1,0.9847,50.1,419.16,260.22,0,1,2025-09-30 09:27:38,18.7,89.2,,0,0,,1
2025-09-30 09:28:23,318.77,0.3416,239.55,0.4879,1.4637,240.11,234.77,243.77,416.46,411.54,416.54,414.87,0.0,0.0448,1.4189,0.0,0.0013,0.3402,0.057,0,0,0.057,0.3564,0,0.0105,0.3459,0.9863,1,1,0.9862,50.1,419.17,260.22,0,1,2025-09-30 09:28:23,18.8,90.3,,0,0,,1
2025-09-30 09:29:08,318.78,0.3393,239.68,0.4871,1.4614,242,234.98,242.06,417.16,411.3,416.84,415.07,0.0,0.0436,1.4178,0.0,0.0014,0.3379,0.0547,0,0,0.0547,0.3534,0,0.0102,0.3432,0.9872,1,1,0.9871,50.1,419.17,260.22,0,1,2025-09-30 09:29:08,18.9,90.2,,0,0,,1
2025-09-30 09:29:53,318.78,0.3397,239.68,0.487,1.4609999999999999,240.74,236.01,242.29,416.84,413.07,415.37,414.7,0.0,0.0432,1.4178,0.0,0.0015,0.3382,0.0553,0,0,0.0553,0.3537,0,0.0102,0.3435,0.987,1,1,0.9868,50.1,419.17,260.22,0,1,2025-09-30 09:29:53,18.9,89.9,,0,0,,1
2025-09-30 09:30:38,318.79,0.3392,238.99,0.4879,1.4638,240.27,234.68,242.02,414.69,411.57,415.47,413.76,0.0,0.0452,1.4186,0.0,0.0013,0.338,0.0553,0,0,0.0553,0.3539,0,0.0106,0.3433,0.9869,1,1,0.9868,50.1,419.18,260.23,0,1,2025-09-30 09:30:38,19.0,89.9,,0,0,,1
2025-09-30 09:31:23,318.79,0.3385,239.38,0.4869,1.4606999999999999,241.4,234.71,242.04,416.28,411.41,416.06,414.66,0.0,0.0452,1.4155,0.0,0.0013,0.3372,0.0555,0,0,0.0555,0.3532,0,0.0106,0.3426,0.9868,1,1,0.9867,50.1,419.18,260.23,0,1,2025-09-30 09:31:23,19.0,90.4,,0,0,,1
2025-09-30 09:32:08,318.81,4.0467,237.9,7.5981,22.794400000000003,238.61,234.03,241.06,413.67,409.13,413.22,412.27,8.3533,6.6962,7.7449,1.4989,1.0203,1.5276,3.5707,1.312,1.1865,1.0721,5.4273,1.9932,1.5671,1.867,0.7498,0.7524,0.6519,0.8185,50,419.21,260.24,1,1,2025-09-30 09:32:08,19.1,90.3,,1,0,,0
2025-09-30 09:32:53,318.86,4.2096,238.25,7.7661,23.2983,239.1,234.37,241.28,414.17,409.52,414.16,412.66,8.5241,6.8884,7.8858,1.5602,1.0766,1.5729,3.5787,1.3094,1.2001,1.0692,5.5552,2.0381,1.6144,1.9027,0.7618,0.7659,0.6677,0.827,50,419.28,260.29,1,1,2025-09-30 09:32:53,19.1,86.7,,1,0,,0
2025-09-30 09:33:38,318.92,4.1842,238.85,7.7359,23.2077,238.03,236.68,241.85,416.05,411.72,413.16,413.22,8.1228,7.4023,7.6826,1.5254,1.1951,1.4637,3.6082,1.1865,1.2781,1.1436,5.5435,1.9335,1.752,1.858,0.7573,0.7893,0.6829,0.7879,50,419.35,260.33,1,1,2025-09-30 09:33:38,19.0,81.7,,1,0,,0
2025-09-30 09:34:23,318.97,4.2257,238.22,7.7778,23.3335,238.67,234.31,241.7,414.79,410.38,412.48,412.61,8.405,7.0783,7.8502,1.5527,1.123,1.5501,3.5795,1.2687,1.2177,1.0931,5.5619,2.006,1.6585,1.8974,0.763,0.7743,0.6779,0.8172,50,419.42,260.38,1,1,2025-09-30 09:34:23,18.8,77.7,,1,0,,0
2025-09-30 09:35:08,319.02,4.1985,238.53,7.78,23.34,241.64,229.53,244.44,414.56,406.72,417.94,412.74,8.7306,6.6049,8.0045,1.5564,0.9874,1.6547,3.6121,1.4221,1.1475,1.0424,5.5823,2.1097,1.516,1.9566,0.758,0.7382,0.6522,0.846,50,419.49,260.42,1,1,2025-09-30 09:35:08,18.3,75.5,,1,0,,0
2025-09-30 09:35:53,319.08,4.2117,238.82,7.7932,23.3798,241.87,229.52,245.08,414.87,407.99,417.82,413.46,8.7835,6.5411,8.0552,1.5585,0.9766,1.6766,3.6192,1.4416,1.1374,1.0403,5.5999,2.1245,1.5013,1.9742,0.7584,0.7341,0.6514,0.8497,50,419.56,260.47,1,1,2025-09-30 09:35:53,18.1,73.3,,1,0,,0
2025-09-30 09:36:38,319.13,4.1739,238.57,7.754,23.2621,241.9,228.71,245.1,414.41,408.19,416.7,412.96,8.776,6.4756,8.0105,1.5489,0.9538,1.6712,3.6077,1.4494,1.13,1.0283,5.5673,2.1229,1.481,1.9634,0.7565,0.7301,0.645,0.8516,50,419.63,260.52,1,1,2025-09-30 09:36:38,17.5,73.2,,1,0,,0
2025-09-30 09:38:08,319.23,4.1666,237.54,7.7108,23.132399999999997,239.67,228.95,244.01,412.22,407.18,414.61,411.47,8.5438,6.6231,7.9655,1.5214,1.0107,1.6346,3.5458,1.3685,1.1275,1.0499,5.5077,2.0477,1.5164,1.9437,0.7615,0.7434,0.6674,0.8413,50,419.77,260.6,1,1,2025-09-30 09:38:08,17.2,72.2,,1,0,,0
2025-09-30 09:38:53,319.28,4.2348,237.76,7.7733,23.32,238.49,230.85,243.94,413.06,410.38,411.58,411.82,8.3161,7.0914,7.9125,1.5237,1.1307,1.5804,3.5569,1.2685,1.1811,1.1073,5.5505,1.9833,1.637,1.9302,0.7657,0.7685,0.6915,0.8189,50,419.84,260.65,1,1,2025-09-30 09:38:53,16.7,71,,1,0,,0
2025-09-30 09:39:45,319.36,4.2776,237.06,7.8403,23.521,239.97,227.64,243.59,411.62,404.53,415.4,410.83,8.8384,6.5557,8.1269,1.5784,0.998,1.7012,3.5323,1.4149,1.1068,1.0106,5.5929,2.121,1.4923,1.9796,0.771,0.7446,0.6696,0.8597,50,419.94,260.72,1,1,2025-09-30 09:39:45,16.6,69.3,,1,0,,0
2025-09-30 09:40:30,319.41,4.2057,238.89,7.7681,23.304299999999998,239.77,233.02,243.9,415.9,411.9,413.17,413.63,8.2694,7.2699,7.765,1.535,1.1468,1.524,3.6201,1.2532,1.2437,1.1233,5.5707,1.9828,1.694,1.8939,0.7579,0.7746,0.6778,0.8049,50,420.01,260.76,1,1,2025-09-30 09:40:30,16.5,70.9,,1,0,,0
2025-09-30 09:41:15,319.46,4.1438,238.98,7.7283,23.1851,242.24,230.7,244,416.09,410.24,415.07,414.02,8.6031,6.7907,7.7913,1.5558,1.004,1.5841,3.6344,1.3848,1.1999,1.0497,5.5517,2.084,1.5666,1.9011,0.7518,0.7469,0.6417,0.8335,50,420.08,260.8,1,1,2025-09-30 09:41:15,16.5,70.2,,1,0,,0
2025-09-30 09:42:00,319.52,4.1661,239.05,7.7556,23.267,242.76,230.71,243.68,416.11,408.6,417.19,414.19,8.6019,6.8359,7.8292,1.5629,1.0145,1.5887,3.6419,1.3828,1.2045,1.0546,5.5731,2.0882,1.5771,1.9078,0.7528,0.7489,0.6442,0.8331,50,420.15,260.85,1,1,2025-09-30 09:42:00,16.4,71.7,,1,0,,0
2025-09-30 09:42:45,319.57,4.0955,239.21,7.6868,23.0605,242.79,230.68,244.16,416.27,409.53,416.87,414.4,8.5088,6.8748,7.6769,1.5445,1.005,1.5461,3.653,1.3702,1.2243,1.0584,5.5261,2.0659,1.5859,1.8744,0.7462,0.748,0.6344,0.8251,50,420.22,260.89,1,1,2025-09-30 09:42:45,16.4,71,,1,0,,0
2025-09-30 09:43:30,319.62,4.1538,239.67,7.7558,23.2675,242.91,231.14,244.97,416.98,410.42,417.67,414.97,8.6192,6.8656,7.7827,1.561,1.0113,1.5815,3.6771,1.3934,1.2204,1.0634,5.5871,2.0937,1.5869,1.9065,0.7487,0.746,0.638,0.8298,50,420.29,260.94,1,1,2025-09-30 09:43:30,16.4,68.9,,1,0,,0
2025-09-30 09:44:15,319.67,4.1235,239.49,7.7264,23.1793,243.07,230.6,244.8,416.73,409.51,417.88,414.8,8.6196,6.7381,7.8216,1.5458,0.9835,1.5941,3.6709,1.412,1.2,1.0589,5.5637,2.0952,1.5538,1.9147,0.7469,0.7383,0.6339,0.8329,50,420.36,260.99,1,1,2025-09-30 09:44:15,15.9,69.2,,1,0,,0
2025-09-30 09:45:00,319.73,4.1382,239.4,7.7378,23.2134,242.78,230.62,244.8,416.02,411.02,416.6,414.61,8.5974,6.7961,7.8199,1.5475,1.0001,1.5906,3.6657,1.3986,1.2036,1.0636,5.5689,2.0873,1.5673,1.9143,0.7485,0.7419,0.639,0.8312,50,420.43,261.03,1,1,2025-09-30 09:45:00,15.9,68,,1,0,,0
2025-09-30 09:45:45,319.78,4.1362,239.05,7.7293,23.188,242.41,230.11,244.64,415.27,408.74,417.9,414.04,8.6441,6.6326,7.9113,1.5391,0.9756,1.6216,3.646,1.42,1.1709,1.0551,5.5571,2.0954,1.5262,1.9354,0.7501,0.7349,0.6401,0.8381,50,420.5,261.08,1,1,2025-09-30 09:45:45,15.8,66.7,,1,0,,0
2025-09-30 09:46:51,319.87,4.1359,239.72,7.7227,23.168300000000002,241.59,233.11,244.46,417.08,412.71,415.51,415.08,8.2926,7.1321,7.7436,1.5214,1.0925,1.5219,3.6769,1.3018,1.2503,1.1248,5.559,2.0034,1.6626,1.893,0.7473,0.7598,0.6579,0.8041,50,420.62,261.16,1,1,2025-09-30 09:46:51,15.7,65.3,,1,0,,0
2025-09-30 09:47:36,319.92,4.1259,239.06,7.7344,23.2032,243.25,229.51,244.42,415.38,407.53,419.08,413.58,8.7781,6.4812,7.9439,1.5509,0.9301,1.6448,3.6526,1.4651,1.1578,1.0297,5.5644,2.1353,1.4875,1.9416,0.7487,0.7269,0.6263,0.8476,50,420.69,261.21,1,1,2025-09-30 09:47:36,15.6,64,,1,0,,0
2025-09-30 09:48:21,319.95,0.3529,241.48,0.4986,1.496,242.83,235.63,245.98,420.69,417.01,416.66,418.06,0.0,0.044,1.452,0.0,0.0018,0.3511,0.0602,0,0,0.0602,0.3675,0,0.0104,0.3572,0.9857,1,1,0.9856,50,420.73,261.23,0,1,2025-09-30 09:48:21,15.1,64.6,,0,0,,1
2025-09-30 09:49:06,319.95,0.3488,239.19,0.4963,1.4891,243.46,228.58,245.55,415.12,408.26,419.27,414.44,0.0,0.0436,1.4455,0.0,0.0,0.3488,0.0604,0,0,0.0604,0.3649,0,0.01,0.3549,0.9853,1,1,0.9853,50,420.73,261.23,0,1,2025-09-30 09:49:06,15.1,67.7,,0,0,,1
2025-09-30 09:49:51,319.96,0.3488,240.42,0.4958,1.4874,242.04,233.1,246.14,418.29,413.41,417.21,416.39,0.0,0.0444,1.443,0.0,0.0,0.3488,0.0616,0,0,0.0616,0.3655,0,0.0103,0.3552,0.9847,1,1,0.9847,50,420.73,261.23,0,1,2025-09-30 09:49:51,15.1,72.5,,0,0,,1
2025-09-30 09:50:36,319.96,0.3462,239.6,0.4931,1.4794,241.4,231.92,245.5,416.38,412.12,416.18,414.89,0.0,0.0428,1.4366,0.0,0.0,0.3462,0.0619,0,0,0.0619,0.3626,0,0.0099,0.3527,0.9843,1,1,0.9843,50,420.74,261.23,0,1,2025-09-30 09:50:36,15.6,75.7,,0,0,,1
2025-09-30 09:51:21,319.96,0.346,239,0.4923,1.477,243.08,228.71,245.21,415.23,407.2,419.18,413.89,0.0,0.044,1.433,0.0,0.001,0.3449,0.0618,0,0,0.0618,0.3614,0,0.0101,0.3514,0.9844,1,1,0.9843,50,420.74,261.23,0,1,2025-09-30 09:51:21,15.7,77.5,,0,0,,1
2025-09-30 09:52:06,319.97,0.344,238.9,0.492,1.4761,242.26,229.68,244.77,415.41,409.48,416.13,413.75,0.0,0.0448,1.4313,0.0,0.0,0.344,0.0609,0,0,0.0609,0.3606,0,0.0103,0.3503,0.9846,1,1,0.9846,49.9,420.75,261.23,0,1,2025-09-30 09:52:06,15.8,79.9,,0,0,,1
2025-09-30 09:52:51,319.97,0.3431,238.69,0.4906,1.472,243.75,227.41,244.92,414.92,408.12,416.86,413.5,0.0,0.044,1.428,0.0,0.0,0.3431,0.0625,0,0,0.0625,0.3598,0,0.01,0.3497,0.9838,1,1,0.9838,49.9,420.75,261.23,0,1,2025-09-30 09:52:51,15.9,81.4,,0,0,,1
2025-09-30 09:53:59,319.98,0.3429,239.04,0.4907,1.4721,243.17,229.37,244.58,415.61,411.09,414.93,413.9,0.0,0.044,1.4281,0.0,0.0,0.3429,0.0612,0,0,0.0612,0.3594,0,0.0101,0.3493,0.9844,1,1,0.9844,50,420.76,261.23,0,1,2025-09-30 09:53:59,16.5,84.4,,0,0,,1
2025-09-30 09:54:44,319.99,0.344,237.93,0.4916,1.4749999999999999,242.9,225.7,245.2,412.78,405.75,417.48,412.01,0.0,0.0452,1.4298,0.0,0.0,0.344,0.0623,0,0,0.0623,0.3608,0,0.0102,0.3506,0.984,1,1,0.984,50,420.77,261.23,0,1,2025-09-30 09:54:44,16.7,85.9,,0,0,,1
2025-09-30 09:55:29,319.99,0.3443,239.3,0.492,1.476,241.7,230.94,245.28,416.49,412.58,413.86,414.33,0.0,0.046,1.43,0.0,0.0,0.3443,0.0619,0,0,0.0619,0.3614,0,0.0106,0.3508,0.9842,1,1,0.9842,50,420.77,261.23,0,1,2025-09-30 09:55:29,17.2,86.5,,0,0,,1
2025-09-30 09:56:14,319.99,0.3442,238.56,0.4917,1.4751,242.89,227.77,245.02,414.61,408.66,415.9,412.95,0.0,0.0444,1.4307,0.0,0.0,0.3442,0.0612,0,0,0.0612,0.3607,0,0.0101,0.3506,0.9845,1,1,0.9845,50,420.77,261.23,0,1,2025-09-30 09:56:14,17.3,87.8,,0,0,,1
2025-09-30 09:56:59,320,0.3429,238.08,0.4895,1.4686000000000001,241.87,227.75,244.64,413.6,406.04,417.19,412.14,0.0,0.0456,1.423,0.0,0.001,0.3419,0.0607,0,0,0.0607,0.3585,0,0.0104,0.3481,0.9846,1,1,0.9845,50,420.78,261.24,0,1,2025-09-30 09:56:59,17.4,88.1,,0,0,,1
2025-09-30 09:57:44,320,0.3446,238.36,0.491,1.4729999999999999,240.67,229.39,245.03,413.99,409.96,414.17,412.63,0.0,0.0452,1.4278,0.0,0.001,0.3436,0.061,0,0,0.061,0.3602,0,0.0104,0.3499,0.9846,1,1,0.9845,50,420.78,261.24,0,1,2025-09-30 09:57:44,17.5,88.9,,0,0,,1
2025-09-30 09:58:29,320.01,0.3453,238.07,0.4908,1.4725,242.12,226.84,245.27,413.14,406.48,417.13,411.96,0.0,0.0452,1.4273,0.0,0.0016,0.3436,0.0613,0,0,0.0613,0.3603,0,0.0103,0.3501,0.9845,1,1,0.9844,50,420.79,261.24,0,1,2025-09-30 09:58:29,18.0,89.1,,0,0,,1
2025-09-30 09:59:14,320.01,0.3411,237.96,0.4896,1.4688999999999999,241.91,228.3,243.69,413.17,407.36,415.72,412.11,0.0,0.0448,1.4241,0.0,0.0,0.3411,0.059,0,0,0.059,0.3573,0,0.0102,0.347,0.9853,1,1,0.9853,50,420.79,261.24,0,1,2025-09-30 09:59:14,18.0,89.5,,0,0,,1
2025-09-30 09:59:59,320.02,0.3406,238.73,0.4891,1.4674,242.07,230.41,243.72,415.26,407.78,417.22,413.12,0.0,0.0448,1.4226,0.0,0.0,0.3406,0.0597,0,0,0.0597,0.357,0,0.0103,0.3467,0.9849,1,1,0.9849,50,420.8,261.24,0,1,2025-09-30 09:59:59,18.1,90.1,,0,0,,1
2025-09-30 10:01:07,320.02,0.3408,238.94,0.4887,1.4661,240.69,232.06,244.08,415.87,411.09,414.26,413.75,0.0,0.0448,1.4213,0.0,0.0,0.3408,0.0601,0,0,0.0601,0.3573,0,0.0104,0.3469,0.9847,1,1,0.9847,49.9,420.81,261.24,0,1,2025-09-30 10:01:07,18.2,90.2,,0,0,,1
2025-09-30 10:01:52,320.03,0.34,237.96,0.488,1.4641,242.66,227.4,243.84,413.91,405.26,417.05,412.1,0.0,0.0444,1.4197,0.0,0.0,0.34,0.0601,0,0,0.0601,0.3563,0,0.0101,0.3462,0.9847,1,1,0.9847,49.9,420.81,261.24,0,1,2025-09-30 10:01:52,18.3,90.4,,0,0,,1
2025-09-30 10:02:37,320.03,0.3414,238.41,0.489,1.4671,241.43,229.53,244.29,414.46,408.93,415.1,412.97,0.0,0.044,1.4231,0.0,0.0,0.3414,0.0604,0,0,0.0604,0.3577,0,0.0101,0.3476,0.9847,1,1,0.9847,50,420.81,261.24,0,1,2025-09-30 10:02:37,18.8,90.9,,0,0,,1
2025-09-30 10:03:22,320.04,0.3425,238.33,0.4889,1.4667,241.1,229.41,244.49,414.06,408.97,415.02,412.67,0.0,0.0448,1.4219,0.0,0.0012,0.3413,0.061,0,0,0.061,0.3579,0,0.0103,0.3476,0.9845,1,1,0.9844,49.9,420.82,261.24,0,1,2025-09-30 10:03:22,18.8,91.4,,0,0,,1
2025-09-30 10:04:07,320.04,0.3385,237.39,0.4868,1.4604,241.43,227.3,243.44,412.09,405.72,415.44,411.23,0.0,0.0448,1.4156,0.0,0.0,0.3385,0.0598,0,0,0.0598,0.3548,0,0.0102,0.3446,0.9847,1,1,0.9847,49.9,420.82,261.24,0,1,2025-09-30 10:04:07,18.9,92,,0,0,,1
2025-09-30 10:04:52,320.04,0.339,238.01,0.4883,1.4651,240.11,230.81,243.12,413.9,410.84,411.59,412.12,0.0,0.0463,1.4188,0.0,0.0,0.339,0.0591,0,0,0.0591,0.3556,0,0.0107,0.3449,0.9851,1,1,0.9851,49.9,420.83,261.24,0,1,2025-09-30 10:04:52,19.0,92,,0,0,,1
2025-09-30 10:05:37,320.05,0.3385,236.67,0.487,1.4610999999999998,240.84,226.27,242.92,410.59,403.74,415.26,410.03,0.0,0.0432,1.4179,0.0,0.0,0.3385,0.059,0,0,0.059,0.3542,0,0.0098,0.3444,0.9851,1,1,0.9851,49.9,420.83,261.24,0,1,2025-09-30 10:05:37,19.0,92.1,,0,0,,1
2025-09-30 10:06:22,320.07,4.1701,237.09,7.7255,23.176499999999997,237.99,230.65,242.63,412.17,407.27,412.2,410.58,8.2373,7.1078,7.8314,1.506,1.1236,1.5405,3.5562,1.2536,1.1913,1.1114,5.4999,1.9604,1.6394,1.9001,0.7608,0.7685,0.6861,0.8109,49.9,420.86,261.26,1,1,2025-09-30 10:06:22,19.1,92.2,,1,0,,0
2025-09-30 10:07:07,320.13,4.4298,236.47,8.0031,24.0093,237.85,228.9,242.68,410.74,406.69,410.98,409.63,8.6688,7.1234,8.2171,1.5963,1.1565,1.6771,3.5274,1.3034,1.1465,1.0775,5.6865,2.0619,1.6305,1.9941,0.7822,0.7745,0.7101,0.8413,49.9,420.93,261.31,1,1,2025-09-30 10:07:07,19.0,85.9,,1,0,,0
2025-09-30 10:07:52,320.18,4.5282,235.68,8.1269,24.3809,238.97,225.5,242.58,408.65,403.12,412.6,408.52,9.1398,6.6462,8.5949,1.6451,1.059,1.8241,3.4997,1.4346,1.0576,1.0075,5.7678,2.1841,1.4987,2.085,0.7912,0.7536,0.7075,0.8753,49.9,421.01,261.35,1,1,2025-09-30 10:07:52,18.9,81.9,,1,0,,0
2025-09-30 10:08:37,320.24,4.4741,236.81,8.0466,24.14,237.35,229.97,243.12,411.51,408.35,410.25,410,8.4747,7.515,8.1503,1.5931,1.2501,1.6309,3.5409,1.2265,1.1906,1.1239,5.7212,2.0115,1.7282,1.9815,0.7841,0.7923,0.7241,0.8234,49.9,421.08,261.4,1,1,2025-09-30 10:08:37,18.8,79.3,,1,0,,0
2025-09-30 10:09:22,320.3,4.4888,236.72,8.0744,24.223300000000002,238.55,228.98,242.64,411.23,407.29,411.17,409.78,8.7781,7.2326,8.2126,1.6338,1.1723,1.6827,3.541,1.3081,1.1672,1.0658,5.7428,2.094,1.6561,1.9927,0.7851,0.7806,0.7086,0.8447,49.9,421.15,261.44,1,1,2025-09-30 10:09:22,18.2,76.5,,1,0,,0
2025-09-30 10:10:07,320.35,4.4817,236.11,8.0613,24.184,238.22,227.78,242.34,410.17,404.55,411.84,409.03,8.8183,7.0606,8.3051,1.6244,1.1424,1.7149,3.5121,1.3307,1.1294,1.052,5.7216,2.1007,1.6083,2.0127,0.7871,0.7735,0.7111,0.8524,49.9,421.22,261.48,1,1,2025-09-30 10:10:07,18.0,75.3,,1,0,,0
2025-09-30 10:10:52,320.41,4.5848,236.38,8.1787,24.5363,238.46,228.36,242.33,410.36,406.22,411.39,409.32,8.9399,7.2518,8.3446,1.6716,1.1857,1.7275,3.5245,1.3215,1.1536,1.0494,5.81,2.1318,1.656,2.0221,0.7928,0.7844,0.7167,0.8546,49.9,421.3,261.53,1,1,2025-09-30 10:10:52,17.5,74.9,,1,0,,0
2025-09-30 10:11:37,320.47,4.5371,236.56,8.1111,24.3334,237.46,229.7,242.54,411.01,407.1,410.78,409.64,8.6315,7.394,8.3079,1.6172,1.2353,1.6846,3.5251,1.258,1.1629,1.1042,5.763,2.0496,1.6984,2.015,0.7896,0.7893,0.7281,0.8363,49.9,421.37,261.57,1,1,2025-09-30 10:11:37,17.4,74.4,,1,0,,0
2025-09-30 10:12:22,320.52,4.463,236.43,8.0477,24.143099999999997,238.8,228.13,242.37,410.52,405.5,412.24,409.43,8.8479,6.9698,8.3254,1.6219,1.1192,1.7218,3.53,1.3527,1.1267,1.0506,5.7207,2.1129,1.59,2.0178,0.7843,0.7679,0.7047,0.8536,49.8,421.44,261.61,1,1,2025-09-30 10:12:22,17.3,75.5,,1,0,,0
2025-09-30 10:13:07,320.58,4.5146,236.35,8.0909,24.2728,237.9,229.23,241.92,410.13,406.13,411.61,409.29,8.7678,7.0996,8.4054,1.6192,1.1706,1.7249,3.5161,1.313,1.1276,1.0755,5.7467,2.0859,1.6274,2.0334,0.7889,0.7767,0.7202,0.8485,49.9,421.51,261.66,1,1,2025-09-30 10:13:07,17.2,73.5,,1,0,,0
2025-09-30 10:13:52,320.63,4.5316,236.46,8.1057,24.3171,237.15,230.73,241.52,410.38,408.55,409.51,410.08,8.6141,7.4591,8.2439,1.6251,1.2481,1.6584,3.5187,1.2363,1.1819,1.1005,5.7549,2.0428,1.721,1.9911,0.7898,0.7958,0.7261,0.8332,49.9,421.58,261.7,1,1,2025-09-30 10:13:52,16.7,72.5,,1,0,,0
2025-09-30 10:14:37,320.69,4.547,236.46,8.1247,24.3741,237.93,229.78,241.67,410.52,406,411.94,409.38,8.7539,7.3002,8.32,1.6411,1.2091,1.6968,3.5179,1.281,1.1598,1.0771,5.771,2.0828,1.6774,2.0107,0.7909,0.7883,0.7216,0.8442,49.9,421.65,261.75,1,1,2025-09-30 10:14:37,16.7,72.4,,1,0,,0
2025-09-30 10:15:22,320.75,4.5234,236.76,8.1017,24.305099999999996,238.59,229.92,241.77,411.59,406.68,411.7,410.22,8.7737,7.2883,8.2431,1.6478,1.1935,1.6821,3.5307,1.2896,1.1737,1.0675,5.762,2.0933,1.6757,1.9929,0.7882,0.7875,0.713,0.8443,49.9,421.73,261.79,1,1,2025-09-30 10:15:22,16.6,71.7,,1,0,,0
2025-09-30 10:16:07,320.8,4.4687,236.37,8.0374,24.1124,239.07,227.7,242.36,410.41,405.69,411.84,409.14,8.8143,7.0068,8.2913,1.6255,1.1268,1.7165,3.509,1.339,1.1267,1.0432,5.7122,2.1072,1.5954,2.0095,0.7865,0.7718,0.7071,0.8545,49.9,421.8,261.84,1,1,2025-09-30 10:16:07,16.5,71.2,,1,0,,0
2025-09-30 10:16:52,320.86,4.366,236.86,7.9236,23.771,238.85,229.02,242.72,411.75,406.77,411.9,410.26,8.5994,7.0498,8.1218,1.5833,1.1284,1.6544,3.5288,1.3064,1.1518,1.0705,5.6398,2.054,1.6145,1.9713,0.7777,0.7713,0.6997,0.8395,49.9,421.87,261.88,1,1,2025-09-30 10:16:52,16.5,70.8,,1,0,,0
2025-09-30 10:17:37,320.91,4.3274,236.87,7.8783,23.634999999999998,238.64,229.23,242.74,411.34,408.15,410.96,410.29,8.4937,7.1189,8.0224,1.5687,1.1382,1.6205,3.5259,1.2814,1.1662,1.0784,5.6062,2.0269,1.6319,1.9474,0.7752,0.7744,0.6984,0.8325,49.9,421.94,261.92,1,1,2025-09-30 10:17:37,16.4,70,,1,0,,0
2025-09-30 10:18:22,320.97,4.2703,236.38,7.8185,23.4555,238.76,227.77,242.63,410.28,405.12,412.61,409.33,8.6043,6.7997,8.0515,1.5576,1.0618,1.6509,3.5064,1.3381,1.125,1.0433,5.5567,2.0544,1.5488,1.9535,0.7728,0.7585,0.6863,0.8453,49.9,422.01,261.97,1,1,2025-09-30 10:18:22,16.0,70.1,,1,0,,0
2025-09-30 10:19:07,321.02,4.3285,236.71,7.8839,23.6518,238.99,228.74,242.4,411.8,405.81,412.02,409,8.6106,6.9682,8.073,1.5797,1.1024,1.6464,3.5223,1.3173,1.1485,1.0565,5.6086,2.0578,1.5939,1.9569,0.7756,0.768,0.6924,0.8416,49.9,422.08,262.01,1,1,2025-09-30 10:19:07,15.9,69.2,,1,0,,0
2025-09-30 10:19:52,321.07,4.3263,237.01,7.8836,23.651,238.9,229.72,242.42,412.38,407.52,411.28,410.39,8.5012,7.1403,8.0095,1.5741,1.1393,1.613,3.5392,1.2818,1.1775,1.0799,5.6129,2.0309,1.6403,1.9417,0.7739,0.7754,0.6953,0.8309,49.9,422.15,262.06,1,1,2025-09-30 10:19:52,15.8,67.5,,1,0,,0
2025-09-30 10:20:37,321.13,4.1893,236.99,7.7474,23.242199999999997,239.84,228.92,242.21,412.13,406.51,412.49,410.37,8.5222,6.864,7.856,1.5521,1.048,1.5892,3.5417,1.3282,1.1685,1.045,5.5181,2.044,1.5713,1.9028,0.7636,0.7597,0.6676,0.8355,49.8,422.22,262.1,1,1,2025-09-30 10:20:37,15.8,66.4,,1,0,,0
2025-09-30 10:21:22,321.18,4.1973,237.74,7.7735,23.3205,240.81,230.17,242.26,413.54,407.59,413.99,411.81,8.5376,6.8633,7.9196,1.5532,1.0469,1.5972,3.5875,1.3455,1.1803,1.0617,5.5543,2.0559,1.5797,1.9186,0.7601,0.7558,0.6635,0.8328,49.8,422.29,262.14,1,1,2025-09-30 10:21:22,15.7,65.8,,1,0,,0
2025-09-30 10:22:07,321.23,4.0235,237.87,7.604,22.811999999999998,240.99,229.67,242.95,413.32,407.7,414.73,411.89,8.421,6.6639,7.7271,1.4985,0.9745,1.5506,3.6014,1.3668,1.1774,1.0571,5.4372,2.0294,1.5305,1.8773,0.7451,0.7388,0.6375,0.8262,49.8,422.36,262.19,1,1,2025-09-30 10:22:07,15.6,64.6,,1,0,,0
2025-09-30 10:22:52,321.28,3.9716,238.17,7.5628,22.6884,241.71,229.5,243.3,414.15,407.71,415.43,412.57,8.4964,6.4376,7.7544,1.4852,0.9161,1.5703,3.6166,1.4162,1.1562,1.0441,5.4177,2.0537,1.4774,1.8866,0.7393,0.7237,0.621,0.8327,49.8,422.42,262.23,1,1,2025-09-30 10:22:52,15.1,63.1,,1,0,,0
2025-09-30 10:23:37,321.31,0.3496,239.84,0.4972,1.4917,243.02,232,244.51,417.52,410.69,417.78,415.08,0.0,0.0444,1.4473,0.0,0.0018,0.3478,0.0603,0,0,0.0603,0.3642,0,0.0103,0.3539,0.9854,1,1,0.9853,49.8,422.47,262.26,0,1,2025-09-30 10:23:37,15.0,64.8,,0,0,,1
2025-09-30 10:24:22,321.32,0.3477,239.83,0.4943,1.483,243.76,230.83,244.91,417.32,409.47,419.16,415.17,0.0,0.044,1.439,0.0,0.0017,0.346,0.0615,0,0,0.0615,0.3626,0,0.0102,0.3524,0.9847,1,1,0.9845,49.8,422.47,262.26,0,1,2025-09-30 10:24:22,15.0,67.6,,0,0,,1
2025-09-30 10:25:07,321.32,0.3455,240.17,0.4929,1.4787000000000001,243.43,231.79,245.3,417.72,411.32,418.65,415.84,0.0,0.042,1.4367,0.0,0.0,0.3455,0.0624,0,0,0.0624,0.3622,0,0.0097,0.3524,0.984,1,1,0.9841,49.9,422.47,262.26,0,1,2025-09-30 10:25:07,15.0,71.5,,0,0,,1
2025-09-30 10:25:52,321.33,0.3467,239.66,0.4935,1.4807000000000001,243.43,230.53,245.03,416.12,408.96,420.07,415.29,0.0,0.0436,1.4371,0.0,0.0012,0.3454,0.0616,0,0,0.0616,0.3622,0,0.0101,0.3521,0.9845,1,1,0.9844,49.9,422.48,262.26,0,1,2025-09-30 10:25:52,15.1,75.2,,0,0,,1
2025-09-30 10:26:37,321.33,0.3465,240.79,0.4922,1.4767,243.29,234.06,245.03,419.07,413.11,418.77,416.93,0.0,0.0424,1.4343,0.0,0.0011,0.3455,0.0612,0,0,0.0612,0.3614,0,0.0099,0.3514,0.9847,1,1,0.9844,49.9,422.48,262.26,0,1,2025-09-30 10:26:37,15.6,77.5,,0,0,,1
2025-09-30 10:27:22,321.34,0.3479,240.71,0.4942,1.4827,244.18,232.16,245.8,418.49,410.37,421.72,417.02,0.0,0.0432,1.4395,0.0,0.0015,0.3464,0.0623,0,0,0.0623,0.3639,0,0.01,0.3538,0.9843,1,1,0.9845,50,422.49,262.27,0,1,2025-09-30 10:27:22,15.7,79.1,,0,0,,1
2025-09-30 10:28:07,321.34,0.3452,241.63,0.4923,1.4769999999999999,243.67,236.07,245.16,421.22,414.16,419.96,418.23,0.0,0.0428,1.4342,0.0,0.0,0.3452,0.0614,0,0,0.0614,0.3617,0,0.0101,0.3516,0.9845,1,1,0.9845,50,422.49,262.27,0,1,2025-09-30 10:28:07,15.8,80.3,,0,0,,1
2025-09-30 10:28:52,321.34,0.3458,241.76,0.4926,1.4778,244.55,234.74,246,420.61,415.9,419.45,418.6,0.0,0.0452,1.4326,0.0,0.0,0.3458,0.0635,0,0.0011,0.0624,0.363,0,0.0106,0.3524,0.9835,1,1,0.984,50,422.5,262.27,0,1,2025-09-30 10:28:52,15.9,81.5,,0,0,,1
2025-09-30 10:29:37,321.35,0.3488,242.01,0.4926,1.4778,244.77,234.92,246.35,421.33,414.02,421.96,418.94,0.0,0.0424,1.4354,0.0,0.0018,0.3469,0.0629,0,0,0.0629,0.3636,0,0.01,0.3536,0.9841,1,1,0.9839,50,422.5,262.27,0,1,2025-09-30 10:29:37,16.4,82.5,,0,0,,1
2025-09-30 10:30:22,321.35,0.3479,242.5,0.4925,1.4775,244.58,236.73,246.19,422.4,418.52,418.81,419.81,0.0,0.0436,1.4339,0.0,0.0015,0.3464,0.0626,0,0,0.0626,0.3633,0,0.0103,0.353,0.9841,1,1,0.984,50,422.51,262.27,0,1,2025-09-30 10:30:22,16.5,83.5,,0,0,,1
2025-09-30 10:31:07,321.36,0.3474,242.14,0.493,1.4792,246.42,233.21,246.8,421.15,413.9,422.94,419.02,0.0,0.0436,1.4356,0.0,0.0,0.3474,0.0639,0,0,0.0639,0.3645,0,0.0102,0.3543,0.9834,1,1,0.9834,50,422.51,262.27,0,1,2025-09-30 10:31:07,16.6,84.3,,0,0,,1
2025-09-30 10:31:52,321.36,0.348,242.33,0.4929,1.4787000000000001,245.5,235,246.51,421.87,416.99,420.03,419.62,0.0,0.0436,1.4351,0.0,0.001,0.347,0.0633,0,0,0.0633,0.364,0,0.0102,0.3538,0.9838,1,1,0.9837,50,422.52,262.27,0,1,2025-09-30 10:31:52,16.7,84.9,,0,0,,1
2025-09-30 10:32:37,321.37,0.3475,242.18,0.492,1.476,245.25,235.08,246.21,421.46,416.01,420.67,419.45,0.0,0.0428,1.4332,0.0,0.0014,0.3461,0.064,0,0.001,0.0629,0.3629,0,0.0101,0.3529,0.9834,1,1,0.9838,49.9,422.52,262.27,0,1,2025-09-30 10:32:37,17.2,85.6,,0,0,,1
2025-09-30 10:33:22,321.37,0.3468,242.04,0.4917,1.4753,245.17,235.07,245.9,421.1,416.21,420.15,419.24,0.0,0.0436,1.4317,0.0,0.0014,0.3454,0.0639,0,0.0012,0.0627,0.3623,0,0.0102,0.3521,0.9834,1,1,0.9839,49.9,422.52,262.27,0,1,2025-09-30 10:33:22,17.3,86,,0,0,,1
2025-09-30 10:34:07,321.37,0.3478,242.11,0.4918,1.4754999999999998,245.12,234.77,246.46,420.59,416.08,421.19,419.12,0.0,0.0432,1.4323,0.0,0.0016,0.3462,0.0635,0,0,0.0635,0.3631,0,0.0101,0.353,0.9837,1,1,0.9835,49.9,422.53,262.27,0,1,2025-09-30 10:34:07,17.3,86.4,,0,0,,1
2025-09-30 10:34:52,321.38,0.3452,242.59,0.49,1.47,243.98,238.3,245.51,422.84,417.62,419.9,420,0.0,0.0432,1.4268,0.0,0.0015,0.3437,0.0623,0,0,0.0623,0.3606,0,0.0103,0.3503,0.9841,1,1,0.9839,49.9,422.53,262.27,0,1,2025-09-30 10:34:52,17.4,86.8,,0,0,,1
2025-09-30 10:35:37,321.38,0.346,242.04,0.4906,1.472,245.09,235.17,245.88,420.8,415.41,421.32,418.97,0.0,0.0432,1.4288,0.0,0.0013,0.3447,0.0623,0,0,0.0623,0.3615,0,0.0102,0.3513,0.9841,1,1,0.984,50,422.54,262.27,0,1,2025-09-30 10:35:37,17.5,87.1,,0,0,,1
2025-09-30 10:36:22,321.39,0.3463,242.2,0.4908,1.4726,244.74,235.69,246.18,421.97,415.9,420.37,419.44,0.0,0.0432,1.4294,0.0,0.0011,0.3452,0.0627,0,0,0.0627,0.3621,0,0.0102,0.3519,0.9839,1,1,0.9838,49.9,422.54,262.27,0,1,2025-09-30 10:36:22,17.9,87.5,,0,0,,1
2025-09-30 10:37:07,321.39,0.3468,242.64,0.4907,1.4723,245.56,235.75,246.61,421.19,418.71,420.64,420.24,0.0,0.0432,1.4291,0.0,0.0013,0.3456,0.0636,0,0,0.0636,0.3626,0,0.0102,0.3524,0.9835,1,1,0.9834,49.9,422.55,262.28,0,1,2025-09-30 10:37:07,18.0,87.9,,0,0,,1
2025-09-30 10:37:52,321.4,0.3462,242.86,0.49,1.4702,246.31,235.85,246.43,422.67,417.13,421.93,420.59,0.0,0.0428,1.4274,0.0,0.0013,0.3449,0.0638,0,0,0.0638,0.3618,0,0.0101,0.3518,0.9834,1,1,0.9832,49.9,422.55,262.28,0,1,2025-09-30 10:37:52,18.1,88.2,,0,0,,1
2025-09-30 10:38:37,321.4,0.3467,243.02,0.491,1.4731999999999998,247.19,235.41,246.46,422.45,416.69,423.47,420.97,0.0,0.0432,1.43,0.0,0.001,0.3457,0.063,0,0,0.063,0.3626,0,0.0102,0.3524,0.9838,1,1,0.9838,49.9,422.56,262.28,0,1,2025-09-30 10:38:37,18.1,88.5,,0,0,,1
2025-09-30 10:39:22,321.4,0.3469,243.37,0.4909,1.4728999999999999,246.35,237.54,246.22,424.12,418.49,421.75,421.42,0.0,0.0432,1.4297,0.0,0.0015,0.3454,0.0624,0,0,0.0624,0.3623,0,0.0103,0.352,0.9842,1,1,0.984,49.9,422.56,262.28,0,1,2025-09-30 10:39:22,18.2,88.6,,0,0,,1
2025-09-30 10:40:07,321.41,0.3478,242.84,0.4921,1.4764,247.68,234.45,246.39,421.79,415.54,424.4,420.62,0.0,0.0432,1.4332,0.0,0.0014,0.3464,0.0627,0,0,0.0627,0.3633,0,0.0101,0.3531,0.9841,1,1,0.9839,49.9,422.57,262.28,0,1,2025-09-30 10:40:07,18.2,88.7,,0,0,,1
2025-09-30 10:40:52,321.41,0.3466,244.04,0.4905,1.4716,246.17,239.7,246.26,425.11,420.66,422.14,422.58,0.0,0.0424,1.4292,0.0,0.0012,0.3454,0.062,0,0,0.062,0.3621,0,0.0102,0.352,0.9843,1,1,0.9842,50,422.57,262.28,0,1,2025-09-30 10:40:52,18.3,88.9,,0,0,,1
2025-09-30 10:41:37,321.42,0.3469,243.73,0.4908,1.4725,247.2,237.54,246.45,424.52,418.94,422.8,421.99,0.0,0.0424,1.4301,0.0,0.0012,0.3458,0.0626,0,0,0.0626,0.3625,0,0.0101,0.3524,0.9841,1,1,0.984,49.9,422.57,262.28,0,1,2025-09-30 10:41:37,18.7,89.1,,0,0,,1
2025-09-30 10:42:22,321.42,0.346,243.49,0.4906,1.4718,245.93,238.65,245.91,423.84,419,422.26,421.37,0.0,0.0432,1.4286,0.0,0.0012,0.3448,0.0617,0,0,0.0617,0.3616,0,0.0103,0.3513,0.9844,1,1,0.9843,49.9,422.58,262.28,0,1,2025-09-30 10:42:22,18.8,89.2,,0,0,,1
2025-09-30 10:43:14,321.43,0.3444,243.26,0.4897,1.4690999999999999,246.23,237.47,246.1,423.6,418.9,421.32,421.32,0.0,0.0428,1.4263,0.0,0.0,0.3444,0.0625,0,0,0.0625,0.3612,0,0.0102,0.351,0.9839,1,1,0.9839,49.9,422.59,262.28,0,1,2025-09-30 10:43:14,18.8,89.3,,0,0,,1
2025-09-30 10:43:59,321.43,0.3454,243.48,0.4909,1.4727000000000001,246.27,237.86,246.33,424.09,418.56,422.34,421.26,0.0,0.0436,1.4291,0.0,0.0,0.3454,0.0624,0,0,0.0624,0.3624,0,0.0104,0.352,0.984,1,1,0.984,50,422.59,262.28,0,1,2025-09-30 10:43:59,18.9,89.3,,0,0,,1
2025-09-30 10:44:44,321.44,0.3452,243.12,0.4905,1.4715,247.03,235.7,246.65,422.91,416.44,423.81,421.07,0.0,0.0444,1.4271,0.0,0.0,0.3452,0.0629,0,0,0.0629,0.3625,0,0.0105,0.352,0.9838,1,1,0.9838,50,422.59,262.28,0,1,2025-09-30 10:44:44,18.9,89.5,,0,0,,1
2025-09-30 10:45:29,321.44,0.3456,243.74,0.4902,1.4706000000000001,245.21,239.57,246.46,424.48,422.08,419.71,422.23,0.0,0.0416,1.429,0.0,0.0,0.3456,0.0622,0,0,0.0622,0.3622,0,0.01,0.3522,0.9841,1,1,0.9841,50,422.6,262.28,0,1,2025-09-30 10:45:29,19.0,89.6,,0,0,,1
2025-09-30 10:46:14,321.46,3.7783,243.15,7.4952,22.485599999999998,244.98,238.59,245.9,423.21,419.24,420.84,421.14,8.0945,6.9484,7.4427,1.4252,0.9656,1.3875,3.9137,1.3768,1.3446,1.1923,5.471,1.983,1.6578,1.8302,0.6945,0.7192,0.5832,0.7584,50,422.62,262.3,1,1,2025-09-30 10:46:14,19.0,89.6,,1,0,,0
2025-09-30 10:46:59,321.5,4.057,243.58,7.7727,23.318199999999997,245.6,237.14,248,421.71,418.61,425.28,421.58,8.6441,6.7467,7.9274,1.5111,0.9652,1.5807,3.9283,1.4887,1.2724,1.1672,5.6889,2.123,1.5999,1.966,0.7184,0.7123,0.6043,0.8044,50,422.68,262.34,1,1,2025-09-30 10:46:59,19.0,83.6,,1,0,,0
2025-09-30 10:47:44,321.55,4.0309,244.13,7.7372,23.2118,244.52,239.72,248.16,424.35,422.15,421.82,422.91,8.236,7.2427,7.7331,1.483,1.081,1.467,3.9519,1.3605,1.3553,1.2361,5.6691,2.0139,1.7362,1.919,0.714,0.7368,0.6235,0.7647,50,422.76,262.39,1,1,2025-09-30 10:47:44,18.9,79.9,,1,0,,0
2025-09-30 10:48:29,321.6,3.9622,244.69,7.7144,23.1433,246.14,239.31,248.62,426,420.66,424.55,423.74,8.4011,7.0082,7.734,1.4786,0.9957,1.4878,4.0058,1.4433,1.346,1.2165,5.6678,2.0678,1.6771,1.9228,0.7032,0.7155,0.5947,0.7741,50,422.83,262.44,1,1,2025-09-30 10:48:29,18.7,77.7,,1,0,,0
2025-09-30 10:49:14,321.65,3.9498,245.08,7.7027,23.1083,247.22,238.87,249.17,426.16,420.95,426.2,424.41,8.3144,7.0679,7.726,1.4678,1.0049,1.477,4.0229,1.4366,1.3531,1.2332,5.6689,2.0555,1.6883,1.9251,0.7005,0.7146,0.5962,0.7676,50,422.9,262.49,1,1,2025-09-30 10:49:14,18.2,76,,1,0,,0
2025-09-30 10:50:22,321.74,3.8584,245.51,7.6552,22.965700000000002,247.92,239.08,249.54,426.72,422.22,426.58,425.27,8.4335,6.8587,7.6735,1.4544,0.926,1.478,4.0652,1.4996,1.3498,1.2159,5.6455,2.0908,1.6398,1.9148,0.6884,0.6962,0.5657,0.7722,50,423.03,262.59,1,1,2025-09-30 10:50:22,17.5,73.1,,1,0,,0
2025-09-30 10:51:07,321.79,3.8782,245.84,7.6812,23.0438,247.63,240.38,249.53,428.07,422.37,426.8,425.76,8.3085,7.1082,7.6271,1.4581,0.9829,1.4372,4.0888,1.4488,1.394,1.246,5.6693,2.0574,1.7087,1.9032,0.6881,0.7093,0.5762,0.7555,49.9,423.1,262.64,1,1,2025-09-30 10:51:07,17.3,71.6,,1,0,,0
2025-09-30 10:51:52,321.84,3.8355,246.3,7.6493,22.9481,247.24,242.78,248.88,428.41,425.44,425.81,426.33,8.0766,7.3178,7.5537,1.4352,1.0312,1.3691,4.1152,1.3857,1.4427,1.2867,5.6534,1.9969,1.7766,1.88,0.6818,0.7194,0.5814,0.7286,50,423.17,262.69,1,1,2025-09-30 10:51:52,17.1,69.8,,1,0,,0
2025-09-30 10:52:37,321.89,3.8797,243.81,7.6052,22.8156,245.5,239.28,246.66,423.45,420.68,422.63,422.18,8.2263,7.0142,7.5751,1.4576,0.9905,1.4316,3.9453,1.3949,1.3512,1.1991,5.5664,2.0196,1.6784,1.8685,0.7011,0.7224,0.5912,0.7666,49.9,423.25,262.74,1,1,2025-09-30 10:52:37,16.6,68.7,,1,0,,0
2025-09-30 10:53:22,321.94,3.7311,244.03,7.4755,22.4267,245.54,239.83,246.74,424.26,420.06,423.61,422.47,8.1447,6.8419,7.4401,1.4127,0.9269,1.3916,3.9588,1.4128,1.3504,1.1956,5.4765,1.9998,1.6409,1.8358,0.6858,0.707,0.5658,0.7584,50,423.32,262.79,1,1,2025-09-30 10:53:22,16.5,67.4,,1,0,,0
2025-09-30 10:54:07,321.98,3.6848,244.56,7.4433,22.3301,244.59,242.19,246.9,425.63,423.85,421.11,423.57,7.7809,7.2146,7.3346,1.3753,1.0147,1.2948,3.997,1.3131,1.419,1.2649,5.4613,1.9031,1.7473,1.8109,0.6778,0.7232,0.5816,0.7153,50,423.38,262.84,1,1,2025-09-30 10:54:07,16.4,68.1,,1,0,,0
2025-09-30 10:54:52,322.03,3.6201,244.48,7.3852,22.1558,246.55,239.48,247.41,425.25,421.08,423.86,423.63,8.0761,6.7399,7.3398,1.3779,0.8776,1.3645,3.9831,1.4348,1.3513,1.197,5.4212,1.9912,1.6141,1.8159,0.6725,0.6926,0.5446,0.7517,50,423.45,262.89,1,1,2025-09-30 10:54:52,15.9,67.2,,1,0,,0
2025-09-30 10:55:37,322.08,3.7656,244.93,7.5233,22.5701,246.36,240.5,247.93,426.18,422.28,424.05,423.84,8.042,7.106,7.4221,1.4189,0.9816,1.3651,4.0086,1.3803,1.3956,1.2327,5.5304,1.9812,1.709,1.8402,0.6846,0.7167,0.5752,0.7421,50,423.52,262.94,1,1,2025-09-30 10:55:37,15.8,66.3,,1,0,,0
2025-09-30 10:56:22,322.12,3.5861,245.11,7.383,22.149,247.4,239.93,248,426.92,422.25,424.24,424.57,7.9998,6.8703,7.2789,1.3694,0.8854,1.3313,4.0311,1.4262,1.387,1.2178,5.4327,1.9792,1.6484,1.8052,0.6646,0.6926,0.538,0.7378,50,423.59,262.99,1,1,2025-09-30 10:56:22,15.8,65.2,,1,0,,0
2025-09-30 10:57:29,322.2,3.4971,245.81,7.3146,21.944,246.92,242.09,248.42,427.79,425.18,424.09,426.01,7.7292,6.997,7.2178,1.3197,0.9128,1.2646,4.0682,1.3756,1.423,1.2696,5.3954,1.9085,1.6939,1.793,0.6518,0.6922,0.5399,0.7057,50.1,423.71,263.08,1,1,2025-09-30 10:57:29,15.7,64.1,,1,0,,0
2025-09-30 10:58:14,322.25,3.6029,245.76,7.4157,22.2473,247.47,241.16,248.66,428,422.96,425.88,425.64,8.0196,6.8982,7.3295,1.3701,0.895,1.3379,4.0682,1.4332,1.3988,1.2362,5.4707,1.9846,1.6636,1.8226,0.663,0.691,0.5389,0.7344,50,423.78,263.13,1,1,2025-09-30 10:58:14,15.6,62.7,,1,0,,0
2025-09-30 10:58:59,322.27,0.359,246.53,0.5019,1.5059,249.06,241.72,248.81,429.44,423.08,428.36,426.98,0.0,0.0428,1.4631,0.0,0.0015,0.3575,0.0621,0,0,0.0621,0.3744,0,0.0103,0.364,0.9853,1,1,0.9852,50,423.81,263.15,0,1,2025-09-30 10:58:59,15.1,61.8,,0,0,,1
2025-09-30 10:59:44,322.27,0.3564,246.8,0.4986,1.4958,248.46,243.04,248.91,429.94,425.75,426.56,427.46,0.0,0.042,1.4538,0.0,0.0013,0.3551,0.0632,0,0,0.0632,0.3721,0,0.0102,0.3619,0.9846,1,1,0.9845,50.1,423.81,263.15,0,1,2025-09-30 10:59:44,15.0,64.5,,0,0,,1
2025-09-30 11:00:29,322.28,0.3554,246.8,0.4981,1.4944,249.59,241.75,249.06,430.67,425.14,426.34,427.27,0.0,0.0399,1.4545,0.0,0.0,0.3554,0.0637,0,0,0.0637,0.3719,0,0.0096,0.3623,0.9842,1,1,0.9842,50,423.82,263.15,0,1,2025-09-30 11:00:29,15.0,69.3,,0,0,,1
2025-09-30 11:01:14,322.28,0.3564,245.97,0.4984,1.4952,249.68,238.9,249.34,427.85,421.68,428.42,426.02,0.0,0.0424,1.4528,0.0,0.0013,0.3551,0.065,0,0,0.065,0.3724,0,0.0101,0.3622,0.9837,1,1,0.9836,50,423.82,263.15,0,1,2025-09-30 11:01:14,15.1,72.9,,0,0,,1
2025-09-30 11:01:59,322.28,0.356,246.23,0.4979,1.4939,249.74,239.48,249.49,429.18,423.44,426.58,426.51,0.0,0.044,1.4499,0.0,0.0015,0.3545,0.0655,0,0,0.0655,0.3723,0,0.0105,0.3617,0.9834,1,1,0.9833,50,423.83,263.15,0,1,2025-09-30 11:01:59,15.6,75.7,,0,0,,1
2025-09-30 11:02:44,322.29,0.3553,245.86,0.4969,1.4908000000000001,249.41,238.74,249.44,428.21,422.66,426.39,425.72,0.0,0.0416,1.4492,0.0,0.0012,0.354,0.0665,0,0,0.0665,0.3714,0,0.0099,0.3615,0.9829,1,1,0.9828,50,423.83,263.16,0,1,2025-09-30 11:02:44,15.7,77.7,,0,0,,1
2025-09-30 11:03:29,322.29,0.3548,246.53,0.4978,1.4936,249.16,240.92,249.52,429.6,423.04,428.2,426.57,0.0,0.042,1.4516,0.0,0.0,0.3548,0.0662,0,0,0.0662,0.3723,0,0.0101,0.3622,0.983,1,1,0.983,50,423.83,263.16,0,1,2025-09-30 11:03:29,15.8,79.4,,0,0,,1
2025-09-30 11:04:36,322.3,0.3561,246.9,0.4975,1.4925,250.91,239.99,249.82,430.01,422.66,430.15,427.46,0.0,0.0428,1.4497,0.0,0.0014,0.3547,0.0672,0,0.0011,0.0661,0.3724,0,0.0103,0.3622,0.9826,1,1,0.983,50,423.84,263.16,0,1,2025-09-30 11:04:36,16.4,81.6,,0,0,,1
2025-09-30 11:05:21,322.31,0.3556,247.29,0.4967,1.4901,249.8,242.07,250.02,431.16,425.11,428.5,428.31,0.0,0.042,1.4481,0.0,0.0011,0.3545,0.0668,0,0,0.0668,0.3722,0,0.0102,0.3621,0.9828,1,1,0.9827,50,423.85,263.16,0,1,2025-09-30 11:05:21,16.5,82.7,,0,0,,1
2025-09-30 11:06:06,322.31,0.3564,247.1,0.4966,1.4899,250.77,240.34,250.19,430.6,424.85,428.25,427.79,0.0,0.0412,1.4487,0.0,0.0014,0.355,0.0667,0,0,0.0667,0.3724,0,0.0099,0.3625,0.9829,1,1,0.9828,50,423.85,263.16,0,1,2025-09-30 11:06:06,16.5,83.7,,0,0,,1
2025-09-30 11:06:51,322.31,0.356,247.34,0.4965,1.4896,250.57,241.47,250,431.5,424.33,429.21,428.2,0.0,0.0424,1.4472,0.0,0.0016,0.3544,0.0662,0,0,0.0662,0.372,0,0.0102,0.3618,0.9831,1,1,0.983,50,423.86,263.16,0,1,2025-09-30 11:06:51,16.6,84.2,,0,0,,1
2025-09-30 11:07:36,322.32,0.3566,247.58,0.4969,1.4909000000000001,250.72,241.65,250.37,431.84,427.02,427.26,428.68,0.0,0.0416,1.4493,0.0,0.0013,0.3554,0.0664,0,0,0.0664,0.3729,0,0.0101,0.3629,0.9831,1,1,0.9829,50.1,423.86,263.16,0,1,2025-09-30 11:07:36,16.7,85.1,,0,0,,1
2025-09-30 11:08:21,322.32,0.356,247,0.4962,1.4888000000000001,251.53,239.17,250.3,429.99,423.69,429.55,427.77,0.0,0.042,1.4468,0.0,0.0014,0.3546,0.0665,0,0,0.0665,0.3722,0,0.01,0.3621,0.983,1,1,0.9828,50.1,423.87,263.16,0,1,2025-09-30 11:08:21,17.2,85.6,,0,0,,1
2025-09-30 11:09:06,322.33,0.3552,247.4,0.4959,1.4877,250.2,241.88,250.12,431.91,426.26,427.03,428.56,0.0,0.042,1.4457,0.0,0.001,0.3542,0.066,0,0,0.066,0.3718,0,0.0102,0.3616,0.9831,1,1,0.983,50.1,423.87,263.16,0,1,2025-09-30 11:09:06,17.3,86,,0,0,,1
2025-09-30 11:09:51,322.33,0.3577,247.25,0.497,1.4911999999999999,250.91,240.08,250.78,430.79,425.38,428.29,428.28,0.0,0.0412,1.45,0.0,0.0016,0.3561,0.0664,0,0,0.0664,0.3735,0,0.0099,0.3636,0.9831,1,1,0.983,50.1,423.88,263.16,0,1,2025-09-30 11:09:51,17.3,86.6,,0,0,,1
2025-09-30 11:10:36,322.34,0.3563,247.08,0.4957,1.4872,250.72,240.01,250.51,430.62,424.01,428.97,427.96,0.0,0.0403,1.4469,0.0,0.0013,0.355,0.0663,0,0,0.0663,0.3721,0,0.0097,0.3625,0.9831,1,1,0.983,50.1,423.88,263.16,0,1,2025-09-30 11:10:36,17.4,86.8,,0,0,,1
2025-09-30 11:11:21,322.34,0.3562,247.13,0.4964,1.4894,250.07,240.76,250.56,430.67,425.5,427.65,427.93,0.0,0.042,1.4474,0.0,0.0012,0.3551,0.0677,0,0.001,0.0667,0.3728,0,0.0101,0.3627,0.9824,1,1,0.9828,50.1,423.88,263.17,0,1,2025-09-30 11:11:21,17.5,87.2,,0,0,,1
2025-09-30 11:12:06,322.35,0.3568,247.23,0.4969,1.4909,249.61,241.3,250.8,431.03,426.66,426.61,428.07,0.0,0.0428,1.4481,0.0,0.0012,0.3556,0.0669,0,0,0.0669,0.3735,0,0.0103,0.3632,0.9828,1,1,0.9827,50.1,423.89,263.17,0,1,2025-09-30 11:12:06,17.9,87.5,,0,0,,1
2025-09-30 11:12:51,322.35,0.3568,247.41,0.4966,1.4898,250.31,241.14,250.8,431.86,425.3,428.12,428.54,0.0,0.0424,1.4474,0.0,0.0014,0.3554,0.067,0,0,0.067,0.3732,0,0.0102,0.363,0.9828,1,1,0.9826,50.1,423.89,263.17,0,1,2025-09-30 11:12:51,18.0,87.8,,0,0,,1
2025-09-30 11:13:36,322.35,0.3541,247.04,0.4957,1.4873,250.78,240.37,249.97,430.99,425.23,427.1,427.78,0.0,0.042,1.4453,0.0,0.0,0.3541,0.0651,0,0,0.0651,0.3714,0,0.0101,0.3613,0.9835,1,1,0.9835,50.1,423.9,263.17,0,1,2025-09-30 11:13:36,18.1,88,,0,0,,1
2025-09-30 11:14:21,322.36,0.3562,246.92,0.4962,1.4886000000000001,250.5,240.11,250.17,430.81,423.9,428.07,427.76,0.0,0.042,1.4466,0.0,0.0016,0.3547,0.0651,0,0,0.0651,0.372,0,0.0101,0.3619,0.9836,1,1,0.9835,50.1,423.9,263.17,0,1,2025-09-30 11:14:21,18.1,88.3,,0,0,,1
2025-09-30 11:15:06,322.36,0.3576,247.07,0.4978,1.4936,250.86,240.24,250.13,431.24,423.14,429.22,422.71,0.0,0.0428,1.4508,0.0,0.0019,0.3557,0.0649,0,0,0.0649,0.3732,0,0.0103,0.3629,0.9839,1,1,0.9837,50.1,423.91,263.17,0,1,2025-09-30 11:15:06,18.2,88.4,,0,0,,1
2025-09-30 11:15:51,322.37,0.3562,247,0.4953,1.486,250.76,239.75,250.49,430.25,423.04,429.95,427.32,0.0,0.0403,1.4457,0.0,0.0015,0.3548,0.0655,0,0,0.0655,0.3718,0,0.0097,0.3621,0.9834,1,1,0.9833,50.1,423.91,263.17,0,1,2025-09-30 11:15:51,18.2,88.6,,0,0,,1
2025-09-30 11:16:36,322.37,0.356,247.06,0.4957,1.4873,249.9,240.97,250.32,431.17,426.45,425.73,427.91,0.0,0.0416,1.4457,0.0,0.0014,0.3545,0.0658,0,0,0.0658,0.3719,0,0.01,0.3619,0.9833,1,1,0.9832,50.1,423.92,263.17,0,1,2025-09-30 11:16:36,18.3,88.7,,0,0,,1
2025-09-30 11:17:21,322.38,0.3557,246.97,0.4954,1.4862,251.19,239.15,250.58,429.93,423.52,429.63,427.95,0.0,0.0424,1.4438,0.0,0.0014,0.3543,0.0664,0,0,0.0664,0.3719,0,0.0101,0.3618,0.983,1,1,0.9828,50.1,423.92,263.17,0,1,2025-09-30 11:17:21,18.7,88.8,,0,0,,1
2025-09-30 11:18:06,322.38,0.3563,247.5,0.4955,1.4866,251.06,240.67,250.77,431.7,425.48,428.54,428.32,0.0,0.0408,1.4458,0.0,0.0014,0.3549,0.0671,0,0,0.0671,0.3724,0,0.0098,0.3626,0.9827,1,1,0.9826,50,423.93,263.17,0,1,2025-09-30 11:18:06,18.8,89,,0,0,,1
2025-09-30 11:18:51,322.39,0.3563,247.1,0.4954,1.4862000000000002,248.96,241.51,250.84,430.7,426.73,426.19,427.67,0.0,0.0416,1.4446,0.0,0.0016,0.3547,0.0672,0,0,0.0672,0.3724,0,0.01,0.3624,0.9826,1,1,0.9825,50,423.93,263.17,0,1,2025-09-30 11:18:51,18.8,89.1,,0,0,,1
2025-09-30 11:19:36,322.39,0.3544,247.14,0.4951,1.4853,250.76,239.91,250.76,430.95,423.81,429.15,427.9,0.0,0.0416,1.4437,0.0,0.0,0.3544,0.0669,0,0,0.0669,0.372,0,0.01,0.362,0.9826,1,1,0.9826,50.1,423.94,263.17,0,1,2025-09-30 11:19:36,18.9,89.4,,0,0,,1
2025-09-30 11:20:21,322.39,0.3558,247.4,0.4954,1.4863000000000002,249.91,241.6,250.7,431.7,425.14,428.41,428.38,0.0,0.0416,1.4447,0.0,0.0012,0.3546,0.0669,0,0,0.0669,0.3722,0,0.0101,0.3622,0.9827,1,1,0.9826,50.1,423.94,263.18,0,1,2025-09-30 11:20:21,18.9,89.7,,0,0,,1
2025-09-30 11:21:06,322.4,0.3544,247.26,0.4955,1.4866,249.71,241.54,250.55,431.65,424.68,428.2,428.52,0.0,0.0424,1.4442,0.0,0.0,0.3544,0.0662,0,0,0.0662,0.3721,0,0.0102,0.3618,0.9829,1,1,0.9829,50.1,423.95,263.18,0,1,2025-09-30 11:21:06,19.0,89.6,,0,0,,1
2025-09-30 11:21:51,322.43,3.8781,246.03,7.7043,23.1129,248.62,239.45,250.04,428.8,420.9,428.5,425.82,8.512,6.9518,7.6491,1.4744,0.9293,1.4743,4.1091,1.515,1.3772,1.2169,5.6934,2.1163,1.6646,1.9126,0.6863,0.6974,0.5593,0.7712,50.1,423.99,263.2,1,1,2025-09-30 11:21:51,19.0,89.2,,1,0,,0
2025-09-30 11:22:36,322.48,4.0826,246.54,7.8807,23.6423,247.43,242.27,249.92,429.43,426.46,424.88,426.92,8.295,7.6721,7.6752,1.5277,1.133,1.4219,4.1245,1.3681,1.4701,1.2863,5.8293,2.0524,1.8587,1.9182,0.7034,0.7449,0.6104,0.7415,50.1,424.06,263.25,1,1,2025-09-30 11:22:36,19.0,82.1,,1,0,,0
2025-09-30 11:23:21,322.53,4.1511,246.19,7.9509,23.8528,248.81,239.98,249.78,429.05,421.81,428.15,425.96,8.7831,7.2493,7.8204,1.5861,1.0254,1.5396,4.1016,1.4999,1.4014,1.2003,5.8784,2.1853,1.7397,1.9534,0.7113,0.7265,0.5904,0.7886,50.1,424.14,263.31,1,1,2025-09-30 11:23:21,18.8,77.5,,1,0,,0
2025-09-30 11:24:06,322.58,4.1803,246.29,7.9582,23.8748,247.98,240.71,250.18,428.9,425.4,425.12,426.47,8.4815,7.5651,7.8282,1.5599,1.1235,1.4968,4.098,1.4078,1.4291,1.2611,5.8827,2.1032,1.821,1.9585,0.714,0.7423,0.618,0.7647,50.1,424.2,263.36,1,1,2025-09-30 11:24:06,18.3,74.4,,1,0,,0
2025-09-30 11:24:51,322.63,4.1854,246.21,7.9685,23.9055,249.39,238.71,250.55,428.34,423.94,426.77,426.51,8.8385,7.0927,7.9743,1.5801,1.0078,1.5975,4.0889,1.534,1.3569,1.198,5.8953,2.2042,1.6931,1.998,0.7153,0.7174,0.5962,0.8,50.1,424.28,263.41,1,1,2025-09-30 11:24:51,18.0,73.7,,1,0,,0
2025-09-30 11:25:36,322.68,4.1577,245.93,7.9314,23.7944,248.67,238.64,250.48,427.88,422.35,427.38,425.87,8.6782,7.1787,7.9375,1.5547,1.0341,1.5689,4.0753,1.4938,1.362,1.2196,5.8593,2.158,1.7131,1.9882,0.7141,0.721,0.6047,0.7895,50.1,424.35,263.46,1,1,2025-09-30 11:25:36,17.4,73.3,,1,0,,0
2025-09-30 11:26:21,322.74,4.1255,246.54,7.8994,23.6984,248.24,240.85,250.55,429.43,426.79,424.45,426.89,8.4332,7.4332,7.832,1.5333,1.0937,1.4985,4.1001,1.4222,1.413,1.265,5.8461,2.0935,1.7903,1.9623,0.7092,0.7331,0.6121,0.7641,50.1,424.43,263.51,1,1,2025-09-30 11:26:21,17.3,71.8,,1,0,,0
2025-09-30 11:27:06,322.79,4.154,246.15,7.9316,23.7949,249.37,239.34,249.75,428.52,421.86,428.48,426.32,8.8563,7.036,7.9026,1.5853,0.9864,1.5823,4.0726,1.5344,1.3607,1.1776,5.8662,2.2085,1.684,1.9737,0.714,0.7185,0.5869,0.8022,50.1,424.5,263.56,1,1,2025-09-30 11:27:06,17.2,70.6,,1,0,,0
2025-09-30 11:27:51,322.84,4.2004,246.88,7.9654,23.8964,248.82,241.9,249.94,430.74,424.59,427.27,427.53,8.5649,7.4833,7.8482,1.5793,1.1073,1.5138,4.1007,1.4276,1.4278,1.2453,5.9029,2.1311,1.8102,1.9616,0.7155,0.7418,0.6128,0.7722,50.2,424.57,263.61,1,1,2025-09-30 11:27:51,16.6,69.1,,1,0,,0
2025-09-30 11:28:36,322.89,4.1807,246.71,7.9417,23.8253,248.4,241.86,249.88,429.75,425.09,426.89,427.19,8.5344,7.3769,7.914,1.5569,1.0943,1.5295,4.0924,1.4356,1.4049,1.2519,5.8817,2.1199,1.7842,1.9776,0.7146,0.7351,0.6144,0.7738,50.2,424.65,263.66,1,1,2025-09-30 11:28:36,16.5,68.5,,1,0,,0
2025-09-30 11:29:21,322.95,4.1595,246.9,7.933,23.7991,249.12,241.82,249.76,430.43,423.9,428.4,427.57,8.6258,7.3472,7.8261,1.5752,1.064,1.5203,4.1042,1.4584,1.4189,1.2269,5.8802,2.1489,1.7767,1.9546,0.7118,0.7337,0.5999,0.7782,50.2,424.72,263.72,1,1,2025-09-30 11:29:21,16.4,68.8,,1,0,,0
2025-09-30 11:30:06,323,4.1626,247.04,7.9335,23.8006,249.08,241.68,250.38,431.01,425.95,426.39,427.73,8.5501,7.4726,7.7779,1.5722,1.0905,1.4999,4.1091,1.4334,1.4354,1.2404,5.8831,2.1297,1.806,1.9474,0.7116,0.7389,0.6049,0.7706,50.2,424.79,263.77,1,1,2025-09-30 11:30:06,16.0,68.5,,1,0,,0
2025-09-30 11:30:51,323.05,4.16,245.4,7.8905,23.6715,247.71,239.1,249.41,427.61,421.79,425.49,425.05,8.6641,7.1058,7.9016,1.5603,1.0318,1.5678,4.0086,1.4707,1.3457,1.1922,5.8159,2.1462,1.699,1.9707,0.72,0.7232,0.602,0.8005,50.2,424.87,263.82,1,1,2025-09-30 11:30:51,15.9,66.7,,1,0,,0
2025-09-30 11:31:36,323.1,4.1016,244.8,7.8075,23.4226,246.08,239.21,249.13,426.72,421.45,423.53,423.9,8.4514,7.1862,7.785,1.5261,1.0584,1.5172,3.9664,1.4096,1.3504,1.2064,5.7382,2.0797,1.719,1.9395,0.7188,0.7345,0.6168,0.7821,50.1,424.94,263.87,1,1,2025-09-30 11:31:36,15.8,66.4,,1,0,,0
2025-09-30 11:32:21,323.15,4.1954,244.99,7.8955,23.6866,246.13,239.62,249.23,426.93,422.38,423.37,424.28,8.4971,7.3598,7.8297,1.5589,1.1017,1.5348,3.9796,1.3998,1.3658,1.214,5.8063,2.0914,1.7636,1.9514,0.7255,0.7462,0.6283,0.7821,50.1,425.01,263.92,1,1,2025-09-30 11:32:21,15.7,65.5,,1,0,,0
2025-09-30 11:33:06,323.2,4.1688,244.99,7.8778,23.6334,246.51,239.52,248.96,426.59,421.17,425.03,424.48,8.6126,7.157,7.8638,1.5596,1.0622,1.547,3.9796,1.4317,1.3515,1.1964,5.7951,2.1231,1.7142,1.9578,0.7233,0.7358,0.6168,0.7936,50.2,425.08,263.97,1,1,2025-09-30 11:33:06,15.7,65.6,,1,0,,0
2025-09-30 11:33:51,323.26,4.2498,244.87,7.9544,23.8632,245.93,239.77,248.92,426.59,422.24,423.26,424.03,8.6222,7.2842,7.9568,1.5722,1.1135,1.5641,3.9684,1.4039,1.3512,1.2133,5.8476,2.1205,1.7465,1.9806,0.7308,0.7454,0.633,0.7937,50.1,425.16,264.02,1,1,2025-09-30 11:33:51,15.6,67.3,,1,0,,0
2025-09-30 11:34:36,323.31,4.2836,245.26,8.0069,24.0209,246.14,240.39,249.25,426.59,423.28,424.29,424.43,8.6563,7.4154,7.9492,1.5872,1.1347,1.5617,3.9831,1.3968,1.3678,1.2185,5.8946,2.1307,1.7826,1.9813,0.7323,0.7492,0.6321,0.7902,50.1,425.23,264.07,1,1,2025-09-30 11:34:36,15.6,65.9,,1,0,,0
2025-09-30 11:35:21,323.36,4.0806,246.14,7.8257,23.4773,248.06,240.4,249.98,428.41,423.33,427.04,426.14,8.5139,7.2112,7.7522,1.5363,1.0369,1.5075,4.0469,1.446,1.385,1.2159,5.7834,2.112,1.7336,1.9379,0.71,0.7281,0.5993,0.7783,50.2,425.3,264.12,1,1,2025-09-30 11:35:21,15.1,64.8,,1,0,,0
2025-09-30 11:36:06,323.38,0.3632,247.06,0.5034,1.5102,249.56,240.64,251,430.9,424.21,428.36,427.6,0.0,0.0416,1.4686,0.0,0.0015,0.3618,0.064,0,0,0.064,0.3786,0,0.01,0.3686,0.9848,1,1,0.9847,50.1,425.33,264.13,0,1,2025-09-30 11:36:06,15.1,64.2,,0,0,,1
2025-09-30 11:36:51,323.38,0.3625,247.14,0.5022,1.5068,249.38,240.47,251.57,431.38,424.31,428.08,427.95,0.0,0.0424,1.4644,0.0,0.0014,0.3611,0.0659,0,0,0.0659,0.3786,0,0.0102,0.3684,0.9838,1,1,0.9837,50.2,425.33,264.13,0,1,2025-09-30 11:36:51,15.1,67,,0,0,,1
2025-09-30 11:37:36,323.39,0.3621,246.91,0.5022,1.5068000000000001,248.91,240.38,251.44,430.57,426.43,425.49,427.6,0.0,0.042,1.4648,0.0,0.0011,0.361,0.0658,0,0,0.0658,0.3784,0,0.0101,0.3683,0.9838,1,1,0.9837,50.2,425.34,264.13,0,1,2025-09-30 11:37:36,15.1,71.1,,0,0,,1
2025-09-30 11:38:21,323.39,0.3611,247.18,0.5009,1.5029000000000001,250.12,239.83,251.61,431.04,425.56,427.38,427.99,0.0,0.042,1.4609,0.0,0.001,0.3601,0.0669,0,0,0.0669,0.3776,0,0.0101,0.3676,0.9832,1,1,0.9831,50.2,425.34,264.13,0,1,2025-09-30 11:38:21,15.6,74.4,,0,0,,1
2025-09-30 11:39:06,323.4,0.3602,246.86,0.4994,1.4983,249.66,239.54,251.4,430.09,424.05,428.28,427.32,0.0,0.0412,1.4571,0.0,0.0014,0.3588,0.0666,0,0,0.0666,0.3762,0,0.0099,0.3663,0.9833,1,1,0.9831,50.1,425.35,264.14,0,1,2025-09-30 11:39:06,15.7,76.6,,0,0,,1
2025-09-30 11:39:51,323.4,0.3607,247.2,0.5,1.5,249.3,240.91,251.41,431.32,427.26,425.43,428.15,0.0,0.0416,1.4584,0.0,0.0016,0.3591,0.0671,0,0,0.0671,0.3767,0,0.01,0.3667,0.9831,1,1,0.9829,50.1,425.35,264.14,0,1,2025-09-30 11:39:51,15.8,78.6,,0,0,,1
2025-09-30 11:40:36,323.41,0.3596,247,0.4995,1.4987,250.18,239.55,251.27,430.59,423.17,429.38,427.81,0.0,0.0424,1.4563,0.0,0.0013,0.3584,0.067,0,0,0.067,0.3761,0,0.0102,0.3659,0.983,1,1,0.9829,50.1,425.35,264.14,0,1,2025-09-30 11:40:36,15.9,80.1,,0,0,,1
2025-09-30 11:41:21,323.41,0.3607,247.81,0.5002,1.5007,249.81,242.12,251.5,432.36,427.06,427.87,428.95,0.0,0.0424,1.4583,0.0,0.0015,0.3592,0.0671,0,0,0.0671,0.377,0,0.0103,0.3668,0.9831,1,1,0.983,50.1,425.36,264.14,0,1,2025-09-30 11:41:21,16.4,81.6,,0,0,,1
2025-09-30 11:42:06,323.42,0.3604,247,0.5,1.5,249.86,239.69,251.46,430.66,425.03,427.36,427.71,0.0,0.042,1.458,0.0,0.0013,0.3591,0.0669,0,0,0.0669,0.3767,0,0.0101,0.3666,0.9832,1,1,0.983,50.2,425.36,264.14,0,1,2025-09-30 11:42:06,16.5,82.7,,0,0,,1
2025-09-30 11:42:51,323.42,0.3603,247.5,0.4994,1.4983000000000002,249.49,241.63,251.4,431.5,426.46,427.77,428.47,0.0,0.0416,1.4567,0.0,0.0015,0.3587,0.0668,0,0,0.0668,0.3763,0,0.0101,0.3662,0.9832,1,1,0.983,50.1,425.37,264.14,0,1,2025-09-30 11:42:51,16.6,83.7,,0,0,,1
2025-09-30 11:43:36,323.43,0.3597,247.4,0.4986,1.4957999999999998,249.26,241.17,251.78,431.57,425.74,427.84,428.39,0.0,0.0412,1.4546,0.0,0.0013,0.3585,0.0679,0,0,0.0679,0.3762,0,0.0099,0.3662,0.9826,1,1,0.9825,50.1,425.37,264.14,0,1,2025-09-30 11:43:36,16.6,84.3,,0,0,,1
2025-09-30 11:44:21,323.43,0.3606,247.83,0.4988,1.4966000000000002,248.81,242.6,252.1,432.05,427.84,427.53,429.15,0.0,0.0416,1.455,0.0,0.0016,0.359,0.0684,0,0,0.0684,0.3769,0,0.0101,0.3668,0.9824,1,1,0.9823,50.2,425.38,264.14,0,1,2025-09-30 11:44:21,16.7,85.1,,0,0,,1
2025-09-30 11:45:06,323.43,0.3577,247.21,0.4974,1.4923,250.29,240.32,251.04,431.27,424.03,428.96,428.19,0.0,0.042,1.4503,0.0,0.0013,0.3564,0.0672,0,0,0.0672,0.3742,0,0.0101,0.3641,0.9828,1,1,0.9826,50.1,425.38,264.14,0,1,2025-09-30 11:45:06,17.2,85.8,,0,0,,1
2025-09-30 11:45:51,323.44,0.3565,247.54,0.4958,1.4873999999999998,249.05,242.91,250.66,432.24,427.81,425.82,428.47,0.0,0.0412,1.4462,0.0,0.0016,0.3549,0.0667,0,0,0.0667,0.3725,0,0.01,0.3625,0.9829,1,1,0.9828,50.1,425.39,264.14,0,1,2025-09-30 11:45:51,17.3,86.2,,0,0,,1
2025-09-30 11:46:43,323.45,0.3572,245.93,0.4963,1.4889,250.49,236.21,251.1,427.05,420.45,430.21,426.31,0.0,0.0408,1.4481,0.0,0.0013,0.3558,0.0676,0,0,0.0676,0.3733,0,0.0096,0.3636,0.9825,1,1,0.9824,50.1,425.39,264.14,0,1,2025-09-30 11:46:43,17.4,86.9,,0,0,,1
2025-09-30 11:47:28,323.45,0.359,247.76,0.4979,1.4939,248.61,242.97,251.7,431.67,429.9,425.39,428.88,0.0,0.0424,1.4515,0.0,0.0014,0.3576,0.0679,0,0,0.0679,0.3756,0,0.0103,0.3653,0.9825,1,1,0.9824,50.1,425.4,264.14,0,1,2025-09-30 11:47:28,17.5,87.4,,0,0,,1
2025-09-30 11:48:13,323.45,0.3582,247.01,0.499,1.4971,250.74,238.62,251.67,430.65,423.43,429.04,427.77,0.0,0.0424,1.4547,0.0,0.0,0.3582,0.0685,0,0,0.0685,0.3762,0,0.0101,0.3661,0.9821,1,1,0.9821,50.1,425.4,264.15,0,1,2025-09-30 11:48:13,17.9,88.1,,0,0,,1
2025-09-30 11:48:58,323.46,0.3596,247.7,0.4986,1.4958,250.12,240.91,252.09,431.96,425.3,429.52,428.75,0.0,0.0424,1.4534,0.0,0.0011,0.3584,0.0688,0,0,0.0688,0.3766,0,0.0102,0.3664,0.9821,1,1,0.982,50.1,425.41,264.15,0,1,2025-09-30 11:48:58,18.0,88.3,,0,0,,1
2025-09-30 11:49:43,323.46,0.3594,247.78,0.4974,1.4924,251.34,239.72,252.28,432.63,424.91,429.51,429.07,0.0,0.0403,1.4521,0.0,0.0011,0.3583,0.0691,0,0,0.0691,0.376,0,0.0097,0.3663,0.982,1,1,0.9819,50,425.41,264.15,0,1,2025-09-30 11:49:43,18.0,88.5,,0,0,,1
2025-09-30 11:50:28,323.47,0.3588,248.03,0.4975,1.4927000000000001,251.17,240.93,251.99,432.84,425.54,430.07,429.4,0.0,0.0416,1.4511,0.0,0.0011,0.3577,0.0688,0,0,0.0688,0.3757,0,0.01,0.3657,0.9821,1,1,0.982,50.1,425.42,264.15,0,1,2025-09-30 11:50:28,18.1,88.6,,0,0,,1
2025-09-30 11:51:13,323.47,0.3595,248.72,0.4975,1.4927,250.3,243.53,252.34,433.47,430.94,427.56,430.79,0.0,0.0403,1.4524,0.0,0.0011,0.3584,0.0693,0,0,0.0693,0.3763,0,0.0098,0.3665,0.9819,1,1,0.9818,50.1,425.42,264.15,0,1,2025-09-30 11:51:13,18.2,88.8,,0,0,,1
2025-09-30 11:51:58,323.48,0.3581,248.28,0.4971,1.4915,251.24,241.26,252.34,432.99,425.22,431.6,429.91,0.0,0.0403,1.4512,0.0,0.0,0.3581,0.0693,0,0,0.0693,0.3759,0,0.0097,0.3662,0.9817,1,1,0.9817,50,425.43,264.15,0,1,2025-09-30 11:51:58,18.2,88.9,,0,0,,1
2025-09-30 11:52:43,323.48,0.3608,248.94,0.4988,1.4966000000000002,250.82,243.51,252.49,434.23,430.01,428.89,430.8,0.0,0.0416,1.455,0.0,0.0014,0.3594,0.069,0,0,0.069,0.3775,0,0.0101,0.3674,0.9822,1,1,0.982,50.1,425.43,264.15,0,1,2025-09-30 11:52:43,18.3,89.1,,0,0,,1
2025-09-30 11:53:51,323.49,0.3619,249.12,0.4986,1.4959,251.92,242.35,253.09,434.31,428.76,431.03,431.45,0.0,0.0408,1.4551,0.0,0.0017,0.3602,0.0692,0,0,0.0692,0.3782,0,0.0099,0.3683,0.9822,1,1,0.982,50.1,425.44,264.15,0,1,2025-09-30 11:53:51,18.7,89.2,,0,0,,1
2025-09-30 11:54:36,323.49,0.3596,249.5,0.498,1.494,252.15,243.29,253.06,435.13,430.38,430.54,432.15,0.0,0.0408,1.4532,0.0,0.0,0.3596,0.0695,0,0,0.0695,0.3777,0,0.0099,0.3677,0.9818,1,1,0.9818,50.1,425.45,264.15,0,1,2025-09-30 11:54:36,18.8,89.3,,0,0,,1
2025-09-30 11:55:21,323.5,0.3614,249.59,0.4989,1.4967000000000001,252.55,243.01,253.23,435.24,429.24,432.14,432.15,0.0,0.042,1.4547,0.0,0.0011,0.3603,0.0693,0,0,0.0693,0.3786,0,0.0102,0.3684,0.9821,1,1,0.982,50.1,425.45,264.15,0,1,2025-09-30 11:55:21,18.8,89.5,,0,0,,1
2025-09-30 11:56:06,323.5,0.3611,250.05,0.4979,1.4939,252.23,244.98,252.96,436.29,431.04,431.71,433.2,0.0,0.0408,1.4531,0.0,0.0015,0.3596,0.0688,0,0,0.0688,0.3776,0,0.01,0.3676,0.9823,1,1,0.9821,50.1,425.45,264.16,0,1,2025-09-30 11:56:06,18.9,89.7,,0,0,,1
2025-09-30 11:56:51,323.51,0.3621,249.83,0.4984,1.4954,252.71,243.35,253.43,434.81,429.61,433.5,432.66,0.0,0.0403,1.4551,0.0,0.0015,0.3606,0.0696,0,0,0.0696,0.3786,0,0.0098,0.3688,0.982,1,1,0.9818,50.1,425.46,264.16,0,1,2025-09-30 11:56:51,18.9,89.7,,0,0,,1
2025-09-30 11:57:36,323.51,0.3619,250.87,0.4988,1.4966,252.77,246.65,253.21,437.17,433.87,432.28,434.39,0.0,0.0412,1.4554,0.0,0.0013,0.3605,0.0687,0,0,0.0687,0.3787,0,0.0102,0.3685,0.9824,1,1,0.9823,50.1,425.46,264.16,0,1,2025-09-30 11:57:36,19.0,89.9,,0,0,,1
2025-09-30 11:58:21,323.54,4.096,249.42,7.9935,23.9807,250.99,245.11,252.18,433.94,430.93,430.99,431.9,8.5529,7.595,7.8328,1.5483,1.0827,1.465,4.3169,1.4834,1.5101,1.3234,5.9836,2.1467,1.8616,1.9753,0.6883,0.722,0.5826,0.742,50.1,425.5,264.18,1,1,2025-09-30 11:58:21,19.0,89.5,,1,0,,0
2025-09-30 11:59:06,323.59,4.3713,249.15,8.2372,24.7117,251.17,243.52,252.76,434.2,429.17,430.96,431.65,8.8715,7.6995,8.1407,1.6359,1.1477,1.5877,4.2949,1.5095,1.4782,1.3072,6.1609,2.2283,1.875,2.0576,0.7133,0.7349,0.6132,0.7719,50.1,425.58,264.24,1,1,2025-09-30 11:59:06,19.0,83.4,,1,0,,0
2025-09-30 11:59:51,323.65,4.3996,248.89,8.2609,24.7829,251.3,242.79,252.58,433.65,430.45,428.75,431.11,8.9535,7.6635,8.1659,1.6521,1.1394,1.6082,4.2801,1.5241,1.4664,1.2896,6.1732,2.25,1.8606,2.0625,0.7167,0.735,0.6135,0.7801,50.1,425.66,264.29,1,1,2025-09-30 11:59:51,18.8,79.2,,1,0,,0
2025-09-30 12:00:57,323.74,4.3991,249.35,8.2831,24.8494,254.21,243.54,250.31,435.19,428.78,431.5,431.68,9.1115,7.6666,8.0713,1.7092,1.0998,1.5901,4.3087,1.5596,1.5047,1.2444,6.2037,2.3162,1.8671,2.0203,0.7144,0.7386,0.5901,0.7875,50,425.79,264.39,1,1,2025-09-30 12:00:57,18.1,75.2,,1,0,,0
2025-09-30 12:01:42,323.8,4.3985,249.46,8.2907,24.8722,254.13,244.09,250.18,435.48,428.9,431.71,432,9.1148,7.6642,8.0932,1.7074,1.1002,1.5909,4.321,1.5616,1.5089,1.2504,6.2119,2.3163,1.8708,2.0248,0.7133,0.7379,0.5891,0.7862,50.1,425.87,264.44,1,1,2025-09-30 12:01:42,18.0,72.7,,1,0,,0
2025-09-30 12:02:27,323.85,4.4043,249.32,8.2911,24.8735,254.1,244.12,249.74,435.24,428.66,431.44,431.73,9.1445,7.6569,8.0721,1.7179,1.0968,1.5895,4.3081,1.5608,1.5093,1.238,6.2087,2.3236,1.8692,2.0159,0.7148,0.7401,0.5878,0.7889,50,425.95,264.49,1,1,2025-09-30 12:02:27,17.4,72.2,,1,0,,0
2025-09-30 12:03:12,323.91,4.1484,250.38,8.0778,24.2335,251.86,246.02,253.28,434.11,435.14,431.57,432.99,8.5247,7.7883,7.9205,1.5545,1.127,1.4668,4.3901,1.4778,1.5453,1.367,6.0692,2.147,1.9161,2.0061,0.6868,0.7247,0.5892,0.7315,50,426.03,264.55,1,1,2025-09-30 12:03:12,17.2,72.5,,1,0,,0
2025-09-30 12:03:57,323.96,4.2887,249.97,8.2002,24.6007,252.67,244.5,252.74,435.78,431.24,431.57,432.86,8.8797,7.6861,8.0349,1.6301,1.1069,1.5517,4.3612,1.5383,1.5146,1.3084,6.1536,2.2436,1.8793,2.0307,0.7011,0.7272,0.59,0.7645,50,426.1,264.6,1,1,2025-09-30 12:03:57,16.7,70.9,,1,0,,0
2025-09-30 12:04:42,324.01,4.1659,249.28,8.0689,24.206899999999997,252.29,242.19,253.37,434.14,428.31,432.57,432.1,8.9337,7.2433,8.0299,1.5805,0.9986,1.5868,4.3113,1.6028,1.4376,1.271,6.0427,2.2539,1.7543,2.0345,0.6948,0.7021,0.5704,0.7805,50,426.18,264.66,1,1,2025-09-30 12:04:42,16.6,70,,1,0,,0
2025-09-30 12:05:27,324.06,3.8575,249.08,7.7859,23.357699999999998,251.23,243.22,252.81,434.19,429.67,430.07,431.2,8.453,7.2677,7.637,1.4704,0.9618,1.4253,4.3075,1.5284,1.4787,1.3003,5.822,2.1236,1.7677,1.9307,0.6671,0.6932,0.5452,0.7387,50,426.25,264.71,1,1,2025-09-30 12:05:27,16.5,69.6,,1,0,,0
2025-09-30 12:06:12,324.11,4.1228,249.24,8.0147,24.0441,250.49,244.04,253.21,434.26,430.54,429.98,431.53,8.4795,7.6776,7.887,1.5351,1.1129,1.4748,4.3125,1.4646,1.503,1.3448,5.9947,2.124,1.8736,1.9971,0.691,0.7235,0.595,0.7389,50,426.33,264.77,1,1,2025-09-30 12:06:12,16.5,68.4,,1,0,,0
2025-09-30 12:06:57,324.16,4.0568,247.53,7.8967,23.6903,249.47,241.71,251.43,431.41,426.12,428.4,428.55,8.5206,7.385,7.7847,1.5269,1.0451,1.4848,4.1931,1.4759,1.4433,1.2739,5.868,2.1256,1.785,1.9573,0.6953,0.7189,0.5864,0.7589,50,426.4,264.82,1,1,2025-09-30 12:06:57,16.4,67.4,,1,0,,0
2025-09-30 12:08:04,324.25,3.995,247.61,7.8348,23.5044,249,242.13,251.71,431.45,427.62,427.2,428.72,8.421,7.2967,7.7867,1.4902,1.0306,1.4742,4.1913,1.4715,1.4303,1.2895,5.8236,2.0968,1.7668,1.96,0.6899,0.7115,0.5845,0.7526,50,426.53,264.91,1,1,2025-09-30 12:08:04,15.8,65.5,,1,0,,0
2025-09-30 12:08:49,324.31,4.1691,247.61,7.9886,23.9659,248.95,242.4,251.5,431.26,426.46,428.66,428.73,8.5815,7.4743,7.9101,1.556,1.0939,1.5192,4.1836,1.4607,1.4401,1.2828,5.9375,2.1364,1.8118,1.9894,0.7058,0.729,0.6048,0.764,50,426.61,264.97,1,1,2025-09-30 12:08:49,15.8,64.7,,1,0,,0
2025-09-30 12:09:34,324.36,4.199,247.33,8.0184,24.0552,249.08,241.71,251.21,430.63,427.22,427,428.35,8.7254,7.32,8.0098,1.569,1.0643,1.5657,4.1724,1.5008,1.4094,1.2622,5.9548,2.1733,1.7693,2.0121,0.7093,0.7226,0.6026,0.7785,50,426.68,265.02,1,1,2025-09-30 12:09:34,15.7,63.9,,1,0,,0
2025-09-30 12:10:19,324.41,4.0743,247.09,7.8979,23.6938,249.33,240.43,251.53,430.2,425.32,428.1,427.96,8.6219,7.1373,7.9346,1.5189,1.0078,1.5476,4.1597,1.5174,1.3843,1.2579,5.8615,2.1497,1.716,1.9958,0.6997,0.7074,0.5885,0.7759,50,426.75,265.07,1,1,2025-09-30 12:10:19,15.6,63.3,,1,0,,0
2025-09-30 12:11:04,324.46,4.0163,247.82,7.8562,23.5686,248.72,242.93,251.81,431.64,429.07,426.62,428.69,8.2587,7.5109,7.799,1.4807,1.0906,1.445,4.2071,1.4204,1.4584,1.3283,5.8426,2.0541,1.8246,1.9639,0.6905,0.7216,0.5988,0.7362,50,426.83,265.12,1,1,2025-09-30 12:11:04,15.1,63.1,,1,0,,0
2025-09-30 12:11:49,324.48,0.3647,248.78,0.504,1.5121,250.86,242.99,252.5,433.43,429.02,429.95,430.91,0.0,0.0416,1.4705,0.0,0.0011,0.3636,0.0677,0,0,0.0677,0.3814,0,0.0101,0.3713,0.9832,1,1,0.9831,50,426.85,265.14,0,1,2025-09-30 12:11:49,15.1,63.7,,0,0,,1
2025-09-30 12:12:34,324.48,0.3639,249.03,0.5022,1.5066,250.22,244.04,252.85,434.08,429.54,430.09,431.42,0.0,0.0412,1.4654,0.0,0.0013,0.3626,0.0689,0,0,0.0689,0.3806,0,0.0101,0.3705,0.9825,1,1,0.9824,50.1,426.85,265.14,0,1,2025-09-30 12:12:34,15.1,66.8,,0,0,,1
2025-09-30 12:13:19,324.48,0.3626,248.95,0.5013,1.504,249.74,244.54,252.59,433.24,430.03,430.11,430.89,0.0,0.0416,1.4624,0.0,0.001,0.3615,0.0686,0,0,0.0686,0.3796,0,0.0102,0.3694,0.9825,1,1,0.9824,50.1,426.86,265.14,0,1,2025-09-30 12:13:19,15.1,70.5,,0,0,,1
2025-09-30 12:14:04,324.49,0.3607,248.51,0.4996,1.4988000000000001,249.85,243.71,251.97,433.05,428.56,429.41,430.37,0.0,0.042,1.4568,0.0,0.0015,0.3593,0.0681,0,0,0.0681,0.3773,0,0.0102,0.3671,0.9826,1,1,0.9824,50.1,426.86,265.14,0,1,2025-09-30 12:14:04,15.2,74.3,,0,0,,1
2025-09-30 12:14:49,324.49,0.3617,248.32,0.5005,1.5017,249.83,243.24,251.91,432.3,427.51,430.31,429.91,0.0,0.0408,1.4609,0.0,0.0014,0.3603,0.0675,0,0,0.0675,0.3779,0,0.0099,0.368,0.983,1,1,0.9829,50.1,426.87,265.14,0,1,2025-09-30 12:14:49,15.7,77.5,,0,0,,1
2025-09-30 12:15:34,324.5,0.3601,248.19,0.5,1.5,249.66,242.57,252.34,432.21,426.78,430.37,429.75,0.0,0.0412,1.4588,0.0,0.0,0.3601,0.0694,0,0,0.0694,0.3781,0,0.01,0.3681,0.9819,1,1,0.9819,50,426.87,265.14,0,1,2025-09-30 12:15:34,15.8,79.1,,0,0,,1
2025-09-30 12:16:19,324.5,0.3613,248.3,0.4999,1.4999,249.57,243.02,252.31,432.56,428.75,428.55,429.93,0.0,0.0412,1.4587,0.0,0.0013,0.36,0.0692,0,0,0.0692,0.3781,0,0.01,0.368,0.9821,1,1,0.9819,50,426.88,265.14,0,1,2025-09-30 12:16:19,15.9,80.4,,0,0,,1
2025-09-30 12:17:04,324.51,0.3582,248.16,0.4985,1.4956999999999998,251.11,241.54,251.84,432.56,426.49,430.15,429.61,0.0,0.0412,1.4545,0.0,0.0,0.3582,0.0692,0,0,0.0692,0.3763,0,0.01,0.3663,0.9818,1,1,0.9818,50,426.88,265.14,0,1,2025-09-30 12:17:04,16.4,81.5,,0,0,,1
2025-09-30 12:17:49,324.51,0.361,249.13,0.4991,1.4975,251.95,242.75,252.69,434.36,430.42,429.3,431.41,0.0,0.0408,1.4567,0.0,0.0011,0.3599,0.07,0,0,0.07,0.378,0,0.0099,0.3681,0.9816,1,1,0.9815,50,426.89,265.14,0,1,2025-09-30 12:17:49,16.5,82.5,,0,0,,1
2025-09-30 12:18:34,324.52,0.3609,248.98,0.4994,1.4982,252.81,241.92,252.23,433.98,428.57,430.89,431.34,0.0,0.042,1.4562,0.0,0.0017,0.3592,0.0702,0,0.0011,0.0691,0.3775,0,0.0102,0.3673,0.9815,1,1,0.9819,50,426.89,265.14,0,1,2025-09-30 12:18:34,16.6,83.5,,0,0,,1
2025-09-30 12:19:19,324.52,0.3595,249.01,0.4974,1.4924,252.53,242.6,251.92,434.24,429.1,430.26,431.33,0.0,0.0412,1.4512,0.0,0.0019,0.3575,0.0689,0,0,0.0689,0.3756,0,0.01,0.3656,0.9821,1,1,0.9819,50,426.9,265.15,0,1,2025-09-30 12:19:19,16.7,84.2,,0,0,,1
2025-09-30 12:20:04,324.53,0.3592,249,0.4979,1.4937,251.82,243.4,251.79,434.16,429.58,429.8,431,0.0,0.0408,1.4529,0.0,0.0012,0.358,0.0681,0,0,0.0681,0.3758,0,0.0099,0.3658,0.9824,1,1,0.9823,50,426.9,265.15,0,1,2025-09-30 12:20:04,17.1,85,,0,0,,1
2025-09-30 12:20:49,324.53,0.3592,249.04,0.4983,1.495,251.65,243.59,251.88,434.03,429.42,430.32,431.08,0.0,0.042,1.453,0.0,0.0012,0.358,0.0689,0,0,0.0689,0.3762,0,0.0102,0.366,0.9821,1,1,0.9819,50.1,426.91,265.15,0,1,2025-09-30 12:20:49,17.2,85.5,,0,0,,1
2025-09-30 12:21:34,324.53,0.3592,248.75,0.4981,1.4943,251.84,242.75,251.66,433.02,428.88,430.39,430.69,0.0,0.042,1.4523,0.0,0.0015,0.3577,0.0678,0,0,0.0678,0.3757,0,0.0102,0.3655,0.9826,1,1,0.9824,50.1,426.91,265.15,0,1,2025-09-30 12:21:34,17.3,86,,0,0,,1
2025-09-30 12:22:19,324.54,0.3582,248.16,0.4975,1.4925000000000002,252.12,240.95,251.41,432.44,427.11,429.6,429.66,0.0,0.0416,1.4509,0.0,0.0014,0.3569,0.0683,0,0,0.0683,0.3748,0,0.01,0.3648,0.9823,1,1,0.9821,50,426.92,265.15,0,1,2025-09-30 12:22:19,17.4,86.4,,0,0,,1
2025-09-30 12:23:04,324.54,0.3561,248.68,0.4965,1.4896999999999998,250.3,244.61,251.15,433.49,430.44,427.99,430.53,0.0,0.0412,1.4485,0.0,0.0,0.3561,0.0672,0,0,0.0672,0.3739,0,0.0101,0.3638,0.9826,1,1,0.9826,50,426.92,265.15,0,1,2025-09-30 12:23:04,17.4,86.9,,0,0,,1
2025-09-30 12:23:49,324.55,0.3583,248.71,0.4975,1.4925,251.1,243.74,251.3,432.6,431.4,428.02,430.62,0.0,0.042,1.4505,0.0,0.0016,0.3567,0.0679,0,0,0.0679,0.3747,0,0.0102,0.3645,0.9824,1,1,0.9823,50,426.93,265.15,0,1,2025-09-30 12:23:49,17.5,87.3,,0,0,,1
2025-09-30 12:24:34,324.55,0.3557,247.77,0.4955,1.4867,251.36,241.4,250.55,431.15,426.41,429.68,429.02,0.0,0.0412,1.4455,0.0,0.0012,0.3545,0.067,0,0,0.067,0.3721,0,0.0099,0.3622,0.9827,1,1,0.9825,50,426.93,265.15,0,1,2025-09-30 12:24:34,18.0,87.5,,0,0,,1
2025-09-30 12:25:19,324.56,0.3543,247.95,0.4941,1.4825000000000002,250.82,242.79,250.26,431.74,428.03,428.42,429.31,0.0,0.0416,1.4409,0.0,0.0012,0.3531,0.0663,0,0,0.0663,0.3707,0,0.0101,0.3606,0.9829,1,1,0.9828,50,426.93,265.15,0,1,2025-09-30 12:25:19,18.0,87.9,,0,0,,1
2025-09-30 12:26:04,324.56,0.3555,247.43,0.4954,1.4864000000000002,250.8,241.39,250.12,430.5,425.66,429.38,428.66,0.0,0.0416,1.4448,0.0,0.0015,0.354,0.0659,0,0,0.0659,0.3714,0,0.01,0.3614,0.9832,1,1,0.9831,50,426.94,265.15,0,1,2025-09-30 12:26:04,18.1,88.1,,0,0,,1
2025-09-30 12:26:49,324.57,0.3556,247.49,0.4956,1.4869999999999999,250.26,242,250.21,431.66,427.12,426.89,428.73,0.0,0.0432,1.4438,0.0,0.0019,0.3538,0.0662,0,0,0.0662,0.3717,0,0.0105,0.3613,0.9831,1,1,0.9829,50,426.94,265.15,0,1,2025-09-30 12:26:49,18.1,88.3,,0,0,,1
2025-09-30 12:27:34,324.57,0.3535,246.9,0.494,1.4821,249.65,241.34,249.72,430.01,425.36,427.35,427.72,0.0,0.0416,1.4405,0.0,0.0012,0.3522,0.0661,0,0,0.0661,0.3698,0,0.01,0.3597,0.9829,1,1,0.9828,50,426.95,265.15,0,1,2025-09-30 12:27:34,18.2,88.5,,0,0,,1
2025-09-30 12:28:19,324.57,0.3546,246.92,0.4951,1.4855,250.24,240.88,249.66,429.86,424.82,428.19,427.49,0.0,0.0416,1.4439,0.0,0.0016,0.353,0.0659,0,0,0.0659,0.3705,0,0.01,0.3605,0.9831,1,1,0.983,49.9,426.95,265.16,0,1,2025-09-30 12:28:19,18.2,88.6,,0,0,,1
2025-09-30 12:29:04,324.58,0.3538,247.2,0.4941,1.4823,248.58,243.27,249.75,430.84,428.36,424.97,428.09,0.0,0.0408,1.4415,0.0,0.0012,0.3526,0.0661,0,0,0.0661,0.3699,0,0.0099,0.36,0.9829,1,1,0.9828,49.9,426.96,265.16,0,1,2025-09-30 12:29:04,18.3,88.9,,0,0,,1
2025-09-30 12:29:49,324.58,0.3522,246.93,0.4928,1.4784,249.82,241.71,249.27,430.45,425.47,426.95,427.57,0.0,0.0428,1.4356,0.0,0.0018,0.3503,0.0661,0,0,0.0661,0.3682,0,0.0103,0.3579,0.9828,1,1,0.9826,49.9,426.96,265.16,0,1,2025-09-30 12:29:49,18.7,89.9,,0,0,,1
2025-09-30 12:30:34,324.59,0.3511,246.45,0.4922,1.4767000000000001,249.59,240.8,248.96,429.1,424.32,426.97,426.79,0.0,0.042,1.4347,0.0,0.0013,0.3498,0.0655,0,0,0.0655,0.3673,0,0.0101,0.3572,0.983,1,1,0.9829,49.9,426.97,265.16,0,1,2025-09-30 12:30:34,18.8,89.7,,0,0,,1
2025-09-30 12:31:19,324.59,0.3507,247.2,0.4913,1.4739,249.52,243.49,248.6,430.94,426.42,426.98,428.08,0.0,0.0416,1.4323,0.0,0.0018,0.3489,0.0643,0,0,0.0643,0.3662,0,0.0101,0.3561,0.9835,1,1,0.9834,49.9,426.97,265.16,0,1,2025-09-30 12:31:19,18.8,89.5,,0,0,,1
2025-09-30 12:32:04,324.6,0.3495,246.98,0.4922,1.4767,249.39,242.85,248.72,429.94,426.03,427.26,427.8,0.0,0.0428,1.4339,0.0,0.0,0.3495,0.0644,0,0,0.0644,0.367,0,0.0104,0.3566,0.9834,1,1,0.9834,49.9,426.98,265.16,0,1,2025-09-30 12:32:04,18.9,89.5,,0,0,,1
2025-09-30 12:32:49,324.6,0.3511,247,0.4922,1.4768000000000001,248.71,243.21,249.1,430.25,427.62,425.37,427.84,0.0,0.042,1.4348,0.0,0.001,0.3501,0.0652,0,0,0.0652,0.3676,0,0.0102,0.3574,0.9832,1,1,0.9831,49.9,426.98,265.16,0,1,2025-09-30 12:32:49,18.9,89.8,,0,0,,1
2025-09-30 12:33:34,324.6,0.3508,246.23,0.4921,1.4765,249.13,240.81,248.76,428.56,423.7,427.04,426.33,0.0,0.0428,1.4337,0.0,0.0014,0.3494,0.065,0,0,0.065,0.367,0,0.0103,0.3566,0.9832,1,1,0.9831,49.9,426.99,265.16,0,1,2025-09-30 12:33:34,19.0,90.3,,0,0,,1
2025-09-30 12:34:19,324.63,3.7671,245.2,7.5768,22.730600000000003,247.33,240.35,247.92,427.05,424.06,422.7,424.45,8.0645,7.2017,7.4644,1.4208,0.9872,1.359,4.0689,1.3968,1.4177,1.2545,5.5761,1.9946,1.7309,1.8506,0.6793,0.7131,0.5714,0.7347,49.9,427.03,265.19,1,1,2025-09-30 12:34:19,19.0,89.8,,1,0,,0
2025-09-30 12:35:04,324.68,3.9408,243.92,7.6966,23.089799999999997,246.87,237.49,247.41,425.23,420.3,421.58,422.37,8.4324,6.966,7.6914,1.4849,0.9693,1.4867,3.9786,1.4558,1.3366,1.1862,5.639,2.0817,1.6544,1.9029,0.7037,0.714,0.587,0.7816,49.9,427.1,265.24,1,1,2025-09-30 12:35:04,19.0,83.8,,1,0,,0
2025-09-30 12:35:49,324.73,3.9276,243.78,7.6702,23.0108,245.97,238.13,247.26,425.16,419.48,421.81,422.2,8.2727,7.1117,7.6264,1.4711,1.0092,1.4473,3.9667,1.4033,1.3562,1.2072,5.614,2.0348,1.6935,1.8857,0.7035,0.7235,0.5969,0.7679,49.9,427.17,265.29,1,1,2025-09-30 12:35:49,18.9,78.3,,1,0,,0
2025-09-30 12:36:34,324.78,3.9737,243.59,7.7117,23.135099999999998,246.18,237.74,246.85,424.63,419.09,421.73,421.79,8.3644,7.0966,7.6741,1.4933,1.0092,1.4713,3.9541,1.4146,1.3479,1.1917,5.6406,2.0591,1.6871,1.8944,0.7088,0.7259,0.5993,0.777,49.9,427.24,265.34,1,1,2025-09-30 12:36:34,18.3,75.1,,1,0,,0
2025-09-30 12:37:19,324.83,3.9738,244.16,7.7168,23.1506,245.49,240.43,246.57,424.68,424.09,419.66,422.7,8.1271,7.3947,7.6288,1.4779,1.0871,1.4089,3.9834,1.3367,1.4022,1.2445,5.6541,1.9951,1.7779,1.881,0.7062,0.7416,0.6126,0.7494,49.9,427.31,265.39,1,1,2025-09-30 12:37:19,18.1,74.5,,1,0,,0
2025-09-30 12:38:04,324.88,3.9874,243.74,7.7241,23.1725,245.7,238.96,246.58,424.49,420.36,421.47,422.1,8.3111,7.1445,7.7169,1.4875,1.0336,1.4664,3.9625,1.3962,1.3549,1.2114,5.6521,2.042,1.7072,1.9028,0.7093,0.7291,0.6065,0.7709,49.9,427.38,265.44,1,1,2025-09-30 12:38:04,17.9,75,,1,0,,0
2025-09-30 12:38:49,324.93,3.9367,244.01,7.6795,23.0385,245.96,239.7,246.38,424.98,420.49,422.28,422.57,8.2454,7.1599,7.6332,1.477,1.0247,1.4351,3.9729,1.3865,1.3724,1.214,5.6249,2.028,1.7162,1.8807,0.7038,0.729,0.5982,0.7634,49.9,427.45,265.49,1,1,2025-09-30 12:38:49,17.4,72.4,,1,0,,0
2025-09-30 12:39:34,324.98,3.9164,243.62,7.6582,22.974800000000002,245.68,238.61,246.59,424.52,419.28,421.9,421.9,8.3178,6.9851,7.6719,1.4672,0.9861,1.4632,3.957,1.4196,1.3398,1.1976,5.602,2.0435,1.6667,1.8918,0.7034,0.7178,0.5939,0.7742,49.9,427.52,265.54,1,1,2025-09-30 12:39:34,17.3,69.6,,1,0,,0
2025-09-30 12:40:19,325.03,3.9605,243.06,7.6618,22.9856,243.89,238.94,246.36,424.64,419.18,418.81,420.85,8.0887,7.2403,7.6566,1.4565,1.0743,1.4297,3.9076,1.3274,1.3517,1.2286,5.589,1.9728,1.73,1.8863,0.7118,0.7391,0.6222,0.7584,49.9,427.59,265.59,1,1,2025-09-30 12:40:19,16.7,69.6,,1,0,,0
2025-09-30 12:41:04,325.08,3.8184,242.57,7.5248,22.5745,244.86,236.42,246.44,422.14,417.72,420.31,420.05,8.2508,6.6978,7.6259,1.4216,0.93,1.4667,3.883,1.4273,1.2828,1.1729,5.4831,2.0203,1.5835,1.8793,0.7011,0.7052,0.5859,0.7825,49.9,427.66,265.64,1,1,2025-09-30 12:41:04,16.6,68.9,,1,0,,0
2025-09-30 12:41:49,325.12,3.8476,242.55,7.5505,22.6515,245.31,235.98,246.36,423.62,416.73,419.58,420.38,8.2147,6.8506,7.5862,1.4384,0.9545,1.4548,3.8812,1.4086,1.3009,1.1717,5.5007,2.0151,1.6166,1.8689,0.704,0.7144,0.5915,0.7788,49.9,427.73,265.68,1,1,2025-09-30 12:41:49,16.5,69.6,,1,0,,0
2025-09-30 12:42:34,325.17,3.8297,242.78,7.5298,22.5896,244.74,237.85,245.77,425.12,416.94,419.1,420.42,7.9986,7.0976,7.4934,1.4261,1.013,1.3905,3.8916,1.3383,1.3468,1.2065,5.4874,1.9576,1.6882,1.8417,0.7014,0.7292,0.6011,0.7553,49.9,427.8,265.73,1,1,2025-09-30 12:42:34,16.4,69.6,,1,0,,0
2025-09-30 12:43:19,325.22,3.8365,242.87,7.5427,22.6282,244.86,238.24,245.52,422.77,418.52,420.54,420.6,8.0592,7.0533,7.5157,1.4339,1.0017,1.4009,3.8978,1.3529,1.3454,1.1995,5.499,1.9734,1.6804,1.8453,0.7014,0.7273,0.5971,0.7596,49.9,427.86,265.78,1,1,2025-09-30 12:43:19,16.4,68.3,,1,0,,0
2025-09-30 12:44:04,325.27,3.8017,242.65,7.5008,22.5026,244.21,238.69,245.05,422.36,418.8,419.51,420.41,8.0313,7.0172,7.4541,1.4259,0.9926,1.3832,3.8808,1.3439,1.3454,1.1915,5.4629,1.9613,1.6749,1.8266,0.6997,0.7277,0.5936,0.7576,49.9,427.94,265.83,1,1,2025-09-30 12:44:04,15.9,68.3,,1,0,,0
2025-09-30 12:44:49,325.31,3.8184,242.93,7.5165,22.5497,244.5,239.08,245.23,423.25,419.11,419.79,420.66,7.9827,7.1153,7.4517,1.4297,1.0157,1.373,3.8916,1.3261,1.361,1.2045,5.4803,1.9518,1.7011,1.8274,0.7003,0.7331,0.598,0.7517,50,428,265.88,1,1,2025-09-30 12:44:49,15.9,66.7,,1,0,,0
2025-09-30 12:45:34,325.36,3.8355,242.74,7.5197,22.5592,243.81,239.23,245.18,422.8,420.25,418.02,420.56,7.9288,7.1684,7.462,1.4261,1.0404,1.369,3.8744,1.3025,1.3596,1.2124,5.4776,1.9331,1.7149,1.8295,0.7035,0.7383,0.6077,0.7486,50,428.07,265.93,1,1,2025-09-30 12:45:34,15.8,65.8,,1,0,,0
2025-09-30 12:46:19,325.41,3.8507,242.51,7.5429,22.6288,244.99,236.94,245.61,421.87,417.99,420.06,420,8.2515,6.8398,7.5375,1.4536,0.951,1.446,3.8652,1.4021,1.3086,1.1545,5.4934,2.0215,1.6206,1.8513,0.7057,0.7197,0.5878,0.7814,50,428.14,265.97,1,1,2025-09-30 12:46:19,15.7,65.2,,1,0,,0
2025-09-30 12:47:04,325.46,3.7946,242.64,7.4761,22.4283,244.43,237.85,245.65,422.72,418.08,419.77,420.41,8.0068,6.9754,7.4461,1.419,0.9852,1.3904,3.8625,1.3449,1.3307,1.1869,5.4453,1.9571,1.6591,1.8291,0.7008,0.7258,0.595,0.7605,50,428.21,266.02,1,1,2025-09-30 12:47:04,15.6,64.7,,1,0,,0
2025-09-30 12:47:49,325.5,0.6827,243.57,2.4468,7.340599999999999,245.69,238.6,246.42,424.02,419.97,421.42,420.13,2.5113,2.1185,2.7108,0.1335,0.092,0.4572,0.4248,0.1333,0.1241,0.1673,1.7905,0.617,0.5055,0.668,0.849,0.7074,0.5956,0.939,50,428.27,266.07,1,1,2025-09-30 12:47:49,15.2,64,,0,0,,0
2025-09-30 12:48:34,325.51,0.3494,243.21,0.4957,1.4872,245.32,238.34,245.98,424.02,418.79,420.72,421.41,0.0,0.0416,1.4456,0.0,0.0,0.3494,0.0602,0,0,0.0602,0.3655,0,0.0099,0.3556,0.9854,1,1,0.9854,50,428.28,266.07,0,1,2025-09-30 12:48:34,15.1,64.2,,0,0,,1
2025-09-30 12:49:19,325.51,0.3511,243.68,0.496,1.4882,246.51,238.07,246.46,424.75,418.34,422.91,421.94,0.0,0.0424,1.4458,0.0,0.0012,0.3499,0.0612,0,0,0.0612,0.3664,0,0.0101,0.3563,0.9851,1,1,0.985,50,428.28,266.07,0,1,2025-09-30 12:49:19,15.1,67.6,,0,0,,1
2025-09-30 12:50:11,325.52,0.3497,243.89,0.4947,1.4841,245.73,239.94,246.01,425.43,420.89,420.75,422.31,0.0,0.0428,1.4413,0.0,0.0016,0.3482,0.061,0,0,0.061,0.3648,0,0.0103,0.3546,0.9851,1,1,0.9849,50,428.29,266.07,0,1,2025-09-30 12:50:11,15.2,74.6,,0,0,,1
2025-09-30 12:50:56,325.52,0.349,243.66,0.4955,1.4866,246.62,238.08,246.29,424.68,418.96,422.26,422,0.0,0.0428,1.4438,0.0,0.0,0.349,0.0618,0,0,0.0618,0.3658,0,0.0102,0.3556,0.9847,1,1,0.9847,50,428.29,266.07,0,1,2025-09-30 12:50:56,15.7,76.5,,0,0,,1
2025-09-30 12:51:41,325.53,0.3485,243.94,0.494,1.4822,245.5,239.66,246.66,425.3,421.73,420.22,422.34,0.0,0.0424,1.4398,0.0,0.0,0.3485,0.0621,0,0,0.0621,0.3653,0,0.0102,0.3551,0.9844,1,1,0.9844,50,428.3,266.07,0,1,2025-09-30 12:51:41,15.8,78,,0,0,,1
2025-09-30 12:52:26,325.53,0.3477,244.02,0.4928,1.4786000000000001,246.32,239.06,246.69,425.94,421.21,420.5,422.52,0.0,0.0416,1.437,0.0,0.0,0.3477,0.0628,0,0,0.0628,0.3644,0,0.0099,0.3545,0.984,1,1,0.984,50,428.3,266.07,0,1,2025-09-30 12:52:26,15.9,80.7,,0,0,,1
2025-09-30 12:53:11,325.54,0.3493,243.84,0.4932,1.4796,246.95,237.87,246.7,425.08,419.35,422.36,422.44,0.0,0.0424,1.4372,0.0,0.0015,0.3477,0.0629,0,0,0.0629,0.3646,0,0.0101,0.3546,0.9841,1,1,0.984,50,428.31,266.08,0,1,2025-09-30 12:53:11,16.4,82.5,,0,0,,1
2025-09-30 12:53:56,325.54,0.3479,243.84,0.4931,1.4793,246.58,238.15,246.79,425.05,419.79,421.92,422.18,0.0,0.042,1.4373,0.0,0.0,0.3479,0.0628,0,0,0.0628,0.3647,0,0.01,0.3547,0.984,1,1,0.984,50,428.31,266.08,0,1,2025-09-30 12:53:56,16.5,85.6,,0,0,,1
2025-09-30 12:54:41,325.54,0.3489,243.96,0.4933,1.4799,245.27,240.38,246.24,425.12,421.84,420.49,418.98,0.0,0.042,1.4379,0.0,0.0012,0.3476,0.0613,0,0,0.0613,0.3642,0,0.0101,0.3541,0.9849,1,1,0.9848,50.1,428.32,266.08,0,1,2025-09-30 12:54:41,16.7,87.4,,0,0,,1
2025-09-30 12:55:26,325.55,0.3468,244.14,0.4919,1.4757,246.24,239.52,246.68,425.37,421.17,421.86,422.81,0.0,0.0424,1.4333,0.0,0.0,0.3468,0.0623,0,0,0.0623,0.3637,0,0.0102,0.3536,0.9842,1,1,0.9842,50.1,428.32,266.08,0,1,2025-09-30 12:55:26,17.2,87,,0,0,,1
2025-09-30 12:56:11,325.55,0.349,244.42,0.4925,1.4776,245.56,240.8,246.9,426.12,422.35,421.34,423.24,0.0,0.042,1.4356,0.0,0.0013,0.3477,0.0626,0,0,0.0626,0.3646,0,0.0101,0.3544,0.9843,1,1,0.9841,50.1,428.33,266.08,0,1,2025-09-30 12:56:11,17.3,86.6,,0,0,,1
2025-09-30 12:57:17,325.56,0.3487,243.99,0.4927,1.4783000000000002,245.93,238.52,247.53,425.04,420.99,421.49,422.65,0.0,0.0416,1.4367,0.0,0.0,0.3487,0.0636,0,0,0.0636,0.3655,0,0.0099,0.3556,0.9837,1,1,0.9837,50.1,428.33,266.08,0,1,2025-09-30 12:57:17,17.4,86.9,,0,0,,1
2025-09-30 12:58:02,325.57,0.3512,245.15,0.494,1.4822000000000002,247.5,240.21,247.76,427.54,422.01,424.08,424.38,0.0,0.0416,1.4406,0.0,0.0011,0.3501,0.063,0,0,0.063,0.3669,0,0.01,0.3569,0.9842,1,1,0.9841,50.1,428.34,266.08,0,1,2025-09-30 12:58:02,17.4,87.3,,0,0,,1
2025-09-30 12:58:47,325.57,0.3502,244.95,0.4931,1.4794,247.49,239.96,247.41,427.32,422.31,422.91,424.07,0.0,0.042,1.4374,0.0,0.0014,0.3488,0.0631,0,0,0.0631,0.3657,0,0.0101,0.3556,0.9841,1,1,0.984,50.1,428.34,266.08,0,1,2025-09-30 12:58:47,17.5,87.7,,0,0,,1
2025-09-30 12:59:32,325.57,0.349,244.01,0.4918,1.4756,247.71,237.16,247.17,425.01,418.72,423.98,422.4,0.0,0.0416,1.434,0.0,0.0013,0.3476,0.0627,0,0,0.0627,0.3643,0,0.0099,0.3544,0.9842,1,1,0.9841,50.1,428.35,266.08,0,1,2025-09-30 12:59:32,17.9,88,,0,0,,1
2025-09-30 13:00:17,325.58,0.3487,244.72,0.4924,1.4773,246.63,240.6,246.94,427.09,422.09,422.19,423.72,0.0,0.042,1.4353,0.0,0.001,0.3477,0.0623,0,0,0.0623,0.3645,0,0.0101,0.3544,0.9844,1,1,0.9843,50,428.35,266.08,0,1,2025-09-30 13:00:17,18.0,89,,0,0,,1
2025-09-30 13:01:02,325.58,0.3483,244.15,0.4916,1.475,247.23,238.65,246.59,425.16,420.2,423.14,422.86,0.0,0.0424,1.4326,0.0,0.0017,0.3466,0.062,0,0,0.062,0.3634,0,0.0101,0.3533,0.9845,1,1,0.9843,50,428.36,266.08,0,1,2025-09-30 13:01:02,18.1,89.4,,0,0,,1
2025-09-30 13:01:47,325.59,0.3477,243.4,0.4917,1.4753,245.38,238.58,246.26,424.46,419.39,420.67,421.73,0.0,0.0416,1.4337,0.0,0.0012,0.3465,0.0624,0,0.001,0.0614,0.363,0,0.0099,0.3531,0.9842,1,1,0.9846,50,428.36,266.08,0,1,2025-09-30 13:01:47,18.1,89.4,,0,0,,1
2025-09-30 13:02:32,325.59,0.3469,243.38,0.4919,1.4758,245.58,238.65,245.92,424.41,418.82,421.21,421.5,0.0,0.044,1.4318,0.0,0.0012,0.3457,0.0607,0,0,0.0607,0.3626,0,0.0105,0.3521,0.985,1,1,0.9849,50,428.37,266.09,0,1,2025-09-30 13:02:32,18.2,89.5,,0,0,,1
2025-09-30 13:03:17,325.6,0.346,242.85,0.4904,1.4714,244.52,238.21,245.84,423.67,418.89,419.07,420.47,0.0,0.0424,1.429,0.0,0.0012,0.3448,0.0614,0,0,0.0614,0.3614,0,0.0101,0.3513,0.9846,1,1,0.9845,50,428.37,266.09,0,1,2025-09-30 13:03:17,18.2,89.6,,0,0,,1
2025-09-30 13:04:23,325.6,0.3459,242.61,0.49,1.4701,244.49,237.38,245.98,422.28,417.6,420.58,420.14,0.0,0.0428,1.4273,0.0,0.0013,0.3445,0.0614,0,0,0.0614,0.3612,0,0.0102,0.3511,0.9845,1,1,0.9844,50,428.38,266.09,0,1,2025-09-30 13:04:23,18.7,90,,0,0,,1
2025-09-30 13:05:08,325.61,0.3467,242.64,0.4909,1.4728999999999999,244.47,237.36,246.09,423.05,417.95,419.49,420.05,0.0,0.0428,1.4301,0.0,0.0013,0.3454,0.0615,0,0,0.0615,0.3621,0,0.0102,0.3519,0.9846,1,1,0.9845,50,428.38,266.09,0,1,2025-09-30 13:05:08,18.7,90.1,,0,0,,1
2025-09-30 13:05:53,325.61,0.344,242.28,0.489,1.467,243.93,237.5,245.42,421.98,417.58,419.15,419.7,0.0,0.044,1.423,0.0,0.0013,0.3427,0.0611,0,0,0.0611,0.3597,0,0.0104,0.3492,0.9845,1,1,0.9844,50,428.39,266.09,0,1,2025-09-30 13:05:53,18.8,90.3,,0,0,,1
2025-09-30 13:06:38,325.62,0.3439,242.29,0.488,1.4641,243.54,237.7,245.63,421.84,419.11,417.73,419.66,0.0,0.0432,1.4209,0.0,0.0015,0.3425,0.0613,0,0,0.0613,0.3593,0,0.0103,0.349,0.9844,1,1,0.9843,49.9,428.39,266.09,0,1,2025-09-30 13:06:38,18.8,91.1,,0,0,,1
2025-09-30 13:07:23,325.62,0.3435,242.04,0.4893,1.4681,243.77,236.77,245.58,421.4,415.79,420.28,419.23,0.0,0.0424,1.4257,0.0,0.0,0.3435,0.0616,0,0,0.0616,0.3602,0,0.01,0.3501,0.9843,1,1,0.9843,50,428.4,266.09,0,1,2025-09-30 13:07:23,18.9,91.1,,0,0,,1
2025-09-30 13:08:08,325.63,0.3438,242.24,0.4879,1.4637,243.45,237.8,245.48,422.08,417.59,418.82,419.53,0.0,0.0424,1.4213,0.0,0.0014,0.3424,0.0611,0,0,0.0611,0.359,0,0.0101,0.3489,0.9845,1,1,0.9844,49.9,428.4,266.09,0,1,2025-09-30 13:08:08,19.0,91.2,,0,0,,1
2025-09-30 13:08:53,325.63,0.3447,241.82,0.4894,1.4684,243.7,236.15,245.63,420.74,416.39,419.2,418.85,0.0,0.0428,1.4256,0.0,0.0011,0.3437,0.0612,0,0,0.0612,0.3603,0,0.0101,0.3502,0.9845,1,1,0.9844,49.9,428.41,266.09,0,1,2025-09-30 13:08:53,19.0,91,,0,0,,1
2025-09-30 13:09:38,325.65,3.7753,241.13,7.4524,22.3574,243.04,235.27,245.1,419.76,415.33,417.61,417.54,8.1565,6.7417,7.4592,1.4166,0.9331,1.4256,3.8051,1.3837,1.2787,1.1427,5.3967,1.9824,1.5861,1.8283,0.7043,0.7153,0.5894,0.7802,50,428.44,266.11,1,1,2025-09-30 13:09:38,19.1,90.8,,1,0,,0
2025-09-30 13:10:23,325.7,3.9661,240.94,7.6214,22.8643,242.26,236.23,244.33,418.88,415.72,417.16,417.3,8.2267,6.9587,7.6789,1.4666,1.0265,1.473,3.787,1.3466,1.2799,1.1604,5.513,1.993,1.6439,1.8762,0.7232,0.7365,0.6256,0.7855,49.9,428.51,266.16,1,1,2025-09-30 13:10:23,19.0,84.1,,1,0,,0
2025-09-30 13:11:30,325.79,3.8766,240.86,7.5229,22.5687,241.87,236.69,244.03,419.34,413.83,418.21,417.12,8.1102,6.9242,7.5343,1.4413,1.0071,1.4282,3.772,1.3275,1.2885,1.156,5.4391,1.9616,1.6389,1.8386,0.7167,0.7355,0.6158,0.7773,49.9,428.63,266.25,1,1,2025-09-30 13:11:30,18.8,78.1,,1,0,,0
2025-09-30 13:12:15,325.84,3.8884,240.99,7.5281,22.5843,241.58,237.82,243.58,419.07,416.98,416.03,417.2,8.0352,7.0209,7.5282,1.4405,1.0369,1.4109,3.773,1.2984,1.3047,1.1699,5.4446,1.9411,1.6697,1.8337,0.7176,0.7428,0.6221,0.7697,50,428.7,266.29,1,1,2025-09-30 13:12:15,18.2,76.3,,1,0,,0
2025-09-30 13:13:00,325.89,3.92,240.64,7.5546,22.663899999999998,241.86,235.99,244.09,418.84,413.65,417.76,416.68,8.1672,6.9052,7.5915,1.4541,1.0111,1.4548,3.7543,1.3343,1.274,1.146,5.4579,1.9753,1.6296,1.853,0.7222,0.7368,0.6216,0.7855,50,428.77,266.34,1,1,2025-09-30 13:13:00,18.0,75.3,,1,0,,0
2025-09-30 13:13:45,325.94,3.9558,240.74,7.5757,22.7271,241.46,236.35,244.43,419.29,414.98,416.44,416.95,8.0756,6.9795,7.672,1.4437,1.05,1.4622,3.7486,1.3079,1.2681,1.1726,5.4748,1.9499,1.6496,1.8753,0.7258,0.7411,0.6377,0.7801,50,428.83,266.39,1,1,2025-09-30 13:13:45,17.5,75,,1,0,,0
2025-09-30 13:14:30,325.99,3.9204,241.02,7.548,22.644099999999998,242.16,235.77,245.14,419.51,415.52,417.08,417.36,8.2029,6.8355,7.6057,1.452,0.9967,1.4718,3.7581,1.3526,1.2625,1.143,5.4625,1.9864,1.6116,1.8645,0.7218,0.7316,0.6196,0.7898,50,428.9,266.43,1,1,2025-09-30 13:14:30,17.4,74.8,,1,0,,0
2025-09-30 13:15:15,326.04,3.9685,240.77,7.5726,22.7179,240.48,236.9,244.94,418.91,416.59,415.32,416.83,7.902,7.2125,7.6034,1.4341,1.1112,1.4233,3.7386,1.2443,1.2943,1.2,5.4713,1.9003,1.7086,1.8624,0.7278,0.7553,0.6513,0.7645,50,428.97,266.48,1,1,2025-09-30 13:15:15,17.3,75.5,,1,0,,0
2025-09-30 13:16:00,326.09,3.969,240.63,7.578,22.7342,241.95,234.89,245.06,418.76,413.34,418.02,416.48,8.2409,6.7411,7.7522,1.4524,0.9978,1.5189,3.7278,1.3632,1.2253,1.1393,5.4771,1.9939,1.5834,1.8998,0.7289,0.7291,0.6314,0.7999,50.1,429.04,266.53,1,1,2025-09-30 13:16:00,17.2,72.2,,1,0,,0
2025-09-30 13:16:45,326.14,3.9506,240.83,7.5529,22.6588,242.15,235.51,244.83,418.65,415.18,417.34,416.96,8.117,6.898,7.6438,1.4498,1.0257,1.4751,3.7309,1.3245,1.2562,1.1502,5.4615,1.9655,1.6245,1.8714,0.727,0.7382,0.6324,0.7885,50.1,429.11,266.58,1,1,2025-09-30 13:16:45,16.7,70,,1,0,,0
2025-09-30 13:17:30,326.18,3.8748,240.39,7.4621,22.3863,241.21,235.98,244,417.94,413.93,417.1,416.25,7.9659,6.8525,7.5679,1.4162,1.0191,1.4395,3.703,1.2961,1.2518,1.1551,5.3851,1.9215,1.6171,1.8466,0.7229,0.7376,0.6313,0.7799,50.1,429.18,266.62,1,1,2025-09-30 13:17:30,16.6,70.4,,1,0,,0
2025-09-30 13:18:15,326.23,3.8801,240.53,7.481,22.4432,241.59,235.94,244.06,418.33,414.55,416.76,416.4,8.0442,6.83,7.569,1.4281,1.0045,1.4474,3.7181,1.3155,1.2563,1.1463,5.4022,1.9434,1.6115,1.8473,0.722,0.7355,0.6244,0.7839,50.1,429.25,266.67,1,1,2025-09-30 13:18:15,16.5,68.2,,1,0,,0
2025-09-30 13:19:45,326.33,4.0925,239.4,7.6633,22.990000000000002,240.16,234.62,243.43,415.78,412.33,415.7,414.62,8.2935,6.9134,7.7831,1.5005,1.0629,1.5291,3.6456,1.3072,1.2214,1.1169,5.5084,1.9918,1.622,1.8946,0.7467,0.754,0.6564,0.8075,50.1,429.38,266.76,1,1,2025-09-30 13:19:45,16.0,66.9,,1,0,,0
2025-09-30 13:20:30,326.38,4.0951,239.26,7.6712,23.0137,240.01,234.08,243.69,416.48,412.21,414.25,414.29,8.3001,6.9217,7.7919,1.4983,1.0633,1.5335,3.6471,1.3102,1.2186,1.1183,5.5111,1.9921,1.6202,1.8988,0.7467,0.7527,0.6574,0.8079,50,429.45,266.8,1,1,2025-09-30 13:20:30,15.9,65.8,,1,0,,0
2025-09-30 13:21:15,326.44,4.0579,239.17,7.6296,22.8888,240.25,233.62,243.64,415.64,412.25,414.63,414.17,8.3393,6.7508,7.7987,1.4889,1.0221,1.5468,3.6369,1.338,1.1971,1.1018,5.4807,2.0035,1.5771,1.9001,0.7446,0.7437,0.6493,0.8145,50,429.52,266.85,1,1,2025-09-30 13:21:15,15.8,64.4,,1,0,,0
2025-09-30 13:22:00,326.49,4.0563,239.21,7.616,22.8481,239.11,235.07,243.47,415.5,413.14,414.16,414.33,8.0832,6.9847,7.7802,1.46,1.093,1.5033,3.6356,1.2638,1.2209,1.1509,5.4689,1.9328,1.6419,1.8942,0.7446,0.756,0.667,0.794,50.1,429.59,266.9,1,1,2025-09-30 13:22:00,15.7,63.1,,1,0,,0
2025-09-30 13:22:45,326.54,4.0356,239.39,7.5946,22.783900000000003,239.41,235.03,243.73,415.73,412.15,415.84,414.65,8.1015,6.9378,7.7446,1.4592,1.0759,1.5005,3.6402,1.2753,1.2212,1.1436,5.4578,1.9396,1.6306,1.8876,0.7425,0.7529,0.661,0.7953,50.1,429.66,266.94,1,1,2025-09-30 13:22:45,15.6,63,,1,0,,0
2025-09-30 13:23:30,326.59,3.9695,238.94,7.5365,22.6096,239.17,234.45,243.22,415.21,410.79,415.41,413.81,8.1791,6.6909,7.7396,1.445,1.0125,1.5121,3.6304,1.3162,1.1944,1.1198,5.4073,1.9562,1.5687,1.8824,0.7379,0.7392,0.6466,0.8036,50,429.72,266.99,1,1,2025-09-30 13:23:30,15.1,62.3,,1,0,,0
2025-09-30 13:24:15,326.62,0.3471,239.48,0.4978,1.4936,239.53,235.75,243.17,415.95,412.13,416.16,414.7,0.0,0.0436,1.45,0.0,0.0,0.3471,0.0563,0,0,0.0563,0.3629,0,0.0103,0.3526,0.9871,1,1,0.9871,50,429.77,267.02,0,1,2025-09-30 13:24:15,15.1,62.5,,0,0,,1
2025-09-30 13:25:00,326.62,0.3447,239.37,0.4933,1.4799,240.36,234.48,243.29,416.14,411.72,415.79,414.38,0.0,0.0436,1.4363,0.0,0.0011,0.3436,0.0578,0,0,0.0578,0.3597,0,0.0102,0.3494,0.9862,1,1,0.9861,50,429.77,267.02,0,1,2025-09-30 13:25:00,15.0,64.2,,0,0,,1
2025-09-30 13:25:45,326.63,0.3454,239.3,0.4938,1.4816,240.26,234.35,243.29,415.94,410.76,416.56,414.23,0.0,0.0428,1.4388,0.0,0.001,0.3443,0.0574,0,0,0.0574,0.3601,0,0.01,0.35,0.9864,1,1,0.9863,50,429.78,267.02,0,1,2025-09-30 13:25:45,15.0,68.3,,0,0,,1
2025-09-30 13:26:30,326.63,0.3442,239.61,0.4931,1.4794,240.27,234.7,243.88,416.94,413.87,413.98,414.9,0.0,0.0436,1.4358,0.0,0.0,0.3442,0.0588,0,0,0.0588,0.3604,0,0.0102,0.3502,0.9857,1,1,0.9857,50,429.78,267.02,0,1,2025-09-30 13:26:30,15.1,72.2,,0,0,,1
2025-09-30 13:27:15,326.64,0.3444,239.62,0.4922,1.4768000000000001,240.5,233.7,244.68,416.58,412.41,415.86,414.95,0.0,0.0436,1.4332,0.0,0.0,0.3444,0.0604,0,0,0.0604,0.3609,0,0.0102,0.3507,0.9849,1,1,0.9849,50,429.79,267.02,0,1,2025-09-30 13:27:15,15.2,75.2,,0,0,,1
2025-09-30 13:28:00,326.64,0.3452,239.9,0.4921,1.4763000000000002,239.77,235.54,244.41,417.52,414.93,413.82,415.5,0.0,0.0436,1.4327,0.0,0.0012,0.3441,0.0594,0,0,0.0594,0.3604,0,0.0103,0.3502,0.9855,1,1,0.9854,50,429.79,267.02,0,1,2025-09-30 13:28:00,15.7,77.2,,0,0,,1
2025-09-30 13:28:45,326.65,0.343,239.29,0.4916,1.475,240.7,233.14,244.05,416.01,411.54,415.62,414.41,0.0,0.0444,1.4306,0.0,0.0,0.343,0.0593,0,0,0.0593,0.3595,0,0.0104,0.3491,0.9853,1,1,0.9853,50,429.8,267.02,0,1,2025-09-30 13:28:45,15.8,79.3,,0,0,,1
2025-09-30 13:29:30,326.65,0.3432,238.69,0.4913,1.4741,240.96,231.7,243.42,414.42,409.01,416.69,413.3,0.0,0.0448,1.4293,0.0,0.0013,0.3419,0.0586,0,0,0.0586,0.3583,0,0.0104,0.3479,0.9857,1,1,0.9856,50,429.8,267.02,0,1,2025-09-30 13:29:30,15.9,83.5,,0,0,,1
2025-09-30 13:30:15,326.66,0.3411,239.65,0.4896,1.4688,239.52,235.75,243.69,416.17,413.79,415.13,415.21,0.0,0.044,1.4248,0.0,0.0,0.3411,0.0592,0,0,0.0592,0.3576,0,0.0104,0.3472,0.9852,1,1,0.9852,50,429.81,267.02,0,1,2025-09-30 13:30:15,16.4,84.4,,0,0,,1
2025-09-30 13:31:00,326.66,0.34,239.02,0.4895,1.4685,240.57,233.5,242.99,415.84,410.41,415.52,413.89,0.0,0.0448,1.4237,0.0,0.0,0.34,0.058,0,0,0.058,0.3564,0,0.0105,0.3459,0.9857,1,1,0.9857,50.1,429.81,267.02,0,1,2025-09-30 13:31:00,16.5,84.2,,0,0,,1
2025-09-30 13:31:45,326.66,0.3417,239.1,0.4899,1.4698,240.25,234.11,242.94,415.81,409.49,416.92,413.92,0.0,0.044,1.4258,0.0,0.0012,0.3405,0.0578,0,0,0.0578,0.3567,0,0.0103,0.3464,0.9859,1,1,0.9858,50,429.81,267.02,0,1,2025-09-30 13:31:45,16.6,84.6,,0,0,,1
2025-09-30 13:32:30,326.67,0.3425,239.36,0.4895,1.4686000000000001,239.59,234.8,243.71,416.91,413.35,413.19,414.43,0.0,0.0436,1.425,0.0,0.0013,0.3412,0.0592,0,0,0.0592,0.3575,0,0.0102,0.3473,0.9854,1,1,0.9852,50.1,429.82,267.03,0,1,2025-09-30 13:32:30,16.7,85.2,,0,0,,1
2025-09-30 13:33:15,326.67,0.3401,238.19,0.4894,1.4683,241.5,229.81,243.28,413.73,407.48,416.29,412.56,0.0,0.0452,1.4231,0.0,0.0,0.3401,0.0591,0,0,0.0591,0.3566,0,0.0104,0.3462,0.9852,1,1,0.9852,50,429.82,267.03,0,1,2025-09-30 13:33:15,17.2,85.7,,0,0,,1
2025-09-30 13:34:00,326.68,0.3349,238.87,0.4862,1.4587,241.95,234.24,240.42,417.16,410.64,413.2,413.57,0.0,0.0436,1.4151,0.0,0.0,0.3349,0.0552,0,0,0.0552,0.3504,0,0.0102,0.3402,0.9866,1,1,0.9866,50,429.83,267.03,0,1,2025-09-30 13:34:00,17.3,86.2,,0,0,,1
2025-09-30 13:34:45,326.68,0.3379,239.93,0.4876,1.4629,243.19,235.61,241,418.67,412.71,415.2,415.53,0.0,0.044,1.4189,0.0,0.0013,0.3366,0.0551,0,0,0.0551,0.3523,0,0.0104,0.342,0.9869,1,1,0.9868,50,429.83,267.03,0,1,2025-09-30 13:34:45,17.3,86.8,,0,0,,1
2025-09-30 13:35:30,326.68,0.3373,239.52,0.4867,1.4603,243.93,233.85,240.79,417.64,410.6,416.24,414.73,0.0,0.044,1.4163,0.0,0.0016,0.3357,0.0549,0,0,0.0549,0.3513,0,0.0103,0.341,0.987,1,1,0.9868,50,429.84,267.03,0,1,2025-09-30 13:35:30,17.4,87.1,,0,0,,1
2025-09-30 13:36:15,326.69,0.3375,239.49,0.4874,1.4624000000000001,243.35,234.54,240.58,418.05,412.54,413.6,414.86,0.0,0.044,1.4184,0.0,0.0015,0.336,0.0547,0,0,0.0547,0.3516,0,0.0103,0.3412,0.9871,1,1,0.987,50,429.84,267.03,0,1,2025-09-30 13:36:15,17.5,87.4,,0,0,,1
2025-09-30 13:37:00,326.69,0.3369,237.99,0.4877,1.4630999999999998,244.54,229.09,240.36,413.8,405.19,417.66,412.19,0.0,0.0448,1.4183,0.0,0.0012,0.3356,0.0545,0,0,0.0545,0.3512,0,0.0103,0.3409,0.9871,1,1,0.987,50,429.85,267.03,0,1,2025-09-30 13:37:00,17.5,88.6,,0,0,,1
2025-09-30 13:37:45,326.7,0.3381,239.34,0.488,1.4642,241.54,235.96,240.54,417.15,413.47,412.89,414.55,0.0,0.0452,1.419,0.0,0.0019,0.3362,0.0541,0,0,0.0541,0.352,0,0.0107,0.3413,0.9874,1,1,0.9872,50.1,429.85,267.03,0,1,2025-09-30 13:37:45,18.0,88.9,,0,0,,1
2025-09-30 13:38:30,326.7,0.3354,238.97,0.486,1.4582000000000002,243.54,232.45,240.94,416.26,410.26,415.07,413.86,0.0,0.0436,1.4146,0.0,0.0,0.3354,0.0552,0,0,0.0552,0.351,0,0.0101,0.3408,0.9867,1,1,0.9867,50,429.85,267.03,0,1,2025-09-30 13:38:30,18.0,88.9,,0,0,,1
2025-09-30 13:39:15,326.71,0.336,239.07,0.4854,1.4562,243.96,232.4,240.85,416.27,409.85,416.01,413.71,0.0,0.0448,1.4114,0.0,0.0015,0.3345,0.055,0,0,0.055,0.3503,0,0.0104,0.3399,0.9868,1,1,0.9867,50,429.86,267.03,0,1,2025-09-30 13:39:15,18.1,89.3,,0,0,,1
2025-09-30 13:40:00,326.71,0.3373,238.67,0.4866,1.4598,243.01,231.97,241.03,415.23,409.07,415.75,413.24,0.0,0.0436,1.4162,0.0,0.0014,0.336,0.0552,0,0,0.0552,0.3515,0,0.0101,0.3413,0.9868,1,1,0.9867,50.1,429.86,267.03,0,1,2025-09-30 13:40:00,18.2,90.5,,0,0,,1
2025-09-30 13:40:45,326.71,0.3379,238.74,0.4868,1.4605000000000001,242.45,232.34,241.43,416.09,410.06,414.15,413.38,0.0,0.044,1.4165,0.0,0.0013,0.3366,0.0552,0,0,0.0552,0.3522,0,0.0102,0.342,0.9869,1,1,0.9868,50.1,429.87,267.03,0,1,2025-09-30 13:40:45,18.3,90.3,,0,0,,1
2025-09-30 13:41:30,326.72,0.3367,238.64,0.4864,1.4592,242.17,232.84,240.91,415.36,408.94,415.6,413.27,0.0,0.044,1.4152,0.0,0.0011,0.3356,0.0551,0,0,0.0551,0.3512,0,0.0102,0.3409,0.9868,1,1,0.9867,50.1,429.87,267.03,0,1,2025-09-30 13:41:30,18.7,90.1,,0,0,,1
2025-09-30 13:42:15,326.72,0.3356,238.66,0.4868,1.4605000000000001,242.26,232.72,241.01,415.31,409.73,414.96,413.64,0.0,0.0456,1.4149,0.0,0.0,0.3356,0.0551,0,0,0.0551,0.3516,0,0.0106,0.341,0.9868,1,1,0.9868,50.1,429.88,267.03,0,1,2025-09-30 13:42:15,18.8,90.5,,0,0,,1
2025-09-30 13:43:00,326.73,0.3363,239.39,0.4862,1.4587,242.69,234.77,240.71,417.27,411.82,414.67,414.56,0.0,0.0456,1.4131,0.0,0.0014,0.3349,0.0544,0,0,0.0544,0.3509,0,0.0107,0.3401,0.9871,1,1,0.987,50.1,429.88,267.03,0,1,2025-09-30 13:43:00,18.9,90.6,,0,0,,1
2025-09-30 13:43:45,326.73,0.3357,239.02,0.4865,1.4594999999999998,243.12,232.76,241.19,416.7,410.27,414.83,414.11,0.0,0.0452,1.4143,0.0,0.0,0.3357,0.0554,0,0,0.0554,0.3516,0,0.0105,0.3411,0.9866,1,1,0.9866,50.1,429.88,267.04,0,1,2025-09-30 13:43:45,18.9,90.8,,0,0,,1
2025-09-30 13:44:30,326.74,0.3378,239.06,0.4869,1.4608999999999999,243.56,232.5,241.12,416.35,409.19,416.55,413.97,0.0,0.0428,1.4181,0.0,0.0011,0.3367,0.0545,0,0,0.0545,0.3519,0,0.01,0.3419,0.9872,1,1,0.9871,50.1,429.89,267.04,0,1,2025-09-30 13:44:30,19.0,90.7,,0,0,,1
2025-09-30 13:45:15,326.74,0.3432,239.45,0.4897,1.4691,241.92,232.2,244.25,416.07,410.18,417.8,414.78,0.0,0.0444,1.4247,0.0,0.0013,0.3419,0.0592,0,0,0.0592,0.3583,0,0.0103,0.348,0.9854,1,1,0.9853,50.1,429.89,267.04,0,1,2025-09-30 13:45:15,19.0,90.8,,0,0,,1
2025-09-30 13:46:00,326.76,3.6897,238.36,7.2603,21.781,240.47,231.07,243.56,414.03,409.61,414.69,412.86,8.0447,6.3125,7.4238,1.3669,0.8721,1.4507,3.6097,1.3665,1.1657,1.0775,5.2013,1.9345,1.4586,1.8081,0.7148,0.7071,0.599,0.8027,50.1,429.92,267.05,1,1,2025-09-30 13:46:00,19.0,90.6,,1,0,,0
2025-09-30 13:46:45,326.81,3.8614,237.9,7.3988,22.1965,238.48,232.49,242.73,414.24,411.18,410.35,411.92,7.9875,6.7187,7.4903,1.414,1.001,1.4464,3.5699,1.2742,1.1955,1.1001,5.285,1.9049,1.562,1.8181,0.7342,0.7428,0.6394,0.7984,50.1,429.99,267.1,1,1,2025-09-30 13:46:45,19.0,84.7,,1,0,,0
2025-09-30 13:47:30,326.85,3.9528,237.27,7.485,22.4551,239.09,229.75,242.99,412.38,406.46,413.79,410.59,8.2851,6.3992,7.7708,1.4471,0.9413,1.5644,3.5358,1.3643,1.1212,1.0502,5.3393,1.9809,1.4702,1.8882,0.7453,0.7282,0.6476,0.8283,50.1,430.05,267.14,1,1,2025-09-30 13:47:30,18.9,79.9,,1,0,,0
2025-09-30 13:48:15,326.9,3.9596,238.42,7.5133,22.540100000000002,239.54,232.71,243.01,414.81,409.81,413.98,413.01,8.1309,6.8339,7.5753,1.4571,1.0248,1.4776,3.5985,1.2895,1.2112,1.0977,5.3789,1.9477,1.5903,1.8409,0.74,0.7496,0.6463,0.8026,50.1,430.12,267.19,1,1,2025-09-30 13:48:15,18.7,76.7,,1,0,,0
2025-09-30 13:49:45,327,3.976,237.74,7.5267,22.5803,240.41,229.6,243.23,412.89,406.45,415.81,411.71,8.4406,6.3477,7.792,1.4701,0.9217,1.5842,3.5636,1.3989,1.1259,1.0389,5.3819,2.0292,1.4574,1.8952,0.7446,0.7239,0.6334,0.8362,50.1,430.25,267.27,1,1,2025-09-30 13:49:45,17.9,73.4,,1,0,,0
2025-09-30 13:50:30,327.05,3.955,238.62,7.5013,22.5039,239.23,233.12,243.52,416.07,411.12,412.32,413.22,7.9739,6.9815,7.5485,1.4401,1.0645,1.4504,3.6037,1.2486,1.2273,1.1278,5.3733,1.9076,1.6275,1.8382,0.7391,0.7555,0.6552,0.7894,50.1,430.32,267.32,1,1,2025-09-30 13:50:30,17.4,70.8,,1,0,,0
2025-09-30 13:51:15,327.1,3.9709,237.18,7.5179,22.5537,239.61,228.77,243.17,411.65,405.6,414.95,410.89,8.485,6.1898,7.8789,1.4564,0.8993,1.6152,3.5356,1.4165,1.0905,1.0287,5.365,2.0331,1.416,1.9159,0.7468,0.7168,0.6362,0.8434,50.1,430.39,267.36,1,1,2025-09-30 13:51:15,16.7,68.9,,1,0,,0
2025-09-30 13:52:00,327.15,3.9634,238.91,7.5063,22.5189,238.41,234.62,243.72,415.96,412.76,412.38,413.64,7.8499,7.1491,7.5199,1.4311,1.1121,1.4203,3.6119,1.2034,1.2517,1.1568,5.3816,1.8715,1.6773,1.8328,0.7391,0.7653,0.6641,0.7753,50.1,430.45,267.41,1,1,2025-09-30 13:52:00,16.6,68.7,,1,0,,0
2025-09-30 13:52:45,327.2,3.9344,238.03,7.4842,22.4527,239.45,231.87,242.78,413.26,409.05,414.35,412.33,8.2899,6.4523,7.7105,1.4478,0.949,1.5377,3.5737,1.3553,1.1528,1.0656,5.3531,1.985,1.4961,1.872,0.7402,0.73,0.6355,0.8219,50.1,430.52,267.46,1,1,2025-09-30 13:52:45,16.4,68.8,,1,0,,0
2025-09-30 13:53:37,327.27,3.968,239.09,7.5299,22.5899,240.05,235.08,242.15,416.11,411.91,414.17,413.99,7.9941,7.1447,7.4511,1.4721,1.0841,1.4118,3.6304,1.2288,1.2795,1.1221,5.4028,1.919,1.6796,1.8043,0.7378,0.7676,0.6464,0.7828,50.1,430.62,267.52,1,1,2025-09-30 13:53:37,15.9,67.1,,1,0,,0
2025-09-30 13:54:22,327.32,3.8554,238.58,7.4052,22.2156,240.81,232.5,242.44,414.61,410.55,414.36,413.06,8.128,6.6164,7.4712,1.4411,0.9528,1.4615,3.5937,1.3217,1.2038,1.0682,5.3069,1.9573,1.5383,1.8113,0.7314,0.7369,0.6206,0.8073,50.1,430.69,267.57,1,1,2025-09-30 13:54:22,15.8,68.7,,1,0,,0
2025-09-30 13:55:07,327.37,3.8844,239,7.4344,22.3032,240.48,233.6,242.93,415.51,410.57,415.64,413.71,8.0101,6.8385,7.4546,1.4391,1.0101,1.4352,3.6146,1.2779,1.2338,1.1029,5.3347,1.9263,1.5975,1.8109,0.732,0.7477,0.6334,0.7929,50.1,430.75,267.61,1,1,2025-09-30 13:55:07,15.7,66.5,,1,0,,0
2025-09-30 13:55:52,327.42,3.843,239.36,7.3987,22.196099999999998,241.19,233.29,243.62,417.03,412.52,413.88,414.55,7.9726,6.8191,7.4044,1.4266,0.9929,1.4235,3.6334,1.2871,1.2396,1.1068,5.3176,1.9229,1.5908,1.8039,0.7266,0.7424,0.6251,0.7894,50.1,430.82,267.66,1,1,2025-09-30 13:55:52,15.7,65,,1,0,,0
2025-09-30 13:56:37,327.47,3.9137,238.77,7.4515,22.3547,240.32,232.28,243.73,414.19,411.39,414.92,413.46,8.1035,6.6089,7.6423,1.4286,0.9807,1.5043,3.5965,1.3215,1.1776,1.0975,5.3452,1.9474,1.5351,1.8627,0.7363,0.7341,0.6399,0.8078,50.2,430.89,267.7,1,1,2025-09-30 13:56:37,15.2,64.7,,1,0,,0
2025-09-30 13:57:22,327.52,3.9106,239.15,7.4414,22.3244,239.91,234.13,243.42,415.56,414.02,412.81,414.03,7.8346,6.9292,7.5606,1.4114,1.0597,1.4395,3.6085,1.2387,1.2243,1.1454,5.3423,1.8796,1.6223,1.8404,0.7349,0.7515,0.6544,0.7824,50.2,430.96,267.75,1,1,2025-09-30 13:57:22,15.1,63.5,,1,0,,0
2025-09-30 13:58:07,327.57,3.9131,238.53,7.4425,22.3277,240.45,232.01,243.14,414.04,410.88,414.31,413.3,8.1347,6.5094,7.6836,1.4291,0.9638,1.5202,3.5755,1.3327,1.1585,1.0842,5.3344,1.956,1.5102,1.8682,0.7382,0.7313,0.6395,0.8141,50.1,431.02,267.79,1,1,2025-09-30 13:58:07,15.0,62.9,,1,0,,0
2025-09-30 13:58:52,327.58,0.3492,240.04,0.4979,1.4937,241.66,234.58,243.89,416.92,413.29,416.92,415.79,0.0,0.0448,1.4489,0.0,0.0012,0.348,0.0556,0,0,0.0556,0.3639,0,0.0105,0.3534,0.9875,1,1,0.9874,50.2,431.04,267.8,0,1,2025-09-30 13:58:52,15.0,65.3,,0,0,,1
2025-09-30 13:59:37,327.59,0.3462,240.48,0.4945,1.4836,242.1,235.05,244.29,416.94,415.48,416.99,416.48,0.0,0.0436,1.44,0.0,0.0,0.3462,0.057,0,0,0.057,0.362,0,0.0102,0.3518,0.9867,1,1,0.9867,50.2,431.05,267.81,0,1,2025-09-30 13:59:37,15.0,68.4,,0,0,,1
2025-09-30 14:00:43,327.59,0.3461,240.34,0.4928,1.4785,242.07,234.47,244.48,416.98,413.86,417.84,416.32,0.0,0.0432,1.4353,0.0,0.0011,0.345,0.0584,0,0,0.0584,0.361,0,0.0101,0.3509,0.986,1,1,0.9859,50.1,431.06,267.81,0,1,2025-09-30 14:00:43,15.1,75.9,,0,0,,1
2025-09-30 14:01:28,327.6,0.348,240.67,0.494,1.4822,239.42,237.09,245.51,417.4,416.61,416.37,416.78,0.0,0.044,1.4382,0.0,0.0013,0.3468,0.0609,0,0,0.0609,0.3635,0,0.0104,0.3531,0.985,1,1,0.9849,50.1,431.06,267.81,0,1,2025-09-30 14:01:28,15.6,77.9,,0,0,,1
2025-09-30 14:02:13,327.6,0.3484,240.22,0.4945,1.4836,241.09,234.13,245.44,416.17,413.47,418.42,415.92,0.0,0.044,1.4396,0.0,0.0012,0.3472,0.0598,0,0,0.0598,0.3636,0,0.0103,0.3533,0.9855,1,1,0.9854,50.1,431.06,267.81,0,1,2025-09-30 14:02:13,15.7,79.5,,0,0,,1
2025-09-30 14:02:58,327.61,0.3469,240.91,0.494,1.4822,240.86,236.22,245.65,418.19,415.59,417.81,417.16,0.0,0.044,1.4382,0.0,0.0,0.3469,0.0609,0,0,0.0609,0.3637,0,0.0104,0.3533,0.9849,1,1,0.9849,50.1,431.07,267.81,0,1,2025-09-30 14:02:58,15.9,80.7,,0,0,,1
2025-09-30 14:03:43,327.61,0.3462,239.73,0.492,1.476,239.93,234.38,244.9,415.82,413.82,415.85,415.16,0.0,0.0444,1.4316,0.0,0.0018,0.3444,0.06,0,0,0.06,0.361,0,0.0104,0.3506,0.9852,1,1,0.9851,50.1,431.07,267.81,0,1,2025-09-30 14:03:43,16.0,82.1,,0,0,,1
2025-09-30 14:04:28,327.62,0.3432,239.9,0.4912,1.4735999999999998,238.6,236.97,244.13,416.15,414.89,415.37,415.7,0.0,0.0432,1.4304,0.0,0.0,0.3432,0.0589,0,0,0.0589,0.3594,0,0.0102,0.3492,0.9856,1,1,0.9856,50.1,431.08,267.81,0,1,2025-09-30 14:04:28,16.4,82.9,,0,0,,1
2025-09-30 14:05:13,327.62,0.3441,239.92,0.4911,1.4732999999999998,238.06,237.64,244.07,415.97,415.23,415.34,415.74,0.0,0.0432,1.4301,0.0,0.0011,0.3431,0.0589,0,0,0.0589,0.3593,0,0.0103,0.349,0.9856,1,1,0.9855,50.1,431.08,267.81,0,1,2025-09-30 14:05:13,16.5,83.7,,0,0,,1
2025-09-30 14:05:58,327.62,0.343,239.6,0.4901,1.4703,237.82,236.9,244.08,416.03,413.96,414.81,415.02,0.0,0.0444,1.4259,0.0,0.0011,0.3419,0.0594,0,0,0.0594,0.3586,0,0.0105,0.348,0.9853,1,1,0.9852,50.1,431.09,267.81,0,1,2025-09-30 14:05:58,16.6,84.7,,0,0,,1
2025-09-30 14:06:43,327.63,0.3445,239.89,0.491,1.4729999999999999,238.2,237.37,244.11,415.86,416.45,414.06,415.32,0.0,0.0428,1.4302,0.0,0.0013,0.3432,0.0587,0,0,0.0587,0.3593,0,0.0102,0.3491,0.9857,1,1,0.9856,50.1,431.09,267.81,0,1,2025-09-30 14:06:43,16.7,85.6,,0,0,,1
2025-09-30 14:07:51,327.64,0.3445,239.39,0.491,1.4729999999999999,237.83,235.78,244.57,415.51,413.49,414.69,414.44,0.0,0.0432,1.4298,0.0,0.0011,0.3434,0.0607,0,0,0.0607,0.3599,0,0.0102,0.3497,0.9848,1,1,0.9847,50,431.1,267.81,0,1,2025-09-30 14:07:51,17.2,86.7,,0,0,,1
2025-09-30 14:08:36,327.64,0.3444,239.66,0.4909,1.4728,237.9,236.3,244.78,416.59,414.12,414.32,414.75,0.0,0.0456,1.4272,0.0,0.0014,0.343,0.0605,0,0,0.0605,0.3601,0,0.0108,0.3494,0.9849,1,1,0.9847,50,431.1,267.81,0,1,2025-09-30 14:08:36,17.3,87.1,,0,0,,1
2025-09-30 14:09:21,327.65,0.342,238.48,0.4899,1.4698,236.71,234.26,244.48,413.73,411.84,413.35,413.03,0.0,0.0452,1.4246,0.0,0.0,0.342,0.0608,0,0,0.0608,0.3589,0,0.0106,0.3483,0.9845,1,1,0.9845,50,431.11,267.82,0,1,2025-09-30 14:09:21,17.4,87.6,,0,0,,1
2025-09-30 14:10:06,327.65,0.3405,238.83,0.4893,1.4679,237.23,235.77,243.51,414.64,412.9,413.29,413.48,0.0,0.0448,1.4231,0.0,0.0,0.3405,0.0594,0,0,0.0594,0.3571,0,0.0106,0.3465,0.9851,1,1,0.9851,50,431.11,267.82,0,1,2025-09-30 14:10:06,17.4,88.2,,0,0,,1
2025-09-30 14:10:51,327.65,0.3401,238.33,0.4888,1.4664,237.78,233.77,243.45,413.45,409.74,415.02,412.79,0.0,0.0444,1.422,0.0,0.0,0.3401,0.059,0,0,0.059,0.3566,0,0.0104,0.3462,0.9852,1,1,0.9852,50,431.12,267.82,0,1,2025-09-30 14:10:51,17.5,89.1,,0,0,,1
2025-09-30 14:11:36,327.66,0.3388,238.54,0.4878,1.4634,237.17,235.46,243,413.94,411.52,413.87,413.1,0.0,0.0444,1.419,0.0,0.0,0.3388,0.0591,0,0,0.0591,0.3553,0,0.0105,0.3448,0.9851,1,1,0.9851,50,431.12,267.82,0,1,2025-09-30 14:11:36,18.0,89.4,,0,0,,1
2025-09-30 14:12:21,327.66,0.3402,238.49,0.4881,1.4645,237.21,235.2,243.08,414.2,411.22,413.64,413.19,0.0,0.0452,1.4193,0.0,0.0012,0.339,0.0585,0,0,0.0585,0.3556,0,0.0106,0.345,0.9855,1,1,0.9854,49.9,431.13,267.82,0,1,2025-09-30 14:12:21,18.1,90.1,,0,0,,1
2025-09-30 14:13:06,327.67,0.3409,239.01,0.4887,1.4661000000000002,236.49,236.61,243.95,414.92,414.36,412.46,413.96,0.0,0.0436,1.4225,0.0,0.0,0.3409,0.0595,0,0,0.0595,0.3573,0,0.0103,0.347,0.9851,1,1,0.9851,50,431.13,267.82,0,1,2025-09-30 14:13:06,18.1,90.7,,0,0,,1
2025-09-30 14:13:51,327.67,0.3404,238.37,0.4886,1.4658,237.37,233.81,243.93,413.52,411.46,413.38,412.94,0.0,0.0448,1.421,0.0,0.0,0.3404,0.0598,0,0,0.0598,0.3571,0,0.0105,0.3466,0.9849,1,1,0.9849,50,431.14,267.82,0,1,2025-09-30 14:13:51,18.2,91.2,,0,0,,1
2025-09-30 14:14:58,327.68,0.3399,238.24,0.4878,1.4635,235.22,235.6,243.9,413.65,412.3,411.7,412.59,0.0,0.0444,1.4191,0.0,0.0,0.3399,0.0598,0,0,0.0598,0.3566,0,0.0105,0.3461,0.9848,1,1,0.9848,50,431.14,267.82,0,1,2025-09-30 14:14:58,18.8,91.3,,0,0,,1
2025-09-30 14:15:43,327.68,0.3411,238.5,0.4877,1.4632,236.49,235.35,243.67,414.07,411.12,413.87,413.03,0.0,0.0436,1.4196,0.0,0.0012,0.3399,0.0589,0,0,0.0589,0.3562,0,0.0103,0.3459,0.9854,1,1,0.9853,50,431.15,267.82,0,1,2025-09-30 14:15:43,18.8,91.2,,0,0,,1
2025-09-30 14:16:28,327.69,0.3405,238.72,0.4881,1.4644,236.27,236.04,243.85,414.17,413.36,412.67,413.3,0.0,0.0432,1.4212,0.0,0.0,0.3405,0.0593,0,0,0.0593,0.3568,0,0.0102,0.3466,0.9851,1,1,0.9851,50,431.15,267.82,0,1,2025-09-30 14:16:28,18.9,91.2,,0,0,,1
2025-09-30 14:17:13,327.69,0.3413,238.61,0.4872,1.4616,236.51,235.17,244.16,413.82,412.34,413.48,413.29,0.0,0.044,1.4176,0.0,0.0015,0.3398,0.0604,0,0,0.0604,0.3565,0,0.0103,0.3461,0.9847,1,1,0.9845,50,431.16,267.82,0,1,2025-09-30 14:17:13,18.9,91.6,,0,0,,1
2025-09-30 14:17:58,327.7,0.3399,238.24,0.4877,1.4633,237.18,233.87,243.68,413.13,411.48,413.12,412.61,0.0,0.0436,1.4197,0.0,0.0,0.3399,0.0589,0,0,0.0589,0.3561,0,0.0102,0.346,0.9853,1,1,0.9853,50,431.16,267.82,0,1,2025-09-30 14:17:58,19.0,92,,0,0,,1
2025-09-30 14:18:43,327.73,3.9772,236.96,7.5193,22.5579,236.5,231.64,242.74,411.11,408.52,411.39,410.39,8.191,6.5302,7.8367,1.4229,1.0046,1.5497,3.5406,1.3121,1.1269,1.1017,5.3521,1.9372,1.5127,1.9023,0.7469,0.7351,0.6654,0.815,50,431.21,267.85,1,1,2025-09-30 14:18:43,19.0,91.4,,1,0,,0
2025-09-30 14:19:28,327.78,4.1365,237.18,7.6766,23.029799999999998,235.31,233.73,242.52,411.87,409.99,410.34,410.69,8.0536,7.0794,7.8968,1.4559,1.1551,1.5255,3.5483,1.2112,1.1807,1.1564,5.4649,1.8951,1.6547,1.9151,0.759,0.7687,0.6993,0.7969,50,431.27,267.9,1,1,2025-09-30 14:19:28,19.0,83.4,,1,0,,0
2025-09-30 14:20:13,327.83,4.107,237.35,7.6512,22.9538,235.65,233.57,242.83,411.83,409.82,411.42,411.06,8.0644,7.0301,7.8593,1.4512,1.1351,1.5207,3.5594,1.225,1.1826,1.1519,5.4509,1.9004,1.642,1.9085,0.7556,0.7641,0.6924,0.7971,50,431.34,267.94,1,1,2025-09-30 14:20:13,18.8,79.2,,1,0,,0
2025-09-30 14:20:58,327.88,4.142,236.99,7.6849,23.0548,235.4,232.69,242.88,411.01,409.8,410.36,410.44,8.1942,6.9326,7.928,1.4671,1.1177,1.5572,3.5409,1.2502,1.1592,1.1315,5.4676,1.9289,1.6131,1.9256,0.7601,0.7611,0.6941,0.8089,50,431.41,267.98,1,1,2025-09-30 14:20:58,18.2,77.3,,1,0,,0
2025-09-30 14:21:43,327.93,4.1696,237.61,7.7277,23.1831,238.02,232.26,242.56,412.96,409.97,411.46,411.51,8.2442,7.0277,7.9112,1.498,1.1164,1.5552,3.576,1.2658,1.1872,1.123,5.5135,1.9623,1.6323,1.9189,0.759,0.7638,0.685,0.8107,49.9,431.48,268.03,1,1,2025-09-30 14:21:43,18.0,76.3,,1,0,,0
2025-09-30 14:23:13,328.03,4.0953,236.5,7.6212,22.8637,237.2,230.72,241.58,411.23,407.38,409.98,409.46,8.171,6.8974,7.7953,1.4776,1.0833,1.5344,3.5049,1.2523,1.162,1.0905,5.4127,1.9382,1.5914,1.8832,0.7597,0.7628,0.6818,0.8151,49.9,431.61,268.12,1,1,2025-09-30 14:23:13,17.3,72.6,,1,0,,0
2025-09-30 14:23:58,328.09,4.0465,236.88,7.5753,22.726100000000002,237.01,231.18,242.47,411.66,409.26,409.62,410.37,8.0827,6.8941,7.7493,1.4518,1.0796,1.5151,3.5259,1.2476,1.1684,1.1099,5.3884,1.9157,1.5938,1.879,0.7539,0.7584,0.6786,0.8066,50,431.68,268.16,1,1,2025-09-30 14:23:58,17.2,71.8,,1,0,,0
2025-09-30 14:24:43,328.13,4.0128,237.1,7.5377,22.6132,237.51,231.19,242.61,411.61,408.98,411.16,410.59,8.016,6.878,7.7192,1.438,1.0716,1.5032,3.5336,1.246,1.1714,1.1162,5.3668,1.9039,1.5901,1.8728,0.7504,0.7557,0.6749,0.8028,50,431.74,268.2,1,1,2025-09-30 14:24:43,16.6,72.1,,1,0,,0
2025-09-30 14:25:28,328.19,3.9978,237.38,7.5259,22.5778,237.84,231.37,242.95,412.7,409.57,410.86,411.19,8.0224,6.8691,7.6863,1.4377,1.063,1.497,3.5453,1.2526,1.1778,1.115,5.3647,1.908,1.5893,1.8674,0.7481,0.7539,0.67,0.8019,50,431.81,268.25,1,1,2025-09-30 14:25:28,16.6,70.9,,1,0,,0
2025-09-30 14:26:13,328.24,3.9704,237.85,7.5068,22.5206,238.21,232.21,243.14,413.62,410.04,411.93,411.85,7.9285,6.9493,7.6428,1.4253,1.0756,1.4695,3.5725,1.2371,1.199,1.1363,5.3606,1.8886,1.6137,1.8583,0.7433,0.7551,0.6677,0.791,50,431.88,268.29,1,1,2025-09-30 14:26:13,16.5,69.3,,1,0,,0
2025-09-30 14:26:58,328.29,4.025,238.06,7.574,22.7221,239.84,231.6,242.76,413.91,410.32,412.5,412.23,8.1402,6.8593,7.7226,1.4654,1.0459,1.5136,3.5857,1.2882,1.1924,1.1051,5.4157,1.9523,1.5886,1.8747,0.7466,0.751,0.6594,0.8076,50,431.95,268.34,1,1,2025-09-30 14:26:58,16.4,68,,1,0,,0
2025-09-30 14:27:43,328.34,4.058,238.52,7.6123,22.837,239.78,232.87,242.92,415.08,412.53,411.42,413.04,8.0969,7.0347,7.7054,1.4754,1.0879,1.4947,3.6071,1.26,1.2213,1.1258,5.4514,1.9415,1.6382,1.8718,0.7474,0.7604,0.6651,0.7987,50,432.02,268.38,1,1,2025-09-30 14:27:43,15.9,67.6,,1,0,,0
2025-09-30 14:28:28,328.39,4.0798,238.24,7.6238,22.871399999999998,239.61,232.24,242.87,413.92,410.93,412.8,412.43,8.136,6.9472,7.7882,1.4754,1.0794,1.525,3.5855,1.2723,1.1955,1.1177,5.4544,1.9495,1.6134,1.8915,0.7511,0.7573,0.6701,0.8065,50,432.09,268.43,1,1,2025-09-30 14:28:28,15.8,67.2,,1,0,,0
2025-09-30 14:29:13,328.44,4.1096,238.76,7.6569,22.970799999999997,238.04,235.25,243,414.89,414.08,411.42,413.47,7.6948,7.5313,7.7447,1.4412,1.235,1.4334,3.6129,1.1283,1.2663,1.2183,5.4854,1.8317,1.7717,1.882,0.751,0.7873,0.6981,0.7619,50,432.15,268.47,1,1,2025-09-30 14:29:13,15.7,66.1,,1,0,,0
2025-09-30 14:29:58,328.49,4.1636,237.86,7.7191,23.157400000000003,238.86,232.24,242.5,412.73,411.03,412,411.77,8.2217,7.0248,7.9109,1.4978,1.1118,1.554,3.5815,1.268,1.19,1.1236,5.5137,1.9638,1.6314,1.9184,0.7581,0.7632,0.6826,0.8103,50,432.22,268.52,1,1,2025-09-30 14:29:58,15.6,65.2,,1,0,,0
2025-09-30 14:30:43,328.54,4.0845,238.48,7.6358,22.9076,238.8,233.31,243.33,414.88,412.19,411.76,412.35,7.9383,7.202,7.7673,1.4545,1.1449,1.4851,3.6079,1.2137,1.2263,1.168,5.466,1.8957,1.6803,1.89,0.7494,0.7678,0.6824,0.786,50,432.29,268.56,1,1,2025-09-30 14:30:43,15.2,64.4,,1,0,,0
2025-09-30 14:31:28,328.59,4.1224,238.09,7.677,23.031100000000002,239.99,231.21,243.09,413.19,410.18,413.56,412.55,8.2953,6.822,7.9138,1.4921,1.0556,1.5747,3.5881,1.3158,1.1685,1.1038,5.4919,1.9908,1.5773,1.9238,0.7542,0.75,0.6703,0.8188,50,432.36,268.61,1,1,2025-09-30 14:31:28,15.1,65,,1,0,,0
2025-09-30 14:32:13,328.65,4.2215,238.13,7.7898,23.3696,239.68,232.01,242.71,413.5,410.63,413,412.67,8.3895,6.9707,8.0094,1.5275,1.0993,1.5946,3.5981,1.3055,1.1823,1.1104,5.572,2.0108,1.6173,1.944,0.761,0.7601,0.6809,0.8206,49.9,432.43,268.65,1,1,2025-09-30 14:32:13,15.0,63.5,,1,0,,0
2025-09-30 14:32:58,328.66,0.3465,239.46,0.4947,1.4841,240.94,233.65,243.79,416.27,413.81,413.88,414.61,0.0,0.0444,1.4397,0.0,0.0013,0.3452,0.0584,0,0,0.0584,0.3614,0,0.0104,0.351,0.986,1,1,0.9859,49.9,432.44,268.66,0,1,2025-09-30 14:32:58,15.0,64,,0,0,,1
2025-09-30 14:33:43,328.66,0.3421,239.22,0.492,1.4761,240.62,233.77,243.28,415.61,412.67,414.55,414.11,0.0,0.0452,1.4309,0.0,0.0,0.3421,0.0593,0,0,0.0593,0.3587,0,0.0106,0.3481,0.9853,1,1,0.9853,49.9,432.45,268.66,0,1,2025-09-30 14:33:43,14.9,68.5,,0,0,,1
2025-09-30 14:34:28,328.67,0.344,239.31,0.4918,1.4754999999999998,240.69,233.56,243.68,415.57,412.74,414.95,414.52,0.0,0.0432,1.4323,0.0,0.001,0.343,0.0593,0,0,0.0593,0.3591,0,0.0101,0.349,0.9854,1,1,0.9853,50,432.45,268.66,0,1,2025-09-30 14:34:28,15.0,73,,0,0,,1
2025-09-30 14:35:13,328.67,0.3454,239.49,0.4922,1.4768000000000001,239.87,233.7,244.9,414.89,414.73,414.55,414.6,0.0,0.044,1.4328,0.0,0.001,0.3444,0.0618,0,0,0.0618,0.3612,0,0.0103,0.3509,0.9843,1,1,0.9842,50,432.46,268.66,0,1,2025-09-30 14:35:13,15.1,76.3,,0,0,,1
2025-09-30 14:35:58,328.67,0.3452,238.57,0.4921,1.4763000000000002,240.23,230.97,244.52,413.7,409.64,416.09,413.29,0.0,0.0436,1.4327,0.0,0.0012,0.344,0.0606,0,0,0.0606,0.3604,0,0.0101,0.3503,0.9849,1,1,0.9848,50,432.46,268.66,0,1,2025-09-30 14:35:58,15.6,78.2,,0,0,,1
2025-09-30 14:36:43,328.68,0.3449,239.5,0.4921,1.4765,240.12,233.23,245.15,416.03,412.48,415.66,414.79,0.0,0.0428,1.4337,0.0,0.0,0.3449,0.0618,0,0,0.0618,0.3615,0,0.01,0.3515,0.9843,1,1,0.9843,50,432.47,268.66,0,1,2025-09-30 14:36:43,15.7,79.8,,0,0,,1
2025-09-30 14:37:28,328.68,0.3464,239.98,0.4921,1.4763,241.4,232.87,245.68,416.31,414.22,416.14,415.72,0.0,0.044,1.4323,0.0,0.0011,0.3453,0.0621,0,0,0.0621,0.3621,0,0.0102,0.3519,0.9843,1,1,0.9842,50,432.47,268.66,0,1,2025-09-30 14:37:28,15.8,80.9,,0,0,,1
2025-09-30 14:38:13,328.69,0.3465,240.25,0.4923,1.477,241.68,233.61,245.48,417.12,414.53,416.46,415.89,0.0,0.0436,1.4334,0.0,0.001,0.3454,0.0613,0,0,0.0613,0.3621,0,0.0102,0.3519,0.9847,1,1,0.9846,50,432.47,268.67,0,1,2025-09-30 14:38:13,15.9,82.2,,0,0,,1
2025-09-30 14:38:58,328.69,0.3468,240.17,0.4928,1.4784,242.31,232.54,245.66,416.54,413.95,417.18,415.96,0.0,0.0452,1.4332,0.0,0.0013,0.3455,0.062,0,0,0.062,0.3626,0,0.0105,0.3521,0.9844,1,1,0.9842,50,432.48,268.67,0,1,2025-09-30 14:38:58,16.4,83.4,,0,0,,1
2025-09-30 14:39:43,328.7,0.3459,241,0.4907,1.4723,241.89,235.54,245.57,418.44,415.09,418.53,417.42,0.0,0.0428,1.4295,0.0,0.0014,0.3445,0.0618,0,0,0.0618,0.3611,0,0.0101,0.351,0.9844,1,1,0.9842,50,432.48,268.67,0,1,2025-09-30 14:39:43,16.5,85.1,,0,0,,1
2025-09-30 14:40:28,328.7,0.3444,240.55,0.4911,1.4735,241.47,234.7,245.48,417.17,416.61,415.87,416.68,0.0,0.0436,1.4299,0.0,0.0,0.3444,0.0621,0,0,0.0621,0.3612,0,0.0102,0.351,0.9841,1,1,0.9841,50,432.49,268.67,0,1,2025-09-30 14:40:28,16.6,86,,0,0,,1
2025-09-30 14:41:13,328.7,0.3462,240.32,0.4913,1.4739,242.58,232.69,245.69,416.94,413.27,418.29,416.11,0.0,0.044,1.4299,0.0,0.0014,0.3447,0.0616,0,0,0.0616,0.3616,0,0.0102,0.3513,0.9845,1,1,0.9843,50,432.49,268.67,0,1,2025-09-30 14:41:13,16.7,86.7,,0,0,,1
2025-09-30 14:41:58,328.71,0.3465,240.68,0.4917,1.4751999999999998,241.49,235.05,245.52,418.29,416.7,415.29,416.67,0.0,0.0432,1.432,0.0,0.0014,0.3451,0.0612,0,0,0.0612,0.3617,0,0.0102,0.3516,0.9847,1,1,0.9846,50,432.5,268.67,0,1,2025-09-30 14:41:58,17.2,87.6,,0,0,,1
2025-09-30 14:42:43,328.71,0.3441,239.16,0.4898,1.4694,242.66,229.56,245.26,415.07,409.8,417.55,414.19,0.0,0.044,1.4254,0.0,0.0012,0.3429,0.0622,0,0,0.0622,0.3597,0,0.0101,0.3496,0.984,1,1,0.9839,50,432.5,268.67,0,1,2025-09-30 14:42:43,17.3,87.6,,0,0,,1
2025-09-30 14:43:28,328.72,0.3459,240.04,0.491,1.4729999999999999,240.94,233.46,245.74,417.12,415.94,413.77,415.74,0.0,0.0448,1.4282,0.0,0.0016,0.3443,0.0624,0,0,0.0624,0.3614,0,0.0105,0.351,0.9841,1,1,0.9839,50,432.51,268.67,0,1,2025-09-30 14:43:28,17.4,87.7,,0,0,,1
2025-09-30 14:44:13,328.72,0.3433,239.13,0.4906,1.4718,241.98,230.5,244.91,415.79,410.42,415.98,414.13,0.0,0.044,1.4278,0.0,0.0,0.3433,0.0617,0,0.001,0.0606,0.3598,0,0.0101,0.3497,0.9842,1,1,0.9847,50,432.51,268.67,0,1,2025-09-30 14:44:13,17.5,87.8,,0,0,,1
2025-09-30 14:44:58,328.73,0.3456,241.02,0.4917,1.4752,241.86,235.04,246.17,419.21,417.14,415.62,417.08,0.0,0.044,1.4312,0.0,0.0,0.3456,0.063,0,0,0.063,0.3627,0,0.0103,0.3523,0.9837,1,1,0.9837,50,432.52,268.67,0,1,2025-09-30 14:44:58,17.5,88.2,,0,0,,1
2025-09-30 14:45:43,328.73,0.3476,240.62,0.4924,1.4772,243.53,232.18,246.16,418.8,413.21,417.89,416.85,0.0,0.044,1.4332,0.0,0.0014,0.3462,0.0619,0,0,0.0619,0.363,0,0.0102,0.3528,0.9845,1,1,0.9843,50,432.52,268.67,0,1,2025-09-30 14:45:43,18.0,88.4,,0,0,,1
2025-09-30 14:46:28,328.73,0.341,240.45,0.4884,1.4654,243.47,234.76,243.13,419.96,412.73,416.48,416.47,0.0,0.0444,1.421,0.0,0.0012,0.3397,0.0575,0,0,0.0575,0.3559,0,0.0104,0.3455,0.986,1,1,0.9859,50,432.52,268.67,0,1,2025-09-30 14:46:28,18.0,89.4,,0,0,,1
2025-09-30 14:47:13,328.74,0.3417,241,0.4885,1.4655,242.99,236.36,243.65,419.67,416.83,415.51,417.3,0.0,0.044,1.4215,0.0,0.0014,0.3403,0.059,0,0,0.059,0.3567,0,0.0104,0.3463,0.9854,1,1,0.9853,50,432.53,268.67,0,1,2025-09-30 14:47:13,18.1,89.6,,0,0,,1
2025-09-30 14:47:58,328.74,0.3421,240.1,0.4885,1.4657,243.87,232.5,243.93,417.37,412.11,417.92,415.83,0.0,0.0436,1.4221,0.0,0.0013,0.3408,0.0593,0,0,0.0593,0.357,0,0.0101,0.3469,0.9853,1,1,0.9851,50,432.53,268.68,0,1,2025-09-30 14:47:58,18.2,89.6,,0,0,,1
2025-09-30 14:48:43,328.75,0.3422,240.63,0.4885,1.4656,243.73,234.3,243.87,418.47,414.17,417.52,416.83,0.0,0.0444,1.4212,0.0,0.0016,0.3405,0.059,0,0,0.059,0.357,0,0.0104,0.3466,0.9854,1,1,0.9852,50,432.54,268.68,0,1,2025-09-30 14:48:43,18.2,90.3,,0,0,,1
2025-09-30 14:49:28,328.75,0.3423,240.92,0.4885,1.4656,243.96,234.69,244.12,419.41,415.41,416.77,417.33,0.0,0.0436,1.422,0.0,0.0012,0.3411,0.059,0,0,0.059,0.3574,0,0.0102,0.3471,0.9854,1,1,0.9853,50,432.54,268.68,0,1,2025-09-30 14:49:28,18.3,90.7,,0,0,,1
2025-09-30 14:50:13,328.76,0.3424,240.57,0.4884,1.4653,243.62,234.05,244.04,418.53,414.25,417.01,416.34,0.0,0.0428,1.4225,0.0,0.0013,0.3411,0.0591,0,0,0.0591,0.3572,0,0.01,0.3471,0.9854,1,1,0.9853,50,432.55,268.68,0,1,2025-09-30 14:50:13,18.7,90.4,,0,0,,1
2025-09-30 14:50:58,328.76,0.3414,240.69,0.4876,1.4628,241.44,236.65,243.98,419.02,417.3,414.03,416.78,0.0,0.0436,1.4192,0.0,0.0012,0.3402,0.0594,0,0,0.0594,0.3566,0,0.0103,0.3463,0.9852,1,1,0.9851,50,432.55,268.68,0,1,2025-09-30 14:50:58,18.8,90.5,,0,0,,1
2025-09-30 14:51:43,328.76,0.3414,240.29,0.4873,1.4621000000000002,243.1,233.72,244.05,418.04,414.75,415.47,415.96,0.0,0.0436,1.4185,0.0,0.0014,0.34,0.0596,0,0,0.0596,0.3564,0,0.0102,0.3462,0.9851,1,1,0.9849,50,432.56,268.68,0,1,2025-09-30 14:51:43,18.8,90.6,,0,0,,1
2025-09-30 14:52:28,328.77,0.3398,240.22,0.486,1.4581,242.38,234.84,243.44,417.6,414.65,415.75,416.5,0.0,0.044,1.4141,0.0,0.0015,0.3383,0.0585,0,0,0.0585,0.3546,0,0.0103,0.3442,0.9855,1,1,0.9853,50,432.56,268.68,0,1,2025-09-30 14:52:28,18.9,90.6,,0,0,,1
2025-09-30 14:53:13,328.77,0.342,241.18,0.4882,1.4647,243.27,236.36,243.93,420.35,417.04,415.54,417.61,0.0,0.0428,1.4219,0.0,0.0011,0.3409,0.0585,0,0,0.0585,0.357,0,0.0101,0.3468,0.9856,1,1,0.9855,50,432.56,268.68,0,1,2025-09-30 14:53:13,19.0,91,,0,0,,1
2025-09-30 14:53:58,328.78,0.3434,240.8,0.489,1.467,244.41,233.54,244.46,418.55,412.84,419.71,417.04,0.0,0.0424,1.4246,0.0,0.0012,0.3422,0.0589,0,0,0.0589,0.3582,0,0.0099,0.3483,0.9856,1,1,0.9855,50.1,432.57,268.68,0,1,2025-09-30 14:53:58,19.0,90.9,,0,0,,1
2025-09-30 14:54:43,328.79,3.7712,240.44,7.3569,22.0709,241.78,234.65,244.9,417.88,415.97,415.2,416.59,7.7145,6.9527,7.4037,1.3736,1.0105,1.3871,3.7262,1.2807,1.2624,1.1831,5.3098,1.8652,1.6315,1.8132,0.7113,0.733,0.6233,0.7545,50.1,432.58,268.69,1,1,2025-09-30 14:54:43,19.0,90.9,,1,0,,0
2025-09-30 14:55:28,328.83,4.019,240.49,7.6384,22.9152,243.49,232.67,245.31,417.67,414.56,417.07,416.81,8.408,6.6455,7.8617,1.4794,0.9791,1.5606,3.7281,1.4052,1.2062,1.1167,5.522,2.0473,1.5462,1.9286,0.7331,0.7226,0.6308,0.8159,50.1,432.65,268.73,1,1,2025-09-30 14:55:28,19.0,85.7,,1,0,,0
2025-09-30 14:56:13,328.88,4.0446,240.38,7.6497,22.9491,242.73,233.25,245.18,417.67,413.67,417.48,415.96,8.2859,6.8683,7.7949,1.4866,1.031,1.5269,3.7221,1.3531,1.2365,1.1325,5.5244,2.0112,1.602,1.9112,0.7358,0.7368,0.6428,0.805,50.1,432.71,268.78,1,1,2025-09-30 14:56:13,18.9,81,,1,0,,0
2025-09-30 14:57:05,328.96,4.0219,240.61,7.6288,22.8866,242.31,234.6,244.94,418.56,416.14,415.21,416.71,8.0882,7.1339,7.6645,1.47,1.0811,1.4709,3.7329,1.2938,1.2737,1.1654,5.5108,1.9599,1.6736,1.8773,0.7329,0.7506,0.647,0.7838,50,432.82,268.85,1,1,2025-09-30 14:57:05,18.2,76.5,,1,0,,0
2025-09-30 14:57:50,329.01,3.9944,239.46,7.6063,22.8189,242.95,231.07,244.38,416.31,412.23,415.4,414.7,8.4634,6.4773,7.8782,1.4723,0.9337,1.5885,3.6847,1.4328,1.1658,1.0861,5.4782,2.0562,1.4967,1.9253,0.735,0.7166,0.6251,0.8254,50,432.88,268.89,1,1,2025-09-30 14:57:50,18.0,74.6,,1,0,,0
2025-09-30 14:58:35,329.06,4.0071,240.29,7.6051,22.8154,241.63,235.08,244.18,418.21,416.42,413.6,416.11,8.0028,7.1572,7.6554,1.4582,1.0941,1.4548,3.7153,1.268,1.2746,1.1728,5.4855,1.9337,1.6825,1.8693,0.7333,0.7546,0.6513,0.7785,50,432.95,268.94,1,1,2025-09-30 14:58:35,17.5,74.2,,1,0,,0
2025-09-30 14:59:20,329.11,4.0072,240.06,7.6167,22.850099999999998,242.85,233.24,244.09,417.34,413.39,416.39,415.61,8.3158,6.7616,7.7727,1.4788,0.9949,1.5336,3.7085,1.373,1.2198,1.1157,5.4938,2.0195,1.5771,1.8972,0.7339,0.7328,0.632,0.8086,50,433.02,268.98,1,1,2025-09-30 14:59:20,17.3,72.6,,1,0,,0
2025-09-30 15:00:05,329.16,4.0699,239.13,7.6479,22.9439,240.64,233.53,243.24,415.67,411.44,415.27,414.07,8.1917,6.9652,7.787,1.4819,1.07,1.518,3.651,1.2978,1.2214,1.1318,5.4919,1.9713,1.6266,1.8941,0.7443,0.7523,0.6589,0.8016,50,433.09,269.03,1,1,2025-09-30 15:00:05,16.7,72.6,,1,0,,0
2025-09-30 15:00:50,329.21,4.1937,239.4,7.7773,23.332,240.4,234.53,243.29,415.99,414.75,412.96,414.63,8.1312,7.3907,7.8101,1.5173,1.1761,1.5003,3.6645,1.2302,1.2695,1.1649,5.5882,1.9547,1.7333,1.9001,0.753,0.7767,0.6796,0.7898,50,433.16,269.08,1,1,2025-09-30 15:00:50,16.6,71.6,,1,0,,0
2025-09-30 15:01:35,329.26,4.1845,238.72,7.7676,23.303,241.19,231.6,243.38,415.04,411.48,413.58,413.53,8.3734,6.9705,7.9591,1.5212,1.08,1.5834,3.6369,1.3262,1.1962,1.1145,5.571,2.0196,1.6144,1.9371,0.7547,0.7537,0.6701,0.8177,49.9,433.23,269.12,1,1,2025-09-30 15:01:35,16.5,71.8,,1,0,,0
2025-09-30 15:02:20,329.31,4.0942,238.19,7.6613,22.984,239.76,231.7,243.11,413.64,410.5,413.26,412.3,8.1648,6.9885,7.8307,1.4771,1.0842,1.5329,3.6091,1.2826,1.199,1.1275,5.4806,1.9576,1.6192,1.9037,0.7501,0.755,0.6706,0.8055,49.9,433.3,269.17,1,1,2025-09-30 15:02:20,16.4,69.7,,1,0,,0
2025-09-30 15:03:05,329.36,4.0711,238.05,7.6359,22.9079,240.11,230.75,243.3,412.47,411.97,412.19,412.36,8.2201,6.872,7.8158,1.4766,1.0508,1.5437,3.6004,1.3074,1.1839,1.1091,5.461,1.9737,1.5857,1.9016,0.749,0.7487,0.6638,0.8121,49.9,433.37,269.21,1,1,2025-09-30 15:03:05,16.4,69.4,,1,0,,0
2025-09-30 15:04:11,329.46,4.1548,238.39,7.7148,23.1446,239.55,232.56,243.06,414.35,412.23,411.79,412.65,8.1288,7.1784,7.8374,1.4947,1.136,1.5241,3.6069,1.2459,1.2195,1.1414,5.5216,1.9473,1.6694,1.905,0.7551,0.7681,0.6816,0.8004,49.9,433.49,269.3,1,1,2025-09-30 15:04:11,15.9,68,,1,0,,0
2025-09-30 15:04:56,329.51,4.2399,238.67,7.821,23.4631,239.98,232.86,243.18,415.1,412.8,411.91,413.07,8.2748,7.2927,7.8956,1.5356,1.1594,1.5449,3.6322,1.2567,1.2369,1.1386,5.604,1.9858,1.6982,1.9201,0.7594,0.7738,0.6838,0.8049,49.9,433.56,269.34,1,1,2025-09-30 15:04:56,15.8,67.4,,1,0,,0
2025-09-30 15:06:26,329.61,4.2108,238.02,7.7828,23.348399999999998,240.4,230.72,242.94,414.03,408.86,413.6,412.19,8.4897,6.8914,7.9673,1.5414,1.0652,1.6042,3.5945,1.3357,1.1769,1.0819,5.5665,2.0409,1.59,1.9356,0.7605,0.7557,0.671,0.829,50,433.7,269.43,1,1,2025-09-30 15:06:26,15.6,65.7,,1,0,,0
2025-09-30 15:07:11,329.67,4.2311,238.16,7.7945,23.3836,241.13,230.26,243.1,414.05,409.02,414.17,412.58,8.5067,6.878,7.9989,1.5487,1.0638,1.6186,3.5893,1.343,1.1698,1.0765,5.5795,2.0512,1.5837,1.9445,0.7625,0.7554,0.6727,0.8326,50,433.78,269.48,1,1,2025-09-30 15:07:11,15.6,66.1,,1,0,,0
2025-09-30 15:07:56,329.72,4.1387,239,7.6959,23.0878,240.51,232.82,243.68,415.99,413.18,412.32,413.74,8.1251,7.2128,7.7499,1.5021,1.1302,1.5064,3.6237,1.2477,1.2384,1.1376,5.5219,1.9542,1.6793,1.8885,0.7523,0.7692,0.6741,0.798,50,433.84,269.52,1,1,2025-09-30 15:07:56,15.1,68.3,,1,0,,0
2025-09-30 15:08:41,329.77,4.037,237.84,7.5772,22.7317,240.7,229.27,243.55,412.89,408.21,414.47,411.57,8.3735,6.4995,7.8587,1.4759,0.9685,1.5926,3.5588,1.3701,1.1287,1.0599,5.4196,2.0155,1.4901,1.914,0.7501,0.7328,0.6512,0.8324,50,433.9,269.56,1,1,2025-09-30 15:08:41,15.1,66.7,,1,0,,0
2025-09-30 15:09:26,329.81,0.3508,239.74,0.5,1.5001,241.88,232.71,244.65,417.16,414.37,413.77,415.15,0.0,0.0436,1.4565,0.0,0.0,0.3508,0.0574,0,0,0.0574,0.3665,0,0.0101,0.3563,0.9868,1,1,0.9868,50,433.97,269.6,0,1,2025-09-30 15:09:26,15.1,66.2,,0,0,,1
2025-09-30 15:10:11,329.82,0.3466,238.98,0.494,1.4822,242.15,230.66,244.15,416.11,410.55,414.74,413.73,0.0,0.044,1.4382,0.0,0.0013,0.3453,0.0583,0,0,0.0583,0.3613,0,0.0101,0.3511,0.9861,1,1,0.986,50,433.97,269.6,0,1,2025-09-30 15:10:11,15.0,67.8,,0,0,,1
2025-09-30 15:11:17,329.83,0.3437,239.16,0.4922,1.4766,240.82,233.35,243.33,415.79,413.12,413.54,414.41,0.0,0.0444,1.4322,0.0,0.001,0.3427,0.0582,0,0,0.0582,0.3589,0,0.0104,0.3485,0.9859,1,1,0.9858,50,433.98,269.61,0,1,2025-09-30 15:11:17,15.1,73.4,,0,0,,1
2025-09-30 15:12:02,329.83,0.3441,239.5,0.4915,1.4747000000000001,240.78,234.13,243.6,416.41,412.89,414.96,414.56,0.0,0.0436,1.4311,0.0,0.0015,0.3426,0.0593,0,0,0.0593,0.3588,0,0.0102,0.3486,0.9854,1,1,0.9853,50,433.99,269.61,0,1,2025-09-30 15:12:02,15.2,75.8,,0,0,,1
2025-09-30 15:12:47,329.84,0.3458,241.61,0.4925,1.4775999999999998,242.96,237.46,244.41,421.12,418.26,415.75,418.25,0.0,0.0432,1.4344,0.0,0.0013,0.3445,0.0597,0,0,0.0597,0.3608,0,0.0103,0.3506,0.9854,1,1,0.9853,50,433.99,269.61,0,1,2025-09-30 15:12:47,15.7,77.8,,0,0,,1
2025-09-30 15:13:32,329.84,0.3468,240.47,0.4928,1.4785000000000001,244.36,232.33,244.73,418.08,412.48,418.74,416.38,0.0,0.0416,1.4369,0.0,0.0013,0.3455,0.0603,0,0,0.0603,0.3613,0,0.0097,0.3517,0.9852,1,1,0.9851,50,433.99,269.61,0,1,2025-09-30 15:13:32,15.8,79.7,,0,0,,1
2025-09-30 15:14:17,329.84,0.3452,241.09,0.4913,1.474,243.43,235.33,244.52,419.85,417.58,414.91,417.43,0.0,0.0436,1.4304,0.0,0.0016,0.3435,0.0603,0,0,0.0603,0.36,0,0.0103,0.3498,0.985,1,1,0.9849,50,434,269.61,0,1,2025-09-30 15:14:17,15.9,82.5,,0,0,,1
2025-09-30 15:15:02,329.85,0.3441,240.28,0.4905,1.4714999999999998,245.19,231.49,244.16,418.94,411.24,418.04,416.24,0.0,0.0432,1.4283,0.0,0.0015,0.3426,0.0595,0,0,0.0595,0.3587,0,0.01,0.3487,0.9853,1,1,0.9852,50,434,269.61,0,1,2025-09-30 15:15:02,16.4,83.6,,0,0,,1
2025-09-30 15:15:47,329.85,0.3441,241.41,0.4895,1.4685000000000001,243.46,235.92,244.86,420.65,416.64,416.82,417.77,0.0,0.042,1.4265,0.0,0.0013,0.3428,0.0612,0,0,0.0612,0.3592,0,0.0099,0.3493,0.9845,1,1,0.9844,50,434.01,269.61,0,1,2025-09-30 15:15:47,16.5,84.3,,0,0,,1
2025-09-30 15:16:32,329.86,0.3426,240.8,0.4905,1.4717,243.33,234.55,244.54,419.11,414.52,417.38,416.88,0.0,0.0444,1.4273,0.0,0.0,0.3426,0.0611,0,0,0.0611,0.3594,0,0.0104,0.349,0.9844,1,1,0.9844,50,434.01,269.61,0,1,2025-09-30 15:16:32,16.6,84.9,,0,0,,1
2025-09-30 15:17:17,329.86,0.344,240.92,0.4915,1.4746000000000001,244.26,233.63,244.87,419.21,413.93,418.46,417.05,0.0,0.044,1.4306,0.0,0.0,0.344,0.0607,0,0,0.0607,0.3606,0,0.0103,0.3503,0.9848,1,1,0.9848,50,434.02,269.61,0,1,2025-09-30 15:17:17,16.7,85.3,,0,0,,1
2025-09-30 15:18:25,329.87,0.3418,240.16,0.4887,1.4662,244.08,233.25,243.15,417.72,412.52,417.49,416.17,0.0,0.0432,1.423,0.0,0.0018,0.34,0.0591,0,0,0.0591,0.3561,0,0.0101,0.346,0.9853,1,1,0.9852,50,434.02,269.61,0,1,2025-09-30 15:18:25,17.2,86.3,,0,0,,1
2025-09-30 15:19:10,329.87,0.3429,240.26,0.4889,1.4668999999999999,244.19,232.16,244.45,417.5,413.37,417.31,416.15,0.0,0.0428,1.4241,0.0,0.0011,0.3418,0.0605,0,0,0.0605,0.3581,0,0.0099,0.3481,0.9847,1,1,0.9846,50,434.03,269.61,0,1,2025-09-30 15:19:10,17.3,87.5,,0,0,,1
2025-09-30 15:19:55,329.88,0.3422,240.99,0.4888,1.4665000000000001,243,235.79,244.18,419.84,415.42,416.69,417.29,0.0,0.0436,1.4229,0.0,0.0011,0.3412,0.0603,0,0,0.0603,0.3577,0,0.0103,0.3474,0.9848,1,1,0.9847,50,434.03,269.61,0,1,2025-09-30 15:19:55,17.3,88.5,,0,0,,1
2025-09-30 15:20:40,329.88,0.3426,240.64,0.4889,1.4669,244.19,233.57,244.17,419.07,413.92,417.13,416.57,0.0,0.044,1.4229,0.0,0.0015,0.3411,0.0602,0,0,0.0602,0.3577,0,0.0103,0.3474,0.9849,1,1,0.9847,50,434.04,269.62,0,1,2025-09-30 15:20:40,17.4,89,,0,0,,1
2025-09-30 15:21:25,329.89,0.3433,240.93,0.4887,1.4663,244.08,233.98,244.74,419.98,413.67,417.97,417,0.0,0.0424,1.4239,0.0,0.0012,0.3422,0.0605,0,0,0.0605,0.3584,0,0.0099,0.3485,0.9848,1,1,0.9847,50,434.04,269.62,0,1,2025-09-30 15:21:25,17.5,89.4,,0,0,,1
2025-09-30 15:22:10,329.89,0.3431,240.71,0.4891,1.4674,244.24,233.3,244.6,418.96,413.89,417.64,416.6,0.0,0.0436,1.4238,0.0,0.0013,0.3418,0.0609,0,0,0.0609,0.3584,0,0.0102,0.3483,0.9846,1,1,0.9845,50,434.05,269.62,0,1,2025-09-30 15:22:10,18.0,90.1,,0,0,,1
2025-09-30 15:22:55,329.9,0.3423,241.15,0.4884,1.4653,243.54,235.48,244.44,419.41,415.68,417.76,417.36,0.0,0.0436,1.4217,0.0,0.0011,0.3412,0.0606,0,0,0.0606,0.3578,0,0.0103,0.3475,0.9846,1,1,0.9846,50,434.05,269.62,0,1,2025-09-30 15:22:55,18.0,91,,0,0,,1
2025-09-30 15:23:40,329.9,0.3423,240.04,0.4893,1.4679,244.21,232.02,243.9,417.25,412.03,417.8,415.81,0.0,0.0448,1.4231,0.0,0.0012,0.3411,0.0589,0,0,0.0589,0.3575,0,0.0104,0.3471,0.9855,1,1,0.9854,50,434.06,269.62,0,1,2025-09-30 15:23:40,18.1,90.7,,0,0,,1
2025-09-30 15:24:25,329.9,0.3423,240.87,0.4884,1.4653,243.72,234.54,244.35,418.69,415.27,417.39,417.21,0.0,0.0436,1.4217,0.0,0.0012,0.3411,0.0602,0,0,0.0602,0.3576,0,0.0102,0.3474,0.9848,1,1,0.9847,50,434.06,269.62,0,1,2025-09-30 15:24:25,18.2,90.8,,0,0,,1
2025-09-30 15:25:10,329.91,0.3436,241.36,0.4893,1.4679,243.73,235.63,244.72,420.17,417.99,415.59,417.91,0.0,0.0444,1.4235,0.0,0.0017,0.342,0.0606,0,0,0.0606,0.3588,0,0.0105,0.3484,0.9848,1,1,0.9846,50,434.07,269.62,0,1,2025-09-30 15:25:10,18.2,90.9,,0,0,,1
2025-09-30 15:25:55,329.91,0.3434,240.64,0.4889,1.4669,244.54,232.92,244.46,418.38,412.58,419.26,416.25,0.0,0.042,1.4249,0.0,0.0013,0.3421,0.0598,0,0,0.0598,0.3581,0,0.0098,0.3483,0.9851,1,1,0.985,50,434.07,269.62,0,1,2025-09-30 15:25:55,18.3,91.4,,0,0,,1
2025-09-30 15:26:40,329.92,0.3426,241.1,0.4878,1.4635,243.41,235.14,244.75,419.32,416.79,416.36,417.52,0.0,0.0428,1.4207,0.0,0.0013,0.3413,0.0609,0,0,0.0609,0.3578,0,0.0101,0.3477,0.9845,1,1,0.9844,50,434.07,269.62,0,1,2025-09-30 15:26:40,18.7,91.3,,0,0,,1
2025-09-30 15:27:25,329.92,0.3446,241.39,0.4894,1.4682,245.02,233.99,245.17,419.71,416.05,418.25,417.83,0.0,0.0428,1.4254,0.0,0.0014,0.3431,0.0606,0,0,0.0606,0.3595,0,0.01,0.3495,0.9848,1,1,0.9847,50,434.08,269.62,0,1,2025-09-30 15:27:25,18.8,91.6,,0,0,,1
2025-09-30 15:28:10,329.93,0.3434,241.28,0.4888,1.4665000000000001,244.33,234.67,244.86,419.92,415.65,417.91,417.9,0.0,0.0436,1.4229,0.0,0.0013,0.3421,0.0602,0,0,0.0602,0.3586,0,0.0102,0.3484,0.9849,1,1,0.9848,50,434.08,269.62,0,1,2025-09-30 15:28:10,18.8,91.6,,0,0,,1
2025-09-30 15:28:55,329.93,0.3443,240.82,0.4902,1.4707,244.66,232.92,244.88,418.69,414.76,417.57,416.78,0.0,0.0452,1.4255,0.0,0.0014,0.3429,0.0597,0,0,0.0597,0.3596,0,0.0105,0.3491,0.9853,1,1,0.9852,50,434.09,269.62,0,1,2025-09-30 15:28:55,18.9,91.7,,0,0,,1
2025-09-30 15:29:40,329.93,0.3447,242.03,0.4892,1.4677,244.07,236.85,245.18,421.39,418.64,417.29,418.94,0.0,0.044,1.4237,0.0,0.0019,0.3428,0.0603,0,0,0.0603,0.3595,0,0.0104,0.3491,0.985,1,1,0.9849,50.1,434.09,269.62,0,1,2025-09-30 15:29:40,18.9,91.9,,0,0,,1
2025-09-30 15:30:25,329.94,0.3433,242.14,0.4883,1.4649999999999999,244.46,237.08,244.89,421.47,419.3,417.12,419.32,0.0,0.0432,1.4218,0.0,0.0013,0.3421,0.0595,0,0,0.0595,0.3584,0,0.0102,0.3482,0.9853,1,1,0.9852,50.1,434.1,269.62,0,1,2025-09-30 15:30:25,19.0,91.7,,0,0,,1
2025-09-30 15:31:10,329.96,3.8413,240.59,7.4692,22.4078,243.6,233.29,244.9,417.7,414.59,417.63,416.76,8.1388,6.716,7.553,1.4269,0.9505,1.464,3.7445,1.374,1.2415,1.129,5.3991,1.9826,1.5668,1.8497,0.716,0.7203,0.6079,0.7918,50,434.13,269.64,1,1,2025-09-30 15:31:10,19.0,91.8,,1,0,,0
2025-09-30 15:31:55,330.01,4.0294,240.82,7.6547,22.964199999999998,243.06,234.72,244.69,418.84,415.96,416.23,417.1,8.1871,7.0321,7.745,1.4773,1.0558,1.4964,3.7567,1.3307,1.2646,1.1613,5.5357,1.99,1.6506,1.8951,0.7314,0.7429,0.6408,0.79,50,434.2,269.69,1,1,2025-09-30 15:31:55,19.0,84.6,,1,0,,0
2025-09-30 15:32:40,330.06,4.083,240.73,7.7149,23.1449,242.78,234.65,244.76,418.82,415.52,416.21,416.93,8.3125,7.0313,7.8011,1.5012,1.0591,1.5227,3.7572,1.346,1.2609,1.1503,5.5774,2.0181,1.6499,1.9094,0.7358,0.7445,0.6431,0.7979,50,434.26,269.74,1,1,2025-09-30 15:32:40,18.9,83.3,,1,0,,0
2025-09-30 15:33:25,330.11,4.1886,240.22,7.7948,23.3845,241.78,234.61,244.27,417.11,414.55,416.36,416.21,8.4001,7.0997,7.8847,1.5367,1.0983,1.5535,3.7109,1.3256,1.2485,1.1368,5.6226,2.031,1.6657,1.926,0.7484,0.7572,0.6604,0.807,50,434.33,269.78,1,1,2025-09-30 15:33:25,18.7,78.4,,1,0,,0
2025-09-30 15:34:10,330.17,4.2305,239.92,7.836,23.5082,240.94,234.41,244.42,417.36,413.97,415.05,415.48,8.3903,7.1563,7.9616,1.5356,1.1259,1.5691,3.7015,1.3124,1.2397,1.1494,5.645,2.0216,1.6775,1.946,0.7525,0.7601,0.6723,0.8067,50,434.41,269.83,1,1,2025-09-30 15:34:10,18.2,75.9,,1,0,,0
2025-09-30 15:34:55,330.22,4.2992,240.18,7.9072,23.721600000000002,241.17,234.98,244.4,418.06,414.95,414.69,415.96,8.4101,7.3335,7.978,1.5621,1.1688,1.5684,3.7102,1.2913,1.2621,1.1568,5.7013,2.0283,1.7232,1.9498,0.757,0.7707,0.6794,0.8047,50,434.48,269.88,1,1,2025-09-30 15:34:55,18.0,76.3,,1,0,,0
2025-09-30 15:35:40,330.27,4.2597,239.76,7.8712,23.613599999999998,241.02,233.87,244.39,416.42,414.02,415.12,415.1,8.421,7.2061,7.9865,1.5467,1.1356,1.5774,3.7018,1.3122,1.2415,1.1481,5.6667,2.0296,1.6853,1.9518,0.7548,0.7625,0.6749,0.8085,50,434.55,269.92,1,1,2025-09-30 15:35:40,17.4,75.1,,1,0,,0
2025-09-30 15:36:25,330.32,4.2795,238.9,7.8823,23.647100000000002,241.76,232.17,242.78,414.96,411.65,414.53,414.03,8.6262,6.9682,8.0527,1.5784,1.0785,1.6227,3.6511,1.3606,1.2017,1.0888,5.6583,2.0855,1.6178,1.955,0.7607,0.7574,0.669,0.8319,49.9,434.62,269.97,1,1,2025-09-30 15:36:25,17.3,74.4,,1,0,,0
2025-09-30 15:37:55,330.43,4.2531,238.39,7.8547,23.5641,242.31,229.9,242.96,413.93,410.36,414.12,412.58,8.7327,6.6996,8.1318,1.5708,1.0141,1.6682,3.6266,1.4148,1.155,1.0568,5.632,2.116,1.5402,1.9757,0.7609,0.743,0.6597,0.8447,49.9,434.76,270.06,1,1,2025-09-30 15:37:55,16.7,73.8,,1,0,,0
2025-09-30 15:38:40,330.48,4.2436,238.82,7.8399,23.5198,241.16,230.56,244.75,414.5,410.75,415.39,413.59,8.5415,6.9083,8.07,1.5396,1.0692,1.6348,3.6483,1.3656,1.1765,1.1062,5.6278,2.0599,1.5928,1.9751,0.7582,0.7481,0.6725,0.8282,49.9,434.83,270.11,1,1,2025-09-30 15:38:40,16.6,73,,1,0,,0
2025-09-30 15:39:25,330.54,4.195,238.38,7.7855,23.356699999999996,241.75,229.09,244.32,412.59,411.38,414.39,412.74,8.709,6.5127,8.135,1.5362,0.977,1.6817,3.6183,1.4371,1.124,1.0572,5.5849,2.1054,1.492,1.9875,0.7572,0.7302,0.656,0.8466,49.9,434.9,270.15,1,1,2025-09-30 15:39:25,16.6,74.9,,1,0,,0
2025-09-30 15:40:10,330.59,4.2094,239.53,7.8009,23.402699999999996,241.32,232.31,244.97,416,412.68,415.65,414.78,8.3433,7.1027,7.9567,1.5213,1.1098,1.5783,3.6746,1.3161,1.2168,1.1417,5.6126,2.0134,1.65,1.9492,0.7533,0.7562,0.6738,0.8102,50,434.97,270.2,1,1,2025-09-30 15:40:10,16.6,74.6,,1,0,,0
2025-09-30 15:40:55,330.64,4.2255,239.76,7.8179,23.453799999999998,241.65,232.64,245,416.36,412.18,417.06,415.2,8.4714,6.979,8.0034,1.5367,1.0831,1.6057,3.6791,1.35,1.2055,1.1237,5.6315,2.0471,1.6236,1.9608,0.7541,0.7512,0.6683,0.8193,50,435.04,270.24,1,1,2025-09-30 15:40:55,16.5,72.4,,1,0,,0
2025-09-30 15:41:40,330.69,4.2416,240.11,7.8418,23.525399999999998,241.85,233.1,245.39,417.36,413.66,416.31,415.77,8.4773,7.051,7.9971,1.5436,1.0966,1.6015,3.7001,1.347,1.2205,1.1326,5.6562,2.0502,1.6436,1.9624,0.7535,0.7534,0.6683,0.8164,50,435.11,270.29,1,1,2025-09-30 15:41:40,16.5,70.2,,1,0,,0
2025-09-30 15:42:25,330.75,4.2601,240.38,7.8557,23.567300000000003,242.19,233.37,245.6,418.06,413.35,417.35,416.2,8.5004,7.0991,7.9678,1.5578,1.1045,1.5979,3.7029,1.3436,1.2311,1.1282,5.6723,2.0587,1.6567,1.9569,0.7547,0.7572,0.6677,0.8169,50,435.18,270.33,1,1,2025-09-30 15:42:25,16.4,69.2,,1,0,,0
2025-09-30 15:43:10,330.8,4.1771,240.63,7.7728,23.3186,241.23,235.66,245.01,418.97,415.61,415.45,416.67,8.1526,7.3396,7.8264,1.5088,1.1608,1.5075,3.722,1.2596,1.2786,1.1839,5.6138,1.9667,1.7297,1.9175,0.7466,0.7676,0.6721,0.7864,50,435.25,270.38,1,1,2025-09-30 15:43:10,15.9,68.3,,1,0,,0
2025-09-30 15:43:55,330.86,4.0872,239.58,7.6704,23.011400000000002,241.6,232.2,244.96,416.69,410.95,416.98,414.15,8.3795,6.7697,7.8622,1.4942,1.0199,1.573,3.6661,1.3638,1.1926,1.1097,5.5223,2.0245,1.5719,1.9259,0.7444,0.7385,0.6499,0.8171,50,435.32,270.43,1,1,2025-09-30 15:43:55,15.9,67.2,,1,0,,0
2025-09-30 15:44:40,330.9,4.2037,239.61,7.7888,23.3664,241.14,232.48,245.22,416.72,413.1,414.83,414.99,8.3795,7.0155,7.9714,1.5193,1.0938,1.5905,3.6703,1.3299,1.2058,1.1346,5.6063,2.0206,1.631,1.9547,0.7532,0.7524,0.6718,0.814,50,435.39,270.47,1,1,2025-09-30 15:44:40,15.8,66.5,,1,0,,0
2025-09-30 15:45:25,330.96,4.1283,239.29,7.7109,23.1329,242.43,230.44,245.01,416.17,410.87,415.97,414.33,8.4405,6.7605,7.9319,1.5086,1.0168,1.6029,3.6544,1.3804,1.1767,1.0973,5.5475,2.0462,1.5579,1.9434,0.7487,0.7377,0.6538,0.8251,50,435.46,270.52,1,1,2025-09-30 15:45:25,15.7,66.2,,1,0,,0
2025-09-30 15:46:10,331.01,4.1949,239.96,7.7748,23.3246,241.49,233.44,244.96,417.51,413.49,415.54,415.36,8.2659,7.1613,7.8974,1.5173,1.1231,1.5544,3.6792,1.2948,1.2343,1.1501,5.6024,1.9961,1.6717,1.9345,0.7518,0.7606,0.673,0.8038,50,435.53,270.57,1,1,2025-09-30 15:46:10,15.6,65.9,,1,0,,0
2025-09-30 15:46:55,331.06,4.1811,240.01,7.7738,23.3215,241.36,233.5,245.18,417.39,414.69,414.67,415.58,8.286,7.096,7.9395,1.5075,1.1094,1.5642,3.6956,1.3119,1.2267,1.157,5.6034,1.9999,1.6569,1.9466,0.7492,0.7543,0.6707,0.8039,50,435.6,270.61,1,1,2025-09-30 15:46:55,15.2,65.6,,1,0,,0
2025-09-30 15:47:40,331.07,0.3485,240.59,0.4954,1.4863,241.95,233.94,245.89,418.12,414.39,417.33,416.58,0.0,0.0432,1.4431,0.0,0.0,0.3485,0.0614,0,0,0.0614,0.365,0,0.0101,0.3548,0.9848,1,1,0.9848,50,435.61,270.62,0,1,2025-09-30 15:47:40,15.1,69.7,,0,0,,1
2025-09-30 15:48:25,331.07,0.3495,240.87,0.4967,1.4903,242.4,234.11,246.12,418.22,416.21,416.86,417.25,0.0,0.0444,1.4459,0.0,0.0,0.3495,0.0611,0,0,0.0611,0.3663,0,0.0104,0.3559,0.985,1,1,0.985,50,435.62,270.62,0,1,2025-09-30 15:48:25,15.2,73.6,,0,0,,1
2025-09-30 15:49:10,331.08,0.346,240.14,0.4934,1.4804000000000002,243.04,232.15,245.25,417.16,410.1,420.39,415.84,0.0,0.0436,1.4368,0.0,0.0,0.346,0.0613,0,0,0.0613,0.3625,0,0.0101,0.3524,0.9846,1,1,0.9846,50,435.62,270.62,0,1,2025-09-30 15:49:10,15.6,77.1,,0,0,,1
2025-09-30 15:49:55,331.08,0.3476,241.34,0.4935,1.4807000000000001,241.13,237.15,245.75,419.9,415.93,417.98,417.93,0.0,0.044,1.4367,0.0,0.0011,0.3466,0.062,0,0,0.062,0.3635,0,0.0104,0.3531,0.9844,1,1,0.9843,50,435.63,270.62,0,1,2025-09-30 15:49:55,15.7,79.3,,0,0,,1
2025-09-30 15:50:40,331.09,0.3458,241.27,0.4926,1.4778,242.42,235.75,245.64,419.78,417.08,416.47,417.75,0.0,0.0432,1.4346,0.0,0.0,0.3458,0.0623,0,0,0.0623,0.3626,0,0.0102,0.3524,0.9841,1,1,0.9841,50,435.63,270.62,0,1,2025-09-30 15:50:40,15.8,81.6,,0,0,,1
2025-09-30 15:51:25,331.09,0.3466,240.39,0.4923,1.4768999999999999,243.28,232.16,245.75,417.26,412.42,419.22,416.36,0.0,0.0432,1.4337,0.0,0.001,0.3456,0.0629,0,0,0.0629,0.3624,0,0.01,0.3523,0.9839,1,1,0.9838,49.9,435.63,270.62,0,1,2025-09-30 15:51:25,16.4,84.7,,0,0,,1
2025-09-30 15:52:10,331.1,0.3478,240.94,0.493,1.4789999999999999,242.9,233.73,246.2,419.49,414.63,417.45,417.24,0.0,0.0432,1.4358,0.0,0.001,0.3467,0.063,0,0,0.063,0.3636,0,0.0101,0.3535,0.9839,1,1,0.9839,50,435.64,270.62,0,1,2025-09-30 15:52:10,16.5,85.2,,0,0,,1
2025-09-30 15:52:55,331.1,0.3462,240.95,0.492,1.476,242.71,234.64,245.52,419.12,415.75,416.84,417.27,0.0,0.044,1.432,0.0,0.0012,0.345,0.0621,0,0,0.0621,0.3619,0,0.0103,0.3516,0.9842,1,1,0.9841,50,435.64,270.62,0,1,2025-09-30 15:52:55,16.6,85.9,,0,0,,1
2025-09-30 15:53:40,331.1,0.3453,241.32,0.492,1.476,242.97,235.53,245.46,419.3,415.93,418.49,417.9,0.0,0.0432,1.4328,0.0,0.0,0.3453,0.0615,0,0,0.0615,0.3619,0,0.0102,0.3517,0.9845,1,1,0.9845,50,435.65,270.62,0,1,2025-09-30 15:53:40,16.7,86.3,,0,0,,1
2025-09-30 15:54:25,331.11,0.3491,242.42,0.4933,1.4801,244.98,236.03,246.26,421.04,416.72,421.74,419.83,0.0,0.0432,1.4369,0.0,0.0018,0.3473,0.0618,0,0,0.0618,0.364,0,0.0102,0.3539,0.9846,1,1,0.9845,50,435.65,270.62,0,1,2025-09-30 15:54:25,17.2,86.9,,0,0,,1
2025-09-30 15:55:10,331.11,0.3484,242.93,0.4922,1.4767,244.41,238.01,246.38,421.86,419.46,420.82,420.54,0.0,0.0432,1.4335,0.0,0.0018,0.3466,0.0631,0,0.0011,0.0621,0.3635,0,0.0103,0.3532,0.9839,1,1,0.9843,50,435.66,270.62,0,1,2025-09-30 15:55:10,17.3,88,,0,0,,1
2025-09-30 15:55:55,331.12,0.3483,242.58,0.4921,1.4765,245.76,235.02,246.98,421.8,416.3,422.18,420,0.0,0.0424,1.4341,0.0,0.001,0.3473,0.0634,0,0,0.0634,0.3642,0,0.01,0.3542,0.9838,1,1,0.9837,50.1,435.66,270.63,0,1,2025-09-30 15:55:55,17.4,89.2,,0,0,,1
2025-09-30 15:56:40,331.12,0.3494,242.37,0.4937,1.4811999999999999,245.19,235.63,246.31,421.4,417.89,419.85,419.29,0.0,0.0432,1.438,0.0,0.0017,0.3478,0.0612,0,0,0.0612,0.3644,0,0.0102,0.3542,0.9849,1,1,0.9848,50,435.67,270.63,0,1,2025-09-30 15:56:40,17.5,90.1,,0,0,,1
2025-09-30 15:57:25,331.13,0.3411,241.88,0.4876,1.4627999999999999,246.24,235.67,243.75,422.3,416.64,417.6,419.24,0.0,0.0432,1.4196,0.0,0.0013,0.3398,0.0596,0,0,0.0596,0.3562,0,0.0102,0.346,0.985,1,1,0.9849,50,435.67,270.63,0,1,2025-09-30 15:57:25,18.0,90.9,,0,0,,1
2025-09-30 15:58:10,331.13,0.3486,241.95,0.4927,1.4781,245.2,233.8,246.86,419.44,417.31,420.2,418.99,0.0,0.044,1.4341,0.0,0.0014,0.3472,0.0635,0,0,0.0635,0.3643,0,0.0103,0.354,0.9838,1,1,0.9836,50,435.68,270.63,0,1,2025-09-30 15:58:10,18.1,91.9,,0,0,,1
2025-09-30 15:58:55,331.14,0.3458,241.97,0.4919,1.4757,244.35,236.72,244.85,420.8,418.3,417.98,418.55,0.0,0.044,1.4317,0.0,0.0015,0.3444,0.06,0,0,0.06,0.361,0,0.0104,0.3506,0.9852,1,1,0.9851,50,435.68,270.63,0,1,2025-09-30 15:58:55,18.2,92.2,,0,0,,1
2025-09-30 15:59:40,331.14,0.3434,241.47,0.4895,1.4687,244.84,235.19,244.39,420.45,415.45,418.6,418.16,0.0,0.0432,1.4255,0.0,0.0013,0.3421,0.0599,0,0,0.0599,0.3585,0,0.0102,0.3484,0.9851,1,1,0.985,50,435.68,270.63,0,1,2025-09-30 15:59:40,18.2,91.7,,0,0,,1
2025-09-30 16:00:32,331.15,0.348,242.53,0.4919,1.4757,243.99,236.89,246.72,421.27,418.25,420.51,420.09,0.0,0.0432,1.4325,0.0,0.0014,0.3466,0.0629,0,0,0.0629,0.3637,0,0.0102,0.3534,0.984,1,1,0.9839,50,435.69,270.63,0,1,2025-09-30 16:00:32,18.7,91.3,,0,0,,1
2025-09-30 16:01:17,331.15,0.3484,242.72,0.4913,1.4739,244.8,236.58,246.8,421.45,418.27,421.33,420.18,0.0,0.0436,1.4303,0.0,0.0016,0.3468,0.0625,0,0,0.0625,0.3633,0,0.0103,0.353,0.9842,1,1,0.9837,50,435.7,270.63,0,1,2025-09-30 16:01:17,18.8,91.2,,0,0,,1
2025-09-30 16:02:02,331.15,0.3461,241.9,0.4918,1.4755999999999998,244.42,234.76,246.52,420.11,417.03,419.53,418.69,0.0,0.0432,1.4324,0.0,0.0,0.3461,0.0619,0,0,0.0619,0.3633,0,0.0101,0.3531,0.9843,1,1,0.9841,50,435.7,270.63,0,1,2025-09-30 16:02:02,18.8,91.3,,0,0,,1
2025-09-30 16:02:47,331.16,0.3479,242.44,0.4917,1.4751,244.11,236.76,246.47,421.58,418.07,419.89,419.84,0.0,0.042,1.4331,0.0,0.0013,0.3465,0.0625,0,0,0.0625,0.3632,0,0.0099,0.3532,0.9842,1,1,0.9842,50,435.7,270.63,0,1,2025-09-30 16:02:47,18.9,91.4,,0,0,,1
2025-09-30 16:03:32,331.16,0.3463,241.26,0.4911,1.4733,243.96,233.62,246.2,418.94,414.96,419.47,417.95,0.0,0.0436,1.4297,0.0,0.0018,0.3446,0.0624,0,0,0.0624,0.3622,0,0.0102,0.352,0.9841,1,1,0.9841,49.9,435.71,270.63,0,1,2025-09-30 16:03:32,18.9,91.5,,0,0,,1
2025-09-30 16:04:17,331.17,0.3463,242.09,0.4895,1.4686000000000001,243.32,236.61,246.35,420.58,418.2,418.92,419.02,0.0,0.042,1.4266,0.0,0.0016,0.3447,0.0627,0,0,0.0627,0.3614,0,0.0099,0.3514,0.984,1,1,0.9838,49.9,435.71,270.63,0,1,2025-09-30 16:04:17,18.9,91.5,,0,0,,1
2025-09-30 16:05:02,331.17,0.3462,241.92,0.4902,1.4706,243.54,236.1,246.13,420.1,418.92,417.75,418.97,0.0,0.0432,1.4274,0.0,0.0015,0.3446,0.0623,0,0,0.0623,0.3615,0,0.0102,0.3513,0.9841,1,1,0.984,49.9,435.72,270.64,0,1,2025-09-30 16:05:02,19.0,91.6,,0,0,,1
2025-09-30 16:05:47,331.18,0.3459,240.87,0.4901,1.4704,244.02,233.06,245.55,418.36,413.37,419.68,417.58,0.0,0.0428,1.4276,0.0,0.0018,0.3441,0.061,0,0,0.061,0.3605,0,0.01,0.3505,0.9848,1,1,0.9846,49.9,435.72,270.64,0,1,2025-09-30 16:05:47,19.0,91.9,,0,0,,1
2025-09-30 16:06:32,331.18,0.3433,241.78,0.4897,1.4692,243.46,236.4,245.48,420.66,417.71,417.66,418.68,0.0,0.0444,1.4248,0.0,0.0,0.3433,0.0612,0,0,0.0612,0.3603,0,0.0105,0.3498,0.9844,1,1,0.9844,49.9,435.73,270.64,0,1,2025-09-30 16:06:32,19.1,92,,0,0,,1
2025-09-30 16:07:39,331.26,4.1488,239.39,7.745,23.235100000000003,241.29,232.14,244.75,415.23,411.38,417.1,414.46,8.4263,6.7672,8.0416,1.4967,1.0396,1.6125,3.6743,1.3739,1.1737,1.1267,5.5723,2.0332,1.5709,1.9682,0.7486,0.7366,0.663,0.8197,50,435.84,270.71,1,1,2025-09-30 16:07:39,19.0,85.3,,1,0,,0
2025-09-30 16:08:24,331.31,4.2214,240.19,7.8289,23.4867,241.16,234.18,245.25,417.64,414.55,415.57,415.8,8.2809,7.2002,8.0056,1.5115,1.1415,1.5684,3.7203,1.3032,1.2372,1.1798,5.6465,1.997,1.6861,1.9634,0.7502,0.7573,0.678,0.7991,50,435.91,270.76,1,1,2025-09-30 16:08:24,18.9,81.2,,1,0,,0
2025-09-30 16:09:09,331.36,4.2003,239.26,7.8133,23.4399,242.55,230.67,244.57,414.92,410.06,418.08,414.19,8.7305,6.5351,8.1743,1.5382,0.98,1.6821,3.6716,1.4524,1.1412,1.078,5.6242,2.1176,1.5075,1.9992,0.7528,0.727,0.6514,0.8419,50,435.98,270.8,1,1,2025-09-30 16:09:09,18.8,77.7,,1,0,,0
2025-09-30 16:09:54,331.42,4.2146,240.01,7.8115,23.4345,241.26,234.17,244.61,417.06,414.79,414.98,415.55,8.2684,7.2351,7.931,1.5206,1.1433,1.5506,3.6995,1.2888,1.2463,1.1644,5.6291,1.9948,1.6942,1.94,0.7515,0.7628,0.676,0.7996,50,436.05,270.85,1,1,2025-09-30 16:09:54,18.2,75,,1,0,,0
2025-09-30 16:10:39,331.47,4.1665,239.6,7.765,23.295099999999998,241.93,232.75,244.12,416.1,411.62,417.07,414.97,8.5352,6.7671,7.9928,1.529,1.0278,1.6097,3.6752,1.385,1.1894,1.1008,5.5912,2.0649,1.575,1.9512,0.7499,0.7411,0.6538,0.8254,50,436.12,270.9,1,1,2025-09-30 16:10:39,18.0,72.9,,1,0,,0
2025-09-30 16:11:24,331.52,4.1749,240.33,7.7715,23.3146,240.71,235.69,244.61,417.54,415.74,415.3,416.18,8.1119,7.2803,7.9224,1.4894,1.1628,1.5227,3.7142,1.2599,1.2574,1.1969,5.6064,1.9526,1.7159,1.9379,0.7471,0.7634,0.6789,0.7862,50,436.19,270.94,1,1,2025-09-30 16:11:24,17.4,71.2,,1,0,,0
2025-09-30 16:12:09,331.58,4.1428,239.71,7.7294,23.1883,240.88,234.12,244.13,415.92,413.56,415.9,415.26,8.3045,6.9521,7.9317,1.4989,1.0812,1.5628,3.6768,1.3225,1.2127,1.1417,5.5644,2.0004,1.6276,1.9364,0.7479,0.7498,0.6654,0.8074,50,436.26,270.99,1,1,2025-09-30 16:12:09,17.1,71.5,,1,0,,0
2025-09-30 16:12:54,331.63,4.1432,238.97,7.7552,23.265600000000003,242.15,230.76,244.01,414.28,407.23,420.12,413.54,8.784,6.2594,8.2222,1.5189,0.9235,1.7009,3.6551,1.4866,1.1068,1.0618,5.5778,2.127,1.4444,2.0063,0.7498,0.7146,0.6406,0.8482,50,436.33,271.03,1,1,2025-09-30 16:12:54,16.6,70.7,,1,0,,0
2025-09-30 16:13:39,331.68,4.1819,240.01,7.774,23.322200000000002,239.93,235.64,244.47,417.06,416.12,413.66,415.65,8.0402,7.3356,7.9464,1.4786,1.1849,1.5184,3.7009,1.2365,1.2543,1.2101,5.6003,1.9291,1.7286,1.9427,0.7488,0.7671,0.6867,0.782,50,436.4,271.08,1,1,2025-09-30 16:13:39,16.5,70.7,,1,0,,0
2025-09-30 16:14:46,331.77,4.2312,238.44,7.8436,23.5308,242.47,228.19,244.68,413.23,406.75,418.86,412.58,8.916,6.2225,8.3923,1.5407,0.9254,1.765,3.6345,1.5144,1.0732,1.047,5.6352,2.1619,1.4199,2.0534,0.7585,0.7131,0.653,0.86,49.9,436.52,271.16,1,1,2025-09-30 16:14:46,15.9,68.7,,1,0,,0
2025-09-30 16:15:31,331.83,4.2354,240.15,7.842,23.5261,241.17,234.39,244.91,417.09,415.1,415.41,415.61,8.2663,7.2789,7.9809,1.5206,1.1565,1.5583,3.7151,1.287,1.2501,1.178,5.6543,1.9936,1.7061,1.9546,0.7517,0.7633,0.679,0.7977,49.9,436.6,271.21,1,1,2025-09-30 16:15:31,15.9,68.9,,1,0,,0
2025-09-30 16:16:16,331.88,4.1538,240,7.7583,23.2751,241.16,234.46,244.39,417.2,412.84,416.83,415.72,8.2585,7.1093,7.9073,1.5022,1.1084,1.5431,3.7087,1.3056,1.2413,1.1618,5.5909,1.9916,1.6668,1.9325,0.7459,0.7547,0.666,0.7988,49.9,436.67,271.26,1,1,2025-09-30 16:16:16,15.8,69.5,,1,0,,0
2025-09-30 16:17:01,331.93,4.1413,239.74,7.7376,23.212899999999998,240.99,234.34,243.9,418.11,411.8,415.52,415.19,8.3081,6.9804,7.9244,1.5022,1.0825,1.5566,3.6866,1.3207,1.2221,1.1437,5.5707,2.0022,1.6358,1.9328,0.7469,0.751,0.663,0.8058,49.9,436.74,271.3,1,1,2025-09-30 16:17:01,15.8,69,,1,0,,0
2025-09-30 16:18:31,332.03,4.1454,239.41,7.7484,23.2454,241.71,232.48,244.06,415.25,410.89,417.76,414.58,8.5282,6.6709,8.0463,1.5136,1.0102,1.6216,3.6754,1.3969,1.1727,1.1058,5.576,2.0614,1.5509,1.9638,0.7482,0.7348,0.6526,0.8262,49.9,436.87,271.39,1,1,2025-09-30 16:18:31,15.7,66.8,,1,0,,0
2025-09-30 16:19:16,332.08,4.1199,240.55,7.7176,23.1529,240.67,236.15,244.84,417.99,416.31,415.4,416.71,8.0088,7.278,7.8661,1.4663,1.1566,1.4969,3.7261,1.2486,1.2672,1.2104,5.5721,1.9275,1.7187,1.9259,0.7416,0.7613,0.6741,0.7776,50,436.94,271.44,1,1,2025-09-30 16:19:16,15.6,66.3,,1,0,,0
2025-09-30 16:20:01,332.13,4.1575,239.29,7.7562,23.2686,241.83,231.42,244.62,414.83,410.47,417.91,414.4,8.6246,6.4599,8.1841,1.5075,0.9757,1.6743,3.6621,1.4385,1.1285,1.0952,5.5826,2.0857,1.495,2.002,0.7503,0.7234,0.654,0.8368,50,437.01,271.49,1,1,2025-09-30 16:20:01,15.2,65.5,,1,0,,0
2025-09-30 16:20:46,332.19,4.2008,240.48,7.7965,23.3897,239.69,237.05,244.7,417.77,416.78,414.78,416.44,7.9418,7.4651,7.9828,1.4697,1.2256,1.5055,3.7225,1.2073,1.272,1.2432,5.6266,1.9036,1.7696,1.9534,0.7484,0.7727,0.6938,0.771,50,437.08,271.53,1,1,2025-09-30 16:20:46,15.1,64.4,,1,0,,0
2025-09-30 16:21:52,332.2,0.3501,241.32,0.4955,1.4867,243.29,234.62,246.05,418.33,413.78,421.7,417.97,0.0,0.0428,1.4439,0.0,0.0011,0.349,0.0607,0,0,0.0607,0.3653,0,0.01,0.3553,0.9853,1,1,0.9852,50,437.1,271.54,0,1,2025-09-30 16:21:52,15.0,67.8,,0,0,,1
2025-09-30 16:22:37,332.21,0.3483,241.65,0.4948,1.4846,243.06,236.09,245.82,420.47,416.6,418.34,418.53,0.0,0.0424,1.4422,0.0,0.0,0.3483,0.0602,0,0,0.0602,0.3645,0,0.01,0.3545,0.9854,1,1,0.9854,50,437.1,271.54,0,1,2025-09-30 16:22:37,15.1,72.3,,0,0,,1
2025-09-30 16:23:22,332.21,0.3478,241.39,0.4938,1.4814,244.1,233.8,246.28,418.7,414.43,421.01,418.12,0.0,0.0424,1.439,0.0,0.0,0.3478,0.0622,0,0,0.0622,0.3643,0,0.0099,0.3544,0.9843,1,1,0.9843,50,437.11,271.54,0,1,2025-09-30 16:23:22,15.2,75.9,,0,0,,1
2025-09-30 16:24:07,332.22,0.346,241.22,0.4929,1.4788000000000001,242.89,235.2,245.59,418.37,414.94,420,417.47,0.0,0.0436,1.4352,0.0,0.0,0.346,0.0613,0,0,0.0613,0.3627,0,0.0103,0.3525,0.9846,1,1,0.9846,50,437.11,271.54,0,1,2025-09-30 16:24:07,15.7,79,,0,0,,1
2025-09-30 16:24:52,332.22,0.3473,241.16,0.4919,1.4759,243.61,233.88,246.01,418.65,415.56,418.66,417.64,0.0,0.0424,1.4335,0.0,0.0013,0.346,0.0624,0,0,0.0624,0.3626,0,0.0099,0.3527,0.9842,1,1,0.9841,50,437.12,271.54,0,1,2025-09-30 16:24:52,15.8,82,,0,0,,1
2025-09-30 16:25:37,332.22,0.347,241.05,0.4932,1.4796,242.41,234.35,246.39,418.12,415.9,418.24,417.61,0.0,0.0436,1.436,0.0,0.0,0.347,0.0632,0,0,0.0632,0.364,0,0.0102,0.3538,0.9837,1,1,0.9837,50,437.12,271.54,0,1,2025-09-30 16:25:37,15.9,83.1,,0,0,,1
2025-09-30 16:26:22,332.23,0.3466,241.08,0.4916,1.4748,243.37,234.34,245.55,418.15,414.2,420.22,417.62,0.0,0.042,1.4328,0.0,0.0013,0.3453,0.0618,0,0,0.0618,0.3617,0,0.0098,0.3518,0.9844,1,1,0.9843,50,437.13,271.54,0,1,2025-09-30 16:26:22,16.4,83.6,,0,0,,1
2025-09-30 16:27:07,332.23,0.3455,241.86,0.4925,1.4775,242.79,237.49,245.32,420.3,417.49,418.81,418.77,0.0,0.0428,1.4347,0.0,0.0,0.3455,0.0614,0,0,0.0614,0.3621,0,0.0102,0.352,0.9845,1,1,0.9845,50,437.13,271.54,0,1,2025-09-30 16:27:07,16.5,84.4,,0,0,,1
2025-09-30 16:27:52,332.24,0.3458,241.98,0.4923,1.4769999999999999,245.51,234.83,245.62,419.71,415.55,422.03,417.97,0.0,0.0428,1.4342,0.0,0.0,0.3458,0.0613,0,0,0.0613,0.3623,0,0.0101,0.3523,0.9846,1,1,0.9846,50,437.14,271.55,0,1,2025-09-30 16:27:52,16.6,85,,0,0,,1
2025-09-30 16:28:37,332.24,0.3469,242.1,0.4916,1.4748999999999999,245.04,235.58,245.68,420.3,415.89,421.67,419.2,0.0,0.0428,1.4321,0.0,0.0015,0.3453,0.0615,0,0,0.0615,0.3619,0,0.0101,0.3518,0.9846,1,1,0.9844,50,437.14,271.55,0,1,2025-09-30 16:28:37,16.7,86,,0,0,,1
2025-09-30 16:29:22,332.25,0.3458,242.35,0.4905,1.4717,245.04,236.37,245.65,421.59,416.45,421.08,419.5,0.0,0.0432,1.4285,0.0,0.0014,0.3444,0.0617,0,0,0.0617,0.3611,0,0.0102,0.3509,0.9844,1,1,0.9843,50,437.15,271.55,0,1,2025-09-30 16:29:22,17.2,87.3,,0,0,,1
2025-09-30 16:30:07,332.25,0.3467,241.73,0.492,1.4761,244.41,235,245.8,418.89,415.65,421.45,418.65,0.0,0.0432,1.4329,0.0,0.0011,0.3457,0.0619,0,0,0.0619,0.3624,0,0.0102,0.3522,0.9844,1,1,0.9843,50,437.15,271.55,0,1,2025-09-30 16:30:07,17.3,87.3,,0,0,,1
2025-09-30 16:30:52,332.25,0.3458,241.59,0.4917,1.4750999999999999,245.22,233.28,246.29,419.27,415.14,420.75,418.33,0.0,0.0432,1.4319,0.0,0.0,0.3458,0.0632,0,0,0.0632,0.3627,0,0.0101,0.3527,0.9837,1,1,0.9837,50,437.15,271.55,0,1,2025-09-30 16:30:52,17.4,88.3,,0,0,,1
2025-09-30 16:31:37,332.26,0.3457,241.89,0.4913,1.474,244.65,235.52,245.51,420.37,417.01,419.31,418.91,0.0,0.0444,1.4296,0.0,0.0012,0.3445,0.0615,0,0,0.0615,0.3614,0,0.0105,0.351,0.9845,1,1,0.9844,50,437.16,271.55,0,1,2025-09-30 16:31:37,17.5,88.7,,0,0,,1
2025-09-30 16:32:22,332.26,0.3435,241.78,0.4894,1.4682,244.97,234.82,245.55,419.69,416.08,420.37,419.09,0.0,0.0424,1.4258,0.0,0.0,0.3435,0.0619,0,0,0.0619,0.3601,0,0.01,0.3501,0.9841,1,1,0.9841,50,437.16,271.55,0,1,2025-09-30 16:32:22,17.9,89,,0,0,,1
2025-09-30 16:33:07,332.27,0.3439,241.6,0.4895,1.4687,244.61,235.15,245.06,419.37,416.21,419.67,418.22,0.0,0.0444,1.4243,0.0,0.0013,0.3425,0.0615,0,0,0.0615,0.3595,0,0.0104,0.349,0.9843,1,1,0.9842,49.9,437.17,271.55,0,1,2025-09-30 16:33:07,18.0,89.3,,0,0,,1
2025-09-30 16:33:52,332.27,0.3429,242.02,0.4888,1.4666000000000001,244.13,236.73,245.22,420.27,417.32,419.87,419.45,0.0,0.042,1.4246,0.0,0.0,0.3429,0.0609,0,0,0.0609,0.3593,0,0.0099,0.3493,0.9845,1,1,0.9845,50,437.17,271.55,0,1,2025-09-30 16:33:52,18.1,89.4,,0,0,,1
2025-09-30 16:34:37,332.28,0.3447,241.82,0.4903,1.4709,245.04,234.68,245.76,420.09,414.97,421.34,418.63,0.0,0.0416,1.4293,0.0,0.0,0.3447,0.0616,0,0,0.0616,0.361,0,0.0098,0.3513,0.9843,1,1,0.9843,50,437.18,271.55,0,1,2025-09-30 16:34:37,18.1,89.6,,0,0,,1
2025-09-30 16:35:22,332.28,0.3448,241.58,0.49,1.4701000000000002,245.02,234.18,245.56,418.98,415.09,421.11,418.29,0.0,0.0436,1.4265,0.0,0.0011,0.3437,0.0618,0,0,0.0618,0.3605,0,0.0102,0.3503,0.9843,1,1,0.9842,50,437.18,271.55,0,1,2025-09-30 16:35:22,18.2,89.9,,0,0,,1
2025-09-30 16:36:07,332.28,0.3465,242.33,0.4906,1.472,244.35,236.63,246.01,421.47,416.65,420.86,419.65,0.0,0.0432,1.4288,0.0,0.0016,0.345,0.0616,0,0,0.0616,0.3617,0,0.0102,0.3515,0.9845,1,1,0.9844,50,437.19,271.55,0,1,2025-09-30 16:36:07,18.3,90.2,,0,0,,1
2025-09-30 16:36:52,332.29,0.3473,241.99,0.4918,1.4754,245.09,234.44,246.45,420.76,414.8,421.66,419.03,0.0,0.044,1.4314,0.0,0.0012,0.346,0.0626,0,0,0.0626,0.3631,0,0.0103,0.3528,0.9841,1,1,0.984,50,437.19,271.55,0,1,2025-09-30 16:36:52,18.3,90.4,,0,0,,1
2025-09-30 16:37:37,332.29,0.3475,242.41,0.4911,1.4735,244.14,236.54,246.56,421.53,418.29,419.52,419.87,0.0,0.0428,1.4307,0.0,0.0013,0.3461,0.0623,0,0,0.0623,0.3629,0,0.0101,0.3528,0.9842,1,1,0.9841,50,437.19,271.56,0,1,2025-09-30 16:37:37,18.8,90.7,,0,0,,1
2025-09-30 16:38:22,332.3,0.347,241.92,0.4905,1.4717,244.71,234.19,246.86,420.07,416.42,420.29,419.04,0.0,0.0432,1.4285,0.0,0.0011,0.3459,0.0625,0,0,0.0625,0.3628,0,0.0101,0.3526,0.9841,1,1,0.984,50,437.2,271.56,0,1,2025-09-30 16:38:22,18.8,90.9,,0,0,,1
2025-09-30 16:39:07,332.3,0.3459,241.88,0.4909,1.4727,244.03,234.99,246.63,419.91,414.54,422.25,418.75,0.0,0.0432,1.4295,0.0,0.0,0.3459,0.0625,0,0,0.0625,0.3627,0,0.0102,0.3526,0.984,1,1,0.984,50,437.2,271.56,0,1,2025-09-30 16:39:07,18.9,91,,0,0,,1
2025-09-30 16:39:52,332.31,0.3463,242.52,0.4904,1.4713999999999998,243.64,237.73,246.2,420.82,419.39,419.79,420.02,0.0,0.0432,1.4282,0.0,0.0013,0.3451,0.0617,0,0,0.0617,0.3619,0,0.0103,0.3516,0.9845,1,1,0.9843,50,437.21,271.56,0,1,2025-09-30 16:39:52,18.9,91,,0,0,,1
2025-09-30 16:40:37,332.31,0.3463,242.26,0.4909,1.4728999999999999,244.1,235.76,246.93,420.09,416.07,422.54,419.7,0.0,0.0432,1.4297,0.0,0.0,0.3463,0.0625,0,0,0.0625,0.3632,0,0.0102,0.353,0.984,1,1,0.984,50,437.21,271.56,0,1,2025-09-30 16:40:37,18.9,91.1,,0,0,,1
2025-09-30 16:41:22,332.31,0.3472,242.58,0.4907,1.4722,244.12,236.95,246.68,420.77,417.69,421.9,420.23,0.0,0.0432,1.429,0.0,0.0014,0.3458,0.0621,0,0,0.0621,0.3627,0,0.0102,0.3525,0.9843,1,1,0.9842,50,437.22,271.56,0,1,2025-09-30 16:41:22,19.0,91.1,,0,0,,1
2025-09-30 16:42:07,332.32,0.348,242.28,0.4923,1.4769,243.75,236.35,246.75,420.04,417.72,421.02,419.5,0.0,0.0444,1.4325,0.0,0.0013,0.3467,0.0625,0,0,0.0625,0.364,0,0.0105,0.3535,0.9842,1,1,0.9841,50,437.22,271.56,0,1,2025-09-30 16:42:07,19.0,91.3,,0,0,,1
2025-09-30 16:42:52,332.35,3.9027,241.03,7.556,22.668100000000003,245,234.82,243.29,420.67,411.5,420.15,417.37,8.3801,6.6637,7.6243,1.482,0.9287,1.492,3.7745,1.4184,1.2557,1.1004,5.4728,2.0531,1.5648,1.8549,0.7188,0.7224,0.5946,0.8047,50,437.26,271.58,1,1,2025-09-30 16:42:52,19.1,90.5,,1,0,,0
2025-09-30 16:43:37,332.4,4.0396,241.08,7.6797,23.039199999999997,244.44,235.73,243.08,419.14,415.61,417.8,417.32,8.3204,7.0463,7.6725,1.5202,1.0355,1.4839,3.7721,1.3488,1.295,1.1283,5.5599,2.0338,1.661,1.865,0.7308,0.748,0.6245,0.796,50,437.33,271.63,1,1,2025-09-30 16:43:37,19.0,83.7,,1,0,,0
2025-09-30 16:44:22,332.45,4.0521,241.14,7.6908,23.072499999999998,243.72,236.71,242.99,419.74,416.58,416.48,417.61,8.244,7.1654,7.6631,1.5162,1.0705,1.4654,3.7758,1.3163,1.3121,1.1474,5.5674,2.0092,1.6961,1.8621,0.7316,0.7551,0.6321,0.7873,50,437.4,271.68,1,1,2025-09-30 16:44:22,18.8,79.3,,1,0,,0
2025-09-30 16:45:07,332.5,4.0252,240.58,7.6608,22.982599999999998,244.53,234.3,242.93,418.07,412.58,419.4,416.92,8.5207,6.6761,7.7858,1.5208,0.9572,1.5472,3.7413,1.4218,1.2334,1.0862,5.5392,2.0836,1.5642,1.8914,0.7324,0.7304,0.6131,0.8184,50,437.47,271.73,1,1,2025-09-30 16:45:07,18.3,76.7,,1,0,,0
2025-09-30 16:45:52,332.55,4.0133,241.16,7.6407,22.9223,242.96,238.06,242.47,420.08,415.5,417.44,417.45,8.0392,7.3052,7.5779,1.492,1.1082,1.4131,3.7681,1.2584,1.3366,1.1731,5.5297,1.9532,1.7391,1.8374,0.729,0.7644,0.6382,0.7694,50,437.54,271.77,1,1,2025-09-30 16:45:52,18.1,76.8,,1,0,,0
2025-09-30 16:46:37,332.6,4.0143,240.82,7.645,22.9352,243.89,236.53,242.04,419.21,414.2,417.84,417.06,8.2538,7.0012,7.6802,1.5056,1.0347,1.474,3.7544,1.3339,1.2893,1.1312,5.5279,2.013,1.656,1.8589,0.7303,0.7485,0.6258,0.7933,50,437.61,271.82,1,1,2025-09-30 16:46:37,17.9,74,,1,0,,0
2025-09-30 16:47:22,332.65,4.0065,240.65,7.643,22.9291,244.55,235.61,241.79,418.76,412.56,419.09,416.64,8.4408,6.785,7.7033,1.5236,0.9749,1.508,3.7456,1.3904,1.2635,1.0918,5.5254,2.0642,1.5986,1.8626,0.7304,0.7386,0.6108,0.8099,50,437.68,271.87,1,1,2025-09-30 16:47:22,17.3,71.4,,1,0,,0
2025-09-30 16:48:07,332.7,3.9679,240.86,7.5975,22.7926,244.08,236.62,241.9,418.25,415.35,417.91,417.22,8.2762,6.8604,7.656,1.496,0.997,1.475,3.7511,1.3552,1.2775,1.1184,5.4953,2.0201,1.6233,1.852,0.7266,0.7411,0.6152,0.7968,50,437.75,271.91,1,1,2025-09-30 16:48:07,17.2,73.9,,1,0,,0
2025-09-30 16:48:52,332.75,3.9975,240.4,7.6198,22.8595,244.09,234.89,242.22,418.22,412.08,418.78,416.46,8.4321,6.6847,7.7427,1.5093,0.9621,1.5261,3.7223,1.3969,1.2371,1.0883,5.5038,2.0582,1.5702,1.8754,0.7318,0.7339,0.6139,0.8141,50,437.81,271.96,1,1,2025-09-30 16:48:52,16.7,74.1,,1,0,,0
2025-09-30 16:49:37,332.8,3.9875,241.44,7.6097,22.8291,243.25,237.61,243.47,419.94,416.91,417.58,418.25,8.0359,7.1511,7.6421,1.4697,1.0785,1.4393,3.7736,1.2865,1.3093,1.1777,5.5145,1.9547,1.6992,1.8606,0.7263,0.7524,0.6357,0.7739,50,437.88,272.01,1,1,2025-09-30 16:49:37,16.7,71.6,,1,0,,0
2025-09-30 16:50:22,332.85,4.0289,238.82,7.6381,22.914499999999997,243.61,230.09,242.78,414.07,409.07,417.74,414.03,8.7586,6.0575,8.0984,1.5014,0.8534,1.6742,3.6399,1.5133,1.098,1.0287,5.4936,2.1337,1.3938,1.9661,0.742,0.7043,0.6136,0.852,50,437.95,272.05,1,1,2025-09-30 16:50:22,16.6,70.1,,1,0,,0
2025-09-30 16:51:07,332.9,4.1496,240.56,7.7448,23.2344,242.72,236.36,242.6,418.04,414.84,417,416.49,8.2459,7.1235,7.865,1.5221,1.1067,1.5209,3.7126,1.2971,1.2649,1.1505,5.5932,2.0014,1.6837,1.908,0.7452,0.7611,0.6584,0.7975,50.1,438.02,272.1,1,1,2025-09-30 16:51:07,16.6,72.8,,1,0,,0
2025-09-30 16:51:52,332.95,4.0603,240.67,7.6599,22.9797,243.47,236.42,242.14,418.4,414.88,417.22,416.66,8.337,6.8965,7.7462,1.5211,1.0297,1.5095,3.7142,1.3418,1.2605,1.1119,5.5359,2.0298,1.6305,1.8757,0.7378,0.7499,0.6326,0.8051,50.1,438.09,272.15,1,1,2025-09-30 16:51:52,16.6,73,,1,0,,0
2025-09-30 16:52:37,333,3.9998,241.41,7.5998,22.799500000000002,242.92,235.82,245.49,418.7,414.41,421.18,418.09,8.3036,6.6306,7.8653,1.4596,0.9859,1.5542,3.7429,1.3896,1.2095,1.1438,5.5116,2.0171,1.5636,1.9309,0.7301,0.7242,0.6318,0.8053,50.2,438.16,272.2,1,1,2025-09-30 16:52:37,16.6,70.4,,1,0,,0
2025-09-30 16:53:22,333.05,4.0143,240.84,7.5785,22.7357,239.44,237.53,245.56,416.33,417.37,417.66,417.09,7.8469,7.0784,7.8104,1.41,1.1278,1.4765,3.7052,1.2396,1.2428,1.2228,5.4781,1.8789,1.6813,1.9179,0.7348,0.751,0.672,0.7701,50.2,438.23,272.24,1,1,2025-09-30 16:53:22,16.6,70.6,,1,0,,0
2025-09-30 16:54:07,333.1,3.9959,240.53,7.5722,22.7166,240.63,235.25,245.71,416.17,416.29,417.2,416.59,8.1897,6.6609,7.866,1.434,1.0144,1.5474,3.6962,1.3496,1.1903,1.1563,5.4704,1.9707,1.567,1.9328,0.7341,0.7282,0.6486,0.801,50.1,438.29,272.28,1,1,2025-09-30 16:54:07,16.6,68.2,,1,0,,0
2025-09-30 16:54:52,333.15,3.9886,240.26,7.562,22.686,240.73,234.39,245.68,416.5,413.26,418.5,416.18,8.2245,6.6063,7.8552,1.4365,0.9974,1.5547,3.6826,1.3604,1.1804,1.1418,5.4582,1.9799,1.5485,1.9299,0.7347,0.726,0.6454,0.8059,50.1,438.36,272.33,1,1,2025-09-30 16:54:52,16.6,66.5,,1,0,,0
2025-09-30 16:55:37,333.2,4.0783,240.99,7.6599,22.9797,239.3,237.92,245.76,418.16,418.6,415.24,417.21,7.8573,7.3018,7.8206,1.4329,1.1778,1.4676,3.7277,1.215,1.2729,1.2398,5.5395,1.8803,1.7372,1.922,0.7381,0.7627,0.6791,0.7638,50.1,438.43,272.38,1,1,2025-09-30 16:55:37,16.6,69,,1,0,,0
2025-09-30 16:56:22,333.25,4.1799,239.86,7.7567,23.2703,239.82,234.05,245.71,415.8,412.76,417.56,415.72,8.4041,6.7453,8.1209,1.487,1.0627,1.6302,3.6695,1.3579,1.163,1.1487,5.5896,2.0155,1.5787,1.9954,0.7514,0.7384,0.6745,0.8174,50.1,438.5,272.42,1,1,2025-09-30 16:56:22,16.5,65.7,,1,0,,0
2025-09-30 16:57:07,333.31,4.1705,240.24,7.745,23.235099999999996,239.21,235.41,246.1,416.83,413.7,417.53,416.02,8.213,6.9768,8.0453,1.4691,1.1183,1.583,3.6881,1.302,1.1985,1.1876,5.587,1.9646,1.6424,1.9799,0.7491,0.7483,0.6822,0.7999,50.1,438.57,272.47,1,1,2025-09-30 16:57:07,16.4,64.2,,1,0,,0
2025-09-30 16:57:52,333.36,4.0544,240.3,7.6364,22.9094,239.96,235.29,245.65,417.15,413.46,417.79,416.02,8.2382,6.7487,7.9225,1.4511,1.0423,1.561,3.6944,1.3401,1.1938,1.1606,5.5109,1.9768,1.5879,1.9462,0.7391,0.7346,0.6576,0.8025,50.1,438.64,272.52,1,1,2025-09-30 16:57:52,16.4,64.1,,1,0,,0
2025-09-30 16:58:37,333.41,4.047,239.35,7.6098,22.8294,239.38,233.45,245.23,414.24,412.22,417.08,414.5,8.2542,6.5412,8.034,1.4327,1.0128,1.6014,3.6424,1.3581,1.1385,1.1458,5.4731,1.9759,1.527,1.9702,0.7432,0.7257,0.6646,0.8132,50.1,438.71,272.56,1,1,2025-09-30 16:58:37,15.9,65,,1,0,,0
2025-09-30 17:00:07,333.51,4.0902,239.96,7.6714,23.014200000000002,240.37,234.32,245.2,416.04,412.7,417.97,415.56,8.3884,6.5868,8.039,1.4687,1.0116,1.6099,3.6757,1.3789,1.1615,1.1353,5.5309,2.0163,1.5434,1.9712,0.7437,0.729,0.6567,0.8172,50.1,438.85,272.66,1,1,2025-09-30 17:00:07,15.9,64.5,,1,0,,0
2025-09-30 17:00:52,333.54,0.353,241.12,0.4987,1.4963,241.05,236.09,246.22,418.1,414.29,420.32,417.29,0.0,0.042,1.4543,0.0,0.0011,0.3519,0.0602,0,0,0.0602,0.368,0,0.0099,0.3581,0.9857,1,1,0.9856,50,438.89,272.68,0,1,2025-09-30 17:00:52,15.8,64.3,,0,0,,1
2025-09-30 17:01:37,333.54,0.3491,240.78,0.496,1.488,241.45,234.76,246.15,417.52,415.11,418.31,417.04,0.0,0.0436,1.4444,0.0,0.0,0.3491,0.0614,0,0,0.0614,0.3658,0,0.0102,0.3555,0.9848,1,1,0.9848,50,438.89,272.68,0,1,2025-09-30 17:01:37,15.8,67.4,,0,0,,1
2025-09-30 17:02:22,333.55,0.3475,240.49,0.4946,1.4838,241.78,233.73,245.96,417,411.97,420.48,416.18,0.0,0.044,1.4398,0.0,0.0,0.3475,0.0621,0,0,0.0621,0.3644,0,0.0103,0.3541,0.9844,1,1,0.9844,50,438.9,272.68,0,1,2025-09-30 17:02:22,15.8,72.2,,0,0,,1
2025-09-30 17:03:07,333.55,0.3487,241.8,0.4944,1.4832999999999998,241.65,236.83,246.94,419.62,418.18,418.41,418.95,0.0,0.0432,1.4401,0.0,0.0,0.3487,0.0637,0,0,0.0637,0.3658,0,0.0102,0.3556,0.9837,1,1,0.9837,50,438.9,272.68,0,1,2025-09-30 17:03:07,15.9,75.2,,0,0,,1
2025-09-30 17:03:59,333.56,0.3479,241.59,0.4943,1.483,242.17,236.2,246.4,418.4,416.5,420.3,418.56,0.0,0.0436,1.4394,0.0,0.0,0.3479,0.0628,0,0,0.0628,0.365,0,0.0103,0.3547,0.9841,1,1,0.9841,50,438.91,272.68,0,1,2025-09-30 17:03:59,16.4,78.6,,0,0,,1
2025-09-30 17:04:44,333.56,0.347,241.87,0.4928,1.4786,242.92,236.43,246.28,419.26,417.62,419.78,418.96,0.0,0.0424,1.4362,0.0,0.0,0.347,0.0628,0,0,0.0628,0.3637,0,0.01,0.3537,0.984,1,1,0.984,50,438.91,272.68,0,1,2025-09-30 17:04:44,16.5,80.4,,0,0,,1
2025-09-30 17:05:29,333.56,0.3487,242.05,0.4946,1.4838,242.62,236.88,246.67,419.97,416.68,420.95,419.25,0.0,0.0428,1.441,0.0,0.0,0.3487,0.0631,0,0,0.0631,0.3656,0,0.0101,0.3555,0.984,1,1,0.984,50,438.92,272.69,0,1,2025-09-30 17:05:29,16.6,81.7,,0,0,,1
2025-09-30 17:06:14,333.57,0.3482,241.29,0.4936,1.4808,242.37,234.61,246.89,417.28,415.38,420.99,417.79,0.0,0.0424,1.4384,0.0,0.0,0.3482,0.0635,0,0,0.0635,0.3651,0,0.0099,0.3551,0.9837,1,1,0.9837,50.1,438.92,272.69,0,1,2025-09-30 17:06:14,16.7,83.1,,0,0,,1
2025-09-30 17:06:59,333.57,0.3476,242.06,0.4916,1.4747999999999999,242.71,236.93,246.55,420.03,416.8,420.8,419.21,0.0,0.0424,1.4324,0.0,0.0012,0.3464,0.0629,0,0,0.0629,0.3632,0,0.01,0.3532,0.984,1,1,0.9839,50,438.93,272.69,0,1,2025-09-30 17:06:59,17.2,83.5,,0,0,,1
2025-09-30 17:07:44,333.58,0.3465,240.81,0.4921,1.4763,243.54,232.64,246.27,416.31,413.55,421.36,417.07,0.0,0.0424,1.4339,0.0,0.0,0.3465,0.0623,0,0,0.0623,0.363,0,0.0099,0.3531,0.9842,1,1,0.9842,50.1,438.93,272.69,0,1,2025-09-30 17:07:44,17.3,84.2,,0,0,,1
2025-09-30 17:08:29,333.58,0.3474,242.04,0.4933,1.4801000000000002,242.67,237.02,246.44,419.96,419.02,418.48,419.28,0.0,0.0436,1.4365,0.0,0.0,0.3474,0.062,0,0,0.062,0.3643,0,0.0103,0.354,0.9844,1,1,0.9844,50,438.94,272.69,0,1,2025-09-30 17:08:29,17.3,84.9,,0,0,,1
2025-09-30 17:09:14,333.59,0.3476,241.29,0.4922,1.4767,243.29,234.5,246.09,417.7,415.2,420.77,418.02,0.0,0.0424,1.4343,0.0,0.0013,0.3463,0.0621,0,0,0.0621,0.3629,0,0.0099,0.353,0.9844,1,1,0.9844,50.1,438.94,272.69,0,1,2025-09-30 17:09:14,17.4,86.3,,0,0,,1
2025-09-30 17:09:59,333.59,0.3452,241.27,0.4911,1.4734,242.47,235.11,246.25,418.18,415.98,419.37,418.3,0.0,0.0444,1.429,0.0,0.0,0.3452,0.0631,0,0,0.0631,0.3623,0,0.0104,0.3519,0.9837,1,1,0.9837,50,438.95,272.69,0,1,2025-09-30 17:09:59,17.5,86.9,,0,0,,1
2025-09-30 17:11:05,333.6,0.3469,241.76,0.4913,1.474,242.84,236.07,246.37,419.48,416.09,420.47,418.42,0.0,0.0432,1.4308,0.0,0.0013,0.3456,0.0635,0,0,0.0635,0.3627,0,0.0102,0.3525,0.9836,1,1,0.9835,50,438.95,272.69,0,1,2025-09-30 17:11:05,18.0,87.3,,0,0,,1
2025-09-30 17:11:50,333.6,0.346,241,0.4904,1.4713,243.4,233.53,246.07,417.53,413.9,420.7,417.1,0.0,0.0428,1.4285,0.0,0.0013,0.3447,0.0627,0,0,0.0627,0.3615,0,0.01,0.3515,0.9839,1,1,0.9838,50,438.96,272.69,0,1,2025-09-30 17:11:50,18.0,87.6,,0,0,,1
2025-09-30 17:12:35,333.61,0.344,240.93,0.4906,1.4719,241.98,235.09,245.73,417.64,414.76,419.37,417.02,0.0,0.0444,1.4275,0.0,0.0,0.344,0.0627,0,0,0.0627,0.3612,0,0.0104,0.3508,0.9837,1,1,0.9837,50,438.96,272.69,0,1,2025-09-30 17:12:35,18.1,88.8,,0,0,,1
2025-09-30 17:13:20,333.61,0.3432,241.26,0.4895,1.4685000000000001,242.73,235.45,245.6,418.24,417.15,418.03,417.91,0.0,0.0436,1.4249,0.0,0.0,0.3432,0.0624,0,0,0.0624,0.3602,0,0.0103,0.35,0.9838,1,1,0.9838,50,438.97,272.69,0,1,2025-09-30 17:13:20,18.2,89.4,,0,0,,1
2025-09-30 17:14:05,333.62,0.345,240.85,0.4899,1.4698,242.13,235,245.44,416.45,414.55,420.45,416.94,0.0,0.0428,1.427,0.0,0.0014,0.3436,0.0621,0,0,0.0621,0.3603,0,0.0101,0.3502,0.9842,1,1,0.984,49.9,438.97,272.69,0,1,2025-09-30 17:14:05,18.2,89.3,,0,0,,1
2025-09-30 17:14:50,333.62,0.3442,241.4,0.4901,1.4704000000000002,241.33,238.06,244.81,418.82,418.05,417.34,418.03,0.0,0.0436,1.4268,0.0,0.0012,0.343,0.0603,0,0,0.0603,0.3597,0,0.0104,0.3493,0.985,1,1,0.9849,50,438.98,272.7,0,1,2025-09-30 17:14:50,18.3,89.2,,0,0,,1
2025-09-30 17:15:35,333.62,0.3447,241.15,0.4902,1.4706,242.3,236.06,245.11,417.61,415.08,420.32,417.54,0.0,0.0428,1.4278,0.0,0.0011,0.3436,0.0607,0,0,0.0607,0.3601,0,0.0101,0.35,0.9848,1,1,0.9847,50,438.98,272.7,0,1,2025-09-30 17:15:35,18.7,89.4,,0,0,,1
2025-09-30 17:16:20,333.63,0.342,241.21,0.4882,1.4646,241.01,237.66,244.98,417.87,419.08,416.28,418.03,0.0,0.0424,1.4222,0.0,0.0,0.342,0.0609,0,0,0.0609,0.3585,0,0.0101,0.3484,0.9845,1,1,0.9845,50,438.99,272.7,0,1,2025-09-30 17:16:20,18.8,89.6,,0,0,,1
2025-09-30 17:17:05,333.63,0.3459,241.62,0.4908,1.4725000000000001,243.11,235.77,246,418.59,416.93,419.86,418.36,0.0,0.044,1.4285,0.0,0.0011,0.3448,0.0618,0,0,0.0618,0.3618,0,0.0104,0.3514,0.9843,1,1,0.9842,50,438.99,272.7,0,1,2025-09-30 17:17:05,18.8,89.8,,0,0,,1
2025-09-30 17:18:12,333.64,0.3466,241.93,0.4907,1.4722,243.09,236.45,246.25,419.86,416.77,420.3,418.96,0.0,0.0428,1.4294,0.0,0.0011,0.3455,0.0615,0,0,0.0615,0.3621,0,0.0101,0.352,0.9846,1,1,0.9845,50,439,272.7,0,1,2025-09-30 17:18:12,18.9,90.7,,0,0,,1
2025-09-30 17:18:57,333.65,0.3474,241.94,0.4901,1.4703000000000002,242.93,236.12,246.79,419.64,417.32,420.04,418.74,0.0,0.0436,1.4267,0.0,0.002,0.3453,0.0625,0,0,0.0625,0.3624,0,0.0103,0.3521,0.9841,1,1,0.984,50,439,272.7,0,1,2025-09-30 17:18:57,19.0,90.8,,0,0,,1
2025-09-30 17:19:42,333.65,0.3496,242.61,0.492,1.476,240.36,239.33,248.14,420.5,419.8,420.13,420.19,0.0,0.0432,1.4328,0.0,0.0011,0.3485,0.0641,0,0,0.0641,0.3659,0,0.0103,0.3555,0.9835,1,1,0.9834,50,439.01,272.7,0,1,2025-09-30 17:19:42,19.0,90.8,,0,0,,1
2025-09-30 17:20:27,333.65,0.3489,242.57,0.4915,1.4746,239.85,240.29,247.57,420.37,418.61,421.26,420.12,0.0,0.0428,1.4318,0.0,0.0012,0.3478,0.0623,0,0,0.0623,0.3648,0,0.0103,0.3545,0.9844,1,1,0.9843,50.1,439.01,272.7,0,1,2025-09-30 17:20:27,19.1,91,,0,0,,1
2025-09-30 17:21:12,333.68,3.77,241.61,7.3961,22.1885,238.7,239.13,247,417.69,419.5,418.12,418.38,7.6797,6.7954,7.7134,1.3086,1.0416,1.4198,3.7924,1.2811,1.2424,1.2688,5.3633,1.8331,1.625,1.9052,0.705,0.7145,0.6424,0.7456,50.1,439.05,272.73,1,1,2025-09-30 17:21:12,19.5,90.5,,1,0,,0
2025-09-30 17:21:57,333.73,3.8978,240.66,7.5028,22.5086,238.7,236.89,246.39,416.19,415.06,419.09,416.71,8.0711,6.5114,7.9261,1.3655,0.9964,1.5359,3.7334,1.3564,1.1726,1.2043,5.422,1.9266,1.5425,1.9529,0.7221,0.7094,0.6475,0.7869,50.1,439.12,272.78,1,1,2025-09-30 17:21:57,19.1,83.9,,1,0,,0
2025-09-30 17:22:42,333.78,3.9204,240.92,7.5161,22.548499999999997,238.25,237.66,246.85,416.56,417.04,418.1,417.13,7.9148,6.7122,7.9215,1.3557,1.0529,1.5119,3.7391,1.3078,1.1931,1.2381,5.4363,1.8857,1.5952,1.9554,0.7236,0.7196,0.6616,0.7736,50.1,439.19,272.82,1,1,2025-09-30 17:22:42,18.9,77.6,,1,0,,0
2025-09-30 17:23:27,333.83,3.937,241.03,7.5385,22.615699999999997,238.65,237.03,247.43,416.81,416.36,419.1,417.63,7.957,6.7387,7.92,1.3647,1.052,1.5204,3.7482,1.3174,1.1965,1.2343,5.4559,1.8989,1.5973,1.9596,0.7242,0.7194,0.6602,0.7763,50.1,439.25,272.87,1,1,2025-09-30 17:23:27,18.7,77.4,,1,0,,0
2025-09-30 17:24:12,333.88,3.9638,241.45,7.569,22.7072,238.76,238.32,247.29,418.01,419,417.44,418.23,7.8825,6.9585,7.8662,1.3774,1.0991,1.4873,3.7681,1.2797,1.2366,1.2517,5.4856,1.882,1.6583,1.9452,0.7247,0.7326,0.6643,0.765,50.1,439.32,272.92,1,1,2025-09-30 17:24:12,18.2,75.9,,1,0,,0
2025-09-30 17:25:19,333.97,3.9141,240.76,7.5175,22.552500000000002,239.55,236.68,246.06,417.21,417.31,416.3,416.74,7.847,6.9972,7.7083,1.3848,1.0792,1.4502,3.7422,1.269,1.2519,1.2213,5.4326,1.8797,1.6561,1.8967,0.7227,0.7372,0.6529,0.7648,50,439.45,273,1,1,2025-09-30 17:25:19,17.9,73.4,,1,0,,0
2025-09-30 17:26:04,334.02,3.9317,240.73,7.5354,22.6062,239.59,236.86,245.76,417.2,417.45,416.05,416.74,7.9367,6.8911,7.7784,1.3922,1.0622,1.4772,3.739,1.2927,1.2348,1.2116,5.4454,1.9016,1.6322,1.9116,0.7246,0.7328,0.6521,0.7732,50,439.52,273.05,1,1,2025-09-30 17:26:04,17.4,72.5,,1,0,,0
2025-09-30 17:26:49,334.07,3.9217,239.79,7.5229,22.568900000000003,239.77,234.82,244.79,414.6,413.28,418.02,415.41,8.2116,6.4385,7.9188,1.4005,0.9641,1.5571,3.6945,1.3815,1.1603,1.1527,5.4192,1.9689,1.5119,1.9384,0.7278,0.7119,0.639,0.8037,50,439.58,273.1,1,1,2025-09-30 17:26:49,17.3,71.1,,1,0,,0
2025-09-30 17:27:34,334.12,3.8657,240.85,7.4713,22.4139,238.69,238.9,244.97,416.96,418.49,415.96,417.1,7.7127,7.0432,7.658,1.3641,1.0951,1.4065,3.7452,1.2333,1.2724,1.2395,5.3995,1.8409,1.6826,1.876,0.7182,0.7417,0.6523,0.7502,50,439.65,273.14,1,1,2025-09-30 17:27:34,17.2,70.2,,1,0,,0
2025-09-30 17:28:19,334.16,3.8218,240.51,7.4261,22.2784,239.32,237.3,244.91,416.49,415.91,417.21,416.64,7.8936,6.7351,7.6497,1.3679,1.0107,1.4432,3.7266,1.3003,1.2336,1.1928,5.3608,1.8891,1.5982,1.8735,0.7159,0.7247,0.6337,0.7708,50,439.72,273.19,1,1,2025-09-30 17:28:19,16.7,68.8,,1,0,,0
2025-09-30 17:29:04,334.21,3.8412,240.51,7.4356,22.3069,239,236.89,245.64,415.82,415.46,418.34,416.55,7.8491,6.7347,7.7231,1.3552,1.0256,1.4605,3.7198,1.2942,1.2171,1.2086,5.3684,1.8759,1.5954,1.8971,0.7183,0.7232,0.6443,0.7704,50,439.78,273.23,1,1,2025-09-30 17:29:04,16.6,68,,1,0,,0
2025-09-30 17:29:49,334.26,3.8614,240.48,7.4594,22.378300000000003,239.55,236.05,245.85,416.2,415.77,417.45,416.51,7.9701,6.6725,7.7357,1.3736,1.0045,1.4833,3.719,1.323,1.208,1.188,5.3861,1.9092,1.575,1.9018,0.7202,0.7202,0.6393,0.7805,50,439.85,273.28,1,1,2025-09-30 17:29:49,16.5,67.1,,1,0,,0
2025-09-30 17:30:34,334.31,3.8612,240.79,7.4645,22.3936,239.85,236.3,246.23,416.68,416.35,418.01,417.12,7.9551,6.7234,7.7151,1.3748,1.0113,1.4751,3.7364,1.3204,1.2208,1.1951,5.3965,1.908,1.5887,1.8997,0.7186,0.7212,0.6379,0.7769,50,439.92,273.33,1,1,2025-09-30 17:30:34,16.4,66.5,,1,0,,0
2025-09-30 17:31:19,334.35,3.8725,240.79,7.4677,22.4032,240.11,236.73,245.54,417.49,417.15,416.36,417.12,7.8543,6.8948,7.6541,1.3822,1.048,1.4423,3.7313,1.2807,1.2471,1.2035,5.3975,1.8859,1.6322,1.8794,0.7201,0.7335,0.6433,0.7678,50,439.99,273.37,1,1,2025-09-30 17:31:19,16.0,65.7,,1,0,,0
2025-09-30 17:32:04,334.4,3.8953,240.81,7.4862,22.4587,240.06,237,245.39,417.34,417.19,416.63,416.89,7.8438,6.8928,7.7221,1.3807,1.0583,1.4564,3.7269,1.2774,1.2394,1.2101,5.4115,1.883,1.6336,1.8949,0.7225,0.734,0.6493,0.7691,50.1,440.05,273.42,1,1,2025-09-30 17:32:04,15.9,66.9,,1,0,,0
2025-09-30 17:32:49,334.45,3.8245,240.88,7.4318,22.2956,240.41,237.06,245.18,417.17,416.97,417.4,417,7.8597,6.8473,7.5886,1.3777,1.022,1.4248,3.7417,1.2906,1.2564,1.1948,5.3733,1.8896,1.6232,1.8606,0.7148,0.7298,0.631,0.7662,50,440.12,273.47,1,1,2025-09-30 17:32:49,15.9,67.1,,1,0,,0
2025-09-30 17:33:34,334.5,3.8545,241.05,7.4597,22.3792,239.61,238.77,244.77,417.39,417.72,417.34,417.4,7.6616,7.099,7.6186,1.3659,1.0985,1.3901,3.7506,1.2236,1.2858,1.2412,5.3956,1.8358,1.695,1.8648,0.7166,0.7448,0.6495,0.7459,50,440.19,273.51,1,1,2025-09-30 17:33:34,15.8,67.7,,1,0,,0
2025-09-30 17:35:04,334.6,3.8667,240.59,7.4592,22.3778,239.84,236.61,245.32,416.28,416.79,416.94,416.59,7.8476,6.8318,7.6984,1.3729,1.0403,1.4535,3.7209,1.2847,1.2323,1.2038,5.3872,1.8822,1.6165,1.8886,0.7205,0.7301,0.645,0.7701,50,440.32,273.61,1,1,2025-09-30 17:35:04,15.8,68,,1,0,,0
2025-09-30 17:35:49,334.65,3.8966,240.89,7.4881,22.4645,239.68,238.35,244.66,418.07,417.14,416.38,417.13,7.7141,7.1534,7.597,1.3893,1.1103,1.3971,3.7309,1.2173,1.2894,1.2242,5.4126,1.8489,1.705,1.8587,0.7222,0.7521,0.6525,0.7521,50.1,440.39,273.65,1,1,2025-09-30 17:35:49,15.7,69.4,,1,0,,0
2025-09-30 17:36:34,334.7,3.8763,240.01,7.445,22.3351,239.14,236.12,244.79,415.79,415.03,416.19,415.5,7.8752,6.7429,7.717,1.3757,1.0319,1.4687,3.6769,1.2833,1.2075,1.1861,5.3645,1.8833,1.5921,1.889,0.7255,0.7312,0.6496,0.7779,50.1,440.46,273.7,1,1,2025-09-30 17:36:34,15.8,69.2,,1,0,,0
2025-09-30 17:37:19,334.72,0.3498,241.69,0.4974,1.4924,243.39,236.39,245.3,419.73,417.64,418.3,418.78,0.0,0.0428,1.4496,0.0,0.0,0.3498,0.0584,0,0,0.0584,0.3657,0,0.0101,0.3556,0.9863,1,1,0.9863,50.1,440.49,273.72,0,1,2025-09-30 17:37:19,15.7,66.8,,0,0,,1
2025-09-30 17:38:04,334.72,0.3485,242.09,0.4966,1.4899,243.17,237.85,245.26,420.4,418.41,418.99,419.42,0.0,0.0448,1.4451,0.0,0.0,0.3485,0.0589,0,0,0.0589,0.3651,0,0.0107,0.3544,0.986,1,1,0.986,50.1,440.5,273.72,0,1,2025-09-30 17:38:04,15.7,69.6,,0,0,,1
2025-09-30 17:38:49,334.73,0.3463,241.06,0.4944,1.4832,243.15,235.4,244.65,417.93,414.99,419.6,417.44,0.0,0.0436,1.4396,0.0,0.0,0.3463,0.0588,0,0,0.0588,0.3625,0,0.0103,0.3522,0.9858,1,1,0.9858,50.1,440.5,273.72,0,1,2025-09-30 17:38:49,15.8,72.2,,0,0,,1
2025-09-30 17:39:34,334.73,0.3475,241.09,0.4943,1.4831,242.01,236.61,244.66,418.16,417.21,417.23,417.78,0.0,0.0436,1.4395,0.0,0.0013,0.3462,0.0593,0,0,0.0593,0.3625,0,0.0103,0.3522,0.9857,1,1,0.9856,50.1,440.51,273.72,0,1,2025-09-30 17:39:34,15.9,75.4,,0,0,,1
2025-09-30 17:40:19,334.73,0.3451,240.74,0.4926,1.4779,243.51,234.78,243.95,417.27,414.95,418.62,416.86,0.0,0.0432,1.4347,0.0,0.001,0.3441,0.0583,0,0,0.0583,0.3601,0,0.0101,0.35,0.986,1,1,0.9859,50.1,440.51,273.72,0,1,2025-09-30 17:40:19,16.0,77.8,,0,0,,1
2025-09-30 17:41:04,334.74,0.3441,240.5,0.4922,1.4766000000000001,242.66,234.45,244.41,416.59,415.34,417.63,416.96,0.0,0.0436,1.433,0.0,0.0,0.3441,0.0595,0,0,0.0595,0.3605,0,0.0102,0.3502,0.9853,1,1,0.9853,50.1,440.51,273.72,0,1,2025-09-30 17:41:04,16.5,79.7,,0,0,,1
2025-09-30 17:41:49,334.74,0.3438,241.23,0.4913,1.4741,242.29,236.83,244.59,418.51,417.9,416.91,417.65,0.0,0.0432,1.4309,0.0,0.0,0.3438,0.06,0,0,0.06,0.3602,0,0.0102,0.35,0.9851,1,1,0.9851,50.1,440.52,273.73,0,1,2025-09-30 17:41:49,16.6,81.6,,0,0,,1
2025-09-30 17:42:34,334.75,0.3456,240.91,0.4922,1.4766000000000001,243.38,234.66,244.71,417.58,415.33,418.79,417.34,0.0,0.0436,1.433,0.0,0.0012,0.3444,0.0602,0,0,0.0602,0.3609,0,0.0102,0.3507,0.9851,1,1,0.985,50.1,440.52,273.73,0,1,2025-09-30 17:42:34,16.7,82.8,,0,0,,1
2025-09-30 17:43:19,334.75,0.3438,241.24,0.4912,1.4737,242.83,236.22,244.69,418.62,418.21,416.48,417.72,0.0,0.0432,1.4305,0.0,0.0,0.3438,0.0603,0,0,0.0603,0.3602,0,0.0102,0.35,0.9849,1,1,0.9849,50,440.53,273.73,0,1,2025-09-30 17:43:19,16.7,84,,0,0,,1
2025-09-30 17:44:04,334.76,0.3421,240.86,0.4902,1.4706,243.82,234.94,243.84,417.74,416.62,417.01,417.24,0.0,0.0424,1.4282,0.0,0.0,0.3421,0.0594,0,0,0.0594,0.3582,0,0.01,0.3483,0.9852,1,1,0.9852,50,440.53,273.73,0,1,2025-09-30 17:44:04,17.2,84.9,,0,0,,1
2025-09-30 17:44:49,334.76,0.3424,240.98,0.4902,1.4707999999999999,242.92,235.96,244.07,417.98,415.74,418.34,417.43,0.0,0.0428,1.428,0.0,0.0,0.3424,0.0596,0,0,0.0596,0.3586,0,0.0101,0.3485,0.9851,1,1,0.9851,50,440.54,273.73,0,1,2025-09-30 17:44:49,17.3,86.2,,0,0,,1
2025-09-30 17:45:34,334.76,0.3403,240.71,0.4889,1.4669,243.47,235.23,243.43,417.13,415.86,417.64,417.02,0.0,0.0436,1.4233,0.0,0.0,0.3403,0.0592,0,0,0.0592,0.3567,0,0.0103,0.3465,0.9851,1,1,0.9851,50,440.54,273.73,0,1,2025-09-30 17:45:34,17.4,87.1,,0,0,,1
2025-09-30 17:46:19,334.77,0.3415,241.05,0.4897,1.4690999999999999,243.12,236.29,243.76,417.77,417.19,417.47,417.59,0.0,0.0432,1.4259,0.0,0.0,0.3415,0.0594,0,0,0.0594,0.3578,0,0.0102,0.3476,0.9852,1,1,0.9852,50,440.55,273.73,0,1,2025-09-30 17:46:19,17.5,87,,0,0,,1
2025-09-30 17:47:04,334.77,0.3419,240.95,0.4888,1.4664,242.4,236.84,243.62,418.12,416.71,417.08,417.12,0.0,0.0424,1.424,0.0,0.0011,0.3408,0.0596,0,0,0.0596,0.357,0,0.01,0.3469,0.9851,1,1,0.985,50,440.55,273.73,0,1,2025-09-30 17:47:04,17.9,87.3,,0,0,,1
2025-09-30 17:47:49,334.78,0.3426,241.5,0.4902,1.4707999999999999,243.68,236.64,244.18,419,418.12,417.56,418.25,0.0,0.0424,1.4284,0.0,0.0,0.3426,0.0599,0,0,0.0599,0.3588,0,0.01,0.3488,0.985,1,1,0.985,50,440.56,273.73,0,1,2025-09-30 17:47:49,18.0,88.4,,0,0,,1
2025-09-30 17:48:34,334.78,0.342,240.85,0.49,1.4702,244.14,234.51,243.92,417.79,414.34,419.29,417.01,0.0,0.0428,1.4274,0.0,0.0,0.342,0.0596,0,0,0.0596,0.3582,0,0.01,0.3482,0.9851,1,1,0.9851,50,440.56,273.73,0,1,2025-09-30 17:48:34,18.1,88.7,,0,0,,1
2025-09-30 17:49:19,334.79,0.3431,241.1,0.4899,1.4699,243.76,235.59,243.96,417.93,416.02,418.75,417.69,0.0,0.044,1.4259,0.0,0.0013,0.3418,0.0588,0,0,0.0588,0.3582,0,0.0104,0.3479,0.9856,1,1,0.9855,50,440.56,273.73,0,1,2025-09-30 17:49:19,18.1,88.8,,0,0,,1
2025-09-30 17:50:04,334.79,0.3423,241.54,0.4908,1.4724,243.12,237.92,243.59,418.57,417.61,418.85,418.46,0.0,0.0432,1.4292,0.0,0.0,0.3423,0.0581,0,0,0.0581,0.3584,0,0.0103,0.3481,0.9859,1,1,0.9859,50.1,440.57,273.73,0,1,2025-09-30 17:50:04,18.2,89,,0,0,,1
2025-09-30 17:50:49,334.79,0.3422,241.74,0.4903,1.4709,243.51,238.17,243.55,419.68,417.38,418.99,418.63,0.0,0.042,1.4289,0.0,0.0,0.3422,0.0578,0,0,0.0578,0.358,0,0.01,0.348,0.986,1,1,0.986,50.1,440.57,273.73,0,1,2025-09-30 17:50:49,18.3,89.3,,0,0,,1
2025-09-30 17:51:34,334.8,0.3413,241.96,0.488,1.4642000000000002,244.57,237.12,244.21,419.44,417.79,419.98,419.12,0.0,0.0416,1.4226,0.0,0.0,0.3413,0.059,0,0,0.059,0.3573,0,0.0099,0.3474,0.9853,1,1,0.9853,50.1,440.58,273.74,0,1,2025-09-30 17:51:34,18.7,89.4,,0,0,,1
2025-09-30 17:52:19,334.8,0.3449,242.3,0.491,1.4731,244.46,237.87,244.57,419.87,419.5,419.53,419.77,0.0,0.0436,1.4295,0.0,0.0013,0.3436,0.0588,0,0,0.0588,0.36,0,0.0104,0.3496,0.9857,1,1,0.9856,50.1,440.58,273.74,0,1,2025-09-30 17:52:19,18.8,90.2,,0,0,,1
2025-09-30 17:53:04,334.81,0.3432,241.52,0.49,1.47,245.35,234.35,244.88,418.19,413.99,422.81,418.64,0.0,0.0428,1.4272,0.0,0.0,0.3432,0.0599,0,0,0.0599,0.3595,0,0.01,0.3495,0.9851,1,1,0.9851,50.1,440.59,273.74,0,1,2025-09-30 17:53:04,18.8,90.3,,0,0,,1
2025-09-30 17:53:49,334.81,0.3445,242.93,0.4901,1.4705,243.69,240.32,244.79,421.5,422.17,418.5,420.46,0.0,0.0428,1.4277,0.0,0.0012,0.3434,0.0596,0,0,0.0596,0.3598,0,0.0103,0.3495,0.9853,1,1,0.9852,50.1,440.59,273.74,0,1,2025-09-30 17:53:49,18.9,90.3,,0,0,,1
2025-09-30 17:54:34,334.82,0.343,241.8,0.4902,1.4706000000000001,245.25,235.5,244.67,419.01,416.59,420.77,418.77,0.0,0.0436,1.427,0.0,0.0,0.343,0.0596,0,0,0.0596,0.3594,0,0.0103,0.3491,0.9852,1,1,0.9852,50.1,440.6,273.74,0,1,2025-09-30 17:54:34,18.9,90.3,,0,0,,1
2025-09-30 17:55:19,334.82,0.3439,242.28,0.4903,1.4711,244.73,237.25,244.88,420.37,418.58,419.87,419.72,0.0,0.0416,1.4295,0.0,0.0,0.3439,0.0595,0,0,0.0595,0.3599,0,0.0099,0.3501,0.9853,1,1,0.9853,50,440.6,273.74,0,1,2025-09-30 17:55:19,19.0,90.4,,0,0,,1
2025-09-30 17:56:04,334.82,0.3444,243.33,0.4895,1.4685,245.5,239.67,244.82,422.19,421.63,420.42,421.32,0.0,0.0432,1.4253,0.0,0.0016,0.3429,0.0591,0,0,0.0591,0.3593,0,0.0104,0.3489,0.9856,1,1,0.9854,50.1,440.6,273.74,0,1,2025-09-30 17:56:04,19.0,90.6,,0,0,,1
2025-09-30 17:56:49,334.83,1.9811,241.85,9.8067,29.420300000000005,246.65,234.03,244.88,418.29,414.67,423.74,419.53,10.2182,9.1331,10.069,0.6711,0.4058,0.9041,1.9755,0.7713,0.5904,0.6137,7.1234,2.5203,2.1374,2.4657,0.7081,0.6563,0.5664,0.8273,50,440.61,273.74,1,1,2025-09-30 17:56:49,19.1,90.6,,0,0,,0
2025-09-30 17:57:34,334.88,4.0147,242.45,7.6879,23.0638,244.78,238.41,244.16,420.56,419.52,419.61,419.81,8.1919,7.1259,7.746,1.487,1.0605,1.4672,3.8555,1.342,1.3222,1.1913,5.5954,2.0052,1.6989,1.8913,0.7212,0.7423,0.6256,0.7763,50,440.68,273.79,1,1,2025-09-30 17:57:34,19.1,87.8,,1,0,,0
2025-09-30 17:58:19,334.93,4.0538,242.33,7.721,23.1632,245.05,237.49,244.46,420.12,419.52,419.41,419.6,8.3327,6.9749,7.8556,1.4999,1.0352,1.5187,3.8443,1.3825,1.2884,1.1733,5.6188,2.0419,1.6565,1.9204,0.7256,0.7352,0.6263,0.7913,50,440.75,273.84,1,1,2025-09-30 17:58:19,19.0,82.1,,1,0,,0
2025-09-30 17:59:04,334.98,4.0223,241.96,7.6788,23.0364,245.17,235.95,244.77,419.74,416.35,421.1,419.34,8.3769,6.8224,7.8371,1.4925,0.9956,1.5341,3.8186,1.4081,1.2607,1.1498,5.5818,2.0538,1.6097,1.9183,0.7252,0.7273,0.6197,0.8002,50,440.82,273.88,1,1,2025-09-30 17:59:04,18.9,78.5,,1,0,,0
2025-09-30 17:59:49,335.03,4.0239,242.46,7.6857,23.057299999999998,245.33,237.04,245.02,420.71,419.41,419.56,420.12,8.2746,6.9857,7.797,1.4886,1.0301,1.5051,3.8437,1.3771,1.2919,1.1746,5.5963,2.03,1.6559,1.9104,0.7231,0.734,0.6234,0.7883,50.1,440.89,273.93,1,1,2025-09-30 17:59:49,18.7,76.9,,1,0,,0
2025-09-30 18:00:34,335.08,4.0339,242.28,7.695,23.085,245.79,235.77,245.28,420.07,418.89,419.74,419.63,8.3914,6.858,7.8356,1.4987,0.9977,1.5375,3.8328,1.4138,1.2678,1.1512,5.6013,2.0625,1.6169,1.9219,0.7249,0.7274,0.6184,0.8004,50.1,440.96,273.98,1,1,2025-09-30 18:00:34,18.2,75,,1,0,,0
2025-09-30 18:01:19,335.13,4.0171,242.2,7.671,23.012999999999998,245.02,236.5,245.09,419.79,417.58,421.06,419.37,8.2914,6.8728,7.8488,1.4781,1.013,1.526,3.826,1.3905,1.2663,1.1692,5.5806,2.0316,1.6254,1.9237,0.7241,0.7283,0.6246,0.7937,50.1,441.03,274.03,1,1,2025-09-30 18:01:19,18.0,73.6,,1,0,,0
2025-09-30 18:02:04,335.18,4.0088,242.92,7.6802,23.0407,244.94,238.9,244.94,421.63,420.15,420.39,420.76,8.151,7.1506,7.7391,1.4797,1.0667,1.4625,3.8707,1.3372,1.3295,1.204,5.6004,1.9965,1.7083,1.8956,0.7193,0.7419,0.6257,0.772,50.1,441.1,274.08,1,1,2025-09-30 18:02:04,17.5,72.7,,1,0,,0
2025-09-30 18:02:49,335.23,4.0214,242.39,7.6821,23.0465,245.69,237.14,244.36,420.49,417.22,421.75,419.45,8.3123,6.9701,7.7641,1.5013,1.0189,1.5012,3.8363,1.3813,1.2968,1.1582,5.5924,2.0422,1.6529,1.8972,0.7235,0.7358,0.6178,0.7917,50.1,441.17,274.12,1,1,2025-09-30 18:02:49,17.3,71.3,,1,0,,0
2025-09-30 18:03:34,335.28,4.0056,242.48,7.6667,23.0002,245.64,237.5,244.31,420.7,418.18,421.01,419.96,8.1755,7.1285,7.6962,1.491,1.0507,1.4639,3.8441,1.3425,1.3233,1.1784,5.5815,2.0082,1.693,1.8803,0.7214,0.7431,0.6218,0.7789,50.1,441.24,274.17,1,1,2025-09-30 18:03:34,17.2,71.2,,1,0,,0
2025-09-30 18:04:19,335.33,3.9395,242,7.5989,22.7967,246.18,235.59,244.25,420.23,417.42,419.66,419.1,8.3147,6.7827,7.6993,1.4805,0.9603,1.4987,3.8184,1.4109,1.2732,1.1343,5.5254,2.0469,1.5979,1.8806,0.718,0.7239,0.6021,0.7973,50,441.31,274.22,1,1,2025-09-30 18:04:19,17.1,69.4,,1,0,,0
2025-09-30 18:05:04,335.38,3.9769,242.04,7.632,22.8961,245.82,235.3,245.02,419.9,416.87,420.8,419.32,8.3168,6.8295,7.7498,1.4826,0.9804,1.5139,3.8179,1.4048,1.269,1.1442,5.5503,2.0444,1.607,1.8989,0.7213,0.7258,0.6113,0.7977,50,441.38,274.27,1,1,2025-09-30 18:05:04,16.6,67.2,,1,0,,0
2025-09-30 18:05:49,335.43,3.9553,242.67,7.61,22.8301,244.05,239.22,244.76,421.95,420.56,418.28,420.36,7.7654,7.4662,7.5985,1.4386,1.1408,1.376,3.8493,1.2306,1.3695,1.2492,5.541,1.8951,1.7861,1.8598,0.7166,0.7598,0.64,0.7404,50,441.45,274.32,1,1,2025-09-30 18:05:49,16.5,66.9,,1,0,,0
2025-09-30 18:06:34,335.48,3.9478,242.6,7.61,22.830099999999998,245.67,237.68,244.47,422.03,419.28,419.1,420.13,8.0579,7.2122,7.56,1.4763,1.054,1.4175,3.8477,1.3159,1.3475,1.1843,5.542,1.9796,1.7142,1.8482,0.7161,0.7465,0.616,0.7674,50,441.52,274.36,1,1,2025-09-30 18:06:34,16.4,67.1,,1,0,,0
2025-09-30 18:07:26,335.55,3.9466,242.2,7.5877,22.7632,245.68,236.93,243.99,420.95,416.9,420.55,419.33,8.107,6.9798,7.6764,1.4651,1.0199,1.4616,3.8126,1.3463,1.297,1.1693,5.5184,1.9917,1.6537,1.873,0.7192,0.7363,0.6181,0.7808,50.1,441.62,274.43,1,1,2025-09-30 18:07:26,16.0,66.2,,1,0,,0
2025-09-30 18:08:11,335.6,3.9437,242.32,7.5824,22.7472,244.45,238.34,244.18,420.68,419.8,418.5,419.66,7.9005,7.2182,7.6285,1.4454,1.0847,1.4137,3.82,1.278,1.331,1.211,5.5144,1.9313,1.7204,1.8627,0.7182,0.7491,0.6317,0.7594,50.1,441.69,274.48,1,1,2025-09-30 18:08:11,15.9,64.6,,1,0,,0
2025-09-30 18:08:56,335.65,3.9495,242.23,7.6088,22.8266,245.88,236.72,244.09,420.41,417.64,420.5,419.51,8.2956,6.8618,7.6692,1.4877,0.9788,1.483,3.8255,1.3926,1.2922,1.1407,5.536,2.0397,1.6243,1.872,0.7182,0.73,0.6038,0.7926,50,441.76,274.53,1,1,2025-09-30 18:08:56,15.8,64.8,,1,0,,0
2025-09-30 18:09:41,335.7,3.9011,242.47,7.5463,22.6389,244.31,238.91,244.21,420.64,420.11,419.07,420.12,7.8258,7.2238,7.5893,1.4275,1.0823,1.3913,3.8319,1.2692,1.3399,1.2228,5.4911,1.9119,1.7258,1.8534,0.7134,0.7473,0.6283,0.7511,50,441.83,274.58,1,1,2025-09-30 18:09:41,15.8,63.9,,1,0,,0
2025-09-30 18:10:26,335.75,3.9374,241.77,7.5847,22.7542,245.86,234.95,244.5,419.71,416.41,419.98,418.73,8.2701,6.7754,7.7087,1.4708,0.9644,1.5022,3.8008,1.4015,1.2626,1.1367,5.5099,2.0333,1.5919,1.8848,0.7194,0.7239,0.6069,0.7974,50,441.9,274.63,1,1,2025-09-30 18:10:26,15.7,63.4,,1,0,,0
2025-09-30 18:11:11,335.79,3.9241,242.16,7.5676,22.703,245.31,236.78,244.39,421.14,417.86,419.1,419.36,7.9548,7.1349,7.6133,1.4472,1.0508,1.426,3.817,1.3056,1.3183,1.1931,5.5014,1.9514,1.6894,1.8606,0.7168,0.7424,0.6233,0.7669,50,441.96,274.67,1,1,2025-09-30 18:11:11,15.6,61.5,,1,0,,0
2025-09-30 18:11:56,335.82,0.3517,242.87,0.4983,1.4950999999999999,248.04,235.08,245.49,422.16,418.39,421.17,420.6,0.0,0.0428,1.4523,0.0,0.0012,0.3506,0.0591,0,0,0.0591,0.3666,0,0.0101,0.3565,0.9861,1,1,0.986,50,441.99,274.69,0,1,2025-09-30 18:11:56,15.1,62.7,,0,0,,1
2025-09-30 18:12:41,335.82,0.3494,242.19,0.4957,1.4873,247.79,234.04,244.76,420.86,415.59,421.89,419.05,0.0,0.0424,1.4449,0.0,0.0016,0.3478,0.0583,0,0,0.0583,0.3636,0,0.0099,0.3537,0.9863,1,1,0.9862,50,441.99,274.69,0,1,2025-09-30 18:12:41,15.0,66.3,,0,0,,1
2025-09-30 18:13:26,335.82,0.3483,243.37,0.4952,1.4857,246.21,239.16,244.75,423.47,422.67,418.14,421.42,0.0,0.0436,1.4421,0.0,0.0012,0.347,0.0588,0,0,0.0588,0.3634,0,0.0104,0.353,0.986,1,1,0.9859,50.1,442,274.69,0,1,2025-09-30 18:13:26,15.1,72.3,,0,0,,1
2025-09-30 18:14:32,335.83,0.3476,242.6,0.4936,1.4808,246.9,236.04,244.87,420.45,418.56,421.44,420.39,0.0,0.0428,1.438,0.0,0.0016,0.346,0.0595,0,0,0.0595,0.3622,0,0.0101,0.3521,0.9856,1,1,0.9855,50.1,442.01,274.69,0,1,2025-09-30 18:14:32,15.7,76.7,,0,0,,1
2025-09-30 18:15:17,335.84,0.3472,243.22,0.4929,1.4788,247.37,237.35,244.96,422.62,419.12,421.96,421.12,0.0,0.0432,1.4356,0.0,0.0017,0.3455,0.0595,0,0,0.0595,0.3619,0,0.0103,0.3517,0.9856,1,1,0.9853,50.1,442.01,274.69,0,1,2025-09-30 18:15:17,15.8,78.4,,0,0,,1
2025-09-30 18:16:02,335.84,0.3457,242.2,0.4917,1.4753,247.94,234.07,244.59,419.34,414.84,424.33,419.39,0.0,0.042,1.4333,0.0,0.0017,0.344,0.0603,0,0,0.0603,0.3604,0,0.0098,0.3506,0.9851,1,1,0.9852,50,442.01,274.69,0,1,2025-09-30 18:16:02,15.9,80.8,,0,0,,1
2025-09-30 18:16:47,335.85,0.3457,243.37,0.4915,1.4746,246.71,238.5,244.91,422.44,421.88,420.05,421.59,0.0,0.0428,1.4318,0.0,0.0013,0.3445,0.0606,0,0,0.0606,0.3609,0,0.0102,0.3507,0.9849,1,1,0.9848,50,442.02,274.69,0,1,2025-09-30 18:16:47,16.4,82.7,,0,0,,1
2025-09-30 18:17:32,335.85,0.3475,243.27,0.493,1.4789999999999999,247.5,236.85,245.48,422.71,417.98,423.3,421.28,0.0,0.0432,1.4358,0.0,0.0014,0.3462,0.0603,0,0,0.0603,0.3627,0,0.0102,0.3525,0.9852,1,1,0.9851,50,442.02,274.69,0,1,2025-09-30 18:17:32,16.6,83.7,,0,0,,1
2025-09-30 18:18:17,335.85,0.3461,243.42,0.4913,1.474,247.14,237.76,245.38,422.98,420.64,421.04,421.54,0.0,0.0416,1.4324,0.0,0.0011,0.345,0.0612,0,0,0.0612,0.3614,0,0.0099,0.3515,0.9847,1,1,0.9846,50,442.03,274.69,0,1,2025-09-30 18:18:17,16.7,86.3,,0,0,,1
2025-09-30 18:19:02,335.86,0.3453,243.05,0.4911,1.4733,247.96,236.29,244.9,422.37,418.15,422.25,421.36,0.0,0.0428,1.4305,0.0,0.0012,0.3441,0.061,0,0.0012,0.0599,0.3604,0,0.0101,0.3503,0.9847,1,1,0.9851,50.1,442.03,274.7,0,1,2025-09-30 18:19:02,17.2,86.7,,0,0,,1
2025-09-30 18:19:47,335.86,0.3469,243.68,0.4925,1.4776,246.71,239.06,245.29,423.64,420.17,422.3,422.2,0.0,0.0436,1.434,0.0,0.0014,0.3455,0.0602,0,0,0.0602,0.3622,0,0.0104,0.3517,0.9852,1,1,0.9851,50.1,442.04,274.7,0,1,2025-09-30 18:19:47,17.3,87.8,,0,0,,1
2025-09-30 18:20:32,335.87,0.3449,243.62,0.4915,1.4747000000000001,247.24,238.5,245.13,423.56,419.91,422.31,422.29,0.0,0.042,1.4327,0.0,0.0,0.3449,0.0603,0,0,0.0603,0.3612,0,0.01,0.3512,0.985,1,1,0.985,50.1,442.04,274.7,0,1,2025-09-30 18:20:32,17.4,88.4,,0,0,,1
2025-09-30 18:21:38,335.87,0.344,242.82,0.4901,1.4705,247.48,236.74,244.25,422.01,418.57,421,420.83,0.0,0.0424,1.4281,0.0,0.0014,0.3426,0.0595,0,0,0.0595,0.3589,0,0.01,0.3488,0.9853,1,1,0.9852,50,442.05,274.7,0,1,2025-09-30 18:21:38,18.0,88.2,,0,0,,1
2025-09-30 18:22:23,335.88,0.3446,242.55,0.4904,1.4712,248.87,233.99,244.8,420.77,416.11,423.36,420.34,0.0,0.0424,1.4288,0.0,0.0011,0.3435,0.0598,0,0,0.0598,0.3597,0,0.0099,0.3498,0.9852,1,1,0.9851,50,442.05,274.7,0,1,2025-09-30 18:22:23,18.0,88.6,,0,0,,1
2025-09-30 18:23:08,335.88,0.346,243.92,0.4908,1.4724,246.41,240.01,245.34,423.97,423.48,419.74,422.67,0.0,0.0412,1.4312,0.0,0.0012,0.3447,0.0609,0,0,0.0609,0.361,0,0.0099,0.3511,0.9848,1,1,0.9847,50.1,442.06,274.7,0,1,2025-09-30 18:23:08,18.1,89.6,,0,0,,1
2025-09-30 18:23:53,335.89,0.3445,242.59,0.4903,1.4708999999999999,247.96,234.3,245.53,420.71,416.1,423.68,420.27,0.0,0.0412,1.4297,0.0,0.0,0.3445,0.0612,0,0,0.0612,0.3607,0,0.0097,0.351,0.9845,1,1,0.9845,50.1,442.06,274.7,0,1,2025-09-30 18:23:53,18.2,90,,0,0,,1
2025-09-30 18:24:38,335.89,0.3478,243.91,0.4922,1.4767000000000001,246.99,238.57,246.19,423.82,420.86,422.59,422.47,0.0,0.044,1.4327,0.0,0.0016,0.3462,0.0629,0,0.0013,0.0616,0.3632,0,0.0105,0.3527,0.984,1,1,0.9845,50.1,442.07,274.7,0,1,2025-09-30 18:24:38,18.3,90.5,,0,0,,1
2025-09-30 18:25:23,335.9,0.3461,243.19,0.4908,1.4725000000000001,247.05,236.62,245.91,421.59,419.32,422.62,421.16,0.0,0.0436,1.4289,0.0,0.0012,0.3449,0.0614,0,0,0.0614,0.3617,0,0.0103,0.3514,0.9846,1,1,0.9845,50.1,442.07,274.7,0,1,2025-09-30 18:25:23,18.7,90.5,,0,0,,1
2025-09-30 18:26:08,335.9,0.3468,243.96,0.4913,1.4741,246.29,239.92,245.68,423.99,421.64,421.9,422.47,0.0,0.042,1.4321,0.0,0.0014,0.3455,0.0608,0,0,0.0608,0.3619,0,0.0101,0.3518,0.9849,1,1,0.9848,50,442.08,274.7,0,1,2025-09-30 18:26:08,18.8,91,,0,0,,1
2025-09-30 18:26:53,335.9,0.3456,243.37,0.49,1.4701,247.82,236.76,245.54,422.5,418.4,423.6,421.45,0.0,0.0428,1.4273,0.0,0.0014,0.3442,0.06,0,0,0.06,0.3606,0,0.0101,0.3505,0.9852,1,1,0.9851,50.1,442.08,274.7,0,1,2025-09-30 18:26:53,18.9,90.5,,0,0,,1
2025-09-30 18:27:38,335.91,0.3459,243.69,0.4908,1.4724,246.68,238.43,245.97,422.92,419.41,423.87,422.31,0.0,0.0444,1.428,0.0,0.0011,0.3448,0.0608,0,0,0.0608,0.3618,0,0.0106,0.3512,0.9848,1,1,0.9847,50.1,442.09,274.7,0,1,2025-09-30 18:27:38,18.9,90.2,,0,0,,1
2025-09-30 18:28:44,335.92,0.3433,242.7,0.4896,1.4689999999999999,245.93,237.03,245.16,421.52,417.89,421.62,419.97,0.0,0.0428,1.4262,0.0,0.0,0.3433,0.0608,0,0,0.0608,0.3598,0,0.0101,0.3496,0.9846,1,1,0.9846,50,442.09,274.71,0,1,2025-09-30 18:28:44,19.0,90.4,,0,0,,1
2025-09-30 18:29:29,335.92,0.3444,242.84,0.4893,1.4679,244.44,238.59,245.5,421.51,420.96,419.18,420.53,0.0,0.0432,1.4247,0.0,0.0011,0.3433,0.061,0,0,0.061,0.3601,0,0.0103,0.3498,0.9846,1,1,0.9845,50,442.1,274.71,0,1,2025-09-30 18:29:29,19.1,91,,0,0,,1
2025-09-30 18:30:14,335.93,0.343,242.8,0.4886,1.4658,246.07,236.92,245.43,421.4,418.47,421.65,420.51,0.0,0.042,1.4238,0.0,0.0,0.343,0.0611,0,0,0.0611,0.3594,0,0.01,0.3494,0.9845,1,1,0.9845,50,442.1,274.71,0,1,2025-09-30 18:30:14,19.5,91.4,,0,0,,1
2025-09-30 18:30:59,335.97,4.0565,242.26,7.7171,23.1513,244.04,237.74,245,420.04,418.06,420.63,419.45,8.1164,7.2369,7.798,1.4802,1.1027,1.4736,3.843,1.3132,1.3157,1.2141,5.6117,1.9807,1.7205,1.9105,0.7259,0.748,0.6423,0.7717,50,442.17,274.75,1,1,2025-09-30 18:30:59,19.5,88.9,,1,0,,0
2025-09-30 18:31:44,336.02,4.1997,241.51,7.8498,23.549599999999998,244.6,235.77,244.16,418.88,416.29,419.65,418.35,8.548,7.0176,7.984,1.5586,1.062,1.5792,3.7964,1.3909,1.2644,1.1411,5.6948,2.0908,1.6545,1.9494,0.7418,0.7461,0.6431,0.8105,50,442.24,274.8,1,1,2025-09-30 18:31:44,19.1,82.1,,1,0,,0
2025-09-30 18:32:29,336.08,4.1643,241.57,7.8006,23.402,243.68,236.94,244.11,419.47,417.46,418.19,418.25,8.2765,7.2494,7.8761,1.527,1.1201,1.5172,3.7914,1.3146,1.2976,1.1792,5.6571,2.0168,1.7177,1.9226,0.7394,0.7578,0.6534,0.7895,50,442.31,274.85,1,1,2025-09-30 18:32:29,18.9,79.6,,1,0,,0
2025-09-30 18:33:14,336.13,4.1817,241.59,7.8146,23.4439,244.27,236.23,244.29,419.08,417.48,418.66,418.25,8.3906,7.0912,7.9621,1.5355,1.0877,1.5584,3.7856,1.3545,1.2692,1.1619,5.6698,2.0496,1.6752,1.9451,0.7413,0.7499,0.6507,0.8016,50,442.38,274.9,1,1,2025-09-30 18:33:14,18.8,77.6,,1,0,,0
2025-09-30 18:33:59,336.18,4.1554,241.52,7.7966,23.39,244.75,235.73,244.08,419.33,416.45,419.05,418.35,8.4997,6.9342,7.9561,1.5417,1.041,1.5727,3.7866,1.3936,1.2557,1.1372,5.6568,2.0803,1.6346,1.9419,0.7391,0.7418,0.6382,0.8103,50,442.46,274.94,1,1,2025-09-30 18:33:59,18.2,75.5,,1,0,,0
2025-09-30 18:34:44,336.23,4.1276,241.47,7.7591,23.2774,244.63,235.97,243.81,419.34,416.42,418.81,418.18,8.432,6.9539,7.8915,1.5335,1.0435,1.5506,3.7776,1.3773,1.2624,1.1378,5.6277,2.0627,1.6409,1.924,0.7376,0.7439,0.6371,0.8062,50.1,442.52,274.99,1,1,2025-09-30 18:34:44,18.1,75.4,,1,0,,0
2025-09-30 18:35:29,336.29,4.1461,241.43,7.7845,23.3537,244.41,236.32,243.57,419.25,416.63,418.51,418.22,8.4729,6.9468,7.934,1.5396,1.0454,1.5611,3.7799,1.3818,1.2611,1.137,5.645,2.0709,1.6417,1.9325,0.7389,0.7442,0.6382,0.8083,50,442.6,275.04,1,1,2025-09-30 18:35:29,17.9,74,,1,0,,0
2025-09-30 18:36:14,336.34,4.0834,241.76,7.7104,23.1312,243.6,238.11,243.58,419.95,417.02,419.19,418.74,8.1564,7.2134,7.7614,1.5037,1.1047,1.475,3.7892,1.2965,1.3112,1.1814,5.595,1.9869,1.7176,1.8905,0.733,0.7573,0.6442,0.7805,50.1,442.67,275.09,1,1,2025-09-30 18:36:14,17.4,72.1,,1,0,,0
2025-09-30 18:36:59,336.39,4.1139,241.91,7.7411,23.2234,243.15,238.56,244.04,420.06,419.34,417.49,418.94,8.0319,7.41,7.7815,1.4956,1.1604,1.4579,3.7977,1.2532,1.3292,1.2153,5.6197,1.953,1.7677,1.899,0.7347,0.7664,0.6576,0.7681,50.1,442.73,275.13,1,1,2025-09-30 18:36:59,17.3,70.6,,1,0,,0
2025-09-30 18:37:44,336.44,4.0328,241.56,7.6648,22.9944,244.42,235.57,244.7,418.72,415.27,421.14,418.31,8.4031,6.7621,7.8292,1.4978,0.9899,1.5451,3.7779,1.4029,1.244,1.131,5.5626,2.0539,1.5929,1.9158,0.7297,0.7298,0.6226,0.8069,50.1,442.81,275.18,1,1,2025-09-30 18:37:44,17.2,70.5,,1,0,,0
2025-09-30 18:38:29,336.49,4.1112,242.09,7.7361,23.2083,244.13,237.56,244.59,420.4,418.29,419.11,419.29,8.146,7.2477,7.8146,1.5029,1.117,1.4913,3.7989,1.2995,1.3057,1.1937,5.6218,1.9887,1.7218,1.9114,0.7344,0.7564,0.65,0.7807,50.1,442.88,275.23,1,1,2025-09-30 18:38:29,16.7,68.4,,1,0,,0
2025-09-30 18:39:14,336.54,4.0128,241.72,7.6488,22.946399999999997,244.71,236.03,244.44,419.67,417.23,418.98,418.98,8.3143,6.8494,7.7827,1.4903,1.0039,1.5187,3.7896,1.3825,1.2629,1.1442,5.5537,2.0346,1.6167,1.9024,0.727,0.7331,0.6222,0.7986,50.1,442.94,275.27,1,1,2025-09-30 18:39:14,16.6,67.3,,1,0,,0
2025-09-30 18:39:59,336.59,3.9563,241.81,7.5838,22.7514,243.82,237.4,244.23,419.96,417.93,418.47,418.88,8.0248,7.0677,7.6589,1.4545,1.0562,1.4456,3.7903,1.306,1.2991,1.1852,5.505,1.9566,1.6779,1.8705,0.722,0.744,0.6308,0.7733,50,443.01,275.32,1,1,2025-09-30 18:39:59,16.5,66.2,,1,0,,0
2025-09-30 18:40:44,336.64,3.8969,241.63,7.5397,22.6193,245.42,235.57,243.9,419.34,416.12,419.97,418.24,8.2868,6.6361,7.6964,1.4608,0.9356,1.5005,3.7857,1.4119,1.2478,1.1259,5.4742,2.0337,1.5633,1.8772,0.7172,0.719,0.5999,0.7998,50,443.08,275.37,1,1,2025-09-30 18:40:44,16.4,64.7,,1,0,,0
2025-09-30 18:41:29,336.69,3.985,241.72,7.5964,22.7892,243.14,238.47,243.57,419.95,419.06,416.89,418.58,7.773,7.3457,7.6705,1.4387,1.1396,1.4067,3.7758,1.2225,1.3255,1.2278,5.51,1.8899,1.7517,1.8683,0.7259,0.762,0.6519,0.7533,50.1,443.15,275.42,1,1,2025-09-30 18:41:29,15.9,64.2,,1,0,,0
2025-09-30 18:42:14,336.74,4.0493,241.82,7.6769,23.0309,244.6,237.15,243.73,419.87,418.23,418.31,418.78,8.1899,7.083,7.758,1.4982,1.0638,1.4872,3.7893,1.3273,1.2958,1.1662,5.5738,2.0032,1.6797,1.8909,0.7301,0.7484,0.6345,0.7869,50.1,443.22,275.46,1,1,2025-09-30 18:42:14,15.8,64,,1,0,,0
2025-09-30 18:42:59,336.79,3.9411,241.44,7.581,22.743,245.35,235.19,243.78,418.98,414.92,420.59,418.13,8.3637,6.6354,7.7439,1.4791,0.9406,1.5215,3.776,1.4194,1.2409,1.1156,5.5004,2.052,1.5606,1.8878,0.722,0.7215,0.604,0.8064,50,443.29,275.51,1,1,2025-09-30 18:42:59,15.7,65,,1,0,,0
2025-09-30 18:43:44,336.84,4.0361,241.72,7.6679,23.0038,244.51,236.56,244.09,419.66,416.49,419.76,418.69,8.2613,6.9674,7.7751,1.4963,1.0347,1.5052,3.7866,1.3542,1.2784,1.1541,5.566,2.02,1.6482,1.8978,0.7292,0.7414,0.6291,0.7935,50.1,443.36,275.56,1,1,2025-09-30 18:43:44,15.6,63.6,,1,0,,0
2025-09-30 18:44:29,336.89,4.0221,242.15,7.648,22.944,244.1,237.71,244.64,420.39,417.96,419.79,419.62,8.1026,7.0498,7.7916,1.4684,1.0677,1.4861,3.8014,1.3222,1.2871,1.1921,5.5598,1.9778,1.6758,1.9061,0.7267,0.7431,0.6384,0.78,50.1,443.43,275.61,1,1,2025-09-30 18:44:29,15.2,65.4,,1,0,,0
2025-09-30 18:45:14,336.92,0.3522,243.03,0.4992,1.4978,247.03,236.88,245.19,422.59,417.15,422.99,420.97,0.0,0.0424,1.4554,0.0,0.0011,0.3511,0.0579,0,0,0.0579,0.3669,0,0.01,0.3568,0.9867,1,1,0.9866,50.1,443.47,275.64,0,1,2025-09-30 18:45:14,15.1,66.1,,0,0,,1
2025-09-30 18:45:59,336.93,0.3497,243.11,0.4956,1.4868000000000001,245.42,238.47,245.44,422.68,418.77,421.67,421.33,0.0,0.042,1.4448,0.0,0.0011,0.3485,0.0595,0,0,0.0595,0.3646,0,0.01,0.3546,0.9858,1,1,0.9857,50.1,443.48,275.64,0,1,2025-09-30 18:45:59,15.1,69.1,,0,0,,1
2025-09-30 18:46:44,336.93,0.3483,243.17,0.4956,1.4868999999999999,246.3,237.57,245.64,421.96,418.11,423.41,421.18,0.0,0.0432,1.4437,0.0,0.0,0.3483,0.0607,0,0,0.0607,0.3649,0,0.0103,0.3546,0.9851,1,1,0.9851,50.1,443.48,275.64,0,1,2025-09-30 18:46:44,15.2,71.5,,0,0,,1
2025-09-30 18:47:29,336.93,0.3488,243.47,0.4941,1.4825,245.74,238.98,245.71,422.9,418.99,423.18,421.78,0.0,0.042,1.4405,0.0,0.0012,0.3476,0.0609,0,0,0.0609,0.364,0,0.01,0.3539,0.9851,1,1,0.985,50.1,443.49,275.64,0,1,2025-09-30 18:47:29,15.6,74.2,,0,0,,1
2025-09-30 18:48:14,336.94,0.3479,243.64,0.4931,1.4793999999999998,245.57,239.98,245.37,423.29,420.58,422.02,421.93,0.0,0.0412,1.4382,0.0,0.0013,0.3466,0.0604,0,0,0.0604,0.3628,0,0.0099,0.3529,0.9852,1,1,0.9851,50.1,443.49,275.64,0,1,2025-09-30 18:48:14,15.7,76.6,,0,0,,1
2025-09-30 18:48:59,336.94,0.3471,243.69,0.4924,1.4774,245.73,239.89,245.45,423.06,418.02,425.14,421.75,0.0,0.0424,1.435,0.0,0.0011,0.346,0.0603,0,0,0.0603,0.3624,0,0.0102,0.3522,0.9852,1,1,0.9851,50.1,443.5,275.64,0,1,2025-09-30 18:48:59,15.8,78.5,,0,0,,1
2025-09-30 18:49:44,336.95,0.3474,243.88,0.4921,1.4763000000000002,245.08,240.71,245.85,422.73,423.14,421.26,422.35,0.0,0.0416,1.4347,0.0,0.0011,0.3463,0.0613,0,0,0.0613,0.3627,0,0.01,0.3527,0.9847,1,1,0.9846,50.1,443.5,275.64,0,1,2025-09-30 18:49:44,15.9,79.9,,0,0,,1
2025-09-30 18:50:29,336.95,0.3475,242.85,0.493,1.4791999999999998,247.4,235.51,245.65,420.35,415.92,425.64,420.94,0.0,0.0432,1.436,0.0,0.0013,0.3462,0.0614,0,0,0.0614,0.3629,0,0.0102,0.3528,0.9847,1,1,0.9846,50.1,443.51,275.64,0,1,2025-09-30 18:50:29,16.4,82.5,,0,0,,1
2025-09-30 18:51:14,336.96,0.3461,244.07,0.4923,1.4768999999999999,245.53,240.79,245.9,423.76,422.26,422.13,422.77,0.0,0.0432,1.4337,0.0,0.0,0.3461,0.0612,0,0,0.0612,0.3629,0,0.0104,0.3525,0.9847,1,1,0.9847,50.1,443.51,275.64,0,1,2025-09-30 18:51:14,16.5,83.6,,0,0,,1
2025-09-30 18:51:59,336.96,0.3478,243.75,0.492,1.476,246.42,238.55,246.3,422.38,421.06,423.05,422.12,0.0,0.042,1.434,0.0,0.0011,0.3467,0.0615,0,0,0.0615,0.3632,0,0.01,0.3532,0.9847,1,1,0.9846,50.1,443.51,275.64,0,1,2025-09-30 18:51:59,16.6,84.9,,0,0,,1
2025-09-30 18:52:44,336.96,0.3478,243.92,0.4932,1.4798,247.36,237.9,246.5,423.24,418.74,425.41,422.46,0.0,0.042,1.4378,0.0,0.0,0.3478,0.0621,0,0,0.0621,0.3644,0,0.01,0.3544,0.9844,1,1,0.9844,50.1,443.52,275.64,0,1,2025-09-30 18:52:44,16.7,85.3,,0,0,,1
2025-09-30 18:53:29,336.97,0.348,244.18,0.4923,1.4768999999999999,247.1,239.01,246.43,424.12,420.97,423.58,422.53,0.0,0.0428,1.4341,0.0,0.0013,0.3468,0.062,0,0,0.062,0.3636,0,0.0102,0.3534,0.9845,1,1,0.9844,50.1,443.52,275.64,0,1,2025-09-30 18:53:29,17.2,85.9,,0,0,,1
2025-09-30 18:54:14,336.97,0.3484,243.8,0.4923,1.4769,247.39,237.52,246.51,422.73,419,425.07,422,0.0,0.0424,1.4345,0.0,0.0014,0.347,0.0622,0,0,0.0622,0.3637,0,0.0101,0.3536,0.9844,1,1,0.9843,50.1,443.53,275.65,0,1,2025-09-30 18:54:14,17.3,87.7,,0,0,,1
2025-09-30 18:54:59,336.98,0.3463,243.9,0.4919,1.4759,245.38,240.26,246.06,422.84,422.06,422.36,422.49,0.0,0.0424,1.4335,0.0,0.0,0.3463,0.0612,0,0,0.0612,0.3629,0,0.0102,0.3527,0.9847,1,1,0.9847,50.1,443.53,275.65,0,1,2025-09-30 18:54:59,17.4,88.5,,0,0,,1
2025-09-30 18:55:44,336.98,0.3469,244.44,0.4924,1.4772,246.28,240.75,246.3,424.5,422.03,423.55,423.44,0.0,0.0424,1.4348,0.0,0.0,0.3469,0.0616,0,0,0.0616,0.3636,0,0.0102,0.3534,0.9846,1,1,0.9846,50.1,443.54,275.65,0,1,2025-09-30 18:55:44,17.5,88.9,,0,0,,1
2025-09-30 18:56:29,336.99,0.3494,244.17,0.4927,1.4782000000000002,247.3,238.42,246.79,423.49,419.63,425.57,422.75,0.0,0.0416,1.4366,0.0,0.0014,0.3479,0.0618,0,0,0.0618,0.3645,0,0.0099,0.3545,0.9846,1,1,0.9845,50.1,443.54,275.65,0,1,2025-09-30 18:56:29,18.0,88.7,,0,0,,1
2025-09-30 18:57:14,336.99,0.3476,243.91,0.493,1.4789999999999999,246.56,238.56,246.61,423.2,420.1,424,422.49,0.0,0.0428,1.4362,0.0,0.0,0.3476,0.062,0,0,0.062,0.3644,0,0.0102,0.3542,0.9844,1,1,0.9844,50.1,443.55,275.65,0,1,2025-09-30 18:57:14,18.0,88.5,,0,0,,1
2025-09-30 18:57:59,337,0.3477,243.89,0.4926,1.4779,247.1,237.78,246.79,423.29,420.16,423.7,422.27,0.0,0.042,1.4359,0.0,0.0,0.3477,0.0623,0,0,0.0623,0.3644,0,0.01,0.3544,0.9843,1,1,0.9843,50.1,443.55,275.65,0,1,2025-09-30 18:57:59,18.1,88.6,,0,0,,1
2025-09-30 18:58:44,337,0.3475,243.96,0.4925,1.4777,246.32,238.85,246.73,423.15,420.19,424.27,422.43,0.0,0.0424,1.4353,0.0,0.0,0.3475,0.0621,0,0,0.0621,0.3643,0,0.0101,0.3541,0.9844,1,1,0.9844,50.1,443.56,275.65,0,1,2025-09-30 18:58:44,18.1,88.9,,0,0,,1
2025-09-30 18:59:29,337,0.3468,244.05,0.4917,1.4753,246.51,239.17,246.47,423.92,420.93,423.14,422.7,0.0,0.042,1.4333,0.0,0.0,0.3468,0.0615,0,0,0.0615,0.3633,0,0.01,0.3533,0.9846,1,1,0.9846,50.1,443.56,275.65,0,1,2025-09-30 18:59:29,18.2,89.3,,0,0,,1
2025-09-30 19:00:14,337.01,0.3481,244.35,0.4918,1.4754,247.25,239.1,246.7,424.8,419.8,424.98,422.84,0.0,0.0428,1.4326,0.0,0.0014,0.3468,0.0623,0,0,0.0623,0.3637,0,0.0102,0.3534,0.9843,1,1,0.9842,50.1,443.56,275.65,0,1,2025-09-30 19:00:14,18.2,89.3,,0,0,,1
2025-09-30 19:00:59,337.01,0.3472,245.24,0.4916,1.4748,248.17,240.53,247.03,426.7,422.26,425.24,424.28,0.0,0.042,1.4328,0.0,0.0,0.3472,0.0625,0,0,0.0625,0.364,0,0.0101,0.3539,0.9842,1,1,0.9842,50.1,443.57,275.65,0,1,2025-09-30 19:00:59,18.3,89.6,,0,0,,1
2025-09-30 19:01:44,337.02,0.3484,245.12,0.4908,1.4725,247.84,240.69,246.85,426.23,422.27,425.12,424.13,0.0,0.0412,1.4313,0.0,0.0016,0.3468,0.0615,0,0,0.0615,0.3632,0,0.0099,0.3533,0.9847,1,1,0.9846,50.1,443.57,275.65,0,1,2025-09-30 19:01:44,18.7,90.2,,0,0,,1
2025-09-30 19:02:29,337.02,0.3482,245.46,0.491,1.4731999999999998,247.73,241.68,246.98,427.05,424.06,424.22,425,0.0,0.0412,1.432,0.0,0.0011,0.3471,0.0616,0,0,0.0616,0.3636,0,0.01,0.3537,0.9846,1,1,0.9846,50.1,443.58,275.65,0,1,2025-09-30 19:02:29,18.8,90.4,,0,0,,1
2025-09-30 19:03:14,337.03,0.3493,244.63,0.4927,1.4783,247.42,239.38,247.1,424.96,420.26,425.85,423.65,0.0,0.0428,1.4355,0.0,0.0012,0.3481,0.0618,0,0,0.0618,0.365,0,0.0102,0.3547,0.9847,1,1,0.9846,50.1,443.58,275.65,0,1,2025-09-30 19:03:14,18.8,90.5,,0,0,,1
2025-09-30 19:03:59,337.03,0.3501,244.88,0.4925,1.4777,246.45,240.72,247.48,425.21,422.69,424.43,424.11,0.0,0.0432,1.4345,0.0,0.0017,0.3484,0.0621,0,0,0.0621,0.3654,0,0.0104,0.355,0.9846,1,1,0.9845,50.1,443.59,275.66,0,1,2025-09-30 19:03:59,18.9,90.5,,0,0,,1
2025-09-30 19:04:44,337.03,0.3496,245.04,0.4913,1.4741,245.67,241.57,247.88,425.98,423.22,423.92,424.56,0.0,0.042,1.4321,0.0,0.0014,0.3482,0.063,0,0,0.063,0.3651,0,0.0101,0.355,0.9841,1,1,0.984,50.1,443.59,275.66,0,1,2025-09-30 19:04:44,18.9,90.6,,0,0,,1
2025-09-30 19:05:29,337.04,0.3497,244.62,0.4919,1.4759,247.64,238.43,247.79,424.71,420.47,425.78,423.77,0.0,0.0432,1.4327,0.0,0.0014,0.3482,0.0628,0,0,0.0628,0.3653,0,0.0103,0.355,0.9842,1,1,0.9841,50.1,443.6,275.66,0,1,2025-09-30 19:05:29,19.0,91.2,,0,0,,1
2025-09-30 19:06:14,337.05,3.8983,244.23,7.6749,23.024700000000003,245.54,240.12,247.05,424.34,420.27,424.38,423.07,8.4625,7.0554,7.5068,1.5207,0.9976,1.38,4.0151,1.4129,1.3648,1.2374,5.6266,2.0779,1.6941,1.8546,0.6966,0.7325,0.5901,0.7445,50.1,443.61,275.66,1,1,2025-09-30 19:06:14,19.0,91.1,,1,0,,0
2025-09-30 19:06:59,337.1,3.9755,243.61,7.6749,23.0249,245.93,238.88,246.04,423.13,419.49,423.15,422.21,8.2493,6.9573,7.8183,1.4647,1.0162,1.4946,3.9207,1.4008,1.3106,1.2093,5.6143,2.0288,1.662,1.9236,0.7119,0.7227,0.6127,0.7773,50.1,443.68,275.71,1,1,2025-09-30 19:06:59,19.0,88.4,,1,0,,0
2025-09-30 19:07:44,337.14,4.0453,243.88,7.7481,23.244300000000003,246.06,239.56,246.02,423.24,421.42,422.47,422.37,8.3068,7.092,7.8455,1.4952,1.0502,1.4999,3.934,1.3905,1.3306,1.2129,5.6731,2.044,1.699,1.9301,0.7169,0.7322,0.6195,0.7775,50.1,443.75,275.76,1,1,2025-09-30 19:07:44,19.0,81.7,,1,0,,0
2025-09-30 19:08:29,337.2,4.0199,244.12,7.7328,23.1986,246.33,240.04,246,423.92,420.82,423.68,422.86,8.3112,7.1705,7.7169,1.5067,1.0465,1.4667,3.9483,1.3831,1.3619,1.2034,5.6669,2.0473,1.7212,1.8984,0.7134,0.7366,0.6092,0.773,50.1,443.82,275.81,1,1,2025-09-30 19:08:29,18.8,77.7,,1,0,,0
2025-09-30 19:09:14,337.25,4.0001,243.9,7.694,23.0822,244.99,240.61,246.12,423.72,421.41,422.13,422.42,8.0467,7.2935,7.742,1.4624,1.1006,1.4371,3.9311,1.3192,1.3623,1.2496,5.6317,1.9714,1.7549,1.9055,0.7132,0.7425,0.6284,0.7546,50.1,443.89,275.86,1,1,2025-09-30 19:09:14,18.2,74.4,,1,0,,0
2025-09-30 19:09:59,337.3,4.0138,243.36,7.7126,23.1378,246.53,237.92,245.64,422.61,418.44,423.42,421.49,8.4676,6.8037,7.8665,1.4994,0.9755,1.5389,3.9024,1.4491,1.2869,1.1664,5.6386,2.0875,1.6187,1.9323,0.7169,0.719,0.604,0.7969,50,443.96,275.91,1,1,2025-09-30 19:09:59,18.0,74.1,,1,0,,0
2025-09-30 19:10:50,337.37,3.9704,243.44,7.6845,23.0535,247.27,237.36,245.71,422.81,418.83,423.24,420.78,8.5005,6.7769,7.7761,1.5017,0.9452,1.5234,3.9153,1.4673,1.2969,1.1511,5.6211,2.1019,1.6086,1.9107,0.712,0.7152,0.5889,0.7978,50,444.06,275.98,1,1,2025-09-30 19:10:50,17.4,74.7,,1,0,,0
2025-09-30 19:11:35,337.42,4.0303,243.67,7.7381,23.2145,247.14,238.31,245.56,423.81,418.13,424.13,421.93,8.4526,7.0228,7.7391,1.5263,1.0033,1.5007,3.9231,1.4235,1.3355,1.1642,5.663,2.089,1.6736,1.9004,0.7165,0.7312,0.6006,0.7901,50.1,444.13,276.03,1,1,2025-09-30 19:11:35,17.3,72.5,,1,0,,0
2025-09-30 19:12:20,337.47,4.0076,243.62,7.705,23.115099999999998,246.48,238.55,245.83,423.56,420.53,421.62,421.87,8.2863,7.0539,7.7749,1.4906,1.0273,1.4896,3.9173,1.3934,1.3283,1.1956,5.6364,2.0424,1.6827,1.9113,0.7151,0.7305,0.6117,0.7798,50,444.2,276.08,1,1,2025-09-30 19:12:20,17.2,72.4,,1,0,,0
2025-09-30 19:13:05,337.52,3.9788,244.18,7.7028,23.1086,247.03,239.29,246.24,424.48,420.14,424.12,422.85,8.3257,7.1065,7.6764,1.5,1.0146,1.4642,3.9586,1.4042,1.3605,1.1939,5.6474,2.0567,1.7005,1.8902,0.7089,0.73,0.5978,0.775,50,444.27,276.13,1,1,2025-09-30 19:13:05,16.7,71.9,,1,0,,0
2025-09-30 19:13:50,337.57,3.976,243.54,7.6944,23.0832,246.8,237.52,246.32,422.95,418.53,423.92,422.08,8.5291,6.7574,7.7967,1.4995,0.943,1.5335,3.9227,1.4744,1.2944,1.1539,5.6305,2.105,1.605,1.9205,0.7118,0.713,0.5888,0.799,50,444.34,276.17,1,1,2025-09-30 19:13:50,16.6,69.6,,1,0,,0
2025-09-30 19:14:35,337.62,3.9945,243.54,7.7103,23.131,246.42,237.76,246.45,423.03,418.67,423.68,421.94,8.5431,6.7585,7.8294,1.5018,0.9505,1.5422,3.9218,1.4727,1.2914,1.1578,5.6416,2.1052,1.6069,1.9296,0.7135,0.7139,0.5927,0.7997,50,444.41,276.22,1,1,2025-09-30 19:14:35,16.5,67.9,,1,0,,0
2025-09-30 19:15:20,337.67,3.9808,244.45,7.7023,23.1071,245.69,241.09,246.58,424.84,421.8,423.48,423.14,8.189,7.2203,7.6978,1.4786,1.0603,1.4418,3.9702,1.3615,1.376,1.2326,5.6508,2.012,1.7407,1.8981,0.708,0.7356,0.6103,0.76,50.1,444.48,276.27,1,1,2025-09-30 19:15:20,16.4,66.6,,1,0,,0
2025-09-30 19:16:05,337.72,3.9961,243.91,7.7091,23.1273,246.4,239.34,246,423.5,419.82,424.02,422.44,8.4097,6.9574,7.7602,1.5018,0.9958,1.4985,3.936,1.4249,1.3302,1.1809,5.6463,2.0722,1.6652,1.909,0.7124,0.7254,0.5992,0.7854,50.1,444.56,276.32,1,1,2025-09-30 19:16:05,15.9,68.5,,1,0,,0
2025-09-30 19:16:50,337.77,3.9785,243.55,7.6546,22.964,243.55,241.67,245.45,423.03,423.29,419.1,421.99,7.874,7.4114,7.6786,1.4445,1.1392,1.3948,3.9014,1.2584,1.3774,1.2656,5.5935,1.9177,1.7911,1.8847,0.7139,0.754,0.6373,0.7405,50.1,444.62,276.37,1,1,2025-09-30 19:16:50,15.9,69.3,,1,0,,0
2025-09-30 19:17:57,337.86,4.0463,243.28,7.7207,23.162300000000002,243.94,240.14,245.76,422.22,419.66,422.17,421.35,8.1879,7.1397,7.8347,1.4781,1.0838,1.4844,3.8881,1.3403,1.3236,1.2243,5.6373,1.9974,1.7145,1.9255,0.721,0.7407,0.6335,0.7714,50,444.75,276.46,1,1,2025-09-30 19:17:57,15.7,65.6,,1,0,,0
2025-09-30 19:18:42,337.91,4.0685,243.27,7.7515,23.2545,244.98,238.9,245.93,421.99,419.23,422.77,421.58,8.464,6.8711,7.9194,1.507,1.0131,1.5484,3.8877,1.4213,1.287,1.1794,5.6626,2.0735,1.6415,1.9476,0.7229,0.7274,0.6185,0.7955,50,444.82,276.51,1,1,2025-09-30 19:18:42,15.6,64.3,,1,0,,0
2025-09-30 19:19:27,337.96,3.9988,243.29,7.6789,23.0369,244.1,240.89,244.88,423.36,419.82,420.89,421.43,8.231,7.0056,7.8003,1.4753,1.0452,1.4782,3.8896,1.3611,1.3204,1.2081,5.6069,2.0092,1.6876,1.9101,0.7168,0.7349,0.6206,0.7743,50,444.89,276.56,1,1,2025-09-30 19:19:27,15.6,65,,1,0,,0
2025-09-30 19:20:12,338,0.3523,243.92,0.5001,1.5003,244.74,241.51,245.51,423.24,421.81,422.33,422.43,0.0,0.042,1.4583,0.0,0.0,0.3523,0.0583,0,0,0.0583,0.3682,0,0.0101,0.358,0.9865,1,1,0.9865,50,444.95,276.6,0,1,2025-09-30 19:20:12,15.1,65.3,,0,0,,1
2025-09-30 19:20:57,338.01,0.3511,243.3,0.497,1.4910999999999999,245.07,238.91,245.93,421.16,418.57,424.49,421.37,0.0,0.0428,1.4483,0.0,0.0012,0.3499,0.0607,0,0,0.0607,0.3664,0,0.0102,0.3562,0.9853,1,1,0.9852,50,444.96,276.6,0,1,2025-09-30 19:20:57,15.1,67,,0,0,,1
2025-09-30 19:21:42,338.01,0.3476,243.57,0.494,1.4821,244.1,240.89,245.72,421.79,420.33,423.47,421.48,0.0,0.0416,1.4405,0.0,0.0,0.3476,0.0609,0,0,0.0609,0.364,0,0.01,0.354,0.9849,1,1,0.9849,50,444.96,276.6,0,1,2025-09-30 19:21:42,15.1,70.9,,0,0,,1
2025-09-30 19:22:27,338.01,0.3483,244.09,0.4936,1.4809999999999999,244.42,242.31,245.55,423.63,421.69,422.98,422.78,0.0,0.0432,1.4378,0.0,0.0015,0.3468,0.0603,0,0,0.0603,0.3635,0,0.0105,0.3531,0.9853,1,1,0.9851,50,444.97,276.6,0,1,2025-09-30 19:22:27,15.6,75.9,,0,0,,1
2025-09-30 19:23:12,338.02,0.3491,244.2,0.4946,1.4839,244.66,241.66,246.3,423.04,422.51,423.34,423.15,0.0,0.042,1.4419,0.0,0.0011,0.3481,0.0621,0,0,0.0621,0.3653,0,0.0101,0.3551,0.9845,1,1,0.9845,50,444.97,276.6,0,1,2025-09-30 19:23:12,15.7,79.1,,0,0,,1
2025-09-30 19:23:57,338.02,0.3475,243.4,0.4934,1.4804,245.55,239.05,245.6,421.67,418.89,424.16,421.5,0.0,0.0428,1.4376,0.0,0.0012,0.3464,0.0615,0,0,0.0615,0.3633,0,0.0102,0.3531,0.9847,1,1,0.9847,50,444.98,276.6,0,1,2025-09-30 19:23:57,15.9,82.5,,0,0,,1
2025-09-30 19:25:03,338.03,0.3461,243.65,0.4926,1.4779,245.12,240.29,245.56,422.1,420.62,423.32,422.18,0.0,0.0424,1.4355,0.0,0.0,0.3461,0.0612,0,0,0.0612,0.3627,0,0.0102,0.3525,0.9847,1,1,0.9847,50,444.98,276.6,0,1,2025-09-30 19:25:03,16.5,84.1,,0,0,,1
2025-09-30 19:25:48,338.04,0.3456,243.63,0.4915,1.4746000000000001,244.48,240.67,245.74,421.81,419.52,424.58,421.44,0.0,0.0416,1.433,0.0,0.0,0.3456,0.0618,0,0,0.0618,0.3622,0,0.01,0.3521,0.9844,1,1,0.9844,50,444.99,276.6,0,1,2025-09-30 19:25:48,16.6,84,,0,0,,1
2025-09-30 19:26:33,338.04,0.3471,243.45,0.4919,1.4757,244.8,239.54,246.01,421.62,420.15,423.18,421.57,0.0,0.0424,1.4333,0.0,0.0011,0.346,0.0624,0,0,0.0624,0.3628,0,0.0102,0.3526,0.9842,1,1,0.9841,50,444.99,276.6,0,1,2025-09-30 19:26:33,16.7,84.5,,0,0,,1
2025-09-30 19:27:18,338.04,0.3454,242.98,0.4914,1.4744,245.55,237.65,245.75,421.02,417.09,424.44,420.71,0.0,0.042,1.4324,0.0,0.0,0.3454,0.0622,0,0,0.0622,0.362,0,0.01,0.352,0.9841,1,1,0.9841,50,445,276.61,0,1,2025-09-30 19:27:18,17.2,85.9,,0,0,,1
2025-09-30 19:28:03,338.05,0.3461,244.07,0.4919,1.4757,244.69,241.67,245.85,423.76,422.94,421.43,422.59,0.0,0.042,1.4337,0.0,0.0,0.3461,0.0613,0,0,0.0613,0.3626,0,0.0102,0.3525,0.9846,1,1,0.9846,50,445,276.61,0,1,2025-09-30 19:28:03,17.3,87.6,,0,0,,1
2025-09-30 19:28:48,338.05,0.347,243.18,0.4925,1.4775999999999998,245.65,238.12,245.78,421.51,418.88,423.16,421.05,0.0,0.0432,1.4344,0.0,0.001,0.346,0.0619,0,0,0.0619,0.3628,0,0.0103,0.3525,0.9844,1,1,0.9843,50,445.01,276.61,0,1,2025-09-30 19:28:48,17.4,87.7,,0,0,,1
2025-09-30 19:29:34,338.06,0.345,244.02,0.4911,1.4733,245.93,240.39,245.75,423.88,421.51,422.5,422.54,0.0,0.0428,1.4305,0.0,0.0,0.345,0.0618,0,0,0.0618,0.3618,0,0.0103,0.3515,0.9843,1,1,0.9843,50,445.01,276.61,0,1,2025-09-30 19:30:18,17.9,88.2,,0,0,,1
2025-09-30 19:30:18,338.06,0.346,244,0.4911,1.4732999999999998,246.34,239.88,245.8,423.5,419.69,424.67,422.61,0.0,0.0432,1.4301,0.0,0.0011,0.3449,0.062,0,0,0.062,0.3619,0,0.0104,0.3515,0.9843,1,1,0.9842,50,445.02,276.61,0,1,2025-09-30 19:30:18,17.9,88.2,,0,0,,1
2025-09-30 19:31:03,338.07,0.3463,244.15,0.4909,1.4729,245.19,241.7,245.58,423.89,422.61,422.09,422.91,0.0,0.042,1.4309,0.0,0.0013,0.345,0.0611,0,0,0.0611,0.3616,0,0.0102,0.3514,0.9847,1,1,0.9846,50,445.02,276.61,0,1,2025-09-30 19:31:03,18.0,88.4,,0,0,,1
2025-09-30 19:32:09,338.07,0.3447,244.17,0.4906,1.4719,244.94,242.21,245.37,424.09,422.21,422.41,422.72,0.0,0.0412,1.4307,0.0,0.0,0.3447,0.0609,0,0,0.0609,0.361,0,0.01,0.3511,0.9847,1,1,0.9847,50,445.03,276.61,0,1,2025-09-30 19:32:09,18.1,89,,0,0,,1
2025-09-30 19:32:54,338.08,0.3435,244.13,0.4893,1.4679,245.43,241.56,245.4,423.62,421.24,423.63,422.84,0.0,0.042,1.4259,0.0,0.0,0.3435,0.0607,0,0,0.0607,0.3601,0,0.0101,0.3499,0.9847,1,1,0.9847,50,445.03,276.61,0,1,2025-09-30 19:32:54,18.2,89.7,,0,0,,1
2025-09-30 19:33:39,338.08,0.3448,243.77,0.4912,1.4738,245.36,240.6,245.37,422.94,419.35,424.38,422.19,0.0,0.0428,1.431,0.0,0.0,0.3448,0.0605,0,0,0.0605,0.3614,0,0.0103,0.3511,0.9849,1,1,0.9849,50,445.04,276.61,0,1,2025-09-30 19:33:39,18.2,89.9,,0,0,,1
2025-09-30 19:34:24,338.09,0.3448,243.68,0.4902,1.4707,244.61,241.38,245.05,422.96,420.57,422.62,422.06,0.0,0.0428,1.4279,0.0,0.0013,0.3436,0.0606,0,0,0.0606,0.3602,0,0.0103,0.3499,0.9849,1,1,0.9847,50,445.04,276.61,0,1,2025-09-30 19:34:24,18.3,90,,0,0,,1
2025-09-30 19:35:09,338.09,0.3451,242.99,0.4911,1.4733999999999998,244.62,239.37,244.99,420.78,419.45,422.36,421.06,0.0,0.0432,1.4302,0.0,0.001,0.3441,0.0605,0,0,0.0605,0.3607,0,0.0103,0.3504,0.9849,1,1,0.9848,50,445.05,276.61,0,1,2025-09-30 19:35:09,18.7,90.1,,0,0,,1
2025-09-30 19:35:54,338.1,0.3438,242.7,0.4896,1.4688999999999999,244.84,238.49,244.79,420.68,417.55,422.88,420.21,0.0,0.0432,1.4257,0.0,0.0012,0.3426,0.0609,0,0,0.0609,0.3593,0,0.0103,0.349,0.9846,1,1,0.9845,49.9,445.05,276.61,0,1,2025-09-30 19:35:54,18.8,90.3,,0,0,,1
2025-09-30 19:36:39,338.1,0.3443,243.28,0.4901,1.4703,243.68,241.12,245.05,422.01,422.01,420.03,421.45,0.0,0.044,1.4263,0.0,0.0011,0.3432,0.0609,0,0,0.0609,0.3601,0,0.0106,0.3495,0.9847,1,1,0.9846,49.9,445.06,276.61,0,1,2025-09-30 19:36:39,18.8,90.6,,0,0,,1
2025-09-30 19:37:24,338.1,0.3439,243.1,0.4896,1.4687999999999999,245.23,239.1,244.97,421.43,417.93,423.8,420.88,0.0,0.0432,1.4256,0.0,0.0011,0.3429,0.0607,0,0,0.0607,0.3596,0,0.0103,0.3492,0.9847,1,1,0.9846,50,445.06,276.62,0,1,2025-09-30 19:37:24,18.8,90.9,,0,0,,1
2025-09-30 19:38:09,338.11,0.3447,243.43,0.4895,1.4685,243.91,241.41,244.98,422.64,421.24,420.97,421.64,0.0,0.0424,1.4261,0.0,0.0015,0.3432,0.0599,0,0,0.0599,0.3596,0,0.0102,0.3494,0.9852,1,1,0.9851,50,445.06,276.62,0,1,2025-09-30 19:38:09,18.9,91,,0,0,,1
2025-09-30 19:38:54,338.11,0.3445,243.36,0.491,1.4730999999999999,244.83,240.08,245.18,422.68,419.56,422.25,421.57,0.0,0.0428,1.4303,0.0,0.0,0.3445,0.06,0,0,0.06,0.361,0,0.0103,0.3507,0.9851,1,1,0.9851,50,445.07,276.62,0,1,2025-09-30 19:38:54,18.9,91.1,,0,0,,1
2025-09-30 19:39:39,338.12,0.3429,243.44,0.489,1.467,244.5,240.8,245.04,422.39,420.73,421.81,421.82,0.0,0.0424,1.4246,0.0,0.0,0.3429,0.0599,0,0,0.0599,0.3593,0,0.0102,0.3491,0.985,1,1,0.985,50,445.07,276.62,0,1,2025-09-30 19:39:39,19.0,91.2,,0,0,,1
2025-09-30 19:40:24,338.13,3.8285,242.59,7.5164,22.5494,243.33,239.68,244.76,421.16,418.92,420.38,420.19,8.1347,6.8321,7.5826,1.4282,0.9788,1.4215,3.8693,1.3682,1.309,1.1921,5.4729,1.9794,1.6375,1.8559,0.7033,0.7221,0.5988,0.7662,50.1,445.09,276.62,1,1,2025-09-30 19:40:24,19.0,91.2,,1,0,,0
2025-09-30 19:41:09,338.18,4.1594,241.75,7.8265,23.479599999999998,243.56,237.33,244.38,418.65,416.17,421.35,418.55,8.64,6.7322,8.1074,1.5333,1.0128,1.6133,3.8183,1.4386,1.2314,1.1483,5.6834,2.1044,1.5978,1.9813,0.7366,0.7292,0.6352,0.8146,50,445.16,276.67,1,1,2025-09-30 19:41:09,19.0,88,,1,0,,0
2025-09-30 19:41:54,338.23,4.2529,243.29,7.935,23.8052,243.35,241.82,244.72,422.51,421.37,420.27,421.39,8.2756,7.6118,7.9178,1.555,1.2122,1.4856,3.9004,1.277,1.3809,1.2425,5.7922,2.0139,1.8407,1.9376,0.7369,0.7728,0.6597,0.767,50.1,445.23,276.72,1,1,2025-09-30 19:41:54,18.9,80.8,,1,0,,0
2025-09-30 19:42:39,338.28,4.1937,242.67,7.8603,23.5811,244.29,239.28,244.46,420.8,418.16,421.99,420.5,8.5197,7.0861,7.9753,1.5551,1.0823,1.5563,3.8553,1.3809,1.3014,1.1729,5.7265,2.0813,1.6956,1.9496,0.7361,0.7477,0.6394,0.7985,50.1,445.3,276.77,1,1,2025-09-30 19:42:39,18.8,78.2,,1,0,,0
2025-09-30 19:43:24,338.33,4.1062,242.9,7.7754,23.3263,244.52,239.51,244.68,421.55,418.55,422.01,420.46,8.3557,7.0763,7.8943,1.5162,1.0709,1.519,3.8689,1.3672,1.3098,1.1919,5.6696,2.0431,1.6948,1.9316,0.7278,0.7426,0.6329,0.7867,50.1,445.37,276.81,1,1,2025-09-30 19:43:24,18.2,77.8,,1,0,,0
2025-09-30 19:44:09,338.38,4.1697,242.68,7.8451,23.535400000000003,244.9,238.84,244.32,421.16,418.44,421.38,420.49,8.5326,7.0411,7.9617,1.5527,1.0619,1.5551,3.8621,1.3957,1.2997,1.1667,5.7165,2.0896,1.6817,1.9452,0.7336,0.7437,0.6326,0.7999,50,445.44,276.86,1,1,2025-09-30 19:44:09,18.1,76.5,,1,0,,0
2025-09-30 19:44:54,338.43,4.1432,242.54,7.8141,23.442300000000003,244.73,238.34,244.57,420.28,419.13,420.83,420.1,8.5609,6.9188,7.9626,1.5436,1.0334,1.5662,3.8495,1.4136,1.2806,1.1553,5.6915,2.0951,1.649,1.9474,0.7325,0.7374,0.6279,0.8047,50,445.51,276.91,1,1,2025-09-30 19:44:54,17.5,73.1,,1,0,,0
2025-09-30 19:45:39,338.49,4.175,243.2,7.8543,23.5629,244.51,240.35,244.74,422.42,420.23,420.97,421.23,8.4266,7.2509,7.8854,1.5515,1.108,1.5155,3.8866,1.3528,1.3408,1.1929,5.733,2.0604,1.7428,1.9299,0.7319,0.7537,0.6369,0.7857,50,445.58,276.96,1,1,2025-09-30 19:45:39,17.4,74.5,,1,0,,0
2025-09-30 19:46:24,338.54,4.1976,243.24,7.8611,23.5833,243.52,241.4,244.81,422.53,421.02,420.3,421.11,8.1594,7.5198,7.9041,1.5244,1.1936,1.4795,3.8818,1.2721,1.3638,1.2459,5.7373,1.987,1.8153,1.935,0.7341,0.7677,0.6586,0.7649,50.1,445.65,277.01,1,1,2025-09-30 19:46:24,17.3,72.4,,1,0,,0
2025-09-30 19:47:09,338.59,4.2587,243.11,7.9252,23.7758,244.17,240.46,244.71,421.57,421.74,419.84,421.15,8.4133,7.3858,7.9767,1.5667,1.1587,1.5333,3.8749,1.3262,1.3421,1.2066,5.7822,2.0543,1.776,1.952,0.7396,0.7632,0.6535,0.7858,50,445.73,277.06,1,1,2025-09-30 19:47:09,17.2,71,,1,0,,0
2025-09-30 19:47:54,338.65,4.2241,242.67,7.9022,23.7066,245.27,238.59,244.16,421.08,417.88,421.96,420.57,8.6643,7.045,7.9973,1.5857,1.0597,1.5787,3.8607,1.4122,1.3009,1.1476,5.7586,2.1251,1.6809,1.9526,0.7381,0.7467,0.6315,0.8088,50,445.8,277.11,1,1,2025-09-30 19:47:54,16.7,69.9,,1,0,,0
2025-09-30 19:48:39,338.7,4.1762,243.39,7.8485,23.5457,244.11,241.66,244.41,422.8,422.49,419.32,421.64,8.1814,7.5779,7.7864,1.5402,1.1865,1.4495,3.8917,1.2689,1.3909,1.2318,5.7315,1.9972,1.8313,1.9031,0.7315,0.7718,0.6489,0.762,50,445.87,277.15,1,1,2025-09-30 19:48:39,16.6,68.6,,1,0,,0
2025-09-30 19:49:24,338.75,4.1974,242.73,7.8764,23.6294,245.35,238.7,244.16,421.52,417.88,421.85,420.37,8.6555,7.046,7.9279,1.5848,1.0503,1.5622,3.8612,1.4107,1.3094,1.1411,5.7412,2.1236,1.6819,1.9357,0.7359,0.7469,0.6257,0.8075,50,445.94,277.2,1,1,2025-09-30 19:49:24,16.5,68.2,,1,0,,0
2025-09-30 19:50:09,338.81,4.1796,242.55,7.8507,23.5521,245.93,241.16,240.56,423.74,418.89,417.61,419.92,8.3516,7.5035,7.697,1.5973,1.1403,1.4421,3.8518,1.2893,1.402,1.1605,5.715,2.0539,1.8095,1.8516,0.7353,0.7781,0.6309,0.779,50,446.02,277.25,1,1,2025-09-30 19:50:09,16.4,68,,1,0,,0
2025-09-30 19:50:54,338.85,4.1653,242.6,7.8321,23.496299999999998,246.58,240.23,241,421.75,419.02,419.76,420.2,8.468,7.3195,7.7088,1.6039,1.0906,1.4708,3.8439,1.3345,1.3757,1.1337,5.7042,2.088,1.7584,1.8578,0.7348,0.7687,0.6212,0.792,50,446.08,277.3,1,1,2025-09-30 19:50:54,15.9,67.6,,1,0,,0
2025-09-30 19:51:39,338.91,4.016,243.4,7.7146,23.1438,247.4,239.52,243.28,422.85,419.62,422.21,421.62,8.4049,7.1141,7.6248,1.5455,1.0144,1.4562,3.9027,1.3887,1.3661,1.1478,5.6383,2.0794,1.704,1.855,0.7171,0.7438,0.5961,0.7853,50,446.16,277.35,1,1,2025-09-30 19:51:39,15.9,66.7,,1,0,,0
2025-09-30 19:52:24,338.95,3.9629,243.2,7.6591,22.9775,246.93,239.61,243.06,422.7,418.82,422.14,421.2,8.3411,7.0299,7.6065,1.5202,0.9964,1.4463,3.892,1.387,1.3548,1.1503,5.5929,2.0597,1.6844,1.8488,0.7134,0.7387,0.5924,0.7826,50,446.22,277.39,1,1,2025-09-30 19:52:24,15.8,65.4,,1,0,,0
2025-09-30 19:53:09,339.01,3.9475,243.34,7.6513,22.954,247.45,239.09,243.48,422.98,419.9,421.45,421.54,8.4348,6.8916,7.6276,1.5213,0.9579,1.4683,3.8986,1.4261,1.337,1.1354,5.5921,2.0872,1.6477,1.8572,0.7115,0.7295,0.5824,0.791,50,446.3,277.44,1,1,2025-09-30 19:53:09,15.7,65.3,,1,0,,0
2025-09-30 19:53:54,339.05,3.8994,243.22,7.6015,22.8045,247.61,239.12,242.93,422.21,418.91,422.65,421.52,8.416,6.7928,7.5957,1.5085,0.9298,1.4611,3.8883,1.4347,1.3284,1.1252,5.5534,2.0839,1.6243,1.8452,0.7081,0.7246,0.5734,0.7922,50,446.36,277.49,1,1,2025-09-30 19:53:54,15.6,64.8,,1,0,,0
2025-09-30 19:54:39,339.1,3.9434,243.45,7.6451,22.9353,247.24,240.78,242.34,423.17,420.46,421.32,421.6,8.3231,7.0711,7.5411,1.5267,0.9961,1.4206,3.9033,1.3772,1.3776,1.1485,5.5879,2.0578,1.7026,1.8275,0.7107,0.7425,0.5859,0.7776,50,446.43,277.54,1,1,2025-09-30 19:54:39,15.1,64.6,,1,0,,0
2025-09-30 19:55:24,339.14,0.3499,244.72,0.4986,1.496,248.8,241.81,243.57,425.69,421.86,424.04,423.5,0.0,0.0416,1.4544,0.0,0.0011,0.3489,0.0557,0,0,0.0557,0.3643,0,0.0101,0.3542,0.9875,1,1,0.9875,50,446.48,277.57,0,1,2025-09-30 19:55:24,15.0,64.2,,0,0,,1
2025-09-30 19:56:09,339.14,0.3472,244.56,0.495,1.4849999999999999,248.38,241.7,243.61,425.8,421.26,423.68,423.44,0.0,0.0428,1.4422,0.0,0.0016,0.3457,0.057,0,0,0.057,0.3617,0,0.0103,0.3513,0.9867,1,1,0.9866,50,446.49,277.57,0,1,2025-09-30 19:56:09,15.0,67,,0,0,,1
2025-09-30 19:56:54,339.14,0.3461,244.51,0.4934,1.4802,249,240.76,243.77,425.56,420.5,424.41,423.47,0.0,0.042,1.4382,0.0,0.0014,0.3447,0.058,0,0,0.058,0.3607,0,0.0101,0.3506,0.9862,1,1,0.9861,50,446.49,277.57,0,1,2025-09-30 19:56:54,15.0,71.4,,0,0,,1
2025-09-30 19:57:39,339.15,0.3454,244.19,0.4929,1.4788,249.46,239.39,243.72,424.69,419.81,424.3,423.05,0.0,0.0432,1.4356,0.0,0.0015,0.3439,0.0583,0,0,0.0583,0.3602,0,0.0103,0.3499,0.986,1,1,0.9859,50,446.49,277.58,0,1,2025-09-30 19:57:39,15.1,75,,0,0,,1
2025-09-30 19:58:24,339.15,0.3459,245.02,0.492,1.4762000000000002,248.79,242,244.29,426.57,423.31,423.2,424.23,0.0,0.0416,1.4346,0.0,0.0016,0.3443,0.0591,0,0,0.0591,0.3605,0,0.0101,0.3505,0.9857,1,1,0.9855,50,446.5,277.58,0,1,2025-09-30 19:58:24,15.6,78.2,,0,0,,1
2025-09-30 19:59:09,339.16,0.3448,244.45,0.4914,1.4742,249.55,239.6,244.21,424.8,419.64,425.77,423.67,0.0,0.042,1.4322,0.0,0.0012,0.3436,0.0593,0,0,0.0593,0.3598,0,0.0101,0.3498,0.9855,1,1,0.9854,50,446.5,277.58,0,1,2025-09-30 19:59:09,15.8,80.6,,0,0,,1
2025-09-30 19:59:54,339.16,0.3521,245.13,0.4961,1.4885000000000002,248.17,239.77,247.47,425.84,421.9,425.93,424.54,0.0,0.0416,1.4469,0.0,0.0011,0.3511,0.0637,0,0,0.0637,0.368,0,0.01,0.3581,0.984,1,1,0.9839,50,446.51,277.58,0,1,2025-09-30 19:59:54,15.9,82.4,,0,0,,1
2025-09-30 20:00:39,339.17,0.3494,244.85,0.4933,1.48,245.57,242.21,246.77,425.71,423.57,422.88,424.06,0.0,0.0424,1.4376,0.0,0.0015,0.3479,0.0628,0,0,0.0628,0.365,0,0.0103,0.3548,0.9842,1,1,0.9841,50,446.51,277.58,0,1,2025-09-30 20:00:39,16.4,85.8,,0,0,,1
2025-09-30 20:01:24,339.17,0.349,244.93,0.4939,1.4818,245.53,242.66,246.6,425.8,423.78,423.01,424.14,0.0,0.0436,1.4382,0.0,0.0012,0.3478,0.0627,0,0,0.0627,0.3652,0,0.0106,0.3547,0.9842,1,1,0.9841,50,446.52,277.58,0,1,2025-09-30 20:01:24,16.6,86.5,,0,0,,1
2025-09-30 20:02:09,339.17,0.3496,244.43,0.4938,1.4814,245.93,240.65,246.72,424.64,422.15,423.21,423.66,0.0,0.042,1.4394,0.0,0.0013,0.3483,0.0626,0,0,0.0626,0.3652,0,0.0101,0.3551,0.9843,1,1,0.9842,50,446.52,277.58,0,1,2025-09-30 20:02:09,16.7,86.3,,0,0,,1
2025-09-30 20:02:54,339.18,0.3485,244.7,0.4922,1.4768000000000001,247.01,240.43,246.68,425.18,420.92,425.35,423.61,0.0,0.042,1.4348,0.0,0.0014,0.3471,0.0624,0,0,0.0624,0.364,0,0.0101,0.3539,0.9843,1,1,0.9842,50,446.53,277.58,0,1,2025-09-30 20:02:54,17.2,86.5,,0,0,,1
2025-09-30 20:03:39,339.18,0.3486,244.59,0.4937,1.4813,246.76,240.66,246.37,425.19,421.74,423.93,423.74,0.0,0.044,1.4373,0.0,0.0011,0.3475,0.0618,0,0,0.0618,0.3647,0,0.0106,0.3541,0.9846,1,1,0.9845,50,446.53,277.58,0,1,2025-09-30 20:03:39,17.3,87,,0,0,,1
2025-09-30 20:04:24,339.19,0.3479,245.02,0.4923,1.4771,245.59,243.15,246.32,426.07,425.24,421.72,424.37,0.0,0.044,1.4331,0.0,0.0016,0.3463,0.0621,0,0,0.0621,0.3637,0,0.0107,0.353,0.9844,1,1,0.9843,50,446.54,277.58,0,1,2025-09-30 20:04:24,17.4,88.5,,0,0,,1
2025-09-30 20:05:09,339.19,0.3498,244.63,0.4939,1.4817,246.27,240.35,247.27,424.2,421.34,425.54,423.71,0.0,0.0436,1.4381,0.0,0.0012,0.3485,0.0639,0,0,0.0639,0.3661,0,0.0105,0.3556,0.9837,1,1,0.9836,50,446.54,277.58,0,1,2025-09-30 20:05:09,17.5,88.5,,0,0,,1
2025-09-30 20:05:54,339.2,0.3499,244.4,0.4933,1.4801,245.83,239.88,247.49,423.67,420.91,425.29,423.28,0.0,0.0424,1.4377,0.0,0.0011,0.3488,0.0637,0,0,0.0637,0.366,0,0.0102,0.3558,0.9838,1,1,0.9837,50,446.54,277.58,0,1,2025-09-30 20:05:54,17.9,88.4,,0,0,,1
2025-09-30 20:06:39,339.2,0.3497,245.18,0.4924,1.4772999999999998,246.81,240.98,247.77,425.87,423.38,424.64,424.61,0.0,0.0412,1.4361,0.0,0.0012,0.3485,0.0652,0,0,0.0652,0.3658,0,0.0099,0.3558,0.983,1,1,0.9829,50,446.55,277.58,0,1,2025-09-30 20:06:39,18.0,88.4,,0,0,,1
2025-09-30 20:07:24,339.21,0.3507,244.36,0.4937,1.4811999999999999,246.93,238.44,247.71,423.83,420.87,424.92,423.23,0.0,0.0428,1.4384,0.0,0.0016,0.3492,0.0642,0,0,0.0642,0.3665,0,0.0102,0.3563,0.9836,1,1,0.9835,50,446.55,277.59,0,1,2025-09-30 20:07:24,18.1,89.3,,0,0,,1
2025-09-30 20:08:09,339.21,0.3518,245.2,0.4945,1.4835,246.33,241.33,247.95,425.34,423.96,424.7,424.68,0.0,0.042,1.4415,0.0,0.0014,0.3504,0.0638,0,0,0.0638,0.3676,0,0.0101,0.3574,0.9839,1,1,0.9838,50,446.56,277.59,0,1,2025-09-30 20:08:09,18.1,89.3,,0,0,,1
2025-09-30 20:08:54,339.21,0.3507,245.38,0.4936,1.4808,246.21,242.24,247.71,426.03,423.96,424.99,425.09,0.0,0.0424,1.4384,0.0,0.0014,0.3493,0.0637,0,0,0.0637,0.3666,0,0.0103,0.3563,0.9839,1,1,0.9837,50,446.56,277.59,0,1,2025-09-30 20:08:54,18.2,89.7,,0,0,,1
2025-09-30 20:09:39,339.22,0.3492,244.67,0.4925,1.4775,245.76,241.3,246.97,424.7,420.91,425.71,423.64,0.0,0.042,1.4355,0.0,0.0014,0.3477,0.0624,0,0,0.0624,0.3647,0,0.0101,0.3545,0.9844,1,1,0.9842,50,446.57,277.59,0,1,2025-09-30 20:09:39,18.2,90.4,,0,0,,1
2025-09-30 20:10:24,339.22,0.3484,245.03,0.4923,1.477,244.1,244.21,246.78,425.63,425.13,422.38,424.46,0.0,0.0424,1.4346,0.0,0.0011,0.3473,0.062,0,0,0.062,0.3644,0,0.0104,0.354,0.9845,1,1,0.9844,50,446.57,277.59,0,1,2025-09-30 20:10:24,18.7,90.2,,0,0,,1
2025-09-30 20:11:09,339.23,0.3478,244.86,0.4916,1.4749999999999999,245.49,242.43,246.68,424.97,423.32,424.01,423.93,0.0,0.0428,1.4322,0.0,0.0013,0.3465,0.0625,0,0,0.0625,0.3637,0,0.0104,0.3533,0.9842,1,1,0.9841,50,446.58,277.59,0,1,2025-09-30 20:11:09,18.8,90.9,,0,0,,1
2025-09-30 20:11:54,339.23,0.3469,244.92,0.4917,1.4751,244.55,243.36,246.86,424.51,424.31,423.8,424.29,0.0,0.0424,1.4327,0.0,0.0,0.3469,0.0625,0,0,0.0625,0.364,0,0.0103,0.3537,0.9841,1,1,0.9841,50,446.58,277.59,0,1,2025-09-30 20:11:54,18.8,91.1,,0,0,,1
2025-09-30 20:12:39,339.24,0.3465,244.77,0.4915,1.4746,245.47,242.27,246.59,424.33,422.25,425.28,423.99,0.0,0.0424,1.4322,0.0,0.0,0.3465,0.0617,0,0,0.0617,0.3634,0,0.0103,0.3532,0.9844,1,1,0.9844,50,446.59,277.59,0,1,2025-09-30 20:12:39,18.9,91.1,,0,0,,1
2025-09-30 20:13:24,339.24,0.3488,244.92,0.493,1.4791,244.86,243.13,246.78,424.76,423.73,424.12,424.37,0.0,0.0444,1.4347,0.0,0.0014,0.3474,0.0617,0,0,0.0617,0.3649,0,0.0108,0.3541,0.9847,1,1,0.9846,50.1,446.59,277.59,0,1,2025-09-30 20:13:24,19.0,91.3,,0,0,,1
2025-09-30 20:14:16,339.25,0.3475,244.93,0.4916,1.4749999999999999,245.33,242.46,247,424.67,423.26,424.71,424.2,0.0,0.0412,1.4338,0.0,0.0,0.3475,0.0617,0,0,0.0617,0.3641,0,0.01,0.3541,0.9846,1,1,0.9846,50.1,446.6,277.59,0,1,2025-09-30 20:14:16,19.0,91.1,,0,0,,1
2025-09-30 20:15:01,339.25,0.3476,244.66,0.492,1.476,245.51,241.44,247.03,424.18,423.04,423.99,423.86,0.0,0.042,1.434,0.0,0.0,0.3476,0.0619,0,0,0.0619,0.3644,0,0.0101,0.3542,0.9845,1,1,0.9845,50.1,446.6,277.59,0,1,2025-09-30 20:15:01,19.1,91,,0,0,,1
2025-09-30 20:15:46,339.28,3.9708,243.88,7.674,23.0221,243.26,242.03,246.36,423.27,421.63,422.28,422.45,8.0513,7.2496,7.7212,1.4482,1.0984,1.4242,3.9388,1.3155,1.3641,1.2592,5.6154,1.9586,1.7546,1.9022,0.7099,0.7402,0.6271,0.7491,50.1,446.64,277.62,1,1,2025-09-30 20:15:46,19.5,90.9,,1,0,,0
2025-09-30 20:16:31,339.33,4.162,244.08,7.8751,23.6255,244.75,241.42,246.07,423.56,421.8,422.85,422.73,8.4506,7.2827,7.8922,1.5446,1.1063,1.5111,3.9541,1.3728,1.3628,1.2184,5.7685,2.0683,1.7582,1.942,0.7249,0.7474,0.6302,0.7784,50,446.71,277.67,1,1,2025-09-30 20:16:31,19.1,84.7,,1,0,,0
2025-09-30 20:17:16,339.38,4.21,244.19,7.9158,23.747500000000002,243.59,243.03,245.95,423.8,422.56,422.43,422.56,8.2889,7.5111,7.9475,1.5344,1.1856,1.49,3.9586,1.31,1.3845,1.2641,5.7992,2.0191,1.8254,1.9547,0.7285,0.7605,0.6504,0.7625,50,446.78,277.72,1,1,2025-09-30 20:17:16,18.9,80.4,,1,0,,0
2025-09-30 20:18:01,339.43,4.2368,243.98,7.9416,23.825000000000003,244.07,241.97,245.91,422.88,422.38,422.47,422.72,8.4859,7.2945,8.0446,1.553,1.1372,1.5465,3.9456,1.3676,1.3459,1.232,5.8145,2.0712,1.7651,1.9782,0.7318,0.7504,0.6454,0.7821,50,446.85,277.76,1,1,2025-09-30 20:18:01,18.8,79.2,,1,0,,0
2025-09-30 20:18:46,339.48,4.1797,244.01,7.882,23.646099999999997,244.67,241.28,246.1,422.36,421.4,424.17,422.4,8.5625,7.0536,8.03,1.5438,1.072,1.564,3.9368,1.4131,1.3177,1.206,5.7731,2.095,1.7019,1.9762,0.7279,0.7376,0.631,0.7919,50,446.92,277.81,1,1,2025-09-30 20:18:46,18.2,76.4,,1,0,,0
2025-09-30 20:19:31,339.53,4.2551,244.03,7.9442,23.8326,243.88,241.94,246.29,422.33,422.1,423.59,422.52,8.459,7.2409,8.1327,1.5423,1.1428,1.57,3.9325,1.3671,1.3235,1.2419,5.8178,2.063,1.7519,2.003,0.7344,0.7483,0.6535,0.7843,50.1,446.99,277.86,1,1,2025-09-30 20:19:31,18.1,73.4,,1,0,,0
2025-09-30 20:20:16,339.59,4.1985,244.07,7.8935,23.6807,244,241.95,246.27,422.5,421.88,423.83,422.73,8.4352,7.1731,8.0724,1.5275,1.1167,1.5543,3.9393,1.3768,1.3246,1.2379,5.7817,2.0582,1.7355,1.988,0.7292,0.7427,0.6445,0.7822,50.1,447.07,277.91,1,1,2025-09-30 20:20:16,17.5,72.5,,1,0,,0
2025-09-30 20:21:24,339.68,4.0867,243.95,7.7941,23.3823,244.84,240.54,246.48,422.79,421.27,423.5,422.52,8.484,6.9917,7.9066,1.5156,1.0368,1.5343,3.9375,1.4176,1.3202,1.1997,5.7078,2.0772,1.6818,1.9488,0.7201,0.7303,0.6176,0.7877,50,447.2,278,1,1,2025-09-30 20:21:24,17.2,70.9,,1,0,,0
2025-09-30 20:22:54,339.79,4.0703,245.31,7.8062,23.418799999999997,245.34,243.18,247.43,425.88,425.59,423.12,424.91,8.2129,7.4382,7.7677,1.5021,1.1242,1.4439,4.0197,1.34,1.413,1.2667,5.7457,2.015,1.8088,1.922,0.7115,0.7462,0.6225,0.7517,50,447.34,278.1,1,1,2025-09-30 20:22:54,16.6,68.8,,1,0,,0
2025-09-30 20:23:39,339.84,4.0266,245,7.7666,23.2999,245.53,241.65,247.84,425.1,423.59,424.3,424.35,8.3287,7.1785,7.7927,1.4913,1.0571,1.4783,4.0098,1.3967,1.3718,1.2413,5.711,2.0449,1.7347,1.9313,0.7085,0.7298,0.6103,0.7658,50,447.42,278.15,1,1,2025-09-30 20:23:39,16.5,68,,1,0,,0
2025-09-30 20:24:24,339.89,3.9962,244.27,7.7365,23.2096,246.29,238.89,247.65,423.51,419.74,425.98,423.23,8.6234,6.6652,7.921,1.4934,0.9346,1.5682,3.9697,1.5076,1.2855,1.1766,5.6777,2.1239,1.5922,1.9616,0.7094,0.7037,0.588,0.7998,50,447.49,278.2,1,1,2025-09-30 20:24:24,16.4,67.1,,1,0,,0
2025-09-30 20:25:09,339.93,3.9901,245,7.7292,23.1877,245.69,241.63,247.69,425.34,423.51,424.12,424.36,8.2884,7.1717,7.7276,1.4839,1.0469,1.4593,4.0052,1.3915,1.3769,1.2367,5.6833,2.0364,1.7329,1.914,0.7057,0.7294,0.6052,0.7628,50,447.55,278.25,1,1,2025-09-30 20:25:09,15.9,66.7,,1,0,,0
2025-09-30 20:25:54,339.98,3.9319,244.79,7.6748,23.0244,245.19,242.23,246.97,425.51,423.49,422.88,424.08,8.244,7.1053,7.6751,1.4667,1.0276,1.4376,3.9988,1.3881,1.3768,1.2339,5.638,2.0213,1.7211,1.8955,0.7011,0.7263,0.5981,0.7588,50,447.62,278.3,1,1,2025-09-30 20:25:54,15.8,66.6,,1,0,,0
2025-09-30 20:26:39,340.03,3.8786,244.94,7.6318,22.895500000000002,245.77,241.97,247.09,425.14,422.05,425.51,424.26,8.2075,7.0681,7.6199,1.4528,1.0036,1.4222,4.0108,1.3969,1.3815,1.2324,5.6102,2.0172,1.7103,1.8828,0.6951,0.7208,0.5877,0.7557,50,447.7,278.35,1,1,2025-09-30 20:26:39,15.7,68.5,,1,0,,0
2025-09-30 20:27:24,340.08,3.8973,245.07,7.644,22.9321,244.53,243.8,246.89,425.35,425.11,422.9,424.32,7.9058,7.4441,7.5822,1.4342,1.1084,1.3546,4.0163,1.2933,1.4329,1.2901,5.62,1.9332,1.8149,1.872,0.6963,0.7426,0.6118,0.7241,50,447.77,278.4,1,1,2025-09-30 20:27:24,15.7,68.4,,1,0,,0
2025-09-30 20:28:30,340.17,3.9363,245.1,7.6857,23.057100000000002,246,242.22,247.08,425.71,422.66,425.14,424.6,8.2626,7.1211,7.6734,1.4739,1.0232,1.4391,4.0142,1.3967,1.3848,1.2327,5.6534,2.0326,1.7249,1.8959,0.7001,0.7256,0.5954,0.759,50,447.89,278.49,1,1,2025-09-30 20:28:30,15.7,66.9,,1,0,,0
2025-09-30 20:29:15,340.22,3.9157,245.08,7.6659,22.997799999999998,245.94,242.4,246.91,425.33,424.1,423.97,424.51,8.2242,7.1328,7.6408,1.4674,1.0231,1.4252,4.0137,1.3892,1.39,1.2346,5.6382,2.0227,1.729,1.8866,0.6983,0.7262,0.5928,0.7627,50,447.97,278.54,1,1,2025-09-30 20:29:15,15.6,64.4,,1,0,,0
2025-09-30 20:30:00,340.23,0.3548,245.54,0.4981,1.4944,246.93,241.92,247.78,426.14,422.54,427.14,424.89,0.0,0.042,1.4524,0.0,0.0013,0.3535,0.062,0,0,0.062,0.37,0,0.0102,0.3599,0.985,1,1,0.9847,50,447.98,278.55,0,1,2025-09-30 20:30:00,15.2,66.6,,0,0,,1
2025-09-30 20:30:45,340.23,0.3539,245.88,0.4974,1.4924,246.47,243.51,247.67,427.12,425.02,425.43,425.88,0.0,0.0428,1.4496,0.0,0.0016,0.3523,0.0625,0,0,0.0625,0.3694,0,0.0104,0.359,0.9847,1,1,0.9846,50,447.98,278.55,0,1,2025-09-30 20:30:45,15.1,70.1,,0,0,,1
2025-09-30 20:31:30,340.24,0.3539,245.26,0.4974,1.4923000000000002,247.03,241.18,247.58,425.85,421.03,427.49,424.68,0.0,0.0416,1.4507,0.0,0.0013,0.3525,0.0626,0,0,0.0626,0.3692,0,0.01,0.3592,0.9846,1,1,0.9845,50,447.99,278.55,0,1,2025-09-30 20:31:30,15.2,73.5,,0,0,,1
2025-09-30 20:32:15,340.24,0.3541,245.83,0.4967,1.4903,246.69,242.64,248.17,426.97,424.3,426.02,425.76,0.0,0.0432,1.4471,0.0,0.0019,0.3522,0.0635,0,0,0.0635,0.3696,0,0.0105,0.3591,0.9842,1,1,0.9841,50,447.99,278.55,0,1,2025-09-30 20:32:15,15.7,77.3,,0,0,,1
2025-09-30 20:33:00,340.25,0.3517,245.56,0.4943,1.483,246.27,242.26,248.15,426.78,424.11,424.95,425.39,0.0,0.0416,1.4414,0.0,0.0012,0.3505,0.0646,0,0,0.0646,0.3678,0,0.0101,0.3577,0.9835,1,1,0.9834,50,447.99,278.55,0,1,2025-09-30 20:33:00,15.8,79.4,,0,0,,1
2025-09-30 20:33:45,340.25,0.3513,245.25,0.4942,1.4826,246.42,241.23,248.12,425.84,423.54,424.89,424.78,0.0,0.0424,1.4402,0.0,0.0011,0.3502,0.0644,0,0,0.0644,0.3676,0,0.0102,0.3573,0.9836,1,1,0.9835,50,448,278.55,0,1,2025-09-30 20:33:45,15.9,82.4,,0,0,,1
2025-09-30 20:34:30,340.26,0.3522,244.61,0.4953,1.486,244.99,240.95,247.91,424.49,421.89,424.58,423.65,0.0,0.0416,1.4444,0.0,0.0011,0.3511,0.064,0,0,0.064,0.3681,0,0.01,0.3581,0.9838,1,1,0.9837,50,448,278.55,0,1,2025-09-30 20:34:30,16.4,83.2,,0,0,,1
2025-09-30 20:35:36,340.26,0.3513,245.47,0.4949,1.4847,241.98,245.76,248.69,425.62,426.17,423.66,425.17,0.0,0.0428,1.4419,0.0,0.0,0.3513,0.0654,0,0,0.0654,0.3691,0,0.0105,0.3586,0.9831,1,1,0.9831,50,448.01,278.55,0,1,2025-09-30 20:35:36,16.6,84.4,,0,0,,1
2025-09-30 20:36:21,340.27,0.351,244.76,0.4936,1.4808000000000001,241.39,244.84,248.06,424.3,423.49,423.93,423.96,0.0,0.0416,1.4392,0.0,0.0011,0.3499,0.0643,0,0,0.0643,0.3672,0,0.0102,0.357,0.9836,1,1,0.9835,50,448.02,278.55,0,1,2025-09-30 20:36:21,16.7,85.2,,0,0,,1
2025-09-30 20:37:06,340.27,0.3496,244.98,0.4936,1.4808,241.13,245.72,248.1,424.9,425.37,422.61,424.13,0.0,0.0428,1.438,0.0,0.0,0.3496,0.0649,0,0,0.0649,0.3673,0,0.0105,0.3568,0.9832,1,1,0.9832,50,448.02,278.55,0,1,2025-09-30 20:37:06,17.2,86.6,,0,0,,1
2025-09-30 20:37:51,340.28,0.3508,244.78,0.495,1.485,242.96,243.41,247.99,424.3,422.51,425.04,424.01,0.0,0.042,1.443,0.0,0.0,0.3508,0.0638,0,0,0.0638,0.3681,0,0.0102,0.3578,0.9838,1,1,0.9838,50,448.03,278.56,0,1,2025-09-30 20:37:51,17.2,87.3,,0,0,,1
2025-09-30 20:38:36,340.28,0.35,244.53,0.493,1.4791,240.9,245.03,247.67,424.13,424.5,421.91,423.55,0.0,0.0424,1.4367,0.0,0.0013,0.3487,0.0642,0,0,0.0642,0.3662,0,0.0104,0.3558,0.9836,1,1,0.9834,50,448.03,278.56,0,1,2025-09-30 20:38:36,17.3,88,,0,0,,1
2025-09-30 20:39:21,340.29,0.3518,244.44,0.495,1.485,241.45,244.06,247.82,423.73,423.24,423.1,423.47,0.0,0.044,1.441,0.0,0.0015,0.3502,0.0632,0,0,0.0632,0.3678,0,0.0107,0.3571,0.9842,1,1,0.9841,50,448.04,278.56,0,1,2025-09-30 20:39:21,17.4,88,,0,0,,1
2025-09-30 20:40:06,340.29,0.3496,244.92,0.4926,1.4779,240.43,247.09,247.25,424.93,426.35,421.33,424.16,0.0,0.0428,1.4351,0.0,0.0015,0.3481,0.0625,0,0,0.0625,0.3654,0,0.0106,0.3548,0.9843,1,1,0.9842,50,448.04,278.56,0,1,2025-09-30 20:40:06,17.5,88.2,,0,0,,1
2025-09-30 20:40:51,340.29,0.3476,244.52,0.4923,1.4769,241.52,244.95,247.11,424.18,423.86,422.48,423.56,0.0,0.0424,1.4345,0.0,0.0,0.3476,0.0628,0,0,0.0628,0.3649,0,0.0104,0.3545,0.984,1,1,0.984,50,448.04,278.56,0,1,2025-09-30 20:40:51,17.9,88.5,,0,0,,1
2025-09-30 20:41:36,340.3,0.3507,244.72,0.4933,1.4799,240.6,245.54,248.04,423.69,426.07,421.82,423.93,0.0,0.0424,1.4375,0.0,0.0012,0.3495,0.064,0,0,0.064,0.367,0,0.0104,0.3566,0.9837,1,1,0.9836,50,448.05,278.56,0,1,2025-09-30 20:41:36,18.0,89.6,,0,0,,1
2025-09-30 20:42:21,340.3,0.3491,244.61,0.4934,1.4804,241.8,244.41,247.62,423.66,424.55,422.77,423.75,0.0,0.0428,1.4376,0.0,0.0,0.3491,0.0632,0,0,0.0632,0.3664,0,0.0105,0.356,0.9839,1,1,0.9839,50,448.05,278.56,0,1,2025-09-30 20:42:21,18.1,89.7,,0,0,,1
2025-09-30 20:43:06,340.31,0.3486,244.88,0.4927,1.4783,241.32,245.66,247.67,424.06,426.07,422.27,423.99,0.0,0.0428,1.4355,0.0,0.0,0.3486,0.0634,0,0,0.0634,0.366,0,0.0105,0.3555,0.9838,1,1,0.9838,50,448.06,278.56,0,1,2025-09-30 20:43:06,18.2,89.7,,0,0,,1
2025-09-30 20:43:51,340.31,0.3477,244.89,0.4918,1.4755,241.36,245.84,247.48,424.43,425.38,422.63,424.11,0.0,0.0424,1.4331,0.0,0.0,0.3477,0.0634,0,0,0.0634,0.3651,0,0.0104,0.3547,0.9837,1,1,0.9837,50,448.06,278.56,0,1,2025-09-30 20:43:51,18.2,89.7,,0,0,,1
2025-09-30 20:44:36,340.32,0.3474,244.76,0.4913,1.474,241.74,245.27,247.29,424.06,425.03,422.7,424,0.0,0.0416,1.4324,0.0,0.0,0.3474,0.0626,0,0,0.0626,0.3644,0,0.0102,0.3542,0.9841,1,1,0.9841,50,448.07,278.56,0,1,2025-09-30 20:44:36,18.3,89.9,,0,0,,1
2025-09-30 20:45:21,340.32,0.348,244.88,0.492,1.4761,241.37,245.79,247.48,424.19,425.99,422.21,424.26,0.0,0.042,1.4341,0.0,0.0,0.348,0.0631,0,0,0.0631,0.3652,0,0.0103,0.3549,0.9839,1,1,0.9839,50,448.07,278.56,0,1,2025-09-30 20:45:21,18.3,90.1,,0,0,,1
2025-09-30 20:46:06,340.33,0.3507,245.56,0.4931,1.4792999999999998,243.08,245.79,247.83,425.76,425.67,424.51,425.21,0.0,0.0432,1.4361,0.0,0.0017,0.349,0.0634,0,0,0.0634,0.3665,0,0.0106,0.3559,0.984,1,1,0.9839,50,448.08,278.56,0,1,2025-09-30 20:46:06,18.7,90.2,,0,0,,1
2025-09-30 20:46:51,340.33,0.3514,245.29,0.494,1.4822,241.92,245.94,248.03,425.07,425.47,423.99,424.94,0.0,0.0424,1.4398,0.0,0.0012,0.3502,0.063,0,0,0.063,0.3675,0,0.0104,0.3571,0.9842,1,1,0.9841,50,448.08,278.56,0,1,2025-09-30 20:46:51,18.8,90.4,,0,0,,1
2025-09-30 20:47:36,340.33,0.3503,245.31,0.4924,1.4774,243.4,244.62,247.91,425.5,423.58,425.5,424.91,0.0,0.0424,1.435,0.0,0.0015,0.3488,0.0631,0,0,0.0631,0.3661,0,0.0104,0.3558,0.9841,1,1,0.984,50,448.09,278.57,0,1,2025-09-30 20:47:36,18.8,90.5,,0,0,,1
2025-09-30 20:48:21,340.34,0.3499,245.45,0.4928,1.4784,242.63,245.89,247.83,425.67,424.44,425.19,424.98,0.0,0.0432,1.4352,0.0,0.001,0.3488,0.0628,0,0,0.0628,0.3663,0,0.0106,0.3557,0.9842,1,1,0.9841,50,448.09,278.57,0,1,2025-09-30 20:48:21,18.9,90.7,,0,0,,1
2025-09-30 20:49:06,340.34,0.351,245.49,0.4925,1.4776,242.44,245.92,248.11,425.5,426.05,423.99,425.26,0.0,0.042,1.4356,0.0,0.0018,0.3493,0.0631,0,0,0.0631,0.3665,0,0.0103,0.3562,0.9842,1,1,0.984,50.1,448.1,278.57,0,1,2025-09-30 20:49:06,18.9,90.8,,0,0,,1
2025-09-30 20:49:51,340.35,0.3502,245.72,0.4923,1.4769,242.78,246.2,248.2,425.68,426.22,424.88,425.8,0.0,0.0424,1.4345,0.0,0.0011,0.3491,0.0643,0,0.0011,0.0633,0.3665,0,0.0104,0.356,0.9835,1,1,0.9839,50.1,448.1,278.57,0,1,2025-09-30 20:49:51,18.9,90.9,,0,0,,1
2025-09-30 20:50:36,340.35,0.3503,245.5,0.4923,1.4770999999999999,243.55,244.97,248,425.52,424.83,425.28,425.18,0.0,0.0408,1.4363,0.0,0.001,0.3493,0.063,0,0,0.063,0.3662,0,0.01,0.3562,0.9841,1,1,0.9841,50,448.1,278.57,0,1,2025-09-30 20:50:36,19.0,90.9,,0,0,,1
2025-09-30 20:51:21,340.37,3.789,244.76,7.5561,22.6685,242.9,243.84,247.54,424.06,423.86,423.83,423.67,8.0918,7.0059,7.5708,1.402,1.0029,1.3842,4.0155,1.3746,1.379,1.2619,5.5479,1.9655,1.7083,1.8741,0.6862,0.714,0.5881,0.7389,50,448.13,278.58,1,1,2025-09-30 20:51:21,19.0,90.9,,1,0,,0
2025-09-30 20:52:51,340.47,3.9542,244.35,7.6998,23.0994,245.39,241.36,246.31,424.4,421.34,423.89,423.21,8.3408,7.0343,7.7243,1.4801,1.0118,1.4624,3.986,1.4109,1.3596,1.2155,5.6471,2.0467,1.6978,1.9026,0.7042,0.7238,0.5969,0.769,50,448.27,278.68,1,1,2025-09-30 20:52:51,18.9,82.6,,1,0,,0
2025-09-30 20:54:21,340.56,3.9798,243.72,7.6876,23.0628,243.86,241.68,245.64,423.43,421.37,421.56,422.15,8.117,7.2886,7.6572,1.4725,1.0905,1.4168,3.9358,1.3202,1.3797,1.2358,5.6218,1.9794,1.7615,1.8809,0.711,0.7445,0.62,0.7535,50,448.4,278.78,1,1,2025-09-30 20:54:21,18.2,74.6,,1,0,,0
2025-09-30 20:55:06,340.61,3.9931,243.82,7.7026,23.1078,243.86,241.74,245.86,423.39,422.41,421.03,422.29,8.1042,7.3101,7.6935,1.4703,1.1002,1.4226,3.9413,1.3175,1.3789,1.2449,5.635,1.9763,1.7671,1.8915,0.7117,0.7447,0.6236,0.7525,50,448.47,278.83,1,1,2025-09-30 20:55:06,18.0,74.9,,1,0,,0
2025-09-30 20:55:51,340.66,4.0313,243.25,7.729,23.1872,244.32,240.34,245.11,422.51,420.76,420.63,421.27,8.3329,7.13,7.7243,1.5072,1.0542,1.4699,3.905,1.3658,1.3473,1.1919,5.6428,2.0359,1.7136,1.8933,0.7182,0.741,0.6162,0.7767,50,448.54,278.88,1,1,2025-09-30 20:55:51,17.5,73.1,,1,0,,0
2025-09-30 20:56:36,340.71,4.0492,243.61,7.7429,23.2288,243.89,241.55,245.39,423.28,421.68,420.78,421.9,8.174,7.3385,7.7163,1.4965,1.1131,1.4395,3.9192,1.3145,1.3758,1.2288,5.6597,1.9936,1.7726,1.8935,0.7185,0.7513,0.6289,0.7605,50,448.62,278.93,1,1,2025-09-30 20:56:36,17.4,71.9,,1,0,,0
2025-09-30 20:57:21,340.76,4.0724,243.45,7.771,23.3132,244.68,240.23,245.46,422.94,420.3,421.71,421.76,8.4286,7.0932,7.7914,1.5233,1.0493,1.4998,3.9114,1.3874,1.3388,1.1852,5.6788,2.0623,1.704,1.9125,0.7212,0.7393,0.6168,0.7845,50,448.69,278.98,1,1,2025-09-30 20:57:21,17.2,70.1,,1,0,,0
2025-09-30 20:58:51,340.87,4.052,243.37,7.7461,23.2384,244.05,240.5,245.56,422.71,420.26,421.53,421.51,8.3192,7.1397,7.7795,1.5027,1.0671,1.4823,3.9088,1.363,1.3419,1.2039,5.6577,2.0303,1.7171,1.9103,0.7197,0.7406,0.6223,0.7762,50,448.83,279.07,1,1,2025-09-30 20:58:51,16.6,69.1,,1,0,,0
2025-09-30 20:59:36,340.91,4.0021,243.51,7.6972,23.0917,243.25,241.08,246.22,422.81,421.05,421.38,421.75,8.11,7.1944,7.7873,1.456,1.0907,1.4554,3.92,1.3285,1.3447,1.2468,5.6246,1.9728,1.7344,1.9174,0.7143,0.7386,0.6299,0.7594,50,448.9,279.12,1,1,2025-09-30 20:59:36,16.5,68.3,,1,0,,0
2025-09-30 21:00:21,340.96,3.9727,243.4,7.6671,23.0014,242.86,241.31,246.04,422.08,422.22,420.36,421.6,8.071,7.1774,7.753,1.4447,1.0865,1.4415,3.9144,1.3219,1.3447,1.2478,5.5996,1.9601,1.732,1.9075,0.7123,0.7377,0.6284,0.756,50,448.97,279.17,1,1,2025-09-30 21:00:21,16.4,68.1,,1,0,,0
2025-09-30 21:01:06,341.02,4.0024,243.15,7.6961,23.088299999999997,243.84,239.92,245.7,422.14,420.55,420.66,421.2,8.2556,7.1169,7.7158,1.4847,1.0542,1.4636,3.8992,1.3566,1.3393,1.2033,5.6163,2.013,1.7075,1.8958,0.7162,0.7382,0.6184,0.7724,50,449.04,279.22,1,1,2025-09-30 21:01:06,15.9,66.4,,1,0,,0
2025-09-30 21:01:51,341.07,3.9744,243.14,7.6666,22.9999,243.91,239.68,245.84,422.05,421.58,419.62,421,8.135,7.2084,7.6565,1.4693,1.0697,1.4353,3.901,1.331,1.3534,1.2166,5.5942,1.9842,1.7277,1.8823,0.7136,0.7411,0.6201,0.7628,50,449.11,279.27,1,1,2025-09-30 21:01:51,15.8,65.2,,1,0,,0
2025-09-30 21:02:36,341.11,3.9911,242.91,7.6768,23.0304,243.79,238.94,246.01,421.13,419.76,421.23,420.72,8.2692,7.0182,7.743,1.4748,1.0344,1.4819,3.8829,1.3716,1.316,1.1952,5.5977,2.0159,1.6769,1.9049,0.7167,0.7322,0.6179,0.7783,50,449.18,279.32,1,1,2025-09-30 21:02:36,15.7,64.5,,1,0,,0
2025-09-30 21:03:21,341.16,3.9408,242.93,7.6189,22.8568,242.92,240.18,245.69,421.86,420.09,420.24,420.66,7.9632,7.2693,7.6243,1.441,1.0945,1.4054,3.8812,1.2879,1.3564,1.2369,5.5536,1.9344,1.7459,1.8732,0.7124,0.7455,0.6279,0.7506,50,449.25,279.37,1,1,2025-09-30 21:03:21,15.7,64.8,,1,0,,0
2025-09-30 21:04:06,341.22,3.9605,243.67,7.6731,23.0195,244.39,240.61,246.03,423.37,420.61,422.1,421.88,8.245,7.0796,7.6949,1.4731,1.0339,1.4535,3.9342,1.3723,1.3503,1.2116,5.6116,2.015,1.7034,1.8932,0.7094,0.7316,0.6079,0.7681,50,449.32,279.42,1,1,2025-09-30 21:04:06,15.6,64.3,,1,0,,0
2025-09-30 21:04:51,341.25,0.3557,244.91,0.5012,1.5036,246.15,241.81,246.78,425.57,423.21,423.73,424.23,0.0,0.0428,1.4608,0.0,0.0013,0.3543,0.0599,0,0,0.0599,0.3708,0,0.0103,0.3605,0.9861,1,1,0.986,50,449.38,279.46,0,1,2025-09-30 21:04:51,15.1,64.7,,0,0,,1
2025-09-30 21:05:36,341.26,0.3506,244.74,0.4967,1.4901,246.02,241.64,246.57,425.4,422.94,423.28,423.98,0.0,0.042,1.4481,0.0,0.0,0.3506,0.0612,0,0,0.0612,0.3672,0,0.0101,0.3571,0.9851,1,1,0.9851,50,449.38,279.46,0,1,2025-09-30 21:05:36,15.1,65.6,,0,0,,1
2025-09-30 21:06:21,341.26,0.3518,243.6,0.4972,1.4915999999999998,244.47,239.98,246.36,422.6,420.84,422.27,423.21,0.0,0.0432,1.4484,0.0,0.0014,0.3503,0.0613,0,0,0.0613,0.3672,0,0.0104,0.3568,0.9851,1,1,0.985,50,449.39,279.46,0,1,2025-09-30 21:06:21,15.1,69.3,,0,0,,1
2025-09-30 21:07:06,341.27,0.3493,243.86,0.4948,1.4846,243.97,241.76,245.87,423.21,423.37,420.48,422.49,0.0,0.0424,1.4422,0.0,0.0011,0.3481,0.0612,0,0,0.0612,0.3648,0,0.0103,0.3546,0.985,1,1,0.9849,50,449.39,279.46,0,1,2025-09-30 21:07:06,15.2,74.2,,0,0,,1
2025-09-30 21:07:51,341.27,0.3477,244.1,0.4939,1.4818,244.83,241.28,246.2,424.37,422.52,421.38,422.81,0.0,0.0424,1.4394,0.0,0.0,0.3477,0.0619,0,0,0.0619,0.3646,0,0.0102,0.3544,0.9845,1,1,0.9845,50,449.4,279.46,0,1,2025-09-30 21:07:51,15.6,77.3,,0,0,,1
2025-09-30 21:08:36,341.28,0.3482,244.34,0.4945,1.4837,245.67,240.79,246.58,424.32,422.79,422.42,423.09,0.0,0.044,1.4397,0.0,0.0,0.3482,0.0628,0,0,0.0628,0.3656,0,0.0106,0.355,0.9841,1,1,0.9841,50,449.4,279.46,0,1,2025-09-30 21:08:36,15.8,78.8,,0,0,,1
2025-09-30 21:09:21,341.28,0.348,244.22,0.4936,1.4808,244.84,241.29,246.54,423.97,422.55,422.4,422.96,0.0,0.0424,1.4384,0.0,0.0,0.348,0.0622,0,0,0.0622,0.3649,0,0.0102,0.3546,0.9843,1,1,0.9843,50,449.41,279.46,0,1,2025-09-30 21:09:21,15.9,81,,0,0,,1
2025-09-30 21:10:06,341.29,0.3481,243.59,0.4937,1.4811999999999999,244.34,239.74,246.69,422.57,421.28,421.75,421.96,0.0,0.0428,1.4384,0.0,0.0,0.3481,0.0626,0,0,0.0626,0.3651,0,0.0103,0.3548,0.9842,1,1,0.9842,50,449.41,279.46,0,1,2025-09-30 21:10:06,16.4,82.3,,0,0,,1
2025-09-30 21:10:51,341.29,0.3481,243.82,0.4945,1.4835,245.11,239.73,246.62,423.09,421.61,422.1,422.18,0.0,0.044,1.4395,0.0,0.0,0.3481,0.0633,0,0,0.0633,0.3656,0,0.0105,0.355,0.9838,1,1,0.9838,50,449.41,279.46,0,1,2025-09-30 21:10:51,16.5,83.3,,0,0,,1
2025-09-30 21:11:36,341.29,0.3474,243.76,0.4929,1.4788999999999999,244.54,240.04,246.7,422.95,422.91,420.58,422.24,0.0,0.0428,1.4361,0.0,0.0,0.3474,0.0633,0,0,0.0633,0.3646,0,0.0103,0.3543,0.9837,1,1,0.9837,50,449.42,279.46,0,1,2025-09-30 21:11:36,16.6,85,,0,0,,1
2025-09-30 21:12:21,341.3,0.3484,243.39,0.4928,1.4786,245.58,237.95,246.64,422.42,418.76,423.4,421.49,0.0,0.0428,1.4358,0.0,0.0012,0.3473,0.0629,0,0,0.0629,0.3643,0,0.0102,0.3541,0.984,1,1,0.9839,50,449.42,279.46,0,1,2025-09-30 21:12:21,16.7,85.6,,0,0,,1
2025-09-30 21:13:06,341.3,0.3483,244.13,0.4933,1.4801,243.8,241.93,246.66,423.77,424.24,420.39,422.84,0.0,0.0444,1.4357,0.0,0.0011,0.3472,0.0631,0,0,0.0631,0.3649,0,0.0107,0.3541,0.9839,1,1,0.9838,50,449.43,279.46,0,1,2025-09-30 21:13:06,17.1,86.1,,0,0,,1
2025-09-30 21:13:51,341.31,0.3466,243.93,0.4927,1.4782,244.92,240.55,246.32,423.64,422.05,421.68,422.38,0.0,0.0432,1.435,0.0,0.0,0.3466,0.0628,0,0,0.0628,0.3639,0,0.0104,0.3535,0.9839,1,1,0.9839,50,449.43,279.46,0,1,2025-09-30 21:13:51,17.2,86.6,,0,0,,1
2025-09-30 21:14:36,341.31,0.3465,243.23,0.4923,1.4769,245.13,238.26,246.3,421.65,418.18,423.97,421.02,0.0,0.0424,1.4345,0.0,0.0,0.3465,0.0623,0,0,0.0623,0.3634,0,0.0101,0.3533,0.9841,1,1,0.9841,50,449.44,279.47,0,1,2025-09-30 21:14:36,17.3,87,,0,0,,1
2025-09-30 21:15:21,341.32,0.3483,244.22,0.4928,1.4784000000000002,243.93,242.05,246.69,423.84,424.15,420.9,422.96,0.0,0.0436,1.4348,0.0,0.0011,0.3472,0.0624,0,0,0.0624,0.3645,0,0.0106,0.354,0.9843,1,1,0.9842,50,449.44,279.47,0,1,2025-09-30 21:15:21,17.4,87.4,,0,0,,1
2025-09-30 21:16:06,341.32,0.3457,243.1,0.4919,1.4758,245.12,238.13,246.07,421.21,418.39,423.57,421.18,0.0,0.0436,1.4322,0.0,0.0,0.3457,0.0618,0,0,0.0618,0.3628,0,0.0104,0.3524,0.9844,1,1,0.9844,50,449.45,279.47,0,1,2025-09-30 21:16:06,17.5,87.8,,0,0,,1
2025-09-30 21:16:51,341.32,0.3482,243.83,0.4926,1.478,243.53,241.46,246.51,423.33,423.22,420.31,422.31,0.0,0.0428,1.4352,0.0,0.0011,0.3471,0.0623,0,0,0.0623,0.3641,0,0.0103,0.3538,0.9843,1,1,0.9842,50,449.45,279.47,0,1,2025-09-30 21:16:51,17.5,88.1,,0,0,,1
2025-09-30 21:17:43,341.33,0.3456,243.11,0.4902,1.4707999999999999,244.46,238.77,246.12,421.92,418.16,423.11,421.11,0.0,0.0432,1.4276,0.0,0.0012,0.3445,0.063,0,0,0.063,0.3617,0,0.0103,0.3514,0.9837,1,1,0.9836,50,449.46,279.47,0,1,2025-09-30 21:17:43,18.0,88.6,,0,0,,1
2025-09-30 21:18:28,341.34,0.347,243.49,0.4918,1.4756,242.6,241.87,246.02,422.64,423.72,418.75,421.69,0.0,0.0444,1.4312,0.0,0.0016,0.3454,0.0621,0,0,0.0621,0.3628,0,0.0107,0.3521,0.9843,1,1,0.9842,49.9,449.46,279.47,0,1,2025-09-30 21:18:28,18.1,88.8,,0,0,,1
2025-09-30 21:19:13,341.34,0.345,242.64,0.4916,1.4749,243.95,238.24,245.74,421.1,419.01,420.57,420.43,0.0,0.0436,1.4313,0.0,0.0,0.345,0.0622,0,0,0.0622,0.3621,0,0.0104,0.3517,0.9841,1,1,0.9841,49.9,449.47,279.47,0,1,2025-09-30 21:19:13,18.1,89.1,,0,0,,1
2025-09-30 21:19:58,341.34,0.3452,243.27,0.4915,1.4745000000000001,242.3,241.54,245.99,422.36,423.83,417.74,421.23,0.0,0.044,1.4305,0.0,0.0,0.3452,0.0624,0,0,0.0624,0.3625,0,0.0106,0.3519,0.984,1,1,0.984,49.9,449.47,279.47,0,1,2025-09-30 21:19:58,18.2,89.4,,0,0,,1
2025-09-30 21:20:43,341.35,0.3435,242.46,0.4892,1.4677,244.15,237.63,245.6,420.1,418.33,421.34,420.27,0.0,0.042,1.4257,0.0,0.0,0.3435,0.0619,0,0,0.0619,0.3601,0,0.01,0.3502,0.9841,1,1,0.9841,49.9,449.48,279.47,0,1,2025-09-30 21:20:43,18.2,89.6,,0,0,,1
2025-09-30 21:21:28,341.35,0.3464,243.18,0.4911,1.4735,242.55,241.23,245.76,422.16,421.58,419.76,420.95,0.0,0.0436,1.4299,0.0,0.0016,0.3448,0.0615,0,0,0.0615,0.3619,0,0.0105,0.3514,0.9845,1,1,0.9844,49.9,449.48,279.47,0,1,2025-09-30 21:21:28,18.3,89.9,,0,0,,1
2025-09-30 21:22:13,341.36,0.3454,243.26,0.4915,1.4746,243.05,241.14,245.61,421.95,421.46,420.56,421.28,0.0,0.0424,1.4322,0.0,0.0,0.3454,0.0607,0,0,0.0607,0.362,0,0.0102,0.3518,0.9849,1,1,0.9849,50,449.48,279.47,0,1,2025-09-30 21:22:13,18.7,90,,0,0,,1
2025-09-30 21:22:58,341.36,0.3463,243.38,0.4912,1.4738,242.51,241.78,245.85,421.92,421.09,421.57,421.48,0.0,0.0436,1.4302,0.0,0.0013,0.3451,0.0614,0,0,0.0614,0.3622,0,0.0105,0.3516,0.9846,1,1,0.9845,50,449.49,279.47,0,1,2025-09-30 21:22:58,18.8,90.4,,0,0,,1
2025-09-30 21:23:43,341.37,0.3455,244.03,0.491,1.4731999999999998,244.7,241.18,246.22,423.96,422.42,421.53,422.87,0.0,0.0432,1.43,0.0,0.0,0.3455,0.0616,0,0,0.0616,0.3625,0,0.0104,0.3521,0.9845,1,1,0.9845,50,449.49,279.47,0,1,2025-09-30 21:23:43,18.8,90.6,,0,0,,1
2025-09-30 21:24:51,341.37,0.347,244.51,0.491,1.4729999999999999,245.18,241.86,246.5,424.68,423.58,422.15,423.51,0.0,0.0428,1.4302,0.0,0.001,0.346,0.0612,0,0,0.0612,0.3629,0,0.0104,0.3525,0.9848,1,1,0.9847,50.1,449.5,279.48,0,1,2025-09-30 21:24:51,18.9,90.6,,0,0,,1
2025-09-30 21:25:36,341.38,0.3467,243.98,0.491,1.4732,246.14,239.51,246.3,423.98,419.47,424.25,422.32,0.0,0.0444,1.4288,0.0,0.0012,0.3455,0.0605,0,0,0.0605,0.3625,0,0.0106,0.3519,0.9851,1,1,0.985,50,449.51,279.48,0,1,2025-09-30 21:25:36,18.9,90.6,,0,0,,1
2025-09-30 21:26:21,341.38,0.3446,244.4,0.4899,1.4699,245.4,241.72,246.08,424.96,421.67,423.23,423.17,0.0,0.0432,1.4267,0.0,0.0,0.3446,0.0607,0,0,0.0607,0.3615,0,0.0104,0.3511,0.9848,1,1,0.9848,50,449.51,279.48,0,1,2025-09-30 21:26:21,19.0,90.7,,0,0,,1
2025-09-30 21:27:06,341.4,3.8104,243.5,7.5272,22.5816,243.78,241.7,245.03,423.11,422.86,419.19,421.8,7.8473,7.2733,7.461,1.4131,1.0633,1.334,3.9304,1.2863,1.3957,1.2483,5.4991,1.913,1.758,1.8282,0.696,0.7395,0.6059,0.7301,50,449.54,279.5,1,1,2025-09-30 21:27:06,19.0,90.7,,1,0,,0
2025-09-30 21:27:51,341.45,3.9645,242.9,7.6622,22.9866,244.62,238.98,245.11,421.54,418.98,421.57,420.69,8.3577,6.8598,7.7691,1.4776,0.992,1.4949,3.8901,1.4103,1.3016,1.1782,5.5881,2.0445,1.6394,1.9043,0.7137,0.7233,0.6061,0.7853,50,449.61,279.55,1,1,2025-09-30 21:27:51,19.0,85.2,,1,0,,0
2025-09-30 21:28:36,341.5,3.9578,243.53,7.6547,22.9643,244.04,241.32,245.24,423.09,421.66,420.59,421.78,8.0776,7.2539,7.6328,1.4654,1.0817,1.4107,3.9189,1.3163,1.3732,1.2293,5.5936,1.9713,1.7505,1.8719,0.7105,0.7439,0.6187,0.7539,50.1,449.67,279.59,1,1,2025-09-30 21:28:36,18.9,80.3,,1,0,,0
2025-09-30 21:29:21,341.55,3.9718,243.16,7.6659,22.9979,244.11,239.35,246.03,422.03,420.34,421.02,421.07,8.2449,7.0145,7.7385,1.4671,1.031,1.4737,3.9005,1.3751,1.3215,1.2039,5.5955,2.0127,1.6789,1.9039,0.7134,0.7296,0.6151,0.7744,50,449.74,279.64,1,1,2025-09-30 21:29:21,18.3,76.2,,1,0,,0
2025-09-30 21:30:06,341.6,3.9878,243.18,7.678,23.034000000000002,243.62,240.15,245.77,422.21,420.9,420.38,421.23,8.1096,7.2464,7.678,1.468,1.0869,1.4329,3.9018,1.3197,1.3555,1.2266,5.6029,1.9757,1.7402,1.887,0.7147,0.7436,0.6255,0.7596,50,449.82,279.69,1,1,2025-09-30 21:30:06,18.1,74,,1,0,,0
2025-09-30 21:30:51,341.65,3.9991,243.26,7.6998,23.099600000000002,244.47,239.81,245.51,422.6,420.77,420.54,421.26,8.2783,7.1269,7.6944,1.4919,1.0477,1.4595,3.9096,1.3649,1.3469,1.1979,5.622,2.0238,1.7091,1.8891,0.715,0.7378,0.6139,0.7729,50,449.89,279.74,1,1,2025-09-30 21:30:51,17.5,73.8,,1,0,,0
2025-09-30 21:31:57,341.74,3.9234,243.7,7.6327,22.898300000000003,245.08,240.34,245.68,423.62,421.46,421.08,421.89,8.2192,7.12,7.5591,1.4793,1.0231,1.4211,3.9277,1.3648,1.3685,1.1944,5.5827,2.0144,1.7112,1.8571,0.7067,0.7349,0.5987,0.7655,50,450.01,279.83,1,1,2025-09-30 21:31:57,17.2,70.9,,1,0,,0
2025-09-30 21:32:42,341.79,3.9305,243.46,7.6326,22.898,244.08,240.82,245.49,423.17,420.14,421.68,421.71,8.0497,7.2824,7.5659,1.4609,1.0753,1.3942,3.9189,1.3112,1.3819,1.2258,5.5759,1.9648,1.7537,1.8574,0.7081,0.7442,0.6141,0.751,50,450.08,279.88,1,1,2025-09-30 21:32:42,16.6,70,,1,0,,0
2025-09-30 21:33:27,341.84,3.9271,243.22,7.621,22.863,243.24,241.03,245.41,422.17,422.31,419.24,421.21,7.9575,7.3203,7.5852,1.4448,1.0967,1.3856,3.9048,1.2852,1.3782,1.2414,5.5615,1.9356,1.7644,1.8615,0.7091,0.7471,0.6226,0.7448,50,450.15,279.93,1,1,2025-09-30 21:33:27,16.5,68.5,,1,0,,0
2025-09-30 21:34:12,341.89,3.9276,243.04,7.625,22.8751,244.39,239.24,245.49,422.24,419.87,420.64,420.91,8.2276,7.0062,7.6413,1.4661,1.0118,1.4497,3.8964,1.3737,1.3331,1.1895,5.5628,2.0107,1.6762,1.8759,0.7099,0.7297,0.6045,0.773,50,450.22,279.98,1,1,2025-09-30 21:34:12,16.4,67.7,,1,0,,0
2025-09-30 21:34:57,341.93,3.9529,243.31,7.6423,22.927100000000003,243.4,240.86,245.69,422.34,421.89,419.96,421.39,7.9926,7.283,7.6515,1.4475,1.0967,1.4088,3.9067,1.2975,1.3656,1.2436,5.5795,1.9454,1.7542,1.8799,0.7112,0.7446,0.6261,0.7497,50,450.29,280.02,1,1,2025-09-30 21:34:57,15.9,66.6,,1,0,,0
2025-09-30 21:35:42,341.98,3.9333,242.83,7.626,22.8781,244.24,238.94,245.33,421.67,419.41,420.62,420.61,8.2711,6.9643,7.6427,1.4724,1.0027,1.4582,3.8832,1.3807,1.3249,1.1776,5.5592,2.0201,1.664,1.875,0.7116,0.7287,0.602,0.7809,50,450.36,280.07,1,1,2025-09-30 21:35:42,15.8,66.2,,1,0,,0
2025-09-30 21:36:27,342.03,3.9069,243.23,7.5938,22.7814,243,240.93,245.76,422.79,421.74,419.18,421.39,7.8551,7.3899,7.5364,1.4278,1.1215,1.3576,3.9006,1.2508,1.3906,1.2592,5.5414,1.9088,1.7804,1.8521,0.7076,0.7502,0.6251,0.7365,50,450.43,280.12,1,1,2025-09-30 21:36:27,15.7,65.7,,1,0,,0
2025-09-30 21:37:12,342.08,3.9359,243.37,7.6213,22.864,243.5,240.78,245.85,423.01,421.84,419.62,421.49,7.9018,7.378,7.5842,1.442,1.1124,1.3815,3.9033,1.2716,1.3818,1.2499,5.5651,1.9241,1.7765,1.8646,0.71,0.7485,0.6253,0.7442,50,450.5,280.17,1,1,2025-09-30 21:37:12,15.6,65.2,,1,0,,0
2025-09-30 21:37:57,342.13,3.9537,242.93,7.6372,22.911700000000003,243.89,239.32,245.6,422.13,419.91,420.15,420.76,8.1608,7.1054,7.6455,1.4637,1.0648,1.4252,3.8808,1.3227,1.3481,1.2101,5.5685,1.9903,1.7005,1.8777,0.7136,0.7376,0.6168,0.7699,50,450.57,280.22,1,1,2025-09-30 21:37:57,15.6,64.1,,1,0,,0
2025-09-30 21:39:04,342.21,0.3562,243.97,0.5014,1.5042,245.79,240.12,246.02,424.23,421.9,421.45,422.48,0.0,0.0428,1.4614,0.0,0.0018,0.3544,0.0586,0,0,0.0586,0.3698,0,0.0103,0.3595,0.9867,1,1,0.9865,50,450.68,280.29,0,1,2025-09-30 21:39:04,15.1,63.1,,0,0,,1
2025-09-30 21:39:49,342.21,0.3519,244.3,0.4976,1.4928,245.67,241.03,246.22,424.53,423.53,421.23,423.01,0.0,0.0428,1.45,0.0,0.0011,0.3508,0.0601,0,0,0.0601,0.3673,0,0.0103,0.357,0.9857,1,1,0.9856,50,450.68,280.29,0,1,2025-09-30 21:39:49,15.0,64.4,,0,0,,1
2025-09-30 21:40:34,342.22,0.3528,244.49,0.4977,1.4932999999999998,245.89,241.22,246.37,424.98,423.46,421.83,423.4,0.0,0.0428,1.4505,0.0,0.0016,0.3512,0.06,0,0,0.06,0.3677,0,0.0103,0.3574,0.9858,1,1,0.9857,50,450.69,280.29,0,1,2025-09-30 21:40:34,15.0,68.5,,0,0,,1
2025-09-30 21:41:19,342.22,0.351,244.17,0.4962,1.4887000000000001,246.35,239.79,246.38,424.38,421.21,423.05,422.77,0.0,0.0436,1.4451,0.0,0.0014,0.3496,0.061,0,0,0.061,0.3665,0,0.0105,0.356,0.9852,1,1,0.9851,50,450.69,280.29,0,1,2025-09-30 21:41:19,15.1,72.1,,0,0,,1
2025-09-30 21:42:04,342.22,0.3496,244.31,0.4941,1.4825,245.66,240.93,246.36,424.79,422.6,421.97,422.86,0.0,0.0424,1.4401,0.0,0.0013,0.3483,0.0613,0,0,0.0613,0.365,0,0.0102,0.3548,0.9849,1,1,0.9848,50,450.7,280.29,0,1,2025-09-30 21:42:04,15.1,74.9,,0,0,,1
2025-09-30 21:42:49,342.23,0.3478,244.15,0.4941,1.4825,245.44,240.96,246.07,424.06,422.79,421.69,422.95,0.0,0.0428,1.4397,0.0,0.0,0.3478,0.0614,0,0,0.0614,0.3646,0,0.0103,0.3543,0.9847,1,1,0.9847,50,450.7,280.3,0,1,2025-09-30 21:42:49,15.6,77.4,,0,0,,1
2025-09-30 21:43:34,342.23,0.3485,244.15,0.4935,1.4807,245.54,240.72,246.21,424.12,421.8,422.65,422.84,0.0,0.0424,1.4383,0.0,0.001,0.3475,0.0621,0,0,0.0621,0.3643,0,0.0102,0.3541,0.9845,1,1,0.9844,50,450.7,280.3,0,1,2025-09-30 21:43:34,15.8,79.2,,0,0,,1
2025-09-30 21:44:19,342.24,0.3496,244.68,0.494,1.4822,245.66,241.89,246.5,425.06,423.91,422.31,423.73,0.0,0.0428,1.4394,0.0,0.0013,0.3483,0.0617,0,0,0.0617,0.3652,0,0.0104,0.3548,0.9847,1,1,0.9846,50,450.71,280.3,0,1,2025-09-30 21:44:19,15.9,80.8,,0,0,,1
2025-09-30 21:45:04,342.24,0.3495,244.26,0.4938,1.4816,245.89,240.07,246.83,423.98,421.78,423.36,423.11,0.0,0.0424,1.4392,0.0,0.0011,0.3484,0.0632,0,0,0.0632,0.3654,0,0.0102,0.3552,0.984,1,1,0.9839,50,450.71,280.3,0,1,2025-09-30 21:45:04,16.0,81.8,,0,0,,1
2025-09-30 21:45:49,342.25,0.3491,244.44,0.4931,1.4794,245.03,241.56,246.75,424.58,423.54,421.93,423.37,0.0,0.0436,1.4358,0.0,0.0016,0.3475,0.0629,0,0,0.0629,0.3648,0,0.0105,0.3543,0.9841,1,1,0.9839,50,450.72,280.3,0,1,2025-09-30 21:45:49,16.4,82.9,,0,0,,1
2025-09-30 21:46:34,342.25,0.3474,243.31,0.4917,1.4750999999999999,244.96,238.82,246.17,422.55,420.01,421.62,421.45,0.0,0.0432,1.4319,0.0,0.0016,0.3457,0.0625,0,0,0.0625,0.3628,0,0.0103,0.3525,0.9842,1,1,0.984,50,450.72,280.3,0,1,2025-09-30 21:46:34,16.5,83.9,,0,0,,1
2025-09-30 21:47:19,342.25,0.344,243.33,0.4907,1.4721,243.68,240.93,245.39,422.47,421.54,420.29,421.4,0.0,0.0432,1.4289,0.0,0.0,0.344,0.0619,0,0,0.0619,0.361,0,0.0104,0.3506,0.9841,1,1,0.9841,49.9,450.73,280.3,0,1,2025-09-30 21:47:19,16.6,84.7,,0,0,,1
2025-09-30 21:48:04,342.26,0.3446,243.24,0.4916,1.475,244.74,239.59,245.39,421.96,420.53,421.32,421.39,0.0,0.044,1.431,0.0,0.0,0.3446,0.0616,0,0,0.0616,0.3617,0,0.0105,0.3512,0.9843,1,1,0.9843,50,450.73,280.3,0,1,2025-09-30 21:48:04,16.7,85.3,,0,0,,1
2025-09-30 21:48:49,342.26,0.3454,243.32,0.4909,1.4727,243.87,240.6,245.51,422.32,421.81,420.12,421.34,0.0,0.0432,1.4295,0.0,0.0011,0.3443,0.0623,0,0,0.0623,0.3614,0,0.0104,0.351,0.9841,1,1,0.984,49.9,450.74,280.3,0,1,2025-09-30 21:48:49,17.2,86.1,,0,0,,1
2025-09-30 21:49:34,342.27,0.3464,243.28,0.4935,1.4806,244.27,239.65,245.92,421.81,421.8,420.37,421.34,0.0,0.0448,1.4358,0.0,0.0,0.3464,0.0623,0,0,0.0623,0.3638,0,0.0107,0.3531,0.9842,1,1,0.9842,50,450.74,280.3,0,1,2025-09-30 21:49:34,17.2,86.8,,0,0,,1
2025-09-30 21:50:19,342.27,0.3445,243.32,0.4908,1.4726,244.1,240.18,245.68,422.92,420.33,420.96,421.33,0.0,0.0428,1.4298,0.0,0.0,0.3445,0.0624,0,0,0.0624,0.3616,0,0.0103,0.3513,0.9839,1,1,0.9839,49.9,450.75,280.3,0,1,2025-09-30 21:50:19,17.3,87.8,,0,0,,1
2025-09-30 21:51:04,342.28,0.345,243.38,0.4911,1.4733999999999998,244,240.2,245.95,422.73,421.31,420.48,421.57,0.0,0.0432,1.4302,0.0,0.0,0.345,0.0625,0,0,0.0625,0.3621,0,0.0104,0.3518,0.9839,1,1,0.9839,49.9,450.75,280.3,0,1,2025-09-30 21:51:04,17.4,88.5,,0,0,,1
2025-09-30 21:51:49,342.28,0.3456,243.49,0.4914,1.4742,244.07,240.27,246.14,422.26,421.65,421.21,421.6,0.0,0.0428,1.4314,0.0,0.0,0.3456,0.0621,0,0,0.0621,0.3626,0,0.0103,0.3523,0.9842,1,1,0.9842,50,450.75,280.3,0,1,2025-09-30 21:51:49,17.5,88.5,,0,0,,1
2025-09-30 21:52:34,342.28,0.3469,244.01,0.4914,1.4743000000000002,244.13,241.56,246.36,423.97,422.84,421.01,422.43,0.0,0.0436,1.4307,0.0,0.0013,0.3456,0.0631,0,0,0.0631,0.363,0,0.0105,0.3525,0.9838,1,1,0.9837,50,450.76,280.31,0,1,2025-09-30 21:52:34,18.0,88.5,,0,0,,1
2025-09-30 21:53:19,342.29,0.3451,243.55,0.4902,1.4706,244.44,239.79,246.42,422.76,420.42,422.23,421.91,0.0,0.0424,1.4282,0.0,0.0,0.3451,0.063,0,0,0.063,0.3621,0,0.0102,0.3519,0.9837,1,1,0.9837,50,450.76,280.31,0,1,2025-09-30 21:53:19,18.0,88.6,,0,0,,1
2025-09-30 21:54:04,342.29,0.3472,243.52,0.4919,1.4757,243.93,240.21,246.43,422.71,422.19,420.33,421.73,0.0,0.0444,1.4313,0.0,0.0013,0.3459,0.0628,0,0,0.0628,0.3634,0,0.0107,0.3527,0.984,1,1,0.9839,50,450.77,280.31,0,1,2025-09-30 21:54:04,18.1,89.1,,0,0,,1
2025-09-30 21:54:49,342.3,0.3475,243.46,0.4918,1.4754,244.64,239.15,246.61,422.58,421.19,421.16,421.85,0.0,0.044,1.4314,0.0,0.0013,0.3462,0.0628,0,0,0.0628,0.3635,0,0.0105,0.353,0.984,1,1,0.9839,50,450.77,280.31,0,1,2025-09-30 21:54:49,18.1,89.5,,0,0,,1
2025-09-30 21:55:34,342.3,0.3483,243.51,0.4921,1.4764,244.34,239.41,246.78,422.4,421.38,421.39,421.69,0.0,0.0432,1.4332,0.0,0.0014,0.3469,0.0628,0,0,0.0628,0.364,0,0.0103,0.3537,0.9841,1,1,0.984,50,450.78,280.31,0,1,2025-09-30 21:55:34,18.2,89.5,,0,0,,1
2025-09-30 21:56:19,342.31,0.347,243.62,0.491,1.473,243.99,240.2,246.69,422.9,422.77,420.07,421.97,0.0,0.0436,1.4294,0.0,0.0011,0.3459,0.0626,0,0,0.0626,0.3631,0,0.0105,0.3526,0.9841,1,1,0.984,50,450.78,280.31,0,1,2025-09-30 21:56:19,18.2,89.7,,0,0,,1
2025-09-30 21:57:04,342.31,0.3457,243.48,0.4904,1.4712,244.06,240.26,246.14,422.37,421.86,420.85,421.77,0.0,0.044,1.4272,0.0,0.0011,0.3446,0.0623,0,0,0.0623,0.3619,0,0.0106,0.3513,0.9841,1,1,0.984,50,450.79,280.31,0,1,2025-09-30 21:57:04,18.3,89.8,,0,0,,1
2025-09-30 21:57:49,342.32,0.3448,243.53,0.4905,1.4717,243.3,241.18,246.13,422.18,422.7,420.47,421.8,0.0,0.0436,1.4281,0.0,0.0,0.3448,0.0623,0,0,0.0623,0.362,0,0.0105,0.3515,0.984,1,1,0.984,50,450.79,280.31,0,1,2025-09-30 21:57:49,18.7,89.9,,0,0,,1
2025-09-30 21:58:34,342.32,0.3465,243.86,0.4902,1.4707999999999999,244.11,241.27,246.21,423.23,422.91,420.89,422.32,0.0,0.0432,1.4276,0.0,0.0017,0.3448,0.0619,0,0,0.0619,0.3619,0,0.0104,0.3515,0.9844,1,1,0.9842,50,450.8,280.31,0,1,2025-09-30 21:58:34,18.8,90.1,,0,0,,1
2025-09-30 21:59:19,342.32,0.3465,244.2,0.4912,1.4736,243.68,242.57,246.36,424.02,423.65,421.15,422.9,0.0,0.044,1.4296,0.0,0.001,0.3455,0.062,0,0,0.062,0.3629,0,0.0107,0.3522,0.9843,1,1,0.9842,50,450.8,280.31,0,1,2025-09-30 21:59:19,18.8,90.2,,0,0,,1
2025-09-30 22:00:04,342.33,0.3453,243.88,0.4905,1.4716,243.76,241.6,246.28,423.33,422.26,421.56,422.58,0.0,0.0424,1.4292,0.0,0.0,0.3453,0.0619,0,0,0.0619,0.3622,0,0.0102,0.352,0.9842,1,1,0.9842,50,450.8,280.31,0,1,2025-09-30 22:00:04,18.9,90.2,,0,0,,1
2025-09-30 22:00:49,342.33,0.3458,244.57,0.4892,1.4676,245.28,241.87,246.56,424.83,423.16,422.73,423.54,0.0,0.0424,1.4252,0.0,0.0012,0.3446,0.0626,0,0,0.0626,0.3617,0,0.0103,0.3514,0.9839,1,1,0.9838,50,450.81,280.31,0,1,2025-09-30 22:00:49,18.9,90.3,,0,0,,1
2025-09-30 22:01:34,342.34,0.3466,244.59,0.4893,1.4681,244.5,242.57,246.7,424.82,423.43,422.59,423.54,0.0,0.0403,1.4278,0.0,0.0011,0.3455,0.0625,0,0,0.0625,0.362,0,0.0098,0.3522,0.9841,1,1,0.984,49.9,450.81,280.31,0,1,2025-09-30 22:01:34,19.0,90.4,,0,0,,1
2025-09-30 22:02:19,342.34,0.3474,244.26,0.4909,1.4728999999999999,245.22,240.89,246.69,423.81,421.91,423.45,423.05,0.0,0.0432,1.4297,0.0,0.0015,0.346,0.0622,0,0,0.0622,0.3631,0,0.0104,0.3527,0.9843,1,1,0.9842,50,450.82,280.32,0,1,2025-09-30 22:02:19,19.0,90.5,,0,0,,1
2025-09-30 22:03:04,342.38,3.9207,243.59,7.6492,22.9476,243.02,241.82,245.94,422.16,423.94,419.54,421.86,7.9708,7.3252,7.6516,1.4327,1.099,1.389,3.9542,1.3009,1.3851,1.2682,5.5903,1.9371,1.7714,1.8818,0.704,0.7403,0.6215,0.7384,49.9,450.88,280.36,1,1,2025-09-30 22:03:04,19.0,88,,1,0,,0
2025-09-30 22:03:49,342.43,3.9982,243.5,7.7228,23.1686,243.88,240.91,245.71,422.66,421.74,420.77,421.58,8.1487,7.3084,7.7115,1.4744,1.0937,1.4301,3.9483,1.33,1.3764,1.2418,5.6428,1.9873,1.7607,1.8948,0.7115,0.7425,0.622,0.755,50,450.95,280.41,1,1,2025-09-30 22:03:49,18.9,81.5,,1,0,,0
2025-09-30 22:04:34,342.48,4.0141,243.67,7.724,23.1722,243.68,241.19,246.15,423.05,423.45,419.5,422.02,7.9885,7.4806,7.7031,1.4627,1.1447,1.4067,3.9429,1.2818,1.3908,1.2703,5.647,1.9466,1.8042,1.8961,0.7134,0.752,0.6355,0.7421,50,451.02,280.46,1,1,2025-09-30 22:04:34,18.8,79.9,,1,0,,0
2025-09-30 22:05:19,342.53,3.998,243.76,7.7187,23.1561,244.84,239.93,246.52,423.38,421.6,421.5,422.18,8.2162,7.2565,7.6834,1.4846,1.0702,1.4432,3.9511,1.3553,1.3701,1.2257,5.6468,2.0117,1.7411,1.8941,0.7112,0.7385,0.6155,0.7622,50,451.09,280.51,1,1,2025-09-30 22:05:19,18.2,77.5,,1,0,,0
2025-09-30 22:06:04,342.58,3.9731,244,7.6981,23.0945,244.32,241.5,246.18,424.41,422.48,420.83,422.46,8.0543,7.433,7.6072,1.4713,1.1102,1.3916,3.9622,1.3038,1.4067,1.2517,5.6356,1.9678,1.7951,1.8727,0.708,0.7484,0.6195,0.7434,50,451.16,280.55,1,1,2025-09-30 22:06:04,18.1,74.4,,1,0,,0
2025-09-30 22:06:49,342.63,3.9517,243.62,7.6753,23.026,244.81,240.03,246.03,423.59,420.75,421.43,421.84,8.2646,7.113,7.6484,1.479,1.0293,1.4434,3.943,1.378,1.3589,1.2061,5.6123,2.0233,1.7073,1.8817,0.7078,0.7316,0.6037,0.7673,50,451.23,280.6,1,1,2025-09-30 22:06:49,17.9,73.4,,1,0,,0
2025-09-30 22:07:34,342.68,3.9379,244.02,7.6569,22.9709,243.98,241.79,246.31,423.98,423.66,420.21,422.64,7.9916,7.3867,7.5926,1.4519,1.1033,1.3828,3.9585,1.2992,1.4012,1.2581,5.606,1.9498,1.786,1.8701,0.7052,0.7452,0.6186,0.7396,50,451.3,280.65,1,1,2025-09-30 22:07:34,17.4,70.7,,1,0,,0
2025-09-30 22:08:19,342.73,3.9801,243.51,7.7011,23.1035,244.72,239.7,246.12,422.93,421.26,420.99,421.79,8.3202,7.0848,7.6985,1.4874,1.0281,1.4645,3.9367,1.3876,1.3482,1.2009,5.6291,2.0361,1.6982,1.8948,0.7109,0.7312,0.6064,0.7732,50,451.37,280.7,1,1,2025-09-30 22:08:19,17.2,70.4,,1,0,,0
2025-09-30 22:09:04,342.78,3.9801,244.05,7.705,23.1152,244.07,241.85,246.24,423.64,423.38,421.01,422.58,8.0463,7.441,7.6279,1.4693,1.1163,1.3945,3.9645,1.3001,1.4076,1.2568,5.6418,1.9639,1.7996,1.8783,0.7084,0.7489,0.6213,0.7428,50,451.44,280.75,1,1,2025-09-30 22:09:04,16.7,69.8,,1,0,,0
2025-09-30 22:09:49,342.83,3.8984,244.19,7.632,22.896,244.46,241.75,246.37,423.98,423.37,421.39,422.88,8.0293,7.326,7.5407,1.4504,1.0722,1.3758,3.9725,1.3197,1.4058,1.2469,5.5917,1.9628,1.7711,1.8578,0.7004,0.7396,0.6064,0.7409,50,451.51,280.8,1,1,2025-09-30 22:09:49,16.5,68.3,,1,0,,0
2025-09-30 22:10:34,342.88,3.9188,243.86,7.6456,22.9368,245.01,240.05,246.53,423.13,420.68,423.25,422.27,8.2901,7.0154,7.6313,1.4704,0.9997,1.4487,3.9498,1.3987,1.3521,1.199,5.5965,2.0312,1.684,1.8813,0.7043,0.7245,0.5945,0.7703,50,451.58,280.85,1,1,2025-09-30 22:10:34,16.4,68,,1,0,,0
2025-09-30 22:11:19,342.93,3.9557,243.96,7.6718,23.015500000000003,243.8,241.77,246.31,423.81,422.76,420.96,422.49,8.0343,7.3844,7.5968,1.4615,1.1032,1.391,3.9525,1.3018,1.4003,1.2504,5.6153,1.9588,1.7853,1.8712,0.7073,0.7467,0.6188,0.7436,50,451.65,280.9,1,1,2025-09-30 22:11:19,16.0,67.1,,1,0,,0
2025-09-30 22:12:04,342.98,3.9572,243.62,7.6763,23.029,244.98,239.28,246.6,422.88,420.69,422.19,421.81,8.3079,7.0851,7.636,1.4844,1.0173,1.4555,3.9369,1.3902,1.3531,1.1936,5.6136,2.0353,1.6953,1.883,0.7089,0.7299,0.6009,0.7732,50,451.72,280.95,1,1,2025-09-30 22:12:04,15.9,66.6,,1,0,,0
2025-09-30 22:12:49,343.03,3.9338,243.94,7.6523,22.956899999999997,244.01,241.43,246.39,423.52,423.48,420.43,422.43,7.9162,7.4807,7.56,1.4479,1.1206,1.3653,3.9553,1.2762,1.4132,1.2659,5.6004,1.9316,1.8061,1.8627,0.7051,0.7502,0.6213,0.7332,50,451.79,281,1,1,2025-09-30 22:12:49,15.8,65.8,,1,0,,0
2025-09-30 22:13:34,343.07,3.9432,243.76,7.6649,22.994799999999998,245.07,239.91,246.31,423.33,421.4,421.77,422.02,8.228,7.1366,7.6302,1.4749,1.0308,1.4375,3.9462,1.3727,1.364,1.2094,5.608,2.0164,1.7121,1.8794,0.7068,0.732,0.6029,0.7651,50,451.86,281.05,1,1,2025-09-30 22:13:34,15.7,64.9,,1,0,,0
2025-09-30 22:14:19,343.12,3.9324,244.09,7.6569,22.970699999999997,243.91,242.01,246.36,424.23,423.04,420.94,422.75,7.9978,7.3824,7.5905,1.451,1.0995,1.3818,3.9641,1.301,1.4044,1.2586,5.6074,1.9507,1.7866,1.87,0.7042,0.7445,0.6164,0.7392,50,451.93,281.1,1,1,2025-09-30 22:14:19,15.6,63.8,,1,0,,0
2025-09-30 22:15:04,343.17,3.8837,243.87,7.6103,22.831,244.56,240.85,246.22,423.49,421.53,422.1,422.35,8.1367,7.0859,7.6084,1.4455,1.0215,1.4167,3.9537,1.365,1.364,1.2247,5.5699,1.9899,1.7066,1.8733,0.7007,0.727,0.5994,0.7565,50,452,281.15,1,1,2025-09-30 22:15:04,15.2,63.2,,1,0,,0
2025-09-30 22:15:49,343.21,0.3548,244.4,0.5004,1.5011999999999999,244.26,242.43,246.53,424.52,423.62,421.74,423.17,0.0,0.0428,1.4584,0.0,0.0013,0.3535,0.0598,0,0,0.0598,0.3699,0,0.0104,0.3595,0.986,1,1,0.9859,50,452.05,281.18,0,1,2025-09-30 22:15:49,15.1,63.7,,0,0,,1
2025-09-30 22:16:34,343.21,0.3504,244,0.4965,1.4896,244.89,240.49,246.64,423.53,421.95,422.31,422.5,0.0,0.0428,1.4468,0.0,0.0,0.3504,0.0613,0,0,0.0613,0.3671,0,0.0103,0.3568,0.985,1,1,0.985,50,452.06,281.18,0,1,2025-09-30 22:16:34,15.1,67.8,,0,0,,1
2025-09-30 22:17:19,343.22,0.3494,244.11,0.4949,1.4847,244.46,241.29,246.6,423.85,422.75,421.75,422.86,0.0,0.0408,1.4439,0.0,0.0,0.3494,0.0623,0,0,0.0623,0.3659,0,0.0098,0.3561,0.9844,1,1,0.9844,49.9,452.06,281.18,0,1,2025-09-30 22:17:19,15.1,71.1,,0,0,,1
2025-09-30 22:18:04,343.22,0.3489,244.22,0.4945,1.4837,244.92,240.92,246.82,424.11,422.47,422.3,422.84,0.0,0.0424,1.4413,0.0,0.0,0.3489,0.0631,0,0,0.0631,0.366,0,0.0102,0.3557,0.984,1,1,0.984,49.9,452.07,281.18,0,1,2025-09-30 22:18:04,15.2,73.7,,0,0,,1
2025-09-30 22:18:49,343.23,0.3512,244.55,0.4954,1.4864,244.23,242.56,246.87,424.87,423.29,422.47,423.51,0.0,0.0432,1.4432,0.0,0.0016,0.3496,0.0625,0,0,0.0625,0.3668,0,0.0105,0.3563,0.9845,1,1,0.9844,50,452.07,281.19,0,1,2025-09-30 22:18:49,15.6,76.1,,0,0,,1
2025-09-30 22:19:34,343.23,0.3509,244.81,0.495,1.4851999999999999,245.03,242.22,247.18,424.92,424.55,422.48,424.09,0.0,0.0428,1.4424,0.0,0.0012,0.3497,0.0633,0,0,0.0633,0.3669,0,0.0104,0.3565,0.9841,1,1,0.9839,50,452.07,281.19,0,1,2025-09-30 22:19:34,15.7,78.8,,0,0,,1
2025-09-30 22:20:19,343.23,0.3497,244.45,0.4934,1.4804000000000002,245.14,240.98,247.23,424.5,422.46,423.12,423.35,0.0,0.0416,1.4388,0.0,0.0011,0.3486,0.0645,0,0,0.0645,0.3657,0,0.01,0.3557,0.9833,1,1,0.9832,49.9,452.08,281.19,0,1,2025-09-30 22:20:19,15.9,81.7,,0,0,,1
2025-09-30 22:21:10,343.24,0.3502,244.35,0.4944,1.4834,245.15,240.72,247.19,423.9,422.8,422.88,423.2,0.0,0.0436,1.4398,0.0,0.0013,0.3489,0.0641,0,0,0.0641,0.3664,0,0.0105,0.3559,0.9836,1,1,0.9835,50,452.09,281.19,0,1,2025-09-30 22:21:10,16.4,83.5,,0,0,,1
2025-09-30 22:21:55,343.25,0.3496,244.55,0.4938,1.4815,244.51,242.01,247.14,424.49,424.54,421.56,423.6,0.0,0.0428,1.4387,0.0,0.0012,0.3484,0.0647,0,0,0.0647,0.3659,0,0.0104,0.3556,0.9832,1,1,0.9831,49.9,452.09,281.19,0,1,2025-09-30 22:21:55,16.5,84.3,,0,0,,1
2025-09-30 22:22:40,343.25,0.3489,244.26,0.4943,1.4829,244.6,241.24,246.94,423.96,423.46,421.66,423.06,0.0,0.042,1.4409,0.0,0.0,0.3489,0.0637,0,0,0.0637,0.3659,0,0.0101,0.3558,0.9837,1,1,0.9837,49.9,452.1,281.19,0,1,2025-09-30 22:22:40,16.6,84.3,,0,0,,1
2025-09-30 22:23:25,343.25,0.348,244.66,0.4928,1.4786,245.16,241.42,247.42,424.66,423.7,422.83,423.62,0.0,0.0428,1.4358,0.0,0.0,0.348,0.0652,0,0,0.0652,0.3656,0,0.0103,0.3552,0.9828,1,1,0.9828,49.9,452.1,281.19,0,1,2025-09-30 22:23:25,16.7,85,,0,0,,1
2025-09-30 22:24:10,343.26,0.347,244.45,0.4924,1.4773,244.28,242.12,246.97,423.97,424.55,421.6,423.41,0.0,0.0436,1.4337,0.0,0.0,0.347,0.0642,0,0,0.0642,0.3646,0,0.0106,0.3541,0.9833,1,1,0.9833,49.9,452.1,281.19,0,1,2025-09-30 22:24:10,17.2,85.7,,0,0,,1
2025-09-30 22:24:55,343.26,0.3473,244.55,0.4921,1.4764000000000002,244.34,242.37,246.96,424.33,424.48,421.83,423.49,0.0,0.0416,1.4348,0.0,0.0,0.3473,0.0641,0,0,0.0641,0.3644,0,0.0101,0.3543,0.9834,1,1,0.9834,49.9,452.11,281.19,0,1,2025-09-30 22:24:55,17.2,86.4,,0,0,,1
2025-09-30 22:25:40,343.27,0.3474,244.37,0.4927,1.4782000000000002,244.32,241.67,247.14,424.17,423.85,421.65,423.3,0.0,0.0436,1.4346,0.0,0.0,0.3474,0.0647,0,0,0.0647,0.3651,0,0.0105,0.3545,0.983,1,1,0.983,49.9,452.11,281.19,0,1,2025-09-30 22:25:40,17.3,86.9,,0,0,,1
2025-09-30 22:26:25,343.27,0.3488,244.5,0.4941,1.4823,244.54,241.84,247.14,424.63,423.15,422.59,423.48,0.0,0.0428,1.4395,0.0,0.0,0.3488,0.0641,0,0,0.0641,0.3661,0,0.0104,0.3558,0.9835,1,1,0.9835,49.9,452.12,281.19,0,1,2025-09-30 22:26:25,17.4,87.3,,0,0,,1
2025-09-30 22:27:10,343.28,0.348,244.74,0.4927,1.4781,244.47,242.35,247.41,425.08,424.46,422.04,423.85,0.0,0.0428,1.4353,0.0,0.0,0.348,0.0643,0,0,0.0643,0.3655,0,0.0104,0.3551,0.9833,1,1,0.9833,49.9,452.12,281.19,0,1,2025-09-30 22:27:10,17.4,87.7,,0,0,,1
2025-09-30 22:28:17,343.28,0.3492,245.42,0.4919,1.4757,246.71,241.89,247.68,426.31,424.45,424.39,425.03,0.0,0.0432,1.4325,0.0,0.0016,0.3476,0.0646,0,0,0.0646,0.3653,0,0.0104,0.3548,0.9833,1,1,0.9831,49.9,452.13,281.2,0,1,2025-09-30 22:28:17,17.9,88.4,,0,0,,1
2025-09-30 22:29:02,343.29,0.3503,245.47,0.4932,1.4797,246.57,242.07,247.77,426.05,425.75,423.55,425.06,0.0,0.0436,1.4361,0.0,0.0016,0.3487,0.0644,0,0,0.0644,0.3664,0,0.0106,0.3558,0.9835,1,1,0.9833,49.9,452.14,281.2,0,1,2025-09-30 22:29:02,18.0,88.7,,0,0,,1
2025-09-30 22:29:47,343.29,0.3488,245.42,0.4922,1.4766000000000001,246,242.62,247.65,426.41,425.03,423.69,425.05,0.0,0.0436,1.433,0.0,0.001,0.3478,0.0645,0,0,0.0645,0.3655,0,0.0106,0.3549,0.9833,1,1,0.9832,49.9,452.14,281.2,0,1,2025-09-30 22:29:47,18.1,88.7,,0,0,,1
2025-09-30 22:30:32,343.3,0.3494,245.39,0.4942,1.4827,245.98,242.28,247.91,425.47,426.05,423.42,425.08,0.0,0.0448,1.4379,0.0,0.0,0.3494,0.0643,0,0,0.0643,0.3673,0,0.0109,0.3565,0.9835,1,1,0.9835,49.9,452.14,281.2,0,1,2025-09-30 22:30:32,18.1,89,,0,0,,1
2025-09-30 22:31:17,343.3,0.3509,245.04,0.4934,1.4802,246.69,239.98,248.47,424.72,423.65,424.79,424.44,0.0,0.0432,1.437,0.0,0.0012,0.3498,0.0654,0,0,0.0654,0.3674,0,0.0104,0.3571,0.983,1,1,0.9829,49.9,452.15,281.2,0,1,2025-09-30 22:31:17,18.2,89.6,,0,0,,1
2025-09-30 22:32:02,343.31,0.3515,245.4,0.4937,1.4811,245.81,241.82,248.57,425.31,426.32,423.33,424.99,0.0,0.0444,1.4367,0.0,0.0018,0.3498,0.0656,0,0,0.0656,0.3679,0,0.0107,0.3571,0.983,1,1,0.9828,49.9,452.15,281.2,0,1,2025-09-30 22:32:02,18.2,90.1,,0,0,,1
2025-09-30 22:32:47,343.31,0.3511,245.41,0.4933,1.4799,246.56,241.05,248.63,426.42,423.92,424.69,425.04,0.0,0.0432,1.4367,0.0,0.0012,0.3499,0.0665,0,0.0011,0.0654,0.3676,0,0.0104,0.3572,0.9825,1,1,0.9829,50,452.16,281.2,0,1,2025-09-30 22:32:47,18.3,90,,0,0,,1
2025-09-30 22:33:32,343.31,0.3503,245.56,0.4924,1.4772,245.97,242.51,248.22,426.23,425,424.66,425.21,0.0,0.0436,1.4336,0.0,0.0016,0.3487,0.0644,0,0,0.0644,0.3664,0,0.0106,0.3558,0.9835,1,1,0.9833,50,452.16,281.2,0,1,2025-09-30 22:33:32,18.7,89.9,,0,0,,1
2025-09-30 22:34:17,343.32,0.3507,245.77,0.4926,1.478,245.96,243.1,248.26,427.15,425.82,423.96,425.65,0.0,0.0432,1.4348,0.0,0.0016,0.3491,0.0643,0,0,0.0643,0.3667,0,0.0105,0.3562,0.9836,1,1,0.9834,50,452.17,281.2,0,1,2025-09-30 22:34:17,18.8,90,,0,0,,1
2025-09-30 22:35:23,343.33,0.3501,245.79,0.492,1.4762,246.44,242.72,248.22,426.77,426.46,423.79,425.68,0.0,0.0428,1.4334,0.0,0.0014,0.3487,0.0642,0,0,0.0642,0.3662,0,0.0104,0.3558,0.9835,1,1,0.9834,50,452.18,281.2,0,1,2025-09-30 22:35:23,18.9,90.2,,0,0,,1
2025-09-30 22:36:08,343.33,0.3502,245.5,0.4922,1.4768000000000001,246.72,241.71,248.07,427.08,423.69,424.73,425.13,0.0,0.042,1.4348,0.0,0.0014,0.3488,0.0644,0,0,0.0644,0.3661,0,0.0102,0.3559,0.9834,1,1,0.9833,49.9,452.18,281.2,0,1,2025-09-30 22:36:08,18.9,90.3,,0,0,,1
2025-09-30 22:36:53,343.34,0.3506,245.72,0.4922,1.4768,246.55,242.45,248.18,426.6,425.92,424.17,425.58,0.0,0.0424,1.4344,0.0,0.0016,0.3489,0.0642,0,0,0.0642,0.3663,0,0.0103,0.356,0.9836,1,1,0.9835,50,452.19,281.21,0,1,2025-09-30 22:36:53,18.9,90.3,,0,0,,1
2025-09-30 22:37:38,343.34,0.3512,245.87,0.4929,1.4787,246.02,243.24,248.37,426.58,426.52,424.39,425.81,0.0,0.0428,1.4359,0.0,0.0016,0.3496,0.0641,0,0,0.0641,0.367,0,0.0104,0.3566,0.9837,1,1,0.9836,50,452.19,281.21,0,1,2025-09-30 22:37:38,19.0,90.3,,0,0,,1
2025-09-30 22:38:23,343.36,3.8266,244.8,7.6109,22.8327,244.74,242,247.68,424.92,424.18,422.82,423.98,7.9847,7.2673,7.5807,1.4107,1.048,1.3679,4.043,1.3494,1.4087,1.2848,5.5905,1.9542,1.7587,1.8776,0.6874,0.7226,0.5968,0.7288,50,452.23,281.23,1,1,2025-09-30 22:38:23,19.0,90,,1,0,,0
2025-09-30 22:39:08,343.41,3.9959,244.98,7.7633,23.2899,245.36,241.89,247.7,425.13,424.87,422.84,424.28,8.2091,7.3916,7.6892,1.4825,1.0897,1.4238,4.0391,1.361,1.4143,1.2639,5.7068,2.0142,1.788,1.9046,0.7032,0.7366,0.6103,0.7478,50,452.29,281.28,1,1,2025-09-30 22:39:08,18.9,82.9,,1,0,,0
2025-09-30 22:39:53,343.46,4.0238,245.12,7.7845,23.3535,245.79,241.85,247.74,425.71,424.38,423.49,424.59,8.2743,7.3733,7.7059,1.4987,1.086,1.4392,4.0374,1.3725,1.4114,1.2535,5.726,2.0337,1.7832,1.9091,0.7059,0.7374,0.6097,0.754,50,452.36,281.33,1,1,2025-09-30 22:39:53,18.8,78.3,,1,0,,0
2025-09-30 22:40:38,343.51,4.0372,245.43,7.8004,23.4013,245.98,241.79,248.53,426.03,426.02,423.06,425.05,8.2478,7.4357,7.7178,1.4968,1.1012,1.4392,4.0507,1.3667,1.4176,1.2664,5.7448,2.0288,1.7979,1.9181,0.7059,0.7384,0.6134,0.7507,50,452.44,281.38,1,1,2025-09-30 22:40:38,18.2,76.8,,1,0,,0
2025-09-30 22:41:23,343.56,4.0381,245.53,7.8029,23.4089,246.4,241.93,248.28,426.55,424.68,424.48,425.23,8.2918,7.431,7.6861,1.5092,1.0921,1.4368,4.0543,1.3746,1.4249,1.2548,5.7492,2.0431,1.7978,1.9083,0.7056,0.7392,0.6083,0.7532,50,452.51,281.43,1,1,2025-09-30 22:41:23,18.0,77,,1,0,,0
2025-09-30 22:42:30,343.65,4.0248,245.59,7.7888,23.3664,246.53,241.96,248.28,426.92,424.55,424.49,425.22,8.2926,7.3485,7.7253,1.4993,1.0769,1.4487,4.0542,1.3871,1.4115,1.2556,5.7405,2.0444,1.778,1.918,0.7045,0.734,0.6074,0.7524,50.1,452.64,281.52,1,1,2025-09-30 22:42:30,17.4,73.3,,1,0,,0
2025-09-30 22:43:15,343.7,3.9762,245.8,7.7409,23.2227,245.57,243.31,248.53,426.96,426.69,423.41,425.76,8.0197,7.5091,7.6939,1.4552,1.1256,1.3954,4.0656,1.3241,1.4354,1.306,5.7086,1.9694,1.827,1.9122,0.6992,0.7396,0.617,0.73,50,452.71,281.57,1,1,2025-09-30 22:43:15,17.2,70.7,,1,0,,0
2025-09-30 22:44:00,343.75,4.02,245.49,7.785,23.3551,246.61,241.25,248.63,425.99,424.33,425.18,425.23,8.4137,7.1235,7.8179,1.4939,1.0301,1.496,4.0489,1.437,1.3721,1.2398,5.7372,2.0749,1.7185,1.9438,0.7045,0.7228,0.602,0.7668,50.1,452.78,281.62,1,1,2025-09-30 22:44:00,16.7,69.8,,1,0,,0
2025-09-30 22:44:45,343.81,4.0383,246.34,7.8071,23.421300000000002,245.45,244.49,249.09,427.26,428.45,424.2,426.62,8.0238,7.6179,7.7796,1.464,1.1715,1.4028,4.0955,1.3065,1.4538,1.3352,5.7698,1.9694,1.8625,1.9378,0.7021,0.7443,0.6264,0.7267,50.1,452.86,281.68,1,1,2025-09-30 22:44:45,16.6,70,,1,0,,0
2025-09-30 22:45:30,343.86,4.0038,246.23,7.7894,23.368199999999998,246.75,242.88,249.06,427.47,426.39,425.45,426.47,8.3276,7.3343,7.7063,1.4962,1.0619,1.4457,4.092,1.4052,1.4239,1.2629,5.7555,2.0548,1.7814,1.9193,0.6993,0.7295,0.5975,0.7527,50.1,452.93,281.73,1,1,2025-09-30 22:45:30,16.5,69.2,,1,0,,0
2025-09-30 22:46:15,343.9,3.9631,246.59,7.7521,23.256500000000003,246.46,244.04,249.28,428.47,427.09,425.64,427.01,8.08,7.5105,7.666,1.4692,1.0986,1.3953,4.1167,1.3595,1.457,1.3002,5.7352,1.9914,1.8329,1.911,0.6935,0.735,0.606,0.7281,50.1,452.99,281.77,1,1,2025-09-30 22:46:15,16.4,68,,1,0,,0
2025-09-30 22:47:00,343.95,3.9577,245.91,7.7429,23.2288,246.42,242.6,248.72,426.88,425.42,425.38,425.83,8.256,7.2642,7.7086,1.4718,1.0494,1.4364,4.083,1.4018,1.4125,1.2687,5.714,2.0344,1.7623,1.9173,0.6959,0.7241,0.5963,0.7494,50,453.07,281.83,1,1,2025-09-30 22:47:00,15.9,66.8,,1,0,,0
2025-09-30 22:47:45,344,3.932,245.81,7.7248,23.1746,246.57,242.28,248.58,426.59,425.27,425.29,425.62,8.2745,7.2344,7.6657,1.4711,1.0307,1.4302,4.0818,1.4104,1.4139,1.2575,5.6985,2.0402,1.7528,1.9055,0.6937,0.7218,0.589,0.751,50,453.14,281.88,1,1,2025-09-30 22:47:45,15.8,65.9,,1,0,,0
2025-09-30 22:48:30,344.05,3.9423,245.78,7.7333,23.2,245.83,242.85,248.66,426.43,426.14,424.41,425.83,8.1768,7.3012,7.722,1.4547,1.0635,1.4241,4.0861,1.3845,1.4151,1.2865,5.7034,2.0101,1.7731,1.9202,0.6943,0.7243,0.6007,0.742,49.9,453.21,281.93,1,1,2025-09-30 22:48:30,15.7,64.8,,1,0,,0
2025-09-30 22:49:15,344.1,3.9742,244.86,7.7253,23.176,244.38,242.16,248.06,424.65,424.56,423.03,424.04,8.1661,7.2413,7.7686,1.4537,1.0762,1.4443,4.0195,1.3644,1.3808,1.2743,5.6763,1.9956,1.7536,1.9271,0.703,0.7291,0.6147,0.7498,50,453.28,281.98,1,1,2025-09-30 22:49:15,15.6,64.3,,1,0,,0
2025-09-30 22:50:45,344.2,4.0349,245.3,7.7861,23.3584,245.02,242.29,248.6,426.21,424.87,423.38,424.88,8.1495,7.4436,7.7653,1.4764,1.1212,1.4373,4.0377,1.3415,1.4089,1.2873,5.7308,1.9968,1.8035,1.9305,0.7068,0.7401,0.6226,0.7449,50,453.42,282.08,1,1,2025-09-30 22:50:45,15.1,63.3,,1,0,,0
2025-09-30 22:51:30,344.21,0.3554,246.07,0.4987,1.4962,246.09,243.01,249.12,427.51,426.25,424.71,426.17,0.0,0.0416,1.4546,0.0,0.0,0.3554,0.0643,0,0,0.0643,0.3725,0,0.0101,0.3624,0.984,1,1,0.984,50,453.43,282.08,0,1,2025-09-30 22:51:30,15.0,64,,0,0,,1
2025-09-30 22:52:15,344.21,0.3555,245.93,0.4986,1.4959,245.7,243.44,248.66,426.86,426.09,424.84,425.94,0.0,0.0432,1.4527,0.0,0.0013,0.3542,0.0645,0,0,0.0645,0.3717,0,0.0105,0.3612,0.9839,1,1,0.9838,49.9,453.44,282.08,0,1,2025-09-30 22:52:15,15.0,67.7,,0,0,,1
2025-09-30 22:53:00,344.22,0.3542,245.77,0.497,1.4911,244.71,243.81,248.79,426.23,426.4,424.32,425.58,0.0,0.0424,1.4487,0.0,0.0011,0.3531,0.0655,0,0,0.0655,0.3708,0,0.0103,0.3604,0.9833,1,1,0.9832,49.9,453.44,282.09,0,1,2025-09-30 22:53:00,15.0,71.3,,0,0,,1
2025-09-30 22:53:45,344.22,0.3547,245.97,0.4968,1.4906,244.76,244.04,249.13,426.39,426.99,424.66,425.76,0.0,0.0432,1.4474,0.0,0.0015,0.3532,0.066,0,0,0.066,0.3711,0,0.0105,0.3606,0.9831,1,1,0.9829,49.9,453.45,282.09,0,1,2025-09-30 22:53:45,15.1,74.4,,0,0,,1
2025-09-30 22:54:30,344.23,0.3532,245.79,0.4955,1.4867000000000001,245.09,243.39,248.91,426.32,425.65,425.13,425.83,0.0,0.042,1.4447,0.0,0.0011,0.3521,0.0664,0,0,0.0664,0.3698,0,0.0102,0.3596,0.9828,1,1,0.9826,49.9,453.45,282.09,0,1,2025-09-30 22:54:30,15.6,76.9,,0,0,,1
2025-09-30 22:55:15,344.23,0.3541,246.13,0.4958,1.4875999999999998,244.99,244.38,249.04,426.88,427.45,424.52,426.36,0.0,0.0412,1.4464,0.0,0.0013,0.3528,0.0674,0,0.0011,0.0663,0.3703,0,0.0101,0.3602,0.9823,1,1,0.9828,49.9,453.46,282.09,0,1,2025-09-30 22:55:15,15.7,79,,0,0,,1
2025-09-30 22:56:00,344.23,0.353,246.25,0.4963,1.4889,245.03,244.64,249.1,427.15,427.73,424.61,426.5,0.0,0.0424,1.4465,0.0,0.0,0.353,0.0658,0,0,0.0658,0.3707,0,0.0104,0.3603,0.983,1,1,0.983,50,453.46,282.09,0,1,2025-09-30 22:56:00,15.8,80.3,,0,0,,1
2025-09-30 22:56:45,344.24,0.3537,246.06,0.496,1.4881,245.43,243.72,249.04,426.84,427,424.62,426.29,0.0,0.0424,1.4457,0.0,0.0011,0.3526,0.0665,0,0,0.0665,0.3704,0,0.0103,0.36,0.9827,1,1,0.9826,50,453.46,282.09,0,1,2025-09-30 22:56:45,15.9,81.7,,0,0,,1
2025-09-30 22:57:30,344.24,0.3466,245.97,0.4913,1.4739,247.55,244.71,245.66,428.23,425.71,424.1,426.04,0.0,0.0412,1.4327,0.0,0.001,0.3456,0.061,0,0,0.061,0.362,0,0.0101,0.352,0.9848,1,1,0.9847,50,453.47,282.09,0,1,2025-09-30 22:57:30,16.4,83,,0,0,,1
2025-09-30 22:58:15,344.25,0.3462,245.73,0.4911,1.4735,247.93,243.7,245.56,427.75,424.72,424.31,425.69,0.0,0.0428,1.4307,0.0,0.0014,0.3449,0.0613,0,0,0.0613,0.3618,0,0.0104,0.3513,0.9846,1,1,0.9845,50,453.47,282.09,0,1,2025-09-30 22:58:15,16.5,84,,0,0,,1
2025-09-30 22:59:00,344.25,0.3459,246.45,0.492,1.476,248.88,244.66,245.81,429.08,425.95,425.5,426.89,0.0,0.0424,1.4336,0.0,0.0,0.3459,0.0614,0,0,0.0614,0.3628,0,0.0104,0.3524,0.9845,1,1,0.9845,50,453.48,282.09,0,1,2025-09-30 22:59:00,16.6,84.8,,0,0,,1
2025-09-30 22:59:45,344.26,0.3461,246.45,0.4925,1.4776,249.16,244.26,245.95,428.79,425.7,426.08,426.85,0.0,0.044,1.4336,0.0,0.0,0.3461,0.0615,0,0,0.0615,0.3633,0,0.0107,0.3526,0.9845,1,1,0.9845,50,453.48,282.09,0,1,2025-09-30 22:59:45,16.7,85.6,,0,0,,1
2025-09-30 23:00:30,344.26,0.3484,246.73,0.4924,1.4774,248.42,245.3,246.47,428.99,427.78,425.2,427.3,0.0,0.0424,1.435,0.0,0.0012,0.3471,0.0617,0,0,0.0617,0.3641,0,0.0104,0.3537,0.9846,1,1,0.9845,50,453.49,282.09,0,1,2025-09-30 23:00:30,17.2,86.2,,0,0,,1
2025-09-30 23:01:15,344.26,0.3489,246.9,0.4934,1.4802,248.44,245.59,246.68,429.53,427.43,425.93,427.64,0.0,0.0432,1.437,0.0,0.0011,0.3478,0.0623,0,0,0.0623,0.3651,0,0.0106,0.3545,0.9844,1,1,0.9843,50,453.49,282.09,0,1,2025-09-30 23:01:15,17.2,86.8,,0,0,,1
2025-09-30 23:02:00,344.27,0.3485,246.91,0.4924,1.4774,248.25,246.19,246.29,429.67,427.64,425.62,427.65,0.0,0.0424,1.435,0.0,0.0016,0.3469,0.0616,0,0,0.0616,0.3639,0,0.0104,0.3534,0.9847,1,1,0.9845,50,453.5,282.09,0,1,2025-09-30 23:02:00,17.3,87.2,,0,0,,1
2025-09-30 23:02:45,344.27,0.3463,247.31,0.4912,1.4736,248.91,246.49,246.55,430.2,428.09,426.76,428.21,0.0,0.0416,1.432,0.0,0.0,0.3463,0.0626,0,0,0.0626,0.3633,0,0.0103,0.3531,0.984,1,1,0.984,50,453.5,282.1,0,1,2025-09-30 23:02:45,17.4,87.6,,0,0,,1
2025-09-30 23:03:30,344.28,0.3461,246.57,0.4903,1.471,247.19,246.43,246.11,428.62,427.29,425.3,427.07,0.0,0.0424,1.4286,0.0,0.0012,0.3449,0.0622,0,0,0.0622,0.362,0,0.0104,0.3516,0.9842,1,1,0.9841,50,453.51,282.1,0,1,2025-09-30 23:03:30,17.5,88,,0,0,,1
2025-09-30 23:04:15,344.28,0.3447,246.76,0.4895,1.4687,247.51,246.66,246.11,428.89,427.74,425.54,427.35,0.0,0.0412,1.4275,0.0,0.0,0.3447,0.0621,0,0,0.0621,0.3615,0,0.0102,0.3513,0.9841,1,1,0.9841,50,453.51,282.1,0,1,2025-09-30 23:04:15,17.9,88.3,,0,0,,1
2025-09-30 23:05:00,344.29,0.3455,246.67,0.4909,1.4727999999999999,247.71,246.16,246.14,429.18,426.54,425.99,427.12,0.0,0.0424,1.4304,0.0,0.0,0.3455,0.0619,0,0,0.0619,0.3625,0,0.0104,0.3521,0.9843,1,1,0.9843,50,453.51,282.1,0,1,2025-09-30 23:05:00,18.0,88.5,,0,0,,1
2025-09-30 23:05:45,344.29,0.3534,246.92,0.4946,1.4839,246.17,245.28,249.31,428.28,428.09,426.59,427.73,0.0,0.0424,1.4415,0.0,0.0015,0.3519,0.0665,0,0,0.0665,0.3698,0,0.0104,0.3594,0.9827,1,1,0.9825,50,453.52,282.1,0,1,2025-09-30 23:05:45,18.0,88.7,,0,0,,1
2025-09-30 23:06:30,344.29,0.3537,246.96,0.4946,1.484,246.23,245.2,249.46,428.35,427.91,426.92,427.7,0.0,0.0416,1.4424,0.0,0.0014,0.3523,0.0663,0,0,0.0663,0.37,0,0.0102,0.3598,0.9828,1,1,0.9827,50,453.52,282.1,0,1,2025-09-30 23:06:30,18.1,88.9,,0,0,,1
2025-09-30 23:07:15,344.3,0.3522,246.24,0.4942,1.4827,244.53,245.23,248.96,427.11,427.47,424.84,426.41,0.0,0.0432,1.4395,0.0,0.0012,0.351,0.0656,0,0,0.0656,0.369,0,0.0106,0.3584,0.9831,1,1,0.9829,50,453.53,282.1,0,1,2025-09-30 23:07:15,18.2,89.1,,0,0,,1
2025-09-30 23:08:00,344.3,0.3542,247.24,0.4954,1.4864,246.54,245.44,249.75,429.07,428.36,427.19,428.09,0.0,0.044,1.4424,0.0,0.0015,0.3527,0.0663,0,0,0.0663,0.371,0,0.0108,0.3602,0.9829,1,1,0.9827,50,453.53,282.1,0,1,2025-09-30 23:08:00,18.2,89.2,,0,0,,1
2025-09-30 23:08:45,344.31,0.354,247.45,0.4947,1.4843000000000002,246.16,246.45,249.76,429.44,429.52,426.78,428.66,0.0,0.0436,1.4407,0.0,0.0017,0.3523,0.0666,0,0,0.0666,0.3706,0,0.0107,0.3598,0.9827,1,1,0.9825,50,453.54,282.1,0,1,2025-09-30 23:08:45,18.3,89.3,,0,0,,1
2025-09-30 23:09:30,344.31,0.3557,247.65,0.4957,1.4871999999999999,247.1,245.7,250.17,429.73,428.27,428.79,428.91,0.0,0.0432,1.444,0.0,0.002,0.3538,0.0662,0,0,0.0662,0.3719,0,0.0106,0.3612,0.9831,1,1,0.9829,50.1,453.54,282.1,0,1,2025-09-30 23:09:30,18.7,89.5,,0,0,,1
2025-09-30 23:10:15,344.32,0.3553,247.66,0.4953,1.486,246.38,246.26,250.35,429.71,429.72,427.38,428.87,0.0,0.0428,1.4432,0.0,0.0017,0.3537,0.067,0,0,0.067,0.3718,0,0.0105,0.3613,0.9826,1,1,0.9825,50,453.55,282.1,0,1,2025-09-30 23:10:15,18.8,89.6,,0,0,,1
2025-09-30 23:11:00,344.32,0.3548,247.37,0.4947,1.4841,247.02,244.76,250.35,429.08,428.36,427.87,428.42,0.0,0.0424,1.4417,0.0,0.0016,0.3533,0.0669,0,0,0.0669,0.3713,0,0.0104,0.3609,0.9826,1,1,0.9825,50,453.55,282.1,0,1,2025-09-30 23:11:00,18.8,89.6,,0,0,,1
2025-09-30 23:11:45,344.33,0.3554,247.67,0.4962,1.4886,246.32,246.28,250.42,429.55,429.86,427.45,428.99,0.0,0.0432,1.4454,0.0,0.0011,0.3543,0.0668,0,0,0.0668,0.3726,0,0.0106,0.362,0.9828,1,1,0.9827,50,453.56,282.11,0,1,2025-09-30 23:11:45,18.9,89.5,,0,0,,1
2025-09-30 23:12:30,344.33,0.3559,248.38,0.4958,1.4876,247.3,247.09,250.75,430.96,430.9,428.67,430.24,0.0,0.0436,1.444,0.0,0.0016,0.3544,0.0674,0,0,0.0674,0.3729,0,0.0108,0.3621,0.9825,1,1,0.9824,50,453.56,282.11,0,1,2025-09-30 23:12:30,18.9,89.6,,0,0,,1
2025-09-30 23:13:15,344.33,0.356,248.62,0.4951,1.4853,247.65,247.24,250.98,431.37,431.51,428.92,430.62,0.0,0.042,1.4433,0.0,0.0015,0.3545,0.0672,0,0,0.0672,0.3726,0,0.0104,0.3622,0.9826,1,1,0.9824,50,453.57,282.11,0,1,2025-09-30 23:13:15,18.9,89.7,,0,0,,1
2025-09-30 23:14:00,344.34,0.3555,248.22,0.4952,1.4857,247.59,246.33,250.76,430.79,429.88,429.06,429.9,0.0,0.042,1.4437,0.0,0.0011,0.3544,0.067,0,0,0.067,0.3724,0,0.0103,0.362,0.9826,1,1,0.9825,50,453.57,282.11,0,1,2025-09-30 23:14:00,19.0,89.6,,0,0,,1
2025-09-30 23:14:45,344.36,3.8031,247.3,7.683,23.049100000000003,246.93,244.5,250.49,428.77,428.48,427.69,428.34,8.1012,7.2458,7.7021,1.3982,1.0186,1.3863,4.2149,1.428,1.4462,1.3407,5.7013,2.0004,1.7716,1.9293,0.6699,0.6996,0.5758,0.7188,50,453.6,282.13,1,1,2025-09-30 23:14:45,19.0,90,,1,0,,0
2025-09-30 23:15:30,344.41,3.9646,247.27,7.8145,23.4436,247.06,244.38,250.37,428.45,428.51,427.79,428.24,8.2696,7.3148,7.8592,1.4526,1.0621,1.4498,4.1967,1.4337,1.4341,1.3289,5.7984,2.0431,1.7876,1.9677,0.6867,0.7117,0.5951,0.7371,50,453.68,282.18,1,1,2025-09-30 23:15:30,19.0,84.2,,1,0,,0
2025-09-30 23:16:15,344.46,3.9305,247.27,7.7811,23.3433,246.03,245.44,250.36,428.9,428.93,426.96,428.15,8.0182,7.5262,7.7989,1.4232,1.1177,1.3895,4.2,1.3631,1.4668,1.3702,5.7725,1.9727,1.8472,1.9525,0.6832,0.7222,0.6061,0.712,50,453.75,282.24,1,1,2025-09-30 23:16:15,18.9,80,,1,0,,0
2025-09-30 23:17:00,344.51,3.9208,247.11,7.774,23.322100000000002,246.58,244.38,250.39,428.21,428.19,427.55,427.93,8.2048,7.3128,7.8045,1.4364,1.0569,1.4275,4.1933,1.4222,1.4377,1.3333,5.7644,2.0231,1.7871,1.9542,0.6829,0.7105,0.5923,0.7308,50,453.82,282.29,1,1,2025-09-30 23:17:00,18.7,76.6,,1,0,,0
2025-09-30 23:17:45,344.56,3.9152,247.3,7.7749,23.3249,246.39,244.85,250.67,429.17,428.41,427.32,428.23,8.1354,7.4205,7.769,1.4322,1.0791,1.4039,4.206,1.3996,1.4582,1.3483,5.7688,2.0045,1.8169,1.9475,0.6813,0.7151,0.5948,0.7212,50,453.89,282.34,1,1,2025-09-30 23:17:45,18.2,73.6,,1,0,,0
2025-09-30 23:18:30,344.6,3.9158,247.06,7.7728,23.3186,246.57,244.09,250.53,428.79,427.91,426.94,427.8,8.2387,7.2713,7.8086,1.4357,1.0443,1.4358,4.1923,1.4339,1.4312,1.3272,5.7626,2.0314,1.7749,1.9563,0.6826,0.7075,0.5894,0.7343,49.9,453.96,282.39,1,1,2025-09-30 23:18:30,17.9,72.8,,1,0,,0
2025-09-30 23:19:15,344.65,3.9141,247.13,7.7621,23.2865,246.02,244.97,250.4,428.33,429.14,426.55,427.99,8.0969,7.3984,7.7912,1.4242,1.0835,1.4065,4.189,1.3897,1.449,1.3503,5.7553,1.992,1.8124,1.9509,0.6827,0.7157,0.5988,0.7213,50,454.03,282.44,1,1,2025-09-30 23:19:15,17.4,72.1,,1,0,,0
2025-09-30 23:20:00,344.7,3.8506,246.85,7.6952,23.0857,245.81,244.31,250.44,427.48,428.85,426.24,427.61,8.0574,7.3071,7.7212,1.4035,1.0537,1.3934,4.1714,1.3946,1.4375,1.3394,5.6995,1.9806,1.7852,1.9337,0.6782,0.7093,0.5911,0.7209,50,454.11,282.5,1,1,2025-09-30 23:20:00,17.2,71.3,,1,0,,0
2025-09-30 23:20:45,344.75,3.9104,246.73,7.7483,23.245,246.48,242.97,250.75,427.35,427.69,426.89,427.2,8.2793,7.1735,7.7922,1.4364,1.0223,1.4518,4.1607,1.4466,1.408,1.3061,5.7375,2.0407,1.7429,1.9539,0.6848,0.7045,0.5875,0.7434,50,454.18,282.55,1,1,2025-09-30 23:20:45,16.7,69.6,,1,0,,0
2025-09-30 23:21:30,344.8,3.9107,246.8,7.7421,23.226300000000002,245.84,243.62,250.95,427.71,427.78,426.8,427.36,8.1009,7.3121,7.8133,1.4137,1.0693,1.4276,4.1627,1.3996,1.4207,1.3423,5.7336,1.9915,1.7814,1.9607,0.6847,0.7106,0.6013,0.7285,50,454.25,282.6,1,1,2025-09-30 23:21:30,16.6,68.1,,1,0,,0
2025-09-30 23:22:15,344.85,3.9622,246.9,7.7998,23.3995,246.3,243.35,251.07,427.58,427.77,427.49,427.62,8.2277,7.2769,7.8949,1.4348,1.0635,1.4639,4.1747,1.428,1.412,1.3347,5.7795,2.0265,1.7708,1.9822,0.6884,0.7087,0.6016,0.7389,49.9,454.32,282.65,1,1,2025-09-30 23:22:15,16.5,66.7,,1,0,,0
2025-09-30 23:23:00,344.9,3.982,247.28,7.8216,23.4649,245.8,245.17,250.89,428.4,428.97,427.48,428.38,8.1049,7.4447,7.9153,1.4299,1.1158,1.4363,4.1949,1.3844,1.4407,1.3698,5.8033,1.9922,1.8252,1.9859,0.6884,0.7184,0.6123,0.7236,49.9,454.39,282.71,1,1,2025-09-30 23:23:00,16.4,66.2,,1,0,,0
2025-09-30 23:23:45,344.95,3.9762,247.08,7.8214,23.4643,246.41,244.28,250.55,427.86,427.78,428.15,427.91,8.263,7.3009,7.9004,1.4476,1.0683,1.4604,4.1873,1.4289,1.424,1.3343,5.799,2.0361,1.7835,1.9794,0.6885,0.7116,0.6,0.7382,49.9,454.47,282.76,1,1,2025-09-30 23:23:45,15.9,65.5,,1,0,,0
2025-09-30 23:24:37,345.02,3.9651,247.11,7.8021,23.406299999999998,245.92,244.77,250.65,428.13,428.57,427.24,427.97,8.1406,7.398,7.8677,1.4343,1.0962,1.4346,4.184,1.3942,1.4378,1.352,5.7848,2.0019,1.8108,1.972,0.6878,0.717,0.6062,0.7277,49.9,454.57,282.83,1,1,2025-09-30 23:24:37,15.7,64.6,,1,0,,0
2025-09-30 23:25:22,345.07,3.9567,246.87,7.8004,23.4014,246.06,243.97,250.6,427.64,428.51,426.53,427.61,8.2724,7.2662,7.8628,1.4446,1.0557,1.4565,4.1759,1.4309,1.4199,1.3251,5.7787,2.0355,1.7727,1.9704,0.6877,0.7104,0.5966,0.7396,49.9,454.65,282.89,1,1,2025-09-30 23:25:22,15.7,65.6,,1,0,,0
2025-09-30 23:26:07,345.12,3.9652,247.15,7.8094,23.4284,245.98,244.72,250.77,428.79,428.41,426.93,428.02,8.1351,7.4597,7.8336,1.4393,1.1036,1.4223,4.1911,1.3872,1.4503,1.3535,5.791,2.0011,1.8255,1.9644,0.6872,0.72,0.6055,0.7243,49.9,454.72,282.94,1,1,2025-09-30 23:26:07,15.6,64.3,,1,0,,0
2025-09-30 23:26:52,345.17,0.3646,248.09,0.5056,1.5169,247.72,245.11,251.45,430.35,429.28,429.38,429.56,0.0,0.0424,1.4745,0.0,0.0011,0.3635,0.066,0,0,0.066,0.3812,0,0.0104,0.3708,0.9839,1,1,0.9838,49.9,454.79,282.99,0,1,2025-09-30 23:26:52,15.1,63.4,,0,0,,1
2025-09-30 23:27:37,345.17,0.3619,248.25,0.5019,1.5058,247.19,246.16,251.4,430.45,431.41,427.96,429.94,0.0,0.0428,1.463,0.0,0.0017,0.3602,0.0674,0,0,0.0674,0.3783,0,0.0105,0.3678,0.983,1,1,0.9829,49.9,454.79,282.99,0,1,2025-09-30 23:27:37,15.0,64.7,,0,0,,1
2025-09-30 23:28:22,345.18,0.3614,248.35,0.5014,1.5044000000000002,247.99,245.46,251.61,430.2,430.4,429.79,430.15,0.0,0.0416,1.4628,0.0,0.0011,0.3603,0.0678,0,0,0.0678,0.3783,0,0.0102,0.3681,0.9828,1,1,0.9827,49.9,454.79,282.99,0,1,2025-09-30 23:28:22,15.0,68.7,,0,0,,1
2025-09-30 23:29:07,345.18,0.3597,248.31,0.5013,1.5041,247.48,246.04,251.41,430.08,431.28,428.79,429.99,0.0,0.0424,1.4617,0.0,0.0,0.3597,0.0682,0,0,0.0682,0.3779,0,0.0104,0.3675,0.9824,1,1,0.9824,49.9,454.8,282.99,0,1,2025-09-30 23:29:07,15.1,72.6,,0,0,,1
2025-09-30 23:29:52,345.19,0.3588,248.25,0.5001,1.5004,247.89,245.34,251.54,429.83,430.36,429.7,429.97,0.0,0.042,1.4584,0.0,0.0,0.3588,0.0693,0,0,0.0693,0.3772,0,0.0103,0.3668,0.9818,1,1,0.9818,49.9,454.8,282.99,0,1,2025-09-30 23:29:52,15.2,75.5,,0,0,,1
2025-09-30 23:30:37,345.19,0.3597,248.49,0.4989,1.4969000000000001,247.82,245.97,251.69,430.29,430.82,430.03,430.41,0.0,0.0416,1.4553,0.0,0.0015,0.3582,0.0691,0,0,0.0691,0.3765,0,0.0102,0.3663,0.982,1,1,0.9818,50,454.81,282.99,0,1,2025-09-30 23:30:37,15.7,77.8,,0,0,,1
2025-09-30 23:31:44,345.2,0.3571,247.66,0.4981,1.4943000000000002,246.98,244.74,251.27,428.97,428.86,428.97,429.14,0.0,0.0416,1.4527,0.0,0.0,0.3571,0.0684,0,0,0.0684,0.3752,0,0.0102,0.365,0.9821,1,1,0.9821,50,454.82,282.99,0,1,2025-09-30 23:31:44,15.9,80.8,,0,0,,1
2025-09-30 23:32:29,345.2,0.3566,248.02,0.497,1.4911,245.78,247.36,250.92,429.42,431.32,427.96,429.51,0.0,0.0424,1.4487,0.0,0.001,0.3556,0.0686,0,0,0.0686,0.374,0,0.0105,0.3635,0.9819,1,1,0.9818,50,454.82,282.99,0,1,2025-09-30 23:32:29,15.9,82,,0,0,,1
2025-09-30 23:33:14,345.21,0.3561,247.63,0.4976,1.4929999999999999,246.92,244.96,251.03,429.29,428.72,428.65,428.86,0.0,0.0428,1.4502,0.0,0.0,0.3561,0.0685,0,0,0.0685,0.3745,0,0.0105,0.364,0.9819,1,1,0.9819,50,454.83,282.99,0,1,2025-09-30 23:33:14,16.4,83.3,,0,0,,1
2025-09-30 23:33:59,345.21,0.3571,247.72,0.4972,1.4917,246.51,245.68,250.97,429.07,430,428.03,429,0.0,0.0424,1.4493,0.0,0.0013,0.3559,0.0682,0,0,0.0682,0.3741,0,0.0104,0.3637,0.9822,1,1,0.9821,50,454.83,283,0,1,2025-09-30 23:33:59,16.5,84.1,,0,0,,1
2025-09-30 23:34:44,345.22,0.3557,247.97,0.4966,1.4899,246.3,246.29,251.34,429.39,430.91,428.13,429.43,0.0,0.042,1.4479,0.0,0.0,0.3557,0.0696,0,0,0.0696,0.3743,0,0.0103,0.3639,0.9813,1,1,0.9813,50,454.84,283,0,1,2025-09-30 23:34:44,16.6,85,,0,0,,1
2025-09-30 23:35:29,345.22,0.3565,248,0.4971,1.4912999999999998,246.63,245.99,251.4,429.06,431.14,428.41,429.59,0.0,0.0412,1.4501,0.0,0.0,0.3565,0.0691,0,0,0.0691,0.3747,0,0.0101,0.3646,0.9817,1,1,0.9817,50,454.84,283,0,1,2025-09-30 23:35:29,16.7,85.7,,0,0,,1
2025-09-30 23:36:14,345.22,0.3569,247.96,0.4983,1.4949999999999999,246.76,245.73,251.4,429.46,430.61,428.3,429.44,0.0,0.0432,1.4518,0.0,0.0,0.3569,0.0694,0,0,0.0694,0.3756,0,0.0106,0.365,0.9815,1,1,0.9815,50,454.84,283,0,1,2025-09-30 23:36:14,17.2,86.4,,0,0,,1
2025-09-30 23:36:59,345.23,0.3584,248.21,0.4976,1.4929,247,245.93,251.72,429.78,430.84,429.06,429.93,0.0,0.0428,1.4501,0.0,0.0016,0.3568,0.0696,0,0,0.0696,0.3755,0,0.0105,0.365,0.9816,1,1,0.9814,50,454.85,283,0,1,2025-09-30 23:36:59,17.3,87,,0,0,,1
2025-09-30 23:37:44,345.23,0.3571,248.13,0.4982,1.4946,247.04,245.95,251.4,430.07,430.3,428.85,429.77,0.0,0.042,1.4526,0.0,0.0,0.3571,0.0691,0,0,0.0691,0.3755,0,0.0103,0.3652,0.9818,1,1,0.9818,49.9,454.85,283,0,1,2025-09-30 23:37:44,17.3,87.3,,0,0,,1
2025-09-30 23:38:52,345.24,0.3574,248.13,0.497,1.4911,247.27,245.65,251.48,430.01,431.16,428.04,429.79,0.0,0.0424,1.4487,0.0,0.0011,0.3563,0.069,0,0,0.069,0.3747,0,0.0104,0.3643,0.9818,1,1,0.9817,50,454.86,283,0,1,2025-09-30 23:38:52,17.4,87.9,,0,0,,1
2025-09-30 23:39:37,345.25,0.3583,248.21,0.4976,1.4929000000000001,247.37,245.62,251.65,430.07,430.82,428.75,429.78,0.0,0.042,1.4509,0.0,0.0012,0.3571,0.0689,0,0,0.0689,0.3754,0,0.0103,0.3651,0.9819,1,1,0.9818,50,454.87,283,0,1,2025-09-30 23:39:37,17.5,88.3,,0,0,,1
2025-09-30 23:40:22,345.25,0.3581,248.09,0.4969,1.4909,247.35,244.91,252.01,429.56,431.11,428.31,429.64,0.0,0.0424,1.4485,0.0,0.0013,0.3568,0.0699,0,0,0.0699,0.3754,0,0.0104,0.365,0.9814,1,1,0.9813,50,454.87,283,0,1,2025-09-30 23:40:22,18.0,88.6,,0,0,,1
2025-09-30 23:41:07,345.26,0.359,248.35,0.4975,1.4926,247.35,245.47,252.24,430.17,431.39,428.79,430.11,0.0,0.0424,1.4502,0.0,0.0015,0.3575,0.0702,0,0,0.0702,0.3762,0,0.0104,0.3658,0.9813,1,1,0.9812,50,454.88,283,0,1,2025-09-30 23:41:07,18.0,88.9,,0,0,,1
2025-09-30 23:41:52,345.26,0.3598,249.16,0.4978,1.4935,248.81,245.93,252.74,431.81,432.32,430.41,431.49,0.0,0.042,1.4515,0.0,0.0014,0.3584,0.0707,0,0,0.0707,0.3772,0,0.0103,0.3669,0.9812,1,1,0.981,50,454.88,283,0,1,2025-09-30 23:41:52,18.1,89.1,,0,0,,1
2025-09-30 23:42:37,345.26,0.3587,249.35,0.4985,1.4955,248.69,246.97,252.39,432.31,433.03,430.2,431.75,0.0,0.0416,1.4539,0.0,0.0,0.3587,0.0699,0,0,0.0699,0.3772,0,0.0103,0.3669,0.9815,1,1,0.9815,50,454.89,283.01,0,1,2025-09-30 23:42:37,18.1,89.3,,0,0,,1
2025-09-30 23:43:22,345.27,0.359,249.29,0.4976,1.4929000000000001,249.24,246.33,252.31,432.08,432.1,431.08,431.72,0.0,0.042,1.4509,0.0,0.0011,0.3579,0.0695,0,0,0.0695,0.3764,0,0.0103,0.3661,0.9817,1,1,0.9816,50,454.89,283.01,0,1,2025-09-30 23:43:22,18.2,89.6,,0,0,,1
2025-09-30 23:44:07,345.27,0.3613,249.58,0.4991,1.4975,249.32,246.76,252.67,432.65,433.1,431.01,432.16,0.0,0.0416,1.4559,0.0,0.0015,0.3598,0.0691,0,0,0.0691,0.3781,0,0.0103,0.3679,0.9822,1,1,0.982,50,454.9,283.01,0,1,2025-09-30 23:44:07,18.2,89.8,,0,0,,1
2025-09-30 23:44:52,345.28,0.3607,249.55,0.4987,1.4962,249.36,246.77,252.52,432.48,432.82,431.3,432.2,0.0,0.0416,1.4546,0.0,0.0014,0.3593,0.0689,0,0,0.0689,0.3776,0,0.0103,0.3673,0.9822,1,1,0.9821,50,454.9,283.01,0,1,2025-09-30 23:44:52,18.7,90,,0,0,,1
2025-09-30 23:45:58,345.29,0.3598,249.62,0.4978,1.4935,249.73,246.54,252.61,433.21,432.33,431.44,432.23,0.0,0.042,1.4515,0.0,0.0013,0.3585,0.0697,0,0,0.0697,0.377,0,0.0104,0.3667,0.9817,1,1,0.9816,50,454.91,283.01,0,1,2025-09-30 23:45:58,18.8,90.1,,0,0,,1
2025-09-30 23:46:43,345.29,0.3587,249.38,0.4972,1.4916,249.24,246.53,252.38,432.89,432.49,430.31,431.81,0.0,0.042,1.4496,0.0,0.001,0.3577,0.0698,0,0,0.0698,0.3762,0,0.0104,0.3659,0.9815,1,1,0.9814,50,454.91,283.01,0,1,2025-09-30 23:46:43,18.8,90.2,,0,0,,1
2025-09-30 23:47:28,345.29,0.3575,249.48,0.4955,1.4865,249.45,247.13,251.87,433.21,432.22,430.82,432.03,0.0,0.0412,1.4453,0.0,0.0016,0.356,0.0688,0,0,0.0688,0.3742,0,0.0102,0.364,0.9819,1,1,0.9818,50,454.92,283.01,0,1,2025-09-30 23:47:28,18.9,90.3,,0,0,,1
2025-09-30 23:48:13,345.3,0.3576,249.48,0.4962,1.4886,249.45,247.05,251.94,432.65,432.93,430.65,432.09,0.0,0.0424,1.4462,0.0,0.0013,0.3563,0.0688,0,0,0.0688,0.3748,0,0.0105,0.3644,0.9819,1,1,0.9818,50,454.92,283.01,0,1,2025-09-30 23:48:13,18.9,90.3,,0,0,,1
2025-09-30 23:48:58,345.3,0.3599,249.87,0.4979,1.4939,249.11,247.82,252.69,433.27,433.5,431.52,432.73,0.0,0.0436,1.4503,0.0,0.0016,0.3583,0.0696,0,0,0.0696,0.3773,0,0.0108,0.3665,0.9818,1,1,0.9816,50,454.93,283.01,0,1,2025-09-30 23:48:58,19.0,90.4,,0,0,,1
2025-09-30 23:49:43,345.31,0.3606,249.85,0.4975,1.4925,249.43,247.15,252.97,432.63,433.23,432.32,432.72,0.0,0.0412,1.4513,0.0,0.0017,0.3589,0.0701,0,0,0.0701,0.3773,0,0.0102,0.3671,0.9816,1,1,0.9814,50,454.93,283.01,0,1,2025-09-30 23:49:43,19.0,90.6,,0,0,,1
2025-09-30 23:50:28,345.33,3.8722,248.98,7.825,23.474999999999998,245.7,247.52,253.73,430.33,432.73,430.6,431.22,8.1345,7.4134,7.9271,1.3839,1.0794,1.4089,4.3525,1.439,1.4798,1.4338,5.845,1.9986,1.835,2.0113,0.6646,0.6931,0.5893,0.7008,50,454.97,283.04,1,1,2025-09-30 23:50:28,19.0,89.8,,1,0,,0
2025-09-30 23:51:13,345.38,4.0302,249.14,7.945,23.8352,245.61,247.95,253.87,431.11,432.88,430.49,431.49,8.1685,7.6269,8.0398,1.4287,1.161,1.4405,4.3383,1.4055,1.4886,1.4442,5.9384,2.0063,1.8911,2.0411,0.6806,0.7128,0.6155,0.7061,50,455.05,283.1,1,1,2025-09-30 23:51:13,19.0,82.8,,1,0,,0
2025-09-30 23:51:58,345.44,4.0193,249.14,7.9278,23.7835,245.37,248.05,254,430.93,433.61,429.92,431.4,8.1035,7.6421,8.0379,1.418,1.1626,1.4386,4.3352,1.4005,1.4843,1.4503,5.9256,1.9884,1.8956,2.0416,0.6798,0.7134,0.618,0.7018,50,455.12,283.15,1,1,2025-09-30 23:51:58,18.8,79.1,,1,0,,0
2025-09-30 23:52:43,345.49,4.0268,249.33,7.9369,23.8109,245.52,248.7,253.78,431.48,433.7,430.3,431.78,8.1802,7.5997,8.031,1.4302,1.1568,1.4398,4.3377,1.4067,1.4903,1.4406,5.9366,2.0084,1.89,2.0381,0.6803,0.7129,0.6131,0.7069,50,455.2,283.21,1,1,2025-09-30 23:52:43,18.2,76.9,,1,0,,0
2025-09-30 23:53:28,345.54,4.0009,249.43,7.9157,23.7472,245.44,249.09,253.78,431.87,433.78,430.36,431.86,8.0669,7.7099,7.9704,1.4222,1.1676,1.4111,4.3425,1.3857,1.5084,1.4484,5.9231,1.9799,1.9205,2.0227,0.6775,0.7176,0.6136,0.6943,50,455.27,283.26,1,1,2025-09-30 23:53:28,18.1,74.2,,1,0,,0
2025-09-30 23:54:13,345.59,3.9564,249.27,7.877,23.631,245.38,248.74,253.71,431.24,434.11,429.84,431.73,8.0827,7.5908,7.9575,1.4062,1.143,1.4072,4.341,1.3957,1.499,1.4462,5.8904,1.9833,1.8881,2.0189,0.6736,0.7097,0.6063,0.6973,50,455.35,283.32,1,1,2025-09-30 23:54:13,17.5,72.9,,1,0,,0
2025-09-30 23:54:58,345.64,3.9114,248.65,7.8026,23.4078,244.68,248.17,253.12,430.34,432.61,429.01,430.69,7.9984,7.5396,7.8698,1.3911,1.1334,1.3869,4.2868,1.3737,1.4848,1.4283,5.8202,1.957,1.8711,1.992,0.674,0.7115,0.6067,0.6966,50,455.42,283.37,1,1,2025-09-30 23:54:58,17.3,72.1,,1,0,,0
2025-09-30 23:55:43,345.68,4.0012,248.87,7.8839,23.651699999999998,244.79,248.68,253.16,430.92,433.24,428.95,431.02,8.0717,7.6526,7.9274,1.4244,1.1701,1.4066,4.2931,1.3665,1.4968,1.4298,5.8858,1.9759,1.903,2.0069,0.6818,0.7216,0.6158,0.7013,50,455.49,283.42,1,1,2025-09-30 23:55:43,17.2,71,,1,0,,0
2025-09-30 23:56:28,345.73,4.0057,248.97,7.8859,23.657700000000002,244.65,249,253.26,430.62,434.01,428.98,431.22,8.0638,7.6276,7.9663,1.4185,1.1722,1.4151,4.296,1.3685,1.4907,1.4367,5.8896,1.9728,1.8993,2.0175,0.6819,0.7196,0.6181,0.7017,50,455.56,283.48,1,1,2025-09-30 23:56:28,16.6,69.9,,1,0,,0
2025-09-30 23:57:13,345.78,3.9991,248.94,7.8823,23.647,244.51,249.26,253.05,430.79,433.48,429.18,431.16,8.0676,7.6004,7.979,1.4154,1.1673,1.4165,4.2949,1.3707,1.4875,1.4367,5.8862,1.9726,1.8945,2.0191,0.6814,0.7183,0.6173,0.702,50,455.64,283.53,1,1,2025-09-30 23:57:13,16.5,69.2,,1,0,,0
2025-09-30 23:57:58,345.83,4.0324,248.96,7.9067,23.7203,244.38,249.29,253.21,430.49,433.58,429.49,431.13,8.0807,7.615,8.0246,1.4211,1.181,1.4303,4.291,1.368,1.4818,1.4413,5.905,1.9748,1.8983,2.0319,0.6848,0.7204,0.6232,0.7044,50,455.71,283.58,1,1,2025-09-30 23:57:58,16.4,67.3,,1,0,,0
2025-09-30 23:58:43,345.89,4.0064,248.78,7.8832,23.6496,244.28,248.96,253.11,430.24,433.15,429.26,430.85,8.0544,7.5826,8.0126,1.4101,1.1705,1.4257,4.2872,1.3693,1.4771,1.4409,5.8834,1.9675,1.8878,2.0281,0.6827,0.7174,0.621,0.7033,50,455.79,283.64,1,1,2025-09-30 23:58:43,15.9,66.9,,1,0,,0
2025-09-30 23:59:28,345.94,3.9709,248.65,7.8526,23.5578,244.25,248.77,252.94,430.46,432.4,429.08,430.69,8.0381,7.566,7.9537,1.4043,1.157,1.4096,4.2835,1.3691,1.4806,1.4339,5.8573,1.9633,1.8822,2.0118,0.6798,0.716,0.6157,0.701,50,455.86,283.69,1,1,2025-09-30 23:59:28,15.8,66.7,,1,0,,0
2025-10-01 00:00:13,345.99,3.8775,248.87,7.7753,23.3261,244.73,248.79,253.09,430.54,432.67,429.88,431.05,7.9526,7.5054,7.8681,1.3759,1.1236,1.378,4.297,1.3737,1.4874,1.4359,5.8048,1.9462,1.8673,1.9913,0.6699,0.7076,0.6027,0.6924,50,455.93,283.75,1,1,2025-10-01 00:00:13,15.7,65.3,,1,0,,0
2025-10-01 00:00:58,346.03,3.9683,247.79,7.8063,23.419,243.3,247.47,252.61,428.44,431.72,427.32,429.14,7.9648,7.5087,7.9455,1.3915,1.1605,1.4163,4.2137,1.3459,1.4473,1.4205,5.8031,1.9378,1.8582,2.0071,0.6855,0.7187,0.6255,0.706,50,456.01,283.8,1,1,2025-10-01 00:00:58,15.7,64.9,,1,0,,0
2025-10-01 00:01:43,346.08,3.961,247.87,7.8077,23.423199999999998,243.52,247.59,252.5,428.41,431.92,427.57,429.27,8.0019,7.5125,7.9088,1.3999,1.1515,1.4096,4.2202,1.352,1.4559,1.4123,5.8056,1.9486,1.86,1.997,0.6843,0.7193,0.6203,0.7064,50,456.08,283.85,1,1,2025-10-01 00:01:43,15.6,64.6,,1,0,,0
2025-10-01 00:02:28,346.12,0.3666,248.88,0.5053,1.5158999999999998,244.48,249.27,252.89,431.01,432.88,429.24,431.07,0.0,0.0412,1.4747,0.0,0.0012,0.3654,0.0672,0,0,0.0672,0.3832,0,0.0103,0.3729,0.9836,1,1,0.9835,50,456.13,283.89,0,1,2025-10-01 00:02:28,15.1,63.8,,0,0,,1
2025-10-01 00:03:13,346.12,0.3643,248.96,0.5029,1.5087,244.47,249.39,253.03,430.9,432.62,430.04,431.19,0.0,0.0412,1.4675,0.0,0.0011,0.3632,0.0696,0,0,0.0696,0.3816,0,0.0103,0.3713,0.9822,1,1,0.9821,50,456.13,283.89,0,1,2025-10-01 00:03:13,15.1,66.1,,0,0,,1
2025-10-01 00:03:58,346.13,0.3638,249.11,0.5028,1.5085,244.55,249.65,253.14,431.11,433.39,429.86,431.45,0.0,0.0424,1.4661,0.0,0.0011,0.3628,0.0708,0,0,0.0708,0.3817,0,0.0106,0.3711,0.9816,1,1,0.9815,49.9,456.14,283.89,0,1,2025-10-01 00:03:58,15.1,70.5,,0,0,,1
2025-10-01 00:04:43,346.13,0.362,249.11,0.5005,1.5015,244.11,250.51,252.73,431.08,433.71,429.59,431.45,0.0,0.0416,1.4599,0.0,0.0013,0.3607,0.0701,0,0,0.0701,0.3794,0,0.0104,0.369,0.9817,1,1,0.9816,50,456.14,283.89,0,1,2025-10-01 00:04:43,15.1,74.1,,0,0,,1
2025-10-01 00:05:28,346.14,0.3622,249.12,0.501,1.5031,244.18,250.54,252.66,431.35,433.87,429.22,431.49,0.0,0.0424,1.4607,0.0,0.0013,0.3609,0.0696,0,0,0.0696,0.3797,0,0.0106,0.3691,0.982,1,1,0.9819,50,456.15,283.89,0,1,2025-10-01 00:05:28,15.6,76.8,,0,0,,1
2025-10-01 00:06:13,346.14,0.3614,249.1,0.5,1.5001,244.16,250.43,252.73,431.24,433.48,429.6,431.43,0.0,0.0424,1.4577,0.0,0.0013,0.3601,0.0707,0,0,0.0707,0.379,0,0.0106,0.3684,0.9813,1,1,0.9812,50,456.15,283.89,0,1,2025-10-01 00:06:13,15.7,79,,0,0,,1
2025-10-01 00:06:58,346.15,0.3617,249.07,0.501,1.5030999999999999,244.83,249.22,253.17,430.73,433.14,430.28,431.71,0.0,0.0412,1.4619,0.0,0.0,0.3617,0.071,0,0,0.071,0.3804,0,0.0103,0.3701,0.9812,1,1,0.9812,50,456.16,283.89,0,1,2025-10-01 00:06:58,15.8,80.7,,0,0,,1
2025-10-01 00:07:43,346.15,0.3613,249.22,0.5009,1.5027,245.08,249.43,253.16,431.52,433.12,430.27,431.64,0.0,0.0424,1.4603,0.0,0.0,0.3613,0.0711,0,0,0.0711,0.3803,0,0.0106,0.3697,0.9812,1,1,0.9812,50,456.16,283.89,0,1,2025-10-01 00:07:43,15.9,82,,0,0,,1
2025-10-01 00:08:28,346.15,0.3605,249.15,0.5,1.5001,244.81,249.49,253.17,430.92,433.75,429.92,431.52,0.0,0.042,1.4581,0.0,0.0,0.3605,0.0715,0,0,0.0715,0.3796,0,0.0105,0.3691,0.9808,1,1,0.9808,50,456.17,283.89,0,1,2025-10-01 00:08:28,16.4,83,,0,0,,1
2025-10-01 00:09:13,346.16,0.3604,249.57,0.4989,1.4968,248.22,248,252.49,432.71,432.61,431.41,432.24,0.0,0.0424,1.4544,0.0,0.0015,0.3589,0.0705,0,0,0.0705,0.3777,0,0.0105,0.3672,0.9813,1,1,0.9812,50,456.17,283.89,0,1,2025-10-01 00:09:13,16.5,84.2,,0,0,,1
2025-10-01 00:09:58,346.16,0.3623,249.42,0.5002,1.5006,248.15,246.94,253.17,432.33,431.91,431.68,431.97,0.0,0.042,1.4586,0.0,0.0015,0.3608,0.0711,0,0,0.0711,0.3796,0,0.0104,0.3693,0.9812,1,1,0.9811,50,456.18,283.9,0,1,2025-10-01 00:09:58,16.6,84.9,,0,0,,1
2025-10-01 00:10:43,346.17,0.362,249.54,0.5004,1.5014,248.24,247.33,253.07,432.75,432.37,431.45,432.08,0.0,0.0424,1.459,0.0,0.0012,0.3608,0.0709,0,0,0.0709,0.3797,0,0.0105,0.3692,0.9813,1,1,0.9812,50,456.18,283.9,0,1,2025-10-01 00:10:43,16.7,85.7,,0,0,,1
2025-10-01 00:11:28,346.17,0.3621,249.64,0.4997,1.4991,248.08,247.83,253.03,433.34,432.36,431.37,432.32,0.0,0.0416,1.4575,0.0,0.0016,0.3605,0.0704,0,0,0.0704,0.3791,0,0.0103,0.3688,0.9816,1,1,0.9814,50,456.19,283.9,0,1,2025-10-01 00:11:28,17.2,86.4,,0,0,,1
2025-10-01 00:12:13,346.18,0.3593,249.66,0.4988,1.4966,248.39,247.84,252.77,432.87,433.34,431,432.48,0.0,0.042,1.4546,0.0,0.0,0.3593,0.0707,0,0,0.0707,0.3781,0,0.0104,0.3677,0.9811,1,1,0.9811,50,456.19,283.9,0,1,2025-10-01 00:12:13,17.3,86.8,,0,0,,1
2025-10-01 00:12:58,346.18,0.3606,249.73,0.4986,1.496,248.64,247.66,252.91,433.26,432.71,431.59,432.5,0.0,0.0412,1.4548,0.0,0.0011,0.3594,0.071,0,0,0.071,0.3781,0,0.0102,0.3679,0.9811,1,1,0.981,50,456.19,283.9,0,1,2025-10-01 00:12:58,17.3,87.4,,0,0,,1
2025-10-01 00:13:43,346.19,0.3605,249.77,0.4991,1.4975,248.74,248.05,252.53,433.84,432.62,431.29,432.56,0.0,0.042,1.4555,0.0,0.0012,0.3594,0.0696,0,0,0.0696,0.378,0,0.0104,0.3676,0.9818,1,1,0.9817,50,456.2,283.9,0,1,2025-10-01 00:13:43,17.4,87.8,,0,0,,1
2025-10-01 00:14:28,346.19,0.3585,249.69,0.4969,1.4907,248.86,247.81,252.4,433.34,432.77,431.21,432.43,0.0,0.0412,1.4495,0.0,0.001,0.3575,0.0706,0,0,0.0706,0.3761,0,0.0102,0.3659,0.9811,1,1,0.981,49.9,456.2,283.9,0,1,2025-10-01 00:14:28,17.5,88.1,,0,0,,1
2025-10-01 00:15:13,346.19,0.3594,249.54,0.4975,1.4926000000000001,250.03,246.72,251.87,433.14,432.43,430.96,432.19,0.0,0.0416,1.451,0.0,0.0018,0.3575,0.0684,0,0,0.0684,0.3757,0,0.0103,0.3655,0.9823,1,1,0.9821,50,456.21,283.9,0,1,2025-10-01 00:15:13,17.9,88.4,,0,0,,1
2025-10-01 00:15:58,346.2,0.359,249.69,0.4972,1.4916,250.31,246.64,252.12,433.8,432.23,431.26,432.39,0.0,0.042,1.4496,0.0,0.0017,0.3573,0.0694,0,0,0.0694,0.3758,0,0.0104,0.3655,0.9818,1,1,0.9816,50,456.21,283.9,0,1,2025-10-01 00:15:58,18.0,88.7,,0,0,,1
2025-10-01 00:16:43,346.2,0.3596,249.61,0.4976,1.4929,249.98,246.99,251.87,433.67,431.6,431.65,432.35,0.0,0.0412,1.4517,0.0,0.0019,0.3577,0.0685,0,0,0.0685,0.3758,0,0.0102,0.3656,0.9823,1,1,0.9821,50,456.22,283.9,0,1,2025-10-01 00:16:43,18.1,89.1,,0,0,,1
2025-10-01 00:17:28,346.21,0.3597,249.76,0.4984,1.4952,250,247.14,252.16,433.79,432.17,431.76,432.54,0.0,0.0424,1.4528,0.0,0.0014,0.3583,0.069,0,0,0.069,0.3768,0,0.0105,0.3663,0.9821,1,1,0.9819,50,456.22,283.9,0,1,2025-10-01 00:17:28,18.1,89.3,,0,0,,1
2025-10-01 00:18:13,346.21,0.3592,249.94,0.4989,1.4969,250,247.6,252.24,433.91,433.45,431.29,432.85,0.0,0.0412,1.4557,0.0,0.0,0.3592,0.0687,0,0,0.0687,0.3774,0,0.0102,0.3672,0.9821,1,1,0.9821,50,456.23,283.9,0,1,2025-10-01 00:18:13,18.2,89.5,,0,0,,1
2025-10-01 00:18:58,346.22,0.3604,250.66,0.4997,1.4993,251.04,248.01,252.93,435.67,433.47,433.22,433.18,0.0,0.042,1.4573,0.0,0.0,0.3604,0.07,0,0,0.07,0.379,0,0.0104,0.3686,0.9816,1,1,0.9816,50,456.23,283.91,0,1,2025-10-01 00:18:58,18.2,89.5,,0,0,,1
2025-10-01 00:19:43,346.22,0.3613,250.57,0.4989,1.4969000000000001,251.58,247.07,253.07,435.47,433.12,433.29,434,0.0,0.042,1.4549,0.0,0.0015,0.3599,0.0702,0,0,0.0702,0.3786,0,0.0104,0.3682,0.9816,1,1,0.9815,50,456.24,283.91,0,1,2025-10-01 00:19:43,18.3,89.7,,0,0,,1
2025-10-01 00:20:28,346.23,0.3631,250.89,0.5003,1.5011,251.8,247.45,253.42,435.69,434,433.84,434.47,0.0,0.042,1.4591,0.0,0.0016,0.3615,0.0711,0,0.001,0.0701,0.3802,0,0.0104,0.3698,0.9813,1,1,0.9817,50,456.24,283.91,0,1,2025-10-01 00:20:28,18.7,89.9,,0,0,,1
2025-10-01 00:21:13,346.23,0.3617,250.74,0.4984,1.4952999999999999,251.35,247.53,253.34,435.55,433.63,433.58,434.18,0.0,0.0412,1.4541,0.0,0.0016,0.3601,0.0703,0,0,0.0703,0.3786,0,0.0102,0.3684,0.9816,1,1,0.9814,50,456.25,283.91,0,1,2025-10-01 00:21:13,18.7,90.1,,0,0,,1
2025-10-01 00:21:58,346.24,0.3605,250.89,0.4978,1.4933999999999998,251.07,248.72,252.89,435.3,434.67,433.63,434.44,0.0,0.0408,1.4526,0.0,0.0014,0.3591,0.0698,0,0,0.0698,0.3775,0,0.0101,0.3673,0.9817,1,1,0.9816,50,456.25,283.91,0,1,2025-10-01 00:21:58,18.8,90.1,,0,0,,1
2025-10-01 00:22:43,346.24,0.3615,251.01,0.4991,1.4975,251.03,248.99,253.02,435.47,435.23,433.51,434.74,0.0,0.0424,1.4551,0.0,0.0016,0.3599,0.0708,0,0.0012,0.0696,0.3787,0,0.0106,0.3682,0.9813,1,1,0.9818,50,456.26,283.91,0,1,2025-10-01 00:22:43,18.8,90.2,,0,0,,1
2025-10-01 00:23:28,346.24,0.3585,250.85,0.4961,1.4884,251.4,248.83,252.34,435.84,433.88,433.69,434.5,0.0,0.0408,1.4476,0.0,0.0014,0.3571,0.0695,0,0,0.0695,0.3754,0,0.0102,0.3653,0.9817,1,1,0.9815,50,456.26,283.91,0,1,2025-10-01 00:23:28,18.9,90.4,,0,0,,1
2025-10-01 00:24:13,346.25,0.3586,250.86,0.497,1.4912,251.43,248.88,252.28,435.33,434.5,433.64,434.48,0.0,0.042,1.4492,0.0,0.0011,0.3575,0.0692,0,0,0.0692,0.3761,0,0.0105,0.3656,0.9819,1,1,0.9817,50,456.27,283.91,0,1,2025-10-01 00:24:13,18.9,90.5,,0,0,,1
2025-10-01 00:24:58,346.25,0.3597,250.91,0.4978,1.4934,251.71,248.48,252.55,435.59,434.23,433.89,434.51,0.0,0.042,1.4514,0.0,0.0013,0.3585,0.069,0,0,0.069,0.377,0,0.0104,0.3666,0.982,1,1,0.9819,50,456.27,283.91,0,1,2025-10-01 00:24:58,19.0,90.4,,0,0,,1
2025-10-01 00:25:43,346.26,0.3582,250.83,0.4974,1.4923000000000002,251.6,248.44,252.46,435.49,434.64,433.14,434.44,0.0,0.0416,1.4507,0.0,0.0,0.3582,0.0686,0,0,0.0686,0.3766,0,0.0103,0.3662,0.9821,1,1,0.9821,50,456.27,283.91,0,1,2025-10-01 00:25:43,19.0,90.4,,0,0,,1
2025-10-01 00:26:28,346.3,3.9517,249.9,7.935,23.805,250.03,247.28,252.4,433.69,432.84,431.9,432.91,8.3704,7.6433,7.7913,1.4822,1.0719,1.3976,4.4084,1.4742,1.5528,1.3815,5.9494,2.0929,1.89,1.9665,0.6674,0.709,0.568,0.7112,49.9,456.33,283.96,1,1,2025-10-01 00:26:28,19.0,89.1,,1,0,,0
2025-10-01 00:27:13,346.35,4.0031,249.79,7.9626,23.887999999999998,249.95,247.02,252.42,433.12,432.98,431.78,432.61,8.4096,7.6317,7.8467,1.4954,1.085,1.4227,4.3893,1.4744,1.5383,1.3766,5.9678,2.102,1.8852,1.9807,0.6738,0.712,0.5763,0.7186,50,456.41,284.01,1,1,2025-10-01 00:27:13,19.0,82.4,,1,0,,0
2025-10-01 00:28:05,346.42,3.985,249.89,7.9469,23.8407,249.7,247.51,252.47,433.36,432.76,432.28,432.75,8.3437,7.6236,7.8734,1.4777,1.0899,1.4173,4.3946,1.4657,1.5366,1.3922,5.9581,2.0834,1.8869,1.9878,0.6717,0.7099,0.5785,0.7133,50,456.52,284.09,1,1,2025-10-01 00:28:05,18.7,76.7,,1,0,,0
2025-10-01 00:28:50,346.47,3.9641,249.04,7.887,23.6612,249.14,246.04,251.96,431.74,431.3,430.95,431.22,8.3016,7.5337,7.8259,1.4682,1.0756,1.4203,4.3266,1.454,1.5062,1.3664,5.8937,2.0683,1.8536,1.9718,0.6755,0.7105,0.5811,0.7206,50,456.59,284.15,1,1,2025-10-01 00:28:50,18.2,75.2,,1,0,,0
2025-10-01 00:29:35,346.52,3.9806,248.9,7.8972,23.6916,248.45,246.07,252.18,431.05,431.98,430.19,431.08,8.3186,7.5381,7.8349,1.4706,1.0839,1.4262,4.3163,1.4492,1.5015,1.3656,5.8975,2.0668,1.8549,1.9758,0.6779,0.7122,0.5852,0.7222,50,456.67,284.2,1,1,2025-10-01 00:29:35,18.0,73,,1,0,,0
2025-10-01 00:30:20,346.57,3.9698,248.86,7.8845,23.6535,248.68,245.92,252,431.9,430.64,430.49,431.02,8.289,7.559,7.8055,1.4694,1.0845,1.416,4.3128,1.4427,1.5064,1.3637,5.8872,2.0613,1.8589,1.967,0.6772,0.7135,0.5842,0.7202,50,456.74,284.26,1,1,2025-10-01 00:30:20,17.4,71.9,,1,0,,0
2025-10-01 00:31:50,346.67,4.0782,248.44,7.9562,23.8687,247.04,246.76,251.54,430.96,430.74,429.16,430.27,8.3025,7.6338,7.9324,1.489,1.1438,1.4455,4.2741,1.4075,1.4929,1.3738,5.9301,2.051,1.8837,1.9953,0.6903,0.7267,0.6081,0.7248,50,456.88,284.36,1,1,2025-10-01 00:31:50,17.2,70.6,,1,0,,0
2025-10-01 00:32:35,346.72,4.092,248.43,7.9723,23.917099999999998,247.01,246.8,251.48,430.73,430.7,429.37,430.3,8.306,7.6647,7.9464,1.4928,1.152,1.4473,4.2787,1.4051,1.497,1.3766,5.9417,2.0517,1.8916,1.9984,0.6911,0.7281,0.6098,0.7245,49.9,456.96,284.41,1,1,2025-10-01 00:32:35,16.7,70,,1,0,,0
2025-10-01 00:33:20,346.77,4.0319,248.66,7.9218,23.7654,247.19,247.19,251.6,431.01,431.2,429.79,430.63,8.2561,7.6256,7.8837,1.4758,1.1316,1.4245,4.2897,1.407,1.5039,1.3789,5.9093,2.0408,1.885,1.9835,0.6848,0.7237,0.6012,0.7185,50,457.04,284.47,1,1,2025-10-01 00:33:20,16.6,70.5,,1,0,,0
2025-10-01 00:34:05,346.82,4.0289,248.63,7.9224,23.7673,247.3,246.93,251.68,431.33,430.82,429.7,430.59,8.2672,7.612,7.8881,1.4747,1.1259,1.4282,4.2916,1.4131,1.5014,1.3771,5.9094,2.0445,1.8796,1.9853,0.6844,0.722,0.5999,0.7198,50,457.11,284.52,1,1,2025-10-01 00:34:05,16.5,69.6,,1,0,,0
2025-10-01 00:35:11,346.91,4.1019,248.64,7.9835,23.9506,247.06,247.14,251.73,430.65,431.7,429.57,430.66,8.311,7.6596,7.98,1.4922,1.1556,1.4541,4.2873,1.4075,1.4956,1.3842,5.9551,2.0533,1.893,2.0088,0.6913,0.7274,0.6113,0.7243,49.9,457.24,284.62,1,1,2025-10-01 00:35:11,16.4,66.9,,1,0,,0
2025-10-01 00:35:56,346.96,4.0788,248.22,7.9451,23.835299999999997,246.53,246.62,251.51,430.18,430.22,429.3,429.9,8.3022,7.5939,7.9392,1.4856,1.1419,1.4513,4.2551,1.4049,1.4805,1.3697,5.9163,2.0467,1.8728,1.9968,0.6919,0.7265,0.6107,0.7272,50,457.32,284.67,1,1,2025-10-01 00:35:56,15.9,66.8,,1,0,,0
2025-10-01 00:36:41,347.01,4.0417,248.11,7.9039,23.7119,246.79,246.91,250.63,429.97,430.83,428.35,429.76,8.2189,7.6177,7.8753,1.4783,1.14,1.4234,4.2442,1.3859,1.4924,1.3659,5.883,2.0283,1.8809,1.9738,0.6896,0.7295,0.607,0.7215,49.9,457.39,284.73,1,1,2025-10-01 00:36:41,15.8,64.8,,1,0,,0
2025-10-01 00:37:26,347.06,3.9655,248.22,7.8411,23.5233,246.27,247.79,250.61,430.52,431.01,428.2,429.89,8.1429,7.5703,7.8101,1.4515,1.122,1.3921,4.2549,1.3809,1.4997,1.3743,5.8385,2.0054,1.8758,1.9573,0.6817,0.7245,0.599,0.7116,50,457.46,284.78,1,1,2025-10-01 00:37:26,15.7,65.2,,1,0,,0
2025-10-01 00:38:11,347.11,3.9912,248.31,7.8622,23.5868,246.18,247.52,251.23,430.48,431.01,428.69,430.07,8.157,7.5762,7.8536,1.4526,1.1312,1.4074,4.2569,1.3836,1.492,1.3813,5.8564,2.0081,1.8753,1.9731,0.6839,0.724,0.6041,0.7136,50,457.54,284.83,1,1,2025-10-01 00:38:11,15.7,65.8,,1,0,,0
2025-10-01 00:38:56,347.16,3.917,248.25,7.803,23.409,245.93,247.63,251.21,430.03,431.33,428.56,429.97,8.0866,7.5219,7.8005,1.4251,1.1085,1.3833,4.2642,1.3843,1.4933,1.3866,5.811,1.9887,1.8626,1.9596,0.6764,0.7172,0.596,0.7062,49.9,457.61,284.89,1,1,2025-10-01 00:38:56,15.6,64.3,,1,0,,0
2025-10-01 00:39:41,347.18,0.363,249.4,0.5025,1.5076,248.04,248.22,251.94,432.2,432.98,430.68,431.94,0.0,0.0424,1.4652,0.0,0.0016,0.3614,0.0678,0,0,0.0678,0.3797,0,0.0105,0.3691,0.983,1,1,0.9828,49.9,457.64,284.9,0,1,2025-10-01 00:39:41,15.2,64.5,,0,0,,1
2025-10-01 00:40:26,347.19,0.3633,249.49,0.5024,1.5074,248.26,248.01,252.22,432.63,432.6,431.11,432.17,0.0,0.042,1.4654,0.0,0.0015,0.3618,0.0683,0,0,0.0683,0.38,0,0.0104,0.3696,0.9827,1,1,0.9826,50,457.64,284.9,0,1,2025-10-01 00:40:26,15.1,68.3,,0,0,,1
2025-10-01 00:41:11,347.19,0.3597,249.4,0.5003,1.5009000000000001,248.37,247.81,252.04,432.34,432.3,431.24,431.96,0.0,0.0416,1.4593,0.0,0.0,0.3597,0.0692,0,0,0.0692,0.3781,0,0.0103,0.3678,0.982,1,1,0.982,50,457.65,284.9,0,1,2025-10-01 00:41:11,15.2,71.3,,0,0,,1
2025-10-01 00:42:19,347.2,0.3595,249.23,0.4989,1.4967,248.14,247.96,251.6,432.18,432.14,430.67,431.65,0.0,0.0428,1.4539,0.0,0.0017,0.3578,0.069,0,0,0.069,0.3764,0,0.0106,0.3658,0.982,1,1,0.9819,50,457.65,284.91,0,1,2025-10-01 00:42:19,15.7,76,,0,0,,1
2025-10-01 00:43:04,347.2,0.3594,249.38,0.5002,1.5006000000000002,248.12,248.21,251.81,432.41,432.23,431.11,431.97,0.0,0.0416,1.459,0.0,0.0,0.3594,0.0687,0,0,0.0687,0.3777,0,0.0103,0.3674,0.9822,1,1,0.9822,50,457.66,284.91,0,1,2025-10-01 00:43:04,15.8,77.9,,0,0,,1
2025-10-01 00:43:49,347.21,0.359,249.42,0.4978,1.4935999999999998,247.97,248.43,251.87,432.11,432.88,431.01,432.02,0.0,0.0412,1.4524,0.0,0.0013,0.3577,0.0694,0,0,0.0694,0.3761,0,0.0102,0.3658,0.9818,1,1,0.9816,50,457.66,284.91,0,1,2025-10-01 00:43:49,15.9,79.5,,0,0,,1
2025-10-01 00:44:34,347.21,0.3589,249.43,0.4979,1.4939,247.89,248.75,251.65,432.53,432.99,430.49,432.03,0.0,0.0408,1.4531,0.0,0.0013,0.3576,0.0691,0,0,0.0691,0.3758,0,0.0101,0.3657,0.9819,1,1,0.9818,50,457.67,284.91,0,1,2025-10-01 00:44:34,16.0,80.9,,0,0,,1
2025-10-01 00:45:19,347.22,0.3589,249.59,0.4974,1.4923000000000002,248.29,248.66,251.83,433.07,432.88,430.9,432.3,0.0,0.0416,1.4507,0.0,0.0018,0.3571,0.0698,0,0,0.0698,0.3757,0,0.0103,0.3653,0.9816,1,1,0.9814,50,457.67,284.91,0,1,2025-10-01 00:45:19,16.4,82.2,,0,0,,1
2025-10-01 00:46:04,347.22,0.3588,249.59,0.4979,1.4936999999999998,248.41,248.63,251.74,432.63,433.03,431.21,432.35,0.0,0.0412,1.4525,0.0,0.0013,0.3575,0.0694,0,0,0.0694,0.3759,0,0.0102,0.3657,0.9817,1,1,0.9816,50,457.68,284.91,0,1,2025-10-01 00:46:04,16.5,83.1,,0,0,,1
2025-10-01 00:46:49,347.23,0.3579,249.6,0.4986,1.4958,248.47,248.68,251.66,432.88,433.41,430.62,432.33,0.0,0.0416,1.4542,0.0,0.0,0.3579,0.0692,0,0,0.0692,0.3763,0,0.0103,0.366,0.9818,1,1,0.9818,50,457.68,284.91,0,1,2025-10-01 00:46:49,16.6,83.9,,0,0,,1
2025-10-01 00:47:34,347.23,0.3575,249.62,0.4977,1.4932999999999998,248.27,248.78,251.81,432.95,433.35,430.71,432.33,0.0,0.0412,1.4521,0.0,0.0,0.3575,0.0698,0,0,0.0698,0.3759,0,0.0102,0.3657,0.9814,1,1,0.9814,49.9,457.69,284.91,0,1,2025-10-01 00:47:34,16.7,84.7,,0,0,,1
2025-10-01 00:48:19,347.23,0.3588,249.6,0.4987,1.4962,248.15,248.36,252.31,432.69,432.85,431.38,432.28,0.0,0.0412,1.455,0.0,0.0,0.3588,0.0705,0,0,0.0705,0.3773,0,0.0102,0.3671,0.9812,1,1,0.9812,49.9,457.69,284.91,0,1,2025-10-01 00:48:19,17.1,85.3,,0,0,,1
2025-10-01 00:49:26,347.24,0.3605,249.45,0.4987,1.4963,248.66,247.09,252.6,432.57,432.29,431.21,432,0.0,0.0412,1.4551,0.0,0.0014,0.3591,0.071,0,0,0.071,0.3777,0,0.0102,0.3676,0.9811,1,1,0.981,49.9,457.7,284.91,0,1,2025-10-01 00:49:26,17.3,86.5,,0,0,,1
2025-10-01 00:50:11,347.25,0.3592,249.53,0.4977,1.4931999999999999,248.51,247.66,252.44,432.76,432.49,431.3,432.13,0.0,0.0412,1.452,0.0,0.0011,0.3581,0.0709,0,0,0.0709,0.3767,0,0.0102,0.3665,0.981,1,1,0.9809,49.9,457.71,284.92,0,1,2025-10-01 00:50:11,17.4,87,,0,0,,1
2025-10-01 00:50:56,347.25,0.3602,249.71,0.4984,1.4954,248.53,247.94,252.66,432.75,433.61,431.09,432.51,0.0,0.042,1.4534,0.0,0.0014,0.3588,0.0707,0,0,0.0707,0.3776,0,0.0104,0.3672,0.9812,1,1,0.9811,50,457.71,284.92,0,1,2025-10-01 00:50:56,17.4,87.2,,0,0,,1
2025-10-01 00:51:41,347.26,0.3582,249.76,0.4983,1.4949,248.44,248.51,252.34,432.74,434.04,430.96,432.56,0.0,0.0424,1.4525,0.0,0.0,0.3582,0.0703,0,0,0.0703,0.3771,0,0.0105,0.3665,0.9812,1,1,0.9812,49.9,457.72,284.92,0,1,2025-10-01 00:51:41,17.5,87.6,,0,0,,1
2025-10-01 00:52:26,347.26,0.3593,249.7,0.4976,1.4929000000000001,248.27,248.29,252.55,432.76,433.16,431.5,432.44,0.0,0.0416,1.4513,0.0,0.0012,0.3581,0.0708,0,0,0.0708,0.3769,0,0.0103,0.3665,0.9811,1,1,0.981,49.9,457.72,284.92,0,1,2025-10-01 00:52:26,17.9,87.9,,0,0,,1
2025-10-01 00:53:11,347.26,0.3647,248.66,0.5024,1.5073999999999999,239.36,251.81,254.83,428.05,437.47,426.61,432.37,0.0,0.0412,1.4662,0.0,0.0,0.3647,0.0744,0,0,0.0744,0.384,0,0.0104,0.3736,0.9797,1,1,0.9797,49.9,457.72,284.92,0,1,2025-10-01 00:53:11,18.0,88.2,,0,0,,1
2025-10-01 00:53:56,347.27,0.3574,249.81,0.4978,1.4934,248.68,248.71,252.04,432.94,434.2,430.84,432.66,0.0,0.0424,1.451,0.0,0.0,0.3574,0.0703,0,0,0.0703,0.3763,0,0.0105,0.3657,0.9811,1,1,0.9811,49.9,457.73,284.92,0,1,2025-10-01 00:53:56,18.0,88.2,,0,0,,1
2025-10-01 00:54:41,347.27,0.3588,249.75,0.4976,1.4928,248.56,248.64,252.05,432.62,434.06,431,432.58,0.0,0.0412,1.4516,0.0,0.0011,0.3577,0.0697,0,0,0.0697,0.3761,0,0.0102,0.3659,0.9816,1,1,0.9815,49.9,457.73,284.92,0,1,2025-10-01 00:54:41,18.1,88.5,,0,0,,1
2025-10-01 00:55:26,347.28,0.3567,249.63,0.4964,1.4891999999999999,248.37,248.42,252.1,432.99,431.65,432.4,432.34,0.0,0.0412,1.448,0.0,0.0,0.3567,0.0702,0,0,0.0702,0.3753,0,0.0102,0.365,0.9811,1,1,0.9811,49.9,457.74,284.92,0,1,2025-10-01 00:55:26,18.2,88.7,,0,0,,1
2025-10-01 00:56:11,347.28,0.3582,249.64,0.4969,1.4908,248.34,248.44,252.16,432.77,433.17,431.19,432.35,0.0,0.0412,1.4496,0.0,0.0011,0.3572,0.0704,0,0,0.0704,0.3758,0,0.0102,0.3655,0.9812,1,1,0.9811,49.9,457.74,284.92,0,1,2025-10-01 00:56:11,18.2,89.6,,0,0,,1
2025-10-01 00:56:56,347.29,0.3579,249.54,0.4975,1.4925,248.37,247.92,252.33,432.35,433.46,430.76,432.19,0.0,0.0412,1.4513,0.0,0.0,0.3579,0.0704,0,0,0.0704,0.3764,0,0.0102,0.3662,0.9812,1,1,0.9812,49.9,457.75,284.92,0,1,2025-10-01 00:56:56,18.3,89.7,,0,0,,1
2025-10-01 00:57:41,347.29,0.3592,249.66,0.4968,1.4906000000000001,248.6,248.17,252.22,432.85,432.77,431.6,432.46,0.0,0.0416,1.449,0.0,0.0015,0.3577,0.0697,0,0,0.0697,0.3758,0,0.0103,0.3655,0.9816,1,1,0.9814,49.9,457.75,284.92,0,1,2025-10-01 00:57:41,18.7,89.7,,0,0,,1
2025-10-01 00:58:26,347.3,0.3578,249.7,0.4976,1.493,248.45,248.43,252.24,432.62,433.57,431.26,432.46,0.0,0.042,1.451,0.0,0.0,0.3578,0.0698,0,0,0.0698,0.3764,0,0.0104,0.366,0.9814,1,1,0.9813,49.9,457.76,284.92,0,1,2025-10-01 00:58:26,18.8,89.7,,0,0,,1
2025-10-01 00:59:11,347.3,0.3574,249.94,0.4964,1.4892999999999998,248.83,248.61,252.4,433.35,433.4,431.95,432.9,0.0,0.0412,1.4481,0.0,0.0,0.3574,0.0697,0,0,0.0697,0.3757,0,0.0102,0.3655,0.9814,1,1,0.9811,49.9,457.76,284.93,0,1,2025-10-01 00:59:11,18.8,89.8,,0,0,,1
2025-10-01 00:59:56,347.3,0.3578,249.34,0.4966,1.4898,248.39,247.17,252.47,431.95,432.81,430.77,432.28,0.0,0.0399,1.4499,0.0,0.0,0.3578,0.0704,0,0,0.0704,0.3759,0,0.0099,0.3661,0.9812,1,1,0.9812,49.9,457.77,284.93,0,1,2025-10-01 00:59:56,18.9,89.9,,0,0,,1
2025-10-01 01:00:41,347.31,0.358,249.51,0.4972,1.4918,248.74,247.09,252.71,432.4,432.64,431.38,432.16,0.0,0.042,1.4498,0.0,0.0,0.358,0.0707,0,0,0.0707,0.3768,0,0.0104,0.3664,0.981,1,1,0.9808,49.9,457.77,284.93,0,1,2025-10-01 01:00:41,18.9,89.9,,0,0,,1
2025-10-01 01:01:26,347.31,0.3593,249.65,0.4966,1.4898,248.93,247,253.04,432.67,433.06,431.41,432.4,0.0,0.0424,1.4474,0.0,0.0016,0.3577,0.0713,0,0,0.0713,0.3767,0,0.0105,0.3663,0.9808,1,1,0.9807,49.9,457.78,284.93,0,1,2025-10-01 01:01:26,18.9,90.1,,0,0,,1
2025-10-01 01:02:11,347.32,0.3593,249.88,0.4971,1.4915,248.81,247.94,252.89,433.29,433.46,431.56,432.72,0.0,0.042,1.4495,0.0,0.0011,0.3581,0.0706,0,0,0.0706,0.377,0,0.0104,0.3666,0.9812,1,1,0.9811,50,457.78,284.93,0,1,2025-10-01 01:02:11,19.0,90,,0,0,,1
2025-10-01 01:02:56,347.34,3.8916,249.09,7.8496,23.5488,247.91,247.08,252.29,431.88,431.73,430.62,431.41,8.2308,7.5431,7.7749,1.4389,1.0704,1.3823,4.3561,1.4438,1.5222,1.3901,5.8658,2.0405,1.8637,1.9615,0.6662,0.7059,0.5752,0.7051,50,457.81,284.95,1,1,2025-10-01 01:02:56,19.0,90.1,,1,0,,0
2025-10-01 01:03:41,347.39,4.0905,249.17,8.0107,24.0323,247.79,247.56,252.18,432.34,431.8,430.52,431.52,8.3591,7.7215,7.9517,1.4998,1.1505,1.4401,4.3408,1.4251,1.5225,1.3933,5.9881,2.0713,1.9115,2.0053,0.6858,0.7249,0.6029,0.7186,50,457.89,285.01,1,1,2025-10-01 01:03:41,19.0,83.7,,1,0,,0
2025-10-01 01:05:11,347.49,3.9585,248.88,7.8743,23.6231,247.48,247.34,251.84,431.1,432.35,429.74,431.05,8.205,7.5749,7.8432,1.4504,1.1059,1.4022,4.3155,1.4178,1.5084,1.3893,5.8794,2.0306,1.8736,1.9752,0.6759,0.715,0.5912,0.7103,50,458.04,285.11,1,1,2025-10-01 01:05:11,18.7,76.8,,1,0,,0
2025-10-01 01:05:56,347.54,4.0427,248.86,7.946,23.838,247.18,247.55,251.87,431.11,432.46,429.5,431.01,8.2544,7.6399,7.9437,1.4706,1.1408,1.4313,4.3117,1.4111,1.5045,1.3962,5.9324,2.0403,1.8913,2.0008,0.6839,0.7215,0.6042,0.7158,50,458.11,285.17,1,1,2025-10-01 01:05:56,18.1,75.5,,1,0,,0
2025-10-01 01:07:26,347.64,3.9964,248.84,7.8992,23.6976,247.19,247.33,252,431.32,431.67,429.94,430.95,8.1962,7.6072,7.8942,1.4541,1.127,1.4153,4.3072,1.4077,1.5029,1.3966,5.8968,2.026,1.8815,1.9893,0.6801,0.7184,0.5999,0.7117,50,458.26,285.27,1,1,2025-10-01 01:07:26,17.4,71,,1,0,,0
2025-10-01 01:08:11,347.69,3.9464,248.91,7.8575,23.5725,247.38,247.18,252.19,431.86,431.42,430.02,431.08,8.1796,7.584,7.8089,1.446,1.105,1.3953,4.3113,1.4125,1.5106,1.3882,5.8674,2.0235,1.8746,1.9693,0.6752,0.7153,0.5904,0.7089,50,458.33,285.33,1,1,2025-10-01 01:08:11,17.2,69.6,,1,0,,0
2025-10-01 01:08:56,347.74,4.0482,248.79,7.9407,23.8223,247.54,246.11,252.72,431.4,430.9,430.33,430.9,8.3066,7.577,7.9387,1.4736,1.1216,1.4529,4.2982,1.4309,1.4857,1.3816,5.9273,2.0562,1.8648,2.0063,0.6856,0.7174,0.6025,0.7246,50,458.41,285.38,1,1,2025-10-01 01:08:56,16.6,69.3,,1,0,,0
2025-10-01 01:09:41,347.79,4.0451,248.74,7.9323,23.7969,247.48,246.1,252.64,430.98,431.16,430.24,430.77,8.2795,7.5742,7.9432,1.4691,1.1242,1.4517,4.2921,1.4253,1.4831,1.3837,5.9198,2.049,1.864,2.0068,0.6858,0.7177,0.604,0.7238,50,458.48,285.44,1,1,2025-10-01 01:09:41,16.5,69.1,,1,0,,0
2025-10-01 01:10:26,347.84,4.0352,248.86,7.9216,23.7649,247.73,246.03,252.82,431.14,431.32,430.54,430.97,8.2899,7.5256,7.9494,1.465,1.1119,1.4583,4.2923,1.4356,1.4761,1.3806,5.9149,2.0537,1.8515,2.0098,0.6849,0.7142,0.6016,0.7261,50,458.56,285.49,1,1,2025-10-01 01:10:26,16.4,67.9,,1,0,,0
2025-10-01 01:11:11,347.89,4.0256,249.18,7.9281,23.7844,247.29,248,252.26,431.87,432.41,430.44,431.55,8.2484,7.6012,7.9348,1.4643,1.1307,1.4306,4.3212,1.4174,1.5052,1.3986,5.9265,2.0397,1.8851,2.0016,0.6816,0.7185,0.6006,0.715,50,458.63,285.54,1,1,2025-10-01 01:11:11,15.9,67,,1,0,,0
2025-10-01 01:11:56,347.94,4.0434,249.27,7.9416,23.8249,247.6,247.8,252.42,432.11,432.4,430.66,431.74,8.2774,7.6113,7.9362,1.4738,1.1319,1.4377,4.3184,1.4209,1.5045,1.3929,5.9388,2.0495,1.8861,2.0033,0.6834,0.7199,0.6011,0.7181,50,458.7,285.6,1,1,2025-10-01 01:11:56,15.9,67.5,,1,0,,0
2025-10-01 01:12:41,347.99,4.0725,249.35,7.9692,23.907600000000002,247.57,248.02,252.47,432.22,432.45,430.93,431.83,8.2703,7.6397,7.9976,1.4752,1.1483,1.4489,4.3243,1.4166,1.5033,1.4045,5.9614,2.0475,1.8948,2.0192,0.6855,0.7212,0.607,0.718,50,458.77,285.65,1,1,2025-10-01 01:12:41,15.8,68,,1,0,,0
2025-10-01 01:13:26,348.05,4.0773,249.36,7.9738,23.9215,247.53,248.07,252.48,431.96,432.66,431.03,431.91,8.2726,7.6171,8.0318,1.4721,1.1482,1.457,4.3249,1.4201,1.4965,1.4084,5.9652,2.0477,1.8896,2.0279,0.6859,0.7197,0.6087,0.719,50,458.85,285.71,1,1,2025-10-01 01:13:26,15.8,67.2,,1,0,,0
2025-10-01 01:14:11,348.1,4.0699,249.24,7.9629,23.8888,247.68,247.6,252.44,431.56,432.47,431,431.68,8.2502,7.6044,8.0342,1.4664,1.1456,1.4579,4.3186,1.4201,1.4903,1.4082,5.9544,2.0434,1.8828,2.0282,0.6858,0.7183,0.6094,0.7192,50,458.93,285.76,1,1,2025-10-01 01:14:11,15.7,65.4,,1,0,,0
2025-10-01 01:14:56,348.15,4.1283,249.36,8.018,24.0542,247.76,247.65,252.69,431.76,432.92,431,431.88,8.3345,7.6645,8.0552,1.4934,1.1612,1.4737,4.3234,1.4233,1.4978,1.4023,5.9985,2.065,1.8981,2.0355,0.6905,0.7239,0.6126,0.7244,50,459,285.82,1,1,2025-10-01 01:14:56,15.6,64.7,,1,0,,0
2025-10-01 01:15:41,348.2,0.3671,250.12,0.507,1.5212,249.14,247.96,253.26,433.66,433.4,432.51,433.15,0.0,0.0416,1.4796,0.0,0.0,0.3671,0.0681,0,0,0.0681,0.385,0,0.0103,0.3747,0.9832,1,1,0.9832,50,459.07,285.87,0,1,2025-10-01 01:15:41,15.2,64.2,,0,0,,1
2025-10-01 01:16:26,348.2,0.3642,250.06,0.5037,1.5111999999999999,249.28,247.66,253.26,433.67,433.14,432.47,433.08,0.0,0.0412,1.47,0.0,0.0,0.3642,0.0695,0,0,0.0695,0.3825,0,0.0102,0.3723,0.9822,1,1,0.9822,50,459.08,285.87,0,1,2025-10-01 01:16:26,15.1,64.8,,0,0,,1
2025-10-01 01:17:11,348.21,0.3641,249.97,0.5023,1.5070999999999999,249.25,247.35,253.33,433.34,432.93,432.54,432.89,0.0,0.0412,1.4659,0.0,0.001,0.3631,0.0705,0,0,0.0705,0.3815,0,0.0102,0.3714,0.9817,1,1,0.9816,50,459.08,285.87,0,1,2025-10-01 01:17:11,15.1,68.5,,0,0,,1
2025-10-01 01:17:56,348.21,0.3639,250.02,0.5018,1.5054999999999998,249.1,247.67,253.3,433.7,433.18,432.16,433.02,0.0,0.0408,1.4647,0.0,0.0012,0.3627,0.0708,0,0,0.0708,0.3811,0,0.0101,0.371,0.9815,1,1,0.9814,50,459.09,285.87,0,1,2025-10-01 01:17:56,15.2,72.4,,0,0,,1
2025-10-01 01:18:41,348.22,0.3639,250.23,0.5014,1.5042,249.17,248.08,253.46,433.85,433.86,432.46,433.42,0.0,0.0408,1.4634,0.0,0.0013,0.3626,0.0706,0,0,0.0706,0.381,0,0.0101,0.3709,0.9817,1,1,0.9815,50,459.09,285.87,0,1,2025-10-01 01:18:41,15.6,75.4,,0,0,,1
2025-10-01 01:19:26,348.22,0.3651,250.33,0.5023,1.507,249.54,247.54,253.91,433.76,433.97,432.91,433.52,0.0,0.0412,1.4658,0.0,0.0013,0.3637,0.0713,0,0,0.0713,0.3824,0,0.0102,0.3722,0.9814,1,1,0.9813,50,459.1,285.87,0,1,2025-10-01 01:19:26,15.7,77.6,,0,0,,1
2025-10-01 01:20:11,348.23,0.3642,250.22,0.502,1.506,249.61,247.31,253.75,434.08,433.23,432.76,433.38,0.0,0.0408,1.4652,0.0,0.001,0.3632,0.0716,0,0,0.0716,0.3819,0,0.0101,0.3718,0.9811,1,1,0.981,50,459.1,285.87,0,1,2025-10-01 01:20:11,15.8,79.4,,0,0,,1
2025-10-01 01:20:56,348.23,0.362,249.98,0.5002,1.5008,248.67,247.83,253.45,433.77,432.72,432.34,432.97,0.0,0.0424,1.4584,0.0,0.001,0.361,0.0718,0,0,0.0718,0.3801,0,0.0105,0.3696,0.9809,1,1,0.9808,50,459.11,285.87,0,1,2025-10-01 01:20:56,15.9,80.8,,0,0,,1
2025-10-01 01:21:41,348.23,0.3621,249.91,0.5004,1.5014,248.61,247.79,253.33,433.38,433.03,432.06,432.79,0.0,0.0424,1.459,0.0,0.0012,0.361,0.0719,0,0,0.0719,0.3801,0,0.0105,0.3696,0.9808,1,1,0.9807,50,459.11,285.87,0,1,2025-10-01 01:21:41,16.4,82,,0,0,,1
2025-10-01 01:22:26,348.24,0.362,249.7,0.5005,1.5015,248.64,247.46,253.02,433.54,432.38,431.46,432.48,0.0,0.0424,1.4591,0.0,0.0012,0.3608,0.0708,0,0,0.0708,0.3797,0,0.0105,0.3692,0.9814,1,1,0.9812,50,459.12,285.87,0,1,2025-10-01 01:22:26,16.5,82.9,,0,0,,1
2025-10-01 01:23:11,348.24,0.3609,249.98,0.4991,1.4974,249.28,247.61,253.07,433.84,432.9,432.12,433.01,0.0,0.042,1.4554,0.0,0.0011,0.3598,0.0711,0,0,0.0711,0.3787,0,0.0104,0.3683,0.9811,1,1,0.981,50,459.12,285.88,0,1,2025-10-01 01:23:11,16.6,83.7,,0,0,,1
2025-10-01 01:23:56,348.25,0.359,248.93,0.498,1.4941,248.21,246.42,252.16,432.08,430.68,430.61,431.08,0.0,0.0428,1.4513,0.0,0.0012,0.3578,0.0696,0,0,0.0696,0.3765,0,0.0105,0.366,0.9817,1,1,0.9815,50,459.13,285.88,0,1,2025-10-01 01:23:56,16.7,84.7,,0,0,,1
2025-10-01 01:24:41,348.25,0.3583,249.03,0.498,1.494,248.35,246.32,252.43,432.26,431.14,430.48,431.24,0.0,0.0424,1.4516,0.0,0.0,0.3583,0.0696,0,0,0.0696,0.3769,0,0.0104,0.3664,0.9816,1,1,0.9816,50,459.13,285.88,0,1,2025-10-01 01:24:41,16.7,85.6,,0,0,,1
2025-10-01 01:25:26,348.26,0.3589,248.81,0.4977,1.4932,248.03,246.29,252.12,431.59,430.44,430.74,430.96,0.0,0.0416,1.4516,0.0,0.0011,0.3578,0.0697,0,0,0.0697,0.3762,0,0.0102,0.366,0.9816,1,1,0.9815,50,459.13,285.88,0,1,2025-10-01 01:25:26,17.2,87.1,,0,0,,1
2025-10-01 01:26:11,348.26,0.357,248.81,0.4972,1.4917,248.01,246.37,252.06,431.07,431.36,430.35,430.93,0.0,0.0424,1.4493,0.0,0.0,0.357,0.0702,0,0,0.0702,0.3758,0,0.0104,0.3653,0.9812,1,1,0.9812,50,459.14,285.88,0,1,2025-10-01 01:26:11,17.4,88.5,,0,0,,1
2025-10-01 01:26:56,348.27,0.3596,249.26,0.4981,1.4945,248.36,246.94,252.48,432.24,432,430.85,431.65,0.0,0.0424,1.4521,0.0,0.0013,0.3583,0.0702,0,0,0.0702,0.3771,0,0.0105,0.3666,0.9814,1,1,0.9813,50,459.14,285.88,0,1,2025-10-01 01:26:56,17.5,89.5,,0,0,,1
2025-10-01 01:27:41,348.27,0.3565,248.92,0.4966,1.4898,248.54,246.55,251.67,432.39,430.33,430.59,431.12,0.0,0.0412,1.4486,0.0,0.0,0.3565,0.0693,0,0,0.0693,0.3747,0,0.0102,0.3646,0.9816,1,1,0.9816,50,459.15,285.88,0,1,2025-10-01 01:27:41,18.0,89.5,,0,0,,1
2025-10-01 01:28:26,348.28,0.3585,248.92,0.4975,1.4926,248.68,245.97,252.11,431.7,431.03,430.59,431.08,0.0,0.0424,1.4502,0.0,0.0011,0.3574,0.0696,0,0,0.0696,0.376,0,0.0104,0.3656,0.9816,1,1,0.9815,50,459.15,285.88,0,1,2025-10-01 01:28:26,18.1,89.7,,0,0,,1
2025-10-01 01:29:11,348.28,0.3569,248.93,0.4959,1.4877,248.91,246.24,251.66,432.59,431.36,429.4,431.12,0.0,0.042,1.4457,0.0,0.0012,0.3557,0.069,0,0,0.069,0.3742,0,0.0103,0.3638,0.9818,1,1,0.9817,50,459.16,285.88,0,1,2025-10-01 01:29:11,18.2,89.8,,0,0,,1
2025-10-01 01:29:56,348.28,0.3568,248.89,0.4958,1.4876,248.32,246.53,251.82,431.94,431.6,429.61,431.04,0.0,0.042,1.4456,0.0,0.001,0.3558,0.0699,0,0,0.0699,0.3744,0,0.0104,0.364,0.9813,1,1,0.9812,50,459.16,285.88,0,1,2025-10-01 01:29:56,18.3,90.2,,0,0,,1
2025-10-01 01:30:41,348.29,0.3562,249.13,0.4961,1.4883,248.21,247.43,251.75,432.48,431.25,430.7,431.49,0.0,0.0412,1.4471,0.0,0.0,0.3562,0.0694,0,0,0.0694,0.3745,0,0.0102,0.3643,0.9815,1,1,0.9815,50,459.17,285.88,0,1,2025-10-01 01:30:41,18.7,90.2,,0,0,,1
2025-10-01 01:31:33,348.3,0.3571,249.15,0.4961,1.4883,247.83,247.85,251.78,432.03,432.17,430.36,431.54,0.0,0.0424,1.4459,0.0,0.0012,0.3559,0.0692,0,0,0.0692,0.3746,0,0.0105,0.364,0.9817,1,1,0.9816,50,459.17,285.89,0,1,2025-10-01 01:31:33,18.8,90.4,,0,0,,1
2025-10-01 01:32:18,348.3,0.3574,249.16,0.4967,1.4903000000000002,248.01,247.54,251.93,432.34,431.75,430.49,431.55,0.0,0.0436,1.4467,0.0,0.001,0.3563,0.0693,0,0,0.0693,0.3753,0,0.0108,0.3645,0.9817,1,1,0.9816,50,459.18,285.89,0,1,2025-10-01 01:32:18,18.9,90.4,,0,0,,1
2025-10-01 01:33:03,348.3,0.3575,249.22,0.4956,1.4868000000000001,248.04,247.76,251.87,432.71,431.52,430.69,431.67,0.0,0.0416,1.4452,0.0,0.0015,0.356,0.0686,0,0,0.0686,0.3743,0,0.0103,0.364,0.9821,1,1,0.9819,50,459.18,285.89,0,1,2025-10-01 01:33:03,18.9,90.5,,0,0,,1
2025-10-01 01:33:48,348.31,0.3571,249.06,0.4959,1.4878,248.28,247.01,251.89,432.2,431.17,430.69,431.36,0.0,0.0424,1.4454,0.0,0.0012,0.3559,0.0695,0,0,0.0695,0.3746,0,0.0105,0.3641,0.9815,1,1,0.9814,50,459.19,285.89,0,1,2025-10-01 01:33:48,19.0,90.6,,0,0,,1
2025-10-01 01:34:33,348.34,3.9722,248.18,7.8664,23.5994,246.79,246.61,251.14,430.64,430.21,428.63,429.88,8.2223,7.5567,7.8204,1.4589,1.1076,1.4057,4.2733,1.4078,1.4953,1.3702,5.8568,2.0292,1.8636,1.964,0.6808,0.7195,0.5952,0.716,50,459.23,285.92,1,1,2025-10-01 01:34:33,19.0,90.5,,1,0,,0
2025-10-01 01:35:18,348.39,4.1324,247.98,7.9974,23.992399999999996,246.61,246.4,250.94,429.64,430.47,428.37,429.47,8.3333,7.6658,7.9933,1.5034,1.1657,1.4633,4.2511,1.3982,1.4826,1.3702,5.9498,2.0551,1.8889,2.0058,0.697,0.7322,0.618,0.7299,49.9,459.3,285.97,1,1,2025-10-01 01:35:18,18.9,83.7,,1,0,,0
2025-10-01 01:36:03,348.44,4.0059,248.24,7.8856,23.656899999999997,246.72,246.7,251.3,430.15,430.67,429,429.95,8.2016,7.5341,7.9212,1.4532,1.1228,1.4299,4.2655,1.4051,1.4773,1.383,5.8728,2.0235,1.8587,1.9906,0.6845,0.7189,0.6051,0.7187,49.9,459.38,286.02,1,1,2025-10-01 01:36:03,18.8,79.7,,1,0,,0
2025-10-01 01:36:48,348.48,4.0535,248.23,7.9218,23.7654,246.66,246.64,251.39,430.28,430.1,429.37,429.85,8.265,7.5458,7.9546,1.4714,1.1331,1.449,4.2586,1.4086,1.4731,1.3768,5.8994,2.0386,1.8611,1.9997,0.6894,0.7223,0.6096,0.7249,50,459.45,286.07,1,1,2025-10-01 01:36:48,18.3,76.3,,1,0,,0
2025-10-01 01:37:33,348.54,4.0159,248.09,7.884,23.652,246.46,246.46,251.37,429.71,430.59,428.77,429.66,8.2192,7.4941,7.9387,1.4538,1.1199,1.4423,4.2512,1.4082,1.4654,1.3775,5.8683,2.0257,1.847,1.9956,0.6867,0.7182,0.6071,0.7231,50,459.52,286.13,1,1,2025-10-01 01:37:33,18.1,74.6,,1,0,,0
2025-10-01 01:38:40,348.63,3.9146,248.42,7.7883,23.365099999999998,247.36,245.77,252.15,430.44,430.3,430.03,430.25,8.1806,7.3819,7.8026,1.4306,1.0668,1.4172,4.2548,1.4281,1.4639,1.3628,5.8052,2.0236,1.8142,1.9674,0.677,0.7077,0.5889,0.7208,50,459.65,286.22,1,1,2025-10-01 01:38:40,17.4,72.5,,1,0,,0
2025-10-01 01:39:25,348.68,3.9146,249.07,7.819,23.4571,248.54,246.09,252.6,431.75,431.34,431.05,431.41,8.2008,7.4253,7.831,1.4332,1.063,1.4184,4.3051,1.4459,1.4824,1.3767,5.8436,2.0382,1.8273,1.9781,0.6727,0.7039,0.5827,0.7175,50,459.73,286.28,1,1,2025-10-01 01:39:25,17.3,71.6,,1,0,,0
2025-10-01 01:40:10,348.72,3.9556,248.93,7.8575,23.572499999999998,248.35,245.95,252.49,431.61,431.12,430.63,431.09,8.2524,7.4596,7.8605,1.4489,1.0757,1.4311,4.303,1.4467,1.4828,1.3735,5.8689,2.0495,1.8347,1.9847,0.6767,0.7076,0.5871,0.7214,50,459.8,286.33,1,1,2025-10-01 01:40:10,17.2,69.9,,1,0,,0
2025-10-01 01:40:55,348.78,3.9691,249.35,7.879,23.6371,248.31,247.39,252.37,432.32,432.48,430.81,431.89,8.2186,7.5295,7.889,1.4499,1.0975,1.4217,4.3268,1.4332,1.5015,1.3921,5.8944,2.0408,1.8627,1.9909,0.6759,0.7111,0.5901,0.7145,50,459.88,286.39,1,1,2025-10-01 01:40:55,16.6,68.5,,1,0,,0
2025-10-01 01:41:40,348.83,3.9832,249.3,7.8931,23.679499999999997,247.99,247.48,252.44,432.09,432.43,430.82,431.75,8.2383,7.5257,7.9155,1.4512,1.1021,1.4299,4.3267,1.4351,1.4977,1.3939,5.9037,2.043,1.8625,1.9982,0.6772,0.711,0.5926,0.716,50,459.95,286.44,1,1,2025-10-01 01:41:40,16.5,68.1,,1,0,,0
2025-10-01 01:42:25,348.87,4.0178,249.26,7.9284,23.7854,247.67,247.69,252.43,431.75,432.76,430.63,431.71,8.2729,7.558,7.9545,1.4614,1.1168,1.4396,4.3296,1.4331,1.4986,1.3979,5.9289,2.0489,1.872,2.008,0.6802,0.7139,0.5975,0.7174,50,460.02,286.49,1,1,2025-10-01 01:42:25,16.4,67.1,,1,0,,0
2025-10-01 01:43:10,348.92,4.0277,249.23,7.9335,23.8007,247.7,247.64,252.36,431.46,432.99,430.53,431.64,8.2573,7.5423,8.0011,1.4572,1.1208,1.4496,4.3264,1.4323,1.4904,1.4037,5.9323,2.0453,1.8678,2.0192,0.6813,0.7131,0.601,0.7183,50,460.09,286.54,1,1,2025-10-01 01:43:10,15.9,66.1,,1,0,,0
2025-10-01 01:43:55,348.97,4.0157,248.52,7.8931,23.679399999999998,246.77,247.25,251.55,430.7,431.14,429.45,430.43,8.2311,7.5392,7.9091,1.4619,1.1223,1.4314,4.2719,1.4073,1.4846,1.38,5.8848,2.0312,1.8641,1.9895,0.6849,0.7204,0.603,0.7199,50,460.17,286.6,1,1,2025-10-01 01:43:55,15.8,65.4,,1,0,,0
2025-10-01 01:44:40,349.02,4.0063,248.46,7.8831,23.6494,246.77,247.2,251.42,430.48,431.33,429.18,430.33,8.2368,7.5241,7.8885,1.4622,1.1155,1.4286,4.268,1.4091,1.4847,1.3741,5.8759,2.0326,1.86,1.9833,0.6844,0.72,0.6006,0.7207,50,460.24,286.65,1,1,2025-10-01 01:44:40,15.8,64.8,,1,0,,0
2025-10-01 01:46:32,349.17,3.9612,248.56,7.8537,23.5611,246.75,247.62,251.31,430.98,430.88,429.63,430.47,8.1898,7.5024,7.8689,1.4452,1.1041,1.4118,4.2835,1.4098,1.4906,1.3831,5.8561,2.0208,1.8577,1.9775,0.6789,0.7158,0.5952,0.7143,50,460.45,286.8,1,1,2025-10-01 01:46:32,15.1,63.1,,1,0,,0
2025-10-01 01:47:17,349.21,0.3641,249.61,0.5058,1.5176,248.42,248.33,252.08,432.56,432.85,431.54,432.29,0.0,0.0436,1.474,0.0,0.0,0.3641,0.067,0,0,0.067,0.3824,0,0.0108,0.3716,0.9834,1,1,0.9834,50,460.52,286.85,0,1,2025-10-01 01:47:17,15.1,63.4,,0,0,,1
2025-10-01 01:48:02,349.22,0.3634,249.66,0.5029,1.5088000000000001,248.77,247.91,252.32,432.62,433.1,431.51,432.33,0.0,0.042,1.4668,0.0,0.0013,0.3622,0.0688,0,0,0.0688,0.3805,0,0.0104,0.3701,0.9825,1,1,0.9824,50,460.52,286.85,0,1,2025-10-01 01:48:02,15.0,64.1,,0,0,,1
2025-10-01 01:48:47,349.22,0.3597,249.44,0.5003,1.5009000000000001,248.77,247.58,251.97,432.49,431.98,431.59,432.04,0.0,0.0416,1.4593,0.0,0.0,0.3597,0.0691,0,0,0.0691,0.378,0,0.0103,0.3677,0.982,1,1,0.982,50,460.53,286.85,0,1,2025-10-01 01:48:47,15.0,68.9,,0,0,,1
2025-10-01 01:49:32,349.23,0.3604,249.41,0.5002,1.5008,248.7,247.65,251.89,432.4,432.63,430.89,431.97,0.0,0.0424,1.4584,0.0,0.0012,0.3592,0.0695,0,0,0.0695,0.3779,0,0.0105,0.3674,0.9819,1,1,0.9817,49.9,460.53,286.86,0,1,2025-10-01 01:49:32,15.0,73,,0,0,,1
2025-10-01 01:50:17,349.23,0.359,249.77,0.4991,1.4972999999999999,248.8,248.44,252.08,433.42,433.01,431.36,432.57,0.0,0.0408,1.4565,0.0,0.0,0.359,0.0696,0,0,0.0696,0.3773,0,0.0101,0.3672,0.9817,1,1,0.9817,50,460.54,286.86,0,1,2025-10-01 01:50:17,15.1,75.7,,0,0,,1
2025-10-01 01:51:02,349.23,0.3594,249.52,0.4981,1.4945,248.43,248.21,251.93,433.11,431.96,431.42,432.2,0.0,0.0403,1.4542,0.0,0.0011,0.3582,0.0694,0,0,0.0694,0.3764,0,0.01,0.3664,0.9818,1,1,0.9817,50,460.54,286.86,0,1,2025-10-01 01:51:02,15.6,77.7,,0,0,,1
2025-10-01 01:51:47,349.24,0.3595,249.67,0.5,1.5001,248.69,248.16,252.16,433.5,432.11,431.62,432.39,0.0,0.042,1.4581,0.0,0.0,0.3595,0.0697,0,0,0.0697,0.3781,0,0.0104,0.3677,0.9817,1,1,0.9817,50,460.55,286.86,0,1,2025-10-01 01:51:47,15.8,79.4,,0,0,,1
2025-10-01 01:52:53,349.25,0.3581,249.47,0.4985,1.4956,248.41,248.08,251.93,432.79,432.41,431.02,432.07,0.0,0.042,1.4536,0.0,0.0,0.3581,0.0694,0,0,0.0694,0.3766,0,0.0104,0.3662,0.9817,1,1,0.9817,50,460.55,286.86,0,1,2025-10-01 01:52:53,16.4,83,,0,0,,1
2025-10-01 01:53:38,349.25,0.3585,249.35,0.4981,1.4943,248.15,248.16,251.74,432.82,432.12,430.64,431.87,0.0,0.0432,1.4511,0.0,0.0015,0.357,0.0702,0,0,0.0702,0.376,0,0.0107,0.3653,0.9813,1,1,0.9812,50,460.56,286.86,0,1,2025-10-01 01:53:38,16.5,83.9,,0,0,,1
2025-10-01 01:54:23,349.26,0.3585,249.57,0.4978,1.4935,248.53,248.17,252.02,433.1,432.85,430.79,432.24,0.0,0.0424,1.4511,0.0,0.0011,0.3575,0.0699,0,0,0.0699,0.3762,0,0.0105,0.3657,0.9815,1,1,0.9814,50,460.56,286.86,0,1,2025-10-01 01:54:23,16.6,84.4,,0,0,,1
2025-10-01 01:55:08,349.26,0.3588,249.67,0.4978,1.4935,248.89,248.08,252.06,433.39,432.43,431.45,432.43,0.0,0.042,1.4515,0.0,0.0012,0.3576,0.0699,0,0,0.0699,0.3763,0,0.0104,0.3659,0.9815,1,1,0.9814,50,460.57,286.86,0,1,2025-10-01 01:55:08,16.7,84.8,,0,0,,1
2025-10-01 01:55:53,349.26,0.3581,249.74,0.4978,1.4935999999999998,248.75,248.25,252.23,433.36,432.85,431.42,432.56,0.0,0.0412,1.4524,0.0,0.0,0.3581,0.0699,0,0,0.0699,0.3766,0,0.0102,0.3663,0.9814,1,1,0.9814,50,460.57,286.86,0,1,2025-10-01 01:55:53,17.1,85.4,,0,0,,1
2025-10-01 01:56:38,349.27,0.3584,249.64,0.4972,1.4918,248.59,248.04,252.3,433.1,432.38,431.63,432.35,0.0,0.042,1.4498,0.0,0.0011,0.3573,0.0707,0,0,0.0707,0.3762,0,0.0104,0.3658,0.981,1,1,0.9809,50,460.58,286.86,0,1,2025-10-01 01:56:38,17.2,86.1,,0,0,,1
2025-10-01 01:57:23,349.27,0.3582,249.79,0.4983,1.4951,248.54,248.53,252.3,432.96,433.52,431.39,432.64,0.0,0.042,1.4531,0.0,0.0,0.3582,0.0706,0,0,0.0706,0.3771,0,0.0104,0.3666,0.9811,1,1,0.9811,50,460.58,286.87,0,1,2025-10-01 01:57:23,17.3,86.5,,0,0,,1
2025-10-01 01:58:08,349.28,0.359,249.62,0.4981,1.4945,248.69,247.33,252.84,432.29,432.68,432.02,432.3,0.0,0.0408,1.4537,0.0,0.0,0.359,0.0713,0,0,0.0713,0.3776,0,0.0101,0.3676,0.9808,1,1,0.9808,50,460.59,286.87,0,1,2025-10-01 01:58:08,17.4,87.1,,0,0,,1
2025-10-01 01:58:53,349.28,0.3592,249.54,0.4989,1.4968,248.57,247.12,252.93,432.82,431.92,431.8,432.18,0.0,0.0424,1.4544,0.0,0.0,0.3592,0.0717,0,0,0.0717,0.3783,0,0.0105,0.3679,0.9806,1,1,0.9806,49.9,460.59,286.87,0,1,2025-10-01 01:58:53,17.4,87.5,,0,0,,1
2025-10-01 01:59:38,349.29,0.3598,249.41,0.4981,1.4943,248.39,247.04,252.8,432.35,431.89,431.63,431.98,0.0,0.042,1.4523,0.0,0.0012,0.3586,0.0711,0,0,0.0711,0.3775,0,0.0104,0.3671,0.981,1,1,0.9808,50,460.6,286.87,0,1,2025-10-01 01:59:38,17.5,87.9,,0,0,,1
2025-10-01 02:00:23,349.29,0.3584,249.54,0.498,1.494,248.53,247.33,252.77,432.85,432.27,431.44,432.21,0.0,0.042,1.452,0.0,0.0,0.3584,0.0715,0,0,0.0715,0.3774,0,0.0104,0.367,0.9806,1,1,0.9806,50,460.6,286.87,0,1,2025-10-01 02:00:23,18.0,88.1,,0,0,,1
2025-10-01 02:01:08,349.3,0.3578,249.62,0.4977,1.4933,248.47,248.02,252.38,432.79,433.09,431.12,432.36,0.0,0.0424,1.4509,0.0,0.0,0.3578,0.0707,0,0,0.0707,0.3767,0,0.0105,0.3662,0.981,1,1,0.981,49.9,460.61,286.87,0,1,2025-10-01 02:01:08,18.0,88.4,,0,0,,1
2025-10-01 02:01:53,349.3,0.3572,249.69,0.4969,1.4907000000000001,248.9,247.91,252.28,432.89,432.75,431.75,432.42,0.0,0.0416,1.4491,0.0,0.0,0.3572,0.0704,0,0,0.0704,0.3759,0,0.0103,0.3656,0.9811,1,1,0.9811,49.9,460.61,286.87,0,1,2025-10-01 02:01:53,18.1,88.7,,0,0,,1
2025-10-01 02:02:38,349.31,0.3572,249.65,0.4969,1.4909,248.2,248.61,252.16,433.13,433.19,430.85,432.41,0.0,0.0412,1.4497,0.0,0.0,0.3572,0.0701,0,0,0.0701,0.3758,0,0.0102,0.3656,0.9812,1,1,0.9812,49.9,460.62,286.87,0,1,2025-10-01 02:02:38,18.1,88.9,,0,0,,1
2025-10-01 02:03:23,349.31,0.3587,249.85,0.4973,1.4921,248.39,248.7,252.48,433.01,433.92,431.29,432.78,0.0,0.042,1.4501,0.0,0.0011,0.3576,0.0709,0,0,0.0709,0.3766,0,0.0104,0.3661,0.981,1,1,0.9809,50,460.62,286.87,0,1,2025-10-01 02:03:23,18.2,89.1,,0,0,,1
2025-10-01 02:04:08,349.31,0.3523,249.87,0.4932,1.4798,250.9,249.66,249.07,434.31,432.69,431.37,431.99,0.0,0.0424,1.4374,0.0,0.0015,0.3508,0.0647,0,0,0.0647,0.3686,0,0.0106,0.358,0.9835,1,1,0.9833,49.9,460.62,286.87,0,1,2025-10-01 02:04:08,18.2,89.3,,0,0,,1
2025-10-01 02:04:53,349.32,0.3519,249.88,0.4926,1.478,251.34,249.32,248.99,434.43,432.76,431.2,432.87,0.0,0.0408,1.4372,0.0,0.0013,0.3506,0.0647,0,0,0.0647,0.368,0,0.0102,0.3578,0.9835,1,1,0.9834,50,460.63,286.87,0,1,2025-10-01 02:04:53,18.3,89.5,,0,0,,1
2025-10-01 02:05:38,349.32,0.3518,249.81,0.4921,1.4764000000000002,251.66,248.67,249.11,434.11,432.76,431.14,432.7,0.0,0.0416,1.4348,0.0,0.0015,0.3503,0.0649,0,0,0.0649,0.3678,0,0.0103,0.3574,0.9834,1,1,0.983,50,460.63,286.87,0,1,2025-10-01 02:05:38,18.7,89.7,,0,0,,1
2025-10-01 02:06:23,349.33,0.35,249.85,0.4918,1.4753999999999998,251.51,249.14,248.91,434.67,432.04,431.53,432.74,0.0,0.0412,1.4342,0.0,0.0,0.35,0.0646,0,0,0.0646,0.3673,0,0.0103,0.357,0.9833,1,1,0.9832,50,460.64,286.88,0,1,2025-10-01 02:06:23,18.8,90.2,,0,0,,1
2025-10-01 02:07:08,349.33,0.3501,249.76,0.4919,1.4758,251.61,249.3,248.39,434.92,431.73,431.14,432.79,0.0,0.0416,1.4342,0.0,0.001,0.3491,0.0637,0,0,0.0637,0.3666,0,0.0104,0.3562,0.9838,1,1,0.9838,50,460.64,286.88,0,1,2025-10-01 02:07:08,18.8,90.1,,0,0,,1
2025-10-01 02:07:53,349.34,0.3501,249.98,0.4914,1.4743,251.79,249.66,248.51,435.27,432.3,431.37,432.99,0.0,0.0408,1.4335,0.0,0.0011,0.349,0.0645,0,0,0.0645,0.3664,0,0.0102,0.3562,0.9834,1,1,0.9836,50,460.65,286.88,0,1,2025-10-01 02:07:53,18.9,90,,0,0,,1
2025-10-01 02:08:38,349.34,0.3515,250.3,0.4929,1.4788999999999999,251.83,249.94,249.14,435.2,433.52,431.85,433.5,0.0,0.0408,1.4381,0.0,0.001,0.3505,0.065,0,0,0.065,0.3685,0,0.0102,0.3583,0.9833,1,1,0.9832,50,460.65,286.88,0,1,2025-10-01 02:08:38,18.9,90,,0,0,,1
2025-10-01 02:09:23,349.34,0.3503,249.62,0.4915,1.4747000000000001,250.4,249.93,248.53,433.42,432.8,430.81,432.32,0.0,0.0416,1.4331,0.0,0.0013,0.349,0.0643,0,0,0.0643,0.3666,0,0.0104,0.3562,0.9835,1,1,0.9834,50,460.66,286.88,0,1,2025-10-01 02:09:23,19.0,90.1,,0,0,,1
2025-10-01 02:10:08,349.35,0.351,249.51,0.4917,1.4753,250.71,248.99,248.83,433.69,432.52,430.24,432.16,0.0,0.0408,1.4345,0.0,0.0014,0.3497,0.065,0,0,0.065,0.3671,0,0.0102,0.3569,0.9832,1,1,0.9831,50,460.66,286.88,0,1,2025-10-01 02:10:08,19.0,90.2,,0,0,,1
2025-10-01 02:10:53,349.39,3.9576,248.69,7.8873,23.6619,249.69,248.07,248.33,432.43,430.55,429.24,430.73,8.3449,7.6476,7.6694,1.516,1.0772,1.3644,4.3123,1.4265,1.5585,1.3273,5.8853,2.0836,1.8971,1.9045,0.6761,0.7282,0.5685,0.7167,50,460.72,286.92,1,1,2025-10-01 02:10:53,19.0,88.8,,1,0,,0
2025-10-01 02:11:38,349.44,4.0445,248.74,7.9602,23.8808,249.37,247.92,248.94,432.33,430.49,429.65,430.64,8.4162,7.7008,7.7638,1.5374,1.1084,1.3988,4.3089,1.4255,1.5512,1.3321,5.9407,2.0987,1.9092,1.9327,0.6843,0.7332,0.5813,0.7241,50,460.79,286.98,1,1,2025-10-01 02:11:38,18.9,81.8,,1,0,,0
2025-10-01 02:12:23,349.49,4.0286,249.48,7.9619,23.8859,248.56,248.22,251.68,433.23,432.22,430.84,432.14,8.3587,7.6654,7.8618,1.4964,1.1163,1.4158,4.3555,1.4381,1.537,1.3803,5.959,2.0776,1.9027,1.9787,0.679,0.721,0.5876,0.716,50,460.87,287.03,1,1,2025-10-01 02:12:23,18.8,78,,1,0,,0
2025-10-01 02:13:08,349.54,3.9715,248.52,7.8685,23.605600000000003,246.69,247.75,251.13,430.86,431.74,428.7,430.44,8.2027,7.5814,7.8215,1.4582,1.1164,1.3969,4.286,1.4001,1.5067,1.3792,5.866,2.0235,1.8783,1.9642,0.6796,0.7213,0.5953,0.7116,50,460.95,287.09,1,1,2025-10-01 02:13:08,18.2,75.5,,1,0,,0
2025-10-01 02:14:38,349.63,3.9014,248.35,7.8131,23.439500000000002,246.55,247.58,250.93,430.71,430.95,428.75,430.18,8.1532,7.5235,7.7628,1.4358,1.0898,1.3758,4.2886,1.404,1.507,1.3776,5.8208,2.0102,1.8627,1.9479,0.6729,0.7149,0.5859,0.7066,49.9,461.09,287.19,1,1,2025-10-01 02:14:38,17.5,72.4,,1,0,,0
2025-10-01 02:15:23,349.68,3.835,248.2,7.7572,23.2716,246.33,247.57,250.7,430.41,430.4,428.8,429.88,8.0982,7.4582,7.7152,1.4124,1.0655,1.357,4.2861,1.4057,1.5039,1.3765,5.7755,1.9948,1.8464,1.9342,0.6667,0.7087,0.578,0.702,49.9,461.16,287.24,1,1,2025-10-01 02:15:23,17.3,71.7,,1,0,,0
2025-10-01 02:16:53,349.78,3.9504,248.11,7.8466,23.5399,246.15,247.38,250.82,429.91,430.75,428.53,429.82,8.188,7.4981,7.8538,1.4418,1.1023,1.4062,4.2712,1.4055,1.488,1.3777,5.8402,2.0155,1.8549,1.9699,0.6789,0.716,0.5952,0.7143,49.9,461.3,287.35,1,1,2025-10-01 02:16:53,16.7,69.2,,1,0,,0
2025-10-01 02:17:38,349.83,3.9346,248.09,7.8322,23.4967,246.19,247.45,250.63,430.13,430.33,428.59,429.71,8.1376,7.5142,7.8449,1.4337,1.1054,1.3955,4.2707,1.3963,1.4913,1.3831,5.829,2.0034,1.8594,1.9662,0.6775,0.7164,0.5954,0.7102,49.9,461.38,287.4,1,1,2025-10-01 02:17:38,16.5,67.9,,1,0,,0
2025-10-01 02:18:23,349.88,3.9336,248.55,7.8571,23.5714,247.16,247.43,251.08,430.5,431.8,429.18,430.51,8.1909,7.5007,7.8798,1.4367,1.0915,1.4054,4.3116,1.4233,1.4972,1.3911,5.8588,2.0245,1.8559,1.9785,0.6739,0.7103,0.5891,0.7106,49.9,461.45,287.46,1,1,2025-10-01 02:18:23,16.4,67.4,,1,0,,0
2025-10-01 02:19:08,349.93,3.9519,248.42,7.8669,23.6009,247.02,247.42,250.83,430.73,430.73,429.32,430.28,8.209,7.5306,7.8613,1.4488,1.0991,1.4041,4.2987,1.4155,1.5007,1.3825,5.8629,2.0278,1.8632,1.9718,0.6767,0.7152,0.5908,0.7125,49.9,461.53,287.51,1,1,2025-10-01 02:19:08,15.9,66.7,,1,0,,0
2025-10-01 02:19:53,349.98,3.9119,248.36,7.8331,23.4994,246.86,247.42,250.81,430.11,431.15,429.23,430.21,8.1775,7.4908,7.8311,1.434,1.0847,1.3932,4.2998,1.4177,1.4991,1.383,5.8362,2.0187,1.8534,1.9641,0.6729,0.7111,0.5862,0.7097,49.9,461.6,287.57,1,1,2025-10-01 02:19:53,15.8,65.9,,1,0,,0
2025-10-01 02:20:38,350.03,3.8168,248.29,7.7563,23.2691,247.14,246.71,251.03,430.28,430.6,429.22,429.99,8.1553,7.4065,7.7073,1.4135,1.037,1.3663,4.3033,1.434,1.501,1.3682,5.7775,2.0155,1.8273,1.9348,0.6635,0.7019,0.5684,0.7065,49.9,461.67,287.62,1,1,2025-10-01 02:20:38,15.8,65.2,,1,0,,0
2025-10-01 02:22:08,350.12,3.9094,248.61,7.849,23.5471,246.97,247.74,251.12,430.7,431.85,429.21,430.64,8.1977,7.5295,7.8199,1.4374,1.0854,1.3866,4.3248,1.4226,1.5135,1.3886,5.8537,2.0246,1.8654,1.9637,0.6705,0.7107,0.5827,0.7065,49.8,461.81,287.73,1,1,2025-10-01 02:22:08,15.6,63.6,,1,0,,0
2025-10-01 02:22:53,350.17,3.962,248.78,7.893,23.679100000000002,247.15,248,251.21,431.2,431.96,429.51,430.9,8.2323,7.5673,7.8795,1.4527,1.104,1.4052,4.3281,1.4217,1.514,1.3924,5.8907,2.0346,1.8767,1.9794,0.6752,0.7146,0.5891,0.7103,49.9,461.89,287.78,1,1,2025-10-01 02:22:53,15.2,62.9,,1,0,,0
2025-10-01 02:23:38,350.21,0.3643,249.77,0.5047,1.5143,248.43,249.04,251.85,433.16,433.1,431.54,432.67,0.0,0.0416,1.4727,0.0,0.001,0.3633,0.0678,0,0,0.0678,0.3813,0,0.0104,0.3709,0.9831,1,1,0.983,49.9,461.94,287.82,0,1,2025-10-01 02:23:38,15.1,62.3,,0,0,,1
2025-10-01 02:24:23,350.21,0.3606,249.74,0.5004,1.5013,248.35,249.04,251.84,432.85,433.75,431.05,432.57,0.0,0.042,1.4593,0.0,0.0013,0.3592,0.0701,0,0,0.0701,0.378,0,0.0105,0.3675,0.9816,1,1,0.9814,49.9,461.94,287.82,0,1,2025-10-01 02:24:23,15.1,64.6,,0,0,,1
2025-10-01 02:25:08,350.21,0.3595,249.74,0.5006,1.502,248.58,248.84,251.8,433.27,432.73,431.63,432.51,0.0,0.0416,1.4604,0.0,0.0,0.3595,0.0698,0,0,0.0698,0.3781,0,0.0104,0.3677,0.9816,1,1,0.9816,49.9,461.95,287.82,0,1,2025-10-01 02:25:08,15.1,68.7,,0,0,,1
2025-10-01 02:25:53,350.22,0.3586,249.84,0.4992,1.4978,248.78,248.83,251.92,433.28,433.27,431.62,432.72,0.0,0.0408,1.457,0.0,0.0,0.3586,0.0706,0,0,0.0706,0.3772,0,0.0102,0.367,0.9811,1,1,0.9811,49.9,461.95,287.82,0,1,2025-10-01 02:25:53,15.1,72.2,,0,0,,1
2025-10-01 02:26:38,350.22,0.3593,249.86,0.4987,1.4961,248.59,249.13,251.87,433.56,433.39,431.32,432.75,0.0,0.0416,1.4545,0.0,0.0014,0.3579,0.0707,0,0,0.0707,0.3767,0,0.0104,0.3663,0.9811,1,1,0.981,49.9,461.96,287.82,0,1,2025-10-01 02:26:38,15.6,74.7,,0,0,,1
2025-10-01 02:27:23,350.23,0.3594,249.96,0.4989,1.4968000000000001,248.44,249.34,252.11,433.22,434.06,431.52,432.92,0.0,0.042,1.4548,0.0,0.0011,0.3583,0.0706,0,0,0.0706,0.3772,0,0.0105,0.3668,0.9812,1,1,0.9811,49.9,461.96,287.82,0,1,2025-10-01 02:27:23,15.7,76.6,,0,0,,1
2025-10-01 02:28:08,350.23,0.3601,250.02,0.4991,1.4972999999999999,248.29,249.57,252.21,433.32,434.34,431.45,433.04,0.0,0.0408,1.4565,0.0,0.0012,0.3589,0.0706,0,0,0.0706,0.3775,0,0.0102,0.3673,0.9813,1,1,0.9811,49.9,461.97,287.82,0,1,2025-10-01 02:28:08,15.8,78.3,,0,0,,1
2025-10-01 02:28:53,350.24,0.3585,250.18,0.4991,1.4975,248.42,249.91,252.23,433.57,434.62,431.77,433.28,0.0,0.0424,1.4551,0.0,0.0,0.3585,0.0713,0,0,0.0713,0.3776,0,0.0106,0.367,0.9808,1,1,0.9808,49.9,461.97,287.82,0,1,2025-10-01 02:28:53,15.9,79.8,,0,0,,1
2025-10-01 02:29:38,350.24,0.3591,249.91,0.4995,1.4985,248.59,248.53,252.61,432.92,433.57,432.02,432.84,0.0,0.0432,1.4553,0.0,0.0,0.3591,0.0713,0,0,0.0713,0.3784,0,0.0107,0.3676,0.9808,1,1,0.9808,49.9,461.98,287.82,0,1,2025-10-01 02:29:38,16.4,81.2,,0,0,,1
2025-10-01 02:30:23,350.25,0.3586,249.96,0.4987,1.4963,248.69,248.61,252.59,432.98,433.88,431.93,432.9,0.0,0.0424,1.4539,0.0,0.0,0.3586,0.0717,0,0,0.0717,0.3778,0,0.0105,0.3672,0.9805,1,1,0.9805,49.9,461.98,287.82,0,1,2025-10-01 02:30:23,16.5,82.2,,0,0,,1
2025-10-01 02:31:08,350.25,0.3594,250.08,0.4977,1.4932999999999998,248.51,248.92,252.82,433.34,433.97,432.1,433.13,0.0,0.0408,1.4525,0.0,0.0011,0.3584,0.0723,0,0,0.0723,0.3774,0,0.0102,0.3672,0.9803,1,1,0.9802,49.9,461.98,287.82,0,1,2025-10-01 02:31:08,16.6,83.3,,0,0,,1
2025-10-01 02:31:53,350.25,0.3583,250,0.4983,1.4949,248.36,249.21,252.44,433.52,433.16,432.31,432.93,0.0,0.0412,1.4537,0.0,0.0,0.3583,0.0718,0,0,0.0718,0.3772,0,0.0103,0.367,0.9805,1,1,0.9805,49.9,461.99,287.83,0,1,2025-10-01 02:31:53,16.7,84,,0,0,,1
2025-10-01 02:32:38,350.26,0.3584,249.68,0.4975,1.4926,248.37,248.56,252.12,432.87,432.7,431.75,432.46,0.0,0.042,1.4506,0.0,0.0011,0.3573,0.0706,0,0,0.0706,0.3762,0,0.0104,0.3657,0.9811,1,1,0.981,49.9,461.99,287.83,0,1,2025-10-01 02:32:38,17.1,84.7,,0,0,,1
2025-10-01 02:33:23,350.26,0.3591,249.64,0.4984,1.4953,248.45,248.43,252.05,432.98,432.41,431.73,432.36,0.0,0.0424,1.4529,0.0,0.0014,0.3577,0.0708,0,0,0.0708,0.3767,0,0.0105,0.3662,0.9811,1,1,0.9809,49.9,462,287.83,0,1,2025-10-01 02:33:23,17.2,85.4,,0,0,,1
2025-10-01 02:34:08,350.27,0.3594,249.66,0.4988,1.4966,248.61,248.25,252.14,433.09,432.49,431.66,432.37,0.0,0.0424,1.4542,0.0,0.0011,0.3582,0.0706,0,0,0.0706,0.3772,0,0.0105,0.3667,0.9812,1,1,0.9811,49.9,462,287.83,0,1,2025-10-01 02:34:08,17.3,86.1,,0,0,,1
2025-10-01 02:35:00,350.27,0.358,249.62,0.497,1.4911999999999999,248.37,248.72,251.79,432.68,433.31,431.06,432.34,0.0,0.0412,1.45,0.0,0.0012,0.3567,0.0704,0,0,0.0704,0.3753,0,0.0102,0.3651,0.9812,1,1,0.981,49.9,462.01,287.83,0,1,2025-10-01 02:35:00,17.4,86.8,,0,0,,1
2025-10-01 02:35:45,350.28,0.3582,249.94,0.4976,1.4928,248.65,249.04,252.14,433.32,433.61,431.76,432.88,0.0,0.0428,1.45,0.0,0.001,0.3571,0.0705,0,0,0.0705,0.3763,0,0.0107,0.3656,0.9811,1,1,0.981,49.9,462.01,287.83,0,1,2025-10-01 02:35:45,17.4,87.2,,0,0,,1
2025-10-01 02:36:30,350.28,0.3561,250.05,0.4957,1.4871,248.9,249.26,252.01,433.7,433.59,431.99,433.06,0.0,0.0403,1.4468,0.0,0.0,0.3561,0.0709,0,0,0.0709,0.3747,0,0.01,0.3646,0.9807,1,1,0.9807,49.9,462.02,287.83,0,1,2025-10-01 02:36:30,17.5,87.5,,0,0,,1
2025-10-01 02:37:15,350.29,0.3578,250.06,0.4979,1.4936999999999998,248.88,249.23,252.08,433.69,433.53,432.1,433.13,0.0,0.0412,1.4525,0.0,0.0,0.3578,0.0703,0,0,0.0703,0.3764,0,0.0103,0.3661,0.9812,1,1,0.9812,49.9,462.02,287.83,0,1,2025-10-01 02:37:15,18.0,87.7,,0,0,,1
2025-10-01 02:38:00,350.29,0.3564,250.12,0.496,1.488,248.97,249.33,252.07,433.76,433.7,432.16,433.14,0.0,0.0403,1.4477,0.0,0.0,0.3564,0.0706,0,0,0.0706,0.375,0,0.01,0.3649,0.9809,1,1,0.9809,49.9,462.03,287.83,0,1,2025-10-01 02:38:00,18.0,88.1,,0,0,,1
2025-10-01 02:38:45,350.3,0.3593,250.05,0.4976,1.4928000000000001,249.12,248.54,252.5,433.72,433.33,432.19,433.06,0.0,0.0416,1.4512,0.0,0.0013,0.3579,0.0708,0,0,0.0708,0.3768,0,0.0103,0.3664,0.9811,1,1,0.981,49.9,462.03,287.83,0,1,2025-10-01 02:38:45,18.1,88.3,,0,0,,1
2025-10-01 02:39:30,350.3,0.3586,250.01,0.4973,1.492,249.21,248.46,252.37,433.88,433.52,431.62,432.99,0.0,0.042,1.45,0.0,0.0012,0.3575,0.0708,0,0,0.0708,0.3764,0,0.0104,0.3659,0.981,1,1,0.9809,49.9,462.04,287.83,0,1,2025-10-01 02:39:30,18.1,88.4,,0,0,,1
2025-10-01 02:40:15,350.31,0.36,250.09,0.4985,1.4957,249.25,248.46,252.57,434.28,433.45,431.69,433.11,0.0,0.0416,1.4541,0.0,0.0013,0.3587,0.0711,0,0,0.0711,0.3776,0,0.0103,0.3673,0.981,1,1,0.9809,49.9,462.04,287.84,0,1,2025-10-01 02:40:15,18.2,88.6,,0,0,,1
2025-10-01 02:41:00,350.31,0.3577,250.21,0.4977,1.4931999999999999,249.27,248.92,252.45,433.91,434.15,432.02,433.36,0.0,0.0428,1.4504,0.0,0.0,0.3577,0.0706,0,0,0.0706,0.3768,0,0.0107,0.3662,0.981,1,1,0.981,49.9,462.05,287.84,0,1,2025-10-01 02:41:00,18.2,88.7,,0,0,,1
2025-10-01 02:42:07,350.32,0.3583,250.44,0.4973,1.4921,249.64,249.23,252.46,434.29,434.42,432.57,433.73,0.0,0.0399,1.4522,0.0,0.0,0.3583,0.07,0,0,0.07,0.3766,0,0.0099,0.3666,0.9814,1,1,0.9814,50,462.06,287.84,0,1,2025-10-01 02:42:07,18.7,89,,0,0,,1
2025-10-01 02:42:52,350.32,0.3589,250.44,0.4972,1.4917,249.43,249.36,252.55,433.97,434.77,432.56,433.8,0.0,0.0416,1.4501,0.0,0.001,0.3579,0.07,0,0,0.07,0.3766,0,0.0104,0.3662,0.9814,1,1,0.9813,50,462.06,287.84,0,1,2025-10-01 02:42:52,18.8,89,,0,0,,1
2025-10-01 02:43:37,350.33,0.3584,250.48,0.4975,1.4925000000000002,249.4,249.21,252.84,433.91,434.64,432.95,433.87,0.0,0.0416,1.4509,0.0,0.0,0.3584,0.0702,0,0,0.0702,0.3772,0,0.0104,0.3668,0.9813,1,1,0.9813,50,462.07,287.84,0,1,2025-10-01 02:43:37,18.8,89.1,,0,0,,1
2025-10-01 02:44:22,350.33,0.3594,250.36,0.4967,1.4903000000000002,249,249.3,252.79,433.88,434.55,432.43,433.6,0.0,0.0416,1.4487,0.0,0.0016,0.3578,0.0704,0,0,0.0704,0.3766,0,0.0104,0.3662,0.9813,1,1,0.9812,50,462.07,287.84,0,1,2025-10-01 02:44:22,18.8,89.3,,0,0,,1
2025-10-01 02:45:07,350.34,0.3583,250.08,0.4965,1.4894999999999998,248.74,248.94,252.58,433.56,433.84,432.03,433.12,0.0,0.0412,1.4483,0.0,0.001,0.3573,0.0707,0,0,0.0707,0.3761,0,0.0103,0.3658,0.9811,1,1,0.9809,49.9,462.08,287.84,0,1,2025-10-01 02:45:07,18.9,89.4,,0,0,,1
2025-10-01 02:45:52,350.34,0.3567,249.97,0.4964,1.4894,248.58,248.96,252.38,433.37,433.49,431.97,432.92,0.0,0.0424,1.447,0.0,0.0,0.3567,0.0705,0,0,0.0705,0.3757,0,0.0106,0.3652,0.981,1,1,0.981,49.9,462.08,287.84,0,1,2025-10-01 02:45:52,18.9,89.4,,0,0,,1
2025-10-01 02:46:37,350.35,0.3578,249.61,0.4964,1.4892,248.3,248.53,252.01,432.69,433.24,431.03,432.31,0.0,0.0416,1.4476,0.0,0.0011,0.3567,0.0691,0,0,0.0691,0.3751,0,0.0103,0.3648,0.9818,1,1,0.9817,49.9,462.08,287.84,0,1,2025-10-01 02:46:37,19.0,89.5,,0,0,,1
2025-10-01 02:47:22,350.35,0.359,250.19,0.497,1.4911,249.61,248.58,252.39,433.79,433.93,432.26,433.31,0.0,0.0424,1.4487,0.0,0.0016,0.3574,0.0709,0,0.0012,0.0697,0.3762,0,0.0105,0.3656,0.981,1,1,0.9814,49.9,462.09,287.84,0,1,2025-10-01 02:47:22,19.0,89.7,,0,0,,1
2025-10-01 02:48:07,350.37,3.7516,249.33,7.7567,23.2702,248.45,247.68,251.88,432.27,432.05,431.21,431.82,8.1719,7.4288,7.6695,1.4011,1.0102,1.3403,4.3907,1.4665,1.5345,1.3896,5.8021,2.0303,1.84,1.9318,0.6496,0.6908,0.5498,0.6942,49.9,462.12,287.87,1,1,2025-10-01 02:48:07,19.0,89.2,,1,0,,0
2025-10-01 02:49:14,350.46,3.7745,248.65,7.7566,23.27,248.47,245.65,251.84,430.79,430.11,431.06,431.56,8.2575,7.2839,7.7286,1.4051,0.984,1.3854,4.3345,1.4899,1.4853,1.3593,5.7874,2.0517,1.7893,1.9464,0.6567,0.686,0.5522,0.7138,49.9,462.26,287.97,1,1,2025-10-01 02:49:14,18.9,79.5,,1,0,,0
2025-10-01 02:49:59,350.51,3.7515,248.89,7.7358,23.2076,248.82,246.59,251.27,431.94,430.77,430.49,431.16,8.1767,7.3954,7.6355,1.407,0.9995,1.3449,4.3544,1.4662,1.5215,1.3667,5.7767,2.0345,1.8236,1.9186,0.6527,0.6923,0.549,0.7014,49.9,462.33,288.02,1,1,2025-10-01 02:49:59,18.7,76.6,,1,0,,0
2025-10-01 02:50:44,350.55,3.803,248.96,7.7685,23.3057,248.96,246.74,251.2,431.59,431.33,430.68,431.17,8.1925,7.4415,7.6717,1.424,1.0207,1.3583,4.3458,1.4572,1.5228,1.3658,5.8029,2.0396,1.8361,1.9271,0.6585,0.6989,0.5567,0.7051,49.9,462.4,288.08,1,1,2025-10-01 02:50:44,18.2,73.9,,1,0,,0
2025-10-01 02:51:29,350.6,3.8023,249.03,7.7734,23.3204,248.05,247.48,251.58,431.8,431.27,430.89,431.35,8.1659,7.4588,7.6957,1.4136,1.0344,1.3543,4.355,1.4477,1.5254,1.3819,5.8075,2.0256,1.8459,1.9361,0.6576,0.6986,0.5612,0.6999,49.9,462.47,288.13,1,1,2025-10-01 02:51:29,18.0,72.1,,1,0,,0
2025-10-01 02:52:14,350.65,3.8283,249.16,7.7868,23.3604,248.04,247.69,251.76,431.89,431.92,430.81,431.58,8.1427,7.4561,7.7616,1.4108,1.0495,1.368,4.352,1.4421,1.516,1.3939,5.8206,2.0197,1.8468,1.9541,0.6604,0.6993,0.5691,0.7004,49.9,462.55,288.19,1,1,2025-10-01 02:52:14,17.4,70,,1,0,,0
2025-10-01 02:52:59,350.7,3.8043,249.32,7.7823,23.3469,248.62,247.54,251.8,432.17,432.3,430.97,431.82,8.1505,7.4499,7.7465,1.4073,1.0342,1.3628,4.3723,1.455,1.5232,1.3941,5.8211,2.0264,1.8441,1.9506,0.6564,0.6952,0.5617,0.699,49.9,462.62,288.24,1,1,2025-10-01 02:52:59,17.2,69.9,,1,0,,0
2025-10-01 02:53:44,350.75,3.7912,249.45,7.7693,23.308,248.74,247.7,251.91,432.23,433.12,430.75,431.99,8.1493,7.4343,7.7244,1.4057,1.0269,1.3585,4.3727,1.457,1.5244,1.3913,5.8144,2.0271,1.8415,1.9459,0.655,0.6943,0.5587,0.6986,50,462.69,288.3,1,1,2025-10-01 02:53:44,16.7,69.2,,1,0,,0
2025-10-01 02:54:29,350.79,3.7448,249.31,7.7192,23.157799999999998,248.75,247.6,251.6,432.73,431.8,430.87,431.8,8.1252,7.3967,7.6359,1.4,1.0062,1.3386,4.3579,1.4547,1.5266,1.3765,5.7738,2.0211,1.8314,1.9212,0.6517,0.6934,0.5503,0.6971,49.9,462.76,288.35,1,1,2025-10-01 02:54:29,16.6,68,,1,0,,0
2025-10-01 02:55:14,350.84,3.767,249.1,7.7386,23.215999999999998,248.45,247.49,251.38,431.92,432.36,430.05,431.44,8.1763,7.4083,7.6314,1.413,1.0096,1.3444,4.3511,1.4565,1.5272,1.3673,5.7833,2.0314,1.8335,1.9184,0.6545,0.6963,0.5514,0.701,50,462.83,288.4,1,1,2025-10-01 02:55:14,16.4,67.6,,1,0,,0
2025-10-01 02:56:20,350.92,3.808,249.19,7.76,23.2801,248.27,247.49,251.81,432.13,432.33,430.29,431.63,8.1716,7.404,7.7045,1.4146,1.0276,1.3658,4.3403,1.451,1.5133,1.376,5.8012,2.0288,1.8324,1.9401,0.6595,0.698,0.5617,0.7044,50,462.97,288.5,1,1,2025-10-01 02:56:20,15.9,66.3,,1,0,,0
2025-10-01 02:57:05,350.97,3.7662,249.04,7.723,23.1692,248.27,247.26,251.59,432.05,431.72,430.2,431.24,8.1257,7.3986,7.6449,1.4036,1.0162,1.3464,4.3345,1.4456,1.5173,1.3716,5.7701,2.0174,1.8294,1.9234,0.6558,0.6965,0.5564,0.7005,50,463.04,288.56,1,1,2025-10-01 02:57:05,15.8,64.7,,1,0,,0
2025-10-01 02:57:50,351.02,3.7604,248.82,7.7009,23.102800000000002,247.87,247.11,251.49,431.26,431.72,429.86,430.94,8.1071,7.3489,7.6468,1.3969,1.0124,1.351,4.3125,1.4416,1.504,1.3669,5.7486,2.0095,1.816,1.9231,0.6572,0.6959,0.5584,0.7029,50,463.11,288.61,1,1,2025-10-01 02:57:50,15.7,63.8,,1,0,,0
2025-10-01 02:58:35,351.07,3.7459,248.81,7.6857,23.057299999999998,247.92,247.22,251.3,431.25,431.84,429.71,430.94,8.0579,7.3712,7.6282,1.3909,1.0162,1.3389,4.311,1.4312,1.5093,1.3705,5.737,1.9977,1.8223,1.917,0.6559,0.6969,0.5584,0.6987,50,463.18,288.67,1,1,2025-10-01 02:58:35,15.6,64.1,,1,0,,0
2025-10-01 02:59:20,351.11,3.7302,248.84,7.6734,23.020400000000002,247.9,247.3,251.34,431.43,431.85,429.7,431.05,8.0524,7.3586,7.6094,1.3874,1.0099,1.3329,4.3127,1.4323,1.5104,1.37,5.7285,1.9962,1.8198,1.9125,0.6541,0.6957,0.5558,0.6973,50,463.26,288.72,1,1,2025-10-01 02:59:20,15.2,63.8,,1,0,,0
2025-10-01 03:00:05,351.16,3.7506,248.55,7.6897,23.0691,247.8,246.31,251.54,430.9,430.89,429.63,430.47,8.0711,7.3365,7.6615,1.3864,1.0115,1.3528,4.304,1.4387,1.4942,1.3711,5.7342,2,1.8071,1.9272,0.6569,0.6938,0.5605,0.7023,50,463.32,288.77,1,1,2025-10-01 03:00:05,15.1,64.6,,1,0,,0
2025-10-01 03:00:50,351.18,0.365,249.38,0.5042,1.5127,249,246.96,252.2,432.3,432.24,431.22,431.9,0.0,0.0424,1.4703,0.0,0.0018,0.3631,0.0674,0,0,0.0674,0.3813,0,0.0105,0.3708,0.9833,1,1,0.9831,50,463.35,288.79,0,1,2025-10-01 03:00:50,15.1,64.1,,0,0,,1
2025-10-01 03:01:35,351.18,0.3603,249.36,0.5014,1.5044,248.96,247.24,251.9,432.6,432.16,430.9,431.91,0.0,0.0428,1.4616,0.0,0.0,0.3603,0.068,0,0,0.068,0.3788,0,0.0106,0.3682,0.9826,1,1,0.9826,50,463.36,288.79,0,1,2025-10-01 03:01:35,15.1,66.8,,0,0,,1
2025-10-01 03:02:20,351.18,0.3604,249.45,0.5002,1.5007,248.99,247.77,251.6,432.94,432.42,430.76,431.99,0.0,0.0424,1.4583,0.0,0.0014,0.359,0.0681,0,0,0.0681,0.3774,0,0.0105,0.3669,0.9826,1,1,0.9824,49.9,463.36,288.79,0,1,2025-10-01 03:02:20,15.1,70.9,,0,0,,1
2025-10-01 03:03:05,351.19,0.3605,249.62,0.4998,1.4994,249.32,247.84,251.71,433.41,432.1,431.49,432.32,0.0,0.0416,1.4578,0.0,0.0014,0.3591,0.0683,0,0,0.0683,0.3773,0,0.0103,0.3669,0.9825,1,1,0.9824,50,463.37,288.79,0,1,2025-10-01 03:03:05,15.2,74,,0,0,,1
2025-10-01 03:03:50,351.19,0.3621,250.31,0.501,1.5032,250.1,248.45,252.4,434.53,433.57,432.5,433.57,0.0,0.0416,1.4616,0.0,0.0013,0.3608,0.0694,0,0,0.0694,0.3792,0,0.0103,0.3689,0.9821,1,1,0.982,50,463.37,288.79,0,1,2025-10-01 03:03:50,15.7,76.3,,0,0,,1
2025-10-01 03:04:35,351.2,0.3619,250.19,0.5008,1.5025,250.09,248.25,252.25,434.16,433.11,432.71,433.33,0.0,0.0403,1.4622,0.0,0.001,0.3609,0.0685,0,0,0.0685,0.3788,0,0.01,0.3688,0.9825,1,1,0.9824,50,463.38,288.79,0,1,2025-10-01 03:04:35,15.8,78.8,,0,0,,1
2025-10-01 03:05:20,351.2,0.3613,250.17,0.5005,1.5017,249.95,248.43,252.14,434.14,433.42,432.31,433.25,0.0,0.0416,1.4601,0.0,0.0011,0.3602,0.0687,0,0,0.0687,0.3785,0,0.0103,0.3681,0.9823,1,1,0.9822,50,463.38,288.79,0,1,2025-10-01 03:05:20,15.9,81,,0,0,,1
2025-10-01 03:06:05,351.21,0.3598,250.17,0.4988,1.4964,250.04,248.45,252.03,434.02,433.31,432.54,433.25,0.0,0.0428,1.4536,0.0,0.0017,0.3581,0.071,0,0.0015,0.0695,0.377,0,0.0106,0.3664,0.981,1,1,0.9816,50,463.39,288.8,0,1,2025-10-01 03:06:05,16.4,82.2,,0,0,,1
2025-10-01 03:06:50,351.21,0.3621,249.97,0.5001,1.5005,246.61,250.32,252.99,433.15,434.18,431.5,432.92,0.0,0.0424,1.4581,0.0,0.0016,0.3605,0.0705,0,0,0.0705,0.3795,0,0.0106,0.3689,0.9815,1,1,0.9814,50,463.39,288.8,0,1,2025-10-01 03:06:50,16.5,83.2,,0,0,,1
2025-10-01 03:07:35,351.22,0.3639,249.86,0.5019,1.5057999999999998,246.51,249.99,253.08,433.08,433.44,431.71,432.8,0.0,0.0432,1.4626,0.0,0.002,0.3619,0.0699,0,0,0.0699,0.381,0,0.0108,0.3702,0.982,1,1,0.9818,50,463.4,288.8,0,1,2025-10-01 03:07:35,16.6,83.8,,0,0,,1
2025-10-01 03:08:20,351.22,0.3618,249.98,0.4994,1.4984,246.52,250.16,253.27,433.33,433.68,431.85,432.97,0.0,0.0412,1.4572,0.0,0.0013,0.3605,0.071,0,0,0.071,0.3794,0,0.0103,0.3691,0.9812,1,1,0.9811,50,463.4,288.8,0,1,2025-10-01 03:08:20,16.7,84.3,,0,0,,1
2025-10-01 03:09:05,351.23,0.3604,249.31,0.499,1.4971,245.39,249.93,252.61,432.23,432.82,430.31,431.78,0.0,0.0416,1.4555,0.0,0.0011,0.3593,0.07,0,0,0.07,0.3781,0,0.0104,0.3677,0.9816,1,1,0.9815,50,463.41,288.8,0,1,2025-10-01 03:09:05,17.2,84.9,,0,0,,1
2025-10-01 03:09:50,351.23,0.3606,249.34,0.4985,1.4956999999999998,245.26,249.99,252.79,431.81,433.35,430.41,431.88,0.0,0.0412,1.4545,0.0,0.0012,0.3594,0.07,0,0,0.07,0.378,0,0.0103,0.3677,0.9816,1,1,0.9815,50,463.41,288.8,0,1,2025-10-01 03:09:50,17.3,85.5,,0,0,,1
2025-10-01 03:10:35,351.23,0.3586,248.52,0.4976,1.493,244.34,249.48,251.76,430.62,432.15,428.54,430.44,0.0,0.0416,1.4514,0.0,0.0013,0.3573,0.0688,0,0,0.0688,0.3758,0,0.0104,0.3654,0.9821,1,1,0.9819,50,463.41,288.8,0,1,2025-10-01 03:10:35,17.4,86.1,,0,0,,1
2025-10-01 03:11:20,351.24,0.3599,248.41,0.499,1.4971,244.54,248.53,252.16,430.39,431.39,428.9,430.26,0.0,0.042,1.4551,0.0,0.0012,0.3587,0.0695,0,0,0.0695,0.3774,0,0.0104,0.3669,0.9818,1,1,0.9817,50,463.42,288.8,0,1,2025-10-01 03:11:20,17.4,86.4,,0,0,,1
2025-10-01 03:12:05,351.24,0.3591,248.54,0.4974,1.4922,244.67,248.77,252.18,430.59,431.9,428.88,430.45,0.0,0.0416,1.4506,0.0,0.0014,0.3577,0.069,0,0,0.069,0.3762,0,0.0103,0.3658,0.982,1,1,0.9819,50,463.42,288.8,0,1,2025-10-01 03:12:05,17.5,87.3,,0,0,,1
2025-10-01 03:12:50,351.25,0.3596,248.48,0.4981,1.4943,244.71,248.57,252.17,430.51,431.62,428.93,430.33,0.0,0.0412,1.4531,0.0,0.0012,0.3584,0.0691,0,0,0.0691,0.3767,0,0.0102,0.3664,0.982,1,1,0.9819,50,463.43,288.8,0,1,2025-10-01 03:12:50,18.0,88,,0,0,,1
2025-10-01 03:13:35,351.25,0.359,248.68,0.4975,1.4926000000000001,244.43,249.53,252.08,430.53,432.15,429.43,430.7,0.0,0.0416,1.451,0.0,0.0013,0.3577,0.0691,0,0,0.0691,0.3761,0,0.0104,0.3658,0.9819,1,1,0.9821,50.1,463.43,288.8,0,1,2025-10-01 03:13:35,18.1,87.7,,0,0,,1
2025-10-01 03:14:20,351.26,0.3573,248.5,0.4975,1.4927,244.24,249.36,251.9,430.49,430.99,429.66,430.38,0.0,0.0424,1.4503,0.0,0.0,0.3573,0.0686,0,0,0.0686,0.3759,0,0.0106,0.3653,0.982,1,1,0.982,50,463.44,288.81,0,1,2025-10-01 03:14:20,18.1,87.8,,0,0,,1
2025-10-01 03:15:05,351.26,0.3572,248.48,0.4971,1.4914,244.23,249.41,251.82,430.35,431.79,428.97,430.37,0.0,0.042,1.4494,0.0,0.0,0.3572,0.0687,0,0,0.0687,0.3755,0,0.0105,0.365,0.982,1,1,0.9821,50,463.44,288.81,0,1,2025-10-01 03:15:05,18.2,88,,0,0,,1
2025-10-01 03:15:50,351.27,0.3578,248.47,0.4967,1.4901,244.12,249.81,251.49,430.51,431.94,428.58,430.28,0.0,0.042,1.4481,0.0,0.0017,0.3561,0.0681,0,0,0.0681,0.3747,0,0.0105,0.3642,0.9823,1,1,0.9822,50,463.45,288.81,0,1,2025-10-01 03:15:50,18.2,88.3,,0,0,,1
2025-10-01 03:16:35,351.27,0.3558,248.37,0.4962,1.4887,243.9,250.02,251.19,430.2,432.02,428.29,430.21,0.0,0.0412,1.4475,0.0,0.0,0.3558,0.0676,0,0,0.0676,0.3739,0,0.0103,0.3636,0.9824,1,1,0.9824,50,463.45,288.81,0,1,2025-10-01 03:16:35,18.3,88.6,,0,0,,1
2025-10-01 03:17:20,351.27,0.3571,248.6,0.4964,1.4894,244.1,250.29,251.41,431.3,432.1,428.28,430.54,0.0,0.042,1.4474,0.0,0.0012,0.3559,0.0681,0,0,0.0681,0.3744,0,0.0105,0.3639,0.9822,1,1,0.9821,50,463.46,288.81,0,1,2025-10-01 03:17:20,18.7,89,,0,0,,1
2025-10-01 03:18:05,351.28,0.3562,248.59,0.4962,1.4888000000000001,243.86,250.34,251.57,430.48,432.21,428.96,430.55,0.0,0.0416,1.4472,0.0,0.0,0.3562,0.0679,0,0,0.0679,0.3745,0,0.0104,0.3641,0.9823,1,1,0.9823,50,463.46,288.81,0,1,2025-10-01 03:18:05,18.8,89,,0,0,,1
2025-10-01 03:18:50,351.28,0.3572,248.57,0.4964,1.4892,243.99,250.11,251.62,430.39,432.41,428.77,430.52,0.0,0.0436,1.4456,0.0,0.0015,0.3557,0.0685,0,0,0.0685,0.3746,0,0.0109,0.3637,0.9821,1,1,0.9819,50,463.47,288.81,0,1,2025-10-01 03:18:50,18.8,89,,0,0,,1
2025-10-01 03:19:35,351.29,0.3562,248.44,0.4952,1.4856999999999998,243.96,249.97,251.4,430.12,432.1,428.68,430.29,0.0,0.0412,1.4445,0.0,0.001,0.3552,0.0683,0,0,0.0683,0.3734,0,0.0103,0.3631,0.9821,1,1,0.982,50,463.47,288.81,0,1,2025-10-01 03:19:35,18.9,89.1,,0,0,,1
2025-10-01 03:20:20,351.29,0.3554,248.41,0.4957,1.4871,243.97,249.82,251.44,429.94,432.07,428.72,430.29,0.0,0.042,1.4451,0.0,0.0,0.3554,0.0679,0,0,0.0679,0.3738,0,0.0105,0.3634,0.9822,1,1,0.9822,50,463.48,288.81,0,1,2025-10-01 03:20:20,18.9,89.1,,0,0,,1
2025-10-01 03:21:05,351.3,0.3564,248.33,0.4949,1.4848999999999999,244.03,249.34,251.64,430.11,431.48,428.73,430.08,0.0,0.0428,1.4421,0.0,0.0016,0.3549,0.0685,0,0,0.0685,0.3736,0,0.0107,0.3629,0.982,1,1,0.9818,50,463.48,288.81,0,1,2025-10-01 03:21:05,18.9,89.3,,0,0,,1
2025-10-01 03:21:50,351.3,0.3577,248.21,0.4967,1.4902,243.8,249.29,251.55,429.93,431.52,428.24,429.9,0.0,0.0424,1.4478,0.0,0.0014,0.3563,0.0678,0,0,0.0678,0.3748,0,0.0106,0.3642,0.9824,1,1,0.9823,50,463.48,288.81,0,1,2025-10-01 03:21:50,19.0,89.4,,0,0,,1
2025-10-01 03:22:35,351.31,0.3564,247.87,0.497,1.4910999999999999,243.66,248.25,251.71,428.51,431.36,428.07,429.28,0.0,0.0432,1.4479,0.0,0.0,0.3564,0.0685,0,0,0.0685,0.3752,0,0.0107,0.3645,0.982,1,1,0.982,50,463.49,288.81,0,1,2025-10-01 03:22:35,19.0,89.5,,0,0,,1
2025-10-01 03:23:20,351.31,0.3555,248.54,0.4951,1.4853,247.24,247.34,251.05,431.07,430.82,429.51,430.47,0.0,0.042,1.4433,0.0,0.001,0.3545,0.0676,0,0,0.0676,0.3727,0,0.0104,0.3623,0.9823,1,1,0.9822,50,463.49,288.82,0,1,2025-10-01 03:23:20,19.1,89.5,,0,0,,1
2025-10-01 03:24:05,351.35,3.9519,246.66,7.7821,23.3465,244.98,245.2,249.81,427.44,427.96,426.22,427.19,8.1652,7.4371,7.7442,1.4494,1.0985,1.404,4.1565,1.3756,1.4519,1.3291,5.7585,2.0003,1.8236,1.9346,0.689,0.7253,0.6033,0.7262,50,463.56,288.86,1,1,2025-10-01 03:24:05,19.1,87,,1,0,,0
2025-10-01 03:24:50,351.4,3.9651,246.75,7.7952,23.3857,244.6,246.08,249.57,427.67,428.11,426.31,427.35,8.1402,7.4684,7.7771,1.448,1.1154,1.4017,4.1625,1.364,1.4573,1.3411,5.7698,1.9911,1.8378,1.9409,0.6897,0.7279,0.6077,0.7225,50,463.63,288.92,1,1,2025-10-01 03:24:50,19.0,80.4,,1,0,,0
2025-10-01 03:25:35,351.45,3.9957,246.79,7.8179,23.4538,244.92,245.95,249.5,427.59,428.4,426.3,427.43,8.1743,7.4923,7.7872,1.4622,1.1223,1.4112,4.1568,1.3648,1.4581,1.3339,5.7877,2.002,1.8427,1.9429,0.693,0.731,0.6099,0.7267,50,463.7,288.97,1,1,2025-10-01 03:25:35,18.8,75.6,,1,0,,0
2025-10-01 03:26:20,351.5,4.0089,246.85,7.8297,23.4892,244.94,246.04,249.59,427.6,428.68,426.37,427.59,8.1752,7.4785,7.8355,1.46,1.1268,1.4221,4.1586,1.3673,1.4508,1.3405,5.7981,2.0024,1.84,1.9557,0.694,0.7298,0.6133,0.7276,50,463.78,289.02,1,1,2025-10-01 03:26:20,18.2,73,,1,0,,0
2025-10-01 03:27:05,351.56,3.9365,246.9,7.7632,23.2896,245.06,246.02,249.62,427.87,428.6,426.4,427.65,8.1213,7.4425,7.7258,1.4442,1.1008,1.3916,4.161,1.367,1.46,1.3341,5.7497,1.9902,1.831,1.9285,0.6872,0.7262,0.602,0.7218,50,463.85,289.07,1,1,2025-10-01 03:27:05,17.5,72.3,,1,0,,0
2025-10-01 03:27:50,351.6,3.9153,246.62,7.7345,23.203699999999998,244.93,245.53,249.4,427.3,427.7,426.41,427.29,8.1144,7.3582,7.7311,1.4342,1.0831,1.3979,4.141,1.3728,1.4422,1.326,5.7223,1.9875,1.8067,1.9281,0.687,0.7224,0.6005,0.7255,50,463.92,289.13,1,1,2025-10-01 03:27:50,17.3,71.3,,1,0,,0
2025-10-01 03:28:35,351.65,3.8908,246.9,7.7163,23.149,245.2,245.83,249.68,427.79,428.11,426.98,427.62,8.0935,7.3378,7.7177,1.4253,1.0741,1.3913,4.1553,1.3781,1.4457,1.3315,5.7153,1.9845,1.8039,1.927,0.6834,0.7189,0.5964,0.7224,50,463.99,289.17,1,1,2025-10-01 03:28:35,16.7,70.9,,1,0,,0
2025-10-01 03:29:20,351.7,3.9201,246.78,7.7425,23.2276,245.09,245.6,249.66,427.47,427.87,426.93,427.41,8.1265,7.3332,7.7679,1.4311,1.0795,1.4095,4.152,1.3828,1.4384,1.3307,5.7321,1.9917,1.801,1.9393,0.6865,0.7191,0.6002,0.7271,50,464.06,289.23,1,1,2025-10-01 03:29:20,16.6,68.8,,1,0,,0
2025-10-01 03:30:05,351.75,3.9144,246.82,7.735,23.2051,244.71,246.17,249.58,427.48,428.57,426.41,427.5,8.0683,7.3431,7.7937,1.4199,1.0912,1.4033,4.1509,1.3687,1.4372,1.3449,5.7272,1.9744,1.8077,1.9452,0.686,0.7199,0.6046,0.7219,50,464.14,289.28,1,1,2025-10-01 03:30:05,16.4,69.9,,1,0,,0
2025-10-01 03:30:50,351.8,3.9124,246.92,7.7301,23.1905,244.9,246.37,249.5,428.06,428.73,426.19,427.67,8.0446,7.3884,7.7575,1.4234,1.0976,1.3915,4.152,1.3594,1.4488,1.3438,5.7259,1.9701,1.8203,1.9355,0.6857,0.7231,0.6038,0.7193,50,464.21,289.33,1,1,2025-10-01 03:30:50,15.9,70.5,,1,0,,0
2025-10-01 03:31:35,351.85,3.9533,247.52,7.7896,23.369,245.63,246.88,250.05,428.9,429.62,427.58,428.74,8.1383,7.4309,7.7998,1.444,1.1029,1.4064,4.19,1.3789,1.4619,1.3491,5.7839,1.999,1.8345,1.9503,0.6862,0.7232,0.6022,0.7216,50,464.28,289.38,1,1,2025-10-01 03:31:35,15.9,70.2,,1,0,,0
2025-10-01 03:32:20,351.9,3.928,247.58,7.7735,23.3206,245.89,246.85,250.01,429.04,429.87,427.51,428.79,8.1013,7.4364,7.7829,1.435,1.0975,1.3956,4.2002,1.3785,1.4678,1.3539,5.7735,1.992,1.8357,1.9458,0.683,0.7211,0.5988,0.7177,50,464.35,289.44,1,1,2025-10-01 03:32:20,15.8,71.9,,1,0,,0
2025-10-01 03:33:05,351.95,3.9895,247.27,7.8228,23.4685,245.77,246.86,249.19,428.76,429.1,426.95,428.3,8.1753,7.4709,7.8223,1.4626,1.1144,1.4125,4.1813,1.3745,1.4656,1.3412,5.8027,2.0092,1.8443,1.9492,0.6903,0.7287,0.6052,0.7251,50,464.43,289.49,1,1,2025-10-01 03:33:05,15.8,70.3,,1,0,,0
2025-10-01 03:33:50,352,3.9524,247.29,7.7881,23.3645,246.12,246.1,249.66,428.41,429.35,427.16,428.27,8.1833,7.3967,7.7845,1.4533,1.0857,1.4134,4.1809,1.3914,1.4574,1.3321,5.7779,2.0141,1.8203,1.9435,0.6869,0.7223,0.5974,0.7277,50,464.5,289.54,1,1,2025-10-01 03:33:50,15.8,69.5,,1,0,,0
2025-10-01 03:34:35,352.04,3.9309,247.4,7.7768,23.3304,246.11,246,250.09,428.46,429.55,427.46,428.55,8.159,7.3942,7.7772,1.4421,1.0814,1.4073,4.1938,1.3942,1.4589,1.3407,5.772,2.008,1.819,1.945,0.6838,0.7189,0.5954,0.724,50,464.57,289.59,1,1,2025-10-01 03:34:35,15.8,68.7,,1,0,,0
2025-10-01 03:35:20,352.09,3.9341,247.6,7.785,23.355,246,246.82,249.99,429.41,429.58,427.53,428.88,8.1458,7.4313,7.7779,1.4434,1.0918,1.3989,4.2071,1.3874,1.4707,1.3491,5.7825,2.0039,1.8342,1.9444,0.683,0.7209,0.596,0.7197,50,464.64,289.65,1,1,2025-10-01 03:35:20,15.7,68.2,,1,0,,0
2025-10-01 03:36:05,352.14,3.9191,247.64,7.7707,23.3123,246.13,246.64,250.15,429.4,429.28,428.03,428.93,8.1215,7.4256,7.7652,1.437,1.0876,1.3945,4.2075,1.3866,1.4702,1.3506,5.7729,1.9989,1.8315,1.9425,0.6815,0.7196,0.5947,0.7183,50,464.71,289.7,1,1,2025-10-01 03:36:05,15.7,67.8,,1,0,,0
2025-10-01 03:36:50,352.19,3.8975,247.75,7.752,23.2561,246.44,246.52,250.29,429.26,430.01,428.01,429.08,8.1139,7.3937,7.7485,1.4313,1.0748,1.3914,4.2115,1.3935,1.4687,1.3493,5.7617,1.9996,1.8227,1.9394,0.6792,0.7165,0.5905,0.7178,50,464.79,289.75,1,1,2025-10-01 03:36:50,15.6,67.3,,1,0,,0
2025-10-01 03:37:35,352.24,0.3643,248.74,0.5054,1.5163,247.81,247.25,251.16,430.91,431.49,430.03,430.77,0.0,0.0424,1.4739,0.0,0.0012,0.3631,0.0646,0,0,0.0646,0.3807,0,0.0105,0.3702,0.9846,1,1,0.9845,50,464.85,289.8,0,1,2025-10-01 03:37:35,15.6,65.8,,0,0,,1
2025-10-01 03:38:27,352.24,0.3599,248.68,0.5001,1.5004,247.7,247.3,251.06,431.07,431.17,429.92,430.73,0.0,0.0412,1.4592,0.0,0.0012,0.3587,0.0667,0,0,0.0667,0.3765,0,0.0102,0.3663,0.9832,1,1,0.9831,50,464.86,289.8,0,1,2025-10-01 03:38:27,15.1,68.6,,0,0,,1
2025-10-01 03:39:12,352.25,0.3599,249.01,0.5001,1.5004,247.57,248.13,251.33,431.71,431.87,430.26,431.26,0.0,0.0424,1.458,0.0,0.0011,0.3588,0.067,0,0,0.067,0.377,0,0.0105,0.3664,0.9831,1,1,0.983,50.1,464.86,289.8,0,1,2025-10-01 03:39:12,15.2,72.6,,0,0,,1
2025-10-01 03:39:57,352.25,0.3595,249.01,0.4999,1.4999,247.51,248.28,251.25,431.48,432.02,430.36,431.26,0.0,0.0428,1.4571,0.0,0.0011,0.3584,0.0671,0,0,0.0671,0.3767,0,0.0106,0.3661,0.983,1,1,0.9829,50.1,464.87,289.8,0,1,2025-10-01 03:39:57,15.6,74.8,,0,0,,1
2025-10-01 03:40:42,352.26,0.3595,249.82,0.4983,1.4950999999999999,248.92,248.75,251.8,433.27,433.37,431.41,432.65,0.0,0.0408,1.4543,0.0,0.0013,0.3581,0.0686,0,0,0.0686,0.3763,0,0.0101,0.3662,0.9822,1,1,0.9821,50.1,464.87,289.8,0,1,2025-10-01 03:40:42,15.7,76.1,,0,0,,1
2025-10-01 03:41:27,352.26,0.361,249.99,0.5,1.5002,249.19,248.88,251.9,433.68,433.04,432.21,432.96,0.0,0.0416,1.4586,0.0,0.0015,0.3595,0.0684,0,0,0.0684,0.3778,0,0.0104,0.3674,0.9825,1,1,0.9823,50.1,464.88,289.8,0,1,2025-10-01 03:41:27,15.8,78,,0,0,,1
2025-10-01 03:42:12,352.27,0.3606,249.87,0.4993,1.4979,249.19,248.38,252.04,433.37,433.29,431.63,432.81,0.0,0.0412,1.4567,0.0,0.0015,0.3592,0.0683,0,0,0.0683,0.3774,0,0.0102,0.3671,0.9825,1,1,0.9824,50.1,464.88,289.8,0,1,2025-10-01 03:42:12,15.9,79.4,,0,0,,1
2025-10-01 03:42:57,352.27,0.3605,250.05,0.4995,1.4986,249.34,248.71,252.12,433.91,433.59,431.77,433.13,0.0,0.042,1.4566,0.0,0.0012,0.3593,0.0685,0,0,0.0685,0.3777,0,0.0104,0.3672,0.9824,1,1,0.9822,50.1,464.89,289.8,0,1,2025-10-01 03:42:57,16.4,80.8,,0,0,,1
2025-10-01 03:43:42,352.27,0.3612,250.02,0.5001,1.5005000000000002,249.39,248.52,252.15,434.27,432.98,431.8,433.04,0.0,0.0416,1.4589,0.0,0.0012,0.36,0.0681,0,0,0.0681,0.3782,0,0.0103,0.3679,0.9826,1,1,0.9825,50.1,464.89,289.81,0,1,2025-10-01 03:43:42,16.5,81.9,,0,0,,1
2025-10-01 03:44:27,352.28,0.3612,249.64,0.4998,1.4996,249.26,247.48,252.18,433.19,431.89,432,432.3,0.0,0.0416,1.458,0.0,0.0015,0.3597,0.0686,0,0,0.0686,0.378,0,0.0103,0.3677,0.9824,1,1,0.9822,50.1,464.9,289.81,0,1,2025-10-01 03:44:27,16.6,84.7,,0,0,,1
2025-10-01 03:45:33,352.29,0.3602,249.77,0.4991,1.4974,249.12,248.5,251.71,433.2,433.14,431.48,432.6,0.0,0.0403,1.4571,0.0,0.0013,0.3589,0.068,0,0,0.068,0.3768,0,0.01,0.3668,0.9826,1,1,0.9825,50.1,464.9,289.81,0,1,2025-10-01 03:45:33,16.7,85.4,,0,0,,1
2025-10-01 03:46:18,352.29,0.36,249.88,0.4991,1.4972999999999999,249.04,248.63,251.98,433.06,433.3,432.02,432.78,0.0,0.0428,1.4545,0.0,0.0014,0.3585,0.0685,0,0,0.0685,0.3771,0,0.0106,0.3665,0.9823,1,1,0.9822,50.1,464.91,289.81,0,1,2025-10-01 03:46:18,17.2,86,,0,0,,1
2025-10-01 03:47:03,352.3,0.3586,249.63,0.4976,1.4929,248.87,248.46,251.57,432.95,432.71,431.43,432.39,0.0,0.0424,1.4505,0.0,0.0017,0.3569,0.0685,0,0,0.0685,0.3754,0,0.0105,0.3649,0.9822,1,1,0.982,50,464.91,289.81,0,1,2025-10-01 03:47:03,17.3,86.3,,0,0,,1
2025-10-01 03:47:48,352.3,0.3595,249.64,0.4988,1.4964,248.84,248.45,251.65,433,432.73,431.41,432.43,0.0,0.0432,1.4532,0.0,0.0017,0.3578,0.068,0,0,0.068,0.3764,0,0.0107,0.3657,0.9825,1,1,0.9824,50,464.92,289.81,0,1,2025-10-01 03:47:48,17.4,86.5,,0,0,,1
2025-10-01 03:48:33,352.31,0.3585,249.59,0.4976,1.4929000000000001,248.82,248.37,251.6,433.37,431.93,431.57,432.26,0.0,0.0416,1.4513,0.0,0.0013,0.3572,0.0682,0,0,0.0682,0.3755,0,0.0103,0.3651,0.9823,1,1,0.9822,50,464.92,289.81,0,1,2025-10-01 03:48:33,17.4,87,,0,0,,1
2025-10-01 03:49:18,352.31,0.3583,249.62,0.4992,1.4977,248.97,248.3,251.61,433.14,432.7,431.2,432.4,0.0,0.0424,1.4553,0.0,0.0,0.3583,0.0679,0,0,0.0679,0.3767,0,0.0105,0.3662,0.9825,1,1,0.9825,50,464.93,289.81,0,1,2025-10-01 03:49:18,17.9,87.4,,0,0,,1
2025-10-01 03:50:03,352.31,0.3578,249.41,0.4975,1.4925,248.57,248.19,251.48,432.63,432.43,430.87,431.97,0.0,0.0428,1.4497,0.0,0.0011,0.3566,0.068,0,0,0.068,0.3752,0,0.0106,0.3646,0.9823,1,1,0.9822,50,464.93,289.81,0,1,2025-10-01 03:50:03,18.0,87.6,,0,0,,1
2025-10-01 03:50:48,352.32,0.3584,249.36,0.4975,1.4926,248.59,248.04,251.47,432.88,432.07,430.72,431.9,0.0,0.0408,1.4518,0.0,0.0013,0.3571,0.0685,0,0,0.0685,0.3752,0,0.0101,0.3651,0.9822,1,1,0.9821,50,464.94,289.81,0,1,2025-10-01 03:50:48,18.0,87.7,,0,0,,1
2025-10-01 03:51:33,352.32,0.3587,249.45,0.4977,1.4931999999999999,248.91,247.9,251.55,433.13,431.7,431.28,432.08,0.0,0.0412,1.452,0.0,0.0014,0.3573,0.0683,0,0,0.0683,0.3755,0,0.0102,0.3653,0.9823,1,1,0.9822,50,464.94,289.81,0,1,2025-10-01 03:51:33,18.1,88,,0,0,,1
2025-10-01 03:52:41,352.33,0.3574,249.3,0.4966,1.4898,248.69,247.78,251.44,432.68,431.76,430.91,431.8,0.0,0.0416,1.4482,0.0,0.0013,0.3561,0.0686,0,0,0.0686,0.3744,0,0.0103,0.3641,0.982,1,1,0.9819,50,464.95,289.82,0,1,2025-10-01 03:52:41,18.2,88.4,,0,0,,1
2025-10-01 03:53:26,352.34,0.3585,249.02,0.4973,1.4921,248.81,246.48,251.77,432.11,431.51,430.21,431.33,0.0,0.0416,1.4505,0.0,0.0014,0.3571,0.0686,0,0,0.0686,0.3754,0,0.0103,0.3652,0.9821,1,1,0.982,50,464.96,289.82,0,1,2025-10-01 03:53:26,18.2,88.7,,0,0,,1
2025-10-01 03:54:11,352.34,0.3572,249.14,0.4968,1.4905,248.69,246.87,251.86,432.38,431.9,430.19,431.5,0.0,0.0408,1.4497,0.0,0.0,0.3572,0.0682,0,0,0.0682,0.3752,0,0.0101,0.3651,0.9822,1,1,0.9822,50,464.96,289.82,0,1,2025-10-01 03:54:11,18.3,88.9,,0,0,,1
2025-10-01 03:54:56,352.34,0.357,249.25,0.4961,1.4883000000000002,248.68,247.61,251.48,432.74,431.99,430.36,431.63,0.0,0.0416,1.4467,0.0,0.0011,0.356,0.0676,0,0,0.0676,0.3741,0,0.0103,0.3638,0.9825,1,1,0.9824,50,464.96,289.82,0,1,2025-10-01 03:54:56,18.7,89,,0,0,,1
2025-10-01 03:55:41,352.35,0.3577,249.06,0.4974,1.4924,248.46,247.41,251.31,432.4,431.29,430.37,431.36,0.0,0.0428,1.4496,0.0,0.0011,0.3566,0.0671,0,0,0.0671,0.3749,0,0.0106,0.3643,0.9828,1,1,0.9827,50,464.97,289.82,0,1,2025-10-01 03:55:41,18.8,89.1,,0,0,,1
2025-10-01 03:56:26,352.35,0.3583,249.41,0.4966,1.4899,248.92,247.72,251.59,432.68,432.64,430.57,431.93,0.0,0.0412,1.4487,0.0,0.0016,0.3567,0.0671,0,0,0.0671,0.3747,0,0.0102,0.3645,0.9829,1,1,0.9827,50.1,464.97,289.82,0,1,2025-10-01 03:56:26,18.8,89.4,,0,0,,1
2025-10-01 03:57:11,352.36,0.3579,248.6,0.4971,1.4913999999999998,247.44,247.09,251.27,430.96,431.29,429.43,430.62,0.0,0.0412,1.4502,0.0,0.0011,0.3567,0.0668,0,0,0.0668,0.3746,0,0.0102,0.3644,0.983,1,1,0.9829,50,464.98,289.82,0,1,2025-10-01 03:57:11,18.9,89.6,,0,0,,1
2025-10-01 03:57:56,352.36,0.3559,248.48,0.4953,1.4861,247.34,246.96,251.14,430.82,430.98,429.26,430.38,0.0,0.042,1.4441,0.0,0.001,0.3548,0.0675,0,0,0.0675,0.373,0,0.0104,0.3627,0.9824,1,1,0.9823,50,464.98,289.82,0,1,2025-10-01 03:57:56,18.9,89.8,,0,0,,1
2025-10-01 03:58:41,352.37,0.3574,248.69,0.4964,1.4893,247.41,247.41,251.27,431.37,431.04,429.78,430.68,0.0,0.0416,1.4477,0.0,0.0015,0.3559,0.0676,0,0,0.0676,0.3741,0,0.0103,0.3638,0.9825,1,1,0.9824,50,464.99,289.82,0,1,2025-10-01 03:58:41,19.0,90,,0,0,,1
2025-10-01 03:59:48,352.41,3.9632,247.64,7.8177,23.453200000000002,245.9,246.5,250.54,429.77,428.97,427.98,428.99,8.1895,7.4619,7.8018,1.4514,1.1024,1.4095,4.2148,1.3932,1.4689,1.3527,5.8078,2.0138,1.8394,1.9547,0.685,0.7214,0.6002,0.7214,50.1,465.05,289.86,1,1,2025-10-01 03:59:48,19.1,89.1,,1,0,,0
2025-10-01 04:00:33,352.46,3.9803,247.47,7.8236,23.470799999999997,246.02,245.82,250.59,428.86,429.11,427.88,428.65,8.2149,7.4318,7.8241,1.4558,1.0986,1.4258,4.198,1.3985,1.4557,1.3438,5.8086,2.021,1.8269,1.9606,0.688,0.7211,0.6024,0.7277,50,465.12,289.92,1,1,2025-10-01 04:00:33,19.1,85.4,,1,0,,0
2025-10-01 04:01:18,352.51,4.0425,247.35,7.8748,23.6246,245.87,245.72,250.48,428.79,428.9,427.53,428.42,8.2485,7.4841,7.892,1.472,1.1242,1.4463,4.1899,1.3921,1.4518,1.346,5.8438,2.0281,1.839,1.9768,0.6943,0.7265,0.6122,0.732,50,465.19,289.97,1,1,2025-10-01 04:01:18,18.9,79,,1,0,,0
2025-10-01 04:02:03,352.56,4.0365,247.4,7.873,23.619,245.68,246.16,250.38,428.95,429.03,427.5,428.43,8.2506,7.5001,7.8683,1.476,1.1258,1.4346,4.192,1.3865,1.4624,1.3431,5.8433,2.027,1.8462,1.9701,0.6936,0.7279,0.6105,0.7302,50,465.27,290.02,1,1,2025-10-01 04:02:03,18.8,76.8,,1,0,,0
2025-10-01 04:02:48,352.61,4.0533,247.36,7.8848,23.6544,246.04,245.28,250.76,429,429.26,426.94,428.4,8.2862,7.4586,7.9096,1.4765,1.1176,1.4592,4.1897,1.403,1.4449,1.3419,5.8516,2.0387,1.8294,1.9834,0.6953,0.7249,0.6118,0.736,50,465.34,290.08,1,1,2025-10-01 04:02:48,18.2,75.8,,1,0,,0
2025-10-01 04:03:33,352.66,3.9517,247.55,7.7928,23.378600000000002,246.07,245.72,250.86,429.15,429.26,427.81,428.71,8.1584,7.3915,7.8287,1.4375,1.091,1.4232,4.1982,1.3983,1.4483,1.3516,5.7877,2.0075,1.8162,1.9639,0.6854,0.7168,0.6016,0.7251,50,465.42,290.13,1,1,2025-10-01 04:03:33,18.0,73.3,,1,0,,0
2025-10-01 04:04:18,352.71,3.9451,247.24,7.7791,23.337400000000002,245.94,245.15,250.65,428.48,428.77,427.39,428.24,8.1852,7.3268,7.8254,1.4373,1.0759,1.432,4.1786,1.406,1.4342,1.3384,5.7707,2.0131,1.7962,1.9614,0.6865,0.7148,0.6,0.7305,50,465.49,290.18,1,1,2025-10-01 04:04:18,17.5,71.3,,1,0,,0
2025-10-01 04:05:03,352.76,3.9072,247.23,7.7491,23.247500000000002,245.77,245.83,250.09,428.59,428.97,427.01,428.23,8.1211,7.3783,7.7481,1.4312,1.0787,1.3973,4.1838,1.3882,1.4547,1.3409,5.7475,1.9959,1.8138,1.9377,0.6825,0.7177,0.5956,0.7215,50,465.55,290.23,1,1,2025-10-01 04:05:03,17.3,70.1,,1,0,,0
2025-10-01 04:05:48,352.81,3.9184,247.17,7.7531,23.2595,245.59,245.91,250.01,428.59,428.59,427.07,428.08,8.116,7.3683,7.7752,1.4304,1.0833,1.4046,4.1755,1.3849,1.4487,1.3419,5.749,1.9932,1.8119,1.9439,0.6842,0.7184,0.5988,0.723,50,465.63,290.28,1,1,2025-10-01 04:05:48,16.7,68.6,,1,0,,0
2025-10-01 04:06:33,352.85,3.9551,246.97,7.7865,23.3595,245.5,245.66,249.76,428.63,428,426.59,427.8,8.1968,7.4093,7.7534,1.4557,1.0887,1.4107,4.166,1.3862,1.4551,1.3247,5.769,2.0123,1.8202,1.9365,0.6885,0.7241,0.599,0.7289,50,465.7,290.33,1,1,2025-10-01 04:06:33,16.6,68.7,,1,0,,0
2025-10-01 04:07:18,352.9,3.8797,246.89,7.709,23.1272,245.66,245.72,249.31,428.34,428.26,426.24,427.9,8.1547,7.3167,7.6558,1.44,1.0535,1.3863,4.153,1.3895,1.4532,1.3102,5.7098,2.0033,1.7979,1.9087,0.6826,0.7195,0.5869,0.7267,50,465.77,290.39,1,1,2025-10-01 04:07:18,16.5,68.3,,1,0,,0
2025-10-01 04:08:03,352.95,3.9003,247.13,7.7362,23.2086,245.77,246.12,249.52,428.63,428.44,427.02,427.93,8.1758,7.3372,7.6956,1.4443,1.0614,1.3946,4.1682,1.3934,1.457,1.3178,5.7354,2.0094,1.8058,1.9202,0.6832,0.7196,0.5888,0.7268,50,465.85,290.44,1,1,2025-10-01 04:08:03,16.4,67.3,,1,0,,0
2025-10-01 04:08:48,353,3.9093,246.92,7.7392,23.2176,245.61,245.79,249.36,428.48,428.05,426.43,427.71,8.1718,7.3449,7.7009,1.4459,1.0661,1.3973,4.1572,1.3887,1.4532,1.3154,5.7327,2.0071,1.8053,1.9203,0.685,0.7212,0.5915,0.7281,50,465.92,290.49,1,1,2025-10-01 04:08:48,15.9,67.4,,1,0,,0
2025-10-01 04:09:33,353.05,3.8808,246.89,7.7007,23.1023,245.18,246.12,249.38,428.21,428.23,426.39,427.59,8.0974,7.3262,7.6787,1.4292,1.0674,1.3843,4.1457,1.3747,1.4496,1.3214,5.7034,1.9853,1.8031,1.9149,0.6834,0.7207,0.5929,0.7233,50,465.99,290.54,1,1,2025-10-01 04:09:33,15.9,67.3,,1,0,,0
2025-10-01 04:10:18,353.1,3.8218,247.29,7.6787,23.0363,245.99,246.24,249.66,428.54,429.5,426.89,428.31,8.0609,7.2937,7.6817,1.4065,1.0429,1.3723,4.1905,1.3944,1.4584,1.3377,5.6967,1.9829,1.796,1.9178,0.6738,0.7101,0.5817,0.716,50,466.06,290.59,1,1,2025-10-01 04:10:18,15.8,66,,1,0,,0
2025-10-01 04:11:03,353.15,3.7273,247.66,7.615,22.845,246.6,246.43,249.95,429.75,429.27,427.79,428.93,8.0154,7.2206,7.609,1.3791,1.0024,1.3458,4.2213,1.4126,1.4665,1.3422,5.6578,1.9766,1.7794,1.9019,0.6618,0.6985,0.5643,0.708,50,466.13,290.65,1,1,2025-10-01 04:11:03,15.7,65.3,,1,0,,0
2025-10-01 04:11:48,353.19,3.7908,247.74,7.6617,22.985300000000002,246.59,246.67,249.98,430.04,429.25,427.96,429.07,8.0671,7.2879,7.6303,1.4043,1.0268,1.3596,4.2139,1.4057,1.472,1.3362,5.6944,1.9893,1.7977,1.9074,0.6687,0.7067,0.5721,0.7132,50,466.2,290.7,1,1,2025-10-01 04:11:48,15.7,64.7,,1,0,,0
2025-10-01 04:12:33,353.24,3.7936,247.63,7.6642,22.9927,247.09,246.03,249.78,430.16,428.74,427.75,428.93,8.0945,7.3068,7.5914,1.4165,1.0214,1.3556,4.208,1.4085,1.4755,1.324,5.6939,2.0001,1.7977,1.8962,0.6695,0.7091,0.5691,0.7154,50,466.27,290.75,1,1,2025-10-01 04:12:33,15.7,66.4,,1,0,,0
2025-10-01 04:13:18,353.29,3.7767,247.45,7.6414,22.9244,246.86,246.2,249.3,429.71,428.94,427.08,428.46,8.0552,7.3162,7.553,1.4134,1.0214,1.3419,4.1944,1.3954,1.48,1.319,5.6727,1.9885,1.8012,1.883,0.6691,0.7116,0.5679,0.7131,50,466.34,290.81,1,1,2025-10-01 04:13:18,15.6,66.2,,1,0,,0
2025-10-01 04:14:03,353.29,0.3595,248.2,0.5006,1.5017999999999998,248.12,246.4,250.1,431.44,429.53,428.66,429.79,0.0,0.0432,1.4586,0.0,0.0019,0.3576,0.0649,0,0,0.0649,0.3754,0,0.0106,0.3648,0.984,1,1,0.9839,50,466.35,290.81,0,1,2025-10-01 04:14:03,15.2,65.5,,0,0,,1
2025-10-01 04:14:48,353.3,0.3579,248.06,0.4988,1.4964,248.04,246.12,250.02,430.55,429.74,428.58,429.74,0.0,0.042,1.4544,0.0,0.0017,0.3562,0.066,0,0,0.066,0.374,0,0.0103,0.3636,0.9834,1,1,0.9832,50,466.36,290.81,0,1,2025-10-01 04:14:48,15.2,68.6,,0,0,,1
2025-10-01 04:15:33,353.3,0.3555,247.91,0.498,1.4941,248.51,245.21,250.03,430.44,429,428.68,429.37,0.0,0.042,1.4521,0.0,0.0,0.3555,0.0662,0,0,0.0662,0.3734,0,0.0103,0.3631,0.9831,1,1,0.9831,50,466.36,290.81,0,1,2025-10-01 04:15:33,15.6,72.6,,0,0,,1
2025-10-01 04:16:18,353.31,0.3567,247.91,0.4978,1.4933999999999998,248.52,245.14,250.08,431.08,428.27,428.73,429.33,0.0,0.0428,1.4506,0.0,0.0015,0.3552,0.0665,0,0,0.0665,0.3733,0,0.0105,0.3628,0.983,1,1,0.9829,50,466.37,290.81,0,1,2025-10-01 04:16:18,15.7,75.7,,0,0,,1
2025-10-01 04:17:03,353.31,0.3547,248.03,0.4971,1.4914,248.37,245.76,249.97,431.04,429.57,428.1,429.64,0.0,0.042,1.4494,0.0,0.0,0.3547,0.0666,0,0,0.0666,0.3726,0,0.0103,0.3623,0.9828,1,1,0.9828,50,466.37,290.81,0,1,2025-10-01 04:17:03,15.8,82.6,,0,0,,1
2025-10-01 04:17:48,353.32,0.3549,247.88,0.4963,1.4889,248.16,245.67,249.82,430.99,428.75,428.2,429.27,0.0,0.0424,1.4465,0.0,0.0011,0.3538,0.0666,0,0,0.0666,0.3718,0,0.0104,0.3614,0.9828,1,1,0.9827,50,466.37,290.81,0,1,2025-10-01 04:17:48,16.0,83.1,,0,0,,1
2025-10-01 04:18:33,353.32,0.3557,248.53,0.4963,1.489,248.92,246.44,250.23,432.41,429.64,429.24,430.44,0.0,0.0416,1.4474,0.0,0.0013,0.3544,0.0676,0,0,0.0676,0.3724,0,0.0103,0.3622,0.9824,1,1,0.9822,50,466.38,290.81,0,1,2025-10-01 04:18:33,16.5,83.7,,0,0,,1
2025-10-01 04:19:18,353.33,0.356,248.66,0.4968,1.4906000000000001,249.02,246.61,250.36,431.86,430.71,429.43,430.72,0.0,0.042,1.4486,0.0,0.0011,0.3549,0.0674,0,0,0.0674,0.373,0,0.0104,0.3627,0.9825,1,1,0.9824,50,466.38,290.81,0,1,2025-10-01 04:19:18,16.6,85.6,,0,0,,1
2025-10-01 04:20:03,353.33,0.355,248.45,0.497,1.4912,248.79,246.22,250.36,431.23,430.56,429.14,430.35,0.0,0.042,1.4492,0.0,0.0,0.355,0.0671,0,0,0.0671,0.3732,0,0.0103,0.3628,0.9826,1,1,0.9826,50,466.39,290.82,0,1,2025-10-01 04:20:03,16.7,86.7,,0,0,,1
2025-10-01 04:20:48,353.33,0.3569,248.61,0.4969,1.4907,249.15,246.33,250.36,431.79,430.47,429.48,430.57,0.0,0.0408,1.4499,0.0,0.0018,0.3551,0.0673,0,0,0.0673,0.373,0,0.0101,0.363,0.9826,1,1,0.9827,50,466.39,290.82,0,1,2025-10-01 04:20:48,17.2,87.5,,0,0,,1
2025-10-01 04:21:33,353.34,0.3561,248.77,0.4954,1.4864,249.28,246.64,250.39,432.18,430.82,429.56,430.9,0.0,0.0408,1.4456,0.0,0.0016,0.3545,0.067,0,0,0.067,0.372,0,0.0101,0.362,0.9827,1,1,0.9828,50.1,466.4,290.82,0,1,2025-10-01 04:21:33,17.3,89,,0,0,,1
2025-10-01 04:22:18,353.34,0.3544,248.11,0.4953,1.4859,247.67,246.72,249.94,431.11,429.51,428.51,429.76,0.0,0.0416,1.4443,0.0,0.001,0.3533,0.0668,0,0,0.0668,0.3713,0,0.0103,0.361,0.9827,1,1,0.9828,50,466.4,290.82,0,1,2025-10-01 04:22:18,17.4,89.4,,0,0,,1
2025-10-01 04:23:03,353.35,0.3535,247.26,0.4939,1.4819,246.83,245.65,249.3,429.03,428.62,427.08,428.1,0.0,0.042,1.4399,0.0,0.0014,0.3521,0.0654,0,0,0.0654,0.3693,0,0.0103,0.359,0.9833,1,1,0.9831,50,466.41,290.82,0,1,2025-10-01 04:23:03,17.9,89.5,,0,0,,1
2025-10-01 04:23:48,353.35,0.3532,247.13,0.4954,1.4862,247.66,244.02,249.71,428.96,427.45,427.61,427.86,0.0,0.042,1.4442,0.0,0.0,0.3532,0.0657,0,0,0.0657,0.3709,0,0.0102,0.3606,0.9831,1,1,0.9831,50,466.41,290.82,0,1,2025-10-01 04:23:48,18.0,89.5,,0,0,,1
2025-10-01 04:24:33,353.36,0.3539,247.16,0.4948,1.4845,247.59,244.23,249.68,428.88,428.03,427.3,428.01,0.0,0.0424,1.4421,0.0,0.0012,0.3527,0.0653,0,0,0.0653,0.3704,0,0.0104,0.3601,0.9833,1,1,0.9832,50.1,466.42,290.82,0,1,2025-10-01 04:24:33,18.1,90.1,,0,0,,1
2025-10-01 04:25:18,353.36,0.3536,247.19,0.4958,1.4874999999999998,247.11,244.54,249.93,428.85,427.9,427.61,428.19,0.0,0.0432,1.4443,0.0,0.0,0.3536,0.0657,0,0,0.0657,0.3715,0,0.0106,0.361,0.9831,1,1,0.9831,50.1,466.42,290.82,0,1,2025-10-01 04:25:18,18.2,90.3,,0,0,,1
2025-10-01 04:26:03,353.37,0.3534,247.23,0.4941,1.4823000000000002,247.2,245.12,249.37,428.5,428.31,427.77,428.23,0.0,0.0416,1.4407,0.0,0.0015,0.3519,0.0649,0,0,0.0649,0.3695,0,0.0102,0.3593,0.9835,1,1,0.9833,50.1,466.43,290.82,0,1,2025-10-01 04:26:03,18.2,90.5,,0,0,,1
2025-10-01 04:26:48,353.37,0.3535,247.39,0.4946,1.4838,246.95,245.94,249.29,429.38,428.24,427.8,428.6,0.0,0.042,1.4418,0.0,0.0014,0.3522,0.0647,0,0,0.0647,0.3698,0,0.0103,0.3594,0.9836,1,1,0.9835,50,466.43,290.82,0,1,2025-10-01 04:26:48,18.7,91.3,,0,0,,1
2025-10-01 04:27:33,353.37,0.3533,247.54,0.4946,1.484,247.1,246.37,249.16,430.55,427.72,427.92,428.69,0.0,0.0424,1.4416,0.0,0.0012,0.352,0.0643,0,0,0.0643,0.3696,0,0.0104,0.3592,0.9838,1,1,0.9837,50.1,466.43,290.82,0,1,2025-10-01 04:27:33,18.8,90.9,,0,0,,1
2025-10-01 04:28:18,353.38,0.3533,247.33,0.4945,1.4837,246.72,246.05,249.22,429.55,427.59,427.95,428.45,0.0,0.0428,1.4409,0.0,0.0015,0.3518,0.0647,0,0,0.0647,0.3696,0,0.0105,0.3591,0.9836,1,1,0.9834,50,466.44,290.82,0,1,2025-10-01 04:28:18,18.8,90.5,,0,0,,1
2025-10-01 04:29:03,353.38,0.3536,247.39,0.4949,1.4847,247.08,245.82,249.27,429.39,428.49,427.52,428.5,0.0,0.0428,1.4419,0.0,0.0014,0.3522,0.0647,0,0,0.0647,0.3699,0,0.0105,0.3594,0.9836,1,1,0.9835,50,466.44,290.83,0,1,2025-10-01 04:29:03,18.8,90.5,,0,0,,1
2025-10-01 04:29:48,353.39,0.3539,247.36,0.4948,1.4846000000000001,247.54,244.97,249.59,429.36,427.48,428.45,428.4,0.0,0.0416,1.443,0.0,0.0011,0.3528,0.0651,0,0,0.0651,0.3703,0,0.0102,0.3602,0.9834,1,1,0.9833,50.1,466.45,290.83,0,1,2025-10-01 04:29:48,18.9,90.6,,0,0,,1
2025-10-01 04:30:33,353.39,0.3512,247.32,0.4932,1.4796,247.09,245.58,249.3,429.34,428.59,427.12,428.33,0.0,0.0416,1.438,0.0,0.0,0.3512,0.0651,0,0,0.0651,0.3687,0,0.0102,0.3585,0.9832,1,1,0.9832,50,466.45,290.83,0,1,2025-10-01 04:30:33,18.9,91.1,,0,0,,1
2025-10-01 04:31:18,353.4,0.3517,247.19,0.4932,1.4795999999999998,247.37,244.9,249.31,429.27,427.67,427.43,428.1,0.0,0.0432,1.4364,0.0,0.001,0.3507,0.0653,0,0,0.0653,0.3687,0,0.0106,0.3581,0.9832,1,1,0.9831,50,466.46,290.83,0,1,2025-10-01 04:31:18,19.0,91.4,,0,0,,1
2025-10-01 04:32:03,353.4,0.3517,247.23,0.4937,1.4813,247.41,244.71,249.57,429.05,428.1,427.4,428.13,0.0,0.0424,1.4389,0.0,0.0,0.3517,0.0654,0,0,0.0654,0.3695,0,0.0104,0.3591,0.9831,1,1,0.9831,50,466.46,290.83,0,1,2025-10-01 04:32:03,19.0,91.4,,0,0,,1
2025-10-01 04:32:48,353.41,0.3528,247.16,0.4939,1.4818,247,245.09,249.4,428.99,428.28,426.94,428.03,0.0,0.0436,1.4382,0.0,0.0015,0.3513,0.0654,0,0,0.0654,0.3694,0,0.0107,0.3587,0.9832,1,1,0.9831,50,466.47,290.83,0,1,2025-10-01 04:32:48,19.1,91.5,,0,0,,1
2025-10-01 04:33:33,353.44,3.9997,246.36,7.8123,23.436899999999998,246.15,243.95,249,427.22,426.15,426.71,426.77,8.4095,7.204,7.8234,1.4868,1.0442,1.4687,4.1256,1.4372,1.4103,1.2781,5.7754,2.07,1.7574,1.948,0.696,0.7189,0.595,0.7543,50.1,466.52,290.87,1,1,2025-10-01 04:33:33,19.1,89.5,,1,0,,0
2025-10-01 04:34:18,353.49,4.1199,246.44,7.909,23.7271,245.18,245.35,248.81,427.93,426.88,425.68,426.76,8.2528,7.5656,7.9087,1.5019,1.1632,1.4548,4.1195,1.353,1.4431,1.3234,5.8474,2.0234,1.8562,1.9678,0.7071,0.7429,0.6275,0.7397,50.1,466.6,290.92,1,1,2025-10-01 04:34:18,19.0,83.9,,1,0,,0
2025-10-01 04:35:03,353.55,4.158,246.2,7.9413,23.823900000000002,246.12,243.47,249.02,427.08,426.06,426.07,426.37,8.4908,7.375,7.9581,1.5341,1.1111,1.5129,4.1013,1.4159,1.407,1.2783,5.8671,2.0898,1.7956,1.9817,0.7119,0.7348,0.6197,0.7638,50,466.67,290.97,1,1,2025-10-01 04:35:03,18.9,81.1,,1,0,,0
2025-10-01 04:35:48,353.6,4.1337,246.41,7.9141,23.7423,245.87,244.15,249.22,427.66,426.3,426.34,426.8,8.3901,7.458,7.8942,1.5223,1.1284,1.4829,4.1054,1.3888,1.4255,1.291,5.8511,2.0629,1.8209,1.9674,0.7095,0.7387,0.6206,0.7542,50.1,466.74,291.02,1,1,2025-10-01 04:35:48,18.8,79.5,,1,0,,0
2025-10-01 04:36:33,353.65,4.1301,246.3,7.912,23.7362,246.04,243.65,249.21,427.26,426.57,425.88,426.58,8.4331,7.4033,7.8998,1.5247,1.1124,1.4929,4.1025,1.4042,1.4167,1.2816,5.8474,2.0749,1.8038,1.9687,0.7094,0.7355,0.6175,0.7587,50.1,466.82,291.07,1,1,2025-10-01 04:36:33,18.3,78.3,,1,0,,0
2025-10-01 04:37:18,353.7,3.9503,247.07,7.7819,23.3459,246.88,244.85,249.5,428.79,427.33,427.64,427.87,8.314,7.2627,7.7692,1.4681,1.0438,1.4384,4.1649,1.4311,1.4362,1.2976,5.7692,2.0526,1.7783,1.9384,0.6881,0.716,0.5879,0.7425,50,466.89,291.13,1,1,2025-10-01 04:37:18,18.1,78.1,,1,0,,0
2025-10-01 04:38:03,353.75,4.0174,246.97,7.8392,23.517799999999998,246.72,244.85,249.35,428.5,427.63,427.09,427.67,8.3567,7.3587,7.8024,1.4934,1.0736,1.4504,4.1567,1.4182,1.4436,1.2949,5.8091,2.0618,1.8018,1.9455,0.6949,0.7251,0.5967,0.7459,50,466.96,291.18,1,1,2025-10-01 04:38:03,17.9,74.6,,1,0,,0
2025-10-01 04:38:48,353.8,3.9901,246.94,7.8098,23.4294,247.13,244.2,249.49,428.57,426.23,428.26,427.6,8.3899,7.2101,7.8294,1.4823,1.0386,1.4692,4.1495,1.4463,1.418,1.2851,5.7875,2.0734,1.7607,1.9534,0.6931,0.7157,0.5908,0.7526,50,467.04,291.23,1,1,2025-10-01 04:38:48,17.4,76.9,,1,0,,0
2025-10-01 04:39:33,353.85,3.9258,246.94,7.739,23.2171,246.27,245.46,249.09,428.07,428.46,426.54,427.66,8.0666,7.4172,7.7333,1.4401,1.0923,1.3934,4.1468,1.3654,1.4531,1.3283,5.7335,1.9866,1.8206,1.9263,0.6874,0.7256,0.6008,0.7238,50.1,467.1,291.28,1,1,2025-10-01 04:39:33,17.3,77.3,,1,0,,0
2025-10-01 04:40:18,353.9,3.9391,247,7.7553,23.2661,247.07,244.83,249.11,428.34,427.38,427.69,427.89,8.2451,7.276,7.745,1.4632,1.049,1.4269,4.1472,1.4141,1.4363,1.2968,5.7479,2.0371,1.7814,1.9294,0.6886,0.719,0.5897,0.74,50.1,467.17,291.33,1,1,2025-10-01 04:40:18,17.3,75.1,,1,0,,0
2025-10-01 04:41:03,353.95,3.9648,247.5,7.788,23.3641,247.43,245.58,249.5,429.88,428.27,427.83,428.71,8.2515,7.3551,7.7575,1.4729,1.0671,1.4248,4.1728,1.4106,1.454,1.3083,5.7834,2.0417,1.8063,1.9355,0.6888,0.7222,0.5916,0.7365,50.1,467.25,291.38,1,1,2025-10-01 04:41:03,17.2,74.6,,1,0,,0
2025-10-01 04:43:24,354.12,3.9127,247.68,7.7467,23.240299999999998,248.16,244.82,250.08,430.34,427.06,429.53,429.03,8.4308,7.0881,7.7214,1.4753,0.9832,1.4543,4.1733,1.4794,1.4261,1.2679,5.7585,2.0922,1.7353,1.931,0.6839,0.7061,0.5675,0.7537,50.1,467.5,291.57,1,1,2025-10-01 04:43:24,16.5,69.6,,1,0,,0
2025-10-01 04:44:09,354.17,3.9301,247.49,7.753,23.2592,247.15,245.47,249.85,429.72,427.83,428.37,428.91,8.2758,7.2454,7.738,1.4618,1.0386,1.4298,4.1673,1.4274,1.4402,1.2996,5.7572,2.0454,1.7785,1.9333,0.6861,0.7154,0.5849,0.7399,50.1,467.58,291.62,1,1,2025-10-01 04:44:09,16.4,69.8,,1,0,,0
2025-10-01 04:44:54,354.22,3.8763,248.08,7.7231,23.1695,246.43,247.24,250.57,430.21,430.6,428.18,428.85,8.1926,7.2581,7.7188,1.4328,1.0408,1.4026,4.2068,1.4188,1.4581,1.3299,5.7475,2.0189,1.7945,1.9341,0.6776,0.7105,0.5809,0.7256,50.1,467.65,291.67,1,1,2025-10-01 04:44:54,16.0,68.9,,1,0,,0
2025-10-01 04:45:39,354.27,3.9034,247.58,7.7347,23.2043,246.19,245.89,250.67,429.37,427.93,429.09,429.01,8.2469,7.177,7.7804,1.4357,1.0322,1.4355,4.1783,1.4323,1.4276,1.3184,5.7454,2.0303,1.7648,1.9503,0.6826,0.7079,0.5859,0.7365,50.1,467.72,291.72,1,1,2025-10-01 04:45:39,15.9,67.8,,1,0,,0
2025-10-01 04:46:24,354.32,3.9382,247.26,7.7484,23.245199999999997,245.58,245.68,250.52,428.95,427.93,427.81,428.29,8.1612,7.274,7.81,1.4339,1.0724,1.4319,4.1537,1.3967,1.4258,1.3312,5.7479,2.0042,1.7871,1.9566,0.688,0.7163,0.601,0.7323,50.1,467.79,291.78,1,1,2025-10-01 04:46:24,15.8,68.1,,1,0,,0
2025-10-01 04:47:09,354.37,3.9377,247,7.7425,23.2277,245.61,245.01,250.39,428.18,427.65,427.54,427.82,8.1998,7.2,7.8279,1.4339,1.0563,1.4475,4.139,1.4105,1.4089,1.3195,5.7381,2.014,1.7641,1.96,0.6892,0.7128,0.5998,0.739,50.1,467.86,291.83,1,1,2025-10-01 04:47:09,15.7,67.1,,1,0,,0
2025-10-01 04:47:54,354.41,3.9483,247.13,7.7516,23.254800000000003,245.01,246.18,250.2,428.68,428.83,426.52,428.04,8.0827,7.3276,7.8445,1.4241,1.0983,1.4258,4.1473,1.3728,1.4274,1.347,5.7469,1.9803,1.8039,1.9627,0.6895,0.7199,0.6098,0.7269,50.1,467.93,291.88,1,1,2025-10-01 04:47:54,15.7,68.3,,1,0,,0
2025-10-01 04:49:01,354.44,0.3577,248.17,0.4997,1.4991,247.41,246.53,250.59,431.32,428.31,429.83,429.6,0.0,0.0416,1.4575,0.0,0.0,0.3577,0.0666,0,0,0.0666,0.3755,0,0.0103,0.3652,0.9831,1,1,0.9831,50,467.97,291.9,0,1,2025-10-01 04:49:01,15.2,68.7,,0,0,,1
2025-10-01 04:49:46,354.45,0.3572,247.32,0.4996,1.4989,244.49,247.31,250.16,429.4,428.42,427.19,428.3,0.0,0.0412,1.4577,0.0,0.0,0.3572,0.0662,0,0,0.0662,0.3748,0,0.0102,0.3647,0.9832,1,1,0.9832,50,467.97,291.9,0,1,2025-10-01 04:49:46,15.6,73.5,,0,0,,1
2025-10-01 04:50:31,354.45,0.3554,247.21,0.4978,1.4935,244.92,246.6,250.11,429.12,428.21,427.11,428.16,0.0,0.042,1.4515,0.0,0.0,0.3554,0.0669,0,0,0.0669,0.3734,0,0.0104,0.363,0.9827,1,1,0.9827,50,467.98,291.9,0,1,2025-10-01 04:50:31,15.7,76.2,,0,0,,1
2025-10-01 04:51:16,354.46,0.3578,247.28,0.4993,1.4981,245.15,246.68,250.02,429.33,428.58,426.92,428.36,0.0,0.0416,1.4565,0.0,0.001,0.3568,0.0655,0,0,0.0655,0.3744,0,0.0103,0.3642,0.9836,1,1,0.9835,50,467.98,291.91,0,1,2025-10-01 04:51:16,15.8,78,,0,0,,1
2025-10-01 04:52:01,354.46,0.3555,247.01,0.4986,1.4958,245.07,246.3,249.68,428.6,427.74,427.12,427.82,0.0,0.0424,1.4534,0.0,0.0,0.3555,0.0655,0,0,0.0655,0.3733,0,0.0104,0.3629,0.9834,1,1,0.9834,50.1,467.99,291.91,0,1,2025-10-01 04:52:01,15.9,79.9,,0,0,,1
2025-10-01 04:52:46,354.46,0.3553,247.1,0.4968,1.4904,245.26,246.46,249.59,429.08,426.89,427.92,427.8,0.0,0.0412,1.4492,0.0,0.0011,0.3542,0.066,0,0,0.066,0.3719,0,0.0102,0.3617,0.9831,1,1,0.983,50,467.99,291.91,0,1,2025-10-01 04:52:46,16.4,81.3,,0,0,,1
2025-10-01 04:53:31,354.47,0.3527,247.03,0.4953,1.4859,244.87,246.87,249.35,428.68,428.54,426.32,427.86,0.0,0.0412,1.4447,0.0,0.0,0.3527,0.0661,0,0,0.0661,0.3704,0,0.0102,0.3602,0.9828,1,1,0.9828,50,468,291.91,0,1,2025-10-01 04:53:31,16.5,83,,0,0,,1
2025-10-01 04:54:16,354.47,0.3544,246.87,0.4955,1.4867,245.76,245.15,249.7,428.05,426.23,428.41,427.67,0.0,0.0432,1.4435,0.0,0.0015,0.3529,0.0662,0,0,0.0662,0.371,0,0.0106,0.3604,0.9829,1,1,0.9828,50,468,291.91,0,1,2025-10-01 04:54:16,16.6,85.2,,0,0,,1
2025-10-01 04:55:01,354.48,0.3539,247.33,0.4962,1.4886000000000001,245.49,246.63,249.87,429.79,428.81,426.45,428.38,0.0,0.0416,1.447,0.0,0.0,0.3539,0.0668,0,0,0.0668,0.3718,0,0.0103,0.3616,0.9826,1,1,0.9826,50,468.01,291.91,0,1,2025-10-01 04:55:01,16.7,86.4,,0,0,,1
2025-10-01 04:56:09,354.49,0.3553,247.17,0.4976,1.4929999999999999,246.2,245.21,250.1,428.84,427.38,428.02,428.11,0.0,0.0424,1.4506,0.0,0.0,0.3553,0.0661,0,0,0.0661,0.3732,0,0.0104,0.3628,0.9831,1,1,0.9831,50.1,468.02,291.91,0,1,2025-10-01 04:56:09,17.3,87,,0,0,,1
2025-10-01 04:56:54,354.49,0.3553,247.46,0.4962,1.4887000000000001,245.38,246.97,250.03,429.99,429.43,426.31,428.6,0.0,0.042,1.4467,0.0,0.0012,0.3542,0.0663,0,0,0.0663,0.3721,0,0.0104,0.3617,0.983,1,1,0.9829,50,468.02,291.91,0,1,2025-10-01 04:56:54,17.3,86.9,,0,0,,1
2025-10-01 04:57:39,354.49,0.355,247.22,0.4968,1.4905,245.62,245.72,250.34,429.17,426.74,428.6,427.8,0.0,0.042,1.4485,0.0,0.0,0.355,0.0664,0,0,0.0664,0.3729,0,0.0103,0.3626,0.9829,1,1,0.9829,50.1,468.03,291.91,0,1,2025-10-01 04:57:39,17.4,87.4,,0,0,,1
2025-10-01 04:58:24,354.5,0.354,246.95,0.4954,1.4864,245.63,245.72,249.51,428.1,427.15,427.89,427.7,0.0,0.0424,1.444,0.0,0.0011,0.3529,0.0653,0,0,0.0653,0.3707,0,0.0104,0.3603,0.9834,1,1,0.9833,50.1,468.03,291.91,0,1,2025-10-01 04:58:24,17.5,87.7,,0,0,,1
2025-10-01 04:59:09,354.5,0.3532,246.94,0.496,1.4881,245.31,246.23,249.3,428.6,427.6,426.9,427.45,0.0,0.042,1.4461,0.0,0.0,0.3532,0.0652,0,0,0.0652,0.3709,0,0.0103,0.3605,0.9833,1,1,0.9833,50,468.03,291.91,0,1,2025-10-01 04:59:09,17.5,88,,0,0,,1
2025-10-01 04:59:54,354.51,0.3548,246.81,0.4959,1.4877,244.9,245.71,249.84,428.44,426.9,427.05,427.63,0.0,0.0428,1.4449,0.0,0.0012,0.3536,0.0656,0,0,0.0656,0.3715,0,0.0105,0.361,0.9833,1,1,0.9832,50,468.04,291.92,0,1,2025-10-01 04:59:54,18.0,88.3,,0,0,,1
2025-10-01 05:00:39,354.51,0.3544,246.94,0.4959,1.4878,244.85,246.62,249.36,428.9,427.33,426.84,427.68,0.0,0.0432,1.4446,0.0,0.0014,0.353,0.0648,0,0,0.0648,0.3709,0,0.0107,0.3602,0.9836,1,1,0.9835,50,468.04,291.92,0,1,2025-10-01 05:00:39,18.0,88.4,,0,0,,1
2025-10-01 05:01:24,354.52,0.3542,247.12,0.4958,1.4876,245.13,246.89,249.34,428.9,428.2,426.91,427.8,0.0,0.0428,1.4448,0.0,0.0012,0.353,0.0648,0,0,0.0648,0.3708,0,0.0106,0.3602,0.9836,1,1,0.9835,50,468.05,291.92,0,1,2025-10-01 05:01:24,18.1,88.8,,0,0,,1
2025-10-01 05:02:09,354.52,0.3541,247.3,0.4963,1.489,246.71,245.37,249.84,428.5,427.36,429.14,428.45,0.0,0.042,1.447,0.0,0.0,0.3541,0.0658,0,0,0.0658,0.3718,0,0.0103,0.3615,0.9831,1,1,0.9831,50,468.05,291.92,0,1,2025-10-01 05:02:09,18.1,89.1,,0,0,,1
2025-10-01 05:03:16,354.53,0.354,247.41,0.4963,1.4889,245.66,246.78,249.81,428.81,428.67,428.08,428.58,0.0,0.0424,1.4465,0.0,0.0,0.354,0.0654,0,0,0.0654,0.3718,0,0.0105,0.3614,0.9833,1,1,0.9833,50,468.06,291.92,0,1,2025-10-01 05:03:16,18.2,89.5,,0,0,,1
2025-10-01 05:04:01,354.53,0.3535,247.35,0.4952,1.4857,246.44,245.56,250.07,428.88,426.91,429.44,428.21,0.0,0.042,1.4437,0.0,0.0,0.3535,0.066,0,0,0.066,0.3713,0,0.0103,0.361,0.9829,1,1,0.9829,50,468.07,291.92,0,1,2025-10-01 05:04:01,18.3,89.5,,0,0,,1
2025-10-01 05:04:46,354.54,0.355,247.27,0.4957,1.4871,245.74,246.37,249.72,428.91,428.71,427.2,428.3,0.0,0.042,1.4451,0.0,0.0015,0.3535,0.0653,0,0,0.0653,0.3712,0,0.0103,0.3609,0.9835,1,1,0.9833,50,468.07,291.92,0,1,2025-10-01 05:04:46,18.7,89.7,,0,0,,1
2025-10-01 05:05:31,354.54,0.3537,246.75,0.4944,1.4832,245.87,244.73,249.66,427.54,426.37,428.19,427.35,0.0,0.0416,1.4416,0.0,0.0011,0.3526,0.065,0,0,0.065,0.3701,0,0.0102,0.3599,0.9835,1,1,0.9834,50,468.08,291.92,0,1,2025-10-01 05:05:31,18.8,89.9,,0,0,,1
2025-10-01 05:06:16,354.55,0.3516,246.07,0.4943,1.483,244.54,244.6,249.07,426.24,426.77,425.54,426.18,0.0,0.0424,1.4406,0.0,0.0,0.3516,0.0647,0,0,0.0647,0.3692,0,0.0104,0.3588,0.9834,1,1,0.9834,50,468.08,291.92,0,1,2025-10-01 05:06:16,18.8,89.9,,0,0,,1
2025-10-01 05:07:01,354.55,0.3519,245.87,0.4942,1.4826000000000001,244.78,243.47,249.37,426,425.29,426.23,425.9,0.0,0.042,1.4406,0.0,0.0,0.3519,0.0651,0,0,0.0651,0.3695,0,0.0102,0.3592,0.9833,1,1,0.9833,50,468.08,291.92,0,1,2025-10-01 05:07:01,18.8,90.1,,0,0,,1
2025-10-01 05:07:46,354.56,0.3528,246.34,0.4949,1.4849,244.82,244.66,249.55,427.58,424.99,427.35,426.37,0.0,0.042,1.4429,0.0,0.0,0.3528,0.0647,0,0,0.0647,0.3704,0,0.0103,0.3601,0.9836,1,1,0.9836,50,468.09,291.92,0,1,2025-10-01 05:07:46,18.9,90.2,,0,0,,1
2025-10-01 05:08:31,354.56,0.3533,246.67,0.4935,1.4806,245.16,245.18,249.69,428.27,426.31,427.08,427.18,0.0,0.0408,1.4398,0.0,0.0012,0.3521,0.0657,0,0,0.0657,0.3695,0,0.01,0.3595,0.9831,1,1,0.983,50,468.09,291.92,0,1,2025-10-01 05:08:31,18.9,90.3,,0,0,,1
2025-10-01 05:09:16,354.56,0.3509,246.68,0.4919,1.4758,244.89,245.94,249.21,427.62,427.05,427.05,427.12,0.0,0.0428,1.433,0.0,0.0013,0.3496,0.0655,0,0,0.0655,0.3676,0,0.0105,0.3571,0.983,1,1,0.9828,50,468.1,291.93,0,1,2025-10-01 05:09:16,19.0,90.3,,0,0,,1
2025-10-01 05:10:01,354.57,0.344,246.25,0.4888,1.4665000000000001,247.34,246.02,245.39,428.46,425.83,425.24,426.5,0.0,0.0436,1.4229,0.0,0.0011,0.3429,0.0594,0,0,0.0594,0.3599,0,0.0107,0.3492,0.9854,1,1,0.9853,50,468.1,291.93,0,1,2025-10-01 05:10:01,19.0,90.4,,0,0,,1
2025-10-01 05:10:46,354.58,3.812,245.43,7.6244,22.873199999999997,246.37,244.92,245,426.69,423.37,425.21,425.09,8.2569,7.1002,7.5161,1.4644,0.9796,1.368,4.0725,1.4084,1.4333,1.2307,5.6147,2.0343,1.739,1.8414,0.6833,0.7207,0.5642,0.7434,50,468.13,291.94,1,1,2025-10-01 05:10:46,19.0,90.5,,1,0,,0
2025-10-01 05:11:31,354.63,4.0993,245.07,7.8717,23.615299999999998,246.44,243.66,245.13,425.33,423.49,424.61,424.68,8.6509,7.0908,7.8736,1.5608,1.029,1.5096,4.0344,1.449,1.3847,1.2007,5.7897,2.1319,1.7277,1.9301,0.7127,0.7328,0.5964,0.7826,50,468.19,291.99,1,1,2025-10-01 05:11:31,19.0,84.5,,1,0,,0
2025-10-01 05:12:16,354.68,4.1659,245.62,7.927,23.7812,245.46,245.84,245.58,426.82,425.62,423.85,425.49,8.3806,7.5408,7.8598,1.5544,1.1562,1.4553,4.0561,1.3441,1.4458,1.2662,5.8411,2.0571,1.8538,1.9302,0.7164,0.7564,0.6245,0.7544,50.1,468.27,292.04,1,1,2025-10-01 05:12:16,18.9,79.4,,1,0,,0
2025-10-01 05:13:01,354.74,4.0937,245.58,7.8632,23.5898,246.01,245.25,245.48,427,423.89,425.16,425.35,8.4794,7.3198,7.7906,1.5498,1.0833,1.4606,4.0548,1.3933,1.4286,1.2329,5.7936,2.086,1.7952,1.9124,0.7104,0.7436,0.6042,0.7641,50.1,468.34,292.09,1,1,2025-10-01 05:13:01,18.7,77.6,,1,0,,0
2025-10-01 05:13:46,354.79,4.0562,245.61,7.8311,23.4935,246.19,245.3,245.36,427.23,423.73,425.27,425.41,8.4601,7.2954,7.738,1.5429,1.068,1.4453,4.0576,1.3958,1.4326,1.2292,5.7709,2.0828,1.7896,1.8986,0.7069,0.7415,0.5976,0.7617,50,468.41,292.14,1,1,2025-10-01 05:13:46,18.1,75.1,,1,0,,0
2025-10-01 05:14:31,354.84,4.1249,245.57,7.8872,23.6616,245.83,245.47,245.41,427.18,424.75,424.05,425.32,8.4354,7.4119,7.8143,1.5536,1.1142,1.4572,4.0512,1.3706,1.4353,1.2453,5.8108,2.0737,1.8194,1.9177,0.7134,0.7498,0.6132,0.7601,50,468.49,292.19,1,1,2025-10-01 05:14:31,18.0,74.9,,1,0,,0
2025-10-01 05:15:16,354.89,4.0871,245.67,7.8595,23.5786,245.39,246.32,245.32,427.45,425.9,423.19,425.37,8.3137,7.5583,7.7066,1.5415,1.1386,1.407,4.0648,1.3334,1.4701,1.2613,5.7924,2.0401,1.8618,1.8906,0.709,0.7563,0.6123,0.7446,50,468.56,292.24,1,1,2025-10-01 05:15:16,17.4,72.5,,1,0,,0
2025-10-01 05:16:01,354.94,4.0755,245.18,7.8406,23.521900000000002,245.86,244.63,245.05,426,424.72,423.24,424.77,8.4747,7.2579,7.7893,1.5439,1.0688,1.4628,4.0361,1.3963,1.415,1.2248,5.7679,2.0836,1.7755,1.9088,0.7105,0.7416,0.6027,0.7667,50,468.63,292.29,1,1,2025-10-01 05:16:01,17.2,69.8,,1,0,,0
2025-10-01 05:16:46,354.99,4.0733,245.32,7.8379,23.5138,245.64,245.12,245.22,426.68,424.23,423.81,424.85,8.3942,7.3755,7.7441,1.5395,1.0953,1.4386,4.0419,1.3686,1.4352,1.2381,5.7688,2.062,1.8079,1.899,0.7098,0.7473,0.6066,0.7579,50,468.7,292.35,1,1,2025-10-01 05:16:46,16.6,70.4,,1,0,,0
2025-10-01 05:17:31,355.04,4.0059,245.48,7.7688,23.3066,245.2,245.97,245.29,426.86,426.03,422.66,425.09,8.1198,7.5477,7.6391,1.5,1.1338,1.3721,4.0482,1.3064,1.4671,1.2747,5.7213,1.991,1.8565,1.8738,0.7033,0.7541,0.6114,0.7326,50,468.77,292.39,1,1,2025-10-01 05:17:31,16.5,70.5,,1,0,,0
2025-10-01 05:18:16,355.09,4.0306,245.68,7.8072,23.421599999999998,245.19,243.14,248.72,426.37,424.28,425.86,425.5,8.4364,7.1383,7.8469,1.4927,1.0461,1.4917,4.0665,1.4286,1.3814,1.2566,5.7558,2.0685,1.7356,1.9517,0.7039,0.7224,0.6037,0.7648,50,468.84,292.44,1,1,2025-10-01 05:18:16,16.4,69.8,,1,0,,0
2025-10-01 05:19:01,355.14,3.9696,245.04,7.7095,23.128700000000002,242.72,243.95,248.45,425,425.03,423.13,424.38,8.0447,7.3234,7.7606,1.4334,1.1153,1.4208,4.0168,1.3229,1.3922,1.3017,5.6673,1.9526,1.7865,1.9281,0.7029,0.7348,0.6252,0.7373,50,468.92,292.5,1,1,2025-10-01 05:19:01,16.4,68.4,,1,0,,0
2025-10-01 05:19:46,355.19,3.8515,244.89,7.6038,22.8114,243.33,243.1,248.24,424.59,423.55,424.25,424.07,8.1141,7.0077,7.6896,1.4084,1.019,1.4241,4.0112,1.3804,1.3616,1.2692,5.5868,1.9744,1.7036,1.9089,0.6926,0.7141,0.5991,0.7465,50,468.99,292.55,1,1,2025-10-01 05:19:46,15.9,68.2,,1,0,,0
2025-10-01 05:20:31,355.24,3.9023,245.21,7.6531,22.9595,242.72,244.73,248.2,425.06,425.33,423.72,424.7,8.0423,7.1957,7.7215,1.4158,1.078,1.4085,4.028,1.3408,1.3891,1.2981,5.6295,1.952,1.761,1.9165,0.6958,0.726,0.613,0.7353,50,469.06,292.6,1,1,2025-10-01 05:20:31,15.8,67.2,,1,0,,0
2025-10-01 05:21:16,355.29,3.8669,245.27,7.6195,22.8587,242.38,245,248.45,425.21,426.36,422.84,424.78,7.9171,7.2885,7.6531,1.3988,1.0953,1.3728,4.0308,1.3104,1.4066,1.3138,5.606,1.9189,1.7857,1.9014,0.6922,0.7297,0.6144,0.7224,50,469.13,292.65,1,1,2025-10-01 05:21:16,15.7,66.5,,1,0,,0
2025-10-01 05:22:01,355.34,3.8797,245.42,7.6412,22.9237,243.41,244.36,248.49,425.52,424.45,425.18,425.05,8.145,7.0957,7.683,1.4248,1.0377,1.4172,4.0389,1.3755,1.3857,1.2777,5.6256,1.9826,1.7339,1.9091,0.6927,0.7194,0.5994,0.7427,50.1,469.2,292.7,1,1,2025-10-01 05:22:01,15.7,65.9,,1,0,,0
2025-10-01 05:22:46,355.38,3.7976,245.62,7.5734,22.7203,243.16,245.08,248.62,425.87,426.36,423.97,425.37,7.9649,7.1608,7.5946,1.3889,1.0425,1.3662,4.0569,1.3468,1.4084,1.3018,5.5799,1.9367,1.755,1.8882,0.6833,0.7179,0.5949,0.7239,50,469.27,292.75,1,1,2025-10-01 05:22:46,15.6,64.6,,1,0,,0
2025-10-01 05:23:31,355.43,0.3609,246.95,0.5043,1.5130000000000001,245.65,245.32,249.9,428.34,426.27,428.52,427.72,0.0,0.0416,1.4714,0.0,0.0,0.3609,0.0637,0,0,0.0637,0.3779,0,0.0102,0.3677,0.9847,1,1,0.9847,50,469.33,292.79,0,1,2025-10-01 05:23:31,15.1,64.2,,0,0,,1
2025-10-01 05:24:16,355.43,0.3587,247.14,0.5005,1.5015,245.14,246.52,249.77,428.64,428.54,426.94,428.09,0.0,0.042,1.4595,0.0,0.0013,0.3574,0.0646,0,0,0.0646,0.3749,0,0.0104,0.3645,0.9841,1,1,0.984,50,469.34,292.8,0,1,2025-10-01 05:24:16,15.1,65.3,,0,0,,1
2025-10-01 05:25:01,355.44,0.3555,246.74,0.4983,1.4951,246.04,244.31,249.87,427.56,426.35,428.12,427.44,0.0,0.0424,1.4527,0.0,0.0,0.3555,0.0656,0,0,0.0656,0.3733,0,0.0104,0.363,0.9833,1,1,0.9833,50.1,469.34,292.8,0,1,2025-10-01 05:25:01,15.1,71,,0,0,,1
2025-10-01 05:25:46,355.44,0.3574,246.87,0.4993,1.4981,245.63,245.27,249.73,428.37,425.67,428.67,427.49,0.0,0.0436,1.4545,0.0,0.0016,0.3558,0.0657,0,0,0.0657,0.3739,0,0.0107,0.3632,0.9834,1,1,0.9833,50,469.35,292.8,0,1,2025-10-01 05:25:46,15.1,75.2,,0,0,,1
2025-10-01 05:26:31,355.45,0.3562,247.21,0.4983,1.4949999999999999,245.13,246.24,250.27,428.24,428.38,427.87,428.14,0.0,0.0412,1.4538,0.0,0.0,0.3562,0.0668,0,0,0.0668,0.374,0,0.0101,0.3638,0.9828,1,1,0.9829,50.1,469.35,292.8,0,1,2025-10-01 05:26:31,15.6,77.3,,0,0,,1
2025-10-01 05:27:16,355.45,0.3572,247.58,0.4983,1.4949,245.76,246.62,250.38,429.3,429.12,428,428.89,0.0,0.0424,1.4525,0.0,0.0011,0.3561,0.0666,0,0,0.0666,0.3741,0,0.0105,0.3637,0.983,1,1,0.9829,50.1,469.36,292.8,0,1,2025-10-01 05:27:16,15.8,79.1,,0,0,,1
2025-10-01 05:28:01,355.46,0.3578,247.33,0.4981,1.4943,247.33,244.31,250.36,428.6,426.99,429.53,428.39,0.0,0.042,1.4523,0.0,0.0013,0.3564,0.0666,0,0,0.0666,0.3739,0,0.0103,0.3636,0.983,1,1,0.9828,50.1,469.36,292.8,0,1,2025-10-01 05:28:01,15.9,80.9,,0,0,,1
2025-10-01 05:28:46,355.46,0.356,247.5,0.4967,1.4902,246.23,246.09,250.19,428.98,426.84,430.17,428.31,0.0,0.0424,1.4478,0.0,0.0015,0.3545,0.0669,0,0,0.0669,0.3727,0,0.0104,0.3622,0.9827,1,1,0.9826,50,469.37,292.8,0,1,2025-10-01 05:28:46,16.4,82,,0,0,,1
2025-10-01 05:29:31,355.46,0.3569,248.06,0.4976,1.4929999999999999,246.56,246.99,250.65,429.93,430.92,428.08,429.25,0.0,0.0424,1.4506,0.0,0.0011,0.3558,0.0673,0,0,0.0673,0.3741,0,0.0105,0.3636,0.9827,1,1,0.9825,50.1,469.37,292.8,0,1,2025-10-01 05:29:31,16.5,83.2,,0,0,,1
2025-10-01 05:30:16,355.47,0.3561,247.31,0.4967,1.4903,247.51,243.95,250.48,429.16,425,430.82,428.51,0.0,0.0408,1.4495,0.0,0.0011,0.3549,0.0679,0,0,0.0679,0.373,0,0.01,0.3631,0.9823,1,1,0.9824,50,469.38,292.8,0,1,2025-10-01 05:30:16,16.6,84,,0,0,,1
2025-10-01 05:31:01,355.47,0.3557,248.14,0.496,1.488,245.51,248.43,250.5,430.84,431.22,427.27,429.75,0.0,0.0412,1.4468,0.0,0.0012,0.3546,0.0676,0,0,0.0676,0.3727,0,0.0102,0.3624,0.9824,1,1,0.9823,50,469.38,292.8,0,1,2025-10-01 05:31:01,16.7,85.3,,0,0,,1
2025-10-01 05:31:46,355.48,0.3556,247.95,0.498,1.494,245.99,247.31,250.56,430.25,429.49,428.58,429.39,0.0,0.0436,1.4504,0.0,0.0,0.3556,0.0675,0,0,0.0675,0.3742,0,0.0108,0.3634,0.9824,1,1,0.9824,50.1,469.38,292.8,0,1,2025-10-01 05:31:46,17.2,85.7,,0,0,,1
2025-10-01 05:32:31,355.48,0.3549,248.19,0.4961,1.4884,246.31,247.62,250.66,430.89,428.96,429.72,429.79,0.0,0.0412,1.4472,0.0,0.0,0.3549,0.0678,0,0,0.0678,0.373,0,0.0102,0.3628,0.9822,1,1,0.9822,50,469.39,292.8,0,1,2025-10-01 05:32:31,17.2,86,,0,0,,1
2025-10-01 05:33:16,355.49,0.3559,247.96,0.4961,1.4884000000000002,246.16,247.04,250.69,430.02,429.56,428.8,429.44,0.0,0.0416,1.4468,0.0,0.001,0.3549,0.0674,0,0,0.0674,0.373,0,0.0103,0.3627,0.9825,1,1,0.9824,50.1,469.39,292.81,0,1,2025-10-01 05:33:16,17.3,86.7,,0,0,,1
2025-10-01 05:34:01,355.49,0.3574,247.98,0.4979,1.4939,246.23,246.96,250.77,429.8,429.34,429.37,429.47,0.0,0.0424,1.4515,0.0,0.0011,0.3563,0.0669,0,0,0.0669,0.3745,0,0.0105,0.364,0.9829,1,1,0.9828,50.1,469.4,292.81,0,1,2025-10-01 05:34:01,17.4,86.9,,0,0,,1
2025-10-01 05:34:46,355.5,0.3562,247.73,0.4968,1.4906,246.31,246.22,250.67,429.4,428.81,428.98,429.16,0.0,0.0432,1.4474,0.0,0.0012,0.355,0.0674,0,0,0.0674,0.3735,0,0.0106,0.3628,0.9825,1,1,0.9824,50,469.4,292.81,0,1,2025-10-01 05:34:46,17.4,87.1,,0,0,,1
2025-10-01 05:35:31,355.5,0.3549,247.82,0.4963,1.4889000000000001,246.12,246.65,250.71,429.19,429.71,428.79,429.15,0.0,0.042,1.4469,0.0,0.0,0.3549,0.0677,0,0,0.0677,0.3731,0,0.0104,0.3628,0.9822,1,1,0.9822,50.1,469.41,292.81,0,1,2025-10-01 05:35:31,17.5,87.7,,0,0,,1
2025-10-01 05:36:16,355.5,0.3557,247.99,0.4967,1.4901,245.72,247.42,250.83,430.2,430.2,428.11,429.58,0.0,0.0412,1.4489,0.0,0.0,0.3557,0.0673,0,0,0.0673,0.3736,0,0.0102,0.3634,0.9825,1,1,0.9825,50.1,469.41,292.81,0,1,2025-10-01 05:36:16,18.0,88.4,,0,0,,1
2025-10-01 05:37:01,355.51,0.3546,247.61,0.4957,1.4870999999999999,246.45,245.92,250.47,429.14,428.66,428.77,428.99,0.0,0.0408,1.4463,0.0,0.0,0.3546,0.0668,0,0,0.0668,0.3723,0,0.01,0.3623,0.9827,1,1,0.9827,50.1,469.42,292.81,0,1,2025-10-01 05:37:01,18.0,88.7,,0,0,,1
2025-10-01 05:37:46,355.51,0.3544,248.08,0.4957,1.4870999999999999,246.16,247.7,250.4,430.71,428.93,429.36,429.47,0.0,0.0412,1.4459,0.0,0.0,0.3544,0.0665,0,0,0.0665,0.3723,0,0.0102,0.3621,0.9828,1,1,0.9828,50,469.42,292.81,0,1,2025-10-01 05:37:46,18.1,88.9,,0,0,,1
2025-10-01 05:38:31,355.52,0.3557,248.05,0.4965,1.4895,245.66,247.41,251.1,429.9,429.76,429.2,429.71,0.0,0.0416,1.4479,0.0,0.0,0.3557,0.0678,0,0,0.0678,0.3739,0,0.0103,0.3636,0.9823,1,1,0.9823,50.1,469.43,292.81,0,1,2025-10-01 05:38:31,18.2,89.6,,0,0,,1
2025-10-01 05:39:16,355.52,0.3559,247.89,0.4959,1.4879,245.65,247.34,250.7,429.02,429.64,429.4,429.38,0.0,0.042,1.4459,0.0,0.0011,0.3548,0.0668,0,0,0.0668,0.3729,0,0.0104,0.3625,0.9828,1,1,0.9827,50.1,469.43,292.81,0,1,2025-10-01 05:39:16,18.2,89.3,,0,0,,1
2025-10-01 05:40:01,355.53,0.3564,248.12,0.4959,1.4876999999999998,245.45,248.16,250.77,429.8,431.07,428.39,429.9,0.0,0.0412,1.4465,0.0,0.0015,0.3549,0.0675,0,0,0.0675,0.373,0,0.0102,0.3627,0.9825,1,1,0.9824,50.1,469.44,292.81,0,1,2025-10-01 05:40:01,18.3,89.2,,0,0,,1
2025-10-01 05:40:46,355.53,0.3563,247.94,0.4955,1.4865,246.62,245.92,251.29,429.71,428.21,430.35,429.67,0.0,0.0412,1.4453,0.0,0.0011,0.3552,0.0681,0,0,0.0681,0.3733,0,0.0101,0.3632,0.9822,1,1,0.9821,50.1,469.44,292.81,0,1,2025-10-01 05:40:46,18.7,89.5,,0,0,,1
2025-10-01 05:41:31,355.54,0.3575,247.85,0.4969,1.4909,246.62,245.58,251.35,430.04,427.65,430.05,429.2,0.0,0.0424,1.4485,0.0,0.0014,0.3561,0.0681,0,0,0.0681,0.3745,0,0.0104,0.3641,0.9823,1,1,0.9822,50,469.45,292.81,0,1,2025-10-01 05:41:31,18.7,89.5,,0,0,,1
2025-10-01 05:42:16,355.54,0.3563,247.99,0.4968,1.4906,245.86,246.68,251.45,429.56,429.53,429.45,429.57,0.0,0.0424,1.4482,0.0,0.0,0.3563,0.0676,0,0,0.0676,0.3746,0,0.0105,0.3641,0.9824,1,1,0.9824,50.1,469.45,292.82,0,1,2025-10-01 05:42:16,18.8,89.8,,0,0,,1
2025-10-01 05:43:01,355.54,0.3545,247.87,0.4951,1.4852999999999998,246.25,246.51,250.85,429.96,428.11,429.8,429.19,0.0,0.0408,1.4445,0.0,0.0,0.3545,0.0673,0,0,0.0673,0.3724,0,0.0101,0.3624,0.9824,1,1,0.9824,50,469.45,292.82,0,1,2025-10-01 05:43:01,18.8,89.9,,0,0,,1
2025-10-01 05:43:46,355.55,0.3553,248.02,0.4952,1.4858,245.03,248.39,250.66,430.36,430.01,428.34,429.67,0.0,0.0416,1.4442,0.0,0.0011,0.3543,0.0668,0,0,0.0668,0.3723,0,0.0103,0.362,0.9827,1,1,0.9826,50,469.46,292.82,0,1,2025-10-01 05:43:46,18.9,90.1,,0,0,,1
2025-10-01 05:44:31,355.55,0.3575,248.66,0.4966,1.4898,247.5,247.17,251.33,431.27,430.26,430.51,430.68,0.0,0.0424,1.4474,0.0,0.0015,0.356,0.0672,0,0,0.0672,0.3743,0,0.0105,0.3638,0.9827,1,1,0.9826,50,469.46,292.82,0,1,2025-10-01 05:44:31,18.9,90.1,,0,0,,1
2025-10-01 05:45:23,355.56,0.3567,248.9,0.4958,1.4874,247.45,248.06,251.19,432,431.62,429.62,431.1,0.0,0.0424,1.445,0.0,0.0015,0.3552,0.0673,0,0,0.0673,0.3735,0,0.0105,0.363,0.9826,1,1,0.9825,50.1,469.47,292.82,0,1,2025-10-01 05:45:23,19.0,90.2,,0,0,,1
2025-10-01 05:46:08,355.57,3.7436,247.78,7.6528,22.9586,246.83,245.76,250.77,429.69,427.24,430.51,429.15,8.3086,6.9334,7.7166,1.3918,0.936,1.4158,4.2392,1.5022,1.4199,1.3171,5.6899,2.0508,1.704,1.9351,0.6619,0.6796,0.5503,0.7321,50.1,469.49,292.83,1,1,2025-10-01 05:46:08,19.0,90.2,,1,0,,0
2025-10-01 05:46:53,355.62,3.9571,247.49,7.8161,23.4483,245.98,246.25,250.25,429.02,428.25,428.67,428.58,8.3203,7.2493,7.8787,1.4511,1.0562,1.4499,4.2086,1.4394,1.4352,1.334,5.8034,2.0466,1.7851,1.9716,0.685,0.7099,0.5927,0.7358,50,469.56,292.89,1,1,2025-10-01 05:46:53,19.0,86,,1,0,,0
2025-10-01 05:47:38,355.68,3.9867,247.58,7.8416,23.5249,246.39,245.93,250.42,429.25,428.5,428.64,428.82,8.4236,7.1956,7.9057,1.4684,1.0424,1.4758,4.2068,1.4631,1.4261,1.3175,5.8249,2.0755,1.7696,1.9797,0.6878,0.7083,0.59,0.7459,50,469.64,292.94,1,1,2025-10-01 05:47:38,18.9,81.6,,1,0,,0
2025-10-01 05:49:08,355.77,3.9565,247.75,7.8006,23.402,245.51,247.14,250.6,429.3,429.19,428.79,429.11,8.1262,7.365,7.9108,1.4241,1.1032,1.4292,4.2088,1.3933,1.4436,1.3718,5.7977,1.9951,1.8202,1.9824,0.6849,0.7147,0.6071,0.7214,50.1,469.78,293.04,1,1,2025-10-01 05:49:08,18.2,75.9,,1,0,,0
2025-10-01 05:49:53,355.82,4.0209,247.56,7.8649,23.5947,246.54,245.56,250.59,428.79,427.58,429.95,428.68,8.5699,6.9517,8.0731,1.4711,1.0063,1.5435,4.1925,1.5125,1.3746,1.3054,5.8429,2.1128,1.7071,2.023,0.6921,0.6972,0.5907,0.7635,50.1,469.85,293.09,1,1,2025-10-01 05:49:53,18.0,73.7,,1,0,,0
2025-10-01 05:50:38,355.87,3.9751,247.86,7.8241,23.4723,246.15,246.98,250.46,429.68,428.18,430,429.28,8.3386,7.2271,7.9066,1.456,1.0578,1.4613,4.2111,1.4428,1.4337,1.3346,5.8178,2.0525,1.7849,1.9803,0.6864,0.7103,0.5937,0.7383,50.1,469.93,293.15,1,1,2025-10-01 05:50:38,17.4,71.7,,1,0,,0
2025-10-01 05:51:23,355.92,3.9467,247.86,7.7879,23.3639,245.17,247.79,250.64,429.45,430.41,428.03,429.51,8.1673,7.2788,7.9178,1.4222,1.0863,1.4382,4.2071,1.4058,1.4356,1.3658,5.7905,2.0024,1.8036,1.9845,0.6841,0.7111,0.6034,0.7251,50.1,470,293.2,1,1,2025-10-01 05:51:23,17.3,72,,1,0,,0
2025-10-01 05:52:31,356.02,4.1289,247.1,7.9174,23.7523,244.11,246.76,250.43,427.81,428.81,427.28,428.16,8.3267,7.381,8.0446,1.4823,1.1459,1.5007,4.1422,1.3876,1.4121,1.3425,5.8686,2.0326,1.8213,2.0146,0.7059,0.73,0.6301,0.7452,50.1,470.14,293.3,1,1,2025-10-01 05:52:31,16.6,70.9,,1,0,,0
2025-10-01 05:53:16,356.07,4.1534,247.07,7.9447,23.8341,244.48,246.4,250.35,428.14,427.18,428.43,428.07,8.3606,7.3615,8.112,1.4876,1.1458,1.5201,4.1444,1.3979,1.402,1.3445,5.8887,2.044,1.8139,2.0308,0.7078,0.7287,0.6327,0.749,50.1,470.21,293.35,1,1,2025-10-01 05:53:16,16.5,70,,1,0,,0
2025-10-01 05:54:01,356.12,4.1388,247.27,7.9283,23.7849,244.3,247.04,250.49,427.91,429.54,427.37,428.32,8.2635,7.4685,8.0529,1.4798,1.1688,1.4902,4.1511,1.3698,1.4237,1.3577,5.881,2.0188,1.845,2.0172,0.706,0.7338,0.6345,0.7392,50.1,470.28,293.4,1,1,2025-10-01 05:54:01,16.5,69.1,,1,0,,0
2025-10-01 05:54:46,356.17,4.1255,247.13,7.915,23.745199999999997,244.83,246.21,250.37,428.67,427.5,427.88,428.07,8.3905,7.3185,8.0362,1.4919,1.122,1.5116,4.1398,1.4084,1.4059,1.3255,5.8682,2.0542,1.8019,2.012,0.7058,0.7271,0.6237,0.7518,50.1,470.36,293.45,1,1,2025-10-01 05:54:46,16.0,67,,1,0,,0
2025-10-01 05:55:31,356.22,4.1008,246.92,7.8942,23.6827,245.29,245.21,250.26,427.72,426.52,428.71,427.61,8.4885,7.1546,8.0396,1.4937,1.0738,1.5334,4.1299,1.4467,1.383,1.3002,5.8485,2.0821,1.7544,2.012,0.7046,0.7183,0.6132,0.7627,50.1,470.43,293.5,1,1,2025-10-01 05:55:31,15.9,67.6,,1,0,,0
2025-10-01 05:56:16,356.27,4.1225,246.95,7.9095,23.7286,244.1,246.72,250.05,428.06,428.89,426.2,427.83,8.2376,7.4995,7.9915,1.4807,1.1692,1.4726,4.1347,1.3563,1.4297,1.3486,5.8593,2.0108,1.8503,1.9983,0.706,0.7374,0.633,0.7374,50.1,470.5,293.56,1,1,2025-10-01 05:56:16,15.8,68.2,,1,0,,0
2025-10-01 05:57:01,356.33,4.1398,246.33,7.9133,23.740099999999998,244.81,244.24,249.95,426.75,425.07,428.06,426.64,8.5493,7.0789,8.1119,1.5026,1.0718,1.5654,4.0912,1.4527,1.3523,1.2862,5.8495,2.093,1.729,2.0276,0.7112,0.7189,0.6211,0.7726,50.1,470.58,293.61,1,1,2025-10-01 05:57:01,15.7,66.8,,1,0,,0
2025-10-01 05:57:46,356.38,4.0923,247.18,7.8845,23.6536,243.87,247.46,250.21,428.48,429.6,426.23,428.02,8.1193,7.5987,7.9356,1.4654,1.1897,1.4373,4.1474,1.3277,1.4519,1.3678,5.846,1.9801,1.8804,1.9856,0.7023,0.741,0.6337,0.7244,50,470.65,293.66,1,1,2025-10-01 05:57:46,15.7,66.6,,1,0,,0
2025-10-01 05:58:31,356.43,4.0667,246.9,7.8646,23.594,244.52,246.31,249.89,428.34,426.95,427.57,427.61,8.3141,7.3668,7.9131,1.4812,1.117,1.4684,4.138,1.389,1.4264,1.3226,5.8249,2.033,1.8145,1.9774,0.7009,0.7294,0.6165,0.743,50,470.72,293.71,1,1,2025-10-01 05:58:31,15.6,65.5,,1,0,,0
2025-10-01 05:59:37,356.46,0.3602,248.05,0.5011,1.5033,245.64,247.8,250.73,430.56,429.72,428.58,429.51,0.0,0.042,1.4613,0.0,0.0013,0.359,0.0661,0,0,0.0661,0.3768,0,0.0104,0.3664,0.9835,1,1,0.9834,50,470.77,293.74,0,1,2025-10-01 05:59:37,15.1,66.7,,0,0,,1
2025-10-01 06:00:22,356.47,0.3596,247.29,0.5007,1.5022,246.44,244.98,250.45,428.64,425.7,430.52,428.2,0.0,0.0424,1.4598,0.0,0.0014,0.3582,0.0658,0,0,0.0658,0.376,0,0.0104,0.3656,0.9836,1,1,0.9835,50,470.77,293.74,0,1,2025-10-01 06:00:22,15.1,70.1,,0,0,,1
2025-10-01 06:01:07,356.47,0.3584,247.94,0.4992,1.4978,244.25,249.05,250.54,430.35,430.37,427.56,429.41,0.0,0.0428,1.455,0.0,0.0012,0.3571,0.0659,0,0,0.0659,0.3752,0,0.0107,0.3645,0.9835,1,1,0.9833,50.1,470.78,293.74,0,1,2025-10-01 06:01:07,15.2,73.5,,0,0,,1
2025-10-01 06:01:52,356.48,0.3583,247.14,0.4991,1.4973,246.75,244.19,250.5,427.93,426.26,429.96,428.23,0.0,0.0416,1.4557,0.0,0.0012,0.3571,0.0663,0,0,0.0663,0.3748,0,0.0102,0.3647,0.9832,1,1,0.9831,50.1,470.78,293.74,0,1,2025-10-01 06:01:52,15.7,76.7,,0,0,,1
2025-10-01 06:02:37,356.48,0.3579,247.26,0.4985,1.4956999999999998,246.41,245.05,250.34,428.53,425.35,430.86,428.38,0.0,0.0412,1.4545,0.0,0.0012,0.3567,0.0659,0,0,0.0659,0.3742,0,0.0101,0.3641,0.9834,1,1,0.9833,50.1,470.79,293.74,0,1,2025-10-01 06:02:37,15.8,79.6,,0,0,,1
2025-10-01 06:03:22,356.48,0.359,247.96,0.4989,1.4969000000000001,244.98,247.8,251.11,429.83,430.08,428.47,429.44,0.0,0.042,1.4549,0.0,0.0013,0.3576,0.0671,0,0,0.0671,0.3757,0,0.0104,0.3653,0.9829,1,1,0.9828,50.1,470.79,293.74,0,1,2025-10-01 06:03:22,15.9,81,,0,0,,1
2025-10-01 06:04:07,356.49,0.3573,247.33,0.4974,1.4924,246.37,244.63,251.01,427.86,426.58,430.7,428.51,0.0,0.042,1.4504,0.0,0.0011,0.3562,0.0676,0,0,0.0676,0.3743,0,0.0103,0.3641,0.9825,1,1,0.9824,50.1,470.8,293.75,0,1,2025-10-01 06:04:07,16.4,82.3,,0,0,,1
2025-10-01 06:04:52,356.49,0.3571,248.29,0.4985,1.4957,245.86,247.99,251.02,430.91,430.51,428.64,429.96,0.0,0.042,1.4537,0.0,0.0,0.3571,0.0673,0,0,0.0673,0.3753,0,0.0104,0.3649,0.9827,1,1,0.9827,50.1,470.8,293.75,0,1,2025-10-01 06:04:52,16.5,83.5,,0,0,,1
2025-10-01 06:05:37,356.5,0.3578,247.89,0.4978,1.4934,246.08,246.48,251.11,429.31,428.91,429.79,429.27,0.0,0.042,1.4514,0.0,0.0013,0.3566,0.0678,0,0,0.0678,0.3748,0,0.0104,0.3645,0.9825,1,1,0.9824,50.1,470.81,293.75,0,1,2025-10-01 06:05:37,16.6,84.2,,0,0,,1
2025-10-01 06:06:43,356.51,0.3568,248.08,0.4979,1.4938,245.71,247.35,251.18,429.38,430.72,428.9,429.8,0.0,0.0424,1.4514,0.0,0.0,0.3568,0.0671,0,0,0.0671,0.3751,0,0.0105,0.3646,0.9827,1,1,0.9827,50.1,470.82,293.75,0,1,2025-10-01 06:06:43,17.1,85.7,,0,0,,1
2025-10-01 06:07:28,356.51,0.3564,247.91,0.4966,1.4898,246.95,246,250.8,429.98,427.22,430.92,429.42,0.0,0.042,1.4478,0.0,0.0011,0.3553,0.0674,0,0,0.0674,0.3734,0,0.0103,0.3631,0.9826,1,1,0.9824,50,470.82,293.75,0,1,2025-10-01 06:07:28,17.2,86,,0,0,,1
2025-10-01 06:08:13,356.51,0.3555,247.93,0.4974,1.4922,245.35,248.05,250.4,429.71,429.99,428.54,429.56,0.0,0.042,1.4502,0.0,0.0,0.3555,0.0666,0,0,0.0666,0.3735,0,0.0104,0.3631,0.9829,1,1,0.9829,50,470.82,293.75,0,1,2025-10-01 06:08:13,17.3,86.5,,0,0,,1
2025-10-01 06:08:58,356.52,0.3575,247.9,0.4975,1.4925000000000002,246.37,246.53,250.81,429.42,428.82,429.84,429.49,0.0,0.0416,1.4509,0.0,0.0013,0.3561,0.0672,0,0,0.0672,0.3742,0,0.0103,0.3639,0.9827,1,1,0.9826,50.1,470.83,293.75,0,1,2025-10-01 06:08:58,17.4,87.1,,0,0,,1
2025-10-01 06:09:43,356.52,0.355,247.78,0.4952,1.4857,246.68,246.2,250.46,429.13,427.41,430.89,429.01,0.0,0.0416,1.4441,0.0,0.0011,0.3539,0.067,0,0,0.067,0.3719,0,0.0102,0.3617,0.9826,1,1,0.9825,50.1,470.83,293.75,0,1,2025-10-01 06:09:43,17.4,88.1,,0,0,,1
2025-10-01 06:10:28,356.53,0.3557,248.22,0.4957,1.4873,245.9,248,250.78,430.36,430.78,428.63,429.99,0.0,0.042,1.4453,0.0,0.0012,0.3546,0.0676,0,0,0.0676,0.3729,0,0.0104,0.3625,0.9824,1,1,0.9823,50.1,470.84,293.75,0,1,2025-10-01 06:10:28,17.5,88.2,,0,0,,1
2025-10-01 06:11:13,356.53,0.3567,248.08,0.497,1.491,246.78,246.7,250.76,429.93,429.58,429.49,429.67,0.0,0.042,1.449,0.0,0.0011,0.3556,0.0674,0,0,0.0674,0.3737,0,0.0104,0.3634,0.9826,1,1,0.9825,50.1,470.84,293.75,0,1,2025-10-01 06:11:13,18.0,88.2,,0,0,,1
2025-10-01 06:11:58,356.54,0.356,247.67,0.4958,1.4875999999999998,246.27,245.86,250.9,429.14,428.45,429.3,428.94,0.0,0.0412,1.4464,0.0,0.001,0.355,0.0677,0,0,0.0677,0.373,0,0.0101,0.3629,0.9823,1,1,0.9822,50.1,470.85,293.75,0,1,2025-10-01 06:11:58,18.0,88.4,,0,0,,1
2025-10-01 06:12:43,356.54,0.3545,247.48,0.4953,1.4859,246.63,245.07,250.74,428.71,425.93,431.21,428.62,0.0,0.0408,1.4451,0.0,0.0,0.3545,0.0674,0,0,0.0674,0.3723,0,0.01,0.3623,0.9824,1,1,0.9824,50,470.85,293.76,0,1,2025-10-01 06:12:43,18.1,88.6,,0,0,,1
2025-10-01 06:13:28,356.55,0.356,248.12,0.4958,1.4875,245.14,248.53,250.71,430.61,429.85,428.75,429.43,0.0,0.0416,1.4459,0.0,0.0012,0.3548,0.0669,0,0,0.0669,0.3728,0,0.0103,0.3625,0.9828,1,1,0.9826,50,470.86,293.76,0,1,2025-10-01 06:13:28,18.1,88.8,,0,0,,1
2025-10-01 06:14:13,356.55,0.3561,247.68,0.4961,1.4884,245.32,246.97,250.76,429.52,428.52,428.86,428.92,0.0,0.042,1.4464,0.0,0.0011,0.355,0.0668,0,0,0.0668,0.3731,0,0.0104,0.3627,0.9828,1,1,0.9827,50.1,470.86,293.76,0,1,2025-10-01 06:14:13,18.2,88.9,,0,0,,1
2025-10-01 06:14:58,356.55,0.3567,247.81,0.4966,1.4898,245.08,247.6,250.77,429.95,428.47,429.16,429.18,0.0,0.0416,1.4482,0.0,0.0012,0.3556,0.0665,0,0,0.0665,0.3735,0,0.0103,0.3632,0.983,1,1,0.9829,50.1,470.87,293.76,0,1,2025-10-01 06:14:58,18.2,89.4,,0,0,,1
2025-10-01 06:15:43,356.56,0.3558,247.67,0.4967,1.4903000000000002,245.54,246.57,250.92,429.22,427.15,430.49,428.53,0.0,0.0416,1.4487,0.0,0.0,0.3558,0.0667,0,0,0.0667,0.3738,0,0.0103,0.3635,0.9828,1,1,0.9828,50.1,470.87,293.76,0,1,2025-10-01 06:15:43,18.7,90,,0,0,,1
2025-10-01 06:16:28,356.56,0.3569,248.07,0.4962,1.4888000000000001,245.83,247.47,250.93,430.04,429.79,429.13,429.71,0.0,0.042,1.4468,0.0,0.0014,0.3555,0.0662,0,0,0.0662,0.3734,0,0.0104,0.363,0.9832,1,1,0.9831,50.1,470.88,293.76,0,1,2025-10-01 06:16:28,18.8,90.1,,0,0,,1
2025-10-01 06:17:13,356.57,0.3564,248.04,0.4967,1.4903,246.91,246.56,250.65,430.31,427.48,430.97,429.6,0.0,0.0428,1.4475,0.0,0.0011,0.3553,0.0661,0,0,0.0661,0.3734,0,0.0106,0.3628,0.9832,1,1,0.9831,50.1,470.88,293.76,0,1,2025-10-01 06:17:13,18.8,90,,0,0,,1
2025-10-01 06:17:58,356.57,0.3556,248.26,0.4965,1.4897,246.73,247.3,250.75,430.35,428.8,430.78,430.03,0.0,0.042,1.4477,0.0,0.0,0.3556,0.0657,0,0,0.0657,0.3734,0,0.0104,0.363,0.9833,1,1,0.9833,50.1,470.89,293.76,0,1,2025-10-01 06:17:58,18.9,90.5,,0,0,,1
2025-10-01 06:18:43,356.58,0.3568,248.3,0.4968,1.4905000000000002,245.75,247.63,251.54,430.17,429.67,430.31,429.82,0.0,0.0416,1.4489,0.0,0.0,0.3568,0.0666,0,0,0.0666,0.3748,0,0.0103,0.3645,0.983,1,1,0.983,50.2,470.89,293.76,0,1,2025-10-01 06:18:43,18.9,90.8,,0,0,,1
2025-10-01 06:19:28,356.58,0.3574,248.52,0.4965,1.4897,246.45,247.73,251.39,431.17,428.93,431.16,430.2,0.0,0.0428,1.4469,0.0,0.0013,0.3561,0.0666,0,0,0.0666,0.3743,0,0.0106,0.3637,0.983,1,1,0.9829,50.1,470.89,293.76,0,1,2025-10-01 06:19:28,19.0,90.6,,0,0,,1
2025-10-01 06:20:13,356.59,0.3574,248.98,0.496,1.4882,246.39,248.91,251.64,431.85,431.33,430.48,431.25,0.0,0.042,1.4462,0.0,0.0012,0.3562,0.0667,0,0,0.0667,0.3744,0,0.0105,0.3639,0.983,1,1,0.9829,50.2,470.9,293.76,0,1,2025-10-01 06:20:13,19.0,90.6,,0,0,,1
2025-10-01 06:20:58,356.6,3.8984,248.23,7.7564,23.269199999999998,243.09,248.83,252.77,429.3,428.71,431.61,429.85,8.3149,6.9756,7.9787,1.3931,1.0295,1.4759,4.2268,1.461,1.3931,1.3727,5.7738,2.0213,1.7357,2.0168,0.6779,0.69,0.5943,0.7322,50.2,470.93,293.78,1,1,2025-10-01 06:20:58,19.1,91.3,,1,0,,0
2025-10-01 06:21:43,356.65,4.1081,248.27,7.924,23.772100000000002,242.75,249.71,252.37,429.86,430.76,429.31,429.97,8.3133,7.3521,8.1067,1.4541,1.1558,1.4981,4.2077,1.3951,1.4217,1.3909,5.8998,2.0181,1.8359,2.0459,0.6985,0.7215,0.6308,0.7328,50.2,471,293.83,1,1,2025-10-01 06:21:43,19.0,85.6,,1,0,,0
2025-10-01 06:22:28,356.71,4.2031,248.41,8.0107,24.0323,242.4,250.4,252.43,430.52,431.12,428.97,430.2,8.285,7.5474,8.1999,1.4721,1.2233,1.5078,4.2153,1.3626,1.4363,1.4164,5.9681,2.0083,1.8899,2.0699,0.706,0.7338,0.6484,0.7288,50.2,471.08,293.89,1,1,2025-10-01 06:22:28,18.9,80.9,,1,0,,0
2025-10-01 06:23:13,356.76,4.2104,248.39,8.0174,24.0522,243.34,248.92,252.93,429.68,429.38,431.45,430.25,8.5151,7.2665,8.2706,1.4882,1.1504,1.5718,4.2071,1.4379,1.3912,1.378,5.9727,2.0721,1.8088,2.0919,0.7073,0.7191,0.6372,0.7519,50.2,471.15,293.94,1,1,2025-10-01 06:23:13,18.8,76,,1,0,,0
2025-10-01 06:23:58,356.81,4.1829,249.16,8.0036,24.010800000000003,242.63,251.85,253,431.64,433.75,429.17,431.46,8.1484,7.7407,8.1217,1.4634,1.2611,1.4585,4.2543,1.3259,1.4825,1.446,5.9813,1.977,1.9495,2.0548,0.701,0.741,0.6479,0.7101,50.2,471.23,294,1,1,2025-10-01 06:23:58,18.2,75.4,,1,0,,0
2025-10-01 06:24:43,356.87,4.1771,247.85,7.9901,23.970399999999998,243.96,246.88,252.71,428.97,427.48,431.21,429.35,8.7602,6.889,8.3212,1.4959,1.0485,1.6328,4.1794,1.5222,1.3344,1.3228,5.9407,2.1371,1.7008,2.1029,0.7069,0.7009,0.6178,0.777,50.2,471.3,294.05,1,1,2025-10-01 06:24:43,18.0,73.8,,1,0,,0
2025-10-01 06:25:28,356.92,4.1463,249.03,7.9638,23.891599999999997,242.8,251.05,253.24,431.2,433.11,429.56,431.28,8.1931,7.5854,8.1131,1.4539,1.219,1.4734,4.2422,1.3539,1.4585,1.4297,5.9482,1.9893,1.9043,2.0546,0.6989,0.7318,0.6412,0.7176,50.2,471.37,294.1,1,1,2025-10-01 06:25:28,17.4,71.9,,1,0,,0
2025-10-01 06:26:13,356.97,4.1481,247.77,7.9369,23.8107,242.13,248.81,252.39,428.89,429.11,429.29,429.08,8.3576,7.2641,8.189,1.457,1.1544,1.5367,4.1661,1.4002,1.3858,1.38,5.8978,2.0236,1.8074,2.0668,0.7055,0.721,0.64,0.744,50.2,471.45,294.15,1,1,2025-10-01 06:26:13,17.2,70.3,,1,0,,0
2025-10-01 06:26:58,357.02,4.0274,248.08,7.8287,23.4861,241.06,250.86,252.32,429.41,430.67,428.79,429.62,7.9417,7.5149,8.0295,1.393,1.2103,1.4241,4.1909,1.3099,1.4414,1.4397,5.8256,1.9144,1.8852,2.026,0.6929,0.7285,0.643,0.7032,50.2,471.52,294.2,1,1,2025-10-01 06:26:58,16.7,71.5,,1,0,,0
2025-10-01 06:27:43,357.07,4.0233,248.1,7.8333,23.5001,242.35,249.62,252.33,429.62,430.07,429.3,430.11,8.2851,7.2028,8.0122,1.4311,1.1103,1.4818,4.1876,1.4047,1.4096,1.3734,5.8276,2.0079,1.798,2.0217,0.6928,0.7136,0.6187,0.7334,50.2,471.59,294.26,1,1,2025-10-01 06:27:43,16.6,69.9,,1,0,,0
2025-10-01 06:28:28,357.12,4.0245,247.63,7.8251,23.4753,242.65,248.26,252,428.21,428.56,429.82,428.91,8.4552,6.9526,8.0675,1.4416,1.0512,1.5317,4.1558,1.4562,1.3648,1.3348,5.8107,2.0517,1.7261,2.033,0.6956,0.7035,0.6102,0.7538,50.2,471.67,294.31,1,1,2025-10-01 06:28:28,16.5,70.2,,1,0,,0
2025-10-01 06:29:13,357.17,3.9699,248.25,7.7723,23.317,240.83,251.75,252.17,430.17,431.82,427.79,429.7,7.7675,7.5991,7.9504,1.3681,1.2268,1.375,4.1925,1.2718,1.4634,1.4573,5.7886,1.8706,1.9131,2.0049,0.6875,0.7324,0.6424,0.6862,50.2,471.74,294.36,1,1,2025-10-01 06:29:13,16.4,69.4,,1,0,,0
2025-10-01 06:29:58,357.22,3.958,247.91,7.7672,23.3018,242.77,249.11,251.87,428.67,430.27,429.17,429.55,8.2677,7.0996,7.9345,1.4194,1.0713,1.4673,4.1723,1.415,1.4025,1.3547,5.7742,2.0071,1.7686,1.9985,0.6882,0.7082,0.607,0.7347,50.2,471.81,294.41,1,1,2025-10-01 06:29:58,16.0,67.8,,1,0,,0
2025-10-01 06:30:43,357.27,4.0078,248.28,7.8224,23.4674,243.29,249.61,251.96,429.95,428.45,431.5,428.85,8.2282,7.2503,7.9889,1.4292,1.1122,1.4663,4.1986,1.3978,1.4235,1.3773,5.8245,2.0018,1.8097,2.0129,0.6904,0.7149,0.6156,0.7288,50.2,471.89,294.47,1,1,2025-10-01 06:30:43,15.9,67.3,,1,0,,0
2025-10-01 06:31:28,357.32,3.9596,249.48,7.8271,23.4815,244.99,250.54,252.92,432.75,432.11,431.35,432.2,8.2072,7.3592,7.9151,1.4254,1.1034,1.4308,4.2849,1.4141,1.4728,1.398,5.8563,2.0107,1.8438,2.0019,0.6786,0.7098,0.5995,0.7152,50.2,471.95,294.52,1,1,2025-10-01 06:31:28,15.8,66.1,,1,0,,0
2025-10-01 06:32:13,357.37,3.9185,249.41,7.7882,23.3648,245.62,249.5,253.11,432.6,430.9,432.31,431.8,8.3196,7.1158,7.9294,1.4187,1.037,1.4629,4.2749,1.4665,1.4367,1.3717,5.8259,2.0435,1.7754,2.007,0.6757,0.6952,0.5852,0.7294,50.2,472.03,294.57,1,1,2025-10-01 06:32:13,15.7,65.7,,1,0,,0
2025-10-01 06:32:58,357.42,3.9492,250.09,7.8316,23.4949,245.18,251.63,253.47,433.87,433.09,432.4,433.19,8.137,7.4321,7.9258,1.4144,1.1209,1.4139,4.3211,1.4031,1.4925,1.4255,5.8741,1.995,1.8701,2.009,0.6746,0.7099,0.6005,0.7042,50.2,472.1,294.62,1,1,2025-10-01 06:32:58,15.6,66.1,,1,0,,0
2025-10-01 06:33:43,357.46,0.3721,250.76,0.5099,1.5296999999999998,246.93,251.45,253.91,435.78,432.57,434.45,434.05,0.0,0.0412,1.4885,0.0,0.0013,0.3707,0.0653,0,0,0.0653,0.3883,0,0.0104,0.3779,0.9849,1,1,0.9848,50.2,472.17,294.67,0,1,2025-10-01 06:33:43,15.2,64.9,,0,0,,1
2025-10-01 06:34:28,357.47,0.369,250.96,0.5062,1.5187,247.32,251.37,254.2,435.54,433.69,434.66,434.63,0.0,0.042,1.4767,0.0,0.0014,0.3676,0.0675,0,0,0.0675,0.3859,0,0.0106,0.3754,0.9836,1,1,0.9835,50.2,472.17,294.67,0,1,2025-10-01 06:34:28,15.1,65.6,,0,0,,1
2025-10-01 06:35:13,357.47,0.3683,251.47,0.5051,1.5153999999999999,247.01,253.29,254.12,437.49,435.01,434.01,435.07,0.0,0.0408,1.4746,0.0,0.0015,0.3668,0.0682,0,0,0.0682,0.3851,0,0.0103,0.3747,0.9832,1,1,0.9831,50.2,472.18,294.68,0,1,2025-10-01 06:35:13,15.1,69.4,,0,0,,1
2025-10-01 06:35:58,357.48,0.3676,250.91,0.505,1.5150000000000001,247.17,251.68,253.88,435.74,434.23,433.66,434.57,0.0,0.0416,1.4734,0.0,0.0013,0.3663,0.068,0,0,0.068,0.3845,0,0.0105,0.3741,0.9833,1,1,0.9834,50.2,472.18,294.68,0,1,2025-10-01 06:35:58,15.1,72.9,,0,0,,1
2025-10-01 06:36:43,357.48,0.3665,250.89,0.5027,1.5083,247.78,250.97,253.93,435.62,432.96,434.95,434.51,0.0,0.0403,1.468,0.0,0.0016,0.3649,0.0684,0,0,0.0684,0.3829,0,0.0101,0.3728,0.983,1,1,0.9826,50.2,472.19,294.68,0,1,2025-10-01 06:36:43,15.6,75.9,,0,0,,1
2025-10-01 06:37:28,357.49,0.3668,250.93,0.504,1.5122,247.63,251.09,254.08,436.07,433.83,433.82,434.73,0.0,0.0416,1.4706,0.0,0.0012,0.3656,0.0688,0,0,0.0688,0.3841,0,0.0104,0.3737,0.9828,1,1,0.9827,50.2,472.19,294.68,0,1,2025-10-01 06:37:28,15.7,78.1,,0,0,,1
2025-10-01 06:38:13,357.49,0.3649,251.81,0.5041,1.5124,250.48,251.44,253.52,438.29,436.15,433.92,435.99,0.0,0.042,1.4704,0.0,0.0,0.3649,0.0682,0,0,0.0682,0.3833,0,0.0106,0.3728,0.9829,1,1,0.9829,50.2,472.2,294.68,0,1,2025-10-01 06:38:13,15.8,80.2,,0,0,,1
2025-10-01 06:38:58,357.49,0.3671,251.42,0.5041,1.5123,252.2,247.94,254.14,436.44,432.31,437.63,435.63,0.0,0.042,1.4703,0.0,0.0017,0.3654,0.0704,0,0.0011,0.0693,0.3841,0,0.0104,0.3737,0.982,1,1,0.9824,50.2,472.2,294.68,0,1,2025-10-01 06:38:58,15.9,82.5,,0,0,,1
2025-10-01 06:39:43,357.5,0.3647,251.55,0.502,1.506,250.01,251.36,253.3,437.69,435.63,433.71,435.73,0.0,0.0412,1.4648,0.0,0.0015,0.3632,0.0678,0,0,0.0678,0.3814,0,0.0104,0.371,0.9831,1,1,0.983,50.2,472.21,294.68,0,1,2025-10-01 06:39:43,16.4,84.7,,0,0,,1
2025-10-01 06:40:28,357.5,0.3647,251.12,0.5022,1.5066000000000002,250.9,248.91,253.55,436.33,431.58,436.84,435.05,0.0,0.0416,1.465,0.0,0.0013,0.3634,0.0683,0,0,0.0683,0.3818,0,0.0104,0.3715,0.9828,1,1,0.9827,50.2,472.21,294.68,0,1,2025-10-01 06:40:28,16.5,85.5,,0,0,,1
2025-10-01 06:41:13,357.51,0.3648,251.32,0.5017,1.5051999999999999,250.26,249.89,253.83,436.68,432.82,436.31,435.19,0.0,0.0412,1.464,0.0,0.0014,0.3634,0.0692,0,0,0.0692,0.3819,0,0.0103,0.3716,0.9825,1,1,0.9823,50.2,472.22,294.68,0,1,2025-10-01 06:41:13,16.6,86,,0,0,,1
2025-10-01 06:41:58,357.51,0.3636,251.43,0.5004,1.5013999999999998,250.66,250.26,253.38,437.42,434.41,434.56,435.34,0.0,0.0412,1.4602,0.0,0.0017,0.3619,0.0684,0,0,0.0684,0.3803,0,0.0103,0.37,0.9827,1,1,0.9826,50.2,472.22,294.68,0,1,2025-10-01 06:41:58,16.7,86.3,,0,0,,1
2025-10-01 06:42:43,357.52,0.3625,250.27,0.5006,1.5019,250,248.06,252.77,434.19,430.78,435.42,433.45,0.0,0.0412,1.4607,0.0,0.0012,0.3613,0.0679,0,0,0.0679,0.3794,0,0.0102,0.3692,0.9829,1,1,0.9828,50.2,472.23,294.68,0,1,2025-10-01 06:42:43,17.2,86.8,,0,0,,1
2025-10-01 06:43:28,357.52,0.3636,250.02,0.5013,1.5039,249.38,247.71,252.98,433.83,431.39,433.84,433.17,0.0,0.042,1.4619,0.0,0.0017,0.3619,0.068,0,0,0.068,0.3802,0,0.0104,0.3698,0.9829,1,1,0.9827,50.1,472.23,294.68,0,1,2025-10-01 06:43:28,17.3,87.7,,0,0,,1
2025-10-01 06:44:13,357.53,0.3613,250,0.4999,1.4996999999999998,247.46,249.81,252.73,433.5,434,431.47,433.14,0.0,0.0432,1.4565,0.0,0.0012,0.3601,0.0682,0,0,0.0682,0.3789,0,0.0108,0.3681,0.9826,1,1,0.9825,50.2,472.24,294.69,0,1,2025-10-01 06:44:13,17.4,88.8,,0,0,,1
2025-10-01 06:44:58,357.53,0.3601,249.56,0.4991,1.4973999999999998,248.89,247.04,252.76,433.18,429.45,434.02,432.49,0.0,0.0412,1.4562,0.0,0.0,0.3601,0.0682,0,0,0.0682,0.3782,0,0.0102,0.3681,0.9825,1,1,0.9825,50.2,472.24,294.69,0,1,2025-10-01 06:44:58,17.5,88.6,,0,0,,1
2025-10-01 06:45:43,357.54,0.3592,249.8,0.4982,1.4948000000000001,247.36,249.33,252.71,434,432.04,431.84,432.69,0.0,0.0416,1.4532,0.0,0.0,0.3592,0.0685,0,0,0.0685,0.3776,0,0.0104,0.3672,0.9822,1,1,0.9822,50.2,472.25,294.69,0,1,2025-10-01 06:45:43,17.9,88.7,,0,0,,1
2025-10-01 06:46:28,357.54,0.3618,250.31,0.4997,1.4992999999999999,249.39,248.53,253.03,435.25,431.22,434.08,433.5,0.0,0.0412,1.4581,0.0,0.001,0.3607,0.0691,0,0,0.0691,0.3792,0,0.0102,0.3689,0.9822,1,1,0.9821,50.2,472.25,294.69,0,1,2025-10-01 06:46:28,18.0,88.8,,0,0,,1
2025-10-01 06:47:13,357.54,0.36,250.5,0.4991,1.4975,249.72,248.89,252.9,435.1,431.7,434.76,433.66,0.0,0.042,1.4555,0.0,0.0,0.36,0.0687,0,0,0.0687,0.3785,0,0.0105,0.3681,0.9822,1,1,0.9822,50.2,472.25,294.69,0,1,2025-10-01 06:47:13,18.1,88.9,,0,0,,1
2025-10-01 06:47:58,357.55,0.3613,250.01,0.4987,1.4962,250.33,246.89,252.81,433.77,430.42,434.83,433.27,0.0,0.0408,1.4554,0.0,0.0014,0.36,0.068,0,0,0.068,0.378,0,0.0101,0.3679,0.9827,1,1,0.9826,50.2,472.26,294.69,0,1,2025-10-01 06:47:58,18.1,89.1,,0,0,,1
2025-10-01 06:48:50,357.56,0.3603,250.57,0.4979,1.4937,249.54,249.35,252.82,435.52,432.25,434.13,434.13,0.0,0.0408,1.4529,0.0,0.001,0.3593,0.0682,0,0,0.0682,0.3775,0,0.0102,0.3673,0.9825,1,1,0.9824,50.2,472.27,294.69,0,1,2025-10-01 06:48:50,18.2,90.1,,0,0,,1
2025-10-01 06:49:35,357.56,0.3607,250.45,0.4981,1.4945,250.4,248.14,252.82,434.98,431.47,434.87,433.43,0.0,0.0412,1.4533,0.0,0.0013,0.3594,0.0683,0,0,0.0683,0.3776,0,0.0102,0.3674,0.9825,1,1,0.9824,50.2,472.27,294.69,0,1,2025-10-01 06:49:35,18.3,91.2,,0,0,,1
2025-10-01 06:50:20,357.56,0.3594,250.77,0.499,1.4969999999999999,248.26,251.6,252.45,436.13,434.12,432.7,434.22,0.0,0.0428,1.4542,0.0,0.0,0.3594,0.0672,0,0,0.0672,0.3779,0,0.0108,0.3671,0.9829,1,1,0.9829,50.2,472.28,294.69,0,1,2025-10-01 06:50:20,18.8,91,,0,0,,1
2025-10-01 06:51:05,357.57,0.3582,250.24,0.4975,1.4926,249.69,248.87,252.18,434.41,432.05,433.79,433.52,0.0,0.0412,1.4514,0.0,0.0,0.3582,0.0673,0,0,0.0673,0.3763,0,0.0103,0.366,0.9827,1,1,0.9827,50.2,472.28,294.69,0,1,2025-10-01 06:51:05,18.8,90.8,,0,0,,1
2025-10-01 06:51:50,357.57,0.3585,250.29,0.4976,1.4929999999999999,249,249.69,252.2,435.14,432.1,433.25,433.43,0.0,0.0408,1.4522,0.0,0.0,0.3585,0.0668,0,0,0.0668,0.3764,0,0.0102,0.3662,0.9831,1,1,0.9831,50.2,472.28,294.69,0,1,2025-10-01 06:51:50,18.9,90.6,,0,0,,1
2025-10-01 06:52:35,357.58,0.3584,249.96,0.4969,1.4909000000000001,249.3,248.64,251.96,434.24,431.22,433.33,432.77,0.0,0.042,1.4489,0.0,0.0011,0.3573,0.0671,0,0,0.0671,0.3755,0,0.0104,0.3651,0.9829,1,1,0.9828,50.1,472.29,294.7,0,1,2025-10-01 06:52:35,18.9,91.2,,0,0,,1
2025-10-01 06:53:20,357.58,0.3572,249.32,0.4966,1.4898,249.01,246.81,252.16,432.24,429.85,433.38,431.84,0.0,0.0416,1.4482,0.0,0.0,0.3572,0.0679,0,0,0.0679,0.3754,0,0.0103,0.3652,0.9824,1,1,0.9824,50.1,472.29,294.7,0,1,2025-10-01 06:53:20,19.0,91.2,,0,0,,1
2025-10-01 06:54:05,357.59,0.3572,249.66,0.4965,1.4897,248.96,247.82,252.2,433.32,432.45,431.41,432.58,0.0,0.042,1.4477,0.0,0.0,0.3572,0.0676,0,0,0.0676,0.3755,0,0.0104,0.3651,0.9825,1,1,0.9825,50.1,472.3,294.7,0,1,2025-10-01 06:54:05,19.0,91.4,,0,0,,1
2025-10-01 06:54:50,357.61,4.0365,248.24,7.9205,23.7616,247.93,245.56,251.24,430.57,426.78,432.46,429.71,8.7052,7.0033,8.0531,1.4983,0.9912,1.5469,4.2519,1.5493,1.4009,1.3017,5.9013,2.1583,1.7197,2.0233,0.6884,0.6951,0.5775,0.7651,50.1,472.34,294.72,1,1,2025-10-01 06:54:50,19.5,91.7,,1,0,,0
2025-10-01 06:55:57,357.71,4.2897,247.94,8.1047,24.3142,246.02,246.89,250.91,429.85,428.9,429.5,429.68,8.5069,7.5161,8.2912,1.5328,1.1897,1.5671,4.2069,1.4212,1.4196,1.3661,6.0289,2.0929,1.8556,2.0803,0.7139,0.7333,0.6423,0.7537,50.1,472.48,294.82,1,1,2025-10-01 06:55:57,19.0,81.6,,1,0,,0
2025-10-01 06:56:42,357.76,4.2603,248.08,8.0924,24.2772,247.12,246.12,251.01,429.93,429.23,429.84,429.59,8.7252,7.3091,8.2429,1.5556,1.1135,1.5912,4.2188,1.4893,1.4087,1.3208,6.0241,2.1562,1.7989,2.0691,0.7105,0.7223,0.6201,0.7694,50.1,472.55,294.87,1,1,2025-10-01 06:56:42,18.8,77.7,,1,0,,0
2025-10-01 06:57:27,357.81,4.2554,248.33,8.0831,24.2494,246.44,247.31,251.26,430.53,429.12,430.66,429.8,8.5322,7.5034,8.2138,1.5347,1.1692,1.5515,4.229,1.4335,1.4367,1.3589,6.0221,2.1027,1.8557,2.0638,0.7093,0.7308,0.6312,0.7522,50.1,472.62,294.92,1,1,2025-10-01 06:57:27,18.2,76.5,,1,0,,0
2025-10-01 06:58:12,357.87,4.181,248.67,8.0407,24.122099999999996,247.37,247.19,251.46,431.44,430.67,429.95,430.68,8.6535,7.3335,8.1351,1.5347,1.0977,1.5486,4.2613,1.4885,1.4383,1.3346,5.999,2.1406,1.8128,2.0457,0.7003,0.7178,0.6067,0.7575,50.1,472.7,294.98,1,1,2025-10-01 06:58:12,18.1,74.4,,1,0,,0
2025-10-01 06:58:57,357.92,4.224,248.67,8.0702,24.210700000000003,246.3,248.33,251.38,431.75,430.76,429.52,430.64,8.4409,7.5679,8.2019,1.5161,1.1823,1.5256,4.2594,1.4186,1.4561,1.3848,6.0201,2.079,1.8793,2.0618,0.7041,0.7301,0.6303,0.7404,50.1,472.77,295.03,1,1,2025-10-01 06:58:57,17.5,72.4,,1,0,,0
2025-10-01 06:59:42,357.97,4.187,248.92,8.0468,24.140500000000003,247.22,248.07,251.48,432.29,429.07,431.96,431.22,8.5494,7.4962,8.0949,1.5328,1.1367,1.5175,4.2747,1.4517,1.4678,1.3552,6.0089,2.1136,1.8596,2.0357,0.6997,0.726,0.6122,0.7458,50.1,472.85,295.08,1,1,2025-10-01 06:59:42,17.3,72.2,,1,0,,0
2025-10-01 07:00:27,358.03,4.2488,248.73,8.0942,24.282600000000002,247.02,247.81,251.37,431.74,430.91,429.72,431.09,8.5494,7.5328,8.2004,1.5395,1.1656,1.5437,4.2597,1.4418,1.4538,1.3641,6.0399,2.1119,1.8667,2.0613,0.7062,0.7298,0.6255,0.7493,50.1,472.92,295.14,1,1,2025-10-01 07:00:27,17.2,73.8,,1,0,,0
2025-10-01 07:01:12,358.08,4.2557,248.34,8.0964,24.2894,247.54,246.6,250.9,430.71,428.99,430.68,430.3,8.7409,7.2658,8.2827,1.5538,1.1033,1.5986,4.2347,1.5018,1.4072,1.3257,6.0336,2.1637,1.7917,2.0781,0.7088,0.719,0.617,0.7697,50.1,473,295.19,1,1,2025-10-01 07:01:12,16.7,73.6,,1,0,,0
2025-10-01 07:01:57,358.13,4.1441,248.94,8.0042,24.0127,247.21,248.78,250.85,432.24,432.01,429.25,431.23,8.3922,7.6127,8.0078,1.5174,1.1583,1.4685,4.2744,1.4112,1.4943,1.369,5.9773,2.0746,1.8939,2.0088,0.696,0.7322,0.6126,0.7314,50.1,473.07,295.24,1,1,2025-10-01 07:01:57,16.7,72.5,,1,0,,0
2025-10-01 07:03:04,358.23,4.1951,248.82,8.0418,24.1256,247.11,247.6,251.75,432.14,430.71,429.94,430.89,8.4499,7.6095,8.0662,1.5274,1.1661,1.5016,4.2617,1.4204,1.4759,1.3654,6.0028,2.0881,1.8841,2.0307,0.7015,0.7322,0.6199,0.7398,50.1,473.21,295.34,1,1,2025-10-01 07:03:04,16.5,69.1,,1,0,,0
2025-10-01 07:03:49,358.28,4.1384,248.36,7.9798,23.939500000000002,247.46,246.15,251.48,431.39,428.76,430.26,429.94,8.6041,7.2568,8.0786,1.5203,1.0748,1.5433,4.2303,1.4874,1.4232,1.3197,5.947,2.1292,1.7863,2.0316,0.6993,0.7147,0.6026,0.76,50.1,473.29,295.39,1,1,2025-10-01 07:03:49,16.4,67.7,,1,0,,0
2025-10-01 07:04:34,358.33,4.1406,248.87,7.9806,23.9419,246.94,248.17,251.5,432.34,430.26,430.46,431.03,8.2907,7.6359,8.0153,1.4995,1.1742,1.4668,4.2545,1.3902,1.4833,1.3809,5.9582,2.0473,1.895,2.0158,0.6974,0.7333,0.6206,0.7281,50.1,473.36,295.45,1,1,2025-10-01 07:04:34,16.0,67.1,,1,0,,0
2025-10-01 07:06:04,358.43,4.0854,248.1,7.902,23.7062,246.61,246.22,251.47,430.05,428.97,430.05,429.77,8.36,7.2378,8.1084,1.4669,1.0944,1.5241,4.199,1.4449,1.4018,1.3523,5.8828,2.0617,1.7821,2.039,0.6973,0.7124,0.6153,0.748,50.1,473.51,295.55,1,1,2025-10-01 07:06:04,15.8,65.3,,1,0,,0
2025-10-01 07:06:49,358.48,4.0438,248.79,7.8964,23.6892,247.17,247.69,251.53,431.98,430.82,429.9,430.72,8.2885,7.4711,7.9296,1.4757,1.1149,1.4533,4.253,1.417,1.4722,1.3638,5.8937,2.0487,1.8505,1.9945,0.689,0.7213,0.6037,0.7291,50.1,473.58,295.6,1,1,2025-10-01 07:06:49,15.7,66.1,,1,0,,0
2025-10-01 07:07:34,358.53,3.9883,248.78,7.8602,23.580599999999997,249.05,245.36,251.93,431.59,429.1,431.92,431.25,8.6036,6.9379,8.0391,1.4724,0.9725,1.5434,4.2545,1.5526,1.3926,1.3093,5.8703,2.1427,1.7023,2.0253,0.6839,0.6881,0.5725,0.7625,50.1,473.66,295.66,1,1,2025-10-01 07:07:34,15.6,64.9,,1,0,,0
2025-10-01 07:08:19,358.56,0.3661,249.9,0.5055,1.5167,250.22,247.21,252.28,433.31,430.77,434.4,432.61,0.0,0.042,1.4747,0.0,0.0014,0.3646,0.0657,0,0,0.0657,0.3824,0,0.0104,0.372,0.9842,1,1,0.9841,50.1,473.7,295.69,0,1,2025-10-01 07:08:19,15.2,64.4,,0,0,,1
2025-10-01 07:09:04,358.57,0.362,249.72,0.5019,1.5057,249.21,248.34,251.61,434.23,432.1,431.15,432.47,0.0,0.0416,1.4641,0.0,0.0012,0.3608,0.0665,0,0,0.0665,0.3787,0,0.0103,0.3684,0.9835,1,1,0.9834,50.1,473.7,295.69,0,1,2025-10-01 07:09:04,15.1,66.4,,0,0,,1
2025-10-01 07:10:10,358.58,0.3617,249.23,0.5016,1.5048000000000001,249.64,246.56,251.5,432.82,429.6,432.56,431.66,0.0,0.0416,1.4632,0.0,0.0014,0.3603,0.0669,0,0,0.0669,0.3783,0,0.0103,0.368,0.9833,1,1,0.9832,50,473.71,295.69,0,1,2025-10-01 07:10:10,15.2,73,,0,0,,1
2025-10-01 07:10:55,358.58,0.3603,249.35,0.5004,1.5012,249.69,246.87,251.51,433.61,430.44,431.54,431.95,0.0,0.0424,1.4588,0.0,0.0013,0.359,0.0678,0,0,0.0678,0.3774,0,0.0105,0.3669,0.9827,1,1,0.9826,50,473.72,295.69,0,1,2025-10-01 07:10:55,15.6,75.8,,0,0,,1
2025-10-01 07:11:40,358.59,0.3592,248.59,0.4988,1.4964,249.96,244.4,251.41,431.91,427.88,431.81,430.72,0.0,0.0412,1.4552,0.0,0.0013,0.3579,0.0679,0,0,0.0679,0.3759,0,0.0101,0.3659,0.9825,1,1,0.9824,50,473.72,295.69,0,1,2025-10-01 07:11:40,15.7,77.9,,0,0,,1
2025-10-01 07:12:25,358.59,0.3601,249.61,0.4995,1.4987000000000001,249.74,247.44,251.67,434.12,431.47,431.34,432.04,0.0,0.0416,1.4571,0.0,0.0012,0.3588,0.0677,0,0,0.0677,0.377,0,0.0103,0.3667,0.9828,1,1,0.9826,50,473.73,295.69,0,1,2025-10-01 07:12:25,15.8,80.4,,0,0,,1
2025-10-01 07:13:10,358.59,0.3586,249.48,0.4996,1.4988000000000001,249.44,247.37,251.63,433.8,430.75,431.68,431.93,0.0,0.042,1.4568,0.0,0.0,0.3586,0.0679,0,0,0.0679,0.377,0,0.0104,0.3666,0.9825,1,1,0.9825,50,473.73,295.69,0,1,2025-10-01 07:13:10,15.9,82.7,,0,0,,1
2025-10-01 07:13:55,358.6,0.36,249.6,0.4995,1.4985,248.94,248.35,251.51,434.07,431.15,431.65,432.12,0.0,0.0412,1.4573,0.0,0.0013,0.3587,0.0674,0,0,0.0674,0.3768,0,0.0102,0.3665,0.9829,1,1,0.9828,50,473.74,295.69,0,1,2025-10-01 07:13:55,16.4,83.3,,0,0,,1
2025-10-01 07:14:40,358.6,0.3597,249.22,0.4986,1.4959,250.2,245.79,251.67,432.91,428.9,433.1,431.27,0.0,0.042,1.4539,0.0,0.0017,0.358,0.0679,0,0,0.0679,0.3762,0,0.0103,0.3659,0.9826,1,1,0.9824,50.1,473.74,295.69,0,1,2025-10-01 07:14:40,16.5,84,,0,0,,1
2025-10-01 07:15:25,358.61,0.3583,249.26,0.4975,1.4926000000000001,248.72,247.61,251.45,433.74,430.58,430.75,431.68,0.0,0.0416,1.451,0.0,0.0014,0.3569,0.0678,0,0,0.0678,0.3752,0,0.0103,0.3649,0.9825,1,1,0.9824,50.1,473.74,295.7,0,1,2025-10-01 07:15:25,16.7,86.3,,0,0,,1
2025-10-01 07:16:10,358.61,0.3583,249.41,0.4988,1.4964,250.4,246.2,251.63,433.77,428.65,433.46,432.05,0.0,0.0412,1.4552,0.0,0.0,0.3583,0.0674,0,0,0.0674,0.3763,0,0.0101,0.3662,0.9827,1,1,0.9827,50.1,473.75,295.7,0,1,2025-10-01 07:16:10,17.1,86.2,,0,0,,1
2025-10-01 07:16:55,358.62,0.3582,249.33,0.4974,1.4924,248.24,248.6,251.15,433.73,431.24,430.49,431.62,0.0,0.0428,1.4496,0.0,0.0019,0.3563,0.067,0,0,0.067,0.3747,0,0.0106,0.3641,0.9829,1,1,0.9827,50.1,473.75,295.7,0,1,2025-10-01 07:16:55,17.2,86.1,,0,0,,1
2025-10-01 07:17:40,358.62,0.3574,248.88,0.4973,1.492,247.65,248.54,250.47,432.47,429.75,430.96,430.99,0.0,0.042,1.45,0.0,0.0017,0.3557,0.0659,0,0,0.0659,0.3736,0,0.0104,0.3632,0.9834,1,1,0.9832,50.1,473.76,295.7,0,1,2025-10-01 07:17:40,17.3,86.4,,0,0,,1
2025-10-01 07:18:25,358.63,0.3575,249.02,0.4966,1.49,249.02,247.15,250.89,433.12,429.67,431.06,431.2,0.0,0.0408,1.4492,0.0,0.0015,0.3559,0.0664,0,0,0.0664,0.3737,0,0.0101,0.3636,0.9831,1,1,0.983,50.1,473.76,295.7,0,1,2025-10-01 07:18:25,17.3,86.7,,0,0,,1
2025-10-01 07:19:10,358.63,0.3583,248.54,0.4985,1.4957,248.88,245.83,250.92,431.88,428.37,431.13,430.47,0.0,0.0424,1.4533,0.0,0.0012,0.3571,0.066,0,0,0.066,0.3751,0,0.0104,0.3647,0.9834,1,1,0.9833,50.1,473.77,295.7,0,1,2025-10-01 07:19:10,17.4,87.1,,0,0,,1
2025-10-01 07:19:55,358.63,0.3556,248.94,0.4971,1.4912999999999998,248.74,247.34,250.75,432.65,429.81,431.02,430.98,0.0,0.0428,1.4485,0.0,0.0,0.3556,0.0662,0,0,0.0662,0.3738,0,0.0106,0.3632,0.983,1,1,0.983,50.1,473.77,295.7,0,1,2025-10-01 07:19:55,17.5,87.5,,0,0,,1
2025-10-01 07:20:40,358.64,0.359,248.44,0.498,1.4942,248.49,245.89,250.95,431.38,428.45,431.04,430.42,0.0,0.042,1.4522,0.0,0.002,0.357,0.0651,0,0,0.0651,0.3748,0,0.0103,0.3644,0.9839,1,1,0.9837,50.1,473.78,295.7,0,1,2025-10-01 07:20:40,17.9,87.7,,0,0,,1
2025-10-01 07:21:25,358.64,0.3575,248.66,0.4971,1.4915,249.11,246.11,250.78,432.5,429,430.51,430.91,0.0,0.0428,1.4487,0.0,0.0016,0.3559,0.0653,0,0,0.0653,0.3738,0,0.0105,0.3633,0.9837,1,1,0.9836,50.1,473.78,295.7,0,1,2025-10-01 07:21:25,18.0,88,,0,0,,1
2025-10-01 07:22:10,358.65,0.3574,248.79,0.4968,1.4905,248.63,247.06,250.69,433.12,428.82,430.71,430.88,0.0,0.042,1.4485,0.0,0.0016,0.3558,0.0648,0,0,0.0648,0.3735,0,0.0104,0.3631,0.9839,1,1,0.9837,50.2,473.79,295.7,0,1,2025-10-01 07:22:10,18.0,88.2,,0,0,,1
2025-10-01 07:22:55,358.65,0.3572,248.16,0.4967,1.4901,249.01,244.63,250.86,430.8,426.7,431.94,429.75,0.0,0.042,1.4481,0.0,0.0013,0.3559,0.0649,0,0,0.0649,0.3735,0,0.0103,0.3633,0.9838,1,1,0.9837,50.2,473.79,295.7,0,1,2025-10-01 07:22:55,18.1,88.7,,0,0,,1
2025-10-01 07:23:40,358.66,0.3561,248.56,0.4961,1.4884,247.11,248.17,250.42,432.34,430.68,428.48,430.55,0.0,0.0428,1.4456,0.0,0.0015,0.3546,0.0652,0,0,0.0652,0.3726,0,0.0106,0.362,0.9836,1,1,0.9835,50.1,473.8,295.7,0,1,2025-10-01 07:23:40,18.2,89.9,,0,0,,1
2025-10-01 07:24:25,358.66,0.3551,247.33,0.4951,1.4855,248.49,243.4,250.1,428.97,425.14,430.99,428.55,0.0,0.0416,1.4439,0.0,0.0013,0.3538,0.0646,0,0,0.0646,0.3712,0,0.0101,0.3611,0.9838,1,1,0.9837,50.1,473.8,295.7,0,1,2025-10-01 07:24:25,18.2,89.7,,0,0,,1
2025-10-01 07:25:10,358.67,0.3554,247.24,0.4958,1.4875,247.41,244.4,249.91,428.69,426.24,429.71,428.1,0.0,0.0424,1.4451,0.0,0.0014,0.3539,0.0642,0,0,0.0642,0.3715,0,0.0104,0.3611,0.984,1,1,0.9839,50.1,473.81,295.71,0,1,2025-10-01 07:25:10,18.3,89.6,,0,0,,1
2025-10-01 07:25:55,358.67,0.3549,247.93,0.4952,1.4856,247.47,246.85,249.49,431.23,428.55,428.46,429.32,0.0,0.0416,1.444,0.0,0.0016,0.3532,0.0635,0,0,0.0635,0.3705,0,0.0103,0.3603,0.9843,1,1,0.9842,50.1,473.81,295.71,0,1,2025-10-01 07:25:55,18.7,89.6,,0,0,,1
2025-10-01 07:26:40,358.67,0.3541,247.4,0.4947,1.4843000000000002,247.69,245.12,249.41,429.71,425.46,430.32,428.74,0.0,0.0416,1.4427,0.0,0.0013,0.3528,0.0636,0,0,0.0636,0.37,0,0.0102,0.3598,0.9842,1,1,0.9841,50.1,473.81,295.71,0,1,2025-10-01 07:26:40,18.8,89.6,,0,0,,1
2025-10-01 07:27:25,358.68,0.3546,248.02,0.4949,1.4847000000000001,246.5,247.92,249.64,431.23,429.94,427.5,429.56,0.0,0.042,1.4427,0.0,0.0017,0.353,0.0642,0,0,0.0642,0.3706,0,0.0104,0.3602,0.984,1,1,0.9838,50.1,473.82,295.71,0,1,2025-10-01 07:27:25,18.8,89.8,,0,0,,1
2025-10-01 07:28:10,358.68,0.3541,247.5,0.4946,1.4839,245.64,247.26,249.61,430.02,427.81,428.14,428.69,0.0,0.0428,1.4411,0.0,0.0015,0.3526,0.0639,0,0,0.0639,0.3703,0,0.0106,0.3597,0.9841,1,1,0.9839,50.1,473.82,295.71,0,1,2025-10-01 07:28:10,18.9,89.9,,0,0,,1
2025-10-01 07:28:55,358.69,0.3544,247.51,0.4949,1.4847000000000001,247.22,245.68,249.63,429.84,426.79,429.39,428.66,0.0,0.0416,1.4431,0.0,0.0013,0.3531,0.0638,0,0,0.0638,0.3705,0,0.0102,0.3602,0.9841,1,1,0.984,50.1,473.83,295.71,0,1,2025-10-01 07:28:55,18.9,90.4,,0,0,,1
2025-10-01 07:29:40,358.69,0.3508,246.9,0.4931,1.4794,245.57,246.1,249.04,429.04,426.01,427.8,427.12,0.0,0.0424,1.437,0.0,0.0,0.3508,0.0633,0,0,0.0633,0.3683,0,0.0104,0.3579,0.9841,1,1,0.9841,50.1,473.83,295.71,0,1,2025-10-01 07:29:40,19.0,90.6,,0,0,,1
2025-10-01 07:30:25,358.7,0.3534,246.66,0.4941,1.4823,246.18,244.82,248.98,428.16,425.49,427.96,427.16,0.0,0.0412,1.4411,0.0,0.0015,0.3519,0.0627,0,0,0.0627,0.3689,0,0.0101,0.3588,0.9846,1,1,0.9844,50.1,473.84,295.71,0,1,2025-10-01 07:30:25,19.0,90.4,,0,0,,1
2025-10-01 07:31:10,358.7,3.9021,245.76,7.7792,23.3377,244.76,244.06,248.47,426.08,424.58,426.3,425.6,8.9078,6.7503,7.6796,1.5395,0.939,1.4236,4.1599,1.5409,1.35,1.269,5.7359,2.1803,1.6475,1.9082,0.6841,0.7067,0.571,0.7464,50.1,473.85,295.71,1,1,2025-10-01 07:31:10,19.1,90.4,,1,0,,0
2025-10-01 07:31:55,358.76,4.0659,245.8,7.8276,23.482799999999997,245.12,244.16,248.13,426.36,423.53,427.27,425.72,8.5067,6.9751,8.001,1.4943,1.0368,1.5348,4.0557,1.4508,1.3471,1.2577,5.7735,2.0852,1.703,1.9853,0.7079,0.7174,0.6099,0.7734,50.1,473.92,295.77,1,1,2025-10-01 07:31:55,19.1,87.2,,1,0,,0
2025-10-01 07:32:40,358.81,4.0259,246.47,7.7957,23.3872,244.91,246.29,248.22,428.03,427.15,425.47,426.92,8.2583,7.3047,7.8242,1.4805,1.1001,1.4454,4.0915,1.375,1.4203,1.2962,5.7637,2.0225,1.7991,1.9421,0.7013,0.7327,0.6123,0.7444,50.1,473.99,295.82,1,1,2025-10-01 07:32:40,19.0,81.3,,1,0,,0
2025-10-01 07:33:25,358.85,4.0943,245.6,7.8368,23.5105,244.96,243.83,248.02,426.32,424.02,425.77,425.58,8.5429,6.9345,8.0331,1.5037,1.0364,1.5542,4.0298,1.4524,1.3324,1.245,5.7759,2.0927,1.6908,1.9924,0.7126,0.7192,0.6139,0.7804,50.2,474.06,295.86,1,1,2025-10-01 07:33:25,18.8,78.2,,1,0,,0
2025-10-01 07:34:10,358.9,4.0937,245.26,7.8238,23.4715,244.78,243.14,247.87,425.05,423.45,425.86,424.78,8.5822,6.8195,8.0698,1.5017,1.0161,1.5758,4.0019,1.4654,1.3062,1.2302,5.7591,2.1008,1.6581,2.0003,0.715,0.7156,0.614,0.7882,50.2,474.13,295.91,1,1,2025-10-01 07:34:10,18.3,76.4,,1,0,,0
2025-10-01 07:34:55,358.95,3.9625,246.23,7.7138,23.1416,243.3,247.46,247.94,428.1,427.3,423.99,426.42,7.9001,7.5525,7.689,1.4359,1.1675,1.359,4.0648,1.2742,1.4553,1.3352,5.6974,1.9221,1.8689,1.9064,0.698,0.7479,0.6257,0.7133,50.2,474.2,295.97,1,1,2025-10-01 07:34:55,18.1,72.6,,1,0,,0
2025-10-01 07:35:40,359,3.945,245.26,7.6852,23.055799999999998,244.05,243.97,247.78,425.41,424.12,424.84,425.02,8.3505,6.9255,7.7798,1.4603,1.009,1.4757,4.0083,1.4184,1.3515,1.2385,5.6552,2.0379,1.6896,1.9277,0.7014,0.7173,0.5982,0.7659,50.1,474.27,296.02,1,1,2025-10-01 07:35:40,17.5,72.4,,1,0,,0
2025-10-01 07:36:25,359.05,3.9362,245.25,7.6765,23.029700000000002,244.46,243.48,247.82,425.55,422.77,425.97,424.29,8.4115,6.838,7.7802,1.464,0.9831,1.4892,4.0042,1.4408,1.3402,1.2232,5.6493,2.0563,1.6649,1.9281,0.701,0.7127,0.5914,0.7727,50.2,474.35,296.07,1,1,2025-10-01 07:36:25,17.3,72,,1,0,,0
2025-10-01 07:37:10,359.1,3.8713,245.68,7.6058,22.8175,243.74,245.27,248.04,426.33,425.9,424.3,425.51,8.0146,7.1349,7.668,1.4134,1.059,1.3989,4.0209,1.3448,1.389,1.287,5.6054,1.9535,1.75,1.902,0.6935,0.7244,0.6062,0.7359,50.2,474.42,296.12,1,1,2025-10-01 07:37:10,17.1,72.1,,1,0,,0
2025-10-01 07:37:55,359.15,3.9297,245.25,7.6532,22.9598,244.01,244.39,247.36,425.95,422.59,425.73,424.27,8.2423,6.9963,7.7212,1.4536,1.0266,1.4494,3.9918,1.3866,1.3632,1.242,5.6309,2.0112,1.7098,1.9099,0.7015,0.7235,0.6015,0.7593,50.2,474.49,296.17,1,1,2025-10-01 07:37:55,16.6,70.8,,1,0,,0
2025-10-01 07:38:40,359.2,3.92,245.33,7.6385,22.9156,243.69,244.89,247.43,426.37,424.05,424.29,425.19,8.1404,7.0972,7.678,1.4448,1.0526,1.4226,3.9935,1.3562,1.3795,1.2578,5.6215,1.9837,1.738,1.8998,0.7005,0.7291,0.6065,0.7491,50.2,474.56,296.22,1,1,2025-10-01 07:38:40,16.5,69.2,,1,0,,0
2025-10-01 07:39:25,359.25,3.9283,244.59,7.6341,22.9024,244.5,242.59,246.68,424.09,422.41,424.37,423.62,8.3028,6.7941,7.8055,1.4497,0.9887,1.4899,3.9497,1.4173,1.3145,1.2179,5.6037,2.03,1.6482,1.9255,0.7051,0.715,0.6011,0.7742,50.2,474.62,296.26,1,1,2025-10-01 07:39:25,16.4,68,,1,0,,0
2025-10-01 07:40:10,359.3,3.9571,244.28,7.652,22.9562,243.69,242.64,246.51,423.67,422.03,423.55,423.12,8.197,6.9497,7.8095,1.4469,1.0361,1.4741,3.9383,1.3744,1.3269,1.237,5.6089,1.9975,1.6863,1.9251,0.7087,0.725,0.6154,0.766,50.1,474.69,296.31,1,1,2025-10-01 07:40:10,15.9,69.2,,1,0,,0
2025-10-01 07:40:55,359.35,3.9545,244.01,7.6526,22.9578,244.17,241.53,246.33,423.45,419.84,424.55,422.63,8.3283,6.8589,7.7706,1.4668,0.9992,1.4885,3.9247,1.4052,1.3176,1.2019,5.6043,2.0335,1.6566,1.9141,0.7097,0.722,0.6042,0.778,50.1,474.76,296.36,1,1,2025-10-01 07:40:55,15.9,68.2,,1,0,,0
2025-10-01 07:41:40,359.4,4.0272,243.69,7.7036,23.1109,243.33,241.87,245.88,423.16,421.81,421.22,422.2,8.2765,7.049,7.7854,1.4848,1.0605,1.4819,3.9011,1.3581,1.332,1.2109,5.6331,2.0139,1.7049,1.9143,0.7182,0.7378,0.6228,0.7759,50.1,474.83,296.41,1,1,2025-10-01 07:41:40,15.8,66.3,,1,0,,0
2025-10-01 07:42:25,359.45,3.8696,243.44,7.5704,22.7112,244.04,240.56,245.74,422.7,419.79,422.42,421.63,8.4021,6.628,7.6811,1.4543,0.9378,1.4775,3.8931,1.4288,1.2981,1.1662,5.5324,2.0504,1.5944,1.8876,0.7049,0.7112,0.5836,0.7884,50.1,474.91,296.46,1,1,2025-10-01 07:42:25,15.7,65,,1,0,,0
2025-10-01 07:43:55,359.53,0.3519,243.31,0.5001,1.5005,244.72,239.87,245.35,421.39,420.41,422.45,421.44,0.0,0.0424,1.4581,0.0,0.0,0.3519,0.0568,0,0,0.0568,0.3679,0,0.0102,0.3577,0.9872,1,1,0.9872,50.1,475.03,296.55,0,1,2025-10-01 07:43:55,15.2,63.9,,0,0,,1
2025-10-01 07:44:40,359.54,0.3488,243.67,0.4959,1.4879,244.72,240.96,245.33,422.24,421.36,422.5,422.13,0.0,0.0424,1.4455,0.0,0.0,0.3488,0.0581,0,0,0.0581,0.3648,0,0.0102,0.3546,0.9864,1,1,0.9864,50.1,475.03,296.55,0,1,2025-10-01 07:44:40,15.1,65.2,,0,0,,1
2025-10-01 07:45:25,359.54,0.347,243.86,0.4932,1.4798,243.32,242.83,245.44,423.72,422.77,420.58,422.25,0.0,0.0412,1.4386,0.0,0.0,0.347,0.0589,0,0,0.0589,0.3631,0,0.01,0.3531,0.9858,1,1,0.9858,50.1,475.04,296.55,0,1,2025-10-01 07:45:25,15.0,69.7,,0,0,,1
2025-10-01 07:46:10,359.55,0.3465,243.07,0.4936,1.4808999999999999,244.87,239.18,245.17,422.31,418.26,422.4,421.24,0.0,0.0424,1.4385,0.0,0.0,0.3465,0.0592,0,0,0.0592,0.3628,0,0.0101,0.3527,0.9857,1,1,0.9857,50.1,475.04,296.55,0,1,2025-10-01 07:46:10,15.1,73.4,,0,0,,1
2025-10-01 07:46:55,359.55,0.346,243.36,0.4929,1.4787,243.67,241.21,245.22,422.97,420.48,421.03,421.64,0.0,0.0424,1.4363,0.0,0.0,0.346,0.0595,0,0,0.0595,0.3624,0,0.0102,0.3522,0.9855,1,1,0.9855,50,475.05,296.55,0,1,2025-10-01 07:46:55,15.6,76.3,,0,0,,1
2025-10-01 07:47:40,359.55,0.3471,243.23,0.4932,1.4798,243.89,240.73,245.09,422.66,420.17,420.99,421.45,0.0,0.0432,1.4366,0.0,0.0011,0.3459,0.0594,0,0,0.0594,0.3625,0,0.0104,0.3521,0.9856,1,1,0.9855,50,475.05,296.55,0,1,2025-10-01 07:47:40,15.7,78.5,,0,0,,1
2025-10-01 07:48:25,359.56,0.3469,243.57,0.4932,1.4798,242.78,243.06,244.88,423.86,421.51,420.19,421.99,0.0,0.0444,1.4354,0.0,0.0015,0.3454,0.059,0,0,0.059,0.3623,0,0.0108,0.3515,0.9858,1,1,0.9857,50,475.05,296.55,0,1,2025-10-01 07:48:25,15.8,80.1,,0,0,,1
2025-10-01 07:49:10,359.56,0.3456,243.43,0.4933,1.4799,244.04,241.25,245.02,423.33,420.34,421.18,421.77,0.0,0.044,1.4359,0.0,0.0,0.3456,0.0599,0,0,0.0599,0.3624,0,0.0106,0.3518,0.9853,1,1,0.9853,50,475.06,296.55,0,1,2025-10-01 07:49:10,15.9,81.3,,0,0,,1
2025-10-01 07:49:55,359.57,0.344,242.74,0.4916,1.4749999999999999,244.05,239.64,244.55,421.82,416.59,422.87,419.97,0.0,0.0432,1.4318,0.0,0.0,0.344,0.0591,0,0,0.0591,0.3605,0,0.0104,0.3501,0.9855,1,1,0.9855,50,475.06,296.55,0,1,2025-10-01 07:49:55,16.4,82.6,,0,0,,1
2025-10-01 07:50:40,359.57,0.3448,243.18,0.4908,1.4724,242.69,242.54,244.31,423.54,420.78,419.19,421.07,0.0,0.0424,1.43,0.0,0.0014,0.3433,0.0586,0,0,0.0586,0.3596,0,0.0103,0.3494,0.9858,1,1,0.9857,50.1,475.07,296.55,0,1,2025-10-01 07:50:40,16.5,83.5,,0,0,,1
2025-10-01 07:51:25,359.58,0.3449,242.21,0.4915,1.4745,243.51,238.59,244.54,420.93,416.24,421.33,419.38,0.0,0.0432,1.4313,0.0,0.001,0.3439,0.0588,0,0,0.0588,0.3603,0,0.0103,0.35,0.9857,1,1,0.9857,50.1,475.07,296.55,0,1,2025-10-01 07:51:25,16.6,84.2,,0,0,,1
2025-10-01 07:52:17,359.58,0.3432,242.55,0.4908,1.4724000000000002,242.22,240.92,244.53,421.63,419.82,418.82,419.92,0.0,0.0436,1.4288,0.0,0.0,0.3432,0.0592,0,0,0.0592,0.3599,0,0.0105,0.3494,0.9854,1,1,0.9854,50.1,475.08,296.55,0,1,2025-10-01 07:52:17,16.7,85.6,,0,0,,1
2025-10-01 07:53:02,359.59,0.344,241.92,0.4897,1.4691,243.2,238.01,244.56,420.01,416.97,420,419.03,0.0,0.042,1.4271,0.0,0.0011,0.3429,0.0585,0,0,0.0585,0.359,0,0.01,0.349,0.9858,1,1,0.9857,50.1,475.08,296.56,0,1,2025-10-01 07:53:02,17.2,87.4,,0,0,,1
2025-10-01 07:53:47,359.59,0.3427,242.13,0.4906,1.4718,242.16,240.29,243.96,420.64,418.26,419.2,419.24,0.0,0.0428,1.429,0.0,0.0,0.3427,0.0577,0,0,0.0577,0.3589,0,0.0103,0.3486,0.9861,1,1,0.9861,50.1,475.09,296.56,0,1,2025-10-01 07:53:47,17.3,88.7,,0,0,,1
2025-10-01 07:54:32,359.6,0.3436,242.12,0.4899,1.4698,243.79,238.23,244.36,420.57,416.38,421.11,419.4,0.0,0.0436,1.4262,0.0,0.0012,0.3424,0.059,0,0,0.059,0.3589,0,0.0104,0.3485,0.9855,1,1,0.9854,50.1,475.09,296.56,0,1,2025-10-01 07:54:32,17.4,89.2,,0,0,,1
2025-10-01 07:55:17,359.6,0.3445,242.58,0.4908,1.4724,243.73,239.4,244.62,421.48,417.76,421.19,419.99,0.0,0.044,1.4284,0.0,0.0012,0.3433,0.0591,0,0,0.0591,0.3599,0,0.0105,0.3494,0.9855,1,1,0.9854,50.1,475.1,296.56,0,1,2025-10-01 07:55:17,17.5,89.2,,0,0,,1
2025-10-01 07:56:02,359.6,0.3448,243.21,0.49,1.4702,243.61,241.36,244.68,423.37,421.05,419.24,421.19,0.0,0.042,1.4282,0.0,0.0013,0.3434,0.0588,0,0,0.0588,0.3596,0,0.0101,0.3495,0.9857,1,1,0.9856,50.1,475.1,296.56,0,1,2025-10-01 07:56:02,17.9,89,,0,0,,1
2025-10-01 07:56:47,359.61,0.343,242.44,0.4907,1.4721000000000002,243.33,239.74,244.27,421.22,417.45,421.06,420.08,0.0,0.0436,1.4285,0.0,0.0,0.343,0.058,0,0,0.058,0.3594,0,0.0105,0.3489,0.986,1,1,0.986,50.1,475.11,296.56,0,1,2025-10-01 07:56:47,18.0,89.2,,0,0,,1
2025-10-01 07:57:32,359.61,0.3451,243.12,0.4906,1.4718,243.7,240.99,244.67,422.95,420,420.24,420.61,0.0,0.042,1.4298,0.0,0.0013,0.3438,0.0586,0,0,0.0586,0.36,0,0.0101,0.3498,0.9859,1,1,0.9858,50.2,475.11,296.56,0,1,2025-10-01 07:57:32,18.1,89.8,,0,0,,1
2025-10-01 07:58:17,359.62,0.3429,242.89,0.4896,1.4687999999999999,243.6,240.32,244.77,421.63,420.08,420.34,420.84,0.0,0.0428,1.426,0.0,0.0,0.3429,0.0589,0,0,0.0589,0.3593,0,0.0103,0.349,0.9855,1,1,0.9855,50.1,475.11,296.56,0,1,2025-10-01 07:58:17,18.1,89.6,,0,0,,1
2025-10-01 07:59:25,359.63,0.3435,242.6,0.4908,1.4726000000000001,242.56,240.6,244.64,421.32,420.06,419.12,420.18,0.0,0.044,1.4286,0.0,0.0,0.3435,0.0585,0,0,0.0585,0.3601,0,0.0106,0.3495,0.9858,1,1,0.9858,50.2,475.12,296.56,0,1,2025-10-01 07:59:25,18.2,89.6,,0,0,,1
2025-10-01 08:00:10,359.63,0.3431,242.63,0.4906,1.472,243.63,240.1,244.18,421.94,417.83,420.94,419.9,0.0,0.0432,1.4288,0.0,0.0,0.3431,0.0569,0,0,0.0569,0.3593,0,0.0104,0.3489,0.9865,1,1,0.9865,50.2,475.13,296.56,0,1,2025-10-01 08:00:10,18.3,89.6,,0,0,,1
2025-10-01 08:00:55,359.63,0.3422,242.62,0.4896,1.4687999999999999,243.26,240.5,244.12,421.73,418,420.93,419.86,0.0,0.0428,1.426,0.0,0.0,0.3422,0.0578,0,0,0.0578,0.3584,0,0.0103,0.3481,0.986,1,1,0.986,50.2,475.13,296.56,0,1,2025-10-01 08:00:55,18.7,89.8,,0,0,,1
2025-10-01 08:01:40,359.64,0.3461,243.43,0.4914,1.4744,244.58,240.58,245.15,423.57,420.12,421.13,421.48,0.0,0.044,1.4304,0.0,0.0014,0.3448,0.0578,0,0,0.0578,0.3612,0,0.0106,0.3507,0.9863,1,1,0.9862,50.2,475.14,296.56,0,1,2025-10-01 08:01:40,18.8,89.9,,0,0,,1
2025-10-01 08:02:25,359.64,0.3451,242.56,0.4908,1.4724,244.86,238.06,244.77,421.68,416.13,422.51,420.17,0.0,0.044,1.4284,0.0,0.0012,0.3438,0.0569,0,0,0.0569,0.3601,0,0.0105,0.3496,0.9866,1,1,0.9866,50.2,475.14,296.56,0,1,2025-10-01 08:02:25,18.8,89.9,,0,0,,1
2025-10-01 08:03:10,359.65,0.3449,242.92,0.4909,1.4728,244.74,238.94,245.09,422.4,418.17,421.59,420.84,0.0,0.0416,1.4312,0.0,0.0,0.3449,0.0577,0,0,0.0577,0.3607,0,0.0099,0.3508,0.9862,1,1,0.9862,50.2,475.15,296.57,0,1,2025-10-01 08:03:10,18.9,90.1,,0,0,,1
2025-10-01 08:03:55,359.65,0.3475,243.64,0.4927,1.4782000000000002,244.1,241.52,245.32,424.09,421.84,419.96,421.74,0.0,0.0436,1.4346,0.0,0.0013,0.3462,0.0568,0,0,0.0568,0.3625,0,0.0105,0.3519,0.9869,1,1,0.9868,50.2,475.15,296.57,0,1,2025-10-01 08:03:55,18.9,90.2,,0,0,,1
2025-10-01 08:04:40,359.65,0.3465,242.35,0.4915,1.4746000000000001,244.5,237.67,244.9,420.79,416.28,422.18,419.38,0.0,0.044,1.4306,0.0,0.0019,0.3447,0.0565,0,0,0.0565,0.3608,0,0.0105,0.3504,0.9869,1,1,0.9868,50.3,475.15,296.57,0,1,2025-10-01 08:04:40,18.9,90.2,,0,0,,1
2025-10-01 08:05:25,359.66,0.3462,242.91,0.4916,1.4749999999999999,242.5,241.49,244.75,422.4,421.02,418.69,420.8,0.0,0.0432,1.4318,0.0,0.0013,0.3448,0.0563,0,0,0.0563,0.3609,0,0.0104,0.3504,0.987,1,1,0.9869,50.3,475.16,296.57,0,1,2025-10-01 08:05:25,19.0,90.3,,0,0,,1
2025-10-01 08:06:33,359.68,3.8184,240.55,7.4296,22.2889,242.82,235.33,243.51,417.08,413.82,418.98,416.9,8.3755,6.2717,7.6417,1.4358,0.8675,1.5151,3.7081,1.4377,1.1911,1.0793,5.3705,2.0337,1.4759,1.8608,0.7173,0.7066,0.5886,0.8144,50.3,475.19,296.59,1,1,2025-10-01 08:06:33,19.0,90.3,,1,0,,0
2025-10-01 08:07:18,359.73,3.9751,241.08,7.575,22.725099999999998,242.54,236.88,243.84,419.23,415.44,417.91,417.68,8.3233,6.7654,7.6364,1.4892,0.9921,1.4938,3.7278,1.361,1.256,1.1107,5.4834,2.0187,1.6026,1.8621,0.7294,0.7381,0.6198,0.8024,50.3,475.26,296.63,1,1,2025-10-01 08:07:18,19.0,84.2,,1,0,,0
2025-10-01 08:08:03,359.79,4.0138,240.55,7.6016,22.805,242.5,235.71,243.46,417.8,414.37,417.68,416.62,8.457,6.5942,7.7538,1.5033,0.9659,1.5446,3.6907,1.3924,1.2146,1.0838,5.4929,2.0508,1.5543,1.8877,0.7361,0.7336,0.6224,0.8186,50.3,475.33,296.68,1,1,2025-10-01 08:08:03,18.9,81.6,,1,0,,0
2025-10-01 08:08:48,359.84,4.004,241.33,7.6069,22.8209,242.84,237.7,243.47,419.54,415.43,418.97,417.75,8.3519,6.87,7.599,1.5127,1.0094,1.4819,3.7357,1.3487,1.2806,1.1064,5.5113,2.0282,1.633,1.8501,0.7311,0.7464,0.619,0.8012,50.3,475.4,296.73,1,1,2025-10-01 08:08:48,18.7,76.9,,1,0,,0
2025-10-01 08:09:33,359.88,3.9826,241.43,7.5778,22.7335,242.53,237.98,243.78,419.69,416.09,418.63,418.04,8.2033,6.9475,7.5827,1.4875,1.0352,1.46,3.7376,1.3185,1.2861,1.1329,5.4914,1.9895,1.6534,1.8485,0.7291,0.7483,0.627,0.79,50.3,475.47,296.77,1,1,2025-10-01 08:09:33,18.1,76.7,,1,0,,0
2025-10-01 08:10:18,359.93,3.971,241.23,7.5528,22.6586,241.77,238.37,243.57,419.33,416.79,417.27,417.84,8.0588,7.0515,7.5483,1.4705,1.0678,1.4327,3.7218,1.2754,1.2951,1.1512,5.4678,1.9484,1.6809,1.8385,0.7296,0.7554,0.6361,0.7795,50.3,475.53,296.82,1,1,2025-10-01 08:10:18,18.0,74.1,,1,0,,0
2025-10-01 08:11:03,359.98,3.9434,240.72,7.5273,22.582,242.04,236.4,243.73,418.2,415.26,417.23,416.62,8.2751,6.6846,7.6223,1.4722,0.9787,1.4926,3.6982,1.3556,1.2378,1.1048,5.4409,2.0029,1.5802,1.8578,0.7294,0.7356,0.6202,0.8037,50.3,475.6,296.86,1,1,2025-10-01 08:11:03,17.4,73.1,,1,0,,0
2025-10-01 08:12:33,360.08,3.9739,240.85,7.5519,22.6557,241.31,237.56,243.7,418.86,415.78,416.74,417.19,8.1873,6.869,7.5994,1.4754,1.0289,1.4697,3.7003,1.3115,1.2631,1.1257,5.4595,1.9757,1.6318,1.852,0.7318,0.7473,0.6315,0.7938,50.3,475.74,296.96,1,1,2025-10-01 08:12:33,17.2,71.3,,1,0,,0
2025-10-01 08:13:40,360.17,3.9871,242.72,7.6309,22.892699999999998,243.57,239.9,244.7,422.86,418.11,420.13,420.28,8.3354,6.9455,7.6118,1.5032,1.0162,1.4677,3.825,1.3622,1.3172,1.1456,5.5591,2.0303,1.6662,1.8626,0.7216,0.741,0.6108,0.7882,50.2,475.87,297.05,1,1,2025-10-01 08:13:40,16.6,71.3,,1,0,,0
2025-10-01 08:14:25,360.22,3.9933,242.45,7.6214,22.8643,243.08,239.79,244.49,421.63,418.72,419.37,419.79,8.3023,6.9099,7.6521,1.495,1.0218,1.4765,3.8022,1.3531,1.3014,1.1477,5.5459,2.0181,1.6569,1.8709,0.7242,0.7414,0.6175,0.7895,50.2,475.94,297.09,1,1,2025-10-01 08:14:25,16.5,69.6,,1,0,,0
2025-10-01 08:15:10,360.27,3.9797,242.47,7.6112,22.8338,243.54,238.88,245,420.98,418.01,420.86,419.7,8.4309,6.6592,7.7437,1.4902,0.9658,1.5237,3.7998,1.4099,1.261,1.1288,5.5412,2.0533,1.5907,1.8972,0.7232,0.7263,0.608,0.8035,50.3,476.01,297.14,1,1,2025-10-01 08:15:10,16.4,69.8,,1,0,,0
2025-10-01 08:15:55,360.32,3.9766,240.28,7.5673,22.7019,243.93,236.31,240.6,417.41,411.92,419.2,416.46,8.5596,6.3419,7.8004,1.518,0.901,1.5576,3.671,1.431,1.1944,1.0456,5.4634,2.0879,1.4987,1.8768,0.7347,0.7276,0.6022,0.8302,50.3,476.08,297.19,1,1,2025-10-01 08:15:55,15.9,68.6,,1,0,,0
2025-10-01 08:16:40,360.37,4.0685,241.82,7.6683,23.0051,242.87,241.91,240.69,421.4,419.45,415.65,418.49,8.1281,7.3811,7.4959,1.5433,1.1333,1.3919,3.7535,1.229,1.3771,1.1473,5.5638,1.9741,1.7856,1.8042,0.7349,0.7822,0.6354,0.7716,50.2,476.14,297.23,1,1,2025-10-01 08:16:40,15.8,65.2,,1,0,,0
2025-10-01 08:17:25,360.42,4.0833,241.48,7.6979,23.0938,244.59,238.85,241,420.15,416.52,418.04,418.23,8.498,6.9073,7.6885,1.5684,1.0151,1.4998,3.7458,1.3612,1.2978,1.0868,5.5813,2.0785,1.6498,1.8529,0.7369,0.7552,0.6161,0.8097,50.2,476.21,297.28,1,1,2025-10-01 08:17:25,15.7,67,,1,0,,0
2025-10-01 08:18:10,360.47,4.1198,241.69,7.7228,23.1686,243.61,240.58,240.9,420.97,417.49,417.39,418.44,8.2978,7.2824,7.5884,1.5695,1.1101,1.4403,3.7484,1.2712,1.3524,1.1248,5.6015,2.0214,1.752,1.828,0.7396,0.777,0.6344,0.7881,50.2,476.28,297.33,1,1,2025-10-01 08:18:10,15.7,66,,1,0,,0
2025-10-01 08:18:55,360.53,4.111,241.1,7.7105,23.1317,244.31,238.06,240.95,419.37,415.62,417.79,417.57,8.5666,6.8428,7.7223,1.5807,1.0074,1.5229,3.7143,1.3695,1.2773,1.0675,5.5826,2.0929,1.629,1.8607,0.742,0.7557,0.6192,0.8188,50.2,476.35,297.37,1,1,2025-10-01 08:18:55,15.6,65.1,,1,0,,0
2025-10-01 08:19:40,360.58,4.0738,241.6,7.6691,23.0073,243.53,240.43,240.84,420.95,417.61,416.77,418.39,8.2608,7.2126,7.5339,1.5558,1.0893,1.4287,3.7367,1.2727,1.3465,1.1175,5.5603,2.0118,1.7341,1.8145,0.7369,0.774,0.6289,0.7876,50.3,476.42,297.42,1,1,2025-10-01 08:19:40,15.1,64.1,,1,0,,0
2025-10-01 08:20:25,360.59,0.3441,240.97,0.4947,1.4843000000000002,244.92,237.07,240.93,418.36,415.07,418.67,417.69,0.0,0.0416,1.4427,0.0,0.0011,0.343,0.051,0,0,0.051,0.3575,0,0.0099,0.3476,0.9892,1,1,0.9891,50.3,476.43,297.42,0,1,2025-10-01 08:20:25,15.1,64.6,,0,0,,1
2025-10-01 08:21:10,360.59,0.3421,242.29,0.4929,1.4789,245.01,240.87,241,422.39,418.63,417.91,419.8,0.0,0.0444,1.4345,0.0,0.0012,0.3409,0.0522,0,0,0.0522,0.3564,0,0.0107,0.3457,0.9885,1,1,0.9884,50.3,476.44,297.42,0,1,2025-10-01 08:21:10,15.0,69.5,,0,0,,1
2025-10-01 08:21:55,360.59,0.3406,240.83,0.4932,1.4796,244.81,237.14,240.56,418.54,414.19,418.68,417.17,0.0,0.044,1.4356,0.0,0.0,0.3406,0.0519,0,0,0.0519,0.3558,0,0.0104,0.3453,0.9886,1,1,0.9886,50.3,476.44,297.43,0,1,2025-10-01 08:21:55,15.1,74.8,,0,0,,1
2025-10-01 08:22:40,360.6,0.3409,241.43,0.4923,1.4769,245.16,238.06,241.09,420.26,415.62,418.61,418.01,0.0,0.0424,1.4345,0.0,0.0,0.3409,0.0529,0,0,0.0529,0.3559,0,0.0101,0.3458,0.9881,1,1,0.9881,50.3,476.45,297.43,0,1,2025-10-01 08:22:40,15.6,77.1,,0,0,,1
2025-10-01 08:23:25,360.6,0.3395,241.39,0.491,1.4732,244.93,238.18,241.07,421.29,415.41,417.53,417.99,0.0,0.0436,1.4296,0.0,0.0,0.3395,0.0535,0,0,0.0535,0.355,0,0.0104,0.3446,0.9877,1,1,0.9877,50.2,476.45,297.43,0,1,2025-10-01 08:23:25,15.7,79.1,,0,0,,1
2025-10-01 08:24:10,360.61,0.3453,241.85,0.4928,1.4786000000000001,243.72,236.94,244.89,420.26,415.64,420.67,418.9,0.0,0.0436,1.435,0.0,0.0,0.3453,0.0592,0,0,0.0592,0.3617,0,0.0103,0.3514,0.9856,1,1,0.9856,50.2,476.45,297.43,0,1,2025-10-01 08:24:10,15.8,80.9,,0,0,,1
2025-10-01 08:24:55,360.61,0.3452,242.34,0.493,1.479,243.09,239.16,244.78,421.85,418.7,418.54,419.96,0.0,0.0436,1.4354,0.0,0.0,0.3452,0.0595,0,0,0.0595,0.3618,0,0.0104,0.3514,0.9854,1,1,0.9854,50.2,476.46,297.43,0,1,2025-10-01 08:24:55,15.9,81.9,,0,0,,1
2025-10-01 08:25:40,360.62,0.3447,240.33,0.4926,1.478,242.2,235,243.81,416.81,414.06,417.84,416.47,0.0,0.044,1.434,0.0,0.001,0.3437,0.0582,0,0,0.0582,0.36,0,0.0103,0.3496,0.986,1,1,0.9859,50.2,476.46,297.43,0,1,2025-10-01 08:25:40,16.4,82.9,,0,0,,1
2025-10-01 08:26:25,360.62,0.3471,241.88,0.4941,1.4823000000000002,243.01,236.92,245.73,420.06,418.65,417.94,419.03,0.0,0.0436,1.4387,0.0,0.0,0.3471,0.0607,0,0,0.0607,0.3639,0,0.0103,0.3535,0.985,1,1,0.985,50.2,476.47,297.43,0,1,2025-10-01 08:26:25,16.5,84.7,,0,0,,1
2025-10-01 08:27:10,360.62,0.3498,241.37,0.4945,1.4835,242.65,234.95,246.52,418.63,415.84,419.53,417.99,0.0,0.044,1.4395,0.0,0.0015,0.3483,0.0617,0,0,0.0617,0.3652,0,0.0103,0.3549,0.9847,1,1,0.9846,50.2,476.47,297.43,0,1,2025-10-01 08:27:10,16.6,86.4,,0,0,,1
2025-10-01 08:27:55,360.63,0.3463,241.22,0.4924,1.4774,242.33,235.19,246.16,418.55,415.46,419.23,417.54,0.0,0.0436,1.4338,0.0,0.0,0.3463,0.0617,0,0,0.0617,0.3632,0,0.0103,0.3529,0.9845,1,1,0.9845,50.1,476.48,297.43,0,1,2025-10-01 08:27:55,16.7,87.2,,0,0,,1
2025-10-01 08:28:40,360.63,0.3483,241.74,0.4941,1.4825,241.98,236.96,246.3,419.59,417.73,418.61,418.72,0.0,0.0424,1.4401,0.0,0.0,0.3483,0.0606,0,0,0.0606,0.3647,0,0.01,0.3547,0.9852,1,1,0.9852,50.2,476.48,297.43,0,1,2025-10-01 08:28:40,17.2,87.2,,0,0,,1
2025-10-01 08:29:25,360.64,0.3492,241.05,0.4939,1.4819,243.15,233.85,246.17,418.22,414.35,419.79,417.53,0.0,0.0428,1.4391,0.0,0.0013,0.3479,0.0605,0,0,0.0605,0.3643,0,0.01,0.3543,0.9853,1,1,0.9851,50.2,476.49,297.43,0,1,2025-10-01 08:29:25,17.3,88,,0,0,,1
2025-10-01 08:30:10,360.64,0.3488,241.68,0.4944,1.4831999999999999,243.46,234.95,246.63,419.25,415.21,421.17,418.69,0.0,0.0428,1.4404,0.0,0.0,0.3488,0.061,0,0,0.061,0.3653,0,0.0101,0.3552,0.985,1,1,0.985,50.2,476.49,297.43,0,1,2025-10-01 08:30:10,17.4,88.8,,0,0,,1
2025-10-01 08:30:55,360.65,0.3473,242.15,0.4928,1.4786,244.05,236.15,246.25,421.57,416.21,420.22,419.26,0.0,0.0424,1.4362,0.0,0.0,0.3473,0.0603,0,0,0.0603,0.3637,0,0.01,0.3537,0.9852,1,1,0.9852,50.2,476.5,297.43,0,1,2025-10-01 08:30:55,17.5,88.9,,0,0,,1
2025-10-01 08:31:40,360.65,0.3481,241.72,0.4934,1.4804,243.79,234.69,246.68,419.63,415.72,420.43,418.56,0.0,0.0428,1.4376,0.0,0.0,0.3481,0.0611,0,0,0.0611,0.3647,0,0.01,0.3546,0.9849,1,1,0.9849,50.2,476.5,297.44,0,1,2025-10-01 08:31:40,17.9,89.3,,0,0,,1
2025-10-01 08:32:25,360.65,0.3501,243.42,0.4936,1.4808,243.86,239.04,247.38,423.7,421.34,419.53,421.35,0.0,0.0428,1.438,0.0,0.001,0.3491,0.0617,0,0,0.0617,0.366,0,0.0102,0.3557,0.9848,1,1,0.9847,50.2,476.5,297.44,0,1,2025-10-01 08:32:25,18.0,90.3,,0,0,,1
2025-10-01 08:33:10,360.66,0.3506,243.17,0.4939,1.4817,245.13,237.18,247.2,423.42,418.86,420.97,420.92,0.0,0.0428,1.4389,0.0,0.0014,0.3491,0.0615,0,0,0.0615,0.3658,0,0.0102,0.3557,0.9849,1,1,0.9848,50.2,476.51,297.44,0,1,2025-10-01 08:33:10,18.1,90.7,,0,0,,1
2025-10-01 08:33:55,360.66,0.3478,241.67,0.4927,1.4783,245.19,233.04,246.79,419.66,412.68,423.26,418.5,0.0,0.0428,1.4355,0.0,0.0,0.3478,0.0607,0,0,0.0607,0.3642,0,0.01,0.3543,0.9851,1,1,0.9851,50.2,476.51,297.44,0,1,2025-10-01 08:33:55,18.2,91.1,,0,0,,1
2025-10-01 08:34:40,360.67,0.3477,243.05,0.4935,1.4806,244.15,238.54,246.47,423.6,420.54,418.46,420.89,0.0,0.0444,1.4362,0.0,0.0,0.3477,0.06,0,0,0.06,0.3646,0,0.0106,0.354,0.9854,1,1,0.9854,50.3,476.52,297.44,0,1,2025-10-01 08:34:40,18.3,90.7,,0,0,,1
2025-10-01 08:35:25,360.67,0.3509,242.22,0.495,1.4850999999999999,245.39,234.5,246.77,420.77,415.67,421.97,419.39,0.0,0.0432,1.4419,0.0,0.0013,0.3496,0.0594,0,0,0.0594,0.3659,0,0.0101,0.3558,0.9859,1,1,0.9858,50.3,476.52,297.44,0,1,2025-10-01 08:35:25,18.7,90.4,,0,0,,1
2025-10-01 08:36:10,360.68,0.3496,242.4,0.493,1.4792,244.91,235.22,247.09,421.66,416.44,421.2,419.88,0.0,0.0436,1.4356,0.0,0.0013,0.3483,0.0603,0,0,0.0603,0.365,0,0.0103,0.3547,0.9854,1,1,0.9853,50.3,476.53,297.44,0,1,2025-10-01 08:36:10,18.8,90.4,,0,0,,1
2025-10-01 08:36:55,360.68,0.3512,242.4,0.4941,1.4825,243.03,236.8,247.37,421.09,419.83,418.28,419.72,0.0,0.042,1.4405,0.0,0.0011,0.3501,0.06,0,0,0.06,0.3663,0,0.0099,0.3563,0.9856,1,1,0.9856,50.3,476.53,297.44,0,1,2025-10-01 08:36:55,18.8,90.4,,0,0,,1
2025-10-01 08:37:40,360.69,0.349,242.21,0.4927,1.4783000000000002,244.41,235.28,246.95,421.35,415.4,421.57,419.44,0.0,0.0436,1.4347,0.0,0.0011,0.3479,0.0605,0,0,0.0605,0.3646,0,0.0103,0.3543,0.9853,1,1,0.9852,50.2,476.54,297.44,0,1,2025-10-01 08:37:40,18.8,90.5,,0,0,,1
2025-10-01 08:38:25,360.69,0.3482,242.52,0.4927,1.4781,243.27,237.46,246.84,422.25,417.5,420.15,420.04,0.0,0.0412,1.4369,0.0,0.0,0.3482,0.061,0,0,0.061,0.3645,0,0.0098,0.3547,0.9849,1,1,0.9849,50.2,476.54,297.44,0,1,2025-10-01 08:38:25,18.9,90.6,,0,0,,1
2025-10-01 08:39:10,360.69,0.3488,242.17,0.4937,1.4812999999999998,244.03,235.47,247.03,420.32,416.64,421.22,419.44,0.0,0.0432,1.4381,0.0,0.0,0.3488,0.0607,0,0,0.0607,0.3654,0,0.0102,0.3553,0.9851,1,1,0.9851,50.2,476.55,297.44,0,1,2025-10-01 08:39:10,18.9,90.6,,0,0,,1
2025-10-01 08:39:55,360.7,0.3473,242.27,0.4927,1.4783,243.37,236.83,246.63,420.79,418.36,419.52,419.42,0.0,0.044,1.4343,0.0,0.0,0.3473,0.0607,0,0,0.0607,0.3642,0,0.0104,0.3537,0.985,1,1,0.985,50.1,476.55,297.44,0,1,2025-10-01 08:39:55,18.9,90.7,,0,0,,1
2025-10-01 08:40:40,360.7,0.3482,241.73,0.4931,1.4795,243.55,235.23,246.42,419.75,414.93,421.22,418.61,0.0,0.0448,1.4347,0.0,0.001,0.3472,0.0605,0,0,0.0605,0.3641,0,0.0105,0.3535,0.9852,1,1,0.9851,50.1,476.55,297.44,0,1,2025-10-01 08:40:40,19.0,90.9,,0,0,,1
2025-10-01 08:41:25,360.71,0.3454,241.52,0.4907,1.4723,242.62,235.67,246.29,419.34,418.15,417.2,418.03,0.0,0.0432,1.4291,0.0,0.0,0.3454,0.0614,0,0,0.0614,0.3622,0,0.0102,0.352,0.9845,1,1,0.9845,50.1,476.56,297.44,0,1,2025-10-01 08:41:25,19.0,90.9,,0,0,,1
2025-10-01 08:42:11,360.72,3.8799,240.36,7.5,22.5002,241.73,233.9,245.46,417.56,414.44,416.68,416.31,8.1587,6.7725,7.569,1.4315,0.9803,1.4681,3.7329,1.3541,1.2413,1.1374,5.4142,1.9722,1.5841,1.8579,0.7206,0.7264,0.6197,0.7905,50,476.58,297.46,1,1,2025-10-01 08:42:55,19.0,85.4,,1,0,,0
2025-10-01 08:42:55,360.78,4.2147,240.86,7.8311,23.493299999999998,241.22,235.51,245.86,418.54,415.77,416.96,417.29,8.2584,7.3549,7.88,1.5219,1.1638,1.5291,3.7515,1.283,1.2798,1.1886,5.6616,1.9921,1.7322,1.9374,0.7469,0.7645,0.6727,0.7895,50.1,476.65,297.51,1,1,2025-10-01 08:42:55,19.0,85.4,,1,0,,0
2025-10-01 08:43:40,360.83,4.1719,240.8,7.7981,23.394399999999997,241.71,234.96,245.73,418.41,416.09,416.42,416.82,8.3822,7.1404,7.8718,1.5228,1.1019,1.5472,3.7558,1.3339,1.2621,1.1598,5.6381,2.0261,1.6777,1.9343,0.7431,0.7522,0.6576,0.8001,50,476.72,297.55,1,1,2025-10-01 08:43:40,18.9,80.3,,1,0,,0
2025-10-01 08:44:25,360.87,4.111,240.75,7.7309,23.192800000000002,241.92,234.69,245.65,417.99,414.07,418.72,416.92,8.405,6.9606,7.8272,1.5098,1.0532,1.5481,3.7435,1.3592,1.2454,1.1388,5.5897,2.0333,1.6336,1.9228,0.7393,0.7431,0.6457,0.8055,50.1,476.79,297.59,1,1,2025-10-01 08:44:25,18.3,77.2,,1,0,,0
2025-10-01 08:46:40,361.03,4.0328,241.65,7.6643,22.9931,242.61,235.96,246.38,419.39,417.52,418.5,418.47,8.192,7.039,7.7621,1.4679,1.0625,1.5025,3.7928,1.3373,1.2735,1.182,5.5608,1.9875,1.6609,1.9124,0.7284,0.7392,0.6406,0.7859,50,477,297.74,1,1,2025-10-01 08:46:40,17.2,72.3,,1,0,,0
2025-10-01 08:47:25,361.08,4.0436,241.61,7.6882,23.064799999999998,243.15,235.38,246.3,419.59,416.08,419.55,418.42,8.3797,6.8717,7.8134,1.4867,1.017,1.5399,3.7988,1.3909,1.2549,1.153,5.5794,2.0375,1.6175,1.9244,0.7288,0.7302,0.6296,0.8004,50,477.07,297.79,1,1,2025-10-01 08:47:25,16.7,72.6,,1,0,,0
2025-10-01 08:48:10,361.13,4.0214,241.81,7.6553,22.966,242.28,236.51,246.65,419.86,417.26,419.14,418.94,8.1754,7.0572,7.7334,1.4635,1.0657,1.4921,3.8009,1.3323,1.2815,1.1871,5.5573,1.9807,1.6691,1.9074,0.7267,0.7394,0.6394,0.7825,50.1,477.14,297.83,1,1,2025-10-01 08:48:10,16.6,71.9,,1,0,,0
2025-10-01 08:48:55,361.18,4.0477,241.09,7.6818,23.0456,242.95,233.79,246.53,418.17,414.43,419.92,417.51,8.5226,6.5986,7.9244,1.4851,0.9647,1.5979,3.7634,1.4403,1.2007,1.1224,5.5669,2.0706,1.5427,1.9536,0.7323,0.7178,0.6263,0.8182,50.1,477.21,297.88,1,1,2025-10-01 08:48:55,16.5,70.1,,1,0,,0
2025-10-01 08:49:40,361.23,3.992,240.86,7.612,22.8361,242.74,233.69,246.15,418.04,414.65,418.6,417.23,8.4249,6.5632,7.848,1.4657,0.9734,1.5529,3.744,1.4038,1.2144,1.1257,5.5106,2.0451,1.5338,1.9318,0.7294,0.7162,0.623,0.8158,50.1,477.28,297.93,1,1,2025-10-01 08:49:40,16.4,69.4,,1,0,,0
2025-10-01 08:50:25,361.28,3.9788,241.34,7.6041,22.8123,241.81,236.78,245.44,419.26,417.25,417.32,418.01,8.0643,7.1152,7.6328,1.4526,1.0681,1.4581,3.7686,1.3004,1.2874,1.1808,5.5082,1.95,1.6847,1.8734,0.726,0.7467,0.6378,0.7747,50.1,477.35,297.97,1,1,2025-10-01 08:50:25,15.9,68.1,,1,0,,0
2025-10-01 08:51:10,361.33,3.9494,241.09,7.5726,22.7178,241.99,236.1,245.2,419.56,415.55,417.4,417.62,8.2,6.8756,7.6422,1.4592,1.0246,1.4655,3.7613,1.3328,1.2759,1.1525,5.4815,1.9843,1.6233,1.8739,0.7241,0.7345,0.6252,0.7897,50,477.42,298.02,1,1,2025-10-01 08:51:10,15.8,67.9,,1,0,,0
2025-10-01 08:51:55,361.38,3.921,241.53,7.5479,22.643700000000003,241.62,237.9,245.09,419.52,417.16,418.23,418.25,8.015,7.0974,7.5313,1.4396,1.0678,1.4136,3.7812,1.2802,1.3133,1.1877,5.4709,1.9366,1.6885,1.8458,0.7198,0.7457,0.6279,0.7678,50.1,477.49,298.07,1,1,2025-10-01 08:51:55,15.8,66.3,,1,0,,0
2025-10-01 08:52:40,361.43,3.9185,241.05,7.5475,22.6427,241.77,236.28,245.1,418.81,415.86,417.65,417.41,8.1445,6.8549,7.6433,1.4393,1.0095,1.4697,3.765,1.3412,1.2635,1.1603,5.4621,1.9691,1.6197,1.8734,0.721,0.7315,0.6241,0.7848,50,477.55,298.11,1,1,2025-10-01 08:52:40,15.7,65.4,,1,0,,0
2025-10-01 08:53:25,361.48,3.9909,240.08,7.6342,22.9028,242.61,232.8,244.85,415.77,411.73,419.93,415.91,8.6186,6.2763,8.0079,1.4697,0.8942,1.627,3.7302,1.4849,1.1526,1.0928,5.5128,2.091,1.4611,1.9607,0.7305,0.7034,0.6129,0.8301,49.9,477.62,298.16,1,1,2025-10-01 08:53:25,15.6,65.2,,1,0,,0
2025-10-01 08:54:10,361.53,3.9556,241.61,7.6076,22.8228,241.47,238.23,245.14,419.67,418.87,416.71,418.32,8.0199,7.1641,7.6388,1.4427,1.0831,1.4298,3.8132,1.2893,1.3158,1.208,5.5158,1.9366,1.7067,1.8726,0.7199,0.7456,0.6355,0.7638,49.9,477.69,298.21,1,1,2025-10-01 08:54:10,15.1,64.8,,1,0,,0
2025-10-01 08:54:55,361.54,0.3519,242.12,0.4972,1.4918,244.09,236.19,246.1,420.08,416.81,421.09,419.4,0.0,0.0428,1.449,0.0,0.0016,0.3503,0.0602,0,0,0.0602,0.3667,0,0.0101,0.3566,0.9856,1,1,0.9855,49.9,477.71,298.22,0,1,2025-10-01 08:54:55,15.0,64.6,,0,0,,1
2025-10-01 08:54:56,361.54,0.3519,242.12,0.4972,1.4918,244.09,236.19,246.1,420.08,416.81,421.09,419.4,0.0,0.0428,1.449,0.0,0.0016,0.3503,0.0602,0,0,0.0602,0.3667,0,0.0101,0.3566,0.9856,1,1,0.9855,49.9,477.71,298.22,0,0,,,,,0,0,,1
2025-10-01 10:19:11,361.55,0.3505,242.67,0.4955,1.4866,243.8,237.58,246.64,421.47,418.68,420.62,420.33,0.0,0.0428,1.4438,0.0,0.0011,0.3494,0.0624,0,0,0.0624,0.3663,0,0.0102,0.3561,0.9845,1,1,0.9844,50,477.72,298.22,0,1,2025-10-01 10:19:55,15.1,74.7,,0,0,,1
2025-10-01 10:19:55,361.55,0.3508,242.08,0.4955,1.4865,244.46,235.01,246.77,420.22,415.96,421.52,419.12,0.0,0.0428,1.4437,0.0,0.0012,0.3496,0.062,0,0,0.062,0.3663,0,0.0101,0.3563,0.9847,1,1,0.9846,50,477.72,298.22,0,1,2025-10-01 10:19:55,15.1,74.7,,0,0,,1
2025-10-01 10:20:40,361.56,0.3513,243.1,0.4951,1.4854,243.62,238.15,247.53,422.85,419.34,420.73,420.77,0.0,0.0436,1.4418,0.0,0.0013,0.35,0.0636,0,0,0.0636,0.3673,0,0.0104,0.3569,0.984,1,1,0.9839,50,477.73,298.22,0,1,2025-10-01 10:20:40,15.6,76.9,,0,0,,1
2025-10-01 10:21:25,361.56,0.3502,242.79,0.495,1.4852,244.25,237.3,246.82,422,417.96,421.41,420.41,0.0,0.0436,1.4416,0.0,0.0011,0.3491,0.0621,0,0,0.0621,0.3662,0,0.0103,0.3558,0.9846,1,1,0.9845,50,477.73,298.22,0,1,2025-10-01 10:21:25,15.7,79.1,,0,0,,1
2025-10-01 10:22:10,361.57,0.3497,242.93,0.4936,1.481,244.29,237.41,247.1,422.39,418.51,421.18,420.77,0.0,0.044,1.437,0.0,0.0015,0.3482,0.0633,0,0,0.0633,0.3655,0,0.0104,0.3551,0.9839,1,1,0.9838,50,477.73,298.22,0,1,2025-10-01 10:22:10,15.8,80.7,,0,0,,1
2025-10-01 10:22:55,361.57,0.3511,242.79,0.4952,1.4857,244.45,236.67,247.27,421.42,418.66,421.31,420.5,0.0,0.0448,1.4409,0.0,0.0017,0.3494,0.0627,0,0,0.0627,0.3669,0,0.0106,0.3563,0.9844,1,1,0.9842,50,477.74,298.22,0,1,2025-10-01 10:22:55,15.9,81.9,,0,0,,1
2025-10-01 10:23:40,361.58,0.349,242.63,0.4935,1.4807000000000001,244.36,236.59,246.94,421.19,416.3,423.11,419.99,0.0,0.044,1.4367,0.0,0.0011,0.3479,0.0629,0,0,0.0629,0.3652,0,0.0104,0.3548,0.9841,1,1,0.984,50,477.74,298.23,0,1,2025-10-01 10:23:40,16.4,83.2,,0,0,,1
2025-10-01 10:24:25,361.58,0.3501,242.45,0.4941,1.4825,245.08,235.36,246.91,421.53,415.56,422.51,419.9,0.0,0.0428,1.4397,0.0,0.0014,0.3488,0.0622,0,0,0.0622,0.3655,0,0.0101,0.3555,0.9845,1,1,0.9844,50,477.75,298.23,0,1,2025-10-01 10:24:25,16.5,84.1,,0,0,,1
2025-10-01 10:25:10,361.58,0.3492,242.37,0.4933,1.4801000000000002,244.4,235.63,247.1,421.39,416.68,421.09,419.73,0.0,0.0436,1.4365,0.0,0.0011,0.348,0.0633,0,0,0.0633,0.3652,0,0.0103,0.355,0.9839,1,1,0.9838,50,477.75,298.23,0,1,2025-10-01 10:25:10,16.6,84.8,,0,0,,1
2025-10-01 10:25:55,361.59,0.3491,242.6,0.4939,1.4819,244.53,236.65,246.64,422.66,417.03,420.65,420.3,0.0,0.0444,1.4375,0.0,0.0012,0.3479,0.062,0,0,0.062,0.3651,0,0.0105,0.3545,0.9846,1,1,0.9844,50.1,477.76,298.23,0,1,2025-10-01 10:25:55,16.7,85.6,,0,0,,1
2025-10-01 10:26:40,361.59,0.3485,242.12,0.4926,1.4779,244.83,234.81,246.74,420.68,414.51,422.75,419.52,0.0,0.0432,1.4347,0.0,0.0013,0.3473,0.0621,0,0,0.0621,0.3641,0,0.0101,0.354,0.9845,1,1,0.9844,50.1,477.76,298.23,0,1,2025-10-01 10:26:40,17.2,87.2,,0,0,,1
2025-10-01 10:27:25,361.6,0.3493,242.35,0.4938,1.4814999999999998,244.14,236.16,246.77,421.25,416.64,421.21,419.58,0.0,0.0432,1.4383,0.0,0.001,0.3483,0.0619,0,0,0.0619,0.3651,0,0.0102,0.3549,0.9846,1,1,0.9845,50.1,477.77,298.23,0,1,2025-10-01 10:27:25,17.3,88,,0,0,,1
2025-10-01 10:28:10,361.6,0.3487,242.31,0.4925,1.4774999999999998,242.68,237.59,246.67,420.78,418.81,419.28,419.6,0.0,0.0412,1.4363,0.0,0.0011,0.3477,0.0618,0,0,0.0618,0.3641,0,0.0098,0.3543,0.9846,1,1,0.9845,50.1,477.77,298.23,0,1,2025-10-01 10:28:10,17.4,87.8,,0,0,,1
2025-10-01 10:28:55,361.61,0.3478,241.8,0.4931,1.4795,242.32,236.28,246.8,419.47,415.73,421.05,418.62,0.0,0.0428,1.4367,0.0,0.0,0.3478,0.0627,0,0,0.0627,0.3647,0,0.0101,0.3546,0.9841,1,1,0.9841,50,477.78,298.23,0,1,2025-10-01 10:28:55,17.4,87.9,,0,0,,1
2025-10-01 10:29:40,361.61,0.3443,241.25,0.4913,1.474,242.87,235.73,245.15,419.87,414.53,418.95,417.93,0.0,0.0436,1.4304,0.0,0.0,0.3443,0.0604,0,0,0.0604,0.3609,0,0.0103,0.3507,0.9849,1,1,0.9849,50.1,477.78,298.23,0,1,2025-10-01 10:29:40,17.5,88.1,,0,0,,1
2025-10-01 10:30:25,361.62,0.3434,241.25,0.4897,1.4693,242.54,236.05,245.17,419.52,415.64,418.22,417.99,0.0,0.0428,1.4265,0.0,0.0,0.3434,0.0604,0,0,0.0604,0.3598,0,0.0101,0.3497,0.9849,1,1,0.9849,50.1,477.78,298.23,0,1,2025-10-01 10:30:25,18.0,88.5,,0,0,,1
2025-10-01 10:31:10,361.62,0.344,241.24,0.4907,1.4723,243.47,234.88,245.39,419.43,414.13,419.8,417.87,0.0,0.044,1.4283,0.0,0.0,0.344,0.061,0,0,0.061,0.3608,0,0.0103,0.3505,0.9846,1,1,0.9846,50,477.79,298.23,0,1,2025-10-01 10:31:10,18.0,89.8,,0,0,,1
2025-10-01 10:31:55,361.62,0.3439,241.51,0.4901,1.4703,242.87,235.93,245.75,420.25,417.69,416.66,418.23,0.0,0.044,1.4263,0.0,0.0,0.3439,0.0618,0,0,0.0618,0.3609,0,0.0104,0.3505,0.9842,1,1,0.9842,50,477.79,298.23,0,1,2025-10-01 10:31:55,18.1,90,,0,0,,1
2025-10-01 10:32:40,361.63,0.3442,241.53,0.4895,1.4687,243.24,236.17,245.2,421.04,415.92,417.8,418.22,0.0,0.0432,1.4255,0.0,0.0011,0.3432,0.0608,0,0,0.0608,0.3597,0,0.0102,0.3495,0.9847,1,1,0.9846,50,477.8,298.23,0,1,2025-10-01 10:32:40,18.2,89.5,,0,0,,1
2025-10-01 10:33:25,361.63,0.3423,241.8,0.4894,1.4684000000000001,242.54,238.17,244.7,420.97,418.8,416.43,418.82,0.0,0.044,1.4244,0.0,0.0,0.3423,0.0604,0,0,0.0604,0.359,0,0.0105,0.3486,0.9847,1,1,0.9847,50,477.8,298.24,0,1,2025-10-01 10:33:25,18.2,89.4,,0,0,,1
2025-10-01 10:34:10,361.64,0.3422,240.83,0.4892,1.4677,243.86,233.66,244.97,418.65,413.08,419.46,417.08,0.0,0.0444,1.4233,0.0,0.0,0.3422,0.061,0,0,0.061,0.359,0,0.0104,0.3487,0.9845,1,1,0.9845,49.9,477.81,298.24,0,1,2025-10-01 10:34:10,18.3,89.3,,0,0,,1
2025-10-01 10:34:55,361.64,0.3451,241.63,0.4904,1.4713,243.78,235.9,245.23,420.85,416.01,418.45,418.43,0.0,0.0444,1.4269,0.0,0.0016,0.3435,0.0611,0,0,0.0611,0.3604,0,0.0105,0.3499,0.9847,1,1,0.9845,50,477.81,298.24,0,1,2025-10-01 10:34:55,18.3,89.4,,0,0,,1
2025-10-01 10:35:40,361.65,0.3437,241.83,0.4882,1.4647,244.59,235.73,245.19,421.39,414.8,420.21,418.84,0.0,0.0428,1.4219,0.0,0.0015,0.3423,0.0605,0,0,0.0605,0.3587,0,0.0101,0.3486,0.9848,1,1,0.9847,50,477.82,298.24,0,1,2025-10-01 10:35:40,18.7,89.6,,0,0,,1
2025-10-01 10:36:25,361.65,0.3439,240.63,0.4887,1.4662,245.64,231.15,245.1,417.79,411.17,421.25,416.52,0.0,0.0424,1.4238,0.0,0.0013,0.3425,0.0607,0,0,0.0607,0.3588,0,0.0098,0.349,0.9847,1,1,0.9846,50,477.82,298.24,0,1,2025-10-01 10:36:25,18.8,89.7,,0,0,,1
2025-10-01 10:37:10,361.65,0.3451,242,0.4902,1.4707,244.48,236.01,245.53,422.17,417.39,417.56,418.98,0.0,0.0448,1.4259,0.0,0.0015,0.3436,0.0614,0,0,0.0614,0.3607,0,0.0106,0.3501,0.9845,1,1,0.9844,49.9,477.83,298.24,0,1,2025-10-01 10:37:10,18.8,89.8,,0,0,,1
2025-10-01 10:37:55,361.66,0.3433,241.69,0.4888,1.4666,244.92,234.31,245.85,420.82,415.19,419.57,418.48,0.0,0.0432,1.4234,0.0,0.0,0.3433,0.0619,0,0,0.0619,0.3601,0,0.0101,0.3499,0.9841,1,1,0.9841,50,477.83,298.24,0,1,2025-10-01 10:37:55,18.9,90.3,,0,0,,1
2025-10-01 10:38:40,361.66,0.3455,241.86,0.4897,1.4691999999999998,245.37,234.14,246.07,421.49,414.99,419.92,418.73,0.0,0.0432,1.426,0.0,0.0012,0.3443,0.0621,0,0,0.0621,0.361,0,0.0101,0.3509,0.9842,1,1,0.9841,50,477.83,298.24,0,1,2025-10-01 10:38:40,18.9,90.5,,0,0,,1
2025-10-01 10:39:25,361.67,0.3429,241.86,0.4891,1.4673,243.85,236.36,245.38,421.37,416.54,418.57,418.77,0.0,0.0436,1.4237,0.0,0.0,0.3429,0.0609,0,0,0.0609,0.3597,0,0.0103,0.3493,0.9846,1,1,0.9846,50,477.84,298.24,0,1,2025-10-01 10:39:25,18.9,90.4,,0,0,,1
2025-10-01 10:40:10,361.67,0.343,241.66,0.489,1.467,245.17,234.71,245.1,421.07,414.22,420.19,418.29,0.0,0.042,1.425,0.0,0.0,0.343,0.0603,0,0,0.0603,0.3591,0,0.0099,0.3493,0.9848,1,1,0.9848,50,477.84,298.24,0,1,2025-10-01 10:40:10,19.0,90.4,,0,0,,1
2025-10-01 10:40:55,361.68,0.3454,242.31,0.49,1.4701,245.47,236.12,245.34,422.13,416.6,420.11,419.36,0.0,0.0424,1.4277,0.0,0.0014,0.344,0.0603,0,0,0.0603,0.3603,0,0.01,0.3503,0.9851,1,1,0.9849,50,477.85,298.24,0,1,2025-10-01 10:40:55,19.0,90.4,,0,0,,1
2025-10-01 10:41:40,361.7,3.9491,241.46,7.6227,22.8681,244.47,235.4,244.53,420.25,415.3,418.94,418.01,8.4347,6.8081,7.6253,1.4985,0.9586,1.492,3.8109,1.4136,1.2806,1.1167,5.5293,2.062,1.6026,1.8646,0.7195,0.7273,0.5992,0.8005,50,477.88,298.27,1,1,2025-10-01 10:41:40,19.1,90.2,,1,0,,0
2025-10-01 10:42:25,361.75,4.1589,241.53,7.8228,23.4685,243.5,236.86,244.24,420.52,416.7,417.61,418.24,8.4175,7.2349,7.8161,1.5472,1.0977,1.5141,3.8159,1.3419,1.3125,1.1615,5.6723,2.0497,1.7137,1.909,0.7368,0.7554,0.6415,0.7934,50,477.96,298.31,1,1,2025-10-01 10:42:25,19.0,82.1,,1,0,,0
2025-10-01 10:43:10,361.8,4.1377,241.35,7.7824,23.3472,243.03,235.88,245.15,419.17,416.71,418.02,418,8.3541,7.1702,7.8229,1.5241,1.0914,1.5221,3.792,1.3386,1.2882,1.1652,5.6394,2.0303,1.6913,1.9178,0.7372,0.7513,0.6464,0.794,50,478.03,298.36,1,1,2025-10-01 10:43:10,18.8,78.5,,1,0,,0
2025-10-01 10:43:55,361.86,4.1852,241.16,7.8239,23.4717,242.85,235.48,245.15,419.98,416.6,416.16,417.62,8.3477,7.29,7.834,1.5383,1.1233,1.5236,3.7806,1.318,1.2947,1.1678,5.6644,2.0272,1.7166,1.9205,0.742,0.7593,0.6553,0.7936,50,478.1,298.41,1,1,2025-10-01 10:43:55,18.2,77.2,,1,0,,0
2025-10-01 10:44:40,361.91,4.112,240.54,7.7369,23.2107,243.31,233.08,245.24,418.12,413.9,417.58,416.67,8.4542,6.901,7.8555,1.5186,1.0282,1.5651,3.7412,1.3853,1.2338,1.1222,5.592,2.057,1.6085,1.9265,0.7396,0.7387,0.6402,0.8126,50,478.17,298.46,1,1,2025-10-01 10:44:40,18.0,74,,1,0,,0
2025-10-01 10:45:25,361.96,4.101,240.74,7.7228,23.1684,242.9,233.65,245.67,418.88,414.82,416.84,416.74,8.3494,7.0405,7.7785,1.5108,1.0579,1.5323,3.7473,1.3506,1.2563,1.1404,5.584,2.0281,1.645,1.9109,0.7382,0.7455,0.6441,0.8022,50,478.24,298.51,1,1,2025-10-01 10:45:25,17.4,74.1,,1,0,,0
2025-10-01 10:46:10,362.02,4.1393,241.17,7.7715,23.3145,243.47,234.25,245.79,419.88,414.87,418.06,417.39,8.4312,7.0802,7.8031,1.5331,1.0636,1.5426,3.77,1.3627,1.2691,1.1382,5.6292,2.0527,1.6585,1.9179,0.7393,0.7474,0.6423,0.8046,50,478.31,298.55,1,1,2025-10-01 10:46:10,17.2,72.1,,1,0,,0
2025-10-01 10:47:40,362.11,4.1186,241.04,7.7413,23.224,243.02,234.28,245.84,419.57,415.06,417.53,417.58,8.3452,7.0966,7.7822,1.5168,1.071,1.5307,3.7585,1.3439,1.2682,1.1464,5.6038,2.0281,1.6626,1.9132,0.7386,0.7484,0.6452,0.8004,50,478.45,298.64,1,1,2025-10-01 10:47:40,16.6,71,,1,0,,0
2025-10-01 10:48:25,362.17,4.11,240.93,7.7401,23.220399999999998,242.46,235.32,245.01,418.61,415.92,417.13,417.17,8.3144,7.0973,7.8087,1.5095,1.0783,1.5222,3.7638,1.334,1.2719,1.1579,5.5993,2.0159,1.6701,1.9132,0.7374,0.7493,0.6466,0.7959,50,478.52,298.69,1,1,2025-10-01 10:48:25,16.5,69.8,,1,0,,0
2025-10-01 10:49:10,362.22,4.0718,241.82,7.732,23.196,244.35,235.83,245.3,420.78,416.79,418.74,418.73,8.3869,7.079,7.7301,1.521,1.043,1.5077,3.8192,1.3707,1.2999,1.1486,5.615,2.0493,1.6694,1.8962,0.7293,0.7428,0.6258,0.7954,50,478.59,298.74,1,1,2025-10-01 10:49:10,16.4,69.3,,1,0,,0
2025-10-01 10:49:55,362.27,4.021,241.69,7.6826,23.0479,244.63,235.02,245.42,420.32,416.17,419.12,418.54,8.4962,6.8031,7.7486,1.5109,0.9736,1.5365,3.809,1.4249,1.2649,1.1192,5.579,2.0784,1.5989,1.9017,0.7259,0.7275,0.6099,0.8082,50,478.66,298.79,1,1,2025-10-01 10:49:55,15.9,67.8,,1,0,,0
2025-10-01 10:50:40,362.32,3.9854,241.59,7.6372,22.9117,243.82,236.01,244.94,420.7,416.4,417.98,418.35,8.2603,7.0275,7.6239,1.4896,1.0252,1.4705,3.8037,1.3533,1.3006,1.1499,5.54,2.014,1.6586,1.8674,0.7234,0.7401,0.619,0.7877,50,478.73,298.83,1,1,2025-10-01 10:50:40,15.8,67,,1,0,,0
2025-10-01 10:51:25,362.37,3.9578,241.05,7.6101,22.8303,244.82,233,245.33,419.27,414.8,418.12,417.52,8.4505,6.7111,7.6687,1.4923,0.9397,1.5258,3.7762,1.4305,1.2465,1.0993,5.5139,2.0689,1.5637,1.8814,0.7235,0.7219,0.6019,0.8113,50,478.8,298.88,1,1,2025-10-01 10:51:25,15.7,67.2,,1,0,,0
2025-10-01 10:52:10,362.42,4.0152,241.18,7.6615,22.9845,244.33,233.39,245.83,418.69,414.05,420.28,417.75,8.4905,6.6743,7.8197,1.4936,0.9559,1.5657,3.7768,1.437,1.2263,1.1135,5.5545,2.0745,1.5577,1.9223,0.7284,0.7206,0.6147,0.8149,50,478.87,298.93,1,1,2025-10-01 10:52:10,15.7,66.9,,1,0,,0
2025-10-01 10:52:55,362.47,3.9575,241.54,7.586,22.758,242.21,237.09,245.32,420.19,419.21,415.32,418.23,7.8465,7.3214,7.5901,1.4342,1.1179,1.4054,3.7897,1.2448,1.3244,1.2204,5.4983,1.9005,1.7358,1.862,0.7222,0.7552,0.645,0.755,50,478.94,298.98,1,1,2025-10-01 10:52:55,15.6,67.1,,1,0,,0
2025-10-01 10:53:40,362.52,3.8978,240.99,7.5519,22.6558,244.39,233.37,245.21,418.55,413.22,420.27,417.4,8.4676,6.5068,7.6814,1.4689,0.8959,1.533,3.7711,1.4553,1.2229,1.093,5.4714,2.0694,1.5185,1.8836,0.7186,0.7104,0.5909,0.8142,50,479.01,299.02,1,1,2025-10-01 10:53:40,15.2,65.7,,1,0,,0
2025-10-01 10:54:25,362.55,0.3523,241.35,0.4994,1.4982,245.22,232.81,246.04,419.46,412.53,421.95,417.81,0.0,0.042,1.4562,0.0,0.0,0.3523,0.0593,0,0,0.0593,0.3681,0,0.0098,0.3583,0.9861,1,1,0.9861,50,479.05,299.06,0,1,2025-10-01 10:54:25,15.1,64.6,,0,0,,1
2025-10-01 10:55:10,362.56,0.3524,242.37,0.4975,1.4926,243.31,237.48,246.34,422.16,419.57,417.32,419.69,0.0,0.0428,1.4498,0.0,0.0015,0.3509,0.0609,0,0,0.0609,0.3673,0,0.0102,0.3571,0.9853,1,1,0.9852,49.9,479.06,299.06,0,1,2025-10-01 10:55:10,15.0,66.3,,0,0,,1
2025-10-01 10:55:55,362.56,0.351,241.48,0.4964,1.4893,244.98,233.12,246.34,419.23,413.93,421.4,418.01,0.0,0.0444,1.4449,0.0,0.0015,0.3495,0.0619,0,0,0.0619,0.3663,0,0.0104,0.3559,0.9848,1,1,0.9846,49.9,479.06,299.06,0,1,2025-10-01 10:55:55,15.0,70.4,,0,0,,1
2025-10-01 10:56:40,362.56,0.3486,241.79,0.4953,1.4859,245.61,233.72,246.05,420.51,414.74,420.91,418.68,0.0,0.0428,1.4431,0.0,0.0,0.3486,0.0616,0,0,0.0616,0.3651,0,0.01,0.3551,0.9847,1,1,0.9847,49.9,479.07,299.06,0,1,2025-10-01 10:56:40,15.1,73.9,,0,0,,1
2025-10-01 10:57:25,362.57,0.3495,242.42,0.4936,1.4808,245.29,235.45,246.54,421.56,417.7,420.13,419.78,0.0,0.0428,1.438,0.0,0.0016,0.3479,0.0625,0,0,0.0625,0.3646,0,0.0101,0.3545,0.9843,1,1,0.9842,50,479.07,299.06,0,1,2025-10-01 10:57:25,15.6,76.6,,0,0,,1
2025-10-01 10:58:10,362.57,0.35,241.95,0.4942,1.4826000000000001,245.73,233.52,246.61,420.73,414.09,422.18,419.01,0.0,0.0436,1.439,0.0,0.0018,0.3482,0.0624,0,0,0.0624,0.3651,0,0.0102,0.3549,0.9844,1,1,0.9842,50,479.07,299.06,0,1,2025-10-01 10:58:10,15.7,78.4,,0,0,,1
2025-10-01 10:58:55,362.58,0.3499,242.42,0.4942,1.4827,245.38,234.77,247.11,421.82,418.24,419.16,419.76,0.0,0.0428,1.4399,0.0,0.001,0.3489,0.0638,0,0,0.0638,0.3659,0,0.01,0.3558,0.9837,1,1,0.9836,50,479.08,299.06,0,1,2025-10-01 10:58:55,15.8,80.8,,0,0,,1
2025-10-01 10:59:40,362.58,0.3517,241.88,0.4954,1.4862,243.71,233.98,247.96,420.25,414.77,421.52,418.92,0.0,0.044,1.4422,0.0,0.0012,0.3505,0.0651,0,0,0.0651,0.3679,0,0.0103,0.3576,0.9832,1,1,0.9831,50,479.08,299.06,0,1,2025-10-01 10:59:40,15.9,82.8,,0,0,,1
2025-10-01 11:00:25,362.59,0.3509,241.83,0.4942,1.4826,242.85,234.98,247.68,419.74,416.48,420.1,418.89,0.0,0.0432,1.4394,0.0,0.0016,0.3494,0.0649,0,0,0.0649,0.3667,0,0.0102,0.3565,0.9833,1,1,0.9831,49.9,479.09,299.06,0,1,2025-10-01 11:00:25,16.4,83.3,,0,0,,1
2025-10-01 11:01:10,362.59,0.3515,242.03,0.4954,1.4862,242.06,236.09,247.94,420.41,417.62,419.24,419.16,0.0,0.044,1.4422,0.0,0.0011,0.3504,0.0652,0,0,0.0652,0.368,0,0.0104,0.3576,0.9832,1,1,0.9831,49.9,479.09,299.06,0,1,2025-10-01 11:01:10,16.5,83.7,,0,0,,1
2025-10-01 11:01:55,362.59,0.3516,242.25,0.4949,1.4849,242.04,236.7,248.01,420.53,417.41,420.55,419.36,0.0,0.0436,1.4413,0.0,0.0013,0.3503,0.065,0,0,0.065,0.3678,0,0.0103,0.3575,0.9833,1,1,0.9832,50,479.1,299.06,0,1,2025-10-01 11:01:55,16.6,84.5,,0,0,,1
2025-10-01 11:02:40,362.6,0.3506,242.16,0.4937,1.4810999999999999,242.09,236.59,247.8,420.65,416.92,420.44,419.28,0.0,0.0432,1.4379,0.0,0.0014,0.3492,0.0645,0,0,0.0645,0.3665,0,0.0102,0.3563,0.9834,1,1,0.9833,50,479.1,299.06,0,1,2025-10-01 11:02:40,16.7,85.2,,0,0,,1
2025-10-01 11:03:25,362.6,0.3506,242.67,0.4939,1.4817,241.79,238.79,247.45,421.17,418.87,420.75,420.1,0.0,0.0428,1.4389,0.0,0.0014,0.3492,0.0638,0,0,0.0638,0.3663,0,0.0102,0.3561,0.9838,1,1,0.9837,50,479.11,299.06,0,1,2025-10-01 11:03:25,16.7,85.7,,0,0,,1
2025-10-01 11:04:10,362.61,0.3507,242.72,0.4938,1.4816,241.26,239.02,247.89,421.79,418.76,420.4,420.35,0.0,0.0436,1.438,0.0,0.0012,0.3495,0.0655,0,0.0011,0.0644,0.3669,0,0.0104,0.3565,0.9829,1,1,0.9834,50,479.11,299.07,0,1,2025-10-01 11:04:10,17.2,86.2,,0,0,,1
2025-10-01 11:04:55,362.61,0.3503,242.16,0.4938,1.4815,242.36,236.66,247.47,420.04,417.21,420.85,419.24,0.0,0.044,1.4375,0.0,0.0015,0.3488,0.0649,0,0.0011,0.0638,0.3662,0,0.0104,0.3557,0.9832,1,1,0.9837,50,479.12,299.07,0,1,2025-10-01 11:04:55,17.3,87,,0,0,,1
2025-10-01 11:05:40,362.62,0.3494,241.61,0.4924,1.4773,241.38,236.26,247.21,419.77,416.65,418.76,418.81,0.0,0.0428,1.4345,0.0,0.0016,0.3478,0.0635,0,0,0.0635,0.3647,0,0.0101,0.3546,0.9838,1,1,0.9837,50,479.12,299.07,0,1,2025-10-01 11:05:40,17.4,87.9,,0,0,,1
2025-10-01 11:06:25,362.62,0.3501,241.37,0.4937,1.4811,241.72,234.79,247.61,419.17,414.14,420.58,417.83,0.0,0.0444,1.4367,0.0,0.0013,0.3488,0.064,0,0,0.064,0.3662,0,0.0104,0.3557,0.9837,1,1,0.9836,50,479.13,299.07,0,1,2025-10-01 11:06:25,17.5,88.8,,0,0,,1
2025-10-01 11:07:10,362.63,0.3472,240.69,0.4922,1.4766000000000001,238.93,236.08,247.08,418.1,415.58,416.65,416.54,0.0,0.044,1.4326,0.0,0.0,0.3472,0.0632,0,0,0.0632,0.3644,0,0.0104,0.354,0.9838,1,1,0.9838,50,479.13,299.07,0,1,2025-10-01 11:07:10,17.9,89.7,,0,0,,1
2025-10-01 11:07:55,362.63,0.3447,239.88,0.4899,1.4697,239.71,233.63,246.32,416.24,413.44,416.48,415.48,0.0,0.0428,1.4269,0.0,0.0,0.3447,0.0631,0,0,0.0631,0.3615,0,0.01,0.3515,0.9836,1,1,0.9836,49.9,479.13,299.07,0,1,2025-10-01 11:07:55,18.0,90.2,,0,0,,1
2025-10-01 11:08:40,362.63,0.3462,240.22,0.492,1.4762,239.37,234.94,246.36,416.72,413.65,417.59,415.78,0.0,0.044,1.4322,0.0,0.0,0.3462,0.0626,0,0,0.0626,0.3632,0,0.0103,0.3528,0.984,1,1,0.984,50,479.14,299.07,0,1,2025-10-01 11:08:40,18.1,90,,0,0,,1
2025-10-01 11:09:25,362.64,0.346,240.66,0.4919,1.4757,238.15,237.43,246.41,418.15,415.23,416.83,416.78,0.0,0.0444,1.4313,0.0,0.0,0.346,0.0626,0,0,0.0626,0.3632,0,0.0105,0.3527,0.984,1,1,0.984,50,479.14,299.07,0,1,2025-10-01 11:09:25,18.2,89.8,,0,0,,1
2025-10-01 11:10:10,362.64,0.3464,240.51,0.4927,1.4781,238.75,236.51,246.29,417.55,414.74,417.18,416.32,0.0,0.0448,1.4333,0.0,0.0,0.3464,0.0622,0,0,0.0622,0.3636,0,0.0106,0.353,0.9842,1,1,0.9842,49.9,479.15,299.07,0,1,2025-10-01 11:10:10,18.2,89.7,,0,0,,1
2025-10-01 11:10:55,362.65,0.3446,240.52,0.4908,1.4726,238.94,236.79,245.85,417.54,415.34,416.69,416.49,0.0,0.0444,1.4282,0.0,0.0,0.3446,0.0618,0,0,0.0618,0.3616,0,0.0105,0.3511,0.9842,1,1,0.9842,50,479.15,299.07,0,1,2025-10-01 11:10:55,18.3,89.7,,0,0,,1
2025-10-01 11:11:40,362.65,0.3465,240.47,0.4916,1.475,239.49,235.62,246.32,417.09,414.44,417.78,416.43,0.0,0.0456,1.4294,0.0,0.0011,0.3455,0.0621,0,0,0.0621,0.3628,0,0.0107,0.3521,0.9842,1,1,0.9842,50,479.16,299.07,0,1,2025-10-01 11:11:40,18.7,89.8,,0,0,,1
2025-10-01 11:12:25,362.66,0.3475,240.15,0.492,1.476,239.91,233.95,246.6,416.22,413.2,418.19,416.25,0.0,0.0448,1.4312,0.0,0.0013,0.3462,0.0626,0,0,0.0626,0.3634,0,0.0105,0.3529,0.9841,1,1,0.984,50,479.16,299.07,0,1,2025-10-01 11:12:25,18.8,89.9,,0,0,,1
2025-10-01 11:13:10,362.66,0.3446,240.24,0.4902,1.4708,239.36,235.19,246.19,416.85,414.02,417.21,415.73,0.0,0.044,1.4268,0.0,0.0,0.3446,0.0624,0,0,0.0624,0.3616,0,0.0103,0.3513,0.9839,1,1,0.9839,49.9,479.17,299.08,0,1,2025-10-01 11:13:10,18.8,90.8,,0,0,,1
2025-10-01 11:13:55,362.66,0.3476,240.42,0.4919,1.4757,239.61,234.76,246.9,417.76,413.84,417.3,416.39,0.0,0.0448,1.4309,0.0,0.0011,0.3465,0.0631,0,0,0.0631,0.3638,0,0.0105,0.3533,0.9839,1,1,0.9838,49.9,479.17,299.08,0,1,2025-10-01 11:13:55,18.9,90.9,,0,0,,1
2025-10-01 11:14:40,362.67,0.347,239.95,0.4907,1.4721000000000002,239.67,233.3,246.89,416.14,411.85,418.52,415.28,0.0,0.0436,1.4285,0.0,0.0011,0.3459,0.0631,0,0,0.0631,0.3629,0,0.0102,0.3527,0.9838,1,1,0.9837,49.9,479.18,299.08,0,1,2025-10-01 11:14:40,18.9,90.7,,0,0,,1
2025-10-01 11:15:25,362.67,0.347,240.52,0.4903,1.4709999999999999,238.85,235.83,246.88,417.69,416.54,415.16,416.6,0.0,0.0428,1.4282,0.0,0.0013,0.3458,0.0635,0,0,0.0635,0.3627,0,0.0101,0.3526,0.9836,1,1,0.9835,49.9,479.18,299.08,0,1,2025-10-01 11:15:25,18.9,90.6,,0,0,,1
2025-10-01 11:16:10,362.68,0.3453,239.5,0.4906,1.4719,240.2,231.62,246.69,414.97,410.07,419.17,414.5,0.0,0.0444,1.4275,0.0,0.0,0.3453,0.0636,0,0,0.0636,0.3624,0,0.0103,0.3521,0.9834,1,1,0.9834,49.9,479.18,299.08,0,1,2025-10-01 11:16:10,19.0,90.6,,0,0,,1
2025-10-01 11:16:55,362.68,0.3449,240.06,0.4904,1.4713,237.76,236.04,246.38,416.81,415.98,414.24,415.7,0.0,0.044,1.4273,0.0,0.0,0.3449,0.0633,0,0,0.0633,0.362,0,0.0104,0.3517,0.9835,1,1,0.9835,49.9,479.19,299.08,0,1,2025-10-01 11:16:55,19.0,91.1,,0,0,,1
2025-10-01 11:17:40,362.71,3.9481,238.92,7.5522,22.6568,237.43,233.74,245.61,414.3,411.95,414.94,413.89,8.1263,6.6924,7.8381,1.3983,1.0239,1.5259,3.6788,1.3272,1.179,1.1726,5.4188,1.9294,1.5643,1.9251,0.7316,0.7253,0.6556,0.7929,49.9,479.23,299.1,1,1,2025-10-01 11:17:40,19.1,90.8,,1,0,,0
2025-10-01 11:18:25,362.76,4.0254,239.72,7.6472,22.9418,240.07,234.83,244.28,416.62,413.33,415.46,415.13,8.1394,7.0268,7.7756,1.4557,1.076,1.4936,3.7211,1.3012,1.2475,1.1723,5.5036,1.954,1.6501,1.8994,0.7343,0.7455,0.6531,0.7866,49.9,479.29,299.15,1,1,2025-10-01 11:18:25,19.0,83.9,,1,0,,0
2025-10-01 11:19:10,362.81,4.0733,239.39,7.6862,23.0586,240.24,233.53,244.41,415.07,413.41,415.22,414.54,8.2843,6.8791,7.8952,1.4714,1.0526,1.5493,3.6975,1.338,1.2101,1.1494,5.5264,1.9902,1.6065,1.9297,0.7404,0.7398,0.6563,0.8031,49.9,479.36,299.2,1,1,2025-10-01 11:19:10,18.9,79.6,,1,0,,0
2025-10-01 11:19:55,362.86,4.0999,238.16,7.693,23.079,239.6,231.36,243.53,413.63,409.65,413.98,412.42,8.4026,6.7649,7.9115,1.4913,1.0304,1.5782,3.6284,1.3501,1.1747,1.1036,5.5051,2.0133,1.5651,1.9267,0.7488,0.7411,0.6591,0.8208,49.9,479.43,299.24,1,1,2025-10-01 11:19:55,18.2,75.8,,1,0,,0
2025-10-01 11:20:40,362.91,4.1511,237.87,7.7488,23.2466,240.2,229.65,243.76,413.47,408.3,413.88,411.96,8.5971,6.6591,7.9904,1.5217,1.0028,1.6267,3.6153,1.3938,1.1515,1.07,5.542,2.065,1.5293,1.9477,0.7541,0.7374,0.6567,0.8354,49.9,479.5,299.29,1,1,2025-10-01 11:20:40,18.0,75.9,,1,0,,0
2025-10-01 11:21:25,362.96,4.1273,238.73,7.7205,23.1615,239.45,233.03,243.72,415.15,411.94,413.08,413.47,8.204,7.1601,7.7974,1.4956,1.1162,1.5155,3.6502,1.2717,1.2344,1.1441,5.5333,1.9644,1.6685,1.9004,0.749,0.7618,0.6701,0.7988,49.9,479.56,299.33,1,1,2025-10-01 11:21:25,17.5,74.1,,1,0,,0
2025-10-01 11:22:10,363.01,4.1245,238.28,7.6943,23.0829,239.48,231.54,243.82,414.29,410.84,412.63,412.58,8.157,7.0512,7.8747,1.4795,1.101,1.544,3.627,1.2848,1.2,1.1422,5.5061,1.9534,1.6326,1.92,0.7509,0.7558,0.6774,0.8029,49.9,479.63,299.37,1,1,2025-10-01 11:22:10,17.3,73.2,,1,0,,0
2025-10-01 11:22:55,363.06,4.1264,238.31,7.703,23.109,240.15,230.84,243.96,414.22,409.97,413.79,412.58,8.2681,7.0222,7.8187,1.4992,1.0734,1.5538,3.6239,1.3111,1.1988,1.114,5.514,1.9856,1.621,1.9075,0.7513,0.755,0.6682,0.8094,49.9,479.7,299.42,1,1,2025-10-01 11:22:55,16.7,71.9,,1,0,,0
2025-10-01 11:23:40,363.11,4.1408,238.19,7.7175,23.1525,239.87,231.27,243.43,414.23,409.46,413.66,412.56,8.2749,7.0022,7.8754,1.499,1.0864,1.5555,3.6164,1.2993,1.1978,1.1193,5.5214,1.9849,1.6194,1.9171,0.7531,0.7556,0.6718,0.8116,49.9,479.77,299.46,1,1,2025-10-01 11:23:40,16.6,71.9,,1,0,,0
2025-10-01 11:24:25,363.17,4.0552,237.75,7.6392,22.9176,239.94,229.89,243.44,413.15,406.82,415.19,411.7,8.5327,6.455,7.9299,1.4882,0.9547,1.6123,3.5985,1.4044,1.1336,1.0605,5.4617,2.0473,1.4839,1.9305,0.7479,0.7272,0.6441,0.8354,49.9,479.84,299.51,1,1,2025-10-01 11:24:25,16.5,70.6,,1,0,,0
2025-10-01 11:25:10,363.22,4.067,238.95,7.6418,22.9255,238.69,234.09,244.08,415.24,410.98,415.16,413.56,8.0507,7.1385,7.7363,1.4611,1.1192,1.4867,3.6472,1.2465,1.2376,1.1632,5.4809,1.9216,1.6711,1.8883,0.7444,0.7607,0.6707,0.7875,49.9,479.91,299.56,1,1,2025-10-01 11:25:10,16.4,68.7,,1,0,,0
2025-10-01 11:25:55,363.27,4.0479,238.59,7.6393,22.9179,240.33,232.09,243.36,414.43,410.91,414.18,413.32,8.3458,6.7795,7.7926,1.487,1.0168,1.5441,3.6417,1.344,1.1978,1.0999,5.4756,2.0057,1.5735,1.8964,0.7434,0.7418,0.6471,0.8144,49.9,479.98,299.6,1,1,2025-10-01 11:25:55,15.9,67.7,,1,0,,0
2025-10-01 11:26:40,363.32,4.008,239.23,7.5912,22.773600000000002,240.26,233.34,244.1,416.08,411.72,415,414.18,8.1272,7.0268,7.6196,1.4694,1.0638,1.4748,3.6607,1.2841,1.2446,1.1321,5.4522,1.9526,1.6396,1.8599,0.7383,0.7529,0.6497,0.7932,49.9,480.05,299.65,1,1,2025-10-01 11:26:40,15.8,68.7,,1,0,,0
2025-10-01 11:27:25,363.37,4.0413,239.52,7.6342,22.9026,240.82,232.67,245.07,416.58,413.79,413.77,414.72,8.1855,6.9615,7.7556,1.4667,1.0568,1.5177,3.6818,1.3149,1.2241,1.1428,5.4916,1.9712,1.6197,1.9007,0.7392,0.7446,0.6535,0.7988,49.9,480.12,299.69,1,1,2025-10-01 11:27:25,15.8,67.9,,1,0,,0
2025-10-01 11:28:10,363.42,4.2371,239.11,7.8458,23.5375,241.54,230.94,244.87,415.65,410.49,416.01,414.01,8.6585,6.8093,8.0697,1.5522,1.038,1.647,3.6686,1.3998,1.1784,1.0905,5.6399,2.0914,1.5725,1.976,0.756,0.7426,0.6609,0.8338,49.9,480.19,299.74,1,1,2025-10-01 11:28:10,15.7,66.9,,1,0,,0
2025-10-01 11:28:55,363.48,4.1773,239.07,7.7829,23.3487,242.24,230.58,244.41,415.19,409.24,417.62,413.95,8.6587,6.6968,7.9932,1.546,0.9983,1.633,3.6627,1.4159,1.1756,1.0711,5.5953,2.0975,1.5441,1.9536,0.7519,0.7374,0.6472,0.8361,49.9,480.26,299.79,1,1,2025-10-01 11:28:55,15.6,65.6,,1,0,,0
2025-10-01 11:29:40,363.53,4.1947,239.74,7.7867,23.3602,241.16,233.14,244.92,416.64,412.86,415.91,415.04,8.3407,7.1479,7.8716,1.5272,1.112,1.5555,3.6836,1.3074,1.2382,1.138,5.6058,2.0114,1.6665,1.9279,0.7514,0.7596,0.6681,0.807,50,480.33,299.83,1,1,2025-10-01 11:29:40,15.2,64.1,,1,0,,0
2025-10-01 11:30:25,363.58,0.352,240.07,0.5007,1.5023,243.32,231.52,245.39,416.94,411.89,418.38,415.8,0.0,0.044,1.4583,0.0,0.0,0.352,0.0592,0,0,0.0592,0.368,0,0.0102,0.3579,0.9861,1,1,0.9861,50,480.39,299.87,0,1,2025-10-01 11:30:25,15.1,63.3,,0,0,,1
2025-10-01 11:31:10,363.58,0.3478,240.91,0.4958,1.4875,242.45,235.2,245.1,419.1,414.7,417.8,417.22,0.0,0.0436,1.4439,0.0,0.0,0.3478,0.0599,0,0,0.0599,0.3642,0,0.0103,0.3539,0.9854,1,1,0.9854,50,480.4,299.87,0,1,2025-10-01 11:31:10,15.0,65,,0,0,,1
2025-10-01 11:31:55,363.59,0.3466,240.86,0.4937,1.4812999999999998,241.85,235.43,245.32,418.71,415.63,416.97,417.06,0.0,0.0428,1.4385,0.0,0.0,0.3466,0.0609,0,0,0.0609,0.363,0,0.0101,0.3529,0.9849,1,1,0.9849,49.9,480.4,299.88,0,1,2025-10-01 11:31:55,15.0,69.1,,0,0,,1
2025-10-01 11:32:40,363.59,0.3495,241.39,0.4948,1.4846000000000001,244.77,233.38,246.02,419.33,414.18,420.57,417.82,0.0,0.0436,1.441,0.0,0.0015,0.348,0.062,0,0,0.062,0.3647,0,0.0102,0.3545,0.9846,1,1,0.9845,49.9,480.41,299.88,0,1,2025-10-01 11:32:40,15.0,72.9,,0,0,,1
2025-10-01 11:33:25,363.59,0.349,241.63,0.4949,1.4847000000000001,243.52,235.46,245.92,420.55,416.72,417.96,418.3,0.0,0.044,1.4407,0.0,0.0011,0.3479,0.0617,0,0,0.0617,0.3647,0,0.0104,0.3543,0.9847,1,1,0.9846,50,480.41,299.88,0,1,2025-10-01 11:33:25,15.1,75.9,,0,0,,1
2025-10-01 11:34:10,363.6,0.349,240.83,0.4944,1.4834,245.29,230.95,246.25,418.87,412.78,419.37,417.05,0.0,0.044,1.4394,0.0,0.0012,0.3478,0.0625,0,0,0.0625,0.3646,0,0.0102,0.3545,0.9843,1,1,0.9842,50,480.42,299.88,0,1,2025-10-01 11:34:10,15.6,78,,0,0,,1
2025-10-01 11:34:55,363.6,0.3497,240.8,0.4943,1.4830999999999999,244.97,231.17,246.28,418.94,411.67,420.33,417.08,0.0,0.0432,1.4399,0.0,0.0017,0.348,0.0624,0,0,0.0624,0.3646,0,0.01,0.3546,0.9844,1,1,0.9842,49.9,480.42,299.88,0,1,2025-10-01 11:34:55,15.7,79.9,,0,0,,1
2025-10-01 11:35:40,363.61,0.345,241.53,0.4914,1.4744,243.77,234.89,245.95,421.41,416.64,416.51,418.07,0.0,0.0444,1.43,0.0,0.0,0.345,0.064,0,0.0011,0.063,0.3621,0,0.0104,0.3517,0.9832,1,1,0.9837,49.9,480.42,299.88,0,1,2025-10-01 11:35:40,15.9,82.5,,0,0,,1
2025-10-01 11:36:25,363.61,0.3462,240.78,0.492,1.476,245.35,231.23,245.78,418.57,411.89,420.45,416.93,0.0,0.0456,1.4304,0.0,0.0013,0.3449,0.0626,0,0,0.0626,0.3621,0,0.0105,0.3516,0.984,1,1,0.9839,50,480.43,299.88,0,1,2025-10-01 11:36:25,16.4,83.1,,0,0,,1
2025-10-01 11:37:10,363.62,0.3463,240.98,0.4917,1.4752,244.41,233.11,245.44,419.29,413.35,419.29,417.14,0.0,0.044,1.4312,0.0,0.0015,0.3448,0.0616,0,0,0.0616,0.3615,0,0.0103,0.3513,0.9845,1,1,0.9844,49.9,480.43,299.88,0,1,2025-10-01 11:37:10,16.5,83.7,,0,0,,1
2025-10-01 11:37:55,363.62,0.3461,241.09,0.4914,1.4743,244.53,233.09,245.66,419.24,415.26,417.9,417.51,0.0,0.0432,1.4311,0.0,0.0011,0.3451,0.0618,0,0,0.0618,0.3616,0,0.0101,0.3516,0.9844,1,1,0.9843,49.9,480.44,299.88,0,1,2025-10-01 11:37:55,16.6,84.4,,0,0,,1
2025-10-01 11:38:40,363.62,0.3435,240.62,0.4915,1.4746000000000001,243.94,233.05,244.87,418.31,412.89,418.88,416.94,0.0,0.0456,1.429,0.0,0.0,0.3435,0.0612,0,0,0.0612,0.3605,0,0.0106,0.3499,0.9845,1,1,0.9845,49.9,480.44,299.88,0,1,2025-10-01 11:38:40,16.7,85,,0,0,,1
2025-10-01 11:39:25,363.63,0.3448,241.11,0.4908,1.4726,243.93,234.69,244.72,419.56,415.13,417.92,417.54,0.0,0.0432,1.4294,0.0,0.0013,0.3435,0.0607,0,0,0.0607,0.3599,0,0.0101,0.3498,0.9848,1,1,0.9847,49.9,480.45,299.88,0,1,2025-10-01 11:39:25,17.1,85.7,,0,0,,1
2025-10-01 11:40:10,363.63,0.3443,240.65,0.4904,1.4714,244.23,232.93,244.81,418.57,413.13,418.54,416.83,0.0,0.044,1.4274,0.0,0.0012,0.343,0.061,0,0,0.061,0.3597,0,0.0102,0.3494,0.9846,1,1,0.9845,49.9,480.45,299.88,0,1,2025-10-01 11:40:10,17.2,86.2,,0,0,,1
2025-10-01 11:40:55,363.64,0.3457,240.85,0.4917,1.4751,244.61,232.85,245.09,418.84,413.9,418.47,417.19,0.0,0.044,1.4311,0.0,0.0013,0.3444,0.0608,0,0,0.0608,0.361,0,0.0102,0.3507,0.9848,1,1,0.9847,49.9,480.46,299.88,0,1,2025-10-01 11:40:55,17.3,86.7,,0,0,,1
2025-10-01 11:41:40,363.64,0.3456,240.6,0.4909,1.4728999999999999,244.79,231.64,245.38,419.11,412.37,418.36,416.78,0.0,0.0448,1.4281,0.0,0.0018,0.3438,0.062,0,0,0.062,0.3608,0,0.0104,0.3504,0.9842,1,1,0.9841,49.9,480.46,299.89,0,1,2025-10-01 11:41:40,17.4,87,,0,0,,1
2025-10-01 11:42:25,363.65,0.3445,240.55,0.4903,1.4709,245.01,231.4,245.26,418.36,412.69,418.61,416.51,0.0,0.0444,1.4265,0.0,0.0012,0.3433,0.0619,0,0,0.0619,0.3601,0,0.0103,0.3499,0.9842,1,1,0.9841,49.9,480.47,299.89,0,1,2025-10-01 11:42:25,17.4,87.4,,0,0,,1
2025-10-01 11:43:10,363.65,0.3455,240.82,0.4911,1.4734,244.32,232.47,245.69,418.77,414.54,417.68,416.96,0.0,0.0456,1.4278,0.0,0.0015,0.344,0.0629,0,0,0.0629,0.3614,0,0.0106,0.3508,0.9838,1,1,0.9836,49.9,480.47,299.89,0,1,2025-10-01 11:43:10,17.5,87.6,,0,0,,1
2025-10-01 11:43:55,363.65,0.3428,239.78,0.4902,1.4706,244.39,229.94,245.02,416.65,410.54,418.47,415.37,0.0,0.0448,1.4258,0.0,0.0,0.3428,0.0617,0,0,0.0617,0.3597,0,0.0103,0.3493,0.9841,1,1,0.9841,49.9,480.47,299.89,0,1,2025-10-01 11:43:55,17.9,88,,0,0,,1
2025-10-01 11:44:40,363.66,0.343,240.27,0.4899,1.4699,242.58,233.24,245,417.62,414.87,415.65,416.1,0.0,0.0432,1.4267,0.0,0.0,0.343,0.0619,0,0,0.0619,0.3596,0,0.0101,0.3495,0.9841,1,1,0.9841,49.9,480.48,299.89,0,1,2025-10-01 11:44:40,18.0,88.2,,0,0,,1
2025-10-01 11:45:25,363.66,0.3445,240.45,0.4909,1.4729,243.21,233.17,244.99,418.03,413.58,417.57,416.31,0.0,0.0456,1.4273,0.0,0.0013,0.3433,0.0614,0,0,0.0614,0.3603,0,0.0106,0.3497,0.9844,1,1,0.9843,49.9,480.48,299.89,0,1,2025-10-01 11:45:25,18.1,88.5,,0,0,,1
2025-10-01 11:46:10,363.67,0.3433,239.95,0.4897,1.4691999999999998,242.84,232.59,244.43,417.02,411.85,417.74,415.42,0.0,0.0452,1.424,0.0,0.0015,0.3418,0.0606,0,0,0.0606,0.3586,0,0.0105,0.3481,0.9847,1,1,0.9846,49.9,480.49,299.89,0,1,2025-10-01 11:46:10,18.1,88.8,,0,0,,1
2025-10-01 11:46:55,363.67,0.3427,240.22,0.4894,1.4682,243.29,232.95,244.43,417.73,412.72,417.53,415.82,0.0,0.0448,1.4234,0.0,0.0011,0.3417,0.0605,0,0,0.0605,0.3584,0,0.0104,0.3479,0.9847,1,1,0.9846,49.9,480.49,299.89,0,1,2025-10-01 11:46:55,18.2,88.8,,0,0,,1
2025-10-01 11:47:40,363.68,0.3436,239.93,0.49,1.4700000000000002,243.57,231.82,244.4,416.97,412.98,416.45,415.3,0.0,0.0456,1.4244,0.0,0.0016,0.342,0.0598,0,0,0.0598,0.3587,0,0.0106,0.3481,0.9851,1,1,0.985,49.9,480.5,299.89,0,1,2025-10-01 11:47:40,18.2,89.5,,0,0,,1
2025-10-01 11:48:25,363.68,0.3426,239.72,0.4888,1.4665000000000001,243.44,231.21,244.53,416.66,412.21,416.45,414.84,0.0,0.044,1.4225,0.0,0.001,0.3415,0.0604,0,0,0.0604,0.358,0,0.0102,0.3478,0.9848,1,1,0.9847,49.9,480.5,299.89,0,1,2025-10-01 11:48:25,18.3,89.6,,0,0,,1
2025-10-01 11:49:10,363.68,0.3447,240.21,0.4898,1.4694,243.97,231.5,245.16,417.61,412.18,418.08,416.06,0.0,0.0444,1.425,0.0,0.0016,0.3431,0.0608,0,0,0.0608,0.3596,0,0.0103,0.3494,0.9848,1,1,0.9846,49.9,480.51,299.89,0,1,2025-10-01 11:49:10,18.7,89.6,,0,0,,1
2025-10-01 11:49:55,363.69,0.3441,240.33,0.4895,1.4685000000000001,243.64,232.17,245.19,418.38,412.78,417.28,416.3,0.0,0.0436,1.4249,0.0,0.0011,0.343,0.061,0,0,0.061,0.3595,0,0.0101,0.3494,0.9846,1,1,0.9845,49.9,480.51,299.89,0,1,2025-10-01 11:49:55,18.8,89.6,,0,0,,1
2025-10-01 11:50:40,363.69,0.3433,240.03,0.4901,1.4705000000000001,243.42,231.71,244.98,418.18,411.18,417.55,415.59,0.0,0.0436,1.4269,0.0,0.0,0.3433,0.0608,0,0,0.0608,0.3597,0,0.0101,0.3496,0.9846,1,1,0.9846,49.9,480.51,299.89,0,1,2025-10-01 11:50:40,18.8,89.6,,0,0,,1
2025-10-01 11:51:25,363.7,0.3443,240.08,0.4894,1.4683,243.83,231.42,245.01,417.5,411.89,417.83,415.87,0.0,0.0432,1.4251,0.0,0.0014,0.3429,0.0602,0,0,0.0602,0.3592,0,0.01,0.3492,0.985,1,1,0.9849,50,480.52,299.9,0,1,2025-10-01 11:51:25,18.8,89.8,,0,0,,1
2025-10-01 11:52:10,363.7,0.3403,239.39,0.4874,1.4623,241.55,232.34,244.3,416.57,411.34,415.72,414.54,0.0,0.044,1.4183,0.0,0.0,0.3403,0.0601,0,0,0.0601,0.3567,0,0.0102,0.3465,0.9847,1,1,0.9847,49.9,480.52,299.9,0,1,2025-10-01 11:52:10,18.9,90,,0,0,,1
2025-10-01 11:52:55,363.71,0.3403,238.73,0.4877,1.4632,242.19,230.1,243.9,415.04,408.63,416.54,413.38,0.0,0.0436,1.4196,0.0,0.0,0.3403,0.0587,0,0,0.0587,0.3563,0,0.01,0.3462,0.9854,1,1,0.9854,50,480.53,299.9,0,1,2025-10-01 11:52:55,18.9,90.1,,0,0,,1
2025-10-01 11:53:40,363.71,0.3399,239.48,0.4873,1.462,242.16,232.3,244,416.37,411.07,416.73,414.71,0.0,0.044,1.418,0.0,0.0,0.3399,0.0593,0,0,0.0593,0.3562,0,0.0102,0.346,0.9851,1,1,0.9851,50,480.53,299.9,0,1,2025-10-01 11:53:40,19.0,90.2,,0,0,,1
2025-10-01 11:54:25,363.71,0.3414,239.08,0.4875,1.4627,242.43,230.79,244.04,415.77,409.85,416.43,414.28,0.0,0.0432,1.4195,0.0,0.001,0.3404,0.0591,0,0,0.0591,0.3564,0,0.01,0.3464,0.9853,1,1,0.9852,50,480.54,299.9,0,1,2025-10-01 11:54:25,19.0,90.3,,0,0,,1
2025-10-01 11:55:10,363.74,4.1052,238.78,7.6881,23.0645,240.59,232.1,243.66,415.09,411.59,413.75,413.45,8.3073,7.033,7.7242,1.5121,1.0724,1.5207,3.6418,1.3055,1.2282,1.1082,5.5131,1.9987,1.6324,1.8821,0.748,0.7569,0.6577,0.8081,50,480.58,299.93,1,1,2025-10-01 11:55:10,19.0,90.1,,1,0,,0
2025-10-01 11:55:55,363.8,4.3082,238.54,7.8991,23.697400000000002,240.12,232.53,242.98,415.47,410.68,413.02,413.33,8.4786,7.3522,7.8666,1.5871,1.1633,1.5577,3.63,1.2734,1.2499,1.1067,5.6569,2.0359,1.7096,1.9114,0.7647,0.7799,0.6812,0.8152,50,480.65,299.97,1,1,2025-10-01 11:55:55,19.0,82.7,,1,0,,0
2025-10-01 11:56:40,363.85,4.2494,238.22,7.8297,23.4893,239.91,231.19,243.57,414.12,410.2,413.19,412.2,8.468,7.1302,7.8911,1.557,1.1151,1.5773,3.6109,1.3031,1.2108,1.0971,5.602,2.0316,1.6484,1.922,0.762,0.7668,0.6774,0.8209,50,480.72,300.02,1,1,2025-10-01 11:56:40,18.8,79.2,,1,0,,0
2025-10-01 11:57:25,363.9,4.1714,238.4,7.7484,23.2452,240.12,231.41,243.69,414.63,410.28,413.53,412.86,8.4178,6.9742,7.8532,1.5287,1.0747,1.5679,3.6187,1.3209,1.2014,1.0964,5.5489,2.0213,1.6139,1.9137,0.7553,0.7566,0.6667,0.8195,50,480.79,300.06,1,1,2025-10-01 11:57:25,18.3,78.1,,1,0,,0
2025-10-01 11:58:10,363.96,4.2505,238.64,7.8339,23.5018,239.22,231.99,244.73,415.13,411.74,412.72,413.28,8.3461,7.2637,7.892,1.5357,1.1532,1.5616,3.6357,1.2744,1.2257,1.1357,5.6131,1.9966,1.6851,1.9314,0.7599,0.7695,0.6852,0.8087,50,480.86,300.11,1,1,2025-10-01 11:58:10,18.1,75,,1,0,,0
2025-10-01 11:58:55,364.01,4.2572,237.98,7.8551,23.5655,240.26,228.68,245,412.84,407.15,416.28,412.04,8.8095,6.5936,8.1624,1.5564,1.0019,1.6989,3.6103,1.4328,1.124,1.0535,5.6242,2.1166,1.5078,1.9998,0.7626,0.7357,0.6654,0.8498,49.9,480.93,300.15,1,1,2025-10-01 11:58:55,17.5,73.5,,1,0,,0
2025-10-01 11:59:40,364.07,4.2244,238.82,7.815,23.4452,239.82,231.74,244.92,415.16,411.04,414.4,413.48,8.4764,7.0288,7.94,1.5362,1.0948,1.5934,3.6456,1.3294,1.2028,1.1134,5.6063,2.0328,1.6289,1.9447,0.757,0.7561,0.6731,0.8197,49.9,481,300.2,1,1,2025-10-01 11:59:40,17.3,71.8,,1,0,,0
2025-10-01 12:00:25,364.12,4.2149,239.13,7.8043,23.4129,239.54,232.67,245.2,415.45,412.92,413.83,414.07,8.372,7.096,7.9449,1.5189,1.118,1.578,3.6599,1.3076,1.2115,1.1409,5.6045,2.0054,1.651,1.9481,0.755,0.7578,0.6781,0.8103,49.9,481.07,300.25,1,1,2025-10-01 12:00:25,16.7,70.6,,1,0,,0
2025-10-01 12:01:10,364.17,4.2632,239.3,7.8607,23.5822,240.22,231.76,245.93,415.03,411.75,416.36,414.45,8.5621,6.8919,8.1282,1.5324,1.0799,1.6509,3.6696,1.3701,1.1737,1.1257,5.653,2.0568,1.5973,1.999,0.7579,0.7454,0.677,0.8262,50,481.14,300.29,1,1,2025-10-01 12:01:10,16.6,72.1,,1,0,,0
2025-10-01 12:01:55,364.22,4.1929,240.01,7.7834,23.3503,239.95,234.24,245.86,417.66,414.41,414.65,415.58,8.2311,7.2781,7.8411,1.5096,1.1523,1.531,3.6961,1.272,1.2533,1.1708,5.6077,1.9751,1.7048,1.9278,0.7501,0.7647,0.6768,0.7943,50,481.21,300.34,1,1,2025-10-01 12:01:55,16.5,70.8,,1,0,,0
2025-10-01 12:02:40,364.28,4.133,239.73,7.722,23.1661,240.14,233.06,246,416.74,412.77,415.78,415.21,8.3059,6.9898,7.8704,1.4909,1.0823,1.5598,3.6834,1.3232,1.2143,1.1458,5.5597,1.9946,1.629,1.9361,0.7465,0.7479,0.6653,0.8059,50,481.28,300.38,1,1,2025-10-01 12:02:40,16.4,69.4,,1,0,,0
2025-10-01 12:03:25,364.33,4.1427,240.13,7.7387,23.2162,240.56,233.05,246.79,417.05,413.39,416.95,415.85,8.2831,7.0854,7.8477,1.4934,1.0977,1.5516,3.7062,1.3175,1.2306,1.1582,5.5806,1.9926,1.6513,1.9367,0.7452,0.7499,0.6656,0.8013,50,481.35,300.43,1,1,2025-10-01 12:03:25,15.9,68.4,,1,0,,0
2025-10-01 12:04:10,364.38,4.1695,239.48,7.7704,23.3113,240.82,231.41,246.21,416.37,411.09,416.48,414.38,8.5147,6.8652,7.9314,1.5196,1.0448,1.6051,3.6804,1.3752,1.194,1.1112,5.592,2.0505,1.5887,1.9528,0.7497,0.7414,0.6585,0.8221,50,481.42,300.48,1,1,2025-10-01 12:04:10,15.9,67.5,,1,0,,0
2025-10-01 12:04:55,364.43,4.2682,239.81,7.8696,23.608900000000002,240.06,233.04,246.35,415.95,412.42,417.45,413.68,8.483,7.0637,8.0622,1.5327,1.1165,1.6191,3.6943,1.3389,1.2063,1.1491,5.6687,2.0364,1.6461,1.9861,0.7561,0.7531,0.6792,0.8154,49.9,481.49,300.52,1,1,2025-10-01 12:04:55,15.8,66.8,,1,0,,0
2025-10-01 12:05:40,364.48,4.2702,239.87,7.8572,23.571800000000003,238.78,234.88,245.97,416.66,413.54,415.91,415.18,8.1696,7.4243,7.9779,1.5075,1.2136,1.5491,3.6894,1.2366,1.2489,1.2039,5.6569,1.9507,1.7438,1.9623,0.7566,0.7731,0.6968,0.7895,49.9,481.56,300.57,1,1,2025-10-01 12:05:40,15.7,66.5,,1,0,,0
2025-10-01 12:06:25,364.54,4.2451,239.74,7.833,23.499,239.85,233.63,245.75,416.2,413.58,415.64,415.1,8.2999,7.2504,7.9487,1.5213,1.1566,1.5672,3.6815,1.2824,1.2341,1.165,5.638,1.9907,1.6939,1.9534,0.7554,0.7645,0.6838,0.8025,49.9,481.63,300.61,1,1,2025-10-01 12:06:25,15.6,65.7,,1,0,,0
2025-10-01 12:07:10,364.59,4.1937,239.95,7.7815,23.3446,240.46,233.16,246.25,417.03,412.01,417.46,415.5,8.2884,7.14,7.9162,1.506,1.1225,1.5652,3.691,1.3037,1.2263,1.1609,5.6072,1.993,1.6648,1.9494,0.7506,0.756,0.6751,0.8031,50,481.7,300.66,1,1,2025-10-01 12:07:10,15.2,65.3,,1,0,,0
2025-10-01 12:07:55,364.64,4.2081,240.14,7.7969,23.3909,240.03,234.94,245.47,418.12,414.16,415.17,415.74,8.17,7.3686,7.8523,1.5103,1.178,1.5198,3.698,1.2488,1.265,1.1841,5.6197,1.961,1.7312,1.9275,0.7511,0.7706,0.6814,0.7888,50,481.77,300.7,1,1,2025-10-01 12:07:55,15.1,64.7,,1,0,,0
2025-10-01 12:08:40,364.67,0.3531,241.68,0.4988,1.4964,243.58,234.95,246.52,420.48,415.57,419.48,417.27,0.0,0.0432,1.4532,0.0,0.0011,0.352,0.0609,0,0,0.0609,0.3684,0,0.0101,0.3582,0.9854,1,1,0.9853,50,481.81,300.72,0,1,2025-10-01 12:08:40,15.1,64.3,,0,0,,1
2025-10-01 12:09:25,364.67,0.352,240.97,0.4975,1.4926000000000001,242.92,233.01,246.99,418.11,414.59,419.13,417.56,0.0,0.0456,1.447,0.0,0.0012,0.3508,0.0628,0,0,0.0628,0.368,0,0.0106,0.3574,0.9844,1,1,0.9843,49.9,481.81,300.73,0,1,2025-10-01 12:09:25,15.0,67,,0,0,,1
2025-10-01 12:10:10,364.68,0.3518,241.59,0.4964,1.4893,243.14,234.66,246.98,420.26,416.2,418.52,418.38,0.0,0.044,1.4453,0.0,0.0014,0.3504,0.0625,0,0,0.0625,0.3673,0,0.0103,0.357,0.9845,1,1,0.9844,50,481.82,300.73,0,1,2025-10-01 12:10:10,15.0,70.8,,0,0,,1
2025-10-01 12:10:55,364.68,0.3515,241.39,0.4951,1.4853999999999998,243.45,233.43,247.29,420.55,414.54,418.73,417.8,0.0,0.0432,1.4422,0.0,0.0017,0.3498,0.0637,0,0,0.0637,0.3667,0,0.0101,0.3566,0.9839,1,1,0.9838,50,481.82,300.73,0,1,2025-10-01 12:10:55,15.1,73.9,,0,0,,1
2025-10-01 12:11:40,364.69,0.3512,241.16,0.4953,1.4861,243.41,232.79,247.3,418.98,414.19,419.62,417.57,0.0,0.0444,1.4417,0.0,0.0015,0.3497,0.0638,0,0,0.0638,0.3669,0,0.0103,0.3565,0.9838,1,1,0.9837,50,481.82,300.73,0,1,2025-10-01 12:11:40,15.6,76.7,,0,0,,1
2025-10-01 12:12:25,364.69,0.3526,241.6,0.4964,1.4894,242.98,234.19,247.65,419.9,416.32,418.79,418.49,0.0,0.0436,1.4458,0.0,0.0014,0.3512,0.0637,0,0,0.0637,0.3683,0,0.0102,0.3581,0.984,1,1,0.9839,50,481.83,300.73,0,1,2025-10-01 12:12:25,15.7,78.7,,0,0,,1
2025-10-01 12:13:10,364.7,0.3498,241.12,0.4947,1.4842,242.96,232.9,247.5,419.01,414.76,418.71,417.45,0.0,0.0428,1.4414,0.0,0.0,0.3498,0.0644,0,0,0.0644,0.3667,0,0.01,0.3567,0.9834,1,1,0.9834,49.9,481.83,300.73,0,1,2025-10-01 12:13:10,15.8,80.9,,0,0,,1
2025-10-01 12:13:55,364.7,0.3509,241.48,0.4943,1.4828999999999999,242.44,234.52,247.5,420.11,415.08,419.22,417.97,0.0,0.0428,1.4401,0.0,0.0015,0.3494,0.0643,0,0,0.0643,0.3665,0,0.01,0.3564,0.9836,1,1,0.9834,50,481.84,300.73,0,1,2025-10-01 12:13:55,15.9,82.2,,0,0,,1
2025-10-01 12:14:40,364.7,0.3519,240.8,0.4954,1.4863,242.8,231.84,247.76,418.47,412.75,419.59,416.84,0.0,0.0444,1.4419,0.0,0.0017,0.3502,0.0646,0,0,0.0646,0.3675,0,0.0103,0.3572,0.9835,1,1,0.9833,50,481.84,300.73,0,1,2025-10-01 12:14:40,16.4,83.3,,0,0,,1
2025-10-01 12:15:25,364.71,0.3491,240.7,0.4931,1.4795,241.79,233.38,246.95,418.73,414.51,417.06,416.9,0.0,0.044,1.4355,0.0,0.0016,0.3475,0.0643,0,0,0.0643,0.3648,0,0.0103,0.3545,0.9834,1,1,0.9832,49.9,481.85,300.73,0,1,2025-10-01 12:15:25,16.5,83.9,,0,0,,1
2025-10-01 12:16:10,364.71,0.3499,241.23,0.4935,1.4807,242.42,234.01,247.27,419.53,414.96,418.59,417.86,0.0,0.0444,1.4363,0.0,0.0017,0.3482,0.0638,0,0,0.0638,0.3655,0,0.0104,0.3552,0.9837,1,1,0.9836,50,481.85,300.73,0,1,2025-10-01 12:16:10,16.6,84.5,,0,0,,1
2025-10-01 12:16:55,364.72,0.3493,241.61,0.493,1.479,241.98,235.53,247.33,420.31,417.71,417,418.25,0.0,0.0436,1.4354,0.0,0.0011,0.3481,0.0638,0,0,0.0638,0.3653,0,0.0103,0.355,0.9837,1,1,0.9836,50,481.86,300.73,0,1,2025-10-01 12:16:55,16.7,85.1,,0,0,,1
2025-10-01 12:17:40,364.72,0.3475,240.69,0.4934,1.4804,242.1,233.4,246.57,418.52,413.19,418.6,416.78,0.0,0.044,1.4364,0.0,0.0,0.3475,0.0629,0,0,0.0629,0.3644,0,0.0103,0.3542,0.984,1,1,0.984,50,481.86,300.73,0,1,2025-10-01 12:17:40,17.2,85.6,,0,0,,1
2025-10-01 12:18:25,364.73,0.3485,241.32,0.4924,1.4772,242.84,233.88,247.24,420.07,414.43,419.02,417.54,0.0,0.044,1.4332,0.0,0.0012,0.3473,0.0642,0,0,0.0642,0.3646,0,0.0103,0.3543,0.9834,1,1,0.9833,50,481.87,300.73,0,1,2025-10-01 12:18:25,17.2,86,,0,0,,1
2025-10-01 12:19:10,364.73,0.3491,241.03,0.493,1.4792,242.94,232.95,247.22,419.18,414.22,418.65,417.17,0.0,0.0444,1.4348,0.0,0.0013,0.3477,0.0641,0,0,0.0641,0.3651,0,0.0103,0.3547,0.9835,1,1,0.9834,50,481.87,300.74,0,1,2025-10-01 12:19:10,17.3,86.9,,0,0,,1
2025-10-01 12:19:55,364.73,0.348,240.55,0.4927,1.4782000000000002,241.75,232.52,247.39,417.77,411.99,419.83,416.36,0.0,0.0436,1.4346,0.0,0.0,0.348,0.0639,0,0,0.0639,0.365,0,0.0101,0.3549,0.9835,1,1,0.9835,50,481.88,300.74,0,1,2025-10-01 12:19:55,17.4,87.7,,0,0,,1
2025-10-01 12:20:40,364.74,0.35,241.06,0.4935,1.4805,241.3,234.27,247.61,418.43,417.35,416.34,417.46,0.0,0.0444,1.4361,0.0,0.0014,0.3486,0.0641,0,0,0.0641,0.366,0,0.0104,0.3556,0.9836,1,1,0.9835,50,481.88,300.74,0,1,2025-10-01 12:20:40,17.4,87.6,,0,0,,1
2025-10-01 12:21:25,364.74,0.3492,240.9,0.4927,1.4783,242.73,232.77,247.21,419,414.81,417.47,417.09,0.0,0.0444,1.4339,0.0,0.0015,0.3477,0.0632,0,0,0.0632,0.3648,0,0.0103,0.3545,0.984,1,1,0.9838,50,481.88,300.74,0,1,2025-10-01 12:21:25,17.5,87.7,,0,0,,1
2025-10-01 12:22:10,364.75,0.348,241.04,0.493,1.479,242.18,233.79,247.16,419.32,414.83,417.92,417.45,0.0,0.0436,1.4354,0.0,0.0,0.348,0.0632,0,0,0.0632,0.365,0,0.0102,0.3548,0.9839,1,1,0.9839,50,481.89,300.74,0,1,2025-10-01 12:22:10,18.0,88,,0,0,,1
2025-10-01 12:22:55,364.75,0.3487,240.81,0.4924,1.4774,241.96,233.52,246.96,418.13,414.54,418.28,416.98,0.0,0.044,1.4334,0.0,0.0014,0.3473,0.0625,0,0,0.0625,0.3643,0,0.0103,0.354,0.9843,1,1,0.9842,50,481.89,300.74,0,1,2025-10-01 12:22:55,18.0,88.2,,0,0,,1
2025-10-01 12:23:40,364.76,0.3481,240.84,0.4912,1.4737,242.29,233.28,246.96,418.64,413.28,419.2,417.51,0.0,0.0436,1.4301,0.0,0.0017,0.3464,0.063,0,0,0.063,0.3633,0,0.0102,0.3532,0.984,1,1,0.9838,50,481.9,300.74,0,1,2025-10-01 12:23:40,18.1,88.4,,0,0,,1
2025-10-01 12:24:25,364.76,0.3482,241.02,0.4917,1.4750999999999999,241.85,234.15,247.07,418.98,416.3,416.67,417.19,0.0,0.0432,1.4319,0.0,0.0012,0.347,0.0631,0,0,0.0631,0.3639,0,0.0101,0.3538,0.9839,1,1,0.9838,50,481.9,300.74,0,1,2025-10-01 12:24:25,18.1,88.6,,0,0,,1
2025-10-01 12:25:10,364.76,0.3498,240.96,0.4924,1.4773,242.69,232.57,247.63,418.45,414.89,418.31,417.26,0.0,0.0428,1.4345,0.0,0.0015,0.3483,0.0638,0,0,0.0638,0.3652,0,0.01,0.3552,0.9837,1,1,0.9836,50,481.91,300.74,0,1,2025-10-01 12:25:10,18.2,88.9,,0,0,,1
2025-10-01 12:25:55,364.77,0.3507,241.43,0.4931,1.4792999999999998,242.42,233.72,248.15,419.59,416.57,417.85,418.01,0.0,0.0432,1.4361,0.0,0.0014,0.3493,0.0644,0,0,0.0644,0.3665,0,0.0101,0.3564,0.9835,1,1,0.9834,50,481.91,300.74,0,1,2025-10-01 12:25:55,18.2,89.1,,0,0,,1
2025-10-01 12:26:40,364.77,0.3506,241.46,0.4933,1.4801000000000002,242.94,233.31,248.14,419.52,416.15,418.54,418.2,0.0,0.0436,1.4365,0.0,0.0011,0.3495,0.0649,0,0.001,0.0638,0.3666,0,0.0102,0.3565,0.9833,1,1,0.9837,50,481.92,300.74,0,1,2025-10-01 12:26:40,18.3,89.3,,0,0,,1
2025-10-01 12:27:25,364.78,0.3511,240.8,0.4933,1.4801,243.75,230.26,248.41,417.82,412.39,420.64,416.76,0.0,0.0432,1.4369,0.0,0.0012,0.3499,0.0643,0,0,0.0643,0.3669,0,0.0099,0.3569,0.9836,1,1,0.9835,50,481.92,300.74,0,1,2025-10-01 12:27:25,18.7,89.3,,0,0,,1
2025-10-01 12:28:10,364.78,0.351,241.83,0.4928,1.4784,241.08,236.22,248.19,420.06,419.38,416.69,418.7,0.0,0.0428,1.4356,0.0,0.0015,0.3496,0.0638,0,0,0.0638,0.3664,0,0.0101,0.3563,0.9839,1,1,0.9838,50,481.93,300.75,0,1,2025-10-01 12:28:10,18.8,89.5,,0,0,,1
2025-10-01 12:28:55,364.79,0.3507,241.12,0.4929,1.4789,243.15,231.79,248.44,418.77,414.24,419.46,417.63,0.0,0.0436,1.4353,0.0,0.0011,0.3496,0.0643,0,0,0.0643,0.3667,0,0.0101,0.3566,0.9836,1,1,0.9835,50,481.93,300.75,0,1,2025-10-01 12:28:55,18.8,89.6,,0,0,,1
2025-10-01 12:29:40,364.79,0.3486,240.1,0.4908,1.4726,240.82,231.79,247.7,416.67,414.04,416.4,415.65,0.0,0.0432,1.4294,0.0,0.0012,0.3474,0.064,0,0,0.064,0.3641,0,0.01,0.3541,0.9835,1,1,0.9834,50,481.93,300.75,0,1,2025-10-01 12:29:40,18.8,89.7,,0,0,,1
2025-10-01 12:30:25,364.8,0.3482,240.47,0.4924,1.4772,241.22,232.38,247.83,417.55,414.69,416.82,416.29,0.0,0.044,1.4332,0.0,0.0,0.3482,0.064,0,0,0.064,0.3654,0,0.0102,0.3552,0.9834,1,1,0.9835,50,481.94,300.75,0,1,2025-10-01 12:30:25,18.9,89.7,,0,0,,1
2025-10-01 12:31:10,364.8,0.3507,240.67,0.4934,1.4804,241.22,232.45,248.35,418.3,415.42,416.24,416.57,0.0,0.0432,1.4372,0.0,0.0014,0.3493,0.0641,0,0,0.0641,0.367,0,0.01,0.3569,0.9836,1,1,0.9839,50,481.94,300.75,0,1,2025-10-01 12:31:10,18.9,89.8,,0,0,,1
2025-10-01 12:31:55,364.8,0.3508,240.32,0.4933,1.4799,241.74,230.95,248.27,417.09,413.04,418.11,415.94,0.0,0.0448,1.4351,0.0,0.0015,0.3493,0.0641,0,0,0.0641,0.3666,0,0.0103,0.3563,0.9836,1,1,0.9835,50,481.95,300.75,0,1,2025-10-01 12:31:55,19.0,89.9,,0,0,,1
2025-10-01 12:32:40,364.81,0.3506,240.77,0.4932,1.4797,241.72,232.18,248.42,417.98,414.34,418.29,416.72,0.0,0.0444,1.4353,0.0,0.0011,0.3495,0.0642,0,0,0.0642,0.3669,0,0.0103,0.3566,0.9836,1,1,0.9835,50,481.95,300.75,0,1,2025-10-01 12:32:40,19.0,89.9,,0,0,,1
2025-10-01 12:33:25,364.84,4.0803,239.24,7.6824,23.0473,241.09,229.15,247.48,414.96,411.03,416.63,414.03,8.5566,6.4845,8.0062,1.4721,0.9599,1.6483,3.6728,1.4434,1.1312,1.0982,5.5302,2.0629,1.4859,1.9814,0.7432,0.714,0.647,0.8321,50,481.99,300.78,1,1,2025-10-01 12:33:25,19.0,89.2,,1,0,,0
2025-10-01 12:34:10,364.89,4.2912,239.7,7.8843,23.653,239.71,231.98,247.41,415.94,414.58,414.44,415.14,8.3031,7.3073,8.0426,1.5155,1.178,1.5977,3.6897,1.2887,1.2157,1.1852,5.6753,1.9903,1.6951,1.9898,0.7582,0.7618,0.6958,0.8031,50,482.06,300.82,1,1,2025-10-01 12:34:10,18.9,81.7,,1,0,,0
2025-10-01 12:34:55,364.94,4.2722,239.97,7.8741,23.6224,240.24,232.4,247.29,417.66,414.6,414.02,415.44,8.4095,7.1921,8.0208,1.5261,1.1416,1.6046,3.7039,1.3219,1.2173,1.1647,5.6752,2.0203,1.6714,1.9835,0.7555,0.7558,0.684,0.8092,50,482.14,300.87,1,1,2025-10-01 12:34:55,18.8,79,,1,0,,0
2025-10-01 12:35:40,365,4.2815,239.79,7.883,23.649,240.53,231.57,247.29,416.31,412.08,417.19,415.12,8.5292,7.0137,8.1061,1.5317,1.1042,1.6456,3.6949,1.3633,1.188,1.1435,5.6802,2.0515,1.6242,2.0046,0.757,0.7469,0.6807,0.8211,50,482.21,300.91,1,1,2025-10-01 12:35:40,18.2,75.8,,1,0,,0
2025-10-01 12:36:25,365.05,4.2538,239.08,7.8462,23.5388,240.13,230.37,246.76,415.07,411.77,414.98,414.33,8.5612,6.8477,8.1299,1.5222,1.0693,1.6622,3.6582,1.3799,1.1565,1.1218,5.6394,2.0558,1.5775,2.0061,0.7581,0.7408,0.6788,0.8288,50,482.28,300.96,1,1,2025-10-01 12:36:25,18.0,74.5,,1,0,,0
2025-10-01 12:37:10,365.1,4.2863,239.49,7.872,23.6162,239.85,231.71,246.93,415.47,413.66,414.85,414.68,8.3689,7.1284,8.1189,1.5133,1.1444,1.6286,3.6723,1.3169,1.1876,1.1678,5.6638,2.0073,1.6517,2.0048,0.7594,0.7543,0.6938,0.8126,50,482.35,301.01,1,1,2025-10-01 12:37:10,17.4,72.6,,1,0,,0
2025-10-01 12:37:55,365.16,4.3539,239.63,7.9478,23.8435,240.86,230.64,247.39,416.03,412.61,415.97,414.73,8.5814,7.1029,8.1592,1.5577,1.128,1.6682,3.6762,1.3567,1.1845,1.135,5.7236,2.0669,1.6382,2.0185,0.764,0.754,0.6896,0.8267,50,482.42,301.05,1,1,2025-10-01 12:37:55,17.3,71.8,,1,0,,0
2025-10-01 12:38:40,365.21,4.3116,240.17,7.8995,23.698700000000002,241.02,232.3,247.2,417.63,414.28,415.5,415.83,8.3876,7.2592,8.0519,1.5379,1.1615,1.6122,3.6949,1.31,1.219,1.1658,5.6983,2.0216,1.6863,1.9904,0.7593,0.7612,0.6898,0.8103,50,482.49,301.1,1,1,2025-10-01 12:38:40,16.7,72.1,,1,0,,0
2025-10-01 12:39:25,365.27,4.262,239.8,7.8508,23.5524,242.08,229.78,247.56,416.39,412.54,416.58,415.33,8.5929,6.8407,8.1188,1.5347,1.0552,1.6722,3.6772,1.4021,1.1616,1.1134,5.6619,2.0802,1.5719,2.0099,0.7571,0.7382,0.6723,0.8323,50,482.57,301.15,1,1,2025-10-01 12:39:25,16.6,71.4,,1,0,,0
2025-10-01 12:40:10,365.32,4.2972,239.78,7.8836,23.6509,241.91,230.35,247.08,416.68,413.35,415.29,415.17,8.5666,6.9818,8.1025,1.5489,1.0896,1.6587,3.6737,1.3746,1.1796,1.1195,5.6826,2.0723,1.6083,2.002,0.76,0.7479,0.6785,0.8288,50,482.63,301.19,1,1,2025-10-01 12:40:10,16.5,70.4,,1,0,,0
2025-10-01 12:40:55,365.38,4.3103,239.07,7.9075,23.7226,241.99,228.84,246.4,415.79,410.6,415.29,414.01,8.7176,6.8354,8.1696,1.5648,1.0523,1.6932,3.6539,1.4126,1.1542,1.0871,5.6868,2.1096,1.5642,2.013,0.7628,0.7422,0.6737,0.8414,50,482.71,301.24,1,1,2025-10-01 12:40:55,16.4,68.9,,1,0,,0
2025-10-01 12:41:40,365.43,4.292,239.19,7.882,23.6462,240.98,229.96,246.65,415.41,412.52,414.39,414.16,8.5809,6.9047,8.1606,1.5386,1.0807,1.6726,3.6584,1.3799,1.1601,1.1184,5.6684,2.0678,1.5878,2.0128,0.761,0.7444,0.6816,0.8312,50,482.78,301.28,1,1,2025-10-01 12:41:40,15.9,68.9,,1,0,,0
2025-10-01 12:42:25,365.49,4.3384,239.64,7.9184,23.7554,240.26,231.72,246.95,416.2,414.91,413.49,415.04,8.3969,7.2516,8.1069,1.5388,1.1704,1.6292,3.669,1.3035,1.2028,1.1627,5.6998,2.0174,1.6803,2.002,0.7635,0.763,0.6973,0.8139,50,482.85,301.33,1,1,2025-10-01 12:42:25,15.9,67.7,,1,0,,0
2025-10-01 12:43:10,365.54,4.3703,239.46,7.95,23.85,239.8,231.76,246.84,415.83,413.93,414,414.6,8.371,7.321,8.158,1.5392,1.1958,1.6354,3.6601,1.2865,1.2,1.1736,5.7178,2.0074,1.6967,2.0137,0.7666,0.7672,0.7058,0.8124,50,482.92,301.38,1,1,2025-10-01 12:43:10,15.8,68.6,,1,0,,0
2025-10-01 12:43:55,365.59,4.3526,240.17,7.9348,23.804499999999997,240.33,232.76,247.43,417.48,415.03,414.89,415.94,8.3293,7.3981,8.0771,1.5396,1.2044,1.6087,3.6891,1.2774,1.2272,1.1845,5.7223,2.0018,1.722,1.9985,0.7628,0.7695,0.7004,0.8052,50,482.99,301.42,1,1,2025-10-01 12:43:55,15.8,67.5,,1,0,,0
2025-10-01 12:44:40,365.64,4.3355,239.37,7.9183,23.7549,241.41,229.53,247.19,415.85,410.98,416.46,414.22,8.6443,6.9395,8.1711,1.5596,1.0878,1.6881,3.6525,1.3845,1.1603,1.1076,5.6995,2.0868,1.5928,2.0198,0.7647,0.7478,0.6839,0.836,50,483.06,301.47,1,1,2025-10-01 12:44:40,15.7,66.3,,1,0,,0
2025-10-01 12:45:25,365.7,4.2786,240.33,7.8674,23.602400000000003,241.75,231.82,247.42,418.02,414.43,415.73,416.04,8.3863,7.1768,8.0393,1.5295,1.1343,1.6147,3.702,1.3286,1.2135,1.1599,5.6802,2.0274,1.6637,1.9891,0.7562,0.7549,0.6828,0.8121,50,483.14,301.51,1,1,2025-10-01 12:45:25,15.6,65.4,,1,0,,0
2025-10-01 12:46:10,365.75,4.0969,239.78,7.6875,23.0627,242.67,229.05,247.64,416.08,411.42,417.98,415.09,8.5482,6.4855,8.029,1.4813,0.9565,1.659,3.677,1.4498,1.1331,1.0941,5.5482,2.0744,1.4855,1.9883,0.7442,0.7146,0.645,0.8348,50,483.2,301.56,1,1,2025-10-01 12:46:10,15.2,64.5,,1,0,,0
2025-10-01 12:46:55,365.77,0.3572,240.94,0.5007,1.5021,243.6,230.6,248.63,418.13,414.11,419.23,417.33,0.0,0.0432,1.4589,0.0,0.0011,0.3561,0.0628,0,0,0.0628,0.3727,0,0.01,0.3627,0.9848,1,1,0.9848,50,483.23,301.58,0,1,2025-10-01 12:46:55,15.1,64.4,,0,0,,1
2025-10-01 12:47:40,365.78,0.3552,241.43,0.4978,1.4936,244.35,231.3,248.64,419.38,415.02,419.59,418.06,0.0,0.0424,1.4512,0.0,0.0014,0.3538,0.0645,0,0,0.0645,0.3706,0,0.0098,0.3608,0.9839,1,1,0.9837,50,483.24,301.58,0,1,2025-10-01 12:47:40,15.0,67.7,,0,0,,1
2025-10-01 12:48:25,365.78,0.3464,241.26,0.4941,1.4823000000000002,245.89,232.99,244.92,420.24,416,416.95,417.65,0.0,0.0436,1.4387,0.0,0.0,0.3464,0.0589,0,0,0.0589,0.3625,0,0.0102,0.3524,0.9858,1,1,0.9858,50,483.24,301.58,0,1,2025-10-01 12:48:25,15.1,71.4,,0,0,,1
2025-10-01 12:49:10,365.79,0.3484,241.59,0.4942,1.4827,246.71,232.38,245.69,420.63,413.87,420.55,418.32,0.0,0.0448,1.4379,0.0,0.0014,0.347,0.0604,0,0,0.0604,0.3637,0,0.0104,0.3533,0.9852,1,1,0.9851,50,483.25,301.58,0,1,2025-10-01 12:49:10,15.2,76.1,,0,0,,1
2025-10-01 12:49:55,365.79,0.3485,241.76,0.494,1.4822,246.73,232.95,245.62,421.46,415.28,419.1,418.71,0.0,0.0424,1.4398,0.0,0.001,0.3474,0.0605,0,0,0.0605,0.3635,0,0.0099,0.3536,0.9852,1,1,0.9851,50,483.25,301.58,0,1,2025-10-01 12:49:55,15.7,79.3,,0,0,,1
2025-10-01 12:50:40,365.8,0.3471,241.9,0.4927,1.4782,247.24,233.23,245.24,421.64,414.86,420.14,419.18,0.0,0.0432,1.435,0.0,0.0014,0.3457,0.0603,0,0,0.0603,0.362,0,0.0101,0.3519,0.9852,1,1,0.9851,50,483.26,301.58,0,1,2025-10-01 12:50:40,15.8,81.3,,0,0,,1
2025-10-01 12:51:25,365.8,0.3473,241.83,0.4925,1.4776,247.79,232.15,245.57,421.42,413.45,421.47,418.64,0.0,0.044,1.4336,0.0,0.0016,0.3457,0.061,0,0,0.061,0.3623,0,0.0102,0.352,0.9849,1,1,0.9847,50,483.26,301.58,0,1,2025-10-01 12:51:25,15.9,82.7,,0,0,,1
2025-10-01 12:52:10,365.8,0.3474,242.01,0.4928,1.4785000000000001,247.33,232.27,246.44,421.4,415.56,420.15,419.02,0.0,0.042,1.4365,0.0,0.0,0.3474,0.0622,0,0,0.0622,0.3638,0,0.0098,0.354,0.9843,1,1,0.9843,50,483.26,301.58,0,1,2025-10-01 12:52:10,16.4,83.7,,0,0,,1
2025-10-01 12:52:55,365.81,0.3483,241.97,0.4931,1.4794,247.36,232.3,246.25,421.82,415.36,419.66,418.99,0.0,0.0436,1.4358,0.0,0.0013,0.347,0.0621,0,0,0.0621,0.3637,0,0.0101,0.3536,0.9844,1,1,0.9843,50,483.27,301.58,0,1,2025-10-01 12:52:55,16.5,84,,0,0,,1
2025-10-01 12:53:40,365.81,0.3481,242.36,0.4926,1.4778,247.01,233.96,246.11,422.53,417.76,418.53,419.52,0.0,0.042,1.4358,0.0,0.0013,0.3468,0.0621,0,0,0.0621,0.3632,0,0.0098,0.3534,0.9844,1,1,0.9843,50,483.27,301.58,0,1,2025-10-01 12:53:40,16.6,84.4,,0,0,,1
2025-10-01 12:54:25,365.82,0.3478,241.59,0.4926,1.478,246.96,232.03,245.79,421.69,414.14,419.05,418.29,0.0,0.044,1.434,0.0,0.0017,0.3461,0.0612,0,0,0.0612,0.3627,0,0.0102,0.3525,0.9848,1,1,0.9847,50,483.28,301.58,0,1,2025-10-01 12:54:25,16.7,85.5,,0,0,,1
2025-10-01 12:55:10,365.82,0.3476,242.06,0.4932,1.4797,247.73,231.99,246.48,422.16,414.53,420.68,418.46,0.0,0.0428,1.4369,0.0,0.0,0.3476,0.0625,0,0,0.0625,0.3641,0,0.0099,0.3542,0.9842,1,1,0.9842,50,483.28,301.58,0,1,2025-10-01 12:55:10,17.2,86.3,,0,0,,1
2025-10-01 12:55:55,365.83,0.3557,243.1,0.4965,1.4896,246.32,233,250,421.96,419.07,421.64,420.06,0.0,0.0416,1.448,0.0,0.0013,0.3544,0.0672,0,0,0.0672,0.3717,0,0.0097,0.362,0.9826,1,1,0.9824,50,483.29,301.59,0,1,2025-10-01 12:55:55,17.2,86.4,,0,0,,1
2025-10-01 12:56:40,365.83,0.3541,243.06,0.4965,1.4894999999999998,245.09,234.11,249.99,423.17,417.99,421.24,420.56,0.0,0.0432,1.4463,0.0,0.0,0.3541,0.0668,0,0,0.0668,0.3717,0,0.0101,0.3616,0.9826,1,1,0.9826,50.1,483.29,301.59,0,1,2025-10-01 12:56:40,17.3,86.8,,0,0,,1
2025-10-01 12:57:25,365.84,0.3539,242.81,0.4958,1.4875,244.85,233.44,250.15,422.87,417.07,421.11,420.29,0.0,0.0424,1.4451,0.0,0.0,0.3539,0.0671,0,0,0.0671,0.3714,0,0.0099,0.3615,0.9824,1,1,0.9824,50.1,483.3,301.59,0,1,2025-10-01 12:57:25,17.4,87.2,,0,0,,1
2025-10-01 12:58:10,365.84,0.3553,242.76,0.4966,1.4898,244.95,233.05,250.28,422.39,418.1,420.23,420.18,0.0,0.044,1.4458,0.0,0.001,0.3543,0.067,0,0,0.067,0.3721,0,0.0103,0.3619,0.9826,1,1,0.9825,50.1,483.3,301.59,0,1,2025-10-01 12:58:10,17.5,87.5,,0,0,,1
2025-10-01 12:58:55,365.84,0.3578,243.04,0.4976,1.4929,245.34,232.6,251.18,423.07,417.84,421.19,420.68,0.0,0.0428,1.4501,0.0,0.0012,0.3566,0.0676,0,0,0.0676,0.3742,0,0.01,0.3642,0.9826,1,1,0.9824,50.1,483.31,301.59,0,1,2025-10-01 12:58:55,17.5,87.8,,0,0,,1
2025-10-01 12:59:40,365.85,0.3559,243.64,0.4968,1.4904000000000002,245.98,234.01,250.93,424.71,418.94,421.59,421.45,0.0,0.0416,1.4488,0.0,0.0,0.3559,0.0675,0,0,0.0675,0.3733,0,0.0097,0.3635,0.9824,1,1,0.9824,50.1,483.31,301.59,0,1,2025-10-01 12:59:40,18.0,88,,0,0,,1
2025-10-01 13:00:25,365.85,0.3592,244.04,0.4988,1.4965000000000002,246.08,234.3,251.75,425.08,419.2,423.09,422.38,0.0,0.0436,1.4529,0.0,0.0012,0.358,0.0681,0,0,0.0681,0.376,0,0.0102,0.3658,0.9825,1,1,0.9824,50.1,483.32,301.59,0,1,2025-10-01 13:00:25,18.0,88.3,,0,0,,1
2025-10-01 13:01:10,365.86,0.3594,244.44,0.4981,1.4943,247.29,234.17,251.88,425.77,419.14,424.62,423.3,0.0,0.0428,1.4515,0.0,0.0016,0.3578,0.0682,0,0,0.0682,0.3756,0,0.01,0.3656,0.9824,1,1,0.9823,50.1,483.32,301.59,0,1,2025-10-01 13:01:10,18.1,88.5,,0,0,,1
2025-10-01 13:01:55,365.86,0.3596,244.4,0.4988,1.4965,247.26,233.85,252.09,425.46,419.24,424.58,423.16,0.0,0.0432,1.4533,0.0,0.0011,0.3585,0.0686,0,0,0.0686,0.3765,0,0.0101,0.3664,0.9822,1,1,0.9821,50.1,483.32,301.59,0,1,2025-10-01 13:01:55,18.1,88.7,,0,0,,1
2025-10-01 13:02:40,365.87,0.3594,245.05,0.4988,1.4966,247.54,235.02,252.59,426.45,420.46,425.8,424.26,0.0,0.042,1.4546,0.0,0.0,0.3594,0.0702,0,0.0011,0.0691,0.3773,0,0.0099,0.3674,0.9814,1,1,0.982,50.1,483.33,301.59,0,1,2025-10-01 13:02:40,18.2,88.8,,0,0,,1
2025-10-01 13:03:25,365.87,0.3596,245.4,0.4979,1.4938,247.91,236.12,252.19,427.32,422.12,425.11,424.93,0.0,0.0416,1.4522,0.0,0.0013,0.3583,0.0688,0,0,0.0688,0.3761,0,0.0098,0.3662,0.9822,1,1,0.982,50.1,483.33,301.59,0,1,2025-10-01 13:03:25,18.2,89,,0,0,,1
2025-10-01 13:04:10,365.88,0.3577,245.26,0.4975,1.4926,248.31,235.41,252.07,426.97,420.95,425.94,424.72,0.0,0.042,1.4506,0.0,0.0,0.3577,0.069,0,0,0.069,0.3755,0,0.0099,0.3657,0.9818,1,1,0.9818,50.1,483.34,301.6,0,1,2025-10-01 13:04:10,18.3,89.2,,0,0,,1
2025-10-01 13:04:55,365.88,0.3584,245.35,0.4973,1.492,247.89,236.08,252.09,427.24,419,428.2,425.07,0.0,0.0436,1.4484,0.0,0.0013,0.3571,0.0701,0,0.0011,0.0691,0.3754,0,0.0103,0.3651,0.9813,1,1,0.9818,50.1,483.34,301.6,0,1,2025-10-01 13:04:55,18.7,89.5,,0,0,,1
2025-10-01 13:05:40,365.88,0.3602,245.14,0.4984,1.4952999999999999,248,234.47,252.96,425.99,421.17,426.04,424.4,0.0,0.0432,1.4521,0.0,0.0012,0.3591,0.0703,0,0,0.0703,0.3775,0,0.0101,0.3673,0.9815,1,1,0.9813,50.1,483.35,301.6,0,1,2025-10-01 13:05:40,18.7,89.6,,0,0,,1
2025-10-01 13:06:25,365.89,0.3575,244.83,0.4964,1.4892,247.65,235.3,251.55,426.49,420.55,424.54,423.63,0.0,0.0424,1.4468,0.0,0.0012,0.3562,0.0675,0,0,0.0675,0.3739,0,0.01,0.3639,0.9826,1,1,0.9825,50,483.35,301.6,0,1,2025-10-01 13:06:25,18.8,89.8,,0,0,,1
2025-10-01 13:07:10,365.89,0.3567,244.5,0.4958,1.4876,246.97,235.39,251.16,425.76,420.2,423.96,423.08,0.0,0.042,1.4456,0.0,0.0012,0.3555,0.0672,0,0,0.0672,0.373,0,0.0099,0.3631,0.9827,1,1,0.9826,50,483.36,301.6,0,1,2025-10-01 13:07:10,18.8,89.9,,0,0,,1
2025-10-01 13:07:55,365.9,0.3556,244.22,0.4952,1.4857,245.6,236.37,250.71,425.01,421.47,421.99,422.72,0.0,0.0424,1.4433,0.0,0.0013,0.3542,0.0674,0,0,0.0674,0.3719,0,0.01,0.3618,0.9825,1,1,0.9823,50,483.36,301.6,0,1,2025-10-01 13:07:55,18.9,90,,0,0,,1
2025-10-01 13:08:40,365.9,0.3564,244.1,0.4957,1.4873,246.49,234.54,251.28,424.56,418.29,425.05,422.74,0.0,0.0424,1.4449,0.0,0.0012,0.3552,0.0687,0,0,0.0687,0.373,0,0.0099,0.3631,0.9819,1,1,0.9818,50,483.37,301.6,0,1,2025-10-01 13:08:40,18.9,90.1,,0,0,,1
2025-10-01 13:09:25,365.91,0.3578,244.05,0.4971,1.4912999999999998,246.6,233.94,251.61,424.33,419.9,423.25,422.59,0.0,0.0428,1.4485,0.0,0.0012,0.3566,0.0681,0,0,0.0681,0.3745,0,0.01,0.3645,0.9823,1,1,0.9822,50,483.37,301.6,0,1,2025-10-01 13:09:25,19.0,90.2,,0,0,,1
2025-10-01 13:10:10,365.91,0.3555,244.26,0.4951,1.4854,246.26,235.45,251.07,425.21,420.11,423.31,423.08,0.0,0.0436,1.4418,0.0,0.0013,0.3542,0.0678,0,0,0.0678,0.3723,0,0.0103,0.362,0.9823,1,1,0.9821,50,483.38,301.6,0,1,2025-10-01 13:10:10,19.0,90.2,,0,0,,1
2025-10-01 13:10:55,365.96,4.1249,242.96,7.8376,23.5128,244.92,234.11,249.86,422.76,417.57,421.6,420.79,8.6413,6.8893,7.9822,1.5113,1.0035,1.6101,3.9136,1.4792,1.2588,1.1756,5.7237,2.1164,1.6129,1.9944,0.7254,0.7146,0.6233,0.8076,49.9,483.44,301.65,1,1,2025-10-01 13:10:55,19.0,87.1,,1,0,,0
2025-10-01 13:11:40,366.01,4.1891,243.55,7.9018,23.7054,245.44,235.03,250.18,423.98,418.18,422.86,421.35,8.5708,7.1433,7.9913,1.5291,1.0655,1.5945,3.9405,1.4422,1.2937,1.2046,5.7818,2.1036,1.6789,1.9993,0.7283,0.7274,0.6357,0.7978,50,483.51,301.7,1,1,2025-10-01 13:11:40,18.9,82.1,,1,0,,0
2025-10-01 13:12:25,366.06,4.2017,243.92,7.9119,23.7358,245.59,235.78,250.39,424.17,421.14,421.58,422.44,8.5587,7.1829,7.9942,1.5323,1.0773,1.5921,3.9511,1.4363,1.303,1.2118,5.7972,2.1019,1.6936,2.0017,0.7284,0.7296,0.6371,0.7957,50,483.59,301.75,1,1,2025-10-01 13:12:25,18.8,78.1,,1,0,,0
2025-10-01 13:13:10,366.12,4.192,243.56,7.885,23.6552,245.35,234.92,250.42,424.22,419.06,421.69,421.61,8.4695,7.2535,7.9322,1.5279,1.0925,1.5716,3.9199,1.4072,1.3039,1.2088,5.7684,2.078,1.704,1.9864,0.7304,0.7349,0.6428,0.7922,50,483.66,301.8,1,1,2025-10-01 13:13:10,18.2,75.6,,1,0,,0
2025-10-01 13:13:55,366.17,4.1898,243.47,7.8868,23.660500000000003,246.43,233.47,250.51,423.38,418.84,422.3,421.36,8.7314,6.9326,7.9965,1.5466,1.0091,1.6341,3.9125,1.4935,1.262,1.157,5.7734,2.1517,1.6186,2.0032,0.7308,0.7193,0.6245,0.8161,50,483.73,301.85,1,1,2025-10-01 13:13:55,18.0,72.9,,1,0,,0
2025-10-01 13:15:25,366.27,4.2324,242.34,7.879,23.6372,244.06,233.41,249.56,421.22,417.84,419.61,419.55,8.5872,6.9917,8.0583,1.533,1.0632,1.6361,3.8289,1.4267,1.2345,1.1677,5.7388,2.0958,1.6319,2.011,0.7415,0.732,0.6525,0.8139,50.1,483.87,301.94,1,1,2025-10-01 13:15:25,17.1,71.6,,1,0,,0
2025-10-01 13:16:10,366.32,4.3396,241.83,7.987,23.961199999999998,244.72,230.88,249.89,419.56,414.43,422.13,418.85,8.9589,6.6135,8.3888,1.5689,0.9984,1.7724,3.7973,1.5287,1.1514,1.1171,5.8156,2.1924,1.5269,2.0963,0.7525,0.7162,0.6551,0.8459,50.1,483.94,301.99,1,1,2025-10-01 13:16:10,16.6,72.7,,1,0,,0
2025-10-01 13:16:55,366.38,4.3536,242.83,7.9919,23.9759,244.42,234.47,249.62,422.21,418.49,420.58,420.42,8.6135,7.254,8.1084,1.5765,1.1344,1.6428,3.8375,1.3931,1.2635,1.1809,5.8302,2.1053,1.7008,2.024,0.7501,0.7493,0.668,0.8119,50.1,484.03,302.04,1,1,2025-10-01 13:17:40,16.4,71.6,,1,0,,0
2025-10-01 13:17:40,366.43,4.3978,241.68,8.0151,24.0455,243.55,232.64,248.87,420.12,416.27,418.88,418.42,8.7063,7.1612,8.178,1.5917,1.1256,1.6805,3.7706,1.3988,1.2251,1.1467,5.8217,2.1204,1.666,2.0353,0.7591,0.7511,0.6765,0.826,50.1,484.09,302.08,1,1,2025-10-01 13:17:40,16.4,71.6,,1,0,,0
2025-10-01 13:18:25,366.49,4.4557,241.62,8.0831,24.2493,243.85,232.32,248.69,420.22,414.33,420.46,418.35,8.872,7.1471,8.2302,1.6271,1.1193,1.7094,3.7716,1.424,1.2234,1.1242,5.8706,2.1634,1.6604,2.0468,0.7632,0.7525,0.675,0.8355,50.1,484.17,302.13,1,1,2025-10-01 13:18:25,16.4,70.8,,1,0,,0
2025-10-01 13:19:10,366.55,4.3562,242.15,7.9671,23.9015,244.09,232.97,249.41,421.22,418.83,417.45,419.16,8.5754,7.2653,8.0608,1.5781,1.1385,1.6396,3.784,1.3728,1.2494,1.1618,5.7962,2.0932,1.6926,2.0104,0.7549,0.7544,0.6735,0.8159,50.2,484.24,302.18,1,1,2025-10-01 13:19:10,16.0,69.3,,1,0,,0
2025-10-01 13:19:55,366.6,4.3219,241.14,7.9213,23.7641,243.22,231.92,248.3,419.83,414.35,418.24,417.53,8.5905,7.0626,8.111,1.5643,1.0981,1.6595,3.7333,1.3863,1.2077,1.1393,5.7413,2.0894,1.638,2.014,0.7567,0.7478,0.6743,0.8244,50.2,484.31,302.23,1,1,2025-10-01 13:19:55,15.9,68.6,,1,0,,0
2025-10-01 13:20:40,366.65,4.3191,240.12,7.8978,23.693399999999997,242.33,230.21,247.82,417.9,412.41,416.72,415.67,8.6562,6.9097,8.1275,1.5622,1.0734,1.6835,3.673,1.3979,1.1709,1.1042,5.7025,2.0977,1.5907,2.0142,0.7617,0.7452,0.6757,0.8361,50.1,484.38,302.27,1,1,2025-10-01 13:20:40,15.8,67.7,,1,0,,0
2025-10-01 13:21:25,366.71,4.363,240.81,7.9495,23.8487,242.23,231.89,248.32,419.45,414.37,416.78,416.92,8.5352,7.2057,8.1078,1.5656,1.1456,1.6518,3.7113,1.3484,1.2132,1.1497,5.7517,2.0675,1.6709,2.0133,0.7616,0.7577,0.6865,0.8207,50.1,484.46,302.32,1,1,2025-10-01 13:21:25,15.8,66.6,,1,0,,0
2025-10-01 13:22:10,366.76,4.3505,240.61,7.9536,23.860799999999998,243.35,229.8,248.7,418.2,412.86,418.6,416.45,8.8444,6.8469,8.1695,1.5897,1.0461,1.7147,3.7096,1.449,1.1724,1.0882,5.7575,2.1523,1.5734,2.0318,0.7609,0.739,0.6657,0.8443,50.1,484.53,302.37,1,1,2025-10-01 13:22:10,15.7,65.9,,1,0,,0
2025-10-01 13:22:55,366.82,4.3572,241.25,7.9547,23.8642,242.93,232.57,248.27,420.2,415.42,417.32,417.64,8.644,7.2201,8.0001,1.5945,1.1284,1.6344,3.7316,1.3643,1.2401,1.1272,5.7653,2.0999,1.6792,1.9862,0.7595,0.7598,0.673,0.8232,50.2,484.6,302.41,1,1,2025-10-01 13:22:55,15.6,64.7,,1,0,,0
2025-10-01 13:23:40,366.86,0.359,241.77,0.5033,1.5098999999999998,244.19,232.03,249.09,421.51,414.16,419.93,418.3,0.0,0.0432,1.4667,0.0,0.0,0.359,0.0612,0,0,0.0612,0.3754,0,0.01,0.3653,0.9857,1,1,0.9857,50.2,484.66,302.45,0,1,2025-10-01 13:23:40,15.2,64.1,,0,0,,1
2025-10-01 13:24:25,366.87,0.3566,241.97,0.5,1.5002,244.87,232,249.04,421.43,415.03,420.24,418.73,0.0,0.0424,1.4578,0.0,0.0,0.3566,0.0618,0,0,0.0618,0.3729,0,0.0098,0.3631,0.9853,1,1,0.9853,50.2,484.66,302.45,0,1,2025-10-01 13:24:25,15.1,65.8,,0,0,,1
2025-10-01 13:25:10,366.87,0.3549,242.06,0.4981,1.4944,243.92,233.15,249.11,421.59,416.95,418.55,419.14,0.0,0.0424,1.452,0.0,0.0,0.3549,0.0634,0,0,0.0634,0.3716,0,0.0099,0.3617,0.9844,1,1,0.9844,50.2,484.67,302.45,0,1,2025-10-01 13:25:10,15.1,69.9,,0,0,,1
2025-10-01 13:25:55,366.88,0.3568,241.34,0.5005,1.5016,244.19,230.41,249.43,419.79,412.77,420.9,418.18,0.0,0.044,1.4576,0.0,0.0,0.3568,0.0635,0,0,0.0635,0.3737,0,0.0101,0.3636,0.9845,1,1,0.9845,50.1,484.67,302.45,0,1,2025-10-01 13:25:55,15.2,73.3,,0,0,,1
2025-10-01 13:26:40,366.88,0.3562,241.78,0.4983,1.4949,242.16,233.88,249.3,420.31,418.4,416.94,418.74,0.0,0.0432,1.4517,0.0,0.0012,0.355,0.064,0,0,0.064,0.372,0,0.0101,0.3619,0.9842,1,1,0.9841,50.1,484.68,302.45,0,1,2025-10-01 13:26:40,15.7,77.3,,0,0,,1
2025-10-01 13:27:25,366.89,0.3535,241.51,0.4967,1.4902,243.6,231.76,249.19,419.87,414.14,420.42,418.39,0.0,0.0432,1.447,0.0,0.0,0.3535,0.0647,0,0,0.0647,0.3706,0,0.01,0.3606,0.9836,1,1,0.9836,50.1,484.68,302.45,0,1,2025-10-01 13:27:25,15.8,81.3,,0,0,,1
2025-10-01 13:28:10,366.89,0.3535,242.3,0.4962,1.4888,243.01,234.53,249.38,421.91,419.66,416.71,419.35,0.0,0.0428,1.446,0.0,0.0,0.3535,0.0647,0,0,0.0647,0.3706,0,0.01,0.3606,0.9836,1,1,0.9836,50.2,484.69,302.45,0,1,2025-10-01 13:28:10,15.9,81.9,,0,0,,1
2025-10-01 13:28:55,366.89,0.354,241.5,0.4958,1.4875,243.86,231.69,248.95,419.84,415.2,419.24,418.36,0.0,0.0428,1.4447,0.0,0.0013,0.3527,0.0641,0,0,0.0641,0.3696,0,0.0099,0.3597,0.984,1,1,0.9838,50.1,484.69,302.46,0,1,2025-10-01 13:28:55,16.4,82.5,,0,0,,1
2025-10-01 13:29:40,366.9,0.3543,241.15,0.4961,1.4883,243.65,231.01,248.79,418.97,413.18,420.4,417.47,0.0,0.042,1.4463,0.0,0.0014,0.3529,0.0639,0,0,0.0639,0.3695,0,0.0097,0.3598,0.9841,1,1,0.9839,50.1,484.7,302.46,0,1,2025-10-01 13:29:40,16.5,83.1,,0,0,,1
2025-10-01 13:30:25,366.9,0.3519,241.71,0.4952,1.4855999999999998,241.8,234.54,248.81,420.51,418.3,416.54,418.47,0.0,0.0432,1.4424,0.0,0.0,0.3519,0.0641,0,0,0.0641,0.369,0,0.0101,0.3589,0.9838,1,1,0.9838,50.1,484.7,302.46,0,1,2025-10-01 13:30:25,16.6,83.6,,0,0,,1
2025-10-01 13:31:10,366.91,0.3527,240.88,0.4953,1.4859,242.85,231.3,248.51,418.52,413.64,419,417.28,0.0,0.0436,1.4423,0.0,0.0011,0.3516,0.0634,0,0,0.0634,0.3685,0,0.0101,0.3584,0.9842,1,1,0.9841,50.1,484.71,302.46,0,1,2025-10-01 13:31:55,17.2,84.8,,0,0,,1
2025-10-01 13:31:55,366.91,0.3516,241.11,0.4949,1.4848,242.44,232.65,248.25,419.2,415.56,417.54,417.41,0.0,0.0448,1.44,0.0,0.001,0.3506,0.0636,0,0,0.0636,0.3679,0,0.0104,0.3575,0.984,1,1,0.9839,50.1,484.71,302.46,0,1,2025-10-01 13:31:55,17.2,84.8,,0,0,,1
2025-10-01 13:32:40,366.92,0.3518,240.59,0.4945,1.4836,242.63,230.69,248.46,418.37,413.53,417.62,416.54,0.0,0.0444,1.4392,0.0,0.0014,0.3504,0.065,0,0,0.065,0.3678,0,0.0102,0.3576,0.9833,1,1,0.9832,50,484.71,302.46,0,1,2025-10-01 13:32:40,17.2,85.3,,0,0,,1
2025-10-01 13:33:25,366.92,0.35,240.77,0.494,1.4821,242.08,232.12,248.11,419.38,414.65,416.34,416.77,0.0,0.0432,1.4389,0.0,0.0,0.35,0.0644,0,0,0.0644,0.367,0,0.01,0.357,0.9834,1,1,0.9834,50,484.72,302.46,0,1,2025-10-01 13:33:25,17.3,86,,0,0,,1
2025-10-01 13:34:10,366.93,0.3487,239.73,0.4927,1.4781,242.23,229.12,247.84,416.06,411.59,417.49,415,0.0,0.0428,1.4353,0.0,0.0,0.3487,0.0644,0,0,0.0644,0.3655,0,0.0098,0.3557,0.9833,1,1,0.9833,50,484.72,302.46,0,1,2025-10-01 13:34:10,17.4,86.7,,0,0,,1
2025-10-01 13:34:55,366.93,0.3506,240.08,0.4938,1.4815,241.05,231.45,247.76,417.22,415.24,414.37,415.61,0.0,0.0436,1.4379,0.0,0.0013,0.3493,0.0642,0,0,0.0642,0.3663,0,0.0101,0.3563,0.9836,1,1,0.9835,50,484.73,302.46,0,1,2025-10-01 13:34:55,17.4,87.8,,0,0,,1
2025-10-01 13:35:40,366.93,0.3497,239.87,0.4929,1.4787,242,229.79,247.83,416.8,411.4,417.67,415.08,0.0,0.0452,1.4335,0.0,0.0015,0.3483,0.064,0,0,0.064,0.3657,0,0.0104,0.3553,0.9836,1,1,0.9835,50,484.73,302.46,0,1,2025-10-01 13:35:40,17.5,87.9,,0,0,,1
2025-10-01 13:36:25,366.94,0.3501,240.88,0.4942,1.4826,242.28,232.34,248.03,418.9,415.34,416.83,416.97,0.0,0.0432,1.4394,0.0,0.0,0.3501,0.0638,0,0,0.0638,0.3671,0,0.01,0.357,0.9838,1,1,0.9838,50,484.74,302.46,0,1,2025-10-01 13:36:25,18.0,88.4,,0,0,,1
2025-10-01 13:37:10,366.94,0.3504,240.1,0.4928,1.4785,242.46,229.85,248,417.04,412.35,417.66,415.56,0.0,0.0424,1.4361,0.0,0.0012,0.3492,0.0637,0,0,0.0637,0.3659,0,0.0097,0.3562,0.9838,1,1,0.9835,50,484.74,302.46,0,1,2025-10-01 13:37:10,18.0,88.2,,0,0,,1
2025-10-01 13:37:55,366.95,0.3475,240.34,0.4915,1.4746,242.12,231.89,247.03,418.53,412.64,417.18,416.07,0.0,0.0432,1.4314,0.0,0.0013,0.3462,0.0624,0,0,0.0624,0.3636,0,0.01,0.3536,0.9842,1,1,0.9843,50,484.75,302.47,0,1,2025-10-01 13:37:55,18.1,88.6,,0,0,,1
2025-10-01 13:38:40,366.95,0.3466,240.33,0.4922,1.4767,241.89,232.54,246.57,418.7,414.24,415.28,415.96,0.0,0.0452,1.4315,0.0,0.001,0.3456,0.0621,0,0,0.0621,0.3635,0,0.0105,0.353,0.9843,1,1,0.9842,50,484.75,302.47,0,1,2025-10-01 13:38:40,18.2,89.1,,0,0,,1
2025-10-01 13:39:25,366.96,0.3485,239.59,0.4923,1.477,243.15,228.51,247.13,416.2,410.15,418.14,414.98,0.0,0.0444,1.4326,0.0,0.0013,0.3472,0.0624,0,0,0.0624,0.3642,0,0.0101,0.354,0.9843,1,1,0.9842,50,484.76,302.47,0,1,2025-10-01 13:39:25,18.2,89.1,,0,0,,1
2025-10-01 13:40:10,366.96,0.3493,239.97,0.4921,1.4765000000000001,241.27,231.22,247.44,417.29,413.03,416.05,415.46,0.0,0.044,1.4325,0.0,0.0017,0.3476,0.0632,0,0,0.0632,0.3646,0,0.0102,0.3545,0.984,1,1,0.9838,50,484.76,302.47,0,1,2025-10-01 13:40:10,18.3,89.1,,0,0,,1
2025-10-01 13:40:55,366.96,0.3496,239.59,0.492,1.4762,242.74,228.52,247.53,415.82,411.38,417.24,414.68,0.0,0.0428,1.4334,0.0,0.0015,0.3481,0.0623,0,0,0.0623,0.3646,0,0.0098,0.3548,0.9844,1,1,0.9843,50,484.76,302.47,0,1,2025-10-01 13:40:55,18.7,89.8,,0,0,,1
2025-10-01 13:41:40,366.97,0.3485,239.64,0.4934,1.4803,242.03,229.39,247.52,416,412.71,415.92,414.91,0.0,0.0452,1.4351,0.0,0.0,0.3485,0.0626,0,0,0.0626,0.3656,0,0.0104,0.3552,0.9842,1,1,0.9842,50,484.77,302.47,0,1,2025-10-01 13:41:40,18.8,89.8,,0,0,,1
2025-10-01 13:42:25,366.97,0.3472,239.81,0.4919,1.4759,241.87,230.43,247.15,417.05,414.66,413.63,415.14,0.0,0.0436,1.4323,0.0,0.0,0.3472,0.0628,0,0,0.0628,0.364,0,0.01,0.354,0.984,1,1,0.984,50,484.77,302.47,0,1,2025-10-01 13:42:25,18.8,89.8,,0,0,,1
2025-10-01 13:43:10,366.98,0.3444,238.21,0.489,1.4672,242.07,227.32,245.25,412.76,407.53,417.23,412.08,0.0,0.0436,1.4236,0.0,0.0013,0.3431,0.0593,0,0,0.0593,0.359,0,0.0099,0.3491,0.9855,1,1,0.9853,50,484.78,302.47,0,1,2025-10-01 13:43:10,18.9,89.8,,0,0,,1
2025-10-01 13:43:55,366.98,0.344,239.49,0.4887,1.4663,240.57,232.8,245.12,416.72,414.8,412.39,414.55,0.0,0.0428,1.4235,0.0,0.0011,0.3429,0.0591,0,0,0.0591,0.3589,0,0.01,0.3489,0.9855,1,1,0.9854,50,484.78,302.47,0,1,2025-10-01 13:43:55,18.9,89.9,,0,0,,1
2025-10-01 13:44:40,366.99,0.3442,238.62,0.49,1.47,241.42,229.57,244.88,414.65,409.96,414.91,413,0.0,0.0452,1.4248,0.0,0.0014,0.3428,0.0594,0,0,0.0594,0.3593,0,0.0104,0.3489,0.9854,1,1,0.9853,50,484.79,302.47,0,1,2025-10-01 13:44:40,18.9,90,,0,0,,1
2025-10-01 13:45:25,366.99,0.3438,238.68,0.4891,1.4675,241.97,228.98,245.1,415.15,408.93,415.72,413.43,0.0,0.0448,1.4227,0.0,0.0011,0.3427,0.06,0,0.0011,0.059,0.359,0,0.0103,0.3487,0.985,1,1,0.9855,50,484.79,302.47,0,1,2025-10-01 13:45:25,19.0,90.1,,0,0,,1
2025-10-01 13:46:10,366.99,0.3455,239.07,0.4908,1.4724000000000002,241.54,230.17,245.5,416.2,411.72,413.72,413.92,0.0,0.0456,1.4268,0.0,0.0013,0.3441,0.0598,0,0,0.0598,0.3608,0,0.0105,0.3503,0.9853,1,1,0.9852,50,484.8,302.47,0,1,2025-10-01 13:46:10,19.0,90.1,,0,0,,1
2025-10-01 13:46:55,367,4.063,238,7.6805,23.0416,240.32,229.38,244.31,413.98,410.71,411.42,411.92,8.652,6.785,7.6046,1.5604,1.0089,1.4938,3.6593,1.373,1.1823,1.104,5.4935,2.0792,1.5563,1.8579,0.743,0.7507,0.6491,0.8041,50,484.81,302.48,1,1,2025-10-01 13:46:55,19.0,90.2,,1,0,,0
2025-10-01 13:47:40,367.05,4.1445,237.72,7.703,23.109099999999998,240.29,229.26,243.63,414.1,408.57,412.09,411.59,8.3131,6.9629,7.8331,1.5083,1.0716,1.5646,3.5804,1.3082,1.1803,1.0919,5.5022,1.9976,1.5963,1.9084,0.7567,0.7554,0.6722,0.82,50,484.87,302.52,1,1,2025-10-01 13:47:40,19.0,87.3,,1,0,,0
2025-10-01 13:48:25,367.1,4.1928,238.07,7.7584,23.2754,240.38,229.77,244.06,414.51,410.18,411.8,412.17,8.3488,7.0585,7.8681,1.5242,1.0958,1.5728,3.5967,1.3036,1.1925,1.1006,5.549,2.0069,1.6218,1.9203,0.759,0.7599,0.6765,0.8193,50,484.94,302.57,1,1,2025-10-01 13:48:25,19.0,82.6,,1,0,,0
2025-10-01 13:49:10,367.16,4.1701,237.31,7.7363,23.209000000000003,240.98,227.47,243.48,412.62,405.99,414.12,410.65,8.5922,6.6069,8.0099,1.5285,0.9946,1.6469,3.5608,1.3946,1.1234,1.0428,5.5237,2.0705,1.5029,1.9503,0.7604,0.7387,0.6628,0.8448,50,485.01,302.61,1,1,2025-10-01 13:49:10,18.8,77.4,,1,0,,0
2025-10-01 13:49:55,367.21,4.1365,237.62,7.685,23.0551,240.44,228.66,243.76,413.37,410.67,410,411.44,8.3154,6.8644,7.8753,1.4997,1.0546,1.5823,3.5654,1.3204,1.1593,1.0856,5.4887,1.9994,1.5696,1.9197,0.7574,0.7505,0.6729,0.8245,50,485.08,302.66,1,1,2025-10-01 13:49:55,18.2,76.1,,1,0,,0
2025-10-01 13:50:40,367.26,4.1306,237.66,7.6905,23.0715,240.95,228.65,243.4,413.37,409.29,411.78,411.67,8.4734,6.6831,7.915,1.5141,1.0074,1.6091,3.5721,1.368,1.146,1.0581,5.4963,2.0417,1.5281,1.9265,0.7563,0.7419,0.6602,0.8355,49.9,485.15,302.7,1,1,2025-10-01 13:50:40,18.1,74.9,,1,0,,0
2025-10-01 13:51:25,367.31,4.1885,237.95,7.7442,23.2327,239.92,230.49,243.44,413.96,410.05,411.99,411.87,8.2722,7.0891,7.8714,1.5155,1.1119,1.561,3.5841,1.2797,1.1941,1.1103,5.5348,1.9847,1.634,1.9162,0.7597,0.764,0.6814,0.8148,50,485.22,302.75,1,1,2025-10-01 13:51:25,17.9,73.3,,1,0,,0
2025-10-01 13:52:55,367.42,4.1443,237.84,7.6991,23.0974,240.68,228.95,243.9,414.09,408.98,412.27,411.96,8.4198,6.79,7.8876,1.5133,1.0337,1.5972,3.5746,1.3458,1.1579,1.0709,5.5048,2.0265,1.5546,1.9238,0.7572,0.7472,0.6659,0.8305,50,485.36,302.84,1,1,2025-10-01 13:52:55,17.2,70.9,,1,0,,0
2025-10-01 13:53:40,367.47,4.1376,237.38,7.6995,23.0986,241.34,226.86,243.96,413.26,407.19,412.46,411.15,8.6288,6.5471,7.9227,1.5309,0.9669,1.6399,3.556,1.4099,1.1246,1.0215,5.5006,2.0825,1.4853,1.9328,0.7583,0.7355,0.6519,0.8487,50,485.43,302.88,1,1,2025-10-01 13:53:40,16.7,69.4,,1,0,,0
2025-10-01 13:54:25,367.52,4.1583,237.89,7.7108,23.1326,240.64,229.36,243.67,414.55,410.08,410.86,411.73,8.3768,6.9292,7.8266,1.5234,1.0609,1.5741,3.5737,1.3181,1.1802,1.0754,5.5122,2.0158,1.5893,1.9071,0.7584,0.7562,0.6685,0.8257,50,485.49,302.92,1,1,2025-10-01 13:54:25,16.6,70.1,,1,0,,0
2025-10-01 13:55:10,367.57,4.0835,238.25,7.6296,22.8888,241.07,229.61,244.07,414.9,410.08,412.46,412.45,8.2641,6.9085,7.7162,1.4984,1.0443,1.5408,3.584,1.3113,1.1911,1.0816,5.4618,1.9922,1.5863,1.8833,0.7515,0.7525,0.6592,0.8184,50,485.56,302.97,1,1,2025-10-01 13:55:10,16.4,69.1,,1,0,,0
2025-10-01 13:55:55,367.62,4.1269,238.07,7.6809,23.042700000000004,241.19,229.04,243.99,414.73,408.34,413.51,412.14,8.4008,6.8531,7.7888,1.5202,1.0333,1.5735,3.5809,1.3378,1.1786,1.0644,5.4962,2.0262,1.5696,1.9004,0.7553,0.7506,0.6592,0.8282,50,485.63,303.01,1,1,2025-10-01 13:55:55,16.4,68.8,,1,0,,0
2025-10-01 13:56:40,367.67,4.118,238.13,7.6611,22.9835,240.27,230.27,243.87,414.77,411.59,410.4,412.25,8.1424,7.1169,7.7242,1.4949,1.1031,1.5199,3.5805,1.2601,1.2087,1.1116,5.4789,1.9564,1.6388,1.8837,0.7546,0.7645,0.6741,0.8071,50,485.7,303.06,1,1,2025-10-01 13:56:40,15.9,68.8,,1,0,,0
2025-10-01 13:57:25,367.73,4.3039,236.69,7.8519,23.555799999999998,239.55,227.92,242.61,412.24,406.09,411.09,409.74,8.5975,6.8801,8.0782,1.5686,1.0795,1.6558,3.5142,1.3327,1.1344,1.0471,5.5875,2.0595,1.5681,1.9599,0.7745,0.762,0.6893,0.8451,50,485.77,303.1,1,1,2025-10-01 13:57:25,15.8,66.9,,1,0,,0
2025-10-01 13:58:10,367.78,4.3886,237.52,7.944,23.8322,238.66,231.12,242.8,413.76,411.47,408.41,411.23,8.3549,7.446,8.0313,1.5735,1.2218,1.5933,3.5548,1.223,1.2087,1.1231,5.6649,1.994,1.7209,1.95,0.777,0.7895,0.7109,0.8173,50,485.84,303.15,1,1,2025-10-01 13:58:10,15.8,65.3,,1,0,,0
2025-10-01 13:58:55,367.84,4.383,237.46,7.9408,23.8225,239.48,229.72,243.19,413.26,408.99,411.18,411.14,8.5486,7.1263,8.1476,1.5805,1.1482,1.6543,3.5531,1.2996,1.1639,1.0895,5.6657,2.0472,1.6371,1.9814,0.7768,0.7723,0.7022,0.8351,50,485.91,303.19,1,1,2025-10-01 13:58:55,15.7,64.8,,1,0,,0
2025-10-01 13:59:40,367.89,4.4282,238.05,7.9856,23.9569,239.21,231.37,243.58,414.41,410.66,411.44,412.18,8.4114,7.4465,8.099,1.5848,1.2265,1.6169,3.5738,1.2379,1.2069,1.129,5.7077,2.0121,1.7229,1.9728,0.7781,0.788,0.7127,0.8199,50,485.98,303.24,1,1,2025-10-01 13:59:40,15.6,64.4,,1,0,,0
2025-10-01 14:00:25,367.95,4.4327,237.59,7.9873,23.9621,239.67,229,244.11,413.73,409.18,411.05,411.39,8.6541,7.1129,8.1951,1.6007,1.1474,1.6846,3.5484,1.3175,1.1532,1.0777,5.7035,2.0741,1.6289,2.0005,0.7806,0.7721,0.7053,0.8423,50,486.05,303.28,1,1,2025-10-01 14:00:25,15.1,63.9,,1,0,,0
2025-10-01 14:01:10,367.97,0.3485,238.88,0.4969,1.4908,240.67,231.03,244.96,416.15,410.62,414.02,413.41,0.0,0.0444,1.4464,0.0,0.0,0.3485,0.0586,0,0,0.0586,0.3646,0,0.0103,0.3543,0.9861,1,1,0.9861,50.1,486.08,303.3,0,1,2025-10-01 14:01:10,15.1,63.7,,0,0,,1
2025-10-01 14:01:55,367.97,0.3493,239.27,0.4952,1.4856,240.79,231.98,245.06,416.87,414.55,411.2,414.29,0.0,0.0428,1.4428,0.0,0.0016,0.3477,0.0588,0,0,0.0588,0.3635,0,0.0099,0.3536,0.9861,1,1,0.9859,50.1,486.08,303.3,0,1,2025-10-01 14:01:55,15.1,66.6,,0,0,,1
2025-10-01 14:02:40,367.98,0.3465,238.87,0.4937,1.4813,242.03,229.28,245.3,415.38,409.57,415.82,413.75,0.0,0.044,1.4373,0.0,0.0,0.3465,0.0599,0,0,0.0599,0.3627,0,0.0101,0.3526,0.9853,1,1,0.9853,50.1,486.09,303.3,0,1,2025-10-01 14:02:40,15.1,70.6,,0,0,,1
2025-10-01 14:03:25,367.98,0.346,239.89,0.4936,1.4808,241.25,233.1,245.34,418.65,413.5,413.82,415.27,0.0,0.0452,1.4356,0.0,0.0,0.346,0.0605,0,0,0.0605,0.3627,0,0.0105,0.3522,0.985,1,1,0.985,50.1,486.09,303.3,0,1,2025-10-01 14:03:25,15.1,73.6,,0,0,,1
2025-10-01 14:04:10,367.98,0.3448,239.06,0.4925,1.4775999999999998,242.02,230.49,244.68,416.57,409.37,415.84,413.81,0.0,0.0432,1.4344,0.0,0.0,0.3448,0.0599,0,0,0.0599,0.3609,0,0.01,0.351,0.9852,1,1,0.9852,50.1,486.1,303.3,0,1,2025-10-01 14:04:10,15.6,76.3,,0,0,,1
2025-10-01 14:04:55,367.99,0.3471,239.38,0.4932,1.4795999999999998,241.51,231.43,245.21,417.03,411.44,414.92,414.44,0.0,0.0432,1.4364,0.0,0.0011,0.346,0.0604,0,0,0.0604,0.3622,0,0.01,0.3522,0.9851,1,1,0.985,50.1,486.1,303.3,0,1,2025-10-01 14:04:55,15.7,78.2,,0,0,,1
2025-10-01 14:05:40,367.99,0.3462,238.98,0.4941,1.4825,241.04,230.98,244.94,416.02,411.51,413.78,413.62,0.0,0.0444,1.4381,0.0,0.0,0.3462,0.0597,0,0,0.0597,0.3625,0,0.0103,0.3522,0.9854,1,1,0.9854,50.1,486.11,303.3,0,1,2025-10-01 14:05:40,15.8,80.7,,0,0,,1
2025-10-01 14:06:25,368,0.3454,238.97,0.4934,1.4803,241.84,230.13,244.94,416.37,409.26,415.63,413.87,0.0,0.0452,1.4351,0.0,0.0,0.3454,0.0598,0,0,0.0598,0.3619,0,0.0104,0.3515,0.9853,1,1,0.9853,50.1,486.11,303.3,0,1,2025-10-01 14:06:25,16.0,82.6,,0,0,,1
2025-10-01 14:07:10,368,0.345,239.32,0.4921,1.4764,242.12,230.56,245.29,416.86,411.07,415.12,414.39,0.0,0.044,1.4324,0.0,0.0,0.345,0.061,0,0,0.061,0.3615,0,0.0101,0.3514,0.9847,1,1,0.9847,50.1,486.12,303.3,0,1,2025-10-01 14:07:10,16.5,83.2,,0,0,,1
2025-10-01 14:07:55,368.01,0.3431,238.95,0.4907,1.4723000000000002,241.06,231.31,244.48,416.05,410.35,414.82,413.54,0.0,0.0436,1.4287,0.0,0.0,0.3431,0.0602,0,0,0.0602,0.3594,0,0.0101,0.3493,0.9849,1,1,0.9849,50,486.12,303.3,0,1,2025-10-01 14:07:55,16.6,83.8,,0,0,,1
2025-10-01 14:08:40,368.01,0.343,239.04,0.4906,1.4718,240.3,232.45,244.39,416.37,412.77,412.49,413.96,0.0,0.0432,1.4286,0.0,0.0,0.343,0.0601,0,0,0.0601,0.3592,0,0.01,0.3491,0.9849,1,1,0.9849,50,486.12,303.3,0,1,2025-10-01 14:08:40,16.6,84.7,,0,0,,1
2025-10-01 14:09:25,368.02,0.3413,238.78,0.4893,1.4679,241.32,231.07,243.95,416.15,411.47,412.6,413.45,0.0,0.0432,1.4247,0.0,0.0,0.3413,0.0601,0,0,0.0601,0.3575,0,0.01,0.3476,0.9848,1,1,0.9848,50,486.13,303.3,0,1,2025-10-01 14:09:25,16.7,85.3,,0,0,,1
2025-10-01 14:10:10,368.02,0.342,238.42,0.4907,1.4723,240.87,230.57,243.83,415.26,410.67,412.46,412.92,0.0,0.0448,1.4275,0.0,0.0,0.342,0.0594,0,0,0.0594,0.3584,0,0.0103,0.3481,0.9852,1,1,0.9852,50,486.13,303.3,0,1,2025-10-01 14:10:10,17.2,85.7,,0,0,,1
2025-10-01 14:10:55,368.02,0.3408,238.27,0.4895,1.4685,240.49,230.68,243.65,415.08,409.53,413.06,412.5,0.0,0.0444,1.4241,0.0,0.0,0.3408,0.0598,0,0,0.0598,0.3572,0,0.0102,0.347,0.9849,1,1,0.9849,50,486.14,303.3,0,1,2025-10-01 14:10:55,17.3,86.2,,0,0,,1
2025-10-01 14:11:40,368.03,0.3407,238.73,0.489,1.4672,239.94,232.49,243.78,416.03,412.39,411.6,413.33,0.0,0.0444,1.4228,0.0,0.0,0.3407,0.0599,0,0,0.0599,0.3572,0,0.0103,0.3469,0.9848,1,1,0.9848,50,486.14,303.31,0,1,2025-10-01 14:11:40,17.3,86.8,,0,0,,1
2025-10-01 14:12:25,368.03,0.3413,237.91,0.4889,1.4667,240.45,229.7,243.59,414.21,408.64,412.94,411.95,0.0,0.0452,1.4215,0.0,0.0012,0.3401,0.0599,0,0,0.0599,0.3566,0,0.0104,0.3463,0.9849,1,1,0.9848,49.9,486.15,303.31,0,1,2025-10-01 14:12:25,17.4,88.6,,0,0,,1
2025-10-01 14:13:10,368.04,0.3434,238.65,0.4901,1.4705000000000001,241.89,230.11,243.96,415.2,410.21,414.27,413.23,0.0,0.044,1.4265,0.0,0.0014,0.3419,0.0596,0,0,0.0596,0.3581,0,0.0101,0.348,0.9852,1,1,0.9851,49.9,486.15,303.31,0,1,2025-10-01 14:13:10,17.9,89,,0,0,,1
2025-10-01 14:13:55,368.04,0.3429,238.82,0.4895,1.4686,241.99,230.38,244.09,415.81,410.23,414.49,413.42,0.0,0.0444,1.4242,0.0,0.0014,0.3415,0.0599,0,0,0.0599,0.3579,0,0.0102,0.3476,0.985,1,1,0.9849,50,486.16,303.31,0,1,2025-10-01 14:13:55,18.0,90.3,,0,0,,1
2025-10-01 14:14:40,368.05,0.3402,238.32,0.4871,1.4614,241.76,229.6,243.62,414.48,409.44,414.09,412.75,0.0,0.0444,1.417,0.0,0.0012,0.339,0.0601,0,0,0.0601,0.3554,0,0.0102,0.3452,0.9847,1,1,0.9846,49.9,486.16,303.31,0,1,2025-10-01 14:14:40,18.2,91,,0,0,,1
2025-10-01 14:15:25,368.05,0.3418,238.76,0.489,1.4671,240.19,232.17,243.94,415.25,411.21,413.87,413.41,0.0,0.0456,1.4215,0.0,0.0013,0.3406,0.0599,0,0,0.0599,0.3573,0,0.0106,0.3468,0.9849,1,1,0.9848,49.9,486.16,303.31,0,1,2025-10-01 14:15:25,18.3,90.5,,0,0,,1
2025-10-01 14:16:10,368.05,0.3407,238.31,0.488,1.4641000000000002,241.18,230.05,243.7,414.27,409.69,413.98,412.67,0.0,0.0456,1.4185,0.0,0.0011,0.3396,0.0594,0,0,0.0594,0.3562,0,0.0105,0.3457,0.9851,1,1,0.985,49.9,486.17,303.31,0,1,2025-10-01 14:16:10,18.8,91.1,,0,0,,1
2025-10-01 14:16:55,368.06,0.3391,237.95,0.4861,1.4585,241.57,229.14,243.14,413.54,408.31,414.27,411.99,0.0,0.0448,1.4137,0.0,0.0014,0.3377,0.0588,0,0,0.0588,0.354,0,0.0103,0.3437,0.9852,1,1,0.9851,49.9,486.17,303.31,0,1,2025-10-01 14:16:55,18.9,91.6,,0,0,,1
2025-10-01 14:17:40,368.06,0.3403,238.95,0.4877,1.4633,240.2,233.29,243.38,416.24,413.2,411.8,413.87,0.0,0.0444,1.4189,0.0,0.0011,0.3393,0.0591,0,0,0.0591,0.3557,0,0.0104,0.3453,0.9852,1,1,0.9851,50,486.18,303.31,0,1,2025-10-01 14:17:40,19.0,91.3,,0,0,,1
2025-10-01 14:18:25,368.07,0.3406,238.79,0.488,1.4640000000000002,240.86,231.84,243.69,415.07,410.74,414.73,413.53,0.0,0.0456,1.4184,0.0,0.001,0.3395,0.0594,0,0,0.0594,0.3562,0,0.0106,0.3456,0.9851,1,1,0.985,50,486.18,303.31,0,1,2025-10-01 14:18:25,19.1,91.1,,0,0,,1
2025-10-01 14:19:10,368.07,4.112,238.46,7.7628,23.2885,236.48,234.82,244.1,414.02,412.08,412.73,413.34,8.5955,6.9868,7.7062,1.5458,1.1061,1.4601,3.7109,1.3183,1.2078,1.1848,5.5544,2.0327,1.6406,1.8811,0.7423,0.7608,0.6753,0.7765,50,486.19,303.31,1,1,2025-10-01 14:19:10,19.5,90.9,,1,0,,0
2025-10-01 14:19:55,368.12,4.0803,237.29,7.6284,22.885199999999998,237.4,230.48,244.01,411.05,408.45,413.26,410.95,8.3972,6.4017,8.0863,1.4478,0.993,1.6395,3.5536,1.3689,1.0882,1.0966,5.4421,1.9935,1.4755,1.9731,0.754,0.7266,0.674,0.8312,50,486.26,303.36,1,1,2025-10-01 14:19:55,19.6,87.8,,1,0,,0
2025-10-01 14:20:40,368.18,4.1153,237.8,7.6579,22.9737,236.61,232.62,244.18,412.59,410.69,412.05,411.56,8.0971,6.9886,7.888,1.4513,1.1216,1.5424,3.5752,1.2491,1.1735,1.1526,5.4676,1.9159,1.6257,1.9261,0.7549,0.7579,0.6909,0.801,50,486.33,303.41,1,1,2025-10-01 14:20:40,19.5,83.4,,1,0,,0
2025-10-01 14:21:25,368.22,4.0734,237.77,7.6062,22.818800000000003,235.89,233.37,244.07,412.67,411.03,411.5,411.68,7.9183,7.0399,7.8606,1.4187,1.1418,1.513,3.5695,1.2134,1.1777,1.1785,5.4293,1.8678,1.6429,1.9185,0.752,0.7599,0.696,0.7889,50,486.39,303.45,1,1,2025-10-01 14:21:25,19.0,80,,1,0,,0
2025-10-01 14:22:10,368.27,4.0833,236.7,7.6239,22.8719,236.89,229.64,243.58,409.87,406.06,413.77,409.93,8.3831,6.4049,8.0839,1.4472,0.9957,1.6404,3.5248,1.358,1.0792,1.0876,5.4258,1.9859,1.4708,1.9691,0.7569,0.7292,0.678,0.8334,49.9,486.46,303.49,1,1,2025-10-01 14:22:10,18.9,77.5,,1,0,,0
2025-10-01 14:22:55,368.33,4.081,237.8,7.6211,22.8635,235.92,233.65,243.84,413.06,411.22,411.05,411.8,7.9598,7.0572,7.8465,1.4292,1.1417,1.5101,3.575,1.2159,1.1857,1.1734,5.4401,1.8779,1.6489,1.9133,0.7521,0.7616,0.6936,0.7896,49.9,486.53,303.54,1,1,2025-10-01 14:22:55,18.8,75.2,,1,0,,0
2025-10-01 14:23:40,368.38,4.0504,236.26,7.5671,22.7014,235.68,230.29,242.81,410.01,406.34,410.97,409.08,8.2246,6.5294,7.9474,1.4352,1.0248,1.5903,3.4904,1.3021,1.0968,1.0915,5.3717,1.9384,1.5037,1.9297,0.7575,0.7403,0.6826,0.8244,50,486.6,303.58,1,1,2025-10-01 14:23:40,18.2,73.6,,1,0,,0
2025-10-01 14:24:25,368.43,4.0838,236.38,7.5926,22.7779,235.15,231.28,242.71,410.08,407.91,409.97,409.39,8.1034,6.72,7.9545,1.4315,1.0804,1.5719,3.4902,1.2563,1.1139,1.12,5.3904,1.9055,1.5542,1.9306,0.7601,0.7516,0.6962,0.8144,50,486.67,303.63,1,1,2025-10-01 14:24:25,18.1,72.2,,1,0,,0
2025-10-01 14:25:10,368.48,4.0763,236.55,7.5891,22.767300000000002,235.63,231.56,242.46,410.36,409.04,409.46,409.89,8.1353,6.7266,7.9054,1.4418,1.0725,1.562,3.4978,1.2616,1.1263,1.1098,5.3913,1.9169,1.5576,1.9167,0.7589,0.7525,0.6895,0.8151,50,486.73,303.67,1,1,2025-10-01 14:25:10,17.9,70.9,,1,0,,0
2025-10-01 14:25:55,368.53,4.0839,236.72,7.5943,22.782899999999998,234.26,233.57,242.35,410.75,409.62,409.45,409.92,7.8716,7.1151,7.7962,1.4263,1.1676,1.4899,3.5067,1.1671,1.1788,1.1608,5.3953,1.844,1.6619,1.8894,0.7586,0.7739,0.7037,0.7888,50,486.8,303.71,1,1,2025-10-01 14:25:55,17.4,70.3,,1,0,,0
2025-10-01 14:26:40,368.58,4.0781,236.79,7.6013,22.804,234.78,232.71,242.88,411.23,408.49,410.35,409.98,8.0062,6.9482,7.8496,1.4315,1.1228,1.5238,3.5201,1.2163,1.1595,1.1443,5.4031,1.8797,1.6169,1.9065,0.7569,0.762,0.6956,0.7996,49.9,486.87,303.76,1,1,2025-10-01 14:26:40,17.3,69.6,,1,0,,0
2025-10-01 14:27:25,368.63,4.0964,236.74,7.6164,22.8492,235.44,231.35,243.44,411.03,407.3,411.46,409.86,8.1524,6.7919,7.9049,1.4458,1.0847,1.5659,3.5113,1.2608,1.1334,1.1171,5.4151,1.9194,1.5713,1.9244,0.7592,0.7536,0.6914,0.814,49.9,486.93,303.8,1,1,2025-10-01 14:27:25,17.2,70,,1,0,,0
2025-10-01 14:28:10,368.68,4.0805,236.23,7.6051,22.8153,235.69,229.96,243.05,410.61,405.69,410.78,409.2,8.269,6.5638,7.9825,1.445,1.0325,1.603,3.4947,1.3058,1.0976,1.0914,5.3985,1.9489,1.5094,1.9401,0.7595,0.7419,0.6851,0.8266,49.9,487,303.84,1,1,2025-10-01 14:28:10,16.7,69.9,,1,0,,0
2025-10-01 14:28:55,368.73,4.0941,236.03,7.5974,22.7924,232.51,232.33,243.26,408.26,408.95,408.99,409.98,7.8454,7.0591,7.8879,1.4028,1.1736,1.5177,3.4791,1.1643,1.142,1.1728,5.383,1.8241,1.64,1.9188,0.762,0.7694,0.7166,0.7912,49.9,487.07,303.89,1,1,2025-10-01 14:28:55,16.7,68.8,,1,0,,0
2025-10-01 14:29:40,368.79,4.2624,235.94,7.7818,23.345399999999998,233.4,231.9,242.53,409.55,407.53,408.57,408.55,8.1407,7.085,8.1197,1.472,1.1917,1.5986,3.4767,1.1999,1.1276,1.1491,5.5123,1.9,1.643,1.9693,0.7749,0.775,0.7263,0.8119,49.9,487.14,303.93,1,1,2025-10-01 14:29:40,16.6,69.1,,1,0,,0
2025-10-01 14:30:25,368.84,4.2637,235.58,7.7849,23.354799999999997,234.29,230.59,241.86,408.49,404.59,410.74,407.99,8.3234,6.8598,8.1716,1.4935,1.1334,1.6367,3.4592,1.2525,1.1003,1.1065,5.5083,1.9501,1.5818,1.9764,0.7765,0.7662,0.7175,0.8284,49.9,487.21,303.97,1,1,2025-10-01 14:30:25,16.6,67.4,,1,0,,0
2025-10-01 14:31:10,368.89,4.3253,235.86,7.8453,23.536099999999998,232.19,233.85,241.54,409.18,409.61,406.53,408.58,7.9533,7.4698,8.113,1.4739,1.2965,1.5549,3.47,1.1112,1.1669,1.1918,5.5531,1.8467,1.7468,1.9596,0.78,0.7984,0.7432,0.7936,49.9,487.28,304.02,1,1,2025-10-01 14:31:10,16.5,66.3,,1,0,,0
2025-10-01 14:31:55,368.95,4.3397,235.4,7.8571,23.571399999999997,233.27,231.36,241.57,408.08,405.42,409.41,407.56,8.3181,7.0056,8.2477,1.5072,1.1852,1.6473,3.4424,1.2206,1.1021,1.1196,5.5536,1.9404,1.6208,1.9924,0.7834,0.7771,0.7323,0.827,49.9,487.35,304.06,1,1,2025-10-01 14:31:55,16.4,65.2,,1,0,,0
2025-10-01 14:32:40,369,4.2885,235.38,7.8003,23.4011,233.24,231.22,241.68,407.84,405.52,409.44,407.6,8.2759,6.9254,8.1998,1.4897,1.1633,1.6355,3.4402,1.2257,1.0968,1.1176,5.5133,1.9303,1.6013,1.9817,0.78,0.7721,0.7275,0.8256,50,487.42,304.1,1,1,2025-10-01 14:32:40,15.9,65,,1,0,,0
2025-10-01 14:33:25,369.06,4.252,235.79,7.7583,23.2751,231.3,234.61,241.47,409.04,409.56,406.37,408.36,7.8344,7.4468,7.9939,1.4474,1.2905,1.514,3.4579,1.0884,1.1734,1.196,5.4895,1.8121,1.7471,1.9303,0.7758,0.7992,0.7398,0.7846,49.9,487.49,304.15,1,1,2025-10-01 14:33:25,15.9,64.4,,1,0,,0
2025-10-01 14:34:10,369.11,4.1952,235.26,7.6886,23.066000000000003,232.53,231.5,241.75,408.27,406.09,407.76,407.28,8.082,6.9952,7.9888,1.4582,1.168,1.569,3.4265,1.1836,1.1182,1.1247,5.43,1.8793,1.6194,1.9313,0.7745,0.7764,0.7223,0.8127,49.9,487.55,304.19,1,1,2025-10-01 14:34:10,15.8,65.7,,1,0,,0
2025-10-01 14:34:55,369.16,4.229,235.3,7.725,23.1751,232.15,231.65,242.11,408.01,406.59,407.74,407.42,8.069,7.0119,8.0942,1.4524,1.186,1.5906,3.4315,1.1816,1.1064,1.1435,5.4572,1.8732,1.6243,1.9597,0.7765,0.7757,0.7312,0.8119,49.9,487.62,304.23,1,1,2025-10-01 14:34:55,15.8,69,,1,0,,0
2025-10-01 14:35:40,369.21,4.2638,234.95,7.7694,23.3083,233.16,229.95,241.76,407.32,404.93,408.3,406.92,8.2973,6.8372,8.1738,1.4856,1.1379,1.6402,3.4201,1.2377,1.0816,1.1008,5.4829,1.9346,1.5722,1.9761,0.78,0.7683,0.7248,0.8303,49.9,487.69,304.27,1,1,2025-10-01 14:35:40,15.8,68.6,,1,0,,0
2025-10-01 14:36:25,369.27,4.3175,235.23,7.8366,23.509900000000002,232.97,230.96,241.78,407.46,407.1,407.49,407.3,8.2413,7.0736,8.195,1.4948,1.196,1.6268,3.4413,1.2027,1.1091,1.1294,5.5351,1.92,1.6337,1.9814,0.7819,0.7791,0.7332,0.8214,49.9,487.75,304.32,1,1,2025-10-01 14:36:25,15.8,68.8,,1,0,,0
2025-10-01 14:37:10,369.32,4.3106,234.75,7.8198,23.459400000000002,231.85,231.35,241.06,406.49,404.94,408.13,406.52,8.1422,7.117,8.2002,1.4787,1.2185,1.6134,3.4173,1.1721,1.1041,1.141,5.511,1.8878,1.6465,1.9767,0.7836,0.7836,0.741,0.8164,49.9,487.82,304.36,1,1,2025-10-01 14:37:10,15.7,67.7,,1,0,,0
2025-10-01 14:37:55,369.37,4.2522,234.89,7.7642,23.2926,232.5,230.7,241.49,406.32,405.82,408.2,406.7,8.2361,6.9513,8.1052,1.4821,1.1605,1.6095,3.4275,1.2112,1.1036,1.1126,5.4759,1.9149,1.6037,1.9573,0.7785,0.7743,0.7246,0.8225,49.9,487.89,304.4,1,1,2025-10-01 14:37:55,15.7,67.3,,1,0,,0
2025-10-01 14:38:40,369.41,0.3428,236.43,0.4941,1.4823000000000002,232.76,233.94,242.6,410.26,410.51,407.47,409.63,0.0,0.0456,1.4367,0.0,0.0,0.3428,0.0585,0,0,0.0585,0.3592,0,0.0107,0.3485,0.9857,1,1,0.9857,49.9,487.94,304.43,0,1,2025-10-01 14:38:40,15.7,66.9,,0,0,,1
2025-10-01 14:39:25,369.41,0.3384,236.13,0.4905,1.4716,238.74,228.24,241.42,409.75,404.35,412.69,408.88,0.0,0.046,1.4256,0.0,0.0,0.3384,0.0578,0,0,0.0578,0.3547,0,0.0105,0.3442,0.9857,1,1,0.9857,49.9,487.94,304.43,0,1,2025-10-01 14:39:25,15.7,68.5,,0,0,,1
2025-10-01 14:40:10,369.42,0.3393,236.81,0.4902,1.4706,239.27,229.01,242.17,412.26,407.44,410.41,409.73,0.0,0.0448,1.4258,0.0,0.0,0.3393,0.0588,0,0,0.0588,0.3555,0,0.0103,0.3453,0.9853,1,1,0.9853,49.9,487.95,304.43,0,1,2025-10-01 14:40:10,15.7,72.3,,0,0,,1
2025-10-01 14:40:55,369.42,0.3378,236.02,0.4892,1.4676,239.43,227.15,241.49,410.58,405.08,410.37,408.53,0.0,0.0444,1.4232,0.0,0.0,0.3378,0.0583,0,0,0.0583,0.3538,0,0.0101,0.3437,0.9854,1,1,0.9854,49.9,487.95,304.43,0,1,2025-10-01 14:40:55,15.8,75.2,,0,0,,1
2025-10-01 14:41:40,369.43,0.3389,235.94,0.4898,1.4696,238.83,227.13,241.86,409.89,404.64,411.11,408.47,0.0,0.044,1.4256,0.0,0.0,0.3389,0.0584,0,0,0.0584,0.3548,0,0.01,0.3448,0.9854,1,1,0.9854,49.9,487.96,304.44,0,1,2025-10-01 14:41:40,15.9,77.8,,0,0,,1
2025-10-01 14:42:25,369.43,0.3374,237.1,0.4874,1.4624000000000001,238.5,230.65,242.16,413.06,409.6,408.87,410.66,0.0,0.044,1.4184,0.0,0.0,0.3374,0.0594,0,0,0.0594,0.3536,0,0.0101,0.3435,0.9848,1,1,0.9848,49.9,487.96,304.44,0,1,2025-10-01 14:42:25,16.5,81.5,,0,0,,1
2025-10-01 14:43:10,369.44,0.3367,235.69,0.4882,1.4646000000000001,238.13,227.55,241.4,409.42,405.49,409.44,408.14,0.0,0.0456,1.419,0.0,0.0,0.3367,0.0584,0,0,0.0584,0.3529,0,0.0104,0.3425,0.9852,1,1,0.9852,49.9,487.97,304.44,0,1,2025-10-01 14:43:10,16.6,84.4,,0,0,,1
2025-10-01 14:43:55,369.44,0.3353,235.41,0.4871,1.4613,238.1,226.91,241.22,409.41,403.99,409.45,407.61,0.0,0.0467,1.4146,0.0,0.0,0.3353,0.0585,0,0,0.0585,0.3518,0,0.0106,0.3412,0.9851,1,1,0.9851,49.9,487.97,304.44,0,1,2025-10-01 14:43:55,16.7,85.6,,0,0,,1
2025-10-01 14:44:40,369.44,0.3356,235.94,0.4871,1.4613999999999998,237.7,229.05,241.08,410.68,406.84,408.05,408.47,0.0,0.0452,1.4162,0.0,0.0,0.3356,0.058,0,0,0.058,0.3518,0,0.0104,0.3414,0.9853,1,1,0.9853,49.9,487.98,304.44,0,1,2025-10-01 14:44:40,17.3,86.8,,0,0,,1
2025-10-01 14:45:25,369.45,0.3354,235.58,0.4861,1.4585000000000001,237.67,227.79,241.29,409.66,405.3,408.77,407.89,0.0,0.0456,1.4129,0.0,0.0,0.3354,0.0587,0,0,0.0587,0.3513,0,0.0104,0.3409,0.985,1,1,0.9849,49.9,487.98,304.44,0,1,2025-10-01 14:45:25,17.4,86.2,,0,0,,1
2025-10-01 14:46:10,369.45,0.3376,236.09,0.4872,1.4618,237.53,229.36,241.39,411.19,406.5,408.67,408.69,0.0,0.0448,1.417,0.0,0.0013,0.3362,0.0579,0,0,0.0579,0.3523,0,0.0103,0.342,0.9855,1,1,0.9854,49.9,487.98,304.44,0,1,2025-10-01 14:46:10,17.5,86.1,,0,0,,1
2025-10-01 14:46:55,369.46,0.3364,236.02,0.4869,1.4609,237.25,229.42,241.41,410.36,406.33,409.41,408.7,0.0,0.0444,1.4165,0.0,0.0,0.3364,0.0575,0,0,0.0575,0.3521,0,0.0102,0.342,0.9856,1,1,0.9854,50,487.99,304.44,0,1,2025-10-01 14:46:55,17.9,86.6,,0,0,,1
2025-10-01 14:47:40,369.46,0.3385,236.2,0.4892,1.4677,237.96,228.28,242.37,410.26,406.13,410.59,408.8,0.0,0.0467,1.421,0.0,0.0,0.3385,0.0585,0,0,0.0585,0.3551,0,0.0107,0.3444,0.9854,1,1,0.9854,50,487.99,304.44,0,1,2025-10-01 14:47:40,18.0,87.8,,0,0,,1
2025-10-01 14:48:25,369.47,0.3386,236.23,0.4883,1.4651,237.56,229.01,242.12,411.02,407.48,408.51,409.09,0.0,0.0456,1.4195,0.0,0.0,0.3386,0.0583,0,0,0.0583,0.3541,0,0.0104,0.3437,0.9854,1,1,0.9854,50,488,304.44,0,1,2025-10-01 14:48:25,18.1,88.2,,0,0,,1
2025-10-01 14:49:10,369.47,0.3373,235.37,0.4884,1.4652,238.74,225.42,241.96,408.76,403.45,410.44,407.67,0.0,0.0467,1.4185,0.0,0.0,0.3373,0.0585,0,0,0.0585,0.3537,0,0.0105,0.3432,0.9852,1,1,0.9852,49.9,488,304.44,0,1,2025-10-01 14:49:10,18.1,88.2,,0,0,,1
2025-10-01 14:49:55,369.47,0.3362,235.95,0.486,1.4582,237.87,227.97,242.01,409.69,405.76,410.24,408.49,0.0,0.0444,1.4138,0.0,0.0,0.3362,0.0587,0,0,0.0587,0.3523,0,0.0101,0.3422,0.985,1,1,0.985,49.9,488.01,304.44,0,1,2025-10-01 14:49:55,18.2,88.6,,0,0,,1
2025-10-01 14:50:40,369.48,0.3364,235.63,0.4874,1.4622,238.01,227.01,241.88,409.75,405.35,408.81,408.01,0.0,0.0467,1.4155,0.0,0.0,0.3364,0.0587,0,0,0.0587,0.353,0,0.0106,0.3424,0.9851,1,1,0.9851,49.9,488.01,304.44,0,1,2025-10-01 14:50:40,18.3,89.2,,0,0,,1
2025-10-01 14:51:25,369.48,0.3361,235.19,0.486,1.458,237.9,226.53,241.16,408.6,401.8,411.44,407.5,0.0,0.0452,1.4128,0.0,0.0011,0.335,0.0573,0,0,0.0573,0.351,0,0.0102,0.3407,0.9857,1,1,0.9856,49.9,488.01,304.44,0,1,2025-10-01 14:51:25,18.7,89.3,,0,0,,1
2025-10-01 14:52:10,369.49,0.3379,236.46,0.4871,1.4615,239.29,228.29,241.81,411.01,406.77,410.56,409.08,0.0,0.0444,1.4171,0.0,0.0011,0.3368,0.0581,0,0,0.0581,0.3528,0,0.0101,0.3427,0.9855,1,1,0.9854,49.9,488.02,304.45,0,1,2025-10-01 14:52:10,18.8,89.3,,0,0,,1
2025-10-01 14:52:55,369.49,0.337,236.32,0.4866,1.46,239.26,228.05,241.65,410.71,406.31,410.59,409.36,0.0,0.046,1.414,0.0,0.0011,0.3359,0.0577,0,0,0.0577,0.3522,0,0.0105,0.3417,0.9856,1,1,0.9855,49.9,488.02,304.45,0,1,2025-10-01 14:52:55,18.8,89.5,,0,0,,1
2025-10-01 14:53:40,369.49,0.3361,236.27,0.4862,1.4586,239.86,227.01,241.94,410.51,405.11,411.75,409.11,0.0,0.0448,1.4138,0.0,0.0,0.3361,0.0583,0,0,0.0583,0.3522,0,0.0102,0.3421,0.9852,1,1,0.9852,49.9,488.03,304.45,0,1,2025-10-01 14:53:40,18.9,90,,0,0,,1
2025-10-01 14:54:25,369.5,0.3377,236.41,0.4871,1.4614,240.07,227.09,242.08,411.15,406.07,410.8,408.91,0.0,0.0463,1.4151,0.0,0.001,0.3367,0.0582,0,0,0.0582,0.3531,0,0.0105,0.3426,0.9854,1,1,0.9853,49.9,488.03,304.45,0,1,2025-10-01 14:54:25,18.9,90.2,,0,0,,1
2025-10-01 14:55:10,369.5,0.3392,236.99,0.4869,1.4608999999999999,241.38,226.96,242.64,411.98,406.24,412.86,410.38,0.0,0.0452,1.4157,0.0,0.0017,0.3375,0.0588,0,0,0.0588,0.3538,0,0.0103,0.3435,0.9853,1,1,0.9851,49.9,488.04,304.45,0,1,2025-10-01 14:55:10,19.0,90.3,,0,0,,1
2025-10-01 14:55:55,369.51,0.3392,236.95,0.4877,1.4630999999999998,241.08,227.3,242.47,410.33,407.61,413.03,410.44,0.0,0.0448,1.4183,0.0,0.0011,0.3381,0.0578,0,0,0.0578,0.3541,0,0.0102,0.3439,0.9857,1,1,0.9857,49.9,488.04,304.45,0,1,2025-10-01 14:55:55,19.0,90.7,,0,0,,1
2025-10-01 14:56:40,369.51,0.3381,237.2,0.4865,1.4596,239.91,229.14,242.56,413.27,408.09,410.69,410.65,0.0,0.0456,1.414,0.0,0.001,0.3371,0.0584,0,0,0.0584,0.3534,0,0.0104,0.343,0.9854,1,1,0.9853,49.9,488.05,304.45,0,1,2025-10-01 14:56:40,19.1,90.7,,0,0,,1
2025-10-01 14:58:10,369.57,4.123,236.63,7.6679,23.0038,238.97,229.46,241.47,411.74,407.39,410.09,409.69,8.2042,7.0846,7.715,1.509,1.0984,1.5156,3.5287,1.2505,1.1958,1.0824,5.4491,1.9606,1.6256,1.8629,0.7597,0.7699,0.6764,0.8137,49.9,488.13,304.5,1,1,2025-10-01 14:58:10,19.5,87.1,,1,0,,0
2025-10-01 14:58:55,369.63,4.1429,236.24,7.6912,23.0738,239.13,227.87,241.73,410.83,406.14,410.2,409.01,8.4127,6.8198,7.8413,1.5209,1.0428,1.5792,3.5116,1.3151,1.1493,1.0471,5.4612,2.0117,1.554,1.8955,0.7628,0.7564,0.6719,0.8334,49.9,488.2,304.55,1,1,2025-10-01 14:58:55,19.0,82,,1,0,,0
2025-10-01 14:59:40,369.68,4.0984,236.09,7.6343,22.9029,238.52,227.73,242.02,409.78,405.95,410.71,408.75,8.293,6.8167,7.7932,1.4935,1.0447,1.5602,3.4996,1.2953,1.1455,1.0588,5.4165,1.978,1.5524,1.8861,0.7604,0.7554,0.6738,0.8274,49.9,488.27,304.59,1,1,2025-10-01 14:59:40,18.9,79.3,,1,0,,0
2025-10-01 15:00:25,369.73,4.1091,236.41,7.646,22.9381,238.52,228.62,242.11,410.72,407.76,409.57,409.38,8.1895,6.9815,7.7671,1.49,1.0836,1.5355,3.515,1.2616,1.169,1.0844,5.43,1.9534,1.5961,1.8805,0.7598,0.7631,0.6797,0.8168,49.9,488.33,304.63,1,1,2025-10-01 15:00:25,18.8,77.3,,1,0,,0
2025-10-01 15:01:55,369.83,4.1337,237.06,7.6594,22.9782,238.92,229.06,243.22,412.15,408.57,410.64,410.44,8.1256,7.1441,7.7085,1.4967,1.1182,1.5188,3.5253,1.235,1.1921,1.0982,5.4527,1.9414,1.6364,1.8749,0.7608,0.7713,0.6841,0.8103,50,488.46,304.72,1,1,2025-10-01 15:01:55,18.1,74.3,,1,0,,0
2025-10-01 15:02:40,369.88,4.1255,237.26,7.6642,22.9926,240.35,228.62,242.83,412.46,409.17,410.76,410.9,8.3516,6.8344,7.8066,1.5133,1.0413,1.5709,3.539,1.3171,1.1621,1.0598,5.4655,2.0073,1.5625,1.8957,0.7589,0.7543,0.6673,0.8289,50,488.53,304.76,1,1,2025-10-01 15:02:40,18.0,73,,1,0,,0
2025-10-01 15:03:25,369.93,4.1213,236.49,7.659,22.977,239.84,227.48,242.17,411.26,404.98,412.3,409.39,8.3952,6.725,7.8568,1.5105,1.0208,1.59,3.5113,1.3302,1.1372,1.044,5.446,2.0135,1.5298,1.9027,0.7611,0.7504,0.668,0.8359,50,488.6,304.81,1,1,2025-10-01 15:03:25,17.5,71.7,,1,0,,0
2025-10-01 15:04:10,369.98,4.1797,237.22,7.7268,23.1804,240.39,228.18,243.09,412.13,407.29,412.84,410.93,8.4501,6.8149,7.9154,1.529,1.0439,1.6067,3.5423,1.3356,1.1495,1.0572,5.5105,2.0313,1.555,1.9242,0.7628,0.7531,0.6722,0.8353,50,488.67,304.85,1,1,2025-10-01 15:04:10,17.4,71.1,,1,0,,0
2025-10-01 15:04:55,370.04,4.1823,237.65,7.732,23.196199999999997,239.79,230.5,242.66,413.35,408.7,412.49,411.48,8.2775,7.039,7.8797,1.5164,1.1031,1.5628,3.5672,1.2793,1.1871,1.1008,5.5194,1.9849,1.6225,1.9121,0.7608,0.7643,0.6807,0.8175,50,488.74,304.9,1,1,2025-10-01 15:04:55,17.3,72.1,,1,0,,0
2025-10-01 15:05:40,370.09,4.1153,237.99,7.6554,22.9662,238.81,232.11,243.05,413.78,411.07,411.43,411.97,7.9452,7.289,7.732,1.4706,1.1618,1.4829,3.5768,1.197,1.2266,1.1533,5.4685,1.8974,1.6918,1.8793,0.7547,0.7755,0.6876,0.7893,50,488.81,304.94,1,1,2025-10-01 15:05:40,17.2,72.1,,1,0,,0
2025-10-01 15:06:25,370.14,4.0822,237.44,7.6279,22.8839,240.16,229.61,242.57,412.96,407.56,412.98,411.06,8.2965,6.8459,7.7415,1.5015,1.0371,1.5436,3.555,1.3081,1.1785,1.0684,5.4422,1.9925,1.5719,1.8779,0.7541,0.754,0.6606,0.8222,50,488.88,304.99,1,1,2025-10-01 15:06:25,17.2,70.9,,1,0,,0
2025-10-01 15:07:10,370.19,4.0981,237.51,7.6389,22.9169,240.07,230.44,242.04,412.93,408.64,412.33,411.25,8.2125,6.9248,7.7796,1.4958,1.0655,1.5367,3.5547,1.2827,1.185,1.0871,5.4503,1.9716,1.5958,1.883,0.7554,0.7591,0.6686,0.8163,50,488.95,305.03,1,1,2025-10-01 15:07:10,16.7,70.4,,1,0,,0
2025-10-01 15:07:55,370.24,4.1098,237.21,7.6493,22.9479,240.03,228.93,242.69,412.22,408.91,411.06,410.84,8.3139,6.7981,7.8359,1.4995,1.0385,1.5718,3.5399,1.3148,1.156,1.069,5.4536,1.9956,1.5563,1.9017,0.7576,0.7518,0.6682,0.8268,49.9,489.02,305.07,1,1,2025-10-01 15:07:55,16.7,69.9,,1,0,,0
2025-10-01 15:08:40,370.3,4.1017,237.02,7.6444,22.9332,240.64,228.81,241.61,413.21,406.42,411.57,410.45,8.3737,6.7772,7.7823,1.5181,1.0213,1.5623,3.5319,1.3231,1.1639,1.0449,5.446,2.015,1.5507,1.8803,0.7577,0.7538,0.6595,0.8312,49.9,489.09,305.12,1,1,2025-10-01 15:08:40,16.6,67.3,,1,0,,0
2025-10-01 15:09:25,370.34,4.0819,236.78,7.616,22.848000000000003,240.37,228.37,241.62,411.98,406.26,411.82,410.2,8.3764,6.6474,7.8242,1.5044,0.9992,1.5783,3.5169,1.3369,1.1403,1.0397,5.422,2.0134,1.5181,1.8905,0.7575,0.7474,0.659,0.8351,49.9,489.15,305.16,1,1,2025-10-01 15:09:25,16.5,66.5,,1,0,,0
2025-10-01 15:10:10,370.4,4.0815,236.53,7.6291,22.8875,240.75,227.42,241.44,410.82,404.85,413.2,409.26,8.4912,6.5054,7.8909,1.5102,0.9636,1.6076,3.5184,1.3767,1.1204,1.0213,5.4289,2.0443,1.4795,1.9052,0.7574,0.739,0.652,0.844,49.9,489.22,305.21,1,1,2025-10-01 15:10:10,16.4,65.4,,1,0,,0
2025-10-01 15:10:55,370.45,4.0683,237.01,7.6009,22.8028,239.2,229.82,242.03,411.93,408.16,411.17,410.49,8.1268,6.9874,7.6886,1.4833,1.0765,1.5085,3.5319,1.2547,1.1888,1.0885,5.4106,1.9439,1.6058,1.8609,0.7551,0.7635,0.6712,0.8109,49.9,489.29,305.25,1,1,2025-10-01 15:10:55,15.9,64.6,,1,0,,0
2025-10-01 15:11:40,370.5,4.0629,236.55,7.5841,22.752499999999998,238.39,229.46,241.8,410.73,406.64,411.52,409.45,8.1618,6.7468,7.8439,1.4622,1.0458,1.5549,3.5058,1.2823,1.1386,1.0849,5.3905,1.9457,1.5481,1.8967,0.7571,0.7518,0.6764,0.82,49.9,489.35,305.29,1,1,2025-10-01 15:11:40,15.8,64.1,,1,0,,0
2025-10-01 15:12:25,370.55,4.0396,236.6,7.5729,22.7188,238.85,228.96,242,408.39,410.48,410.29,409.89,8.2631,6.6832,7.7725,1.475,1.0121,1.5525,3.5148,1.3095,1.1448,1.0604,5.3848,1.9736,1.5302,1.8809,0.7544,0.7478,0.6623,0.8257,49.9,489.42,305.34,1,1,2025-10-01 15:12:25,15.7,65.9,,1,0,,0
2025-10-01 15:13:10,370.6,4.0362,236.17,7.5772,22.7318,239.44,227.13,241.95,410.9,402.7,413.29,409,8.4896,6.3706,7.8716,1.488,0.9382,1.6101,3.498,1.3833,1.0989,1.0158,5.3842,2.0327,1.447,1.9045,0.7556,0.7323,0.6493,0.8457,49.9,489.49,305.38,1,1,2025-10-01 15:13:10,15.7,64.6,,1,0,,0
2025-10-01 15:13:55,370.65,4.0558,237.17,7.5789,22.736800000000002,237.56,231.6,242.36,412.37,409.53,410.15,410.67,7.8343,7.2249,7.6776,1.4416,1.1511,1.463,3.5361,1.1756,1.2115,1.149,5.3951,1.8611,1.6733,1.8607,0.7537,0.7749,0.6888,0.7864,49.9,489.56,305.43,1,1,2025-10-01 15:13:55,15.6,65.7,,1,0,,0
2025-10-01 15:14:40,370.66,0.3449,237.85,0.4937,1.4811,240.98,229.49,243.1,413.41,408.78,413.42,411.94,0.0,0.0444,1.4367,0.0,0.0014,0.3435,0.0582,0,0,0.0582,0.3595,0,0.0102,0.3493,0.986,1,1,0.9859,49.9,489.57,305.43,0,1,2025-10-01 15:14:40,15.6,65.6,,0,0,,1
2025-10-01 15:15:25,370.66,0.3449,238.09,0.4941,1.4823,240.83,230.09,243.36,413.52,408.84,414.54,412.42,0.0,0.046,1.4363,0.0,0.0013,0.3437,0.0587,0,0,0.0587,0.3601,0,0.0106,0.3495,0.9858,1,1,0.9857,49.9,489.57,305.43,0,1,2025-10-01 15:15:25,15.6,68.8,,0,0,,1
2025-10-01 15:16:10,370.67,0.3439,238.25,0.4936,1.4808,241.49,229.62,243.66,414.51,410.35,412.69,412.59,0.0,0.0448,1.436,0.0,0.0,0.3439,0.0592,0,0,0.0592,0.3602,0,0.0103,0.3499,0.9854,1,1,0.9854,50,489.58,305.43,0,1,2025-10-01 15:16:10,15.6,72.4,,0,0,,1
2025-10-01 15:16:55,370.67,0.3435,237.68,0.4913,1.4739,241.88,227.81,243.37,412.66,407.1,415.01,411.78,0.0,0.0444,1.4295,0.0,0.0016,0.3419,0.0592,0,0,0.0592,0.358,0,0.0101,0.3479,0.9854,1,1,0.9853,50,489.58,305.43,0,1,2025-10-01 15:16:55,15.7,75.2,,0,0,,1
2025-10-01 15:17:40,370.68,0.3425,237.24,0.4917,1.4753,239.21,229.91,242.61,412.04,409.39,410.96,411.02,0.0,0.0456,1.4297,0.0,0.0015,0.341,0.0581,0,0,0.0581,0.3573,0,0.0105,0.3469,0.9859,1,1,0.9857,50,489.59,305.44,0,1,2025-10-01 15:17:40,15.8,77.5,,0,0,,1
2025-10-01 15:18:25,370.68,0.3397,237.12,0.49,1.4702000000000002,239.04,229.72,242.62,411.92,408.26,411.63,410.75,0.0,0.0456,1.4246,0.0,0.0,0.3397,0.0589,0,0,0.0589,0.3561,0,0.0105,0.3456,0.9853,1,1,0.9853,50,489.59,305.44,0,1,2025-10-01 15:18:25,15.9,79.5,,0,0,,1
2025-10-01 15:19:10,370.69,0.3383,237.17,0.4884,1.4653,238.49,230.74,242.29,411.99,410.06,409.98,410.61,0.0,0.044,1.4213,0.0,0.0,0.3383,0.0591,0,0,0.0591,0.3545,0,0.0102,0.3444,0.985,1,1,0.985,49.9,489.6,305.44,0,1,2025-10-01 15:19:10,16.4,80.9,,0,0,,1
2025-10-01 15:19:55,370.69,0.3394,237.12,0.49,1.4700000000000002,238.95,230.01,242.41,412.18,407.79,411.84,410.37,0.0,0.0456,1.4244,0.0,0.0,0.3394,0.0586,0,0,0.0586,0.3558,0,0.0105,0.3453,0.9854,1,1,0.9854,49.9,489.6,305.44,0,1,2025-10-01 15:19:55,16.5,82.1,,0,0,,1
2025-10-01 15:20:40,370.69,0.3397,236.91,0.4884,1.4651999999999998,239.28,228.78,242.69,411.79,409.1,409.67,410.26,0.0,0.0452,1.42,0.0,0.0012,0.3386,0.059,0,0,0.059,0.355,0,0.0103,0.3446,0.9852,1,1,0.9851,50,489.6,305.44,0,1,2025-10-01 15:20:40,16.6,83.1,,0,0,,1
2025-10-01 15:21:25,370.7,0.3407,236.72,0.4896,1.469,239.77,227.59,242.8,410.96,406.77,411.94,409.84,0.0,0.046,1.423,0.0,0.0013,0.3394,0.0597,0,0,0.0597,0.356,0,0.0105,0.3455,0.9849,1,1,0.9848,50,489.61,305.44,0,1,2025-10-01 15:21:25,16.7,84.1,,0,0,,1
2025-10-01 15:22:10,370.7,0.3403,236.52,0.4885,1.4657,238.81,227.99,242.78,410.76,406.36,411.54,409.44,0.0,0.0436,1.4221,0.0,0.0011,0.3392,0.0593,0,0,0.0593,0.3552,0,0.0099,0.3453,0.9851,1,1,0.985,50,489.61,305.44,0,1,2025-10-01 15:22:10,16.7,85.1,,0,0,,1
2025-10-01 15:22:55,370.71,0.338,236.78,0.4877,1.4633,238.42,229.99,241.95,411.83,408.17,410,410.06,0.0,0.046,1.4173,0.0,0.001,0.337,0.0587,0,0,0.0587,0.3535,0,0.0106,0.3429,0.9852,1,1,0.9851,49.9,489.62,305.44,0,1,2025-10-01 15:22:55,17.2,85.6,,0,0,,1
2025-10-01 15:23:40,370.71,0.3381,236.49,0.489,1.4671,238.82,228.55,242.12,410.68,405.85,412.07,409.1,0.0,0.0463,1.4208,0.0,0.0,0.3381,0.0585,0,0,0.0585,0.3546,0,0.0106,0.344,0.9853,1,1,0.9853,49.9,489.62,305.44,0,1,2025-10-01 15:23:40,17.3,86.4,,0,0,,1
2025-10-01 15:24:25,370.72,0.3359,236.49,0.4869,1.4608,237.38,230.61,241.49,410.9,407.92,409.75,409.62,0.0,0.046,1.4148,0.0,0.0,0.3359,0.0575,0,0,0.0575,0.3523,0,0.0106,0.3417,0.9856,1,1,0.9856,49.9,489.63,305.44,0,1,2025-10-01 15:24:25,17.4,87,,0,0,,1
2025-10-01 15:25:10,370.72,0.3346,236.16,0.4851,1.4555,239.12,228.09,241.27,410.65,406.22,409.89,409,0.0,0.044,1.4115,0.0,0.0,0.3346,0.0583,0,0,0.0583,0.3506,0,0.01,0.3406,0.9851,1,1,0.9851,49.9,489.63,305.44,0,1,2025-10-01 15:25:10,17.5,87.3,,0,0,,1
2025-10-01 15:25:55,370.72,0.3349,236.06,0.4852,1.4558,238.82,228.35,241.03,410.34,405.67,410.33,408.74,0.0,0.0463,1.4095,0.0,0.001,0.3339,0.058,0,0,0.058,0.3503,0,0.0106,0.3397,0.9853,1,1,0.9852,49.9,489.63,305.44,0,1,2025-10-01 15:25:55,17.5,87.6,,0,0,,1
2025-10-01 15:26:40,370.73,0.336,236.12,0.4858,1.4574,237.97,229.37,241.04,409.95,407.02,409.71,409,0.0,0.0444,1.413,0.0,0.0012,0.3348,0.0576,0,0,0.0576,0.3508,0,0.0102,0.3406,0.9856,1,1,0.9855,49.9,489.64,305.44,0,1,2025-10-01 15:26:40,18.0,88.3,,0,0,,1
2025-10-01 15:27:25,370.73,0.3347,235.93,0.4853,1.4559,239.24,227.16,241.39,409.89,405.14,410.56,408.65,0.0,0.0448,1.4111,0.0,0.0,0.3347,0.0581,0,0,0.0581,0.3508,0,0.0102,0.3406,0.9852,1,1,0.9852,49.9,489.64,305.44,0,1,2025-10-01 15:27:25,18.0,88.5,,0,0,,1
2025-10-01 15:28:10,370.74,0.335,235.44,0.4862,1.4587,238.27,226.68,241.39,408.78,405.2,409.05,407.72,0.0,0.0463,1.4124,0.0,0.0,0.335,0.0581,0,0,0.0581,0.3514,0,0.0105,0.3409,0.9852,1,1,0.9852,49.9,489.65,305.45,0,1,2025-10-01 15:28:10,18.1,88.8,,0,0,,1
2025-10-01 15:28:55,370.74,0.3359,235.74,0.4861,1.4585,239.04,226.76,241.43,409.45,405.51,409.62,408.15,0.0,0.0467,1.4118,0.0,0.001,0.3349,0.0582,0,0,0.0582,0.3514,0,0.0106,0.3409,0.9853,1,1,0.9852,49.9,489.65,305.45,0,1,2025-10-01 15:28:55,18.2,89.1,,0,0,,1
2025-10-01 15:29:40,370.74,0.3354,236.08,0.4856,1.4569,239.02,227.64,241.6,408.24,407.31,410.96,408.73,0.0,0.0444,1.4125,0.0,0.0,0.3354,0.0579,0,0,0.0579,0.3514,0,0.0101,0.3413,0.9854,1,1,0.9854,49.9,489.66,305.45,0,1,2025-10-01 15:29:40,18.2,89.3,,0,0,,1
2025-10-01 15:30:25,370.75,0.3398,237.9,0.4872,1.4618,240.17,230.71,242.82,413.48,410.93,411.36,411.89,0.0,0.0456,1.4162,0.0,0.0018,0.3379,0.0583,0,0,0.0583,0.3544,0,0.0105,0.3439,0.9855,1,1,0.9854,50,489.66,305.45,0,1,2025-10-01 15:30:25,18.3,89.5,,0,0,,1
2025-10-01 15:31:10,370.75,0.3374,237.74,0.4859,1.4579,240.76,230.27,242.2,413.36,408.66,413.05,411.67,0.0,0.0452,1.4127,0.0,0.001,0.3364,0.0573,0,0,0.0573,0.3526,0,0.0104,0.3422,0.9858,1,1,0.9857,50,489.67,305.45,0,1,2025-10-01 15:31:10,18.7,89.6,,0,0,,1
2025-10-01 15:31:55,370.76,0.3378,237.47,0.4862,1.4586,240.44,230.06,241.93,412.45,407.95,413.36,411.02,0.0,0.0448,1.4138,0.0,0.0014,0.3363,0.057,0,0,0.057,0.3523,0,0.0103,0.342,0.986,1,1,0.9859,50,489.67,305.45,0,1,2025-10-01 15:31:55,18.8,90.3,,0,0,,1
2025-10-01 15:32:40,370.76,0.3365,237.86,0.4855,1.4565000000000001,239.72,232.31,241.56,414.39,411.53,409.65,411.88,0.0,0.046,1.4105,0.0,0.0014,0.3351,0.0564,0,0,0.0564,0.3514,0,0.0107,0.3407,0.9862,1,1,0.9861,50,489.67,305.45,0,1,2025-10-01 15:32:40,18.9,90.1,,0,0,,1
2025-10-01 15:33:25,370.77,0.3361,236.86,0.4848,1.4545000000000001,240.71,228.06,241.82,411.31,406.7,412.5,410.09,0.0,0.0456,1.4089,0.0,0.0012,0.3349,0.0575,0,0,0.0575,0.3511,0,0.0104,0.3407,0.9856,1,1,0.9855,50,489.68,305.45,0,1,2025-10-01 15:33:25,18.9,90.9,,0,0,,1
2025-10-01 15:34:10,370.77,0.3392,237.8,0.4882,1.4647000000000001,241.21,229.81,242.38,413.67,409.69,411.9,411.5,0.0,0.046,1.4187,0.0,0.0011,0.3381,0.0574,0,0,0.0574,0.3544,0,0.0106,0.3439,0.9859,1,1,0.9858,50,489.68,305.45,0,1,2025-10-01 15:34:10,19.0,90.3,,0,0,,1
2025-10-01 15:34:55,370.77,0.3381,237.75,0.4863,1.4588999999999999,241.08,229.97,242.21,413.61,409.73,411.67,411.7,0.0,0.0448,1.4141,0.0,0.0014,0.3367,0.0574,0,0,0.0574,0.3528,0,0.0103,0.3425,0.9859,1,1,0.9857,50,489.69,305.45,0,1,2025-10-01 15:34:55,19.0,89.9,,0,0,,1
2025-10-01 15:35:40,370.78,3.2436,235.99,10.6468,31.9406,240.27,226.34,241.38,410.09,404.49,411.37,409.85,11.3882,9.8129,10.7395,1.2214,0.7308,1.2914,3.1328,1.2429,0.9667,0.9232,7.5496,2.7362,2.2211,2.5923,0.7192,0.7009,0.603,0.8135,49.9,489.69,305.45,1,1,2025-10-01 15:35:40,19.1,89.9,,1,0,,0
2025-10-01 15:36:25,370.83,4.1044,236.62,7.6429,22.9287,238.38,230.47,241.02,412.27,408.89,407.92,409.6,7.9113,7.4093,7.6081,1.4851,1.1737,1.4456,3.525,1.1606,1.2371,1.1273,5.4272,1.8859,1.7076,1.8337,0.7586,0.7879,0.6882,0.7885,49.9,489.76,305.5,1,1,2025-10-01 15:36:25,19.1,86.4,,1,0,,0
2025-10-01 15:37:10,370.88,4.1749,235.6,7.7129,23.1387,239.39,226.68,240.75,409.83,404.64,409.4,408.03,8.4886,6.7332,7.9169,1.5365,1.0298,1.6086,3.4734,1.3284,1.1239,1.0211,5.4644,2.0321,1.5263,1.906,0.7687,0.7564,0.6755,0.8442,49.9,489.83,305.54,1,1,2025-10-01 15:37:10,19.0,81,,1,0,,0
2025-10-01 15:37:55,370.93,4.1598,236.33,7.6977,23.0933,238.45,229.5,241.04,411.43,406.9,409.31,409.26,8.2375,7.0456,7.8102,1.5134,1.1052,1.5411,3.5078,1.2504,1.1774,1.0799,5.4638,1.9642,1.617,1.8826,0.7644,0.7709,0.6843,0.8189,49.9,489.9,305.59,1,1,2025-10-01 15:37:55,18.8,76.6,,1,0,,0
2025-10-01 15:38:40,370.99,4.1601,236.43,7.6893,23.0681,237.78,230.12,241.41,410.99,409.22,407.93,409.38,8.0862,7.2286,7.7533,1.4997,1.1518,1.5085,3.5057,1.2016,1.1971,1.107,5.4579,1.9227,1.6634,1.8717,0.7646,0.7804,0.6933,0.8062,49.9,489.97,305.63,1,1,2025-10-01 15:38:40,18.2,73.3,,1,0,,0
2025-10-01 15:39:25,371.04,4.1578,235.86,7.7031,23.109499999999997,239.2,226.61,241.77,409.52,404.77,410.95,408.48,8.5365,6.5737,7.9993,1.5199,1.0,1.6379,3.4907,1.3621,1.1016,1.027,5.4656,2.0419,1.4897,1.934,0.7658,0.7447,0.6721,0.8472,49.9,490.04,305.67,1,1,2025-10-01 15:39:25,18.0,73.1,,1,0,,0
2025-10-01 15:40:10,371.09,4.1746,236.27,7.7193,23.158,238.8,228.01,242.02,410.88,406.54,409.88,409.11,8.3634,6.9295,7.8651,1.5215,1.0745,1.5787,3.5084,1.2916,1.155,1.0618,5.4807,1.9972,1.58,1.9035,0.7655,0.7623,0.6811,0.8297,49.9,490.1,305.72,1,1,2025-10-01 15:40:10,17.4,72.5,,1,0,,0
2025-10-01 15:40:55,371.14,4.1228,235.31,7.6637,22.9912,239.45,224.14,242.36,408.68,403.47,410.1,407.76,8.5884,6.4256,7.9772,1.5118,0.9558,1.6552,3.4648,1.3925,1.0747,0.9975,5.4301,2.0565,1.4402,1.9334,0.7655,0.7355,0.6645,0.8564,49.9,490.17,305.76,1,1,2025-10-01 15:40:55,17.2,70.1,,1,0,,0
2025-10-01 15:41:40,371.19,4.146,235.84,7.686,23.058,239.33,226.14,242.05,409.91,405.02,410.08,408.33,8.457,6.7116,7.8894,1.5193,1.0188,1.6079,3.4862,1.3355,1.122,1.0287,5.4514,2.024,1.5178,1.9096,0.7653,0.751,0.6722,0.8423,49.9,490.24,305.8,1,1,2025-10-01 15:41:40,16.6,70.1,,1,0,,0
2025-10-01 15:42:25,371.25,4.1311,235.67,7.6665,22.9996,239.18,226.14,241.7,409.45,404.22,410.56,408.07,8.4783,6.621,7.9003,1.5162,1.0012,1.6137,3.4751,1.3451,1.1106,1.0194,5.4346,2.0278,1.4973,1.9095,0.7652,0.748,0.6696,0.8454,49.9,490.31,305.85,1,1,2025-10-01 15:42:25,16.4,68.8,,1,0,,0
2025-10-01 15:43:10,371.3,4.1168,235.58,7.6566,22.97,238.48,226.86,241.4,409.35,405.07,409.3,407.9,8.3612,6.7395,7.8693,1.5003,1.0304,1.5861,3.4827,1.3116,1.127,1.0441,5.4226,1.994,1.5289,1.8996,0.7634,0.7528,0.6747,0.8352,49.8,490.38,305.89,1,1,2025-10-01 15:43:10,15.9,69.9,,1,0,,0
2025-10-01 15:43:55,371.35,4.1402,235.83,7.6827,23.0481,239.09,227.56,240.86,410.14,406.45,408.42,408.51,8.4225,6.8135,7.8121,1.5299,1.0366,1.5737,3.4893,1.3083,1.1506,1.0304,5.4458,2.0137,1.5505,1.8816,0.7646,0.76,0.6693,0.8366,49.8,490.44,305.93,1,1,2025-10-01 15:43:55,15.8,69.9,,1,0,,0
2025-10-01 15:44:40,371.4,4.1188,235.32,7.6721,23.0163,239.63,225.54,240.81,408.55,402.84,411.15,407.71,8.5946,6.4295,7.9922,1.5193,0.9558,1.6437,3.4755,1.3883,1.0875,0.9997,5.4342,2.0595,1.4501,1.9246,0.7642,0.7382,0.6601,0.8543,49.8,490.51,305.98,1,1,2025-10-01 15:44:40,15.8,68.5,,1,0,,0
2025-10-01 15:46:10,371.5,4.1537,235.38,7.688,23.064,238.13,227.43,240.59,409.37,404.76,408.59,407.5,8.3795,6.8211,7.8634,1.5204,1.0532,1.58,3.4659,1.2903,1.1362,1.0394,5.4386,1.9954,1.5513,1.8919,0.7678,0.7624,0.6798,0.8354,49.8,490.64,306.06,1,1,2025-10-01 15:46:10,15.7,66.1,,1,0,,0
2025-10-01 15:46:55,371.55,4.2477,235.61,7.7826,23.3478,237.87,227.98,240.99,409.29,404.91,409.8,407.88,8.3728,7.0473,7.9277,1.5427,1.1164,1.5886,3.4705,1.2579,1.1527,1.0599,5.5088,1.9916,1.6066,1.9105,0.7743,0.775,0.6957,0.8318,49.9,490.71,306.11,1,1,2025-10-01 15:46:55,15.6,65.1,,1,0,,0
2025-10-01 15:47:40,371.61,4.283,235.48,7.8125,23.4376,237.92,227.22,241.3,408.94,406.23,407.99,408.13,8.3688,7.113,7.9558,1.5493,1.135,1.5987,3.4586,1.2491,1.148,1.0615,5.5271,1.9911,1.6162,1.9197,0.778,0.7785,0.703,0.833,49.9,490.78,306.15,1,1,2025-10-01 15:47:40,15.2,67,,1,0,,0
2025-10-01 15:48:25,371.66,4.2952,235.45,7.8291,23.487299999999998,238.55,226.21,241.61,409.31,404.2,409.54,407.81,8.5452,6.8835,8.0586,1.562,1.0837,1.6494,3.4565,1.3082,1.1152,1.0331,5.5426,2.0385,1.5571,1.947,0.779,0.7666,0.6969,0.8474,49.9,490.85,306.19,1,1,2025-10-01 15:48:25,15.2,68.5,,1,0,,0
2025-10-01 15:49:10,371.72,4.2899,235.46,7.8192,23.4576,238.46,226.27,241.67,409.53,404.54,408.98,407.73,8.403,7.0326,8.022,1.5478,1.1177,1.6244,3.4565,1.2706,1.1295,1.0564,5.5337,2.0038,1.5913,1.9387,0.7786,0.7729,0.7034,0.8383,49.9,490.92,306.24,1,1,2025-10-01 15:49:10,15.2,66.5,,1,0,,0
2025-10-01 15:50:40,371.8,0.3431,236.84,0.4952,1.4858,240.1,228.39,242.03,412.12,406.55,411.63,410.1,0.0,0.0456,1.4402,0.0,0.0,0.3431,0.0569,0,0,0.0569,0.359,0,0.0104,0.3486,0.9865,1,1,0.9865,49.9,491.03,306.3,0,1,2025-10-01 15:50:40,15.0,64.3,,0,0,,1
2025-10-01 15:51:25,371.81,0.3394,236.64,0.4913,1.4739,240.41,227.57,241.96,411.09,407.31,410.86,409.78,0.0,0.0474,1.4265,0.0,0.0,0.3394,0.058,0,0,0.058,0.3559,0,0.0108,0.3452,0.9857,1,1,0.9857,49.9,491.04,306.31,0,1,2025-10-01 15:51:25,15.0,66.9,,0,0,,1
2025-10-01 15:52:10,371.81,0.3397,236.69,0.491,1.4731999999999998,240.12,228.12,241.83,410.87,406.82,411.91,409.67,0.0,0.0448,1.4284,0.0,0.0,0.3397,0.058,0,0,0.058,0.3556,0,0.0102,0.3454,0.9857,1,1,0.9857,49.9,491.04,306.31,0,1,2025-10-01 15:52:10,15.0,70.4,,0,0,,1
2025-10-01 15:52:55,371.81,0.3387,236.68,0.4899,1.4697,239.61,228.73,241.7,410.98,406.76,411.83,409.81,0.0,0.0444,1.4253,0.0,0.0,0.3387,0.0583,0,0,0.0583,0.3547,0,0.0102,0.3445,0.9855,1,1,0.9855,49.9,491.04,306.31,0,1,2025-10-01 15:52:55,15.1,74.2,,0,0,,1
2025-10-01 15:53:40,371.82,0.3397,237,0.4898,1.4695,238.35,230.5,242.16,412.08,409.41,409.62,410.33,0.0,0.0448,1.4247,0.0,0.0011,0.3385,0.0593,0,0,0.0593,0.3553,0,0.0103,0.345,0.985,1,1,0.9852,49.9,491.05,306.31,0,1,2025-10-01 15:53:40,15.6,76.8,,0,0,,1
2025-10-01 15:54:25,371.82,0.3397,237.01,0.4894,1.4682,239.42,230.01,241.6,411.84,408.44,410.96,410.19,0.0,0.0452,1.423,0.0,0.0016,0.3381,0.0583,0,0,0.0583,0.3542,0,0.0104,0.3438,0.9855,1,1,0.9853,49.9,491.05,306.31,0,1,2025-10-01 15:54:25,15.7,78.7,,0,0,,1
2025-10-01 15:55:10,371.83,0.3358,236.2,0.4878,1.4635,239.67,227.54,241.4,410.77,404.98,411.28,408.91,0.0,0.046,1.4175,0.0,0.0,0.3358,0.0589,0,0,0.0589,0.3527,0,0.0105,0.3422,0.9849,1,1,0.9848,49.8,491.06,306.31,0,1,2025-10-01 15:55:10,15.8,80.3,,0,0,,1
2025-10-01 15:55:55,371.83,0.3369,236.05,0.4878,1.4634999999999998,239.11,227.18,241.87,409.8,406.75,409.61,408.93,0.0,0.0452,1.4183,0.0,0.0,0.3369,0.0596,0,0,0.0596,0.3533,0,0.0103,0.343,0.9847,1,1,0.9847,49.9,491.06,306.31,0,1,2025-10-01 15:55:55,15.9,81.4,,0,0,,1
2025-10-01 15:56:40,371.83,0.3304,235.45,0.4843,1.4531,241.21,226.53,238.63,410.87,403.27,408.99,407.5,0.0,0.0463,1.4068,0.0,0.0,0.3304,0.055,0,0,0.055,0.3462,0,0.0105,0.3357,0.9864,1,1,0.9864,49.9,491.07,306.31,0,1,2025-10-01 15:56:40,16.4,82.4,,0,0,,1
2025-10-01 15:57:25,371.84,0.3307,235.65,0.4852,1.4557,241,227.57,238.38,410.13,405.1,408.97,408,0.0,0.0463,1.4094,0.0,0.0,0.3307,0.055,0,0,0.055,0.3465,0,0.0105,0.336,0.9864,1,1,0.9864,49.8,491.07,306.31,0,1,2025-10-01 15:57:25,16.5,83.6,,0,0,,1
2025-10-01 15:58:10,371.84,0.3306,236.13,0.4843,1.4531,240.6,229.02,238.78,411.34,406.12,409.25,408.81,0.0,0.0456,1.4075,0.0,0.0,0.3306,0.0559,0,0,0.0559,0.3465,0,0.0104,0.3361,0.9859,1,1,0.9859,49.8,491.08,306.31,0,1,2025-10-01 15:58:10,16.6,84.3,,0,0,,1
2025-10-01 15:58:55,371.85,0.3298,236.36,0.4842,1.4527,241.28,229.58,238.23,411.66,406.41,409.89,409.34,0.0,0.0463,1.4064,0.0,0.0,0.3298,0.0549,0,0,0.0549,0.3457,0,0.0106,0.335,0.9864,1,1,0.9864,49.8,491.08,306.31,0,1,2025-10-01 15:58:55,16.7,85.1,,0,0,,1
2025-10-01 15:59:40,371.85,0.33,236.47,0.4828,1.4485,240.89,230.38,238.14,412.24,406.39,409.91,409.47,0.0,0.0448,1.4037,0.0,0.001,0.329,0.0551,0,0,0.0551,0.3446,0,0.0103,0.3343,0.9863,1,1,0.9862,49.8,491.08,306.31,0,1,2025-10-01 15:59:40,16.7,85.9,,0,0,,1
2025-10-01 16:00:25,371.86,0.3298,236.2,0.4838,1.4515,242.03,228.32,238.26,411.4,405.7,410,409.11,0.0,0.0452,1.4063,0.0,0.0,0.3298,0.0551,0,0,0.0551,0.3454,0,0.0103,0.3351,0.9863,1,1,0.9863,49.9,491.09,306.31,0,1,2025-10-01 16:00:25,17.2,86.4,,0,0,,1
2025-10-01 16:01:10,371.86,0.3316,237.03,0.4846,1.4539,243.33,228.68,239.1,412.41,406.86,412.2,410.49,0.0,0.0448,1.4091,0.0,0.0,0.3316,0.0554,0,0,0.0554,0.3472,0,0.0102,0.3369,0.9863,1,1,0.9863,49.9,491.09,306.31,0,1,2025-10-01 16:01:10,17.3,86.9,,0,0,,1
2025-10-01 16:01:55,371.86,0.3328,237.69,0.4849,1.4547,242.94,230.37,239.76,414.84,409.21,410.64,411.46,0.0,0.044,1.4107,0.0,0.0,0.3328,0.0558,0,0,0.0558,0.3484,0,0.0101,0.3382,0.9862,1,1,0.9862,50,491.1,306.32,0,1,2025-10-01 16:01:55,17.4,87.2,,0,0,,1
2025-10-01 16:02:40,371.87,0.333,237.31,0.4858,1.4574,242.8,229.33,239.8,413.36,407.31,412.19,410.8,0.0,0.046,1.4114,0.0,0.0,0.333,0.056,0,0,0.056,0.349,0,0.0105,0.3385,0.9861,1,1,0.9861,49.9,491.1,306.32,0,1,2025-10-01 16:02:40,17.4,87.5,,0,0,,1
2025-10-01 16:03:25,371.87,0.3328,237.48,0.4848,1.4546,241.53,230.94,239.97,413.72,408.23,411.81,411.14,0.0,0.0452,1.4094,0.0,0.0,0.3328,0.0557,0,0,0.0557,0.3487,0,0.0104,0.3382,0.9862,1,1,0.9862,50,491.11,306.32,0,1,2025-10-01 16:03:25,17.5,88.7,,0,0,,1
2025-10-01 16:04:10,371.88,0.3326,237.32,0.4839,1.4518,240.34,232.49,239.15,414.76,409.26,408.84,410.93,0.0,0.0444,1.4074,0.0,0.0014,0.3312,0.0556,0,0,0.0556,0.3469,0,0.0103,0.3366,0.9863,1,1,0.9862,49.9,491.11,306.32,0,1,2025-10-01 16:04:10,18.0,88.7,,0,0,,1
2025-10-01 16:04:55,371.88,0.3317,237.18,0.4828,1.4485000000000001,241.59,230.81,239.15,413.18,407.49,411.59,410.75,0.0,0.044,1.4045,0.0,0.0012,0.3305,0.0556,0,0,0.0556,0.346,0,0.0102,0.3359,0.9862,1,1,0.9861,49.9,491.11,306.32,0,1,2025-10-01 16:04:55,18.1,89.6,,0,0,,1
2025-10-01 16:05:40,371.88,0.3355,237.68,0.4855,1.4565000000000001,240.53,230.27,242.24,412.54,409.14,413.11,411.59,0.0,0.046,1.4105,0.0,0.0,0.3355,0.0599,0,0,0.0599,0.3523,0,0.0106,0.3417,0.9844,1,1,0.9844,49.9,491.12,306.32,0,1,2025-10-01 16:05:40,18.1,90.3,,0,0,,1
2025-10-01 16:06:25,371.89,0.3344,236.55,0.4857,1.4572,239.15,229.39,241.11,411.06,407.98,409.78,409.52,0.0,0.0463,1.4109,0.0,0.0,0.3344,0.0576,0,0,0.0576,0.3508,0,0.0106,0.3402,0.9854,1,1,0.9854,49.9,491.12,306.32,0,1,2025-10-01 16:06:25,18.2,90.8,,0,0,,1
2025-10-01 16:07:10,371.89,0.3352,236.64,0.4862,1.4587,239.44,229.04,241.46,411.43,407.2,410.7,409.85,0.0,0.0463,1.4124,0.0,0.0,0.3352,0.0581,0,0,0.0581,0.3516,0,0.0106,0.341,0.9853,1,1,0.9853,49.9,491.13,306.32,0,1,2025-10-01 16:07:10,18.3,90.8,,0,0,,1
2025-10-01 16:07:55,371.9,0.3344,236.59,0.4848,1.4545000000000001,238.51,229.78,241.5,410.84,408.13,410.13,409.57,0.0,0.0456,1.4089,0.0,0.0,0.3344,0.0583,0,0,0.0583,0.3507,0,0.0105,0.3402,0.9851,1,1,0.9851,49.9,491.13,306.32,0,1,2025-10-01 16:07:55,18.8,91.2,,0,0,,1
2025-10-01 16:08:40,371.9,0.3364,236.94,0.4861,1.4583,239.2,229.17,242.45,411.67,408.38,410.75,410.32,0.0,0.0452,1.4131,0.0,0.0,0.3364,0.0597,0,0,0.0597,0.353,0,0.0104,0.3426,0.9846,1,1,0.9846,49.9,491.14,306.32,0,1,2025-10-01 16:08:40,18.9,91.2,,0,0,,1
2025-10-01 16:09:25,371.91,0.3364,237.08,0.4858,1.4576,238.23,230.42,242.59,411.74,410.07,409.7,410.52,0.0,0.0452,1.4124,0.0,0.0,0.3364,0.06,0,0,0.06,0.353,0,0.0104,0.3426,0.9844,1,1,0.9844,49.9,491.14,306.32,0,1,2025-10-01 16:09:25,18.9,90.9,,0,0,,1
2025-10-01 16:10:10,371.91,0.3351,236.86,0.4848,1.4546000000000001,239.3,229.03,242.25,411.44,408.79,410.13,410.34,0.0,0.0456,1.409,0.0,0.0,0.3351,0.0599,0,0,0.0599,0.3518,0,0.0104,0.3413,0.9843,1,1,0.9843,49.9,491.15,306.32,0,1,2025-10-01 16:10:10,19.0,91,,0,0,,1
2025-10-01 16:10:55,371.91,0.337,236.27,0.4855,1.4565000000000001,239.26,227.01,242.55,409.53,404.76,413.19,408.87,0.0,0.046,1.4105,0.0,0.0011,0.3359,0.0598,0,0,0.0598,0.3526,0,0.0104,0.3421,0.9846,1,1,0.9845,49.9,491.15,306.32,0,1,2025-10-01 16:10:55,19.0,90.7,,0,0,,1
2025-10-01 16:11:40,371.94,4.2366,236.4,7.791,23.3732,236.8,230.8,241.62,410.72,408.14,409.24,409.38,8.1051,7.2742,7.9939,1.4937,1.1908,1.5521,3.532,1.2035,1.1799,1.1486,5.5297,1.9193,1.6789,1.9315,0.768,0.7786,0.7103,0.8038,49.9,491.18,306.34,1,1,2025-10-01 16:11:40,19.5,91.3,,1,0,,0
2025-10-01 16:12:25,371.99,4.6127,235.93,8.211,24.6332,237.58,229.4,240.83,408.98,407.01,409.75,408.51,8.7411,7.3465,8.5456,1.6354,1.241,1.7363,3.5195,1.2784,1.1371,1.1039,5.82,2.0767,1.6853,2.058,0.795,0.7878,0.7373,0.8438,49.9,491.25,306.39,1,1,2025-10-01 16:12:25,19.1,85.2,,1,0,,0
2025-10-01 16:13:10,372.05,4.5519,236.41,8.1356,24.407,237.34,230.69,241.2,410.35,409.06,408.72,409.23,8.4818,7.5749,8.3503,1.6057,1.2853,1.6609,3.5307,1.2126,1.1801,1.138,5.7746,2.0131,1.7475,2.0141,0.7901,0.798,0.7366,0.8249,49.8,491.33,306.43,1,1,2025-10-01 16:13:10,19.0,81.2,,1,0,,0
2025-10-01 16:13:55,372.11,4.6785,235.92,8.2963,24.8889,239.25,226.8,241.73,409.5,404.52,411.61,408.52,9.0991,7.046,8.7438,1.6804,1.1655,1.8327,3.5233,1.3818,1.0902,1.0512,5.8886,2.177,1.598,2.1136,0.7988,0.7723,0.7302,0.8674,49.9,491.4,306.48,1,1,2025-10-01 16:13:55,18.8,76.4,,1,0,,0
2025-10-01 16:15:25,372.22,4.5608,236.96,8.1432,24.4298,237.26,231.33,242.3,412.4,408.74,409.78,410.14,8.4298,7.7168,8.2832,1.6057,1.3153,1.6398,3.551,1.1911,1.2038,1.1561,5.7922,2.0001,1.7851,2.007,0.789,0.8031,0.7376,0.8172,49.9,491.54,306.56,1,1,2025-10-01 16:15:25,18.0,74,,1,0,,0
2025-10-01 16:16:10,372.28,4.5249,236.22,8.1041,24.3125,238.81,227.32,242.54,410.29,405.22,411.59,408.94,8.8509,7.0031,8.4585,1.6257,1.1422,1.757,3.512,1.3489,1.1057,1.0574,5.7572,2.1137,1.5919,2.0515,0.7899,0.7695,0.7184,0.8567,49.9,491.61,306.6,1,1,2025-10-01 16:16:10,17.4,72.9,,1,0,,0
2025-10-01 16:17:40,372.39,4.615,236.58,8.2049,24.6148,239.09,228.2,242.47,411.11,406.47,411.39,409.93,8.9361,7.1742,8.5045,1.6643,1.1834,1.7673,3.5271,1.338,1.1283,1.0608,5.8358,2.1365,1.6372,2.0621,0.7945,0.7793,0.7237,0.8574,50,491.76,306.69,1,1,2025-10-01 16:17:40,16.7,71.3,,1,0,,0
2025-10-01 16:18:25,372.45,4.503,236.97,8.0789,24.2368,239.39,229.12,242.41,411.62,407.36,412.06,410.16,8.8115,7.0637,8.3616,1.6304,1.1485,1.7242,3.538,1.3365,1.1372,1.0642,5.7548,2.1094,1.6184,2.0269,0.7863,0.7733,0.7105,0.8509,50,491.83,306.74,1,1,2025-10-01 16:18:25,16.6,70.6,,1,0,,0
2025-10-01 16:19:10,372.51,4.533,237.62,8.0987,24.296099999999996,237.69,232.95,242.24,413.14,410.46,410.87,411.28,8.5041,7.5382,8.2538,1.612,1.2768,1.6442,3.5578,1.2183,1.2027,1.1368,5.7768,2.0213,1.756,1.9994,0.7866,0.7977,0.7279,0.8225,50,491.9,306.78,1,1,2025-10-01 16:19:10,16.5,70.7,,1,0,,0
2025-10-01 16:19:55,372.56,4.5477,236.64,8.1134,24.3404,237.6,230.38,241.95,410.81,406.9,411.68,409.35,8.6851,7.2541,8.4012,1.6202,1.2158,1.7116,3.5148,1.2763,1.1434,1.0951,5.7674,2.0636,1.6712,2.0327,0.7912,0.7855,0.7284,0.8423,50,491.98,306.83,1,1,2025-10-01 16:19:55,16.4,69.3,,1,0,,0
2025-10-01 16:20:40,372.62,4.5146,237.4,8.0838,24.2515,238.79,231.04,242.38,412.74,409.66,410.84,411.31,8.6559,7.3964,8.1992,1.6341,1.2211,1.6593,3.5482,1.2639,1.1922,1.0921,5.7631,2.0669,1.7089,1.9873,0.7862,0.791,0.7155,0.8353,50,492.05,306.87,1,1,2025-10-01 16:20:40,16.4,68.6,,1,0,,0
2025-10-01 16:21:25,372.68,4.402,237.09,7.9583,23.875,239.81,229.03,242.43,412.36,405.93,413.37,410.29,8.7137,6.9732,8.1881,1.6069,1.1124,1.6827,3.5273,1.3336,1.1427,1.051,5.6717,2.0896,1.5971,1.985,0.7803,0.7695,0.6975,0.8481,50,492.12,306.91,1,1,2025-10-01 16:21:25,15.9,68.2,,1,0,,0
2025-10-01 16:22:10,372.73,4.4183,237.32,7.9717,23.915300000000002,239.28,229.85,242.83,412.22,410.06,410.45,411.01,8.4895,7.2897,8.1361,1.5887,1.1891,1.6405,3.5419,1.2644,1.1776,1.0999,5.6826,2.0314,1.6755,1.9757,0.7802,0.7824,0.7105,0.8305,50,492.19,306.96,1,1,2025-10-01 16:22:10,15.9,69.1,,1,0,,0
2025-10-01 16:22:55,372.79,4.4035,236.5,7.9634,23.8904,240.38,226.38,242.76,410.53,405.11,412.96,409.5,8.8728,6.6846,8.333,1.608,1.0486,1.7468,3.5061,1.3994,1.0883,1.0185,5.669,2.1328,1.5133,2.0229,0.7823,0.7543,0.6938,0.8638,50,492.26,307,1,1,2025-10-01 16:22:55,15.8,67.8,,1,0,,0
2025-10-01 16:23:40,372.84,4.3614,237.14,7.9137,23.7412,239.85,228.68,242.89,412.2,407.78,411.84,410.7,8.6074,7.0018,8.132,1.5848,1.1135,1.6631,3.5325,1.321,1.1475,1.064,5.6408,2.0645,1.6012,1.9752,0.777,0.7681,0.6963,0.8423,49.9,492.33,307.05,1,1,2025-10-01 16:23:40,15.8,66.8,,1,0,,0
2025-10-01 16:24:25,372.9,4.317,237.69,7.8768,23.6304,240.77,229.41,242.91,413.99,408.57,412.1,411.59,8.5737,7.0418,8.0149,1.5846,1.1042,1.6283,3.5634,1.3211,1.1763,1.0661,5.6266,2.0643,1.6155,1.9469,0.7712,0.768,0.6844,0.8366,50,492.4,307.09,1,1,2025-10-01 16:24:25,15.7,68,,1,0,,0
2025-10-01 16:25:10,372.95,4.3558,237.18,7.9178,23.7536,240.68,228.19,242.67,412.51,405.99,413.61,410.87,8.7572,6.8107,8.1857,1.5989,1.0642,1.6927,3.5393,1.3716,1.1298,1.038,5.6482,2.1077,1.5541,1.9864,0.776,0.7589,0.6856,0.8524,49.9,492.47,307.14,1,1,2025-10-01 16:25:10,15.7,66.7,,1,0,,0
2025-10-01 16:25:55,373.01,4.3966,237.94,7.9546,23.8638,239.56,231.32,242.94,414.09,410.41,411.47,412.09,8.4631,7.33,8.0707,1.5881,1.193,1.6155,3.5702,1.2586,1.2016,1.11,5.6837,2.0274,1.6956,1.9607,0.7762,0.7837,0.7045,0.8242,50,492.55,307.18,1,1,2025-10-01 16:25:55,15.6,67.2,,1,0,,0
2025-10-01 16:26:40,373.06,4.2271,238.43,7.7917,23.3751,242.59,229.3,243.42,414.73,408.21,415.72,413.09,8.6451,6.7143,8.0157,1.5659,1.0144,1.6468,3.5928,1.3929,1.155,1.0449,5.588,2.0972,1.5396,1.9512,0.7619,0.7471,0.6598,0.8443,50,492.62,307.23,1,1,2025-10-01 16:26:40,15.6,68.2,,1,0,,0
2025-10-01 16:27:25,373.11,4.1495,238.87,7.704,23.112099999999998,241.38,231.89,243.35,415.35,412.32,413.18,413.72,8.1625,7.2044,7.7452,1.515,1.1206,1.5139,3.6145,1.2576,1.2356,1.1213,5.5257,1.9703,1.6706,1.8848,0.754,0.7694,0.6718,0.8035,50,492.69,307.27,1,1,2025-10-01 16:27:25,15.6,66,,1,0,,0
2025-10-01 16:28:10,373.13,0.3471,239.59,0.4948,1.4845,243.3,231.33,244.16,416.98,412.4,415.19,415,0.0,0.0444,1.4401,0.0,0.0015,0.3456,0.0593,0,0,0.0593,0.3619,0,0.0103,0.3516,0.9857,1,1,0.9855,50,492.71,307.29,0,1,2025-10-01 16:28:10,15.2,67.9,,0,0,,1
2025-10-01 16:28:55,373.14,0.3468,239.41,0.4941,1.4823,243.73,229.91,244.6,417.28,410.33,415.97,414.53,0.0,0.0452,1.4371,0.0,0.0016,0.3452,0.0609,0,0,0.0609,0.3619,0,0.0104,0.3515,0.9849,1,1,0.9848,50,492.72,307.29,0,1,2025-10-01 16:28:55,15.6,73.4,,0,0,,1
2025-10-01 16:29:40,373.14,0.345,239.25,0.4927,1.4782,242.07,230.51,245.17,416.44,410.65,415.64,414.13,0.0,0.0448,1.4334,0.0,0.0,0.345,0.0616,0,0,0.0616,0.3618,0,0.0103,0.3514,0.9844,1,1,0.9844,50,492.72,307.29,0,1,2025-10-01 16:29:40,15.7,75.4,,0,0,,1
2025-10-01 16:30:25,373.15,0.3465,239.55,0.4933,1.4799,242.54,231.03,245.1,416.84,411.93,415.57,414.37,0.0,0.0444,1.4355,0.0,0.0011,0.3454,0.0613,0,0,0.0613,0.3621,0,0.0103,0.3518,0.9846,1,1,0.9845,50,492.73,307.29,0,1,2025-10-01 16:30:25,15.8,77.1,,0,0,,1
2025-10-01 16:31:10,373.15,0.3459,239.68,0.4921,1.4764,243.36,230.54,245.14,416.66,411.73,416.65,415.2,0.0,0.0448,1.4316,0.0,0.0014,0.3445,0.0614,0,0,0.0614,0.3613,0,0.0103,0.3509,0.9846,1,1,0.9844,50,492.73,307.29,0,1,2025-10-01 16:31:10,15.9,78.9,,0,0,,1
2025-10-01 16:31:55,373.15,0.3456,239.91,0.492,1.4762,242.64,232.47,244.64,417.56,412.65,416.09,415.46,0.0,0.044,1.4322,0.0,0.0014,0.3442,0.0603,0,0,0.0603,0.3606,0,0.0102,0.3504,0.9851,1,1,0.985,50,492.73,307.29,0,1,2025-10-01 16:31:55,16.4,80.5,,0,0,,1
2025-10-01 16:32:40,373.16,0.3435,239.4,0.4904,1.4711999999999998,241.9,232.32,244,415.96,411.75,416.04,414.77,0.0,0.0432,1.428,0.0,0.0011,0.3424,0.0595,0,0,0.0595,0.3585,0,0.01,0.3484,0.9853,1,1,0.9852,50,492.74,307.29,0,1,2025-10-01 16:32:40,16.5,81.6,,0,0,,1
2025-10-01 16:33:25,373.16,0.3436,239.35,0.4911,1.4734,242.22,232.1,243.73,416.19,411.92,415.3,414.8,0.0,0.044,1.4294,0.0,0.0012,0.3424,0.0589,0,0,0.0589,0.3586,0,0.0102,0.3484,0.9856,1,1,0.9855,50,492.74,307.29,0,1,2025-10-01 16:33:25,16.6,82.7,,0,0,,1
2025-10-01 16:34:10,373.17,0.3433,239.43,0.49,1.4701,242.33,232.02,243.95,415.93,413.26,414.6,414.57,0.0,0.0444,1.4257,0.0,0.0016,0.3416,0.0599,0,0,0.0599,0.3581,0,0.0103,0.3478,0.9851,1,1,0.9849,50,492.75,307.29,0,1,2025-10-01 16:34:10,16.6,83.8,,0,0,,1
2025-10-01 16:34:55,373.17,0.3435,238.64,0.4902,1.4706,241.78,229.89,244.25,414.66,409.05,415.99,413.32,0.0,0.0444,1.4262,0.0,0.0014,0.3421,0.0602,0,0,0.0602,0.3586,0,0.0102,0.3483,0.9849,1,1,0.9848,50,492.75,307.29,0,1,2025-10-01 16:34:55,16.7,84.9,,0,0,,1
2025-10-01 16:35:40,373.18,0.3449,239.17,0.4911,1.4735,240.99,231.79,244.75,415.85,413.85,412.59,414.13,0.0,0.0448,1.4287,0.0,0.0014,0.3434,0.0604,0,0,0.0604,0.3601,0,0.0104,0.3497,0.985,1,1,0.9848,50,492.76,307.3,0,1,2025-10-01 16:35:40,17.2,86.8,,0,0,,1
2025-10-01 16:36:25,373.18,0.3441,238.22,0.491,1.4731,242.82,227.33,244.51,414.02,407.6,415.81,412.63,0.0,0.0463,1.4268,0.0,0.0015,0.3426,0.0606,0,0,0.0606,0.3594,0,0.0105,0.3489,0.9848,1,1,0.9847,50,492.76,307.3,0,1,2025-10-01 16:36:25,17.3,87.8,,0,0,,1
2025-10-01 16:37:10,373.18,0.3426,238.7,0.4906,1.4719,241.89,229.68,244.53,415.64,410.43,413.74,413.22,0.0,0.0448,1.4271,0.0,0.0,0.3426,0.0611,0,0,0.0611,0.3593,0,0.0103,0.349,0.9844,1,1,0.9844,49.9,492.77,307.3,0,1,2025-10-01 16:37:10,17.4,88.6,,0,0,,1
2025-10-01 16:37:55,373.19,0.3415,238.05,0.4897,1.4690999999999999,242.6,227.23,244.33,414.35,407.6,414.52,412.34,0.0,0.0452,1.4239,0.0,0.0,0.3415,0.0607,0,0,0.0607,0.3582,0,0.0103,0.3479,0.9845,1,1,0.9845,50,492.77,307.3,0,1,2025-10-01 16:37:55,17.5,89.4,,0,0,,1
2025-10-01 16:38:40,373.19,0.3436,238.74,0.4903,1.4709,242.52,229.3,244.42,415.33,408.73,416.14,413.17,0.0,0.046,1.4249,0.0,0.0016,0.342,0.0615,0,0.001,0.0605,0.3588,0,0.0105,0.3483,0.9843,1,1,0.9847,50,492.78,307.3,0,1,2025-10-01 16:38:40,18.0,90.1,,0,0,,1
2025-10-01 16:39:25,373.2,0.3421,238.85,0.4893,1.468,240.98,231.86,243.72,415.93,411.08,413.73,413.3,0.0,0.0448,1.4232,0.0,0.0013,0.3408,0.0595,0,0,0.0595,0.3572,0,0.0104,0.3469,0.9852,1,1,0.9851,50,492.78,307.3,0,1,2025-10-01 16:39:25,18.1,89.8,,0,0,,1
2025-10-01 16:40:10,373.2,0.3396,237.93,0.4877,1.4633,241.74,228.53,243.54,413.13,407.66,415.29,412.69,0.0,0.044,1.4193,0.0,0.0,0.3396,0.0592,0,0,0.0592,0.3557,0,0.0101,0.3457,0.9851,1,1,0.9851,50,492.78,307.3,0,1,2025-10-01 16:40:10,18.1,89.8,,0,0,,1
2025-10-01 16:40:55,373.21,0.3414,238.98,0.4891,1.4674,241.05,232.46,243.44,416.26,411.68,413.48,413.75,0.0,0.0448,1.4226,0.0,0.001,0.3403,0.0591,0,0,0.0591,0.3567,0,0.0104,0.3463,0.9853,1,1,0.9852,50,492.79,307.3,0,1,2025-10-01 16:40:55,18.2,89.9,,0,0,,1
2025-10-01 16:41:40,373.21,0.341,238.34,0.4885,1.4655,240.78,230.81,243.43,414.22,410.58,413.31,412.75,0.0,0.0456,1.4199,0.0,0.0014,0.3397,0.0587,0,0,0.0587,0.3562,0,0.0105,0.3456,0.9854,1,1,0.9853,50,492.79,307.3,0,1,2025-10-01 16:41:40,18.3,89.8,,0,0,,1
2025-10-01 16:42:25,373.21,0.3426,237.76,0.4889,1.4668999999999999,240.8,228.47,244.01,413.03,407.54,414.51,411.53,0.0,0.0448,1.4221,0.0,0.0017,0.3409,0.0595,0,0,0.0595,0.3572,0,0.0102,0.347,0.9852,1,1,0.985,50,492.8,307.3,0,1,2025-10-01 16:42:25,18.7,90.4,,0,0,,1
2025-10-01 16:43:10,373.22,0.3402,237.79,0.4884,1.4652999999999998,240.65,228.85,243.89,413.09,409.01,413.12,411.71,0.0,0.0452,1.4201,0.0,0.0,0.3402,0.0596,0,0,0.0596,0.3567,0,0.0103,0.3463,0.9849,1,1,0.9849,50,492.8,307.3,0,1,2025-10-01 16:43:10,18.8,90.6,,0,0,,1
2025-10-01 16:43:55,373.22,0.342,238.04,0.4883,1.4651,239.74,230.44,243.94,413.98,409.04,413.49,412.09,0.0,0.0444,1.4207,0.0,0.0016,0.3405,0.0594,0,0,0.0594,0.3568,0,0.0102,0.3466,0.9852,1,1,0.9851,50,492.81,307.3,0,1,2025-10-01 16:43:55,18.9,90.4,,0,0,,1
2025-10-01 16:44:40,373.23,0.3413,237.83,0.4884,1.4653999999999998,239.79,230.21,243.51,413.07,410.78,411.56,411.81,0.0,0.0452,1.4202,0.0,0.0014,0.3399,0.0588,0,0,0.0588,0.3562,0,0.0104,0.3458,0.9854,1,1,0.9853,50,492.81,307.3,0,1,2025-10-01 16:44:40,18.9,90.2,,0,0,,1
2025-10-01 16:45:25,373.23,0.3404,237.3,0.4874,1.4623,241.12,227.23,243.55,411.87,404.98,415.95,410.97,0.0,0.0448,1.4175,0.0,0.0013,0.3392,0.0591,0,0,0.0591,0.3554,0,0.0102,0.3452,0.9852,1,1,0.9851,50,492.82,307.31,0,1,2025-10-01 16:45:25,18.9,90.3,,0,0,,1
2025-10-01 16:46:10,373.24,0.3411,238.58,0.4876,1.4628,240.73,231.35,243.67,414.76,411.49,413.09,413.12,0.0,0.044,1.4188,0.0,0.0013,0.3398,0.0586,0,0,0.0586,0.3559,0,0.0102,0.3457,0.9855,1,1,0.9854,50,492.82,307.31,0,1,2025-10-01 16:46:10,19.0,90.3,,0,0,,1
2025-10-01 16:46:55,373.24,0.3423,237.89,0.4892,1.4678,241.34,228.51,243.83,413.21,407.48,415.13,412.07,0.0,0.044,1.4238,0.0,0.001,0.3413,0.0587,0,0,0.0587,0.3572,0,0.0101,0.3472,0.9856,1,1,0.9855,50,492.82,307.31,0,1,2025-10-01 16:46:55,19.0,90.5,,0,0,,1
2025-10-01 16:47:40,373.25,4.0924,236.82,7.5988,22.7964,236.1,231.79,242.57,411.44,409.51,409.24,410.11,7.9917,7.2028,7.6019,1.5335,1.1336,1.4253,3.5959,1.2385,1.1986,1.1588,5.4004,1.8868,1.6695,1.844,0.7512,0.7827,0.6936,0.7731,50,492.83,307.31,1,1,2025-10-01 16:47:40,19.1,90.6,,1,0,,0
2025-10-01 16:48:25,373.3,4.327,235.69,7.8622,23.5866,237.24,227.44,242.39,409.33,403.82,411.17,408.13,8.6144,6.7759,8.1963,1.5543,1.0858,1.6868,3.4645,1.3254,1.0907,1.0484,5.5715,2.0437,1.5411,1.9867,0.7806,0.7609,0.7055,0.8493,50,492.9,307.36,1,1,2025-10-01 16:48:25,19.1,87.5,,1,0,,0
2025-10-01 16:49:10,373.35,4.3937,235.69,7.935,23.8051,236.78,228.01,242.29,409.7,404.46,410.14,408.06,8.5174,7.148,8.1397,1.5721,1.1692,1.6524,3.4703,1.262,1.1326,1.0757,5.6187,2.0168,1.6298,1.9722,0.7847,0.7798,0.7182,0.838,50,492.97,307.4,1,1,2025-10-01 16:49:10,19.0,81.5,,1,0,,0
2025-10-01 16:49:55,373.41,4.4353,235.9,7.9745,23.923699999999997,236.37,229.17,242.18,410.41,408.49,406.33,408.21,8.4001,7.431,8.0926,1.5779,1.2377,1.6197,3.4714,1.2033,1.1661,1.1019,5.6484,1.9855,1.703,1.9599,0.7874,0.7951,0.7278,0.8268,50,493.04,307.44,1,1,2025-10-01 16:49:55,18.8,79.5,,1,0,,0
2025-10-01 16:50:40,373.46,4.3773,235.49,7.9139,23.7418,236.8,227.5,242.17,409.4,403.62,410.21,407.93,8.5736,6.9807,8.1875,1.5674,1.1347,1.6752,3.4566,1.2889,1.1084,1.0594,5.6011,2.0302,1.5881,1.9828,0.7848,0.7723,0.7153,0.8451,50,493.11,307.48,1,1,2025-10-01 16:50:40,18.3,79.2,,1,0,,0
2025-10-01 16:52:10,373.57,4.3886,236.39,7.9284,23.7854,236.9,229.94,242.35,411.55,407.02,409.33,409.3,8.4776,7.2543,8.0535,1.5777,1.1899,1.621,3.492,1.2408,1.1658,1.0854,5.6282,2.0083,1.6681,1.9518,0.7825,0.786,0.7142,0.8309,50,493.25,307.57,1,1,2025-10-01 16:52:10,18.1,75.9,,1,0,,0
2025-10-01 16:52:55,373.63,4.3925,236.13,7.9342,23.802599999999998,236.51,229.87,242.01,410.7,404.9,411.02,408.97,8.5364,7.0859,8.1803,1.5703,1.1652,1.657,3.4843,1.2672,1.135,1.0821,5.6275,2.0189,1.6288,1.9797,0.7834,0.7782,0.7163,0.8372,50,493.32,307.61,1,1,2025-10-01 16:52:55,18.0,73.9,,1,0,,0
2025-10-01 16:55:10,373.79,4.3854,236.4,7.9243,23.7731,237.11,229.55,242.55,411.2,407.96,408.75,409.34,8.4241,7.2541,8.0949,1.5653,1.1926,1.6274,3.4954,1.2391,1.159,1.0973,5.626,1.9974,1.6652,1.9634,0.7819,0.784,0.7171,0.8291,50,493.53,307.74,1,1,2025-10-01 16:55:10,17.2,70.3,,1,0,,0
2025-10-01 16:55:55,373.85,4.3627,235.51,7.9145,23.743699999999997,239.05,225.07,242.41,409.25,402.66,411.43,407.8,8.8464,6.6163,8.281,1.591,1.0325,1.7392,3.4617,1.391,1.0702,1.0005,5.6113,2.1147,1.4891,2.0074,0.7833,0.7528,0.6942,0.8668,50,493.61,307.79,1,1,2025-10-01 16:55:55,16.7,69.7,,1,0,,0
2025-10-01 16:56:40,373.9,4.3357,236.14,7.8758,23.6274,238.8,227.3,242.33,410.98,404.93,410.68,408.64,8.5906,6.9909,8.0459,1.5812,1.1067,1.6478,3.484,1.3054,1.1376,1.0411,5.5902,2.0514,1.589,1.9498,0.7795,0.7711,0.6973,0.8453,50,493.67,307.83,1,1,2025-10-01 16:56:40,16.7,70.5,,1,0,,0
2025-10-01 16:57:25,373.96,4.3706,236.61,7.9124,23.7374,238.06,229.24,242.53,412.62,408.01,408.21,409.66,8.3975,7.3394,8.0005,1.5734,1.1954,1.6018,3.5061,1.2313,1.1807,1.094,5.622,1.9991,1.6825,1.9404,0.78,0.7875,0.7114,0.8257,50,493.75,307.88,1,1,2025-10-01 16:57:25,16.6,69.2,,1,0,,0
2025-10-01 16:58:10,374.01,4.3574,236.41,7.8961,23.688299999999998,239.26,227.01,242.97,411.35,405.48,411.12,409.2,8.6336,6.9397,8.115,1.5843,1.0996,1.6735,3.4901,1.3237,1.1252,1.0412,5.6128,2.0657,1.5754,1.9717,0.7805,0.7673,0.6989,0.849,50,493.82,307.92,1,1,2025-10-01 16:58:10,16.5,68.3,,1,0,,0
2025-10-01 16:58:55,374.06,4.3684,237.01,7.9071,23.7213,239.59,228.51,242.93,413.18,407.44,410.36,410.41,8.6149,7.006,8.1004,1.5907,1.1159,1.6618,3.5115,1.3136,1.1452,1.0527,5.6328,2.064,1.6009,1.9678,0.7794,0.771,0.6979,0.8447,50,493.88,307.96,1,1,2025-10-01 16:58:55,16.4,65.9,,1,0,,0
2025-10-01 16:59:40,374.12,4.3135,237.26,7.8507,23.5521,238.98,230.62,242.19,413.1,408.48,410.9,410.82,8.4523,7.0964,8.0034,1.5667,1.1378,1.609,3.5258,1.2731,1.1732,1.0795,5.5948,2.0199,1.6366,1.9383,0.7742,0.776,0.6961,0.8304,50,493.95,308.01,1,1,2025-10-01 16:59:40,15.9,65.5,,1,0,,0
2025-10-01 17:00:25,374.17,4.3271,237.68,7.8579,23.573800000000002,238.62,231.97,242.46,413.52,409.72,411.48,411.57,8.2951,7.3158,7.9629,1.5562,1.1952,1.5757,3.5379,1.2214,1.2018,1.1146,5.6071,1.9794,1.697,1.9307,0.7741,0.7866,0.7051,0.8163,50,494.03,308.05,1,1,2025-10-01 17:00:25,15.8,65.1,,1,0,,0
2025-10-01 17:01:10,374.23,4.3137,237.28,7.8398,23.519600000000004,238.94,230.94,241.96,413.1,407.21,412.35,410.87,8.4486,7.046,8.025,1.5648,1.1336,1.6152,3.5144,1.2737,1.1643,1.0764,5.5876,2.0187,1.6272,1.9417,0.7752,0.7755,0.6975,0.8321,50.1,494.09,308.09,1,1,2025-10-01 17:01:10,15.8,65.4,,1,0,,0
2025-10-01 17:01:55,374.28,4.3372,237.26,7.8595,23.5785,239.1,229.73,242.97,411.59,407.68,413.35,410.87,8.4334,7.0655,8.0796,1.5598,1.1414,1.636,3.5115,1.2765,1.1512,1.0838,5.6027,2.0164,1.6232,1.9631,0.7772,0.7738,0.7072,0.8279,50.1,494.16,308.14,1,1,2025-10-01 17:01:55,15.7,66.9,,1,0,,0
2025-10-01 17:02:40,374.33,4.3422,236.67,7.8467,23.5401,238.52,228.72,242.77,411.2,407.62,410.54,409.77,8.3769,7.055,8.1082,1.549,1.1496,1.6436,3.4716,1.2603,1.1292,1.0821,5.5801,1.9981,1.6136,1.9684,0.781,0.7756,0.7134,0.8352,50.1,494.23,308.18,1,1,2025-10-01 17:02:40,15.6,68.6,,1,0,,0
2025-10-01 17:03:25,374.39,4.2892,237.47,7.8135,23.4405,238.82,230.3,243.29,413.07,409.4,411.02,411.11,8.3157,7.145,7.9798,1.54,1.1539,1.5952,3.5161,1.2468,1.1687,1.1006,5.5729,1.986,1.6455,1.9414,0.7733,0.7761,0.7026,0.8236,50.1,494.3,308.23,1,1,2025-10-01 17:03:25,15.6,66.7,,1,0,,0
2025-10-01 17:04:10,374.44,2.3868,237.22,5.6408,16.9225,240.13,228.31,243.24,412.52,407.36,412.37,410.12,6.1496,4.8697,5.9032,0.8036,0.5532,1.03,1.8344,0.6902,0.5754,0.5687,4.0244,1.4767,1.1118,1.4359,0.7928,0.7586,0.693,0.8754,50.1,494.37,308.27,1,1,2025-10-01 17:04:10,15.6,66,,1,0,,0
2025-10-01 17:04:55,374.45,0.3467,237.72,0.4939,1.4818,240.33,229.25,243.58,413.43,407.27,414.18,411.48,0.0,0.0463,1.4355,0.0,0.0014,0.3453,0.0576,0,0,0.0576,0.3603,0,0.0106,0.3497,0.9864,1,1,0.9862,50.1,494.38,308.27,0,1,2025-10-01 17:04:55,15.6,69.2,,0,0,,1
2025-10-01 17:05:40,374.45,0.3428,238.05,0.4923,1.4769,238.76,232.12,243.28,414.44,411.93,410.11,412.13,0.0,0.044,1.4329,0.0,0.0,0.3428,0.0583,0,0,0.0583,0.3588,0,0.0102,0.3486,0.9858,1,1,0.9858,50,494.38,308.27,0,1,2025-10-01 17:05:40,15.6,73.1,,0,0,,1
2025-10-01 17:06:25,374.46,0.3417,237.62,0.4914,1.4744,240.81,228.9,243.15,412.91,407.04,414.47,411.59,0.0,0.0452,1.4292,0.0,0.0,0.3417,0.0582,0,0,0.0582,0.3579,0,0.0103,0.3475,0.9858,1,1,0.9858,50.1,494.39,308.27,0,1,2025-10-01 17:06:25,15.7,75.1,,0,0,,1
2025-10-01 17:07:10,374.46,0.3405,237.8,0.4913,1.4741,239.86,231.05,242.49,414.09,409.14,412.07,411.66,0.0,0.0463,1.4278,0.0,0.0,0.3405,0.0579,0,0,0.0579,0.3569,0,0.0107,0.3462,0.9858,1,1,0.9858,50,494.39,308.27,0,1,2025-10-01 17:07:10,15.8,77,,0,0,,1
2025-10-01 17:07:55,374.46,0.3403,237.77,0.4892,1.4677,240.88,229.78,242.65,413.71,408.72,412.7,411.73,0.0,0.0452,1.4225,0.0,0.0011,0.3392,0.0589,0,0,0.0589,0.3556,0,0.0104,0.3452,0.9853,1,1,0.9852,50,494.4,308.27,0,1,2025-10-01 17:07:55,15.9,79.8,,0,0,,1
2025-10-01 17:08:40,374.47,0.3409,237.22,0.4904,1.4713,241.51,226.98,243.19,411.86,405.82,414.7,410.58,0.0,0.0444,1.4269,0.0,0.0,0.3409,0.0595,0,0,0.0595,0.3571,0,0.0101,0.347,0.9851,1,1,0.9851,50,494.4,308.27,0,1,2025-10-01 17:08:40,16.4,81,,0,0,,1
2025-10-01 17:09:25,374.47,0.3394,237.36,0.4886,1.4658,240.36,228.49,243.24,413.29,406.71,412.95,410.84,0.0,0.0452,1.4206,0.0,0.0,0.3394,0.0598,0,0,0.0598,0.3559,0,0.0103,0.3455,0.9848,1,1,0.9848,49.9,494.41,308.27,0,1,2025-10-01 17:09:25,16.5,82.6,,0,0,,1
2025-10-01 17:10:10,374.48,0.3399,237.41,0.4892,1.4676,240.6,228.46,243.19,412.95,406.61,413.73,411.4,0.0,0.0448,1.4228,0.0,0.0,0.3399,0.0595,0,0,0.0595,0.3562,0,0.0102,0.346,0.985,1,1,0.985,50,494.41,308.27,0,1,2025-10-01 17:10:10,16.6,86.2,,0,0,,1
2025-10-01 17:10:55,374.48,0.3435,238.71,0.4913,1.4739,242.22,230,243.93,415.74,410.03,414.2,413.2,0.0,0.0452,1.4287,0.0,0.0011,0.3424,0.0596,0,0,0.0596,0.3589,0,0.0104,0.3485,0.9852,1,1,0.9851,50,494.41,308.28,0,1,2025-10-01 17:10:55,17.1,86.2,,0,0,,1
2025-10-01 17:11:40,374.48,0.3431,238.4,0.4919,1.4757,242.28,228.85,244.07,414.84,408.63,414.88,412.82,0.0,0.0452,1.4305,0.0,0.0,0.3431,0.0604,0,0.001,0.0594,0.3595,0,0.0103,0.3491,0.9848,1,1,0.9853,50,494.42,308.28,0,1,2025-10-01 17:11:40,17.2,85.9,,0,0,,1
2025-10-01 17:12:25,374.49,0.342,238.99,0.4897,1.4692,242.1,231.23,243.64,415.92,411.1,414.46,413.92,0.0,0.0456,1.4236,0.0,0.0013,0.3407,0.0594,0,0,0.0594,0.3574,0,0.0105,0.3468,0.9852,1,1,0.9851,50,494.42,308.28,0,1,2025-10-01 17:12:25,17.3,87,,0,0,,1
2025-10-01 17:13:10,374.49,0.3426,239.03,0.4905,1.4714999999999998,242.06,231.85,243.19,416.37,411.71,413.59,413.85,0.0,0.0452,1.4263,0.0,0.0015,0.3411,0.0579,0,0,0.0579,0.3573,0,0.0105,0.3469,0.986,1,1,0.9858,50.1,494.43,308.28,0,1,2025-10-01 17:13:10,17.4,87.3,,0,0,,1
2025-10-01 17:13:55,374.5,0.3417,238.74,0.4888,1.4664000000000001,242.02,230.56,243.66,414.7,409.32,416.32,413.31,0.0,0.044,1.4224,0.0,0.0011,0.3405,0.0589,0,0,0.0589,0.3567,0,0.0101,0.3466,0.9854,1,1,0.9853,50.1,494.43,308.28,0,1,2025-10-01 17:13:55,17.5,87.5,,0,0,,1
2025-10-01 17:14:40,374.5,0.3411,239.31,0.4899,1.4697,241.74,232.47,243.73,417.08,412.62,413.37,414.23,0.0,0.0456,1.4241,0.0,0.0,0.3411,0.059,0,0,0.059,0.3577,0,0.0106,0.3471,0.9853,1,1,0.9853,50,494.44,308.28,0,1,2025-10-01 17:14:40,17.9,87.9,,0,0,,1
2025-10-01 17:15:25,374.51,0.3443,239.03,0.4905,1.4717,242.51,229.95,244.65,415.42,410.5,415.79,414.01,0.0,0.0444,1.4273,0.0,0.0014,0.3429,0.0603,0,0,0.0603,0.3594,0,0.0102,0.3492,0.985,1,1,0.9848,50.1,494.44,308.28,0,1,2025-10-01 17:15:25,18.0,88.6,,0,0,,1
2025-10-01 17:16:10,374.51,0.3441,238.9,0.49,1.47,242.51,229.56,244.65,414.88,409.42,416.8,413.74,0.0,0.0432,1.4268,0.0,0.0012,0.3428,0.0602,0,0,0.0602,0.359,0,0.0099,0.3491,0.985,1,1,0.9849,50.1,494.45,308.28,0,1,2025-10-01 17:16:10,18.1,89.1,,0,0,,1
2025-10-01 17:16:55,374.51,0.3445,239.01,0.4903,1.4711,242.47,229.99,244.59,416.14,411.04,414.28,413.99,0.0,0.0436,1.4275,0.0,0.0014,0.3431,0.0593,0,0,0.0593,0.3592,0,0.01,0.3492,0.9855,1,1,0.9854,50,494.45,308.28,0,1,2025-10-01 17:16:55,18.1,89.2,,0,0,,1
2025-10-01 17:17:40,374.52,0.3433,239.37,0.4892,1.4678,242.1,231.64,244.37,417.17,411.85,414.32,414.3,0.0,0.0436,1.4242,0.0,0.0015,0.3418,0.0598,0,0,0.0598,0.3581,0,0.0101,0.348,0.9851,1,1,0.985,50,494.45,308.28,0,1,2025-10-01 17:17:40,18.2,89.9,,0,0,,1
2025-10-01 17:18:25,374.52,0.3405,238.42,0.4889,1.4667,242.29,229.13,243.84,413.81,408.2,416.64,412.53,0.0,0.0452,1.4215,0.0,0.0,0.3405,0.0591,0,0,0.0591,0.357,0,0.0104,0.3466,0.9852,1,1,0.9852,50,494.46,308.28,0,1,2025-10-01 17:18:25,18.2,90.4,,0,0,,1
2025-10-01 17:19:10,374.53,0.3418,239.08,0.4887,1.4662,240.34,233.1,243.81,416,413.12,412.82,414.12,0.0,0.0448,1.4214,0.0,0.0013,0.3405,0.0592,0,0,0.0592,0.357,0,0.0104,0.3466,0.9853,1,1,0.9852,50,494.46,308.28,0,1,2025-10-01 17:19:10,18.7,90.7,,0,0,,1
2025-10-01 17:19:55,374.53,0.3397,238.5,0.4876,1.4628999999999999,241.33,231.12,243.05,414.35,411.16,413.45,412.94,0.0,0.0448,1.4181,0.0,0.001,0.3387,0.0584,0,0,0.0584,0.355,0,0.0104,0.3447,0.9855,1,1,0.9854,50,494.47,308.28,0,1,2025-10-01 17:19:55,18.8,90.5,,0,0,,1
2025-10-01 17:20:40,374.54,0.3413,238.56,0.4887,1.4663,241.87,230.88,242.93,415.33,409.14,414.85,413.15,0.0,0.0444,1.4219,0.0,0.0016,0.3397,0.0577,0,0,0.0577,0.3557,0,0.0103,0.3454,0.986,1,1,0.9858,50,494.47,308.29,0,1,2025-10-01 17:20:40,18.8,90.4,,0,0,,1
2025-10-01 17:21:25,374.54,0.3401,238.27,0.4881,1.4644000000000001,242.11,229.85,242.85,414.56,410.43,412.68,412.61,0.0,0.0456,1.4188,0.0,0.0013,0.3388,0.0576,0,0,0.0576,0.355,0,0.0105,0.3446,0.9859,1,1,0.9858,50,494.48,308.29,0,1,2025-10-01 17:21:25,18.9,90.6,,0,0,,1
2025-10-01 17:22:10,374.54,0.3407,238.04,0.4877,1.4633,242.54,228.7,242.9,413.71,408.01,414.92,412.07,0.0,0.0444,1.4189,0.0,0.0018,0.3389,0.0575,0,0,0.0575,0.3548,0,0.0102,0.3447,0.986,1,1,0.9858,50,494.48,308.29,0,1,2025-10-01 17:22:10,18.9,91,,0,0,,1
2025-10-01 17:22:55,374.55,0.3419,238.57,0.4896,1.4689,241.83,230.38,243.52,415.22,412.14,411.77,413.07,0.0,0.0456,1.4233,0.0,0.0012,0.3407,0.0584,0,0,0.0584,0.3571,0,0.0105,0.3466,0.9857,1,1,0.9856,50,494.49,308.29,0,1,2025-10-01 17:22:55,19.0,91.7,,0,0,,1
2025-10-01 17:23:40,374.55,0.3402,237.54,0.487,1.4612,242.75,226.69,243.2,412.87,406.41,414.7,411.43,0.0,0.0444,1.4168,0.0,0.0016,0.3386,0.0584,0,0,0.0584,0.3546,0,0.0101,0.3446,0.9855,1,1,0.9854,49.9,494.49,308.29,0,1,2025-10-01 17:23:40,19.1,92.1,,0,0,,1
2025-10-01 17:24:25,374.6,4.145,237.55,7.6959,23.087899999999998,240.39,229.78,242.49,413.11,409.46,411.39,411.4,8.2903,6.922,7.8756,1.5072,1.0708,1.567,3.5656,1.302,1.173,1.0905,5.4932,1.9929,1.5905,1.9098,0.7581,0.7567,0.6741,0.8207,50,494.55,308.33,1,1,2025-10-01 17:24:25,19.1,90.3,,1,0,,0
2025-10-01 17:25:55,374.7,4.1729,237.19,7.718,23.1541,239.91,229.85,241.82,412.55,408.7,410.88,410.46,8.3138,6.976,7.8643,1.5224,1.0862,1.5642,3.5434,1.2868,1.1763,1.0803,5.4997,1.9946,1.6034,1.9017,0.7622,0.7637,0.6784,0.8228,50,494.69,308.42,1,1,2025-10-01 17:25:55,18.9,79.3,,1,0,,0
2025-10-01 17:26:40,374.76,4.1802,236.94,7.7183,23.1551,240.32,228.92,241.6,411.82,407.42,411.67,410.13,8.3982,6.815,7.9419,1.5268,1.0545,1.5989,3.5233,1.3177,1.1464,1.0592,5.4971,2.0183,1.5601,1.9188,0.7646,0.757,0.6769,0.8336,50,494.76,308.46,1,1,2025-10-01 17:26:40,18.8,77.5,,1,0,,0
2025-10-01 17:27:25,374.81,4.1864,237.29,7.7211,23.1633,239.58,229.48,242.83,412.75,409.42,410.39,410.82,8.2252,7.1061,7.832,1.5152,1.1184,1.5527,3.5379,1.2577,1.1833,1.0968,5.5031,1.9706,1.6307,1.9018,0.7637,0.7694,0.6868,0.8167,50,494.83,308.5,1,1,2025-10-01 17:27:25,18.2,78,,1,0,,0
2025-10-01 17:28:10,374.86,4.1588,236.65,7.7052,23.115699999999997,240.54,226.62,242.8,411.43,404.97,412.91,409.75,8.5633,6.5134,8.039,1.5188,0.9834,1.6565,3.5177,1.3895,1.0977,1.0306,5.4878,2.0598,1.4761,1.9519,0.7634,0.7378,0.6672,0.849,50,494.9,308.55,1,1,2025-10-01 17:28:10,18.1,75.7,,1,0,,0
2025-10-01 17:28:55,374.91,4.1309,237.31,7.6676,23.003,240.44,228.88,242.62,413.15,407.66,411.89,410.6,8.2977,6.8658,7.8395,1.5067,1.0542,1.57,3.54,1.3058,1.1622,1.072,5.4686,1.9951,1.5714,1.902,0.7593,0.7556,0.6718,0.8258,50,494.96,308.59,1,1,2025-10-01 17:28:55,17.9,75.1,,1,0,,0
2025-10-01 17:29:40,374.96,4.2002,237.53,7.7387,23.2161,240.84,228.67,243.09,413.16,408.63,412.03,411.59,8.4426,6.8657,7.9078,1.5389,1.0564,1.605,3.5418,1.3269,1.1583,1.0566,5.5256,2.0333,1.57,1.9223,0.7644,0.7573,0.6738,0.8352,50,495.03,308.64,1,1,2025-10-01 17:29:40,17.4,73.3,,1,0,,0
2025-10-01 17:30:25,375.02,4.167,238.36,7.7188,23.1566,241.74,229.4,243.94,414.9,409.23,413.99,412.85,8.427,6.8227,7.9069,1.5253,1.0395,1.6022,3.5867,1.348,1.1666,1.0721,5.5311,2.0371,1.5651,1.9288,0.7579,0.7492,0.6652,0.831,50.1,495.1,308.68,1,1,2025-10-01 17:30:25,17.3,72.6,,1,0,,0
2025-10-01 17:31:10,375.07,4.1706,238.3,7.7296,23.1889,242.49,228.7,243.73,414.56,408.95,414.36,412.45,8.5593,6.6398,7.9898,1.5346,0.997,1.6391,3.5867,1.3951,1.142,1.0496,5.5414,2.0755,1.5185,1.9474,0.7581,0.7399,0.6576,0.8421,50.1,495.17,308.73,1,1,2025-10-01 17:31:10,17.1,70.3,,1,0,,0
2025-10-01 17:31:55,375.12,4.1717,238.59,7.717,23.151,242.15,229.68,243.95,414.89,410.21,414.26,413.24,8.4051,6.8047,7.9412,1.5221,1.0409,1.6086,3.5888,1.3488,1.1624,1.0776,5.5355,2.0353,1.5629,1.9373,0.758,0.7484,0.6671,0.8308,50.1,495.24,308.77,1,1,2025-10-01 17:31:55,16.6,70.1,,1,0,,0
2025-10-01 17:32:40,375.17,4.1573,238.99,7.7063,23.119,241.29,231.52,244.17,416.07,410.41,415.01,413.5,8.1967,7.0845,7.8378,1.5042,1.1052,1.5479,3.614,1.2819,1.2083,1.1238,5.5317,1.9778,1.6402,1.9138,0.7546,0.7611,0.6749,0.8092,50.1,495.31,308.82,1,1,2025-10-01 17:32:40,16.5,68.9,,1,0,,0
2025-10-01 17:33:25,375.22,4.1551,239.06,7.7131,23.1393,242.03,231.08,244.08,415.92,412.03,413.82,413.82,8.3271,6.9528,7.8594,1.5182,1.0666,1.5704,3.622,1.3233,1.1983,1.1004,5.5404,2.0154,1.6067,1.9183,0.7538,0.7538,0.6648,0.8189,50.1,495.37,308.86,1,1,2025-10-01 17:33:25,16.4,69.1,,1,0,,0
2025-10-01 17:34:10,375.27,4.1286,238.57,7.6781,23.034299999999998,242.34,229.24,244.13,415.01,408.69,415.58,413.12,8.3893,6.803,7.842,1.5172,1.0249,1.5865,3.5929,1.351,1.172,1.0699,5.5071,2.0331,1.5595,1.9145,0.7543,0.7468,0.6582,0.829,50.1,495.45,308.91,1,1,2025-10-01 17:34:10,16.4,70.5,,1,0,,0
2025-10-01 17:34:55,375.32,4.102,238.67,7.6495,22.948600000000003,241.01,231.13,243.88,416.04,412.08,411.48,413.33,8.0312,7.206,7.7114,1.4833,1.1207,1.498,3.6056,1.2414,1.2284,1.1358,5.4818,1.9356,1.6655,1.8807,0.751,0.7668,0.6739,0.7968,50,495.51,308.95,1,1,2025-10-01 17:34:55,16.0,71.6,,1,0,,0
2025-10-01 17:35:40,375.38,4.1199,237.99,7.6702,23.0106,241.93,228.58,243.47,414.21,408.59,413.41,412.34,8.3719,6.7861,7.8526,1.5118,1.0223,1.5859,3.5758,1.3458,1.1636,1.0664,5.4885,2.0254,1.5512,1.9119,0.7552,0.7469,0.66,0.8298,50,495.58,309,1,1,2025-10-01 17:35:40,15.9,71,,1,0,,0
2025-10-01 17:36:25,375.43,4.1315,238.5,7.6756,23.027,241.34,230.26,243.92,415.27,411.63,411.86,412.99,8.0628,7.2363,7.7279,1.4959,1.127,1.5086,3.5952,1.2425,1.2239,1.1288,5.4971,1.9459,1.6662,1.885,0.7543,0.7692,0.6773,0.8006,50,495.65,309.04,1,1,2025-10-01 17:36:25,15.9,70.6,,1,0,,0
2025-10-01 17:37:10,375.48,4.1518,237.88,7.7085,23.1256,241.4,228.96,243.28,414.04,407.33,414.34,412.1,8.3931,6.8026,7.9299,1.5148,1.0374,1.5997,3.5786,1.3434,1.1585,1.0767,5.5128,2.0261,1.5575,1.9292,0.7574,0.7481,0.667,0.8295,49.9,495.72,309.08,1,1,2025-10-01 17:37:10,15.8,71.8,,1,0,,0
2025-10-01 17:37:55,375.53,4.1255,238.01,7.6724,23.017200000000003,240.72,229.51,243.82,413.48,409.54,413.37,411.87,8.3183,6.7783,7.9206,1.4927,1.0404,1.5924,3.5775,1.3328,1.1534,1.0913,5.4893,2.0024,1.5557,1.9312,0.7555,0.7459,0.6698,0.8248,50,495.79,309.13,1,1,2025-10-01 17:37:55,15.8,70.7,,1,0,,0
2025-10-01 17:38:40,375.58,4.1432,238.2,7.6995,23.0985,240.89,230.05,243.68,413.93,410.65,412.76,412.39,8.343,6.8233,7.9322,1.5025,1.0482,1.5924,3.5909,1.3324,1.1648,1.0938,5.5124,2.0097,1.5697,1.9329,0.7556,0.7482,0.6689,0.8242,50,495.86,309.17,1,1,2025-10-01 17:38:40,15.7,67.8,,1,0,,0
2025-10-01 17:39:25,375.63,4.158,237.69,7.6978,23.0935,236.87,231.73,244.49,412.46,409.54,412.76,411.6,8.2212,6.8548,8.0175,1.4636,1.0998,1.5946,3.5627,1.2822,1.1423,1.1383,5.496,1.9474,1.5885,1.9602,0.7593,0.7521,0.6935,0.8139,50,495.92,309.22,1,1,2025-10-01 17:39:25,15.7,68.3,,1,0,,0
2025-10-01 17:40:10,375.69,2.228,237.82,5.4288,16.2864,237.58,231.18,244.7,413.02,408.46,413.88,410.99,5.8017,4.7552,5.7295,0.7234,0.5332,0.9714,1.7358,0.6247,0.5435,0.5676,3.8797,1.3784,1.0993,1.402,0.7888,0.7568,0.7003,0.8634,50,496,309.26,1,1,2025-10-01 17:40:10,15.6,66.6,,1,0,,0
2025-10-01 17:40:55,375.69,0.3463,237.61,0.4939,1.4819,236.94,231.89,244.01,412.72,408.86,412.74,411.49,0.0,0.0432,1.4387,0.0,0.0011,0.3452,0.0587,0,0,0.0587,0.3611,0,0.01,0.3511,0.9859,1,1,0.9858,50,496,309.26,0,1,2025-10-01 17:40:55,15.2,66.6,,0,0,,1
2025-10-01 17:41:40,375.7,0.3444,238.35,0.4932,1.4798,236.9,233.89,244.26,414.44,411.27,412.43,412.63,0.0,0.0448,1.435,0.0,0.0,0.3444,0.06,0,0,0.06,0.361,0,0.0105,0.3505,0.9851,1,1,0.9851,50,496,309.26,0,1,2025-10-01 17:41:40,15.2,71.7,,0,0,,1
2025-10-01 17:42:25,375.7,0.3457,237.84,0.4934,1.4802,237.97,231.28,244.29,412.51,408.83,414.26,411.95,0.0,0.0444,1.4358,0.0,0.0012,0.3446,0.0598,0,0,0.0598,0.361,0,0.0103,0.3508,0.9853,1,1,0.9852,50,496.01,309.26,0,1,2025-10-01 17:42:25,15.6,75.5,,0,0,,1
2025-10-01 17:43:10,375.7,0.3476,238.36,0.4935,1.4806000000000001,238.14,231.52,245.43,414.5,409.84,413.75,412.68,0.0,0.0436,1.437,0.0,0.0013,0.3463,0.0612,0,0,0.0612,0.3628,0,0.0101,0.3527,0.9848,1,1,0.9847,50,496.01,309.27,0,1,2025-10-01 17:43:10,15.7,77.7,,0,0,,1
2025-10-01 17:43:55,375.71,0.3471,238.53,0.4946,1.4838,238.78,231.19,245.62,413.81,410.03,415.24,413.25,0.0,0.0444,1.4394,0.0,0.0,0.3471,0.0612,0,0,0.0612,0.3638,0,0.0103,0.3535,0.9847,1,1,0.9847,50.1,496.02,309.27,0,1,2025-10-01 17:43:55,15.8,79.9,,0,0,,1
2025-10-01 17:45:25,375.72,0.3462,238.84,0.4917,1.4752,237.82,233.05,245.66,414.9,412.25,413.49,413.79,0.0,0.0436,1.4316,0.0,0.0011,0.3451,0.0621,0,0,0.0621,0.3618,0,0.0102,0.3517,0.9842,1,1,0.9841,50.1,496.03,309.27,0,1,2025-10-01 17:45:25,16.4,82.9,,0,0,,1
2025-10-01 17:46:10,375.72,0.3457,238.52,0.4918,1.4754,238.02,232.3,245.26,414.17,411.12,413.75,413.14,0.0,0.0436,1.4318,0.0,0.0011,0.3447,0.0614,0,0,0.0614,0.3613,0,0.0101,0.3512,0.9846,1,1,0.9845,50.1,496.03,309.27,0,1,2025-10-01 17:46:10,16.5,84,,0,0,,1
2025-10-01 17:46:55,375.73,0.3441,238.28,0.491,1.473,238.48,230.88,245.5,413.36,410.02,414.41,412.5,0.0,0.0444,1.4286,0.0,0.0,0.3441,0.0619,0,0,0.0619,0.361,0,0.0103,0.3507,0.9841,1,1,0.9841,50.1,496.04,309.27,0,1,2025-10-01 17:46:55,16.6,85.2,,0,0,,1
2025-10-01 17:47:40,375.73,0.3444,237.92,0.4908,1.4725,238.55,230.32,244.9,413.01,408.57,414.33,411.91,0.0,0.0444,1.4281,0.0,0.0011,0.3433,0.0612,0,0,0.0612,0.36,0,0.0102,0.3497,0.9845,1,1,0.9844,50,496.04,309.27,0,1,2025-10-01 17:47:40,16.7,87,,0,0,,1
2025-10-01 17:48:25,375.73,0.3463,239.12,0.4919,1.4759,237.39,234.35,245.64,415.22,412.86,414.1,414.01,0.0,0.0448,1.4311,0.0,0.0013,0.3449,0.0618,0,0,0.0618,0.362,0,0.0105,0.3515,0.9844,1,1,0.9843,50,496.04,309.27,0,1,2025-10-01 17:48:25,17.2,87.1,,0,0,,1
2025-10-01 17:49:10,375.74,0.3447,239.15,0.4913,1.474,237.56,234.13,245.78,414.98,413.46,413.9,413.87,0.0,0.0444,1.4296,0.0,0.0,0.3447,0.0623,0,0,0.0623,0.3618,0,0.0104,0.3514,0.984,1,1,0.984,50.1,496.05,309.27,0,1,2025-10-01 17:49:10,17.3,87.2,,0,0,,1
2025-10-01 17:49:55,375.74,0.346,238.78,0.4907,1.4723000000000002,237.3,233.28,245.77,414.7,411.39,414.26,413.28,0.0,0.0436,1.4287,0.0,0.0015,0.3445,0.0622,0,0,0.0622,0.3613,0,0.0102,0.3511,0.9842,1,1,0.984,50.1,496.05,309.27,0,1,2025-10-01 17:49:55,17.4,87.5,,0,0,,1
2025-10-01 17:50:40,375.75,0.3459,238.94,0.4915,1.4747,237.28,233.9,245.65,415.06,412,414.14,413.57,0.0,0.0444,1.4303,0.0,0.0011,0.3448,0.0619,0,0,0.0619,0.3617,0,0.0104,0.3514,0.9843,1,1,0.9842,50,496.06,309.27,0,1,2025-10-01 17:50:40,17.4,88.3,,0,0,,1
2025-10-01 17:51:25,375.75,0.3458,238.22,0.4905,1.4714999999999998,238.17,230.85,245.65,412.98,407.91,416.62,412.7,0.0,0.0432,1.4283,0.0,0.0015,0.3443,0.0615,0,0,0.0615,0.3608,0,0.01,0.3509,0.9845,1,1,0.9844,50,496.06,309.27,0,1,2025-10-01 17:51:25,17.9,88.9,,0,0,,1
2025-10-01 17:52:10,375.76,0.345,238.78,0.4909,1.4727999999999999,237.34,233.69,245.33,414.48,413.21,412.7,413.67,0.0,0.0444,1.4284,0.0,0.001,0.344,0.0611,0,0,0.0611,0.3608,0,0.0104,0.3504,0.9846,1,1,0.9845,50,496.07,309.27,0,1,2025-10-01 17:52:10,18.0,89.1,,0,0,,1
2025-10-01 17:52:55,375.76,0.3449,238.25,0.4911,1.4732999999999998,237.66,231.75,245.36,413.62,408.45,415.57,412.5,0.0,0.0452,1.4281,0.0,0.0011,0.3438,0.0617,0,0,0.0617,0.3609,0,0.0105,0.3504,0.9843,1,1,0.9842,50,496.07,309.28,0,1,2025-10-01 17:52:55,18.1,89.5,,0,0,,1
2025-10-01 17:53:40,375.77,0.3455,238.94,0.4911,1.4735,236.87,234.28,245.68,415.56,412.83,412.73,413.75,0.0,0.0448,1.4287,0.0,0.0011,0.3444,0.0622,0,0,0.0622,0.3615,0,0.0105,0.351,0.9842,1,1,0.9841,50,496.08,309.28,0,1,2025-10-01 17:53:40,18.1,90.3,,0,0,,1
2025-10-01 17:54:25,375.77,0.3447,238.76,0.4912,1.4737,238.58,231.94,245.78,414.88,410.08,415.3,413.25,0.0,0.044,1.4297,0.0,0.0,0.3447,0.0623,0,0,0.0623,0.3616,0,0.0102,0.3514,0.984,1,1,0.984,50,496.08,309.28,0,1,2025-10-01 17:54:25,18.2,91.3,,0,0,,1
2025-10-01 17:55:10,375.77,0.3444,239.4,0.4896,1.4689999999999999,241.86,230.96,245.38,417.17,409.66,416.69,414.71,0.0,0.0432,1.4258,0.0,0.0011,0.3433,0.0615,0,0,0.0615,0.3598,0,0.01,0.3499,0.9844,1,1,0.9843,50,496.09,309.28,0,1,2025-10-01 17:55:10,18.3,91,,0,0,,1
2025-10-01 17:55:55,375.78,0.3451,239.34,0.4905,1.4716,242.32,230.24,245.48,416.54,409.85,416.88,414.4,0.0,0.044,1.4276,0.0,0.0011,0.344,0.0608,0,0,0.0608,0.3606,0,0.0101,0.3504,0.9848,1,1,0.9847,50.1,496.09,309.28,0,1,2025-10-01 17:55:55,18.7,90.7,,0,0,,1
2025-10-01 17:56:40,375.78,0.3426,238.89,0.4901,1.4704,241.03,230.99,244.65,415.71,410.97,414.19,413.76,0.0,0.0444,1.426,0.0,0.0,0.3426,0.0601,0,0,0.0601,0.3591,0,0.0103,0.3489,0.9849,1,1,0.9849,50.1,496.09,309.28,0,1,2025-10-01 17:56:40,18.8,90.6,,0,0,,1
2025-10-01 17:57:25,375.79,0.3422,238.69,0.49,1.47,240.89,230.59,244.6,415.21,410.73,413.9,413.28,0.0,0.046,1.424,0.0,0.0,0.3422,0.0595,0,0,0.0595,0.3589,0,0.0106,0.3483,0.9852,1,1,0.9852,50,496.1,309.28,0,1,2025-10-01 17:57:25,18.8,90.7,,0,0,,1
2025-10-01 17:58:10,375.79,0.3435,238.23,0.4906,1.4718,240.95,229,244.75,414.07,407.56,415.9,412.22,0.0,0.0436,1.4282,0.0,0.0,0.3435,0.0591,0,0,0.0591,0.3595,0,0.01,0.3496,0.9855,1,1,0.9855,50.1,496.1,309.28,0,1,2025-10-01 17:58:10,18.8,90.8,,0,0,,1
2025-10-01 17:58:55,375.8,0.3447,239.38,0.4902,1.4708,240.87,232.13,245.15,416.54,412.92,413.94,414.42,0.0,0.0436,1.4272,0.0,0.0011,0.3437,0.0598,0,0,0.0598,0.36,0,0.0101,0.3499,0.9853,1,1,0.9852,50.1,496.11,309.28,0,1,2025-10-01 17:58:55,18.9,90.8,,0,0,,1
2025-10-01 17:59:40,375.8,0.3452,238.99,0.4912,1.4738,241.29,229.92,245.76,415.01,411.71,414.63,413.92,0.0,0.0436,1.4302,0.0,0.0,0.3452,0.0601,0,0,0.0601,0.3615,0,0.01,0.3515,0.9851,1,1,0.9851,50.1,496.11,309.28,0,1,2025-10-01 17:59:40,18.9,91,,0,0,,1
2025-10-01 18:00:25,375.8,0.3457,239.77,0.4909,1.4728,242.4,230.54,246.37,416.81,411.49,417.14,415.5,0.0,0.0436,1.4292,0.0,0.0,0.3457,0.0606,0,0,0.0606,0.3622,0,0.0101,0.3521,0.9849,1,1,0.9849,50.2,496.12,309.28,0,1,2025-10-01 18:00:25,19.0,91.2,,0,0,,1
2025-10-01 18:01:10,375.81,0.347,240.38,0.4921,1.4765000000000001,241.55,232.9,246.71,418.07,414.52,416.01,416.2,0.0,0.044,1.4325,0.0,0.0,0.347,0.061,0,0,0.061,0.3637,0,0.0102,0.3534,0.9849,1,1,0.9849,50.2,496.12,309.28,0,1,2025-10-01 18:01:10,19.0,91.3,,0,0,,1
2025-10-01 18:01:55,375.85,4.2278,240.1,7.8037,23.4111,242.3,231.37,246.65,416.84,412.89,417.52,415.55,8.4343,6.9051,8.0717,1.5162,1.0756,1.636,3.6797,1.3685,1.1779,1.1333,5.6321,2.0436,1.5976,1.9909,0.7543,0.7423,0.6743,0.822,50.2,496.18,309.32,1,1,2025-10-01 18:01:55,19.0,89.7,,1,0,,0
2025-10-01 18:02:40,375.9,4.2251,240.3,7.7969,23.390900000000002,241.75,232.69,246.48,418.09,413.72,416.4,416.15,8.2979,7.1046,7.9884,1.5115,1.1217,1.5919,3.6838,1.3166,1.2102,1.157,5.6282,2.006,1.6532,1.969,0.7537,0.754,0.6797,0.8089,50.2,496.25,309.37,1,1,2025-10-01 18:02:40,18.9,82.7,,1,0,,0
2025-10-01 18:03:25,375.96,4.2199,240.46,7.7867,23.3602,241.73,233,246.67,418.04,413.57,417.49,416.36,8.259,7.1625,7.9387,1.5114,1.1319,1.5766,3.6849,1.3022,1.2228,1.16,5.6236,1.9964,1.6689,1.9582,0.7532,0.7576,0.6793,0.8054,50.2,496.32,309.41,1,1,2025-10-01 18:03:25,18.8,79.2,,1,0,,0
2025-10-01 18:04:55,376.06,4.2077,239.43,7.7681,23.3045,241.78,230.36,246.16,415.52,413.62,414.46,414.33,8.4928,6.7659,8.0458,1.5186,1.0433,1.6458,3.6354,1.3803,1.1546,1.1005,5.5925,2.0534,1.5586,1.9806,0.7566,0.7399,0.6704,0.8312,50.1,496.46,309.5,1,1,2025-10-01 18:04:55,18.0,77.4,,1,0,,0
2025-10-01 18:05:40,376.11,4.1785,239.19,7.7385,23.2155,242.17,229.23,246.19,414.99,411.67,415.77,414.14,8.4483,6.7141,8.0531,1.5026,1.0277,1.6481,3.6284,1.3863,1.1421,1.1,5.5676,2.0459,1.5391,1.9826,0.755,0.7349,0.6688,0.8317,50.1,496.53,309.55,1,1,2025-10-01 18:05:40,17.5,76.1,,1,0,,0
2025-10-01 18:06:25,376.16,4.1535,239.46,7.7232,23.1697,242.84,229.18,246.37,416.24,410.87,416.69,414.68,8.5324,6.6709,7.9664,1.5165,0.9987,1.6383,3.6431,1.4099,1.1542,1.079,5.5635,2.072,1.5288,1.9627,0.7517,0.7323,0.6543,0.8351,50.1,496.6,309.59,1,1,2025-10-01 18:06:25,17.3,75.3,,1,0,,0
2025-10-01 18:07:10,376.22,4.1911,240.31,7.7604,23.2814,241.82,232.56,246.57,417.73,415.06,415.42,416.1,8.1597,7.2082,7.9135,1.4946,1.1385,1.558,3.6859,1.2861,1.2268,1.1731,5.6007,1.9732,1.6763,1.9512,0.7509,0.7579,0.6802,0.7988,50.1,496.67,309.64,1,1,2025-10-01 18:07:10,17.3,73.3,,1,0,,0
2025-10-01 18:07:55,376.27,4.1533,239.83,7.7248,23.174599999999998,242.75,230.51,246.25,416.29,413.18,416.32,415.47,8.4546,6.7181,8.0019,1.5044,1.0183,1.6306,3.662,1.394,1.1633,1.1047,5.5714,2.0524,1.5486,1.9705,0.75,0.7335,0.6586,0.8278,50.1,496.74,309.69,1,1,2025-10-01 18:07:55,17.1,71.9,,1,0,,0
2025-10-01 18:08:40,376.32,4.1361,239.58,7.7061,23.118499999999997,242.6,229.85,246.29,416.03,410.14,418.38,414.62,8.4531,6.6461,8.0193,1.494,1.0032,1.6389,3.651,1.4024,1.1483,1.1002,5.5534,2.0507,1.5276,1.9751,0.7497,0.729,0.6579,0.8258,50.1,496.81,309.73,1,1,2025-10-01 18:08:40,16.7,71.5,,1,0,,0
2025-10-01 18:09:25,376.37,4.134,240.2,7.7016,23.1049,241.69,232.96,245.96,417.8,415.08,414.75,416.11,8.1337,7.0427,7.9285,1.473,1.1032,1.5578,3.6764,1.2998,1.2105,1.1661,5.5566,1.9658,1.6407,1.9501,0.7472,0.7486,0.6731,0.8004,50.1,496.88,309.78,1,1,2025-10-01 18:09:25,16.6,70.6,,1,0,,0
2025-10-01 18:10:10,376.42,4.0857,238.85,7.6616,22.985,243.02,227.85,245.68,413.98,409.1,417.71,413.22,8.6293,6.1886,8.1671,1.4779,0.9051,1.7027,3.6217,1.4852,1.0775,1.059,5.5137,2.0971,1.4101,2.0065,0.7483,0.7053,0.6431,0.8491,50.1,496.95,309.82,1,1,2025-10-01 18:10:10,16.5,69.3,,1,0,,0
2025-10-01 18:10:55,376.48,4.0914,240.29,7.653,22.959,241.59,233.43,245.87,418.57,415.26,414.24,416.02,8.0452,7.1337,7.7801,1.4651,1.1329,1.4935,3.6891,1.253,1.2541,1.182,5.5218,1.9436,1.6652,1.9129,0.7426,0.7543,0.6682,0.7919,50.1,497.02,309.87,1,1,2025-10-01 18:10:55,16.4,68.2,,1,0,,0
2025-10-01 18:11:40,376.53,4.117,239.9,7.6656,22.997,241.9,232.64,245.17,417.76,413.7,414.64,415.42,7.9626,7.2152,7.8192,1.4837,1.1077,1.5256,3.6616,1.2803,1.2294,1.1519,5.5217,1.9262,1.6785,1.917,0.7472,0.7617,0.6799,0.788,50.1,497.08,309.92,1,1,2025-10-01 18:11:40,15.9,67.2,,1,0,,0
2025-10-01 18:12:25,376.58,4.1277,238.85,7.6659,22.997700000000002,242.16,228.91,245.48,414.62,411.48,414.49,413.87,8.3291,6.6498,8.0188,1.4783,1.017,1.6324,3.5967,1.3698,1.1289,1.098,5.5076,2.017,1.5222,1.9685,0.7539,0.7335,0.6693,0.8297,50.1,497.16,309.96,1,1,2025-10-01 18:12:25,15.8,66,,1,0,,0
2025-10-01 18:13:10,376.63,4.1125,239.46,7.6749,23.024800000000003,242.5,230.57,245.32,416.2,412.29,415.34,414.79,8.316,6.8052,7.9036,1.4911,1.0333,1.5881,3.6427,1.3553,1.177,1.1104,5.5246,2.0166,1.5691,1.9389,0.7485,0.7399,0.6597,0.8195,50.1,497.22,310.01,1,1,2025-10-01 18:13:10,15.7,67.4,,1,0,,0
2025-10-01 18:13:55,376.68,4.1121,239.18,7.6678,23.0035,242.03,230.15,245.38,415,412.64,414.77,414.02,8.4069,6.6297,7.9669,1.4897,1.0018,1.6207,3.6213,1.3835,1.147,1.0909,5.5155,2.0347,1.5258,1.9549,0.7504,0.7327,0.6578,0.8295,50.1,497.29,310.05,1,1,2025-10-01 18:13:55,15.7,66.3,,1,0,,0
2025-10-01 18:14:40,376.73,4.0976,239.56,7.6523,22.9569,241.19,232.26,245.24,416.1,413.08,415.27,414.71,8.1332,6.9551,7.8686,1.4667,1.0806,1.5503,3.6465,1.301,1.1974,1.148,5.5067,1.9616,1.6154,1.9297,0.747,0.748,0.6699,0.8036,50.1,497.36,310.1,1,1,2025-10-01 18:14:40,15.6,65.3,,1,0,,0
2025-10-01 18:15:25,376.78,1.796,241.43,4.7968,14.3905,241.98,236.16,246.17,420.06,417.78,416.33,417.03,4.919,4.5275,4.944,0.5625,0.4475,0.786,1.4585,0.4715,0.4892,0.4978,3.4766,1.1903,1.0692,1.2171,0.7762,0.7663,0.6749,0.8448,50.1,497.43,310.14,1,1,2025-10-01 18:15:25,15.1,64.3,,0,0,,0
2025-10-01 18:16:10,376.79,0.3515,240.19,0.4968,1.4904,243.53,230.93,246.11,416.55,411.41,419.87,415.73,0.0,0.0432,1.4472,0.0,0.0014,0.3502,0.0591,0,0,0.0591,0.3661,0,0.01,0.3562,0.9861,1,1,0.986,50.1,497.43,310.14,0,1,2025-10-01 18:16:10,15.1,65.4,,0,0,,1
2025-10-01 18:16:55,376.79,0.3514,241.15,0.4964,1.4894,243.47,233.71,246.27,418.7,415.1,418.98,417.66,0.0,0.0444,1.445,0.0,0.0016,0.3498,0.0598,0,0,0.0598,0.3662,0,0.0104,0.3559,0.9858,1,1,0.9857,50.1,497.44,310.14,0,1,2025-10-01 18:16:55,15.1,68.9,,0,0,,1
2025-10-01 18:17:40,376.8,0.3509,240.65,0.496,1.4881,242.03,233.44,246.5,417.7,415.49,416.94,416.75,0.0,0.0432,1.4449,0.0,0.0011,0.3498,0.0607,0,0,0.0607,0.3663,0,0.0101,0.3562,0.9853,1,1,0.9852,50.1,497.44,310.14,0,1,2025-10-01 18:17:40,15.1,72.3,,0,0,,1
2025-10-01 18:18:25,376.8,0.3505,240.17,0.4949,1.4848,243.42,230.56,246.55,416.64,412.92,418.07,416.09,0.0,0.0428,1.442,0.0,0.0013,0.3492,0.0607,0,0,0.0607,0.3654,0,0.0099,0.3555,0.9853,1,1,0.9852,50.1,497.45,310.15,0,1,2025-10-01 18:18:25,15.6,75.4,,0,0,,1
2025-10-01 18:19:10,376.8,0.3505,240.02,0.495,1.4850999999999999,243.35,230.3,246.43,416.35,412.98,417.49,415.9,0.0,0.0428,1.4423,0.0,0.0015,0.3491,0.0609,0,0,0.0609,0.3653,0,0.0099,0.3554,0.9852,1,1,0.9851,50.1,497.45,310.15,0,1,2025-10-01 18:19:10,15.7,77.5,,0,0,,1
2025-10-01 18:19:55,376.81,0.3505,240.18,0.4952,1.4856999999999998,242.02,232.01,246.51,416.3,414.42,416.94,416.09,0.0,0.0432,1.4425,0.0,0.0012,0.3493,0.0608,0,0,0.0608,0.3656,0,0.01,0.3556,0.9852,1,1,0.9851,50.1,497.46,310.15,0,1,2025-10-01 18:19:55,15.8,79.3,,0,0,,1
2025-10-01 18:20:40,376.81,0.3498,240.21,0.4938,1.4816,242.6,231.43,246.62,416.31,412.85,418.76,416.02,0.0,0.0428,1.4388,0.0,0.0015,0.3483,0.0617,0,0,0.0617,0.3647,0,0.0099,0.3548,0.9847,1,1,0.9846,50.1,497.46,310.15,0,1,2025-10-01 18:20:40,15.9,80.8,,0,0,,1
2025-10-01 18:21:25,376.82,0.3472,240.08,0.4925,1.4777,242.38,232.62,245.26,416.44,413.14,417.72,415.76,0.0,0.0432,1.4345,0.0,0.0015,0.3457,0.0596,0,0,0.0596,0.3619,0,0.01,0.3518,0.9855,1,1,0.9854,50.1,497.47,310.15,0,1,2025-10-01 18:21:25,16.4,83.6,,0,0,,1
2025-10-01 18:22:10,376.82,0.3471,240.49,0.493,1.479,242.21,233.79,245.47,417.43,416.05,415.8,416.47,0.0,0.044,1.435,0.0,0.001,0.3461,0.0599,0,0,0.0599,0.3625,0,0.0103,0.3522,0.9854,1,1,0.9853,50.1,497.47,310.15,0,1,2025-10-01 18:22:10,16.5,84.4,,0,0,,1
2025-10-01 18:22:55,376.83,0.3468,239.78,0.4923,1.4770999999999999,242.24,232.01,245.11,416.21,413.08,416.37,415.36,0.0,0.0432,1.4339,0.0,0.0015,0.3453,0.0598,0,0,0.0598,0.3615,0,0.01,0.3515,0.9854,1,1,0.9853,50.1,497.47,310.15,0,1,2025-10-01 18:22:55,16.6,85.1,,0,0,,1
2025-10-01 18:23:40,376.83,0.3463,239.4,0.492,1.476,242.06,231.25,244.9,415.53,412.3,415.81,414.6,0.0,0.0436,1.4324,0.0,0.0017,0.3447,0.0595,0,0,0.0595,0.3609,0,0.0101,0.3508,0.9855,1,1,0.9854,50.1,497.48,310.15,0,1,2025-10-01 18:23:40,16.7,86.4,,0,0,,1
2025-10-01 18:24:25,376.84,0.3468,239.24,0.493,1.4789999999999999,241.93,230.43,245.38,415.49,411.66,415.61,414.43,0.0,0.0448,1.4342,0.0,0.0012,0.3457,0.0603,0,0,0.0603,0.3622,0,0.0103,0.3519,0.9852,1,1,0.9851,50,497.48,310.15,0,1,2025-10-01 18:24:25,17.2,87,,0,0,,1
2025-10-01 18:25:10,376.84,0.3462,239.84,0.4917,1.4750999999999999,241.2,232.79,245.53,416.54,414.38,414.93,415.29,0.0,0.0452,1.4299,0.0,0.0014,0.3448,0.0604,0,0,0.0604,0.3616,0,0.0105,0.3511,0.9851,1,1,0.985,50.1,497.49,310.15,0,1,2025-10-01 18:25:10,17.3,87.3,,0,0,,1
2025-10-01 18:25:55,376.84,0.3462,239.79,0.4914,1.4744,242.11,231.75,245.52,416.52,414.16,414.86,415.17,0.0,0.0432,1.4312,0.0,0.0011,0.3451,0.0604,0,0,0.0604,0.3614,0,0.01,0.3514,0.9851,1,1,0.985,50.1,497.49,310.15,0,1,2025-10-01 18:25:55,17.3,87.7,,0,0,,1
2025-10-01 18:26:40,376.85,0.3451,238.61,0.4923,1.477,240.69,229.94,245.22,414.05,411.13,414.29,413.09,0.0,0.0444,1.4326,0.0,0.0,0.3451,0.0601,0,0,0.0601,0.3615,0,0.0102,0.3513,0.9851,1,1,0.9851,50.1,497.5,310.15,0,1,2025-10-01 18:26:40,17.4,88.6,,0,0,,1
2025-10-01 18:27:25,376.85,0.346,239.09,0.4925,1.4776,240.47,231.13,245.68,414.47,412.14,415.41,414.07,0.0,0.0436,1.434,0.0,0.0,0.346,0.0607,0,0,0.0607,0.3624,0,0.0101,0.3523,0.9849,1,1,0.9849,50.1,497.5,310.15,0,1,2025-10-01 18:27:25,17.5,88.9,,0,0,,1
2025-10-01 18:28:10,376.86,0.3463,239.38,0.4915,1.4746,240.37,232.47,245.31,414.71,412.66,416.26,414.29,0.0,0.0424,1.4322,0.0,0.0011,0.3452,0.0596,0,0,0.0596,0.3612,0,0.0099,0.3513,0.9855,1,1,0.9854,50.1,497.51,310.16,0,1,2025-10-01 18:28:10,18.0,89.2,,0,0,,1
2025-10-01 18:28:55,376.86,0.3429,238.61,0.4902,1.4707999999999999,240.41,230.69,244.75,412.91,410.92,415.85,413.47,0.0,0.0448,1.426,0.0,0.0,0.3429,0.0591,0,0,0.0591,0.3593,0,0.0103,0.349,0.9854,1,1,0.9854,50.1,497.51,310.16,0,1,2025-10-01 18:28:55,18.1,90.2,,0,0,,1
2025-10-01 18:29:40,376.87,0.3441,238.58,0.4917,1.4750999999999999,239.71,231.18,244.86,413.03,411.61,414.81,413.85,0.0,0.0448,1.4303,0.0,0.0,0.3441,0.0592,0,0,0.0592,0.3606,0,0.0104,0.3502,0.9855,1,1,0.9855,50.1,497.52,310.16,0,1,2025-10-01 18:29:40,18.1,90.1,,0,0,,1
2025-10-01 18:30:25,376.87,0.3454,240.02,0.4918,1.4753999999999998,240.38,234.3,245.4,416.18,414.85,415.94,415.55,0.0,0.0432,1.4322,0.0,0.0,0.3454,0.059,0,0,0.059,0.3616,0,0.0101,0.3515,0.9857,1,1,0.9857,50.2,497.52,310.16,0,1,2025-10-01 18:30:25,18.2,90.2,,0,0,,1
2025-10-01 18:31:10,376.87,0.347,239.77,0.4923,1.4769,241.54,231.55,246.24,415.39,412.81,417.43,415.29,0.0,0.0424,1.4345,0.0,0.0,0.347,0.06,0,0,0.06,0.363,0,0.0098,0.3532,0.9853,1,1,0.9853,50.2,497.52,310.16,0,1,2025-10-01 18:31:10,18.3,90.9,,0,0,,1
2025-10-01 18:31:55,376.88,0.3486,240.43,0.4922,1.4768,240.52,234.21,246.56,417.72,415.75,415.42,416.37,0.0,0.0428,1.434,0.0,0.0013,0.3472,0.0607,0,0,0.0607,0.3636,0,0.01,0.3536,0.9851,1,1,0.985,50.2,497.53,310.16,0,1,2025-10-01 18:31:55,18.7,91,,0,0,,1
2025-10-01 18:32:40,376.88,0.3468,239.87,0.4921,1.4764,240.88,232.13,246.6,415.71,414.78,415.51,415.34,0.0,0.044,1.4324,0.0,0.0,0.3468,0.0611,0,0,0.0611,0.3634,0,0.0102,0.3532,0.9848,1,1,0.9848,50.2,497.53,310.16,0,1,2025-10-01 18:32:40,18.8,90.9,,0,0,,1
2025-10-01 18:33:25,376.89,0.3461,240.06,0.4919,1.4757,241.06,232.79,246.33,416.53,414.63,415.84,415.43,0.0,0.0448,1.4309,0.0,0.0,0.3461,0.0604,0,0,0.0604,0.3629,0,0.0104,0.3525,0.9851,1,1,0.9851,50.2,497.54,310.16,0,1,2025-10-01 18:33:25,18.8,91,,0,0,,1
2025-10-01 18:34:10,376.89,0.3457,239.74,0.4902,1.4707000000000001,241.32,231.97,245.93,415.45,412.98,417.01,414.85,0.0,0.044,1.4267,0.0,0.0011,0.3446,0.0602,0,0,0.0602,0.3611,0,0.0102,0.3509,0.9851,1,1,0.985,50.2,497.54,310.16,0,1,2025-10-01 18:34:10,18.9,91.4,,0,0,,1
2025-10-01 18:34:55,376.9,0.3449,239.38,0.4903,1.4710999999999999,240.82,232.54,244.8,415.99,413.05,414.48,414.74,0.0,0.0432,1.4279,0.0,0.0013,0.3436,0.0586,0,0,0.0586,0.3596,0,0.01,0.3495,0.9858,1,1,0.9857,50.1,497.55,310.16,0,1,2025-10-01 18:34:55,18.9,91.6,,0,0,,1
2025-10-01 18:35:40,376.9,0.3433,238.55,0.4897,1.4693,241.37,230.24,244.04,413.48,412.01,413.7,412.92,0.0,0.044,1.4253,0.0,0.0012,0.342,0.0575,0,0,0.0575,0.358,0,0.0101,0.3478,0.9862,1,1,0.9861,50.1,497.55,310.16,0,1,2025-10-01 18:35:40,19.0,91.4,,0,0,,1
2025-10-01 18:36:25,376.9,0.3411,238.52,0.4893,1.4681,241.89,230.17,243.52,413.62,409.85,415.74,413.12,0.0,0.0444,1.4237,0.0,0.0,0.3411,0.0565,0,0,0.0565,0.3569,0,0.0102,0.3467,0.9865,1,1,0.9865,50.1,497.56,310.16,0,1,2025-10-01 18:36:25,19.0,91.8,,0,0,,1
2025-10-01 18:37:55,376.97,4.3182,236.24,7.8626,23.5878,240.37,225.43,242.92,409.25,405.15,412.84,409.36,8.7409,6.443,8.4039,1.5485,1.0083,1.7614,3.4894,1.4179,1.0417,1.0297,5.595,2.1011,1.4524,2.0415,0.7777,0.7375,0.6954,0.8632,50.1,497.64,310.22,1,1,2025-10-01 18:37:55,19.0,86.3,,1,0,,0
2025-10-01 18:38:40,377.02,4.3239,238.24,7.8819,23.6458,240.33,230.97,243.42,413.9,412.12,411.47,412.63,8.4079,7.2115,8.0264,1.5617,1.1567,1.6055,3.5866,1.2801,1.1948,1.1117,5.6401,2.0207,1.6656,1.9538,0.7696,0.7734,0.6955,0.8221,50.1,497.71,310.26,1,1,2025-10-01 18:38:40,18.9,83,,1,0,,0
2025-10-01 18:39:25,377.08,4.3752,237.59,7.9275,23.782700000000002,240.19,229.88,242.71,412.57,409.45,412.22,411.13,8.6035,6.9843,8.1949,1.583,1.12,1.6722,3.5477,1.3262,1.1465,1.075,5.661,2.0665,1.6056,1.989,0.7767,0.7665,0.6987,0.8411,50.1,497.79,310.31,1,1,2025-10-01 18:39:25,18.8,80.6,,1,0,,0
2025-10-01 18:40:55,377.19,4.3754,238,7.925,23.775199999999998,240.37,231.55,242.09,413.4,410.49,412.56,411.86,8.5346,7.096,8.1446,1.5871,1.1451,1.6432,3.5611,1.298,1.1749,1.0881,5.6663,2.0515,1.6431,1.9717,0.7755,0.774,0.6979,0.8337,50.1,497.92,310.39,1,1,2025-10-01 18:40:55,18.1,76.5,,1,0,,0
2025-10-01 18:41:40,377.24,4.3414,237.69,7.8815,23.6445,239.84,231.89,241.36,412.92,409.61,412.39,411.4,8.4019,7.1669,8.0757,1.5694,1.1628,1.6092,3.5438,1.262,1.1836,1.0981,5.6262,2.0151,1.6619,1.9492,0.7746,0.7792,0.7008,0.826,50.1,498,310.44,1,1,2025-10-01 18:41:40,17.9,73.8,,1,0,,0
2025-10-01 18:42:25,377.3,4.3951,237.58,7.9379,23.8138,240.47,231.3,240.99,412.1,410.08,412.17,411.32,8.523,7.1132,8.1776,1.5939,1.1543,1.6468,3.5365,1.2865,1.169,1.081,5.6655,2.0495,1.6453,1.9707,0.7791,0.7781,0.7026,0.8359,50.1,498.07,310.48,1,1,2025-10-01 18:42:25,17.4,74.7,,1,0,,0
2025-10-01 18:43:55,377.4,4.2934,237.6,7.8209,23.462899999999998,240.13,231.21,241.48,412.38,410.49,411.53,411.26,8.2743,7.1667,8.0219,1.545,1.1579,1.5905,3.5325,1.2472,1.1814,1.104,5.581,1.9869,1.657,1.9371,0.7722,0.7781,0.6999,0.8215,50.1,498.21,310.57,1,1,2025-10-01 18:43:55,16.7,72.5,,1,0,,0
2025-10-01 18:45:25,377.51,4.1824,239.02,7.738,23.214,242.73,231.62,242.73,415.48,411.29,415,413.98,8.407,6.9665,7.8405,1.5502,1.0644,1.5678,3.6106,1.3248,1.2091,1.0767,5.5573,2.0406,1.6136,1.9031,0.7569,0.7602,0.6607,0.8243,50.1,498.35,310.66,1,1,2025-10-01 18:45:25,16.5,71.9,,1,0,,0
2025-10-01 18:46:10,377.57,4.1558,238.51,7.7145,23.1436,242.69,230.33,242.52,414.5,410.23,414.35,412.99,8.4802,6.7265,7.9369,1.5354,1.015,1.6053,3.5944,1.3679,1.1666,1.0599,5.5322,2.0581,1.5493,1.9249,0.7563,0.7466,0.6563,0.8345,50.1,498.42,310.71,1,1,2025-10-01 18:46:10,16.5,71.4,,1,0,,0
2025-10-01 18:48:25,377.72,4.113,239.4,7.6664,22.999299999999998,242.11,232.82,243.29,416.07,411.2,416.54,414.61,8.2585,6.8956,7.8452,1.5031,1.0582,1.5517,3.6287,1.3162,1.2031,1.1093,5.5136,1.9995,1.6054,1.9087,0.7498,0.7523,0.6604,0.8134,50.1,498.62,310.84,1,1,2025-10-01 18:48:25,15.9,68.6,,1,0,,0
2025-10-01 18:49:10,377.77,4.119,239.91,7.6864,23.059199999999997,243.07,232.86,243.8,413.41,408.96,424.26,415.58,8.2968,6.8446,7.9178,1.5018,1.0451,1.5721,3.6595,1.3432,1.1983,1.118,5.5409,2.0167,1.5938,1.9304,0.7475,0.7453,0.6572,0.8149,50.1,498.69,310.89,1,1,2025-10-01 18:49:10,15.9,68,,1,0,,0
2025-10-01 18:49:55,377.82,4.1311,239.89,7.7147,23.1443,243.32,232.4,243.95,411.37,411,424.22,415.04,8.5274,6.5113,8.1056,1.5072,0.9793,1.6447,3.6667,1.423,1.1487,1.0949,5.5655,2.0749,1.5132,1.9774,0.7478,0.7271,0.6487,0.8324,50.1,498.76,310.93,1,1,2025-10-01 18:49:55,15.8,67.7,,1,0,,0
2025-10-01 18:50:40,377.87,4.1141,239.86,7.6851,23.055300000000003,242.54,232.52,244.54,412.21,409.77,424.45,415.25,8.2946,6.7462,8.0145,1.4804,1.0351,1.5986,3.6653,1.3598,1.1739,1.1316,5.5403,2.0118,1.5686,1.9599,0.7466,0.7364,0.6613,0.8162,50.1,498.83,310.98,1,1,2025-10-01 18:50:40,15.8,68.9,,1,0,,0
2025-10-01 18:51:25,377.92,4.1105,239.64,7.6878,23.0634,242.96,231.34,244.62,410.77,409.29,425.24,415.34,8.4171,6.6273,8.019,1.4926,0.9987,1.6192,3.6587,1.3953,1.1586,1.1048,5.5398,2.045,1.5332,1.9616,0.7469,0.7305,0.6529,0.826,50.1,498.9,311.02,1,1,2025-10-01 18:51:25,15.7,67.4,,1,0,,0
2025-10-01 18:52:55,378.03,4.0804,239.11,7.6248,22.874499999999998,242.28,230.83,244.22,410.38,408.14,424,414.25,8.2068,6.7723,7.8954,1.4732,1.0333,1.5738,3.6136,1.3329,1.1687,1.112,5.4798,1.9883,1.5633,1.9282,0.7486,0.7415,0.6623,0.8166,50.1,499.04,311.11,1,1,2025-10-01 18:52:55,15.7,66.4,,1,0,,0
2025-10-01 18:53:40,378.08,4.114,239.53,7.6767,23.0301,242.89,231.44,244.27,410.79,408.49,425.44,414.85,8.2688,6.8575,7.9038,1.4943,1.0458,1.5738,3.6452,1.3395,1.1895,1.1163,5.5262,2.0084,1.5871,1.9307,0.7484,0.7446,0.6603,0.8156,50.1,499.11,311.16,1,1,2025-10-01 18:53:40,15.6,66.9,,1,0,,0
2025-10-01 18:54:25,378.1,0.3509,240.07,0.4974,1.4923,243.51,231.54,245.16,410.05,410.86,426.64,415.53,0.0,0.044,1.4483,0.0,0.0017,0.3492,0.0585,0,0,0.0585,0.3653,0,0.0102,0.3551,0.9863,1,1,0.9862,50.1,499.14,311.18,0,1,2025-10-01 18:54:25,15.2,66.2,,0,0,,1
2025-10-01 18:55:10,378.1,0.3484,240.72,0.495,1.4850999999999999,242.77,234.48,244.92,414.55,410.78,425.49,416.69,0.0,0.0428,1.4423,0.0,0.0011,0.3473,0.059,0,0,0.059,0.3633,0,0.01,0.3532,0.9859,1,1,0.9858,50.1,499.14,311.18,0,1,2025-10-01 18:55:10,15.1,68.6,,0,0,,1
2025-10-01 18:55:55,378.11,0.3463,240.07,0.4937,1.4811,243.76,231.86,244.61,412.06,409.87,425.63,415.94,0.0,0.0456,1.4355,0.0,0.0013,0.3451,0.059,0,0,0.059,0.3617,0,0.0106,0.3511,0.9857,1,1,0.9856,50.1,499.14,311.18,0,1,2025-10-01 18:55:55,15.2,72.7,,0,0,,1
2025-10-01 18:56:40,378.11,0.3466,239.81,0.4935,1.4807,242.23,232.7,244.5,412.22,408.82,425.06,415.56,0.0,0.0452,1.4355,0.0,0.0015,0.3451,0.0584,0,0,0.0584,0.3615,0,0.0105,0.351,0.9861,1,1,0.9859,50.1,499.15,311.18,0,1,2025-10-01 18:56:40,15.6,77.9,,0,0,,1
2025-10-01 18:57:25,378.12,0.3448,239.74,0.4933,1.48,243.65,231.42,244.15,412.24,407.89,425.67,415.29,0.0,0.0436,1.4364,0.0,0.0,0.3448,0.0586,0,0,0.0586,0.3608,0,0.0101,0.3507,0.9858,1,1,0.9858,50.1,499.15,311.18,0,1,2025-10-01 18:57:25,15.8,82,,0,0,,1
2025-10-01 18:58:10,378.12,0.3453,239.18,0.4925,1.4777,243.36,229.99,244.19,409.28,407.25,426.4,414.61,0.0,0.0444,1.4333,0.0,0.0014,0.344,0.0591,0,0,0.0591,0.3602,0,0.0102,0.35,0.9856,1,1,0.9855,50.1,499.16,311.18,0,1,2025-10-01 18:58:10,15.9,83,,0,0,,1
2025-10-01 18:58:55,378.13,0.3448,239.04,0.4927,1.4781,242.92,229.57,244.63,408.45,407.1,426.66,414.07,0.0,0.0432,1.4349,0.0,0.0,0.3448,0.0599,0,0,0.0599,0.3609,0,0.0099,0.351,0.9852,1,1,0.9852,50.1,499.16,311.18,0,1,2025-10-01 18:58:55,16.4,83.5,,0,0,,1
2025-10-01 18:59:40,378.13,0.345,239.32,0.4914,1.4743,242.83,230.71,244.43,408.45,409.13,426.09,414.27,0.0,0.0424,1.4319,0.0,0.0011,0.3439,0.0594,0,0,0.0594,0.3598,0,0.0098,0.35,0.9855,1,1,0.9854,50.1,499.17,311.18,0,1,2025-10-01 18:59:40,16.5,84.2,,0,0,,1
2025-10-01 19:00:25,378.13,0.3449,239.89,0.4931,1.4793,242.57,232.71,244.4,410.89,410.11,425.57,415.48,0.0,0.0436,1.4357,0.0,0.0,0.3449,0.0591,0,0,0.0591,0.361,0,0.0101,0.3509,0.9856,1,1,0.9856,50.1,499.17,311.18,0,1,2025-10-01 19:00:25,16.6,84.8,,0,0,,1
2025-10-01 19:01:10,378.14,0.3443,239.47,0.4925,1.4775999999999998,242.1,232.13,244.18,410.22,408.76,425.38,415,0.0,0.0432,1.4344,0.0,0.0,0.3443,0.059,0,0,0.059,0.3603,0,0.01,0.3503,0.9856,1,1,0.9856,50.1,499.18,311.18,0,1,2025-10-01 19:01:10,16.7,85.6,,0,0,,1
2025-10-01 19:01:55,378.14,0.3439,239.74,0.4912,1.4736,242.18,232.18,244.86,409.5,409.85,426.42,415.51,0.0,0.044,1.4296,0.0,0.0,0.3439,0.0598,0,0,0.0598,0.3603,0,0.0102,0.3501,0.9851,1,1,0.9851,50.1,499.18,311.18,0,1,2025-10-01 19:01:55,17.2,86.4,,0,0,,1
2025-10-01 19:02:40,378.15,0.3453,239.02,0.4925,1.4774999999999998,241.85,230.21,245,408.3,408.2,425.58,414.18,0.0,0.0432,1.4343,0.0,0.0,0.3453,0.0597,0,0,0.0597,0.3613,0,0.0099,0.3514,0.9853,1,1,0.9853,50.1,499.19,311.18,0,1,2025-10-01 19:02:40,17.2,87.1,,0,0,,1
2025-10-01 19:03:25,378.15,0.3431,239.14,0.4906,1.4718,241.66,230.97,244.81,408.61,408.87,425.25,414.4,0.0,0.0444,1.4274,0.0,0.0,0.3431,0.0604,0,0,0.0604,0.3597,0,0.0103,0.3494,0.9848,1,1,0.9848,50.1,499.19,311.19,0,1,2025-10-01 19:03:25,17.3,87.8,,0,0,,1
2025-10-01 19:04:10,378.16,0.3424,239.2,0.4899,1.4698,241.48,231.67,244.47,408.9,409.26,424.85,414.19,0.0,0.044,1.4258,0.0,0.0,0.3424,0.0595,0,0,0.0595,0.3588,0,0.0102,0.3486,0.9852,1,1,0.9852,50.1,499.19,311.19,0,1,2025-10-01 19:04:10,17.4,88.7,,0,0,,1
2025-10-01 19:04:55,378.16,0.3449,239.59,0.4903,1.4708999999999999,241.21,232.55,245.03,409.63,410.55,424.84,414.76,0.0,0.0432,1.4277,0.0,0.0013,0.3436,0.0601,0,0,0.0601,0.3599,0,0.01,0.3498,0.9851,1,1,0.985,50.1,499.2,311.19,0,1,2025-10-01 19:04:55,17.5,89,,0,0,,1
2025-10-01 19:05:40,378.16,0.3441,239.31,0.4911,1.4734,241.83,230.99,245.12,409.01,409,425.58,414.21,0.0,0.044,1.4294,0.0,0.0,0.3441,0.0604,0,0,0.0604,0.3605,0,0.0102,0.3504,0.9849,1,1,0.9849,50.1,499.2,311.19,0,1,2025-10-01 19:05:40,18.0,88.9,,0,0,,1
2025-10-01 19:06:25,378.17,0.3374,238.91,0.4881,1.4644000000000001,243.73,231.84,241.16,414.16,405.9,421.38,414.05,0.0,0.0436,1.4208,0.0,0.0,0.3374,0.0547,0,0,0.0547,0.3527,0,0.0101,0.3426,0.9871,1,1,0.9871,50.1,499.21,311.19,0,1,2025-10-01 19:06:25,18.0,89.2,,0,0,,1
2025-10-01 19:07:10,378.17,0.3383,238.72,0.488,1.4642000000000002,242.7,232.37,241.09,411.72,407.86,420.9,413.21,0.0,0.0436,1.4206,0.0,0.0011,0.3372,0.0549,0,0,0.0549,0.3526,0,0.0101,0.3425,0.9871,1,1,0.987,50.1,499.21,311.19,0,1,2025-10-01 19:07:10,18.1,89.5,,0,0,,1
2025-10-01 19:07:55,378.18,0.3353,238.84,0.4857,1.4572,243.13,232.3,241.1,413.21,407.15,420.75,413.47,0.0,0.044,1.4132,0.0,0.0,0.3353,0.0553,0,0,0.0553,0.3509,0,0.0102,0.3407,0.9866,1,1,0.9866,50.1,499.22,311.19,0,1,2025-10-01 19:07:55,18.1,89.8,,0,0,,1
2025-10-01 19:08:40,378.18,0.3371,238.39,0.4881,1.4644,244.41,229.61,241.17,411.14,405.48,422.25,413.05,0.0,0.0444,1.42,0.0,0.0,0.3371,0.0552,0,0,0.0552,0.3527,0,0.0102,0.3425,0.9868,1,1,0.9868,50.1,499.22,311.19,0,1,2025-10-01 19:08:40,18.2,90,,0,0,,1
2025-10-01 19:09:25,378.19,0.3367,238.98,0.4872,1.4617,243.7,232.07,241.19,413.52,406.3,422.04,414.03,0.0,0.0436,1.4181,0.0,0.0,0.3367,0.0549,0,0,0.0549,0.3521,0,0.0101,0.342,0.9869,1,1,0.9869,50.1,499.23,311.19,0,1,2025-10-01 19:09:25,18.2,90.2,,0,0,,1
2025-10-01 19:10:10,378.19,0.3364,238.87,0.4873,1.462,242.79,232.74,241.08,413.09,407.57,420.58,413.87,0.0,0.0448,1.4172,0.0,0.0,0.3364,0.0548,0,0,0.0548,0.3521,0,0.0104,0.3417,0.9869,1,1,0.9869,50.1,499.23,311.19,0,1,2025-10-01 19:10:10,18.3,90.5,,0,0,,1
2025-10-01 19:10:55,378.19,0.3371,239.61,0.4876,1.463,243.76,233.83,241.26,414.41,408.53,422.18,414.7,0.0,0.044,1.419,0.0,0.0,0.3371,0.0548,0,0,0.0548,0.3526,0,0.0103,0.3423,0.987,1,1,0.987,50.1,499.23,311.19,0,1,2025-10-01 19:10:55,18.7,90.7,,0,0,,1
2025-10-01 19:11:40,378.2,0.3379,239.23,0.4867,1.4602000000000002,242.75,233.68,241.26,413.81,408.4,420.88,414.38,0.0,0.0436,1.4166,0.0,0.0014,0.3364,0.0552,0,0,0.0552,0.352,0,0.0102,0.3418,0.9869,1,1,0.9868,50.1,499.24,311.19,0,1,2025-10-01 19:11:40,18.8,91,,0,0,,1
2025-10-01 19:12:25,378.2,0.3361,238.86,0.4863,1.459,242.54,232.81,241.23,412.52,408.33,420.34,413.57,0.0,0.0436,1.4154,0.0,0.0,0.3361,0.055,0,0,0.055,0.3516,0,0.0102,0.3414,0.9868,1,1,0.9868,50.1,499.24,311.19,0,1,2025-10-01 19:12:25,18.8,91.2,,0,0,,1
2025-10-01 19:13:10,378.21,0.3363,239.24,0.4875,1.4627000000000001,242.94,233.67,241.12,413.11,409.15,420.93,414.41,0.0,0.046,1.4167,0.0,0.0,0.3363,0.055,0,0,0.055,0.3523,0,0.0107,0.3416,0.9868,1,1,0.9868,50.1,499.25,311.19,0,1,2025-10-01 19:13:10,18.9,91.3,,0,0,,1
2025-10-01 19:13:55,378.21,0.3371,239.42,0.4857,1.4570999999999998,243.68,233.33,241.27,413.43,409.2,421.52,415.12,0.0,0.0432,1.4139,0.0,0.0013,0.3358,0.0548,0,0,0.0548,0.3512,0,0.0101,0.3411,0.987,1,1,0.9869,50.1,499.25,311.2,0,1,2025-10-01 19:13:55,18.9,91.5,,0,0,,1
2025-10-01 19:14:40,378.22,0.3453,240.64,0.4906,1.4718,243.37,233.02,245.55,411.95,412.35,426.23,416.81,0.0,0.0444,1.4274,0.0,0.0011,0.3442,0.0604,0,0,0.0604,0.3608,0,0.0103,0.3505,0.985,1,1,0.9849,50.1,499.26,311.2,0,1,2025-10-01 19:14:40,19.0,91.6,,0,0,,1
2025-10-01 19:15:25,378.22,0.3445,239.76,0.4911,1.4733,242.07,231.94,245.29,409.98,409.74,426.2,415.49,0.0,0.044,1.4293,0.0,0.0,0.3445,0.0595,0,0,0.0595,0.3608,0,0.0102,0.3506,0.9854,1,1,0.9854,50.1,499.26,311.2,0,1,2025-10-01 19:15:25,19.0,91.8,,0,0,,1
2025-10-01 19:16:55,378.32,4.1826,238.88,7.7374,23.2123,240.67,231.7,244.29,408.49,409.16,423.7,413.49,8.316,6.877,8.0193,1.499,1.08,1.6036,3.6156,1.3243,1.1677,1.1236,5.5538,2.0014,1.5934,1.959,0.7565,0.7494,0.6824,0.8164,50.1,499.4,311.28,1,1,2025-10-01 19:16:55,18.9,82.1,,1,0,,0
2025-10-01 19:17:40,378.37,4.1761,238.71,7.7224,23.1674,240.05,231.96,244.12,409.29,408.99,422.12,413.4,8.1646,6.916,8.0868,1.4686,1.1068,1.6007,3.6059,1.2956,1.1567,1.1536,5.5383,1.9599,1.6042,1.9741,0.7568,0.7499,0.6913,0.8112,50.1,499.47,311.33,1,1,2025-10-01 19:17:40,18.8,79.7,,1,0,,0
2025-10-01 19:18:25,378.42,4.1857,239.29,7.7462,23.2387,240.74,233.3,243.85,409.57,410.9,422.99,414.4,8.2905,6.9621,7.9861,1.5056,1.0982,1.5819,3.6358,1.3084,1.1929,1.1346,5.5675,1.9959,1.6243,1.9474,0.7549,0.7548,0.6737,0.8152,50.1,499.54,311.38,1,1,2025-10-01 19:18:25,18.2,77.5,,1,0,,0
2025-10-01 19:19:55,378.52,4.1537,238.97,7.7067,23.1202,240.37,232.43,244.12,409.27,409.45,423.05,413.92,8.2116,6.8849,8.0237,1.4835,1.0777,1.5925,3.6185,1.3173,1.1686,1.1326,5.5328,1.9738,1.6003,1.9587,0.754,0.7484,0.6817,0.8117,50.1,499.67,311.46,1,1,2025-10-01 19:19:55,17.4,74,,1,0,,0
2025-10-01 19:20:40,378.58,4.1356,238.83,7.6882,23.064700000000002,240.24,232.26,243.99,408.15,410.37,422.53,413.68,8.2368,6.8071,8.0208,1.473,1.0662,1.5964,3.6073,1.3203,1.1567,1.1302,5.5168,1.9788,1.581,1.957,0.7536,0.7448,0.6773,0.8149,50.1,499.74,311.51,1,1,2025-10-01 19:20:40,17.3,72.5,,1,0,,0
2025-10-01 19:21:25,378.63,4.2023,239.72,7.7844,23.353299999999997,240.99,234.15,244.04,411.14,411.15,423.37,415.03,8.2973,7.0932,7.9628,1.5234,1.0955,1.5834,3.6705,1.3005,1.2236,1.1464,5.6037,1.9996,1.6609,1.9432,0.7531,0.7592,0.6746,0.8072,50.1,499.81,311.56,1,1,2025-10-01 19:21:25,16.7,71.6,,1,0,,0
2025-10-01 19:22:55,378.73,4.1531,240.05,7.7211,23.1633,240.2,236.14,243.81,412.59,413.11,421.63,415.95,7.9694,7.22,7.9739,1.4607,1.17,1.5224,3.6779,1.2351,1.2355,1.2073,5.5633,1.9142,1.7049,1.9441,0.7486,0.7636,0.6875,0.7835,50.1,499.95,311.65,1,1,2025-10-01 19:22:55,16.4,70.6,,1,0,,0
2025-10-01 19:23:40,378.79,4.1057,240.12,7.6811,23.0434,241.15,235.01,244.21,412.2,412.52,423.01,416.04,8.1792,6.9341,7.9301,1.4736,1.0828,1.5493,3.6828,1.3089,1.2137,1.1602,5.5386,1.9724,1.6296,1.9366,0.7444,0.7476,0.6657,0.8004,50.1,500.02,311.69,1,1,2025-10-01 19:23:40,16.0,71.1,,1,0,,0
2025-10-01 19:24:25,378.84,4.1166,240.1,7.6923,23.0771,241.01,235.29,244,411.1,413.94,422.59,415.83,8.167,7.0069,7.9032,1.4805,1.0981,1.5381,3.681,1.2947,1.2253,1.1611,5.5454,1.9683,1.6487,1.9284,0.7454,0.7527,0.6673,0.7981,50,500.09,311.74,1,1,2025-10-01 19:24:25,15.9,70.3,,1,0,,0
2025-10-01 19:25:10,378.89,4.0842,239.92,7.6583,22.9751,241.37,234.46,243.94,411.5,412.18,423.02,415.41,8.2055,6.8303,7.9393,1.469,1.0571,1.5581,3.6737,1.3263,1.1989,1.1484,5.5187,1.9806,1.6014,1.9367,0.7434,0.7422,0.6613,0.8049,50,500.16,311.78,1,1,2025-10-01 19:25:10,15.9,69.6,,1,0,,0
2025-10-01 19:25:55,378.94,4.0977,240.3,7.6856,23.057000000000002,242.03,234.77,244.12,411.6,413.11,423.99,416.08,8.301,6.8997,7.8563,1.4984,1.0533,1.546,3.6947,1.3357,1.2261,1.1329,5.5468,2.0091,1.6198,1.9179,0.7426,0.7464,0.6516,0.8066,50.1,500.23,311.83,1,1,2025-10-01 19:25:55,15.8,68.5,,1,0,,0
2025-10-01 19:26:40,378.99,4.0802,240.35,7.6667,23.0001,241.95,234.81,244.3,414.32,411.33,423.25,416.25,8.2619,6.849,7.8892,1.4819,1.0472,1.5512,3.6985,1.3396,1.2168,1.1421,5.5345,1.999,1.6082,1.9273,0.7409,0.7418,0.6523,0.8052,50.1,500.3,311.88,1,1,2025-10-01 19:26:40,15.7,67.5,,1,0,,0
2025-10-01 19:27:25,379.04,4.0802,239.91,7.6601,22.9803,242.09,233.09,244.55,410.53,411.84,424.3,415.77,8.3564,6.6178,8.0061,1.4743,1.0039,1.602,3.6731,1.3828,1.1668,1.1234,5.5234,2.023,1.5425,1.9579,0.7432,0.7293,0.6522,0.8187,50.1,500.37,311.92,1,1,2025-10-01 19:27:25,15.7,68,,1,0,,0
2025-10-01 19:28:10,379.09,4.052,240.49,7.6244,22.8732,241.25,235.69,244.54,414.5,411.73,423.36,416.56,7.9362,7.1485,7.7885,1.4472,1.1219,1.4829,3.6975,1.2513,1.2528,1.1933,5.504,1.9146,1.6848,1.9046,0.7386,0.7564,0.6671,0.779,50.1,500.44,311.97,1,1,2025-10-01 19:28:10,15.6,68.3,,1,0,,0
2025-10-01 19:28:55,379.14,4.0837,240.19,7.6732,23.0197,242.97,232.97,244.64,410.75,412.23,425.18,416.21,8.4329,6.6324,7.9544,1.4948,0.9902,1.5987,3.688,1.3988,1.1821,1.1071,5.5401,2.0489,1.5452,1.946,0.7421,0.7301,0.6421,0.8221,50.1,500.51,312.02,1,1,2025-10-01 19:28:55,15.6,67.3,,1,0,,0
2025-10-01 19:29:40,379.17,0.3502,241.51,0.4974,1.4922000000000002,243.54,236.08,244.91,415.02,414.77,425.16,418.33,0.0,0.0436,1.4486,0.0,0.001,0.3491,0.0576,0,0,0.0576,0.3651,0,0.0103,0.3548,0.9867,1,1,0.9866,50.1,500.54,312.04,0,1,2025-10-01 19:29:40,15.2,66.1,,0,0,,1
2025-10-01 19:30:25,379.17,0.3501,241.78,0.4962,1.4887000000000001,243.05,237.07,245.24,415.57,415.48,425.32,418.51,0.0,0.044,1.4447,0.0,0.0017,0.3484,0.0589,0,0,0.0589,0.3647,0,0.0104,0.3543,0.9861,1,1,0.986,50.1,500.54,312.04,0,1,2025-10-01 19:30:25,15.1,68.2,,0,0,,1
2025-10-01 19:31:10,379.18,0.3483,241.42,0.4943,1.4831,243.78,235.59,244.9,415.08,413.43,425.99,417.95,0.0,0.042,1.4411,0.0,0.0015,0.3469,0.0594,0,0,0.0594,0.3628,0,0.0099,0.3529,0.9857,1,1,0.9856,50.1,500.55,312.04,0,1,2025-10-01 19:31:10,15.2,71.8,,0,0,,1
2025-10-01 19:31:55,379.18,0.348,241.75,0.4944,1.4833999999999998,244.33,235.96,244.98,415.43,415.09,425.73,418.59,0.0,0.0432,1.4402,0.0,0.0011,0.3468,0.0591,0,0,0.0591,0.363,0,0.0102,0.3528,0.9858,1,1,0.9857,50.1,500.55,312.04,0,1,2025-10-01 19:31:55,15.6,74.9,,0,0,,1
2025-10-01 19:32:40,379.19,0.3487,241.64,0.4944,1.4833999999999998,244.19,235.26,245.47,414.79,414.52,426.34,418.39,0.0,0.0432,1.4402,0.0,0.0013,0.3473,0.0602,0,0,0.0602,0.3637,0,0.0102,0.3535,0.9854,1,1,0.9853,50.1,500.56,312.04,0,1,2025-10-01 19:32:40,15.7,77.4,,0,0,,1
2025-10-01 19:33:25,379.19,0.3451,241.2,0.4926,1.4778,241.93,236.85,244.84,415.18,414.12,424.03,418.27,0.0,0.0432,1.4346,0.0,0.0,0.3451,0.06,0,0,0.06,0.3615,0,0.0102,0.3512,0.9852,1,1,0.9852,50.1,500.56,312.04,0,1,2025-10-01 19:33:25,15.8,79.5,,0,0,,1
2025-10-01 19:34:10,379.2,0.3456,240.97,0.4916,1.4747999999999999,242.66,235.35,244.9,413.54,413.56,425.05,417.35,0.0,0.0428,1.432,0.0,0.0012,0.3444,0.0601,0,0,0.0601,0.3608,0,0.0101,0.3507,0.9852,1,1,0.9851,50.1,500.57,312.04,0,1,2025-10-01 19:34:10,15.9,81.1,,0,0,,1
2025-10-01 19:34:55,379.2,0.3462,241.57,0.4918,1.4754,241.15,238.33,245.25,414.29,417.02,423.95,418.35,0.0,0.0428,1.4326,0.0,0.0012,0.345,0.0609,0,0,0.0609,0.3615,0,0.0102,0.3513,0.9848,1,1,0.9847,50,500.57,312.04,0,1,2025-10-01 19:34:55,16.4,82.4,,0,0,,1
2025-10-01 19:35:40,379.2,0.3465,240.31,0.4922,1.4767,241.97,233.72,245.26,411.54,412.48,424.76,416.33,0.0,0.0424,1.4343,0.0,0.0011,0.3454,0.0611,0,0,0.0611,0.3617,0,0.0099,0.3518,0.9848,1,1,0.9847,50.1,500.58,312.04,0,1,2025-10-01 19:35:40,16.5,83.7,,0,0,,1
2025-10-01 19:36:25,379.21,0.3439,240.62,0.4906,1.4719,242.35,234.66,244.85,412.41,412.87,425.06,416.94,0.0,0.0416,1.4303,0.0,0.0,0.3439,0.0605,0,0,0.0605,0.36,0,0.0098,0.3502,0.9848,1,1,0.9848,50.1,500.58,312.04,0,1,2025-10-01 19:36:25,16.6,85.3,,0,0,,1
2025-10-01 19:37:10,379.21,0.3457,241.11,0.492,1.4761,241.18,237.19,244.97,414.11,415.32,423.43,417.7,0.0,0.0448,1.4313,0.0,0.0013,0.3443,0.0603,0,0,0.0603,0.3613,0,0.0106,0.3506,0.9851,1,1,0.985,50.1,500.58,312.04,0,1,2025-10-01 19:37:10,16.7,86.5,,0,0,,1
2025-10-01 19:37:55,379.22,0.3447,241.03,0.4902,1.4707999999999999,242.79,235.24,245.07,412.96,414.34,425.19,417.46,0.0,0.0424,1.4284,0.0,0.001,0.3437,0.0608,0,0,0.0608,0.36,0,0.01,0.3501,0.9848,1,1,0.9847,50.1,500.59,312.05,0,1,2025-10-01 19:37:55,17.2,87,,0,0,,1
2025-10-01 19:38:40,379.22,0.3448,240.81,0.4907,1.4722000000000002,243.07,234.45,244.91,410.74,415.33,425.26,417.19,0.0,0.0436,1.4286,0.0,0.0014,0.3434,0.0609,0,0,0.0609,0.3601,0,0.0102,0.3499,0.9847,1,1,0.9846,50,500.59,312.05,0,1,2025-10-01 19:38:40,17.3,87.8,,0,0,,1
2025-10-01 19:39:25,379.23,0.346,241.02,0.4919,1.4757,242.39,235.41,245.28,413.53,413.51,425.38,417.53,0.0,0.044,1.4317,0.0,0.0012,0.3447,0.0611,0,0,0.0611,0.3615,0,0.0104,0.3512,0.9847,1,1,0.9846,50.1,500.6,312.05,0,1,2025-10-01 19:39:25,17.4,88.8,,0,0,,1
2025-10-01 19:40:10,379.23,0.345,240.14,0.4917,1.4752999999999998,243.36,231.73,245.35,409.67,411.58,426.7,415.63,0.0,0.0432,1.4321,0.0,0.0,0.345,0.061,0,0,0.061,0.3614,0,0.01,0.3514,0.9847,1,1,0.9847,50.1,500.6,312.05,0,1,2025-10-01 19:40:10,17.4,88.8,,0,0,,1
2025-10-01 19:40:55,379.24,0.3452,241.54,0.4909,1.4728999999999999,241.52,237.97,245.15,414.6,415.65,424.84,418.22,0.0,0.0432,1.4297,0.0,0.001,0.3441,0.0608,0,0,0.0608,0.3608,0,0.0103,0.3505,0.9848,1,1,0.9847,50.1,500.61,312.05,0,1,2025-10-01 19:40:55,17.5,88.9,,0,0,,1
2025-10-01 19:41:40,379.24,0.3443,240.74,0.49,1.4702,242.47,234.84,244.92,411.95,414.59,424.45,417.37,0.0,0.0428,1.4274,0.0,0.0011,0.3433,0.0603,0,0,0.0603,0.3596,0,0.0101,0.3496,0.9849,1,1,0.9849,50.1,500.61,312.05,0,1,2025-10-01 19:41:40,18.0,89.2,,0,0,,1
2025-10-01 19:42:25,379.24,0.3434,241.11,0.4893,1.468,242.45,236.56,244.33,413.14,415.8,423.95,417.64,0.0,0.0428,1.4252,0.0,0.0013,0.342,0.0598,0,0,0.0598,0.3583,0,0.0101,0.3482,0.9851,1,1,0.985,50,500.62,312.05,0,1,2025-10-01 19:42:25,18.0,89.5,,0,0,,1
2025-10-01 19:43:10,379.25,0.3427,241.07,0.4901,1.4704,242.44,236.55,244.22,415.04,414.21,423.4,417.54,0.0,0.0424,1.428,0.0,0.0,0.3427,0.0589,0,0,0.0589,0.3588,0,0.01,0.3487,0.9855,1,1,0.9855,50.1,500.62,312.05,0,1,2025-10-01 19:43:10,18.1,89.9,,0,0,,1
2025-10-01 19:43:55,379.25,0.3426,240.64,0.4896,1.4687999999999999,242.92,234.45,244.56,410.61,415.91,423.93,416.87,0.0,0.0428,1.426,0.0,0.0,0.3426,0.0596,0,0,0.0596,0.3588,0,0.01,0.3487,0.9852,1,1,0.9852,50.1,500.63,312.05,0,1,2025-10-01 19:43:55,18.2,89.9,,0,0,,1
2025-10-01 19:44:40,379.26,0.3437,241.67,0.4901,1.4703,241.65,238.1,245.26,414.73,417.63,423.41,418.62,0.0,0.0428,1.4275,0.0,0.0,0.3437,0.0608,0,0,0.0608,0.3603,0,0.0102,0.3501,0.9847,1,1,0.9847,50.1,500.63,312.05,0,1,2025-10-01 19:44:40,18.2,90.2,,0,0,,1
2025-10-01 19:45:25,379.26,0.3434,240.87,0.4898,1.4694,243.06,234.32,245.24,411.59,414.27,425.81,417.36,0.0,0.0428,1.4266,0.0,0.0,0.3434,0.0606,0,0,0.0606,0.3599,0,0.01,0.3499,0.9847,1,1,0.9847,50.1,500.63,312.05,0,1,2025-10-01 19:45:25,18.3,90.5,,0,0,,1
2025-10-01 19:46:10,379.27,0.3473,241.92,0.4923,1.4771,241.21,238.49,246.06,412.75,419.51,424.8,418.56,0.0,0.0444,1.4327,0.0,0.0012,0.3461,0.0614,0,0,0.0614,0.3631,0,0.0106,0.3525,0.9847,1,1,0.9845,50,500.64,312.05,0,1,2025-10-01 19:46:10,18.7,90.8,,0,0,,1
2025-10-01 19:46:55,379.27,0.3449,241.45,0.491,1.4732,242.22,236.24,245.89,412.75,415.97,425.91,418.24,0.0,0.0436,1.4296,0.0,0.0,0.3449,0.0619,0,0,0.0619,0.3618,0,0.0103,0.3515,0.9842,1,1,0.9842,50.1,500.64,312.05,0,1,2025-10-01 19:46:55,18.8,91,,0,0,,1
2025-10-01 19:47:40,379.27,0.3451,241.5,0.4908,1.4724,242.7,235.67,246.13,413.19,414.93,426.78,418.25,0.0,0.0432,1.4292,0.0,0.0,0.3451,0.0619,0,0,0.0619,0.3619,0,0.0102,0.3518,0.9843,1,1,0.9843,50,500.65,312.06,0,1,2025-10-01 19:47:40,18.8,91.2,,0,0,,1
2025-10-01 19:48:25,379.28,0.3447,240.6,0.4903,1.4711,243.45,232.54,245.82,410.17,413.11,427.04,416.69,0.0,0.0424,1.4287,0.0,0.0,0.3447,0.0614,0,0,0.0614,0.3611,0,0.0099,0.3512,0.9844,1,1,0.9844,50,500.65,312.06,0,1,2025-10-01 19:48:25,18.8,91.2,,0,0,,1
2025-10-01 19:49:10,379.28,0.3441,241.78,0.4904,1.4712,242.28,237.45,245.61,414.51,416.31,425.51,418.88,0.0,0.044,1.4272,0.0,0.0,0.3441,0.0609,0,0,0.0609,0.361,0,0.0104,0.3505,0.9847,1,1,0.9847,50,500.66,312.06,0,1,2025-10-01 19:49:10,18.9,91.4,,0,0,,1
2025-10-01 19:49:55,379.29,0.3472,241.03,0.4918,1.4754,243.22,234.02,245.87,411.95,414.05,426.53,417.6,0.0,0.0436,1.4318,0.0,0.0016,0.3456,0.0608,0,0,0.0608,0.3622,0,0.0102,0.352,0.9849,1,1,0.9848,50,500.66,312.06,0,1,2025-10-01 19:49:55,18.9,91.5,,0,0,,1
2025-10-01 19:50:40,379.29,0.3445,242.07,0.4905,1.4717,242.82,237.89,245.5,415.47,417.47,424.9,419.04,0.0,0.0428,1.4289,0.0,0.0,0.3445,0.0603,0,0,0.0603,0.361,0,0.0102,0.3508,0.985,1,1,0.985,50,500.67,312.06,0,1,2025-10-01 19:50:40,19.0,91.5,,0,0,,1
2025-10-01 19:51:25,379.3,3.9816,241.63,7.6432,22.9298,241.34,238.3,245.26,415.77,416.27,423.5,418.53,8.1815,7.1169,7.6314,1.483,1.0797,1.419,3.8238,1.3011,1.3038,1.219,5.5422,1.9745,1.696,1.8717,0.7212,0.7517,0.6378,0.7585,50.1,500.68,312.06,1,1,2025-10-01 19:51:25,19.0,91.6,,1,0,,0
2025-10-01 19:52:10,379.35,4.3167,241.71,7.9652,23.8958,242.61,237.37,245.15,413.76,417.36,424.86,418.75,8.4725,7.3421,8.0812,1.5676,1.1678,1.5813,3.8082,1.3274,1.2893,1.1915,5.7794,2.0555,1.7428,1.9811,0.7498,0.7631,0.6713,0.7986,50.1,500.75,312.11,1,1,2025-10-01 19:52:10,19.0,87,,1,0,,0
2025-10-01 19:52:55,379.41,4.428,241.36,8.0816,24.244999999999997,243.09,236.28,244.72,414.2,414.84,425.14,417.97,8.7683,7.2563,8.2204,1.6263,1.152,1.6497,3.7897,1.3752,1.2654,1.1491,5.8577,2.1315,1.7145,2.0117,0.7597,0.7636,0.6731,0.8205,50,500.82,312.16,1,1,2025-10-01 19:52:55,18.9,82.4,,1,0,,0
2025-10-01 19:53:40,379.46,4.4322,241.09,8.0787,24.236200000000004,243.16,235.41,244.71,412.94,414.78,425.08,417.32,8.8001,7.1596,8.2765,1.6241,1.135,1.6732,3.7711,1.3906,1.2417,1.1387,5.8506,2.1398,1.6854,2.0253,0.7616,0.7595,0.6746,0.8267,50,500.89,312.21,1,1,2025-10-01 19:53:40,18.7,79.6,,1,0,,0
2025-10-01 19:54:25,379.52,4.4371,241.37,8.069,24.2072,242.75,236.58,244.78,414.65,415.21,424.36,418.12,8.6523,7.3399,8.215,1.6152,1.1838,1.6381,3.7702,1.3401,1.2661,1.164,5.8477,2.1003,1.7365,2.0109,0.762,0.7695,0.6829,0.8151,50.1,500.97,312.25,1,1,2025-10-01 19:54:25,18.2,78,,1,0,,0
2025-10-01 19:55:10,379.57,4.4532,241.07,8.0844,24.2532,242.44,235.65,245.14,413.4,414.78,424.53,417.76,8.7287,7.2104,8.3141,1.6129,1.1634,1.6769,3.7575,1.3674,1.234,1.1562,5.8534,2.1162,1.6991,2.0381,0.7642,0.7627,0.6859,0.8232,50,501.04,312.3,1,1,2025-10-01 19:55:10,18.0,76.7,,1,0,,0
2025-10-01 19:55:55,379.63,4.4184,241.32,8.0479,24.143700000000003,242.13,236.42,245.41,412.65,416.71,424.61,417.76,8.6211,7.2759,8.2467,1.5949,1.1764,1.6471,3.7687,1.3443,1.2505,1.1738,5.8314,2.0874,1.7202,2.0238,0.7608,0.7646,0.6851,0.8143,50,501.12,312.35,1,1,2025-10-01 19:55:55,17.4,73.8,,1,0,,0
2025-10-01 19:56:40,379.69,4.3732,241.53,8.0027,24.0081,242.01,236.74,245.86,413.27,416.43,425.38,418.2,8.5935,7.2138,8.2008,1.579,1.1579,1.6363,3.7774,1.3509,1.2507,1.1758,5.8038,2.0797,1.7078,2.0162,0.7567,0.7598,0.6793,0.812,50.1,501.19,312.4,1,1,2025-10-01 19:56:40,17.3,73.7,,1,0,,0
2025-10-01 19:57:25,379.74,4.3586,241.25,7.991,23.973,242.22,235.93,245.6,412.12,416.3,425.18,417.63,8.7038,6.9836,8.2856,1.5772,1.1071,1.6743,3.7672,1.3968,1.216,1.1545,5.7908,2.1082,1.6476,2.0349,0.7565,0.7486,0.6732,0.8232,50,501.26,312.44,1,1,2025-10-01 19:57:25,16.7,71.5,,1,0,,0
2025-10-01 19:58:10,379.8,4.3974,241.61,8.0238,24.0715,241.32,237.69,245.83,413.82,417.56,424.1,418.76,8.4824,7.3309,8.2582,1.5652,1.2023,1.6299,3.782,1.3169,1.2568,1.2083,5.8196,2.047,1.7425,2.0301,0.7581,0.7651,0.6912,0.8033,50.1,501.34,312.49,1,1,2025-10-01 19:58:10,16.6,72.1,,1,0,,0
2025-10-01 19:58:55,379.85,4.3797,242.21,8.0134,24.0402,242.54,238.3,245.8,415.55,417.48,425.55,419.48,8.5034,7.4029,8.1339,1.5841,1.1963,1.5993,3.8085,1.3184,1.2922,1.1979,5.8258,2.0624,1.7641,1.9993,0.7546,0.7686,0.6793,0.8003,50.1,501.41,312.54,1,1,2025-10-01 19:58:55,16.5,72.5,,1,0,,0
2025-10-01 19:59:40,379.91,4.3434,241.07,7.9831,23.9495,243.09,235.12,245.02,411.94,415.55,425.23,417.78,8.8082,6.8848,8.2565,1.5942,1.0685,1.6808,3.7633,1.4272,1.2122,1.1239,5.7829,2.1412,1.6188,2.023,0.7557,0.745,0.6612,0.8312,50,501.48,312.59,1,1,2025-10-01 19:59:40,16.4,71.6,,1,0,,0
2025-10-01 20:00:25,379.95,4.3137,241.72,7.9481,23.8445,243.14,236.69,245.35,414.9,415.7,425.47,418.77,8.5089,7.2372,8.0984,1.5691,1.1438,1.6008,3.7906,1.3454,1.2704,1.1747,5.7688,2.0689,1.713,1.9869,0.7511,0.7591,0.6691,0.8062,50,501.55,312.63,1,1,2025-10-01 20:00:25,16.4,70,,1,0,,0
2025-10-01 20:01:10,380.01,4.3339,242.53,7.9924,23.977400000000003,244,238.32,245.28,417.23,416.61,426.39,420.02,8.5105,7.4508,8.0161,1.594,1.1754,1.5645,3.8443,1.3285,1.3268,1.189,5.8184,2.0766,1.7757,1.9662,0.748,0.7681,0.6631,0.7961,50,501.62,312.68,1,1,2025-10-01 20:01:10,15.9,69.1,,1,0,,0
2025-10-01 20:01:55,380.06,4.3867,241.91,8.0296,24.088900000000002,243.99,236.14,245.61,413.84,416.34,426.88,419.04,8.7811,7.0609,8.2469,1.6105,1.1054,1.6707,3.7969,1.4103,1.2439,1.1426,5.8354,2.1425,1.6674,2.0255,0.7561,0.7523,0.6642,0.8254,50,501.69,312.72,1,1,2025-10-01 20:01:55,15.8,67.9,,1,0,,0
2025-10-01 20:02:40,380.12,4.3429,242.58,7.9866,23.959799999999998,243.67,237.9,246.17,416.94,417.21,426.34,420.13,8.514,7.3816,8.0642,1.585,1.1713,1.5866,3.8317,1.3362,1.3042,1.1913,5.8159,2.0746,1.7561,1.9852,0.7498,0.7645,0.6681,0.7996,50,501.77,312.77,1,1,2025-10-01 20:02:40,15.8,68.4,,1,0,,0
2025-10-01 20:03:25,380.17,4.3487,242.12,7.982,23.946199999999997,243.15,237.02,246.21,414.74,416.34,427.06,419.4,8.6036,7.1301,8.2125,1.5742,1.1319,1.6426,3.8026,1.3752,1.2504,1.177,5.8039,2.092,1.69,2.022,0.7527,0.7531,0.6711,0.8128,50.1,501.84,312.82,1,1,2025-10-01 20:03:25,15.7,69.2,,1,0,,0
2025-10-01 20:04:10,380.23,4.3239,243.12,7.9755,23.9266,243.68,238.88,246.8,416.22,419.76,427.32,421.09,8.4018,7.4041,8.1207,1.5557,1.1856,1.5826,3.8648,1.3286,1.3082,1.228,5.8202,2.0474,1.7687,2.0042,0.7455,0.7604,0.6715,0.79,50.1,501.91,312.87,1,1,2025-10-01 20:04:10,15.7,68.2,,1,0,,0
2025-10-01 20:04:55,380.28,4.1752,242.99,7.8365,23.5096,245.11,237.21,246.67,416.67,417.39,428.63,421.43,8.6325,6.854,8.0231,1.5459,1.0224,1.607,3.8555,1.4424,1.2602,1.153,5.7208,2.1159,1.6258,1.9791,0.7346,0.7311,0.63,0.8124,50.1,501.98,312.92,1,1,2025-10-01 20:04:55,15.6,67.4,,1,0,,0
2025-10-01 20:05:40,380.33,4.1517,243.09,7.8167,23.4503,244.37,238.12,246.79,417.05,418.09,428.03,421.08,8.4321,7.0668,7.9514,1.5218,1.0718,1.5581,3.8704,1.3867,1.2929,1.1909,5.7056,2.0606,1.6827,1.9623,0.7314,0.7391,0.6381,0.7945,50,502.05,312.96,1,1,2025-10-01 20:05:40,15.1,66.5,,1,0,,0
2025-10-01 20:06:25,380.36,0.3523,243.78,0.4983,1.4949,246.55,237.91,246.9,417.63,419.25,429.91,422.13,0.0,0.0424,1.4525,0.0,0.0,0.3523,0.0624,0,0.0014,0.061,0.3687,0,0.0101,0.3586,0.9846,1,1,0.9853,50,502.09,312.99,0,1,2025-10-01 20:06:25,15.1,67.4,,0,0,,1
2025-10-01 20:07:10,380.36,0.3542,243.95,0.4973,1.492,245.43,238.93,247.5,419.15,419.55,428.94,422.42,0.0,0.042,1.45,0.0,0.002,0.3523,0.0624,0,0,0.0624,0.3689,0,0.01,0.3589,0.9848,1,1,0.9846,50,502.1,312.99,0,1,2025-10-01 20:07:10,15.1,70,,0,0,,1
2025-10-01 20:07:55,380.37,0.3525,243.61,0.4966,1.4899,245.81,237.69,247.34,417.2,419.57,429.13,421.77,0.0,0.0432,1.4467,0.0,0.0013,0.3512,0.0623,0,0,0.0623,0.3681,0,0.0103,0.3578,0.9847,1,1,0.9846,50,502.1,312.99,0,1,2025-10-01 20:07:55,15.1,73.6,,0,0,,1
2025-10-01 20:08:40,380.37,0.3529,243.92,0.4958,1.4874,245.3,238.79,247.67,417.34,420.56,429.58,422.4,0.0,0.0416,1.4458,0.0,0.0016,0.3513,0.0631,0,0,0.0631,0.368,0,0.0099,0.3581,0.9844,1,1,0.9842,50,502.11,312.99,0,1,2025-10-01 20:08:40,15.6,76.4,,0,0,,1
2025-10-01 20:09:25,380.38,0.352,244.37,0.4956,1.4868999999999999,245.95,239.47,247.7,419.76,420.53,429.54,423.43,0.0,0.0432,1.4437,0.0,0.0012,0.3507,0.0635,0,0,0.0635,0.3679,0,0.0103,0.3576,0.984,1,1,0.9839,50,502.11,312.99,0,1,2025-10-01 20:09:25,15.7,79,,0,0,,1
2025-10-01 20:10:10,380.38,0.3512,243.85,0.4945,1.4834999999999998,245.84,238.59,247.12,418.33,420.06,428.72,422.43,0.0,0.0412,1.4423,0.0,0.0015,0.3497,0.0628,0,0,0.0628,0.3663,0,0.0098,0.3564,0.9843,1,1,0.9842,50,502.12,312.99,0,1,2025-10-01 20:10:10,15.8,81.4,,0,0,,1
2025-10-01 20:10:55,380.39,0.3502,244.04,0.494,1.4821,245.87,239.61,246.66,419.72,419.59,428.8,422.57,0.0,0.0428,1.4393,0.0,0.0018,0.3484,0.0625,0,0,0.0625,0.3653,0,0.0103,0.355,0.9844,1,1,0.9842,50,502.12,312.99,0,1,2025-10-01 20:10:55,15.9,82.9,,0,0,,1
2025-10-01 20:11:40,380.39,0.3481,243.49,0.4928,1.4784,246.72,237.42,246.33,419.24,417.09,428.92,422.02,0.0,0.0432,1.4352,0.0,0.0012,0.3469,0.0621,0,0,0.0621,0.3638,0,0.0103,0.3535,0.9844,1,1,0.9843,50,502.13,312.99,0,1,2025-10-01 20:11:40,16.4,84.6,,0,0,,1
2025-10-01 20:12:25,380.4,0.3492,243.86,0.493,1.4792,245.82,238.84,246.92,418.8,419.58,428.78,422.09,0.0,0.0424,1.4368,0.0,0.0013,0.3479,0.0633,0,0,0.0633,0.3649,0,0.0101,0.3548,0.9839,1,1,0.9838,50,502.13,313,0,1,2025-10-01 20:12:25,16.5,85.1,,0,0,,1
2025-10-01 20:13:10,380.4,0.3492,243.73,0.4928,1.4786,245.49,238.7,247,419.91,418,428.56,422.22,0.0,0.0424,1.4362,0.0,0.0013,0.3479,0.0645,0,0.0012,0.0633,0.3649,0,0.0101,0.3547,0.9833,1,1,0.9838,50,502.13,313,0,1,2025-10-01 20:13:10,16.6,85.6,,0,0,,1
2025-10-01 20:13:55,380.4,0.3487,243.23,0.4928,1.4785,246.48,236.38,246.85,416.54,417.96,429.47,421.24,0.0,0.0424,1.4361,0.0,0.0011,0.3476,0.0636,0,0,0.0636,0.3645,0,0.01,0.3545,0.9837,1,1,0.9836,50,502.14,313,0,1,2025-10-01 20:13:55,16.7,86.2,,0,0,,1
2025-10-01 20:14:40,380.41,0.3494,244.04,0.493,1.479,245.83,239.46,246.85,420.95,418.89,428.27,422.6,0.0,0.044,1.435,0.0,0.0021,0.3473,0.0636,0,0,0.0636,0.3648,0,0.0105,0.3542,0.9838,1,1,0.9836,50,502.14,313,0,1,2025-10-01 20:14:40,17.2,87.4,,0,0,,1
2025-10-01 20:15:25,380.41,0.3481,243.18,0.4929,1.4787000000000001,246.13,236.78,246.64,418.12,416.6,428.95,421.21,0.0,0.044,1.4347,0.0,0.0012,0.3469,0.0637,0,0,0.0637,0.3643,0,0.0104,0.3539,0.9836,1,1,0.9835,49.9,502.15,313,0,1,2025-10-01 20:15:25,17.3,87.7,,0,0,,1
2025-10-01 20:16:10,380.42,0.3486,243.69,0.4927,1.4782000000000002,246.22,238.26,246.6,418.53,418.84,428.94,422,0.0,0.0436,1.4346,0.0,0.0017,0.347,0.0631,0,0,0.0631,0.3642,0,0.0104,0.3538,0.984,1,1,0.9838,49.9,502.15,313,0,1,2025-10-01 20:16:10,17.4,88,,0,0,,1
2025-10-01 20:16:55,380.42,0.3459,243.3,0.4913,1.474,245.59,237.75,246.56,419.15,416.93,428.17,421.57,0.0,0.0428,1.4312,0.0,0.0,0.3459,0.0635,0,0,0.0635,0.3631,0,0.0102,0.3529,0.9835,1,1,0.9835,49.9,502.16,313,0,1,2025-10-01 20:16:55,17.4,88.3,,0,0,,1
2025-10-01 20:17:40,380.43,0.3466,242.54,0.4916,1.4747999999999999,244.45,237.49,245.7,415.85,418.09,426.4,419.81,0.0,0.0432,1.4316,0.0,0.0015,0.3451,0.0622,0,0,0.0622,0.362,0,0.0103,0.3517,0.9842,1,1,0.9841,49.9,502.16,313,0,1,2025-10-01 20:17:40,17.5,88.6,,0,0,,1
2025-10-01 20:18:25,380.43,0.346,243.1,0.4899,1.4699,244.27,239.41,245.64,419.43,418.2,425.59,421.15,0.0,0.0424,1.4275,0.0,0.002,0.344,0.0624,0,0,0.0624,0.3608,0,0.0102,0.3507,0.9841,1,1,0.9839,49.9,502.17,313,0,1,2025-10-01 20:18:25,18.0,89,,0,0,,1
2025-10-01 20:19:10,380.43,0.3437,242.18,0.4897,1.4692,246.1,234.85,245.59,415.68,415.3,427.5,419.81,0.0,0.042,1.4272,0.0,0.0,0.3437,0.0625,0,0,0.0625,0.3604,0,0.0099,0.3505,0.9838,1,1,0.9838,49.9,502.17,313,0,1,2025-10-01 20:19:10,18.0,89.3,,0,0,,1
2025-10-01 20:19:55,380.44,0.3447,243.1,0.4901,1.4704000000000002,244.35,239.43,245.54,419.73,417.7,425.78,420.93,0.0,0.0436,1.4268,0.0,0.001,0.3437,0.0622,0,0,0.0622,0.3608,0,0.0104,0.3503,0.984,1,1,0.984,49.9,502.17,313,0,1,2025-10-01 20:19:55,18.1,89.7,,0,0,,1
2025-10-01 20:20:40,380.44,0.3451,242.96,0.49,1.4701,246.26,236.99,245.63,418.47,416.48,427.55,420.85,0.0,0.044,1.4261,0.0,0.0015,0.3436,0.0621,0,0,0.0621,0.3607,0,0.0104,0.3503,0.9841,1,1,0.984,49.9,502.18,313,0,1,2025-10-01 20:20:40,18.1,90.6,,0,0,,1
2025-10-01 20:21:25,380.45,0.3452,243.61,0.4904,1.4714,246.59,238.03,246.23,419.54,417.74,428.63,421.91,0.0,0.042,1.4294,0.0,0.0,0.3452,0.0629,0,0,0.0629,0.362,0,0.01,0.352,0.9838,1,1,0.9838,49.9,502.18,313,0,1,2025-10-01 20:21:25,18.2,90.5,,0,0,,1
2025-10-01 20:22:10,380.45,0.3455,243.39,0.4894,1.4682,247.32,236.81,246.05,420.23,415.28,429.23,421.63,0.0,0.0424,1.4258,0.0,0.0015,0.344,0.0629,0,0,0.0629,0.3609,0,0.01,0.3508,0.9838,1,1,0.9836,49.9,502.19,313.01,0,1,2025-10-01 20:22:10,18.3,90.4,,0,0,,1
2025-10-01 20:22:55,380.46,0.3461,243.29,0.49,1.4701,247.42,236.26,246.2,418.8,416.29,429.18,421.44,0.0,0.0432,1.4269,0.0,0.0016,0.3444,0.063,0,0,0.063,0.3615,0,0.0102,0.3513,0.9838,1,1,0.9836,49.9,502.19,313.01,0,1,2025-10-01 20:22:55,18.3,90.6,,0,0,,1
2025-10-01 20:23:40,380.46,0.3468,243.9,0.4904,1.4713,246.78,238.44,246.48,421.74,416.83,428.77,422.6,0.0,0.0428,1.4285,0.0,0.0015,0.3453,0.0629,0,0,0.0629,0.3623,0,0.0102,0.3521,0.9839,1,1,0.9837,50,502.2,313.01,0,1,2025-10-01 20:23:40,18.7,90.7,,0,0,,1
2025-10-01 20:24:25,380.46,0.3434,243.19,0.4891,1.4673999999999998,247.35,236.49,245.73,419.51,415.28,428.92,421.37,0.0,0.0432,1.4242,0.0,0.0,0.3434,0.0615,0,0,0.0615,0.3602,0,0.0102,0.35,0.9843,1,1,0.9843,49.9,502.2,313.01,0,1,2025-10-01 20:24:25,18.8,90.8,,0,0,,1
2025-10-01 20:25:10,380.47,0.3441,243.74,0.4892,1.4676,246.39,238.71,246.12,420.7,418.01,427.82,422.17,0.0,0.0424,1.4252,0.0,0.0,0.3441,0.0622,0,0,0.0622,0.3609,0,0.0101,0.3508,0.984,1,1,0.984,49.9,502.21,313.01,0,1,2025-10-01 20:25:10,18.8,90.9,,0,0,,1
2025-10-01 20:25:55,380.47,0.3463,243.77,0.4906,1.4718,246.85,238.39,246.07,421.01,417.48,428.2,422.23,0.0,0.0428,1.429,0.0,0.0012,0.3451,0.0615,0,0,0.0615,0.3618,0,0.0102,0.3516,0.9846,1,1,0.9845,49.9,502.21,313.01,0,1,2025-10-01 20:25:55,18.9,90.9,,0,0,,1
2025-10-01 20:26:40,380.48,0.344,243.05,0.491,1.4730999999999999,244.99,238.77,245.4,419.32,417.35,426.28,421.14,0.0,0.0448,1.4283,0.0,0.0,0.344,0.0614,0,0,0.0614,0.3612,0,0.0107,0.3505,0.9844,1,1,0.9844,50,502.22,313.01,0,1,2025-10-01 20:26:40,18.9,91,,0,0,,1
2025-10-01 20:27:25,380.48,0.3437,243.1,0.4896,1.4688,244.76,238.86,245.68,418.57,418.19,426.44,420.91,0.0,0.042,1.4268,0.0,0.0,0.3437,0.0619,0,0,0.0619,0.3606,0,0.01,0.3505,0.9841,1,1,0.9844,49.9,502.22,313.01,0,1,2025-10-01 20:27:25,19.0,91.7,,0,0,,1
2025-10-01 20:28:10,380.49,0.3431,242.78,0.4886,1.4658,244.32,238.5,245.52,417.45,417.65,426.43,420.52,0.0,0.0428,1.423,0.0,0.0,0.3431,0.0622,0,0,0.0622,0.3596,0,0.0102,0.3494,0.9839,1,1,0.984,49.9,502.22,313.01,0,1,2025-10-01 20:28:10,19.0,91.7,,0,0,,1
2025-10-01 20:28:55,380.52,4.1862,241.94,7.8681,23.6043,243.34,237.96,244.53,416.53,416.39,424.27,418.93,8.3813,7.2606,7.9624,1.5354,1.1106,1.5402,3.838,1.3486,1.2995,1.1899,5.7143,2.0395,1.7277,1.947,0.737,0.7538,0.6519,0.7876,49.9,502.28,313.05,1,1,2025-10-01 20:28:55,19.0,89.8,,1,0,,0
2025-10-01 20:29:40,380.58,4.3468,242.29,8.0239,24.0718,243.44,238.88,244.56,417.92,417.11,423.96,419.58,8.5082,7.4996,8.064,1.5932,1.1933,1.5604,3.8578,1.3212,1.3322,1.2044,5.8349,2.0712,1.7915,1.9721,0.7479,0.7697,0.6671,0.7916,49.9,502.35,313.1,1,1,2025-10-01 20:29:40,19.0,84.5,,1,0,,0
2025-10-01 20:30:25,380.63,4.3597,242.18,8.0329,24.0987,243.2,238.92,244.44,416.57,418.68,423.19,419.45,8.5614,7.3909,8.1464,1.5921,1.1795,1.5881,3.8476,1.339,1.3094,1.1992,5.8393,2.0821,1.7658,1.9913,0.7497,0.7653,0.6692,0.798,49.9,502.42,313.14,1,1,2025-10-01 20:30:25,18.8,79.4,,1,0,,0
2025-10-01 20:31:10,380.69,4.3685,241.93,8.0388,24.1166,243.4,237.6,244.8,414.43,418.63,424.07,418.98,8.662,7.1856,8.269,1.5885,1.14,1.64,3.8344,1.3836,1.2665,1.1843,5.8399,2.1083,1.7073,2.0243,0.7515,0.754,0.669,0.8106,49.9,502.5,313.19,1,1,2025-10-01 20:31:10,18.2,78.3,,1,0,,0
2025-10-01 20:31:55,380.74,4.3609,242.4,8.04,24.1202,243.8,238.89,244.53,417.34,417.67,424.58,419.85,8.5967,7.4008,8.1227,1.6023,1.1718,1.5868,3.8616,1.3488,1.32,1.1927,5.8501,2.0959,1.768,1.9862,0.7486,0.765,0.6638,0.7993,49.9,502.57,313.24,1,1,2025-10-01 20:31:55,18.1,76.1,,1,0,,0
2025-10-01 20:32:40,380.8,4.3746,241.64,8.035,24.104999999999997,243.66,237.18,244.09,413.8,418.33,423.47,418.68,8.6909,7.2182,8.1959,1.6085,1.1383,1.6278,3.811,1.3751,1.2747,1.1612,5.8302,2.1176,1.712,2.0005,0.754,0.76,0.666,0.814,49.9,502.64,313.29,1,1,2025-10-01 20:32:40,17.5,75.9,,1,0,,0
2025-10-01 20:34:10,380.91,4.3062,241.67,7.9682,23.904600000000002,243.3,237.44,244.29,414.72,417.36,423.72,418.94,8.5936,7.188,8.123,1.5794,1.1264,1.6004,3.8161,1.3672,1.2779,1.171,5.7819,2.0908,1.7067,1.9844,0.7484,0.756,0.6612,0.807,49.9,502.79,313.38,1,1,2025-10-01 20:34:10,17.2,76.3,,1,0,,0
2025-10-01 20:34:55,380.96,4.3424,241.79,8.0012,24.0036,242.21,239.01,244.17,416.15,417.77,422.49,418.96,8.4119,7.452,8.1397,1.5672,1.2048,1.5704,3.8228,1.2995,1.3072,1.2161,5.806,2.0374,1.7811,1.9875,0.7505,0.7697,0.6777,0.7906,49.9,502.86,313.43,1,1,2025-10-01 20:34:55,17.2,76,,1,0,,0
2025-10-01 20:35:40,381.01,4.354,241.36,8.0101,24.0305,242.96,237.48,243.64,414.88,416.77,422.5,418.28,8.6519,7.138,8.2406,1.5902,1.1312,1.6326,3.7971,1.3721,1.2584,1.1665,5.8049,2.1021,1.6951,2.0077,0.7536,0.7571,0.6685,0.8136,49.9,502.93,313.48,1,1,2025-10-01 20:35:40,16.7,72.2,,1,0,,0
2025-10-01 20:36:25,381.06,4.3042,242.03,7.9648,23.8945,242.21,240.2,243.68,418.2,417.46,421.95,419.25,8.3254,7.5331,8.036,1.5611,1.216,1.5271,3.8344,1.2744,1.3358,1.2242,5.7842,2.0165,1.8095,1.9582,0.7466,0.7746,0.6731,0.7802,49.9,503,313.52,1,1,2025-10-01 20:36:25,16.6,71.2,,1,0,,0
2025-10-01 20:37:10,381.12,4.2903,241.42,7.9422,23.8267,242.66,237.91,243.69,414.63,417.87,421.95,418.18,8.5184,7.1314,8.1769,1.5589,1.1286,1.6027,3.8,1.3551,1.2626,1.1822,5.7563,2.0671,1.6966,1.9926,0.7485,0.7547,0.6664,0.8047,49.9,503.08,313.57,1,1,2025-10-01 20:37:10,16.5,69.3,,1,0,,0
2025-10-01 20:37:55,381.17,4.2893,241.45,7.9417,23.8251,242.04,238.49,243.82,415.23,417.98,421.41,418.13,8.4583,7.2003,8.1665,1.5501,1.15,1.5892,3.8024,1.3343,1.2707,1.1974,5.7556,2.0472,1.7172,1.9912,0.7483,0.7579,0.6709,0.7986,49.9,503.15,313.62,1,1,2025-10-01 20:37:55,16.4,69.2,,1,0,,0
2025-10-01 20:38:40,381.23,4.2998,241.41,7.9561,23.868299999999998,241.92,238.66,243.65,414.57,418.87,420.95,418.29,8.5724,7.1002,8.1957,1.564,1.1267,1.609,3.8019,1.3594,1.2616,1.181,5.7653,2.0738,1.6945,1.9969,0.7491,0.7547,0.6661,0.8061,49.9,503.22,313.67,1,1,2025-10-01 20:38:40,15.9,68.5,,1,0,,0
2025-10-01 20:39:25,381.28,4.2648,241.13,7.9133,23.7399,241.61,238.3,243.5,414.96,417.57,420.46,418.18,8.4715,7.0698,8.1986,1.5379,1.1257,1.6012,3.7865,1.3479,1.2488,1.1898,5.7279,2.0468,1.6847,1.9964,0.7477,0.752,0.6695,0.8026,49.8,503.3,313.72,1,1,2025-10-01 20:39:25,15.8,67.2,,1,0,,0
2025-10-01 20:40:10,381.33,4.3099,241.3,7.9533,23.860100000000003,241.51,239.08,243.31,414.94,418.79,420.09,417.85,8.46,7.2608,8.1393,1.5623,1.1679,1.5798,3.7875,1.3144,1.2804,1.1927,5.7595,2.0432,1.7359,1.9804,0.7511,0.7651,0.6739,0.798,49.9,503.36,313.76,1,1,2025-10-01 20:40:10,15.8,66.5,,1,0,,0
2025-10-01 20:40:55,381.39,4.2705,241.47,7.9106,23.7319,241.79,238.88,243.76,414.95,418.35,421.44,418.16,8.3941,7.2453,8.0925,1.546,1.1582,1.5662,3.792,1.3127,1.282,1.1973,5.733,2.0296,1.7308,1.9726,0.7477,0.7622,0.6703,0.7944,49.9,503.44,313.81,1,1,2025-10-01 20:40:55,15.7,64.9,,1,0,,0
2025-10-01 20:41:40,381.44,4.2782,241.85,7.9315,23.7945,241.31,240.4,243.85,416.6,418.99,421.1,418.83,8.2368,7.5253,8.0324,1.5379,1.2229,1.5175,3.8223,1.2568,1.329,1.2365,5.7554,1.9876,1.8091,1.9587,0.7457,0.7743,0.6771,0.7752,49.9,503.51,313.86,1,1,2025-10-01 20:41:40,15.2,64,,1,0,,0
2025-10-01 20:42:25,381.5,4.3076,241.41,7.9493,23.848,242.01,238.52,243.71,415.53,417.58,421.32,418.2,8.4254,7.226,8.1966,1.55,1.1635,1.5941,3.7914,1.3225,1.2672,1.2017,5.7602,2.039,1.7235,1.9976,0.7506,0.7607,0.6763,0.7985,49.9,503.58,313.91,1,1,2025-10-01 20:42:25,15.1,64.4,,1,0,,0
2025-10-01 20:43:10,381.55,4.3175,241.91,7.9745,23.923699999999997,242.62,239.13,243.98,416.01,419.57,421.42,419.06,8.5093,7.2189,8.1955,1.5656,1.1529,1.599,3.8217,1.343,1.2803,1.1984,5.7903,2.0645,1.7263,1.9995,0.7487,0.7589,0.6691,0.8002,49.9,503.65,313.95,1,1,2025-10-01 20:43:10,15.0,64.1,,1,0,,0
2025-10-01 20:43:55,381.56,0.3484,243.35,0.4948,1.4846,244.22,241.09,244.74,420.17,420.05,424.25,421.34,0.0,0.0424,1.4422,0.0,0.0016,0.3468,0.06,0,0,0.06,0.3632,0,0.0102,0.353,0.9854,1,1,0.9853,49.9,503.67,313.96,0,1,2025-10-01 20:43:55,14.9,64.6,,0,0,,1
2025-10-01 20:44:40,381.57,0.3444,242.16,0.493,1.4792,244.62,237.87,244,417.77,416.91,423.65,419.6,0.0,0.0424,1.4368,0.0,0.0,0.3444,0.0598,0,0,0.0598,0.3607,0,0.0101,0.3506,0.9852,1,1,0.9852,49.9,503.67,313.96,0,1,2025-10-01 20:44:40,14.9,68.6,,0,0,,1
2025-10-01 20:45:25,381.57,0.3441,243.37,0.4925,1.4775,243.58,242.08,244.47,420.11,421.83,422.67,421.66,0.0,0.0436,1.4339,0.0,0.0,0.3441,0.0612,0,0,0.0612,0.3611,0,0.0106,0.3505,0.9845,1,1,0.9845,49.9,503.68,313.96,0,1,2025-10-01 20:45:25,15.0,72.1,,0,0,,1
2025-10-01 20:46:10,381.57,0.3428,242.99,0.4912,1.4738,243.84,241.01,244.12,420.32,419.45,422.84,420.76,0.0,0.0428,1.431,0.0,0.0,0.3428,0.0615,0,0,0.0615,0.3597,0,0.0103,0.3493,0.9842,1,1,0.9842,49.9,503.68,313.96,0,1,2025-10-01 20:46:10,15.1,75,,0,0,,1
2025-10-01 20:46:55,381.58,0.3427,242.43,0.4912,1.4735999999999998,243.52,239.6,244.18,418.1,419.04,422.58,419.85,0.0,0.0432,1.4304,0.0,0.0,0.3427,0.0617,0,0,0.0617,0.3596,0,0.0104,0.3493,0.9841,1,1,0.9841,49.8,503.69,313.96,0,1,2025-10-01 20:46:55,15.2,77.5,,0,0,,1
2025-10-01 20:47:40,381.58,0.3419,242.69,0.4905,1.4717,242.67,241.49,243.92,420.35,419.41,421.29,420.43,0.0,0.0432,1.4285,0.0,0.0,0.3419,0.0616,0,0,0.0616,0.3589,0,0.0104,0.3484,0.9841,1,1,0.9841,49.8,503.69,313.96,0,1,2025-10-01 20:47:40,15.7,79.4,,0,0,,1
2025-10-01 20:48:25,381.59,0.3403,242.44,0.4894,1.4682,242.78,241.14,243.41,418.09,420.39,421.27,419.83,0.0,0.0432,1.425,0.0,0.0,0.3403,0.0615,0,0,0.0615,0.3573,0,0.0104,0.3469,0.984,1,1,0.984,49.8,503.69,313.96,0,1,2025-10-01 20:48:25,15.8,80.9,,0,0,,1
2025-10-01 20:49:10,381.59,0.3407,242.03,0.4876,1.463,243.6,239.13,243.38,416.98,418.75,421.93,419.3,0.0,0.0416,1.4214,0.0,0.0013,0.3395,0.0611,0,0,0.0611,0.3559,0,0.0099,0.3459,0.9843,1,1,0.9842,49.8,503.7,313.96,0,1,2025-10-01 20:49:10,15.9,82.2,,0,0,,1
2025-10-01 20:49:55,381.6,0.3404,242.19,0.4875,1.4627000000000001,242.09,241.08,243.4,417.93,419.94,420.58,419.59,0.0,0.0416,1.4211,0.0,0.001,0.3394,0.0616,0,0,0.0616,0.3559,0,0.01,0.3459,0.984,1,1,0.9839,49.8,503.7,313.97,0,1,2025-10-01 20:49:55,16.4,83,,0,0,,1
2025-10-01 20:50:40,381.6,0.3416,242.34,0.4888,1.4664,242.45,240.82,243.75,418.04,419.48,421.7,419.89,0.0,0.0424,1.424,0.0,0.0011,0.3405,0.0617,0,0,0.0617,0.3573,0,0.0102,0.3471,0.984,1,1,0.9839,49.8,503.71,313.97,0,1,2025-10-01 20:50:40,16.5,83.9,,0,0,,1
2025-10-01 20:51:25,381.6,0.3419,242.23,0.4893,1.4681000000000002,242.91,240.07,243.71,416.82,420.15,421.68,419.53,0.0,0.0436,1.4245,0.0,0.0013,0.3406,0.0617,0,0,0.0617,0.3576,0,0.0105,0.3472,0.9841,1,1,0.9839,49.8,503.71,313.97,0,1,2025-10-01 20:51:25,16.6,84.8,,0,0,,1
2025-10-01 20:52:10,381.61,0.3412,242.21,0.4895,1.4685,243.15,239.49,244,416.65,420.55,421.34,419.29,0.0,0.0428,1.4257,0.0,0.0,0.3412,0.0624,0,0,0.0624,0.3581,0,0.0103,0.3479,0.9836,1,1,0.9836,49.8,503.72,313.97,0,1,2025-10-01 20:52:10,16.7,86.3,,0,0,,1
2025-10-01 20:52:55,381.61,0.3414,242.65,0.4878,1.4634,242.13,241.98,243.85,418.83,421.26,420.76,420.13,0.0,0.0428,1.4206,0.0,0.0016,0.3398,0.0618,0,0,0.0618,0.3568,0,0.0104,0.3464,0.984,1,1,0.9838,49.8,503.72,313.97,0,1,2025-10-01 20:52:55,17.2,87.6,,0,0,,1
2025-10-01 20:53:40,381.62,0.3405,242.47,0.4887,1.4662,242.27,241.21,243.95,416.77,421.97,421.18,420.02,0.0,0.0432,1.423,0.0,0.0,0.3405,0.0619,0,0,0.0619,0.3576,0,0.0104,0.3471,0.9838,1,1,0.9838,49.8,503.73,313.97,0,1,2025-10-01 20:53:40,17.3,88.4,,0,0,,1
2025-10-01 20:54:25,381.62,0.3419,242.58,0.4884,1.4652,243.12,240.73,243.89,420.02,418.79,421.65,420.17,0.0,0.042,1.4232,0.0,0.0012,0.3406,0.0612,0,0,0.0612,0.3572,0,0.0101,0.3471,0.9843,1,1,0.9842,49.9,503.73,313.97,0,1,2025-10-01 20:54:25,17.4,89.3,,0,0,,1
2025-10-01 20:55:10,381.62,0.3414,242.76,0.488,1.4642,243.39,240.84,244.06,420.08,419.1,422.24,420.43,0.0,0.0428,1.4214,0.0,0.001,0.3404,0.0613,0,0,0.0613,0.3572,0,0.0103,0.3469,0.9842,1,1,0.9841,49.9,503.73,313.97,0,1,2025-10-01 20:55:10,17.4,89.2,,0,0,,1
2025-10-01 20:55:55,381.63,0.3441,242.89,0.4898,1.4696,241.66,241.97,245.06,416.25,424.11,421.73,420.69,0.0,0.0428,1.4268,0.0,0.0011,0.343,0.0622,0,0,0.0622,0.36,0,0.0104,0.3497,0.984,1,1,0.9839,49.9,503.74,313.97,0,1,2025-10-01 20:55:55,17.5,89.2,,0,0,,1
2025-10-01 20:56:40,381.63,0.3447,243.32,0.4901,1.4704,241.77,242.83,245.37,417.76,424.19,422.37,421.66,0.0,0.0428,1.4276,0.0,0.0012,0.3435,0.0627,0,0,0.0627,0.3607,0,0.0104,0.3503,0.9838,1,1,0.9837,49.9,503.74,313.97,0,1,2025-10-01 20:56:40,18.0,89.5,,0,0,,1
2025-10-01 20:57:25,381.64,0.3449,244.57,0.4899,1.4698,243.11,244.71,245.91,420.42,426.42,424,423.62,0.0,0.0436,1.4262,0.0,0.001,0.3439,0.0631,0,0,0.0631,0.3614,0,0.0107,0.3507,0.9836,1,1,0.9835,49.9,503.75,313.97,0,1,2025-10-01 20:57:25,18.1,89.7,,0,0,,1
2025-10-01 20:58:10,381.64,0.3453,244.03,0.4902,1.4707,242.51,243.88,245.71,419.64,425.13,423.25,422.93,0.0,0.0428,1.4279,0.0,0.0012,0.344,0.0628,0,0,0.0628,0.3613,0,0.0104,0.3508,0.9838,1,1,0.9837,49.9,503.75,313.97,0,1,2025-10-01 20:58:10,18.1,90.1,,0,0,,1
2025-10-01 20:58:55,381.65,0.3465,244.17,0.4913,1.4739,242.76,243.94,245.81,419.42,425.33,423.97,422.74,0.0,0.0436,1.4303,0.0,0.0014,0.3451,0.0614,0,0,0.0614,0.3622,0,0.0106,0.3516,0.9846,1,1,0.9845,50,503.76,313.98,0,1,2025-10-01 20:58:55,18.2,90.7,,0,0,,1
2025-10-01 20:59:40,381.65,0.3464,244.19,0.4908,1.4724,241.19,245.63,245.76,418.85,428.02,421.97,422.94,0.0,0.0424,1.43,0.0,0.0014,0.3449,0.0613,0,0,0.0613,0.3619,0,0.0104,0.3514,0.9846,1,1,0.9845,49.9,503.76,313.98,0,1,2025-10-01 20:59:40,18.3,91.1,,0,0,,1
2025-10-01 21:00:25,381.66,0.3471,244.23,0.4909,1.4728,241.5,244.85,246.36,418.87,426.84,423.36,422.92,0.0,0.042,1.4308,0.0,0.0014,0.3457,0.0627,0,0,0.0627,0.3628,0,0.0103,0.3525,0.984,1,1,0.9839,50,503.77,313.98,0,1,2025-10-01 21:00:25,18.7,91.2,,0,0,,1
2025-10-01 21:01:10,381.66,0.3476,244.38,0.4918,1.4756,240.76,245.95,246.45,419.44,428.09,422.35,423.28,0.0,0.0436,1.432,0.0,0.0014,0.3462,0.0627,0,0,0.0627,0.3636,0,0.0107,0.3529,0.9841,1,1,0.9839,50,503.77,313.98,0,1,2025-10-01 21:01:10,18.8,91.2,,0,0,,1
2025-10-01 21:01:55,381.66,0.3489,243.85,0.4926,1.4779,241.64,243.34,246.59,416.8,426.81,423.47,422.34,0.0,0.0424,1.4355,0.0,0.0016,0.3473,0.0625,0,0,0.0625,0.3643,0,0.0103,0.354,0.9843,1,1,0.9841,50,503.78,313.98,0,1,2025-10-01 21:01:55,18.8,91.2,,0,0,,1
2025-10-01 21:02:40,381.67,0.3479,244.08,0.4917,1.4751,241.3,244.31,246.65,418.42,426.68,423.2,422.77,0.0,0.042,1.4331,0.0,0.0012,0.3467,0.0627,0,0,0.0627,0.3637,0,0.0103,0.3535,0.9841,1,1,0.984,50,503.78,313.98,0,1,2025-10-01 21:02:40,18.9,91.2,,0,0,,1
2025-10-01 21:03:25,381.67,0.3473,243.49,0.4916,1.4749999999999999,241.99,242.14,246.35,416.5,425.32,423.38,422,0.0,0.0432,1.4318,0.0,0.0011,0.3462,0.0617,0,0,0.0617,0.3632,0,0.0105,0.3527,0.9845,1,1,0.9844,50,503.78,313.98,0,1,2025-10-01 21:03:25,18.9,91.4,,0,0,,1
2025-10-01 21:04:10,381.68,0.3481,244.41,0.4922,1.4766000000000001,241.06,245.9,246.27,419,427.95,423.02,423.47,0.0,0.0436,1.433,0.0,0.0016,0.3465,0.0612,0,0,0.0612,0.3636,0,0.0107,0.3529,0.9848,1,1,0.9847,50,503.79,313.98,0,1,2025-10-01 21:04:10,19.0,91.6,,0,0,,1
2025-10-01 21:04:55,381.68,0.3476,244.3,0.4915,1.4746000000000001,241.16,245.28,246.47,418.77,427.46,423.19,423.04,0.0,0.044,1.4306,0.0,0.0016,0.3461,0.0615,0,0,0.0615,0.3634,0,0.0108,0.3526,0.9847,1,1,0.9845,50,503.79,313.98,0,1,2025-10-01 21:04:55,19.0,91.6,,0,0,,1
2025-10-01 21:05:40,381.69,0.3481,244.73,0.4915,1.4746,241.71,245.77,246.72,418.2,429.73,423.68,423.73,0.0,0.0424,1.4322,0.0,0.0013,0.3468,0.0616,0,0,0.0616,0.3638,0,0.0104,0.3534,0.9846,1,1,0.9845,50,503.8,313.98,0,1,2025-10-01 21:05:40,19.1,91.7,,0,0,,1
2025-10-01 21:06:25,381.72,4.0367,243.45,7.726,23.1781,241.12,243.46,245.79,417.13,425.2,422.69,421.82,8.1873,7.1077,7.8831,1.4584,1.1032,1.475,3.9121,1.3283,1.3288,1.255,5.6421,1.9741,1.7304,1.9376,0.7181,0.7393,0.6387,0.7616,50,503.85,314.01,1,1,2025-10-01 21:06:25,19.5,91.2,,1,0,,0
2025-10-01 21:07:10,381.77,4.1252,243.13,7.8146,23.444000000000003,241.47,242.14,245.79,415.59,425.19,422.54,420.9,8.4681,6.9656,8.0103,1.504,1.074,1.5472,3.8953,1.3832,1.2962,1.2159,5.7003,2.0448,1.6867,1.9689,0.727,0.736,0.638,0.7862,50,503.92,314.06,1,1,2025-10-01 21:07:10,19.0,84.5,,1,0,,0
2025-10-01 21:08:40,381.87,4.1009,242.85,7.7752,23.3256,241.39,241.5,245.67,415.03,423.81,423.03,420.62,8.4451,6.9016,7.9789,1.4963,1.0591,1.5455,3.8685,1.382,1.2827,1.2038,5.6655,2.0386,1.6667,1.9602,0.7274,0.7346,0.6366,0.7889,50,504.06,314.16,1,1,2025-10-01 21:08:40,18.7,78.1,,1,0,,0
2025-10-01 21:09:25,381.92,4.09,243.45,7.7624,23.287200000000002,240.91,243.49,245.97,416.52,425.68,422.81,421.8,8.1761,7.1984,7.9127,1.4706,1.1356,1.4838,3.8967,1.3081,1.3308,1.2578,5.6687,1.9697,1.7527,1.9463,0.724,0.7471,0.6491,0.7628,50,504.13,314.21,1,1,2025-10-01 21:09:25,18.1,77.5,,1,0,,0
2025-10-01 21:10:10,381.97,4.0768,243.28,7.7509,23.2529,241.63,242.04,246.18,415.39,424.91,423.8,421.49,8.3162,7.0149,7.9218,1.4802,1.0817,1.515,3.8877,1.3568,1.3045,1.2263,5.6575,2.0094,1.6979,1.9502,0.7236,0.7371,0.6383,0.7772,50,504.2,314.26,1,1,2025-10-01 21:10:10,18.0,76.9,,1,0,,0
2025-10-01 21:10:55,382.02,4.1034,244.26,7.8067,23.420099999999998,244.63,242.48,245.67,421.4,422.33,425.47,423.26,8.1961,7.3856,7.8384,1.5057,1.1356,1.4621,3.9534,1.3215,1.3805,1.2513,5.7215,2.005,1.7909,1.9257,0.7201,0.7515,0.6352,0.7597,50,504.27,314.31,1,1,2025-10-01 21:10:55,17.5,74.3,,1,0,,0
2025-10-01 21:11:40,382.08,4.05,244.23,7.7565,23.2695,245.27,241.53,245.9,421.07,421.26,426.74,423.27,8.2894,7.1708,7.8093,1.5003,1.0708,1.4789,3.9503,1.3698,1.3571,1.2233,5.6854,2.0331,1.732,1.9203,0.7158,0.7384,0.6194,0.7705,50,504.34,314.35,1,1,2025-10-01 21:11:40,17.3,74,,1,0,,0
2025-10-01 21:12:25,382.13,4.0768,243.26,7.7585,23.2756,244.12,240.6,245.08,419.21,419.77,425.06,421.28,8.2722,7.2065,7.7969,1.5072,1.0936,1.476,3.897,1.3389,1.3481,1.21,5.6642,2.0194,1.7339,1.9109,0.7228,0.7469,0.6299,0.7748,50,504.41,314.4,1,1,2025-10-01 21:12:25,17.2,74.2,,1,0,,0
2025-10-01 21:13:10,382.18,4.1251,242.89,7.7975,23.3926,244.39,239.62,244.68,418.63,418.86,424.65,420.63,8.4562,7.0025,7.9339,1.5283,1.0556,1.5411,3.8692,1.3893,1.3006,1.1793,5.6858,2.0666,1.6779,1.9413,0.7293,0.7399,0.6301,0.7941,50,504.48,314.45,1,1,2025-10-01 21:13:10,16.7,72,,1,0,,0
2025-10-01 21:13:55,382.23,4.1379,243.61,7.8255,23.4765,244.09,242.03,244.72,419.69,421.94,424.21,422.04,8.2662,7.397,7.8133,1.53,1.14,1.4678,3.9134,1.3133,1.3763,1.2238,5.7201,2.0177,1.7903,1.9121,0.7265,0.7587,0.6378,0.768,50,504.56,314.5,1,1,2025-10-01 21:13:55,16.6,71.2,,1,0,,0
2025-10-01 21:14:40,382.28,4.1464,243.05,7.8148,23.4445,243.82,240.98,244.35,419.16,420.14,423.62,420.73,8.2916,7.2697,7.8832,1.5257,1.1234,1.4973,3.8746,1.3242,1.3402,1.2103,5.6998,2.0217,1.7519,1.9263,0.7306,0.7552,0.6424,0.7777,50,504.63,314.55,1,1,2025-10-01 21:14:40,16.5,71.1,,1,0,,0
2025-10-01 21:15:25,382.33,4.1162,243.4,7.7883,23.365,243.31,242.23,244.68,419,422.26,423.5,421.62,8.1901,7.3838,7.7911,1.5136,1.1455,1.457,3.8906,1.2937,1.3693,1.2275,5.6876,1.9927,1.7886,1.9063,0.7267,0.7601,0.6416,0.7647,50,504.7,314.6,1,1,2025-10-01 21:15:25,16.5,70.7,,1,0,,0
2025-10-01 21:16:10,382.39,4.125,243.41,7.8017,23.405099999999997,244.37,241.45,244.41,418.91,421.59,424.27,421.57,8.3689,7.2566,7.7796,1.5433,1.0999,1.4817,3.8889,1.3395,1.3597,1.1897,5.6986,2.0451,1.7521,1.9014,0.7276,0.7552,0.6289,0.7797,50,504.77,314.65,1,1,2025-10-01 21:16:10,16.4,69.6,,1,0,,0
2025-10-01 21:16:55,382.44,4.1146,243.25,7.7826,23.347900000000003,244.33,241.47,243.95,419.32,420.82,423.81,421.17,8.348,7.2276,7.7723,1.5399,1.0958,1.4789,3.8741,1.3351,1.3542,1.1847,5.681,2.0397,1.7452,1.8961,0.728,0.7555,0.629,0.7804,50,504.84,314.7,1,1,2025-10-01 21:16:55,15.9,68.8,,1,0,,0
2025-10-01 21:17:40,382.49,4.0828,243.3,7.7606,23.282,244.8,240.99,244.13,420.04,419.8,424.4,421.44,8.3907,7.1689,7.7224,1.5409,1.0666,1.4753,3.8839,1.3563,1.3554,1.1723,5.6669,2.054,1.7276,1.8853,0.7245,0.7506,0.6183,0.7829,50.1,504.91,314.75,1,1,2025-10-01 21:17:40,15.8,67.6,,1,0,,0
2025-10-01 21:18:25,382.54,4.0899,242.27,7.7507,23.2521,244.22,238.4,244.21,416.61,418.15,424.15,419.42,8.5397,6.8239,7.8885,1.5317,1.0058,1.5524,3.8266,1.4132,1.2747,1.1387,5.6388,2.0856,1.6268,1.9265,0.7302,0.7349,0.6194,0.8063,50,504.98,314.79,1,1,2025-10-01 21:18:25,15.7,67.7,,1,0,,0
2025-10-01 21:19:10,382.59,4.1076,242.76,7.7589,23.2768,243.52,240.67,244.09,418.84,418.85,423.71,420.46,8.2388,7.2917,7.7463,1.5238,1.1178,1.466,3.8438,1.3027,1.3487,1.1923,5.652,2.0063,1.7549,1.8908,0.7301,0.76,0.6381,0.7758,50,505.06,314.84,1,1,2025-10-01 21:19:10,15.7,66.9,,1,0,,0
2025-10-01 21:19:55,382.64,4.0982,242.84,7.764,23.292,244.78,239.3,244.46,418.05,418.54,425.28,420.41,8.4118,7.1324,7.7478,1.5418,1.0608,1.4955,3.8563,1.3625,1.3334,1.1604,5.6599,2.059,1.7068,1.894,0.7282,0.7493,0.6226,0.79,50,505.12,314.89,1,1,2025-10-01 21:19:55,15.6,65.8,,1,0,,0
2025-10-01 21:20:40,382.67,0.3528,242.96,0.5,1.5002,243.6,238.97,246.31,416.41,419.35,426.71,421.09,0.0,0.0428,1.4574,0.0,0.0,0.3528,0.0599,0,0,0.0599,0.3692,0,0.0102,0.359,0.9858,1,1,0.9858,50,505.16,314.91,0,1,2025-10-01 21:20:40,15.1,66.6,,0,0,,1
2025-10-01 21:21:25,382.67,0.3525,243.45,0.4977,1.4931999999999999,243.1,240.54,246.72,417.3,421.33,426.39,421.6,0.0,0.0428,1.4504,0.0,0.0011,0.3514,0.0611,0,0,0.0611,0.3681,0,0.0103,0.3578,0.9853,1,1,0.9852,50,505.17,314.91,0,1,2025-10-01 21:21:25,15.1,69.4,,0,0,,1
2025-10-01 21:22:10,382.68,0.3499,243.82,0.4954,1.4863,244.54,239.78,247.15,417.34,421.87,427.74,422.17,0.0,0.0428,1.4435,0.0,0.0,0.3499,0.0629,0,0,0.0629,0.367,0,0.0103,0.3568,0.9842,1,1,0.9842,50,505.17,314.91,0,1,2025-10-01 21:22:10,15.1,73.8,,0,0,,1
2025-10-01 21:22:55,382.68,0.3515,243.46,0.496,1.4881,244.08,239.27,247.05,417.21,420.03,427.86,421.75,0.0,0.0428,1.4453,0.0,0.0012,0.3503,0.0628,0,0,0.0628,0.3673,0,0.0102,0.3571,0.9844,1,1,0.9843,50,505.17,314.91,0,1,2025-10-01 21:22:55,15.6,78.4,,0,0,,1
2025-10-01 21:23:40,382.69,0.3495,243.54,0.4944,1.4834,243.4,239.99,247.24,417.54,420.45,427.49,421.87,0.0,0.0416,1.4418,0.0,0.0,0.3495,0.0635,0,0,0.0635,0.3665,0,0.01,0.3565,0.9838,1,1,0.9838,50.1,505.18,314.92,0,1,2025-10-01 21:23:40,15.7,80.5,,0,0,,1
2025-10-01 21:24:25,382.69,0.3484,243.07,0.4946,1.4839,243.71,238.82,246.69,415.53,420.52,427.01,421.41,0.0,0.0436,1.4403,0.0,0.0,0.3484,0.063,0,0,0.063,0.3657,0,0.0104,0.3553,0.984,1,1,0.984,50,505.18,314.92,0,1,2025-10-01 21:24:25,15.8,81.7,,0,0,,1
2025-10-01 21:25:10,382.7,0.3492,243.65,0.4943,1.483,243.34,240.49,247.14,417.8,420.88,427.38,422,0.0,0.0424,1.4406,0.0,0.0,0.3492,0.0629,0,0,0.0629,0.3662,0,0.0102,0.356,0.9841,1,1,0.9841,50,505.19,314.92,0,1,2025-10-01 21:25:10,16.0,82.9,,0,0,,1
2025-10-01 21:25:55,382.7,0.3499,243.15,0.4954,1.4864,243.88,238.59,247,416.27,419.74,427.49,421.39,0.0,0.0424,1.444,0.0,0.0,0.3499,0.0628,0,0,0.0628,0.3668,0,0.0101,0.3567,0.9842,1,1,0.9842,50,505.19,314.92,0,1,2025-10-01 21:25:55,16.5,84.1,,0,0,,1
2025-10-01 21:26:40,382.7,0.3492,243.16,0.4944,1.4834,243.51,238.86,247.13,415.54,420.57,427.43,421.49,0.0,0.0424,1.441,0.0,0.0,0.3492,0.0634,0,0,0.0634,0.3662,0,0.0101,0.3561,0.9839,1,1,0.9839,50,505.2,314.92,0,1,2025-10-01 21:26:40,16.5,85.2,,0,0,,1
2025-10-01 21:27:25,382.71,0.3497,243.49,0.4954,1.4862000000000002,242.74,240.55,247.18,416.85,421.55,426.81,421.85,0.0,0.0436,1.4426,0.0,0.0,0.3497,0.0634,0,0,0.0634,0.3671,0,0.0105,0.3566,0.9839,1,1,0.9839,50,505.2,314.92,0,1,2025-10-01 21:27:25,16.6,86,,0,0,,1
2025-10-01 21:28:10,382.71,0.3477,243.07,0.4937,1.4810999999999999,243.01,239.59,246.61,416.41,420.14,426.48,421.05,0.0,0.0432,1.4379,0.0,0.0,0.3477,0.0629,0,0,0.0629,0.365,0,0.0104,0.3546,0.984,1,1,0.984,50,505.21,314.92,0,1,2025-10-01 21:28:10,16.7,86.8,,0,0,,1
2025-10-01 21:28:55,382.72,0.3475,243.15,0.4922,1.4766,243.85,239.12,246.5,416.61,419.28,427.6,421.32,0.0,0.0432,1.4334,0.0,0.0011,0.3464,0.0632,0,0,0.0632,0.3637,0,0.0103,0.3533,0.9838,1,1,0.9837,50,505.21,314.92,0,1,2025-10-01 21:28:55,17.2,87.4,,0,0,,1
2025-10-01 21:29:40,382.72,0.3465,243.25,0.4917,1.4753,243.49,239.7,246.58,416.98,419.87,427.14,420.93,0.0,0.0424,1.4329,0.0,0.0,0.3465,0.0627,0,0,0.0627,0.3635,0,0.0102,0.3533,0.9839,1,1,0.9839,50,505.22,314.92,0,1,2025-10-01 21:29:40,17.3,88,,0,0,,1
2025-10-01 21:30:25,382.73,0.3475,243.72,0.4935,1.4806000000000001,244.45,240.24,246.48,419.46,419.61,427.35,422.17,0.0,0.0436,1.437,0.0,0.0,0.3475,0.062,0,0,0.062,0.3647,0,0.0105,0.3542,0.9844,1,1,0.9844,50,505.22,314.92,0,1,2025-10-01 21:30:25,17.4,88.6,,0,0,,1
2025-10-01 21:31:10,382.73,0.3471,243.19,0.492,1.4762,242.99,239.69,246.91,415.77,421.43,426.49,421.34,0.0,0.0424,1.4338,0.0,0.0,0.3471,0.0632,0,0,0.0632,0.3642,0,0.0102,0.354,0.9838,1,1,0.9838,50,505.23,314.92,0,1,2025-10-01 21:31:10,17.4,89,,0,0,,1
2025-10-01 21:31:55,382.74,0.3484,243.49,0.4921,1.4764,242.83,240.81,246.85,418.03,420.57,426.63,421.73,0.0,0.0424,1.434,0.0,0.0014,0.3471,0.0632,0,0,0.0632,0.3642,0,0.0102,0.354,0.9839,1,1,0.9838,50,505.23,314.92,0,1,2025-10-01 21:31:55,17.5,90.4,,0,0,,1
2025-10-01 21:32:40,382.74,0.3462,243.2,0.4915,1.4746,243.16,239.88,246.56,416.27,420.89,426.54,421.23,0.0,0.0424,1.4322,0.0,0.0,0.3462,0.0631,0,0,0.0631,0.3633,0,0.0102,0.3531,0.9837,1,1,0.9837,50,505.23,314.93,0,1,2025-10-01 21:32:40,18.0,90.3,,0,0,,1
2025-10-01 21:33:25,382.74,0.3481,243.42,0.4921,1.4765,243.25,240.25,246.77,416.76,421.18,426.92,421.61,0.0,0.0428,1.4337,0.0,0.0012,0.3469,0.0629,0,0,0.0629,0.3641,0,0.0103,0.3538,0.984,1,1,0.9839,50,505.24,314.93,0,1,2025-10-01 21:33:25,18.1,90.1,,0,0,,1
2025-10-01 21:34:10,382.75,0.3479,243.15,0.4927,1.4783,243.67,239.26,246.54,416.21,420.37,426.91,421.42,0.0,0.0428,1.4355,0.0,0.0013,0.3466,0.0623,0,0,0.0623,0.3641,0,0.0102,0.3539,0.9843,1,1,0.9843,50,505.24,314.93,0,1,2025-10-01 21:34:10,18.1,90,,0,0,,1
2025-10-01 21:34:55,382.75,0.3476,243.33,0.4928,1.4784,242.89,240.28,246.82,416.68,420.79,426.89,421.36,0.0,0.0428,1.4356,0.0,0.0,0.3476,0.0627,0,0,0.0627,0.3646,0,0.0103,0.3543,0.9841,1,1,0.9841,50,505.25,314.93,0,1,2025-10-01 21:34:55,18.2,90.2,,0,0,,1
2025-10-01 21:35:40,382.76,0.3489,243.54,0.492,1.4761,242.86,240.65,247.12,417.95,420.45,427.07,421.93,0.0,0.0424,1.4337,0.0,0.0014,0.3475,0.063,0,0,0.063,0.3645,0,0.0102,0.3543,0.984,1,1,0.9839,50,505.25,314.93,0,1,2025-10-01 21:35:40,18.2,90.5,,0,0,,1
2025-10-01 21:36:25,382.76,0.3466,242.92,0.4922,1.4766,244.3,237.77,246.71,415.2,419.39,427.72,420.83,0.0,0.0428,1.4338,0.0,0.0,0.3466,0.0622,0,0,0.0622,0.3639,0,0.0102,0.3537,0.9842,1,1,0.9842,50,505.26,314.93,0,1,2025-10-01 21:36:25,18.3,90.8,,0,0,,1
2025-10-01 21:37:10,382.77,0.3467,243.29,0.4922,1.4768,243.41,240.05,246.43,418.06,419.77,426.37,421.37,0.0,0.0428,1.434,0.0,0.0,0.3467,0.0622,0,0,0.0622,0.3637,0,0.0103,0.3534,0.9842,1,1,0.9842,50,505.26,314.93,0,1,2025-10-01 21:37:10,18.7,90.9,,0,0,,1
2025-10-01 21:37:55,382.77,0.3467,243.07,0.491,1.4732,243.77,239.1,246.35,416.64,419.62,426.8,421.04,0.0,0.0436,1.4296,0.0,0.0011,0.3455,0.0618,0,0,0.0618,0.3626,0,0.0104,0.3522,0.9844,1,1,0.9843,50,505.27,314.93,0,1,2025-10-01 21:37:55,18.8,91.1,,0,0,,1
2025-10-01 21:38:40,382.77,0.3474,243.89,0.4912,1.4736,244.3,240.69,246.7,419.72,420.28,427.32,422.59,0.0,0.0424,1.4312,0.0,0.001,0.3463,0.0623,0,0,0.0623,0.3633,0,0.0102,0.3531,0.9842,1,1,0.9842,50,505.27,314.93,0,1,2025-10-01 21:38:40,18.8,91.3,,0,0,,1
2025-10-01 21:39:25,382.78,0.347,243.49,0.4909,1.4729,244.6,239.53,246.36,418.1,420.09,427.08,421.97,0.0,0.0424,1.4305,0.0,0.0013,0.3457,0.0619,0,0,0.0619,0.3626,0,0.0102,0.3524,0.9844,1,1,0.9843,50,505.27,314.93,0,1,2025-10-01 21:39:25,18.8,91.5,,0,0,,1
2025-10-01 21:40:10,382.78,0.3457,244,0.491,1.473,244.86,240.91,246.25,419.48,421.06,427.36,422.51,0.0,0.0424,1.4306,0.0,0.0,0.3457,0.0612,0,0,0.0612,0.3625,0,0.0102,0.3523,0.9846,1,1,0.9846,50,505.28,314.93,0,1,2025-10-01 21:40:10,18.9,91.5,,0,0,,1
2025-10-01 21:40:55,382.79,0.3466,244.52,0.4915,1.4747,244.65,242.39,246.54,421.58,422.03,426.97,423.5,0.0,0.0424,1.4323,0.0,0.0,0.3466,0.0612,0,0,0.0612,0.3634,0,0.0103,0.3531,0.9847,1,1,0.9847,50,505.28,314.93,0,1,2025-10-01 21:40:55,18.9,91.7,,0,0,,1
2025-10-01 21:41:40,382.79,0.3482,244.12,0.4915,1.4746,244.39,241.12,246.85,419.19,422.18,427.11,422.92,0.0,0.0428,1.4318,0.0,0.0014,0.3468,0.0617,0,0,0.0617,0.3638,0,0.0103,0.3534,0.9846,1,1,0.9845,50,505.29,314.93,0,1,2025-10-01 21:41:40,19.0,91.8,,0,0,,1
2025-10-01 21:42:25,382.82,3.9715,243.67,7.6803,23.041,243.53,240.88,246.6,418.82,420.54,426.78,422.08,8.1651,7.2315,7.6444,1.4694,1.0748,1.4273,3.9337,1.3371,1.3669,1.2298,5.6155,1.9884,1.7419,1.8851,0.7104,0.7396,0.6181,0.7575,50,505.32,314.96,1,1,2025-10-01 21:42:25,19.0,91.8,,1,0,,0
2025-10-01 21:43:10,382.87,4.1389,242.92,7.8418,23.525399999999998,244.6,237.87,246.29,416.55,418.32,427.41,420.82,8.588,7.0577,7.8797,1.5463,1.0437,1.549,3.8975,1.419,1.3113,1.1672,5.7201,2.1006,1.6788,1.9407,0.728,0.7367,0.6227,0.7986,50,505.4,315.01,1,1,2025-10-01 21:43:10,19.0,85.2,,1,0,,0
2025-10-01 21:43:55,382.92,4.1291,243.34,7.8237,23.4712,243.96,239.48,246.58,418.17,418.61,427.64,421.57,8.403,7.2146,7.8536,1.5235,1.0925,1.5131,3.9109,1.3691,1.335,1.2068,5.7143,2.05,1.7278,1.9365,0.726,0.7437,0.6333,0.7817,50,505.47,315.06,1,1,2025-10-01 21:43:55,18.8,81.2,,1,0,,0
2025-10-01 21:44:40,382.97,4.111,243.48,7.8019,23.4059,243.48,240.49,246.48,418.68,419.48,426.99,421.74,8.2487,7.38,7.7772,1.5107,1.1314,1.4688,3.9159,1.3212,1.3641,1.2306,5.7001,2.0084,1.7748,1.9169,0.724,0.7527,0.6383,0.7665,50,505.54,315.11,1,1,2025-10-01 21:44:40,18.3,79.2,,1,0,,0
2025-10-01 21:45:25,383.02,4.1223,243.07,7.8261,23.4784,244.48,238.68,246.06,417.84,418.15,427.07,421.04,8.5204,7.1025,7.8555,1.5375,1.0544,1.5305,3.9052,1.4027,1.3237,1.1788,5.7112,2.0831,1.6952,1.9329,0.7259,0.7387,0.623,0.7922,50,505.61,315.16,1,1,2025-10-01 21:45:25,18.1,78.4,,1,0,,0
2025-10-01 21:46:10,383.08,4.123,243.64,7.8217,23.4651,243.51,240.93,246.49,419.51,419.65,426.81,422.03,8.1991,7.4857,7.7803,1.5107,1.1561,1.4562,3.929,1.3025,1.3803,1.2461,5.7179,1.9966,1.8035,1.9178,0.7239,0.7573,0.642,0.7597,50,505.69,315.21,1,1,2025-10-01 21:46:10,18.0,75.4,,1,0,,0
2025-10-01 21:46:55,383.13,4.0875,243.36,7.7859,23.3578,244.1,239.77,246.21,417.23,420.59,426.72,421.45,8.4024,7.1174,7.838,1.5131,1.0648,1.5096,3.913,1.3822,1.3301,1.2007,5.6874,2.051,1.7065,1.9298,0.7223,0.7383,0.6249,0.7826,50,505.76,315.25,1,1,2025-10-01 21:46:55,17.4,74.8,,1,0,,0
2025-10-01 21:47:40,383.18,4.0725,243.1,7.7544,23.2632,243.61,239.94,245.75,417.59,419.54,426.05,421,8.288,7.2059,7.7693,1.5052,1.0875,1.4798,3.888,1.343,1.3402,1.2048,5.6573,2.019,1.729,1.9093,0.7232,0.7461,0.63,0.7754,50,505.83,315.3,1,1,2025-10-01 21:47:40,17.3,74.4,,1,0,,0
2025-10-01 21:48:25,383.23,4.0926,242.88,7.7779,23.3338,244.28,238.54,245.83,417.51,417.62,426.94,420.63,8.5119,7.011,7.8109,1.5318,1.0332,1.5275,3.8755,1.403,1.3111,1.1614,5.6718,2.0793,1.6724,1.9202,0.7261,0.7374,0.6189,0.796,50,505.9,315.35,1,1,2025-10-01 21:48:25,17.2,73.5,,1,0,,0
2025-10-01 21:49:10,383.28,4.0882,243.32,7.7713,23.3139,243.93,240.05,245.98,418.45,419.23,426.64,421.26,8.2398,7.3293,7.7448,1.5096,1.1132,1.4654,3.9002,1.3248,1.3593,1.2161,5.6744,2.0099,1.7594,1.9051,0.7235,0.7516,0.6336,0.7695,50,505.97,315.4,1,1,2025-10-01 21:49:10,16.7,71.6,,1,0,,0
2025-10-01 21:49:55,383.33,4.0755,242.84,7.7591,23.2773,244.99,237.58,245.97,416.7,417.46,427.74,420.83,8.5578,6.9143,7.8052,1.5328,1.0027,1.54,3.8699,1.4277,1.2976,1.1446,5.6591,2.0966,1.6427,1.9198,0.7251,0.7317,0.6114,0.8026,50,506.04,315.45,1,1,2025-10-01 21:49:55,16.6,71.9,,1,0,,0
2025-10-01 21:50:40,383.38,4.0692,243.18,7.7556,23.2669,244.52,239.08,245.95,417.88,418.37,427.37,421.12,8.3477,7.2072,7.712,1.5204,1.0701,1.4787,3.8926,1.3593,1.3471,1.1862,5.661,2.0412,1.7231,1.8968,0.7226,0.7455,0.622,0.78,50,506.11,315.49,1,1,2025-10-01 21:50:40,16.5,70.2,,1,0,,0
2025-10-01 21:51:25,383.43,4.0905,243.57,7.7678,23.3036,242.45,242.32,245.95,419.58,420.53,425.48,421.82,7.8025,7.8321,7.669,1.4732,1.2485,1.3687,3.906,1.1842,1.4255,1.2963,5.6758,1.8917,1.8979,1.8862,0.7232,0.7794,0.6588,0.726,50,506.18,315.54,1,1,2025-10-01 21:51:25,16.4,68.7,,1,0,,0
2025-10-01 21:52:10,383.48,4.0738,242.74,7.7584,23.275399999999998,244.41,237.71,246.11,417.06,416.99,427.3,420.52,8.4552,7.0591,7.7611,1.5242,1.0369,1.5127,3.874,1.3932,1.3161,1.1647,5.6546,2.0665,1.678,1.9101,0.7246,0.7381,0.6188,0.7923,50,506.25,315.59,1,1,2025-10-01 21:52:10,15.9,67.9,,1,0,,0
2025-10-01 21:52:55,383.54,4.0541,242.64,7.7424,23.2274,244.48,237.7,245.75,415.05,419.16,426.62,419.9,8.5219,6.9307,7.7748,1.5242,1.0046,1.5253,3.8684,1.4175,1.3021,1.1488,5.6415,2.0834,1.6474,1.9107,0.7234,0.7322,0.6108,0.7987,50,506.32,315.64,1,1,2025-10-01 21:52:55,15.8,67.6,,1,0,,0
2025-10-01 21:53:40,383.59,4.0611,243.12,7.7478,23.2435,243.96,239.21,246.21,418.63,417.47,427.2,421.12,8.3371,7.2102,7.6962,1.5149,1.0719,1.4743,3.8906,1.3544,1.3476,1.1887,5.6536,2.0339,1.7248,1.8949,0.722,0.7454,0.6225,0.7784,50,506.4,315.69,1,1,2025-10-01 21:53:40,15.7,66.6,,1,0,,0
2025-10-01 21:54:25,383.64,4.0498,241.74,7.7367,23.2101,244.78,234.63,245.82,413.5,415.07,427.63,418.58,8.8027,6.4499,7.9575,1.5266,0.9011,1.622,3.8214,1.5178,1.2125,1.0911,5.6242,2.1547,1.5133,1.9561,0.7273,0.7091,0.5964,0.8297,50,506.46,315.74,1,1,2025-10-01 21:54:25,15.7,66,,1,0,,0
2025-10-01 21:55:10,383.69,4.0425,242.85,7.7204,23.1614,243.79,238.74,246.04,416.17,418.52,427.23,420.61,8.341,7.099,7.7214,1.5045,1.0519,1.4861,3.873,1.3655,1.3256,1.182,5.628,2.0335,1.6948,1.8998,0.722,0.7404,0.6216,0.7826,50,506.53,315.79,1,1,2025-10-01 21:55:10,15.6,65.9,,1,0,,0
2025-10-01 21:55:55,383.74,4.0259,243.27,7.7118,23.135599999999997,243.67,239.48,246.67,418.25,418.13,427.68,421.32,8.2579,7.1649,7.7128,1.4886,1.0673,1.47,3.8972,1.3512,1.3399,1.2061,5.6306,2.0122,1.7159,1.9025,0.7184,0.7404,0.623,0.773,50,506.6,315.84,1,1,2025-10-01 21:55:55,15.1,65.7,,1,0,,0
2025-10-01 21:56:40,383.76,0.3544,244.01,0.499,1.4971999999999999,245.55,238.91,247.57,417.35,420.57,430.01,422.8,0.0,0.0432,1.454,0.0,0.0011,0.3533,0.062,0,0,0.062,0.3703,0,0.0103,0.36,0.985,1,1,0.9849,50,506.63,315.85,0,1,2025-10-01 21:56:40,15.1,65.9,,0,0,,1
2025-10-01 21:57:25,383.76,0.3546,244.52,0.4988,1.4966,244.98,241.1,247.5,420.17,420.76,429.64,423.52,0.0,0.0424,1.4542,0.0,0.0012,0.3534,0.0616,0,0,0.0616,0.3701,0,0.0102,0.3599,0.9852,1,1,0.9851,50,506.63,315.85,0,1,2025-10-01 21:57:25,15.0,70.3,,0,0,,1
2025-10-01 21:58:10,383.77,0.3533,244.14,0.4974,1.4922,245.44,239.4,247.58,418.71,419.81,430.08,423,0.0,0.0432,1.449,0.0,0.0014,0.3519,0.0631,0,0,0.0631,0.3691,0,0.0103,0.3587,0.9844,1,1,0.9843,50,506.64,315.85,0,1,2025-10-01 21:58:10,15.1,74.1,,0,0,,1
2025-10-01 21:58:55,383.77,0.3534,243.66,0.4967,1.4902,245.4,238.11,247.47,416.47,419.92,429.73,421.91,0.0,0.0424,1.4478,0.0,0.0018,0.3516,0.0625,0,0,0.0625,0.3684,0,0.0101,0.3583,0.9847,1,1,0.9845,50,506.64,315.85,0,1,2025-10-01 21:58:55,15.6,76.9,,0,0,,1
2025-10-01 21:59:40,383.77,0.3523,244.08,0.4957,1.4870999999999999,245.05,239.59,247.61,418.96,420.09,429.25,422.66,0.0,0.0428,1.4443,0.0,0.0016,0.3507,0.0635,0,0,0.0635,0.3679,0,0.0103,0.3576,0.9841,1,1,0.984,50,506.65,315.85,0,1,2025-10-01 21:59:40,15.7,78.8,,0,0,,1
2025-10-01 22:00:25,383.78,0.3502,243.61,0.4945,1.4836999999999998,245.29,238.75,246.81,417.41,419.84,428.64,421.76,0.0,0.0432,1.4405,0.0,0.0014,0.3488,0.0625,0,0,0.0625,0.3658,0,0.0103,0.3555,0.9844,1,1,0.9843,50,506.65,315.86,0,1,2025-10-01 22:00:25,15.8,80.7,,0,0,,1
2025-10-01 22:01:10,383.78,0.3503,243.44,0.4939,1.4817,245.72,237.5,247.11,417.41,417.96,429.64,421.91,0.0,0.042,1.4397,0.0,0.0014,0.3488,0.0643,0,0.001,0.0632,0.3657,0,0.01,0.3558,0.9835,1,1,0.9839,50,506.66,315.86,0,1,2025-10-01 22:01:10,15.9,82,,0,0,,1
2025-10-01 22:01:55,383.79,0.3494,243.72,0.4931,1.4794,244.69,239.47,247,418.46,419.43,428.53,422.06,0.0,0.0424,1.437,0.0,0.0015,0.3479,0.0636,0,0,0.0636,0.3651,0,0.0102,0.3549,0.9838,1,1,0.9836,50,506.66,315.86,0,1,2025-10-01 22:01:55,16.4,84.4,,0,0,,1
2025-10-01 22:02:40,383.79,0.3485,242.89,0.4927,1.4781,245.2,236.96,246.51,415.92,417.67,428.54,420.94,0.0,0.0428,1.4353,0.0,0.0015,0.347,0.0624,0,0,0.0624,0.364,0,0.0101,0.3538,0.9843,1,1,0.9842,50,506.67,315.86,0,1,2025-10-01 22:02:40,16.6,85,,0,0,,1
2025-10-01 22:03:25,383.8,0.3467,242.2,0.4919,1.4759,243.34,237.54,245.74,415.38,416.99,426.19,419.59,0.0,0.042,1.4339,0.0,0.0011,0.3456,0.0626,0,0,0.0626,0.3623,0,0.01,0.3524,0.9841,1,1,0.984,49.9,506.67,315.86,0,1,2025-10-01 22:03:25,16.7,85.5,,0,0,,1
2025-10-01 22:04:10,383.8,0.344,241.64,0.491,1.4730999999999999,243.21,236.61,245.11,413.2,417.18,425.26,418.59,0.0,0.0428,1.4303,0.0,0.0,0.344,0.0615,0,0,0.0615,0.3607,0,0.0101,0.3506,0.9843,1,1,0.9843,49.9,506.68,315.86,0,1,2025-10-01 22:04:10,16.7,86,,0,0,,1
2025-10-01 22:04:55,383.8,0.3447,242.1,0.4906,1.4719,241.63,239.58,245.11,415.84,417.95,424.21,419.35,0.0,0.0432,1.4287,0.0,0.0011,0.3436,0.0611,0,0,0.0611,0.3605,0,0.0103,0.3502,0.9846,1,1,0.9845,49.9,506.68,315.86,0,1,2025-10-01 22:04:55,17.2,86.6,,0,0,,1
2025-10-01 22:05:40,383.81,0.3428,241.7,0.4906,1.4719,242.76,237.92,244.42,414.39,417.86,423.67,418.54,0.0,0.0432,1.4287,0.0,0.0,0.3428,0.0603,0,0,0.0603,0.3595,0,0.0103,0.3492,0.9848,1,1,0.9848,49.9,506.68,315.86,0,1,2025-10-01 22:05:40,17.3,87.5,,0,0,,1
2025-10-01 22:06:25,383.81,0.3416,241.59,0.4898,1.4696,242.02,238.73,244.02,415.05,417.79,422.5,418.35,0.0,0.0436,1.426,0.0,0.0,0.3416,0.06,0,0,0.06,0.3584,0,0.0104,0.348,0.9849,1,1,0.9849,49.9,506.69,315.86,0,1,2025-10-01 22:06:25,17.4,88.4,,0,0,,1
2025-10-01 22:07:10,383.82,0.3411,240.68,0.489,1.4671999999999998,242.39,235.68,243.99,413.29,413.93,423.45,416.97,0.0,0.0432,1.424,0.0,0.0,0.3411,0.0601,0,0,0.0601,0.3576,0,0.0102,0.3474,0.9848,1,1,0.9848,49.9,506.69,315.86,0,1,2025-10-01 22:07:10,17.5,88.9,,0,0,,1
2025-10-01 22:07:55,383.82,0.3432,241.45,0.4912,1.4736,242.67,236.94,244.76,413.92,416.17,424.57,418.06,0.0,0.0448,1.4288,0.0,0.0,0.3432,0.0609,0,0,0.0609,0.3603,0,0.0106,0.3497,0.9846,1,1,0.9846,49.9,506.7,315.86,0,1,2025-10-01 22:07:55,17.9,89.1,,0,0,,1
2025-10-01 22:08:40,383.83,0.3445,241.45,0.4911,1.4733,242.09,237.7,244.58,414.8,416.24,423.61,418.13,0.0,0.0436,1.4297,0.0,0.0012,0.3433,0.0608,0,0,0.0608,0.36,0,0.0104,0.3497,0.9847,1,1,0.9846,49.9,506.7,315.86,0,1,2025-10-01 22:08:40,18.0,89.4,,0,0,,1
2025-10-01 22:09:25,383.83,0.3433,241.1,0.4901,1.4703,242.49,236.39,244.42,414.08,414.73,424,417.52,0.0,0.044,1.4263,0.0,0.0012,0.3421,0.061,0,0,0.061,0.359,0,0.0104,0.3486,0.9845,1,1,0.9844,49.9,506.71,315.86,0,1,2025-10-01 22:09:25,18.1,89.9,,0,0,,1
2025-10-01 22:10:10,383.84,0.3432,241.35,0.4908,1.4726,241.39,237.83,244.85,414.81,415.64,423.66,418.19,0.0,0.0448,1.4278,0.0,0.0,0.3432,0.0607,0,0,0.0607,0.3603,0,0.0107,0.3496,0.9846,1,1,0.9846,49.9,506.71,315.87,0,1,2025-10-01 22:10:10,18.1,90,,0,0,,1
2025-10-01 22:10:55,383.84,0.3441,240.98,0.4895,1.4687000000000001,242.83,235.3,244.83,412.68,414.67,424.89,417.39,0.0,0.0416,1.4271,0.0,0.0011,0.3429,0.061,0,0,0.061,0.3592,0,0.0098,0.3494,0.9846,1,1,0.9845,49.9,506.72,315.87,0,1,2025-10-01 22:10:55,18.2,90.3,,0,0,,1
2025-10-01 22:11:40,383.84,0.3429,241.5,0.4898,1.4695,242.65,237.03,244.84,414.01,415.68,425.22,418.23,0.0,0.0428,1.4267,0.0,0.0,0.3429,0.0607,0,0,0.0607,0.3595,0,0.0101,0.3493,0.9846,1,1,0.9846,49.9,506.72,315.87,0,1,2025-10-01 22:11:40,18.2,90.3,,0,0,,1
2025-10-01 22:12:25,383.85,0.3436,241.09,0.491,1.4731,242.06,236.26,244.97,412.99,415.73,424.08,417.65,0.0,0.0444,1.4287,0.0,0.0,0.3436,0.0606,0,0,0.0606,0.3605,0,0.0105,0.35,0.9848,1,1,0.9848,49.9,506.72,315.87,0,1,2025-10-01 22:12:25,18.3,90.5,,0,0,,1
2025-10-01 22:13:10,383.85,0.3426,241.36,0.4893,1.4681,241.63,237.39,245.07,413.2,416.88,424.09,418.04,0.0,0.0432,1.4249,0.0,0.0,0.3426,0.0612,0,0,0.0612,0.3595,0,0.0103,0.3492,0.9843,1,1,0.9843,49.9,506.73,315.87,0,1,2025-10-01 22:13:10,18.7,90.7,,0,0,,1
2025-10-01 22:13:55,383.86,0.3421,241.37,0.489,1.4669999999999999,241.46,237.97,244.7,414.54,416.66,423.02,418.07,0.0,0.0428,1.4242,0.0,0.0,0.3421,0.0603,0,0,0.0603,0.3587,0,0.0102,0.3485,0.9848,1,1,0.9848,50,506.73,315.87,0,1,2025-10-01 22:13:55,18.8,91.1,,0,0,,1
2025-10-01 22:14:40,383.86,0.3412,241.39,0.488,1.4640000000000002,242.43,237.94,243.82,415.36,415.6,423.37,418.32,0.0,0.0436,1.4204,0.0,0.001,0.3402,0.0592,0,0,0.0592,0.3567,0,0.0104,0.3463,0.9852,1,1,0.9852,50,506.74,315.87,0,1,2025-10-01 22:14:40,18.8,91.9,,0,0,,1
2025-10-01 22:15:25,383.86,0.3362,241.11,0.4853,1.456,243.68,238.82,240.83,419.03,413.77,420.03,417.61,0.0,0.0428,1.4132,0.0,0.0012,0.335,0.0546,0,0,0.0546,0.3506,0,0.0102,0.3403,0.987,1,1,0.9869,50,506.74,315.87,0,1,2025-10-01 22:15:25,18.9,91.9,,0,0,,1
2025-10-01 22:16:10,383.87,0.3347,240.89,0.4846,1.4539,243.33,238.74,240.61,417.55,414.45,419.72,417.12,0.0,0.0444,1.4095,0.0,0.001,0.3337,0.0551,0,0,0.0551,0.3497,0,0.0106,0.3391,0.9867,1,1,0.9866,50,506.75,315.87,0,1,2025-10-01 22:16:10,19.0,92,,0,0,,1
2025-10-01 22:16:55,383.87,0.3354,240.26,0.4855,1.4567,243.91,236.6,240.28,417.37,411.6,419.48,416.34,0.0,0.0436,1.4131,0.0,0.0011,0.3342,0.0546,0,0,0.0546,0.3499,0,0.0103,0.3395,0.987,1,1,0.9869,50,506.75,315.87,0,1,2025-10-01 22:16:55,19.0,92.2,,0,0,,1
2025-10-01 22:17:40,383.88,0.3338,240.02,0.4844,1.4533,243.69,235.99,240.39,416.51,410.96,419.75,416.07,0.0,0.0424,1.4109,0.0,0.0,0.3338,0.0548,0,0,0.0548,0.3492,0,0.01,0.3392,0.9867,1,1,0.9867,49.9,506.76,315.87,0,1,2025-10-01 22:17:40,19.1,92.1,,0,0,,1
2025-10-01 22:18:25,383.92,4.1994,239.23,7.8201,23.4603,242.34,235.49,239.88,414.48,410.74,417.89,414.36,8.5794,7.0122,7.8687,1.5875,1.0652,1.5467,3.6802,1.3406,1.2589,1.0806,5.618,2.0791,1.6513,1.8875,0.752,0.764,0.6459,0.8197,50,506.82,315.91,1,1,2025-10-01 22:18:25,19.1,89.6,,1,0,,0
2025-10-01 22:19:10,383.98,4.2955,239.33,7.9023,23.7071,241.81,236.33,239.85,415.04,410.99,417.56,414.49,8.4936,7.2959,7.9176,1.6042,1.1508,1.5405,3.6702,1.2804,1.2807,1.109,5.6771,2.0538,1.7242,1.899,0.7602,0.7815,0.6683,0.8115,50,506.89,315.96,1,1,2025-10-01 22:19:10,19.0,83.1,,1,0,,0
2025-10-01 22:19:55,384.03,4.3948,238.91,8.011,24.0332,242.42,234.16,240.15,414.35,408.37,418.71,414,8.7362,7.2268,8.0702,1.6479,1.1371,1.6098,3.6569,1.3285,1.2504,1.078,5.7481,2.1178,1.6922,1.9381,0.7686,0.7785,0.6728,0.8309,49.9,506.96,316.01,1,1,2025-10-01 22:19:55,18.8,80.1,,1,0,,0
2025-10-01 22:20:40,384.09,4.3503,238.54,7.9674,23.9022,242.46,233.09,240.08,411.54,409.5,418.5,412.99,8.8163,6.9713,8.1146,1.6363,1.0769,1.6371,3.6422,1.3736,1.214,1.0546,5.7107,2.1376,1.6249,1.9482,0.7667,0.7659,0.6635,0.8406,49.9,507.04,316.05,1,1,2025-10-01 22:20:40,18.2,77.5,,1,0,,0
2025-10-01 22:21:25,384.14,4.3424,239.12,7.9427,23.8283,240.8,236.59,239.97,416.64,408.93,416.84,414.13,8.3051,7.5932,7.93,1.5913,1.2357,1.5154,3.6597,1.2093,1.3007,1.1497,5.6993,1.9999,1.7965,1.903,0.7646,0.7961,0.6887,0.7966,50,507.1,316.09,1,1,2025-10-01 22:21:25,18.0,74.7,,1,0,,0
2025-10-01 22:22:10,384.19,4.3207,238.31,7.9095,23.728699999999996,241.83,233.33,239.78,410.6,409.95,417.78,412.78,8.6608,7.0363,8.0316,1.6163,1.0982,1.6062,3.6084,1.3299,1.2176,1.0609,5.662,2.0944,1.6418,1.9258,0.7675,0.7722,0.6697,0.8344,50,507.17,316.14,1,1,2025-10-01 22:22:10,17.5,74,,1,0,,0
2025-10-01 22:22:55,384.25,4.3246,239.47,7.9214,23.764400000000002,239.06,236.44,242.91,411.15,413.71,419.47,414.38,8.1983,7.5255,8.0406,1.5377,1.2451,1.5417,3.6777,1.2128,1.2672,1.1977,5.6924,1.9599,1.7793,1.9531,0.7617,0.7851,0.7008,0.7897,49.9,507.24,316.19,1,1,2025-10-01 22:22:55,17.3,72.7,,1,0,,0
2025-10-01 22:23:40,384.3,4.3401,238.96,7.9343,23.8031,239.25,234.64,243.01,410.56,411.98,419.18,414.25,8.5404,7.1097,8.153,1.5667,1.1489,1.6246,3.6487,1.3099,1.2062,1.1326,5.6928,2.0433,1.6682,1.9813,0.7654,0.7671,0.6896,0.8203,49.9,507.31,316.23,1,1,2025-10-01 22:23:40,16.7,72.1,,1,0,,0
2025-10-01 22:24:25,384.36,4.1937,238.96,7.7797,23.339199999999998,239.33,234.81,242.74,409.26,413.42,419.02,413.69,8.3328,7.0055,8.0009,1.5116,1.1114,1.5706,3.649,1.2988,1.2093,1.1408,5.5814,1.9943,1.645,1.9421,0.7544,0.7584,0.6766,0.809,49.9,507.39,316.28,1,1,2025-10-01 22:24:25,16.5,71.8,,1,0,,0
2025-10-01 22:25:10,384.41,4.1591,239.5,7.7448,23.2345,239.22,236.57,242.72,411.99,413.65,418.85,414.95,8.1804,7.1442,7.9099,1.4955,1.1409,1.5227,3.6715,1.2601,1.2434,1.168,5.5669,1.9569,1.6901,1.9199,0.7496,0.7647,0.676,0.7934,50,507.46,316.32,1,1,2025-10-01 22:25:10,15.9,71.3,,1,0,,0
2025-10-01 22:25:55,384.46,4.1078,239.29,7.6977,23.0933,239.87,235.57,242.44,411.13,413.18,419.11,414.59,8.2848,6.9209,7.8876,1.4943,1.0705,1.5429,3.6652,1.3073,1.2219,1.1361,5.5299,1.9873,1.6304,1.9123,0.7461,0.7528,0.6607,0.8042,49.9,507.53,316.37,1,1,2025-10-01 22:25:55,15.8,70.7,,1,0,,0
2025-10-01 22:26:40,384.51,4.1269,239.39,7.7105,23.1315,239.59,235.98,242.61,411.39,413.11,419.43,414.75,8.1977,7.0801,7.8537,1.4951,1.115,1.5168,3.6637,1.2714,1.2407,1.1517,5.5402,1.9641,1.6708,1.9054,0.7478,0.7618,0.6684,0.7964,49.9,507.6,316.42,1,1,2025-10-01 22:26:40,15.8,70.5,,1,0,,0
2025-10-01 22:27:25,384.56,4.1082,239.22,7.685,23.0551,239.32,235.66,242.68,410.73,413.02,419.28,414.08,8.198,6.993,7.8641,1.4853,1.0989,1.524,3.6513,1.2797,1.2244,1.1473,5.5184,1.9619,1.648,1.9085,0.7474,0.7575,0.6679,0.7989,49.9,507.67,316.46,1,1,2025-10-01 22:27:25,15.7,70.4,,1,0,,0
2025-10-01 22:28:10,384.62,4.0603,239.25,7.6257,22.877200000000002,238.19,236.91,242.66,410.8,414.59,417.81,414.49,7.8869,7.1906,7.7997,1.439,1.1559,1.4654,3.6501,1.2057,1.2478,1.1966,5.4748,1.8786,1.7035,1.8927,0.7436,0.7665,0.6795,0.7745,49.9,507.74,316.51,1,1,2025-10-01 22:28:10,15.7,69,,1,0,,0
2025-10-01 22:28:55,384.66,4.0654,239.11,7.6358,22.9075,238.69,235.83,242.82,409.19,414.78,418.5,414.09,8.1178,6.9322,7.8575,1.4585,1.0911,1.5159,3.6458,1.274,1.2143,1.1576,5.4804,1.9376,1.6348,1.908,0.7444,0.7531,0.6683,0.7947,49.9,507.8,316.55,1,1,2025-10-01 22:28:55,15.6,69.5,,1,0,,0
2025-10-01 22:29:40,384.71,4.0442,239.04,7.6191,22.857400000000002,239.05,235.08,243,409.58,413.64,418.91,414.12,8.0874,6.9821,7.7879,1.457,1.0888,1.4984,3.6484,1.269,1.2248,1.1546,5.4671,1.9333,1.6414,1.8925,0.7425,0.754,0.6644,0.7921,49.9,507.87,316.6,1,1,2025-10-01 22:29:40,15.6,69.6,,1,0,,0
2025-10-01 22:30:25,384.76,4.02,238.93,7.5939,22.781799999999997,239.28,234.47,243.04,409.31,412.34,419.89,413.87,8.1505,6.8507,7.7806,1.4562,1.0531,1.5107,3.6409,1.2954,1.2096,1.1359,5.4475,1.9503,1.6063,1.891,0.7411,0.7471,0.6566,0.7992,49.9,507.93,316.64,1,1,2025-10-01 22:30:25,15.6,68.1,,1,0,,0
2025-10-01 22:31:10,384.81,4.0629,239.33,7.6396,22.9188,239.29,235.89,242.82,410.3,413.82,419.5,414.54,8.0876,7.0878,7.7434,1.4727,1.1082,1.482,3.6576,1.2537,1.2484,1.1556,5.4875,1.9353,1.6719,1.8803,0.7432,0.7614,0.6638,0.7886,49.9,508,316.69,1,1,2025-10-01 22:31:10,15.2,68.7,,1,0,,0
2025-10-01 22:31:55,384.86,4.0531,239.87,7.6526,22.9578,241.04,235.22,243.35,412.35,412.53,421.54,415.47,8.2954,6.8507,7.8117,1.4876,1.038,1.5275,3.6926,1.3338,1.2291,1.1297,5.5119,1.9995,1.6114,1.901,0.7392,0.7445,0.6452,0.804,49.9,508.07,316.73,1,1,2025-10-01 22:31:55,15.1,67.7,,1,0,,0
2025-10-01 22:32:40,384.88,0.3474,240.58,0.4959,1.4877,242.52,235.76,243.48,413.17,414.28,422.7,416.81,0.0,0.0436,1.4441,0.0,0.0017,0.3457,0.0581,0,0,0.0581,0.3619,0,0.0103,0.3516,0.9863,1,1,0.9861,49.9,508.09,316.75,0,1,2025-10-01 22:32:40,15.1,67.3,,0,0,,1
2025-10-01 22:33:25,384.88,0.3462,241.05,0.4944,1.4833,241.6,237.83,243.72,414.85,415.91,421.78,417.55,0.0,0.0456,1.4377,0.0,0.0018,0.3443,0.0588,0,0,0.0588,0.3612,0,0.0108,0.3504,0.9858,1,1,0.9857,49.9,508.1,316.75,0,1,2025-10-01 22:33:25,15.0,70.8,,0,0,,1
2025-10-01 22:34:10,384.89,0.3445,240.47,0.4925,1.4775,242.17,235.9,243.35,412.33,415.16,422.07,416.38,0.0,0.0436,1.4339,0.0,0.0017,0.3429,0.0589,0,0,0.0589,0.3592,0,0.0103,0.3489,0.9856,1,1,0.9855,49.9,508.1,316.75,0,1,2025-10-01 22:34:10,15.1,74.6,,0,0,,1
2025-10-01 22:34:55,384.89,0.3438,240.84,0.4921,1.4763,241.46,237.69,243.37,413.28,416.9,421.27,417.11,0.0,0.0444,1.4319,0.0,0.0015,0.3424,0.0591,0,0,0.0591,0.359,0,0.0106,0.3485,0.9855,1,1,0.9854,49.9,508.11,316.75,0,1,2025-10-01 22:34:55,15.6,80.2,,0,0,,1
2025-10-01 22:35:40,384.9,0.3428,240.65,0.4916,1.4749,241.79,236.76,243.41,414.09,414.78,421.62,416.78,0.0,0.0456,1.4293,0.0,0.0012,0.3417,0.0597,0,0,0.0597,0.3587,0,0.0108,0.3479,0.9851,1,1,0.985,49.9,508.11,316.75,0,1,2025-10-01 22:35:40,15.8,83.7,,0,0,,1
2025-10-01 22:36:25,384.9,0.3433,240.08,0.4908,1.4725,241.88,234.89,243.47,411.51,413.94,422.08,416.01,0.0,0.0432,1.4293,0.0,0.0016,0.3417,0.0599,0,0,0.0599,0.3581,0,0.0101,0.348,0.9851,1,1,0.9849,49.9,508.12,316.75,0,1,2025-10-01 22:36:25,15.9,83.5,,0,0,,1
2025-10-01 22:37:10,384.91,0.3419,240.68,0.4894,1.4683,241.74,236.82,243.5,413.83,414.55,422.28,416.88,0.0,0.0428,1.4255,0.0,0.0011,0.3408,0.0602,0,0,0.0602,0.3572,0,0.0101,0.3471,0.9848,1,1,0.9847,49.9,508.12,316.75,0,1,2025-10-01 22:37:10,16.4,83.7,,0,0,,1
2025-10-01 22:37:55,384.91,0.3412,240.15,0.4897,1.4692999999999998,242.3,234.5,243.65,412.64,412.77,422.48,416.12,0.0,0.0432,1.4261,0.0,0.0,0.3412,0.06,0,0,0.06,0.3576,0,0.0101,0.3475,0.9848,1,1,0.9848,49.9,508.12,316.75,0,1,2025-10-01 22:37:55,16.5,84.4,,0,0,,1
2025-10-01 22:38:40,384.91,0.3435,240.57,0.4905,1.4717,241.37,236.27,244.07,413.69,413.6,422.75,416.64,0.0,0.044,1.4277,0.0,0.0015,0.342,0.0607,0,0,0.0607,0.3589,0,0.0104,0.3485,0.9847,1,1,0.9846,49.9,508.13,316.75,0,1,2025-10-01 22:38:40,16.6,85.2,,0,0,,1
2025-10-01 22:39:25,384.92,0.3437,240.32,0.4908,1.4725,242.55,234.13,244.29,412.1,412.41,424.3,416.15,0.0,0.0444,1.4281,0.0,0.0013,0.3424,0.0609,0,0,0.0609,0.3593,0,0.0104,0.3489,0.9846,1,1,0.9845,49.9,508.13,316.75,0,1,2025-10-01 22:39:25,16.7,85.8,,0,0,,1
2025-10-01 22:40:10,384.92,0.3437,240.42,0.4913,1.4739,241.55,235.46,244.26,412.28,414.22,422.81,416.51,0.0,0.0456,1.4283,0.0,0.0012,0.3424,0.0606,0,0,0.0606,0.3596,0,0.0107,0.3489,0.9847,1,1,0.9846,49.9,508.14,316.75,0,1,2025-10-01 22:40:10,16.7,86.5,,0,0,,1
2025-10-01 22:40:55,384.93,0.3424,240.78,0.4898,1.4694,241.84,236.74,243.77,414.5,414.47,422.18,417.1,0.0,0.0436,1.4258,0.0,0.0012,0.3412,0.0602,0,0,0.0602,0.3579,0,0.0103,0.3476,0.9849,1,1,0.9848,49.9,508.14,316.75,0,1,2025-10-01 22:40:55,17.2,87.9,,0,0,,1
2025-10-01 22:41:40,384.93,0.344,240.87,0.4915,1.4746,241.34,237.4,243.89,416.65,413.21,421.7,417.23,0.0,0.0452,1.4294,0.0,0.0016,0.3424,0.0598,0,0,0.0598,0.3593,0,0.0107,0.3486,0.9852,1,1,0.9851,49.9,508.15,316.75,0,1,2025-10-01 22:41:40,17.3,88.7,,0,0,,1
2025-10-01 22:42:25,384.94,0.3416,240.29,0.4897,1.4690999999999999,239.52,238.12,243.25,413.14,416.08,419.39,416.29,0.0,0.0448,1.4243,0.0,0.0013,0.3403,0.0594,0,0,0.0594,0.3571,0,0.0107,0.3465,0.9852,1,1,0.9851,49.9,508.15,316.75,0,1,2025-10-01 22:42:25,17.4,88.8,,0,0,,1
2025-10-01 22:43:10,384.94,0.3404,239.85,0.4903,1.4709,240.06,236.38,243.13,411.3,415.35,419.69,415.7,0.0,0.0456,1.4253,0.0,0.0,0.3404,0.0594,0,0,0.0594,0.3573,0,0.0108,0.3465,0.9851,1,1,0.9851,49.9,508.16,316.76,0,1,2025-10-01 22:43:10,17.5,89.2,,0,0,,1
2025-10-01 22:43:55,384.94,0.3423,240.07,0.4892,1.4678,239.86,237.02,243.33,411.8,416.28,419.37,415.76,0.0,0.0432,1.4246,0.0,0.0012,0.341,0.0591,0,0,0.0591,0.3569,0,0.0102,0.3466,0.9854,1,1,0.9852,49.9,508.16,316.76,0,1,2025-10-01 22:43:55,17.9,89.5,,0,0,,1
2025-10-01 22:44:40,384.95,0.3395,239.92,0.4889,1.4667999999999999,239.44,237.15,243.19,411.97,414.92,419.8,415.56,0.0,0.0452,1.4216,0.0,0.0,0.3395,0.0591,0,0,0.0591,0.3564,0,0.0107,0.3457,0.9851,1,1,0.985,50,508.17,316.76,0,1,2025-10-01 22:44:40,18.0,89.7,,0,0,,1
2025-10-01 22:45:25,384.95,0.3396,240.16,0.4885,1.4656,239.54,237.76,243.19,412.52,415.72,419.68,416.11,0.0,0.0436,1.422,0.0,0.0,0.3396,0.0596,0,0,0.0596,0.3562,0,0.0104,0.3458,0.9849,1,1,0.9853,49.9,508.17,316.76,0,1,2025-10-01 22:45:25,18.1,89.9,,0,0,,1
2025-10-01 22:46:10,384.96,0.3382,240.01,0.4869,1.4606999999999999,240.99,236.24,242.82,412.74,413.46,420.98,415.79,0.0,0.0432,1.4175,0.0,0.0,0.3382,0.0589,0,0,0.0589,0.3544,0,0.0102,0.3442,0.9851,1,1,0.9851,49.9,508.17,316.76,0,1,2025-10-01 22:46:10,18.1,90.1,,0,0,,1
2025-10-01 22:46:55,384.96,0.3387,239.32,0.4881,1.4643,241.39,233.8,242.78,410.57,412.29,420.75,414.52,0.0,0.044,1.4203,0.0,0.0,0.3387,0.059,0,0,0.059,0.3551,0,0.0103,0.3448,0.9851,1,1,0.9851,49.9,508.18,316.76,0,1,2025-10-01 22:46:55,18.2,90.3,,0,0,,1
2025-10-01 22:47:40,384.97,0.3394,239.69,0.4877,1.4632999999999998,240.48,235.85,242.76,411.93,413.52,420.06,415.14,0.0,0.0452,1.4181,0.0,0.0012,0.3382,0.0588,0,0,0.0588,0.3549,0,0.0107,0.3443,0.9853,1,1,0.9852,49.9,508.18,316.76,0,1,2025-10-01 22:47:40,18.2,90.5,,0,0,,1
2025-10-01 22:48:25,384.97,0.34,239.67,0.4884,1.4651999999999998,240.9,235.27,242.85,413.1,411.65,420.63,415.17,0.0,0.0452,1.42,0.0,0.0012,0.3388,0.0589,0,0,0.0589,0.3555,0,0.0106,0.3448,0.9853,1,1,0.9852,49.9,508.19,316.76,0,1,2025-10-01 22:48:25,18.3,90.7,,0,0,,1
2025-10-01 22:49:10,384.97,0.339,239.44,0.4883,1.4649,241.23,234.18,242.92,410.45,412.44,421.33,414.98,0.0,0.0444,1.4205,0.0,0.0,0.339,0.0586,0,0,0.0586,0.3555,0,0.0104,0.3451,0.9853,1,1,0.9853,49.9,508.19,316.76,0,1,2025-10-01 22:49:10,18.7,90.9,,0,0,,1
2025-10-01 22:49:55,384.98,0.34,239.8,0.4884,1.4653,240.29,236.44,242.67,412.75,413.11,420.18,415.8,0.0,0.046,1.4193,0.0,0.0015,0.3385,0.0582,0,0,0.0582,0.3553,0,0.0109,0.3444,0.9856,1,1,0.9855,49.9,508.2,316.76,0,1,2025-10-01 22:49:55,18.7,91,,0,0,,1
2025-10-01 22:50:40,384.98,0.3404,240.04,0.4881,1.4645000000000001,240.44,236.96,242.73,412.88,414.45,419.97,415.64,0.0,0.044,1.4205,0.0,0.0015,0.3389,0.0579,0,0,0.0579,0.3552,0,0.0104,0.3448,0.9858,1,1,0.9857,50,508.2,316.76,0,1,2025-10-01 22:50:40,18.8,91.1,,0,0,,1
2025-10-01 22:51:25,384.99,0.3406,239.9,0.4881,1.4645,240.46,236.55,242.69,412.3,414.63,419.63,415.44,0.0,0.0428,1.4217,0.0,0.0014,0.3392,0.0577,0,0,0.0577,0.3552,0,0.0101,0.345,0.9859,1,1,0.9858,50,508.2,316.76,0,1,2025-10-01 22:51:25,18.9,91.7,,0,0,,1
2025-10-01 22:52:10,384.99,0.3385,239.86,0.4874,1.4623,239.83,238.03,241.74,413.21,415.35,417.81,415.56,0.0,0.0448,1.4175,0.0,0.0015,0.337,0.0566,0,0,0.0566,0.3533,0,0.0107,0.3427,0.9863,1,1,0.9861,49.9,508.21,316.76,0,1,2025-10-01 22:52:10,18.9,91.8,,0,0,,1
2025-10-01 22:52:55,385,0.3377,240.17,0.4877,1.4630999999999998,240.31,238.13,242.07,414.52,414.7,418.72,415.92,0.0,0.0448,1.4183,0.0,0.0,0.3377,0.0566,0,0,0.0566,0.354,0,0.0107,0.3433,0.9862,1,1,0.9862,50,508.21,316.76,0,1,2025-10-01 22:52:55,18.9,91.7,,0,0,,1
2025-10-01 22:53:40,385,0.3394,240.1,0.488,1.4642,240.19,237.52,242.59,414.63,414.06,418.89,415.81,0.0,0.046,1.4182,0.0,0.0012,0.3382,0.0575,0,0,0.0575,0.355,0,0.0109,0.344,0.9859,1,1,0.9858,50,508.22,316.77,0,1,2025-10-01 22:53:40,19.0,91.7,,0,0,,1
2025-10-01 22:54:25,385.01,3.8522,239.39,7.4396,22.319,239.12,236.8,242.26,411.95,413.51,418.45,414.7,7.8001,6.9596,7.5593,1.393,1.0611,1.398,3.6784,1.2387,1.2578,1.1819,5.3445,1.8652,1.648,1.8313,0.7232,0.7472,0.6448,0.7636,50,508.23,316.77,1,1,2025-10-01 22:54:25,19.0,91.7,,1,0,,0
2025-10-01 22:55:10,385.06,4.2663,239.19,7.8674,23.6023,239.13,236.43,242.01,411.7,413.04,418.12,414.21,8.2118,7.4181,7.9724,1.5316,1.209,1.5256,3.6751,1.2272,1.2674,1.1804,5.647,1.9637,1.7539,1.9294,0.7576,0.7803,0.6902,0.7908,49.9,508.3,316.82,1,1,2025-10-01 22:55:10,19.0,87.1,,1,0,,0
2025-10-01 22:56:40,385.17,4.335,239.37,7.9272,23.7818,239.44,236.22,242.47,412.5,412.81,418.52,414.64,8.2696,7.4195,8.0927,1.5458,1.2245,1.5647,3.6688,1.2354,1.2506,1.1828,5.6949,1.9801,1.7526,1.9622,0.7633,0.7811,0.6996,0.7977,50,508.45,316.91,1,1,2025-10-01 22:56:40,18.8,79.5,,1,0,,0
2025-10-01 22:57:25,385.23,4.3899,239.48,7.9857,23.9572,239.65,236.11,242.68,412.56,413.1,418.71,414.7,8.3779,7.3717,8.2076,1.5625,1.223,1.6044,3.6717,1.2584,1.2347,1.1786,5.7401,2.0078,1.7405,1.9918,0.767,0.7788,0.7037,0.8059,50,508.52,316.96,1,1,2025-10-01 22:57:25,18.2,77.8,,1,0,,0
2025-10-01 22:58:10,385.28,4.2276,239.99,7.8257,23.4772,241.08,235.43,243.47,413.21,412.66,421.17,415.63,8.2782,7.1932,8.0058,1.5218,1.1467,1.5591,3.7015,1.2895,1.2434,1.1687,5.6384,1.9957,1.6935,1.9492,0.7523,0.7629,0.6779,0.8001,50,508.59,317,1,1,2025-10-01 22:58:10,18.0,76.2,,1,0,,0
2025-10-01 22:58:55,385.33,4.0694,240.22,7.6572,22.9718,240.57,236.37,243.72,414.23,412.77,421.19,415.89,8.0213,7.1653,7.7852,1.4639,1.1246,1.4809,3.7031,1.2552,1.2631,1.1848,5.5208,1.9297,1.6937,1.8974,0.7396,0.7591,0.6649,0.7808,50,508.66,317.05,1,1,2025-10-01 22:58:55,17.4,73.7,,1,0,,0
2025-10-01 22:59:40,385.38,4.0883,239.9,7.6838,23.0516,240.78,235.49,243.44,412.8,412.6,421.18,415.53,8.2235,6.9891,7.839,1.4865,1.0803,1.5215,3.6948,1.306,1.2384,1.1504,5.5342,1.9801,1.6459,1.9083,0.7419,0.7512,0.6573,0.7976,50,508.73,317.1,1,1,2025-10-01 22:59:40,17.3,73.5,,1,0,,0
2025-10-01 23:00:25,385.44,4.0679,240.3,7.6633,22.9899,240.09,237.09,243.72,413.97,413.63,421.01,416.17,7.9576,7.2902,7.7421,1.461,1.152,1.4548,3.7149,1.2293,1.2853,1.2004,5.5259,1.9105,1.7284,1.8869,0.7384,0.7651,0.6674,0.7713,50,508.8,317.14,1,1,2025-10-01 23:00:25,16.7,73.8,,1,0,,0
2025-10-01 23:01:10,385.49,4.0922,240.07,7.7003,23.1009,240.91,235.99,243.31,412.51,413.64,421.3,415.89,8.2972,6.9642,7.8395,1.4976,1.0693,1.5252,3.7111,1.322,1.2451,1.1441,5.5498,1.9989,1.6435,1.9074,0.7407,0.7497,0.6515,0.7999,50,508.87,317.19,1,1,2025-10-01 23:01:10,16.6,74.5,,1,0,,0
2025-10-01 23:02:40,385.59,4.0114,240.43,7.6174,22.8523,241.03,237.11,243.16,414.47,413.86,420.98,416.42,7.9909,7.2066,7.6548,1.4629,1.1108,1.4376,3.728,1.2512,1.2955,1.1813,5.4961,1.926,1.7088,1.8613,0.7325,0.7599,0.6509,0.7726,50,509.01,317.28,1,1,2025-10-01 23:02:40,16.5,71.5,,1,0,,0
2025-10-01 23:03:25,385.63,4.0186,240.16,7.6185,22.855600000000003,241.44,235.98,243.07,413.2,414.05,420.69,416.07,8.114,7.0069,7.7347,1.4686,1.0686,1.4815,3.7092,1.2945,1.2586,1.1561,5.4926,1.959,1.6535,1.8801,0.7348,0.7501,0.6472,0.7883,50,509.07,317.33,1,1,2025-10-01 23:03:25,16.4,70.2,,1,0,,0
2025-10-01 23:04:10,385.68,4.0375,239.87,7.6362,22.9087,241.67,234.79,243.16,412.64,412.63,421.18,415.44,8.2562,6.8462,7.8063,1.4807,1.0332,1.5236,3.6948,1.3356,1.2284,1.1308,5.5009,1.9953,1.6074,1.8982,0.7377,0.7425,0.6436,0.8029,50,509.14,317.37,1,1,2025-10-01 23:04:10,16.4,68.8,,1,0,,0
2025-10-01 23:04:55,385.74,4.0474,240.43,7.6562,22.9687,241.05,236.76,243.5,413.09,414.86,421.41,416.38,8.0944,7.1435,7.7308,1.4747,1.1015,1.4711,3.7301,1.2759,1.2805,1.1736,5.5249,1.9512,1.6913,1.8824,0.7353,0.7562,0.6521,0.7817,50,509.21,317.42,1,1,2025-10-01 23:04:55,15.9,66.8,,1,0,,0
2025-10-01 23:05:40,385.79,3.9983,240.02,7.5917,22.7753,241.14,235.76,243.17,412.99,413.11,421.11,415.83,8.1121,6.9436,7.7196,1.4611,1.0548,1.4824,3.6981,1.2987,1.2489,1.1504,5.4704,1.9562,1.637,1.8772,0.7341,0.7474,0.6452,0.79,50,509.28,317.47,1,1,2025-10-01 23:05:40,15.7,66.7,,1,0,,0
2025-10-01 23:06:25,385.84,4.03,239.9,7.6302,22.890800000000002,241.26,235.29,243.17,413.25,412.16,421.19,415.63,8.2039,6.9465,7.7404,1.4803,1.052,1.4977,3.6984,1.312,1.2479,1.1385,5.4959,1.9793,1.6344,1.8822,0.7367,0.7483,0.6445,0.796,49.9,509.35,317.51,1,1,2025-10-01 23:06:25,15.7,66.2,,1,0,,0
2025-10-01 23:07:10,385.89,4.0198,240.15,7.6267,22.8803,241.66,235.04,243.77,413.41,412.35,422.15,415.89,8.1748,6.9782,7.7273,1.4739,1.0531,1.4929,3.7152,1.3135,1.2544,1.1474,5.4994,1.9755,1.6402,1.8837,0.7343,0.7465,0.6429,0.7928,50,509.42,317.56,1,1,2025-10-01 23:07:10,15.2,65.5,,1,0,,0
2025-10-01 23:07:55,385.94,3.9913,240.18,7.5919,22.7758,241.21,235.65,243.7,413.69,412.26,422.08,416.06,8.0075,7.0861,7.6822,1.4508,1.082,1.4585,3.7145,1.2732,1.2686,1.1727,5.4735,1.9315,1.6698,1.8722,0.732,0.7516,0.6489,0.7793,49.9,509.49,317.61,1,1,2025-10-01 23:07:55,15.1,65.8,,1,0,,0
2025-10-01 23:08:40,385.97,0.3506,241.23,0.4987,1.4963000000000002,243.38,235.89,244.42,415.91,412.75,424.81,418.01,0.0,0.0436,1.4527,0.0,0.0014,0.3492,0.0585,0,0,0.0585,0.3654,0,0.0103,0.3551,0.9863,1,1,0.9862,49.9,509.52,317.63,0,1,2025-10-01 23:08:40,15.0,66.1,,0,0,,1
2025-10-01 23:09:25,385.97,0.3455,241.51,0.4945,1.4837,242.52,237.86,244.15,417.58,413.83,423.46,418.31,0.0,0.044,1.4397,0.0,0.0,0.3455,0.0588,0,0,0.0588,0.362,0,0.0105,0.3515,0.9858,1,1,0.9858,49.9,509.53,317.63,0,1,2025-10-01 23:09:25,15.0,69.6,,0,0,,1
2025-10-01 23:10:10,385.97,0.3456,241.34,0.4938,1.4815,243.37,236.9,243.77,416.33,414.55,423.21,417.93,0.0,0.0448,1.4367,0.0,0.0013,0.3443,0.0586,0,0,0.0586,0.3608,0,0.0106,0.3502,0.9859,1,1,0.9858,49.9,509.53,317.63,0,1,2025-10-01 23:10:10,15.1,73.2,,0,0,,1
2025-10-01 23:10:55,385.98,0.3448,241.21,0.4931,1.4793,242.36,237.16,244.12,415.11,414.89,423.39,417.78,0.0,0.0456,1.4337,0.0,0.001,0.3438,0.0599,0,0,0.0599,0.3608,0,0.0108,0.35,0.9852,1,1,0.9851,50,509.54,317.63,0,1,2025-10-01 23:10:55,15.1,76.4,,0,0,,1
2025-10-01 23:11:40,385.98,0.3454,241.3,0.4927,1.4783,242.74,237.11,244.06,416.44,414.46,422.95,418,0.0,0.0432,1.4351,0.0,0.0012,0.3442,0.0589,0,0,0.0589,0.3605,0,0.0102,0.3503,0.9857,1,1,0.9856,50,509.54,317.63,0,1,2025-10-01 23:11:40,15.6,78.5,,0,0,,1
2025-10-01 23:12:25,385.99,0.3446,241.33,0.4915,1.4747,242.88,236.95,244.17,416.06,414.2,423.73,417.96,0.0,0.0444,1.4303,0.0,0.0016,0.343,0.0601,0,0,0.0601,0.3598,0,0.0105,0.3492,0.9851,1,1,0.985,50,509.54,317.63,0,1,2025-10-01 23:12:25,15.8,80.9,,0,0,,1
2025-10-01 23:13:10,385.99,0.3446,241.24,0.4915,1.4747,242.77,236.98,243.99,415.01,415.41,423.15,417.79,0.0,0.0448,1.4299,0.0,0.0019,0.3427,0.0595,0,0,0.0595,0.3595,0,0.0106,0.3489,0.9854,1,1,0.9852,50,509.55,317.63,0,1,2025-10-01 23:13:10,15.9,83.1,,0,0,,1
2025-10-01 23:13:55,386,0.3448,241.74,0.4917,1.4750999999999999,242.12,238.73,244.39,416.85,415.67,423.59,418.71,0.0,0.0428,1.4323,0.0,0.001,0.3437,0.0602,0,0,0.0602,0.3603,0,0.0102,0.35,0.985,1,1,0.9849,50,509.55,317.64,0,1,2025-10-01 23:13:55,16.4,84.5,,0,0,,1
2025-10-01 23:14:40,386,0.3457,241.6,0.4926,1.4779,242.45,237.87,244.49,415.35,415.91,424.15,418.39,0.0,0.0444,1.4335,0.0,0.0014,0.3443,0.06,0,0,0.06,0.361,0,0.0106,0.3505,0.9852,1,1,0.9851,50,509.56,317.64,0,1,2025-10-01 23:14:40,16.5,85.5,,0,0,,1
2025-10-01 23:15:25,386,0.3434,241.43,0.4897,1.4690999999999999,242.09,237.86,244.35,415.45,416.15,422.94,418.2,0.0,0.0432,1.4259,0.0,0.0013,0.3421,0.0604,0,0,0.0604,0.3587,0,0.0103,0.3484,0.9848,1,1,0.9847,50,509.56,317.64,0,1,2025-10-01 23:15:25,16.6,86.2,,0,0,,1
2025-10-01 23:16:10,386.01,0.3447,241.55,0.491,1.4732,242.75,237.47,244.44,415.62,415.8,423.74,418.29,0.0,0.0444,1.4288,0.0,0.0017,0.343,0.0601,0,0,0.0601,0.3598,0,0.0105,0.3493,0.9851,1,1,0.9849,50,509.57,317.64,0,1,2025-10-01 23:16:10,16.7,87,,0,0,,1
2025-10-01 23:16:55,386.01,0.345,241.43,0.4914,1.4743,242.06,237.75,244.48,414.88,416.8,422.84,418.15,0.0,0.0432,1.4311,0.0,0.0014,0.3435,0.0605,0,0,0.0605,0.3601,0,0.0103,0.3499,0.9849,1,1,0.9848,49.9,509.57,317.64,0,1,2025-10-01 23:16:55,17.2,87.4,,0,0,,1
2025-10-01 23:17:40,386.02,0.3437,241.47,0.4916,1.475,242.01,237.81,244.61,415.75,415.47,423.51,418.26,0.0,0.044,1.431,0.0,0.0,0.3437,0.0606,0,0,0.0606,0.3605,0,0.0105,0.35,0.9848,1,1,0.9848,49.9,509.58,317.64,0,1,2025-10-01 23:17:40,17.3,88,,0,0,,1
2025-10-01 23:18:25,386.02,0.3445,241.54,0.4914,1.4744,242.29,238.07,244.28,416.4,416.3,422.42,418.31,0.0,0.0452,1.4292,0.0,0.0017,0.3428,0.0604,0,0,0.0604,0.3599,0,0.0108,0.3491,0.9849,1,1,0.9848,49.9,509.58,317.64,0,1,2025-10-01 23:18:25,17.4,88.5,,0,0,,1
2025-10-01 23:19:10,386.03,0.3436,241.65,0.4909,1.4728999999999999,242.61,238.2,244.15,415.8,416.78,423.09,418.55,0.0,0.0452,1.4277,0.0,0.0014,0.3423,0.06,0,0,0.06,0.3593,0,0.0108,0.3486,0.985,1,1,0.9849,50,509.59,317.64,0,1,2025-10-01 23:19:10,17.4,89,,0,0,,1
2025-10-01 23:19:55,386.03,0.3417,241.77,0.4889,1.4668,242.12,239.42,243.77,416.97,416.83,422.46,418.68,0.0,0.044,1.4228,0.0,0.0012,0.3406,0.0598,0,0,0.0598,0.3574,0,0.0105,0.3468,0.985,1,1,0.9849,50,509.59,317.64,0,1,2025-10-01 23:19:55,17.5,89.2,,0,0,,1
2025-10-01 23:20:40,386.03,0.3427,241.73,0.4901,1.4703,242.39,239.24,243.57,416.99,416.99,422.1,418.74,0.0,0.044,1.4263,0.0,0.0013,0.3414,0.0589,0,0,0.0589,0.3579,0,0.0105,0.3474,0.9855,1,1,0.9854,49.9,509.59,317.64,0,1,2025-10-01 23:20:40,18.0,89.6,,0,0,,1
2025-10-01 23:21:25,386.04,0.342,241.7,0.4895,1.4687000000000001,242.5,239.17,243.44,416.54,417.69,421.69,418.66,0.0,0.0436,1.4251,0.0,0.0011,0.3409,0.0588,0,0,0.0588,0.3574,0,0.0104,0.3469,0.9855,1,1,0.9854,50,509.6,317.64,0,1,2025-10-01 23:21:25,18.0,89.9,,0,0,,1
2025-10-01 23:22:10,386.04,0.3402,241.85,0.4876,1.4628,242.28,239.93,243.36,417.82,417.43,421.46,418.88,0.0,0.044,1.4188,0.0,0.0011,0.3392,0.0591,0,0,0.0591,0.3558,0,0.0106,0.3453,0.9852,1,1,0.9851,50,509.6,317.64,0,1,2025-10-01 23:22:10,18.1,90.2,,0,0,,1
2025-10-01 23:22:55,386.05,0.3421,241.54,0.4892,1.4676,243.32,237.68,243.63,415.67,417.11,422.32,418.3,0.0,0.0424,1.4252,0.0,0.0011,0.341,0.0595,0,0,0.0595,0.3573,0,0.0101,0.3472,0.9852,1,1,0.9851,49.9,509.61,317.64,0,1,2025-10-01 23:22:55,18.2,90.3,,0,0,,1
2025-10-01 23:23:40,386.05,0.3428,242.23,0.4907,1.4722000000000002,242.06,240.29,244.35,417.76,418.42,422.49,419.57,0.0,0.0436,1.4286,0.0,0.0,0.3428,0.0603,0,0,0.0603,0.3596,0,0.0105,0.3491,0.9848,1,1,0.9848,50,509.61,317.65,0,1,2025-10-01 23:23:40,18.2,90.6,,0,0,,1
2025-10-01 23:24:25,386.06,0.3424,240.9,0.4902,1.4707999999999999,242.16,236.42,244.14,413.04,415.87,422.9,417.3,0.0,0.0432,1.4276,0.0,0.0,0.3424,0.0594,0,0,0.0594,0.3587,0,0.0102,0.3485,0.9852,1,1,0.9852,50,509.62,317.65,0,1,2025-10-01 23:24:25,18.3,90.8,,0,0,,1
2025-10-01 23:25:10,386.06,0.3419,241.29,0.489,1.467,241.23,238.2,244.46,415.68,415.65,422.46,418.02,0.0,0.0424,1.4246,0.0,0.0,0.3419,0.0606,0,0,0.0606,0.3584,0,0.0101,0.3483,0.9846,1,1,0.9846,50,509.62,317.65,0,1,2025-10-01 23:25:10,18.7,90.9,,0,0,,1
2025-10-01 23:25:55,386.06,0.3423,240.91,0.4898,1.4696,241.92,236.29,244.54,413.35,415.45,423.07,417.23,0.0,0.0436,1.426,0.0,0.0,0.3423,0.0607,0,0,0.0607,0.359,0,0.0103,0.3487,0.9846,1,1,0.9846,50,509.63,317.65,0,1,2025-10-01 23:25:55,18.8,91,,0,0,,1
2025-10-01 23:26:40,386.07,0.3418,240.95,0.4892,1.4678,241.63,236.65,244.57,412.56,416.41,423.06,417.31,0.0,0.044,1.4238,0.0,0.0,0.3418,0.0605,0,0,0.0605,0.3586,0,0.0104,0.3482,0.9847,1,1,0.9847,49.9,509.63,317.65,0,1,2025-10-01 23:26:40,18.8,91.2,,0,0,,1
2025-10-01 23:27:25,386.07,0.3432,241.32,0.4889,1.4667,241.96,237.15,244.85,414.72,415.48,423.74,418.05,0.0,0.0432,1.4235,0.0,0.0011,0.3421,0.0609,0,0,0.0609,0.3588,0,0.0102,0.3485,0.9846,1,1,0.9845,50,509.63,317.65,0,1,2025-10-01 23:27:25,18.9,91.4,,0,0,,1
2025-10-01 23:28:10,386.08,0.3415,240.99,0.4893,1.4679,241.84,237.14,244.01,413.83,416.17,422.27,417.39,0.0,0.0432,1.4247,0.0,0.0,0.3415,0.0593,0,0,0.0593,0.3579,0,0.0102,0.3476,0.9852,1,1,0.9852,49.9,509.64,317.65,0,1,2025-10-01 23:28:10,18.9,91.5,,0,0,,1
2025-10-01 23:28:55,386.08,0.3426,241.43,0.4887,1.4662,241.01,239.03,244.26,416.3,416.28,421.92,418.2,0.0,0.0448,1.4214,0.0,0.0016,0.341,0.0596,0,0,0.0596,0.3579,0,0.0107,0.3472,0.9851,1,1,0.985,49.9,509.64,317.65,0,1,2025-10-01 23:28:55,19.0,91.7,,0,0,,1
2025-10-01 23:29:40,386.09,0.3421,241.26,0.4885,1.4656,241.8,237.84,244.14,414.94,416.52,422.17,417.9,0.0,0.0436,1.422,0.0,0.0012,0.3409,0.0594,0,0,0.0594,0.3575,0,0.0104,0.3472,0.9852,1,1,0.9851,49.9,509.65,317.65,0,1,2025-10-01 23:29:40,19.0,91.6,,0,0,,1
2025-10-01 23:30:25,386.09,0.342,241.77,0.4892,1.4677,241.7,239.2,244.41,416.33,417.35,422.59,418.66,0.0,0.0432,1.4245,0.0,0.0,0.342,0.0594,0,0,0.0594,0.3585,0,0.0103,0.3482,0.9852,1,1,0.9852,50,509.65,317.65,0,1,2025-10-01 23:30:25,19.0,91.7,,0,0,,1
2025-10-01 23:31:10,386.13,4.1361,240.88,7.777,23.3312,240.68,238.14,243.83,414.32,416.24,421.11,417.18,8.2789,7.2035,7.8488,1.5098,1.124,1.5023,3.7762,1.2986,1.293,1.1845,5.6218,1.9926,1.7154,1.9138,0.7385,0.7581,0.656,0.7852,50,509.71,317.69,1,1,2025-10-01 23:31:10,19.1,91,,1,0,,0
2025-10-01 23:31:55,386.18,4.2783,240.53,7.9187,23.7563,240.45,237.22,243.94,412.12,416.54,421.21,416.58,8.4798,7.1981,8.0784,1.5518,1.1462,1.5803,3.7513,1.3207,1.259,1.1716,5.7171,2.039,1.7075,1.9706,0.7519,0.761,0.6726,0.8029,49.9,509.78,317.73,1,1,2025-10-01 23:31:55,19.0,82.9,,1,0,,0
2025-10-01 23:32:40,386.23,4.3138,240.61,7.9412,23.8236,239.67,238.3,243.87,413.67,416.53,420.06,416.64,8.2918,7.4927,8.0391,1.5446,1.2282,1.541,3.7521,1.2485,1.2927,1.2108,5.7333,1.9873,1.7855,1.9605,0.7545,0.7777,0.6887,0.7863,49.9,509.85,317.78,1,1,2025-10-01 23:32:40,18.8,79.3,,1,0,,0
2025-10-01 23:33:25,386.28,4.2966,240.04,7.9202,23.760600000000004,239.66,236.98,243.49,413.41,413.64,420.23,415.76,8.3864,7.3478,8.0264,1.5513,1.187,1.5584,3.724,1.2758,1.2707,1.1775,5.7055,2.0099,1.7413,1.9543,0.7556,0.7723,0.6826,0.7978,49.9,509.92,317.82,1,1,2025-10-01 23:33:25,18.2,77.2,,1,0,,0
2025-10-01 23:34:10,386.34,4.3075,240.24,7.9251,23.775399999999998,239.8,237.28,243.64,412.54,415.06,420.72,416.11,8.3767,7.3668,8.0319,1.5515,1.1965,1.5596,3.7216,1.2682,1.2725,1.1808,5.7136,2.0087,1.748,1.9569,0.7566,0.7739,0.6845,0.7972,50,509.99,317.87,1,1,2025-10-01 23:34:10,18.0,76.8,,1,0,,0
2025-10-01 23:34:55,386.39,4.2903,240.3,7.9085,23.7256,240.13,237.23,243.55,413.59,414.21,420.84,416.17,8.3569,7.3512,8.0175,1.5491,1.1874,1.5538,3.7289,1.2737,1.2739,1.1813,5.7033,2.0067,1.7439,1.9527,0.7547,0.7724,0.6818,0.796,50,510.06,317.92,1,1,2025-10-01 23:34:55,17.4,76.3,,1,0,,0
2025-10-01 23:35:40,386.45,4.3108,239.93,7.9315,23.794600000000003,240.69,235.58,243.52,411.82,413.65,421.27,415.58,8.5915,7.1095,8.0936,1.5747,1.1262,1.6099,3.7112,1.3386,1.2369,1.1357,5.7137,2.0679,1.6749,1.971,0.7578,0.7619,0.6732,0.8171,50,510.13,317.97,1,1,2025-10-01 23:35:40,17.2,76.2,,1,0,,0
2025-10-01 23:36:25,386.5,4.2739,240.31,7.8779,23.6338,239.46,237.64,243.83,413.54,414.17,420.94,416.29,8.2286,7.4327,7.9725,1.5306,1.2135,1.5299,3.7176,1.2391,1.2805,1.198,5.6807,1.9704,1.7663,1.9439,0.7545,0.7772,0.6878,0.7873,50,510.2,318.01,1,1,2025-10-01 23:36:25,16.7,74.5,,1,0,,0
2025-10-01 23:37:10,386.55,4.3436,240.06,7.9595,23.8787,240.17,236.37,243.64,412.05,414.19,421.16,415.8,8.5963,7.1831,8.0993,1.5842,1.151,1.6085,3.71,1.3225,1.2456,1.1419,5.7358,2.0646,1.6979,1.9733,0.7603,0.7676,0.6786,0.8153,50,510.27,318.06,1,1,2025-10-01 23:37:10,16.6,73.5,,1,0,,0
2025-10-01 23:37:55,386.61,4.3469,240.59,7.9666,23.9,239.84,238.15,243.78,413.24,415.84,421.05,416.68,8.3733,7.508,8.0187,1.5693,1.2285,1.5491,3.738,1.2511,1.2961,1.1909,5.7511,2.0083,1.788,1.9548,0.7582,0.7819,0.6879,0.7927,50,510.35,318.11,1,1,2025-10-01 23:37:55,16.5,71.7,,1,0,,0
2025-10-01 23:38:40,386.66,4.3109,241.23,7.9538,23.861600000000003,241.84,238.15,243.72,415,416.67,421.84,416.44,8.5006,7.3463,8.0147,1.5809,1.1672,1.5628,3.7825,1.3121,1.3001,1.1703,5.7586,2.0558,1.7495,1.9533,0.7516,0.7694,0.668,0.8004,49.9,510.42,318.15,1,1,2025-10-01 23:38:40,16.4,70.5,,1,0,,0
2025-10-01 23:39:25,386.72,4.0948,241.27,7.7175,23.1525,241.41,238.64,243.76,415.59,417.18,420.9,417.76,8.0731,7.2913,7.7881,1.4847,1.1437,1.4664,3.7725,1.2605,1.3079,1.2042,5.5874,1.9489,1.74,1.8984,0.7354,0.7623,0.6582,0.7728,49.9,510.49,318.2,1,1,2025-10-01 23:39:25,15.9,71,,1,0,,0
2025-10-01 23:40:10,386.77,4.0451,241.81,7.6762,23.0286,241.75,239.52,244.18,417.78,417.21,421.5,418.84,8.0314,7.2163,7.7809,1.4636,1.1231,1.4583,3.8005,1.2736,1.3105,1.2164,5.57,1.9416,1.7284,1.8999,0.7287,0.7543,0.6507,0.7679,50,510.56,318.25,1,1,2025-10-01 23:40:10,15.9,70.1,,1,0,,0
2025-10-01 23:40:55,386.82,4.0511,241.51,7.6844,23.0534,242.15,238.46,243.93,415.87,417.45,421.63,417.95,8.2156,7.0207,7.8171,1.4826,1.0721,1.4964,3.7878,1.3244,1.2828,1.1806,5.5704,1.9894,1.6742,1.9068,0.7304,0.7457,0.6412,0.785,50,510.63,318.29,1,1,2025-10-01 23:40:55,15.8,69.1,,1,0,,0
2025-10-01 23:41:40,386.87,4.0626,241.76,7.6917,23.0753,241.29,239.93,244.08,417.8,417.14,421.29,418.73,7.9971,7.2895,7.7887,1.4644,1.1462,1.452,3.7985,1.2547,1.3178,1.226,5.5797,1.9296,1.749,1.9011,0.7304,0.7593,0.6562,0.764,50,510.7,318.34,1,1,2025-10-01 23:41:40,15.8,67.9,,1,0,,0
2025-10-01 23:42:25,386.92,4.0082,241.16,7.6409,22.9228,242.6,236.89,244,415.05,415.61,422.47,417.69,8.3285,6.8102,7.7841,1.4834,1.0093,1.5155,3.7687,1.3697,1.2555,1.1435,5.5331,2.0205,1.6133,1.8993,0.7285,0.7347,0.6265,0.7982,50,510.77,318.39,1,1,2025-10-01 23:42:25,15.7,65.3,,1,0,,0
2025-10-01 23:43:10,386.97,4.0337,241.41,7.6639,22.9919,241.47,238.56,244.2,415.45,417.04,421.91,418.15,8.0932,7.1067,7.792,1.4625,1.0961,1.4751,3.7854,1.2942,1.2903,1.2008,5.5524,1.9543,1.6954,1.9028,0.7291,0.7488,0.6473,0.7755,50,510.84,318.44,1,1,2025-10-01 23:43:10,15.2,66.2,,1,0,,0
2025-10-01 23:43:55,387.02,4.0106,241.41,7.6475,22.9425,242.16,237.96,244.11,415.83,416.75,421.83,418.21,8.2106,6.9815,7.7504,1.4751,1.0509,1.4846,3.7855,1.3309,1.2834,1.1712,5.5415,1.9883,1.6613,1.892,0.7272,0.7424,0.6335,0.785,49.9,510.91,318.48,1,1,2025-10-01 23:43:55,15.1,66.2,,1,0,,0
2025-10-01 23:44:40,387.07,4.0245,241.32,7.6495,22.9486,241.73,237.8,244.43,414.12,417.52,422.3,417.98,8.1621,6.9956,7.7909,1.4656,1.0669,1.4921,3.7756,1.3195,1.2737,1.1824,5.5409,1.973,1.6636,1.9043,0.7293,0.7431,0.6421,0.7837,50,510.98,318.53,1,1,2025-10-01 23:44:40,15.1,65.2,,1,0,,0
2025-10-01 23:45:25,387.09,0.3489,242.34,0.4961,1.4885,242.29,239.9,244.83,417.65,418.38,423.2,419.72,0.0,0.044,1.4445,0.0,0.0013,0.3475,0.0597,0,0,0.0597,0.3642,0,0.0106,0.3537,0.9856,1,1,0.9855,49.9,511,318.54,0,1,2025-10-01 23:45:25,15.0,64.4,,0,0,,1
2025-10-01 23:46:10,387.09,0.3471,241.98,0.4951,1.4853,242.41,239,244.54,416.38,418.26,422.75,419.1,0.0,0.0444,1.4409,0.0,0.0014,0.3457,0.0603,0,0,0.0603,0.363,0,0.0106,0.3524,0.9852,1,1,0.9854,49.9,511,318.54,0,1,2025-10-01 23:46:10,15.0,68.3,,0,0,,1
2025-10-01 23:46:55,387.09,0.345,242.31,0.4927,1.4782,242.71,239.59,244.64,418.95,417,423.12,419.69,0.0,0.0424,1.4358,0.0,0.0,0.345,0.0602,0,0,0.0602,0.3614,0,0.0102,0.3513,0.9851,1,1,0.9851,49.9,511.01,318.54,0,1,2025-10-01 23:46:55,15.0,72.5,,0,0,,1
2025-10-01 23:47:40,387.1,0.3466,242.36,0.4942,1.4826,242.5,240.25,244.33,418.62,418.46,422.25,419.79,0.0,0.0444,1.4382,0.0,0.0014,0.3452,0.06,0,0,0.06,0.3621,0,0.0107,0.3514,0.9853,1,1,0.9852,49.9,511.01,318.55,0,1,2025-10-01 23:47:40,15.1,75.8,,0,0,,1
2025-10-01 23:48:25,387.1,0.3461,242.2,0.4924,1.4774,242.64,239.14,244.82,417.51,418.26,422.74,419.49,0.0,0.0436,1.4338,0.0,0.0015,0.3446,0.0607,0,0,0.0607,0.3614,0,0.0104,0.351,0.9849,1,1,0.9848,49.9,511.01,318.55,0,1,2025-10-01 23:48:25,15.6,78.2,,0,0,,1
2025-10-01 23:49:10,387.11,0.346,242.5,0.4916,1.4748999999999999,242.66,239.78,245.06,417.51,419.23,423.33,419.83,0.0,0.0432,1.4317,0.0,0.0017,0.3443,0.0612,0,0,0.0612,0.3612,0,0.0104,0.3509,0.9846,1,1,0.9845,49.9,511.02,318.55,0,1,2025-10-01 23:49:10,15.7,80.4,,0,0,,1
2025-10-01 23:49:55,387.11,0.3446,242.55,0.4907,1.4721,242.1,240.81,244.74,418.06,419.6,422.65,420.09,0.0,0.0432,1.4289,0.0,0.0014,0.3432,0.0614,0,0,0.0614,0.3601,0,0.0104,0.3497,0.9844,1,1,0.9843,49.9,511.02,318.55,0,1,2025-10-01 23:49:55,15.8,81.7,,0,0,,1
2025-10-01 23:50:40,387.12,0.346,242.42,0.4919,1.4759,243.09,239.13,245.04,417.5,418.5,423.65,419.91,0.0,0.0428,1.4331,0.0,0.0014,0.3446,0.0627,0,0.0011,0.0615,0.3614,0,0.0102,0.3512,0.9839,1,1,0.9844,49.9,511.03,318.55,0,1,2025-10-01 23:50:40,15.9,83,,0,0,,1
2025-10-01 23:51:25,387.12,0.3454,242.76,0.4918,1.4755,242.72,240.63,244.94,418.51,419.86,423.06,420.48,0.0,0.0436,1.4319,0.0,0.0011,0.3443,0.0609,0,0,0.0609,0.3612,0,0.0105,0.3507,0.9848,1,1,0.9847,50,511.03,318.55,0,1,2025-10-01 23:51:25,16.4,84.1,,0,0,,1
2025-10-01 23:52:10,387.12,0.3447,242.54,0.491,1.4729999999999999,242.49,240.48,244.67,418.9,418.89,422.51,419.96,0.0,0.0432,1.4298,0.0,0.0014,0.3433,0.06,0,0,0.06,0.3602,0,0.0104,0.3498,0.9851,1,1,0.985,50,511.04,318.55,0,1,2025-10-01 23:52:10,16.5,84.9,,0,0,,1
2025-10-01 23:52:55,387.13,0.3447,242.39,0.4909,1.4729,241.66,241.13,244.4,418.56,420.04,420.92,419.82,0.0,0.0444,1.4285,0.0,0.0017,0.3431,0.0603,0,0,0.0603,0.3598,0,0.0107,0.3491,0.985,1,1,0.9848,50,511.04,318.55,0,1,2025-10-01 23:52:55,16.6,85.8,,0,0,,1
2025-10-01 23:53:40,387.13,0.3449,242.64,0.4911,1.4735,242.36,241.27,244.31,419.08,420.5,421.23,420.33,0.0,0.0448,1.4287,0.0,0.0017,0.3433,0.0598,0,0,0.0598,0.3599,0,0.0108,0.349,0.9853,1,1,0.985,50,511.05,318.55,0,1,2025-10-01 23:53:40,16.7,86.4,,0,0,,1
2025-10-01 23:54:25,387.14,0.3456,242.62,0.4914,1.4742,242.86,240.19,244.83,418.52,420.26,421.93,420.37,0.0,0.0444,1.4298,0.0,0.0013,0.3443,0.0602,0,0,0.0602,0.3607,0,0.0107,0.3501,0.9851,1,1,0.9849,50,511.05,318.55,0,1,2025-10-01 23:54:25,17.2,87.1,,0,0,,1
2025-10-01 23:55:10,387.14,0.3461,242.49,0.492,1.476,243.13,239.22,245.14,417.97,418.15,423.92,419.97,0.0,0.044,1.432,0.0,0.0015,0.3446,0.0608,0,0,0.0608,0.3616,0,0.0105,0.351,0.9848,1,1,0.9847,50,511.06,318.55,0,1,2025-10-01 23:55:10,17.2,87.5,,0,0,,1
2025-10-01 23:55:55,387.15,0.3445,242.41,0.49,1.4701,243.24,238.91,245.09,417.65,418.42,423.55,419.95,0.0,0.0432,1.4269,0.0,0.0012,0.3433,0.0607,0,0,0.0607,0.36,0,0.0103,0.3497,0.9848,1,1,0.9847,50,511.06,318.55,0,1,2025-10-01 23:55:55,17.3,87.9,,0,0,,1
2025-10-01 23:56:40,387.15,0.3447,242.29,0.4911,1.4734,243,239.06,244.81,416.49,418.79,423.7,419.64,0.0,0.0436,1.4298,0.0,0.0011,0.3436,0.0606,0,0,0.0606,0.3605,0,0.0104,0.35,0.9848,1,1,0.9847,50,511.06,318.55,0,1,2025-10-01 23:56:40,17.4,88.3,,0,0,,1
2025-10-01 23:57:25,387.15,0.3443,242.68,0.4905,1.4715,242.66,240.8,244.59,419.26,419.98,421.77,420.42,0.0,0.044,1.4275,0.0,0.0014,0.3429,0.06,0,0,0.06,0.3597,0,0.0106,0.3492,0.9851,1,1,0.985,50,511.07,318.56,0,1,2025-10-01 23:57:25,17.4,88.5,,0,0,,1
2025-10-01 23:58:10,387.16,0.3452,242.56,0.4912,1.4737,242.88,240.06,244.74,417.76,420.28,422.33,420.16,0.0,0.0432,1.4305,0.0,0.0014,0.3438,0.0601,0,0,0.0601,0.3605,0,0.0104,0.3501,0.9851,1,1,0.985,50,511.07,318.56,0,1,2025-10-01 23:58:10,17.5,88.9,,0,0,,1
2025-10-01 23:58:55,387.16,0.3438,242.93,0.491,1.4731,242.52,241.22,245.05,419.71,420.59,421.98,420.73,0.0,0.0444,1.4287,0.0,0.0,0.3438,0.0602,0,0,0.0602,0.3608,0,0.0107,0.3501,0.9849,1,1,0.9849,50,511.08,318.56,0,1,2025-10-01 23:58:55,18.0,89.3,,0,0,,1
2025-10-01 23:59:40,387.17,0.3449,242.73,0.4904,1.4713,243.17,239.97,245.07,418.69,420.01,422.59,420.52,0.0,0.044,1.4273,0.0,0.0015,0.3435,0.0603,0,0,0.0603,0.3603,0,0.0106,0.3498,0.985,1,1,0.9849,50,511.08,318.56,0,1,2025-10-01 23:59:40,18.0,89.6,,0,0,,1
2025-10-02 00:00:25,387.17,0.3451,242.75,0.4907,1.4723000000000002,242.04,241.45,244.76,419.44,420.47,421.44,420.6,0.0,0.0436,1.4287,0.0,0.0017,0.3434,0.0602,0,0,0.0602,0.3602,0,0.0105,0.3497,0.9851,1,1,0.9849,50,511.09,318.56,0,1,2025-10-02 00:00:25,18.1,89.8,,0,0,,1
2025-10-02 00:01:10,387.18,0.344,242.6,0.4897,1.4692999999999998,242.59,240.53,244.7,418.76,420.38,421.47,420.14,0.0,0.0432,1.4261,0.0,0.0014,0.3426,0.0603,0,0,0.0603,0.3594,0,0.0104,0.349,0.9849,1,1,0.9848,50,511.09,318.56,0,1,2025-10-02 00:01:10,18.1,89.9,,0,0,,1
2025-10-02 00:01:55,387.18,0.3429,243.06,0.4891,1.4674,243.56,240.31,245.31,419.47,419.66,423.84,420.81,0.0,0.0424,1.425,0.0,0.0,0.3429,0.0617,0,0,0.0617,0.3598,0,0.0102,0.3496,0.9841,1,1,0.9841,49.9,511.1,318.56,0,1,2025-10-02 00:01:55,18.2,90.2,,0,0,,1
2025-10-02 00:02:40,387.19,0.3429,242.9,0.4901,1.4703,242.46,241.25,245.01,420.23,419.78,422.14,420.75,0.0,0.044,1.4263,0.0,0.0,0.3429,0.0616,0,0,0.0616,0.3601,0,0.0106,0.3495,0.9842,1,1,0.9842,49.9,511.1,318.56,0,1,2025-10-02 00:02:40,18.2,90.3,,0,0,,1
2025-10-02 00:03:25,387.19,0.3422,242.4,0.4895,1.4685000000000001,242.41,240.06,244.75,417.23,420.17,422.17,419.87,0.0,0.0436,1.4249,0.0,0.0,0.3422,0.0614,0,0,0.0614,0.3592,0,0.0105,0.3487,0.9842,1,1,0.9842,49.8,511.11,318.56,0,1,2025-10-02 00:03:25,18.3,90.4,,0,0,,1
2025-10-02 00:04:10,387.19,0.343,242.62,0.4892,1.4676,241.97,241.17,244.73,419.37,420.36,420.96,420.22,0.0,0.044,1.4236,0.0,0.0012,0.3418,0.0625,0,0.0011,0.0614,0.359,0,0.0106,0.3484,0.9837,1,1,0.9842,49.9,511.11,318.56,0,1,2025-10-02 00:04:10,18.7,90.6,,0,0,,1
2025-10-02 00:04:55,387.2,0.3391,241.09,0.4869,1.4608,241,238.2,244.07,415.33,416.89,420.52,417.71,0.0,0.0444,1.4164,0.0,0.0,0.3391,0.0614,0,0,0.0614,0.3563,0,0.0106,0.3457,0.9839,1,1,0.9839,49.8,511.11,318.56,0,1,2025-10-02 00:04:55,18.8,90.7,,0,0,,1
2025-10-02 00:05:40,387.2,0.3404,241.13,0.4873,1.462,239.8,239.55,244.06,414.86,418.89,419.23,417.63,0.0,0.0444,1.4176,0.0,0.0011,0.3393,0.0622,0,0,0.0622,0.3566,0,0.0106,0.346,0.9837,1,1,0.9836,49.7,511.12,318.56,0,1,2025-10-02 00:05:40,18.8,90.8,,0,0,,1
2025-10-02 00:06:25,387.21,0.34,241.41,0.4867,1.4601,239.75,240.26,244.23,415.64,419.44,419.33,418.13,0.0,0.0444,1.4157,0.0,0.0011,0.339,0.0624,0,0,0.0624,0.3564,0,0.0107,0.3458,0.9835,1,1,0.9834,49.7,511.12,318.56,0,1,2025-10-02 00:06:25,18.9,90.9,,0,0,,1
2025-10-02 00:07:10,387.21,0.3388,241.36,0.4868,1.4604,240.47,239.58,244.03,414.2,420.42,419.51,418.02,0.0,0.0448,1.4156,0.0,0.0,0.3388,0.0618,0,0,0.0618,0.3562,0,0.0107,0.3454,0.9837,1,1,0.9837,49.7,511.13,318.57,0,1,2025-10-02 00:07:10,18.9,90.9,,0,0,,1
2025-10-02 00:07:55,387.21,0.3397,241.73,0.4874,1.4624,240.03,241,244.18,416.53,420.28,419.29,418.7,0.0,0.0444,1.418,0.0,0.0,0.3397,0.0614,0,0,0.0614,0.3569,0,0.0107,0.3462,0.984,1,1,0.984,49.8,511.13,318.57,0,1,2025-10-02 00:07:55,19.0,90.9,,0,0,,1
2025-10-02 00:08:40,387.22,0.3418,241.73,0.4884,1.4651999999999998,241.81,239.31,244.09,416.64,418.44,421.02,418.71,0.0,0.0432,1.422,0.0,0.0011,0.3407,0.0608,0,0,0.0608,0.3574,0,0.0103,0.3471,0.9845,1,1,0.9844,49.8,511.14,318.57,0,1,2025-10-02 00:08:40,19.0,91.1,,0,0,,1
2025-10-02 00:09:25,387.26,4.1311,240.81,7.7973,23.3919,240.48,238.62,243.35,415.24,416.6,419.47,417.02,8.25,7.1587,7.9832,1.489,1.1251,1.517,3.8036,1.3092,1.2821,1.2123,5.6349,1.984,1.7082,1.9427,0.7356,0.7509,0.6596,0.7811,49.8,511.2,318.61,1,1,2025-10-02 00:09:25,19.0,87.4,,1,0,,0
2025-10-02 00:10:10,387.31,4.2837,241.29,7.9376,23.813,240.03,240.3,243.55,416.19,418.49,419.1,417.9,8.2374,7.439,8.1366,1.5203,1.2237,1.5397,3.8082,1.2621,1.2997,1.2464,5.7465,1.9772,1.7876,1.9817,0.7473,0.7694,0.6854,0.7772,49.9,511.27,318.65,1,1,2025-10-02 00:10:10,18.9,81.1,,1,0,,0
2025-10-02 00:10:55,387.37,4.3255,241.1,7.9785,23.9356,240.45,239.3,243.56,415.09,418.93,418.78,417.57,8.3863,7.3158,8.2335,1.5399,1.1983,1.5873,3.7972,1.3,1.2729,1.2243,5.7725,2.0165,1.7507,2.0054,0.7515,0.7641,0.6854,0.7918,49.9,511.34,318.7,1,1,2025-10-02 00:10:55,18.3,79.7,,1,0,,0
2025-10-02 00:11:40,387.42,4.2379,241.65,7.8883,23.6649,237.51,242.53,244.91,413.84,424.1,417.72,418.51,8.075,7.4271,8.1628,1.4674,1.2485,1.522,3.8223,1.2328,1.2944,1.2951,5.7183,1.9179,1.8013,1.9992,0.7425,0.7656,0.6942,0.7616,49.9,511.41,318.75,1,1,2025-10-02 00:11:40,18.1,77.8,,1,0,,0
2025-10-02 00:12:25,387.48,4.2186,241.38,7.8636,23.591,237.81,241.19,245.15,413.18,422.82,418.28,418.18,8.1805,7.1685,8.242,1.4606,1.1913,1.5667,3.8058,1.2825,1.2489,1.2743,5.6949,1.9454,1.729,2.0205,0.7425,0.7514,0.6902,0.7757,49.9,511.48,318.8,1,1,2025-10-02 00:12:25,17.5,76.1,,1,0,,0
2025-10-02 00:13:10,387.53,4.1936,240.92,7.8104,23.4312,236.72,241.43,244.63,412.33,422.55,417.04,417.25,8.022,7.2789,8.1303,1.4467,1.2217,1.5252,3.7636,1.2285,1.2594,1.2757,5.6452,1.899,1.7573,1.9889,0.7442,0.7622,0.6962,0.767,49.9,511.55,318.85,1,1,2025-10-02 00:13:10,17.3,74.8,,1,0,,0
2025-10-02 00:13:55,387.58,4.2328,241.07,7.8501,23.5505,236.45,241.84,244.93,412.9,422.56,417.22,417.64,8.0401,7.3567,8.1537,1.4574,1.2456,1.5298,3.7676,1.2188,1.2665,1.2824,5.6773,1.9011,1.7791,1.9971,0.7469,0.7671,0.7012,0.7663,49.9,511.63,318.89,1,1,2025-10-02 00:13:55,16.7,73.3,,1,0,,0
2025-10-02 00:14:40,387.63,4.1042,241.23,7.7267,23.1802,236.89,241.33,245.49,412.21,422.52,418.8,417.82,7.8919,7.2822,8.0061,1.4149,1.2059,1.4834,3.7814,1.2195,1.2741,1.2878,5.5923,1.8695,1.7574,1.9654,0.7354,0.7574,0.6874,0.7551,49.9,511.7,318.94,1,1,2025-10-02 00:14:40,16.5,72.1,,1,0,,0
2025-10-02 00:15:25,387.69,4.1456,241.31,7.7661,23.298299999999998,237.17,241.45,245.32,413.52,421.35,419.04,417.9,7.8523,7.422,8.024,1.4249,1.241,1.4798,3.783,1.1971,1.2889,1.297,5.6228,1.8623,1.792,1.9684,0.7386,0.7656,0.6935,0.752,49.9,511.77,318.99,1,1,2025-10-02 00:15:25,16.4,71.8,,1,0,,0
2025-10-02 00:16:10,387.74,4.2024,241.12,7.8292,23.4877,237.67,240.89,244.82,413.04,420.95,418.95,417.73,8.0334,7.3399,8.1144,1.4561,1.2228,1.5235,3.78,1.2331,1.273,1.2739,5.664,1.9093,1.7681,1.9866,0.7434,0.7631,0.6927,0.7671,49.9,511.84,319.04,1,1,2025-10-02 00:16:10,15.9,71,,1,0,,0
2025-10-02 00:16:55,387.79,4.1929,241.67,7.82,23.4601,237.93,241.98,245.1,414.51,422.38,418.88,418.65,7.9576,7.4577,8.0448,1.4552,1.2458,1.4919,3.7982,1.209,1.3016,1.2877,5.6697,1.8934,1.8046,1.9718,0.7411,0.7691,0.6914,0.757,49.9,511.91,319.08,1,1,2025-10-02 00:16:55,15.8,71.2,,1,0,,0
2025-10-02 00:17:40,387.84,4.2053,241.63,7.8304,23.4912,237.79,242.27,244.85,414.25,422.77,418.57,418.51,8.0071,7.4418,8.0423,1.4661,1.2431,1.4961,3.7937,1.2127,1.3021,1.2789,5.6761,1.904,1.8029,1.9692,0.7425,0.7705,0.6905,0.7601,49.9,511.98,319.13,1,1,2025-10-02 00:17:40,15.8,70.2,,1,0,,0
2025-10-02 00:18:25,387.89,4.2505,241.82,7.874,23.6222,237.98,242.39,245.09,414.7,423.27,418.58,418.94,8.0824,7.4053,8.1345,1.4774,1.2451,1.5279,3.7985,1.2296,1.2893,1.2796,5.7121,1.9234,1.795,1.9937,0.7456,0.7686,0.6946,0.7666,50,512.05,319.18,1,1,2025-10-02 00:18:25,15.7,68.7,,1,0,,0
2025-10-02 00:19:10,387.95,4.2701,241.75,7.9048,23.7145,237.7,242.39,245.18,414.46,423.04,418.72,418.71,8.0735,7.4534,8.1876,1.4753,1.2607,1.5341,3.8092,1.2255,1.2902,1.2935,5.7331,1.9191,1.8066,2.0074,0.7462,0.7692,0.6989,0.7645,49.9,512.12,319.22,1,1,2025-10-02 00:19:10,15.7,68.8,,1,0,,0
2025-10-02 00:19:55,388,4.2305,241.7,7.8678,23.6036,238.12,241.95,245.03,414.5,422.32,419.1,418.6,8.1254,7.3833,8.0949,1.4812,1.2265,1.5227,3.8071,1.2426,1.2949,1.2696,5.7047,1.9348,1.7864,1.9835,0.7433,0.7661,0.6876,0.768,49.9,512.19,319.27,1,1,2025-10-02 00:19:55,15.6,69.4,,1,0,,0
2025-10-02 00:20:40,388.06,4.2017,242.28,7.8364,23.5094,237.73,243.67,245.44,415.01,425.04,418.88,419.71,7.9431,7.51,8.0563,1.4548,1.2641,1.4828,3.8279,1.2017,1.3192,1.3069,5.6956,1.8883,1.83,1.9773,0.7392,0.7709,0.6918,0.7501,50,512.27,319.32,1,1,2025-10-02 00:20:40,15.6,68.3,,1,0,,0
2025-10-02 00:21:25,388.11,4.1751,243.06,7.8332,23.4996,239.01,243.89,246.28,417.03,425.12,420.84,421.08,7.9625,7.5139,8.0232,1.4543,1.2459,1.4749,3.8786,1.2252,1.3399,1.3136,5.7116,1.9031,1.8326,1.976,0.7326,0.7647,0.6809,0.7467,50,512.34,319.37,1,1,2025-10-02 00:21:25,15.2,66.8,,1,0,,0
2025-10-02 00:22:10,388.16,4.0467,242.96,7.7086,23.126,238.9,243.85,246.13,416.54,425.2,420.73,420.93,7.8181,7.4026,7.9053,1.4102,1.2058,1.4307,3.8797,1.2226,1.3396,1.3175,5.6186,1.8677,1.8051,1.9457,0.7218,0.7555,0.6689,0.7356,49.9,512.41,319.42,1,1,2025-10-02 00:22:10,15.1,66,,1,0,,0
2025-10-02 00:22:55,388.2,0.355,243.78,0.5002,1.5006,239.59,244.6,247.16,417.84,426.74,422.17,422.33,0.0,0.0444,1.4562,0.0,0.0016,0.3535,0.0617,0,0,0.0617,0.3708,0,0.0109,0.3599,0.9852,1,1,0.985,49.9,512.47,319.46,0,1,2025-10-02 00:22:55,15.1,65.7,,0,0,,1
2025-10-02 00:23:40,388.2,0.3509,243.82,0.4966,1.4899,240.14,244.15,247.17,417.84,426.66,422.44,422.33,0.0,0.0428,1.4471,0.0,0.0,0.3509,0.063,0,0,0.063,0.3681,0,0.0104,0.3577,0.9842,1,1,0.9842,49.9,512.47,319.46,0,1,2025-10-02 00:23:40,15.0,66.3,,0,0,,1
2025-10-02 00:24:25,388.21,0.3521,244.01,0.4963,1.4891,239.84,244.83,247.36,418.32,427.3,422.32,422.65,0.0,0.0436,1.4455,0.0,0.0014,0.3506,0.0636,0,0,0.0636,0.3682,0,0.0107,0.3576,0.984,1,1,0.9839,49.9,512.47,319.46,0,1,2025-10-02 00:24:25,15.0,71,,0,0,,1
2025-10-02 00:25:10,388.21,0.3526,243.97,0.4969,1.4908000000000001,240.5,243.85,247.57,417.67,426.69,423.37,422.7,0.0,0.0436,1.4472,0.0,0.0012,0.3514,0.0637,0,0,0.0637,0.3689,0,0.0106,0.3583,0.984,1,1,0.9839,50,512.48,319.46,0,1,2025-10-02 00:25:10,15.1,74.3,,0,0,,1
2025-10-02 00:25:55,388.22,0.3507,243.97,0.4947,1.4842,240.68,244.05,247.19,418.18,426.08,423.47,422.72,0.0,0.0428,1.4414,0.0,0.0012,0.3495,0.0632,0,0,0.0632,0.3667,0,0.0104,0.3563,0.9841,1,1,0.984,49.9,512.48,319.46,0,1,2025-10-02 00:25:55,15.2,77.2,,0,0,,1
2025-10-02 00:26:40,388.22,0.3491,244.73,0.4939,1.4818,244.86,243.4,245.93,424.24,422.06,425.32,423.87,0.0,0.0428,1.439,0.0,0.0016,0.3474,0.0613,0,0,0.0613,0.3643,0,0.0104,0.3539,0.9849,1,1,0.9847,50,512.49,319.46,0,1,2025-10-02 00:26:40,15.7,79.5,,0,0,,1
2025-10-02 00:27:25,388.23,0.347,244.05,0.4923,1.4769,243.92,242.24,246.01,421.91,422.09,424.15,424.04,0.0,0.044,1.4329,0.0,0.0011,0.3459,0.062,0,0,0.062,0.3632,0,0.0107,0.3525,0.9844,1,1,0.9843,50,512.49,319.46,0,1,2025-10-02 00:27:25,15.8,81.1,,0,0,,1
2025-10-02 00:28:10,388.23,0.3467,244.35,0.4928,1.4784,243.86,243.1,246.11,422.63,422.85,424.21,423.21,0.0,0.0428,1.4356,0.0,0.0,0.3467,0.062,0,0,0.062,0.3637,0,0.0104,0.3533,0.9843,1,1,0.9843,50,512.5,319.46,0,1,2025-10-02 00:28:10,15.9,82.3,,0,0,,1
2025-10-02 00:28:55,388.23,0.3488,244.18,0.4939,1.4817,244.42,241.69,246.44,420.96,422.47,425.38,422.92,0.0,0.044,1.4377,0.0,0.0012,0.3476,0.0625,0,0,0.0625,0.3649,0,0.0106,0.3543,0.9843,1,1,0.9842,50,512.5,319.46,0,1,2025-10-02 00:28:55,16.4,84,,0,0,,1
2025-10-02 00:29:40,388.24,0.348,244.36,0.493,1.4791,243.71,243.07,246.31,422.47,422.29,424.96,423.25,0.0,0.0436,1.4355,0.0,0.0011,0.3469,0.0624,0,0,0.0624,0.3642,0,0.0106,0.3536,0.9842,1,1,0.9841,50,512.51,319.46,0,1,2025-10-02 00:29:40,16.5,85.1,,0,0,,1
2025-10-02 00:30:25,388.24,0.347,243.97,0.4929,1.4789,243.58,242.02,246.32,420.85,422.5,424.37,422.6,0.0,0.0424,1.4365,0.0,0.0,0.347,0.063,0,0,0.063,0.3641,0,0.0103,0.3538,0.9839,1,1,0.9839,49.9,512.51,319.46,0,1,2025-10-02 00:30:25,16.6,85.7,,0,0,,1
2025-10-02 00:31:10,388.25,0.3482,243.84,0.493,1.4791,243.63,241.47,246.44,420.78,420.63,425.64,422.41,0.0,0.044,1.4351,0.0,0.0014,0.3468,0.0632,0,0,0.0632,0.3643,0,0.0106,0.3537,0.9839,1,1,0.9837,49.9,512.52,319.46,0,1,2025-10-02 00:31:10,16.7,86.1,,0,0,,1
2025-10-02 00:31:55,388.25,0.3476,243.7,0.4924,1.4773,243.63,241.01,246.46,419.53,421.69,425.08,422.03,0.0,0.0436,1.4337,0.0,0.0011,0.3465,0.0632,0,0,0.0632,0.3639,0,0.0105,0.3533,0.9838,1,1,0.9837,49.9,512.52,319.47,0,1,2025-10-02 00:31:55,17.2,86.8,,0,0,,1
2025-10-02 00:32:40,388.26,0.3484,243.94,0.4927,1.4781000000000002,243.9,241.38,246.55,420.99,421.26,425.3,422.66,0.0,0.0436,1.4345,0.0,0.0017,0.3468,0.0633,0,0,0.0633,0.3642,0,0.0105,0.3537,0.9838,1,1,0.9837,50,512.52,319.47,0,1,2025-10-02 00:32:40,17.2,87.3,,0,0,,1
2025-10-02 00:33:25,388.26,0.3486,244.01,0.4933,1.4799,243.82,241.58,246.64,421.04,421.45,425.43,422.63,0.0,0.0448,1.4351,0.0,0.0014,0.3471,0.0627,0,0,0.0627,0.3648,0,0.0108,0.354,0.9841,1,1,0.984,50,512.53,319.47,0,1,2025-10-02 00:33:25,17.3,87.6,,0,0,,1
2025-10-02 00:34:10,388.27,0.3488,244.23,0.4928,1.4784000000000002,243.93,242.12,246.65,421.51,421.86,425.69,422.97,0.0,0.0436,1.4348,0.0,0.0016,0.3472,0.0625,0,0,0.0625,0.3644,0,0.0106,0.3539,0.9843,1,1,0.9841,50,512.53,319.47,0,1,2025-10-02 00:34:10,17.4,88.1,,0,0,,1
2025-10-02 00:34:55,388.27,0.3497,244.43,0.493,1.4789999999999999,244.68,241.29,247.34,421.23,421.71,427.18,423.29,0.0,0.0428,1.4362,0.0,0.0013,0.3483,0.0633,0,0,0.0633,0.3656,0,0.0103,0.3552,0.984,1,1,0.9839,50,512.54,319.47,0,1,2025-10-02 00:34:55,17.4,88.5,,0,0,,1
2025-10-02 00:35:40,388.27,0.3495,244.31,0.493,1.4789999999999999,244.27,241.67,247.01,421.02,422.4,426.08,423.21,0.0,0.0432,1.4358,0.0,0.0016,0.3479,0.0628,0,0,0.0628,0.3651,0,0.0104,0.3547,0.9842,1,1,0.9841,50,512.54,319.47,0,1,2025-10-02 00:35:40,17.5,88.8,,0,0,,1
2025-10-02 00:36:25,388.28,0.35,244.7,0.4936,1.4808,244.56,242.22,247.34,422.11,422.98,426.44,423.85,0.0,0.0428,1.438,0.0,0.0011,0.3489,0.0637,0,0.001,0.0627,0.366,0,0.0104,0.3557,0.9838,1,1,0.9842,50,512.55,319.47,0,1,2025-10-02 00:36:25,18.0,89.2,,0,0,,1
2025-10-02 00:37:10,388.28,0.3485,244.57,0.4922,1.4768000000000001,243.99,242.88,246.85,422.34,423.06,425.43,423.62,0.0,0.0436,1.4332,0.0,0.0015,0.347,0.0627,0,0,0.0627,0.3644,0,0.0106,0.3538,0.9842,1,1,0.984,50,512.55,319.47,0,1,2025-10-02 00:37:10,18.0,89.4,,0,0,,1
2025-10-02 00:37:55,388.29,0.3476,243.76,0.4922,1.4767,242.58,242.36,246.34,419.94,422.9,423.76,422.18,0.0,0.0428,1.4339,0.0,0.001,0.3465,0.0623,0,0,0.0623,0.3636,0,0.0104,0.3532,0.9842,1,1,0.9841,50,512.56,319.47,0,1,2025-10-02 00:37:55,18.1,89.6,,0,0,,1
2025-10-02 00:38:40,388.29,0.3481,243.78,0.4928,1.4784,242.57,242.45,246.34,420.13,422.86,423.75,422.24,0.0,0.0444,1.434,0.0,0.0014,0.3466,0.0619,0,0,0.0619,0.364,0,0.0108,0.3533,0.9845,1,1,0.9844,50,512.56,319.47,0,1,2025-10-02 00:38:40,18.1,89.6,,0,0,,1
2025-10-02 00:39:25,388.3,0.3454,243.64,0.4899,1.4698,242.83,242.22,245.88,420.1,422.87,423.03,421.96,0.0,0.0428,1.427,0.0,0.0012,0.3442,0.0618,0,0,0.0618,0.3612,0,0.0104,0.3509,0.9843,1,1,0.9842,50,512.57,319.47,0,1,2025-10-02 00:39:25,18.2,89.8,,0,0,,1
2025-10-02 00:40:10,388.3,0.3474,244.02,0.4912,1.4737,242.65,242.82,246.6,420.67,423.25,424.05,422.72,0.0,0.0428,1.4309,0.0,0.0012,0.3462,0.0621,0,0,0.0621,0.3633,0,0.0104,0.3529,0.9844,1,1,0.9843,50.1,512.57,319.47,0,1,2025-10-02 00:40:10,18.2,90.1,,0,0,,1
2025-10-02 00:40:55,388.3,0.3459,243.78,0.4907,1.4722,242.55,242.27,246.54,419.96,423.15,423.64,422.24,0.0,0.042,1.4302,0.0,0.0,0.3459,0.0626,0,0,0.0626,0.3628,0,0.0102,0.3526,0.984,1,1,0.984,50,512.57,319.48,0,1,2025-10-02 00:40:55,18.3,90.2,,0,0,,1
2025-10-02 00:41:40,388.31,0.3496,244.49,0.4933,1.4801,243.07,243.42,247,421.47,424.3,424.67,423.54,0.0,0.044,1.4361,0.0,0.0015,0.3481,0.0622,0,0,0.0622,0.3654,0,0.0107,0.3547,0.9845,1,1,0.9843,50,512.58,319.48,0,1,2025-10-02 00:41:40,18.7,90.2,,0,0,,1
2025-10-02 00:42:25,388.31,0.348,244.38,0.4919,1.4758,243.01,243.14,246.99,421.87,423.71,424.24,423.25,0.0,0.0436,1.4322,0.0,0.0011,0.347,0.0628,0,0,0.0628,0.3643,0,0.0106,0.3537,0.9841,1,1,0.984,50,512.58,319.48,0,1,2025-10-02 00:42:25,18.8,90.4,,0,0,,1
2025-10-02 00:43:10,388.32,0.3472,244.2,0.4904,1.4712999999999998,243.45,242.48,246.69,421.31,422.82,424.79,423.02,0.0,0.0432,1.4281,0.0,0.0017,0.3455,0.0627,0,0,0.0627,0.3628,0,0.0105,0.3523,0.9841,1,1,0.9839,50,512.59,319.48,0,1,2025-10-02 00:43:10,18.8,90.5,,0,0,,1
2025-10-02 00:43:55,388.32,0.3479,244.47,0.4914,1.4743,243.57,242.85,247.01,421.62,423.94,424.77,423.45,0.0,0.0432,1.4311,0.0,0.0012,0.3467,0.0626,0,0,0.0626,0.364,0,0.0105,0.3535,0.9841,1,1,0.984,50,512.59,319.48,0,1,2025-10-02 00:43:55,18.9,90.6,,0,0,,1
2025-10-02 00:44:40,388.33,0.3489,244.12,0.4924,1.4772,243.81,241.33,247.23,420.42,421.81,426.27,422.87,0.0,0.0436,1.4336,0.0,0.0013,0.3476,0.0628,0,0,0.0628,0.365,0,0.0105,0.3544,0.9841,1,1,0.984,50,512.6,319.48,0,1,2025-10-02 00:44:40,18.9,90.7,,0,0,,1
2025-10-02 00:45:25,388.33,0.3486,244.33,0.4916,1.4749,244.2,241.6,247.21,420.9,422.76,425.95,423.25,0.0,0.0424,1.4325,0.0,0.0012,0.3473,0.0627,0,0,0.0627,0.3644,0,0.0102,0.3541,0.9841,1,1,0.984,50,512.6,319.48,0,1,2025-10-02 00:45:25,19.0,90.8,,0,0,,1
2025-10-02 00:46:10,388.33,0.3481,244.11,0.4917,1.4753,244.23,241.03,247.07,420.86,420.89,426.68,422.81,0.0,0.0436,1.4317,0.0,0.0012,0.3469,0.063,0,0,0.063,0.3642,0,0.0105,0.3537,0.984,1,1,0.9839,50,512.61,319.48,0,1,2025-10-02 00:46:10,19.0,90.8,,0,0,,1
2025-10-02 00:46:55,388.36,4.0325,243.22,7.733,23.1991,243.32,240.21,246.14,419.02,419.9,424.9,421.32,8.1969,7.1967,7.8055,1.4736,1.0899,1.469,3.9177,1.342,1.3387,1.237,5.6444,1.9945,1.7287,1.9212,0.7172,0.7393,0.6313,0.7649,50,512.64,319.5,1,1,2025-10-02 00:46:55,19.0,90.9,,1,0,,0
2025-10-02 00:47:40,388.41,4.1864,244.28,7.9037,23.7113,244.25,242.04,246.55,421.69,422.59,425.02,421.86,8.2357,7.4699,8.0057,1.5107,1.1743,1.5013,3.9775,1.326,1.3714,1.2801,5.7934,2.0116,1.808,1.9738,0.7249,0.7515,0.6504,0.7609,50,512.71,319.55,1,1,2025-10-02 00:47:40,19.0,84.6,,1,0,,0
2025-10-02 00:48:25,388.46,4.0966,244.27,7.809,23.427,244.2,242.12,246.51,421.35,422.72,425.22,423.16,8.153,7.3734,7.9006,1.4833,1.1414,1.472,3.9698,1.3261,1.3695,1.2742,5.7238,1.991,1.7852,1.9476,0.7181,0.7455,0.6402,0.756,50,512.78,319.6,1,1,2025-10-02 00:48:25,18.8,78.7,,1,0,,0
2025-10-02 00:49:10,388.51,4.0315,244.32,7.7482,23.2446,243.65,242.74,246.59,422.41,422.47,424.66,423.17,8.0063,7.3665,7.8718,1.4464,1.142,1.4431,3.9759,1.3067,1.3724,1.2967,5.68,1.9507,1.7881,1.9411,0.712,0.742,0.6396,0.7438,50,512.85,319.65,1,1,2025-10-02 00:49:10,18.2,78,,1,0,,0
2025-10-02 00:49:55,388.56,4.0889,244.4,7.8069,23.420699999999997,244.32,241.9,246.99,421.17,422.92,425.86,423.28,8.2212,7.2367,7.9628,1.4771,1.1126,1.4992,3.9779,1.3586,1.3479,1.2713,5.7259,2.0086,1.7506,1.9667,0.7167,0.736,0.6365,0.7627,50,512.92,319.7,1,1,2025-10-02 00:49:55,18.0,75.7,,1,0,,0
2025-10-02 00:50:40,388.61,4.098,244.81,7.8181,23.4544,244.45,242.6,247.4,422.22,423.6,426.27,424.06,8.1713,7.3298,7.9533,1.4765,1.1351,1.4863,3.9961,1.3429,1.3652,1.288,5.7433,1.9975,1.7782,1.9676,0.7159,0.7397,0.6393,0.7557,50,513,319.75,1,1,2025-10-02 00:50:40,17.5,74.9,,1,0,,0
2025-10-02 00:51:25,388.66,4.0454,244.76,7.7668,23.3006,244.68,242.34,247.27,421.77,424,426.05,423.96,8.1839,7.1975,7.9192,1.4642,1.0958,1.4855,3.9922,1.3639,1.3538,1.2745,5.7049,2.0024,1.7442,1.9582,0.7117,0.7317,0.6291,0.7589,50,513.07,319.8,1,1,2025-10-02 00:51:25,17.3,73.5,,1,0,,0
2025-10-02 00:52:10,388.71,4.0355,244.77,7.7649,23.2948,244.66,242.72,246.95,422.81,423.19,425.88,423.96,8.1022,7.3584,7.8342,1.4665,1.1217,1.4473,3.9991,1.331,1.3859,1.2821,5.703,1.9823,1.786,1.9347,0.7103,0.7404,0.6291,0.7485,50,513.14,319.85,1,1,2025-10-02 00:52:10,17.1,71.8,,1,0,,0
2025-10-02 00:52:55,388.77,4.0448,244.56,7.7755,23.3265,244.93,241.81,246.95,422.17,422.59,426.02,423.62,8.1996,7.2429,7.884,1.4727,1.0945,1.4777,3.993,1.3631,1.3637,1.2662,5.7067,2.0083,1.7514,1.947,0.7116,0.7338,0.6259,0.7593,50,513.21,319.9,1,1,2025-10-02 00:52:55,16.6,72.1,,1,0,,0
2025-10-02 00:53:40,388.82,4.0263,244.72,7.7569,23.2709,244.71,242.37,247.09,423.07,422.4,426.13,423.86,8.0939,7.3008,7.8762,1.4552,1.1123,1.4588,4.0022,1.3418,1.3731,1.2872,5.6963,1.9807,1.7695,1.9461,0.7092,0.7351,0.6294,0.7498,50,513.28,319.95,1,1,2025-10-02 00:53:40,16.5,71.2,,1,0,,0
2025-10-02 00:54:25,388.87,4.0295,244.91,7.7574,23.2724,244.86,242.43,247.46,422.77,423.23,426.62,424.19,8.0873,7.2754,7.9097,1.4501,1.111,1.4684,4.0058,1.3464,1.3665,1.2929,5.7014,1.9803,1.7638,1.9573,0.7091,0.7328,0.6308,0.7505,50,513.35,320,1,1,2025-10-02 00:54:25,16.4,69.8,,1,0,,0
2025-10-02 00:55:10,388.92,3.9984,245.1,7.7207,23.162300000000002,245.26,242,248.05,422.71,423.37,427.51,424.53,8.0866,7.1903,7.8854,1.4401,1.0867,1.4716,4.0029,1.3611,1.3552,1.2866,5.6793,1.9833,1.7401,1.956,0.7067,0.7267,0.6256,0.7528,50.1,513.42,320.05,1,1,2025-10-02 00:55:10,16.4,69.2,,1,0,,0
2025-10-02 00:55:55,388.97,4.0117,245.04,7.7356,23.2069,245.02,242.17,247.93,422.44,423.57,427.25,424.41,8.1014,7.2279,7.8776,1.4474,1.0955,1.4688,4.0039,1.3562,1.3618,1.2859,5.6885,1.985,1.7504,1.9531,0.7077,0.7297,0.6268,0.7524,50,513.5,320.1,1,1,2025-10-02 00:55:55,15.9,68.1,,1,0,,0
2025-10-02 00:56:40,389.02,3.9892,244.98,7.7175,23.1525,244.6,242.32,248.02,421.38,423.93,427.64,424.29,8.0918,7.2043,7.8564,1.4394,1.0881,1.4617,4.0056,1.3565,1.3619,1.2872,5.6735,1.9793,1.7457,1.9485,0.7056,0.7277,0.6241,0.7504,50,513.57,320.15,1,1,2025-10-02 00:56:40,15.8,67.4,,1,0,,0
2025-10-02 00:57:25,389.07,3.9933,245.07,7.7206,23.162,243.73,243.85,247.64,422.14,424.52,426.77,424.47,7.9244,7.3831,7.8545,1.4247,1.1425,1.426,4.0107,1.3017,1.3876,1.3214,5.6769,1.9314,1.8004,1.9451,0.7055,0.7382,0.6356,0.7334,50,513.64,320.2,1,1,2025-10-02 00:57:25,15.8,66.2,,1,0,,0
2025-10-02 00:58:55,389.17,3.9742,245.11,7.7048,23.1145,244.04,243.87,247.44,423.12,424.85,425.68,424.55,7.9062,7.3481,7.8602,1.4187,1.1325,1.423,4.0116,1.3055,1.3852,1.3209,5.6663,1.9294,1.792,1.9449,0.7037,0.7361,0.6352,0.7313,50,513.78,320.3,1,1,2025-10-02 00:58:55,15.6,65,,1,0,,0
2025-10-02 01:00:25,389.23,0.3554,245.75,0.5006,1.5018,245.34,243.78,248.15,424.23,425.58,427.17,425.69,0.0,0.0428,1.459,0.0,0.0,0.3554,0.0623,0,0,0.0623,0.3725,0,0.0104,0.3621,0.9849,1,1,0.9851,50,513.87,320.36,0,1,2025-10-02 01:00:25,15.1,64.8,,0,0,,1
2025-10-02 01:01:10,389.24,0.3537,244.95,0.4974,1.4922,244.03,243.12,247.7,422.64,424.16,425.98,424.11,0.0,0.0452,1.447,0.0,0.0014,0.3523,0.0625,0,0,0.0625,0.3694,0,0.011,0.3584,0.9847,1,1,0.9845,50,513.88,320.36,0,1,2025-10-02 01:01:10,15.0,67.6,,0,0,,1
2025-10-02 01:01:55,389.24,0.3516,244.86,0.4965,1.4896,244.29,242.86,247.43,422.73,423.85,425.73,424.05,0.0,0.042,1.4476,0.0,0.0011,0.3505,0.0632,0,0,0.0632,0.3684,0,0.0102,0.3582,0.9842,1,1,0.9842,50,513.88,320.36,0,1,2025-10-02 01:01:55,15.1,71.9,,0,0,,1
2025-10-02 01:02:40,389.24,0.3505,244.92,0.4959,1.4877,244.5,242.89,247.37,422.79,423.49,426.35,424.25,0.0,0.0436,1.4441,0.0,0.0,0.3505,0.063,0,0,0.063,0.3678,0,0.0106,0.3572,0.9842,1,1,0.9842,50,513.88,320.36,0,1,2025-10-02 01:02:40,15.1,74.8,,0,0,,1
2025-10-02 01:03:25,389.25,0.3503,245.2,0.4955,1.4865,244.73,243.29,247.59,423.25,423.93,426.92,424.6,0.0,0.0432,1.4433,0.0,0.0,0.3503,0.0643,0,0,0.0643,0.3679,0,0.0105,0.3573,0.9835,1,1,0.9835,50,513.89,320.37,0,1,2025-10-02 01:03:25,15.6,77.4,,0,0,,1
2025-10-02 01:04:10,389.25,0.3511,245.33,0.4963,1.489,244.93,243.3,247.78,422.91,424.75,427.14,424.92,0.0,0.0436,1.4454,0.0,0.0,0.3511,0.0643,0,0,0.0643,0.3687,0,0.0106,0.3581,0.9836,1,1,0.9836,50,513.89,320.37,0,1,2025-10-02 01:04:10,15.7,79.2,,0,0,,1
2025-10-02 01:04:55,389.26,0.3511,245.56,0.4954,1.4863,245.14,243.47,248.08,423.58,425.43,426.97,425.38,0.0,0.0428,1.4435,0.0,0.0,0.3511,0.064,0,0,0.064,0.3685,0,0.0104,0.3581,0.9837,1,1,0.9837,50,513.9,320.37,0,1,2025-10-02 01:04:55,15.8,80.7,,0,0,,1
2025-10-02 01:05:40,389.26,0.3515,245.44,0.4945,1.4837,245.17,243.16,248,423.52,424.45,427.38,425.18,0.0,0.042,1.4417,0.0,0.001,0.3505,0.0643,0,0,0.0643,0.3678,0,0.0102,0.3575,0.9836,1,1,0.9835,50,513.9,320.37,0,1,2025-10-02 01:05:40,15.9,81.8,,0,0,,1
2025-10-02 01:06:25,389.27,0.3513,245.46,0.4944,1.4834,244.86,243.35,248.17,423.29,425.19,426.96,425.11,0.0,0.0428,1.4406,0.0,0.001,0.3502,0.0653,0,0,0.0653,0.3679,0,0.0104,0.3575,0.9831,1,1,0.983,50,513.91,320.37,0,1,2025-10-02 01:06:25,16.4,82.7,,0,0,,1
2025-10-02 01:07:10,389.27,0.3516,245.59,0.4946,1.4839,244.97,243.52,248.28,423.96,425.31,426.84,425.39,0.0,0.0432,1.4407,0.0,0.0011,0.3505,0.0648,0,0,0.0648,0.3682,0,0.0105,0.3577,0.9834,1,1,0.9833,50,513.91,320.37,0,1,2025-10-02 01:07:10,16.5,83.6,,0,0,,1
2025-10-02 01:07:55,389.28,0.3497,245.69,0.4944,1.4832,244.71,244.43,247.93,424.16,426.04,426.43,425.55,0.0,0.0436,1.4396,0.0,0.0,0.3497,0.0647,0,0,0.0647,0.3676,0,0.0107,0.3569,0.9833,1,1,0.9833,50,513.92,320.37,0,1,2025-10-02 01:07:55,16.6,84.4,,0,0,,1
2025-10-02 01:08:40,389.28,0.3507,245.45,0.4956,1.487,244.74,243.69,247.92,423.3,424.84,427.25,425.09,0.0,0.0436,1.4434,0.0,0.0,0.3507,0.0646,0,0,0.0646,0.3685,0,0.0106,0.3578,0.9834,1,1,0.9834,50,513.92,320.37,0,1,2025-10-02 01:08:40,16.7,85.1,,0,0,,1
2025-10-02 01:09:25,389.28,0.3506,245.62,0.4945,1.4836,244.88,243.73,248.25,423.42,425.31,427.53,425.46,0.0,0.0424,1.4412,0.0,0.0,0.3506,0.0647,0,0,0.0647,0.3681,0,0.0103,0.3578,0.9834,1,1,0.9834,50,513.93,320.37,0,1,2025-10-02 01:09:25,17.2,85.8,,0,0,,1
2025-10-02 01:10:10,389.29,0.351,245.38,0.4943,1.4829999999999999,244.84,243.32,247.99,423.4,424.79,426.84,425.08,0.0,0.0428,1.4402,0.0,0.001,0.35,0.0645,0,0,0.0645,0.3676,0,0.0104,0.3572,0.9835,1,1,0.9834,50,513.93,320.37,0,1,2025-10-02 01:10:10,17.2,86.3,,0,0,,1
2025-10-02 01:10:55,389.29,0.3502,245.41,0.4937,1.4810999999999999,245.4,243.4,247.45,423.53,424.98,426.71,425.05,0.0,0.0428,1.4383,0.0,0.0011,0.3491,0.0631,0,0,0.0631,0.3663,0,0.0104,0.3559,0.9841,1,1,0.984,50,513.94,320.37,0,1,2025-10-02 01:10:55,17.3,86.8,,0,0,,1
2025-10-02 01:11:40,389.3,0.3481,245.64,0.4924,1.4774,245.64,243.88,247.42,424.52,425.03,426.86,425.38,0.0,0.0424,1.435,0.0,0.0,0.3481,0.0634,0,0,0.0634,0.3654,0,0.0103,0.355,0.9838,1,1,0.9838,50,513.94,320.37,0,1,2025-10-02 01:11:40,17.4,87.3,,0,0,,1
2025-10-02 01:12:25,389.3,0.3499,245.71,0.4946,1.4839,245.88,243.34,247.93,424.47,424.76,427.54,425.5,0.0,0.044,1.4399,0.0,0.0,0.3499,0.0646,0,0,0.0646,0.3677,0,0.0107,0.357,0.9833,1,1,0.9833,50,513.94,320.38,0,1,2025-10-02 01:12:25,17.4,87.4,,0,0,,1
2025-10-02 01:13:10,389.31,0.3486,245.69,0.4928,1.4784,245.86,243.36,247.85,424.23,424.92,427.48,425.52,0.0,0.0432,1.4352,0.0,0.0,0.3486,0.0645,0,0,0.0645,0.3662,0,0.0105,0.3557,0.9833,1,1,0.9833,50,513.95,320.38,0,1,2025-10-02 01:13:10,17.5,87.8,,0,0,,1
2025-10-02 01:13:55,389.31,0.3484,245.8,0.492,1.476,245.45,244.13,247.82,425.02,425.22,426.95,425.73,0.0,0.0416,1.4344,0.0,0.0,0.3484,0.0638,0,0,0.0638,0.3656,0,0.0102,0.3555,0.9836,1,1,0.9836,50,513.95,320.38,0,1,2025-10-02 01:13:55,17.9,88,,0,0,,1
2025-10-02 01:14:40,389.31,0.3517,245.6,0.4941,1.4824000000000002,244.12,244.6,248.08,423.64,426.44,426.09,425.44,0.0,0.0416,1.4408,0.0,0.0013,0.3503,0.0643,0,0,0.0643,0.3676,0,0.0102,0.3574,0.9836,1,1,0.9835,50,513.96,320.38,0,1,2025-10-02 01:14:40,18.0,88.2,,0,0,,1
2025-10-02 01:15:25,389.32,0.3504,245.54,0.4936,1.481,244.96,243.18,248.48,422.77,425.56,427.53,425.3,0.0,0.0416,1.4394,0.0,0.0,0.3504,0.0648,0,0,0.0648,0.3678,0,0.0101,0.3577,0.9833,1,1,0.9833,50,513.96,320.38,0,1,2025-10-02 01:15:25,18.0,88,,0,0,,1
2025-10-02 01:16:10,389.32,0.3515,245.37,0.4942,1.4826,244.15,243.53,248.45,422.34,425.77,426.89,425.08,0.0,0.0428,1.4398,0.0,0.001,0.3505,0.0649,0,0,0.0649,0.3681,0,0.0104,0.3577,0.9833,1,1,0.9832,50,513.97,320.38,0,1,2025-10-02 01:16:10,18.1,87.8,,0,0,,1
2025-10-02 01:16:55,389.33,0.3526,245.55,0.4948,1.4845000000000002,244.42,243.66,248.58,422.81,426,427.12,425.28,0.0,0.0416,1.4429,0.0,0.001,0.3516,0.0644,0,0,0.0644,0.3688,0,0.0101,0.3587,0.9837,1,1,0.9836,50,513.97,320.38,0,1,2025-10-02 01:16:55,18.2,87.9,,0,0,,1
2025-10-02 01:17:40,389.33,0.3504,245.43,0.4938,1.4816,244.23,243.5,248.56,422.39,425.57,427.33,425.12,0.0,0.0428,1.4388,0.0,0.0,0.3504,0.065,0,0,0.065,0.368,0,0.0104,0.3576,0.9832,1,1,0.9832,50,513.98,320.38,0,1,2025-10-02 01:17:40,18.2,88.1,,0,0,,1
2025-10-02 01:18:25,389.34,0.3508,245.61,0.4934,1.4804,244.96,243.86,248.03,424.09,424.96,427.2,425.4,0.0,0.0424,1.438,0.0,0.0012,0.3496,0.0641,0,0,0.0641,0.367,0,0.0103,0.3567,0.9837,1,1,0.9836,50,513.98,320.38,0,1,2025-10-02 01:18:25,18.3,88.3,,0,0,,1
2025-10-02 01:19:10,389.34,0.3514,245.67,0.4935,1.4805000000000001,245.22,243.43,248.38,424.04,424.7,427.82,425.53,0.0,0.0436,1.4369,0.0,0.0017,0.3496,0.065,0,0,0.065,0.3675,0,0.0106,0.3569,0.9832,1,1,0.9831,49.9,513.99,320.38,0,1,2025-10-02 01:19:10,18.7,88.6,,0,0,,1
2025-10-02 01:19:55,389.35,0.3506,245.73,0.4937,1.4812,245.38,243.37,248.46,423.49,425.31,428.09,425.62,0.0,0.0416,1.4396,0.0,0.0,0.3506,0.0644,0,0,0.0644,0.3678,0,0.0101,0.3577,0.9835,1,1,0.9835,50,513.99,320.38,0,1,2025-10-02 01:19:55,18.7,89.1,,0,0,,1
2025-10-02 01:20:40,389.35,0.3517,245.84,0.4944,1.4832,245.59,243.34,248.6,424.1,424.57,428.76,425.84,0.0,0.0444,1.4388,0.0,0.0013,0.3505,0.065,0,0,0.065,0.3685,0,0.0108,0.3577,0.9833,1,1,0.9832,50,513.99,320.38,0,1,2025-10-02 01:20:40,18.8,89.1,,0,0,,1
2025-10-02 01:21:25,389.35,0.3513,245.93,0.4931,1.4794,245.55,243.46,248.79,423.95,425.39,428.55,426.02,0.0,0.0428,1.4366,0.0,0.0012,0.3502,0.0649,0,0,0.0649,0.3678,0,0.0104,0.3574,0.9833,1,1,0.9832,50,514,320.38,0,1,2025-10-02 01:21:25,18.9,89.4,,0,0,,1
2025-10-02 01:22:10,389.36,0.3497,246.09,0.4926,1.4778,245.54,243.91,248.82,424.34,425.87,428.51,426.27,0.0,0.0428,1.435,0.0,0.0,0.3497,0.0656,0,0,0.0656,0.3675,0,0.0104,0.3571,0.9828,1,1,0.9828,50,514,320.39,0,1,2025-10-02 01:22:10,18.9,89.7,,0,0,,1
2025-10-02 01:22:55,389.36,0.3525,246.29,0.494,1.482,245.63,244.24,249.01,424.67,426.19,428.9,426.61,0.0,0.0424,1.4396,0.0,0.0013,0.3512,0.0653,0,0,0.0653,0.3688,0,0.0104,0.3585,0.9832,1,1,0.9831,50,514.01,320.39,0,1,2025-10-02 01:22:55,18.9,90.1,,0,0,,1
2025-10-02 01:23:40,389.38,3.932,244.7,7.6935,23.0807,245.8,244.03,244.27,426.24,422.34,422.89,423.83,8.0875,7.3112,7.682,1.4678,1.0765,1.3877,4.0197,1.3384,1.4194,1.2618,5.6485,1.9879,1.7842,1.8765,0.6992,0.7389,0.6042,0.7398,50,514.04,320.41,1,1,2025-10-02 01:23:40,19.0,90.4,,1,0,,0
2025-10-02 01:24:25,389.44,4.147,244.71,7.8921,23.676399999999997,245.8,244.07,244.28,425.55,423.36,422.65,423.81,8.292,7.5348,7.8496,1.5448,1.1544,1.4477,4.0128,1.3277,1.4287,1.2563,5.7947,2.0382,1.839,1.9175,0.7186,0.7583,0.6284,0.7552,50,514.11,320.46,1,1,2025-10-02 01:24:25,19.0,84.8,,1,0,,0
2025-10-02 01:25:10,389.49,4.1601,244.79,7.9064,23.7194,246.2,243.93,244.24,426.59,421.43,423.91,423.98,8.3067,7.576,7.8367,1.5548,1.1591,1.4463,4.0158,1.3266,1.4365,1.2527,5.8072,2.0451,1.848,1.914,0.7194,0.7607,0.6279,0.7558,50,514.18,320.51,1,1,2025-10-02 01:25:10,18.9,79.4,,1,0,,0
2025-10-02 01:25:55,389.54,4.0539,244.71,7.8013,23.4039,246.46,243.06,244.62,425.64,421.8,424.1,423.91,8.2066,7.4239,7.7734,1.5123,1.1116,1.43,4.0113,1.3408,1.4183,1.2522,5.7286,2.0226,1.8045,1.9015,0.7108,0.7482,0.6168,0.7523,50,514.26,320.56,1,1,2025-10-02 01:25:55,18.3,75.5,,1,0,,0
2025-10-02 01:26:40,389.59,4.1001,244.63,7.843,23.529,246.27,243.15,244.48,425.85,421.67,423.6,423.7,8.2305,7.4801,7.8184,1.5257,1.1327,1.4417,4.006,1.3322,1.42,1.2539,5.7572,2.0269,1.8188,1.9114,0.7152,0.7532,0.6235,0.7545,50,514.33,320.61,1,1,2025-10-02 01:26:40,18.1,77.8,,1,0,,0
2025-10-02 01:27:25,389.64,4.0397,244.63,7.7824,23.3474,246.14,243.47,244.29,426.17,421.6,423.35,423.66,8.1122,7.4344,7.8008,1.4937,1.1237,1.4223,4.0065,1.323,1.4162,1.2673,5.7124,1.9967,1.8101,1.9057,0.71,0.7485,0.6215,0.7465,49.9,514.4,320.66,1,1,2025-10-02 01:27:25,17.9,78.1,,1,0,,0
2025-10-02 01:28:55,389.75,4.212,244.71,7.9363,23.8091,246.28,243.67,244.2,426.73,421.48,423.33,423.82,8.2804,7.5915,7.9372,1.5566,1.1824,1.4731,3.9927,1.3151,1.4193,1.2583,5.8274,2.0393,1.8498,1.9383,0.7257,0.7638,0.64,0.7603,50,514.55,320.76,1,1,2025-10-02 01:28:55,17.4,75.7,,1,0,,0
2025-10-02 01:31:10,389.91,4.2111,244.83,7.9412,23.8236,246.23,243.89,244.37,426.16,422.82,423.16,424.07,8.3486,7.5222,7.9528,1.5612,1.1646,1.4854,4.0012,1.335,1.4144,1.2519,5.8337,2.0557,1.8346,1.9434,0.7249,0.76,0.6356,0.7646,50,514.77,320.91,1,1,2025-10-02 01:31:10,17.2,72.5,,1,0,,0
2025-10-02 01:32:40,390.01,4.2225,244.58,7.9417,23.825200000000002,243.51,242.53,247.7,420.59,424.35,425.93,423.58,8.2844,7.4916,8.0492,1.5161,1.1878,1.5186,3.9909,1.3288,1.3715,1.2905,5.8281,2.0173,1.8169,1.9938,0.7267,0.752,0.6546,0.762,50,514.91,321.01,1,1,2025-10-02 01:32:40,16.7,70.2,,1,0,,0
2025-10-02 01:33:25,390.06,4.2378,244.62,7.957,23.871000000000002,243.32,243.08,247.46,420.81,425.08,425.19,423.66,8.2802,7.5191,8.0717,1.5191,1.2007,1.5179,3.9925,1.3211,1.3746,1.2968,5.8399,2.0147,1.8277,1.9974,0.7278,0.7545,0.6578,0.7603,50,514.98,321.06,1,1,2025-10-02 01:33:25,16.6,68.7,,1,0,,0
2025-10-02 01:34:10,390.12,4.2905,244.5,7.9931,23.9795,243.09,242.68,247.75,420.72,424.22,425.55,423.49,8.2964,7.5116,8.1715,1.5231,1.2177,1.5496,3.9744,1.3198,1.3532,1.3013,5.8642,2.0168,1.8229,2.0245,0.7336,0.7557,0.6689,0.7657,50,515.06,321.11,1,1,2025-10-02 01:34:10,16.5,69.6,,1,0,,0
2025-10-02 01:34:55,390.17,4.2587,244.84,7.9583,23.8749,243.16,243.34,248.02,421.08,425.57,425.57,424.06,8.2486,7.4809,8.1454,1.5098,1.2109,1.538,3.9826,1.3183,1.3558,1.3085,5.8464,2.0057,1.8204,2.0202,0.7303,0.7532,0.6661,0.7616,50,515.13,321.16,1,1,2025-10-02 01:34:55,16.4,70.3,,1,0,,0
2025-10-02 01:35:40,390.22,4.2618,244.74,7.9737,23.921100000000003,243.4,243.17,247.67,421.63,424.33,425.78,423.92,8.275,7.4902,8.1559,1.5152,1.2075,1.5391,3.9917,1.3248,1.3601,1.3068,5.8555,2.0141,1.8214,2.02,0.7298,0.7528,0.6639,0.7622,50,515.2,321.21,1,1,2025-10-02 01:35:40,16.4,70.5,,1,0,,0
2025-10-02 01:36:25,390.28,4.3246,244.85,8.0267,24.0801,243.69,242.59,248.27,421.47,423.88,426.92,424.11,8.3201,7.5211,8.2389,1.5291,1.2249,1.5706,3.9875,1.3294,1.3491,1.309,5.8975,2.0275,1.8245,2.0455,0.7351,0.7546,0.6722,0.7681,50,515.28,321.26,1,1,2025-10-02 01:36:25,15.9,70.3,,1,0,,0
2025-10-02 01:37:10,390.33,4.3152,244.54,8.0158,24.047600000000003,243.41,242.25,247.97,420.99,423.61,426.08,423.53,8.3246,7.5006,8.2224,1.5284,1.2181,1.5687,3.973,1.328,1.3445,1.3005,5.8822,2.0263,1.817,2.0389,0.7356,0.7548,0.6713,0.7698,50,515.35,321.31,1,1,2025-10-02 01:37:10,15.9,70.6,,1,0,,0
2025-10-02 01:38:40,390.44,4.2228,244.91,7.9321,23.7963,243.83,242.96,247.95,421.67,424.63,426.3,424.19,8.2342,7.4659,8.0962,1.5054,1.1923,1.5251,3.994,1.3263,1.3637,1.304,5.8291,2.0077,1.8139,2.0075,0.7265,0.7503,0.6582,0.76,50,515.5,321.41,1,1,2025-10-02 01:38:40,15.8,70.1,,1,0,,0
2025-10-02 01:39:25,390.49,4.2704,244.78,7.9787,23.9362,243.84,242.74,247.77,421.79,423.86,426.28,423.89,8.2942,7.5147,8.1273,1.5256,1.2068,1.5381,3.9878,1.3253,1.3642,1.2982,5.8603,2.0225,1.8241,2.0137,0.7308,0.7549,0.6625,0.7641,50,515.57,321.46,1,1,2025-10-02 01:39:25,15.8,69.7,,1,0,,0
2025-10-02 01:40:10,390.55,4.2869,245.66,8.0223,24.067,245.11,243.47,248.42,423.76,424.71,428.03,425.48,8.3499,7.5633,8.1538,1.5378,1.2064,1.5428,4.0464,1.3479,1.3876,1.3109,5.9136,2.0466,1.8414,2.0256,0.7272,0.752,0.656,0.762,50,515.65,321.51,1,1,2025-10-02 01:40:10,15.8,69.9,,1,0,,0
2025-10-02 01:40:55,390.55,0.3564,246.65,0.4981,1.4945,246.29,244.3,249.37,425.29,426.77,429.57,427.22,0.0,0.0412,1.4533,0.0,0.0013,0.3551,0.0656,0,0,0.0656,0.3725,0,0.0101,0.3624,0.9834,1,1,0.9833,50,515.65,321.51,0,1,2025-10-02 01:40:55,15.7,71.1,,0,0,,1
2025-10-02 01:41:40,390.56,0.3556,246.82,0.4987,1.4961,246.42,244.43,249.61,425.64,427.19,429.68,427.51,0.0,0.042,1.4541,0.0,0.0,0.3556,0.0658,0,0,0.0658,0.3732,0,0.0103,0.363,0.9833,1,1,0.9833,50,515.66,321.51,0,1,2025-10-02 01:41:40,15.8,74.9,,0,0,,1
2025-10-02 01:42:25,390.56,0.3553,246.52,0.4971,1.4914,246.01,244.29,249.26,424.98,426.89,429.08,427.26,0.0,0.0416,1.4498,0.0,0.0013,0.354,0.066,0,0,0.066,0.3715,0,0.0102,0.3614,0.9831,1,1,0.983,50,515.66,321.51,0,1,2025-10-02 01:42:25,15.8,78.7,,0,0,,1
2025-10-02 01:43:10,390.56,0.3532,246.42,0.4972,1.4916,245.74,244.75,248.78,424.93,427.14,428.37,426.84,0.0,0.0424,1.4492,0.0,0.0,0.3532,0.0655,0,0,0.0655,0.3709,0,0.0104,0.3605,0.9832,1,1,0.9832,50,515.67,321.51,0,1,2025-10-02 01:43:10,15.9,81.5,,0,0,,1
2025-10-02 01:43:55,390.57,0.3524,246.47,0.496,1.488,246.02,244.72,248.69,425.42,427.22,428.07,426.89,0.0,0.0416,1.4464,0.0,0.0,0.3524,0.0653,0,0,0.0653,0.3699,0,0.0102,0.3597,0.9832,1,1,0.9832,50,515.67,321.51,0,1,2025-10-02 01:43:55,16.4,83.4,,0,0,,1
2025-10-02 01:44:40,390.57,0.3534,246.64,0.497,1.4911,246.42,244.47,249.05,425.92,426.27,429.41,427.15,0.0,0.0424,1.4487,0.0,0.0,0.3534,0.0659,0,0,0.0659,0.3712,0,0.0104,0.3608,0.983,1,1,0.983,50,515.68,321.51,0,1,2025-10-02 01:44:40,16.5,85.2,,0,0,,1
2025-10-02 01:45:25,390.58,0.3532,246.85,0.4963,1.489,246.64,244.64,249.28,425.8,426.96,429.92,427.52,0.0,0.042,1.447,0.0,0.0,0.3532,0.0664,0,0,0.0664,0.371,0,0.0103,0.3607,0.9828,1,1,0.9828,50,515.68,321.51,0,1,2025-10-02 01:45:25,16.7,86.4,,0,0,,1
2025-10-02 01:46:10,390.58,0.3539,246.85,0.4959,1.4878,246.37,244.95,249.24,425.68,427.78,429.22,427.58,0.0,0.042,1.4458,0.0,0.001,0.3529,0.0659,0,0,0.0659,0.3706,0,0.0103,0.3604,0.9831,1,1,0.983,50,515.68,321.52,0,1,2025-10-02 01:46:10,17.1,87.6,,0,0,,1
2025-10-02 01:46:55,390.59,0.354,246.68,0.4955,1.4866000000000001,246.49,244.12,249.44,425.37,426.53,429.9,427.24,0.0,0.0416,1.445,0.0,0.0011,0.3529,0.0664,0,0,0.0664,0.3706,0,0.0102,0.3604,0.9828,1,1,0.9827,50,515.69,321.52,0,1,2025-10-02 01:46:55,17.3,88.6,,0,0,,1
2025-10-02 01:47:40,390.59,0.3533,246.39,0.4949,1.4847000000000001,245.57,244.26,249.36,424.57,426.7,429.03,426.74,0.0,0.042,1.4427,0.0,0.0011,0.3522,0.0667,0,0,0.0667,0.37,0,0.0103,0.3598,0.9826,1,1,0.9825,50,515.69,321.52,0,1,2025-10-02 01:47:40,17.4,89,,0,0,,1
2025-10-02 01:48:25,390.6,0.3534,246.58,0.4957,1.4872999999999998,246.03,244.06,249.67,424.65,427.07,429.58,427.14,0.0,0.0412,1.4461,0.0,0.0,0.3534,0.0671,0,0,0.0671,0.3711,0,0.0101,0.361,0.9824,1,1,0.9824,50,515.7,321.52,0,1,2025-10-02 01:48:25,17.5,89.7,,0,0,,1
2025-10-02 01:49:10,390.6,0.3525,246.87,0.4953,1.4861,246.45,244.77,249.39,425.99,427.51,429.27,427.58,0.0,0.0424,1.4437,0.0,0.0,0.3525,0.0668,0,0,0.0668,0.3704,0,0.0104,0.36,0.9825,1,1,0.9825,50,515.7,321.52,0,1,2025-10-02 01:49:10,17.9,90.4,,0,0,,1
2025-10-02 01:49:55,390.6,0.3526,246.94,0.4949,1.4849,246.04,245.04,249.74,425.87,427.98,429.28,427.68,0.0,0.042,1.4429,0.0,0.0,0.3526,0.0674,0,0,0.0674,0.3706,0,0.0103,0.3603,0.9822,1,1,0.9822,50,515.71,321.52,0,1,2025-10-02 01:49:55,18.0,90.7,,0,0,,1
2025-10-02 01:50:40,390.61,0.3524,246.85,0.4948,1.4846,246.04,244.76,249.76,425.05,428.13,429.51,427.59,0.0,0.0424,1.4422,0.0,0.0,0.3524,0.0674,0,0,0.0674,0.3706,0,0.0104,0.3602,0.9821,1,1,0.9821,50,515.71,321.52,0,1,2025-10-02 01:50:40,18.1,91.1,,0,0,,1
2025-10-02 01:51:25,390.61,0.3543,246.81,0.4953,1.4861,246.52,244.21,249.72,425.05,426.91,430.54,427.48,0.0,0.0424,1.4437,0.0,0.0014,0.3529,0.0667,0,0,0.0667,0.3709,0,0.0104,0.3605,0.9827,1,1,0.9826,50,515.72,321.52,0,1,2025-10-02 01:51:25,18.2,91.5,,0,0,,1
2025-10-02 01:52:10,390.62,0.3539,246.95,0.4961,1.4884,246.46,244.36,250.05,425,427.79,430.43,427.78,0.0,0.0424,1.446,0.0,0.0,0.3539,0.0671,0,0,0.0671,0.3719,0,0.0104,0.3616,0.9825,1,1,0.9825,50,515.72,321.52,0,1,2025-10-02 01:52:10,18.3,91.9,,0,0,,1
2025-10-02 01:52:55,390.62,0.3564,247.7,0.4965,1.4896,247.49,245.22,250.39,426.55,429.23,431.31,429.03,0.0,0.0416,1.448,0.0,0.0016,0.3548,0.0672,0,0,0.0672,0.3728,0,0.0102,0.3626,0.9826,1,1,0.9825,50,515.73,321.52,0,1,2025-10-02 01:52:55,18.8,92.3,,0,0,,1
2025-10-02 01:53:40,390.63,0.3544,247.68,0.4947,1.4841,247.8,245.11,250.14,427.46,428.39,431.14,428.98,0.0,0.0416,1.4425,0.0,0.0013,0.3531,0.0671,0,0,0.0671,0.371,0,0.0102,0.3608,0.9825,1,1,0.9824,50,515.73,321.52,0,1,2025-10-02 01:53:40,18.8,92.4,,0,0,,1
2025-10-02 01:54:25,390.63,0.3559,247.89,0.4962,1.4886,247.48,245.87,250.34,427.5,429.34,431.26,429.34,0.0,0.0428,1.4458,0.0,0.0015,0.3543,0.0666,0,0,0.0666,0.3725,0,0.0105,0.3619,0.9829,1,1,0.9827,50,515.74,321.52,0,1,2025-10-02 01:54:25,18.9,92.6,,0,0,,1
2025-10-02 01:55:10,390.63,0.3549,247.61,0.4944,1.4833999999999998,247.27,245.56,250.01,426.93,428.97,430.73,428.93,0.0,0.0412,1.4422,0.0,0.0019,0.353,0.0664,0,0,0.0664,0.3707,0,0.0101,0.3606,0.9829,1,1,0.9827,50,515.74,321.53,0,1,2025-10-02 01:55:10,18.9,92.8,,0,0,,1
2025-10-02 01:55:55,390.64,0.3553,247.8,0.4956,1.4869999999999999,247.64,245.42,250.34,426.97,429.11,431.52,429.25,0.0,0.0428,1.4442,0.0,0.0014,0.3539,0.0667,0,0,0.0667,0.372,0,0.0105,0.3615,0.9828,1,1,0.9826,50,515.75,321.53,0,1,2025-10-02 01:55:55,19.0,93,,0,0,,1
2025-10-02 01:56:40,390.64,0.3541,247.68,0.4961,1.4885,247.67,245.32,250.05,427.1,428.77,431.11,428.96,0.0,0.0424,1.4461,0.0,0.0,0.3541,0.0661,0,0,0.0661,0.372,0,0.0104,0.3616,0.983,1,1,0.983,50,515.75,321.53,0,1,2025-10-02 01:56:40,19.1,93,,0,0,,1
2025-10-02 01:57:25,390.65,0.3543,247.56,0.4949,1.4847000000000001,248.16,244.65,249.89,427.5,427.22,431.67,428.77,0.0,0.042,1.4427,0.0,0.0012,0.3531,0.0657,0,0,0.0657,0.3708,0,0.0103,0.3605,0.9832,1,1,0.9831,50,515.75,321.53,0,1,2025-10-02 01:57:25,19.5,92.9,,0,0,,1
2025-10-02 01:58:10,390.65,0.3564,247.71,0.4963,1.4889999999999999,248.44,244.5,250.21,427.36,427.21,432.6,429.02,0.0,0.0412,1.4478,0.0,0.0015,0.3549,0.0653,0,0,0.0653,0.3723,0,0.0101,0.3623,0.9836,1,1,0.9834,50,515.76,321.53,0,1,2025-10-02 01:58:10,19.6,92.7,,0,0,,1
2025-10-02 01:58:55,390.7,4.0604,246.81,7.8649,23.5947,246.98,243.52,249.95,425.22,426.05,431.23,427.5,8.261,7.3962,7.9375,1.477,1.1068,1.4767,4.1458,1.4049,1.4175,1.3234,5.8254,2.0403,1.8011,1.984,0.6997,0.7245,0.6154,0.7446,50,515.83,321.58,1,1,2025-10-02 01:58:55,19.6,91.2,,1,0,,0
2025-10-02 01:59:40,390.75,4.1133,247.33,7.9203,23.761,247.42,244.57,250,426.94,427.18,431.04,427.98,8.2846,7.4891,7.9873,1.4952,1.1341,1.484,4.1698,1.3999,1.4351,1.3348,5.8782,2.0498,1.8316,1.9968,0.7022,0.7299,0.62,0.7435,50,515.9,321.63,1,1,2025-10-02 01:59:40,19.5,84.9,,1,0,,0
2025-10-02 02:00:25,390.8,4.1418,247.22,7.9389,23.8167,247.1,244.49,250.07,426.07,427.51,431,428.17,8.3147,7.4436,8.0584,1.4965,1.1376,1.5077,4.1573,1.4051,1.4169,1.3353,5.8896,2.0546,1.8199,2.0152,0.7057,0.729,0.626,0.7485,50,515.97,321.68,1,1,2025-10-02 02:00:25,19.0,82,,1,0,,0
2025-10-02 02:01:10,390.85,4.0879,247.19,7.8901,23.6703,246.95,244.52,250.11,425.81,428.16,430.48,428.15,8.2658,7.4008,8.0037,1.479,1.1203,1.4886,4.1585,1.4043,1.4176,1.3366,5.8527,2.0412,1.8096,2.0018,0.701,0.7251,0.62,0.744,50,516.05,321.73,1,1,2025-10-02 02:01:10,18.9,80.3,,1,0,,0
2025-10-02 02:01:55,390.9,4.0721,247.53,7.8857,23.6573,247,245.23,250.37,426.22,428.85,431.15,428.69,8.2709,7.404,7.9824,1.4764,1.1156,1.4801,4.1801,1.4095,1.4292,1.3414,5.8571,2.0429,1.8157,1.9986,0.6977,0.7232,0.6153,0.7409,50,516.12,321.78,1,1,2025-10-02 02:01:55,18.7,78.7,,1,0,,0
2025-10-02 02:02:40,390.95,4.0909,247.39,7.902,23.706200000000003,246.7,245.3,250.17,425.69,429.07,430.71,428.47,8.2946,7.4044,8.0072,1.4821,1.1207,1.4882,4.1742,1.4087,1.426,1.3395,5.8657,2.0463,1.8163,2.0032,0.6999,0.7248,0.6179,0.7432,50,516.19,321.84,1,1,2025-10-02 02:02:40,18.2,78.8,,1,0,,0
2025-10-02 02:03:25,391.01,4.0626,247.4,7.877,23.6311,246.8,245.57,249.85,426.13,429.46,429.97,428.47,8.2545,7.4413,7.9353,1.4798,1.1191,1.4637,4.1744,1.3976,1.441,1.3358,5.8472,2.0372,1.8274,1.9826,0.6974,0.7269,0.6133,0.7386,50,516.27,321.89,1,1,2025-10-02 02:03:25,18.1,77.2,,1,0,,0
2025-10-02 02:04:10,391.06,4.0318,247.59,7.8481,23.5445,246.79,245.77,250.22,426.02,429.61,430.9,428.77,8.2247,7.396,7.9238,1.4657,1.108,1.4581,4.1816,1.4019,1.4376,1.3421,5.8302,2.0298,1.8177,1.9827,0.694,0.7226,0.6104,0.7357,50,516.34,321.94,1,1,2025-10-02 02:04:10,18.0,75.2,,1,0,,0
2025-10-02 02:04:55,391.11,4.0597,247.48,7.8734,23.6202,247.23,245.36,249.87,426.81,429.08,430.08,428.68,8.2533,7.3978,7.9691,1.4756,1.1104,1.4736,4.1757,1.4064,1.4321,1.3373,5.8468,2.0405,1.8151,1.9912,0.697,0.7238,0.6127,0.7405,50,516.41,321.99,1,1,2025-10-02 02:04:55,17.5,73.5,,1,0,,0
2025-10-02 02:05:40,391.16,4.0344,247.52,7.8551,23.5654,247.15,245.61,249.82,426.99,428.82,430.37,428.74,8.2486,7.4068,7.91,1.4746,1.1036,1.4562,4.1814,1.4049,1.4425,1.334,5.8339,2.0386,1.8192,1.9761,0.6943,0.724,0.6076,0.7373,50,516.49,322.05,1,1,2025-10-02 02:05:40,17.3,72.2,,1,0,,0
2025-10-02 02:06:25,391.21,4.0102,247.55,7.8315,23.4946,247.22,245.39,250.06,426.68,428.62,431.04,428.76,8.232,7.3561,7.9065,1.4631,1.0902,1.4569,4.1819,1.4119,1.4351,1.3349,5.8173,2.0351,1.8051,1.9771,0.6921,0.7195,0.6049,0.7372,50,516.56,322.1,1,1,2025-10-02 02:06:25,17.2,70.4,,1,0,,0
2025-10-02 02:07:10,391.26,4.0206,247.41,7.8393,23.5181,246.59,245.56,250.08,426,429.13,430.45,428.51,8.2064,7.3715,7.9402,1.4568,1.1036,1.4602,4.1762,1.4016,1.4308,1.3438,5.8194,2.0236,1.8101,1.9857,0.6935,0.7206,0.6107,0.7358,50,516.63,322.15,1,1,2025-10-02 02:07:10,16.7,70.7,,1,0,,0
2025-10-02 02:07:55,391.31,3.9791,247.32,7.7962,23.3886,247.34,243.98,250.64,425.53,427.88,431.71,428.37,8.1944,7.3095,7.8847,1.4468,1.0739,1.4584,4.1688,1.4167,1.4202,1.3319,5.7864,2.0268,1.7834,1.9762,0.6904,0.7144,0.6024,0.7378,50,516.71,322.2,1,1,2025-10-02 02:07:55,16.6,70.3,,1,0,,0
2025-10-02 02:08:40,391.36,3.9628,247.2,7.7797,23.339100000000002,247.41,243.29,250.91,425.03,426.68,432.81,428.18,8.219,7.2459,7.8742,1.443,1.0555,1.4644,4.1634,1.4303,1.4098,1.3233,5.772,2.0335,1.7629,1.9757,0.6894,0.7103,0.5995,0.742,50,516.78,322.26,1,1,2025-10-02 02:08:40,16.5,68.6,,1,0,,0
2025-10-02 02:09:25,391.41,3.9679,247.27,7.7847,23.354300000000002,247.42,243.7,250.7,425.27,426.95,432.66,428.26,8.2276,7.2814,7.8453,1.4512,1.0598,1.4569,4.1633,1.425,1.419,1.3193,5.777,2.0357,1.7745,1.9668,0.6899,0.7138,0.5985,0.7414,50,516.85,322.31,1,1,2025-10-02 02:09:25,16.4,67.6,,1,0,,0
2025-10-02 02:10:55,391.51,3.9379,247.41,7.7656,23.297,247.37,244.13,250.74,425.63,427.57,432.41,428.55,8.2078,7.28,7.8092,1.4445,1.0543,1.4391,4.1779,1.4251,1.4286,1.3242,5.7657,2.0304,1.7773,1.9581,0.6858,0.7117,0.5932,0.7363,50,516.99,322.41,1,1,2025-10-02 02:10:55,15.8,66.5,,1,0,,0
2025-10-02 02:11:40,391.56,3.9532,247.49,7.7771,23.331400000000002,247.4,244.2,250.87,425.53,428.42,432.05,428.71,8.2012,7.2739,7.8563,1.4414,1.0595,1.4523,4.1779,1.4253,1.4221,1.3304,5.7762,2.029,1.7763,1.9709,0.6873,0.711,0.5974,0.7373,50,517.07,322.46,1,1,2025-10-02 02:11:40,15.8,66.3,,1,0,,0
2025-10-02 02:12:25,391.59,0.3647,248.47,0.505,1.5151,248.61,245.4,251.41,427.77,429.55,433.79,430.42,0.0,0.0412,1.4739,0.0,0.0013,0.3634,0.0652,0,0,0.0652,0.3807,0,0.0101,0.3706,0.9843,1,1,0.9842,50,517.12,322.5,0,1,2025-10-02 02:12:25,15.7,65.5,,0,0,,1
2025-10-02 02:13:10,391.6,0.3604,248.57,0.5018,1.5054,248.69,245.61,251.42,428.3,429.74,433.58,430.54,0.0,0.0416,1.4638,0.0,0.0,0.3604,0.0671,0,0,0.0671,0.3782,0,0.0102,0.368,0.983,1,1,0.983,50,517.12,322.5,0,1,2025-10-02 02:13:10,15.6,67.6,,0,0,,1
2025-10-02 02:13:55,391.6,0.361,248.68,0.5012,1.5038,248.69,246.14,251.22,428.94,429.78,433.47,430.45,0.0,0.042,1.4618,0.0,0.0014,0.3596,0.0669,0,0,0.0669,0.3776,0,0.0103,0.3672,0.9832,1,1,0.9831,50,517.13,322.5,0,1,2025-10-02 02:13:55,15.6,71.7,,0,0,,1
2025-10-02 02:14:40,391.61,0.3597,248.69,0.4995,1.4985,248.69,246.18,251.2,428.94,430.11,433.18,430.7,0.0,0.0412,1.4573,0.0,0.0014,0.3583,0.0676,0,0,0.0676,0.3762,0,0.0101,0.3661,0.9827,1,1,0.9826,50,517.13,322.51,0,1,2025-10-02 02:14:40,15.7,74.8,,0,0,,1
2025-10-02 02:15:25,391.61,0.3603,248.61,0.5003,1.501,248.72,245.94,251.19,428.85,430.36,432.63,430.63,0.0,0.0428,1.4582,0.0,0.0018,0.3585,0.0691,0,0.0013,0.0678,0.3768,0,0.0105,0.3663,0.9821,1,1,0.9825,50,517.14,322.51,0,1,2025-10-02 02:15:25,15.8,77.2,,0,0,,1
2025-10-02 02:16:10,391.62,0.3597,248.77,0.4999,1.4998,249.23,245.7,251.39,428.78,430.23,433.65,430.88,0.0,0.0428,1.457,0.0,0.0013,0.3584,0.0677,0,0,0.0677,0.3768,0,0.0105,0.3663,0.9827,1,1,0.9826,50,517.14,322.51,0,1,2025-10-02 02:16:10,15.9,79.1,,0,0,,1
2025-10-02 02:16:55,391.62,0.3588,248.52,0.4985,1.4956,248.98,245.3,251.3,428.1,429.43,433.86,430.46,0.0,0.042,1.4536,0.0,0.0015,0.3573,0.0686,0,0,0.0686,0.3756,0,0.0103,0.3653,0.9821,1,1,0.982,50,517.15,322.51,0,1,2025-10-02 02:16:55,16.4,81.1,,0,0,,1
2025-10-02 02:17:40,391.62,0.3594,248.32,0.4996,1.4989999999999999,248.82,244.9,251.25,427.83,428.74,433.77,430.11,0.0,0.0432,1.4558,0.0,0.0016,0.3578,0.0687,0,0,0.0687,0.3763,0,0.0106,0.3658,0.9822,1,1,0.982,50,517.15,322.51,0,1,2025-10-02 02:17:40,16.5,82.4,,0,0,,1
2025-10-02 02:18:25,391.63,0.3589,248.29,0.4986,1.4959,248.78,244.59,251.5,427.43,428.87,433.86,430.01,0.0,0.0428,1.4531,0.0,0.0016,0.3573,0.0694,0,0,0.0694,0.3759,0,0.0105,0.3655,0.9818,1,1,0.9816,50,517.16,322.51,0,1,2025-10-02 02:18:25,16.6,83.5,,0,0,,1
2025-10-02 02:19:10,391.63,0.3579,248.39,0.498,1.494,248.77,244.92,251.49,427.62,429.15,433.93,430.22,0.0,0.0428,1.4512,0.0,0.0011,0.3568,0.0694,0,0,0.0694,0.3754,0,0.0105,0.365,0.9817,1,1,0.9816,50,517.16,322.51,0,1,2025-10-02 02:19:10,16.7,84.7,,0,0,,1
2025-10-02 02:19:55,391.64,0.3591,248.59,0.4988,1.4966,249.11,245.07,251.6,428.35,428.94,434.45,430.6,0.0,0.0424,1.4542,0.0,0.0012,0.3579,0.0686,0,0,0.0686,0.3763,0,0.0104,0.3659,0.9822,1,1,0.9821,50,517.17,322.51,0,1,2025-10-02 02:19:55,17.2,85.6,,0,0,,1
2025-10-02 02:20:40,391.64,0.3583,248.58,0.4969,1.4907,249.03,245.01,251.7,428.17,428.85,434.65,430.54,0.0,0.0408,1.4499,0.0,0.0015,0.3567,0.0695,0,0,0.0695,0.3749,0,0.01,0.3649,0.9817,1,1,0.9815,50,517.17,322.51,0,1,2025-10-02 02:20:40,17.2,86.4,,0,0,,1
2025-10-02 02:21:25,391.65,0.3588,248.83,0.4985,1.4955999999999998,249.16,246.06,251.27,429.31,430,433.64,430.98,0.0,0.0412,1.4544,0.0,0.0012,0.3576,0.0679,0,0,0.0679,0.3756,0,0.0101,0.3654,0.9825,1,1,0.9824,50,517.18,322.51,0,1,2025-10-02 02:21:25,17.3,87.2,,0,0,,1
2025-10-02 02:22:10,391.65,0.358,248.73,0.4975,1.4926,248.87,246.34,251,429.08,430.35,433.03,430.81,0.0,0.042,1.4506,0.0,0.0018,0.3562,0.0679,0,0,0.0679,0.3744,0,0.0103,0.3641,0.9824,1,1,0.9823,50,517.18,322.51,0,1,2025-10-02 02:22:10,17.4,87.9,,0,0,,1
2025-10-02 02:22:55,391.66,0.3577,248.72,0.4973,1.492,249.01,246.07,251.09,429,430.72,432.67,430.83,0.0,0.042,1.45,0.0,0.0015,0.3561,0.0681,0,0,0.0681,0.3744,0,0.0103,0.3641,0.9823,1,1,0.9821,50,517.19,322.52,0,1,2025-10-02 02:22:55,17.5,88.7,,0,0,,1
2025-10-02 02:23:40,391.66,0.3577,248.85,0.497,1.4911,249.11,246.02,251.44,428.77,431.2,433.12,430.94,0.0,0.0424,1.4487,0.0,0.0015,0.3562,0.0687,0,0,0.0687,0.3747,0,0.0104,0.3643,0.982,1,1,0.9819,50,517.19,322.52,0,1,2025-10-02 02:23:40,18.0,89.1,,0,0,,1
2025-10-02 02:24:25,391.67,0.359,249.13,0.4977,1.4931,249.25,246.48,251.68,429.84,430.94,433.76,431.54,0.0,0.0416,1.4515,0.0,0.0016,0.3574,0.0681,0,0,0.0681,0.3756,0,0.0103,0.3653,0.9824,1,1,0.9823,50,517.2,322.52,0,1,2025-10-02 02:24:25,18.0,89.2,,0,0,,1
2025-10-02 02:25:10,391.67,0.3577,248.85,0.4965,1.4896,248.71,246.22,251.63,428.9,430.79,433.38,431.01,0.0,0.0408,1.4488,0.0,0.0011,0.3566,0.0682,0,0,0.0682,0.3746,0,0.01,0.3646,0.9823,1,1,0.9822,50,517.2,322.52,0,1,2025-10-02 02:25:10,18.1,89.4,,0,0,,1
2025-10-02 02:25:55,391.67,0.3574,248.59,0.4963,1.4889999999999999,248.2,246.16,251.43,428.38,429.82,433.54,430.55,0.0,0.0408,1.4482,0.0,0.0011,0.3562,0.068,0,0,0.068,0.3742,0,0.01,0.3641,0.9823,1,1,0.9822,50,517.2,322.52,0,1,2025-10-02 02:25:55,18.2,89.7,,0,0,,1
2025-10-02 02:26:40,391.68,0.3572,248.6,0.4962,1.4888000000000001,248.29,246.07,251.46,428.16,430.64,432.99,430.55,0.0,0.0416,1.4472,0.0,0.0013,0.3559,0.0686,0,0,0.0686,0.3741,0,0.0102,0.3639,0.982,1,1,0.9819,50,517.21,322.52,0,1,2025-10-02 02:26:40,18.2,90.2,,0,0,,1
2025-10-02 02:27:25,391.68,0.3564,248.02,0.4957,1.4871,247.22,245.7,251.14,426.55,429.98,432.22,429.55,0.0,0.042,1.4451,0.0,0.0014,0.355,0.0681,0,0,0.0681,0.3732,0,0.0103,0.3629,0.9822,1,1,0.982,50,517.21,322.52,0,1,2025-10-02 02:27:25,18.7,90.3,,0,0,,1
2025-10-02 02:28:10,391.69,0.3564,247.81,0.4956,1.4868,247.05,245.32,251.07,426.32,429.35,432.02,429.24,0.0,0.0412,1.4456,0.0,0.0013,0.3551,0.0679,0,0,0.0679,0.3731,0,0.0101,0.3629,0.9823,1,1,0.9822,50,517.22,322.52,0,1,2025-10-02 02:28:10,18.8,90.2,,0,0,,1
2025-10-02 02:28:55,391.69,0.3566,248.14,0.4963,1.4889999999999999,247.97,245.23,251.24,427.59,429.14,432.68,429.81,0.0,0.0428,1.4462,0.0,0.0012,0.3554,0.068,0,0,0.068,0.3738,0,0.0105,0.3633,0.9823,1,1,0.9822,50,517.22,322.52,0,1,2025-10-02 02:28:55,18.8,90.2,,0,0,,1
2025-10-02 02:29:40,391.7,0.3552,248.03,0.4956,1.4868000000000001,247.75,245,251.34,427.04,428.49,433.26,429.66,0.0,0.042,1.4448,0.0,0.0,0.3552,0.0684,0,0,0.0684,0.3734,0,0.0103,0.3631,0.9819,1,1,0.9819,50,517.23,322.52,0,1,2025-10-02 02:29:40,18.9,90.8,,0,0,,1
2025-10-02 02:30:25,391.7,0.3572,248.17,0.497,1.491,247.73,245.24,251.55,427.3,428.91,433.33,429.83,0.0,0.044,1.447,0.0,0.0012,0.356,0.0683,0,0,0.0683,0.3748,0,0.0108,0.364,0.9821,1,1,0.982,50,517.23,322.52,0,1,2025-10-02 02:30:25,18.9,91.1,,0,0,,1
2025-10-02 02:31:10,391.7,0.3558,248.17,0.4963,1.4889,247.82,245.25,251.46,427.17,428.94,433.45,429.85,0.0,0.0424,1.4465,0.0,0.0,0.3558,0.068,0,0,0.068,0.3741,0,0.0104,0.3637,0.9822,1,1,0.9822,50,517.24,322.52,0,1,2025-10-02 02:31:10,19.0,90.9,,0,0,,1
2025-10-02 02:31:55,391.71,0.3563,248.35,0.4957,1.4872,247.66,246.32,251.08,427.55,430.93,431.99,430.05,0.0,0.0416,1.4456,0.0,0.0012,0.3552,0.0675,0,0,0.0675,0.3732,0,0.0102,0.363,0.9825,1,1,0.9823,50,517.24,322.53,0,1,2025-10-02 02:31:55,19.0,90.9,,0,0,,1
2025-10-02 02:32:40,391.71,0.3545,248.16,0.4955,1.4866,247.58,246.04,250.88,427.31,430.3,431.91,429.8,0.0,0.0424,1.4442,0.0,0.0,0.3545,0.0676,0,0,0.0676,0.3728,0,0.0104,0.3623,0.9823,1,1,0.9823,50,517.25,322.53,0,1,2025-10-02 02:32:40,19.1,91.1,,0,0,,1
2025-10-02 02:33:25,391.75,4.1344,247.12,7.9541,23.8625,246.16,245.14,250.06,425.48,428.75,429.84,427.98,8.2649,7.5506,8.047,1.4887,1.1624,1.4833,4.1808,1.3846,1.4374,1.3587,5.8977,2.0345,1.851,2.0122,0.7031,0.7322,0.6288,0.7373,50,517.31,322.57,1,1,2025-10-02 02:33:25,19.1,90.2,,1,0,,0
2025-10-02 02:34:10,391.81,4.2679,246.88,8.0672,24.2018,245.87,244.89,249.88,425.17,428.34,429.31,427.64,8.3749,7.6283,8.1986,1.5263,1.2068,1.5348,4.1572,1.3796,1.4223,1.3553,5.9759,2.0591,1.8681,2.0487,0.7163,0.7418,0.6469,0.7495,50,517.38,322.62,1,1,2025-10-02 02:34:10,19.0,83.6,,1,0,,0
2025-10-02 02:34:55,391.86,4.2864,246.92,8.0751,24.225300000000004,245.43,245.24,250.1,424.75,429.02,429.28,427.68,8.3786,7.651,8.1957,1.5311,1.2194,1.536,4.1491,1.3705,1.4227,1.3558,5.9824,2.0564,1.8763,2.0497,0.7185,0.745,0.6507,0.7497,50,517.46,322.67,1,1,2025-10-02 02:34:55,18.9,80.4,,1,0,,0
2025-10-02 02:37:10,392.02,4.2443,247.15,8.0297,24.0893,245.96,245.51,249.99,425.38,429.13,429.73,428.09,8.3672,7.5741,8.148,1.524,1.1929,1.5274,4.1488,1.3803,1.4228,1.3457,5.9544,2.058,1.8595,2.0369,0.7151,0.7411,0.6424,0.7503,50,517.68,322.83,1,1,2025-10-02 02:37:10,18.1,74.9,,1,0,,0
2025-10-02 02:37:55,392.07,4.2248,247.08,8.0086,24.026,246.01,245.16,250.09,425.46,428.6,429.83,427.93,8.3259,7.5412,8.1589,1.5105,1.1869,1.5274,4.1472,1.3812,1.4143,1.3517,5.9375,2.0483,1.8488,2.0405,0.7136,0.7379,0.6428,0.7488,50,517.75,322.88,1,1,2025-10-02 02:37:55,17.9,73.3,,1,0,,0
2025-10-02 02:38:40,392.12,4.204,247.11,7.9984,23.9953,245.87,245.05,250.41,425.24,428.38,430.39,427.96,8.3117,7.5317,8.1519,1.5003,1.1805,1.5231,4.1584,1.3854,1.4154,1.3577,5.9306,2.0436,1.8456,2.0413,0.7109,0.7346,0.6405,0.7464,50,517.83,322.93,1,1,2025-10-02 02:38:40,17.4,72.6,,1,0,,0
2025-10-02 02:39:25,392.18,4.1889,246.92,7.969,23.907,245.55,244.89,250.33,424.89,428.52,429.64,427.63,8.2526,7.5279,8.1265,1.4907,1.1841,1.5141,4.1376,1.3704,1.4098,1.3574,5.9042,2.0264,1.8435,2.0343,0.7114,0.7361,0.6431,0.7445,50,517.9,322.98,1,1,2025-10-02 02:39:25,17.3,72.7,,1,0,,0
2025-10-02 02:40:10,392.23,4.1699,246.87,7.9526,23.858,245.93,244.21,250.48,424.99,427.19,430.6,427.58,8.2535,7.494,8.1105,1.4861,1.1688,1.5149,4.137,1.3801,1.4049,1.352,5.8914,2.0298,1.8301,2.0315,0.7099,0.7327,0.6395,0.746,50,517.97,323.03,1,1,2025-10-02 02:40:10,17.3,72.8,,1,0,,0
2025-10-02 02:40:55,392.28,4.1523,246.89,7.9334,23.8002,245.83,244.31,250.54,424.41,427.95,430.53,427.61,8.2379,7.4648,8.0975,1.4793,1.1617,1.5114,4.1352,1.3807,1.4025,1.352,5.8776,2.0251,1.8237,2.0287,0.7085,0.731,0.6379,0.7452,50,518.05,323.09,1,1,2025-10-02 02:40:55,17.2,70.2,,1,0,,0
2025-10-02 02:41:40,392.33,4.1461,246.98,7.9309,23.7928,245.83,244.48,250.63,424.13,428.46,430.76,427.82,8.2728,7.4424,8.0776,1.4832,1.152,1.5109,4.1392,1.3888,1.4047,1.3458,5.8777,2.0337,1.8195,2.0245,0.7076,0.7299,0.6341,0.7467,50,518.12,323.14,1,1,2025-10-02 02:41:40,16.7,69.2,,1,0,,0
2025-10-02 02:42:25,392.39,4.1876,246.93,7.9786,23.936,245.31,245.51,249.99,424.7,428.73,429.7,427.71,8.294,7.5055,8.1365,1.4947,1.1772,1.5157,4.1476,1.3782,1.4143,1.3551,5.9113,2.0346,1.8427,2.034,0.7104,0.7351,0.6397,0.7454,50,518.2,323.19,1,1,2025-10-02 02:42:25,16.6,68.7,,1,0,,0
2025-10-02 02:43:10,392.44,4.1824,247.25,7.9758,23.927599999999998,245.54,245.72,250.5,424.74,430.22,429.81,428.24,8.2866,7.4641,8.1769,1.4855,1.1722,1.5247,4.1616,1.3882,1.4071,1.3663,5.9171,2.0347,1.8341,2.0483,0.7088,0.7306,0.64,0.7447,50,518.27,323.24,1,1,2025-10-02 02:43:10,16.5,67.9,,1,0,,0
2025-10-02 02:43:55,392.49,4.1949,247.38,7.9859,23.957900000000002,246.12,245.71,250.33,425.57,429.75,430.14,428.46,8.3095,7.521,8.1274,1.5026,1.1756,1.5166,4.161,1.3847,1.422,1.3544,5.9277,2.0451,1.848,2.0345,0.7099,0.7353,0.6371,0.7458,50,518.34,323.29,1,1,2025-10-02 02:43:55,16.4,67.5,,1,0,,0
2025-10-02 02:44:40,392.54,4.0706,247.48,7.877,23.631,246.09,246,250.36,425.98,429.97,430.01,428.67,8.1611,7.4307,8.0392,1.4546,1.1415,1.4745,4.1746,1.3822,1.4241,1.3682,5.849,2.0084,1.828,2.0127,0.6981,0.7249,0.6254,0.733,50,518.42,323.35,1,1,2025-10-02 02:44:40,15.9,66.7,,1,0,,0
2025-10-02 02:45:25,392.6,4.1689,247.69,7.9724,23.917299999999997,246.41,246.21,250.45,426.38,430.47,430.18,428.96,8.2692,7.5393,8.1088,1.4932,1.1738,1.5019,4.1843,1.3841,1.4347,1.3656,5.9247,2.0376,1.8563,2.0308,0.7057,0.7333,0.6332,0.7398,50,518.49,323.4,1,1,2025-10-02 02:45:25,15.8,65.9,,1,0,,0
2025-10-02 02:46:10,392.65,4.1892,247.73,7.9894,23.9684,246.45,246.19,250.55,426.21,430.36,430.67,429.1,8.2942,7.5596,8.1146,1.5024,1.1796,1.5072,4.1816,1.3833,1.4356,1.3627,5.9383,2.0441,1.8611,2.0331,0.7077,0.7356,0.6348,0.7417,50,518.57,323.45,1,1,2025-10-02 02:46:10,15.7,66.1,,1,0,,0
2025-10-02 02:46:55,392.7,4.1587,247.41,7.9533,23.8601,246.11,245.83,250.3,425.94,429.8,429.85,428.55,8.2531,7.519,8.088,1.4898,1.1699,1.499,4.1635,1.3778,1.4271,1.3586,5.904,2.0312,1.8484,2.0244,0.7066,0.7341,0.6339,0.7409,50,518.64,323.51,1,1,2025-10-02 02:46:55,15.7,65.3,,1,0,,0
2025-10-02 02:47:40,392.73,0.3631,248.14,0.5033,1.5101,247.46,245.88,251.09,427.12,430.12,432.14,429.78,0.0,0.0416,1.4685,0.0,0.0016,0.3615,0.0657,0,0,0.0657,0.379,0,0.0102,0.3687,0.984,1,1,0.9838,50,518.69,323.53,0,1,2025-10-02 02:47:40,15.6,65.6,,0,0,,1
2025-10-02 02:48:25,392.74,0.3592,247.85,0.4998,1.4994,247.08,245.72,250.75,426.38,430.19,431.3,429.29,0.0,0.042,1.4574,0.0,0.0014,0.3578,0.0671,0,0,0.0671,0.3758,0,0.0103,0.3654,0.9829,1,1,0.9828,50,518.69,323.54,0,1,2025-10-02 02:48:25,15.2,69.5,,0,0,,1
2025-10-02 02:49:10,392.74,0.3565,248,0.4986,1.496,247.1,246.46,250.45,426.98,430.66,431.03,429.55,0.0,0.042,1.454,0.0,0.0,0.3565,0.0668,0,0,0.0668,0.3745,0,0.0104,0.3642,0.9829,1,1,0.9829,50,518.69,323.54,0,1,2025-10-02 02:49:10,15.6,74.3,,0,0,,1
2025-10-02 02:49:55,392.74,0.357,247.86,0.498,1.4941,246.97,246.13,250.48,426.98,429.9,431.03,429.32,0.0,0.042,1.4521,0.0,0.001,0.3559,0.0675,0,0,0.0675,0.3741,0,0.0103,0.3637,0.9825,1,1,0.9824,50,518.7,323.54,0,1,2025-10-02 02:49:55,15.7,77.5,,0,0,,1
2025-10-02 02:50:40,392.75,0.3568,247.78,0.4992,1.4977,247.06,245.49,250.8,426.5,429.41,431.6,429.19,0.0,0.0436,1.4541,0.0,0.0,0.3568,0.0685,0,0,0.0685,0.3754,0,0.0107,0.3647,0.982,1,1,0.982,50,518.7,323.54,0,1,2025-10-02 02:50:40,15.8,79.4,,0,0,,1
2025-10-02 02:51:25,392.75,0.3563,247.92,0.4975,1.4926,247.65,245.2,250.91,426.52,429.2,432.52,429.38,0.0,0.0408,1.4518,0.0,0.0,0.3563,0.0686,0,0,0.0686,0.3743,0,0.01,0.3643,0.9819,1,1,0.9819,50,518.71,323.54,0,1,2025-10-02 02:51:25,16.0,80.9,,0,0,,1
2025-10-02 02:52:10,392.76,0.3583,248.2,0.4988,1.4966000000000002,247.69,245.86,251.05,427.61,429.95,432.12,429.9,0.0,0.0436,1.453,0.0,0.0015,0.3568,0.0685,0,0,0.0685,0.3755,0,0.0107,0.3648,0.9822,1,1,0.982,50,518.71,323.54,0,1,2025-10-02 02:52:10,16.5,81.9,,0,0,,1
2025-10-02 02:52:55,392.76,0.3582,248.14,0.4983,1.495,247.53,246.02,250.87,427.55,430.18,431.64,429.76,0.0,0.0416,1.4534,0.0,0.0015,0.3568,0.0678,0,0,0.0678,0.3748,0,0.0102,0.3646,0.9825,1,1,0.9823,50,518.72,323.54,0,1,2025-10-02 02:52:55,16.6,83.7,,0,0,,1
2025-10-02 02:53:40,392.77,0.3555,248.04,0.4966,1.4898,247.37,246.45,250.32,428,430.38,430.49,429.67,0.0,0.0432,1.4466,0.0,0.0012,0.3543,0.0675,0,0,0.0675,0.3728,0,0.0106,0.3621,0.9824,1,1,0.9823,50,518.72,323.54,0,1,2025-10-02 02:53:40,16.7,84.6,,0,0,,1
2025-10-02 02:54:25,392.77,0.3561,248,0.4967,1.4901,247.29,246.22,250.5,427.33,430.43,430.89,429.58,0.0,0.042,1.4481,0.0,0.0013,0.3549,0.0679,0,0,0.0679,0.3731,0,0.0103,0.3627,0.9823,1,1,0.9821,50,518.73,323.54,0,1,2025-10-02 02:54:25,17.2,85,,0,0,,1
2025-10-02 02:55:10,392.78,0.3566,248.11,0.4971,1.4912999999999998,247.8,245.92,250.62,427.73,429.75,431.75,429.78,0.0,0.0432,1.4481,0.0,0.0014,0.3551,0.0674,0,0,0.0674,0.3735,0,0.0106,0.3629,0.9825,1,1,0.9824,50,518.73,323.54,0,1,2025-10-02 02:55:10,17.3,85.5,,0,0,,1
2025-10-02 02:55:55,392.78,0.3557,248.02,0.496,1.488,247.69,245.75,250.64,427.61,429.25,431.92,429.64,0.0,0.042,1.446,0.0,0.0011,0.3545,0.068,0,0,0.068,0.3727,0,0.0103,0.3624,0.9822,1,1,0.9821,50,518.74,323.54,0,1,2025-10-02 02:55:55,17.4,86.1,,0,0,,1
2025-10-02 02:56:40,392.78,0.3548,248.25,0.4966,1.4898,247.62,246.39,250.75,427.58,430.55,431.83,430,0.0,0.0432,1.4466,0.0,0.0,0.3548,0.068,0,0,0.068,0.3734,0,0.0106,0.3627,0.9821,1,1,0.9821,50,518.74,323.54,0,1,2025-10-02 02:56:40,17.5,88.5,,0,0,,1
2025-10-02 02:57:25,392.79,0.3559,248.36,0.497,1.4911999999999999,247.87,246.38,250.83,428.16,430.42,431.93,430.21,0.0,0.0408,1.4504,0.0,0.0,0.3559,0.0679,0,0,0.0679,0.3739,0,0.0101,0.3638,0.9822,1,1,0.9822,50,518.75,323.55,0,1,2025-10-02 02:57:25,18.0,89,,0,0,,1
2025-10-02 02:58:10,392.79,0.3574,248.33,0.4966,1.49,247.38,246.37,251.24,427.42,430.49,432.45,430.11,0.0,0.0416,1.4484,0.0,0.0014,0.356,0.0681,0,0,0.0681,0.3741,0,0.0102,0.3639,0.9823,1,1,0.9821,50,518.75,323.55,0,1,2025-10-02 02:58:10,18.1,88.8,,0,0,,1
2025-10-02 02:58:55,392.8,0.3558,248.36,0.4966,1.49,247.69,246.19,251.22,427.78,429.79,432.98,430.18,0.0,0.0416,1.4484,0.0,0.0,0.3558,0.0688,0,0,0.0688,0.3741,0,0.0102,0.3639,0.9818,1,1,0.9818,50,518.76,323.55,0,1,2025-10-02 02:58:55,18.1,89,,0,0,,1
2025-10-02 02:59:40,392.8,0.3558,248.46,0.4965,1.4896,247.5,246.58,251.31,427.98,430.64,432.43,430.34,0.0,0.042,1.4476,0.0,0.0,0.3558,0.0683,0,0,0.0683,0.3742,0,0.0104,0.3638,0.982,1,1,0.982,50,518.76,323.55,0,1,2025-10-02 02:59:40,18.2,89.3,,0,0,,1
2025-10-02 03:00:25,392.81,0.3561,248.46,0.4969,1.4909,247.69,246.35,251.36,427.85,430.52,432.7,430.35,0.0,0.0424,1.4485,0.0,0.0,0.3561,0.0684,0,0,0.0684,0.3745,0,0.0104,0.3641,0.982,1,1,0.982,50,518.77,323.55,0,1,2025-10-02 03:00:25,18.3,89.8,,0,0,,1
2025-10-02 03:01:10,392.81,0.3577,248.44,0.4975,1.4925,248.15,245.93,251.26,428.23,430.07,432.67,430.31,0.0,0.042,1.4505,0.0,0.001,0.3567,0.0675,0,0,0.0675,0.3748,0,0.0103,0.3645,0.9826,1,1,0.9825,50,518.77,323.55,0,1,2025-10-02 03:01:10,18.7,89.6,,0,0,,1
2025-10-02 03:01:55,392.82,0.3569,248.6,0.4974,1.4922,248.3,246.22,251.28,428.52,430.3,432.94,430.56,0.0,0.0416,1.4506,0.0,0.0,0.3569,0.0669,0,0,0.0669,0.3747,0,0.0102,0.3645,0.9828,1,1,0.9828,50,518.77,323.55,0,1,2025-10-02 03:01:55,18.8,89.6,,0,0,,1
2025-10-02 03:02:40,392.82,0.3576,248.45,0.497,1.4911,248.24,245.77,251.36,427.98,430.36,432.68,430.36,0.0,0.0424,1.4487,0.0,0.0014,0.3562,0.0681,0,0,0.0681,0.3746,0,0.0104,0.3641,0.9823,1,1,0.9822,50,518.78,323.55,0,1,2025-10-02 03:02:40,18.8,89.6,,0,0,,1
2025-10-02 03:03:25,392.83,0.3551,248.46,0.4954,1.4864000000000002,248.18,245.97,251.23,428.07,430.08,432.88,430.36,0.0,0.0416,1.4448,0.0,0.0,0.3551,0.0681,0,0,0.0681,0.3732,0,0.0102,0.363,0.9821,1,1,0.9821,50,518.78,323.55,0,1,2025-10-02 03:03:25,18.9,89.9,,0,0,,1
2025-10-02 03:04:10,392.83,0.3568,248.36,0.4966,1.4898,247.61,246.51,250.97,427.8,430.75,431.98,430.17,0.0,0.042,1.4478,0.0,0.0012,0.3557,0.0671,0,0,0.0671,0.3737,0,0.0104,0.3634,0.9827,1,1,0.9826,50,518.79,323.55,0,1,2025-10-02 03:04:10,18.9,90.1,,0,0,,1
2025-10-02 03:04:55,392.83,0.3548,248.07,0.4957,1.4871999999999999,247.03,246.4,250.8,427.14,430.32,431.58,429.65,0.0,0.0412,1.446,0.0,0.0,0.3548,0.0677,0,0,0.0677,0.3728,0,0.0102,0.3627,0.9823,1,1,0.9823,50,518.79,323.55,0,1,2025-10-02 03:04:55,18.9,90.2,,0,0,,1
2025-10-02 03:05:40,392.84,0.3549,248.23,0.496,1.488,247.15,246.51,251.05,427.52,430.42,431.93,429.98,0.0,0.0432,1.4448,0.0,0.0,0.3549,0.0677,0,0,0.0677,0.3734,0,0.0106,0.3627,0.9822,1,1,0.9822,50,518.8,323.55,0,1,2025-10-02 03:05:40,19.0,90.5,,0,0,,1
2025-10-02 03:06:25,392.84,0.3554,248.15,0.4956,1.4868000000000001,246.94,246.51,251.02,426.6,431.13,431.72,429.81,0.0,0.0436,1.4432,0.0,0.0011,0.3543,0.0681,0,0,0.0681,0.373,0,0.0107,0.3623,0.9821,1,1,0.982,50,518.8,323.56,0,1,2025-10-02 03:06:25,19.0,90.5,,0,0,,1
2025-10-02 03:07:10,392.85,0.3554,248.27,0.4963,1.4889000000000001,247.07,246.76,250.98,427.46,430.97,431.61,430.02,0.0,0.042,1.4469,0.0,0.0,0.3554,0.0671,0,0,0.0671,0.3735,0,0.0104,0.3631,0.9826,1,1,0.9826,50,518.81,323.56,0,1,2025-10-02 03:07:10,19.0,90.7,,0,0,,1
2025-10-02 03:07:55,392.85,0.3542,247.92,0.4949,1.4848000000000001,247.13,245.76,250.87,426.95,429.71,431.57,429.48,0.0,0.042,1.4428,0.0,0.0,0.3542,0.0673,0,0,0.0673,0.3723,0,0.0103,0.362,0.9824,1,1,0.9824,50,518.81,323.56,0,1,2025-10-02 03:07:55,19.1,90.7,,0,0,,1
2025-10-02 03:08:40,392.88,3.9829,247.52,7.8293,23.4879,246.99,245.1,250.48,426.1,428.92,431.14,428.73,8.1896,7.375,7.9233,1.4432,1.0913,1.4484,4.208,1.4149,1.4376,1.3555,5.815,2.0227,1.8076,1.9846,0.6874,0.714,0.6046,0.7301,50,518.86,323.59,1,1,2025-10-02 03:08:40,19.1,90.3,,1,0,,0
2025-10-02 03:10:10,392.98,4.0433,247.77,7.8777,23.6331,247.31,245.35,250.65,426.87,428.51,432.06,429.2,8.251,7.4531,7.929,1.4722,1.1119,1.4592,4.2052,1.4101,1.4479,1.3473,5.8566,2.0406,1.8286,1.9874,0.693,0.7221,0.609,0.7347,50,519.01,323.69,1,1,2025-10-02 03:10:10,18.9,79.8,,1,0,,0
2025-10-02 03:10:55,393.03,4.016,247.85,7.8603,23.5809,247.51,245.39,250.66,427.14,428.52,432.21,429.31,8.241,7.4355,7.9044,1.4654,1.1001,1.4504,4.2168,1.4163,1.4522,1.3483,5.8456,2.0397,1.8246,1.9813,0.6896,0.719,0.6038,0.7324,50,519.08,323.75,1,1,2025-10-02 03:10:55,18.7,75.8,,1,0,,0
2025-10-02 03:11:40,393.08,4.0109,247.78,7.8518,23.555500000000002,247.08,245.66,250.61,426.57,429.15,431.8,429.11,8.225,7.4287,7.9018,1.4608,1.1023,1.4478,4.21,1.41,1.4508,1.3492,5.8374,2.0322,1.8249,1.9803,0.6897,0.7195,0.6049,0.7315,50,519.15,323.8,1,1,2025-10-02 03:11:40,18.1,75,,1,0,,0
2025-10-02 03:12:25,393.13,4.0322,247.7,7.8675,23.6026,247.04,245.16,250.9,426.2,428.44,432.45,429.05,8.2309,7.4254,7.9463,1.4606,1.1089,1.4627,4.207,1.4126,1.4408,1.3536,5.8475,2.0334,1.8204,1.9937,0.6919,0.7188,0.6099,0.7339,50,519.22,323.85,1,1,2025-10-02 03:12:25,17.9,71.8,,1,0,,0
2025-10-02 03:13:10,393.19,3.9812,247.62,7.8244,23.4733,247.02,245.02,250.83,426.46,428.44,431.78,428.88,8.191,7.3885,7.8938,1.4454,1.0905,1.4453,4.2061,1.4131,1.4415,1.3515,5.8137,2.0233,1.8103,1.98,0.6874,0.715,0.6033,0.7304,50,519.3,323.91,1,1,2025-10-02 03:13:10,17.3,71.9,,1,0,,0
2025-10-02 03:13:55,393.23,3.9325,247.61,7.7824,23.347199999999997,246.88,245.28,250.69,426.38,428.45,431.82,428.89,8.1429,7.3365,7.8678,1.4269,1.0748,1.4309,4.2094,1.4135,1.4399,1.356,5.7822,2.0103,1.7995,1.9724,0.6826,0.7104,0.5981,0.7258,50,519.37,323.96,1,1,2025-10-02 03:13:55,17.2,71.4,,1,0,,0
2025-10-02 03:14:40,393.29,3.9764,247.56,7.8205,23.4616,246.66,246.04,250,426.72,429.44,430.22,428.82,8.1356,7.4099,7.9161,1.439,1.1035,1.4338,4.2058,1.3958,1.4475,1.3625,5.8089,2.0067,1.8231,1.979,0.687,0.7178,0.6062,0.7249,50,519.44,324.01,1,1,2025-10-02 03:14:40,16.6,70.2,,1,0,,0
2025-10-02 03:15:25,393.33,3.9534,247.45,7.796,23.388099999999998,246.7,245.54,250.13,426.63,428.75,430.43,428.63,8.1372,7.3708,7.8801,1.4341,1.0878,1.4315,4.198,1.4021,1.4427,1.3532,5.7883,2.0074,1.8098,1.971,0.6855,0.715,0.602,0.7266,50,519.51,324.06,1,1,2025-10-02 03:15:25,16.5,68.3,,1,0,,0
2025-10-02 03:16:10,393.38,3.9753,247.69,7.8167,23.4503,246.71,245.98,250.4,426.59,430.14,430.34,428.99,8.1546,7.3842,7.9115,1.439,1.0966,1.4397,4.2069,1.4033,1.4444,1.3592,5.8092,2.0118,1.8164,1.981,0.6868,0.7159,0.6047,0.7265,50,519.59,324.12,1,1,2025-10-02 03:16:10,16.0,67.7,,1,0,,0
2025-10-02 03:16:55,393.43,3.9481,247.57,7.7966,23.389799999999997,246.83,245.25,250.63,426.19,428.81,431.41,428.76,8.158,7.3365,7.8953,1.4298,1.0772,1.4412,4.2057,1.415,1.4358,1.3549,5.7917,2.0136,1.7993,1.9788,0.6844,0.711,0.5999,0.7285,50,519.66,324.17,1,1,2025-10-02 03:16:55,15.8,67.8,,1,0,,0
2025-10-02 03:17:40,393.48,3.9558,247.75,7.7952,23.3856,247.1,245.89,250.28,427.1,429.58,430.69,429.08,8.1446,7.3586,7.8824,1.4369,1.0846,1.4343,4.2055,1.407,1.445,1.3535,5.7947,2.0125,1.8094,1.9728,0.6851,0.7144,0.6,0.7267,50,519.73,324.22,1,1,2025-10-02 03:17:40,15.8,67.4,,1,0,,0
2025-10-02 03:18:25,393.53,4.0007,247.79,7.8476,23.543,247.36,245.66,250.36,427.37,428.99,431.2,429.11,8.2214,7.3945,7.9271,1.4561,1.0941,1.4505,4.2096,1.4138,1.4456,1.3503,5.8348,2.0336,1.8165,1.9846,0.6888,0.7177,0.6035,0.7325,50,519.8,324.27,1,1,2025-10-02 03:18:25,15.7,67.1,,1,0,,0
2025-10-02 03:19:10,393.58,3.987,247.95,7.8325,23.497700000000002,247.45,245.4,251,426.92,429.2,432.27,429.5,8.2152,7.3726,7.9099,1.4479,1.0836,1.4555,4.2216,1.4235,1.4446,1.3535,5.8275,2.0329,1.8092,1.9854,0.6866,0.7133,0.6003,0.7312,50,519.88,324.33,1,1,2025-10-02 03:19:10,15.6,65.7,,1,0,,0
2025-10-02 03:19:55,393.63,3.9602,248,7.8149,23.444699999999997,247.62,245.39,251.01,426.93,429.04,432.7,429.54,8.2069,7.3644,7.8734,1.4453,1.0745,1.4404,4.227,1.4259,1.4495,1.3515,5.8156,2.0322,1.8072,1.9763,0.6836,0.7118,0.5954,0.7292,50,519.95,324.38,1,1,2025-10-02 03:19:55,15.2,64.1,,1,0,,0
2025-10-02 03:20:40,393.67,0.3645,248.83,0.5048,1.5146,248.62,246.37,251.5,428.65,430.5,433.81,430.98,0.0,0.042,1.4726,0.0,0.0015,0.3631,0.0655,0,0,0.0655,0.3807,0,0.0103,0.3704,0.9842,1,1,0.984,50,520.01,324.42,0,1,2025-10-02 03:20:40,15.1,63.7,,0,0,,1
2025-10-02 03:21:25,393.68,0.3618,249.06,0.5017,1.5053,248.63,246.99,251.58,429.07,432.04,433.08,431.29,0.0,0.042,1.4633,0.0,0.0013,0.3605,0.0671,0,0,0.0671,0.3785,0,0.0104,0.3681,0.9832,1,1,0.9831,50,520.01,324.42,0,1,2025-10-02 03:21:25,15.0,65.7,,0,0,,1
2025-10-02 03:22:10,393.68,0.3607,248.65,0.5013,1.504,248.16,246.53,251.26,428.54,430.58,432.89,430.69,0.0,0.0424,1.4616,0.0,0.0011,0.3597,0.0668,0,0,0.0668,0.3777,0,0.0105,0.3672,0.9833,1,1,0.9832,50,520.02,324.42,0,1,2025-10-02 03:22:10,15.0,69.6,,0,0,,1
2025-10-02 03:22:55,393.69,0.3611,248.55,0.501,1.5032,248.2,245.68,251.77,427.9,429.76,433.84,430.52,0.0,0.042,1.4612,0.0,0.0011,0.36,0.068,0,0,0.068,0.3782,0,0.0103,0.3679,0.9827,1,1,0.9826,50,520.02,324.42,0,1,2025-10-02 03:22:55,15.1,73.1,,0,0,,1
2025-10-02 03:23:40,393.69,0.3599,248.35,0.499,1.4972,248.17,245.35,251.54,427.34,429.53,433.61,430.13,0.0,0.0416,1.4556,0.0,0.0017,0.3583,0.0682,0,0,0.0682,0.3763,0,0.0102,0.3661,0.9825,1,1,0.9823,50,520.03,324.42,0,1,2025-10-02 03:23:40,15.2,77.2,,0,0,,1
2025-10-02 03:24:25,393.69,0.3607,248.63,0.4999,1.4999,248.44,245.61,251.84,427.65,430.29,433.98,430.65,0.0,0.042,1.4579,0.0,0.0015,0.3592,0.0696,0,0.001,0.0685,0.3775,0,0.0103,0.3672,0.9819,1,1,0.9822,50,520.03,324.43,0,1,2025-10-02 03:24:25,15.7,79.8,,0,0,,1
2025-10-02 03:25:10,393.7,0.3592,248.88,0.4986,1.496,248.23,246.74,251.68,428.07,431.5,433.66,431.09,0.0,0.042,1.454,0.0,0.0013,0.3579,0.0684,0,0,0.0684,0.3763,0,0.0104,0.3659,0.9823,1,1,0.9822,50,520.04,324.43,0,1,2025-10-02 03:25:10,15.8,81.3,,0,0,,1
2025-10-02 03:25:55,393.7,0.3591,249.14,0.4984,1.4952,248.58,247.17,251.68,428.96,432,433.62,431.56,0.0,0.0416,1.4536,0.0,0.0012,0.3579,0.0685,0,0,0.0685,0.3761,0,0.0103,0.3658,0.9823,1,1,0.9821,50,520.04,324.43,0,1,2025-10-02 03:25:55,15.9,82.6,,0,0,,1
2025-10-02 03:26:40,393.71,0.3587,249.03,0.4982,1.4947,248.93,246.62,251.55,429.22,431.13,433.66,431.29,0.0,0.0412,1.4535,0.0,0.0012,0.3575,0.0689,0,0,0.0689,0.3758,0,0.0102,0.3656,0.982,1,1,0.9819,50,520.05,324.43,0,1,2025-10-02 03:26:40,16.4,83.7,,0,0,,1
2025-10-02 03:27:25,393.71,0.3621,249.25,0.5005,1.5016,246.26,248.85,252.64,427.67,434.56,432.92,431.68,0.0,0.0424,1.4592,0.0,0.0018,0.3603,0.0703,0,0,0.0703,0.3792,0,0.0106,0.3687,0.9816,1,1,0.9814,50,520.05,324.43,0,1,2025-10-02 03:27:25,16.5,84.8,,0,0,,1
2025-10-02 03:28:10,393.72,0.361,249.32,0.4993,1.4979,246.21,248.92,252.85,427.5,435.24,432.81,431.78,0.0,0.042,1.4559,0.0,0.0014,0.3596,0.0712,0,0,0.0712,0.3786,0,0.0105,0.3681,0.9811,1,1,0.9809,50,520.06,324.43,0,1,2025-10-02 03:28:10,16.6,85.5,,0,0,,1
2025-10-02 03:28:55,393.72,0.3613,249.08,0.4997,1.4993,245.54,248.87,252.84,426.63,435.19,432.47,431.45,0.0,0.042,1.4573,0.0,0.0013,0.3599,0.0711,0,0,0.0711,0.3789,0,0.0105,0.3685,0.9811,1,1,0.981,50,520.06,324.43,0,1,2025-10-02 03:28:55,16.7,86.3,,0,0,,1
2025-10-02 03:29:40,393.73,0.3611,249.13,0.4988,1.4965,245.3,249.03,253.07,426.22,435.5,432.83,431.56,0.0,0.0403,1.4562,0.0,0.0011,0.36,0.0723,0,0.0012,0.0712,0.3786,0,0.01,0.3685,0.9805,1,1,0.981,50,520.07,324.43,0,1,2025-10-02 03:29:40,17.2,86.8,,0,0,,1
2025-10-02 03:30:25,393.73,0.3625,249.24,0.5007,1.5022,245.83,248.64,253.26,426.27,435.11,433.73,431.77,0.0,0.0428,1.4594,0.0,0.0015,0.361,0.0721,0,0.001,0.0711,0.3802,0,0.0106,0.3696,0.9807,1,1,0.9811,50,520.07,324.43,0,1,2025-10-02 03:30:25,17.3,87.2,,0,0,,1
2025-10-02 03:31:10,393.73,0.3595,248.43,0.4983,1.4949,244.68,248.34,252.27,425.3,434.52,431.08,430.33,0.0,0.0424,1.4525,0.0,0.0014,0.3581,0.0699,0,0,0.0699,0.377,0,0.0105,0.3664,0.9815,1,1,0.9814,50,520.08,324.43,0,1,2025-10-02 03:31:10,17.4,87.5,,0,0,,1
2025-10-02 03:31:55,393.74,0.3593,248.53,0.4979,1.4939,244.76,248.59,252.26,425.37,435.1,430.98,430.47,0.0,0.042,1.4519,0.0,0.0012,0.358,0.0695,0,0,0.0695,0.3767,0,0.0104,0.3663,0.9817,1,1,0.9816,50,520.08,324.43,0,1,2025-10-02 03:31:55,17.5,87.9,,0,0,,1
2025-10-02 03:32:40,393.74,0.3572,247.42,0.497,1.4909999999999999,243.05,247.62,251.6,422.16,434.36,429.15,428.54,0.0,0.0432,1.4478,0.0,0.0011,0.3561,0.069,0,0,0.069,0.375,0,0.0107,0.3643,0.9818,1,1,0.9817,50,520.09,324.43,0,1,2025-10-02 03:32:40,17.9,88.3,,0,0,,1
2025-10-02 03:33:25,393.75,0.3585,247.61,0.4977,1.4933,243.31,247.64,251.89,422.68,434.1,429.87,428.79,0.0,0.042,1.4513,0.0,0.0011,0.3575,0.069,0,0,0.069,0.376,0,0.0104,0.3656,0.982,1,1,0.9818,50,520.09,324.44,0,1,2025-10-02 03:33:25,18.0,88.7,,0,0,,1
2025-10-02 03:34:10,393.75,0.3569,247.62,0.4968,1.4905000000000002,243.45,247.55,251.88,422.97,433.25,430.5,428.87,0.0,0.0416,1.4489,0.0,0.0,0.3569,0.0688,0,0,0.0688,0.3752,0,0.0103,0.3649,0.9819,1,1,0.9819,50,520.09,324.44,0,1,2025-10-02 03:34:10,18.1,89,,0,0,,1
2025-10-02 03:34:55,393.76,0.3572,247.75,0.4962,1.4888,243.38,248.31,251.56,423.57,434.15,429.64,429.13,0.0,0.0428,1.446,0.0,0.0014,0.3558,0.0683,0,0,0.0683,0.3744,0,0.0106,0.3638,0.9821,1,1,0.982,50,520.1,324.44,0,1,2025-10-02 03:34:55,18.1,89.3,,0,0,,1
2025-10-02 03:35:40,393.76,0.3568,247.46,0.4964,1.4892,243.5,247.51,251.39,423.17,433.12,429.6,428.68,0.0,0.0424,1.4468,0.0,0.0011,0.3557,0.0684,0,0,0.0684,0.3742,0,0.0105,0.3637,0.9821,1,1,0.982,50,520.1,324.44,0,1,2025-10-02 03:35:40,18.2,89.5,,0,0,,1
2025-10-02 03:36:25,393.77,0.3568,247.36,0.4962,1.4886,243.3,247.63,251.16,423.26,432.72,429.38,428.47,0.0,0.0424,1.4462,0.0,0.0015,0.3553,0.0681,0,0,0.0681,0.3737,0,0.0105,0.3632,0.9822,1,1,0.9821,50,520.11,324.44,0,1,2025-10-02 03:36:25,18.3,89.7,,0,0,,1
2025-10-02 03:37:10,393.77,0.355,247.32,0.4962,1.4888000000000001,243.3,247.5,251.18,422.77,433.12,429.27,428.38,0.0,0.0436,1.4452,0.0,0.0,0.355,0.0687,0,0,0.0687,0.3738,0,0.0108,0.363,0.9817,1,1,0.9817,50,520.11,324.44,0,1,2025-10-02 03:37:10,18.7,90,,0,0,,1
2025-10-02 03:37:55,393.77,0.3559,247.35,0.4965,1.4895,243.4,247.26,251.39,423.18,432.78,429.33,428.46,0.0,0.042,1.4475,0.0,0.0,0.3559,0.0686,0,0,0.0686,0.3743,0,0.0104,0.3639,0.9819,1,1,0.9819,50,520.12,324.44,0,1,2025-10-02 03:37:55,18.8,90,,0,0,,1
2025-10-02 03:38:40,393.78,0.3569,247.49,0.496,1.4882,243.56,247.41,251.52,422.98,433.43,429.64,428.66,0.0,0.042,1.4462,0.0,0.0011,0.3558,0.0682,0,0,0.0682,0.3741,0,0.0104,0.3637,0.9822,1,1,0.9821,50,520.12,324.44,0,1,2025-10-02 03:38:40,18.8,90.1,,0,0,,1
2025-10-02 03:39:25,393.78,0.3568,247.61,0.4974,1.4924,243.4,247.76,251.68,422.93,434.58,429.15,428.83,0.0,0.0428,1.4496,0.0,0.0,0.3568,0.0687,0,0,0.0687,0.3754,0,0.0106,0.3648,0.9819,1,1,0.9819,50,520.13,324.44,0,1,2025-10-02 03:39:25,18.9,90.5,,0,0,,1
2025-10-02 03:40:10,393.79,0.3574,247.77,0.4964,1.4892,242.92,248.64,251.76,423.21,435.38,428.9,429.15,0.0,0.0424,1.4468,0.0,0.0013,0.3561,0.0689,0,0,0.0689,0.3748,0,0.0105,0.3642,0.9818,1,1,0.9817,50,520.13,324.44,0,1,2025-10-02 03:40:10,18.9,90.7,,0,0,,1
2025-10-02 03:40:55,393.79,0.3551,247.64,0.4954,1.4862,242.96,248.47,251.51,423.29,434.46,429.08,428.96,0.0,0.042,1.4442,0.0,0.0,0.3551,0.0686,0,0,0.0686,0.3737,0,0.0104,0.3632,0.9818,1,1,0.9818,50,520.14,324.44,0,1,2025-10-02 03:40:55,19.0,90.8,,0,0,,1
2025-10-02 03:41:40,393.8,3.7973,246.93,7.6379,22.913700000000002,242.01,247.66,251.13,421.86,433.49,427.78,427.68,7.8332,7.2457,7.8348,1.3331,1.0949,1.3693,4.1744,1.3452,1.4178,1.4114,5.6577,1.8957,1.7945,1.9676,0.6729,0.7038,0.6112,0.6963,50,520.15,324.45,1,1,2025-10-02 03:41:40,19.0,91.1,,1,0,,0
2025-10-02 03:42:25,393.85,4.1546,246.92,7.9482,23.8448,242,247.71,251.07,421.81,433.33,427.96,427.73,8.1247,7.5756,8.1445,1.4477,1.2247,1.4821,4.1538,1.3282,1.4182,1.4074,5.8876,1.9662,1.8766,2.0448,0.7071,0.7368,0.6536,0.7251,50,520.22,324.5,1,1,2025-10-02 03:42:25,19.0,87.2,,1,0,,0
2025-10-02 03:43:55,393.96,4.233,246.93,8.0163,24.049,242.5,246.83,251.48,421.41,432.34,429.39,427.7,8.2673,7.5858,8.1959,1.4818,1.2292,1.522,4.1454,1.3481,1.4089,1.3884,5.9383,2.0048,1.8724,2.0611,0.7144,0.7396,0.6574,0.7387,50,520.38,324.61,1,1,2025-10-02 03:43:55,18.8,78.8,,1,0,,0
2025-10-02 03:44:40,394.01,4.2714,247.53,8.0757,24.2273,246.12,245.67,250.82,425.23,429.52,431.49,428.75,8.4568,7.6121,8.1584,1.5393,1.1948,1.5373,4.1824,1.3985,1.435,1.3489,5.9977,2.0814,1.8701,2.0463,0.7145,0.7401,0.6398,0.7516,50,520.45,324.66,1,1,2025-10-02 03:44:40,18.2,76.4,,1,0,,0
2025-10-02 03:45:25,394.07,4.1943,246.78,7.9675,23.902700000000003,245.41,244.85,250.08,424.03,428.36,429.92,427.44,8.3162,7.4855,8.101,1.5025,1.1728,1.519,4.1221,1.3786,1.4048,1.3387,5.8996,2.0409,1.8328,2.0259,0.7132,0.7368,0.6408,0.7502,50,520.52,324.71,1,1,2025-10-02 03:45:25,18.0,74.5,,1,0,,0
2025-10-02 03:46:10,394.12,4.1537,246.73,7.9262,23.7787,245.33,244.76,250.1,424.16,427.83,430.05,427.34,8.2672,7.4433,8.0682,1.4865,1.1592,1.5079,4.1178,1.3772,1.4016,1.3389,5.8679,2.0282,1.8218,2.0179,0.7101,0.7335,0.6373,0.7477,50,520.6,324.76,1,1,2025-10-02 03:46:10,17.4,73.7,,1,0,,0
2025-10-02 03:46:55,394.17,4.1123,246.74,7.8871,23.661500000000004,245.26,244.9,250.06,424.13,428.08,429.9,427.35,8.2025,7.4431,8.0159,1.4723,1.1529,1.487,4.1203,1.3688,1.4088,1.3428,5.839,2.0117,1.8228,2.0045,0.7064,0.7323,0.6333,0.7421,50.1,520.66,324.81,1,1,2025-10-02 03:46:55,17.3,74.1,,1,0,,0
2025-10-02 03:47:40,394.22,4.1156,246.82,7.8955,23.686500000000002,245.12,245.28,250.06,424.55,428.53,429.44,427.48,8.1661,7.4691,8.0513,1.4651,1.1651,1.4853,4.1284,1.3612,1.4099,1.3572,5.847,2.0017,1.832,2.0133,0.706,0.7325,0.637,0.7382,50,520.74,324.86,1,1,2025-10-02 03:47:40,17.1,73.9,,1,0,,0
2025-10-02 03:48:25,394.27,4.1,246.71,7.8761,23.628500000000003,244.89,245.2,250.06,423.73,429.11,429.15,427.29,8.1872,7.4237,8.0176,1.4651,1.1517,1.4833,4.121,1.3668,1.4066,1.3476,5.8301,2.005,1.8203,2.0049,0.7053,0.7312,0.6335,0.7401,50,520.81,324.92,1,1,2025-10-02 03:48:25,16.7,72.3,,1,0,,0
2025-10-02 03:49:55,394.37,4.0897,246.74,7.8648,23.5944,244.8,245.43,250.01,424.22,429.23,428.69,427.29,8.1184,7.4125,8.0635,1.4475,1.158,1.4842,4.1205,1.359,1.3992,1.3623,5.8226,1.9874,1.8193,2.016,0.7044,0.729,0.6375,0.7367,50,520.96,325.02,1,1,2025-10-02 03:49:55,16.5,69.9,,1,0,,0
2025-10-02 03:50:40,394.42,4.0399,246.42,7.8152,23.445700000000002,244.55,245.05,249.66,423.27,428.57,428.6,426.86,8.0824,7.3855,7.9778,1.4376,1.1406,1.4617,4.1058,1.3536,1.4013,1.3509,5.7781,1.9766,1.8098,1.9917,0.7013,0.728,0.6312,0.7343,50,521.03,325.07,1,1,2025-10-02 03:50:40,16.5,71.4,,1,0,,0
2025-10-02 03:51:25,394.48,4.0136,246.38,7.7926,23.3778,244.64,245.09,249.43,423.66,428.03,428.57,426.75,8.0419,7.3895,7.9464,1.4301,1.1358,1.4477,4.1081,1.3487,1.4072,1.3522,5.7605,1.9674,1.8111,1.9821,0.6988,0.7275,0.628,0.7307,50,521.1,325.12,1,1,2025-10-02 03:51:25,16.4,70.1,,1,0,,0
2025-10-02 03:52:10,394.53,4.0627,246.56,7.8378,23.5135,244.69,245.37,249.62,424.07,428.66,428.44,427.07,8.0917,7.4216,8.0002,1.4454,1.152,1.4653,4.1132,1.3509,1.407,1.3553,5.798,1.98,1.821,1.997,0.7027,0.7305,0.6334,0.7341,50,521.18,325.18,1,1,2025-10-02 03:52:10,16.4,69.4,,1,0,,0
2025-10-02 03:52:55,394.58,4.0561,246.74,7.8326,23.497999999999998,244.75,245.8,249.67,424.49,429.47,428.13,427.36,8.0738,7.4251,7.9991,1.4418,1.154,1.4602,4.1197,1.3486,1.4103,1.3608,5.7983,1.9761,1.8251,1.9971,0.7015,0.7303,0.6333,0.7315,50,521.26,325.23,1,1,2025-10-02 03:52:55,15.9,68.5,,1,0,,0
2025-10-02 03:53:40,394.63,4.0559,247.61,7.8579,23.5738,246.19,245.94,250.71,426.32,430.19,430.12,428.9,8.1042,7.4007,8.0689,1.4374,1.1405,1.478,4.1752,1.381,1.4147,1.3795,5.8383,1.9952,1.8201,2.023,0.6967,0.7211,0.6276,0.731,50.1,521.32,325.28,1,1,2025-10-02 03:53:40,15.9,67.6,,1,0,,0
2025-10-02 03:54:25,394.68,4.2178,247.4,8.0031,24.0094,246.09,245.39,250.73,425.64,429.08,430.83,428.47,8.2709,7.5243,8.2142,1.4923,1.1903,1.5353,4.1602,1.3815,1.4078,1.371,5.9413,2.0354,1.8464,2.0595,0.7119,0.7338,0.6456,0.7458,50,521.39,325.33,1,1,2025-10-02 03:54:25,15.8,66.9,,1,0,,0
2025-10-02 03:55:55,394.78,4.0443,248.31,7.885,23.655099999999997,247.62,246.15,251.18,427.74,430.12,432.42,430.07,8.1831,7.4604,8.0116,1.4546,1.1233,1.4664,4.2342,1.4081,1.4493,1.3767,5.875,2.0263,1.8364,2.0124,0.6907,0.7184,0.6126,0.729,50,521.54,325.43,1,1,2025-10-02 03:55:55,15.7,66,,1,0,,0
2025-10-02 03:57:25,394.84,0.3625,249.41,0.5017,1.5053,248.99,247.35,251.9,430,432,433.98,432,0.0,0.0424,1.4629,0.0,0.0018,0.3608,0.0675,0,0,0.0675,0.379,0,0.0105,0.3685,0.983,1,1,0.9829,50,521.62,325.49,0,1,2025-10-02 03:57:25,15.2,66,,0,0,,1
2025-10-02 03:58:10,394.84,0.3617,249.38,0.5014,1.5043,249.09,247.17,251.89,430.12,431.56,434.15,431.86,0.0,0.0416,1.4627,0.0,0.0011,0.3606,0.0677,0,0,0.0677,0.3787,0,0.0103,0.3684,0.9829,1,1,0.9828,50,521.63,325.49,0,1,2025-10-02 03:58:10,15.2,69.3,,0,0,,1
2025-10-02 03:58:55,394.85,0.3627,249.51,0.5018,1.5054,249.17,247.18,252.2,429.82,431.96,434.74,432.14,0.0,0.0424,1.463,0.0,0.0017,0.361,0.0685,0,0,0.0685,0.3794,0,0.0105,0.369,0.9826,1,1,0.9824,50,521.63,325.49,0,1,2025-10-02 03:58:55,15.6,72.6,,0,0,,1
2025-10-02 03:59:40,394.85,0.3617,249.62,0.501,1.503,249.03,247.8,252.04,430.36,432.64,434.07,432.37,0.0,0.0428,1.4602,0.0,0.0017,0.36,0.0686,0,0,0.0686,0.3786,0,0.0106,0.368,0.9824,1,1,0.9823,50,521.64,325.49,0,1,2025-10-02 03:59:40,15.7,75.4,,0,0,,1
2025-10-02 04:00:25,394.86,0.3607,249.7,0.5002,1.5007,249.06,248.05,252,430.54,433.29,433.66,432.48,0.0,0.0424,1.4583,0.0,0.0013,0.3595,0.0688,0,0,0.0688,0.378,0,0.0105,0.3675,0.9823,1,1,0.9821,50,521.64,325.49,0,1,2025-10-02 04:00:25,15.8,78,,0,0,,1
2025-10-02 04:01:10,394.86,0.3601,249.44,0.4992,1.4978,248.96,247.52,251.86,430.46,431.55,434.14,432.1,0.0,0.0416,1.4562,0.0,0.0014,0.3587,0.0691,0,0,0.0691,0.3771,0,0.0103,0.3668,0.982,1,1,0.9819,50,521.65,325.49,0,1,2025-10-02 04:01:10,15.9,80,,0,0,,1
2025-10-02 04:01:55,394.86,0.3595,249.34,0.4989,1.4969000000000001,248.78,247.41,251.85,429.44,432.26,433.94,431.86,0.0,0.0436,1.4533,0.0,0.0017,0.3578,0.0694,0,0,0.0694,0.3768,0,0.0108,0.366,0.9818,1,1,0.9816,50,521.65,325.49,0,1,2025-10-02 04:01:55,16.4,82.4,,0,0,,1
2025-10-02 04:02:40,394.87,0.355,248.86,0.4962,1.4886000000000001,248.58,247.02,251,429.45,430.47,433.22,431.02,0.0,0.042,1.4466,0.0,0.0,0.355,0.0689,0,0,0.0689,0.3735,0,0.0104,0.3631,0.9816,1,1,0.9816,50,521.65,325.5,0,1,2025-10-02 04:02:40,16.5,83.8,,0,0,,1
2025-10-02 04:03:25,394.87,0.3561,248.76,0.496,1.4881,248.19,247.33,250.77,429.69,430.26,432.65,430.89,0.0,0.0403,1.4478,0.0,0.0012,0.355,0.069,0,0,0.069,0.373,0,0.01,0.3631,0.9817,1,1,0.9816,50,521.66,325.5,0,1,2025-10-02 04:03:25,16.7,85.7,,0,0,,1
2025-10-02 04:04:10,394.88,0.357,248.53,0.4969,1.4907,248.13,246.39,251.08,428.02,430.59,432.8,430.44,0.0,0.0428,1.4479,0.0,0.0015,0.3554,0.0691,0,0,0.0691,0.3741,0,0.0105,0.3635,0.9817,1,1,0.9816,49.9,521.66,325.5,0,1,2025-10-02 04:04:10,17.2,86.7,,0,0,,1
2025-10-02 04:04:55,394.88,0.3575,248.34,0.4973,1.4921,248.34,245.46,251.23,427.74,429.39,433.3,430.12,0.0,0.0428,1.4493,0.0,0.0015,0.3559,0.0696,0,0,0.0696,0.3746,0,0.0105,0.3641,0.9815,1,1,0.9814,49.9,521.67,325.5,0,1,2025-10-02 04:04:55,17.3,88.3,,0,0,,1
2025-10-02 04:05:40,394.89,0.3567,248.29,0.4964,1.4894,248.17,245.55,251.15,428.13,429.08,432.93,429.99,0.0,0.0416,1.4478,0.0,0.0012,0.3555,0.0692,0,0,0.0692,0.3738,0,0.0102,0.3636,0.9817,1,1,0.9815,49.9,521.67,325.5,0,1,2025-10-02 04:05:40,17.4,89.1,,0,0,,1
2025-10-02 04:06:25,394.89,0.3563,248.38,0.4959,1.4878,248.33,245.65,251.16,427.99,429.49,433.14,430.18,0.0,0.042,1.4458,0.0,0.0012,0.355,0.0689,0,0,0.0689,0.3734,0,0.0103,0.3631,0.9818,1,1,0.9816,50,521.68,325.5,0,1,2025-10-02 04:06:25,18.0,89.3,,0,0,,1
2025-10-02 04:07:10,394.9,0.3562,248.59,0.4958,1.4875,248.03,246.6,251.14,429.01,429.63,433.05,430.49,0.0,0.0424,1.4451,0.0,0.0014,0.3548,0.0689,0,0,0.0689,0.3734,0,0.0105,0.3629,0.9818,1,1,0.9816,50,521.68,325.5,0,1,2025-10-02 04:07:10,18.1,90.2,,0,0,,1
2025-10-02 04:07:55,394.9,0.3569,248.69,0.4968,1.4904,248.05,246.81,251.22,428.78,430.67,432.79,430.71,0.0,0.0424,1.448,0.0,0.0012,0.3557,0.0687,0,0,0.0687,0.3742,0,0.0105,0.3638,0.9819,1,1,0.9818,50,521.69,325.5,0,1,2025-10-02 04:07:55,18.2,90.3,,0,0,,1
2025-10-02 04:08:40,394.9,0.3567,248.78,0.4959,1.4877,248.25,247.13,250.98,429.14,431.26,432.32,430.88,0.0,0.042,1.4457,0.0,0.0017,0.3549,0.0694,0,0.0013,0.0681,0.3732,0,0.0104,0.3628,0.9815,1,1,0.982,50,521.69,325.5,0,1,2025-10-02 04:08:40,18.7,90.4,,0,0,,1
2025-10-02 04:09:25,394.91,0.356,248.53,0.4959,1.4879,248.15,246.59,250.86,428.52,431.13,431.76,430.37,0.0,0.042,1.4459,0.0,0.001,0.3549,0.0676,0,0,0.0676,0.3731,0,0.0104,0.3627,0.9824,1,1,0.9823,50,521.7,325.5,0,1,2025-10-02 04:09:25,18.9,91.2,,0,0,,1
2025-10-02 04:10:10,394.91,0.3556,248.68,0.4945,1.4836,248.26,246.79,250.99,428.97,430.61,432.59,430.68,0.0,0.0424,1.4412,0.0,0.0018,0.3538,0.0676,0,0,0.0676,0.3722,0,0.0105,0.3617,0.9824,1,1,0.9822,50,521.7,325.5,0,1,2025-10-02 04:10:10,19.0,91.6,,0,0,,1
2025-10-02 04:10:55,394.92,3.8867,247.74,7.7596,23.2789,246.85,246.07,250.31,427.22,429.3,430.78,429.11,8.0764,7.3455,7.857,1.4094,1.0734,1.4039,4.2337,1.4073,1.4507,1.3757,5.7679,1.9937,1.8075,1.9667,0.6762,0.7076,0.5947,0.7142,50,521.71,325.51,1,1,2025-10-02 04:10:55,19.1,91.9,,1,0,,0
2025-10-02 04:11:40,394.97,4.0915,247.71,7.9337,23.8012,246.62,246.46,250.07,427.24,429.46,430.47,429.02,8.2157,7.5398,8.0457,1.472,1.1536,1.4659,4.2192,1.3896,1.4531,1.3765,5.8964,2.0262,1.8583,2.012,0.6961,0.7271,0.6217,0.7289,50,521.79,325.56,1,1,2025-10-02 04:11:40,19.5,87.4,,1,0,,0
2025-10-02 04:12:25,395.02,4.241,246.83,8.0305,24.0916,245.04,245.94,249.52,424.56,429.77,428.25,427.46,8.3001,7.6006,8.1909,1.5088,1.212,1.5201,4.1459,1.3614,1.4198,1.3647,5.9469,2.0339,1.8693,2.0438,0.715,0.7424,0.6492,0.7441,50,521.86,325.61,1,1,2025-10-02 04:12:25,19.1,81,,1,0,,0
2025-10-02 04:13:10,395.08,4.3076,246.76,8.0896,24.268900000000002,245.14,245.68,249.47,424.94,429.07,428.2,427.4,8.3702,7.6594,8.2393,1.5338,1.2323,1.5416,4.1381,1.3608,1.419,1.3583,5.9891,2.0519,1.8818,2.0555,0.7211,0.748,0.6557,0.7502,50,521.94,325.67,1,1,2025-10-02 04:13:10,19.0,77.9,,1,0,,0
2025-10-02 04:13:55,395.13,4.298,246.81,8.0794,24.2382,245.22,245.43,249.8,424.55,428.52,429.42,427.51,8.3651,7.6406,8.2325,1.5295,1.2257,1.5428,4.1395,1.365,1.416,1.3585,5.983,2.0513,1.8752,2.0565,0.7202,0.746,0.6544,0.7505,50,522.01,325.71,1,1,2025-10-02 04:13:55,18.8,76.6,,1,0,,0
2025-10-02 04:14:40,395.18,4.2934,246.73,8.0725,24.2175,245.16,245.37,249.68,424.45,429.14,428.5,427.35,8.3746,7.6172,8.2257,1.5298,1.2201,1.5435,4.1321,1.3667,1.4123,1.353,5.9759,2.0531,1.869,2.0538,0.7205,0.7457,0.6537,0.7519,50,522.08,325.77,1,1,2025-10-02 04:14:40,18.3,75.7,,1,0,,0
2025-10-02 04:15:25,395.24,4.2615,246.53,8.0349,24.1047,245.16,244.98,249.46,424.14,427.84,429.04,427.06,8.345,7.5881,8.1716,1.5228,1.2065,1.5321,4.118,1.364,1.4109,1.3431,5.9433,2.0459,1.8589,2.0385,0.7191,0.7448,0.6499,0.7519,50,522.16,325.82,1,1,2025-10-02 04:15:25,18.2,74.4,,1,0,,0
2025-10-02 04:16:10,395.29,4.1899,246.41,7.9646,23.8938,245.12,244.26,249.87,423.63,426.86,429.92,426.76,8.2427,7.5141,8.137,1.488,1.1849,1.5169,4.1151,1.3644,1.3984,1.3523,5.889,2.0205,1.8354,2.0332,0.7134,0.737,0.6464,0.7464,49.9,522.23,325.87,1,1,2025-10-02 04:16:10,18.1,73.8,,1,0,,0
2025-10-02 04:16:55,395.34,4.2287,246.4,8.0011,24.003500000000003,245.47,243.83,249.92,423.96,426.69,429.71,426.78,8.3157,7.5026,8.1852,1.5038,1.1837,1.5412,4.1112,1.3775,1.3908,1.343,5.9163,2.0413,1.8294,2.0456,0.717,0.7373,0.6481,0.7539,49.9,522.31,325.92,1,1,2025-10-02 04:16:55,18.0,73.1,,1,0,,0
2025-10-02 04:17:40,395.4,4.2676,246.42,8.0304,24.0914,245.4,243.92,249.96,423.43,426.77,430.27,426.84,8.3489,7.5329,8.2096,1.5177,1.1972,1.5528,4.1037,1.3736,1.3903,1.3398,5.9383,2.0488,1.8374,2.0521,0.7208,0.7414,0.6525,0.7571,50,522.38,325.97,1,1,2025-10-02 04:17:40,17.5,72.1,,1,0,,0
2025-10-02 04:18:25,395.45,4.2995,246.41,8.064,24.1922,244.89,245.01,249.33,423.96,427.63,428.79,426.78,8.3429,7.6043,8.245,1.5258,1.2248,1.549,4.1067,1.3562,1.4005,1.35,5.9619,2.0431,1.8631,2.0557,0.7231,0.7474,0.6582,0.7538,50,522.46,326.03,1,1,2025-10-02 04:18:25,17.4,71.7,,1,0,,0
2025-10-02 04:19:10,395.5,4.274,246.56,8.0408,24.1226,244.69,245.58,249.41,423.98,428.99,428.19,427.07,8.3304,7.5694,8.2228,1.5178,1.2156,1.5407,4.1133,1.3582,1.403,1.352,5.9481,2.0384,1.8589,2.0508,0.7205,0.7451,0.6548,0.7516,50,522.53,326.08,1,1,2025-10-02 04:19:10,17.3,71.7,,1,0,,0
2025-10-02 04:19:55,395.56,4.2512,246.57,8.0077,24.0232,244.58,245.77,249.37,423.77,429.4,428.06,427.06,8.2709,7.5602,8.1921,1.5068,1.2158,1.5286,4.1028,1.3473,1.4017,1.3537,5.9238,2.0229,1.8581,2.0429,0.7195,0.7454,0.6552,0.7486,50,522.6,326.13,1,1,2025-10-02 04:19:55,17.3,70.4,,1,0,,0
2025-10-02 04:20:40,395.61,4.3103,246.44,8.0682,24.2046,244.36,245.55,249.43,424.12,428.34,428.11,426.75,8.3138,7.6232,8.2676,1.5211,1.2393,1.5499,4.1027,1.3443,1.3996,1.3587,5.9656,2.0316,1.8719,2.0622,0.7243,0.7493,0.6629,0.7519,50,522.68,326.18,1,1,2025-10-02 04:20:40,17.2,69.3,,1,0,,0
2025-10-02 04:21:25,395.66,4.28,246.48,8.0395,24.118499999999997,244.5,245.48,249.47,423.82,428.84,428.11,426.92,8.2927,7.5874,8.2384,1.5123,1.2259,1.5418,4.1033,1.3478,1.3983,1.3572,5.9454,2.0276,1.8626,2.0552,0.7218,0.7465,0.6592,0.7506,50,522.75,326.23,1,1,2025-10-02 04:21:25,16.7,68.6,,1,0,,0
2025-10-02 04:22:10,395.72,4.2485,246.36,8.0181,24.0544,244.69,245.2,249.2,424.14,428.02,427.98,426.69,8.3047,7.5665,8.1832,1.512,1.2078,1.5288,4.1077,1.3552,1.4049,1.3477,5.9266,2.0321,1.8553,2.0393,0.7189,0.7446,0.6519,0.7501,49.9,522.83,326.28,1,1,2025-10-02 04:22:10,16.6,67.7,,1,0,,0
2025-10-02 04:22:55,395.77,4.2558,246.41,8.0148,24.0445,244.74,245.22,249.28,424.2,427.67,428.52,426.82,8.3043,7.5726,8.1676,1.5165,1.2105,1.5288,4.0979,1.3506,1.4045,1.3428,5.9254,2.0324,1.857,2.036,0.7203,0.7467,0.6528,0.7513,50,522.9,326.33,1,1,2025-10-02 04:22:55,16.6,67.8,,1,0,,0
2025-10-02 04:23:40,395.82,4.2562,246.29,8.0224,24.067300000000003,244.59,244.93,249.35,423.42,427.58,428.76,426.63,8.3412,7.5617,8.1644,1.5193,1.204,1.5328,4.1015,1.3591,1.404,1.3384,5.9281,2.0402,1.8521,2.0358,0.72,0.7453,0.6509,0.7531,49.9,522.98,326.39,1,1,2025-10-02 04:23:40,16.5,67.2,,1,0,,0
2025-10-02 04:24:25,395.88,4.282,246.44,8.0483,24.145,244.97,244.77,249.59,423.46,428.27,428.84,426.85,8.3791,7.5997,8.1662,1.5336,1.2101,1.5383,4.1065,1.3618,1.4093,1.3354,5.951,2.0526,1.8602,2.0382,0.7217,0.7477,0.6517,0.7558,50,523.05,326.44,1,1,2025-10-02 04:24:25,16.5,66.8,,1,0,,0
2025-10-02 04:25:10,395.93,4.2355,246.47,7.9966,23.989800000000002,245.5,244.42,249.49,423.58,427.6,429.52,426.91,8.3322,7.5331,8.1245,1.5193,1.1872,1.529,4.0996,1.3674,1.4027,1.3294,5.9138,2.0456,1.8412,2.027,0.7185,0.7429,0.6451,0.754,50,523.12,326.49,1,1,2025-10-02 04:25:10,16.4,66.4,,1,0,,0
2025-10-02 04:25:55,395.98,4.226,246.64,7.9829,23.948700000000002,245.69,244.72,249.53,425.05,426.41,430.14,427.2,8.3214,7.5179,8.1094,1.5173,1.1846,1.524,4.1075,1.3686,1.4065,1.3324,5.9078,2.0445,1.8398,2.0235,0.717,0.7419,0.643,0.7527,50,523.2,326.54,1,1,2025-10-02 04:25:55,16.4,68,,1,0,,0
2025-10-02 04:26:40,396.04,4.2234,246.79,7.9887,23.9661,245.58,245.15,249.66,424.96,427.79,429.64,427.45,8.3031,7.5225,8.1405,1.5104,1.1879,1.5252,4.1162,1.3674,1.4073,1.3416,5.9156,2.0391,1.8441,2.0324,0.7161,0.7413,0.645,0.7508,50,523.27,326.59,1,1,2025-10-02 04:26:40,16.4,67,,1,0,,0
2025-10-02 04:27:25,396.09,4.2318,246.71,7.9921,23.976300000000002,245.31,245.08,249.74,424.51,427.8,429.63,427.31,8.2873,7.5186,8.1704,1.5057,1.1945,1.5316,4.1087,1.3631,1.3993,1.3462,5.9161,2.033,1.8427,2.0405,0.7174,0.7413,0.6492,0.751,50,523.34,326.64,1,1,2025-10-02 04:27:25,15.9,65.3,,1,0,,0
2025-10-02 04:28:10,396.14,4.2188,246.73,7.9775,23.9326,245.24,245.02,249.93,424.49,428.25,429.31,427.41,8.2673,7.4847,8.1806,1.4963,1.1889,1.5337,4.1095,1.3659,1.393,1.3506,5.906,2.0275,1.8339,2.0446,0.7163,0.7385,0.6491,0.7504,50,523.41,326.69,1,1,2025-10-02 04:28:10,15.8,64.7,,1,0,,0
2025-10-02 04:28:55,396.19,4.2321,246.56,7.9904,23.9714,244.98,245.01,249.69,424.07,428.25,428.84,427.06,8.254,7.4999,8.2175,1.4943,1.1985,1.5393,4.1034,1.3595,1.3891,1.3548,5.9114,2.0221,1.8376,2.0518,0.7179,0.7396,0.6532,0.7506,50,523.49,326.74,1,1,2025-10-02 04:28:55,15.8,65,,1,0,,0
2025-10-02 04:29:40,396.24,4.2624,246.68,8.02,24.0602,244.94,245.69,249.43,424.47,428.98,428.37,427.32,8.2759,7.5752,8.2091,1.5108,1.2178,1.5338,4.1079,1.3491,1.4039,1.355,5.9358,2.0271,1.8612,2.0476,0.72,0.7459,0.6552,0.7494,50,523.56,326.79,1,1,2025-10-02 04:29:40,15.7,65,,1,0,,0
2025-10-02 04:30:25,396.3,4.2504,246.83,8.016,24.048199999999998,245.13,245.8,249.58,424.98,428.81,428.81,427.56,8.2945,7.5888,8.1649,1.5153,1.2116,1.5235,4.1186,1.3527,1.4144,1.3514,5.9364,2.0332,1.8653,2.0378,0.7181,0.7459,0.6505,0.7481,50,523.64,326.85,1,1,2025-10-02 04:30:25,15.7,64.7,,1,0,,0
2025-10-02 04:31:10,396.35,4.2022,246.81,7.9715,23.9146,245.21,245.72,249.51,424.82,428.89,428.76,427.49,8.2596,7.5642,8.0908,1.5053,1.1943,1.5026,4.12,1.3526,1.4208,1.3466,5.9027,2.0253,1.8587,2.0187,0.714,0.7438,0.6434,0.7447,50,523.71,326.9,1,1,2025-10-02 04:31:10,15.6,64.3,,1,0,,0
2025-10-02 04:31:55,396.41,4.2678,246.8,8.0317,24.0953,245.49,245.41,249.52,424.8,428.17,429.47,427.48,8.3507,7.6031,8.1415,1.5323,1.2076,1.5278,4.116,1.3594,1.4191,1.3375,5.9474,2.05,1.8659,2.0315,0.7197,0.748,0.648,0.7524,50,523.79,326.95,1,1,2025-10-02 04:31:55,15.6,64.1,,1,0,,0
2025-10-02 04:32:40,396.46,4.2446,246.07,7.9916,23.9749,247.05,245.23,245.95,427.31,425.47,425.85,426.22,8.39,7.5662,8.0187,1.5678,1.1776,1.4992,4.0642,1.3534,1.4309,1.2799,5.9004,2.0727,1.8555,1.9722,0.7222,0.7569,0.6354,0.7605,50,523.86,327,1,1,2025-10-02 04:32:40,15.2,63.9,,1,0,,0
2025-10-02 04:33:25,396.47,0.3506,247,0.4967,1.4902,248.29,246.11,246.61,429.39,426.62,427.43,427.84,0.0,0.0424,1.4478,0.0,0.0,0.3506,0.061,0,0,0.061,0.3675,0,0.0104,0.357,0.9851,1,1,0.9851,50,523.88,327.01,0,1,2025-10-02 04:33:25,15.1,64.1,,0,0,,1
2025-10-02 04:34:10,396.47,0.3502,247,0.4957,1.4871999999999999,248.11,246.24,246.65,429.35,426.65,427.43,427.81,0.0,0.0408,1.4464,0.0,0.0,0.3502,0.0616,0,0,0.0616,0.3668,0,0.01,0.3568,0.9848,1,1,0.9848,50,523.88,327.01,0,1,2025-10-02 04:34:10,15.1,68.4,,0,0,,1
2025-10-02 04:34:55,396.48,0.3499,246.8,0.495,1.4851,247.8,246.23,246.38,429.38,426.44,426.59,427.48,0.0,0.0436,1.4415,0.0,0.0013,0.3486,0.0617,0,0,0.0617,0.3659,0,0.0107,0.3552,0.9847,1,1,0.9846,50,523.88,327.01,0,1,2025-10-02 04:34:55,15.2,72.2,,0,0,,1
2025-10-02 04:35:40,396.48,0.3486,247.05,0.4942,1.4826,248.01,246.6,246.55,429.57,427.03,427.1,427.85,0.0,0.0412,1.4414,0.0,0.0,0.3486,0.0627,0,0,0.0627,0.3655,0,0.0102,0.3554,0.9842,1,1,0.9842,50,523.89,327.01,0,1,2025-10-02 04:35:40,15.7,75.7,,0,0,,1
2025-10-02 04:36:25,396.49,0.3493,247.1,0.4941,1.4825000000000002,248.02,246.56,246.72,429.67,427.11,427.16,427.97,0.0,0.0436,1.4389,0.0,0.0011,0.3482,0.0629,0,0,0.0629,0.3658,0,0.0108,0.355,0.9841,1,1,0.984,50,523.89,327.01,0,1,2025-10-02 04:36:25,15.8,78.1,,0,0,,1
2025-10-02 04:37:10,396.49,0.3489,247.2,0.4927,1.4782,248.34,246.54,246.74,429.99,426.98,427.52,428.14,0.0,0.0408,1.4374,0.0,0.0011,0.3479,0.0627,0,0,0.0627,0.3647,0,0.0101,0.3547,0.9842,1,1,0.9841,50,523.9,327.01,0,1,2025-10-02 04:37:10,15.9,80.4,,0,0,,1
2025-10-02 04:37:55,396.5,0.3472,247.17,0.4927,1.4782,248.1,246.89,246.54,429.66,427.48,427.2,428.13,0.0,0.0424,1.4358,0.0,0.0,0.3472,0.0626,0,0,0.0626,0.3645,0,0.0105,0.354,0.9841,1,1,0.9841,50,523.9,327.01,0,1,2025-10-02 04:37:55,16.5,81.7,,0,0,,1
2025-10-02 04:38:40,396.5,0.3474,247.13,0.4923,1.4768999999999999,248.22,246.38,246.79,429.41,426.86,427.83,428.1,0.0,0.0412,1.4357,0.0,0.0,0.3474,0.0631,0,0,0.0631,0.3645,0,0.0102,0.3543,0.9838,1,1,0.9838,50,523.91,327.01,0,1,2025-10-02 04:38:40,16.6,82.8,,0,0,,1
2025-10-02 04:39:25,396.5,0.3485,247.21,0.4925,1.4777,248.27,246.52,246.84,429.67,426.99,427.86,428.22,0.0,0.0432,1.4345,0.0,0.0013,0.3472,0.0632,0,0,0.0632,0.3647,0,0.0106,0.3541,0.9839,1,1,0.9838,50,523.91,327.01,0,1,2025-10-02 04:39:25,16.7,83.7,,0,0,,1
2025-10-02 04:40:10,396.51,0.3553,247.82,0.496,1.4882,247.06,245.97,250.44,427.1,429.48,431.14,429.23,0.0,0.042,1.4462,0.0,0.0012,0.3541,0.069,0,0,0.069,0.3725,0,0.0103,0.3622,0.9816,1,1,0.9815,50,523.92,327.02,0,1,2025-10-02 04:40:10,17.2,84.6,,0,0,,1
2025-10-02 04:40:55,396.51,0.3558,247.69,0.4973,1.4919,246.86,246.17,250.06,427.41,429.45,430.2,429.06,0.0,0.0424,1.4495,0.0,0.0012,0.3546,0.0681,0,0,0.0681,0.3729,0,0.0104,0.3625,0.9821,1,1,0.982,50,523.92,327.02,0,1,2025-10-02 04:40:55,17.3,85.8,,0,0,,1
2025-10-02 04:41:40,396.52,0.3523,246.96,0.4948,1.4845,245.26,245.88,249.75,425.37,428.5,429.38,427.71,0.0,0.0424,1.4421,0.0,0.0,0.3523,0.0678,0,0,0.0678,0.3706,0,0.0104,0.3602,0.9819,1,1,0.9819,50,523.93,327.02,0,1,2025-10-02 04:41:40,17.4,86,,0,0,,1
2025-10-02 04:42:25,396.52,0.3529,246.98,0.4955,1.4865,245.32,246.04,249.59,425.41,429.18,428.77,427.78,0.0,0.042,1.4445,0.0,0.0,0.3529,0.0671,0,0,0.0671,0.3709,0,0.0103,0.3605,0.9824,1,1,0.9824,50,523.93,327.02,0,1,2025-10-02 04:42:25,17.5,86.3,,0,0,,1
2025-10-02 04:43:10,396.53,0.3541,247.11,0.496,1.4882,245.34,246.34,249.65,425.41,429.95,428.66,427.99,0.0,0.0444,1.4438,0.0,0.0013,0.3528,0.0668,0,0,0.0668,0.3714,0,0.0109,0.3604,0.9826,1,1,0.9825,50,523.94,327.02,0,1,2025-10-02 04:43:10,18.0,86.8,,0,0,,1
2025-10-02 04:43:55,396.53,0.3539,247.43,0.495,1.4852,246,246.56,249.75,426.72,429.42,429.56,428.57,0.0,0.042,1.4432,0.0,0.0011,0.3528,0.0666,0,0,0.0666,0.3708,0,0.0104,0.3604,0.9827,1,1,0.9826,50,523.94,327.02,0,1,2025-10-02 04:43:55,18.0,87.5,,0,0,,1
2025-10-02 04:44:40,396.54,0.3529,247.27,0.4938,1.4814999999999998,245.93,246.35,249.53,426.3,429.33,429.22,428.27,0.0,0.0412,1.4403,0.0,0.0012,0.3517,0.0666,0,0,0.0666,0.3695,0,0.0101,0.3594,0.9826,1,1,0.9825,50,523.94,327.02,0,1,2025-10-02 04:44:40,18.1,87.6,,0,0,,1
2025-10-02 04:45:25,396.54,0.3533,247.22,0.495,1.4849999999999999,245.87,246.29,249.5,426.1,429.35,429.14,428.14,0.0,0.0428,1.4422,0.0,0.001,0.3523,0.0663,0,0,0.0663,0.3704,0,0.0105,0.3598,0.9828,1,1,0.9827,50,523.95,327.02,0,1,2025-10-02 04:45:25,18.2,88,,0,0,,1
2025-10-02 04:46:10,396.54,0.3536,247.05,0.4954,1.4862,245.66,246.19,249.31,425.8,429.19,428.73,427.89,0.0,0.0424,1.4438,0.0,0.0012,0.3524,0.0664,0,0,0.0664,0.3704,0,0.0104,0.36,0.9828,1,1,0.9827,50,523.95,327.02,0,1,2025-10-02 04:46:10,18.2,88.4,,0,0,,1
2025-10-02 04:46:55,396.55,0.3518,247.39,0.4939,1.4817,246.26,246.15,249.76,426.26,429.67,429.55,428.44,0.0,0.042,1.4397,0.0,0.0,0.3518,0.0674,0,0,0.0674,0.3699,0,0.0103,0.3596,0.9821,1,1,0.9821,50,523.96,327.02,0,1,2025-10-02 04:46:55,18.3,88.8,,0,0,,1
2025-10-02 04:47:40,396.55,0.3515,247.44,0.4938,1.4815,246.62,246.31,249.4,427.11,428.94,429.7,428.57,0.0,0.0416,1.4399,0.0,0.0,0.3515,0.0664,0,0,0.0664,0.3694,0,0.0102,0.3591,0.9826,1,1,0.9826,50,523.96,327.02,0,1,2025-10-02 04:47:40,18.8,89.1,,0,0,,1
2025-10-02 04:48:25,396.56,0.353,247.44,0.494,1.482,246.78,246.02,249.52,426.87,428.6,430.25,428.57,0.0,0.042,1.44,0.0,0.0014,0.3516,0.0669,0,0,0.0669,0.3696,0,0.0103,0.3593,0.9825,1,1,0.9823,50,523.97,327.02,0,1,2025-10-02 04:48:25,18.8,89.6,,0,0,,1
2025-10-02 04:49:10,396.56,0.3556,247.75,0.4962,1.4886000000000001,247.16,245.6,250.51,426.96,428.29,432.12,429.12,0.0,0.0436,1.445,0.0,0.0014,0.3542,0.0675,0,0,0.0675,0.3727,0,0.0107,0.362,0.9824,1,1,0.9823,50,523.97,327.03,0,1,2025-10-02 04:49:10,18.9,89.8,,0,0,,1
2025-10-02 04:49:55,396.57,0.3565,248.83,0.4959,1.4878,248.92,246.58,250.99,429.33,430.05,433.57,431.01,0.0,0.0412,1.4466,0.0,0.0012,0.3553,0.0675,0,0,0.0675,0.3732,0,0.0102,0.3631,0.9825,1,1,0.9824,50,523.98,327.03,0,1,2025-10-02 04:49:55,18.9,90.1,,0,0,,1
2025-10-02 04:50:40,396.59,4.0397,247.97,7.8827,23.6481,247.52,246.04,250.37,427.78,429.17,431.57,429.46,8.2113,7.4897,7.9471,1.4684,1.122,1.4493,4.223,1.4027,1.4584,1.3619,5.8649,2.0325,1.8428,1.9897,0.6912,0.7231,0.6097,0.7287,50,524.02,327.05,1,1,2025-10-02 04:50:40,19.0,89.8,,1,0,,0
2025-10-02 04:51:25,396.64,4.1469,248.02,7.9717,23.9151,247.35,246.61,250.11,428.06,429.25,431.44,429.58,8.2915,7.5829,8.0407,1.5039,1.1641,1.479,4.2133,1.3919,1.4601,1.3613,5.932,2.0509,1.87,2.0111,0.7014,0.7338,0.6233,0.7357,50,524.09,327.11,1,1,2025-10-02 04:51:25,18.9,82.4,,1,0,,0
2025-10-02 04:52:10,396.7,4.1035,248.07,7.9302,23.7908,247.55,246.65,250.02,428.33,429.67,431.01,429.68,8.2419,7.5414,8.0075,1.4885,1.1491,1.4659,4.2144,1.3927,1.4594,1.3623,5.9024,2.0403,1.8601,2.002,0.6976,0.7302,0.6186,0.7325,50,524.17,327.16,1,1,2025-10-02 04:52:10,18.8,81.2,,1,0,,0
2025-10-02 04:52:55,396.74,4.0853,247.86,7.909,23.7271,247.24,246.46,249.89,427.59,429.8,430.54,429.31,8.2363,7.4841,8.0067,1.4797,1.1373,1.4684,4.2023,1.3962,1.4487,1.3574,5.8817,2.0363,1.8445,2.0008,0.697,0.7273,0.6174,0.7342,50,524.23,327.21,1,1,2025-10-02 04:52:55,18.3,78,,1,0,,0
2025-10-02 04:53:40,396.8,4.1098,247.88,7.9356,23.8069,247.06,246.63,249.95,427.64,429.78,430.59,429.32,8.2355,7.5363,8.0351,1.484,1.1545,1.4712,4.2076,1.3891,1.4531,1.3655,5.9017,2.0347,1.8587,2.0084,0.6987,0.73,0.622,0.7329,50,524.31,327.26,1,1,2025-10-02 04:53:40,18.1,76.1,,1,0,,0
2025-10-02 04:54:25,396.85,4.1138,247.99,7.9403,23.8209,247.09,246.84,250.04,427.76,430.35,430.48,429.57,8.2337,7.5534,8.0338,1.4856,1.1583,1.47,4.2133,1.3877,1.4578,1.3679,5.9077,2.0345,1.8645,2.0088,0.6986,0.7307,0.622,0.732,50,524.39,327.32,1,1,2025-10-02 04:54:25,18.0,76.1,,1,0,,0
2025-10-02 04:55:10,396.9,4.1157,248.04,7.9407,23.8223,247.01,247.04,250.09,428.08,430.51,430.29,429.61,8.2344,7.5358,8.0521,1.4836,1.1582,1.4739,4.2136,1.3888,1.4542,1.3706,5.9094,2.034,1.8616,2.0137,0.6987,0.73,0.6229,0.7323,50,524.46,327.37,1,1,2025-10-02 04:55:10,17.5,73.8,,1,0,,0
2025-10-02 04:55:55,396.95,4.0926,248.17,7.9183,23.755,247.32,246.98,250.23,427.89,430.82,430.84,429.86,8.222,7.5212,8.0118,1.4801,1.1469,1.4656,4.2159,1.3916,1.4578,1.3664,5.8958,2.0335,1.8576,2.0048,0.6965,0.7285,0.6183,0.7314,50.1,524.53,327.42,1,1,2025-10-02 04:55:55,17.3,74.7,,1,0,,0
2025-10-02 04:56:40,397,4.1642,247.5,7.9499,23.8499,246.07,246.75,249.68,426.58,430.55,428.91,428.7,8.2101,7.5438,8.096,1.4892,1.1849,1.49,4.16,1.3627,1.4325,1.3647,5.9031,2.0203,1.8614,2.0214,0.7074,0.7377,0.6373,0.7374,50.1,524.61,327.47,1,1,2025-10-02 04:56:40,17.3,74,,1,0,,0
2025-10-02 04:57:25,397.06,4.2663,247.49,8.0431,24.1295,245.98,246.97,249.54,426.66,430.89,428.46,428.66,8.2987,7.616,8.2148,1.5194,1.2194,1.5274,4.1545,1.3605,1.4284,1.3656,5.9722,2.0413,1.8809,2.0499,0.7164,0.745,0.6492,0.7454,50.1,524.68,327.53,1,1,2025-10-02 04:57:25,17.2,72.6,,1,0,,0
2025-10-02 04:58:10,397.11,4.3323,247.45,8.111,24.333199999999998,246.49,246.49,249.37,427.03,429.5,429.25,428.75,8.3942,7.6857,8.2533,1.5508,1.2347,1.5469,4.1567,1.3671,1.4335,1.3561,6.0217,2.0691,1.8944,2.0581,0.7215,0.7501,0.6526,0.7519,50,524.76,327.58,1,1,2025-10-02 04:58:10,17.1,72,,1,0,,0
2025-10-02 04:58:55,397.16,4.3032,247.4,8.0712,24.2138,246.02,246.73,249.47,426.71,430.22,428.62,428.45,8.3241,7.6436,8.2461,1.5315,1.2324,1.5394,4.1448,1.3572,1.4243,1.3632,5.991,2.0479,1.8859,2.0572,0.7202,0.7484,0.6543,0.7486,50.1,524.83,327.63,1,1,2025-10-02 04:58:55,16.7,70.4,,1,0,,0
2025-10-02 04:59:40,397.22,4.3409,247.43,8.1015,24.304700000000004,246.18,246.12,250.01,426.56,429.52,429.63,428.57,8.3925,7.6388,8.2734,1.5459,1.2328,1.5621,4.1378,1.368,1.4158,1.354,6.0146,2.0661,1.8801,2.0684,0.7238,0.7488,0.6566,0.7556,50.1,524.9,327.68,1,1,2025-10-02 04:59:40,16.6,70.1,,1,0,,0
2025-10-02 05:00:25,397.27,4.2866,247.23,8.0498,24.149500000000003,245.81,245.86,250.03,425.34,429.87,429.45,428.22,8.3599,7.5864,8.2032,1.5305,1.2126,1.5435,4.1318,1.3688,1.4139,1.3491,5.9712,2.0549,1.8652,2.051,0.7199,0.7453,0.651,0.7529,50.1,524.98,327.73,1,1,2025-10-02 05:00:25,16.6,71,,1,0,,0
2025-10-02 05:01:10,397.33,4.3245,247.12,8.084,24.2522,245.64,246.22,249.52,425.66,429.24,429.2,427.97,8.4062,7.64,8.206,1.5512,1.2276,1.5456,4.1243,1.3606,1.4222,1.3415,5.9936,2.0649,1.8811,2.0476,0.7236,0.7517,0.6534,0.7552,50.1,525.06,327.78,1,1,2025-10-02 05:01:10,16.6,69.8,,1,0,,0
2025-10-02 05:01:55,397.38,4.2234,247.2,7.9842,23.952600000000004,245.87,246.02,249.71,425.9,429.05,429.54,428.15,8.3054,7.5416,8.1056,1.5174,1.1908,1.5152,4.1243,1.3641,1.4196,1.3406,5.9215,2.042,1.8554,2.024,0.7154,0.7436,0.6426,0.7489,50.1,525.13,327.84,1,1,2025-10-02 05:01:55,16.5,68.6,,1,0,,0
2025-10-02 05:02:40,397.43,4.2141,247.06,7.9794,23.9384,245.85,245.73,249.6,425.17,429.32,429.27,427.94,8.2853,7.5165,8.1366,1.5075,1.1869,1.5197,4.123,1.3668,1.4112,1.345,5.9149,2.0369,1.847,2.0309,0.7147,0.7408,0.6436,0.7488,50.1,525.2,327.89,1,1,2025-10-02 05:02:40,16.4,68.3,,1,0,,0
2025-10-02 05:03:25,397.49,4.1762,247.09,7.9387,23.816200000000002,246.01,245.77,249.51,425.93,428.63,429.39,427.97,8.2582,7.4747,8.0833,1.4996,1.1707,1.5059,4.1209,1.3682,1.4125,1.3402,5.8855,2.0316,1.8371,2.0169,0.7117,0.7387,0.6381,0.747,50.1,525.28,327.94,1,1,2025-10-02 05:03:25,16.4,67.6,,1,0,,0
2025-10-02 05:04:10,397.54,4.2255,247.48,7.995,23.9852,246.65,246.32,249.47,427.17,429.25,429.51,428.63,8.3054,7.5441,8.1357,1.5194,1.1891,1.517,4.1418,1.371,1.4244,1.3464,5.9364,2.0485,1.8583,2.0296,0.7141,0.7424,0.6408,0.7478,50.1,525.35,327.99,1,1,2025-10-02 05:04:10,15.9,67.2,,1,0,,0
2025-10-02 05:04:55,397.59,4.1841,247.22,7.9534,23.8604,246.25,246.39,249.02,426.7,429.02,428.86,428.18,8.2658,7.5241,8.0705,1.5095,1.1782,1.4963,4.1313,1.363,1.4281,1.3402,5.899,2.0355,1.8539,2.0097,0.7115,0.7422,0.6363,0.7448,50.1,525.43,328.04,1,1,2025-10-02 05:04:55,15.9,65,,1,0,,0
2025-10-02 05:05:40,397.64,4.2028,247,7.9662,23.898699999999998,246.13,245.94,248.95,426.02,428.6,428.85,427.79,8.2926,7.5389,8.0672,1.5186,1.1819,1.5023,4.1183,1.3613,1.4254,1.3316,5.9035,2.0411,1.8541,2.0083,0.7142,0.7446,0.6382,0.7483,50.1,525.5,328.09,1,1,2025-10-02 05:05:40,15.8,66.7,,1,0,,0
2025-10-02 05:06:25,397.7,4.2081,246.93,7.9684,23.9052,245.78,245.94,249.07,426.09,428.42,428.56,427.62,8.2473,7.5293,8.1286,1.5049,1.1923,1.5109,4.1148,1.3554,1.4133,1.346,5.9034,2.027,1.8518,2.0246,0.7149,0.743,0.6448,0.7466,50,525.57,328.15,1,1,2025-10-02 05:06:25,15.7,71.4,,1,0,,0
2025-10-02 05:07:10,397.75,4.193,246.87,7.9562,23.8686,245.43,246.02,249.16,425.18,429.16,428.43,427.59,8.2573,7.4993,8.112,1.501,1.1836,1.5085,4.1142,1.3589,1.4116,1.3436,5.8928,2.0266,1.845,2.0212,0.7137,0.7413,0.6424,0.7467,50,525.65,328.2,1,1,2025-10-02 05:07:10,15.8,72.4,,1,0,,0
2025-10-02 05:07:55,397.8,4.1824,246.8,7.9421,23.8264,245.52,245.42,249.46,424.89,428.9,428.62,427.46,8.2444,7.4515,8.1305,1.4915,1.1746,1.5164,4.1091,1.3659,1.398,1.3452,5.8811,2.0242,1.8287,2.0282,0.7133,0.7374,0.6427,0.7481,50,525.72,328.25,1,1,2025-10-02 05:07:55,15.8,72.7,,1,0,,0
2025-10-02 05:08:40,397.85,4.2195,246.74,7.972,23.9162,245.39,245.52,249.32,424.5,428.62,429,427.38,8.3153,7.497,8.1039,1.5162,1.1835,1.5198,4.0986,1.3629,1.4062,1.3295,5.9016,2.0405,1.8407,2.0205,0.7173,0.7436,0.6439,0.7526,50,525.79,328.3,1,1,2025-10-02 05:08:40,15.8,73,,1,0,,0
2025-10-02 05:09:25,397.9,4.2518,246.74,8.0024,24.0074,245.75,244.92,249.56,424.17,428.46,429.49,427.49,8.3634,7.4974,8.1466,1.5271,1.1856,1.5391,4.0974,1.3727,1.3984,1.3263,5.9246,2.0553,1.8363,2.0331,0.72,0.7437,0.6466,0.7575,50,525.87,328.35,1,1,2025-10-02 05:09:25,15.9,73.6,,1,0,,0
2025-10-02 05:10:10,397.96,4.2579,246.64,8.012,24.036,245.72,244.61,249.59,423.97,427.7,429.92,427.2,8.3611,7.5043,8.1706,1.5253,1.1882,1.5444,4.0991,1.3737,1.3956,1.3298,5.9294,2.0545,1.8356,2.0393,0.7204,0.743,0.6482,0.7577,50,525.94,328.4,1,1,2025-10-02 05:10:10,15.9,72.5,,1,0,,0
2025-10-02 05:10:55,398.01,4.2671,246.65,8.019,24.057000000000002,245.87,244.53,249.56,424.3,427.29,430.05,427.23,8.3585,7.5304,8.1681,1.5295,1.1937,1.5439,4.0986,1.3703,1.3988,1.3294,5.9349,2.0551,1.8414,2.0384,0.7212,0.7447,0.6491,0.7577,50,526.01,328.45,1,1,2025-10-02 05:10:55,15.9,69.5,,1,0,,0
2025-10-02 05:11:40,398.06,4.2488,246.66,7.9979,23.993900000000004,245.91,244.62,249.46,424.75,427.44,429.51,427.23,8.3381,7.5044,8.1514,1.5237,1.1869,1.5383,4.095,1.3696,1.3972,1.3282,5.9196,2.0504,1.8357,2.0334,0.72,0.7437,0.6474,0.7568,50,526.09,328.5,1,1,2025-10-02 05:11:40,15.8,68.4,,1,0,,0
2025-10-02 05:12:25,398.12,4.2576,246.72,7.9999,23.9999,245.71,245.25,249.2,425.09,428.22,428.68,427.17,8.2957,7.5257,8.1785,1.5192,1.2011,1.5373,4.0907,1.3563,1.3979,1.3365,5.9221,2.0383,1.8457,2.0381,0.7211,0.7459,0.6517,0.7546,50,526.17,328.56,1,1,2025-10-02 05:12:25,15.8,67.7,,1,0,,0
2025-10-02 05:13:10,398.17,4.2911,246.68,8.0318,24.095399999999998,245.57,245.06,249.43,424.78,428.13,428.91,427.23,8.3182,7.5452,8.232,1.5246,1.2136,1.5529,4.0903,1.357,1.3916,1.3417,5.945,2.0427,1.849,2.0533,0.7238,0.7469,0.6572,0.7566,50,526.24,328.61,1,1,2025-10-02 05:13:10,15.7,68.2,,1,0,,0
2025-10-02 05:13:55,398.23,4.274,246.64,8.0229,24.0688,245.5,245.03,249.39,424.87,427.82,428.88,427.19,8.3217,7.5351,8.212,1.5213,1.2062,1.5465,4.0955,1.3608,1.394,1.3407,5.9373,2.043,1.8463,2.048,0.722,0.7453,0.6543,0.7555,50,526.31,328.66,1,1,2025-10-02 05:13:55,15.7,69.1,,1,0,,0
2025-10-02 05:14:40,398.28,4.2529,246.4,7.9949,23.984900000000003,245.44,244.65,249.13,423.67,427.55,429.15,426.78,8.3137,7.5087,8.1625,1.5202,1.1949,1.5379,4.079,1.3585,1.3918,1.3287,5.911,2.0405,1.837,2.0335,0.7217,0.7456,0.6513,0.7566,50,526.39,328.71,1,1,2025-10-02 05:14:40,15.6,69.1,,1,0,,0
2025-10-02 05:15:25,398.33,4.2732,246.83,8.0148,24.044399999999996,245.2,244.79,250.5,423.79,429.5,429.27,427.68,8.3309,7.4746,8.2389,1.5117,1.1987,1.5628,4.0961,1.3712,1.3788,1.3461,5.9363,2.0427,1.8297,2.0638,0.7219,0.7406,0.6561,0.7576,50,526.46,328.76,1,1,2025-10-02 05:15:25,15.6,68.2,,1,0,,0
2025-10-02 05:16:10,398.34,0.3577,247.74,0.5012,1.5037999999999998,247.08,246.27,249.89,426.76,429.85,430.71,429.09,0.0,0.0432,1.4606,0.0,0.0,0.3577,0.0652,0,0,0.0652,0.3756,0,0.0106,0.365,0.9837,1,1,0.9837,50.1,526.47,328.77,0,1,2025-10-02 05:16:10,15.6,67.6,,0,0,,1
2025-10-02 05:16:55,398.35,0.3571,247.7,0.4988,1.4965,246.96,246.27,249.88,426.81,430.15,430.13,428.99,0.0,0.0424,1.4541,0.0,0.0011,0.356,0.0657,0,0,0.0657,0.3738,0,0.0104,0.3634,0.9835,1,1,0.9834,50.1,526.48,328.77,0,1,2025-10-02 05:16:55,15.6,71.4,,0,0,,1
2025-10-02 05:17:40,398.35,0.3574,247.7,0.5,1.5,246.36,246.32,250.44,426.18,430.77,430.16,429.07,0.0,0.0424,1.4576,0.0,0.0,0.3574,0.067,0,0,0.067,0.3755,0,0.0104,0.365,0.9828,1,1,0.9828,50.1,526.48,328.77,0,1,2025-10-02 05:17:40,15.6,74.9,,0,0,,1
2025-10-02 05:18:25,398.35,0.356,247.92,0.4981,1.4944,246.6,246.57,250.59,426.82,430.53,430.87,429.38,0.0,0.0424,1.452,0.0,0.0,0.356,0.0678,0,0,0.0678,0.3743,0,0.0105,0.3639,0.9823,1,1,0.9823,50,526.49,328.77,0,1,2025-10-02 05:18:25,15.7,78.4,,0,0,,1
2025-10-02 05:19:10,398.36,0.3563,247.94,0.4984,1.4954,246.78,246.48,250.57,427.05,430.25,431.04,429.46,0.0,0.042,1.4534,0.0,0.0,0.3563,0.068,0,0,0.068,0.3745,0,0.0104,0.3642,0.9822,1,1,0.9822,50.1,526.49,328.77,0,1,2025-10-02 05:19:10,15.9,82.2,,0,0,,1
2025-10-02 05:19:55,398.36,0.3562,247.67,0.4971,1.4914,246.67,246.19,250.15,426.55,429.61,430.76,429.04,0.0,0.0424,1.449,0.0,0.0014,0.3547,0.0674,0,0,0.0674,0.3729,0,0.0104,0.3625,0.9825,1,1,0.9824,50,526.5,328.77,0,1,2025-10-02 05:19:55,16.4,83.8,,0,0,,1
2025-10-02 05:20:40,398.37,0.355,247.55,0.4972,1.4916,247.12,245.13,250.41,426.12,428.27,431.93,428.79,0.0,0.0428,1.4488,0.0,0.0,0.355,0.0678,0,0,0.0678,0.3733,0,0.0105,0.3628,0.9822,1,1,0.9822,50,526.5,328.77,0,1,2025-10-02 05:20:40,16.5,85.1,,0,0,,1
2025-10-02 05:21:25,398.37,0.3553,247.24,0.4963,1.489,246.89,244.78,250.07,425.46,428.1,431.16,428.18,0.0,0.042,1.447,0.0,0.0012,0.3541,0.0676,0,0,0.0676,0.3721,0,0.0103,0.3619,0.9823,1,1,0.9822,50,526.51,328.77,0,1,2025-10-02 05:21:25,16.6,86,,0,0,,1
2025-10-02 05:22:10,398.38,0.3562,247.14,0.4974,1.4923,246.81,244.53,250.1,425.45,427.57,431.18,428.11,0.0,0.042,1.4503,0.0,0.0012,0.355,0.0671,0,0,0.0671,0.373,0,0.0103,0.3627,0.9827,1,1,0.9823,50,526.51,328.77,0,1,2025-10-02 05:22:10,17.1,86.8,,0,0,,1
2025-10-02 05:22:55,398.38,0.3551,247.33,0.4976,1.4928,246.68,245.19,250.14,425.67,428.61,430.92,428.35,0.0,0.0424,1.4504,0.0,0.0,0.3551,0.0673,0,0,0.0673,0.3732,0,0.0104,0.3628,0.9825,1,1,0.9825,50,526.52,328.77,0,1,2025-10-02 05:22:55,17.2,87.4,,0,0,,1
2025-10-02 05:23:40,398.39,0.3532,247.46,0.4954,1.4864,246.66,245.84,249.88,425.9,429.13,430.8,428.62,0.0,0.042,1.4444,0.0,0.0,0.3532,0.0669,0,0,0.0669,0.3713,0,0.0103,0.3609,0.9825,1,1,0.9825,50,526.52,328.77,0,1,2025-10-02 05:23:40,17.3,88.2,,0,0,,1
2025-10-02 05:24:25,398.39,0.3528,247.48,0.4949,1.4848999999999999,246.58,246.08,249.78,425.98,429.59,430.36,428.46,0.0,0.0412,1.4437,0.0,0.0,0.3528,0.067,0,0,0.067,0.3707,0,0.0101,0.3606,0.9824,1,1,0.9826,50,526.52,328.78,0,1,2025-10-02 05:24:25,17.4,89.4,,0,0,,1
2025-10-02 05:25:10,398.39,0.3548,247.55,0.4955,1.4867,246.56,246.27,249.83,426.07,429.68,430.58,428.76,0.0,0.0412,1.4455,0.0,0.0011,0.3537,0.066,0,0,0.066,0.3713,0,0.0101,0.3611,0.9831,1,1,0.983,50,526.53,328.78,0,1,2025-10-02 05:25:10,17.9,90.2,,0,0,,1
2025-10-02 05:25:55,398.4,0.3552,247.5,0.4965,1.4897,246.74,245.75,250.01,426.26,429.54,430.24,428.61,0.0,0.0428,1.4469,0.0,0.001,0.3542,0.0665,0,0,0.0665,0.3723,0,0.0105,0.3617,0.9829,1,1,0.9828,50.1,526.53,328.78,0,1,2025-10-02 05:25:55,18.0,91.2,,0,0,,1
2025-10-02 05:26:40,398.4,0.3527,247.26,0.495,1.485,246.15,245.89,249.76,425.91,429.19,429.73,428.33,0.0,0.0424,1.4426,0.0,0.0,0.3527,0.0667,0,0,0.0667,0.3707,0,0.0104,0.3603,0.9826,1,1,0.9826,50,526.54,328.78,0,1,2025-10-02 05:26:40,18.1,91.9,,0,0,,1
2025-10-02 05:27:25,398.41,0.3518,247.29,0.4941,1.4824,246.2,245.92,249.76,425.45,429.22,430.3,428.37,0.0,0.0428,1.4396,0.0,0.0,0.3518,0.0673,0,0,0.0673,0.3701,0,0.0105,0.3596,0.9822,1,1,0.9822,50,526.54,328.78,0,1,2025-10-02 05:27:25,18.2,92.2,,0,0,,1
2025-10-02 05:28:10,398.41,0.3535,247.17,0.4952,1.4856,246.16,245.8,249.55,426.08,428.25,429.99,428.09,0.0,0.0436,1.442,0.0,0.0012,0.3523,0.0661,0,0,0.0661,0.3706,0,0.0107,0.3599,0.9829,1,1,0.9828,50,526.55,328.78,0,1,2025-10-02 05:28:10,18.3,92.7,,0,0,,1
2025-10-02 05:28:55,398.42,0.3536,247.08,0.4946,1.4839,246.71,245.05,249.49,425.7,427.96,430.23,427.96,0.0,0.0416,1.4423,0.0,0.0013,0.3523,0.0663,0,0,0.0663,0.37,0,0.0102,0.3598,0.9828,1,1,0.9827,50,526.55,328.78,0,1,2025-10-02 05:28:55,18.7,92.9,,0,0,,1
2025-10-02 05:29:40,398.42,0.3536,247.02,0.4947,1.4843,246.71,244.77,249.59,425.61,427.56,430.4,427.8,0.0,0.042,1.4423,0.0,0.0011,0.3525,0.0657,0,0,0.0657,0.3703,0,0.0103,0.36,0.9831,1,1,0.983,50,526.56,328.78,0,1,2025-10-02 05:29:40,18.8,92.9,,0,0,,1
