readable_time,Active Energy (kWh),mt_power,mvol,mcurr,tot_curr,mvol_r,mvol_y,mvol_b,mvol_ry,mvol_yb,mvol_br,mvolt_p,Phase Current L1 (A),Phase Current L2 (A),Phase Current L3 (A),L1 Active Power (kW),L2 Active Power (kW),L3 Active Power (kW),mr_power,mrpow_r,mrpow_y,mrpow_b,ma_power,mapow_r,mapow_y,mapow_b,mt_pf,mpf_r,mpf_y,mpf_b,mfreq,ma_energy,mr_energy,con_st,mc_st,temp_time,Temperature (°C),humidity,Door Status,compressor_on,heater_on,door_status,fan_status
2025-10-01 06:30:20,585.61,3.0729,233.44,6.5572,19.6718,233.92,233.13,233.28,403.67,403.03,406.29,404.34,7.7736,6.5297,5.3685,1.2893,1.0628,0.7207,3.39,1.2787,1.0877,1.0237,4.593,1.8184,1.5223,1.2524,0.6716,0.71,0.6988,0.5757,50,875.59,634.12,1,1,2025-10-01 06:30:50,17.400000000000002,76.9,,1,0,,0
2025-10-01 06:31:05,585.64,3.1084,237.78,6.7392,20.2178,236.51,238.29,238.54,410.34,412.15,413.03,411.81,7.7608,6.8146,5.6424,1.2645,1.0669,0.7771,3.6484,1.3272,1.2222,1.099,4.8053,1.8355,1.6239,1.3459,0.6485,0.6897,0.6576,0.5773,50,875.66,634.16,1,1,2025-10-01 06:31:50,17.400000000000002,77,,1,0,,0
2025-10-01 06:31:50,585.68,3.1213,239.27,6.8202,20.4606,239.45,238.99,239.38,413.66,413.42,416.19,414.47,8.014,6.7837,5.6629,1.3076,1.0768,0.7369,3.7471,1.4003,1.2094,1.1373,4.8958,1.919,1.6212,1.3556,0.64,0.6824,0.6649,0.5437,50,875.72,634.21,1,1,2025-10-01 06:31:50,17.400000000000002,77,,1,0,,0
2025-10-01 06:32:35,585.72,3.094,236.4,6.6675,20.0027,236.83,236.08,236.31,409.56,407.93,410.9,409.5,7.8977,6.6126,5.4924,1.3027,1.068,0.7233,3.5526,1.3385,1.1366,1.0775,4.7294,1.8704,1.5611,1.2979,0.6567,0.6974,0.6847,0.5573,50.1,875.77,634.25,1,1,2025-10-01 06:32:50,17.400000000000002,77,,1,0,,0
2025-10-01 06:33:20,585.76,3.1685,243.87,7.0626,21.188000000000002,243.96,245.1,242.55,423.18,420.92,423.05,422.3,8.3191,7.1774,5.6915,1.2955,1.1527,0.7203,4.0615,1.5582,1.3263,1.177,5.1692,2.0295,1.7592,1.3805,0.615,0.6393,0.6559,0.522,50,875.84,634.3,1,1,2025-10-01 06:33:50,17.400000000000002,77,,1,0,,0
2025-10-01 06:34:05,585.8,3.1116,238.57,6.7849,20.3548,238.48,237.89,239.36,411.81,412.42,415.42,413.77,7.9472,6.7066,5.701,1.3094,1.0536,0.7485,3.7024,1.3661,1.1956,1.1407,4.8553,1.8952,1.5954,1.3646,0.6433,0.6919,0.6611,0.5486,50,875.9,634.35,1,1,2025-10-01 06:34:50,17.400000000000002,77,,1,0,,0
2025-10-01 06:34:50,585.84,3.0953,236.95,6.6965,20.0896,236.68,236.85,237.33,409.24,409.71,412.27,410.26,7.8285,6.683,5.5781,1.2868,1.0602,0.7483,3.5949,1.3296,1.1733,1.092,4.7596,1.8528,1.5829,1.3239,0.6524,0.6954,0.6704,0.5652,50,875.96,634.39,1,1,2025-10-01 06:34:50,17.400000000000002,77,,1,0,,0
2025-10-01 06:35:35,585.88,3.1437,241.74,6.9508,20.8525,241.49,242.04,241.7,417.94,417.73,420.43,420.09,8.1192,6.9721,5.7612,1.2999,1.0973,0.7466,3.9185,1.4637,1.2797,1.1752,5.0407,1.9607,1.6875,1.3925,0.6257,0.664,0.6509,0.5362,50,876.02,634.44,1,1,2025-10-01 06:35:50,17.400000000000002,76.9,,1,0,,0
2025-10-01 06:36:20,585.92,3.0563,232.67,6.5009,19.5028,232.18,232.94,232.91,401.94,402.69,404.36,403.71,7.5885,6.5287,5.3856,1.2582,1.0487,0.7494,3.3352,1.2301,1.0995,1.0056,4.5371,1.7619,1.5208,1.2544,0.6756,0.715,0.6902,0.5975,50,876.08,634.49,1,1,2025-10-01 06:36:50,17.400000000000002,76.9,,1,0,,0
2025-10-01 06:37:05,585.96,3.1021,237.2,6.7153,20.1459,237.39,237.19,237.04,410.26,409.75,412.51,410.76,7.9065,6.7117,5.5277,1.2926,1.0772,0.7322,3.6133,1.3571,1.1699,1.0863,4.7792,1.8769,1.5919,1.3103,0.6513,0.6897,0.6773,0.5589,50,876.14,634.53,1,1,2025-10-01 06:37:50,17.400000000000002,77,,1,0,,0
2025-10-01 06:37:50,586,3.1182,239.44,6.817,20.451,239.55,239.21,239.56,413.88,413.65,416.61,414.52,8.0016,6.7924,5.657,1.3028,1.077,0.7384,3.7509,1.4015,1.2138,1.1357,4.8968,1.9168,1.6248,1.3552,0.6392,0.6808,0.6637,0.5451,50,876.2,634.58,1,1,2025-10-01 06:37:50,17.400000000000002,77,,1,0,,0
2025-10-01 06:38:35,586.03,3.0536,233.38,6.5225,19.5676,233.46,232.81,233.88,403.14,403.39,406.15,404.28,7.6656,6.473,5.429,1.2802,1.036,0.7375,3.3724,1.2468,1.0922,1.0333,4.5663,1.7896,1.507,1.2697,0.6712,0.7163,0.6881,0.5809,50,876.26,634.62,1,1,2025-10-01 06:38:50,17.400000000000002,76.8,,1,0,,0
2025-10-01 06:39:20,586.07,3.0963,237.2,6.7064,20.1194,236.96,236.88,237.78,409.8,410.1,412.64,410.86,7.8158,6.6951,5.6085,1.2867,1.0567,0.7528,3.609,1.3282,1.1803,1.1005,4.7716,1.852,1.5859,1.3336,0.6511,0.6958,0.667,0.5646,50,876.32,634.67,1,1,2025-10-01 06:39:50,17.400000000000002,76.8,,1,0,,0
2025-10-01 06:40:05,586.11,3.1274,239.17,6.815,20.4452,239.75,239.36,238.41,414.06,413.05,415.64,414.09,8.0412,6.8408,5.5632,1.3002,1.1038,0.7234,3.7384,1.4197,1.2073,1.1114,4.8916,1.9279,1.6374,1.3263,0.6416,0.6753,0.6747,0.5455,50,876.38,634.72,1,1,2025-10-01 06:40:50,17.400000000000002,76.8,,1,0,,0
2025-10-01 06:40:50,586.15,3.112,237.49,6.7201,20.1605,236.86,238.24,237.37,410.47,411.19,412.34,410.16,7.8061,6.8072,5.5472,1.2688,1.0861,0.7571,3.6206,1.3415,1.2022,1.077,4.7874,1.849,1.6217,1.3167,0.6518,0.6871,0.6703,0.5751,50.1,876.44,634.76,1,1,2025-10-01 06:40:50,17.400000000000002,76.8,,1,0,,0
2025-10-01 06:41:35,586.19,3.1764,243.88,7.1025,21.3076,245.27,242.73,243.66,421.87,420.48,424.91,422.37,8.4778,6.9313,5.8985,1.3708,1.1,0.7056,4.0817,1.5591,1.2707,1.252,5.199,2.0793,1.6824,1.4372,0.6141,0.6603,0.6545,0.4909,50,876.5,634.81,1,1,2025-10-01 06:41:50,17.400000000000002,76.8,,1,0,,0
2025-10-01 06:42:20,586.23,3.1172,239.14,6.7931,20.3793,238.68,239.56,239.18,413.22,413.56,415.79,414.15,7.9327,6.8377,5.6089,1.2842,1.0866,0.7465,3.7253,1.3874,1.2235,1.1144,4.873,1.8934,1.638,1.3415,0.6417,0.6792,0.664,0.5565,50,876.56,634.86,1,1,2025-10-01 06:42:50,17.400000000000002,76.9,,1,0,,0
2025-10-01 06:43:05,586.27,3.0868,237.1,6.6824,20.0472,236.63,237.43,237.25,409.67,410.26,412.07,410.56,7.8099,6.7031,5.5342,1.276,1.0667,0.7441,3.5942,1.3334,1.1791,1.0817,4.7526,1.8481,1.5915,1.313,0.6515,0.6914,0.6708,0.5667,50.1,876.62,634.9,1,1,2025-10-01 06:43:50,17.3,76.8,,1,0,,0
2025-10-01 06:43:50,586.3,3.133,242.48,6.9801,20.9403,242.14,242.59,242.73,419.13,419.55,421.29,420.06,8.1613,6.9814,5.7976,1.3025,1.0897,0.7407,3.9718,1.4818,1.2938,1.1962,5.077,1.9762,1.6936,1.4073,0.6193,0.6601,0.6442,0.5264,50,876.68,634.95,1,1,2025-10-01 06:43:50,17.3,76.8,,1,0,,0
2025-10-01 06:44:35,586.34,3.0489,233.79,6.5384,19.6154,233.53,233.96,233.88,404.05,404.26,406.47,404.91,7.6739,6.5384,5.4031,1.2664,1.0483,0.7341,3.4051,1.2647,1.1121,1.0283,4.5855,1.7921,1.5297,1.2637,0.667,0.7075,0.6859,0.581,50,876.74,634.99,1,1,2025-10-01 06:44:50,17.3,76.7,,1,0,,0
2025-10-01 06:45:20,586.38,3.0749,236.72,6.6716,20.015,236.48,236.23,237.45,408.97,409.22,411.82,410.02,7.8114,6.61,5.5936,1.2903,1.0412,0.7435,3.5795,1.3179,1.1614,1.1003,4.7369,1.8472,1.5615,1.3282,0.6516,0.6995,0.6675,0.5598,50,876.8,635.04,1,1,2025-10-01 06:45:50,17.3,76.7,,1,0,,0
2025-10-01 06:46:05,586.42,3.103,239.35,6.7943,20.3831,239,240.09,238.98,414.43,413.67,415.6,414.61,7.9406,6.8722,5.5703,1.273,1.0931,0.7369,3.7456,1.4038,1.2335,1.1082,4.8789,1.8978,1.6499,1.3312,0.6379,0.6717,0.6632,0.5536,50,876.86,635.08,1,1,2025-10-01 06:46:50,17.3,76.6,,1,0,,0
2025-10-01 06:46:50,586.46,3.0496,233.91,6.5371,19.6114,234.02,233.15,234.56,403.95,403.92,407.54,405.11,7.7136,6.4265,5.4713,1.2926,1.0255,0.7316,3.4016,1.2567,1.0905,1.0544,4.5868,1.8051,1.4983,1.2833,0.6675,0.7169,0.685,0.57,50.1,876.92,635.13,1,1,2025-10-01 06:46:50,17.3,76.6,,1,0,,0
2025-10-01 06:47:35,586.5,3.0849,236.98,6.6895,20.0685,237.27,236.34,237.33,409.28,409.78,412.31,410.41,7.8862,6.5941,5.5882,1.3056,1.0481,0.7312,3.5946,1.3368,1.1514,1.1064,4.7559,1.8712,1.5584,1.3262,0.6512,0.6987,0.6731,0.5513,50.1,876.99,635.18,1,1,2025-10-01 06:47:50,17.3,76.4,,1,0,,0
2025-10-01 06:48:20,586.54,3.0887,238.35,6.734,20.201999999999998,237.45,238.33,239.28,411.57,412.35,414.57,412.78,7.8084,6.7246,5.669,1.2798,1.0478,0.761,3.6703,1.3375,1.2102,1.1226,4.8133,1.8541,1.6027,1.3565,0.6438,0.6913,0.6545,0.5611,50.1,877.04,635.22,1,1,2025-10-01 06:48:50,17.3,76.4,,1,0,,0
2025-10-01 06:49:05,586.57,3.0916,237.13,6.704,20.1122,238.42,236.4,236.59,410.98,408.42,412.79,410.72,8.0304,6.6081,5.4737,1.3207,1.0756,0.6952,3.6061,1.3826,1.131,1.0925,4.7718,1.9146,1.5622,1.295,0.6508,0.6907,0.6891,0.5368,50.1,877.1,635.27,1,1,2025-10-01 06:49:50,17.3,76.6,,1,0,,0
2025-10-01 06:49:50,586.62,3.1475,243.07,7.003,21.009,243.25,243.68,242.3,421.24,420.12,421.67,420.95,8.2241,7.0634,5.7215,1.2991,1.1217,0.7267,4.0003,1.5171,1.303,1.1802,5.108,2.0005,1.7212,1.3863,0.6183,0.6504,0.6523,0.5242,50.1,877.17,635.32,1,1,2025-10-01 06:49:50,17.3,76.6,,1,0,,0
2025-10-01 06:50:35,586.65,3.1043,238.78,6.767,20.3012,239.17,238.54,238.65,413.3,412.4,415.05,413.57,7.9532,6.7494,5.5986,1.2986,1.0751,0.7305,3.7,1.3857,1.1961,1.1183,4.8483,1.9022,1.61,1.3361,0.6427,0.6838,0.6685,0.5469,50.1,877.23,635.36,1,1,2025-10-01 06:50:50,17.3,76.7,,1,0,,0
2025-10-01 06:51:20,586.69,3.0847,236.39,6.6505,19.951500000000003,235.99,236.5,236.7,408.66,409.34,410.33,409.4,7.7186,6.6896,5.5433,1.2691,1.0591,0.7565,3.5478,1.3028,1.1732,1.0718,4.7157,1.8215,1.5821,1.3121,0.6561,0.6977,0.6701,0.5766,50,877.29,635.41,1,1,2025-10-01 06:51:50,17.3,76.8,,1,0,,0
2025-10-01 06:52:05,586.73,3.1063,239.56,6.8109,20.4327,240.12,239.05,239.52,414.26,413.8,416.72,420.49,7.9945,6.7741,5.6641,1.3029,1.0715,0.7319,3.7589,1.4054,1.2116,1.1419,4.8957,1.9196,1.6193,1.3567,0.637,0.6798,0.6624,0.5396,50.1,877.35,635.45,1,1,2025-10-01 06:52:50,17.3,76.8,,1,0,,0
2025-10-01 06:52:50,586.77,3.0543,233.44,6.5161,19.5485,233.84,232.96,233.53,403.33,403.97,405.68,404.35,7.6513,6.4819,5.4153,1.2783,1.0409,0.735,3.3687,1.2481,1.0918,1.0287,4.5638,1.7892,1.51,1.2646,0.6716,0.7154,0.69,0.5813,50,877.41,635.5,1,1,2025-10-01 06:52:50,17.3,76.8,,1,0,,0
2025-10-01 06:53:35,586.81,3.0811,236.81,6.664,19.9922,236.33,237.13,236.97,409.29,410.3,410.89,410.13,7.7201,6.723,5.5491,1.263,1.0622,0.7559,3.5758,1.3133,1.1867,1.0759,4.7337,1.8245,1.5942,1.315,0.6527,0.6931,0.6669,0.5748,50.1,877.46,635.54,1,1,2025-10-01 06:53:50,17.3,76.8,,1,0,,0
2025-10-01 06:54:20,586.85,3.0982,239.09,6.7744,20.3233,238.46,239.65,239.18,413.79,413.34,415.22,414.11,7.8831,6.831,5.6092,1.2722,1.0778,0.7481,3.7234,1.3801,1.2299,1.1134,4.8585,1.8798,1.637,1.3416,0.6396,0.6777,0.659,0.5577,50.1,877.53,635.59,1,1,2025-10-01 06:54:50,17.3,76.9,,1,0,,0
2025-10-01 06:55:05,586.88,3.0406,233.72,6.519,19.557,233.14,233.84,234.19,403.87,404.34,406.23,404.73,7.6051,6.5186,5.4333,1.2596,1.0358,0.7453,3.3912,1.2442,1.1161,1.0309,4.5698,1.7731,1.5243,1.2724,0.6675,0.7114,0.6802,0.5858,50,877.59,635.64,1,1,2025-10-01 06:55:50,17.3,76.9,,1,0,,0
2025-10-01 06:55:50,586.92,3.0767,236.77,6.6644,19.993299999999998,236.82,236.61,236.88,409.62,409.12,411.53,410.1,7.8441,6.6247,5.5245,1.2895,1.0574,0.7299,3.5744,1.3334,1.155,1.0859,4.7338,1.8576,1.5675,1.3086,0.6523,0.6951,0.6752,0.5578,50.1,877.65,635.68,1,1,2025-10-01 06:55:50,17.3,76.9,,1,0,,0
2025-10-01 06:56:35,586.96,3.1018,239.13,6.7837,20.3511,239.41,239.65,238.33,414.11,413.15,415.28,414.19,8.0111,6.8243,5.5157,1.2869,1.0995,0.7154,3.73,1.4186,1.2087,1.1026,4.8679,1.9179,1.6354,1.3146,0.6393,0.6718,0.6729,0.5443,50.1,877.71,635.73,1,1,2025-10-01 06:56:50,17.3,77,,1,0,,0
2025-10-01 06:57:20,587,3.0789,236.56,6.6502,19.950699999999998,236.15,236.45,237.09,408.79,409.46,410.95,409.74,7.7734,6.6234,5.5539,1.2825,1.0494,0.7469,3.554,1.3095,1.1603,1.0841,4.7186,1.8357,1.5661,1.3168,0.6547,0.6997,0.6707,0.5673,50.1,877.77,635.77,1,1,2025-10-01 06:57:50,17.3,77,,1,0,,0
2025-10-01 06:58:05,587.04,3.1565,243.62,7.0359,21.1077,243.9,244.46,242.52,422.27,420.92,422.7,421.97,8.2878,7.116,5.7039,1.2998,1.1375,0.7193,4.0385,1.544,1.3135,1.181,5.1443,2.0214,1.7396,1.3833,0.6158,0.644,0.6546,0.5201,50.1,877.83,635.82,1,1,2025-10-01 06:58:50,17.3,77,,1,0,,0
2025-10-01 06:58:50,587.08,3.1138,239.42,6.8035,20.4105,239.64,239.94,238.68,414.56,414.39,415.1,414.69,7.9951,6.8676,5.5478,1.2844,1.1022,0.7271,3.7466,1.4178,1.2226,1.1062,4.8879,1.9159,1.6478,1.3241,0.6391,0.6713,0.6696,0.5492,50.1,877.89,635.87,1,1,2025-10-01 06:58:50,17.3,77,,1,0,,0
2025-10-01 06:59:35,587.12,3.0818,236.91,6.6807,20.0422,236.6,237.33,236.82,409.79,410.4,410.85,410.37,7.8028,6.7452,5.4942,1.2669,1.0749,0.74,3.5931,1.3391,1.1842,1.0699,4.7481,1.8461,1.6008,1.3011,0.651,0.6872,0.6721,0.5688,50.1,877.95,635.91,1,1,2025-10-01 06:59:50,17.3,76.7,,1,0,,0
2025-10-01 07:00:20,587.16,3.1263,241.15,6.8985,20.6957,241.01,241.8,240.66,417.74,416.84,418.48,420.06,8.0738,6.9845,5.6374,1.2821,1.11,0.7342,3.869,1.4591,1.27,1.1399,4.9914,1.9459,1.6889,1.3567,0.6285,0.66,0.658,0.5415,50,878.01,635.96,1,1,2025-10-01 07:00:50,17.3,76.8,,1,0,,0
2025-10-01 07:01:05,587.2,3.0586,233.34,6.5087,19.5262,233.17,233.2,233.65,403.19,403.79,405.47,404.09,7.5612,6.5218,5.4432,1.2628,1.0389,0.7569,3.3558,1.2262,1.1083,1.0214,4.5557,1.763,1.5209,1.2718,0.6736,0.7174,0.6838,0.5953,50.1,878.07,636,1,1,2025-10-01 07:01:50,17.3,76.5,,1,0,,0
2025-10-01 07:01:50,587.23,3.0915,237.72,6.7082,20.1246,236.46,239.3,237.41,411.4,412.05,411.77,411.49,7.6726,6.9256,5.5264,1.2267,1.0921,0.7727,3.6378,1.3333,1.2444,1.0602,4.7836,1.8143,1.6573,1.312,0.6475,0.677,0.6596,0.5889,50.1,878.13,636.05,1,1,2025-10-01 07:01:50,17.3,76.5,,1,0,,0
2025-10-01 07:02:35,587.27,3.1069,238.93,6.7947,20.3842,239.77,238,239.04,412.99,412.51,416.03,413.79,8.0115,6.6827,5.69,1.3209,1.0571,0.7289,3.7241,1.3902,1.1859,1.148,4.8715,1.9209,1.5905,1.3601,0.6406,0.6887,0.6654,0.5359,50.1,878.19,636.1,1,1,2025-10-01 07:02:50,17.3,76.6,,1,0,,0
2025-10-01 07:03:20,587.31,3.0465,232.64,6.4778,19.4335,231.66,233.02,233.24,401.82,402.87,404.11,402.94,7.4655,6.5406,5.4274,1.2416,1.0355,0.7694,3.321,1.2003,1.116,1.0047,4.5194,1.7295,1.5241,1.2659,0.6759,0.7189,0.6801,0.6079,50,878.25,636.14,1,1,2025-10-01 07:03:50,17.3,76.6,,1,0,,0
2025-10-01 07:04:05,587.35,3.0957,237.3,6.718,20.1542,236.82,236.58,238.52,409.48,410.48,413.1,410.96,7.7807,6.6704,5.7031,1.2908,1.036,0.769,3.6197,1.3105,1.1876,1.1216,4.781,1.8426,1.5781,1.3603,0.6499,0.7017,0.6573,0.5654,50,878.31,636.18,1,1,2025-10-01 07:04:50,17.3,76.7,,1,0,,0
2025-10-01 07:04:50,587.39,3.1183,239.7,6.8196,20.4589,239.57,239.45,240.09,414.25,414.64,416.62,415.14,7.9349,6.8164,5.7076,1.2948,1.0686,0.7549,3.762,1.3875,1.2312,1.1433,4.9035,1.901,1.6322,1.3703,0.6381,0.6822,0.6554,0.5509,50,878.37,636.23,1,1,2025-10-01 07:04:50,17.3,76.7,,1,0,,0
2025-10-01 07:05:35,587.43,3.0956,237.26,6.6963,20.089,237.15,237.28,237.35,409.93,410.9,411.99,410.96,7.7824,6.7302,5.5764,1.276,1.0653,0.7543,3.6037,1.3293,1.1873,1.0872,4.7661,1.8456,1.5969,1.3236,0.6515,0.6925,0.6678,0.57,50,878.43,636.28,1,1,2025-10-01 07:05:50,17.3,76.8,,1,0,,0
2025-10-01 07:07:05,587.5,3.1059,238.9,6.7738,20.3215,238.69,239.15,238.86,413.29,413.32,414.73,413.86,7.8598,6.8346,5.6271,1.2747,1.0768,0.7544,3.7118,1.3725,1.2273,1.1121,4.8546,1.8761,1.6345,1.3441,0.6417,0.6805,0.6595,0.5613,50,878.55,636.37,1,1,2025-10-01 07:07:50,17.3,76.7,,1,0,,0
2025-10-01 07:07:50,587.55,3.0915,236.73,6.6878,20.063499999999998,236.46,236.98,236.76,409.31,409.72,411.05,409.94,7.8309,6.6991,5.5335,1.2806,1.0685,0.7424,3.5841,1.3334,1.1717,1.0789,4.7494,1.8517,1.5876,1.3101,0.6531,0.6926,0.6738,0.5668,50,878.61,636.42,1,1,2025-10-01 07:07:50,17.3,76.7,,1,0,,0
2025-10-01 07:08:35,587.58,3.1518,243.28,7.0301,21.0903,242.71,243.53,243.62,420.53,421.07,422.53,421.38,8.1695,7.0525,5.8683,1.3022,1.0937,0.7559,4.0237,1.4901,1.3209,1.2126,5.13,1.9828,1.7175,1.4296,0.6166,0.658,0.6377,0.5289,50.1,878.67,636.46,1,1,2025-10-01 07:08:50,17.3,76.7,,1,0,,0
2025-10-01 07:09:20,587.62,3.0621,233.61,6.5405,19.6217,234.34,233.2,233.31,404.59,403.14,406.16,403.3,7.7882,6.4811,5.3524,1.2948,1.0562,0.711,3.388,1.2825,1.0792,1.0262,4.5852,1.8251,1.5114,1.2488,0.6705,0.7104,0.6994,0.5695,50.1,878.73,636.51,1,1,2025-10-01 07:09:50,17.3,76.6,,1,0,,0
2025-10-01 07:10:05,587.66,3.0813,236.95,6.6757,20.0273,236.84,237.28,236.73,410.19,409.53,411.47,410.37,7.8424,6.7042,5.4807,1.2768,1.0743,0.7302,3.5876,1.3449,1.1708,1.0719,4.7456,1.8574,1.5908,1.2974,0.6515,0.6885,0.6767,0.5631,50.1,878.79,636.55,1,1,2025-10-01 07:10:50,17.3,76.6,,1,0,,0
2025-10-01 07:10:50,587.7,3.0902,238.05,6.719,20.1571,237.58,237.92,238.65,411.24,412.22,413.46,412.28,7.8526,6.686,5.6185,1.2895,1.0537,0.7471,3.6468,1.3442,1.1893,1.1133,4.7972,1.8656,1.5907,1.3409,0.6464,0.6922,0.6631,0.5572,50.1,878.85,636.6,1,1,2025-10-01 07:10:50,17.3,76.6,,1,0,,0
2025-10-01 07:11:35,587.74,3.066,233.55,6.5412,19.6236,233.89,232.67,234.09,403.36,403.94,406.24,404.54,7.7127,6.4353,5.4756,1.2982,1.0314,0.7364,3.3805,1.2485,1.0833,1.0486,4.583,1.8039,1.4973,1.2818,0.6718,0.7207,0.6895,0.5747,50.1,878.91,636.64,1,1,2025-10-01 07:11:50,17.3,76.7,,1,0,,0
2025-10-01 07:12:20,587.78,3.1176,238.27,6.7691,20.3074,238.4,237.45,238.97,411.54,411.59,414.95,412.29,7.9357,6.6734,5.6983,1.3165,1.0526,0.7485,3.6732,1.3542,1.182,1.137,4.8382,1.8919,1.5846,1.3617,0.647,0.697,0.665,0.5498,50.1,878.97,636.69,1,1,2025-10-01 07:12:50,17.3,76.6,,1,0,,0
2025-10-01 07:13:05,587.82,3.12,238.85,6.7754,20.3262,238.49,239.48,238.59,413.31,413.76,414.02,413.62,7.9014,6.8526,5.5722,1.2782,1.0942,0.7477,3.7,1.3807,1.2206,1.0987,4.8549,1.8844,1.6411,1.3295,0.6446,0.6793,0.6675,0.5625,50.1,879.03,636.74,1,1,2025-10-01 07:13:50,17.3,76.6,,1,0,,0
2025-10-01 07:13:50,587.85,3.0937,236.49,6.6605,19.9816,236.98,236.08,236.41,409.36,408.25,411.2,409.61,7.8458,6.6307,5.5051,1.2965,1.066,0.7311,3.5501,1.329,1.1446,1.0766,4.7261,1.8593,1.5654,1.3015,0.6569,0.6983,0.6815,0.5618,50.1,879.09,636.78,1,1,2025-10-01 07:13:50,17.3,76.6,,1,0,,0
2025-10-01 07:14:35,587.9,3.1579,243.46,7.0296,21.089,243.77,243.21,243.4,421.23,421.06,422.75,421.15,8.2151,7.0,5.8739,1.3208,1.0925,0.7446,4.025,1.5011,1.3033,1.2206,5.1348,2.0026,1.7025,1.4297,0.6172,0.6605,0.6424,0.5207,50.1,879.16,636.83,1,1,2025-10-01 07:14:50,17.3,76.7,,1,0,,0
2025-10-01 07:16:05,587.97,3.0805,236.43,6.6462,19.9388,236.11,235.88,237.31,408.38,409.18,410.96,409.58,7.7175,6.6084,5.6129,1.2835,1.0355,0.7615,3.5434,1.2887,1.1625,1.0922,4.713,1.8222,1.5588,1.332,0.656,0.7056,0.6651,0.5719,50.1,879.27,636.92,1,1,2025-10-01 07:16:50,17.3,76.4,,1,0,,0
2025-10-01 07:16:50,588.01,3.1067,239.07,6.7975,20.3927,239.78,238.85,238.58,413.67,413.3,415.25,413.96,8.0214,6.7817,5.5896,1.3022,1.0841,0.7203,3.7352,1.4116,1.2014,1.1222,4.8767,1.9234,1.6198,1.3336,0.6394,0.678,0.6699,0.5401,50.1,879.34,636.97,1,1,2025-10-01 07:16:50,17.3,76.4,,1,0,,0
2025-10-01 07:17:35,588.05,3.0465,233.42,6.509,19.5271,233.43,232.98,233.86,403.2,404.07,405.61,404.19,7.61,6.4676,5.4495,1.2731,1.0289,0.7445,3.3685,1.2354,1.0989,1.0342,4.5576,1.7764,1.5068,1.2744,0.6707,0.7176,0.6834,0.5842,50.1,879.39,637.01,1,1,2025-10-01 07:17:50,17.200000000000003,76.3,,1,0,,0
2025-10-01 07:18:20,588.09,3.0841,238.2,6.7254,20.1762,237.81,238.02,238.77,411.16,412.92,413.62,412.56,7.8031,6.7116,5.6615,1.2807,1.0466,0.7568,3.6624,1.3386,1.2042,1.1196,4.8049,1.8557,1.5975,1.3518,0.6441,0.6912,0.656,0.5599,50.1,879.46,637.06,1,1,2025-10-01 07:18:50,17.3,76.4,,1,0,,0
2025-10-01 07:19:05,588.13,3.0992,239.08,6.7876,20.3629,238.95,238.77,239.53,413.1,413.66,415.53,414.09,7.8963,6.768,5.6986,1.2907,1.0568,0.7517,3.7307,1.3718,1.22,1.1389,4.8678,1.8868,1.616,1.365,0.639,0.6852,0.6547,0.5508,50,879.52,637.11,1,1,2025-10-01 07:19:50,17.200000000000003,76.2,,1,0,,0
2025-10-01 07:19:50,588.16,3.0401,233.17,6.5058,19.5176,232.95,233.3,233.27,403.12,403.63,404.83,403.81,7.6,6.5244,5.3932,1.2571,1.0419,0.7411,3.3667,1.2429,1.1075,1.0162,4.5506,1.7704,1.5221,1.2581,0.6701,0.7111,0.6852,0.5892,50,879.58,637.15,1,1,2025-10-01 07:19:50,17.200000000000003,76.2,,1,0,,0
2025-10-01 07:20:35,588.2,3.124,240.42,6.8864,20.6592,239.87,240.49,240.91,415.65,416.01,417.59,411.67,8.0098,6.8869,5.7625,1.2956,1.073,0.7553,3.836,1.4141,1.258,1.1638,4.9658,1.9213,1.6562,1.3882,0.6314,0.6755,0.6489,0.5443,50,879.64,637.19,1,1,2025-10-01 07:20:50,17.3,76.2,,1,0,,0
2025-10-01 07:21:20,588.24,3.1068,239.12,6.7832,20.3498,238.57,240.04,238.77,414.2,413.68,414.63,414.12,7.8922,6.8978,5.5598,1.2643,1.0969,0.7456,3.7269,1.3912,1.2378,1.0979,4.8661,1.8828,1.6557,1.3275,0.6403,0.6725,0.6632,0.5618,50,879.7,637.24,1,1,2025-10-01 07:21:50,16.8,76.2,,1,0,,0
2025-10-01 07:22:05,588.28,3.0836,236.32,6.6624,19.9874,236.25,236.41,236.32,409.16,408.4,410.4,409.18,7.8137,6.6668,5.5069,1.281,1.0655,0.7371,3.556,1.325,1.159,1.072,4.7235,1.846,1.5761,1.3014,0.6551,0.695,0.6767,0.5665,50,879.76,637.29,1,1,2025-10-01 07:22:50,16.8,76,,1,0,,0
2025-10-01 07:22:50,588.32,3.1468,242.48,6.9838,20.9514,241.96,242.51,242.99,419.39,419.28,421.3,419.99,8.1331,6.968,5.8503,1.3085,1.0837,0.7546,3.9634,1.4653,1.2938,1.2043,5.0793,1.9679,1.6898,1.4216,0.6218,0.666,0.6421,0.5309,50.1,879.82,637.33,1,1,2025-10-01 07:22:50,16.8,76,,1,0,,0
2025-10-01 07:23:35,588.36,3.1191,239.33,6.803,20.4091,239.44,238.66,239.89,413.75,413.37,416.45,414.6,8.0149,6.6894,5.7048,1.3224,1.0582,0.7384,3.7319,1.3866,1.1931,1.1522,4.8841,1.9191,1.5965,1.3685,0.6413,0.6901,0.6635,0.5395,50.1,879.88,637.38,1,1,2025-10-01 07:23:50,16.8,76.2,,1,0,,0
2025-10-01 07:24:20,588.4,3.0984,236.45,6.6668,20.0004,236.19,236.28,236.88,409.09,408.56,410.95,409.62,7.8276,6.6228,5.55,1.2958,1.0582,0.7444,3.5484,1.3147,1.1505,1.0832,4.7283,1.8488,1.5648,1.3147,0.6577,0.7019,0.6769,0.5663,50.1,879.94,637.42,1,1,2025-10-01 07:24:50,17.200000000000003,76.2,,1,0,,0
2025-10-01 07:25:05,588.44,3.1352,241.29,6.9079,20.723699999999997,240.72,241.48,241.68,417.27,417.32,419.18,422.58,8.0621,6.9129,5.7487,1.2979,1.0864,0.7509,3.8697,1.4376,1.2642,1.1679,4.9994,1.9407,1.6693,1.3893,0.6295,0.6701,0.6517,0.5407,50.1,880,637.47,1,1,2025-10-01 07:25:50,16.8,76,,1,0,,0
2025-10-01 07:25:50,588.48,3.0641,232.74,6.5003,19.5011,233.91,232.11,232.2,404.29,400.51,404.53,403.12,7.8027,6.3967,5.3017,1.3078,1.0554,0.7009,3.3229,1.2692,1.0423,1.0114,4.5409,1.8251,1.4847,1.2311,0.6778,0.7176,0.7115,0.5695,50.1,880.06,637.52,1,1,2025-10-01 07:25:50,16.8,76,,1,0,,0
2025-10-01 07:26:35,588.51,3.0869,236.53,6.6583,19.9749,236.77,236.19,236.63,409.42,407.79,411.79,409.57,7.8597,6.5988,5.5164,1.2989,1.0584,0.7297,3.553,1.3288,1.1421,1.0821,4.7249,1.8609,1.5586,1.3053,0.6558,0.699,0.6797,0.559,50.1,880.12,637.56,1,1,2025-10-01 07:26:50,16.8,76,,1,0,,0
2025-10-01 07:27:20,588.55,3.1079,239.82,6.8215,20.464599999999997,240.18,239.23,240.07,414.89,414.32,416.95,415.45,8.024,6.7317,5.7089,1.3146,1.0602,0.7331,3.7726,1.405,1.2098,1.1578,4.9082,1.9272,1.6104,1.3705,0.6358,0.6832,0.659,0.5349,50.1,880.18,637.61,1,1,2025-10-01 07:27:50,16.8,76,,1,0,,0
2025-10-01 07:28:05,588.59,3.0664,233.75,6.5357,19.6072,234.6,233.24,233.43,404.23,404.1,406.29,404.82,7.7542,6.4753,5.3777,1.2944,1.0531,0.719,3.3835,1.2743,1.0807,1.0285,4.5848,1.8191,1.5103,1.2553,0.6715,0.7126,0.6978,0.5729,50.1,880.24,637.66,1,1,2025-10-01 07:28:50,16.8,76,,1,0,,0
2025-10-01 07:28:50,588.63,3.0926,236.58,6.6747,20.024099999999997,237.17,235.82,236.77,409.01,408.99,411.33,409.77,7.8926,6.5681,5.5634,1.3128,1.0509,0.729,3.5621,1.3301,1.1354,1.0967,4.738,1.8719,1.5489,1.3172,0.6555,0.7024,0.6792,0.5535,50.1,880.3,637.7,1,1,2025-10-01 07:28:50,16.8,76,,1,0,,0
2025-10-01 07:29:35,588.67,3.1128,238.53,6.7717,20.3153,239.4,239.1,237.11,413.86,412.15,413.44,413.1,8.0383,6.8265,5.4505,1.2921,1.1149,0.7058,3.6951,1.4226,1.1902,1.0823,4.849,1.9244,1.6322,1.2924,0.6442,0.6723,0.6836,0.5462,50.1,880.36,637.75,1,1,2025-10-01 07:29:50,16.8,76.2,,1,0,,0
2025-10-01 07:30:20,588.71,3.0878,237.52,6.6898,20.0694,236.67,238.98,236.93,411.28,411.71,411.21,411.32,7.7565,6.8501,5.4628,1.2437,1.0946,0.7495,3.6168,1.3468,1.2152,1.0549,4.7671,1.8357,1.637,1.2943,0.6492,0.6784,0.6692,0.5792,50.1,880.42,637.79,1,1,2025-10-01 07:30:50,16.8,76.2,,1,0,,0
2025-10-01 07:31:05,588.75,3.1389,242.23,6.9588,20.8766,241.47,242.94,242.3,419.28,419.21,420.19,419.53,8.0683,7.0355,5.7728,1.2831,1.0984,0.7575,3.9446,1.462,1.307,1.1756,5.0562,1.9483,1.7092,1.3987,0.6226,0.6596,0.6433,0.5416,50.1,880.48,637.84,1,1,2025-10-01 07:31:50,16.8,76.4,,1,0,,0
2025-10-01 07:31:50,588.79,3.1053,239.23,6.7864,20.3593,238.79,239.07,239.84,413.34,414.4,415.34,414.44,7.8982,6.7548,5.7063,1.2935,1.0565,0.7554,3.7278,1.3682,1.2187,1.1409,4.8695,1.886,1.6149,1.3686,0.64,0.6869,0.655,0.552,50,880.54,637.89,1,1,2025-10-01 07:31:50,16.8,76.4,,1,0,,0
2025-10-01 07:32:35,588.82,3.0905,236.54,6.6659,19.9978,236.39,237,236.24,409.41,409.49,410.19,409.69,7.7693,6.7252,5.5033,1.2695,1.0753,0.7456,3.5621,1.3233,1.1742,1.0646,4.7306,1.8366,1.5939,1.3001,0.6553,0.6922,0.6753,0.5736,50.1,880.6,637.93,1,1,2025-10-01 07:32:50,16.8,76.2,,1,0,,0
2025-10-01 07:33:20,588.86,3.1116,239.26,6.8002,20.400799999999997,238.66,240.08,239.05,414.13,414.11,414.98,420.73,7.9051,6.8728,5.6229,1.2713,1.0886,0.7517,3.7417,1.3901,1.2377,1.1139,4.8808,1.8866,1.65,1.3442,0.6393,0.6748,0.6604,0.5593,50,880.66,637.98,1,1,2025-10-01 07:33:50,16.8,76.2,,1,0,,0
2025-10-01 07:34:05,588.9,3.0532,233.45,6.5155,19.5466,233.24,232.83,234.28,403.14,403.95,405.93,404.31,7.6339,6.4207,5.492,1.2847,1.0203,0.7482,3.3654,1.2287,1.0904,1.0463,4.5621,1.7805,1.4949,1.2867,0.6719,0.7226,0.6832,0.5816,50,880.72,638.02,1,1,2025-10-01 07:34:50,16.8,76.3,,1,0,,0
2025-10-01 07:34:50,588.94,3.0961,236.77,6.695,20.085,236.2,236.68,237.43,409.09,410.07,411.12,409.97,7.7941,6.6712,5.6197,1.2859,1.0514,0.7588,3.5857,1.3132,1.1755,1.097,4.7542,1.841,1.5789,1.3343,0.6535,0.6996,0.6666,0.5698,50,880.78,638.07,1,1,2025-10-01 07:34:50,16.8,76.3,,1,0,,0
2025-10-01 07:35:35,588.98,3.1143,239.19,6.7943,20.383000000000003,239.41,238.86,239.3,413.63,413.87,415.35,414.09,8.0296,6.6941,5.6593,1.3189,1.0659,0.7296,3.7229,1.3937,1.1891,1.1401,4.8756,1.9224,1.599,1.3543,0.6416,0.6873,0.6674,0.5389,50,880.84,638.11,1,1,2025-10-01 07:35:50,16.8,76.6,,1,0,,0
2025-10-01 07:36:20,589.02,3.0608,233.48,6.5255,19.5767,233.42,233.78,233.25,404.2,403.91,405.08,404.41,7.7025,6.5238,5.3504,1.2737,1.0583,0.7288,3.381,1.2668,1.0979,1.0163,4.571,1.7979,1.5251,1.248,0.6711,0.7096,0.6951,0.5839,50.1,880.9,638.16,1,1,2025-10-01 07:36:50,16.8,76.7,,1,0,,0
2025-10-01 07:37:05,589.06,3.1095,238.36,6.9862,20.9588,238.03,238.42,238.63,412.71,412.07,413.75,412.84,8.2865,6.8665,5.8058,1.3001,1.0691,0.7403,3.6917,1.3733,1.1971,1.1214,4.995,1.9724,1.6371,1.3854,0.6442,0.6692,0.655,0.5125,50.1,880.96,638.2,1,1,2025-10-01 07:37:50,17.200000000000003,76.5,,1,0,,0
2025-10-01 07:37:50,589.1,3.1258,239.27,6.7926,20.378,239.33,238.94,239.54,413.81,414.03,415.43,414.42,8.005,6.7338,5.6392,1.3145,1.0744,0.7369,3.7173,1.3897,1.1956,1.132,4.8756,1.9158,1.609,1.3508,0.6435,0.6871,0.6684,0.5455,50.1,881.03,638.25,1,1,2025-10-01 07:37:50,17.200000000000003,76.5,,1,0,,0
2025-10-01 07:38:35,589.13,3.1044,236.91,6.6871,20.0613,236.48,236.65,237.6,409.72,409.86,411.42,410.31,7.8204,6.6445,5.5964,1.2956,1.0542,0.7546,3.5746,1.3155,1.1646,1.0946,4.7515,1.8494,1.5724,1.3297,0.6556,0.7016,0.671,0.5676,50.1,881.08,638.3,1,1,2025-10-01 07:38:50,17.200000000000003,76.3,,1,0,,0
2025-10-01 07:39:20,589.17,3.1714,243.38,7.0278,21.0836,242.35,245.03,242.77,421.73,421.94,420.97,421.54,8.1339,7.2207,5.729,1.2696,1.1416,0.7602,4.0178,1.504,1.3493,1.1645,5.1314,1.9713,1.7693,1.3908,0.6195,0.645,0.6459,0.5466,50.1,881.15,638.34,1,1,2025-10-01 07:39:50,16.8,76.2,,1,0,,0
2025-10-01 07:40:05,589.21,3.1273,238.69,6.7727,20.3182,238.86,237.93,239.29,412.44,412.7,415.13,413.42,7.9424,6.6792,5.6966,1.3192,1.057,0.7511,3.6803,1.3589,1.1844,1.137,4.8494,1.8971,1.5892,1.3631,0.6475,0.6965,0.6658,0.5511,50.1,881.21,638.39,1,1,2025-10-01 07:40:50,16.8,76,,1,0,,0
2025-10-01 07:40:50,589.25,3.112,236.54,6.6696,20.0089,237.23,236.07,236.33,409.31,409.09,410.7,409.72,7.8836,6.6177,5.5076,1.3092,1.0713,0.7316,3.5427,1.3316,1.135,1.0761,4.7341,1.8702,1.5622,1.3016,0.6599,0.701,0.6863,0.5622,50.1,881.26,638.43,1,1,2025-10-01 07:40:50,16.8,76,,1,0,,0
2025-10-01 07:42:20,589.33,3.084,233.07,6.5074,19.5224,233.33,232.22,233.67,402.78,403.39,404.9,403.82,7.6321,6.4126,5.4777,1.2986,1.0301,0.7552,3.3216,1.2149,1.0734,1.0332,4.5499,1.7808,1.4891,1.28,0.6804,0.7302,0.6923,0.59,50.2,881.39,638.52,1,1,2025-10-01 07:42:50,16.8,76.1,,1,0,,0
2025-10-01 07:43:05,589.37,3.1171,236.97,6.6644,19.9934,236.55,237.08,237.28,409.8,410.28,411.23,410.47,7.7381,6.6726,5.5827,1.2868,1.0621,0.7681,3.548,1.2983,1.1705,1.0792,4.7371,1.8304,1.5819,1.3247,0.66,0.7039,0.6719,0.5798,50.2,881.44,638.57,1,1,2025-10-01 07:43:50,16.8,76.1,,1,0,,0
2025-10-01 07:43:50,589.41,3.1383,239.42,6.809,20.427,239.54,238.85,239.88,413.74,413.88,416.44,414.66,7.9713,6.7276,5.7281,1.3205,1.0645,0.7532,3.7241,1.3744,1.2012,1.1485,4.8904,1.9094,1.6069,1.3741,0.6443,0.6928,0.6632,0.5484,50.2,881.51,638.61,1,1,2025-10-01 07:43:50,16.8,76.1,,1,0,,0
2025-10-01 07:44:35,589.45,3.0906,233.52,6.5281,19.5845,233.99,232.03,234.56,403.01,403.83,406.59,404.52,7.6974,6.3415,5.5456,1.3222,1.0159,0.7524,3.3422,1.2192,1.0624,1.0607,4.5733,1.8011,1.4714,1.3008,0.6789,0.7351,0.6911,0.5785,50.2,881.57,638.66,1,1,2025-10-01 07:44:50,16.8,76.4,,1,0,,0
2025-10-01 07:45:20,589.49,3.1724,242.36,6.9621,20.8863,241.95,242.33,242.8,419.04,419.87,420.41,419.72,8.1041,6.9373,5.8449,1.3191,1.0876,0.7658,3.9201,1.4462,1.2795,1.1944,5.061,1.9608,1.6811,1.4191,0.629,0.6738,0.6476,0.5397,50.2,881.63,638.7,1,1,2025-10-01 07:45:50,16.8,76.3,,1,0,,0
2025-10-01 07:46:05,589.52,3.1395,239.14,6.7972,20.3918,239.02,238.91,239.5,413.79,413.22,415.6,414.08,7.9674,6.746,5.6784,1.3142,1.0729,0.7524,3.7049,1.3733,1.1997,1.1319,4.876,1.9044,1.6117,1.36,0.6464,0.6913,0.6666,0.5535,50.2,881.69,638.75,1,1,2025-10-01 07:46:50,16.8,76.4,,1,0,,0
2025-10-01 07:46:50,589.56,3.1074,236.55,6.6531,19.9593,236.84,236.63,236.2,409.51,408.99,410.66,409.87,7.8633,6.625,5.471,1.3005,1.0761,0.7308,3.5337,1.3295,1.1386,1.0657,4.7223,1.8623,1.5677,1.2923,0.6603,0.6992,0.6868,0.5655,50.2,881.75,638.8,1,1,2025-10-01 07:46:50,16.8,76.4,,1,0,,0
2025-10-01 07:52:50,589.88,3.0922,233.21,6.5205,19.561700000000002,232.87,232.97,233.81,403.09,403.73,405,403.92,7.5837,6.4968,5.4812,1.2813,1.0409,0.77,3.3326,1.2114,1.097,1.0242,4.5611,1.766,1.5136,1.2816,0.6801,0.7266,0.6883,0.6009,50.2,882.23,639.16,1,1,2025-10-01 07:52:50,16.8,76.4,,1,0,,0
2025-10-01 07:53:35,589.92,3.1829,242.18,6.9477,20.8432,242.44,242.15,241.95,419.19,418.98,420.22,419.42,8.1278,6.9513,5.7641,1.3226,1.1075,0.7527,3.8964,1.4569,1.2655,1.174,5.0484,1.9705,1.6833,1.3946,0.6326,0.6721,0.6585,0.5397,50.2,882.29,639.2,1,1,2025-10-01 07:53:50,16.8,76.4,,1,0,,0
2025-10-01 07:55:05,589.99,3.1231,236.5,6.648,19.9442,236.64,236.52,236.36,409.42,409.36,410.13,409.48,7.7857,6.6504,5.5081,1.2958,1.0744,0.7529,3.5145,1.3057,1.1468,1.0619,4.7173,1.8424,1.573,1.3019,0.6642,0.7044,0.6836,0.5783,50.2,882.41,639.29,1,1,2025-10-01 07:55:50,16.8,76.6,,1,0,,0
2025-10-01 07:55:50,590.03,3.1875,243.93,7.038,21.114199999999997,243.84,244.01,243.96,422.19,421.87,423.45,422.38,8.2106,7.04,5.8636,1.3234,1.1069,0.7572,4.0221,1.4976,1.311,1.2134,5.1504,2.0021,1.7178,1.4305,0.621,0.6621,0.6451,0.5294,50.3,882.47,639.34,1,1,2025-10-01 07:55:50,16.8,76.6,,1,0,,0
2025-10-01 07:59:35,590.23,3.127,236.64,6.6686,20.0058,236.44,237.27,236.23,409.57,409.72,410.34,409.81,7.8066,6.7185,5.4807,1.2856,1.0898,0.7515,3.5354,1.3206,1.1611,1.0537,4.7346,1.8458,1.5941,1.2947,0.6625,0.6975,0.6843,0.5806,50.2,882.77,639.57,1,1,2025-10-01 07:59:50,16.8,76.9,,1,0,,0
2025-10-01 08:00:20,590.27,3.1524,239.07,6.7891,20.3674,238.84,239.04,239.34,413.39,413.94,414.92,414.28,7.9197,6.7839,5.6638,1.3072,1.0819,0.7634,3.6884,1.3627,1.2058,1.1199,4.8687,1.8915,1.6216,1.3556,0.6497,0.6922,0.6678,0.5632,50.2,882.83,639.61,1,1,2025-10-01 08:00:50,16.8,76.7,,1,0,,0
2025-10-01 08:01:05,590.31,3.0937,233.22,6.502,19.5061,233.29,233.44,232.94,403.54,403.67,404.64,404.03,7.6426,6.5113,5.3522,1.2821,1.0654,0.7462,3.3163,1.2353,1.0824,0.9985,4.5497,1.7829,1.52,1.2467,0.6821,0.7201,0.7014,0.5986,50.2,882.89,639.66,1,1,2025-10-01 08:01:50,16.8,76.6,,1,0,,0
2025-10-01 08:01:50,590.35,3.1691,242.61,6.9491,20.8474,242.37,242.59,242.87,419.72,419.91,420.98,420.21,8.1157,6.9154,5.8163,1.3223,1.0889,0.7579,3.9175,1.4517,1.2739,1.1919,5.0572,1.967,1.6776,1.4126,0.6289,0.6733,0.6497,0.5365,50.2,882.95,639.7,1,1,2025-10-01 08:01:50,16.8,76.6,,1,0,,0
2025-10-01 08:04:05,590.46,3.1863,242.28,6.9817,20.9451,242.29,242.62,241.94,419.53,419.07,420.32,419.7,8.1364,7.0216,5.7871,1.3124,1.1139,0.76,3.9277,1.4661,1.2865,1.1751,5.0751,1.9714,1.7036,1.4001,0.6299,0.6669,0.6545,0.543,50.2,883.13,639.84,1,1,,,,,1,0,,0
2025-10-01 08:10:05,590.78,3.1884,242.58,6.9792,20.9377,241.93,242.57,243.26,419.72,420.05,420.73,420.14,8.1177,6.9291,5.8909,1.328,1.085,0.7754,3.9273,1.4419,1.281,1.2045,5.0777,1.9639,1.6808,1.433,0.6302,0.6774,0.6463,0.5413,50.2,883.61,640.2,1,1,2025-10-01 08:10:50,16.8,76.7,,1,0,,0
2025-10-01 08:10:50,590.82,3.1369,238.69,6.7683,20.3051,239.04,239.31,237.72,413.97,413.01,413.27,413.44,8.0124,6.7879,5.5048,1.3034,1.1084,0.7252,3.6737,1.3993,1.1857,1.0887,4.8483,1.9153,1.6244,1.3086,0.6493,0.6815,0.6828,0.5543,50.2,883.67,640.24,1,1,2025-10-01 08:10:50,16.8,76.7,,1,0,,0
2025-10-01 08:11:35,590.86,3.1254,236.57,6.6581,19.9744,236.38,237.14,236.2,410,409.28,409.97,409.72,7.8431,6.6739,5.4574,1.2941,1.0889,0.7424,3.5237,1.3237,1.1468,1.0533,4.7256,1.854,1.5826,1.289,0.6635,0.699,0.6885,0.5761,50.2,883.73,640.29,1,1,2025-10-01 08:11:50,16.8,76.7,,1,0,,0
2025-10-01 08:12:20,590.9,3.1745,242.58,6.9614,20.8844,242.12,243.44,242.18,420.33,420.48,419.66,420.12,8.134,7.0352,5.7152,1.301,1.1222,0.7513,3.9264,1.4736,1.2911,1.1617,5.0662,1.9694,1.7126,1.3841,0.6287,0.6618,0.656,0.543,50.2,883.79,640.33,1,1,2025-10-01 08:12:50,16.8,76.7,,1,0,,0
2025-10-01 08:13:05,590.93,3.1206,237.79,6.7243,20.1729,237.49,238.53,237.37,411.81,412.18,411.63,411.84,7.8721,6.7658,5.535,1.285,1.0885,0.7472,3.6225,1.3534,1.1893,1.0799,4.7972,1.8695,1.6138,1.3138,0.6526,0.6885,0.6751,0.5689,50.2,883.85,640.38,1,1,2025-10-01 08:13:50,16.8,76.8,,1,0,,0
2025-10-01 08:13:50,590.97,3.1099,236.94,6.688,20.064,236.39,237.13,237.3,409.76,410.85,410.55,410.36,7.7992,6.6739,5.5909,1.2888,1.0611,0.76,3.5733,1.3143,1.1721,1.087,4.753,1.8437,1.5826,1.3267,0.6564,0.7001,0.6711,0.573,50.1,883.91,640.42,1,1,2025-10-01 08:13:50,16.8,76.8,,1,0,,0
2025-10-01 08:14:35,591.02,3.1293,237.72,6.7323,20.1969,237.03,239.16,236.99,411.86,412.13,411.25,411.73,7.7714,6.8907,5.5348,1.2566,1.1046,0.7681,3.626,1.3427,1.2206,1.0627,4.8017,1.8421,1.648,1.3117,0.6533,0.6833,0.6709,0.5857,50.1,883.97,640.47,1,1,2025-10-01 08:14:50,16.8,76.7,,1,0,,0
2025-10-01 08:15:20,591.05,3.1066,233.58,6.5662,19.6988,233.58,233.47,233.71,404.34,404.34,405.06,404.57,7.667,6.5405,5.4913,1.2894,1.0542,0.7631,3.373,1.2388,1.1029,1.0314,4.6012,1.7909,1.527,1.2834,0.6774,0.7211,0.6909,0.5947,50.1,884.03,640.51,1,1,2025-10-01 08:15:50,16.8,76.7,,1,0,,0
2025-10-01 08:16:05,591.09,3.1394,236.33,6.6939,20.0817,236.78,235.88,236.34,409.02,408.55,410.44,409.39,7.8699,6.6175,5.5943,1.3183,1.0673,0.7538,3.5357,1.3128,1.1371,1.0858,4.7465,1.8634,1.5609,1.3222,0.6639,0.7085,0.6843,0.5702,50.1,884.09,640.56,1,1,2025-10-01 08:16:50,16.8,76.6,,1,0,,0
2025-10-01 08:16:50,591.13,3.164,238.95,6.8217,20.4651,238.98,239.09,238.79,413.85,413.24,414.53,413.89,7.9689,6.8161,5.6801,1.3111,1.0909,0.7619,3.7079,1.3772,1.2087,1.122,4.8904,1.9044,1.6297,1.3564,0.6491,0.6895,0.67,0.5617,50.1,884.15,640.61,1,1,2025-10-01 08:16:50,16.8,76.6,,1,0,,0
2025-10-01 08:17:35,591.17,3.1114,232.89,6.5519,19.6557,232.74,232.42,233.53,402.85,403.21,404.09,403.42,7.6415,6.4883,5.5259,1.2967,1.0415,0.7732,3.3341,1.213,1.0885,1.0326,4.577,1.7785,1.508,1.2905,0.6822,0.7302,0.6913,0.5993,50.1,884.21,640.65,1,1,2025-10-01 08:17:50,16.8,76.5,,1,0,,0
2025-10-01 08:18:20,591.21,3.1985,242.14,7.0086,21.026,242.01,242.51,241.9,419.79,419.28,419.11,419.45,8.1738,7.0399,5.8123,1.3174,1.1167,0.7644,3.9407,1.4715,1.2894,1.1799,5.0914,1.9781,1.7072,1.406,0.6301,0.667,0.6546,0.5437,50.1,884.27,640.7,1,1,2025-10-01 08:18:50,16.8,76.5,,1,0,,0
2025-10-01 08:19:05,591.25,3.1518,239.21,6.8329,20.4988,239.4,239.55,238.7,414.55,414.42,414.02,414.25,8.0156,6.8684,5.6148,1.3019,1.1054,0.7445,3.7209,1.4013,1.212,1.1076,4.9045,1.9189,1.6453,1.3403,0.6463,0.6799,0.672,0.5568,50.1,884.33,640.74,1,1,2025-10-01 08:19:50,16.8,76.5,,1,0,,0
2025-10-01 08:19:50,591.29,3.1353,236.45,6.6954,20.0863,236.43,235.57,237.37,408.65,409.82,410.18,409.53,7.8462,6.571,5.6691,1.3236,1.0448,0.7668,3.5407,1.2953,1.14,1.1054,4.7487,1.8551,1.5479,1.3457,0.6629,0.7147,0.6756,0.5699,50.1,884.39,640.79,1,1,2025-10-01 08:19:50,16.8,76.5,,1,0,,0
2025-10-01 08:20:35,591.33,3.1978,242.19,7.016,21.048000000000002,242.74,241.69,242.16,419.35,418.94,420.18,419.45,8.2643,6.9457,5.838,1.3467,1.1035,0.7475,3.9298,1.4774,1.257,1.1954,5.0985,2.0061,1.6787,1.4137,0.6311,0.6728,0.6592,0.5293,50.1,884.45,640.83,1,1,2025-10-01 08:20:50,16.8,76.5,,1,0,,0
2025-10-01 08:21:20,591.37,3.1789,239.67,6.8793,20.637999999999998,239.77,239.85,239.39,415.64,414.32,415.38,415.15,8.0869,6.8796,5.6715,1.3196,1.1081,0.7512,3.7668,1.4162,1.2203,1.1303,4.9468,1.939,1.6501,1.3577,0.6449,0.6817,0.6722,0.5535,50.1,884.51,640.88,1,1,2025-10-01 08:21:50,16.8,76.3,,1,0,,0
2025-10-01 08:22:05,591.41,3.1449,236.93,6.7297,20.1891,237.03,236.67,237.1,410.24,409.74,411.14,410.35,7.9268,6.6706,5.5917,1.3171,1.0762,0.7517,3.5794,1.3353,1.1528,1.0913,4.7834,1.8789,1.5787,1.3258,0.66,0.7022,0.6823,0.5672,50.1,884.57,640.92,1,1,2025-10-01 08:22:50,16.8,76.5,,1,0,,0
2025-10-01 08:22:50,591.44,3.1652,239.23,6.8328,20.4984,239.05,239.24,239.4,414.28,413.95,414.83,414.29,8.0091,6.8033,5.686,1.3174,1.0887,0.7591,3.7218,1.3848,1.2076,1.1294,4.9034,1.9146,1.6276,1.3612,0.6478,0.6892,0.6696,0.5578,50.1,884.63,640.97,1,1,2025-10-01 08:22:50,16.8,76.5,,1,0,,0
2025-10-01 08:23:35,591.48,3.1181,233.13,6.5798,19.7396,233.46,232.35,233.58,403.53,403.05,404.79,403.71,7.8001,6.4417,5.4978,1.3231,1.0467,0.7483,3.3581,1.2471,1.0679,1.0432,4.6019,1.821,1.4967,1.2842,0.6804,0.7277,0.6999,0.5828,50.1,884.69,641.02,1,1,2025-10-01 08:23:50,16.8,76.4,,1,0,,0
2025-10-01 08:24:20,591.53,3.1341,236.48,6.7083,20.1251,237.07,236.1,236.28,410.31,408.24,410.23,409.61,7.988,6.6001,5.537,1.3295,1.0756,0.729,3.555,1.344,1.1254,1.0857,4.7603,1.8937,1.5583,1.3083,0.6613,0.7032,0.6909,0.5574,50.1,884.75,641.06,1,1,2025-10-01 08:24:50,16.8,76.2,,1,0,,0
2025-10-01 08:25:05,591.56,3.1496,239.09,6.8143,20.443,239.15,238.69,239.44,413.98,413.99,414.38,414.11,8.0259,6.7115,5.7056,1.3292,1.0713,0.7492,3.71,1.3798,1.1887,1.1416,4.8875,1.9194,1.602,1.3661,0.6471,0.6937,0.6694,0.5486,50.1,884.81,641.11,1,1,2025-10-01 08:25:50,16.8,76.2,,1,0,,0
2025-10-01 08:25:50,591.6,3.1267,235.57,6.6674,20.002299999999998,235.4,235.4,235.92,406.97,409.29,407.79,408.01,7.7953,6.6405,5.5665,1.3009,1.064,0.7618,3.5023,1.29,1.1431,1.0692,4.7114,1.835,1.5632,1.3132,0.6659,0.71,0.6813,0.5803,50.1,884.87,641.15,1,1,2025-10-01 08:25:50,16.8,76.2,,1,0,,0
2025-10-01 08:26:35,591.64,3.1959,242.58,7.006,21.0181,242.45,243.94,241.35,421.32,420.47,418.68,420.31,8.1582,7.1745,5.6854,1.2881,1.1534,0.7543,3.9557,1.4964,1.3137,1.1455,5.1003,1.978,1.7501,1.3722,0.6284,0.6523,0.6597,0.5499,50.1,884.94,641.2,1,1,2025-10-01 08:26:50,16.8,76.1,,1,0,,0
2025-10-01 08:27:20,591.68,3.1586,238.99,6.8239,20.4717,238.61,239.07,239.29,413.57,414.25,413.99,413.97,7.9163,6.8374,5.718,1.3016,1.0822,0.7748,3.7143,1.3644,1.2226,1.1273,4.8918,1.8889,1.6346,1.3683,0.6478,0.6902,0.6627,0.5664,50.1,884.99,641.24,1,1,2025-10-01 08:27:50,16.8,76.3,,1,0,,0
2025-10-01 08:28:05,591.72,3.1303,237.28,6.7055,20.1166,236.76,237.57,237.51,410.88,411.47,410.58,410.87,7.7836,6.7391,5.5939,1.2856,1.0737,0.771,3.5827,1.3161,1.1852,1.0815,4.7725,1.8428,1.601,1.3286,0.6579,0.6987,0.6713,0.5805,50.1,885.06,641.29,1,1,2025-10-01 08:28:50,16.8,76.2,,1,0,,0
2025-10-01 08:28:50,591.76,3.1844,242.2,6.9714,20.9142,242.18,241.63,242.79,419.09,419.38,420.03,419.36,8.1301,6.9159,5.8682,1.3326,1.0848,0.7671,3.9124,1.4442,1.2684,1.1998,5.0648,1.9689,1.6711,1.4247,0.6312,0.6781,0.6499,0.5386,50.1,885.12,641.34,1,1,2025-10-01 08:28:50,16.8,76.2,,1,0,,0
2025-10-01 08:29:35,591.8,3.1534,238.5,6.7779,20.3339,238.82,239.65,237.04,414.46,412.95,411.87,412.99,7.9589,6.9188,5.4562,1.2815,1.134,0.7379,3.6692,1.4,1.2076,1.0616,4.8522,1.9007,1.6581,1.2933,0.6517,0.6752,0.6845,0.5707,50.1,885.18,641.38,1,1,2025-10-01 08:29:50,16.8,76.5,,1,0,,0
2025-10-01 08:31:50,591.92,3.0922,233.26,6.5575,19.6726,232.68,233.03,234.07,403.55,404.56,403.93,403.54,7.6497,6.52,5.5029,1.2838,1.0413,0.7671,3.3671,1.2286,1.1043,1.0342,4.5874,1.7799,1.5194,1.2881,0.6764,0.7224,0.686,0.5957,50,885.36,641.52,1,1,2025-10-01 08:31:50,16.8,76.3,,1,0,,0
2025-10-01 08:32:35,591.96,3.1264,236.16,6.6856,20.0569,236.33,235.92,236.23,409.81,408.31,408.98,409.03,7.8881,6.6462,5.5226,1.3078,1.0752,0.7434,3.535,1.3242,1.1393,1.0716,4.7368,1.8642,1.568,1.3046,0.6624,0.7026,0.6863,0.5699,50,885.42,641.56,1,1,2025-10-01 08:32:50,16.8,76.3,,1,0,,0
2025-10-01 08:33:20,592,3.1657,238.9,6.8408,20.5224,239.24,239.36,238.11,415.11,413.45,412.8,413.78,8.0914,6.8698,5.5612,1.3119,1.1203,0.7335,3.7229,1.4192,1.2018,1.102,4.9043,1.9358,1.6444,1.3242,0.6477,0.6788,0.6818,0.5541,50,885.48,641.61,1,1,2025-10-01 08:33:50,16.8,76.2,,1,0,,0
2025-10-01 08:34:05,592.04,3.1339,236.27,6.7009,20.1027,236.13,236.03,236.66,409.58,409.25,408.86,406.1,7.8703,6.6325,5.5999,1.3122,1.064,0.7577,3.5437,1.3112,1.1459,1.0865,4.7492,1.8584,1.5655,1.3253,0.6624,0.7073,0.6804,0.572,50,885.54,641.65,1,1,2025-10-01 08:34:50,16.8,76.3,,1,0,,0
2025-10-01 08:34:50,592.07,3.2082,242.4,7.0348,21.1045,242.1,243.02,242.09,420.86,420.19,418.5,419.89,8.1812,7.1109,5.8124,1.3101,1.1287,0.7694,3.9644,1.4807,1.3061,1.1776,5.1159,1.9807,1.7281,1.4071,0.629,0.6626,0.6538,0.5469,50,885.6,641.7,1,1,2025-10-01 08:34:50,16.8,76.3,,1,0,,0
2025-10-01 08:35:35,592.11,3.171,239.09,6.8454,20.5362,239.42,239.35,238.5,415.35,413.93,413.06,414.11,8.0483,6.8848,5.6031,1.3098,1.115,0.7462,3.7278,1.4087,1.2112,1.108,4.9111,1.9269,1.6479,1.3363,0.6479,0.6809,0.6773,0.5586,50,885.66,641.74,1,1,2025-10-01 08:35:50,16.700000000000003,76.2,,1,0,,0
2025-10-01 08:36:20,592.15,3.152,236.36,6.7281,20.1845,235.99,236.13,236.97,409.46,409.84,408.86,409.38,7.8367,6.6948,5.653,1.3076,1.0677,0.7767,3.558,1.3034,1.1637,1.0909,4.7698,1.8494,1.5808,1.3396,0.6631,0.7082,0.676,0.58,50,885.72,641.79,1,1,2025-10-01 08:36:50,16.8,76.3,,1,0,,0
2025-10-01 08:37:05,592.19,3.2139,242.41,7.0431,21.1293,242.07,242.17,242.99,420.27,420.05,419.26,419.86,8.1954,7.0094,5.9245,1.3357,1.1001,0.7781,3.9622,1.4616,1.2901,1.2105,5.1209,1.9839,1.6975,1.4396,0.6299,0.6746,0.6488,0.5406,50,885.78,641.84,1,1,2025-10-01 08:37:50,16.700000000000003,76.2,,1,0,,0
2025-10-01 08:37:50,592.23,3.1738,237.98,6.8095,20.4285,238.15,238.12,237.69,413,412.4,411.2,412.25,7.9669,6.8302,5.6314,1.3101,1.1017,0.762,3.6615,1.3677,1.1941,1.0997,4.8623,1.8973,1.6264,1.3385,0.6549,0.6917,0.6781,0.5695,50,885.84,641.88,1,1,2025-10-01 08:37:50,16.700000000000003,76.2,,1,0,,0
2025-10-01 08:39:20,592.31,3.1937,238.92,6.8445,20.5337,238.89,239.16,238.72,415.02,413.6,412.85,413.78,8.0132,6.8741,5.6464,1.3158,1.112,0.7659,3.7025,1.3856,1.2084,1.1085,4.9062,1.9143,1.644,1.3479,0.6531,0.6885,0.6771,0.5684,50.1,885.96,641.97,1,1,2025-10-01 08:39:50,16.700000000000003,76.6,,1,0,,0
2025-10-01 08:40:05,592.35,3.138,233.71,6.607,19.820999999999998,233.68,233.77,233.69,405.93,404.61,403.85,404.82,7.7527,6.6152,5.4531,1.297,1.0795,0.7615,3.3866,1.2604,1.1051,1.021,4.6324,1.8117,1.5464,1.2743,0.6796,0.7171,0.6987,0.5978,50.1,886.02,642.02,1,1,2025-10-01 08:40:50,16.700000000000003,76.5,,1,0,,0
2025-10-01 08:40:50,592.39,3.1643,236.49,6.726,20.178,236.56,236.59,236.34,410.59,410.11,408.15,409.7,7.8643,6.7602,5.5535,1.303,1.0958,0.7655,3.5521,1.3235,1.1629,1.0657,4.7723,1.8604,1.5994,1.3125,0.6651,0.7015,0.6857,0.5834,50.1,886.08,642.06,1,1,2025-10-01 08:40:50,16.700000000000003,76.5,,1,0,,0
2025-10-01 08:41:35,592.43,3.1881,238.79,6.8387,20.5163,239.02,239.07,238.28,415.17,413.49,412.1,413.63,8.0049,6.8897,5.6217,1.311,1.1155,0.7616,3.6987,1.3885,1.2093,1.1009,4.9,1.9133,1.6471,1.3395,0.6528,0.6865,0.678,0.5689,50.1,886.14,642.11,1,1,2025-10-01 08:41:50,16.700000000000003,76.6,,1,0,,0
2025-10-01 08:42:20,592.47,3.167,236.11,6.7187,20.1562,236.6,235.94,235.81,410.12,409.14,407.61,407.44,7.8996,6.7165,5.5401,1.3156,1.0939,0.7575,3.5324,1.3234,1.1449,1.0641,4.7601,1.869,1.5847,1.3064,0.6675,0.705,0.6908,0.5799,50.1,886.2,642.15,1,1,2025-10-01 08:42:50,16.700000000000003,76.6,,1,0,,0
2025-10-01 08:43:05,592.51,3.2231,242.43,7.0202,21.0606,242.23,242.53,242.53,420.69,420.35,418.63,419.91,8.1691,7.0479,5.8436,1.3271,1.118,0.778,3.9364,1.4623,1.2902,1.1839,5.1054,1.9788,1.7093,1.4172,0.6335,0.672,0.6548,0.5489,50.1,886.26,642.2,1,1,2025-10-01 08:43:50,16.700000000000003,76.7,,1,0,,0
2025-10-01 08:43:50,592.55,3.1901,239.4,6.8544,20.5634,238.95,239.43,239.84,415.33,415.46,413.18,414.57,7.969,6.8575,5.7369,1.3167,1.0927,0.7806,3.7094,1.3668,1.2167,1.126,4.922,1.9042,1.6419,1.3759,0.652,0.6928,0.6664,0.5689,50.2,886.33,642.25,1,1,2025-10-01 08:43:50,16.700000000000003,76.7,,1,0,,0
2025-10-01 08:44:35,592.59,3.1714,236.57,6.7066,20.1198,237.25,235.98,236.49,411.04,408.85,409.35,408.93,7.9451,6.6485,5.5262,1.3334,1.0913,0.7467,3.5242,1.3277,1.1249,1.0716,4.7608,1.885,1.5689,1.3069,0.6689,0.7086,0.6963,0.5716,50.2,886.39,642.29,1,1,2025-10-01 08:44:50,16.700000000000003,76.8,,1,0,,0
2025-10-01 08:45:20,592.63,3.2259,242.14,6.9798,20.9394,242.18,242.86,241.4,421.24,419.33,417.64,419.44,8.1759,7.0617,5.7018,1.3191,1.1467,0.7601,3.9133,1.4785,1.2822,1.1526,5.0715,1.98,1.715,1.3764,0.636,0.6674,0.6678,0.5516,50.2,886.44,642.33,1,1,2025-10-01 08:45:50,16.700000000000003,76.8,,1,0,,0
2025-10-01 08:46:05,592.67,3.1787,238.91,6.8265,20.479499999999998,239.62,239.14,237.97,415.66,413.47,412.26,413.91,8.0787,6.8472,5.5536,1.3214,1.1225,0.7349,3.6946,1.4097,1.1889,1.0959,4.8948,1.9358,1.6374,1.3216,0.6522,0.6835,0.6859,0.557,50.1,886.51,642.38,1,1,2025-10-01 08:46:50,16.700000000000003,76.8,,1,0,,0
2025-10-01 08:46:50,592.71,3.1603,235.98,6.6866,20.0598,235.8,236.05,236.1,409.81,408.55,407.82,408.81,7.8536,6.6533,5.5529,1.3142,1.082,0.7642,3.5006,1.3003,1.1359,1.0645,4.7334,1.8519,1.5705,1.311,0.6701,0.7108,0.6897,0.5831,50.1,886.57,642.43,1,1,2025-10-01 08:46:50,16.700000000000003,76.8,,1,0,,0
2025-10-01 08:47:35,592.75,3.1855,238.34,6.8205,20.4615,239.02,237.43,238.59,413.81,412.19,412.46,412.91,8.0737,6.6885,5.6993,1.353,1.0808,0.7517,3.665,1.3712,1.1612,1.1326,4.8776,1.9298,1.5881,1.3598,0.656,0.7023,0.6813,0.5529,50.1,886.63,642.47,1,1,2025-10-01 08:47:50,16.700000000000003,76.7,,1,0,,0
2025-10-01 08:48:20,592.79,3.1276,232.22,6.5502,19.6506,232.56,231.93,232.19,403.39,401.48,401.79,402.26,7.7493,6.4892,5.4121,1.3101,1.0661,0.7515,3.3001,1.2334,1.0603,1.0064,4.5639,1.8022,1.505,1.2566,0.6878,0.728,0.709,0.5982,50.1,886.69,642.52,1,1,,,,,1,0,,0
2025-10-01 08:53:35,593.07,3.2349,242.43,7.0221,21.0664,242.13,243.29,241.88,420.03,419.66,420.01,419.97,8.1685,7.1195,5.7784,1.3154,1.1428,0.7768,3.934,1.4729,1.2993,1.1618,5.1076,1.9778,1.7321,1.3977,0.6351,0.6661,0.6604,0.5558,50.1,887.12,642.84,1,1,2025-10-01 08:53:50,16.700000000000003,77,,1,0,,0
2025-10-01 08:54:20,593.11,3.1964,239.74,6.8761,20.6283,239.66,240.03,239.53,414.95,415.17,415.59,415.1,8.0626,6.8812,5.6845,1.3228,1.1111,0.7624,3.7518,1.4042,1.2199,1.1276,4.9456,1.9323,1.6517,1.3616,0.6485,0.6857,0.6733,0.5601,50.1,887.18,642.88,1,1,2025-10-01 08:54:50,16.700000000000003,76.9,,1,0,,0
2025-10-01 08:55:05,593.15,3.1806,237.25,6.7542,20.2626,239.09,236.16,236.51,410.82,409.32,412.65,410.95,8.1303,6.592,5.5403,1.3695,1.0947,0.7164,3.5781,1.3758,1.1053,1.097,4.811,1.9439,1.5568,1.3103,0.6643,0.7054,0.7036,0.5467,50.2,887.24,642.93,1,1,2025-10-01 08:55:50,16.700000000000003,77.1,,1,0,,0
2025-10-01 08:55:50,593.19,3.1968,239.31,6.8506,20.552,238.81,239.42,239.7,413.42,415.09,414.97,414.56,7.9552,6.8457,5.7511,1.3185,1.0917,0.7866,3.7159,1.3637,1.2203,1.1319,4.9173,1.8998,1.639,1.3785,0.6521,0.695,0.6667,0.5706,50.1,887.3,642.98,1,1,2025-10-01 08:55:50,16.700000000000003,77.1,,1,0,,0
2025-10-01 08:56:35,593.23,3.1294,233.59,6.5792,19.7377,234.18,232.67,233.93,403.99,403.48,406.3,404.56,7.7856,6.4447,5.5074,1.3277,1.0492,0.7525,3.3612,1.2459,1.0698,1.0455,4.6111,1.8232,1.4995,1.2883,0.6814,0.7292,0.7001,0.5841,50.2,887.36,643.02,1,1,2025-10-01 08:56:50,16.700000000000003,77,,1,0,,0
2025-10-01 08:57:20,593.27,3.1691,236.38,6.7028,20.1084,236.13,236.26,236.77,408.75,409.07,410.45,409.43,7.8414,6.6511,5.6159,1.3188,1.0746,0.7757,3.5197,1.2958,1.1444,1.0795,4.7527,1.8516,1.5714,1.3297,0.6691,0.7133,0.6845,0.5835,50.1,887.42,643.06,1,1,2025-10-01 08:57:50,16.700000000000003,77,,1,0,,0
2025-10-01 08:58:05,593.31,3.2056,239.78,6.8724,20.6174,240.06,239.94,239.36,415.13,414.53,416.29,415.25,8.1172,6.8352,5.665,1.339,1.1143,0.7523,3.7404,1.4116,1.201,1.1277,4.9446,1.9486,1.64,1.356,0.6507,0.6881,0.6801,0.5549,50.1,887.48,643.11,1,1,2025-10-01 08:58:50,16.700000000000003,77.2,,1,0,,0
2025-10-01 08:58:50,593.35,3.1664,236.54,6.7003,20.1009,236.37,237.07,236.18,409.96,409.12,410,409.62,7.8677,6.7317,5.5015,1.3045,1.1017,0.7602,3.5274,1.3215,1.1525,1.0534,4.7549,1.8597,1.5959,1.2993,0.668,0.7025,0.691,0.5851,50.2,887.54,643.15,1,1,2025-10-01 08:58:50,16.700000000000003,77.2,,1,0,,0
2025-10-01 08:59:35,593.39,3.2317,242.75,7.0354,21.1062,243.4,242.48,242.38,420.7,419.39,421.27,420.37,8.2878,7.0034,5.815,1.352,1.1264,0.7534,3.9522,1.4925,1.2687,1.191,5.1249,2.0173,1.6982,1.4094,0.633,0.6713,0.6639,0.5345,50.2,887.6,643.2,1,1,2025-10-01 08:59:50,16.8,77.2,,1,0,,0
2025-10-01 09:00:20,593.43,3.2047,239.47,6.846,20.538,239.91,239.84,238.66,414.82,414.37,415.11,414.78,8.0478,6.9043,5.5859,1.3194,1.1305,0.7549,3.7125,1.4059,1.2081,1.0985,4.9198,1.9307,1.6559,1.3331,0.6534,0.6843,0.6832,0.5663,50.2,887.66,643.25,1,1,2025-10-01 09:00:50,16.700000000000003,77,,1,0,,0
2025-10-01 09:01:05,593.46,3.1631,236.31,6.6825,20.0476,235.99,236.16,236.79,408.49,409.3,410.12,409.32,7.7599,6.6835,5.6042,1.3042,1.0733,0.7856,3.5047,1.2811,1.1546,1.0689,4.7367,1.8313,1.5784,1.327,0.67,0.7133,0.6808,0.5922,50.2,887.72,643.29,1,1,2025-10-01 09:01:50,16.8,77.3,,1,0,,0
2025-10-01 09:01:50,593.51,3.2278,242.47,7.0187,21.0563,242.32,241.98,243.12,419.15,420.36,420.4,420.03,8.1344,6.9937,5.9282,1.3387,1.0976,0.7915,3.9315,1.4417,1.2856,1.2042,5.1047,1.9711,1.6923,1.4413,0.6345,0.6804,0.6493,0.5492,50.1,887.78,643.34,1,1,2025-10-01 09:01:50,16.8,77.3,,1,0,,0
2025-10-01 09:02:35,593.55,3.146,234.75,6.6379,19.913800000000002,234.54,234.26,235.46,405.56,406.5,407.73,413.69,7.7138,6.5986,5.6014,1.3026,1.0575,0.7859,3.4351,1.2511,1.1252,1.0588,4.6739,1.8092,1.5458,1.3189,0.6753,0.7212,0.6848,0.596,50.1,887.84,643.38,1,1,2025-10-01 09:02:50,16.700000000000003,77.5,,1,0,,0
2025-10-01 09:03:20,593.58,3.1627,236.49,6.7151,20.1455,236.35,236.61,236.51,409.1,409.57,410.16,409.62,7.8106,6.7338,5.6011,1.3013,1.0825,0.7788,3.5438,1.3054,1.167,1.0714,4.764,1.846,1.5933,1.3247,0.6658,0.7059,0.68,0.5879,50.1,887.9,643.42,1,1,2025-10-01 09:03:50,16.8,77.8,,1,0,,0
2025-10-01 09:04:05,593.62,3.1983,239.09,6.8386,20.516,238.69,239.96,238.62,413.99,414.38,413.96,414.11,7.9124,6.9701,5.6335,1.2904,1.1235,0.7843,3.7035,1.375,1.237,1.0914,4.9054,1.8886,1.6725,1.3443,0.6535,0.6843,0.6723,0.5835,50.1,887.96,643.47,1,1,2025-10-01 09:04:50,16.8,78.1,,1,0,,0
2025-10-01 09:04:50,593.67,3.1436,232.68,6.5687,19.7063,233.04,231.39,233.63,401.93,402.44,404.7,403.09,7.7428,6.414,5.5495,1.3324,1.0393,0.772,3.3106,1.2123,1.0572,1.0411,4.585,1.8044,1.4841,1.2965,0.6885,0.7396,0.701,0.5956,50.1,888.03,643.52,1,1,2025-10-01 09:04:50,16.8,78.1,,1,0,,0
2025-10-01 09:05:35,593.7,3.1822,238.16,6.8,20.4001,238.63,239.29,236.56,413.36,412.4,411.74,412.51,8.0421,6.896,5.462,1.3036,1.1432,0.7353,3.6544,1.4045,1.188,1.0619,4.8613,1.9191,1.6501,1.2921,0.6566,0.6803,0.6933,0.5692,50.1,888.08,643.56,1,1,2025-10-01 09:05:50,16.8,78,,1,0,,0
2025-10-01 09:06:20,593.74,3.1958,239.42,6.8753,20.625999999999998,239.28,239.92,239.07,414.65,414.98,414.44,414.57,8.0609,6.8905,5.6746,1.3195,1.1145,0.7617,3.7447,1.4031,1.2192,1.1224,4.9386,1.9288,1.6532,1.3566,0.6491,0.685,0.6747,0.5615,50.1,888.15,643.61,1,1,2025-10-01 09:06:50,16.8,78,,1,0,,0
2025-10-01 09:07:05,593.78,3.1671,236.35,6.7197,20.1591,235.74,236.61,236.7,409.63,408.84,409.62,409.28,7.8344,6.7083,5.6164,1.3069,1.0809,0.7793,3.5368,1.3006,1.1599,1.0763,4.7635,1.8469,1.5873,1.3294,0.6671,0.7088,0.6817,0.5864,50.1,888.21,643.66,1,1,2025-10-01 09:07:50,16.8,78.1,,1,0,,0
2025-10-01 09:07:50,593.82,3.2158,242.3,7.0276,21.083,242.03,242.61,242.28,419.6,419.15,420.3,419.75,8.2021,7.0187,5.8622,1.3312,1.1138,0.7708,3.9459,1.468,1.2854,1.1924,5.1083,1.9852,1.7028,1.4203,0.6317,0.6717,0.6548,0.5428,50.1,888.26,643.7,1,1,2025-10-01 09:07:50,16.8,78.1,,1,0,,0
2025-10-01 09:08:35,593.86,3.205,239.39,6.8926,20.6779,239.07,239.27,239.84,413.75,414.78,415.37,414.61,8.0395,6.843,5.7954,1.3324,1.0905,0.7821,3.7477,1.3805,1.2188,1.1484,4.9493,1.922,1.6373,1.39,0.6499,0.6944,0.6667,0.5629,50.1,888.33,643.75,1,1,,,,,1,0,,0
2025-10-01 09:10:05,593.94,3.2355,242.44,7.0547,21.164099999999998,242.8,242.05,242.49,420.11,418.45,421.21,419.94,8.3032,6.9743,5.8866,1.3598,1.114,0.7616,3.9556,1.4833,1.2657,1.2066,5.1316,2.016,1.6881,1.4274,0.6331,0.6757,0.6607,0.5337,50,888.45,643.84,1,1,2025-10-01 09:10:50,16.8,77.8,,1,0,,0
2025-10-01 09:10:50,593.98,3.1493,233.25,6.6079,19.8239,233.59,233.18,233,403.72,403.64,404.66,412.19,7.7671,6.6023,5.4545,1.3036,1.0835,0.7622,3.3657,1.2578,1.0916,1.0163,4.6247,1.8143,1.5395,1.2709,0.6832,0.7196,0.7044,0.5999,50,888.51,643.89,1,1,2025-10-01 09:10:50,16.8,77.8,,1,0,,0
2025-10-01 09:11:35,594.02,3.1861,236.59,6.7519,20.255699999999997,236.88,236.58,236.33,409.53,408.82,411.02,409.83,7.9517,6.7347,5.5693,1.3243,1.1014,0.7603,3.5584,1.3353,1.1492,1.0739,4.7931,1.8836,1.5933,1.3162,0.667,0.7041,0.6919,0.5778,50,888.57,643.93,1,1,2025-10-01 09:11:50,16.8,77.9,,1,0,,0
2025-10-01 09:12:20,594.06,3.1998,239.14,6.8741,20.622500000000002,239.21,239.17,239.04,413.7,413.61,415.28,414.2,8.0568,6.8546,5.7111,1.3284,1.1041,0.7673,3.7294,1.3916,1.2094,1.1285,4.9319,1.9273,1.6394,1.3652,0.6511,0.6905,0.6742,0.5622,50.1,888.63,643.97,1,1,2025-10-01 09:12:50,16.700000000000003,77.9,,1,0,,0
2025-10-01 09:13:05,594.1,3.1472,233.6,6.6118,19.8355,234.11,233.29,233.42,404.35,403.34,406.14,404.56,7.813,6.5537,5.4688,1.3183,1.075,0.754,3.3788,1.264,1.0851,1.0296,4.6345,1.8291,1.5289,1.2765,0.6815,0.7217,0.7037,0.5908,50.1,888.69,644.02,1,1,2025-10-01 09:13:50,16.700000000000003,77.7,,1,0,,0
2025-10-01 09:13:50,594.15,3.188,237.12,6.777,20.3311,237.36,236.75,237.27,410.06,409.36,412.69,410.82,7.9776,6.6965,5.657,1.3371,1.0853,0.7655,3.5918,1.3364,1.1533,1.102,4.8212,1.8936,1.5854,1.3422,0.6638,0.7072,0.6853,0.5705,50.1,888.76,644.07,1,1,2025-10-01 09:13:50,16.700000000000003,77.7,,1,0,,0
2025-10-01 09:14:35,594.18,3.1989,238.98,6.8415,20.5247,238.65,238.7,239.59,412.6,413.71,415.44,413.94,7.9709,6.7936,5.7602,1.3293,1.0837,0.7859,3.6945,1.3562,1.2041,1.1341,4.904,1.9023,1.6216,1.3801,0.6545,0.6999,0.6689,0.5695,50.1,888.81,644.11,1,1,2025-10-01 09:14:50,16.700000000000003,77.7,,1,0,,0
2025-10-01 09:15:20,594.22,3.1906,236.31,6.7346,20.2039,236.37,236.21,236.36,408.59,408.5,410.8,409.31,7.8827,6.7164,5.6048,1.3221,1.0925,0.7759,3.5297,1.3085,1.1481,1.0731,4.7745,1.8632,1.5865,1.3248,0.6705,0.7107,0.6893,0.5859,50.1,888.88,644.16,1,1,2025-10-01 09:15:50,16.700000000000003,77.6,,1,0,,0
2025-10-01 09:16:05,594.26,3.2559,242.17,7.0215,21.0646,241.44,242.99,242.1,418.99,419.32,420.05,419.41,8.1131,7.1069,5.8446,1.3198,1.1358,0.8002,3.9078,1.4431,1.2983,1.1664,5.1007,1.9588,1.7269,1.415,0.6401,0.6748,0.6584,0.5657,50.1,888.94,644.2,1,1,2025-10-01 09:16:50,16.8,77.7,,1,0,,0
2025-10-01 09:16:50,594.3,3.2266,239.3,6.8825,20.6476,238.44,239.62,239.86,413.36,414.56,415.53,414.41,7.9971,6.8788,5.7717,1.3266,1.1029,0.7971,3.7198,1.3656,1.2227,1.1315,4.9395,1.9068,1.6483,1.3844,0.6552,0.6967,0.6697,0.5759,50.1,889,644.25,1,1,2025-10-01 09:16:50,16.8,77.7,,1,0,,0
2025-10-01 09:17:35,594.34,3.1991,236.63,6.7522,20.2568,235.8,237.4,236.69,409.28,409.72,410.54,409.81,7.8514,6.8039,5.6015,1.304,1.1054,0.7897,3.5501,1.3103,1.1755,1.0643,4.7924,1.8514,1.6152,1.3258,0.6694,0.7054,0.685,0.5958,50.1,889.06,644.29,1,1,2025-10-01 09:17:50,16.700000000000003,77.6,,1,0,,0
2025-10-01 09:18:20,594.38,3.2711,243.43,7.1192,21.3577,243.54,244.87,241.89,422.19,420.46,422.23,421.61,8.3819,7.222,5.7538,1.3329,1.1832,0.7549,4.0228,1.542,1.312,1.1688,5.2016,2.0413,1.7685,1.3918,0.6308,0.6539,0.6697,0.5425,50.1,889.12,644.34,1,1,2025-10-01 09:18:50,16.8,77.4,,1,0,,0
2025-10-01 09:19:05,594.42,3.2233,239.57,6.8879,20.6637,238.9,240.22,239.61,414.37,414.47,416,414.95,8.0384,6.9059,5.7194,1.3237,1.1159,0.7837,3.736,1.387,1.2253,1.1238,4.9497,1.9204,1.6589,1.3704,0.6532,0.6904,0.6733,0.572,50.1,889.18,644.39,1,1,2025-10-01 09:19:50,16.8,77.3,,1,0,,0
2025-10-01 09:19:50,594.46,3.1898,236.58,6.7299,20.189700000000002,236.27,237.19,236.29,409.71,409.02,410.57,409.84,7.8971,6.7599,5.5327,1.312,1.1086,0.7691,3.5355,1.3229,1.1561,1.0566,4.7766,1.8658,1.6034,1.3073,0.6698,0.7041,0.6921,0.5885,50.1,889.24,644.43,1,1,2025-10-01 09:19:50,16.8,77.3,,1,0,,0
2025-10-01 09:20:35,594.5,3.2104,239.26,6.8615,20.5845,238.65,239.51,239.64,413.57,413.95,415.72,414.32,8.0239,6.8386,5.722,1.329,1.1009,0.7806,3.7104,1.3738,1.21,1.1267,4.924,1.9149,1.6379,1.3712,0.6543,0.6952,0.6729,0.5694,50.1,889.3,644.48,1,1,2025-10-01 09:20:50,16.8,76.9,,1,0,,0
2025-10-01 09:21:20,594.54,3.1634,233.73,6.6058,19.8174,233.36,234.2,233.63,404.28,403.72,406.45,404.77,7.7747,6.5967,5.446,1.3083,1.088,0.7671,3.363,1.2535,1.0948,1.0147,4.6316,1.8143,1.5449,1.2723,0.6851,0.722,0.7048,0.603,50.2,889.36,644.52,1,1,2025-10-01 09:21:50,16.700000000000003,76.6,,1,0,,0
2025-10-01 09:22:05,594.58,3.1993,236.93,6.7491,20.2474,236.64,237.16,236.99,409.65,409.74,411.7,410.37,7.8921,6.7532,5.6021,1.3194,1.0999,0.7801,3.5532,1.3177,1.162,1.0736,4.7968,1.8676,1.6016,1.3276,0.6691,0.7075,0.6874,0.5878,50.2,889.42,644.57,1,1,2025-10-01 09:22:50,16.700000000000003,77.2,,1,0,,0
2025-10-01 09:22:50,594.62,3.2217,238.39,6.8172,20.4518,238.76,238.72,237.69,412.74,411.82,414.12,412.9,8.0589,6.8068,5.5861,1.3389,1.1238,0.759,3.6399,1.3782,1.1721,1.0896,4.8768,1.9241,1.6249,1.3278,0.6627,0.6968,0.692,0.5715,50.2,889.49,644.61,1,1,2025-10-01 09:22:50,16.700000000000003,77.2,,1,0,,0
2025-10-01 09:23:35,594.66,3.2016,236.93,6.7433,20.2301,236.26,237.55,236.99,409.69,410.08,411.34,410.31,7.8523,6.7775,5.6003,1.3102,1.1026,0.7888,3.5477,1.3097,1.171,1.067,4.7924,1.8552,1.61,1.3272,0.6699,0.7072,0.6855,0.5944,50.2,889.54,644.66,1,1,2025-10-01 09:23:50,16.700000000000003,76.8,,1,0,,0
2025-10-01 09:24:20,594.7,3.2559,242.55,7.0218,21.0655,243.21,242.11,242.33,419.67,418.33,422.29,420.07,8.3137,6.9159,5.8359,1.3761,1.1221,0.7576,3.9102,1.4765,1.2402,1.1935,5.1106,2.022,1.6744,1.4142,0.6398,0.6818,0.6709,0.5359,50.2,889.6,644.7,1,1,2025-10-01 09:24:50,16.700000000000003,76.6,,1,0,,0
2025-10-01 09:25:05,594.74,3.2041,239.1,6.8231,20.4695,239.63,238.94,238.74,413.32,413.03,416.03,414.21,8.0787,6.7595,5.6313,1.3459,1.1068,0.7514,3.6758,1.3873,1.174,1.1145,4.8954,1.9359,1.6151,1.3444,0.657,0.6963,0.6859,0.559,50.2,889.67,644.75,1,1,2025-10-01 09:25:50,16.700000000000003,76.5,,1,0,,0
2025-10-01 09:25:50,594.78,3.1888,236.59,6.7128,20.138599999999997,236.21,236.56,237.02,408.88,408.96,411.53,409.74,7.84,6.688,5.6106,1.3204,1.0848,0.7836,3.5187,1.2947,1.1499,1.0742,4.7638,1.8519,1.5821,1.3298,0.6715,0.714,0.6862,0.5893,50.3,889.72,644.79,1,1,2025-10-01 09:25:50,16.700000000000003,76.5,,1,0,,0
2025-10-01 09:26:35,594.82,3.2579,242.22,6.9849,20.9547,242.11,242.91,241.66,418.98,419.08,420.55,419.63,8.1749,7.0268,5.753,1.3381,1.1438,0.776,3.8703,1.4537,1.2641,1.1526,5.0764,1.9792,1.7069,1.3903,0.6439,0.6772,0.6709,0.5585,50.3,889.79,644.84,1,1,2025-10-01 09:26:50,16.700000000000003,76.4,,1,0,,0
2025-10-01 09:27:20,594.86,3.1812,232.64,6.5804,19.7414,233.85,230.56,233.53,401.62,400.68,406.56,402.96,7.9145,6.2879,5.539,1.3859,1.0438,0.7516,3.2784,1.2221,1.0042,1.0521,4.5941,1.8508,1.4497,1.2935,0.6963,0.75,0.7206,0.5812,50.3,889.85,644.88,1,1,2025-10-01 09:27:50,16.700000000000003,76.5,,1,0,,0
2025-10-01 09:28:05,594.9,3.2125,236.83,6.7324,20.197400000000002,235.66,237.46,237.39,409.56,409.75,411.29,410.12,7.8874,6.8107,5.4993,1.3103,1.1214,0.7808,3.5226,1.314,1.1631,1.0455,4.7815,1.8587,1.6173,1.3055,0.6738,0.7061,0.694,0.5983,50.3,889.9,644.92,1,1,2025-10-01 09:28:50,16.700000000000003,76.4,,1,0,,0
2025-10-01 09:28:50,594.94,3.2253,239.38,6.8369,20.5107,238.41,239.21,240.53,413.25,414.82,415.79,414.03,8.0167,6.8095,5.6845,1.3391,1.1031,0.7831,3.6758,1.3595,1.1963,1.1201,4.9075,1.9113,1.6289,1.3673,0.6595,0.7017,0.6778,0.5729,50.3,889.97,644.97,1,1,2025-10-01 09:28:50,16.700000000000003,76.4,,1,0,,0
2025-10-01 09:29:35,594.98,3.1784,233.03,6.5899,19.7697,232.84,233.25,233.01,403.8,402.25,404.8,403.52,7.8428,6.5811,5.3458,1.3223,1.1037,0.7524,3.3131,1.256,1.0651,0.992,4.6068,1.8261,1.535,1.2456,0.6922,0.725,0.7195,0.6042,50.2,890.03,645.02,1,1,2025-10-01 09:29:50,16.700000000000003,76.6,,1,0,,0
2025-10-01 09:30:20,595.02,3.2025,236.7,6.7207,20.162300000000002,235.79,237.41,236.92,409.72,409.69,410.52,409.88,7.8977,6.7853,5.4793,1.3105,1.12,0.772,3.5184,1.3193,1.156,1.0431,4.7713,1.8622,1.6109,1.2982,0.6731,0.7047,0.6958,0.5949,50.3,890.09,645.06,1,1,2025-10-01 09:30:50,16.700000000000003,76.5,,1,0,,0
2025-10-01 09:31:05,595.07,3.2289,239.28,6.8392,20.517799999999998,238.74,239.11,239.99,413.81,413.42,416.08,414.56,8.0909,6.7832,5.6437,1.3509,1.1111,0.7669,3.672,1.3766,1.1796,1.1159,4.908,1.9316,1.6219,1.3544,0.6603,0.7004,0.6856,0.5664,50.3,890.15,645.11,1,1,2025-10-01 09:31:50,16.700000000000003,76.7,,1,0,,0
2025-10-01 09:31:50,595.1,3.2236,236.27,6.7202,20.1608,235.87,236.25,236.69,408.87,408.02,410.77,409.01,7.9758,6.6801,5.5049,1.3452,1.1119,0.7665,3.4822,1.311,1.118,1.0532,4.7624,1.8813,1.5782,1.303,0.6793,0.7161,0.7051,0.5884,50.3,890.21,645.15,1,1,2025-10-01 09:31:50,16.700000000000003,76.7,,1,0,,0
2025-10-01 09:32:35,595.15,3.2493,242.2,7.003,21.0091,241.62,241.85,243.15,418.76,418.7,421.06,419.47,8.282,6.9277,5.7994,1.3658,1.1186,0.7649,3.888,1.4583,1.2451,1.1846,5.0867,2.0011,1.6755,1.4101,0.6412,0.6835,0.6683,0.5424,50.3,890.27,645.2,1,1,2025-10-01 09:32:50,16.700000000000003,76.7,,1,0,,0
2025-10-01 09:33:20,595.19,3.2143,237.92,6.778,20.334,237.38,237.79,238.6,411.63,411.56,413.07,412.26,8.0215,6.7375,5.575,1.3418,1.1079,0.7647,3.5905,1.3472,1.1551,1.0882,4.8364,1.9041,1.6021,1.3302,0.667,0.7056,0.6922,0.5749,50.3,890.33,645.24,1,1,2025-10-01 09:33:50,16.700000000000003,76.7,,1,0,,0
2025-10-01 09:34:05,595.22,3.2111,236.78,6.7313,20.1939,235.77,237.28,237.31,409.89,409.44,411.02,410.02,7.9165,6.7657,5.5117,1.3191,1.1157,0.7763,3.5206,1.3165,1.1522,1.0519,4.7798,1.8665,1.6054,1.308,0.6738,0.7078,0.6956,0.5937,50.3,890.39,645.28,1,1,2025-10-01 09:34:50,16.700000000000003,76.7,,1,0,,0
2025-10-01 09:34:50,595.27,3.257,242.93,7.0414,21.124200000000002,242.98,243.75,242.07,421.98,418.91,421.39,420.72,8.3986,7.1235,5.6021,1.3437,1.1836,0.7296,3.9425,1.5319,1.268,1.1426,5.1331,2.0407,1.7364,1.3561,0.6369,0.6594,0.6823,0.5382,50.3,890.45,645.33,1,1,2025-10-01 09:34:50,16.700000000000003,76.7,,1,0,,0
2025-10-01 09:35:35,595.31,3.1537,232.73,6.5405,19.6217,230.79,233.88,233.52,402.92,403.41,402.94,403.01,7.5526,6.6805,5.3886,1.2621,1.0919,0.7997,3.2861,1.1991,1.1157,0.9713,4.5638,1.7431,1.5624,1.2583,0.6924,0.7249,0.6994,0.6356,50.2,890.51,645.38,1,1,2025-10-01 09:35:50,16.700000000000003,76.8,,1,0,,0
2025-10-01 09:36:20,595.34,3.1962,236.68,6.7259,20.1777,236.48,236.35,237.23,409.81,408.81,411.22,409.94,7.9681,6.6781,5.5315,1.3379,1.0989,0.7593,3.522,1.322,1.1306,1.0694,4.7749,1.8843,1.5784,1.3122,0.672,0.7113,0.6969,0.5789,50.2,890.57,645.42,1,1,2025-10-01 09:36:50,16.700000000000003,76.9,,1,0,,0
2025-10-01 09:37:05,595.38,3.2161,239.05,6.8336,20.500899999999998,238.53,239.6,239.02,414.47,413.85,413.81,413.91,8.0572,6.8974,5.5463,1.3218,1.1354,0.759,3.6759,1.3912,1.1984,1.0863,4.9002,1.9219,1.6526,1.3257,0.6584,0.6887,0.6877,0.5727,50.2,890.63,645.47,1,1,2025-10-01 09:37:50,16.700000000000003,77.4,,1,0,,0
2025-10-01 09:37:50,595.43,3.1786,232.78,6.5789,19.7367,232.7,233.15,232.5,404.17,401.55,403.83,403.27,7.8103,6.614,5.3124,1.3136,1.1124,0.7525,3.2985,1.253,1.0663,0.9792,4.5946,1.8175,1.5421,1.2351,0.6939,0.7235,0.7219,0.6093,50.2,890.69,645.51,1,1,2025-10-01 09:37:50,16.700000000000003,77.4,,1,0,,0
2025-10-01 09:38:35,595.46,3.2041,236.69,6.7198,20.1596,235.99,237.33,236.76,410,409.81,410.06,409.99,7.902,6.7992,5.4584,1.3102,1.1254,0.7685,3.5169,1.3236,1.1547,1.0386,4.7708,1.8648,1.6137,1.2923,0.6734,0.7034,0.6979,0.5948,50.2,890.75,645.55,1,1,2025-10-01 09:38:50,16.700000000000003,77.3,,1,0,,0
2025-10-01 09:39:20,595.51,3.2445,239.89,6.8828,20.6485,239.04,240.14,240.51,415.26,415.27,415.99,415.35,8.1048,6.9175,5.6262,1.3373,1.134,0.7732,3.7185,1.3973,1.2113,1.1099,4.9517,1.9374,1.6612,1.3532,0.6574,0.6914,0.6834,0.5716,50.2,890.82,645.6,1,1,2025-10-01 09:39:50,16.700000000000003,77.1,,1,0,,0
2025-10-01 09:40:05,595.55,3.2098,237.74,6.7645,20.293499999999998,236.04,238.53,238.66,411.17,412.16,411.99,411.64,7.8571,6.869,5.5674,1.2982,1.1157,0.7959,3.5817,1.3204,1.1978,1.0634,4.8218,1.8546,1.6385,1.3287,0.6673,0.701,0.6815,0.5991,50.2,890.88,645.65,1,1,2025-10-01 09:40:50,16.700000000000003,77.2,,1,0,,0
2025-10-01 09:40:50,595.58,3.2682,242.35,7.0341,21.1024,241.85,242.4,242.82,420.04,418.88,420.37,419.7,8.3083,7.0689,5.7252,1.3513,1.1533,0.7636,3.9089,1.4829,1.2649,1.161,5.1131,2.0094,1.7135,1.3902,0.6414,0.6735,0.6737,0.5495,50.2,890.93,645.69,1,1,2025-10-01 09:40:50,16.700000000000003,77.2,,1,0,,0
2025-10-01 09:41:35,595.63,3.2159,237.86,6.7833,20.3499,237.06,239.21,237.33,412.68,411.69,411.6,411.79,7.986,6.9543,5.4096,1.298,1.1589,0.759,3.6015,1.3748,1.1915,1.0352,4.8406,1.8932,1.6635,1.2839,0.666,0.6865,0.6972,0.5912,50.2,891,645.74,1,1,2025-10-01 09:41:50,16.700000000000003,77.4,,1,0,,0
2025-10-01 09:42:20,595.67,3.1993,236.83,6.7248,20.174599999999998,235.97,237.08,237.46,410.15,409.55,410.92,410.22,7.9013,6.7763,5.497,1.3137,1.1131,0.7725,3.5268,1.319,1.1564,1.0514,4.7763,1.8645,1.6065,1.3053,0.6718,0.7056,0.6934,0.5921,50.3,891.06,645.78,1,1,2025-10-01 09:42:50,16.700000000000003,77.2,,1,0,,0
2025-10-01 09:43:05,595.71,3.2702,242.58,7.0109,21.0328,242.7,242.54,242.52,420.39,419.48,420.64,420.29,8.3404,7.0417,5.6507,1.3597,1.1646,0.7459,3.8928,1.496,1.2473,1.1495,5.1025,2.0242,1.7079,1.3704,0.6432,0.6725,0.6824,0.5443,50.3,891.12,645.83,1,1,2025-10-01 09:43:50,16.700000000000003,77.1,,1,0,,0
2025-10-01 09:43:50,595.75,3.1868,235.1,6.6508,19.9526,235.12,235.2,235,407.61,406.54,407.49,407.21,7.902,6.6978,5.3528,1.317,1.1216,0.7482,3.4202,1.3061,1.1037,1.0105,4.6911,1.8579,1.5753,1.2579,0.6817,0.71,0.7127,0.595,50.3,891.18,645.87,1,1,2025-10-01 09:43:50,16.700000000000003,77.1,,1,0,,0
2025-10-01 09:44:35,595.79,3.2307,236.84,6.7562,20.2687,237.48,236.86,236.2,410.97,408.68,411.01,410.31,8.1066,6.7625,5.3996,1.3509,1.1454,0.7343,3.5275,1.3676,1.1177,1.0422,4.8023,1.9252,1.6018,1.2754,0.6754,0.7027,0.7157,0.5759,50.3,891.24,645.92,1,1,2025-10-01 09:44:50,16.700000000000003,76.8,,1,0,,0
2025-10-01 09:45:20,595.83,3.2453,239.45,6.8701,20.6105,238.75,239.39,240.23,414.68,414.35,415.2,414.74,8.0956,6.875,5.6399,1.3443,1.126,0.775,3.694,1.3847,1.1983,1.111,4.9335,1.9328,1.6458,1.3549,0.66,0.6965,0.6847,0.5721,50.3,891.3,645.96,1,1,2025-10-01 09:45:50,16.700000000000003,76.8,,1,0,,0
2025-10-01 09:46:05,595.87,3.1926,232.57,6.5847,19.7541,232.61,231.79,233.32,402.36,401.76,404.35,402.84,7.8367,6.4988,5.4186,1.3436,1.0846,0.7644,3.2786,1.2282,1.0437,1.0067,4.5935,1.8229,1.5064,1.2643,0.6976,0.7381,0.7205,0.6046,50.2,891.36,646.01,1,1,2025-10-01 09:46:50,16.700000000000003,76.8,,1,0,,0
2025-10-01 09:46:50,595.91,3.2375,237.13,6.7731,20.3194,235.94,238.44,237.03,411.28,410.44,410.46,410.72,7.9032,6.9467,5.4695,1.2979,1.1524,0.7872,3.5517,1.3348,1.1875,1.0294,4.8175,1.8647,1.6564,1.2964,0.6736,0.6971,0.6964,0.6074,50.2,891.42,646.05,1,1,2025-10-01 09:46:50,16.700000000000003,76.8,,1,0,,0
2025-10-01 09:47:35,595.95,3.2435,238.94,6.852,20.556099999999997,238.11,239.25,239.48,413.8,413.25,414.53,413.91,8.0398,6.9014,5.6149,1.3307,1.1312,0.7816,3.6683,1.3727,1.2013,1.0942,4.9102,1.9144,1.6512,1.3447,0.6623,0.696,0.6855,0.5812,50.2,891.49,646.1,1,1,2025-10-01 09:47:50,16.700000000000003,76.7,,1,0,,0
2025-10-01 09:48:20,595.99,3.2559,237.65,6.8222,20.466700000000003,238.16,238.41,236.38,413.05,410.21,411.58,411.61,8.1509,6.9356,5.3802,1.3367,1.1802,0.7389,3.5946,1.4038,1.1563,1.0345,4.8665,1.9412,1.6535,1.2718,0.6713,0.6895,0.7143,0.5812,50.2,891.54,646.14,1,1,2025-10-01 09:48:50,16.700000000000003,76.8,,1,0,,0
2025-10-01 09:49:05,596.03,3.2992,242.28,7.0729,21.2188,242.56,242.33,241.96,420.48,417.9,420.54,419.45,8.4204,7.1054,5.693,1.3699,1.179,0.7503,3.918,1.5106,1.2526,1.1548,5.1418,2.0425,1.7219,1.3775,0.6441,0.6717,0.6853,0.5448,50.2,891.6,646.19,1,1,2025-10-01 09:49:50,16.700000000000003,76.9,,1,0,,0
2025-10-01 09:50:35,596.11,3.2135,237.51,6.7802,20.3407,235.42,238.36,238.75,410.79,411.7,411.62,411.3,7.8189,6.8928,5.629,1.2918,1.1085,0.8132,3.5862,1.3069,1.2102,1.0692,4.8276,1.8407,1.643,1.3439,0.6673,0.7029,0.6754,0.6053,50.1,891.72,646.28,1,1,2025-10-01 09:50:50,16.700000000000003,76.8,,1,0,,0
2025-10-01 09:51:20,596.15,3.2699,242.29,7.0292,21.087699999999998,242.24,242.31,242.33,420.36,418.14,420.46,419.65,8.3523,7.0341,5.7013,1.3615,1.1574,0.751,3.9002,1.4921,1.2489,1.1592,5.1093,2.0233,1.7044,1.3816,0.6424,0.674,0.6797,0.5529,50.2,891.79,646.33,1,1,2025-10-01 09:51:50,16.700000000000003,76.9,,1,0,,0
2025-10-01 09:52:05,596.19,3.1991,233.6,6.6231,19.8694,233.34,234.17,233.29,405.55,403.08,405.16,404.52,7.8575,6.6985,5.3134,1.3134,1.1292,0.7565,3.3439,1.2756,1.0868,0.9814,4.6416,1.8335,1.5686,1.2396,0.6912,0.7162,0.7189,0.6095,50.2,891.85,646.37,1,1,2025-10-01 09:52:50,16.700000000000003,76.9,,1,0,,0
2025-10-01 09:52:50,596.23,3.2327,236.9,6.7813,20.343899999999998,236.87,236.13,237.72,410.05,409.13,411.8,410.33,8.0687,6.6789,5.5963,1.3657,1.1029,0.764,3.5332,1.3293,1.1199,1.084,4.8187,1.9112,1.5771,1.3304,0.675,0.7152,0.7001,0.5749,50.2,891.91,646.41,1,1,2025-10-01 09:52:50,16.700000000000003,76.9,,1,0,,0
2025-10-01 09:53:35,596.27,3.2478,237.62,6.8065,20.4196,237.13,237.99,237.76,411.06,411.28,412.39,411.57,7.9683,6.8114,5.6399,1.3355,1.1192,0.7931,3.5882,1.3327,1.1735,1.082,4.8515,1.8895,1.621,1.3409,0.671,0.7085,0.6906,0.5914,50.2,891.97,646.46,1,1,2025-10-01 09:53:50,16.700000000000003,76.9,,1,0,,0
2025-10-01 09:54:20,596.31,3.2081,233.12,6.6198,19.8594,233.54,232.91,232.91,403.61,402.69,405,403.75,7.8611,6.5562,5.4421,1.3411,1.0995,0.7675,3.3231,1.251,1.0624,1.0097,4.6304,1.8359,1.527,1.2675,0.6945,0.7323,0.72,0.6053,50.2,892.03,646.51,1,1,2025-10-01 09:54:50,16.700000000000003,76.8,,1,0,,0
2025-10-01 09:55:05,596.35,3.2517,236.78,6.7802,20.3408,236.39,237.47,236.5,409.97,409.71,410.68,410.06,7.9383,6.8354,5.5671,1.3275,1.1327,0.7915,3.5348,1.3223,1.1608,1.0517,4.8164,1.8765,1.6232,1.3166,0.677,0.7084,0.6983,0.6013,50.2,892.09,646.55,1,1,2025-10-01 09:55:50,16.700000000000003,76.9,,1,0,,0
2025-10-01 09:55:50,596.4,3.2644,238.89,6.872,20.6162,238.49,239.28,238.91,413.29,413.6,414.42,413.73,7.9908,6.9198,5.7056,1.3329,1.128,0.8035,3.667,1.3571,1.2095,1.1004,4.9246,1.9057,1.6558,1.3631,0.6649,0.7007,0.682,0.5897,50.2,892.16,646.6,1,1,2025-10-01 09:55:50,16.700000000000003,76.9,,1,0,,0
2025-10-01 09:56:35,596.44,3.2289,236.48,6.739,20.217100000000002,235.97,236.78,236.7,409.42,408.96,410.4,409.6,7.8277,6.785,5.6044,1.3175,1.1084,0.803,3.5063,1.2902,1.1607,1.0554,4.7802,1.8471,1.6066,1.3266,0.6774,0.7144,0.6906,0.6055,50.3,892.21,646.64,1,1,2025-10-01 09:56:50,16.700000000000003,77.1,,1,0,,0
2025-10-01 09:57:20,596.48,3.3126,244.05,7.1359,21.4077,243.69,244.15,244.32,422.43,422.03,423.66,422.81,8.2772,7.1587,5.9718,1.3593,1.1444,0.8089,4.0172,1.4853,1.3181,1.2138,5.2239,2.0171,1.7478,1.459,0.6361,0.6751,0.6555,0.5545,50.2,892.27,646.68,1,1,2025-10-01 09:57:50,16.700000000000003,76.9,,1,0,,0
2025-10-01 09:58:05,596.52,3.262,237.84,6.8156,20.4469,237.38,237.5,238.64,410.55,412.21,413.07,411.96,7.9029,6.7839,5.7601,1.3448,1.0981,0.8191,3.5839,1.3035,1.1769,1.1036,4.8618,1.876,1.6112,1.3746,0.6731,0.718,0.6821,0.596,50.3,892.34,646.73,1,1,2025-10-01 09:58:50,16.700000000000003,76.9,,1,0,,0
2025-10-01 09:58:50,596.56,3.245,235.85,6.7388,20.2166,235.86,235.84,235.86,407.86,408.13,409.52,408.54,7.8965,6.7128,5.6073,1.3423,1.1077,0.795,3.4718,1.287,1.1287,1.0561,4.7682,1.8625,1.5831,1.3225,0.6828,0.7218,0.7004,0.6014,50.2,892.4,646.78,1,1,2025-10-01 09:58:50,16.700000000000003,76.9,,1,0,,0
2025-10-01 09:59:35,596.6,3.2981,242.44,7.038,21.113999999999997,241.88,243.35,242.11,419.77,419.28,420.71,419.72,8.1673,7.1272,5.8195,1.3377,1.1573,0.8032,3.8961,1.4496,1.2894,1.1571,5.1189,1.9755,1.7344,1.409,0.6461,0.6781,0.6679,0.5702,50.3,892.45,646.82,1,1,2025-10-01 09:59:50,16.700000000000003,77.1,,1,0,,0
2025-10-01 10:00:20,596.64,3.2363,233.14,6.6332,19.8997,233.15,232.86,233.42,403.18,403,405.25,403.76,7.8043,6.5754,5.52,1.345,1.0956,0.7958,3.3022,1.2217,1.0678,1.0127,4.6392,1.8196,1.5311,1.2885,0.6999,0.7402,0.7161,0.6178,50.3,892.52,646.87,1,1,2025-10-01 10:00:50,16.700000000000003,77.1,,1,0,,0
2025-10-01 10:01:05,596.68,3.2289,236.33,6.7542,20.2627,236.05,236.18,236.77,408.62,408.77,410.62,409.35,7.9091,6.7014,5.6522,1.3409,1.0944,0.7936,3.5134,1.2948,1.1412,1.0773,4.788,1.8669,1.5827,1.3383,0.6766,0.7193,0.6921,0.593,50.2,892.58,646.91,1,1,2025-10-01 10:01:50,16.700000000000003,77.3,,1,0,,0
2025-10-01 10:01:50,596.72,3.2521,239.34,6.894,20.682100000000002,239.95,239.31,238.77,414.91,412.15,416.57,414.56,8.1907,6.8349,5.6565,1.3636,1.1313,0.7572,3.7081,1.4109,1.1791,1.1181,4.9516,1.9654,1.6357,1.3506,0.6593,0.6949,0.6923,0.5607,50.2,892.64,646.95,1,1,2025-10-01 10:01:50,16.700000000000003,77.3,,1,0,,0
2025-10-01 10:02:35,596.76,3.2025,233.21,6.6299,19.8899,233.47,233.15,233.03,403.59,402.89,405.33,403.85,7.8377,6.5782,5.474,1.3344,1.0947,0.7734,3.3341,1.248,1.0723,1.0138,4.6392,1.8299,1.5337,1.2756,0.6927,0.7303,0.7143,0.6065,50.2,892.7,647,1,1,2025-10-01 10:02:50,16.700000000000003,77.8,,1,0,,0
2025-10-01 10:03:20,596.8,3.2869,242.01,7.0463,21.1391,241.53,241.76,242.75,418.1,418.67,420.75,411.91,8.2142,6.9825,5.9424,1.3682,1.114,0.8046,3.8939,1.4316,1.2657,1.1965,5.1146,1.984,1.6881,1.4425,0.645,0.6909,0.6606,0.558,50.1,892.76,647.05,1,1,2025-10-01 10:03:50,16.700000000000003,77.5,,1,0,,0
2025-10-01 10:04:05,596.84,3.2594,238.93,6.8998,20.6996,238.09,239.25,239.46,413.07,413.51,414.93,413.65,7.985,6.9226,5.792,1.3309,1.113,0.8155,3.6973,1.3526,1.2238,1.1209,4.9443,1.9011,1.6562,1.387,0.6612,0.7013,0.6728,0.5883,50.1,892.82,647.09,1,1,2025-10-01 10:04:50,16.700000000000003,77.3,,1,0,,0
2025-10-01 10:04:50,596.88,3.237,236.61,6.7938,20.3816,236,236.45,237.38,407.92,411.15,410.37,409.77,7.903,6.7609,5.7177,1.3351,1.0927,0.8092,3.5516,1.298,1.1644,1.0891,4.821,1.8651,1.5986,1.3573,0.6736,0.717,0.6842,0.5963,50.1,892.88,647.14,1,1,2025-10-01 10:04:50,16.700000000000003,77.3,,1,0,,0
2025-10-01 10:05:35,596.92,3.2901,242.21,7.0866,21.26,242.41,241.94,242.3,419.16,418.46,420.94,419.44,8.3031,7.0396,5.9173,1.369,1.133,0.7881,3.9364,1.4704,1.269,1.197,5.1497,2.0128,1.7032,1.4338,0.6413,0.6814,0.6659,0.5499,50,892.95,647.18,1,1,,,,,1,0,,0
2025-10-01 10:06:20,596.96,3.2606,238.85,6.9007,20.7023,238.22,239.13,239.22,412.66,413.82,414.63,413.72,8.0327,6.9008,5.7688,1.3388,1.1167,0.8052,3.695,1.3626,1.2124,1.1201,4.9438,1.9135,1.6502,1.38,0.6616,0.7008,0.6774,0.5836,50,893.01,647.23,1,1,2025-10-01 10:06:50,16.700000000000003,77,,1,0,,0
2025-10-01 10:07:05,597.01,3.2567,236.29,6.8113,20.434,236.11,236.65,236.11,408.9,408.45,410.42,409.16,7.9774,6.8239,5.6327,1.3373,1.1246,0.7948,3.5456,1.3226,1.1569,1.0661,4.8284,1.8835,1.6149,1.3299,0.6764,0.7109,0.697,0.5977,50.1,893.07,647.27,1,1,2025-10-01 10:07:50,16.700000000000003,77.1,,1,0,,0
2025-10-01 10:07:50,597.05,3.2623,238.18,6.8929,20.6789,237.83,238.24,238.47,411.76,412.2,413.64,412.45,8.0702,6.8496,5.7591,1.3507,1.114,0.7976,3.6658,1.3589,1.1896,1.1173,4.9246,1.9193,1.6318,1.3734,0.6647,0.7049,0.6835,0.581,50,893.13,647.32,1,1,2025-10-01 10:07:50,16.700000000000003,77.1,,1,0,,0
2025-10-01 10:08:35,597.09,3.2136,233.05,6.6507,19.9522,232.78,232.22,234.16,402.16,403.15,405.66,403.69,7.796,6.514,5.6422,1.3469,1.0622,0.8044,3.3344,1.212,1.0748,1.0476,4.6486,1.8148,1.5127,1.3212,0.6939,0.7433,0.7029,0.609,50.1,893.19,647.36,1,1,2025-10-01 10:08:50,16.8,76.9,,1,0,,0
2025-10-01 10:09:20,597.13,3.2596,236.6,6.8163,20.448999999999998,236.95,236.61,236.26,409.44,408.7,411.28,409.78,8.0323,6.7719,5.6448,1.3543,1.1203,0.7851,3.5543,1.3332,1.1434,1.0777,4.8392,1.9033,1.6023,1.3336,0.6758,0.7126,0.6998,0.5888,50.1,893.25,647.41,1,1,2025-10-01 10:09:50,16.700000000000003,76.8,,1,0,,0
2025-10-01 10:10:05,597.17,3.2489,239.01,6.898,20.6942,238.87,239.4,238.77,413.66,413.1,415.16,413.94,8.0621,6.9081,5.724,1.3368,1.1239,0.7882,3.7085,1.3819,1.2108,1.1159,4.9463,1.9258,1.6538,1.3667,0.6589,0.6952,0.6803,0.5769,50,893.31,647.46,1,1,2025-10-01 10:10:50,16.700000000000003,76.7,,1,0,,0
2025-10-01 10:10:50,597.21,3.2091,233.17,6.6525,19.9576,232.94,233.06,233.53,403.14,402.95,405.51,403.82,7.7898,6.6,5.5678,1.3294,1.0839,0.7959,3.3481,1.2312,1.0893,1.0276,4.653,1.8146,1.5382,1.3002,0.6919,0.7336,0.7053,0.6122,50.1,893.37,647.5,1,1,2025-10-01 10:10:50,16.700000000000003,76.7,,1,0,,0
2025-10-01 10:11:35,597.25,3.268,239.59,6.9614,20.8842,240.22,239.01,239.55,414.97,412.86,417.1,410.75,8.2532,6.8267,5.8043,1.3842,1.1139,0.7699,3.7604,1.4143,1.1893,1.1567,5.0047,1.9826,1.6316,1.3904,0.6559,0.6994,0.6835,0.554,50.1,893.43,647.54,1,1,2025-10-01 10:11:50,16.700000000000003,76.7,,1,0,,0
2025-10-01 10:12:20,597.29,3.2562,239.24,6.924,20.772,238.66,239.35,239.71,413.47,413.93,415.7,414.22,8.0697,6.8845,5.8178,1.3457,1.1077,0.8028,3.7307,1.3734,1.2175,1.1398,4.9683,1.9259,1.6478,1.3946,0.6575,0.6998,0.6729,0.5758,50.1,893.5,647.59,1,1,2025-10-01 10:12:50,16.700000000000003,77.1,,1,0,,0
2025-10-01 10:13:05,597.33,3.2347,236.19,6.7741,20.3224,236.28,236.34,235.95,408.69,408.61,409.96,409.06,7.9697,6.7548,5.5979,1.3388,1.1148,0.7811,3.5243,1.3198,1.1404,1.0642,4.8003,1.8831,1.5964,1.3208,0.6761,0.7121,0.699,0.5917,50.1,893.55,647.63,1,1,2025-10-01 10:13:50,16.700000000000003,77,,1,0,,0
2025-10-01 10:13:50,597.37,3.313,242.67,7.1227,21.3681,242.11,242.79,243.11,419.06,420.66,421.21,420.45,8.267,7.1116,5.9895,1.3622,1.1354,0.8154,3.9652,1.4615,1.298,1.2057,5.1843,2.0015,1.7266,1.4561,0.6411,0.6818,0.6583,0.5602,50,893.62,647.68,1,1,2025-10-01 10:13:50,16.700000000000003,77,,1,0,,0
2025-10-01 10:14:35,597.41,3.2814,238.01,6.8865,20.6595,237.91,238.16,237.97,411.43,411.87,413.42,412.49,8.066,6.8759,5.7176,1.3526,1.1296,0.7992,3.6404,1.3567,1.1832,1.1005,4.9172,1.919,1.6376,1.3606,0.6695,0.706,0.6905,0.5876,50,893.68,647.73,1,1,2025-10-01 10:14:50,16.700000000000003,76.7,,1,0,,0
2025-10-01 10:15:20,597.45,3.2652,237.39,6.8567,20.5702,237.53,238.16,236.5,411.55,410.07,411.9,411.24,8.0635,6.918,5.5887,1.335,1.1505,0.7798,3.6147,1.3699,1.1777,1.067,4.8846,1.9153,1.6476,1.3217,0.6703,0.6979,0.6987,0.59,50,893.74,647.77,1,1,2025-10-01 10:15:50,16.700000000000003,76.6,,1,0,,0
2025-10-01 10:16:05,597.49,3.2781,238.87,6.9503,20.8509,238.66,238.56,239.4,412.84,413.1,415.26,416.23,8.1175,6.8809,5.8525,1.3609,1.1112,0.8059,3.7258,1.3744,1.2059,1.1456,4.9799,1.9373,1.6415,1.4011,0.6605,0.7036,0.6776,0.5753,50,893.8,647.82,1,1,2025-10-01 10:16:50,16.700000000000003,76.7,,1,0,,0
2025-10-01 10:16:50,597.54,3.2354,233.21,6.7119,20.1359,233.34,233.28,233.03,403.79,402.68,405.33,403.98,7.8848,6.7002,5.5509,1.334,1.1105,0.7909,3.3849,1.2635,1.0982,1.0232,4.6964,1.8398,1.563,1.2935,0.6909,0.726,0.711,0.6115,49.9,893.87,647.87,1,1,2025-10-01 10:16:50,16.700000000000003,76.7,,1,0,,0
2025-10-01 10:17:35,597.57,3.2743,236.37,6.8486,20.5459,236.09,236.75,236.27,409.03,408.77,410.39,409.31,8.0094,6.8364,5.7001,1.3451,1.1227,0.8066,3.5666,1.3249,1.1636,1.0781,4.8562,1.8909,1.6185,1.3468,0.6762,0.7124,0.6943,0.599,49.9,893.92,647.91,1,1,2025-10-01 10:17:50,16.700000000000003,76.9,,1,0,,0
2025-10-01 10:18:20,597.62,3.2822,239.04,6.9569,20.8708,239.47,238.43,239.24,413.52,412.73,415.85,414.09,8.2227,6.8223,5.8258,1.384,1.1133,0.7849,3.7311,1.3961,1.1837,1.1513,4.9895,1.9691,1.6266,1.3938,0.6604,0.704,0.6851,0.5633,49.9,893.99,647.96,1,1,2025-10-01 10:18:50,16.700000000000003,76.9,,1,0,,0
2025-10-01 10:19:05,597.66,3.2035,232.32,6.6401,19.9205,232.72,232.02,232.23,402.54,400.84,403.78,402.42,7.8289,6.5993,5.4923,1.3316,1.0936,0.7783,3.3196,1.2397,1.0699,1.01,4.6286,1.8219,1.5312,1.2755,0.6944,0.7319,0.7148,0.6103,50,894.05,648,1,1,2025-10-01 10:19:50,16.700000000000003,76.9,,1,0,,0
2025-10-01 10:19:50,597.7,3.2455,236.33,6.8275,20.4825,236.54,235.93,236.53,408.65,408.46,410.89,409.29,8.0151,6.7557,5.7117,1.3525,1.1024,0.7906,3.5675,1.3239,1.1488,1.0948,4.8408,1.8959,1.5939,1.351,0.6729,0.7146,0.6923,0.5854,50,894.11,648.04,1,1,2025-10-01 10:19:50,16.700000000000003,76.9,,1,0,,0
2025-10-01 10:20:35,597.74,3.282,238.87,6.9302,20.790599999999998,238.34,239.63,238.65,413.28,413.37,414.53,413.69,8.06,6.9904,5.7402,1.3341,1.1418,0.806,3.709,1.3783,1.2234,1.1073,4.966,1.921,1.6751,1.3699,0.6626,0.6955,0.6823,0.5885,50,894.17,648.09,1,1,2025-10-01 10:20:50,16.700000000000003,77.1,,1,0,,0
2025-10-01 10:21:20,597.78,3.2788,236.59,6.8397,20.5192,236.46,237.53,235.78,410.08,409.05,410.2,409.79,7.995,6.9254,5.5988,1.3298,1.1521,0.797,3.564,1.34,1.1722,1.0518,4.8556,1.8905,1.645,1.3201,0.677,0.7043,0.7009,0.6039,50,894.23,648.14,1,1,2025-10-01 10:21:50,16.8,77,,1,0,,0
2025-10-01 10:22:05,597.82,3.3388,242.21,7.1455,21.436500000000002,242.81,242.28,241.55,419.5,418.17,420.88,419.45,8.4209,7.1232,5.8924,1.3849,1.1688,0.7851,3.9529,1.4994,1.2671,1.1864,5.1938,2.0447,1.7258,1.4233,0.6452,0.6784,0.678,0.5518,50,894.29,648.18,1,1,2025-10-01 10:22:50,16.8,76.9,,1,0,,0
2025-10-01 10:22:50,597.86,3.2869,239.4,6.9685,20.9057,239.05,239.63,239.53,414.2,414.16,415.59,414.66,8.1198,6.9674,5.8185,1.3503,1.1299,0.8067,3.7526,1.3899,1.2267,1.1359,5.0043,1.941,1.6696,1.3937,0.6588,0.6967,0.6775,0.579,50,894.36,648.23,1,1,2025-10-01 10:22:50,16.8,76.9,,1,0,,0
2025-10-01 10:23:35,597.9,3.242,236.27,6.7983,20.395000000000003,236.55,236.14,236.14,409.01,408.28,410.42,409.24,8.0189,6.7581,5.618,1.3483,1.1152,0.7784,3.5418,1.3296,1.1389,1.0733,4.8194,1.8969,1.5959,1.3266,0.6751,0.712,0.6996,0.5871,50,894.42,648.27,1,1,2025-10-01 10:23:50,16.8,77,,1,0,,0
2025-10-01 10:24:20,597.94,3.3151,242.23,7.1019,21.3058,242.64,242.24,241.83,419.62,418.26,420.8,419.72,8.3634,7.0641,5.8783,1.3785,1.1528,0.7837,3.9326,1.4847,1.2623,1.1856,5.1621,2.0293,1.7112,1.4215,0.6445,0.6804,0.6743,0.5514,50,894.48,648.32,1,1,2025-10-01 10:24:50,16.8,76.8,,1,0,,0
2025-10-01 10:25:05,597.99,3.237,233.04,6.6817,20.0453,233.37,232.76,233,403.31,402.52,405.08,403.75,7.8915,6.616,5.5378,1.3488,1.1016,0.7866,3.3461,1.2499,1.074,1.0222,4.6719,1.8416,1.5399,1.2903,0.6952,0.7334,0.716,0.6098,50,894.54,648.36,1,1,2025-10-01 10:25:50,16.8,76.9,,1,0,,0
2025-10-01 10:25:50,598.03,3.2682,236.47,6.8272,20.4818,236.46,236.33,236.62,409.04,408.38,411.28,409.6,8.023,6.7678,5.691,1.3576,1.1139,0.7968,3.5507,1.3207,1.1452,1.0848,4.8432,1.8971,1.5994,1.3466,0.6772,0.7167,0.6972,0.5919,50,894.6,648.41,1,1,2025-10-01 10:25:50,16.8,76.9,,1,0,,0
2025-10-01 10:26:35,598.07,3.292,239.06,6.9467,20.8402,238.4,239.8,238.98,413.93,413.26,414.96,414.05,8.0729,7.0078,5.7595,1.3366,1.1438,0.8116,3.7204,1.3805,1.2288,1.1112,4.9815,1.9246,1.6805,1.3764,0.6626,0.6956,0.6813,0.5898,50,894.66,648.45,1,1,2025-10-01 10:26:50,16.8,76.9,,1,0,,0
2025-10-01 10:27:20,598.11,3.249,232.36,6.6741,20.0223,233.54,232.54,231.02,403.35,400.59,403.45,402.54,7.9829,6.6687,5.3707,1.3523,1.1407,0.756,3.3118,1.2797,1.0488,0.9833,4.6558,1.8643,1.5507,1.2407,0.7003,0.7263,0.7361,0.6095,50,894.72,648.5,1,1,2025-10-01 10:27:50,16.8,77,,1,0,,0
2025-10-01 10:28:05,598.15,3.3545,242.22,7.131,21.393099999999997,242.58,241.63,242.45,419.01,418.11,421.46,411.84,8.4142,7.0146,5.9643,1.4113,1.1445,0.7988,3.923,1.4699,1.2479,1.2051,5.1821,2.0411,1.6949,1.446,0.6498,0.6925,0.6758,0.5525,50.1,894.78,648.54,1,1,2025-10-01 10:28:50,16.8,77,,1,0,,0
2025-10-01 10:28:50,598.19,3.3326,239.47,6.9992,20.9978,238.43,239.99,240,414.06,414.58,415.67,414.67,8.138,7.0105,5.8493,1.3598,1.1433,0.8295,3.7421,1.3791,1.2314,1.1317,5.0266,1.9403,1.6824,1.4038,0.665,0.7021,0.6804,0.5911,50,894.85,648.59,1,1,2025-10-01 10:28:50,16.8,77,,1,0,,0
2025-10-01 10:29:35,598.23,3.2788,237.17,6.8612,20.5837,237.27,236.91,237.35,410.01,409.99,412.39,410.73,8.0904,6.7792,5.7141,1.3691,1.1175,0.7922,3.593,1.3413,1.1513,1.1004,4.8819,1.9196,1.6061,1.3562,0.674,0.7143,0.6964,0.5842,50.1,894.91,648.64,1,1,2025-10-01 10:29:50,16.8,77.1,,1,0,,0
2025-10-01 10:30:20,598.27,3.3454,242.28,7.1342,21.4028,241.52,242.31,243.02,418.56,418.98,421.37,419.6,8.2955,7.0979,6.0094,1.3786,1.1406,0.8262,3.9361,1.4486,1.2842,1.2034,5.1838,2.0035,1.7199,1.4604,0.6476,0.6893,0.664,0.566,50,894.97,648.68,1,1,2025-10-01 10:30:50,16.8,77,,1,0,,0
2025-10-01 10:31:05,598.31,3.3042,238.96,6.9577,20.8731,238.92,238.83,239.15,413.45,412.63,415.59,413.81,8.1694,6.915,5.7887,1.37,1.1344,0.7997,3.7133,1.3858,1.1979,1.1295,4.9877,1.9518,1.6515,1.3844,0.6647,0.703,0.6876,0.5778,50,895.03,648.73,1,1,2025-10-01 10:31:50,16.8,77.2,,1,0,,0
2025-10-01 10:31:50,598.35,3.2754,236.23,6.8347,20.5041,235.83,236.83,236.05,408.72,408.8,409.98,409.19,7.9916,6.8903,5.6222,1.3342,1.1401,0.8011,3.5498,1.3271,1.1653,1.0575,4.8436,1.8847,1.6318,1.3271,0.6781,0.7089,0.6993,0.6038,50,895.09,648.77,1,1,2025-10-01 10:31:50,16.8,77.2,,1,0,,0
2025-10-01 10:32:35,598.4,3.2967,239.17,6.9749,20.924699999999998,238.83,239.04,239.64,413.59,413,416.15,420.6,8.181,6.9215,5.8222,1.366,1.128,0.8027,3.7401,1.3921,1.2076,1.1404,5.0036,1.9539,1.6545,1.3952,0.6612,0.7003,0.6826,0.5755,50,895.16,648.82,1,1,2025-10-01 10:32:50,16.8,77.2,,1,0,,0
2025-10-01 10:33:20,598.44,3.2429,233.17,6.6993,20.0981,233.04,233.19,233.29,403.8,402.68,405.1,403.88,7.8545,6.686,5.5576,1.3352,1.1074,0.8003,3.3628,1.248,1.0954,1.0194,4.6861,1.8304,1.5591,1.2965,0.6941,0.7305,0.7109,0.6174,50,895.22,648.87,1,1,2025-10-01 10:33:50,16.8,77.4,,1,0,,0
2025-10-01 10:34:05,598.48,3.2981,236.95,6.889,20.667,236.68,236.94,237.25,410.11,408.94,412.17,410.68,8.0748,6.8421,5.7501,1.3633,1.1249,0.81,3.5966,1.3348,1.1649,1.0969,4.8965,1.9111,1.6212,1.3642,0.6758,0.7145,0.6946,0.594,49.9,895.28,648.91,1,1,2025-10-01 10:34:50,16.8,77.6,,1,0,,0
2025-10-01 10:34:50,598.52,3.2912,238.66,6.9408,20.8226,238.76,239.35,237.89,413.55,412.54,414.03,413.49,8.1712,6.9803,5.6711,1.3493,1.1581,0.7838,3.7045,1.405,1.202,1.0976,4.9708,1.951,1.6707,1.3491,0.6641,0.6926,0.6938,0.5814,50,895.34,648.96,1,1,2025-10-01 10:34:50,16.8,77.6,,1,0,,0
2025-10-01 10:35:35,598.56,3.2495,233.2,6.7076,20.1229,232.98,233.41,233.23,403.74,402.84,405.17,403.92,7.864,6.7107,5.5482,1.3338,1.1149,0.8007,3.366,1.2521,1.098,1.0159,4.6925,1.8322,1.5663,1.294,0.6945,0.729,0.7124,0.619,50,895.4,649,1,1,2025-10-01 10:35:50,16.8,77.5,,1,0,,0
2025-10-01 10:36:20,598.6,3.2969,236.83,6.8815,20.6445,236.91,236.58,237.02,409.79,408.91,411.9,410.19,8.1126,6.795,5.7369,1.3752,1.1218,0.7999,3.5863,1.3383,1.149,1.099,4.8893,1.922,1.6076,1.3598,0.6767,0.7166,0.6985,0.5884,50,895.46,649.05,1,1,2025-10-01 10:36:50,16.8,77.6,,1,0,,0
2025-10-01 10:37:05,598.64,3.2851,237.47,6.8963,20.689,236.74,237.04,238.65,410.05,410.93,412.97,411.29,8.0458,6.792,5.8512,1.3664,1.0968,0.8219,3.6267,1.3225,1.1759,1.1283,4.9111,1.9048,1.61,1.3964,0.6713,0.7185,0.682,0.5887,49.9,895.53,649.09,1,1,2025-10-01 10:37:50,16.8,77.9,,1,0,,0
2025-10-01 10:37:50,598.68,3.2743,236.15,6.8292,20.4877,235.78,236.84,235.83,409.34,407.87,409.83,408.98,7.998,6.871,5.6187,1.3362,1.1388,0.7994,3.5437,1.3269,1.1605,1.0563,4.8382,1.8858,1.6273,1.3251,0.6786,0.7095,0.7004,0.6034,50,895.59,649.14,1,1,2025-10-01 10:37:50,16.8,77.9,,1,0,,0
2025-10-01 10:38:35,598.73,3.32,242.55,7.1521,21.456400000000002,242.84,242.62,242.21,420,418.52,421.81,420.16,8.411,7.1209,5.9245,1.3779,1.1562,0.7859,3.9837,1.5028,1.2811,1.1999,5.2052,2.0425,1.7277,1.435,0.6402,0.6758,0.6699,0.5479,50,895.65,649.18,1,1,2025-10-01 10:38:50,16.8,77.7,,1,0,,0
2025-10-01 10:39:20,598.77,3.2924,238.84,6.9511,20.8534,238.64,238.93,238.97,413.39,412.54,415.13,413.71,8.1523,6.9229,5.7782,1.3608,1.1321,0.7995,3.7147,1.3859,1.2035,1.1252,4.9804,1.9455,1.6541,1.3808,0.6632,0.7005,0.6851,0.5792,50,895.71,649.23,1,1,2025-10-01 10:39:50,16.8,77.8,,1,0,,0
2025-10-01 10:40:05,598.81,3.3038,236.72,6.8791,20.6375,236.53,236.5,237.13,409.01,409.44,411.55,410.16,8.0365,6.825,5.776,1.3653,1.1184,0.82,3.5756,1.318,1.1614,1.0963,4.8846,1.9009,1.6141,1.3697,0.6786,0.7194,0.6936,0.5989,50,895.77,649.28,1,1,2025-10-01 10:40:50,16.8,77.6,,1,0,,0
2025-10-01 10:40:50,598.85,3.327,238.96,6.9735,20.9206,239.21,239.08,238.59,413.5,413.15,415,413.85,8.1846,6.9846,5.7514,1.3688,1.1572,0.801,3.711,1.3955,1.2018,1.1137,4.9999,1.9578,1.6699,1.3722,0.6675,0.7002,0.6936,0.5838,50,895.84,649.32,1,1,2025-10-01 10:40:50,16.8,77.6,,1,0,,0
2025-10-01 10:41:35,598.89,3.282,232.87,6.7198,20.1596,233.62,232.58,232.41,403.19,401.95,404.87,403.25,7.9514,6.6794,5.5288,1.3634,1.1274,0.7913,3.3368,1.258,1.067,1.0119,4.696,1.8576,1.5535,1.2849,0.7012,0.7349,0.7262,0.616,50,895.89,649.37,1,1,2025-10-01 10:41:50,16.8,77.6,,1,0,,0
2025-10-01 10:42:20,598.93,3.2997,235.8,6.8472,20.541600000000003,236.13,235.54,235.74,407.84,407.56,409.85,408.26,8.0568,6.8058,5.679,1.3673,1.13,0.8024,3.5242,1.3185,1.1347,1.071,4.8443,1.9025,1.603,1.3388,0.6834,0.7198,0.7056,0.5995,50,895.96,649.41,1,1,2025-10-01 10:42:50,16.8,77.6,,1,0,,0
2025-10-01 10:43:05,598.97,3.302,239.01,6.9537,20.8613,239.22,238.66,239.16,413.39,412.98,415.57,413.98,8.1559,6.8966,5.8088,1.3723,1.1283,0.8015,3.7132,1.3826,1.1963,1.1344,4.9862,1.9511,1.6459,1.3892,0.6645,0.7044,0.6861,0.577,50,896.02,649.46,1,1,2025-10-01 10:43:50,16.8,77.5,,1,0,,0
2025-10-01 10:43:50,599.01,3.2788,233.35,6.7424,20.2273,233.74,232.85,233.47,403.21,403.65,405.66,404.22,7.9428,6.6604,5.6241,1.3656,1.1092,0.8039,3.3741,1.254,1.0822,1.0379,4.7205,1.8566,1.5509,1.3131,0.6969,0.7365,0.7157,0.6123,50,896.08,649.5,1,1,2025-10-01 10:43:50,16.8,77.5,,1,0,,0
2025-10-01 10:44:35,599.06,3.3565,241.76,7.1234,21.3702,241.19,242.2,241.9,417.88,418.56,419.78,418.74,8.2703,7.1425,5.9574,1.3696,1.158,0.8288,3.9067,1.4455,1.2827,1.1784,5.1657,1.9947,1.7299,1.4411,0.6516,0.6878,0.67,0.5752,50,896.14,649.55,1,1,2025-10-01 10:44:50,16.8,77.5,,1,0,,0
2025-10-01 10:45:20,599.1,3.3206,238.66,6.9665,20.8997,238.55,238.75,238.69,412.85,412.95,414.31,413.31,8.1524,6.9633,5.784,1.3656,1.1449,0.8101,3.7,1.3799,1.2029,1.1172,4.9878,1.9448,1.6625,1.3806,0.6679,0.7034,0.6894,0.587,50,896.21,649.6,1,1,2025-10-01 10:45:50,17.200000000000003,77.2,,1,0,,0
2025-10-01 10:46:05,599.14,3.3008,235.83,6.8369,20.5109,235.64,235.93,235.94,407.78,407.95,409.69,408.32,7.9927,6.8193,5.6989,1.3571,1.1275,0.8162,3.5151,1.3017,1.1454,1.068,4.8369,1.8834,1.6089,1.3446,0.6845,0.7216,0.7015,0.6072,50,896.26,649.64,1,1,2025-10-01 10:46:50,17.200000000000003,77.3,,1,0,,0
2025-10-01 10:46:50,599.18,3.3803,243.8,7.2397,21.7193,243.84,243.63,243.94,421.5,421.53,423.79,422.36,8.47,7.1818,6.0675,1.402,1.162,0.8163,4.0508,1.5114,1.3054,1.234,5.2951,2.0653,1.7497,1.4801,0.6407,0.68,0.6648,0.5517,50,896.33,649.69,1,1,2025-10-01 10:46:50,17.200000000000003,77.3,,1,0,,0
2025-10-01 10:47:35,599.22,3.3363,239.42,6.995,20.9851,239.23,240,239.03,414.49,414.05,415.49,414.67,8.1672,7.0394,5.7785,1.36,1.1624,0.814,3.738,1.3987,1.2238,1.1155,5.0245,1.9538,1.6895,1.3812,0.6658,0.6971,0.6886,0.5894,50,896.39,649.73,1,1,2025-10-01 10:47:50,17.200000000000003,77.1,,1,0,,0
2025-10-01 10:48:20,599.26,3.3151,236.73,6.8879,20.663800000000002,236.83,236.49,236.88,409.5,409.19,411.39,410.1,8.0831,6.839,5.7417,1.3718,1.1311,0.8122,3.5747,1.3307,1.1538,1.0903,4.8918,1.9143,1.6174,1.3601,0.6799,0.7177,0.7,0.5973,50,896.45,649.78,1,1,2025-10-01 10:48:50,17.3,77.3,,1,0,,0
2025-10-01 10:49:05,599.31,3.3246,238.93,6.9898,20.9696,239.35,238.81,238.64,413.54,412.57,415.4,413.83,8.2381,6.9399,5.7916,1.3812,1.1473,0.796,3.7257,1.4026,1.1938,1.1293,5.0112,1.9718,1.6573,1.3821,0.6658,0.7016,0.6929,0.5761,50,896.52,649.82,1,1,2025-10-01 10:49:50,17.200000000000003,76.9,,1,0,,0
2025-10-01 10:49:50,599.35,3.2376,230.82,6.6262,19.878800000000002,231.22,230.99,230.27,399.71,398.61,401.06,399.89,7.8243,6.6205,5.434,1.3356,1.1153,0.7867,3.2339,1.2167,1.0447,0.9725,4.5897,1.8091,1.5293,1.2513,0.7075,0.7392,0.7298,0.6289,50,896.58,649.87,1,1,2025-10-01 10:49:50,17.200000000000003,76.9,,1,0,,0
2025-10-01 10:50:35,599.39,3.2975,236.4,6.8643,20.5929,236.31,236.35,236.56,408.84,408.82,410.72,409.43,8.0437,6.8233,5.7259,1.362,1.1249,0.8106,3.5604,1.322,1.1536,1.0848,4.868,1.9008,1.6127,1.3545,0.6794,0.7175,0.6981,0.5985,50,896.64,649.91,1,1,2025-10-01 10:50:50,17.200000000000003,76.9,,1,0,,0
2025-10-01 10:51:20,599.43,3.3029,238.72,6.9568,20.8705,239.16,239.58,237.43,413.98,412.1,414.33,413.44,8.1971,7.0237,5.6497,1.3499,1.1729,0.7801,3.713,1.4176,1.2045,1.0908,4.9846,1.9604,1.6827,1.3414,0.6646,0.6895,0.6976,0.5816,49.9,896.7,649.96,1,1,2025-10-01 10:51:50,16.8,76.8,,1,0,,0
2025-10-01 10:52:05,599.47,3.2769,234,6.7581,20.2744,234.3,233.67,234.05,404.78,404.1,407.03,405.3,7.9679,6.6883,5.6182,1.3632,1.1145,0.7992,3.4082,1.2711,1.0935,1.0435,4.7447,1.8669,1.5629,1.3149,0.693,0.7313,0.7138,0.608,50,896.76,650.01,1,1,2025-10-01 10:52:50,17.200000000000003,77.1,,1,0,,0
2025-10-01 10:52:50,599.51,3.3692,242.19,7.1621,21.4864,242.49,242.08,242.01,418.96,418.58,420.91,419.44,8.4065,7.1174,5.9625,1.397,1.1646,0.8076,3.943,1.4801,1.2675,1.1954,5.2045,2.0385,1.723,1.443,0.6496,0.6863,0.6765,0.5598,50,896.82,650.05,1,1,2025-10-01 10:52:50,17.200000000000003,77.1,,1,0,,0
2025-10-01 10:53:35,599.55,3.3244,238.61,6.9696,20.909,239.62,238.11,238.12,412.54,412.61,414.72,413.22,8.273,6.864,5.772,1.3979,1.143,0.7835,3.6953,1.4008,1.1659,1.1285,4.9912,1.9824,1.6344,1.3744,0.6688,0.7063,0.7,0.5703,50,896.88,650.1,1,1,2025-10-01 10:53:50,16.8,77.1,,1,0,,0
2025-10-01 10:54:20,599.59,3.2946,236.48,6.8643,20.5929,236.19,236.39,236.88,408.5,409.34,410.95,409.47,8.051,6.7779,5.764,1.3686,1.1137,0.8123,3.5627,1.316,1.1497,1.097,4.8692,1.9016,1.6022,1.3654,0.6789,0.7208,0.6957,0.595,50,896.95,650.14,1,1,2025-10-01 10:54:50,16.8,77.1,,1,0,,0
2025-10-01 10:55:05,599.64,3.3451,242.38,7.1564,21.4692,242.69,242.2,242.27,419.18,419,421.28,419.71,8.4574,7.0746,5.9372,1.3991,1.1577,0.7882,3.9596,1.4965,1.2605,1.2025,5.2044,2.0525,1.7135,1.4384,0.6453,0.6829,0.6764,0.5481,49.9,897.01,650.19,1,1,2025-10-01 10:55:50,17.200000000000003,77.3,,1,0,,0
2025-10-01 10:55:50,599.68,3.3084,238.68,6.9678,20.9036,238.44,239.14,238.46,413.39,412.01,414.78,413.55,8.186,6.9571,5.7605,1.3622,1.1473,0.7989,3.713,1.3935,1.2025,1.117,4.9892,1.9519,1.6637,1.3736,0.6652,0.699,0.6903,0.5817,50,897.07,650.23,1,1,2025-10-01 10:55:50,17.200000000000003,77.3,,1,0,,0
2025-10-01 10:56:35,599.72,3.3002,236.95,6.8923,20.6769,236.26,237.11,237.5,409.48,410.11,411.64,410.35,8.0625,6.8469,5.7675,1.3604,1.1227,0.8172,3.5975,1.3286,1.1702,1.0986,4.8981,1.9048,1.6235,1.3698,0.676,0.7153,0.6922,0.5968,50,897.13,650.28,1,1,2025-10-01 10:56:50,17.200000000000003,77.4,,1,0,,0
2025-10-01 10:57:20,599.76,3.2936,238.73,6.9426,20.8278,238.43,239.39,238.39,413.27,412.79,414.42,413.42,8.0887,7.0026,5.7365,1.3396,1.1481,0.8059,3.7072,1.3834,1.2193,1.1045,4.9725,1.9286,1.6764,1.3675,0.6641,0.6956,0.6855,0.5894,50,897.2,650.33,1,1,2025-10-01 10:57:50,17.200000000000003,77.4,,1,0,,0
2025-10-01 10:58:05,599.8,3.2571,233.25,6.7255,20.1767,234.07,232.94,232.74,404.39,402.48,405.11,403.92,7.9729,6.6729,5.5309,1.3579,1.1194,0.7798,3.377,1.2766,1.0766,1.0238,4.7079,1.8662,1.5544,1.2873,0.6942,0.7285,0.7207,0.6059,50,897.26,650.37,1,1,2025-10-01 10:58:50,17.200000000000003,77.5,,1,0,,0
2025-10-01 10:58:50,599.84,3.302,236.56,6.8737,20.621299999999998,236.17,236.83,236.69,409.05,409.14,411,409.69,7.9942,6.8992,5.7279,1.346,1.1338,0.8222,3.5715,1.3196,1.1744,1.0775,4.8777,1.888,1.6339,1.3557,0.6788,0.714,0.6945,0.6066,50,897.32,650.42,1,1,2025-10-01 10:58:50,17.200000000000003,77.5,,1,0,,0
2025-10-01 10:59:35,599.89,3.3414,239.01,7.0126,21.0379,238.58,239.76,238.7,413.72,413.62,414.58,414.07,8.1559,7.0785,5.8035,1.3537,1.1646,0.823,3.7388,1.3933,1.2318,1.1137,5.0283,1.9458,1.6971,1.3853,0.6663,0.6968,0.687,0.5956,50,897.38,650.46,1,1,2025-10-01 10:59:50,17.200000000000003,77.6,,1,0,,0
2025-10-01 11:00:20,599.92,3.2928,233.03,6.7535,20.2607,233.75,232.77,232.58,403.79,402.32,404.75,403.66,7.9926,6.711,5.5571,1.3669,1.1311,0.7947,3.3639,1.2695,1.0756,1.0188,4.7229,1.8683,1.5621,1.2925,0.6995,0.7327,0.7246,0.615,49.9,897.44,650.51,1,1,2025-10-01 11:00:50,17.3,77.5,,1,0,,0
2025-10-01 11:01:05,599.97,3.3738,242.44,7.1835,21.5506,242.62,242.43,242.28,419.89,419.27,420.6,419.93,8.4008,7.1662,5.9836,1.3909,1.1672,0.8157,3.9808,1.4889,1.2886,1.2034,5.2252,2.0382,1.7373,1.4497,0.6465,0.6831,0.6726,0.5619,49.9,897.5,650.55,1,1,2025-10-01 11:01:50,17.200000000000003,77.5,,1,0,,0
2025-10-01 11:01:50,600.01,3.3184,237.89,6.9459,20.8378,238.6,236.85,238.22,411.46,411.22,413.41,412.2,8.191,6.8116,5.8352,1.3978,1.1182,0.8024,3.6579,1.3628,1.1606,1.1345,4.9578,1.9544,1.6133,1.3901,0.6719,0.7156,0.6938,0.5774,50,897.57,650.6,1,1,2025-10-01 11:01:50,17.200000000000003,77.5,,1,0,,0
2025-10-01 11:02:35,600.05,3.3299,236.68,6.8939,20.6819,236.6,237,236.44,410.01,409.55,410.25,409.82,8.0837,6.9009,5.6973,1.3656,1.152,0.8123,3.5667,1.3356,1.1583,1.0728,4.8952,1.9126,1.6355,1.3471,0.6824,0.7145,0.7043,0.6033,50,897.62,650.64,1,1,2025-10-01 11:02:50,17.3,77.3,,1,0,,0
2025-10-01 11:03:20,600.09,3.3654,241.96,7.1399,21.4199,241.68,242.84,241.36,419.4,418.7,419.14,419.07,8.3331,7.2069,5.8799,1.3667,1.1856,0.8132,3.9217,1.4747,1.2847,1.1623,5.1832,2.0139,1.7501,1.4192,0.6512,0.6797,0.6781,0.5732,50,897.69,650.69,1,1,2025-10-01 11:03:50,17.3,77.3,,1,0,,0
2025-10-01 11:04:05,600.13,3.3326,238.58,6.9811,20.9435,238.71,239.09,237.96,414,411.83,413.87,413.3,8.2216,7.003,5.7189,1.3683,1.1681,0.7961,3.7044,1.4031,1.1978,1.1034,4.9978,1.9626,1.6743,1.3609,0.6688,0.6981,0.6981,0.585,50,897.75,650.74,1,1,2025-10-01 11:04:50,17.3,77.4,,1,0,,0
2025-10-01 11:04:50,600.17,3.3329,237.33,6.9328,20.7984,236.04,239.11,236.86,411.65,411.5,410.07,410.98,8.0181,7.1082,5.6721,1.3213,1.1804,0.8312,3.6276,1.3516,1.2209,1.0551,4.9357,1.8926,1.6996,1.3435,0.6765,0.699,0.695,0.6188,50,897.81,650.78,1,1,2025-10-01 11:04:50,17.3,77.4,,1,0,,0
2025-10-01 11:05:35,600.22,3.3186,239.14,6.9943,20.982999999999997,239.6,239.26,238.57,415.01,412.9,414.7,414.33,8.2918,6.9677,5.7235,1.3785,1.1607,0.7794,3.7411,1.4262,1.1945,1.1205,5.0193,1.9867,1.6671,1.3655,0.6636,0.6949,0.6969,0.571,50,897.88,650.83,1,1,2025-10-01 11:05:50,17.3,77.4,,1,0,,0
2025-10-01 11:06:20,600.26,3.2774,233.65,6.7572,20.2717,234.06,233.23,233.68,404.98,403.11,406,404.68,8.0011,6.676,5.5946,1.3682,1.1163,0.7929,3.3969,1.2746,1.0834,1.0389,4.7371,1.8727,1.557,1.3073,0.6943,0.7316,0.7175,0.6066,50,897.94,650.87,1,1,2025-10-01 11:06:50,17.3,77.3,,1,0,,0
2025-10-01 11:07:05,600.3,3.3024,236.27,6.8788,20.636599999999998,236.34,235.68,236.79,408.96,408.44,410.27,409.32,8.1015,6.7815,5.7536,1.3784,1.1175,0.8066,3.5621,1.3244,1.1404,1.0973,4.8754,1.9147,1.5983,1.3624,0.6798,0.721,0.6998,0.5922,49.9,898,650.92,1,1,2025-10-01 11:07:50,17.3,77.1,,1,0,,0
2025-10-01 11:07:50,600.34,3.3094,238.8,6.9752,20.9257,239.57,238.57,238.28,414.15,412.2,414.51,413.71,8.309,6.9032,5.7135,1.3878,1.1515,0.7701,3.7191,1.4223,1.1749,1.1219,4.9989,1.9906,1.6469,1.3614,0.6647,0.6983,0.6999,0.5659,49.9,898.06,650.97,1,1,2025-10-01 11:07:50,17.3,77.1,,1,0,,0
2025-10-01 11:08:35,600.38,3.2857,234.57,6.8039,20.4119,234.02,235.35,234.36,406.64,405.97,406.27,403.28,7.9654,6.8618,5.5847,1.3367,1.142,0.8071,3.464,1.2952,1.1396,1.0292,4.7878,1.8641,1.6149,1.3088,0.6881,0.7181,0.7078,0.617,49.9,898.12,651.01,1,1,2025-10-01 11:08:50,17.3,77,,1,0,,0
2025-10-01 11:09:20,600.42,3.3617,242.4,7.1823,21.5471,243.02,241.69,242.51,419.69,418.49,421.39,419.85,8.5283,7.0403,5.9785,1.4222,1.1534,0.7861,3.9684,1.5024,1.2483,1.2176,5.224,2.0725,1.7016,1.4498,0.6463,0.6874,0.6786,0.5423,50,898.18,651.05,1,1,2025-10-01 11:09:50,17.3,77,,1,0,,0
2025-10-01 11:10:05,600.47,3.3198,237.21,6.9168,20.7506,237.32,237.97,236.35,411.26,409.74,411.56,410.97,8.145,6.9904,5.6152,1.3526,1.1742,0.7929,3.6161,1.3766,1.1759,1.0636,4.9236,1.933,1.6635,1.3272,0.6762,0.7008,0.7065,0.5976,49.9,898.25,651.1,1,1,2025-10-01 11:10:50,17.3,77,,1,0,,0
2025-10-01 11:10:50,600.51,3.3315,237.16,6.9338,20.8016,236.96,237.67,236.87,410.72,409.69,411.91,410.84,8.1142,6.9746,5.7128,1.358,1.1592,0.8144,3.6199,1.3571,1.1826,1.0802,4.9336,1.9227,1.6577,1.3532,0.6771,0.7073,0.6999,0.602,49.9,898.31,651.15,1,1,2025-10-01 11:10:50,17.3,77,,1,0,,0
2025-10-01 11:11:35,600.55,3.3876,243.23,7.229,21.6872,243.68,242.27,243.75,420.21,419.51,424.12,421.41,8.5151,7.0773,6.0948,1.429,1.1471,0.8115,4.0155,1.4995,1.272,1.244,5.2752,2.075,1.7146,1.4856,0.6448,0.6898,0.6697,0.5463,50,898.37,651.19,1,1,2025-10-01 11:11:50,17.3,77.2,,1,0,,0
2025-10-01 11:12:20,600.59,3.3395,238.8,6.9941,20.9823,239.23,238.77,238.41,413.34,412.48,415.01,413.65,8.2457,6.9641,5.7725,1.3829,1.1571,0.7996,3.7135,1.4022,1.1918,1.1195,5.0117,1.9726,1.6628,1.3762,0.6686,0.7021,0.6965,0.5812,50,898.43,651.24,1,1,2025-10-01 11:12:50,17.3,77.1,,1,0,,0
2025-10-01 11:13:05,600.63,3.3329,238.55,6.9958,20.9875,238.89,238.03,238.74,412.11,412.28,415.15,413.18,8.2222,6.9039,5.8614,1.3901,1.1331,0.8097,3.7122,1.3832,1.1881,1.1408,5.0069,1.9642,1.6433,1.3994,0.668,0.7088,0.6901,0.5787,49.9,898.5,651.28,1,1,2025-10-01 11:13:50,17.3,77.2,,1,0,,0
2025-10-01 11:13:50,600.67,3.3483,238.83,7.0055,21.0167,238.85,238.24,239.42,412.61,412.36,416.03,413.7,8.1766,6.9125,5.9276,1.3912,1.1267,0.8303,3.7144,1.3656,1.1985,1.1503,5.019,1.953,1.6468,1.4192,0.6695,0.7136,0.6849,0.5852,49.9,898.56,651.33,1,1,2025-10-01 11:13:50,17.3,77.2,,1,0,,0
2025-10-01 11:14:35,600.72,3.2914,233.17,6.7556,20.266800000000003,233.38,232.44,233.69,402.49,403.08,406,404,7.9298,6.6412,5.6958,1.3723,1.0999,0.8192,3.3667,1.2374,1.0809,1.0484,4.7254,1.8507,1.5437,1.3311,0.699,0.7426,0.7132,0.6157,49.9,898.62,651.38,1,1,2025-10-01 11:14:50,17.3,77.2,,1,0,,0
2025-10-01 11:15:20,600.76,3.3362,236.46,6.905,20.7151,236.7,236.63,236.07,409.36,408.49,410.84,409.52,8.1074,6.9016,5.7061,1.371,1.1525,0.8126,3.5676,1.3387,1.1552,1.0738,4.8992,1.919,1.6331,1.347,0.683,0.7154,0.7062,0.6034,49.9,898.68,651.42,1,1,2025-10-01 11:15:50,17.3,77.3,,1,0,,0
2025-10-01 11:16:05,600.8,3.35,238.5,7.0056,21.0168,238.7,238.83,237.99,413.26,412.23,413.8,413.15,8.209,7.0159,5.7919,1.3733,1.1634,0.8133,3.7085,1.3929,1.2034,1.1122,5.0135,1.9595,1.6756,1.3784,0.6703,0.702,0.695,0.5902,49.9,898.74,651.47,1,1,2025-10-01 11:16:50,17.3,77.1,,1,0,,0
2025-10-01 11:16:50,600.84,3.3265,235.86,6.8945,20.683699999999998,235.74,235.73,236.11,407.99,407.48,410.07,403.48,8.0814,6.8335,5.7688,1.376,1.1289,0.8216,3.5461,1.3132,1.1469,1.0859,4.878,1.9051,1.6109,1.3621,0.6841,0.7234,0.7015,0.6033,49.9,898.81,651.51,1,1,2025-10-01 11:16:50,17.3,77.1,,1,0,,0
2025-10-01 11:17:35,600.88,3.3813,242.25,7.1952,21.5856,241.94,242.17,242.64,418.87,418.74,421.13,419.59,8.3742,7.1562,6.0552,1.3926,1.156,0.8326,3.9653,1.4667,1.2884,1.2102,5.2283,2.0261,1.733,1.4692,0.6488,0.6885,0.6678,0.5667,49.9,898.87,651.56,1,1,2025-10-01 11:17:50,17.3,77.2,,1,0,,0
2025-10-01 11:18:20,600.92,3.3577,239.18,7.0549,21.1648,239.19,238.65,239.7,412.87,413.97,415.95,414.2,8.2552,6.9472,5.9624,1.3981,1.1314,0.8282,3.763,1.3893,1.2095,1.1642,5.0617,1.9746,1.6579,1.4292,0.6657,0.7093,0.6831,0.5796,49.9,898.93,651.6,1,1,2025-10-01 11:18:50,17.3,77,,1,0,,0
2025-10-01 11:19:05,600.97,3.3352,237.09,6.9472,20.841700000000003,237.03,236.92,237.34,409.9,409.99,412.08,409.44,8.1493,6.8776,5.8148,1.3819,1.1333,0.82,3.6234,1.3455,1.1684,1.1096,4.9412,1.9316,1.6294,1.3801,0.6772,0.7164,0.6962,0.5943,49.9,898.99,651.65,1,1,2025-10-01 11:19:50,17.3,77,,1,0,,0
2025-10-01 11:19:50,601.01,3.3946,242.52,7.2384,21.7153,243.03,242.57,241.97,419.85,419.18,421.14,420.08,8.54,7.2011,5.9742,1.4074,1.1857,0.8015,4.0024,1.5202,1.2801,1.2021,5.2678,2.0755,1.7468,1.4456,0.6468,0.6793,0.6795,0.5547,49.9,899.06,651.7,1,1,2025-10-01 11:19:50,17.3,77,,1,0,,0
2025-10-01 11:20:35,601.05,3.3203,238.32,6.9792,20.9376,237.5,238.61,238.86,411.71,412.52,414.11,412.82,8.0972,6.962,5.8784,1.3577,1.1285,0.8341,3.7034,1.3575,1.2167,1.1292,4.9884,1.9231,1.6612,1.4041,0.6675,0.7071,0.68,0.5941,49.9,899.12,651.74,1,1,2025-10-01 11:20:50,17.3,77.1,,1,0,,0
2025-10-01 11:21:20,601.09,3.3169,236.5,6.918,20.754199999999997,236.69,235.84,236.98,408.96,408.03,411.88,409.39,8.1726,6.7683,5.8133,1.3945,1.115,0.8073,3.5921,1.3361,1.1402,1.1158,4.9082,1.9344,1.5962,1.3776,0.6783,0.722,0.6991,0.5862,49.9,899.18,651.79,1,1,2025-10-01 11:21:50,17.3,77.3,,1,0,,0
2025-10-01 11:22:05,601.13,3.3681,239.32,7.0605,21.1817,238.99,239.43,239.56,413.79,413.48,416.27,414.61,8.274,6.9996,5.9081,1.3911,1.1509,0.8262,3.7654,1.4007,1.216,1.1486,5.0687,1.9774,1.6759,1.4153,0.6666,0.7046,0.6873,0.5839,49.9,899.24,651.84,1,1,2025-10-01 11:22:50,17.3,77.3,,1,0,,0
2025-10-01 11:22:50,601.17,3.3141,233.34,6.8049,20.4147,233.84,232.3,233.9,403.26,402.44,406.78,404.07,8.0927,6.6113,5.7107,1.4034,1.1043,0.8063,3.3945,1.2649,1.0652,1.0643,4.7639,1.8924,1.5358,1.3357,0.6985,0.7428,0.7197,0.6038,49.9,899.3,651.88,1,1,2025-10-01 11:22:50,17.3,77.3,,1,0,,0
2025-10-01 11:23:35,601.22,3.3416,236.8,6.9419,20.8257,236.68,236.56,237.18,409.16,409.39,411.9,410.13,8.1716,6.8474,5.8067,1.3892,1.1339,0.8185,3.6024,1.341,1.1546,1.1069,4.9311,1.9341,1.6198,1.3772,0.68,0.7194,0.7006,0.5945,49.9,899.37,651.93,1,1,2025-10-01 11:23:50,17.3,77.9,,1,0,,0
2025-10-01 11:24:20,601.26,3.374,239.39,7.0693,21.207900000000002,238.75,240.34,239.1,414.58,413.8,415.52,414.67,8.2386,7.1406,5.8287,1.3641,1.1808,0.8291,3.775,1.4128,1.2427,1.1195,5.0768,1.967,1.7162,1.3936,0.6664,0.6946,0.6888,0.5951,49.9,899.43,651.98,1,1,2025-10-01 11:24:50,17.3,77.6,,1,0,,0
2025-10-01 11:25:05,601.3,3.3157,231.96,6.7549,20.2649,232.22,230.91,232.75,400.57,400.91,403.8,401.87,7.9364,6.6046,5.7239,1.3869,1.0968,0.832,3.3065,1.2093,1.0574,1.0398,4.7003,1.843,1.5251,1.3322,0.708,0.7537,0.7199,0.6247,49.9,899.49,652.02,1,1,2025-10-01 11:25:50,17.3,77.6,,1,0,,0
2025-10-01 11:25:50,601.34,3.4176,242.75,7.2473,21.7419,243.12,243.03,242.11,420.33,419.58,421.46,420.43,8.4755,7.2665,5.9999,1.3992,1.1957,0.8226,4.0009,1.5077,1.2968,1.1965,5.2792,2.0606,1.766,1.4526,0.6494,0.6802,0.6778,0.5665,49.9,899.56,652.07,1,1,2025-10-01 11:25:50,17.3,77.6,,1,0,,0
2025-10-01 11:26:35,601.39,3.4006,238.83,7.0498,21.1494,238.53,238.76,239.21,413.59,412.99,414.42,413.72,8.1834,7.01,5.956,1.3938,1.1514,0.8554,3.7128,1.3619,1.2122,1.1388,5.0504,1.952,1.6737,1.4247,0.6754,0.7152,0.6886,0.6005,49.9,899.62,652.11,1,1,2025-10-01 11:26:50,17.3,77.6,,1,0,,0
2025-10-01 11:27:20,601.43,3.3755,236.68,6.9548,20.864600000000003,237.47,236.78,235.81,409.68,408.63,411.52,409.85,8.1956,6.9473,5.7217,1.3901,1.1721,0.8134,3.5867,1.3582,1.1524,1.0761,4.9404,1.9462,1.645,1.3492,0.6853,0.7152,0.713,0.6029,49.9,899.68,652.16,1,1,2025-10-01 11:27:50,17.3,77.6,,1,0,,0
2025-10-01 11:28:05,601.47,3.4138,242.38,7.2178,21.6536,241.97,242.61,242.57,419.09,419.49,420.86,419.84,8.3378,7.2385,6.0773,1.3881,1.1716,0.8541,3.9667,1.4595,1.3058,1.2014,5.2478,2.0175,1.7561,1.4742,0.6523,0.6891,0.6678,0.5794,50,899.74,652.2,1,1,2025-10-01 11:28:50,17.3,77.5,,1,0,,0
2025-10-01 11:28:50,601.51,3.3553,238.97,7.0133,21.04,237.77,239.67,239.49,412.68,414.31,414.74,413.85,8.0499,7.0758,5.9143,1.3485,1.1468,0.86,3.7257,1.3538,1.2469,1.125,5.0263,1.914,1.6959,1.4164,0.6692,0.7057,0.6769,0.6073,49.9,899.81,652.25,1,1,2025-10-01 11:28:50,17.3,77.5,,1,0,,0
2025-10-01 11:29:35,601.55,3.3398,236.45,6.9055,20.716500000000003,235.86,237.37,236.14,409.27,408.75,410.6,409.35,8.0241,6.9645,5.7279,1.3499,1.1566,0.8333,3.5662,1.3225,1.1791,1.0647,4.8983,1.8926,1.6532,1.3526,0.6835,0.7143,0.7002,0.6163,49.9,899.87,652.29,1,1,2025-10-01 11:29:50,17.3,77.6,,1,0,,0
2025-10-01 11:30:20,601.6,3.3671,238.68,7.0226,21.0679,238.4,238.57,239.09,411.88,412.81,415.53,413.38,8.1496,6.9847,5.9336,1.3819,1.1397,0.8455,3.7138,1.3616,1.2134,1.1389,5.0279,1.9429,1.6663,1.4187,0.6716,0.7123,0.6846,0.596,49.9,899.93,652.34,1,1,2025-10-01 11:30:50,17.3,77.7,,1,0,,0
2025-10-01 11:31:05,601.64,3.3156,232.53,6.7528,20.2585,232.37,232.31,232.93,401.38,402.6,404.29,402.78,7.8685,6.7058,5.6842,1.3614,1.1145,0.8398,3.3264,1.2167,1.0866,1.0232,4.7102,1.8284,1.5578,1.324,0.7059,0.7456,0.716,0.6344,50,899.99,652.39,1,1,2025-10-01 11:31:50,17.3,77.4,,1,0,,0
2025-10-01 11:31:50,601.68,3.3636,237.83,6.9848,20.9546,236.91,238.94,237.64,411.36,411.61,412.79,411.96,8.1359,7.0221,5.7966,1.3624,1.1654,0.8357,3.6578,1.359,1.2046,1.0943,4.9828,1.9275,1.6779,1.3775,0.6768,0.708,0.6953,0.6069,49.9,900.05,652.43,1,1,2025-10-01 11:31:50,17.3,77.4,,1,0,,0
2025-10-01 11:32:35,601.72,3.3779,238.99,7.042,21.126,239.53,238.72,238.74,413.32,412.78,415.74,413.86,8.3336,6.9534,5.839,1.4102,1.1605,0.8072,3.7284,1.4081,1.1845,1.1359,5.0501,1.9961,1.6599,1.394,0.6714,0.7076,0.6998,0.5792,49.9,900.12,652.48,1,1,2025-10-01 11:32:50,17.3,77.1,,1,0,,0
2025-10-01 11:33:20,601.76,3.3511,237.28,6.9491,20.8474,236.44,236.05,239.36,408.43,410.81,413.71,408.77,8.0796,6.754,6.0138,1.4038,1.0865,0.8607,3.6064,1.29,1.1637,1.1528,4.9441,1.9103,1.5943,1.4395,0.6807,0.7363,0.6824,0.5982,49.9,900.18,652.52,1,1,2025-10-01 11:33:50,17.3,77.2,,1,0,,0
2025-10-01 11:34:05,601.8,3.4146,242.73,7.2433,21.7301,242.61,241.98,243.61,419.04,419.54,422.68,420.41,8.4716,7.1193,6.1392,1.4256,1.1504,0.8385,3.993,1.4753,1.2798,1.2379,5.2736,2.0553,1.7227,1.4956,0.6499,0.6949,0.6685,0.5608,50,900.24,652.57,1,1,2025-10-01 11:34:50,17.3,77.3,,1,0,,0
2025-10-01 11:34:50,601.85,3.3361,239.18,7.0064,21.019199999999998,238.59,239.87,239.09,413.89,413.75,415.16,414.25,8.1412,7.0662,5.8118,1.3519,1.1594,0.8248,3.742,1.39,1.2342,1.1177,5.0269,1.9424,1.695,1.3895,0.6654,0.6972,0.6846,0.5937,49.9,900.31,652.62,1,1,2025-10-01 11:34:50,17.3,77.3,,1,0,,0
2025-10-01 11:35:35,601.89,3.3396,236.43,6.9104,20.7312,236.66,236.42,236.22,409.06,408.53,410.93,409.58,8.1317,6.8796,5.7199,1.3786,1.149,0.812,3.5654,1.3378,1.1487,1.079,4.9021,1.9244,1.6265,1.3512,0.6836,0.7176,0.7072,0.6012,49.9,900.37,652.66,1,1,2025-10-01 11:35:50,17.3,77.5,,1,0,,0
2025-10-01 11:36:20,601.93,3.4024,242.42,7.1992,21.5976,242.12,242.33,242.81,419.34,418.63,421.64,419.78,8.3907,7.1578,6.0491,1.4019,1.1637,0.8369,3.9557,1.4656,1.2836,1.2065,5.2349,2.0316,1.7345,1.4688,0.6521,0.6912,0.6716,0.5699,50,900.43,652.71,1,1,2025-10-01 11:36:50,17.3,77.8,,1,0,,0
2025-10-01 11:37:05,601.97,3.3461,239.17,7.0148,21.0444,238.97,239.39,239.16,413.56,413.52,415.67,414.15,8.2042,7.0046,5.8356,1.3747,1.1525,0.8188,3.7379,1.3931,1.2155,1.1293,5.033,1.9606,1.6768,1.3956,0.6669,0.7023,0.688,0.587,49.9,900.49,652.75,1,1,2025-10-01 11:37:50,17.3,78,,1,0,,0
2025-10-01 11:37:50,602.02,3.3482,236.43,6.9126,20.738,236.14,236.71,236.45,408.71,408.86,410.94,409.56,8.0836,6.9032,5.7512,1.3713,1.149,0.8279,3.5625,1.324,1.16,1.0785,4.9028,1.9089,1.6341,1.3599,0.6848,0.7194,0.7037,0.6089,50,900.55,652.8,1,1,2025-10-01 11:37:50,17.3,78,,1,0,,0
2025-10-01 11:38:35,602.06,3.363,238.95,7.024,21.0721,238.9,238.74,239.21,412.85,413.12,415.63,413.83,8.2048,6.964,5.9033,1.3891,1.1425,0.8314,3.7249,1.3783,1.2057,1.141,5.0348,1.9601,1.6626,1.4121,0.6701,0.7098,0.6878,0.5888,49.9,900.61,652.84,1,1,2025-10-01 11:38:50,17.3,78.3,,1,0,,0
2025-10-01 11:39:20,602.1,3.2957,232.96,6.7546,20.264,233.11,232.79,232.99,402.73,402.6,405.16,403.49,7.9126,6.7189,5.6325,1.3573,1.1187,0.8197,3.3606,1.245,1.0912,1.0244,4.7209,1.8445,1.5641,1.3123,0.7001,0.7369,0.7158,0.6247,49.9,900.68,652.89,1,1,2025-10-01 11:39:50,17.3,78.6,,1,0,,0
2025-10-01 11:40:05,602.14,3.3506,236.37,6.925,20.7751,236.08,236.74,236.3,408.8,408.64,410.76,409.28,8.0478,6.96,5.7673,1.3604,1.1525,0.8376,3.5714,1.3219,1.1752,1.0743,4.9104,1.8999,1.6477,1.3628,0.6841,0.7171,0.7001,0.6148,49.9,900.74,652.93,1,1,2025-10-01 11:40:50,17.3,78.9,,1,0,,0
2025-10-01 11:40:50,602.18,3.3814,239.06,7.0422,21.1266,239.27,239.15,238.77,413.16,413.27,415.74,413.99,8.2452,7.0115,5.8699,1.3919,1.1627,0.8269,3.7305,1.3936,1.2059,1.131,5.0512,1.9728,1.6768,1.4016,0.6715,0.7066,0.694,0.5901,49.9,900.8,652.98,1,1,2025-10-01 11:40:50,17.3,78.9,,1,0,,0
2025-10-01 11:41:35,602.23,3.356,236.8,6.9355,20.8067,235.91,238.43,236.06,410.06,409.95,410.4,409.96,8.0007,7.0951,5.7109,1.3308,1.181,0.8442,3.5946,1.3348,1.2091,1.0507,4.9272,1.8874,1.6917,1.3481,0.6824,0.706,0.6987,0.6263,49.9,900.87,653.03,1,1,2025-10-01 11:41:50,17.3,79,,1,0,,0
2025-10-01 11:42:20,602.27,3.4043,242.69,7.2307,21.6922,242.58,243.72,241.78,420.24,419.62,421.18,420.22,8.413,7.3051,5.9741,1.3763,1.2,0.8281,3.9989,1.5025,1.3132,1.1832,5.2656,2.0408,1.7804,1.4444,0.6482,0.6754,0.6745,0.5734,49.9,900.93,653.07,1,1,2025-10-01 11:42:50,17.3,78.6,,1,0,,0
2025-10-01 11:43:05,602.31,3.365,239.13,7.0516,21.154899999999998,238.79,239.16,239.45,412.79,413.81,415.95,414.22,8.1648,7.046,5.9441,1.3737,1.1458,0.8455,3.7561,1.3789,1.2331,1.1441,5.0581,1.9497,1.6851,1.4233,0.6672,0.7057,0.6807,0.5943,49.9,900.99,653.12,1,1,2025-10-01 11:43:50,17.3,78.2,,1,0,,0
2025-10-01 11:43:50,602.35,3.3382,236.8,6.928,20.7842,236.02,237.44,236.95,409.41,410.16,410.87,410.09,7.9853,7.0063,5.7926,1.3418,1.1485,0.848,3.6007,1.32,1.2017,1.079,4.9208,1.8847,1.6636,1.3726,0.6798,0.7128,0.6909,0.6179,49.9,901.05,653.17,1,1,2025-10-01 11:43:50,17.3,78.2,,1,0,,0
2025-10-01 11:44:35,602.39,3.417,242.26,7.2333,21.7,242.99,241.82,241.97,419.02,417.86,421.91,419.39,8.4954,7.1614,6.0432,1.4206,1.1757,0.8207,3.9721,1.493,1.2693,1.2098,5.2583,2.0643,1.7318,1.4623,0.6521,0.6893,0.6795,0.5614,49.9,901.12,653.21,1,1,2025-10-01 11:44:50,17.3,77.8,,1,0,,0
2025-10-01 11:45:20,602.43,3.3625,238.64,7.0248,21.0745,238.09,238.62,239.22,412.01,413.17,414.81,413.5,8.1669,7.0077,5.8999,1.377,1.145,0.8404,3.7187,1.3685,1.2164,1.1337,5.028,1.9445,1.6722,1.4114,0.6706,0.7092,0.6854,0.5955,49.9,901.18,653.26,1,1,2025-10-01 11:45:50,17.3,77.5,,1,0,,0
2025-10-01 11:46:05,602.48,3.3485,237.27,6.9613,20.883899999999997,237.35,236.6,237.88,409.96,409.79,413.15,410.98,8.1798,6.8602,5.8439,1.3949,1.1309,0.8226,3.6258,1.345,1.1614,1.1194,4.9547,1.9415,1.6231,1.3901,0.6784,0.7204,0.6977,0.5926,49.9,901.24,653.3,1,1,2025-10-01 11:46:50,17.3,77.4,,1,0,,0
2025-10-01 11:46:50,602.52,3.3534,238.86,7.0283,21.085099999999997,238.73,239.17,238.68,413.43,412.85,414.84,413.7,8.2288,7.0308,5.8255,1.375,1.161,0.8173,3.7363,1.3983,1.2138,1.1242,5.0364,1.9645,1.6816,1.3904,0.6679,0.7011,0.6912,0.588,49.9,901.31,653.35,1,1,2025-10-01 11:46:50,17.3,77.4,,1,0,,0
2025-10-01 11:47:35,602.56,3.3221,233.11,6.7903,20.371000000000002,232.92,233.04,233.37,403.25,402.47,405.52,403.71,7.9664,6.7391,5.6655,1.3691,1.1265,0.8265,3.3723,1.2485,1.0923,1.0315,4.7482,1.8555,1.5705,1.3222,0.7017,0.7389,0.7179,0.6252,49.9,901.36,653.39,1,1,2025-10-01 11:47:50,17.200000000000003,77.2,,1,0,,0
2025-10-01 11:48:20,602.6,3.377,236.15,6.9362,20.8088,235.81,236.44,236.2,409.13,408.38,409.54,409.06,8.1018,6.9312,5.7758,1.3794,1.1579,0.8398,3.5502,1.3178,1.1576,1.0748,4.9135,1.9105,1.6388,1.3642,0.6892,0.723,0.7071,0.6156,49.9,901.43,653.44,1,1,2025-10-01 11:48:50,16.8,77.2,,1,0,,0
2025-10-01 11:49:05,602.65,3.4156,240.11,7.1272,21.3816,239.49,240.54,240.31,415.03,415.11,417.48,415.83,8.3342,7.0857,5.9617,1.4022,1.1705,0.843,3.8101,1.4158,1.2365,1.1578,5.133,1.996,1.7044,1.4327,0.6675,0.7036,0.6874,0.5886,49.9,901.49,653.49,1,1,2025-10-01 11:49:50,16.8,77.2,,1,0,,0
2025-10-01 11:49:50,602.69,3.3369,234.21,6.9215,20.7645,234.14,234.05,234.45,405,404.16,407.81,402.38,8.1095,6.8912,5.7638,1.3914,1.127,0.8185,3.4412,1.2814,1.0995,1.0603,4.863,1.8988,1.6129,1.3513,0.6961,0.7205,0.7026,0.6082,49.9,901.55,653.53,1,1,2025-10-01 11:49:50,16.8,77.2,,1,0,,0
2025-10-01 11:50:35,602.73,3.4046,241.93,7.1857,21.557299999999998,241.34,241.84,242.61,417.64,418.49,420.94,419.07,8.3791,7.1093,6.0689,1.4068,1.1544,0.8433,3.9255,1.4477,1.2714,1.2064,5.2139,2.0222,1.7193,1.4724,0.6551,0.6969,0.6722,0.5729,50,901.61,653.58,1,1,2025-10-01 11:50:50,16.8,77.2,,1,0,,0
2025-10-01 11:51:20,602.77,3.3676,237.13,6.9657,20.8972,237.47,236.67,237.27,410.12,408.67,413.37,410.72,8.2139,6.8725,5.8108,1.4029,1.1454,0.8193,3.612,1.3509,1.1526,1.1085,4.9558,1.9506,1.6265,1.3787,0.6819,0.7203,0.7048,0.5943,50,901.68,653.63,1,1,2025-10-01 11:51:50,16.8,77.4,,1,0,,0
2025-10-01 11:52:05,602.81,3.3698,236.93,6.956,20.868000000000002,236.65,237.31,236.85,409.58,409.46,412.08,410.27,8.1186,6.9566,5.7928,1.3761,1.1568,0.8369,3.5988,1.3364,1.1757,1.0867,4.9442,1.9213,1.6509,1.372,0.6835,0.7173,0.7013,0.6101,49.9,901.74,653.67,1,1,2025-10-01 11:52:50,16.8,77.4,,1,0,,0
2025-10-01 11:52:50,602.86,3.4165,242.39,7.2166,21.6498,242.3,242.73,242.15,419.69,418.07,421.7,419.84,8.4173,7.2274,6.0051,1.3969,1.1855,0.8341,3.9614,1.4807,1.2903,1.1904,5.248,2.0395,1.7543,1.4541,0.6531,0.6862,0.6765,0.5738,49.9,901.8,653.72,1,1,2025-10-01 11:52:50,16.8,77.4,,1,0,,0
2025-10-01 11:53:35,602.9,3.3866,239.44,7.0712,21.2136,239.75,238.77,239.81,413.82,412.85,417.48,414.75,8.3001,6.9647,5.9488,1.4121,1.145,0.8295,3.7608,1.3974,1.2034,1.16,5.0795,1.9899,1.663,1.4266,0.6691,0.7107,0.6893,0.5816,50,901.87,653.76,1,1,2025-10-01 11:53:50,16.8,77.4,,1,0,,0
2025-10-01 11:54:20,602.94,3.3486,236.54,6.9245,20.7735,236.8,236.52,236.3,408.91,408.8,411.36,409.65,8.1194,6.9201,5.734,1.3759,1.1536,0.8191,3.5769,1.3389,1.1591,1.079,4.9144,1.9227,1.6367,1.3549,0.6834,0.7166,0.7054,0.6046,49.9,901.92,653.8,1,1,2025-10-01 11:54:50,16.8,77.7,,1,0,,0
2025-10-01 11:55:05,602.98,3.3671,238.67,7.0074,21.0222,237.84,239.36,238.83,412.5,412.6,415.05,413.38,8.091,7.072,5.8592,1.3574,1.1592,0.8505,3.7018,1.3599,1.2311,1.1107,5.0165,1.9244,1.6928,1.3994,0.6728,0.7064,0.6855,0.6079,50,901.99,653.85,1,1,2025-10-01 11:55:50,16.8,77.6,,1,0,,0
2025-10-01 11:55:50,603.03,3.3024,232.16,6.7294,20.188200000000002,232.76,232.33,231.39,402,400.38,403.92,402.09,7.9374,6.7415,5.5093,1.3566,1.1438,0.802,3.3083,1.2503,1.0678,0.9902,4.6886,1.8475,1.5663,1.2748,0.7064,0.7353,0.7309,0.6294,50,902.05,653.9,1,1,2025-10-01 11:55:50,16.8,77.6,,1,0,,0
2025-10-01 11:56:35,603.07,3.3276,236.7,6.9093,20.7281,237.17,236.58,236.37,409.43,408.62,411.89,409.97,8.1301,6.8816,5.7164,1.3754,1.1459,0.8063,3.5856,1.3473,1.1544,1.0839,4.9075,1.9282,1.628,1.3512,0.6802,0.7143,0.7044,0.5968,50,902.11,653.94,1,1,2025-10-01 11:56:50,16.8,77.6,,1,0,,0
2025-10-01 11:57:20,603.11,3.3525,238.37,6.9986,20.9959,239.35,237.93,237.84,412.63,410.7,415.27,412.86,8.3321,6.9027,5.7611,1.4077,1.1578,0.787,3.6915,1.408,1.1626,1.1209,5.0069,1.9943,1.6424,1.3702,0.6722,0.707,0.7056,0.5746,50,902.18,653.99,1,1,2025-10-01 11:57:50,16.8,78,,1,0,,0
2025-10-01 11:58:05,603.15,3.3526,237.15,6.9354,20.8064,236.02,238.68,236.76,410.04,410.47,411.72,410.7,7.9932,7.1068,5.7064,1.3278,1.1803,0.8445,3.6071,1.3365,1.2163,1.0543,4.9339,1.8866,1.6963,1.351,0.6807,0.7047,0.6964,0.6251,50,902.24,654.04,1,1,2025-10-01 11:58:50,16.8,77.9,,1,0,,0
2025-10-01 11:58:50,603.19,3.4078,242.57,7.2137,21.6413,241.81,243.94,241.96,420.1,419.26,421.02,420.21,8.3979,7.3195,5.9239,1.3704,1.2085,0.8288,3.9756,1.4945,1.312,1.169,5.2496,2.0307,1.7855,1.4333,0.6508,0.6758,0.6775,0.5783,49.9,902.3,654.08,1,1,2025-10-01 11:58:50,16.8,77.9,,1,0,,0
2025-10-01 11:59:35,603.23,3.3847,239.23,7.0574,21.1724,239.41,239.04,239.26,413.43,412.79,416.85,414.41,8.3147,6.9829,5.8748,1.4062,1.1599,0.8186,3.7447,1.4045,1.1981,1.1421,5.0654,1.9906,1.6692,1.4056,0.6705,0.7075,0.6955,0.5825,49.9,902.36,654.13,1,1,2025-10-01 11:59:50,16.8,77.9,,1,0,,0
2025-10-01 12:00:20,603.28,3.3428,236.42,6.9086,20.7258,236.28,235.94,237.05,408.13,408.39,411.94,409.61,8.1181,6.7895,5.8182,1.3935,1.1225,0.8269,3.5579,1.3139,1.1406,1.1034,4.8993,1.9181,1.6019,1.3792,0.6847,0.7275,0.7014,0.5996,50,902.42,654.17,1,1,2025-10-01 12:00:50,16.8,77.8,,1,0,,0
2025-10-01 12:01:05,603.32,3.4239,243.56,7.2595,21.7787,242.8,244.47,243.43,420.9,421.35,423.31,421.63,8.457,7.3339,5.9878,1.3849,1.2044,0.8347,4.0318,1.5116,1.3257,1.1945,5.3039,2.0534,1.7929,1.4576,0.6473,0.6755,0.6724,0.5727,50,902.49,654.22,1,1,2025-10-01 12:01:50,16.8,77.8,,1,0,,0
2025-10-01 12:01:50,603.36,3.3907,239.08,7.0465,21.1395,238.44,239.75,239.06,413.44,412.51,416.3,414.11,8.2232,7.0784,5.8379,1.3785,1.1756,0.8366,3.7283,1.3904,1.2215,1.1165,5.0534,1.9607,1.697,1.3956,0.6728,0.704,0.6934,0.5996,50,902.55,654.26,1,1,2025-10-01 12:01:50,16.8,77.8,,1,0,,0
2025-10-01 12:02:35,603.4,3.3673,236.78,6.9359,20.8079,236.84,237.35,236.17,410.1,408.37,411.86,410.07,8.1714,6.9729,5.6636,1.3759,1.1786,0.8128,3.5793,1.3573,1.1601,1.0619,4.9279,1.9353,1.655,1.3376,0.6852,0.7119,0.7126,0.6077,50,902.61,654.31,1,1,2025-10-01 12:02:50,16.8,77.9,,1,0,,0
2025-10-01 12:03:20,603.45,3.3809,238.64,7.0227,21.0682,238.38,238.44,239.11,412.05,412.35,415.59,413.41,8.2372,6.9637,5.8673,1.3976,1.1528,0.8305,3.6977,1.3748,1.1928,1.1302,5.0269,1.9636,1.6604,1.4029,0.6747,0.7128,0.6949,0.5921,50,902.68,654.36,1,1,2025-10-01 12:03:50,16.8,77.8,,1,0,,0
2025-10-01 12:04:05,603.49,3.3225,233.24,6.7875,20.3626,233.25,232.75,233.74,402.73,402.8,406.42,403.98,8.0101,6.7029,5.6496,1.3811,1.1239,0.8175,3.3703,1.2542,1.0798,1.0364,4.749,1.8684,1.5601,1.3205,0.702,0.7402,0.7211,0.6193,50,902.73,654.4,1,1,2025-10-01 12:04:50,16.8,77.6,,1,0,,0
2025-10-01 12:04:50,603.53,3.3939,237.48,7.0071,21.0214,238.45,237.95,236.06,411.66,408.94,413.37,411.42,8.3689,7.0145,5.638,1.4031,1.2051,0.7856,3.6429,1.4156,1.1531,1.0741,4.9956,1.9956,1.6691,1.3309,0.6816,0.7039,0.7225,0.5903,49.9,902.8,654.45,1,1,2025-10-01 12:04:50,16.8,77.6,,1,0,,0
2025-10-01 12:05:35,603.57,3.4048,238.81,7.0543,21.163,238.38,239.39,238.68,413.35,412.38,415.15,413.46,8.2429,7.0898,5.8303,1.3844,1.1829,0.8375,3.7159,1.3903,1.2149,1.1108,5.0537,1.9649,1.6972,1.3916,0.6755,0.7056,0.6976,0.602,49.9,902.86,654.49,1,1,2025-10-01 12:05:50,16.8,77.6,,1,0,,0
2025-10-01 12:06:20,603.61,3.3887,236.37,6.9488,20.846600000000002,236.44,235.74,236.94,408.1,408.36,411.75,405.12,8.172,6.8456,5.829,1.4103,1.1414,0.8369,3.5528,1.3163,1.1384,1.0981,4.9271,1.9322,1.6138,1.3811,0.6901,0.731,0.708,0.6061,50,902.92,654.54,1,1,2025-10-01 12:06:50,16.8,77.7,,1,0,,0
2025-10-01 12:07:05,603.66,3.4564,241.98,7.2194,21.6584,241.33,241.86,242.75,417.71,418.24,421.38,419.09,8.3865,7.1738,6.0981,1.4179,1.1728,0.8658,3.915,1.4392,1.2758,1.2,5.2393,2.0239,1.7351,1.4803,0.6618,0.7017,0.6767,0.5851,50,902.99,654.58,1,1,2025-10-01 12:07:50,16.8,77.6,,1,0,,0
2025-10-01 12:07:50,603.7,3.4252,238.9,7.0647,21.194300000000002,237.92,239.54,239.26,412.84,412.86,415.64,413.73,8.1887,7.1098,5.8958,1.383,1.1791,0.8631,3.709,1.3678,1.2263,1.115,5.062,1.9483,1.7031,1.4106,0.6784,0.7109,0.6931,0.6123,50,903.05,654.63,1,1,2025-10-01 12:07:50,16.8,77.6,,1,0,,0
2025-10-01 12:08:35,603.74,3.3493,236.18,6.9091,20.7273,235.8,236.57,236.19,408.41,407.92,410.89,409.56,8.0643,6.8987,5.7643,1.3624,1.1532,0.8336,3.5532,1.3194,1.1666,1.0671,4.8951,1.9016,1.632,1.3615,0.6859,0.7219,0.7022,0.611,50,903.11,654.67,1,1,2025-10-01 12:08:50,16.8,77.8,,1,0,,0
2025-10-01 12:09:20,603.78,3.451,243.63,7.2953,21.8859,243.31,243.86,243.73,421.02,421.02,423.87,422,8.4873,7.2913,6.1073,1.4089,1.1933,0.8488,4.0554,1.508,1.3234,1.2241,5.3316,2.065,1.7781,1.4885,0.648,0.684,0.67,0.5699,50,903.17,654.72,1,1,2025-10-01 12:09:50,16.8,78.1,,1,0,,0
2025-10-01 12:10:05,603.83,3.3739,236.02,6.8006,20.401799999999998,235.8,236.29,235.99,407.7,408.48,410.22,408.8,7.9459,6.8441,5.6118,1.3706,1.1611,0.8423,3.5269,1.3098,1.1551,1.062,4.8152,1.8736,1.6172,1.3243,0.6912,0.736,0.7263,0.6397,50,903.24,654.77,1,1,2025-10-01 12:10:50,16.8,77.8,,1,0,,0
2025-10-01 12:10:50,603.87,3.3916,237.44,6.9875,20.9627,237.49,237.67,237.18,410.82,409.51,413.42,411.25,8.1792,6.9928,5.7907,1.3872,1.1704,0.834,3.6247,1.3559,1.1779,1.0909,4.9779,1.9425,1.662,1.3734,0.6832,0.7151,0.7048,0.6073,50,903.3,654.81,1,1,2025-10-01 12:10:50,16.8,77.8,,1,0,,0
2025-10-01 12:11:35,603.91,3.4163,238.9,7.0689,21.206799999999998,239.46,238.97,238.28,413.38,412.18,415.77,413.85,8.3319,7.0514,5.8235,1.4082,1.1877,0.8204,3.7206,1.409,1.193,1.1186,5.0679,1.9952,1.6851,1.3876,0.6763,0.7068,0.7055,0.5914,50,903.36,654.86,1,1,2025-10-01 12:11:50,16.8,77.8,,1,0,,0
2025-10-01 12:12:20,603.95,3.3706,234.06,6.8604,20.5813,234.6,233.18,234.4,403.89,404.3,408,406.36,8.1469,6.7144,5.72,1.4158,1.1343,0.8205,3.4164,1.2796,1.0769,1.0599,4.8177,1.9113,1.5657,1.3408,0.7023,0.7419,0.7252,0.6121,50,903.43,654.91,1,1,2025-10-01 12:12:50,16.8,77.7,,1,0,,0
2025-10-01 12:13:05,603.99,3.3621,236.57,6.9316,20.795,236.17,236.63,236.91,408.81,408.59,411.81,409.65,8.1212,6.8932,5.7806,1.3827,1.1463,0.8331,3.5688,1.3247,1.1578,1.0863,4.9186,1.918,1.6311,1.3695,0.6857,0.7221,0.7035,0.6085,49.9,903.49,654.95,1,1,2025-10-01 12:13:50,16.8,77.6,,1,0,,0
2025-10-01 12:13:50,604.04,3.408,239.18,7.0694,21.208399999999997,238.77,239.85,238.94,413.37,413.6,415.84,414.21,8.2719,7.1034,5.8331,1.3866,1.1863,0.8351,3.7379,1.4023,1.2204,1.1152,5.0726,1.9751,1.7038,1.3938,0.6737,0.7031,0.697,0.5994,50,903.55,655,1,1,2025-10-01 12:13:50,16.8,77.6,,1,0,,0
2025-10-01 12:14:35,604.08,3.3687,236.3,6.9265,20.7796,236.36,236.25,236.29,408.74,407.19,411.87,409.04,8.167,6.8713,5.7413,1.3934,1.1537,0.8215,3.5509,1.3319,1.1399,1.0792,4.9103,1.9304,1.6233,1.3566,0.6882,0.7228,0.7113,0.6057,50,903.61,655.04,1,1,2025-10-01 12:14:50,16.8,77.6,,1,0,,0
2025-10-01 12:15:20,604.12,3.4333,243.54,7.2822,21.8468,243.57,244.08,242.98,421.62,420.41,423.41,421.82,8.5495,7.3007,5.9966,1.4061,1.2075,0.8197,4.0432,1.5313,1.308,1.204,5.3214,2.0824,1.782,1.4571,0.6472,0.6763,0.6783,0.5627,49.9,903.67,655.09,1,1,2025-10-01 12:15:50,16.8,77.7,,1,0,,0
2025-10-01 12:16:05,604.17,3.3794,239.08,7.0315,21.0946,239.17,239.15,238.93,413.32,413.35,415.62,414.09,8.2768,6.999,5.8188,1.3952,1.1673,0.817,3.7219,1.3998,1.1975,1.1245,5.0437,1.9796,1.6738,1.3903,0.6722,0.7059,0.698,0.5877,50,903.74,655.13,1,1,2025-10-01 12:16:50,16.8,77.4,,1,0,,0
2025-10-01 12:16:50,604.21,3.3775,237.81,6.9765,20.9295,236.42,238.66,238.36,410.58,412.08,413.02,411.85,8.0709,7.0339,5.8247,1.36,1.1611,0.8563,3.6367,1.3342,1.21,1.0924,4.9752,1.9081,1.6787,1.3884,0.6805,0.7138,0.6923,0.6169,50,903.8,655.18,1,1,2025-10-01 12:16:50,16.8,77.4,,1,0,,0
2025-10-01 12:17:35,604.25,3.4326,242.18,7.214,21.642,242.26,242.51,241.79,419.1,418.12,421.18,419.47,8.5048,7.2022,5.935,1.4138,1.2019,0.8169,3.9376,1.4939,1.2647,1.179,5.242,2.0604,1.7466,1.435,0.6571,0.6873,0.6888,0.5695,50,903.86,655.22,1,1,2025-10-01 12:17:50,16.8,77.2,,1,0,,0
2025-10-01 12:18:20,604.29,3.346,234.13,6.8264,20.479200000000002,234.18,234.13,234.08,405.02,403.46,408.04,413.84,8.0609,6.7724,5.6459,1.3819,1.1455,0.8186,3.4126,1.2815,1.0941,1.0369,4.7949,1.8877,1.5856,1.3216,0.7001,0.7332,0.7231,0.6196,50,903.93,655.27,1,1,2025-10-01 12:18:50,16.8,77.1,,1,0,,0
2025-10-01 12:19:05,604.34,3.3732,236.42,6.9336,20.8009,236.8,236.17,236.29,408.96,407.39,412.08,409.47,8.1802,6.8725,5.7482,1.3986,1.1551,0.8195,3.557,1.3363,1.138,1.0826,4.9184,1.9371,1.6231,1.3582,0.6881,0.723,0.7123,0.6035,50,903.99,655.32,1,1,2025-10-01 12:19:50,16.8,76.9,,1,0,,0
2025-10-01 12:19:50,604.38,3.3908,238.64,7.0299,21.0898,238.81,238.92,238.19,412.81,412.03,415.13,413.36,8.2424,7.0456,5.8018,1.3878,1.178,0.8249,3.7004,1.3918,1.2003,1.1082,5.0336,1.9684,1.6833,1.3819,0.6755,0.706,0.7004,0.597,50,904.05,655.36,1,1,2025-10-01 12:19:50,16.8,76.9,,1,0,,0
2025-10-01 12:20:35,604.42,3.3101,232.14,6.734,20.2021,231.86,232.45,232.11,401.41,400.7,404.07,402.04,7.8606,6.7576,5.5839,1.3475,1.1338,0.8289,3.3048,1.2237,1.0853,0.9958,4.6894,1.8226,1.5708,1.2961,0.7076,0.7402,0.7223,0.6397,50,904.11,655.41,1,1,2025-10-01 12:20:50,16.8,77.1,,1,0,,0
2025-10-01 12:21:20,604.46,3.3577,236.19,6.9026,20.708,235.63,236.96,235.99,408.51,408.17,410.56,409.05,8.0018,6.9898,5.7164,1.3512,1.1645,0.8421,3.5413,1.3115,1.1761,1.0537,4.8908,1.8855,1.6563,1.349,0.688,0.7175,0.7035,0.6243,50,904.18,655.45,1,1,2025-10-01 12:21:50,16.8,77,,1,0,,0
2025-10-01 12:22:05,604.5,3.3849,238.65,7.019,21.057,238.37,238.91,238.68,412.69,412.51,414.85,413.33,8.1595,7.0443,5.8532,1.378,1.1648,0.842,3.6954,1.3685,1.2125,1.1144,5.025,1.945,1.683,1.397,0.6754,0.7095,0.6927,0.6028,50,904.24,655.5,1,1,2025-10-01 12:22:50,16.8,76.9,,1,0,,0
2025-10-01 12:22:50,604.55,3.3623,237.08,6.9525,20.8577,237.3,236.33,237.62,409.38,409.07,413.44,410.7,8.1461,6.8498,5.8618,1.3993,1.1303,0.8327,3.6023,1.3294,1.1567,1.1162,4.9448,1.9331,1.6188,1.3929,0.6823,0.725,0.6988,0.5979,50,904.3,655.54,1,1,2025-10-01 12:22:50,16.8,76.9,,1,0,,0
2025-10-01 12:23:35,604.59,3.4027,242.29,7.1969,21.5909,241.38,242.52,242.98,418.2,418.76,421.98,419.61,8.3032,7.1874,6.1003,1.3871,1.1565,0.8591,3.9516,1.4424,1.3017,1.2076,5.2296,2.0042,1.7431,1.4823,0.6525,0.6931,0.6641,0.5796,50,904.36,655.59,1,1,2025-10-01 12:23:50,16.8,77,,1,0,,0
2025-10-01 12:24:20,604.63,3.362,238.96,7.0127,21.0382,238.35,238.92,239.62,412.56,413.06,416.03,413.91,8.1737,6.9611,5.9034,1.3842,1.1395,0.8383,3.7142,1.3664,1.2089,1.1389,5.0259,1.9482,1.6631,1.4146,0.671,0.7116,0.6859,0.5928,50,904.42,655.64,1,1,2025-10-01 12:24:50,16.8,77.4,,1,0,,0
2025-10-01 12:25:05,604.67,3.3564,236.31,6.9121,20.7364,236.01,236.86,236.06,408.99,407.64,411.22,409.23,8.1045,6.923,5.7089,1.3714,1.1605,0.8245,3.5517,1.3295,1.1567,1.0655,4.9002,1.9127,1.6398,1.3476,0.6868,0.7179,0.7082,0.6119,50,904.49,655.68,1,1,2025-10-01 12:25:50,16.8,77.3,,1,0,,0
2025-10-01 12:25:50,604.72,3.4146,242.53,7.2139,21.641799999999996,241.99,242.82,242.79,419.26,418.67,422.26,419.98,8.408,7.207,6.0268,1.398,1.1779,0.8388,3.9646,1.474,1.2919,1.1986,5.2479,2.0347,1.75,1.4632,0.6525,0.6881,0.6737,0.5733,50,904.55,655.73,1,1,2025-10-01 12:25:50,16.8,77.3,,1,0,,0
2025-10-01 12:26:35,604.75,3.3533,236.48,6.8954,20.6863,236.3,236.79,236.35,409.03,408.19,411.52,410.9,8.0844,6.9097,5.6922,1.3711,1.1588,0.8234,3.541,1.3256,1.1524,1.0629,4.8918,1.9103,1.6361,1.3454,0.6876,0.7189,0.709,0.6124,50,904.61,655.77,1,1,2025-10-01 12:26:50,16.8,77.1,,1,0,,0
2025-10-01 12:27:20,604.8,3.3428,236.23,6.8978,20.6935,236.56,235.72,236.41,408.33,407.32,411.8,409.11,8.1776,6.7883,5.7276,1.3997,1.1373,0.8059,3.543,1.3315,1.1237,1.0878,4.8887,1.9345,1.6001,1.3541,0.6862,0.7245,0.7113,0.5952,50,904.67,655.82,1,1,2025-10-01 12:27:50,16.8,76.9,,1,0,,0
2025-10-01 12:28:05,604.84,3.3894,238.81,7.0289,21.0869,238.83,238.85,238.77,413.18,411.72,415.97,413.63,8.2743,6.9895,5.8231,1.3999,1.1677,0.8219,3.7026,1.3906,1.191,1.121,5.036,1.9762,1.6694,1.3904,0.6752,0.7094,0.7,0.5912,50,904.74,655.86,1,1,2025-10-01 12:28:50,16.700000000000003,77,,1,0,,0
2025-10-01 12:28:50,604.88,3.3344,233.32,6.7906,20.3718,234.07,232.76,233.13,403.74,401.73,406.86,404.11,8.0852,6.6807,5.6059,1.3979,1.1351,0.8013,3.3649,1.2719,1.061,1.032,4.7544,1.8925,1.555,1.3069,0.7038,0.7396,0.7305,0.6132,50,904.8,655.91,1,1,2025-10-01 12:28:50,16.700000000000003,77,,1,0,,0
2025-10-01 12:29:35,604.92,3.3513,236.9,6.925,20.775,236.98,236.62,237.12,409.09,408.94,412.93,410.24,8.1633,6.8352,5.7765,1.3944,1.1391,0.8178,3.5805,1.3367,1.1457,1.0982,4.9216,1.9345,1.6173,1.3697,0.6833,0.7218,0.705,0.5972,50,904.86,655.95,1,1,2025-10-01 12:29:50,16.700000000000003,76.9,,1,0,,0
2025-10-01 12:30:20,604.97,3.3488,238.22,6.9685,20.9056,238.74,238.27,237.67,412.57,410.66,414.59,412.62,8.2747,6.9173,5.7136,1.3936,1.1634,0.7918,3.6626,1.3954,1.1649,1.1023,4.9816,1.9755,1.6482,1.358,0.6747,0.7066,0.7066,0.5833,50,904.92,656,1,1,2025-10-01 12:30:50,16.700000000000003,77,,1,0,,0
2025-10-01 12:31:05,605.01,3.3454,237.27,6.9146,20.7439,236.24,239.26,236.32,411.15,410.18,411.53,410.85,8.037,7.0896,5.6173,1.3287,1.1922,0.8245,3.5982,1.3531,1.205,1.0402,4.9224,1.8987,1.6963,1.3275,0.6809,0.7006,0.7033,0.6211,50,904.98,656.04,1,1,2025-10-01 12:31:50,16.700000000000003,77.2,,1,0,,0
2025-10-01 12:31:50,605.05,3.4187,242.73,7.2132,21.6396,242.14,243.03,243.02,419.69,418.65,422.86,420.26,8.4362,7.1814,6.022,1.4067,1.1786,0.8333,3.9634,1.4765,1.2845,1.2024,5.2515,2.0427,1.7453,1.4635,0.6531,0.6897,0.6761,0.5696,50,905.05,656.09,1,1,2025-10-01 12:31:50,16.700000000000003,77.2,,1,0,,0
2025-10-01 12:32:35,605.09,3.3764,238.48,7.0056,21.0168,238.1,239.14,238.22,412.62,411.59,414.95,413,8.2155,7.0327,5.7686,1.3779,1.1769,0.8216,3.6857,1.3849,1.1996,1.1013,5.0121,1.9561,1.6818,1.3742,0.6754,0.7053,0.7003,0.5979,50,905.11,656.14,1,1,2025-10-01 12:32:50,16.700000000000003,77.1,,1,0,,0
2025-10-01 12:33:20,605.13,3.3783,237.85,6.9661,20.8983,236,239.14,238.42,410.69,412,413.18,411.98,7.9564,7.0863,5.8556,1.3391,1.1607,0.8785,3.6301,1.3127,1.2326,1.0848,4.9684,1.8777,1.6946,1.3961,0.6812,0.714,0.6855,0.6293,50,905.17,656.18,1,1,2025-10-01 12:33:50,16.700000000000003,77,,1,0,,0
2025-10-01 12:34:05,605.18,3.4557,242.31,7.2396,21.718799999999998,242.72,242.62,241.59,419.26,418.17,421.61,419.59,8.5079,7.2386,5.9723,1.4191,1.2098,0.8269,3.9476,1.4954,1.2705,1.1817,5.2641,2.065,1.7562,1.4428,0.6586,0.6883,0.6895,0.5733,50,905.23,656.23,1,1,2025-10-01 12:34:50,16.700000000000003,77.2,,1,0,,0
2025-10-01 12:34:50,605.22,3.3407,233.41,6.8033,20.409999999999997,233.58,232.74,233.92,402.92,402.86,407.03,404.16,8.0094,6.6833,5.7173,1.3923,1.1186,0.8299,3.3727,1.2457,1.0788,1.0483,4.7637,1.8708,1.5555,1.3374,0.7037,0.7452,0.7197,0.6207,50,905.3,656.28,1,1,2025-10-01 12:34:50,16.700000000000003,77.2,,1,0,,0
2025-10-01 12:35:35,605.26,3.3605,237.19,6.9358,20.8076,236.11,238.34,237.12,410.3,409.98,412.14,410.83,8.01,7.0536,5.744,1.3424,1.1698,0.8482,3.5985,1.3283,1.2051,1.0652,4.9344,1.8912,1.6812,1.362,0.6825,0.7108,0.6965,0.6229,50,905.36,656.32,1,1,2025-10-01 12:35:50,16.700000000000003,77.3,,1,0,,0
2025-10-01 12:36:20,605.3,3.3648,239.01,7.0171,21.0514,239.16,239.71,238.16,414.27,411.88,415.73,414.02,8.2646,7.0631,5.7237,1.3751,1.1861,0.8036,3.7232,1.4161,1.2063,1.1009,5.0328,1.9766,1.6931,1.3632,0.6704,0.6966,0.7011,0.5895,50,905.42,656.36,1,1,2025-10-01 12:36:50,16.700000000000003,77.5,,1,0,,0
2025-10-01 12:37:05,605.35,3.3099,233.73,6.776,20.328,233.05,233.8,234.36,403.32,403.95,407.21,404.69,7.8988,6.737,5.6922,1.3569,1.1157,0.8373,3.388,1.2402,1.1097,1.0381,4.75,1.8408,1.5751,1.334,0.6988,0.7381,0.709,0.6278,50,905.48,656.41,1,1,2025-10-01 12:37:50,16.700000000000003,77.4,,1,0,,0
2025-10-01 12:37:50,605.39,3.3423,236.3,6.8874,20.6622,236.18,236.42,236.3,408.52,407.86,411.43,409.18,8.0887,6.8611,5.7124,1.376,1.1462,0.8201,3.539,1.3214,1.1458,1.0718,4.8823,1.9104,1.6221,1.3498,0.6866,0.7212,0.7072,0.6076,50,905.55,656.46,1,1,2025-10-01 12:37:50,16.700000000000003,77.4,,1,0,,0
2025-10-01 12:38:35,605.43,3.3614,238.11,6.9636,20.890900000000002,237.36,238.29,238.7,411.46,411,414.78,412.45,8.0998,6.9484,5.8427,1.3749,1.1438,0.8428,3.6448,1.3396,1.1947,1.1106,4.973,1.9226,1.6557,1.3947,0.6779,0.7162,0.6915,0.6045,50,905.61,656.5,1,1,2025-10-01 12:38:50,16.700000000000003,77.5,,1,0,,0
2025-10-01 12:39:20,605.47,3.3521,237.35,6.9275,20.782600000000002,236.18,237.73,238.14,409.63,410.54,413.09,411.06,8.0037,6.9502,5.8287,1.3579,1.1389,0.8552,3.5978,1.3108,1.1945,1.0926,4.9306,1.8903,1.6523,1.388,0.6816,0.7194,0.69,0.6163,50,905.67,656.55,1,1,2025-10-01 12:39:50,16.700000000000003,77.6,,1,0,,0
2025-10-01 12:40:05,605.51,3.4113,242.14,7.1832,21.5497,241.44,242.13,242.85,418.25,417.73,422.16,419.45,8.3517,7.1407,6.0573,1.4017,1.1612,0.8484,3.9243,1.4449,1.2783,1.2012,5.2164,2.0164,1.729,1.471,0.656,0.6963,0.6723,0.5769,50,905.73,656.59,1,1,2025-10-01 12:40:50,16.700000000000003,77.5,,1,0,,0
2025-10-01 12:40:50,605.56,3.3792,238.71,7.0142,21.0428,238.48,238.89,238.77,412.53,411.82,415.99,413.37,8.2079,6.9995,5.8354,1.3867,1.162,0.8305,3.6961,1.3775,1.2002,1.1184,5.0228,1.9574,1.6721,1.3933,0.6747,0.7094,0.6955,0.5961,50,905.79,656.64,1,1,2025-10-01 12:40:50,16.700000000000003,77.5,,1,0,,0
2025-10-01 12:41:35,605.6,3.3577,236.88,6.9325,20.7975,236.35,237.7,236.61,409.75,408.84,412.25,410.33,8.1099,6.9868,5.7008,1.3624,1.1701,0.8253,3.5887,1.3451,1.1769,1.0667,4.9264,1.9168,1.6608,1.3489,0.6832,0.7116,0.705,0.6118,50,905.86,656.68,1,1,2025-10-01 12:41:50,16.700000000000003,77.6,,1,0,,0
2025-10-01 12:42:20,605.64,3.3995,242.88,7.2231,21.669400000000003,243.11,242.31,243.23,419.39,419.13,423.5,420.6,8.5203,7.0964,6.0527,1.4271,1.1601,0.8123,3.989,1.4959,1.2663,1.2268,5.2631,2.0714,1.7195,1.4722,0.6486,0.6902,0.6755,0.5521,50,905.92,656.73,1,1,2025-10-01 12:42:50,16.700000000000003,77.6,,1,0,,0
2025-10-01 12:43:05,605.68,3.3131,232.92,6.7555,20.2665,232.65,233.01,233.12,402.49,402.67,405.13,411.59,7.908,6.7399,5.6186,1.3559,1.1303,0.8269,3.3439,1.24,1.0885,1.0155,4.7201,1.8398,1.5705,1.3098,0.7038,0.7379,0.7202,0.6314,50,905.98,656.77,1,1,2025-10-01 12:43:50,16.700000000000003,77.8,,1,0,,0
2025-10-01 12:43:50,605.72,3.3941,238.06,7.0017,21.005100000000002,238.53,239.07,236.6,412.9,410.4,413.68,412.31,8.2804,7.0848,5.6399,1.3812,1.2116,0.8013,3.6567,1.4082,1.1819,1.0666,5.0033,1.9751,1.6938,1.3344,0.6802,0.7002,0.7158,0.6006,50,906.04,656.82,1,1,2025-10-01 12:43:50,16.700000000000003,77.8,,1,0,,0
2025-10-01 12:44:35,605.77,3.3813,238.83,7.0067,21.0202,238.4,239.21,238.9,412.91,412.42,415.66,413.64,8.1964,7.0169,5.8069,1.3826,1.1686,0.8301,3.6909,1.377,1.2028,1.1111,5.0198,1.954,1.6785,1.3873,0.6755,0.7085,0.6968,0.5985,50,906.11,656.87,1,1,2025-10-01 12:44:50,16.700000000000003,77.7,,1,0,,0
2025-10-01 12:45:20,605.81,3.3094,233.02,6.7584,20.2752,233.74,231.65,233.67,402.23,401.47,407.07,403.62,8.0409,6.5481,5.6862,1.4064,1.097,0.806,3.3443,1.2427,1.0457,1.0559,4.725,1.8795,1.5169,1.3287,0.7033,0.7493,0.7238,0.6067,50,906.17,656.91,1,1,2025-10-01 12:45:50,16.700000000000003,77.4,,1,0,,0
2025-10-01 12:46:05,605.85,3.3596,237.81,6.9655,20.896700000000003,238.46,237.34,237.65,411.44,409.72,414.53,411.01,8.2811,6.8615,5.7541,1.4098,1.153,0.7969,3.6375,1.3785,1.1481,1.1108,4.9707,1.9747,1.6285,1.3675,0.6784,0.7149,0.7086,0.5829,50,906.23,656.96,1,1,2025-10-01 12:46:50,16.700000000000003,77.2,,1,0,,0
2025-10-01 12:46:50,605.89,3.3635,239.29,7.0243,21.0731,239.24,239.06,239.59,413.06,413.36,416.96,414.38,8.2885,6.9277,5.8569,1.403,1.1483,0.8122,3.733,1.3974,1.1915,1.1441,5.0423,1.9829,1.6561,1.4033,0.6693,0.7085,0.6939,0.5788,50,906.3,657.01,1,1,2025-10-01 12:46:50,16.700000000000003,77.2,,1,0,,0
2025-10-01 12:47:35,605.93,3.3628,237.29,6.9549,20.8649,237.73,236.21,237.94,409.59,409.12,414.26,410.99,8.2211,6.7645,5.8793,1.4216,1.12,0.8212,3.6061,1.3366,1.1374,1.1321,4.9512,1.9544,1.5978,1.3989,0.682,0.7285,0.7016,0.5871,50,906.35,657.05,1,1,2025-10-01 12:47:50,16.700000000000003,77.2,,1,0,,0
2025-10-01 12:48:20,605.98,3.4011,242.68,7.2107,21.6321,241.59,243.07,243.39,418.73,420.26,421.99,420.25,8.3321,7.214,6.086,1.3846,1.1621,0.8543,3.9766,1.4565,1.3105,1.2096,5.2477,2.013,1.7535,1.4813,0.6499,0.6889,0.6635,0.5769,50,906.42,657.09,1,1,2025-10-01 12:48:50,16.700000000000003,77,,1,0,,0
2025-10-01 12:49:05,606.02,3.3592,239.34,7.0169,21.050800000000002,238.66,240.12,239.26,413.56,413.57,416.49,414.53,8.1564,7.0737,5.8207,1.3607,1.1665,0.8321,3.7357,1.3876,1.232,1.116,5.0378,1.9466,1.6985,1.3927,0.6686,0.7001,0.6875,0.5977,50,906.48,657.14,1,1,2025-10-01 12:49:50,16.700000000000003,76.9,,1,0,,0
2025-10-01 12:49:50,606.06,3.3466,236.42,6.8982,20.6946,236.28,236.44,236.54,408.57,408.53,411.35,409.53,8.0872,6.8704,5.737,1.3771,1.1453,0.8242,3.5487,1.3207,1.1502,1.0778,4.8923,1.9108,1.6244,1.357,0.686,0.7217,0.7055,0.6074,50,906.54,657.18,1,1,2025-10-01 12:49:50,16.700000000000003,76.9,,1,0,,0
2025-10-01 12:50:35,606.1,3.4058,242.5,7.1873,21.5621,241.69,242.87,242.95,418.77,419.46,421.81,420.03,8.3231,7.2187,6.0203,1.3834,1.1727,0.8497,3.9464,1.4557,1.3007,1.19,5.2274,2.0116,1.7532,1.4626,0.6533,0.6888,0.6696,0.5811,50,906.6,657.23,1,1,2025-10-01 12:50:50,16.700000000000003,76.7,,1,0,,0
2025-10-01 12:51:20,606.15,3.3179,233.33,6.7829,20.3487,233.37,232.84,233.79,403.14,402.31,406.94,404.12,7.9871,6.6776,5.684,1.3812,1.1144,0.8223,3.3746,1.2476,1.0824,1.0447,4.7476,1.8639,1.5548,1.3289,0.701,0.7421,0.717,0.6191,50,906.67,657.28,1,1,2025-10-01 12:51:50,16.700000000000003,76.5,,1,0,,0
2025-10-01 12:52:05,606.18,3.342,236.4,6.9,20.7,236.73,235.57,236.91,408.29,407.92,412.15,409.42,8.1305,6.7811,5.7884,1.3981,1.1251,0.8188,3.551,1.3189,1.1322,1.0999,4.8935,1.9247,1.5974,1.3713,0.6853,0.7274,0.7048,0.5971,50,906.72,657.32,1,1,2025-10-01 12:52:50,16.700000000000003,76.3,,1,0,,0
2025-10-01 12:52:50,606.23,3.3732,238.61,7.0159,21.0479,238.5,239.14,238.2,412.55,411.99,415.28,413.1,8.1927,7.0662,5.789,1.3719,1.1761,0.8253,3.7031,1.3874,1.2113,1.1043,5.0227,1.954,1.6898,1.3789,0.6734,0.7031,0.6965,0.5986,50,906.79,657.37,1,1,2025-10-01 12:52:50,16.700000000000003,76.3,,1,0,,0
2025-10-01 12:53:35,606.27,3.3284,232.98,6.7857,20.3573,233.53,232.77,232.65,402.96,401.85,405.77,403.62,8.0034,6.7421,5.6118,1.3768,1.1387,0.8129,3.3593,1.2602,1.078,1.0211,4.744,1.869,1.5694,1.3056,0.7038,0.7376,0.7261,0.6228,50,906.85,657.41,1,1,2025-10-01 12:53:50,16.700000000000003,76.5,,1,0,,0
2025-10-01 12:54:20,606.31,3.36,237.01,6.941,20.8231,236.09,238.37,236.57,410.04,409.62,411.82,410.48,8.0811,7.0452,5.6968,1.3488,1.1796,0.8316,3.5989,1.3454,1.1935,1.0601,4.9349,1.9079,1.6794,1.3477,0.6824,0.708,0.7029,0.6171,50,906.91,657.46,1,1,2025-10-01 12:54:50,16.700000000000003,76.5,,1,0,,0
2025-10-01 12:55:05,606.35,3.3874,239.08,7.0318,21.095599999999997,239.29,239.42,238.53,413.86,412.19,416.2,414.16,8.3101,7.0226,5.7629,1.3963,1.1837,0.8074,3.7172,1.4123,1.1924,1.1124,5.0445,1.9885,1.6814,1.3746,0.6735,0.703,0.7045,0.5873,50,906.98,657.51,1,1,2025-10-01 12:55:50,16.700000000000003,76.7,,1,0,,0
2025-10-01 12:55:50,606.4,3.3742,236.84,6.9381,20.814500000000002,236.79,236.95,236.78,409.71,408.22,412.67,410.19,8.1583,6.9101,5.7461,1.3898,1.1604,0.824,3.573,1.3378,1.153,1.0821,4.9297,1.9318,1.6373,1.3606,0.6865,0.7204,0.7093,0.6058,50,907.04,657.55,1,1,2025-10-01 12:55:50,16.700000000000003,76.7,,1,0,,0
2025-10-01 12:56:35,606.44,3.4277,242.66,7.2149,21.6447,242.32,242.95,242.71,419.44,418.71,422.68,420.27,8.4584,7.1926,5.9937,1.4102,1.1875,0.83,3.9565,1.4829,1.2794,1.1942,5.2518,2.0496,1.7474,1.4547,0.6547,0.6891,0.6802,0.5707,50.1,907.1,657.59,1,1,2025-10-01 12:56:50,16.700000000000003,76.9,,1,0,,0
2025-10-01 12:57:20,606.48,3.3824,239.31,7.0202,21.0608,238.43,239.75,239.77,413.32,413.3,416.85,414.52,8.1896,7.0056,5.8656,1.3836,1.1583,0.8404,3.7151,1.3737,1.214,1.1274,5.0386,1.9526,1.6796,1.4064,0.6732,0.7096,0.6903,0.5976,50.1,907.16,657.64,1,1,2025-10-01 12:57:50,16.700000000000003,77,,1,0,,0
2025-10-01 12:58:05,606.52,3.376,236.59,6.9213,20.7641,236.68,236.12,236.97,408.58,408.83,411.92,409.77,8.18,6.8185,5.7656,1.4081,1.1458,0.8221,3.5439,1.3242,1.129,1.0907,4.9123,1.936,1.61,1.3663,0.6897,0.7284,0.7122,0.6019,50.1,907.23,657.69,1,1,2025-10-01 12:58:50,16.700000000000003,77.1,,1,0,,0
2025-10-01 12:58:50,606.57,3.4513,243.47,7.2444,21.7332,242.92,245.22,242.29,422.17,420.16,422.75,421.67,8.4706,7.4,5.8626,1.3801,1.2446,0.8267,3.9965,1.5226,1.3188,1.1551,5.2928,2.0577,1.8146,1.4204,0.6536,0.6715,0.6863,0.5819,50.1,907.29,657.73,1,1,2025-10-01 12:58:50,16.700000000000003,77.1,,1,0,,0
2025-10-01 12:59:35,606.61,3.3472,233.14,6.7742,20.322699999999998,232.94,233.29,233.21,403.19,402.49,405.74,403.79,7.9692,6.7414,5.6121,1.3762,1.1423,0.8287,3.3348,1.2426,1.0795,1.0128,4.7378,1.8563,1.5727,1.3088,0.7084,0.7422,0.7268,0.6332,50.1,907.35,657.78,1,1,2025-10-01 12:59:50,16.700000000000003,77.2,,1,0,,0
2025-10-01 13:00:20,606.65,3.378,236.64,6.9044,20.7132,236.86,237.11,235.97,409.59,408.46,411.56,409.66,8.1233,6.928,5.6619,1.3823,1.176,0.8197,3.5337,1.3344,1.1448,1.0545,4.9028,1.9241,1.6427,1.336,0.691,0.7194,0.7165,0.6137,50.1,907.41,657.82,1,1,2025-10-01 13:00:50,16.700000000000003,77.4,,1,0,,0
2025-10-01 13:01:05,606.69,3.3864,237.89,6.9611,20.883499999999998,238.15,237.87,237.65,411.39,409.64,415.02,412.01,8.2014,6.9132,5.7689,1.401,1.164,0.8214,3.6131,1.3566,1.1595,1.0971,4.9686,1.9532,1.6444,1.371,0.6838,0.7183,0.7084,0.5993,50.1,907.47,657.87,1,1,2025-10-01 13:01:50,16.6,77.5,,1,0,,0
2025-10-01 13:01:50,606.74,3.3457,233.47,6.7736,20.320999999999998,233.43,233.37,233.63,403.57,402.33,407.22,404.37,7.9603,6.7341,5.6266,1.3785,1.1378,0.8294,3.3439,1.2423,1.0823,1.0193,4.7443,1.8582,1.5715,1.3145,0.7072,0.7428,0.7245,0.6311,50.1,907.54,657.91,1,1,2025-10-01 13:01:50,16.6,77.5,,1,0,,0
2025-10-01 13:02:35,606.78,3.377,236.54,6.9095,20.7287,236.83,236.37,236.44,409.37,407.66,412.06,409.69,8.1408,6.8745,5.7134,1.395,1.1598,0.8222,3.5347,1.3269,1.1364,1.0715,4.9038,1.928,1.6249,1.3509,0.6907,0.7245,0.7142,0.6087,50.1,907.6,657.96,1,1,2025-10-01 13:02:50,16.700000000000003,77.7,,1,0,,0
2025-10-01 13:03:20,606.82,3.3779,237.81,6.9509,20.8528,237.22,239.12,237.11,411.85,410.58,413.24,411.94,8.1083,7.0794,5.6651,1.3549,1.1941,0.8289,3.6162,1.3617,1.1979,1.0566,4.9595,1.9235,1.6928,1.3433,0.6826,0.7053,0.7059,0.6172,50.1,907.66,658,1,1,2025-10-01 13:03:50,16.700000000000003,78,,1,0,,0
2025-10-01 13:04:05,606.86,3.4015,238.03,6.9978,20.9935,237.94,237.69,238.47,411.91,409.77,415.11,412.25,8.1979,6.9486,5.847,1.4037,1.1583,0.8395,3.6372,1.3499,1.1748,1.1125,4.9966,1.9506,1.6516,1.3943,0.683,0.7207,0.702,0.6023,50.1,907.72,658.05,1,1,2025-10-01 13:04:50,16.700000000000003,77.7,,1,0,,0
2025-10-01 13:04:50,606.91,3.4377,242.02,7.1909,21.5729,242.28,241.93,241.86,418.38,417.22,421.94,419.18,8.4357,7.1682,5.969,1.4174,1.1909,0.8294,3.908,1.4682,1.2584,1.1814,5.2217,2.0438,1.7342,1.4437,0.6604,0.6945,0.6873,0.5745,50.1,907.79,658.1,1,1,2025-10-01 13:04:50,16.700000000000003,77.7,,1,0,,0
2025-10-01 13:05:35,606.95,3.3781,238.62,6.9923,20.9771,238.84,238.28,238.74,412.76,411.05,416.05,413.31,8.2168,6.9371,5.8232,1.3997,1.1552,0.8232,3.6711,1.3713,1.18,1.1198,5.0057,1.9625,1.653,1.3902,0.6771,0.7143,0.6995,0.5922,50.1,907.85,658.14,1,1,2025-10-01 13:05:50,16.6,77.8,,1,0,,0
2025-10-01 13:06:20,606.99,3.3593,236.27,6.8946,20.6839,236.22,236.41,236.19,408.4,408.29,410.99,409.29,8.0883,6.8784,5.7172,1.3801,1.1542,0.825,3.5296,1.3175,1.1436,1.0686,4.8871,1.9106,1.6261,1.3503,0.6894,0.7233,0.7103,0.6111,50,907.91,658.18,1,1,2025-10-01 13:06:50,16.700000000000003,78,,1,0,,0
2025-10-01 13:07:05,607.03,3.3985,240.83,7.1131,21.3395,241.15,240.83,240.52,416.45,415.54,419.37,420.49,8.3907,7.0536,5.8952,1.4097,1.1749,0.8139,3.8311,1.4466,1.2242,1.1603,5.14,2.0234,1.6987,1.4179,0.6636,0.6979,0.6924,0.5742,50,907.97,658.23,1,1,2025-10-01 13:07:50,16.700000000000003,77.8,,1,0,,0
2025-10-01 13:07:50,607.07,3.3221,233.35,6.7898,20.3694,233.81,232.63,233.61,402.85,403,406.65,404.2,8.0254,6.6746,5.6694,1.3888,1.1194,0.814,3.3768,1.2581,1.0743,1.0444,4.7536,1.8764,1.5527,1.3244,0.7013,0.7411,0.7215,0.6147,50,908.03,658.27,1,1,2025-10-01 13:07:50,16.700000000000003,77.8,,1,0,,0
2025-10-01 13:08:35,607.12,3.3484,236.43,6.9105,20.7316,236.66,235.78,236.86,408.32,407.46,412.71,409.56,8.1832,6.7769,5.7715,1.405,1.1312,0.8122,3.5555,1.3292,1.1268,1.0995,4.9015,1.9366,1.5979,1.367,0.6855,0.7264,0.7084,0.5941,50,908.09,658.32,1,1,2025-10-01 13:08:50,16.700000000000003,77.7,,1,0,,0
2025-10-01 13:09:20,607.16,3.3614,238.79,7.0208,21.0626,239.14,238.52,238.73,412.48,412.33,415.98,413.69,8.3094,6.9328,5.8204,1.4037,1.1543,0.8035,3.7181,1.4026,1.1821,1.1334,5.0302,1.9871,1.6536,1.3895,0.6706,0.7073,0.6986,0.5783,50,908.16,658.37,1,1,2025-10-01 13:09:50,16.700000000000003,77.6,,1,0,,0
2025-10-01 13:10:05,607.2,3.3254,233.23,6.7837,20.351200000000002,233.76,232.97,232.98,403.54,401.66,406.69,404.06,8.064,6.7022,5.585,1.3871,1.1379,0.8004,3.3652,1.2726,1.0673,1.0253,4.7476,1.885,1.5614,1.3012,0.7028,0.7368,0.7293,0.6153,50,908.22,658.41,1,1,2025-10-01 13:10:50,16.700000000000003,77.6,,1,0,,0
2025-10-01 13:10:50,607.24,3.4161,242.02,7.2013,21.604100000000003,241.38,242.67,242.03,418.57,417.89,421.09,411.22,8.4062,7.2292,5.9687,1.3936,1.1888,0.8338,3.9361,1.4696,1.2874,1.1791,5.228,2.0291,1.7543,1.4446,0.6554,0.688,0.6784,0.5773,50,908.28,658.46,1,1,2025-10-01 13:10:50,16.700000000000003,77.6,,1,0,,0
2025-10-01 13:11:35,607.28,3.3986,239.08,7.0655,21.1967,238.9,238.74,239.6,413.03,412.37,416.85,414.12,8.3025,6.9607,5.9335,1.4135,1.151,0.8342,3.7351,1.3874,1.1968,1.151,5.0669,1.9835,1.6618,1.4217,0.673,0.7136,0.6931,0.5868,50,908.35,658.51,1,1,2025-10-01 13:11:50,16.6,78,,1,0,,0
2025-10-01 13:12:20,607.33,3.3896,238.37,7.0161,21.0483,238.1,238.45,238.57,412.15,411.05,415.37,412.76,8.2349,6.9679,5.8455,1.3977,1.1609,0.831,3.6766,1.3709,1.1863,1.1194,5.0168,1.9607,1.6615,1.3946,0.6778,0.7138,0.6994,0.596,50,908.41,658.55,1,1,2025-10-01 13:12:50,16.700000000000003,78,,1,0,,0
2025-10-01 13:13:05,607.37,3.436,242.7,7.2443,21.7331,242.89,242.98,242.24,419.93,418.06,423.07,420.32,8.5416,7.1941,5.9974,1.4224,1.1951,0.8186,3.9792,1.5059,1.2735,1.1998,5.2755,2.0747,1.748,1.4528,0.6535,0.6866,0.6842,0.5635,50,908.47,658.6,1,1,2025-10-01 13:13:50,16.700000000000003,77.8,,1,0,,0
2025-10-01 13:13:50,607.41,3.3823,238.34,7.0096,21.0289,238.96,237.48,238.6,411.21,410.9,416.32,412.81,8.3072,6.8396,5.8821,1.4277,1.1393,0.8153,3.6719,1.3746,1.1555,1.1418,5.0128,1.9851,1.6243,1.4035,0.6775,0.7203,0.7021,0.581,50,908.54,658.65,1,1,2025-10-01 13:13:50,16.700000000000003,77.8,,1,0,,0
2025-10-01 13:14:35,607.45,3.3737,236.87,6.9302,20.790599999999998,237.05,236.83,236.74,409.27,408.62,412.89,410.26,8.1411,6.8781,5.7714,1.3936,1.1531,0.827,3.5666,1.3309,1.1485,1.0872,4.9251,1.9298,1.6289,1.3663,0.6871,0.7231,0.7085,0.6054,50,908.59,658.69,1,1,2025-10-01 13:14:50,16.700000000000003,77.8,,1,0,,0
2025-10-01 13:15:20,607.5,3.4443,241.9,7.1771,21.5315,241.71,241.78,242.21,417.72,417.37,421.8,418.96,8.3836,7.1031,6.0448,1.4234,1.1717,0.8492,3.8826,1.4375,1.253,1.1921,5.2079,2.0264,1.7174,1.4641,0.6636,0.7036,0.683,0.5801,50.1,908.66,658.73,1,1,2025-10-01 13:15:50,16.700000000000003,78.1,,1,0,,0
2025-10-01 13:16:05,607.54,3.3422,233.32,6.7809,20.3428,233.85,232.13,233.98,402.65,402.39,407.29,403.99,8.0116,6.6056,5.7256,1.4072,1.1079,0.8271,3.3445,1.2329,1.0582,1.0535,4.7465,1.8735,1.5334,1.3397,0.7068,0.7521,0.7231,0.6167,50.1,908.72,658.78,1,1,2025-10-01 13:16:50,16.700000000000003,78,,1,0,,0
2025-10-01 13:16:50,607.58,3.3631,236.72,6.8945,20.6835,236.29,237.29,236.58,409.13,408.82,412.03,410.04,8.0304,6.9179,5.7352,1.3682,1.156,0.8388,3.5407,1.3111,1.1634,1.0662,4.8959,1.8975,1.6415,1.3568,0.6886,0.7211,0.7036,0.6172,50.1,908.78,658.82,1,1,2025-10-01 13:16:50,16.700000000000003,78,,1,0,,0
2025-10-01 13:17:35,607.62,3.366,237.65,6.9349,20.804699999999997,237.17,237.82,237.97,410.32,410.56,413.95,411.51,8.0819,6.9204,5.8024,1.3782,1.1486,0.8392,3.6003,1.3279,1.1765,1.0958,4.9434,1.9168,1.6458,1.3808,0.6829,0.7201,0.6985,0.608,50.1,908.85,658.87,1,1,2025-10-01 13:17:50,16.700000000000003,78,,1,0,,0
2025-10-01 13:18:20,607.67,3.3383,232.96,6.7624,20.287300000000002,233.23,232.27,233.39,402.24,401.62,406.61,403.49,7.9921,6.6327,5.6625,1.3962,1.118,0.8241,3.3216,1.2311,1.0576,1.0329,4.7261,1.864,1.5406,1.3216,0.7088,0.7499,0.7264,0.6238,50.1,908.91,658.91,1,1,2025-10-01 13:18:50,16.700000000000003,78,,1,0,,0
2025-10-01 13:19:05,607.71,3.3639,237.04,6.9098,20.7296,237.16,236.28,237.69,409.31,408.81,413.55,410.59,8.1453,6.7598,5.8245,1.4116,1.1241,0.8283,3.5563,1.3143,1.1318,1.1103,4.9134,1.9317,1.5972,1.3844,0.6871,0.732,0.7052,0.5987,50.2,908.97,658.96,1,1,2025-10-01 13:19:50,16.6,78.1,,1,0,,0
2025-10-01 13:20:35,607.79,3.367,236.84,6.9014,20.7043,236.26,237.7,236.56,409.67,408.8,412.13,410.16,8.0633,6.9561,5.6849,1.3653,1.1698,0.8319,3.5477,1.325,1.1665,1.0562,4.9033,1.905,1.6535,1.3448,0.6883,0.7176,0.7081,0.6187,50.1,909.09,659.05,1,1,2025-10-01 13:20:50,16.6,78.1,,1,0,,0
2025-10-01 13:21:20,607.83,3.4265,242.69,7.1919,21.5758,242.89,242.72,242.47,419.62,418.03,423.36,420.32,8.5014,7.1131,5.9613,1.4276,1.1851,0.8138,3.9357,1.4879,1.2534,1.1943,5.2368,2.0649,1.7265,1.4454,0.6566,0.6923,0.687,0.563,50.2,909.15,659.09,1,1,2025-10-01 13:21:50,16.6,78,,1,0,,0
2025-10-01 13:22:05,607.88,3.3814,239.33,7.0011,21.0035,238.75,240.54,238.71,414.16,412.92,416.47,414.49,8.1825,7.0863,5.7347,1.3661,1.1901,0.8252,3.7032,1.3928,1.2184,1.092,5.027,1.9536,1.7045,1.3689,0.6742,0.7002,0.6987,0.6029,50.1,909.22,659.14,1,1,2025-10-01 13:22:50,16.6,78.1,,1,0,,0
2025-10-01 13:22:50,607.92,3.3729,237.13,6.9094,20.7282,236.93,238.03,236.43,410.56,409,412.54,410.75,8.1102,6.9716,5.6464,1.37,1.1825,0.8205,3.5598,1.3443,1.1627,1.0528,4.916,1.9215,1.6595,1.335,0.6877,0.7137,0.713,0.6146,50.2,909.28,659.19,1,1,2025-10-01 13:22:50,16.6,78.1,,1,0,,0
2025-10-01 13:23:35,607.96,3.4352,241.4,7.1312,21.3937,241.11,242.02,241.08,417.53,416.6,420.18,420.23,8.3527,7.1626,5.8784,1.4001,1.2001,0.835,3.8351,1.4427,1.2481,1.1442,5.1646,2.0139,1.7335,1.4172,0.6672,0.6964,0.693,0.5894,50.1,909.34,659.23,1,1,2025-10-01 13:23:50,16.6,77.9,,1,0,,0
2025-10-01 13:24:20,608,3.3703,233.65,6.7999,20.3998,233.45,233.26,234.26,403.34,402.81,407.9,404.7,7.9911,6.7041,5.7046,1.3965,1.131,0.8427,3.3478,1.2332,1.0781,1.0365,4.7657,1.8655,1.5638,1.3364,0.7094,0.7495,0.7238,0.6308,50.2,909.4,659.28,1,1,2025-10-01 13:24:50,16.6,77.8,,1,0,,0
2025-10-01 13:25:05,608.05,3.3904,237.77,6.9453,20.836,236.08,238.03,239.22,409.95,411.04,414.47,411.83,7.9959,6.9173,5.9228,1.3767,1.1312,0.8825,3.5894,1.2873,1.1942,1.1079,4.951,1.8877,1.6465,1.4169,0.6866,0.7304,0.6876,0.623,50.2,909.47,659.32,1,1,2025-10-01 13:25:50,16.6,77.9,,1,0,,0
2025-10-01 13:25:50,608.09,3.3966,238.65,6.9846,20.954,237.07,239.27,239.62,411.58,413.09,415.36,413.39,8.0311,7.0165,5.9064,1.3686,1.1505,0.8775,3.6493,1.3193,1.2201,1.1099,4.9981,1.9039,1.6788,1.4153,0.6813,0.7199,0.686,0.6201,50.1,909.53,659.37,1,1,2025-10-01 13:25:50,16.6,77.9,,1,0,,0
2025-10-01 13:26:35,608.13,3.364,233.22,6.7894,20.3683,234.03,232.4,233.24,402.78,402.51,406.55,403.82,8.0614,6.6545,5.6524,1.4122,1.1332,0.8186,3.3304,1.2472,1.0505,1.0327,4.7515,1.8866,1.5465,1.3184,0.7106,0.7495,0.7333,0.6211,50.1,909.59,659.41,1,1,2025-10-01 13:26:50,16.6,77.8,,1,0,,0
2025-10-01 13:27:20,608.17,3.4618,242.55,7.2075,21.622600000000002,242.38,242.57,242.7,419.01,418.62,422.64,419.86,8.4412,7.1634,6.018,1.4271,1.1904,0.8443,3.9169,1.4618,1.2636,1.1915,5.2442,2.046,1.7376,1.4606,0.6622,0.6985,0.6857,0.5781,50.1,909.65,659.46,1,1,2025-10-01 13:27:50,16.6,77.8,,1,0,,0
2025-10-01 13:28:05,608.21,3.4104,238.91,7.0171,21.0514,238.99,238.96,238.79,413,412.44,415.96,413.83,8.2349,6.9889,5.8276,1.4045,1.1728,0.833,3.6745,1.3742,1.1864,1.1139,5.0297,1.9681,1.6701,1.3916,0.6802,0.7147,0.703,0.5988,50.1,909.71,659.5,1,1,2025-10-01 13:28:50,16.6,77.9,,1,0,,0
2025-10-01 13:28:50,608.26,3.3803,236.94,6.9131,20.7393,236.14,238.13,236.55,409.91,409.34,411.87,410.41,8.0225,7.0175,5.6993,1.3552,1.1801,0.8449,3.5518,1.3205,1.1812,1.0501,4.9137,1.8944,1.6711,1.3482,0.6894,0.7162,0.7068,0.6268,50.1,909.78,659.55,1,1,2025-10-01 13:28:50,16.6,77.9,,1,0,,0
2025-10-01 13:29:35,608.3,3.4484,243.09,7.2182,21.6546,242.39,243.32,243.56,420.22,419.55,423.31,421.11,8.3875,7.2193,6.0478,1.4076,1.1854,0.8555,3.9545,1.4624,1.2936,1.1985,5.2626,2.033,1.7566,1.473,0.6572,0.6934,0.6755,0.5809,50.1,909.84,659.59,1,1,2025-10-01 13:29:50,16.6,77.9,,1,0,,0
2025-10-01 13:30:20,608.34,3.4071,238.84,7.0256,21.076800000000002,239,238.79,238.74,412.92,411.85,416.24,413.65,8.2752,6.9759,5.8257,1.4092,1.1714,0.8266,3.6843,1.3838,1.1823,1.1181,5.0344,1.9778,1.6658,1.3908,0.6789,0.7135,0.7038,0.5944,50.1,909.9,659.64,1,1,2025-10-01 13:30:50,16.6,78,,1,0,,0
2025-10-01 13:31:05,608.38,3.3772,236.34,6.8972,20.691699999999997,236.36,236.53,236.14,408.59,407.72,411.71,409.48,8.0959,6.8877,5.7081,1.3854,1.1617,0.83,3.518,1.3162,1.1403,1.0616,4.8906,1.9135,1.6291,1.3479,0.6925,0.7249,0.7136,0.6159,50.1,909.96,659.68,1,1,2025-10-01 13:31:50,16.6,78.1,,1,0,,0
2025-10-01 13:31:50,608.43,3.4032,238.93,7.023,21.069100000000002,238.91,238.96,238.93,413.32,411.89,416.27,413.83,8.2894,6.9507,5.829,1.4118,1.1676,0.8239,3.6877,1.3852,1.1797,1.1228,5.0341,1.9804,1.6609,1.3927,0.6781,0.7137,0.7034,0.5915,50.1,910.03,659.73,1,1,2025-10-01 13:31:50,16.6,78.1,,1,0,,0
2025-10-01 13:32:35,608.47,3.3353,232.07,6.7476,20.243000000000002,231.88,232.45,231.9,400.97,400.9,403.99,402.05,7.9434,6.738,5.5616,1.3671,1.1445,0.8237,3.2905,1.231,1.0674,0.992,4.6979,1.8419,1.5662,1.2897,0.7118,0.7431,0.7313,0.6388,50,910.09,659.77,1,1,2025-10-01 13:32:50,16.6,78.2,,1,0,,0
2025-10-01 13:33:20,608.51,3.3685,236.72,6.9325,20.797500000000003,236.63,237.32,236.21,409.6,408.41,411.97,409.91,8.1643,6.9477,5.6855,1.3788,1.1731,0.8167,3.5718,1.3494,1.1567,1.0657,4.9237,1.9319,1.6488,1.343,0.6861,0.7146,0.712,0.6082,50,910.15,659.82,1,1,2025-10-01 13:33:50,16.6,78.1,,1,0,,0
2025-10-01 13:34:05,608.56,3.3855,239.17,7.0488,21.1466,239.59,239.08,238.84,413.83,411.92,416.96,414.17,8.3719,6.9566,5.8181,1.4149,1.1684,0.8023,3.7341,1.4178,1.182,1.1344,5.0586,2.0058,1.6632,1.3896,0.6716,0.7063,0.703,0.5774,50,910.22,659.87,1,1,2025-10-01 13:34:50,16.6,78.1,,1,0,,0
2025-10-01 13:34:50,608.6,3.3274,233.32,6.7919,20.3757,233.58,232.44,233.95,403.07,401.69,407.58,404.16,8.0497,6.6258,5.7002,1.4003,1.1107,0.8165,3.3696,1.2508,1.0649,1.0539,4.7539,1.8802,1.5401,1.3336,0.7026,0.7457,0.7218,0.6124,50,910.28,659.91,1,1,2025-10-01 13:34:50,16.6,78.1,,1,0,,0
2025-10-01 13:35:35,608.64,3.4259,242.18,7.1995,21.5986,242.41,241.74,242.39,418.05,417.79,422.51,411.91,8.512,7.0548,6.0318,1.4413,1.1652,0.8194,3.9242,1.4715,1.2427,1.21,5.2309,2.0634,1.7054,1.462,0.6576,0.6997,0.6839,0.5607,50,910.34,659.96,1,1,2025-10-01 13:35:50,16.6,78,,1,0,,0
2025-10-01 13:36:20,608.68,3.382,239.18,7.029,21.0872,238.91,239.06,239.59,412.83,412.76,417.2,414.2,8.2447,6.9564,5.8861,1.4001,1.1504,0.8315,3.7172,1.3807,1.1982,1.1383,5.043,1.9697,1.663,1.4103,0.6729,0.712,0.6925,0.5898,50,910.4,660.01,1,1,2025-10-01 13:36:50,16.6,78.1,,1,0,,0
2025-10-01 13:37:05,608.72,3.3556,236.49,6.906,20.718200000000003,236.26,236.7,236.51,408.63,407.92,412.23,409.59,8.1072,6.8817,5.7293,1.3795,1.1515,0.8246,3.5505,1.3252,1.1503,1.075,4.8993,1.9154,1.6289,1.355,0.6868,0.7211,0.7074,0.6086,50,910.46,660.05,1,1,2025-10-01 13:37:50,16.6,78,,1,0,,0
2025-10-01 13:37:50,608.77,3.4161,242.17,7.1906,21.5718,242,241.99,242.52,418.37,418,421.94,419.34,8.3948,7.1372,6.0398,1.4105,1.1674,0.8382,3.9289,1.4575,1.2705,1.201,5.2234,2.0315,1.7271,1.4648,0.6561,0.6954,0.6766,0.5723,50,910.53,660.1,1,1,2025-10-01 13:37:50,16.6,78,,1,0,,0
2025-10-01 13:38:35,608.81,3.3846,238.85,7.0362,21.108800000000002,238.81,238.61,239.14,412.27,412.65,416.16,413.69,8.2329,6.9848,5.8911,1.3973,1.154,0.8333,3.7144,1.3788,1.2001,1.1355,5.0415,1.9661,1.6666,1.4088,0.6735,0.7118,0.6931,0.5916,50,910.59,660.14,1,1,2025-10-01 13:38:50,16.6,78.1,,1,0,,0
2025-10-01 13:39:20,608.85,3.3801,237.14,6.9526,20.858,236.39,238.23,236.82,410.39,409.63,412.18,410.68,8.0606,7.0597,5.7377,1.3547,1.1805,0.8449,3.596,1.3363,1.1959,1.0638,4.9461,1.9054,1.6818,1.3588,0.6848,0.7119,0.7025,0.6219,50,910.65,660.18,1,1,2025-10-01 13:39:50,16.6,78.2,,1,0,,0
2025-10-01 13:40:05,608.89,3.3943,238.89,7.0381,21.1144,239.32,238.58,238.79,413.04,412.02,416.24,413.75,8.2967,6.9625,5.8552,1.411,1.1638,0.8194,3.7092,1.393,1.1834,1.1327,5.0448,1.9856,1.6611,1.3982,0.675,0.7116,0.7011,0.5861,50,910.71,660.23,1,1,2025-10-01 13:40:50,16.6,78.2,,1,0,,0
2025-10-01 13:40:50,608.94,3.354,233.3,6.8095,20.4286,233.82,232.54,233.54,402.66,402.19,407.37,404.04,8.0538,6.6628,5.712,1.4057,1.1236,0.8247,3.3624,1.2493,1.0649,1.0482,4.7665,1.8831,1.5494,1.334,0.7062,0.7474,0.7257,0.6183,50,910.78,660.28,1,1,2025-10-01 13:40:50,16.6,78.2,,1,0,,0
2025-10-01 13:41:35,608.98,3.3778,236.95,6.9423,20.826900000000002,236.91,237.03,236.93,409.41,409.01,412.79,410.35,8.1492,6.8987,5.779,1.3918,1.1554,0.8307,3.5771,1.3341,1.155,1.088,4.935,1.9306,1.6352,1.3692,0.6865,0.7219,0.7071,0.6068,50,910.84,660.32,1,1,2025-10-01 13:41:50,16.6,77.5,,1,0,,0
2025-10-01 13:42:20,609.02,3.373,237.43,6.9549,20.864800000000002,237.54,237.73,237.02,410.53,409.55,413.59,411.29,8.192,6.9341,5.7387,1.3891,1.1657,0.8183,3.6094,1.3592,1.1638,1.0864,4.9546,1.9459,1.6484,1.3602,0.6827,0.7147,0.7076,0.6016,50,910.9,660.37,1,1,2025-10-01 13:42:50,16.6,76.6,,1,0,,0
2025-10-01 13:43:05,609.06,3.3321,233.4,6.7861,20.3585,233.4,233.51,233.29,403.6,402.75,406.39,404.25,7.9663,6.7717,5.6205,1.3678,1.1406,0.8238,3.3683,1.2556,1.0931,1.0196,4.7518,1.8593,1.5813,1.3112,0.7032,0.7366,0.7219,0.6284,50,910.96,660.41,1,1,2025-10-01 13:43:50,16.6,76.3,,1,0,,0
2025-10-01 13:43:50,609.1,3.3745,239.12,7.0411,21.1235,238.8,238.02,240.56,411.78,413.12,417.6,410.69,8.2271,6.8592,6.0372,1.4183,1.11,0.8462,3.7279,1.3539,1.1944,1.1796,5.0496,1.9646,1.6326,1.4523,0.671,0.7233,0.6807,0.5828,50,911.02,660.46,1,1,2025-10-01 13:43:50,16.6,76.3,,1,0,,0
2025-10-01 13:44:35,609.15,3.3825,238.85,7.03,21.09,238.66,239.53,238.36,412.84,412.8,415.41,413.72,8.234,7.0556,5.8004,1.3799,1.1779,0.8247,3.7138,1.3951,1.2096,1.1091,5.0377,1.9651,1.69,1.3826,0.6733,0.7032,0.6976,0.5967,50,911.09,660.51,1,1,2025-10-01 13:44:50,16.6,76.3,,1,0,,0
2025-10-01 13:45:20,609.19,3.3684,236.63,6.9296,20.7889,236.57,236.48,236.85,408.58,408.05,412.88,409.84,8.1399,6.8604,5.7886,1.3939,1.1453,0.8291,3.5631,1.3247,1.1469,1.0915,4.919,1.9257,1.6223,1.371,0.6869,0.7248,0.7066,0.6048,50,911.15,660.55,1,1,2025-10-01 13:45:50,16.6,76.4,,1,0,,0
2025-10-01 13:46:05,609.23,3.4297,242.47,7.2153,21.645899999999997,242.62,242.68,242.13,419.59,417.67,422.62,419.94,8.5139,7.1603,5.9717,1.4214,1.1918,0.8165,3.9497,1.4946,1.2622,1.1929,5.2492,2.0656,1.7377,1.4459,0.6556,0.6891,0.6865,0.5648,50,911.21,660.59,1,1,2025-10-01 13:46:50,16.6,76.6,,1,0,,0
2025-10-01 13:46:50,609.27,3.3719,237.8,6.9727,20.9183,238.01,237.72,237.69,410.84,410.39,414.41,411.91,8.2212,6.921,5.7761,1.3964,1.1595,0.8159,3.6362,1.3669,1.1653,1.1039,4.9749,1.9567,1.6453,1.3729,0.6799,0.7146,0.7053,0.5943,50,911.28,660.64,1,1,2025-10-01 13:46:50,16.6,76.6,,1,0,,0
2025-10-01 13:47:35,609.31,3.3559,236.9,6.9215,20.7646,235.88,238.5,236.34,410.12,409.42,411.4,410.3,8.0324,7.0683,5.6639,1.3372,1.1837,0.8349,3.5832,1.339,1.1984,1.0459,4.9191,1.8947,1.6858,1.3386,0.6835,0.7066,0.7027,0.6238,50,911.34,660.69,1,1,2025-10-01 13:47:50,16.6,76.8,,1,0,,0
2025-10-01 13:48:20,609.36,3.3826,239,7.0416,21.1249,239.74,238.93,238.35,413.29,412,416.58,413.96,8.3719,6.9787,5.7743,1.4102,1.177,0.7954,3.7255,1.4241,1.1788,1.1227,5.0508,2.0071,1.6674,1.3763,0.6722,0.7036,0.7065,0.578,50,911.4,660.73,1,1,2025-10-01 13:48:50,16.6,76.9,,1,0,,0
2025-10-01 13:49:05,609.4,3.3279,233.4,6.789,20.3671,233.69,232.91,233.6,403.25,402.79,406.71,404.24,8.01,6.6964,5.6607,1.3851,1.1249,0.8179,3.3724,1.2554,1.0784,1.0385,4.7539,1.8719,1.5597,1.3223,0.7023,0.7409,0.7218,0.6187,50,911.46,660.78,1,1,2025-10-01 13:49:50,16.6,77,,1,0,,0
2025-10-01 13:50:35,609.48,3.3766,237.73,6.9817,20.9453,237.35,239.34,236.51,411.91,410.02,413.3,411.77,8.1796,7.1084,5.6573,1.356,1.2039,0.8168,3.6453,1.3858,1.2002,1.0593,4.9808,1.9414,1.7013,1.338,0.6795,0.6993,0.7081,0.6106,49.9,911.59,660.87,1,1,2025-10-01 13:50:50,16.6,77.3,,1,0,,0
2025-10-01 13:51:20,609.52,3.3441,232.53,6.7876,20.3628,233.01,232.37,232.23,401.87,400.7,405.66,402.76,8.0532,6.6984,5.6112,1.3922,1.1401,0.8118,3.3311,1.2545,1.0578,1.0188,4.7361,1.8765,1.5565,1.3031,0.7084,0.7428,0.733,0.6232,50,911.65,660.91,1,1,2025-10-01 13:51:50,16.6,77.4,,1,0,,0
2025-10-01 13:52:05,609.57,3.4597,242.84,7.2862,21.858800000000002,244.52,242.35,241.65,420.95,417.13,423.71,418.99,8.7787,7.1368,5.9433,1.4707,1.2131,0.7759,3.9973,1.5588,1.2305,1.208,5.3124,2.1466,1.7296,1.4362,0.6544,0.6862,0.702,0.5404,50,911.71,660.96,1,1,2025-10-01 13:52:50,16.6,77.4,,1,0,,0
2025-10-01 13:53:35,609.65,3.3823,237.18,6.9652,20.8958,237.38,236.92,237.24,410.05,408.41,413.9,410.76,8.2557,6.8734,5.7667,1.4104,1.1576,0.8143,3.5995,1.3569,1.1435,1.0991,4.9563,1.9597,1.6284,1.3681,0.6847,0.7206,0.7114,0.5953,50,911.84,661.05,1,1,2025-10-01 13:53:50,16.6,77.9,,1,0,,0
2025-10-01 13:54:20,609.69,3.4499,242.44,7.2326,21.697899999999997,242.79,242.54,241.99,419.47,417.98,422.26,419.81,8.5397,7.1834,5.9748,1.4291,1.2004,0.8204,3.9467,1.4971,1.2599,1.1896,5.2615,2.0734,1.7423,1.4458,0.6581,0.6904,0.6897,0.5677,50,911.9,661.1,1,1,2025-10-01 13:54:50,16.6,78,,1,0,,0
2025-10-01 13:55:05,609.74,3.3954,238.86,7.0319,21.0958,239.34,238.49,238.76,412.89,411.52,416.7,413.72,8.3328,6.9456,5.8174,1.4174,1.1663,0.8116,3.6995,1.3987,1.1741,1.1267,5.0398,1.9944,1.6565,1.389,0.6761,0.7117,0.7047,0.5844,50,911.96,661.14,1,1,2025-10-01 13:55:50,16.700000000000003,78.1,,1,0,,0
2025-10-01 13:55:50,609.78,3.3859,236.43,6.9323,20.7969,236.1,236.12,237.08,408.16,408.03,412.3,409.55,8.1497,6.8269,5.8203,1.4059,1.1405,0.8395,3.5416,1.3098,1.137,1.0948,4.916,1.9241,1.612,1.3799,0.691,0.7316,0.7082,0.6084,50,912.03,661.19,1,1,2025-10-01 13:55:50,16.700000000000003,78.1,,1,0,,0
2025-10-01 13:56:35,609.82,3.414,239.04,7.0632,21.189700000000002,238.69,239.04,239.39,413.43,412.24,416.36,415.48,8.4023,7.0212,5.7662,1.416,1.1887,0.8094,3.7169,1.4163,1.1828,1.1178,5.0643,2.0055,1.6783,1.3804,0.6764,0.707,0.7088,0.5865,50,912.09,661.23,1,1,2025-10-01 13:56:50,16.6,78.1,,1,0,,0
2025-10-01 13:57:20,609.86,3.3623,233.12,6.8162,20.448800000000002,232.59,232.82,233.95,403.41,401.3,406.54,403.79,8.0896,6.7538,5.6054,1.3938,1.1477,0.8208,3.3548,1.2601,1.0727,1.0221,4.7654,1.8816,1.5724,1.3114,0.7078,0.7418,0.7305,0.6261,50,912.15,661.28,1,1,2025-10-01 13:57:50,16.700000000000003,78.2,,1,0,,0
2025-10-01 13:58:05,609.91,3.3917,237.52,6.9855,20.9565,237.07,237.07,238.44,410.62,409.24,414.3,411.41,8.2723,6.9097,5.7745,1.4104,1.16,0.8213,3.6179,1.3588,1.1545,1.1046,4.9761,1.9611,1.6381,1.3769,0.6839,0.7201,0.7087,0.5966,50,912.21,661.32,1,1,2025-10-01 13:58:50,16.700000000000003,78.2,,1,0,,0
2025-10-01 13:58:50,609.95,3.4054,239.3,7.0705,21.2117,238.61,239.55,239.75,413.96,412.9,416.55,414.41,8.3308,7.0741,5.8068,1.3972,1.1843,0.8239,3.7419,1.41,1.21,1.1218,5.0746,1.9878,1.6946,1.3922,0.673,0.7038,0.6994,0.5919,50,912.27,661.37,1,1,2025-10-01 13:58:50,16.700000000000003,78.2,,1,0,,0
2025-10-01 13:59:35,609.99,3.326,231.57,6.7228,20.1685,230.58,232.44,231.7,401.45,399.4,402.38,401.11,7.8742,6.8376,5.4567,1.3374,1.1631,0.8254,3.2644,1.2253,1.0817,0.9575,4.6693,1.8156,1.5893,1.2643,0.7136,0.7373,0.7322,0.6534,50,912.34,661.42,1,1,2025-10-01 13:59:50,16.700000000000003,78.1,,1,0,,0
2025-10-01 14:00:20,610.04,3.4493,242.16,7.2107,21.6321,242.24,242.4,241.86,420.26,416.56,421.46,419.45,8.5668,7.2118,5.8535,1.4246,1.2198,0.805,3.9202,1.5054,1.2504,1.1644,5.2391,2.0752,1.7481,1.4157,0.6605,0.6873,0.6983,0.5686,50,912.4,661.46,1,1,2025-10-01 14:00:50,16.700000000000003,78.1,,1,0,,0
2025-10-01 14:01:05,610.08,3.4074,238.06,7.0115,21.0346,238.01,238.19,238,412.67,410.16,414.15,412.28,8.3154,7.0214,5.6978,1.4037,1.1939,0.8098,3.6476,1.3914,1.169,1.0872,5.0077,1.9791,1.6724,1.3561,0.6826,0.7102,0.7145,0.5973,50,912.46,661.51,1,1,2025-10-01 14:01:50,16.700000000000003,78.2,,1,0,,0
2025-10-01 14:01:50,610.12,3.3976,237.11,6.9617,20.8852,236.7,236.73,237.91,409.83,408.34,413.84,410.62,8.2295,6.8864,5.7693,1.4107,1.1588,0.8281,3.5718,1.337,1.1424,1.0924,4.9507,1.9479,1.6302,1.3726,0.6892,0.7252,0.7116,0.6031,50.1,912.52,661.55,1,1,2025-10-01 14:01:50,16.700000000000003,78.2,,1,0,,0
2025-10-01 14:02:35,610.16,3.4418,242.48,7.2107,21.6321,241.3,242.46,243.69,418.96,418.86,422.12,419.97,8.4254,7.1817,6.025,1.4136,1.1795,0.8487,3.9336,1.4571,1.2786,1.1978,5.2426,2.033,1.7413,1.4682,0.6584,0.6963,0.678,0.5781,50.1,912.59,661.6,1,1,2025-10-01 14:02:50,16.700000000000003,78.3,,1,0,,0
2025-10-01 14:03:20,610.2,3.4075,239.01,7.0429,21.1287,238.42,238.76,239.86,413.61,411.13,417.12,413.96,8.3173,6.9679,5.8435,1.4148,1.1653,0.8274,3.7019,1.3856,1.1852,1.1311,5.0483,1.983,1.6637,1.4016,0.6772,0.7144,0.7011,0.5904,50.1,912.65,661.64,1,1,2025-10-01 14:03:50,16.700000000000003,78.3,,1,0,,0
2025-10-01 14:04:05,610.25,3.3883,236.72,6.9381,20.8143,236.06,237.17,236.93,409.89,408.15,411.93,409.96,8.1997,6.9654,5.6492,1.3865,1.1833,0.8185,3.5566,1.3472,1.1509,1.0586,4.9261,1.9356,1.652,1.3385,0.6897,0.7171,0.7168,0.6116,50.1,912.71,661.69,1,1,2025-10-01 14:04:50,16.700000000000003,78.3,,1,0,,0
2025-10-01 14:04:50,610.29,3.4367,239.38,7.0749,21.2249,239.67,238.77,239.72,414.5,411.65,417.68,414.62,8.475,6.9562,5.7937,1.4468,1.186,0.8039,3.7135,1.4212,1.1604,1.1319,5.081,2.0312,1.6609,1.3889,0.6792,0.7133,0.7147,0.579,50.1,912.78,661.74,1,1,2025-10-01 14:04:50,16.700000000000003,78.3,,1,0,,0
2025-10-01 14:05:35,610.33,3.3699,232.75,6.7914,20.374200000000002,230.31,234.09,233.86,402.39,402.29,404.65,403.15,7.811,6.9356,5.6276,1.3306,1.1626,0.8767,3.321,1.208,1.1316,0.9814,4.7386,1.799,1.6236,1.3161,0.7122,0.7403,0.7166,0.6662,50.1,912.84,661.78,1,1,2025-10-01 14:05:50,16.700000000000003,78.3,,1,0,,0
2025-10-01 14:06:20,610.38,3.405,236.7,6.9535,20.860599999999998,236.5,236.47,237.15,409.61,407.85,412.45,409.93,8.2656,6.8961,5.6989,1.4142,1.1737,0.8171,3.5516,1.3457,1.13,1.0759,4.937,1.9548,1.6307,1.3515,0.692,0.7244,0.7203,0.6048,50,912.9,661.82,1,1,2025-10-01 14:06:50,16.700000000000003,78.6,,1,0,,0
2025-10-01 14:07:05,610.42,3.4298,238.99,7.051,21.153200000000002,237.82,239.78,239.37,413.65,412.74,415.38,413.92,8.2695,7.1098,5.7739,1.3897,1.1992,0.8409,3.6946,1.3882,1.2099,1.0965,5.0535,1.9667,1.7048,1.3821,0.6803,0.7074,0.7039,0.6085,50.1,912.96,661.87,1,1,2025-10-01 14:07:50,16.700000000000003,78.7,,1,0,,0
2025-10-01 14:07:50,610.46,3.3832,233.02,6.8288,20.4864,233.39,232.38,233.29,403.46,400.71,406.58,403.61,8.1853,6.7357,5.5654,1.4176,1.1607,0.8049,3.3441,1.2773,1.0485,1.0183,4.774,1.9104,1.5652,1.2984,0.7112,0.7429,0.742,0.6201,50,913.02,661.91,1,1,2025-10-01 14:07:50,16.700000000000003,78.7,,1,0,,0
2025-10-01 14:08:35,610.5,3.4534,242.77,7.237,21.711000000000002,241.59,243.79,242.95,420.36,419.24,421.84,420.49,8.4819,7.3379,5.8912,1.3936,1.2255,0.8343,3.9625,1.4987,1.3012,1.1627,5.2693,2.0491,1.7889,1.4313,0.657,0.6809,0.6856,0.583,50,913.09,661.96,1,1,2025-10-01 14:08:50,16.700000000000003,78.7,,1,0,,0
2025-10-01 14:09:20,610.55,3.4102,239.12,7.0723,21.217,238.53,239.72,239.13,414.24,412.24,416,414.12,8.364,7.1082,5.7448,1.395,1.2008,0.8144,3.7364,1.4229,1.2073,1.1062,5.0728,1.9951,1.704,1.3738,0.6741,0.7,0.7051,0.5928,50,913.15,662.01,1,1,2025-10-01 14:09:50,16.700000000000003,78.7,,1,0,,0
2025-10-01 14:10:05,610.59,3.3914,236.36,6.9475,20.8426,235.92,236.48,236.68,409.29,407.25,411.56,409.21,8.237,6.9262,5.6794,1.3985,1.176,0.817,3.5517,1.3461,1.1384,1.0672,4.9254,1.9433,1.6379,1.3442,0.6906,0.7204,0.7184,0.6078,50,913.21,662.05,1,1,2025-10-01 14:10:50,16.700000000000003,78.7,,1,0,,0
2025-10-01 14:11:35,610.68,3.4203,238.97,7.0637,21.191300000000002,237.75,239.77,239.4,413.64,412.54,415.5,413.9,8.2635,7.1385,5.7893,1.3818,1.1966,0.8419,3.7154,1.393,1.2218,1.1006,5.0622,1.9646,1.7116,1.386,0.6772,0.7042,0.6996,0.6075,50,913.34,662.15,1,1,2025-10-01 14:11:50,16.700000000000003,78.7,,1,0,,0
2025-10-01 14:12:20,610.72,3.4146,236.35,6.9714,20.9143,235.91,236.14,237.02,409.11,407.49,411.5,409.25,8.2191,6.9395,5.7557,1.406,1.1721,0.8364,3.5526,1.3316,1.1435,1.0775,4.9419,1.939,1.6387,1.3642,0.6929,0.726,0.7157,0.6131,50,913.4,662.19,1,1,2025-10-01 14:12:50,16.700000000000003,78.6,,1,0,,0
2025-10-01 14:13:05,610.76,3.4473,238.94,7.0981,21.2943,238.09,239.42,239.32,413.45,412.6,415.49,413.98,8.3185,7.1496,5.8262,1.399,1.2026,0.8457,3.7225,1.3982,1.2161,1.1082,5.0866,1.9806,1.7118,1.3943,0.6794,0.7072,0.7031,0.6066,49.9,913.46,662.24,1,1,2025-10-01 14:13:50,16.700000000000003,78.6,,1,0,,0
2025-10-01 14:13:50,610.8,3.3813,233.4,6.848,20.5441,233.24,232.74,234.23,403.44,402.69,406.64,404.25,8.1287,6.7438,5.6716,1.4098,1.1453,0.8262,3.3761,1.2643,1.0716,1.0401,4.7939,1.8959,1.5696,1.3285,0.7076,0.7444,0.7302,0.6219,50,913.53,662.28,1,1,2025-10-01 14:13:50,16.700000000000003,78.6,,1,0,,0
2025-10-01 14:14:35,610.85,3.4034,236.19,6.9709,20.9129,236.52,235.82,236.25,409.01,406.43,411.83,409.19,8.3201,6.8863,5.7065,1.422,1.1742,0.8072,3.5567,1.3567,1.1202,1.0798,4.94,1.9679,1.6239,1.3482,0.6913,0.7235,0.7235,0.5987,49.9,913.59,662.33,1,1,2025-10-01 14:14:50,16.700000000000003,78.5,,1,0,,0
2025-10-01 14:15:20,610.89,3.4603,240.26,7.1631,21.4893,239.51,240.3,240.99,415.32,414.82,418.27,416.14,8.4337,7.1151,5.9405,1.4257,1.1907,0.8439,3.8073,1.4266,1.2248,1.1559,5.1613,2.02,1.7098,1.4316,0.6725,0.7068,0.697,0.5896,49.9,913.65,662.37,1,1,2025-10-01 14:15:50,16.700000000000003,78.7,,1,0,,0
2025-10-01 14:16:05,610.93,3.3739,232.83,6.8363,20.509,233.2,231.74,233.57,402.66,400.46,406.68,403.27,8.1843,6.6651,5.6596,1.4259,1.1364,0.8117,3.353,1.2653,1.0445,1.0432,4.7751,1.9086,1.5446,1.3219,0.7093,0.7479,0.7362,0.614,50,913.71,662.42,1,1,2025-10-01 14:16:50,16.8,78.2,,1,0,,0
2025-10-01 14:16:50,610.98,3.4727,242.78,7.2834,21.8504,241.69,242.86,243.79,419.67,419.14,422.66,420.4,8.5336,7.2466,6.0702,1.4267,1.1943,0.8517,3.9859,1.4855,1.2905,1.21,5.3022,2.0625,1.7599,1.4799,0.6568,0.6927,0.6792,0.5755,50,913.78,662.47,1,1,2025-10-01 14:16:50,16.8,78.2,,1,0,,0
2025-10-01 14:17:35,611.02,3.4326,238.4,7.0657,21.197200000000002,238.42,239.43,237.37,414.02,410.32,414.4,412.9,8.4135,7.1512,5.6325,1.3985,1.234,0.8001,3.6908,1.4347,1.1854,1.0707,5.0551,2.0059,1.7122,1.337,0.681,0.698,0.7211,0.5985,50,913.84,662.51,1,1,2025-10-01 14:17:50,16.8,78,,1,0,,0
2025-10-01 14:18:20,611.06,3.4112,236.49,6.9731,20.9195,236.53,236,236.95,409.29,407.1,412.42,409.61,8.3136,6.8655,5.7404,1.4275,1.1675,0.8162,3.558,1.3487,1.1216,1.0876,4.9469,1.9664,1.6203,1.3602,0.692,0.7268,0.7211,0.6002,50,913.9,662.56,1,1,2025-10-01 14:18:50,16.8,77.7,,1,0,,0
2025-10-01 14:19:05,611.1,3.4743,243.19,7.2809,21.8429,242.66,243.03,243.88,420.75,419.02,423.82,421.24,8.5934,7.2282,6.0213,1.4383,1.2029,0.8331,3.9923,1.5055,1.278,1.2088,5.3104,2.0853,1.7567,1.4685,0.6564,0.6907,0.6853,0.5674,50,913.97,662.6,1,1,2025-10-01 14:19:50,16.8,77.5,,1,0,,0
2025-10-01 14:19:50,611.15,3.4394,238.98,7.0852,21.2556,238.7,239.17,239.09,414,411.82,415.94,413.92,8.4088,7.0747,5.7721,1.4177,1.2028,0.8189,3.7146,1.4167,1.1878,1.1102,5.0793,2.0072,1.6921,1.3801,0.6794,0.7073,0.7115,0.5935,50,914.03,662.65,1,1,2025-10-01 14:19:50,16.8,77.5,,1,0,,0
2025-10-01 14:20:35,611.19,3.4151,236.7,6.9781,20.9343,235.62,237.8,236.69,410.27,408.27,411.34,410.01,8.155,7.1014,5.6779,1.3689,1.2041,0.8421,3.5743,1.3451,1.1822,1.0469,4.9541,1.9215,1.6887,1.3439,0.6908,0.7132,0.7135,0.6267,50,914.09,662.69,1,1,2025-10-01 14:20:50,16.8,77.5,,1,0,,0
2025-10-01 14:21:20,611.23,3.4506,238.94,7.0985,21.2956,238.84,239.04,238.95,413.86,411.31,416.34,413.83,8.4212,7.0797,5.7947,1.4235,1.2049,0.8222,3.7177,1.4173,1.1867,1.1137,5.0883,2.0113,1.6923,1.3846,0.6802,0.7086,0.7124,0.5939,50,914.16,662.74,1,1,2025-10-01 14:21:50,16.8,78.3,,1,0,,0
2025-10-01 14:22:05,611.28,3.3635,232.89,6.8073,20.4221,231.59,234.28,232.82,402.91,402.51,404.69,403.36,7.8285,6.9302,5.6634,1.3336,1.162,0.8679,3.3501,1.2254,1.1323,0.9924,4.7552,1.813,1.6236,1.3186,0.7085,0.7363,0.7162,0.6582,49.9,914.22,662.79,1,1,2025-10-01 14:22:50,16.8,78.1,,1,0,,0
2025-10-01 14:22:50,611.32,3.4189,236.84,6.9941,20.9823,237.24,237.28,236.01,409.79,408.91,411.93,410.26,8.2442,7.003,5.7351,1.4006,1.1922,0.8262,3.5893,1.3617,1.1558,1.0717,4.9711,1.9559,1.6617,1.3535,0.6897,0.7169,0.7179,0.6105,49.9,914.28,662.83,1,1,2025-10-01 14:22:50,16.8,78.1,,1,0,,0
2025-10-01 14:23:35,611.36,3.4167,237.78,7.0158,21.0475,237.06,238.12,238.17,410.81,410.85,413.85,411.83,8.1528,6.9942,5.9005,1.3927,1.1619,0.862,3.636,1.3356,1.191,1.1094,5.0035,1.9327,1.6655,1.4053,0.6847,0.7217,0.6983,0.6135,50,914.34,662.88,1,1,2025-10-01 14:23:50,16.8,77.9,,1,0,,0
2025-10-01 14:24:20,611.4,3.4091,236.45,6.97,20.91,236.74,235.98,236.65,408.86,407.39,412.37,407.65,8.199,6.8722,5.8388,1.4166,1.1527,0.8398,3.5582,1.3229,1.1387,1.0967,4.9445,1.941,1.6217,1.3818,0.6918,0.7308,0.7114,0.6073,50,914.41,662.92,1,1,2025-10-01 14:24:50,16.8,77.6,,1,0,,0
2025-10-01 14:25:05,611.45,3.4649,242.67,7.2736,21.820999999999998,242.43,242.88,242.72,419.54,418.54,422.85,420.25,8.495,7.2462,6.0798,1.422,1.194,0.849,3.9678,1.4803,1.2845,1.203,5.2951,2.0594,1.76,1.4757,0.6577,0.6917,0.6797,0.576,50,914.47,662.97,1,1,2025-10-01 14:25:50,16.8,77.5,,1,0,,0
2025-10-01 14:25:50,611.49,3.4319,238.7,7.078,21.2341,238.79,238.66,238.65,412.59,412.03,415.66,413.55,8.3105,7.0293,5.8943,1.4144,1.1765,0.841,3.709,1.3879,1.1938,1.1273,5.0688,1.9845,1.6776,1.4067,0.6791,0.7137,0.7019,0.5979,49.9,914.53,663.01,1,1,2025-10-01 14:25:50,16.8,77.5,,1,0,,0
2025-10-01 14:26:35,611.53,3.3854,236.7,6.9622,20.8866,237.17,236.72,236.22,409.43,408.37,412.11,410.05,8.2397,6.9153,5.7316,1.4017,1.1703,0.8134,3.5823,1.3579,1.1425,1.0819,4.9451,1.9542,1.637,1.3539,0.6868,0.7182,0.7155,0.6009,49.9,914.59,663.06,1,1,2025-10-01 14:26:50,16.8,77.6,,1,0,,0
2025-10-01 14:27:20,611.57,3.4493,242.52,7.2465,21.7397,242.23,243.06,242.27,420.16,417.45,422.49,420.02,8.4885,7.2493,6.0019,1.4108,1.2025,0.836,3.9783,1.4951,1.2898,1.1935,5.2723,2.0562,1.762,1.4541,0.655,0.6869,0.6826,0.5746,49.9,914.66,663.11,1,1,2025-10-01 14:27:50,16.700000000000003,77.8,,1,0,,0
2025-10-01 14:28:05,611.61,3.4084,238.98,7.0632,21.189700000000002,238.6,239.74,238.61,413.6,412.29,415.84,413.93,8.284,7.0816,5.8241,1.3901,1.1874,0.8309,3.7256,1.4012,1.2111,1.1133,5.064,1.9766,1.6977,1.3897,0.675,0.7042,0.7001,0.598,49.9,914.72,663.15,1,1,2025-10-01 14:28:50,16.700000000000003,77.8,,1,0,,0
2025-10-01 14:28:50,611.66,3.3942,236.87,6.9776,20.9329,236.69,236.36,237.57,408.47,409.17,413.15,410.23,8.197,6.8459,5.89,1.4136,1.1375,0.8431,3.5892,1.3245,1.1485,1.1162,4.9575,1.9401,1.6181,1.3993,0.687,0.7297,0.7036,0.6027,49.9,914.79,663.2,1,1,2025-10-01 14:28:50,16.700000000000003,77.8,,1,0,,0
2025-10-01 14:29:35,611.7,3.4121,238.57,7.0654,21.196399999999997,239.36,236.81,239.56,412.12,410.44,417.1,413.23,8.4119,6.7581,6.0264,1.4673,1.12,0.8248,3.7002,1.374,1.1415,1.1847,5.0575,2.0135,1.6004,1.4437,0.6779,0.7299,0.7003,0.5713,49.9,914.85,663.24,1,1,2025-10-01 14:29:50,16.700000000000003,78.1,,1,0,,0
2025-10-01 14:30:20,611.74,3.3593,233.26,6.8282,20.4848,233.9,232.54,233.34,402.93,402.13,406.95,404.04,8.0925,6.694,5.6983,1.407,1.1313,0.8211,3.3756,1.2624,1.0676,1.0455,4.7791,1.8928,1.5566,1.3296,0.7053,0.7443,0.7272,0.6176,49.9,914.91,663.29,1,1,2025-10-01 14:30:50,16.700000000000003,78.1,,1,0,,0
2025-10-01 14:31:05,611.78,3.3898,236.59,6.9595,20.878500000000003,236.57,236.37,236.85,408.87,408.29,412.19,409.75,8.1576,6.8967,5.8242,1.3985,1.1506,0.8406,3.5728,1.3261,1.153,1.0937,4.9395,1.9298,1.6302,1.3795,0.6882,0.7256,0.7063,0.6094,49.9,914.97,663.33,1,1,2025-10-01 14:31:50,16.700000000000003,77.9,,1,0,,0
2025-10-01 14:31:50,611.83,3.4107,238.24,7.0367,21.1102,239.14,238.02,237.56,412.34,410.5,415.05,412.58,8.3338,6.9882,5.7882,1.4163,1.1831,0.8113,3.6757,1.3984,1.1673,1.11,5.0313,1.9929,1.6633,1.375,0.6801,0.7115,0.7118,0.5901,50,915.04,663.38,1,1,2025-10-01 14:31:50,16.700000000000003,77.9,,1,0,,0
2025-10-01 14:32:35,611.87,3.4098,237.55,7.0103,21.031100000000002,236.41,238.3,237.96,410.14,411.09,413.1,411.12,8.0731,7.0726,5.8854,1.3685,1.1678,0.8735,3.634,1.3266,1.2131,1.0944,4.9945,1.9086,1.6854,1.4005,0.6842,0.718,0.6935,0.6237,50,915.1,663.43,1,1,2025-10-01 14:32:50,16.700000000000003,77.9,,1,0,,0
2025-10-01 14:33:20,611.91,3.4624,242.32,7.2501,21.7504,242.6,242.2,242.17,418.76,418.15,422.19,419.78,8.5267,7.1772,6.0465,1.4354,1.1923,0.8348,3.9499,1.4849,1.2626,1.2024,5.2712,2.0686,1.7383,1.4643,0.6591,0.695,0.6865,0.5702,49.9,915.16,663.47,1,1,2025-10-01 14:33:50,16.700000000000003,77.8,,1,0,,0
2025-10-01 14:34:05,611.96,3.4382,238.86,7.0838,21.2516,238.77,238.68,239.14,412.8,411.62,416.68,413.66,8.2879,7.0307,5.933,1.4158,1.1721,0.8503,3.7133,1.3787,1.1988,1.1357,5.0758,1.9789,1.6781,1.4188,0.6794,0.7164,0.6991,0.5993,49.9,915.22,663.52,1,1,2025-10-01 14:34:50,16.700000000000003,77.9,,1,0,,0
2025-10-01 14:34:50,612,3.4023,236.35,6.9588,20.8766,235.72,236.42,236.91,408.6,407.72,411.73,409.3,8.1078,6.9155,5.8533,1.3928,1.1513,0.8581,3.5529,1.3049,1.1589,1.0891,4.9328,1.9112,1.635,1.3867,0.6916,0.7297,0.7047,0.6188,49.9,915.29,663.56,1,1,2025-10-01 14:34:50,16.700000000000003,77.9,,1,0,,0
2025-10-01 14:35:35,612.04,3.4758,243.41,7.3111,21.9333,242.62,243.34,244.27,420.19,420.79,423.77,421.61,8.4861,7.2596,6.1876,1.4257,1.1807,0.8693,4.0286,1.4808,1.3116,1.2361,5.3369,2.0589,1.7666,1.5114,0.6532,0.6935,0.669,0.5752,49.9,915.35,663.61,1,1,2025-10-01 14:35:50,16.700000000000003,78,,1,0,,0
2025-10-01 14:36:20,612.09,3.4006,236.99,6.9822,20.9467,236.53,237.33,237.11,409.31,409.73,412.35,413.34,8.149,6.9786,5.8191,1.3859,1.1662,0.8485,3.5962,1.3355,1.1734,1.0873,4.9635,1.9275,1.6562,1.3798,0.687,0.72,0.7049,0.6152,49.9,915.41,663.66,1,1,2025-10-01 14:36:50,16.700000000000003,78.1,,1,0,,0
2025-10-01 14:37:05,612.13,3.3977,236.71,6.9855,20.9567,236.67,236.1,237.37,408.31,408.56,413.08,409.95,8.2103,6.8458,5.9006,1.4167,1.1374,0.8436,3.5906,1.326,1.1466,1.118,4.9601,1.9431,1.6163,1.4006,0.6873,0.73,0.7042,0.6023,49.9,915.47,663.7,1,1,2025-10-01 14:37:50,16.700000000000003,78.2,,1,0,,0
2025-10-01 14:37:50,612.17,3.4138,238.98,7.0969,21.2908,238.92,238.38,239.66,412.49,412.26,417,413.98,8.3228,6.98,5.988,1.4203,1.1502,0.8434,3.7479,1.3872,1.2001,1.1606,5.0875,1.9885,1.6639,1.4351,0.6733,0.7154,0.6919,0.5878,49.9,915.54,663.75,1,1,2025-10-01 14:37:50,16.700000000000003,78.2,,1,0,,0
2025-10-01 14:38:35,612.21,3.3536,232.42,6.808,20.4242,232.12,232.03,233.11,401.3,401.02,405.31,402.53,7.965,6.7218,5.7374,1.3832,1.1221,0.8484,3.3373,1.2228,1.0812,1.0334,4.7459,1.8488,1.5597,1.3374,0.7088,0.7492,0.7201,0.6345,49.9,915.6,663.79,1,1,2025-10-01 14:38:50,16.700000000000003,78.3,,1,0,,0
2025-10-01 14:39:20,612.26,3.3974,236.72,6.981,20.942999999999998,236.25,237.03,236.9,409.38,408.78,411.87,410.02,8.1317,6.9918,5.8195,1.3824,1.1647,0.8503,3.5917,1.3301,1.1767,1.0849,4.957,1.9211,1.6573,1.3786,0.6871,0.7206,0.7034,0.6168,49.9,915.66,663.84,1,1,2025-10-01 14:39:50,16.700000000000003,78.4,,1,0,,0
2025-10-01 14:40:05,612.3,3.4224,238.34,7.0693,21.2081,239.28,237.04,238.7,411.95,410.1,416.36,412.73,8.4001,6.8749,5.9331,1.4502,1.1502,0.8219,3.6924,1.3873,1.1521,1.1529,5.0558,2.01,1.6296,1.4162,0.6797,0.7226,0.7065,0.5804,49.9,915.72,663.88,1,1,2025-10-01 14:40:50,16.700000000000003,78.2,,1,0,,0
2025-10-01 14:40:50,612.34,3.4007,236.82,6.995,20.985,237.39,236.59,236.49,409.39,408.7,412.44,410.17,8.2753,6.9108,5.7989,1.4141,1.1657,0.821,3.6022,1.3596,1.1445,1.0982,4.9709,1.9645,1.635,1.3714,0.6864,0.7208,0.7135,0.5987,49.9,915.79,663.93,1,1,2025-10-01 14:40:50,16.700000000000003,78.2,,1,0,,0
2025-10-01 14:41:35,612.38,3.4616,242.65,7.2788,21.8365,242.19,242.95,242.83,419.15,419.06,422.62,420.31,8.4892,7.2498,6.0975,1.4181,1.1914,0.8521,3.9896,1.4844,1.2948,1.2105,5.298,2.056,1.7613,1.4807,0.6553,0.6907,0.6771,0.5755,49.9,915.85,663.98,1,1,2025-10-01 14:41:50,16.700000000000003,78.1,,1,0,,0
2025-10-01 14:42:20,612.43,3.4176,239.08,7.0858,21.2574,238.42,239.36,239.47,412.91,412.76,416.58,414.04,8.2562,7.0637,5.9375,1.3966,1.1679,0.8531,3.7397,1.3827,1.2202,1.1369,5.0811,1.9684,1.6908,1.4219,0.6746,0.7106,0.6914,0.6001,49.9,915.91,664.02,1,1,2025-10-01 14:42:50,16.700000000000003,78.3,,1,0,,0
2025-10-01 14:43:05,612.47,3.3902,236.9,6.9771,20.9315,236.39,236.51,237.82,408.84,408.95,413.17,410.42,8.1463,6.8837,5.9015,1.4007,1.1363,0.8532,3.5957,1.3175,1.164,1.1142,4.9573,1.9257,1.6281,1.4035,0.686,0.7284,0.6985,0.6079,49.9,915.98,664.07,1,1,2025-10-01 14:43:50,16.700000000000003,78.2,,1,0,,0
2025-10-01 14:43:50,612.51,3.4584,243.34,7.3028,21.9084,242.62,243.91,243.51,420.72,420.2,423.49,421.5,8.4771,7.3182,6.1131,1.4057,1.1965,0.8562,4.0366,1.4969,1.3221,1.2176,5.3303,2.0567,1.785,1.4886,0.6506,0.6845,0.671,0.5752,49.9,916.04,664.12,1,1,2025-10-01 14:43:50,16.700000000000003,78.2,,1,0,,0
2025-10-01 14:44:35,612.55,3.4167,238.9,7.0792,21.2378,239.23,238.51,238.96,413.11,411.38,416.81,413.74,8.3401,6.9826,5.9151,1.4217,1.1649,0.8301,3.7267,1.3954,1.188,1.1434,5.0741,1.9952,1.6654,1.4135,0.6757,0.7136,0.7001,0.5875,49.9,916.1,664.16,1,1,2025-10-01 14:44:50,16.700000000000003,78.3,,1,0,,0
2025-10-01 14:45:20,612.6,3.4058,237.35,7.0111,21.0334,236.09,236.77,239.21,408.66,411,413.65,411.18,8.0616,6.9114,6.0604,1.3964,1.1167,0.8927,3.6247,1.2889,1.1938,1.142,4.9894,1.9033,1.6364,1.4497,0.6847,0.7348,0.6831,0.6158,49.9,916.17,664.21,1,1,2025-10-01 14:45:50,16.700000000000003,78.3,,1,0,,0
2025-10-01 14:46:05,612.64,3.4367,239.25,7.1027,21.308100000000003,239.62,239.24,238.9,413.27,413.07,416.81,414.32,8.3558,7.0492,5.9031,1.4195,1.1832,0.8339,3.7445,1.4079,1.1997,1.1369,5.0989,2.0022,1.6865,1.4103,0.6761,0.71,0.7022,0.5914,49.9,916.23,664.25,1,1,2025-10-01 14:46:50,16.700000000000003,78.3,,1,0,,0
2025-10-01 14:46:50,612.68,3.3751,233.42,6.8395,20.5185,233.33,233.29,233.64,403.18,402.57,407.09,404.15,7.9985,6.7719,5.7481,1.3884,1.1376,0.8492,3.3788,1.2439,1.0946,1.0403,4.7891,1.8663,1.5798,1.343,0.7067,0.7447,0.7206,0.6323,50,916.29,664.3,1,1,2025-10-01 14:46:50,16.700000000000003,78.3,,1,0,,0
2025-10-01 14:47:35,612.72,3.4193,237.71,7.0171,21.051299999999998,237.53,237.74,237.86,410.62,410.22,414.28,411.66,8.2134,6.967,5.8709,1.4063,1.1649,0.8482,3.6324,1.3481,1.1753,1.1089,5.0037,1.9509,1.6563,1.3965,0.6854,0.7218,0.7039,0.6075,50,916.35,664.34,1,1,2025-10-01 14:47:50,16.700000000000003,78.2,,1,0,,0
2025-10-01 14:48:20,612.77,3.4234,238.74,7.0684,21.2053,239.21,238.14,238.88,412.24,411.99,416.28,413.45,8.3394,6.9348,5.9311,1.4321,1.158,0.8332,3.7061,1.3847,1.1756,1.1458,5.0631,1.9949,1.6515,1.4168,0.6785,0.7189,0.7017,0.5881,50,916.42,664.39,1,1,2025-10-01 14:48:50,16.700000000000003,78.3,,1,0,,0
2025-10-01 14:49:05,612.81,3.4003,236.51,6.96,20.880100000000002,236.15,236.66,236.72,408.2,408.66,412.03,409.65,8.1279,6.9174,5.8348,1.3941,1.1552,0.851,3.561,1.3155,1.1579,1.0876,4.9377,1.9194,1.6371,1.3812,0.6906,0.7273,0.7062,0.6162,50,916.48,664.43,1,1,2025-10-01 14:49:50,16.700000000000003,78.2,,1,0,,0
2025-10-01 14:49:50,612.85,3.4568,242.17,7.235,21.705,241.61,242.68,242.24,418.6,417.77,421.95,419.45,8.434,7.2159,6.0551,1.4126,1.1905,0.8536,3.9403,1.4649,1.2825,1.1929,5.2557,2.0377,1.7512,1.4668,0.6594,0.6941,0.6803,0.5819,49.9,916.54,664.48,1,1,2025-10-01 14:49:50,16.700000000000003,78.2,,1,0,,0
2025-10-01 14:50:35,612.89,3.4104,237.17,7.0126,21.038,238.35,236.49,236.68,410.25,408.09,414,410.83,8.3903,6.8448,5.8029,1.4433,1.1645,0.8027,3.6166,1.3802,1.1224,1.1141,4.992,1.9998,1.6187,1.3734,0.686,0.7227,0.72,0.5845,49.9,916.6,664.52,1,1,2025-10-01 14:50:50,16.700000000000003,78,,1,0,,0
2025-10-01 14:51:20,612.94,3.3956,236.61,6.9747,20.9242,235.92,236.97,236.96,408.71,408.57,412.15,409.83,8.1368,6.9502,5.8372,1.3873,1.1577,0.8507,3.5832,1.3233,1.1694,1.0905,4.9498,1.9196,1.647,1.3832,0.6878,0.7236,0.7035,0.615,49.9,916.67,664.57,1,1,2025-10-01 14:51:50,16.700000000000003,78.2,,1,0,,0
2025-10-01 14:52:05,612.98,3.4837,244.2,7.3652,22.0958,244.48,245.49,242.65,423.51,420.88,424.48,422.96,8.6949,7.4395,5.9614,1.4154,1.2544,0.8139,4.1035,1.5822,1.3256,1.1957,5.3986,2.1257,1.8263,1.4465,0.6471,0.6667,0.6873,0.5626,49.9,916.73,664.62,1,1,2025-10-01 14:52:50,16.700000000000003,78.1,,1,0,,0
2025-10-01 14:52:50,613.02,3.4185,238.74,7.0711,21.2135,239.19,238.61,238.44,412.9,411.23,416.38,413.45,8.3712,6.9849,5.8574,1.4229,1.1757,0.82,3.7133,1.4043,1.179,1.13,5.0656,2.0023,1.6667,1.3966,0.6772,0.7117,0.7061,0.5872,49.9,916.79,664.66,1,1,2025-10-01 14:52:50,16.700000000000003,78.1,,1,0,,0
2025-10-01 14:53:35,613.07,3.394,236.79,6.9687,20.906100000000002,236.48,236.68,237.23,408.68,409.12,412.59,410.13,8.1432,6.9079,5.855,1.3967,1.1486,0.8487,3.5822,1.3217,1.1614,1.0991,4.9496,1.9257,1.635,1.389,0.6877,0.7263,0.7031,0.6111,49.9,916.85,664.71,1,1,2025-10-01 14:53:50,16.700000000000003,78.2,,1,0,,0
2025-10-01 14:54:20,613.11,3.4166,238.83,7.0665,21.199599999999997,239.13,238.77,238.61,413.07,411.54,416.36,413.71,8.3403,6.9971,5.8622,1.4168,1.1749,0.8249,3.7147,1.3998,1.1857,1.1292,5.0639,1.9944,1.6707,1.3988,0.6769,0.7113,0.7038,0.5898,49.9,916.92,664.76,1,1,2025-10-01 14:54:50,16.700000000000003,78.2,,1,0,,0
2025-10-01 14:55:05,613.15,3.3499,233.2,6.813,20.4391,233.07,233.02,233.53,402.87,402.38,406.48,403.98,8.0135,6.7186,5.707,1.3873,1.1284,0.8342,3.3693,1.2469,1.0834,1.039,4.766,1.8677,1.5656,1.3328,0.705,0.7437,0.7213,0.626,49.9,916.98,664.8,1,1,2025-10-01 14:55:50,16.700000000000003,78.3,,1,0,,0
2025-10-01 14:55:50,613.19,3.3943,236.56,6.9635,20.8906,236.66,236.92,236.12,409.69,407.2,412.27,409.75,8.1682,6.9496,5.7728,1.3908,1.1705,0.833,3.5736,1.3389,1.1561,1.0785,4.9427,1.9331,1.6465,1.3631,0.6886,0.7204,0.7114,0.6112,49.9,917.04,664.85,1,1,2025-10-01 14:55:50,16.700000000000003,78.3,,1,0,,0
2025-10-01 14:56:35,613.24,3.4161,239.04,7.0839,21.2519,238.23,239.34,239.56,411.86,414.69,415.52,414.08,8.1923,7.0784,5.9812,1.3882,1.1613,0.8666,3.7392,1.3675,1.2312,1.1405,5.0787,1.9517,1.6941,1.4329,0.6744,0.7124,0.6861,0.605,49.9,917.11,664.89,1,1,2025-10-01 14:56:50,16.700000000000003,78.4,,1,0,,0
2025-10-01 14:57:20,613.28,3.395,236.43,6.9718,20.915599999999998,237.02,236.27,236,409.53,406.75,412.19,404.86,8.2289,6.8965,5.7902,1.41,1.1621,0.823,3.5742,1.3436,1.1403,1.0903,4.9463,1.9504,1.6294,1.3665,0.6886,0.7239,0.7137,0.6024,49.9,917.17,664.94,1,1,2025-10-01 14:57:50,16.700000000000003,78.4,,1,0,,0
2025-10-01 14:58:05,613.32,3.4598,242.25,7.2553,21.766,241.92,242.86,241.99,418.78,418.17,421.8,419.5,8.4484,7.2604,6.0572,1.4098,1.1984,0.8516,3.9599,1.4758,1.2914,1.1928,5.2729,2.0438,1.7633,1.4658,0.6579,0.6907,0.6802,0.581,49.9,917.23,664.98,1,1,2025-10-01 14:58:50,16.700000000000003,78.3,,1,0,,0
2025-10-01 14:58:50,613.37,3.4146,238.81,7.0691,21.2073,238.18,239.19,239.08,412.56,412.7,415.62,413.69,8.2034,7.0751,5.9288,1.388,1.1685,0.8581,3.7212,1.3712,1.2219,1.1281,5.0636,1.9539,1.6923,1.4175,0.6761,0.7114,0.6911,0.6054,49.9,917.3,665.03,1,1,2025-10-01 14:58:50,16.700000000000003,78.3,,1,0,,0
2025-10-01 14:59:35,613.41,3.3793,236.35,6.955,20.865099999999998,235.97,236.07,237.01,408.1,408.02,411.95,409.49,8.1161,6.8832,5.8658,1.3921,1.1379,0.8493,3.5695,1.3114,1.1579,1.1003,4.9303,1.9152,1.6249,1.3903,0.6874,0.7278,0.7009,0.611,49.9,917.36,665.07,1,1,2025-10-01 14:59:50,16.700000000000003,78.2,,1,0,,0
2025-10-01 15:00:20,613.45,3.4454,242.63,7.2606,21.7818,242.58,242.9,242.41,419.38,419.21,422.11,420.23,8.519,7.2405,6.0223,1.4165,1.1974,0.8315,3.9864,1.5007,1.286,1.1997,5.2851,2.0665,1.7587,1.4599,0.6539,0.6863,0.6814,0.5696,49.9,917.42,665.12,1,1,2025-10-01 15:00:50,16.700000000000003,78.1,,1,0,,0
2025-10-01 15:01:05,613.49,3.3835,236.12,6.9342,20.8027,236.96,234.84,236.58,407.42,407.5,412,413.34,8.2415,6.7239,5.8373,1.4339,1.1293,0.8202,3.5318,1.3211,1.1011,1.1095,4.9129,1.9529,1.579,1.381,0.6917,0.7354,0.7159,0.5944,49.9,917.49,665.17,1,1,2025-10-01 15:01:50,16.700000000000003,78.1,,1,0,,0
2025-10-01 15:01:50,613.53,3.3824,236.6,6.9404,20.8212,236,237.28,236.53,408.9,409.24,411.24,409.78,8.085,6.9612,5.775,1.3737,1.163,0.8458,3.5638,1.3207,1.1709,1.0722,4.9258,1.9081,1.6518,1.366,0.6884,0.7208,0.7047,0.6193,50,917.54,665.21,1,1,2025-10-01 15:01:50,16.700000000000003,78.1,,1,0,,0
2025-10-01 15:02:35,613.58,3.4103,239.16,7.0612,21.1836,239.44,239.15,238.91,413.4,412.97,416.33,414.26,8.3226,7.0017,5.8593,1.4125,1.1736,0.8242,3.7246,1.4014,1.1922,1.131,5.0671,1.9928,1.6745,1.3998,0.6753,0.7098,0.7015,0.5889,50,917.61,665.26,1,1,2025-10-01 15:02:50,16.700000000000003,78.1,,1,0,,0
2025-10-01 15:03:20,613.62,3.3592,233.29,6.817,20.451,233.27,233.11,233.51,403.41,402.27,406.52,404.02,8.0016,6.7524,5.697,1.3856,1.1367,0.837,3.3679,1.2471,1.087,1.0337,4.7709,1.8665,1.5741,1.3303,0.7061,0.7432,0.7227,0.6292,49.9,917.67,665.3,1,1,2025-10-01 15:03:50,16.700000000000003,78.2,,1,0,,0
2025-10-01 15:04:05,613.66,3.3978,238.38,7.0272,21.0816,238.47,238.04,238.65,412.14,410.77,415.73,412.9,8.2467,6.9399,5.895,1.4092,1.1522,0.8364,3.6803,1.3678,1.1817,1.1308,5.0254,1.9666,1.652,1.4068,0.6783,0.7175,0.698,0.5946,50,917.73,665.35,1,1,2025-10-01 15:04:50,16.700000000000003,78.2,,1,0,,0
2025-10-01 15:04:50,613.7,3.4137,238.78,7.0553,21.1661,238.64,238.86,238.84,412.85,411.97,415.87,413.55,8.2497,7.0246,5.8918,1.4014,1.1688,0.8435,3.7065,1.3788,1.2016,1.1262,5.0538,1.9687,1.6779,1.4072,0.6774,0.7128,0.6972,0.5994,50,917.8,665.4,1,1,2025-10-01 15:04:50,16.700000000000003,78.2,,1,0,,0
2025-10-01 15:05:35,613.75,3.383,236.39,6.9372,20.811799999999998,235.92,236.93,236.32,408.65,408.46,411.16,409.42,8.0807,6.9634,5.7677,1.3736,1.1644,0.845,3.5546,1.3184,1.167,1.0692,4.9193,1.9064,1.6498,1.363,0.6894,0.7214,0.7062,0.62,50,917.86,665.44,1,1,2025-10-01 15:05:50,16.700000000000003,78.1,,1,0,,0
2025-10-01 15:06:20,613.79,3.4489,242.47,7.2504,21.7513,242.64,243.06,241.73,419.63,418.45,421.81,419.96,8.5079,7.2756,5.9678,1.4093,1.2121,0.8275,3.9722,1.5047,1.2859,1.1816,5.2754,2.0644,1.7684,1.4426,0.6556,0.6835,0.6859,0.5736,50,917.92,665.49,1,1,2025-10-01 15:06:50,16.700000000000003,78.1,,1,0,,0
2025-10-01 15:07:05,613.83,3.389,237.7,6.9846,20.954,236.64,237.39,239.08,409.73,410.61,414.75,411.71,8.0738,6.9046,5.9756,1.391,1.1249,0.8731,3.6259,1.3056,1.1899,1.1304,4.9783,1.9106,1.6391,1.4286,0.6828,0.7291,0.6869,0.6112,50,917.98,665.53,1,1,2025-10-01 15:07:50,16.700000000000003,78.1,,1,0,,0
2025-10-01 15:07:50,613.88,3.4002,236.55,6.9681,20.9043,236.68,236.79,236.18,409.1,407.92,412.08,409.67,8.1985,6.9324,5.7734,1.3995,1.1702,0.8305,3.5708,1.3403,1.1494,1.081,4.9455,1.9404,1.6415,1.3636,0.6895,0.7222,0.7134,0.6092,49.9,918.05,665.58,1,1,2025-10-01 15:07:50,16.700000000000003,78.1,,1,0,,0
2025-10-01 15:08:35,613.92,3.4553,243.73,7.3084,21.9254,243.72,243.89,243.59,421.22,420.44,424.76,422.16,8.5761,7.2507,6.0986,1.4285,1.1944,0.8324,4.0541,1.5218,1.302,1.2302,5.3441,2.0902,1.7684,1.4856,0.6486,0.6843,0.6759,0.5603,49.9,918.11,665.63,1,1,2025-10-01 15:08:50,16.700000000000003,78.1,,1,0,,0
2025-10-01 15:09:20,613.96,3.3932,239.24,7.0581,21.1743,239.44,238.98,239.32,413.46,412.43,417.22,414.32,8.2968,6.9784,5.8991,1.409,1.1581,0.8261,3.7392,1.3965,1.198,1.1446,5.0661,1.9866,1.6677,1.4118,0.672,0.7102,0.695,0.5852,50,918.17,665.67,1,1,2025-10-01 15:09:50,16.700000000000003,78.2,,1,0,,0
2025-10-01 15:10:05,614,3.3623,236.93,6.9515,20.854699999999998,236.2,236.03,238.57,408.17,409.54,413.4,410.35,8.074,6.7879,5.9928,1.4001,1.1,0.8622,3.5988,1.2934,1.1646,1.1408,4.9389,1.9071,1.6021,1.4297,0.6826,0.7345,0.686,0.6029,49.9,918.23,665.71,1,1,2025-10-01 15:10:50,16.700000000000003,78.3,,1,0,,0
2025-10-01 15:10:50,614.05,3.3944,238.93,7.0636,21.1909,238.91,238.99,238.9,413.04,412.68,415.78,413.83,8.2778,7.0105,5.9026,1.4,1.1622,0.8321,3.7366,1.3931,1.2051,1.1384,5.0632,1.9776,1.6754,1.4101,0.6724,0.7088,0.6941,0.5901,49.9,918.3,665.76,1,1,2025-10-01 15:10:50,16.700000000000003,78.3,,1,0,,0
2025-10-01 15:11:35,614.08,3.3283,233.29,6.8045,20.4135,233.19,232.62,234.06,402.62,402.38,407.16,404.09,7.9967,6.6588,5.758,1.3892,1.1053,0.8339,3.3818,1.24,1.0833,1.0584,4.7614,1.8648,1.549,1.3477,0.7014,0.746,0.7141,0.6188,49.9,918.36,665.81,1,1,2025-10-01 15:11:50,16.8,77.8,,1,0,,0
2025-10-01 15:12:20,614.13,3.3623,237.13,6.959,20.877,237.15,236.63,237.62,405.99,414.57,411.49,410.76,8.1725,6.8439,5.8606,1.4004,1.1309,0.831,3.6102,1.3357,1.1573,1.1172,4.9502,1.9381,1.6195,1.3926,0.6815,0.7236,0.6989,0.5968,49.9,918.43,665.86,1,1,2025-10-01 15:12:50,16.8,77.7,,1,0,,0
2025-10-01 15:13:05,614.17,3.3821,238.96,7.0537,21.1613,238.74,239.05,239.1,412.02,414.13,415.51,414.23,8.2475,7.0149,5.8989,1.3915,1.1566,0.8341,3.7384,1.3893,1.2121,1.137,5.0563,1.969,1.6769,1.4104,0.6708,0.7076,0.6903,0.5914,49.9,918.49,665.9,1,1,2025-10-01 15:13:50,16.8,77.6,,1,0,,0
2025-10-01 15:13:50,614.21,3.372,236.81,6.9479,20.8438,236.84,236.96,236.64,410.12,407.57,412.76,409.98,8.1445,6.9195,5.7798,1.3864,1.1555,0.8301,3.5858,1.3375,1.1615,1.0868,4.9363,1.9289,1.6396,1.3677,0.685,0.7196,0.7052,0.607,49.9,918.55,665.95,1,1,2025-10-01 15:13:50,16.8,77.6,,1,0,,0
2025-10-01 15:14:35,614.25,3.4289,242.32,7.232,21.6961,242.37,241.83,242.78,418.61,418.51,422.01,419.72,8.4629,7.1452,6.088,1.4237,1.1662,0.8389,3.9607,1.4719,1.2724,1.2165,5.2571,2.0512,1.7279,1.478,0.6545,0.6952,0.6756,0.5677,49.9,918.61,665.99,1,1,2025-10-01 15:14:50,16.8,77.8,,1,0,,0
2025-10-01 15:15:20,614.3,3.3891,239.09,7.0434,21.130200000000002,238.84,239.22,239.22,413.42,412.49,416.4,414.09,8.2254,7.0155,5.8893,1.3916,1.1595,0.838,3.7259,1.3827,1.2111,1.1322,5.0516,1.9646,1.6782,1.4088,0.6728,0.7093,0.6915,0.5949,50,918.68,666.04,1,1,2025-10-01 15:15:50,16.8,77.8,,1,0,,0
2025-10-01 15:16:05,614.34,3.3697,237.04,6.9527,20.8581,236.48,237.1,237.56,409.28,410.19,412.23,410.56,8.0922,6.9222,5.8437,1.3799,1.1427,0.8471,3.5988,1.3225,1.1765,1.0998,4.9431,1.9136,1.6413,1.3882,0.6834,0.7219,0.6967,0.6102,50,918.73,666.08,1,1,2025-10-01 15:16:50,16.8,77.4,,1,0,,0
2025-10-01 15:16:50,614.38,3.425,242.43,7.231,21.692999999999998,243.01,241.97,242.32,419.1,417.84,422.74,419.87,8.542,7.1244,6.0266,1.4334,1.177,0.8146,3.9659,1.4969,1.2573,1.2116,5.26,2.0758,1.7239,1.4604,0.6536,0.6916,0.6833,0.5579,50,918.8,666.13,1,1,2025-10-01 15:16:50,16.8,77.4,,1,0,,0
2025-10-01 15:17:35,614.42,3.3435,233.44,6.8058,20.4176,233.66,232.9,233.77,403.56,402.25,407.15,412.5,8.0074,6.6967,5.7135,1.389,1.1238,0.8307,3.3754,1.2499,1.0798,1.0457,4.7663,1.871,1.5597,1.3356,0.7037,0.7433,0.721,0.622,50,918.86,666.18,1,1,2025-10-01 15:17:50,17.200000000000003,77.2,,1,0,,0
2025-10-01 15:18:20,614.46,3.3631,236.64,6.9296,20.789,236.95,236.35,236.63,409.07,408.35,412.18,409.87,8.1762,6.8459,5.7669,1.3984,1.1461,0.8186,3.5695,1.3373,1.1404,1.0918,4.92,1.9374,1.618,1.3646,0.6857,0.7227,0.7088,0.5998,50,918.92,666.22,1,1,2025-10-01 15:18:50,16.8,77,,1,0,,0
2025-10-01 15:19:05,614.51,3.3921,239.19,7.0561,21.1683,239.16,238.87,239.54,412.98,413.1,416.76,414.3,8.2651,6.9774,5.9258,1.4056,1.152,0.8345,3.7357,1.3855,1.2023,1.1479,5.0628,1.9767,1.6667,1.4195,0.6722,0.7121,0.6918,0.588,49.9,918.99,666.27,1,1,2025-10-01 15:19:50,16.8,77.1,,1,0,,0
2025-10-01 15:19:50,614.55,3.3499,233.08,6.8055,20.4167,233.06,232.94,233.24,402.61,402.83,405.65,403.73,7.9848,6.7442,5.6877,1.3815,1.1336,0.8348,3.3597,1.2432,1.086,1.0306,4.7585,1.8609,1.571,1.3266,0.706,0.7433,0.7221,0.6294,50,919.05,666.31,1,1,2025-10-01 15:19:50,16.8,77.1,,1,0,,0
2025-10-01 15:20:35,614.59,3.3797,236.36,6.9346,20.804,236.03,236.54,236.51,408.79,408.17,411.16,409.34,8.0901,6.9199,5.794,1.3822,1.1541,0.8434,3.5527,1.3139,1.159,1.0798,4.9167,1.9095,1.6368,1.3703,0.6892,0.7247,0.7056,0.6155,50,919.11,666.36,1,1,2025-10-01 15:20:50,16.8,77.1,,1,0,,0
2025-10-01 15:21:20,614.64,3.4115,238.73,7.0508,21.1525,238.32,239.01,238.87,412.58,412.52,415.35,413.48,8.2118,7.0322,5.9085,1.3946,1.1665,0.8504,3.7033,1.3692,1.208,1.1262,5.0492,1.957,1.6808,1.4114,0.6775,0.7135,0.6946,0.6025,50,919.18,666.41,1,1,2025-10-01 15:21:50,16.8,76.9,,1,0,,0
2025-10-01 15:22:05,614.68,3.3765,237.49,6.979,20.937199999999997,236.8,238.02,237.65,410.14,410.82,413.03,411.33,8.1269,6.9735,5.8368,1.3766,1.1558,0.8442,3.6308,1.3412,1.1893,1.1003,4.9714,1.9244,1.6598,1.3871,0.681,0.7162,0.6969,0.6087,49.9,919.24,666.45,1,1,2025-10-01 15:22:50,16.8,77,,1,0,,0
2025-10-01 15:22:50,614.72,3.4237,242.77,7.2389,21.7169,242.79,242.41,243.12,419.32,419,423.12,420.51,8.5313,7.1139,6.0717,1.4322,1.1678,0.8236,3.9836,1.492,1.2668,1.2248,5.2719,2.0713,1.7245,1.4762,0.6517,0.6925,0.6777,0.558,49.9,919.3,666.49,1,1,2025-10-01 15:22:50,16.8,77,,1,0,,0
2025-10-01 15:23:35,614.76,3.3811,238.51,7.041,21.123,238.56,238.4,238.58,412.68,411.29,415.34,413,8.2985,6.9512,5.8733,1.4058,1.1546,0.8207,3.712,1.3898,1.1867,1.1354,5.0381,1.9797,1.6572,1.4013,0.6733,0.7111,0.6973,0.5858,49.9,919.36,666.54,1,1,2025-10-01 15:23:50,16.8,77.2,,1,0,,0
2025-10-01 15:24:20,614.81,3.3646,236.47,6.9317,20.7952,236.31,237.11,235.99,409.41,407.77,411.5,409.57,8.1471,6.9456,5.7025,1.3751,1.1693,0.8201,3.5684,1.3438,1.158,1.0666,4.9178,1.9252,1.6469,1.3457,0.686,0.7152,0.7105,0.6095,49.9,919.43,666.59,1,1,2025-10-01 15:24:50,16.8,77,,1,0,,0
2025-10-01 15:25:05,614.85,3.4305,242.9,7.2574,21.7723,242.52,242.93,243.26,420.6,418.12,423.37,420.74,8.4962,7.186,6.0901,1.4187,1.175,0.8368,4.0003,1.4897,1.2886,1.222,5.2877,2.0605,1.7457,1.4815,0.6509,0.6896,0.6737,0.565,49.9,919.49,666.63,1,1,2025-10-01 15:25:50,16.8,76.8,,1,0,,0
2025-10-01 15:26:35,614.93,3.3656,237.76,7.0059,21.0178,238.72,236.19,238.39,410.7,408.92,415.81,411.81,8.3484,6.7488,5.9206,1.4424,1.1177,0.8054,3.6643,1.3708,1.1345,1.1589,4.9983,1.9929,1.594,1.4114,0.6764,0.7248,0.7018,0.5707,49.9,919.61,666.73,1,1,2025-10-01 15:26:50,16.8,76.8,,1,0,,0
2025-10-01 15:27:20,614.97,3.3712,239.11,7.0538,21.1616,239.24,238.47,239.63,413,412.35,417.08,414.17,8.32,6.9127,5.9289,1.4142,1.1381,0.8189,3.7479,1.3967,1.1905,1.1607,5.0597,1.9905,1.6485,1.4207,0.6687,0.7114,0.691,0.5764,49.9,919.68,666.77,1,1,2025-10-01 15:27:50,16.8,76.8,,1,0,,0
2025-10-01 15:28:05,615.02,3.3107,232.65,6.7668,20.3004,233.06,231.74,233.16,401.84,401.28,405.75,402.93,7.953,6.6366,5.7108,1.3828,1.1027,0.8253,3.3454,1.2305,1.0703,1.0446,4.723,1.8535,1.538,1.3315,0.7034,0.747,0.7175,0.6199,49.9,919.74,666.82,1,1,2025-10-01 15:28:50,16.8,76.9,,1,0,,0
2025-10-01 15:28:50,615.06,3.3538,236.64,6.9407,20.8223,236.64,236.73,236.56,409.28,408.76,411.56,409.91,8.1137,6.9234,5.7852,1.3757,1.1489,0.8291,3.5912,1.3355,1.1671,1.0886,4.9276,1.92,1.639,1.3685,0.6825,0.7175,0.7015,0.6058,49.9,919.8,666.87,1,1,2025-10-01 15:28:50,16.8,76.9,,1,0,,0
2025-10-01 15:29:35,615.1,3.3808,239.11,7.0504,21.1512,239.34,239.19,238.81,412.99,413.1,416.34,414.14,8.2967,6.9934,5.8611,1.3996,1.1635,0.8176,3.7395,1.4044,1.1995,1.1355,5.0582,1.9857,1.6728,1.3997,0.6706,0.7058,0.6962,0.5843,49.9,919.86,666.91,1,1,2025-10-01 15:29:50,16.8,76.9,,1,0,,0
2025-10-01 15:30:20,615.14,3.3674,236.36,6.9266,20.779899999999998,237.05,235.67,236.38,408.42,407.69,412.05,409.37,8.1695,6.8052,5.8052,1.4086,1.1379,0.8208,3.5531,1.3253,1.1284,1.0994,4.9126,1.9366,1.6038,1.3722,0.6878,0.7283,0.71,0.5982,50,919.93,666.96,1,1,2025-10-01 15:30:50,16.8,76.9,,1,0,,0
2025-10-01 15:31:05,615.18,3.4307,242.58,7.2303,21.6909,242.3,242.25,243.19,419.19,418.49,422.76,420.27,8.4267,7.1434,6.1208,1.4211,1.1616,0.8479,3.9648,1.4615,1.2802,1.223,5.2608,2.0418,1.7305,1.4885,0.6543,0.6971,0.6719,0.5697,50,919.99,667,1,1,2025-10-01 15:31:50,16.8,77,,1,0,,0
2025-10-01 15:31:50,615.23,3.3932,239.1,7.0453,21.136,239.55,238.95,238.8,413.74,412.2,416.42,414.12,8.2958,6.9794,5.8608,1.4081,1.1651,0.82,3.7237,1.3984,1.1913,1.1339,5.0545,1.9873,1.6677,1.3996,0.6735,0.7095,0.6991,0.5859,50,920.05,667.05,1,1,2025-10-01 15:31:50,16.8,77,,1,0,,0
2025-10-01 15:32:35,615.27,3.3651,236.56,6.9229,20.768700000000003,236.73,236.28,236.68,409.26,407.85,412.06,409.71,8.1297,6.8394,5.7996,1.3958,1.1404,0.8289,3.5585,1.3213,1.1432,1.094,4.9132,1.9245,1.616,1.3726,0.687,0.7262,0.7062,0.6039,50,920.11,667.09,1,1,2025-10-01 15:32:50,16.8,77.3,,1,0,,0
2025-10-01 15:33:20,615.31,3.4438,244.42,7.3298,21.9896,242.41,245.25,245.6,422.06,423.56,424.39,422.8,8.3363,7.4058,6.2475,1.3751,1.1737,0.8949,4.1055,1.4763,1.3832,1.246,5.3715,2.0208,1.8163,1.5344,0.6426,0.6815,0.647,0.5833,50,920.18,667.14,1,1,2025-10-01 15:33:50,16.8,77.3,,1,0,,0
2025-10-01 15:34:05,615.35,3.3706,237.2,6.7823,20.347,238.22,239.54,233.85,413.7,408.09,410.73,414.09,7.9753,6.6882,5.6835,1.3624,1.1748,0.8334,3.7061,1.3825,1.222,1.1016,4.8311,1.8999,1.6021,1.3291,0.6728,0.7399,0.7179,0.619,50,920.24,667.19,1,1,2025-10-01 15:34:50,16.8,77.4,,1,0,,0
2025-10-01 15:34:50,615.4,3.3628,237.32,6.9578,20.8735,237.76,236.42,237.79,410.3,409.02,413.81,411.04,8.2034,6.7996,5.8705,1.4137,1.1259,0.8232,3.612,1.3399,1.1451,1.127,4.9539,1.9504,1.6076,1.3959,0.6814,0.726,0.7014,0.5901,50,920.3,667.23,1,1,2025-10-01 15:34:50,16.8,77.4,,1,0,,0
2025-10-01 15:35:35,615.44,3.3824,239.13,7.0532,21.1597,239.13,238.72,239.54,413.57,412.18,416.76,414.21,8.2629,6.9528,5.944,1.4081,1.1421,0.8323,3.7286,1.381,1.1958,1.1518,5.0595,1.9759,1.6598,1.4238,0.6718,0.7124,0.689,0.5849,49.9,920.37,667.28,1,1,2025-10-01 15:35:50,16.8,77.4,,1,0,,0
2025-10-01 15:36:20,615.48,3.3384,233.1,6.8059,20.4178,233.33,232.43,233.55,403.1,401.81,406.29,403.56,8.028,6.6732,5.7166,1.3944,1.118,0.826,3.3706,1.2479,1.0738,1.0489,4.7593,1.8732,1.5511,1.3351,0.7037,0.7451,0.7212,0.6186,49.9,920.43,667.32,1,1,2025-10-01 15:36:50,16.8,77.3,,1,0,,0
2025-10-01 15:37:05,615.52,3.3671,236.97,6.9596,20.8789,236.64,236.68,237.6,409.5,409.17,412.64,410.36,8.1308,6.8797,5.8684,1.3912,1.1343,0.8415,3.6023,1.325,1.166,1.1113,4.9467,1.9241,1.6283,1.3943,0.6828,0.7241,0.6973,0.6036,49.9,920.49,667.37,1,1,2025-10-01 15:37:50,16.8,77.2,,1,0,,0
2025-10-01 15:37:50,615.57,3.3992,239.11,7.0731,21.2194,239.41,238.9,239.04,413.4,412.69,416.36,414.18,8.3385,6.9905,5.8904,1.4132,1.1646,0.8213,3.7434,1.4058,1.1946,1.1431,5.0744,1.9963,1.67,1.408,0.6722,0.7089,0.698,0.5835,49.9,920.56,667.42,1,1,2025-10-01 15:37:50,16.8,77.2,,1,0,,0
2025-10-01 15:38:35,615.61,3.3605,236.47,6.9375,20.8126,236.98,236.42,236.01,409.45,407.75,411.5,409.51,8.1906,6.9035,5.7185,1.3897,1.1608,0.8099,3.5772,1.3519,1.1458,1.0795,4.9228,1.941,1.6321,1.3496,0.6846,0.7167,0.7116,0.6001,49.9,920.61,667.46,1,1,2025-10-01 15:38:50,16.8,77.2,,1,0,,0
2025-10-01 15:39:20,615.65,3.424,242.82,7.2463,21.7391,243.15,242.76,242.57,420.85,418.55,422.33,420.52,8.5231,7.2006,6.0154,1.418,1.1876,0.8184,3.9957,1.5072,1.2806,1.2078,5.2796,2.0724,1.748,1.4592,0.6506,0.6852,0.6799,0.5609,49.9,920.68,667.51,1,1,2025-10-01 15:39:50,16.8,77.3,,1,0,,0
2025-10-01 15:40:05,615.69,3.3883,239.1,7.0577,21.1732,238.84,239.38,239.08,414.37,412.42,415.58,414.08,8.2617,7.0554,5.8561,1.3879,1.1705,0.8299,3.7415,1.3988,1.2155,1.1272,5.0622,1.9732,1.6889,1.4001,0.6712,0.7043,0.6936,0.5928,49.9,920.74,667.55,1,1,2025-10-01 15:40:50,16.8,77.4,,1,0,,0
2025-10-01 15:40:50,615.73,3.3674,236.75,6.9531,20.8594,236.26,236.61,237.4,409.17,409.06,411.96,409.99,8.1066,6.8954,5.8574,1.3848,1.1375,0.8451,3.5896,1.3187,1.1672,1.1037,4.9373,1.9153,1.6315,1.3905,0.6841,0.7241,0.6979,0.6079,49.9,920.8,667.6,1,1,2025-10-01 15:40:50,16.8,77.4,,1,0,,0
2025-10-01 15:41:35,615.78,3.434,243.05,7.2878,21.8635,243.7,243.44,242.02,421.24,418.76,422.9,421.04,8.6107,7.2785,5.9743,1.4169,1.2125,0.8046,4.0347,1.5438,1.2898,1.201,5.3162,2.0984,1.7719,1.4459,0.6481,0.6761,0.6849,0.5565,49.9,920.87,667.65,1,1,2025-10-01 15:41:50,16.8,77.4,,1,0,,0
2025-10-01 15:42:20,615.82,3.3372,233.4,6.8171,20.451300000000003,232.98,233.48,233.75,403.27,403.44,406.05,404.29,7.9389,6.7816,5.7308,1.3658,1.1275,0.8439,3.3937,1.2439,1.1098,1.0401,4.7725,1.8496,1.5834,1.3396,0.7011,0.7393,0.7126,0.63,49.9,920.93,667.69,1,1,2025-10-01 15:42:50,16.8,77.3,,1,0,,0
2025-10-01 15:43:05,615.86,3.3697,236.31,6.9504,20.851300000000002,235.67,237.17,236.09,408.61,408.56,410.69,409.29,8.0916,6.9724,5.7873,1.3666,1.1612,0.8418,3.5785,1.3267,1.1758,1.076,4.9269,1.9069,1.6536,1.3663,0.6855,0.7175,0.7026,0.6161,49.8,920.99,667.73,1,1,2025-10-01 15:43:50,16.8,77.1,,1,0,,0
2025-10-01 15:43:50,615.9,3.3908,238.84,7.0648,21.194399999999998,238.76,238.86,238.92,412.74,412.4,415.9,413.64,8.2519,7.006,5.9365,1.3976,1.1549,0.8384,3.7376,1.3849,1.2091,1.1436,5.062,1.9702,1.6735,1.4183,0.6719,0.7103,0.6907,0.5912,49.8,921.06,667.79,1,1,2025-10-01 15:43:50,16.8,77.1,,1,0,,0
2025-10-01 15:44:35,615.95,3.3463,233.25,6.8319,20.4959,233.43,233.2,233.12,403.59,402.19,406.18,403.99,8.0179,6.773,5.705,1.3797,1.1364,0.8302,3.3956,1.2612,1.0956,1.0388,4.781,1.8716,1.5795,1.3299,0.7019,0.738,0.7199,0.6242,49.8,921.12,667.83,1,1,2025-10-01 15:44:50,16.8,76.9,,1,0,,0
2025-10-01 15:45:20,615.99,3.3809,237.26,6.9958,20.9875,237.16,237.3,237.34,410.28,409.72,412.84,410.92,8.1981,6.946,5.8434,1.3925,1.1545,0.8338,3.6361,1.3532,1.1748,1.1081,4.9794,1.9443,1.6483,1.3869,0.6809,0.7171,0.7009,0.6012,49.8,921.18,667.87,1,1,2025-10-01 15:45:50,16.8,76.7,,1,0,,0
2025-10-01 15:46:05,616.03,3.3922,238.97,7.0691,21.2075,238.89,239.48,238.55,413.72,412.26,415.72,413.92,8.2865,7.0824,5.8386,1.387,1.18,0.8253,3.7465,1.4085,1.2163,1.1217,5.0685,1.9796,1.6961,1.3928,0.6711,0.7016,0.6963,0.5926,49.8,921.24,667.92,1,1,2025-10-01 15:46:50,16.8,76.8,,1,0,,0
2025-10-01 15:46:50,616.07,3.3706,236.64,6.9557,20.8673,236.26,237.19,236.47,409.88,408.31,411.39,409.84,8.1149,6.9778,5.7746,1.3709,1.1632,0.8365,3.5913,1.3366,1.1756,1.079,4.9378,1.9172,1.6551,1.3655,0.6843,0.716,0.7033,0.6126,49.9,921.31,667.97,1,1,2025-10-01 15:46:50,16.8,76.8,,1,0,,0
2025-10-01 15:47:35,616.11,3.4382,242.66,7.2638,21.7916,242.76,243.09,242.13,420.1,418.98,421.79,420.3,8.5086,7.2892,5.9938,1.4049,1.2057,0.8277,3.9983,1.5103,1.2963,1.1917,5.2888,2.0655,1.7719,1.4513,0.652,0.681,0.681,0.5704,49.9,921.36,668.01,1,1,2025-10-01 15:47:50,16.8,76.7,,1,0,,0
2025-10-01 15:48:20,616.16,3.3947,239.26,7.069,21.207,238.72,240.07,239,414.5,413.36,415.35,414.5,8.2159,7.1542,5.8369,1.3682,1.1868,0.8398,3.7544,1.4015,1.2394,1.1136,5.0738,1.9613,1.7175,1.395,0.6706,0.6985,0.6916,0.602,49.9,921.43,668.06,1,1,2025-10-01 15:48:50,16.8,76.7,,1,0,,0
2025-10-01 15:49:05,616.2,3.3735,236.6,6.9533,20.8601,236.35,237.16,236.29,410.46,407.83,411.07,409.8,8.1052,7.0175,5.7374,1.3655,1.173,0.835,3.5873,1.3403,1.1791,1.0679,4.9356,1.9157,1.6643,1.3557,0.685,0.7136,0.7052,0.6159,49.9,921.49,668.11,1,1,2025-10-01 15:49:50,16.8,76.7,,1,0,,0
2025-10-01 15:49:50,616.24,3.4432,242.43,7.2593,21.7781,242.69,242.67,241.93,420.28,418.17,421.23,419.93,8.5284,7.2484,6.0013,1.4162,1.2021,0.8249,3.9812,1.5053,1.2816,1.1943,5.2806,2.0698,1.759,1.4519,0.6541,0.6852,0.6841,0.5682,49.9,921.55,668.15,1,1,2025-10-01 15:49:50,16.8,76.7,,1,0,,0
2025-10-01 15:50:35,616.28,3.3422,232.81,6.7995,20.398699999999998,232.93,232.76,232.74,403.36,401.27,405.04,403.25,7.9852,6.7635,5.65,1.3745,1.1394,0.8282,3.3554,1.2499,1.0844,1.021,4.7492,1.86,1.5743,1.315,0.7057,0.7398,0.7243,0.6299,49.9,921.62,668.2,1,1,2025-10-01 15:50:50,16.8,77.1,,1,0,,0
2025-10-01 15:51:20,616.33,3.383,236.95,6.9811,20.9435,237.12,236.64,237.09,410.26,408.49,412.44,410.32,8.2193,6.8945,5.8297,1.4048,1.1504,0.8278,3.6082,1.3469,1.1549,1.1064,4.9626,1.949,1.6315,1.3822,0.6839,0.7218,0.7057,0.599,49.9,921.68,668.24,1,1,2025-10-01 15:51:50,16.8,77.5,,1,0,,0
2025-10-01 15:52:05,616.37,3.3805,237.79,7.0033,21.009999999999998,238.36,237.77,237.26,412.11,409.79,413.7,411.82,8.2648,6.9685,5.7767,1.3974,1.1702,0.8129,3.6587,1.3846,1.1711,1.103,4.9975,1.97,1.6569,1.3706,0.6786,0.7103,0.7068,0.5932,49.9,921.74,668.29,1,1,2025-10-01 15:52:50,16.8,77.5,,1,0,,0
2025-10-01 15:52:50,616.41,3.348,233.53,6.831,20.493,233.56,233.89,233.14,404.42,403.09,405.91,404.51,8.0055,6.8394,5.6481,1.3671,1.153,0.8279,3.4038,1.2726,1.1074,1.0238,4.7862,1.8698,1.5997,1.3168,0.7012,0.7319,0.7211,0.6287,49.9,921.81,668.34,1,1,2025-10-01 15:52:50,16.8,77.5,,1,0,,0
2025-10-01 15:53:35,616.45,3.38,236.77,6.9747,20.9243,235.98,237.27,237.08,409.88,408.78,411.61,409.98,8.065,7.0039,5.8554,1.3669,1.1549,0.8582,3.6049,1.321,1.193,1.0909,4.9532,1.9032,1.6618,1.3882,0.6839,0.719,0.6955,0.6182,49.9,921.87,668.38,1,1,2025-10-01 15:53:50,16.8,77.1,,1,0,,0
2025-10-01 15:54:20,616.49,3.397,239.17,7.0848,21.2544,238.85,239.79,238.87,414.31,412.38,416.02,414.25,8.2517,7.1275,5.8752,1.3788,1.1806,0.8376,3.7641,1.4045,1.2338,1.1258,5.0834,1.9709,1.7091,1.4034,0.6699,0.7005,0.6913,0.5968,49.9,921.93,668.43,1,1,2025-10-01 15:54:50,16.8,77.7,,1,0,,0
2025-10-01 15:55:05,616.54,3.3736,236.63,6.9708,20.9125,236.89,236.71,236.31,410.27,407.79,411.5,409.87,8.1845,6.9535,5.7745,1.3871,1.1629,0.8236,3.6017,1.351,1.1631,1.0876,4.9494,1.9388,1.646,1.3646,0.6836,0.7163,0.707,0.6037,49.8,921.99,668.47,1,1,2025-10-01 15:55:50,16.8,77.7,,1,0,,0
2025-10-01 15:55:50,616.58,3.4543,243.9,7.3413,22.023899999999998,243.92,244.08,243.71,422.81,420.7,423.81,422.37,8.5824,7.322,6.1195,1.4194,1.1989,0.836,4.0918,1.5343,1.3227,1.2348,5.372,2.0934,1.7872,1.4914,0.645,0.679,0.6715,0.5606,49.9,922.06,668.52,1,1,2025-10-01 15:55:50,16.8,77.7,,1,0,,0
2025-10-01 15:56:35,616.62,3.407,238.97,7.083,21.249200000000002,239.99,238.61,238.33,414.16,411.65,415.93,413.88,8.389,7.0041,5.8561,1.4214,1.1762,0.8093,3.7441,1.422,1.1852,1.1368,5.0802,2.0133,1.6712,1.3957,0.673,0.7069,0.7044,0.5799,49.9,922.12,668.56,1,1,2025-10-01 15:56:50,16.8,77.6,,1,0,,0
2025-10-01 15:57:20,616.66,3.3707,236.48,6.9584,20.8752,236.52,236.99,235.95,409.93,407.78,411.07,409.62,8.1567,6.9763,5.7422,1.3761,1.1695,0.8251,3.591,1.3491,1.1673,1.0746,4.9374,1.9292,1.6533,1.3549,0.6843,0.714,0.7077,0.6089,49.8,922.18,668.61,1,1,2025-10-01 15:57:50,16.8,77.4,,1,0,,0
2025-10-01 15:58:05,616.71,3.4091,241.49,7.2048,21.6144,241.86,240.68,241.94,417.57,416.46,420.78,421.05,8.4851,7.0439,6.0854,1.4332,1.1509,0.825,3.925,1.4639,1.2426,1.2185,5.2198,2.0522,1.6953,1.4723,0.6557,0.6995,0.6795,0.5606,49.8,922.25,668.66,1,1,2025-10-01 15:58:50,16.8,77,,1,0,,0
2025-10-01 15:58:50,616.75,3.3353,233.09,6.8105,20.4315,233.02,232.83,233.42,402.89,402.42,405.83,403.61,7.9582,6.7435,5.7298,1.3739,1.1221,0.8393,3.38,1.2423,1.0964,1.0413,4.762,1.8544,1.5701,1.3374,0.7023,0.7417,0.7152,0.6275,49.8,922.31,668.7,1,1,2025-10-01 15:58:50,16.8,77,,1,0,,0
2025-10-01 15:59:35,616.79,3.3863,237.94,7.0336,21.100900000000003,237.84,237.78,238.22,411.25,411.4,413.73,412.14,8.194,7.0018,5.9051,1.3895,1.1527,0.844,3.6864,1.3626,1.1989,1.1249,5.0205,1.9489,1.6649,1.4067,0.6764,0.7139,0.693,0.6001,49.8,922.37,668.75,1,1,2025-10-01 15:59:50,16.8,77.1,,1,0,,0
2025-10-01 16:00:20,616.84,3.3973,239.17,7.0848,21.254399999999997,239.72,238.91,238.9,414.12,412.55,416.1,414.21,8.3402,7.0264,5.8878,1.4089,1.1682,0.8201,3.76,1.4143,1.2033,1.1424,5.0846,1.9993,1.6787,1.4066,0.6704,0.7057,0.6965,0.5831,49.9,922.44,668.8,1,1,2025-10-01 16:00:50,16.8,76.9,,1,0,,0
2025-10-01 16:01:05,616.88,3.343,233.31,6.8161,20.448500000000003,233.86,231.98,234.09,404.56,399.96,407.71,404.09,8.0184,6.6474,5.7827,1.4039,1.104,0.8351,3.3796,1.2395,1.075,1.0652,4.7709,1.8752,1.5421,1.3537,0.7032,0.7496,0.7164,0.6169,49.9,922.5,668.84,1,1,2025-10-01 16:01:50,16.8,77.2,,1,0,,0
2025-10-01 16:01:50,616.92,3.3956,237.76,7.0179,21.0537,239.23,237.11,236.94,412.74,408.79,413.88,411.71,8.3551,6.917,5.7816,1.4254,1.171,0.7992,3.6568,1.3976,1.1468,1.1125,5.0088,1.9988,1.6401,1.3699,0.6804,0.714,0.7144,0.5834,50,922.56,668.89,1,1,2025-10-01 16:01:50,16.8,77.2,,1,0,,0
2025-10-01 16:02:35,616.96,3.3985,239.31,7.0657,21.1972,239.03,239.68,239.23,415.03,413.05,415.4,414.59,8.2121,7.1131,5.872,1.3789,1.1761,0.8434,3.748,1.3932,1.2318,1.123,5.0726,1.9629,1.7049,1.4048,0.6717,0.7034,0.6905,0.6005,49.9,922.63,668.94,1,1,2025-10-01 16:02:50,16.8,77.4,,1,0,,0
2025-10-01 16:03:20,617.01,3.3788,236.38,6.9371,20.811500000000002,236.48,235.88,236.78,409.38,407.89,410.97,409.38,8.1176,6.8564,5.8375,1.3983,1.1388,0.8418,3.5546,1.3117,1.1467,1.0962,4.9191,1.9197,1.6173,1.3822,0.6889,0.7293,0.7046,0.609,50,922.69,668.98,1,1,2025-10-01 16:03:50,16.8,77.4,,1,0,,0
2025-10-01 16:04:05,617.04,3.4364,242.72,7.2533,21.759999999999998,242.56,242.66,242.95,420.1,418.36,422.72,420.33,8.4848,7.1928,6.0824,1.4198,1.178,0.8386,3.9879,1.4858,1.2856,1.2166,5.2812,2.0581,1.7454,1.4777,0.6527,0.6908,0.6755,0.5675,49.9,922.75,669.03,1,1,2025-10-01 16:04:50,16.8,77.9,,1,0,,0
2025-10-01 16:04:50,617.09,3.399,239.36,7.0783,21.235,239.31,239.52,239.27,414.98,412.73,416.03,414.55,8.2766,7.074,5.8844,1.3929,1.1727,0.8334,3.7592,1.4043,1.2206,1.1343,5.083,1.9807,1.6944,1.408,0.6706,0.7042,0.6928,0.592,49.9,922.82,669.08,1,1,2025-10-01 16:04:50,16.8,77.9,,1,0,,0
2025-10-01 16:05:35,617.13,3.3618,236.46,6.9476,20.8428,236.65,236.13,236.61,409.45,407.9,411.32,409.55,8.1586,6.8773,5.8069,1.3922,1.1425,0.8271,3.5827,1.3338,1.152,1.0968,4.9286,1.9307,1.6239,1.374,0.6842,0.722,0.7041,0.602,49.9,922.87,669.12,1,1,2025-10-01 16:05:50,17.200000000000003,77.9,,1,0,,0
2025-10-01 16:06:20,617.17,3.4325,242.56,7.2507,21.752200000000002,242.28,242.73,242.68,420.28,418.93,421.16,420.08,8.43,7.242,6.0802,1.404,1.1819,0.8467,3.9864,1.4791,1.299,1.2082,5.2758,2.0424,1.7579,1.4755,0.6525,0.6884,0.6729,0.5738,49.9,922.94,669.16,1,1,2025-10-01 16:06:50,17.200000000000003,77.5,,1,0,,0
2025-10-01 16:07:05,617.22,3.3434,232.88,6.7996,20.399,231.82,233.1,233.72,402.93,402.82,404.3,403.31,7.8342,6.8015,5.7633,1.352,1.123,0.8685,3.356,1.2093,1.1172,1.0294,4.7486,1.8161,1.5854,1.347,0.7057,0.7453,0.7089,0.6448,49.9,923,669.21,1,1,2025-10-01 16:07:50,17.200000000000003,77.4,,1,0,,0
2025-10-01 16:07:50,617.26,3.3889,236.92,6.9894,20.9684,237.06,236.88,236.83,410.77,408.38,411.9,410.37,8.2001,6.9492,5.8191,1.396,1.1614,0.8316,3.6124,1.3492,1.1645,1.0987,4.9682,1.9439,1.6461,1.3781,0.6841,0.719,0.7061,0.6034,49.9,923.06,669.26,1,1,2025-10-01 16:07:50,17.200000000000003,77.4,,1,0,,0
2025-10-01 16:08:35,617.3,3.4098,239.24,7.0821,21.246299999999998,238.9,239.64,239.2,414.82,412.86,415.44,414.46,8.2546,7.0878,5.9039,1.3905,1.1753,0.844,3.7507,1.3946,1.2242,1.1319,5.0828,1.972,1.6985,1.4122,0.6726,0.706,0.6925,0.5977,49.9,923.12,669.3,1,1,2025-10-01 16:08:50,17.200000000000003,77.3,,1,0,,0
2025-10-01 16:09:20,617.34,3.3307,230.4,6.7226,20.168,230.36,230.5,230.34,398.4,397.84,400.92,398.93,7.8846,6.7138,5.5696,1.3623,1.137,0.8313,3.2224,1.1978,1.0481,0.9764,4.6467,1.8163,1.5475,1.2829,0.7186,0.751,0.7352,0.6482,49.9,923.19,669.35,1,1,2025-10-01 16:09:50,17.200000000000003,77.2,,1,0,,0
2025-10-01 16:10:05,617.39,3.4308,242.04,7.2247,21.6742,241.3,242.83,242,418.31,418.55,420.79,412.2,8.4046,7.2618,6.0078,1.3926,1.1924,0.8458,3.9486,1.4699,1.2966,1.1821,5.2453,2.028,1.7634,1.4539,0.6558,0.6877,0.6769,0.5818,49.9,923.25,669.39,1,1,2025-10-01 16:10:50,17.200000000000003,77.7,,1,0,,0
2025-10-01 16:10:50,617.43,3.3874,239.14,7.0753,21.2259,238.94,238.81,239.69,412.76,413.47,416.37,414.05,8.2852,6.9951,5.9456,1.4032,1.1489,0.8353,3.7564,1.3919,1.2105,1.154,5.0753,1.9797,1.6705,1.4251,0.6696,0.7099,0.6883,0.5863,49.9,923.31,669.44,1,1,2025-10-01 16:10:50,17.200000000000003,77.7,,1,0,,0
2025-10-01 16:11:35,617.47,3.367,236.15,6.9438,20.8314,236.29,236.42,235.75,407.9,408.39,410.76,409.06,8.1696,6.9296,5.7322,1.3837,1.1633,0.82,3.5682,1.3423,1.1518,1.074,4.9201,1.9304,1.6383,1.3514,0.6863,0.7177,0.7105,0.6068,49.9,923.37,669.48,1,1,2025-10-01 16:11:50,17.200000000000003,77.5,,1,0,,0
2025-10-01 16:12:20,617.51,3.4164,241.98,7.2117,21.6353,241.93,241.63,242.39,417.51,417.97,421.86,419.13,8.4413,7.1142,6.0798,1.4193,1.1606,0.8365,3.9422,1.4638,1.2657,1.2127,5.2349,2.0422,1.719,1.4737,0.6549,0.6961,0.6758,0.5677,49.9,923.44,669.53,1,1,2025-10-01 16:12:50,17.200000000000003,77.1,,1,0,,0
2025-10-01 16:13:05,617.55,3.3851,238.62,7.0573,21.1719,238.21,238.28,239.38,411.29,413.29,415.32,413.21,8.2248,6.9745,5.9726,1.3982,1.1394,0.8475,3.7272,1.3681,1.208,1.1511,5.0508,1.9592,1.6619,1.4297,0.6723,0.7147,0.6861,0.5928,49.9,923.5,669.58,1,1,2025-10-01 16:13:50,17.200000000000003,76.6,,1,0,,0
2025-10-01 16:13:50,617.6,3.3831,237.18,6.9981,20.994500000000002,238.23,237.02,236.3,410.72,408.73,412.95,410.81,8.3274,6.9403,5.7268,1.4092,1.1773,0.7966,3.6319,1.3918,1.1469,1.0932,4.9821,1.9838,1.645,1.3532,0.6815,0.7114,0.7163,0.5889,49.8,923.56,669.62,1,1,2025-10-01 16:13:50,17.200000000000003,76.6,,1,0,,0
2025-10-01 16:14:35,617.64,3.3942,238.81,7.0796,21.2389,239.03,238.32,239.1,412.18,412.54,416.17,413.63,8.3102,6.9867,5.942,1.4101,1.1527,0.8313,3.7442,1.3939,1.1991,1.1513,5.0722,1.9864,1.6651,1.4207,0.6716,0.7111,0.693,0.5854,49.8,923.63,669.67,1,1,2025-10-01 16:14:50,16.8,76.3,,1,0,,0
2025-10-01 16:15:20,617.68,3.3327,233.19,6.8065,20.4195,232.8,233.63,233.16,402.69,403.56,405.44,403.9,7.927,6.8351,5.6574,1.3525,1.1427,0.8375,3.3851,1.2521,1.1141,1.0189,4.7614,1.8454,1.5969,1.3191,0.7015,0.7338,0.716,0.635,49.9,923.69,669.71,1,1,2025-10-01 16:15:50,16.8,76.3,,1,0,,0
2025-10-01 16:16:05,617.72,3.3812,238.01,7.0147,21.0443,237.45,238.25,238.33,410.42,412.29,413.98,412.25,8.1603,7.003,5.881,1.3804,1.1543,0.8464,3.6749,1.3554,1.2027,1.1168,5.0077,1.9377,1.6685,1.4016,0.677,0.7135,0.6924,0.604,49.9,923.75,669.76,1,1,2025-10-01 16:16:50,16.8,76.2,,1,0,,0
2025-10-01 16:16:50,617.77,3.4006,238.81,7.065,21.1951,239.3,238.26,238.89,412.06,412.37,416.46,413.6,8.3142,6.9463,5.9346,1.4201,1.1522,0.8283,3.7249,1.3889,1.186,1.15,5.0623,1.9896,1.655,1.4177,0.6742,0.7149,0.6968,0.5844,49.9,923.82,669.81,1,1,2025-10-01 16:16:50,16.8,76.2,,1,0,,0
2025-10-01 16:17:35,617.81,3.343,231.9,6.7667,20.3002,232.65,231.48,231.59,400.85,399.97,404.17,401.63,8.0192,6.6692,5.6118,1.3936,1.1344,0.815,3.2939,1.2368,1.0453,1.0118,4.7091,1.8657,1.5438,1.2996,0.7123,0.7479,0.7353,0.6273,49.9,923.87,669.85,1,1,2025-10-01 16:17:50,16.8,76.3,,1,0,,0
2025-10-01 16:18:20,617.85,3.3724,236.05,6.9185,20.755699999999997,235.81,235.92,236.43,407.33,408.57,410.64,408.78,8.0773,6.873,5.8054,1.3857,1.1433,0.8434,3.5333,1.3029,1.1479,1.0826,4.8988,1.9047,1.6215,1.3726,0.6904,0.7285,0.7057,0.6145,50,923.93,669.89,1,1,2025-10-01 16:18:50,16.8,76.3,,1,0,,0
2025-10-01 16:19:05,617.89,3.3946,237.62,6.9922,20.9767,238.01,237.1,237.77,410.72,410.25,413.75,411.61,8.2256,6.8929,5.8582,1.4129,1.1507,0.8311,3.6257,1.3503,1.1584,1.117,4.985,1.9578,1.6343,1.3929,0.6834,0.7229,0.7047,0.5969,50,924,669.94,1,1,2025-10-01 16:19:50,16.8,76.5,,1,0,,0
2025-10-01 16:19:50,617.94,3.3741,236.65,6.9484,20.8452,236.1,235.11,238.75,406.94,409.47,413.26,409.89,8.084,6.728,6.0332,1.4177,1.0881,0.8683,3.567,1.2728,1.1456,1.1486,4.9309,1.9086,1.5818,1.4404,0.6871,0.744,0.6886,0.603,50,924.06,669.99,1,1,2025-10-01 16:19:50,16.8,76.5,,1,0,,0
2025-10-01 16:20:35,617.98,3.4331,242.85,7.2435,21.7306,241.99,242.49,244.07,418.64,420.35,422.87,420.59,8.3887,7.1511,6.1908,1.4169,1.1493,0.8669,3.9823,1.4488,1.2962,1.2373,5.275,2.03,1.7341,1.511,0.6529,0.6991,0.6634,0.5737,50,924.12,670.03,1,1,2025-10-01 16:20:50,16.8,76.5,,1,0,,0
2025-10-01 16:21:20,618.02,3.3894,238.62,7.0326,21.0978,238.52,238.62,238.73,411.97,412.39,415.52,413.28,8.23,7.0069,5.8609,1.3933,1.1625,0.8336,3.7009,1.3783,1.1995,1.1231,5.0342,1.963,1.672,1.3992,0.6753,0.7109,0.6959,0.5959,50,924.19,670.08,1,1,2025-10-01 16:21:50,16.8,76.8,,1,0,,0
2025-10-01 16:22:05,618.06,3.3681,236.07,6.9265,20.779600000000002,236.39,235.85,235.98,407.91,408.01,410.72,408.86,8.1724,6.8665,5.7407,1.3957,1.1533,0.8191,3.5447,1.3314,1.1349,1.0784,4.906,1.9319,1.6195,1.3547,0.6888,0.7235,0.7127,0.6048,50,924.25,670.12,1,1,2025-10-01 16:22:50,16.8,76.2,,1,0,,0
2025-10-01 16:22:50,618.1,3.4252,242.17,7.2094,21.6283,242.35,241.67,242.51,418.09,418.08,422.18,419.87,8.4678,7.1147,6.0458,1.4263,1.1688,0.8302,3.9369,1.4704,1.2586,1.2079,5.2377,2.0522,1.7194,1.4662,0.6563,0.6962,0.6804,0.5664,49.9,924.31,670.17,1,1,2025-10-01 16:22:50,16.8,76.2,,1,0,,0
2025-10-01 16:23:35,618.15,3.3354,231.92,6.7561,20.2685,231.91,232.58,231.29,401.02,401.21,402.86,401.76,7.9304,6.7958,5.5423,1.3566,1.1558,0.823,3.2972,1.2385,1.0765,0.9823,4.7016,1.8391,1.5806,1.2819,0.7111,0.7385,0.7317,0.6422,50,924.37,670.22,1,1,2025-10-01 16:23:50,17.3,76,,1,0,,0
2025-10-01 16:24:20,618.19,3.3755,236.33,6.9331,20.7993,236.51,236.52,235.96,408.48,408.3,411.19,409.28,8.1584,6.906,5.7349,1.3891,1.1628,0.8236,3.5535,1.3352,1.1451,1.0732,4.9162,1.9295,1.6334,1.3532,0.6887,0.7209,0.7125,0.6087,50,924.44,670.26,1,1,2025-10-01 16:24:50,17.3,75.9,,1,0,,0
2025-10-01 16:25:05,618.23,3.3873,238.48,7.0257,21.0772,239.18,237.73,238.55,411.59,411.76,415.82,413.05,8.3221,6.8785,5.8766,1.4251,1.1481,0.8141,3.6885,1.3851,1.1624,1.1409,5.0276,1.9905,1.6352,1.4019,0.6763,0.7171,0.7026,0.5808,50,924.5,670.31,1,1,2025-10-01 16:25:50,17.3,76,,1,0,,0
2025-10-01 16:26:35,618.32,3.4256,241.54,7.1739,21.5217,241.01,242.14,241.48,417.46,417.69,419.91,418.35,8.3576,7.1936,5.9705,1.3967,1.1856,0.8433,3.8903,1.4471,1.2741,1.1691,5.1979,2.0143,1.7419,1.4418,0.6608,0.6944,0.6812,0.585,50,924.62,670.4,1,1,2025-10-01 16:26:50,17.3,75.7,,1,0,,0
2025-10-01 16:27:20,618.36,3.3909,238.67,7.0341,21.1025,238.9,238.19,238.92,412.31,411.82,415.99,413.48,8.2786,6.9366,5.8873,1.4121,1.1518,0.827,3.7002,1.3804,1.1824,1.1374,5.0366,1.9778,1.6522,1.4066,0.6756,0.715,0.6977,0.5881,50,924.69,670.45,1,1,2025-10-01 16:27:50,17.3,75.2,,1,0,,0
2025-10-01 16:28:05,618.4,3.3637,235.72,6.9045,20.7135,235.4,235.87,235.91,407.17,407.31,410.35,408.33,8.0472,6.8871,5.7792,1.3756,1.1457,0.8424,3.5192,1.2983,1.1496,1.0714,4.8821,1.8943,1.6245,1.3634,0.6909,0.7272,0.7059,0.6181,50,924.74,670.49,1,1,2025-10-01 16:28:50,17.200000000000003,75.2,,1,0,,0
2025-10-01 16:28:50,618.44,3.4261,241.81,7.1914,21.5743,241.26,242.08,242.11,417.41,418.39,420.67,418.69,8.3547,7.1664,6.0532,1.402,1.172,0.8521,3.9127,1.4438,1.2769,1.192,5.216,2.0157,1.7348,1.4655,0.6587,0.6966,0.6761,0.5815,50,924.81,670.53,1,1,2025-10-01 16:28:50,17.200000000000003,75.2,,1,0,,0
2025-10-01 16:29:35,618.49,3.3925,238.35,7.0291,21.0875,237.86,238.44,238.76,411.3,412.53,414.65,412.9,8.1738,6.9957,5.918,1.3893,1.1524,0.8507,3.6864,1.3556,1.2035,1.1274,5.0253,1.9442,1.6681,1.413,0.6771,0.7157,0.6916,0.6023,49.9,924.87,670.58,1,1,2025-10-01 16:29:50,17.200000000000003,75.1,,1,0,,0
2025-10-01 16:30:20,618.53,3.3736,236,6.9145,20.7437,235.6,236.67,235.74,408.03,408.45,409.8,408.85,8.047,6.9702,5.7265,1.3643,1.1681,0.8412,3.531,1.3126,1.163,1.0554,4.8955,1.8959,1.6496,1.35,0.6908,0.7206,0.7086,0.6232,50,924.93,670.62,1,1,2025-10-01 16:30:50,16.8,75.1,,1,0,,0
2025-10-01 16:31:05,618.57,3.4022,239.31,7.0517,21.1552,239.46,239.31,239.18,413.52,413.29,416.68,422.51,8.2642,7.025,5.866,1.3986,1.1717,0.8319,3.727,1.3951,1.2029,1.129,5.0631,1.9789,1.6812,1.403,0.6741,0.708,0.6977,0.5931,50,925,670.67,1,1,2025-10-01 16:31:50,16.8,75,,1,0,,0
2025-10-01 16:31:50,618.61,3.346,233.16,6.7925,20.3776,233.22,233.14,233.12,402.95,402.52,406.02,403.86,7.9849,6.7521,5.6406,1.3779,1.1397,0.8284,3.3527,1.2486,1.0837,1.0204,4.7514,1.8622,1.5742,1.3149,0.7063,0.741,0.7246,0.6302,50,925.06,670.72,1,1,2025-10-01 16:31:50,16.8,75,,1,0,,0
2025-10-01 16:32:35,618.65,3.3845,237.23,6.9598,20.8794,237.27,237.37,237.06,410.11,409.87,412.69,410.76,8.1738,6.9485,5.7571,1.3898,1.1667,0.8279,3.5971,1.3485,1.164,1.0846,4.9535,1.9394,1.6494,1.3648,0.6852,0.7176,0.7079,0.6067,50,925.12,670.76,1,1,2025-10-01 16:32:50,16.8,75.1,,1,0,,0
2025-10-01 16:33:20,618.7,3.4005,238.66,7.0186,21.056,238.28,238.63,239.08,412.16,412.82,415.12,413.36,8.1867,7.0046,5.8647,1.3928,1.1622,0.8456,3.6779,1.3612,1.199,1.1178,5.0244,1.9507,1.6715,1.4021,0.6788,0.7151,0.696,0.6032,50.1,925.18,670.81,1,1,2025-10-01 16:33:50,16.8,75.1,,1,0,,0
2025-10-01 16:34:05,618.74,3.3345,231.97,6.7459,20.2379,231.82,231.77,232.32,400.53,400.99,403.8,401.79,7.9058,6.6931,5.639,1.3723,1.1255,0.8368,3.2843,1.211,1.0658,1.0074,4.694,1.8327,1.5513,1.3101,0.7124,0.7497,0.726,0.6389,50,925.25,670.85,1,1,2025-10-01 16:34:50,16.8,74.9,,1,0,,0
2025-10-01 16:34:50,618.78,3.3964,238.12,7.028,21.0842,237.9,238.18,238.29,411.44,411.66,414.19,408.71,8.2292,7.0001,5.8549,1.3966,1.1632,0.8365,3.6746,1.3668,1.1921,1.1156,5.0202,1.9577,1.6673,1.3952,0.6787,0.7146,0.6983,0.5999,50,925.3,670.89,1,1,2025-10-01 16:34:50,16.8,74.9,,1,0,,0
2025-10-01 16:35:35,618.82,3.404,238.55,7.0238,21.0715,238.38,239.11,238.17,412.57,412.24,414.71,413.21,8.2304,7.0414,5.7997,1.3894,1.182,0.8325,3.6806,1.3814,1.1973,1.1019,5.0269,1.962,1.6837,1.3813,0.6789,0.7091,0.7025,0.6028,50,925.37,670.94,1,1,2025-10-01 16:35:50,16.8,74.9,,1,0,,0
2025-10-01 16:36:20,618.87,3.3818,237.09,6.9583,20.8751,236.54,237.27,237.47,409.18,410.31,412.44,410.55,8.1163,6.9343,5.8245,1.3842,1.1515,0.8461,3.5924,1.3259,1.173,1.0935,4.9483,1.9198,1.6453,1.3831,0.6854,0.7221,0.7005,0.6119,50,925.43,670.99,1,1,2025-10-01 16:36:50,16.8,74.9,,1,0,,0
2025-10-01 16:37:05,618.91,3.4268,241.99,7.2159,21.647799999999997,242.24,242.3,241.44,419.09,417.12,421.18,419.13,8.5329,7.1888,5.9261,1.4163,1.2008,0.8097,3.9397,1.5011,1.2595,1.1791,5.2397,2.067,1.7418,1.4308,0.6562,0.6862,0.69,0.566,49.9,925.5,671.03,1,1,2025-10-01 16:37:50,16.8,75,,1,0,,0
2025-10-01 16:37:50,618.95,3.3976,239.01,7.0469,21.140900000000002,237.94,239.61,239.5,412.62,414.21,415.1,413.87,8.1879,7.0676,5.8854,1.379,1.1666,0.8521,3.7185,1.3714,1.2251,1.1221,5.0512,1.9482,1.6935,1.4096,0.6745,0.709,0.6896,0.6047,50,925.56,671.08,1,1,2025-10-01 16:37:50,16.8,75,,1,0,,0
2025-10-01 16:38:35,618.99,3.3717,236.19,6.9254,20.776200000000003,235.49,236.97,236.11,408.05,409,410.2,409.16,8.0667,6.9886,5.7209,1.3619,1.1695,0.8402,3.5477,1.3203,1.1704,1.057,4.9065,1.8996,1.6561,1.3508,0.6888,0.7179,0.7068,0.6222,49.9,925.62,671.12,1,1,2025-10-01 16:38:50,16.8,75.3,,1,0,,0
2025-10-01 16:39:20,619.04,3.3931,238.73,7.0322,21.096799999999998,237.37,239.11,239.71,411.82,413.84,414.79,413.43,8.1344,7.0218,5.9406,1.3789,1.149,0.8652,3.6992,1.3468,1.2219,1.1305,5.0339,1.9309,1.679,1.424,0.6759,0.7153,0.685,0.6077,49.9,925.68,671.17,1,1,2025-10-01 16:39:50,16.8,75,,1,0,,0
2025-10-01 16:40:05,619.08,3.3512,232.62,6.7952,20.3858,232.83,231.82,233.23,401.07,402.7,404.98,402.91,7.9955,6.669,5.7213,1.3964,1.1186,0.8361,3.3322,1.2272,1.0655,1.0395,4.742,1.8616,1.546,1.3344,0.7091,0.7511,0.7241,0.6262,50,925.74,671.21,1,1,2025-10-01 16:40:50,16.8,75,,1,0,,0
2025-10-01 16:40:50,619.12,3.3818,236.25,6.9304,20.7913,236.09,236,236.66,407.58,408.9,411.08,409.24,8.1067,6.8669,5.8177,1.3944,1.1438,0.8436,3.5413,1.307,1.1463,1.088,4.9113,1.9139,1.6206,1.3768,0.6906,0.7296,0.7063,0.6119,50,925.81,671.26,1,1,2025-10-01 16:40:50,16.8,75,,1,0,,0
2025-10-01 16:42:20,619.2,3.3488,232.87,6.7989,20.396700000000003,233.19,232.44,233,402.44,401.84,405.75,403.36,8.006,6.7163,5.6744,1.3886,1.1323,0.8278,3.3477,1.2442,1.073,1.0306,4.7502,1.8669,1.5611,1.3221,0.7072,0.7447,0.7258,0.6262,50,925.93,671.35,1,1,2025-10-01 16:42:50,16.8,75.4,,1,0,,0
2025-10-01 16:43:05,619.25,3.4303,240.46,7.2053,21.6159,240.27,240.33,240.78,414.77,416.18,418.48,416.47,8.37,7.2112,6.0347,1.4133,1.17,0.847,3.8256,1.4165,1.2398,1.1692,5.1972,2.0111,1.7331,1.453,0.6676,0.6951,0.6782,0.5842,50,925.99,671.4,1,1,2025-10-01 16:43:50,16.700000000000003,75.2,,1,0,,0
2025-10-01 16:43:50,619.29,3.3923,238.72,7.0286,21.0858,238.35,239.19,238.64,412.43,412.75,415.24,413.45,8.2064,7.0214,5.858,1.3864,1.1669,0.839,3.6999,1.3757,1.2062,1.1179,5.0334,1.956,1.6794,1.398,0.6758,0.7098,0.6953,0.6002,50,926.06,671.44,1,1,2025-10-01 16:43:50,16.700000000000003,75.2,,1,0,,0
2025-10-01 16:44:35,619.33,3.3699,236.11,6.9231,20.7694,235.71,235.86,236.78,407.19,408.77,410.92,408.94,8.0776,6.8377,5.8541,1.3908,1.1305,0.8485,3.5389,1.2958,1.1478,1.0954,4.9028,1.904,1.6127,1.3861,0.6895,0.7316,0.7017,0.6123,50,926.12,671.49,1,1,2025-10-01 16:44:50,16.700000000000003,75.2,,1,0,,0
2025-10-01 16:45:20,619.37,3.4271,242.09,7.2039,21.6118,242.26,241.97,242.04,418.39,417.78,421.72,419.23,8.4499,7.1447,6.0172,1.4183,1.1779,0.831,3.9297,1.4712,1.263,1.1955,5.2323,2.0471,1.7288,1.4564,0.6572,0.694,0.682,0.5707,50,926.18,671.53,1,1,2025-10-01 16:45:50,16.700000000000003,75.3,,1,0,,0
2025-10-01 16:46:05,619.42,3.3841,237.74,6.9868,20.9604,239.35,236.77,237.1,411.18,409.38,414.74,411.77,8.3843,6.8159,5.7602,1.4397,1.1587,0.7857,3.6301,1.393,1.1209,1.1162,4.9863,2.0068,1.6138,1.3657,0.6818,0.7186,0.7187,0.5756,50,926.24,671.58,1,1,2025-10-01 16:46:50,16.700000000000003,75.2,,1,0,,0
2025-10-01 16:46:50,619.46,3.3682,236.16,6.9097,20.729100000000003,236.79,235.26,236.44,407.78,407.48,411.85,409.06,8.1719,6.7684,5.7888,1.4142,1.1336,0.8204,3.5269,1.3161,1.116,1.0948,4.8961,1.935,1.5923,1.3687,0.6906,0.732,0.7126,0.5996,50,926.3,671.62,1,1,2025-10-01 16:46:50,16.700000000000003,75.2,,1,0,,0
2025-10-01 16:47:35,619.5,3.3911,238.76,7.0291,21.0873,238.78,238.9,238.61,412.49,412.65,415.47,413.62,8.2389,7.002,5.8464,1.3945,1.1667,0.83,3.701,1.3834,1.1967,1.1208,5.0351,1.9673,1.6728,1.395,0.6755,0.7099,0.698,0.595,50,926.37,671.67,1,1,2025-10-01 16:47:50,16.700000000000003,75.2,,1,0,,0
2025-10-01 16:48:20,619.55,3.3465,232.88,6.7941,20.3824,233.08,232.03,233.54,401.9,402.24,405.92,403.4,7.9868,6.6694,5.7262,1.3945,1.115,0.837,3.3417,1.2287,1.0708,1.0423,4.7464,1.8616,1.5475,1.3373,0.7076,0.7503,0.7212,0.6261,50,926.43,671.72,1,1,2025-10-01 16:48:50,16.700000000000003,75,,1,0,,0
2025-10-01 16:49:05,619.58,3.3716,236.24,6.9282,20.7847,236.05,237,235.67,408.55,408.29,410.65,409.14,8.0895,7.0021,5.6931,1.3634,1.1775,0.8307,3.5538,1.3332,1.1674,1.0532,4.9107,1.9095,1.6595,1.3417,0.6882,0.7149,0.7101,0.6193,50,926.49,671.76,1,1,2025-10-01 16:49:50,16.700000000000003,75.1,,1,0,,0
2025-10-01 16:50:35,619.67,3.3517,233.12,6.809,20.427,233.7,232.42,233.26,402.95,401.66,406.71,403.79,8.0814,6.6801,5.6655,1.4043,1.1311,0.8163,3.3593,1.2588,1.0616,1.0388,4.7627,1.8886,1.5526,1.3215,0.7063,0.7446,0.7291,0.6178,50,926.62,671.85,1,1,2025-10-01 16:50:50,16.700000000000003,75,,1,0,,0
2025-10-01 16:51:20,619.71,3.4424,242.4,7.2463,21.7389,242.64,242.35,242.21,419.41,417.64,422.44,410.17,8.5524,7.1704,6.0161,1.4333,1.1888,0.8204,3.9655,1.4961,1.2654,1.204,5.2701,2.0752,1.7377,1.4572,0.6555,0.6917,0.6847,0.563,50,926.68,671.89,1,1,2025-10-01 16:51:50,16.700000000000003,74.9,,1,0,,0
2025-10-01 16:52:05,619.76,3.3957,238.13,7.0263,21.0791,239.16,237.78,237.46,411.76,411.07,414.51,412.5,8.3594,6.9434,5.7763,1.4203,1.1753,0.8001,3.6743,1.4029,1.1576,1.1138,5.0219,1.9992,1.651,1.3716,0.6787,0.7114,0.7124,0.5834,50,926.74,671.94,1,1,2025-10-01 16:52:50,16.700000000000003,74.9,,1,0,,0
2025-10-01 16:52:50,619.8,3.3871,236.57,6.957,20.871100000000002,236.9,236.6,236.23,408.85,408.96,411.44,409.79,8.185,6.9271,5.759,1.3956,1.1664,0.8252,3.5725,1.342,1.1493,1.0812,4.9384,1.939,1.639,1.3604,0.688,0.7207,0.7123,0.6066,50,926.8,671.99,1,1,2025-10-01 16:52:50,16.700000000000003,74.9,,1,0,,0
2025-10-01 16:53:35,619.84,3.4394,242.28,7.2222,21.6667,242.27,241.69,242.89,418.22,418.24,422.44,419.57,8.4414,7.1158,6.1095,1.4305,1.1629,0.8459,3.94,1.4567,1.2646,1.2188,5.2489,2.0451,1.7198,1.4839,0.6576,0.7006,0.6769,0.5701,50,926.86,672.03,1,1,2025-10-01 16:53:50,16.700000000000003,74.9,,1,0,,0
2025-10-01 16:54:20,619.88,3.401,238.82,7.0498,21.149499999999996,239.18,238.23,239.05,412.35,411.94,416.61,413.58,8.2961,6.9363,5.9171,1.4193,1.1519,0.8297,3.7101,1.3822,1.1827,1.1452,5.0512,1.9843,1.6524,1.4145,0.6757,0.7164,0.6977,0.5867,50,926.93,672.08,1,1,2025-10-01 16:54:50,16.700000000000003,75.2,,1,0,,0
2025-10-01 16:55:50,619.97,3.378,237.65,6.9867,20.9602,237.54,236.18,239.24,408.98,411.17,414.71,411.56,8.1939,6.7642,6.0021,1.4264,1.1036,0.848,3.6304,1.3194,1.1528,1.1582,4.9799,1.9464,1.5976,1.4359,0.6812,0.7341,0.6914,0.5907,49.9,927.05,672.17,1,1,2025-10-01 16:55:50,16.700000000000003,75.2,,1,0,,0
2025-10-01 16:56:35,620.01,3.3411,233.05,6.7949,20.3849,233.81,232.25,233.11,402.55,401.68,406.73,403.64,8.0678,6.6703,5.6468,1.4009,1.129,0.8112,3.355,1.2594,1.0592,1.0364,4.7518,1.8863,1.5492,1.3163,0.7056,0.7436,0.7292,0.6163,50,927.11,672.21,1,1,2025-10-01 16:56:50,16.700000000000003,75.9,,1,0,,0
2025-10-01 16:57:20,620.05,3.3707,236.51,6.9418,20.825499999999998,235.94,235.78,237.82,407.29,409.66,411.99,409.69,8.1213,6.7982,5.906,1.4039,1.1173,0.8494,3.5645,1.2994,1.1471,1.1181,4.9236,1.9161,1.6029,1.4046,0.687,0.7339,0.6977,0.6049,50,927.18,672.26,1,1,2025-10-01 16:57:50,16.700000000000003,75.5,,1,0,,0
2025-10-01 16:58:05,620.09,3.3957,239.01,7.0533,21.16,238.99,238.74,239.32,412.48,413.27,416.18,413.92,8.2772,6.9824,5.9004,1.4062,1.1569,0.8326,3.724,1.3865,1.1978,1.1398,5.0572,1.9782,1.667,1.4121,0.6737,0.712,0.6947,0.5898,50,927.24,672.3,1,1,2025-10-01 16:58:50,16.700000000000003,75.5,,1,0,,0
2025-10-01 16:58:50,620.14,3.3392,233.03,6.7834,20.3503,232.83,233.07,233.2,402.73,402.67,405.44,403.61,7.9549,6.7546,5.6408,1.3711,1.1363,0.8318,3.3473,1.2413,1.0876,1.0184,4.7419,1.8521,1.5743,1.3154,0.7062,0.7413,0.7224,0.6325,50,927.3,672.35,1,1,2025-10-01 16:58:50,16.700000000000003,75.5,,1,0,,0
2025-10-01 16:59:35,620.18,3.4323,242.38,7.206,21.6182,242.61,242.7,241.83,419.11,418.93,421.37,419.74,8.4947,7.1729,5.9506,1.4174,1.1968,0.8182,3.9365,1.4913,1.2619,1.1832,5.2408,2.0609,1.7409,1.439,0.6571,0.6889,0.6881,0.5687,50,927.36,672.39,1,1,2025-10-01 16:59:50,16.700000000000003,75.9,,1,0,,0
2025-10-01 17:00:20,620.22,3.395,238.97,7.0327,21.0982,238.81,238.65,239.45,412.3,413.19,416.2,413.98,8.2552,6.9176,5.9254,1.4129,1.1449,0.8372,3.7017,1.3699,1.187,1.1448,5.0411,1.9714,1.6509,1.4188,0.6759,0.7179,0.6942,0.5902,50,927.42,672.44,1,1,2025-10-01 17:00:50,16.700000000000003,75.9,,1,0,,0
2025-10-01 17:01:05,620.26,3.3598,236.19,6.8852,20.6558,235.67,237.05,235.85,408.24,409.11,409.9,409.13,8.0189,6.9577,5.6792,1.3568,1.167,0.836,3.5214,1.3118,1.1635,1.0461,4.8786,1.8898,1.6493,1.3394,0.6903,0.7189,0.7081,0.6242,50.1,927.49,672.48,1,1,2025-10-01 17:01:50,16.700000000000003,75.8,,1,0,,0
2025-10-01 17:01:50,620.31,3.4265,242.35,7.1956,21.5869,242.96,242.09,242.02,418.95,417.96,422.37,419.81,8.4908,7.1182,5.9779,1.428,1.1825,0.816,3.9302,1.4844,1.2514,1.1945,5.2329,2.0629,1.7232,1.4468,0.6571,0.6932,0.6868,0.564,50.1,927.55,672.53,1,1,2025-10-01 17:01:50,16.700000000000003,75.8,,1,0,,0
2025-10-01 17:02:35,620.35,3.393,238.93,7.0139,21.0417,238.96,238.41,239.44,412.44,412.67,416.41,413.76,8.2168,6.9177,5.9072,1.4098,1.1446,0.8387,3.6852,1.362,1.1849,1.1383,5.0272,1.9635,1.6492,1.4144,0.6773,0.7191,0.6947,0.5931,50.1,927.61,672.58,1,1,2025-10-01 17:02:50,16.700000000000003,75.8,,1,0,,0
2025-10-01 17:03:20,620.39,3.3621,236.69,6.9048,20.7144,236.61,236.35,237.13,408.54,409.52,411.83,409.99,8.0777,6.8397,5.797,1.3893,1.1361,0.8367,3.5456,1.308,1.1476,1.09,4.9025,1.9113,1.6166,1.3746,0.688,0.7281,0.7035,0.6088,50.1,927.67,672.62,1,1,2025-10-01 17:03:50,16.700000000000003,75.9,,1,0,,0
2025-10-01 17:04:05,620.43,3.3872,238.61,6.9996,20.999,238.37,238.2,239.26,411.5,412.96,415.36,413.27,8.1714,6.9128,5.9148,1.4023,1.1401,0.8448,3.6678,1.3471,1.1859,1.1349,5.0096,1.9478,1.6466,1.4152,0.6784,0.7211,0.693,0.597,50.1,927.74,672.67,1,1,2025-10-01 17:04:50,16.700000000000003,76.1,,1,0,,0
2025-10-01 17:04:50,620.48,3.352,233.05,6.7833,20.35,233.69,232.49,232.99,402.77,402.4,405.8,403.66,8.0157,6.704,5.6303,1.3942,1.1376,0.8202,3.3346,1.2473,1.0638,1.0235,4.7436,1.8732,1.5586,1.3118,0.7089,0.7453,0.7304,0.6253,50.1,927.8,672.71,1,1,2025-10-01 17:04:50,16.700000000000003,76.1,,1,0,,0
2025-10-01 17:05:35,620.52,3.3661,236.2,6.8993,20.698,236.34,235.34,236.92,407.31,408.41,411.58,409.12,8.0933,6.7838,5.8209,1.4028,1.1262,0.8371,3.5202,1.2957,1.1292,1.0953,4.8884,1.9128,1.5965,1.3791,0.6911,0.7346,0.7061,0.6072,50.1,927.86,672.75,1,1,2025-10-01 17:05:50,16.700000000000003,76.1,,1,0,,0
2025-10-01 17:06:20,620.56,3.4009,238.87,7.0255,21.0767,239.02,238.55,239.06,412.37,412.97,415.86,413.78,8.2556,6.9514,5.8697,1.4107,1.1593,0.8309,3.689,1.3753,1.1835,1.1303,5.0347,1.9733,1.6583,1.4032,0.6778,0.716,0.6997,0.5923,50.1,927.92,672.8,1,1,2025-10-01 17:06:50,16.700000000000003,76.1,,1,0,,0
2025-10-01 17:07:05,620.6,3.3541,233.97,6.8314,20.4942,233.55,234.02,234.35,403.94,404.69,407.1,404.2,7.9882,6.8111,5.6949,1.3738,1.1401,0.8402,3.4062,1.2582,1.1118,1.0362,4.7942,1.8656,1.5939,1.3346,0.7016,0.7374,0.7159,0.6298,50,927.99,672.85,1,1,2025-10-01 17:07:50,16.700000000000003,76.2,,1,0,,0
2025-10-01 17:07:50,620.64,3.4124,242.24,7.1959,21.587899999999998,242.26,241.89,242.57,418.26,418.53,421.89,418.54,8.4431,7.1226,6.0222,1.4175,1.1671,0.8278,3.9365,1.4692,1.2645,1.2027,5.2291,2.0454,1.7229,1.4608,0.655,0.6943,0.6782,0.5669,50,928.04,672.89,1,1,2025-10-01 17:07:50,16.700000000000003,76.2,,1,0,,0
2025-10-01 17:08:35,620.69,3.3808,238.84,7.0322,21.096600000000002,238.58,238.5,239.45,411.83,413.42,415.79,413.64,8.2134,6.974,5.9092,1.3952,1.1467,0.8389,3.7118,1.371,1.2022,1.1386,5.0378,1.9596,1.6633,1.415,0.6733,0.7132,0.6901,0.5931,49.9,928.11,672.94,1,1,2025-10-01 17:08:50,16.700000000000003,76.4,,1,0,,0
2025-10-01 17:09:20,620.73,3.3578,236.21,6.9137,20.7412,236.51,236.28,235.86,408.63,407.86,410.9,409.12,8.1326,6.9077,5.7009,1.3807,1.1604,0.8167,3.5487,1.3352,1.1458,1.0677,4.9002,1.9234,1.6322,1.3446,0.6872,0.7188,0.7115,0.6075,50,928.17,672.98,1,1,2025-10-01 17:09:50,16.700000000000003,76.4,,1,0,,0
2025-10-01 17:10:05,620.77,3.4137,242.09,7.1866,21.559900000000003,242.39,241.72,242.17,418.35,418.53,421.05,419.36,8.4435,7.1184,5.998,1.4177,1.1721,0.8239,3.9233,1.4709,1.257,1.1955,5.2198,2.0466,1.7207,1.4525,0.6564,0.6939,0.6819,0.5674,50,928.23,673.03,1,1,2025-10-01 17:10:50,16.700000000000003,76.5,,1,0,,0
2025-10-01 17:10:50,620.81,3.391,239.66,7.0678,21.2035,239.44,239.57,239.99,414.09,414.18,417.04,415.11,8.2969,7.0096,5.897,1.4023,1.1603,0.8285,3.7611,1.4025,1.2117,1.1469,5.0811,1.9866,1.6793,1.4152,0.6696,0.707,0.6916,0.5855,50,928.3,673.08,1,1,2025-10-01 17:10:50,16.700000000000003,76.5,,1,0,,0
2025-10-01 17:11:35,620.85,3.3606,236.81,6.9138,20.741500000000002,236.42,237.39,236.63,409.33,409.39,411.75,410.16,8.099,6.9263,5.7162,1.3728,1.1607,0.827,3.5629,1.3307,1.1624,1.0698,4.9116,1.9148,1.6442,1.3526,0.6861,0.718,0.7066,0.6116,50,928.36,673.12,1,1,2025-10-01 17:11:50,16.700000000000003,76.2,,1,0,,0
2025-10-01 17:12:20,620.9,3.3926,239.15,7.0386,21.1158,239.53,239.47,238.45,414.08,412.46,416.07,414.21,8.3443,7.0106,5.7609,1.4042,1.1853,0.803,3.7188,1.418,1.1867,1.1141,5.0512,1.9987,1.6788,1.3737,0.6739,0.7036,0.7066,0.5847,50,928.42,673.16,1,1,2025-10-01 17:12:50,16.700000000000003,76.1,,1,0,,0
2025-10-01 17:13:05,620.94,3.33,233.2,6.7709,20.3128,233.3,232.43,233.89,402.55,402.25,406.94,403.86,8.0135,6.6197,5.6796,1.3976,1.1116,0.8208,3.3425,1.2374,1.0614,1.0437,4.7366,1.8695,1.5386,1.3284,0.7057,0.7487,0.7232,0.6181,50.1,928.48,673.21,1,1,2025-10-01 17:13:50,16.700000000000003,76.2,,1,0,,0
2025-10-01 17:13:50,620.98,3.357,236.11,6.8924,20.6774,235.9,236.47,235.96,408.47,407.25,411.09,408.98,8.1333,6.8666,5.6775,1.3832,1.1583,0.8155,3.5237,1.3256,1.1357,1.0623,4.8821,1.9186,1.6237,1.3397,0.6897,0.7219,0.714,0.6089,50,928.55,673.26,1,1,2025-10-01 17:13:50,16.700000000000003,76.2,,1,0,,0
2025-10-01 17:14:35,621.02,3.3835,238.86,7.0141,21.0425,239.18,238.02,239.38,412.38,412.34,416.4,413.76,8.334,6.8423,5.8662,1.4304,1.1423,0.8108,3.688,1.3836,1.1584,1.1459,5.0262,1.9933,1.6286,1.4043,0.676,0.7187,0.7021,0.5776,50.1,928.61,673.3,1,1,2025-10-01 17:14:50,16.700000000000003,76.3,,1,0,,0
2025-10-01 17:15:20,621.06,3.3267,232.31,6.7364,20.209200000000003,232.11,231.85,232.99,401.05,401.35,404.72,402.3,7.8884,6.6493,5.6715,1.3761,1.1121,0.8384,3.2907,1.2041,1.0657,1.0209,4.694,1.831,1.5416,1.3214,0.7109,0.7525,0.722,0.6346,50.1,928.67,673.35,1,1,2025-10-01 17:15:50,16.700000000000003,76.4,,1,0,,0
2025-10-01 17:16:05,621.11,3.4252,242.03,7.1778,21.5334,242.64,242.01,241.45,418.97,417.24,421.39,419.17,8.4586,7.1454,5.9294,1.4176,1.1926,0.8151,3.9067,1.4799,1.2501,1.1767,5.2133,2.0524,1.7293,1.4317,0.6592,0.6917,0.6902,0.5694,50.1,928.73,673.39,1,1,2025-10-01 17:16:50,16.700000000000003,77,,1,0,,0
2025-10-01 17:16:50,621.15,3.3884,238.46,6.994,20.9821,238.62,238.75,238.02,412.23,411.83,414.99,413.07,8.1862,7.0153,5.7806,1.3853,1.1755,0.8275,3.6625,1.3729,1.1909,1.0987,5.0042,1.9534,1.6749,1.3759,0.679,0.7102,0.7025,0.6016,50.1,928.79,673.44,1,1,2025-10-01 17:16:50,16.700000000000003,77,,1,0,,0
2025-10-01 17:17:35,621.19,3.3672,236.43,6.9176,20.7528,236.7,236.35,236.25,408.76,408.41,411.34,409.56,8.1236,6.9016,5.7276,1.3858,1.1584,0.823,3.5483,1.3288,1.146,1.0735,4.9072,1.9229,1.6312,1.3531,0.6883,0.7217,0.7109,0.6084,50,928.86,673.48,1,1,2025-10-01 17:17:50,16.700000000000003,76.8,,1,0,,0
2025-10-01 17:18:20,621.23,3.4231,242.04,7.1909,21.572899999999997,242.1,242.08,241.95,418.35,417.98,421.33,419.26,8.407,7.1712,5.9947,1.4074,1.1825,0.8332,3.9203,1.4654,1.2684,1.1866,5.2218,2.0353,1.736,1.4504,0.6577,0.6927,0.6819,0.5746,50,928.92,673.53,1,1,2025-10-01 17:18:50,16.700000000000003,76.7,,1,0,,0
2025-10-01 17:19:05,621.28,3.3863,238.85,7.0248,21.0746,238.81,239.39,238.37,413.21,412.74,415.14,413.74,8.2249,7.0724,5.7773,1.3785,1.1836,0.8241,3.7064,1.3951,1.2085,1.1029,5.0344,1.9642,1.6931,1.3771,0.6745,0.7028,0.6997,0.5985,50,928.98,673.57,1,1,2025-10-01 17:19:50,16.700000000000003,76.7,,1,0,,0
2025-10-01 17:19:50,621.32,3.3618,237.33,6.95,20.85,236.64,236.2,239.15,408.52,410.72,413.93,411.06,8.0768,6.7936,5.9796,1.4012,1.1,0.8607,3.603,1.2954,1.1659,1.1417,4.946,1.9113,1.6046,1.43,0.6822,0.7342,0.6862,0.6019,50,929.04,673.62,1,1,2025-10-01 17:19:50,16.700000000000003,76.7,,1,0,,0
2025-10-01 17:20:35,621.36,3.3718,239.08,7.0217,21.0653,238.62,239.7,238.93,413.38,413.5,415.4,414.09,8.2157,7.0613,5.7883,1.3735,1.1742,0.8241,3.7214,1.3946,1.2167,1.1101,5.036,1.9604,1.6926,1.383,0.6714,0.7016,0.6944,0.596,50,929.11,673.67,1,1,2025-10-01 17:20:50,16.700000000000003,76.7,,1,0,,0
2025-10-01 17:22:05,621.44,3.3514,236.57,6.9048,20.7146,236.44,237.34,235.94,409.42,409.02,410.79,409.83,8.1203,6.961,5.6333,1.3648,1.1753,0.8113,3.5587,1.3467,1.1594,1.0526,4.9012,1.92,1.6521,1.3291,0.6855,0.7118,0.7118,0.6104,50,929.23,673.75,1,1,2025-10-01 17:22:50,16.700000000000003,76.8,,1,0,,0
2025-10-01 17:23:35,621.53,3.3555,236.53,6.9279,20.7838,236.53,236.94,236.12,409.48,407.91,411.61,404.17,8.1715,6.9306,5.6817,1.3804,1.1656,0.8095,3.5728,1.3489,1.1546,1.0693,4.9165,1.9328,1.6421,1.3416,0.6845,0.7152,0.7104,0.6035,50,929.35,673.85,1,1,2025-10-01 17:23:50,16.700000000000003,76.5,,1,0,,0
2025-10-01 17:24:20,621.57,3.4104,242.87,7.2269,21.6809,241.65,243.79,243.19,419.26,420.8,421.92,420.59,8.3185,7.3163,6.0461,1.3682,1.1833,0.8589,3.9926,1.4681,1.3317,1.1928,5.2642,2.0102,1.7836,1.4704,0.6494,0.6817,0.6642,0.5843,50,929.41,673.89,1,1,2025-10-01 17:24:50,16.700000000000003,76.4,,1,0,,0
2025-10-01 17:25:05,621.61,3.3737,239.19,7.0326,21.098,238.89,239.4,239.3,412.99,414.16,415.73,414.17,8.2168,7.0374,5.8438,1.3812,1.163,0.8295,3.7338,1.391,1.217,1.1258,5.0461,1.9629,1.6848,1.3984,0.6704,0.704,0.6904,0.5921,50,929.48,673.94,1,1,2025-10-01 17:25:50,16.700000000000003,76.3,,1,0,,0
2025-10-01 17:25:50,621.66,3.3588,237.37,6.96,20.880200000000002,237.35,236.63,238.13,409.27,410.39,413.72,411.1,8.1803,6.8263,5.8736,1.4046,1.1254,0.8288,3.619,1.3361,1.1566,1.1264,4.9556,1.9416,1.6153,1.3987,0.6802,0.7245,0.6973,0.5926,49.9,929.54,673.99,1,1,2025-10-01 17:25:50,16.700000000000003,76.3,,1,0,,0
2025-10-01 17:26:35,621.7,3.4052,242.32,7.1987,21.5961,242.61,241.93,242.44,418.72,418,422.4,419.64,8.4708,7.1141,6.0112,1.419,1.1688,0.8174,3.9488,1.4818,1.2609,1.2061,5.2336,2.0551,1.7211,1.4574,0.653,0.6916,0.6798,0.561,50,929.6,674.03,1,1,2025-10-01 17:26:50,16.700000000000003,76.4,,1,0,,0
2025-10-01 17:27:20,621.74,3.3676,237.94,6.987,20.9612,238.26,237.89,237.68,411.5,410.79,414.06,412.1,8.2212,6.9629,5.7771,1.3899,1.1635,0.8142,3.6585,1.3762,1.177,1.1053,4.9883,1.9588,1.6564,1.3731,0.6772,0.7106,0.703,0.593,50,929.67,674.08,1,1,2025-10-01 17:27:50,16.700000000000003,76.5,,1,0,,0
2025-10-01 17:28:05,621.78,3.3563,236.04,6.9052,20.715700000000002,236.35,235.76,236.01,408.01,407.42,411.03,408.82,8.1278,6.8566,5.7313,1.3887,1.1486,0.819,3.5354,1.3234,1.1357,1.0763,4.8902,1.921,1.6165,1.3526,0.6884,0.7239,0.711,0.6055,50,929.73,674.12,1,1,2025-10-01 17:28:50,16.6,76.6,,1,0,,0
2025-10-01 17:28:50,621.82,3.372,237.42,6.9571,20.8713,236.37,239.35,236.55,411.07,411.02,411.55,411.26,8.0294,7.186,5.6559,1.325,1.2057,0.8413,3.6188,1.3549,1.2243,1.0396,4.9558,1.8979,1.72,1.3379,0.6817,0.6991,0.7016,0.629,50,929.79,674.17,1,1,2025-10-01 17:28:50,16.6,76.6,,1,0,,0
2025-10-01 17:29:35,621.87,3.3323,232.63,6.7624,20.2872,232.46,232.56,232.89,401.65,402.17,404.96,403.04,7.9242,6.7194,5.6436,1.3706,1.1292,0.8325,3.3227,1.2274,1.0785,1.0168,4.7191,1.8421,1.5627,1.3143,0.7081,0.7449,0.7231,0.6335,50,929.85,674.21,1,1,2025-10-01 17:29:50,16.6,76.7,,1,0,,0
2025-10-01 17:31:05,621.95,3.3772,238.86,6.9995,20.9985,239.25,238.55,238.79,413.08,411.51,416.53,413.71,8.2812,6.9188,5.7985,1.4089,1.1592,0.8091,3.6832,1.3882,1.1722,1.1228,5.0164,1.9813,1.6505,1.3846,0.6758,0.7123,0.7031,0.5846,50.1,929.98,674.3,1,1,2025-10-01 17:31:50,16.700000000000003,76.5,,1,0,,0
2025-10-01 17:31:50,621.99,3.332,234.38,6.8393,20.518,233.86,234.81,234.48,404.71,405.31,407.82,404.22,8.0917,6.7959,5.6304,1.386,1.1421,0.8039,3.3559,1.2676,1.0684,1.0199,4.8083,1.8923,1.5957,1.3202,0.7045,0.7298,0.7212,0.6129,50.1,930.04,674.35,1,1,2025-10-01 17:31:50,16.700000000000003,76.5,,1,0,,0
2025-10-01 17:32:35,622.03,3.4376,244.03,7.2709,21.8129,244.74,244.94,242.41,422.67,421.92,423.4,422.66,8.6278,7.317,5.8681,1.411,1.2366,0.79,4.0438,1.5665,1.2949,1.1824,5.3263,2.1116,1.7922,1.4225,0.6476,0.6692,0.6906,0.5555,50.1,930.1,674.39,1,1,2025-10-01 17:32:50,16.700000000000003,76.2,,1,0,,0
2025-10-01 17:34:05,622.12,3.3557,236.51,6.8951,20.685299999999998,236.71,236.53,236.3,408.87,408.4,411.66,409.71,8.1176,6.8584,5.7093,1.3859,1.1522,0.8176,3.5389,1.3267,1.1397,1.0726,4.8928,1.9215,1.6222,1.3491,0.688,0.7223,0.7109,0.6062,50.1,930.22,674.48,1,1,2025-10-01 17:34:50,16.700000000000003,76.6,,1,0,,0
2025-10-01 17:35:35,622.2,3.3312,235.05,6.8421,20.526500000000002,234.88,234.8,235.49,405.76,406.32,409.27,407.11,8.0088,6.7754,5.7423,1.3746,1.1253,0.8313,3.4664,1.2789,1.1217,1.0658,4.8242,1.8811,1.5909,1.3523,0.6929,0.7321,0.7082,0.615,50,930.35,674.58,1,1,2025-10-01 17:35:50,16.700000000000003,76.8,,1,0,,0
2025-10-01 17:36:20,622.24,3.3551,236.59,6.9193,20.7579,236.72,236.96,236.11,409.16,409.14,411.07,409.69,8.1382,6.9275,5.6922,1.376,1.1646,0.8145,3.5676,1.3442,1.1549,1.0685,4.912,1.9265,1.6415,1.344,0.685,0.7153,0.71,0.6062,50,930.41,674.62,1,1,2025-10-01 17:36:50,16.700000000000003,76.6,,1,0,,0
2025-10-01 17:37:05,622.29,3.3716,238.93,7.0279,21.0837,239.2,238.71,238.9,412.84,412.56,416.12,413.98,8.2761,6.9702,5.8374,1.399,1.1581,0.8145,3.7206,1.3965,1.1925,1.1316,5.0381,1.9796,1.6639,1.3946,0.6714,0.7077,0.6966,0.5841,49.9,930.47,674.67,1,1,2025-10-01 17:37:50,16.700000000000003,76.9,,1,0,,0
2025-10-01 17:37:50,622.33,3.3198,233.31,6.7929,20.378700000000002,234.29,232.53,233.12,403.17,402.55,406.58,404.03,8.0925,6.674,5.6122,1.3964,1.1292,0.7943,3.3803,1.2787,1.0625,1.0391,4.7562,1.896,1.5519,1.3083,0.7006,0.7375,0.7282,0.6072,50,930.54,674.71,1,1,2025-10-01 17:37:50,16.700000000000003,76.9,,1,0,,0
2025-10-01 17:38:35,622.37,3.3591,237.55,6.9713,20.913899999999998,237.27,237.75,237.64,410.73,409.86,413.72,411.43,8.1954,6.914,5.8045,1.3882,1.1499,0.821,3.6378,1.3573,1.1726,1.108,4.9677,1.9445,1.6438,1.3794,0.6784,0.715,0.7001,0.5953,50,930.6,674.76,1,1,2025-10-01 17:38:50,16.6,76.7,,1,0,,0
2025-10-01 17:39:20,622.41,3.3842,239.22,7.06,21.1802,239.47,239.2,239,413.8,412.88,416.32,414.23,8.3334,6.9999,5.8469,1.4048,1.1675,0.8118,3.7496,1.4137,1.1984,1.1375,5.0674,1.9956,1.6744,1.3974,0.67,0.7048,0.6978,0.5809,50,930.66,674.8,1,1,2025-10-01 17:39:50,16.700000000000003,76.7,,1,0,,0
2025-10-01 17:40:05,622.45,3.3537,235.75,6.8962,20.6887,235.22,236.05,235.99,407.55,407.6,409.83,403.28,8.0637,6.8798,5.7452,1.3754,1.145,0.8332,3.5204,1.3021,1.1495,1.0688,4.8765,1.8967,1.624,1.3558,0.6897,0.7261,0.7057,0.6148,50,930.72,674.85,1,1,2025-10-01 17:40:50,16.700000000000003,76.8,,1,0,,0
2025-10-01 17:40:50,622.5,3.408,242.03,7.1781,21.5344,241.51,242.32,242.27,418.11,418.31,421.18,419.2,8.3802,7.1576,5.9966,1.3989,1.1743,0.8349,3.9202,1.4579,1.274,1.1884,5.2111,2.0239,1.7344,1.4528,0.656,0.6923,0.6777,0.5748,50,930.79,674.9,1,1,2025-10-01 17:40:50,16.700000000000003,76.8,,1,0,,0
2025-10-01 17:41:35,622.54,3.3801,238.78,7.0263,21.078899999999997,239.6,239.05,237.71,413.69,411.82,415.23,413.62,8.3696,7.0026,5.7067,1.4033,1.1896,0.7872,3.7087,1.4285,1.1759,1.1043,5.0359,2.0054,1.674,1.3565,0.6736,0.7007,0.7111,0.5804,50,930.85,674.94,1,1,2025-10-01 17:41:50,16.6,76.8,,1,0,,0
2025-10-01 17:42:20,622.58,3.3422,236.27,6.9016,20.704900000000002,236.11,236.07,236.63,407.54,408.61,411.51,409.24,8.0982,6.8315,5.7752,1.384,1.1333,0.8249,3.5488,1.3149,1.145,1.0889,4.8914,1.9121,1.6127,1.3666,0.6855,0.7249,0.7034,0.6038,50,930.91,674.99,1,1,2025-10-01 17:42:50,16.6,76.9,,1,0,,0
2025-10-01 17:43:05,622.62,3.4062,242.48,7.1959,21.5879,241.83,243.03,242.59,418.51,419.63,421.8,420.06,8.3625,7.2116,6.0138,1.3883,1.177,0.8409,3.9538,1.4659,1.2961,1.1917,5.2338,2.0223,1.7526,1.4589,0.6526,0.6876,0.6722,0.5765,50,930.97,675.03,1,1,2025-10-01 17:43:50,16.6,77,,1,0,,0
2025-10-01 17:43:50,622.67,3.3641,238.54,6.9703,20.911,238.39,238.73,238.5,412.1,412.44,414.92,413.77,8.1655,6.955,5.7905,1.3823,1.1575,0.8243,3.6618,1.3663,1.1881,1.1074,4.988,1.9466,1.6604,1.381,0.6765,0.7112,0.6978,0.5971,50.1,931.04,675.08,1,1,2025-10-01 17:43:50,16.6,77,,1,0,,0
2025-10-01 17:44:35,622.71,3.343,236.41,6.8782,20.6348,236.39,236.3,236.54,408.15,409.09,411.15,409.46,8.0696,6.8458,5.7194,1.3786,1.142,0.8224,3.5319,1.3145,1.1436,1.0739,4.8781,1.9076,1.6177,1.3529,0.6874,0.7237,0.7066,0.608,50.1,931.09,675.12,1,1,2025-10-01 17:44:50,16.6,77,,1,0,,0
2025-10-01 17:45:20,622.75,3.3615,238.23,6.9644,20.8933,237.93,238.76,238.02,411.85,411.9,414.13,412.63,8.1423,7.0043,5.7467,1.3699,1.1679,0.8237,3.6527,1.3661,1.195,1.0916,4.9775,1.9373,1.6723,1.3678,0.6771,0.708,0.6989,0.6023,50.1,931.16,675.17,1,1,2025-10-01 17:45:50,16.6,77.1,,1,0,,0
2025-10-01 17:46:05,622.79,3.3216,233.67,6.7751,20.3253,233.68,233.05,234.28,403.54,403.76,406.86,404.83,7.9798,6.6658,5.6797,1.3845,1.1138,0.8233,3.3713,1.2452,1.0811,1.045,4.7488,1.8647,1.5535,1.3306,0.7018,0.7435,0.7175,0.6188,50.1,931.22,675.22,1,1,2025-10-01 17:46:50,16.6,77.4,,1,0,,0
2025-10-01 17:46:50,622.83,3.3652,237.44,6.9534,20.8603,238.25,237.93,236.14,411.53,409.2,413.01,411.11,8.2694,6.969,5.6219,1.3886,1.1894,0.7871,3.6152,1.3935,1.1532,1.0684,4.9559,1.9702,1.6581,1.3276,0.6813,0.7058,0.7179,0.5931,50.1,931.28,675.26,1,1,2025-10-01 17:46:50,16.6,77.4,,1,0,,0
2025-10-01 17:47:35,622.87,3.3689,239.24,7.0181,21.054299999999998,239.5,239,239.23,413.56,413.12,416.43,414.37,8.3069,6.9342,5.8132,1.4062,1.1574,0.8053,3.7202,1.403,1.1839,1.1332,5.0375,1.9895,1.6573,1.3907,0.6712,0.7079,0.699,0.5792,50,931.35,675.3,1,1,2025-10-01 17:47:50,16.6,77.1,,1,0,,0
2025-10-01 17:49:05,622.96,3.4093,243.57,7.2385,21.7157,243.4,243.14,244.19,420.27,421.32,424.05,421.86,8.4748,7.1292,6.1117,1.422,1.1564,0.8309,4.017,1.4892,1.2886,1.2392,5.2886,2.0628,1.7334,1.4924,0.647,0.6905,0.6679,0.5564,50,931.47,675.39,1,1,2025-10-01 17:49:50,16.6,77,,1,0,,0
2025-10-01 17:49:50,623,3.3619,238.51,6.9748,20.924500000000002,238.56,238.23,238.75,412.32,411.44,415.55,413.12,8.1841,6.9064,5.834,1.3944,1.1445,0.823,3.6651,1.3622,1.1797,1.1232,4.9906,1.9524,1.6453,1.3929,0.6759,0.7143,0.6956,0.5901,50.1,931.53,675.44,1,1,2025-10-01 17:49:50,16.6,77,,1,0,,0
2025-10-01 17:50:35,623.04,3.34,236.24,6.8874,20.6622,235.99,235.86,236.88,407.99,408.35,411.19,409.23,8.0292,6.8505,5.7825,1.3774,1.1271,0.8355,3.5341,1.2978,1.1494,1.0869,4.8803,1.8948,1.6158,1.3698,0.6868,0.7263,0.7005,0.6104,50,931.59,675.49,1,1,2025-10-01 17:50:50,16.6,76.9,,1,0,,0
2025-10-01 17:51:20,623.08,3.4097,242.42,7.2097,21.6293,243.05,241.75,242.47,418.79,418.57,422.28,419.88,8.4836,7.0998,6.0459,1.4287,1.1632,0.8178,3.9426,1.4771,1.253,1.2125,5.2443,2.0619,1.7164,1.4659,0.6541,0.6938,0.6797,0.558,50,931.65,675.53,1,1,2025-10-01 17:51:50,16.6,77.1,,1,0,,0
2025-10-01 17:52:05,623.13,3.3666,238.25,6.9826,20.9478,238.54,237.86,238.37,411.84,411.12,415.02,412.62,8.1947,6.918,5.8351,1.3963,1.1476,0.8226,3.6617,1.3637,1.177,1.1211,4.9912,1.9548,1.6455,1.3909,0.6768,0.7154,0.6981,0.5915,50,931.72,675.58,1,1,2025-10-01 17:52:50,16.6,77.3,,1,0,,0
2025-10-01 17:52:50,623.17,3.3606,237.85,6.973,20.9191,237.44,237.16,238.96,409.89,411.36,414.64,410.8,8.1406,6.8499,5.9286,1.3986,1.1189,0.8431,3.6426,1.3294,1.1752,1.1379,4.9741,1.9329,1.6245,1.4167,0.678,0.7248,0.6895,0.5953,50,931.78,675.62,1,1,2025-10-01 17:52:50,16.6,77.3,,1,0,,0
2025-10-01 17:53:35,623.21,3.3597,238.67,7.0027,21.0081,238.34,238.89,238.8,412.37,413.01,414.78,413.38,8.1979,6.9938,5.8164,1.379,1.157,0.8236,3.7008,1.3799,1.203,1.118,5.0136,1.9539,1.6707,1.389,0.6721,0.7068,0.6932,0.5931,50,931.84,675.67,1,1,2025-10-01 17:53:50,16.6,77.2,,1,0,,0
2025-10-01 17:54:20,623.25,3.3101,233.32,6.7755,20.3265,233.35,232.45,234.18,402.67,403.63,406.08,404.04,7.972,6.6528,5.7017,1.3824,1.1047,0.823,3.3719,1.2407,1.0802,1.051,4.7419,1.8603,1.5464,1.3352,0.7005,0.7442,0.715,0.6165,50,931.9,675.71,1,1,2025-10-01 17:54:50,16.700000000000003,77.2,,1,0,,0
2025-10-01 17:55:05,623.29,3.3351,236.36,6.8838,20.6515,236.21,236.5,236.38,408.68,408.62,410.86,409.39,8.0898,6.8698,5.6919,1.3721,1.1475,0.8155,3.5435,1.3259,1.148,1.0696,4.8811,1.9109,1.6247,1.3455,0.6853,0.7191,0.7069,0.6062,50,931.96,675.76,1,1,2025-10-01 17:55:50,16.700000000000003,77.4,,1,0,,0
2025-10-01 17:55:50,623.34,3.3572,239.34,7.006,21.0182,238.65,240.06,239.31,413.86,414.08,415.67,414.39,8.2042,7.0365,5.7775,1.3697,1.168,0.8195,3.7263,1.3951,1.218,1.1132,5.0297,1.9579,1.6892,1.3826,0.6693,0.7005,0.6921,0.5928,50,932.03,675.81,1,1,2025-10-01 17:55:50,16.700000000000003,77.4,,1,0,,0
2025-10-01 17:56:35,623.38,3.3302,236.44,6.8831,20.6493,236.03,236.16,237.15,408.11,408.9,411.57,407.52,8.0638,6.7963,5.7892,1.3814,1.121,0.8278,3.5458,1.3049,1.1462,1.0947,4.8812,1.9033,1.605,1.3729,0.6845,0.7269,0.6992,0.6031,50,932.09,675.85,1,1,2025-10-01 17:56:50,16.6,77.2,,1,0,,0
2025-10-01 17:57:20,623.42,3.3896,242.46,7.1663,21.4989,242.11,241.98,243.29,418.73,418.26,422.83,419.9,8.3972,7.0521,6.0496,1.4147,1.1466,0.8282,3.932,1.4549,1.2611,1.216,5.2113,2.033,1.7065,1.4718,0.6529,0.6971,0.6727,0.5629,50,932.15,675.89,1,1,2025-10-01 17:57:50,16.700000000000003,77.2,,1,0,,0
2025-10-01 17:58:05,623.46,3.3684,239.55,7.0215,21.064700000000002,239.78,239.83,239.05,414.76,413.41,416.55,414.88,8.2827,7.0183,5.7637,1.3888,1.1753,0.8043,3.7366,1.4156,1.2027,1.1183,5.047,1.986,1.6832,1.3778,0.6695,0.7003,0.6989,0.5838,50.1,932.22,675.94,1,1,2025-10-01 17:58:50,16.700000000000003,76.9,,1,0,,0
2025-10-01 17:58:50,623.5,3.3376,236.36,6.8813,20.644099999999998,235.79,237.06,236.25,408.5,408.93,410.73,409.79,8.0221,6.9355,5.6865,1.3534,1.1562,0.8279,3.5325,1.3143,1.1638,1.0544,4.8791,1.8915,1.6441,1.3434,0.6867,0.7173,0.7047,0.6176,50.1,932.27,675.99,1,1,2025-10-01 17:58:50,16.700000000000003,76.9,,1,0,,0
2025-10-01 17:59:35,623.55,3.3965,242.21,7.1419,21.4259,241.77,242.59,242.27,418.6,418.88,421.05,419.42,8.3143,7.159,5.9526,1.3873,1.1751,0.8342,3.9019,1.4501,1.276,1.1758,5.189,2.0101,1.7367,1.4421,0.6565,0.6912,0.6774,0.5786,50.1,932.34,676.03,1,1,2025-10-01 17:59:50,16.700000000000003,77,,1,0,,0
2025-10-01 18:01:05,623.63,3.3548,236.9,6.8873,20.662,236.43,237.63,236.64,409.61,409.79,411.54,410.25,8.0232,6.9529,5.6859,1.3587,1.1647,0.8314,3.5463,1.3195,1.1695,1.0573,4.8947,1.8969,1.6522,1.3455,0.6872,0.7173,0.7056,0.6181,50.2,932.46,676.12,1,1,2025-10-01 18:01:50,16.700000000000003,77.3,,1,0,,0
2025-10-01 18:01:50,623.67,3.3624,237.99,6.9249,20.7748,237.51,238.12,238.35,411.23,411.03,414.34,412.28,8.0693,6.9168,5.7887,1.3771,1.1478,0.8375,3.6041,1.329,1.179,1.0961,4.9433,1.9165,1.647,1.3797,0.6821,0.7195,0.6975,0.6071,50.2,932.52,676.17,1,1,2025-10-01 18:01:50,16.700000000000003,77.3,,1,0,,0
2025-10-01 18:02:35,623.71,3.3246,232.75,6.7329,20.1988,233.68,231.84,232.75,402.34,401.19,405.87,403.14,7.9734,6.6194,5.606,1.3936,1.1208,0.8102,3.3015,1.2329,1.0464,1.0222,4.7027,1.8632,1.5346,1.3048,0.7095,0.7489,0.7309,0.6211,50.2,932.58,676.21,1,1,2025-10-01 18:02:50,16.6,77.1,,1,0,,0
2025-10-01 18:04:05,623.8,3.3611,239.03,6.9851,20.955399999999997,239.58,238.95,238.58,413.92,411.92,416.2,413.99,8.2939,6.9213,5.7402,1.4025,1.165,0.7936,3.6907,1.4034,1.1716,1.1157,5.0104,1.9871,1.6538,1.3695,0.6733,0.7068,0.7051,0.5796,50.1,932.71,676.3,1,1,2025-10-01 18:04:50,16.6,77.1,,1,0,,0
2025-10-01 18:04:50,623.84,3.3399,236.82,6.8825,20.6475,237.3,236.87,236.29,409.97,408.32,412.22,410.13,8.1765,6.8372,5.6338,1.3895,1.1581,0.7923,3.5504,1.3504,1.1303,1.0696,4.891,1.9403,1.6195,1.3312,0.6851,0.7171,0.7156,0.5952,50.1,932.77,676.35,1,1,2025-10-01 18:04:50,16.6,77.1,,1,0,,0
2025-10-01 18:05:35,623.88,3.3882,242.25,7.1359,21.4077,242.08,242.64,242.04,418.94,418.11,421.68,419.52,8.3945,7.106,5.9072,1.3996,1.1762,0.8124,3.9026,1.4687,1.2579,1.1759,5.1861,2.0321,1.7242,1.4298,0.6555,0.6898,0.6829,0.5684,50.1,932.83,676.39,1,1,2025-10-01 18:05:50,16.6,77.1,,1,0,,0
2025-10-01 18:06:20,623.92,3.3545,238.5,6.9714,20.9143,239.59,237.18,238.73,412.19,410.43,416.63,413.07,8.34,6.7393,5.835,1.4385,1.127,0.789,3.6603,1.3818,1.1309,1.1475,4.9896,1.9982,1.5984,1.393,0.6756,0.7211,0.7058,0.5665,50.1,932.89,676.44,1,1,2025-10-01 18:06:50,16.6,77.3,,1,0,,0
2025-10-01 18:07:05,623.96,3.3376,237.58,6.9168,20.7504,236.05,238.23,238.48,410.09,411.09,413.3,411.63,7.9827,6.9231,5.8446,1.3535,1.1291,0.855,3.6071,1.3069,1.1998,1.1004,4.9274,1.8843,1.6493,1.3938,0.6791,0.7193,0.6853,0.6135,50.1,932.96,676.48,1,1,2025-10-01 18:07:50,16.6,77.1,,1,0,,0
2025-10-01 18:07:50,624.01,3.3862,241.98,7.131,21.393,242.26,241.38,242.32,418.19,417.51,421.67,419.04,8.3546,7.0461,5.9923,1.4109,1.1521,0.8232,3.8898,1.446,1.2483,1.1955,5.1768,2.024,1.7008,1.4521,0.6565,0.6983,0.6782,0.5671,50.1,933.02,676.53,1,1,2025-10-01 18:07:50,16.6,77.1,,1,0,,0
2025-10-01 18:08:35,624.05,3.3479,238.18,6.9443,20.833000000000002,238.46,238.16,237.93,412.21,410.76,414.63,412.6,8.1616,6.9127,5.7587,1.3837,1.1517,0.8125,3.6406,1.364,1.1739,1.1027,4.9627,1.9462,1.6463,1.3702,0.6769,0.7121,0.7003,0.5931,50.1,933.08,676.57,1,1,2025-10-01 18:08:50,16.6,77,,1,0,,0
2025-10-01 18:09:20,624.09,3.3268,235.89,6.8527,20.558300000000003,235.87,235.59,236.21,407.95,406.85,410.88,408.53,8.0235,6.8052,5.7296,1.3742,1.1285,0.8241,3.506,1.2969,1.1362,1.0729,4.8491,1.8925,1.6032,1.3534,0.6883,0.7272,0.7047,0.6091,50.1,933.14,676.62,1,1,2025-10-01 18:09:50,16.6,77.4,,1,0,,0
2025-10-01 18:10:05,624.13,3.35,238.79,6.9804,20.9412,239.09,238.69,238.6,413.24,411.53,415.99,413.47,8.2231,6.9373,5.7808,1.3887,1.1542,0.8071,3.6899,1.3871,1.1849,1.1179,5.0012,1.9661,1.6559,1.3793,0.6721,0.7075,0.6977,0.5853,50.1,933.21,676.67,1,1,2025-10-01 18:10:50,16.6,77,,1,0,,0
2025-10-01 18:10:50,624.18,3.2985,233.02,6.7313,20.1939,233.23,232.83,233.01,403.01,402.3,405.48,403.58,7.9291,6.6827,5.5821,1.3656,1.1225,0.8104,3.335,1.243,1.0753,1.0167,4.7059,1.8493,1.5559,1.3007,0.7032,0.7395,0.7221,0.6232,50.1,933.27,676.71,1,1,2025-10-01 18:10:50,16.6,77,,1,0,,0
2025-10-01 18:11:35,624.21,3.3346,236.31,6.8633,20.5899,236.65,236,236.28,408.42,408.07,411.38,409.25,8.0808,6.791,5.7181,1.3863,1.135,0.8134,3.52,1.3129,1.129,1.078,4.8661,1.9123,1.6027,1.3511,0.6877,0.726,0.7089,0.6023,50.1,933.32,676.75,1,1,2025-10-01 18:11:50,16.6,76.9,,1,0,,0
2025-10-01 18:12:20,624.26,3.3614,238.68,6.9799,20.9398,239.04,238.9,238.11,413.05,412.19,414.97,413.32,8.2506,6.9654,5.7238,1.3896,1.1714,0.8003,3.6781,1.3955,1.1798,1.1029,4.9992,1.9722,1.664,1.3629,0.6746,0.7056,0.7045,0.5873,50.1,933.39,676.8,1,1,2025-10-01 18:12:50,16.6,76.7,,1,0,,0
2025-10-01 18:13:05,624.3,3.3414,236.41,6.8817,20.6452,236.13,236.37,236.74,408.7,408.34,411.36,409.46,8.0725,6.8347,5.738,1.3798,1.1386,0.823,3.5348,1.3109,1.1437,1.0803,4.8801,1.9062,1.6155,1.3584,0.6869,0.7249,0.7055,0.6059,50.1,933.45,676.84,1,1,2025-10-01 18:13:50,16.6,77,,1,0,,0
2025-10-01 18:13:50,624.34,3.3933,242.2,7.1486,21.445899999999998,241.95,243.01,241.66,419.63,417.8,421.06,419.6,8.3796,7.1862,5.8801,1.3854,1.1929,0.815,3.9117,1.4754,1.2728,1.1635,5.1947,2.0274,1.7463,1.421,0.6552,0.6845,0.6838,0.5737,50.1,933.51,676.89,1,1,2025-10-01 18:13:50,16.6,77,,1,0,,0
2025-10-01 18:14:35,624.38,3.3548,238.86,6.981,20.943,237.76,239.11,239.72,412.81,412.86,415.46,413.69,8.0965,6.9636,5.8829,1.371,1.137,0.8468,3.6871,1.3464,1.2136,1.1271,5.0003,1.925,1.6651,1.4102,0.6729,0.7134,0.6837,0.6006,50.1,933.57,676.94,1,1,2025-10-01 18:14:50,16.6,77.1,,1,0,,0
2025-10-01 18:16:05,624.47,3.3859,242.33,7.1376,21.4129,242.15,242.81,242.03,419.36,418.77,421.02,419.68,8.3168,7.1689,5.9272,1.3819,1.1776,0.8264,3.9094,1.4593,1.2786,1.1715,5.1892,2.0139,1.7407,1.4346,0.6546,0.6875,0.6774,0.5763,50.1,933.7,677.02,1,1,2025-10-01 18:16:50,16.6,77,,1,0,,0
2025-10-01 18:16:50,624.51,3.2943,233.36,6.7372,20.2118,233.73,233.28,233.08,404.01,402.4,406.15,407.67,7.9389,6.709,5.5639,1.361,1.1291,0.8042,3.3551,1.2571,1.0813,1.0167,4.7175,1.8556,1.5651,1.2968,0.7006,0.7345,0.7222,0.6203,50.1,933.76,677.07,1,1,2025-10-01 18:16:50,16.6,77,,1,0,,0
2025-10-01 18:17:35,624.55,3.3304,237.03,6.8783,20.6351,236.61,237.78,236.7,410.19,409.79,411.63,410.5,8.0584,6.9186,5.6581,1.3574,1.1583,0.8148,3.5623,1.3345,1.1658,1.062,4.8911,1.9067,1.6451,1.3393,0.6829,0.713,0.7048,0.6086,50.1,933.82,677.12,1,1,2025-10-01 18:17:50,16.700000000000003,76.9,,1,0,,0
2025-10-01 18:18:20,624.59,3.3454,238.88,6.969,20.907,239.17,238.34,239.13,412.95,411.92,416.35,413.78,8.2379,6.8544,5.8147,1.4033,1.1369,0.8052,3.6816,1.3782,1.1704,1.133,4.9944,1.9703,1.6337,1.3905,0.6725,0.7134,0.6967,0.5792,50.1,933.88,677.16,1,1,2025-10-01 18:18:50,16.6,76.9,,1,0,,0
2025-10-01 18:19:05,624.63,3.29,232.53,6.7022,20.1066,232.94,232.35,232.3,402.49,401.24,404.5,403,7.9541,6.6442,5.5083,1.3692,1.1266,0.7942,3.3001,1.2443,1.0531,1.0027,4.6762,1.8528,1.5438,1.2796,0.706,0.74,0.7305,0.6209,50.1,933.94,677.21,1,1,2025-10-01 18:19:50,16.6,77.5,,1,0,,0
2025-10-01 18:19:50,624.68,3.3347,237.3,6.8915,20.6746,237.05,237.86,237,410.55,410.3,412.18,411.05,8.0934,6.9185,5.6627,1.3641,1.1593,0.8112,3.579,1.3449,1.1655,1.0686,4.9062,1.9185,1.6456,1.3421,0.6816,0.7121,0.7052,0.6046,50.1,934.01,677.25,1,1,2025-10-01 18:19:50,16.6,77.5,,1,0,,0
2025-10-01 18:20:35,624.72,3.3449,238.81,6.9666,20.8998,239.39,238.92,238.12,413.79,411.61,415.46,413.41,8.296,6.9001,5.7037,1.3979,1.1639,0.7832,3.6796,1.4057,1.1651,1.1088,4.9927,1.986,1.6486,1.3582,0.6726,0.7051,0.7067,0.5769,50.1,934.07,677.3,1,1,2025-10-01 18:20:50,16.6,77.5,,1,0,,0
2025-10-01 18:21:20,624.76,3.3263,236.72,6.877,20.6311,236.28,236.2,237.68,408.74,408.98,412.28,410.04,8.0777,6.7468,5.8066,1.39,1.1115,0.8249,3.5489,1.3034,1.1395,1.106,4.8823,1.9086,1.5936,1.3801,0.6838,0.7294,0.6982,0.5978,50.1,934.13,677.34,1,1,2025-10-01 18:21:50,16.6,77.2,,1,0,,0
2025-10-01 18:22:05,624.8,3.3825,242.67,7.1666,21.4998,241.94,244.12,241.97,420.68,419.48,420.79,420.92,8.3553,7.2613,5.8832,1.3645,1.1983,0.8197,3.9435,1.4832,1.3007,1.1596,5.2177,2.0215,1.7726,1.4236,0.651,0.677,0.6775,0.5772,50.1,934.19,677.39,1,1,2025-10-01 18:22:50,16.6,77,,1,0,,0
2025-10-01 18:22:50,624.84,3.3438,238.82,6.9686,20.906,238.71,238.48,239.27,412.58,412.29,416.04,413.77,8.1856,6.8582,5.8622,1.3957,1.1283,0.8198,3.6812,1.3624,1.1812,1.1376,4.9922,1.954,1.6355,1.4026,0.6723,0.7155,0.6907,0.5846,50.1,934.25,677.43,1,1,2025-10-01 18:22:50,16.6,77,,1,0,,0
2025-10-01 18:23:35,624.88,3.3289,236.25,6.866,20.5981,236.17,236.02,236.56,408.17,408.24,411.15,409.18,8.0445,6.7811,5.7725,1.3809,1.1231,0.8249,3.5252,1.3,1.1377,1.0875,4.8659,1.8999,1.6005,1.3655,0.6865,0.7281,0.7025,0.6043,50,934.31,677.48,1,1,2025-10-01 18:23:50,16.6,76.9,,1,0,,0
2025-10-01 18:25:05,624.97,3.343,238.04,6.9471,20.841500000000003,238.31,238.48,237.33,412.17,410.61,414.06,412.94,8.1803,6.95,5.7112,1.3754,1.1649,0.8027,3.6449,1.3771,1.1764,1.0915,4.9623,1.9494,1.6574,1.3554,0.6759,0.7066,0.7036,0.5924,50,934.44,677.57,1,1,2025-10-01 18:25:50,16.6,77.4,,1,0,,0
2025-10-01 18:25:50,625.01,3.333,237.53,6.9196,20.759,236.7,238.23,237.66,411.96,409.93,412.31,411.35,8.1707,6.9802,5.6081,1.3608,1.1736,0.7986,3.6119,1.3701,1.1756,1.0663,4.9297,1.934,1.6629,1.3328,0.6781,0.7046,0.7065,0.5994,50.1,934.5,677.61,1,1,2025-10-01 18:25:50,16.6,77.4,,1,0,,0
2025-10-01 18:26:35,625.05,3.345,239.2,7.0036,21.0109,239.25,238.72,239.63,414.62,411.93,416.32,414.27,8.37,6.9032,5.7377,1.4085,1.1564,0.7801,3.7208,1.4184,1.1711,1.1313,5.0254,2.0025,1.6479,1.3749,0.6685,0.7046,0.7026,0.5676,50.1,934.56,677.66,1,1,2025-10-01 18:26:50,16.6,77.7,,1,0,,0
2025-10-01 18:27:20,625.09,3.2783,232.16,6.6842,20.052599999999998,230.83,232.15,233.5,401.68,400.13,404.45,402.2,7.8529,6.6332,5.5665,1.3512,1.1054,0.8218,3.2797,1.204,1.0695,1.0062,4.6524,1.8127,1.5399,1.2998,0.7069,0.7465,0.7186,0.6325,50.1,934.62,677.7,1,1,2025-10-01 18:27:50,16.6,77.9,,1,0,,0
2025-10-01 18:28:05,625.13,3.3179,236.56,6.8671,20.6015,235.73,236.45,237.5,409.66,407.9,411.59,409.83,8.1007,6.8284,5.6724,1.373,1.1363,0.8086,3.5431,1.3224,1.1441,1.0766,4.8713,1.9096,1.6146,1.3472,0.6835,0.7202,0.7046,0.6005,50.1,934.69,677.75,1,1,2025-10-01 18:28:50,16.6,77.8,,1,0,,0
2025-10-01 18:28:50,625.18,3.3406,239.12,6.9697,20.9092,238.36,239.87,239.15,414.82,412.9,414.78,414.23,8.2327,7.0248,5.6517,1.366,1.1791,0.7955,3.6963,1.4038,1.201,1.0915,4.999,1.9623,1.685,1.3516,0.6705,0.6973,0.7005,0.5889,50.1,934.75,677.8,1,1,2025-10-01 18:28:50,16.6,77.8,,1,0,,0
2025-10-01 18:29:35,625.22,3.3174,236.49,6.8558,20.567400000000003,235.39,236.86,237.23,409.28,408.56,410.97,409.53,8.0607,6.8563,5.6504,1.3616,1.1426,0.8132,3.533,1.3167,1.1516,1.0647,4.8618,1.8974,1.624,1.3404,0.6845,0.7188,0.7043,0.607,50.1,934.81,677.84,1,1,2025-10-01 18:29:50,16.6,77.2,,1,0,,0
2025-10-01 18:30:20,625.26,3.3781,242.3,7.1239,21.3718,241.98,242.83,242.09,420.44,417.89,420.66,419.62,8.4417,7.1699,5.7602,1.388,1.2017,0.7884,3.9014,1.4943,1.2576,1.1496,5.1783,2.0427,1.7411,1.3945,0.6545,0.6805,0.6908,0.5655,50.2,934.87,677.88,1,1,2025-10-01 18:30:50,16.6,77.2,,1,0,,0
2025-10-01 18:31:05,625.3,3.3321,237.86,6.9053,20.716,237.32,238.32,237.96,412.43,410.33,413.2,412.04,8.1719,6.9173,5.6268,1.3721,1.1638,0.7962,3.6069,1.3659,1.165,1.0759,4.9268,1.9394,1.6485,1.339,0.6785,0.7086,0.7067,0.5948,50.2,934.94,677.93,1,1,2025-10-01 18:31:50,16.6,77.3,,1,0,,0
2025-10-01 18:31:50,625.34,3.3188,236.67,6.856,20.568199999999997,236.08,236.49,237.46,409.38,409.07,411.33,409.93,8.1032,6.8218,5.6432,1.3755,1.1398,0.8034,3.5343,1.3245,1.1385,1.0713,4.8663,1.913,1.6133,1.34,0.6845,0.7203,0.7075,0.5999,50.2,934.99,677.97,1,1,2025-10-01 18:31:50,16.6,77.3,,1,0,,0
2025-10-01 18:32:35,625.38,3.3767,242.15,7.1156,21.346999999999998,241.9,242.67,241.89,420.92,416.88,420.41,419.36,8.4523,7.1644,5.7303,1.3892,1.2045,0.783,3.8893,1.4953,1.2511,1.1429,5.1693,2.0446,1.7386,1.3861,0.6555,0.6806,0.6935,0.5652,50.2,935.06,678.02,1,1,2025-10-01 18:32:50,16.6,77.4,,1,0,,0
2025-10-01 18:34:05,625.47,3.3156,236.35,6.8423,20.5271,235.97,236.87,236.23,410.03,407.83,410.26,409.1,8.0875,6.9072,5.5324,1.3564,1.1671,0.792,3.5217,1.3384,1.1442,1.0391,4.8514,1.9084,1.6361,1.3069,0.6854,0.7118,0.714,0.6062,50.2,935.18,678.11,1,1,2025-10-01 18:34:50,16.6,77.2,,1,0,,0
2025-10-01 18:34:50,625.51,3.3313,237.62,6.8987,20.6963,237.25,237.83,237.79,411.88,409.85,412.96,411.63,8.1683,6.9045,5.6235,1.3745,1.1619,0.7949,3.5936,1.3613,1.1577,1.0745,4.9172,1.9379,1.6421,1.3372,0.6798,0.7104,0.7083,0.5947,50.1,935.24,678.15,1,1,2025-10-01 18:34:50,16.6,77.2,,1,0,,0
2025-10-01 18:35:35,625.55,3.2847,232.88,6.7152,20.145699999999998,232.58,232.63,233.43,403.09,402.4,404.56,403.19,7.9704,6.6707,5.5046,1.365,1.1259,0.7939,3.3257,1.2502,1.0658,1.0097,4.6905,1.8538,1.5518,1.2849,0.7027,0.7374,0.7262,0.618,50.1,935.3,678.2,1,1,2025-10-01 18:35:50,16.6,77.3,,1,0,,0
2025-10-01 18:36:20,625.59,3.3219,237.57,6.9002,20.700699999999998,237.22,237.33,238.17,411.27,410.43,412.73,411.48,8.2042,6.8295,5.667,1.3879,1.1434,0.7906,3.5993,1.3597,1.1462,1.0934,4.9168,1.9462,1.6208,1.3497,0.6782,0.7143,0.7062,0.5859,50.1,935.36,678.24,1,1,2025-10-01 18:36:50,16.6,77.2,,1,0,,0
2025-10-01 18:37:05,625.6,0.5072,239.33,0.7206,2.1619,238.97,239.05,239.99,415.11,412.76,415.71,414.52,2.1619,0.0,0.0,0.5072,0.0,0.0,0.0916,0.0916,0,0,0.5166,0.5166,0,0,0.984,0.984,1,1,50.1,935.37,678.25,0,1,2025-10-01 18:37:50,16.6,78.8,,0,0,,1
2025-10-01 18:37:50,625.61,0.4988,236.36,0.7166,2.1498,235.94,235.93,237.22,408.57,408.88,410.71,409.33,2.1498,0.0,0.0,0.4988,0.0,0.0,0.086,0.086,0,0,0.5072,0.5072,0,0,0.9854,0.9854,1,1,50.1,935.38,678.25,0,1,2025-10-01 18:37:50,16.6,78.8,,0,0,,1
2025-10-01 18:38:35,625.61,0.5143,242.71,0.7233,2.1701,241.94,243.68,242.53,421.32,418.91,420.92,420.3,2.1701,0.0,0.0,0.5143,0.0,0.0,0.0983,0.0983,0,0,0.525,0.525,0,0,0.9822,0.9822,1,1,50.1,935.39,678.25,0,1,2025-10-01 18:38:50,16.6,79.8,,0,0,,1
2025-10-01 18:39:20,625.62,0.5046,239.08,0.7186,2.1559,238.33,239.16,239.75,414.3,413.2,414.77,414.11,2.1559,0.0,0.0,0.5046,0.0,0.0,0.0896,0.0906,0,0,0.5138,0.5138,0,0,0.9845,0.9842,1,1,50.1,935.39,678.25,0,1,2025-10-01 18:39:50,16.700000000000003,80.9,,0,0,,1
2025-10-01 18:40:05,625.63,0.497,236.49,0.7145,2.1436,235.79,237.32,236.37,410.5,408.24,410.07,409.69,2.1436,0.0,0.0,0.497,0.0,0.0,0.0863,0.0863,0,0,0.5054,0.5054,0,0,0.9852,0.9852,1,1,50.1,935.4,678.25,0,1,2025-10-01 18:40:50,16.700000000000003,81.5,,0,0,,1
2025-10-01 18:40:50,625.63,0.5137,242.62,0.7228,2.1685,241.79,243.27,242.81,420.71,418.86,421.09,420.16,2.1685,0.0,0.0,0.5137,0.0,0.0,0.0979,0.0979,0,0,0.5243,0.5243,0,0,0.9823,0.9823,1,1,50.1,935.4,678.25,0,1,2025-10-01 18:40:50,16.700000000000003,81.5,,0,0,,1
2025-10-01 18:41:35,625.64,0.4896,233.52,0.7103,2.1309,233.41,233.78,233.37,404.9,403.43,405.06,406.01,2.1309,0.0,0.0,0.4896,0.0,0.0,0.082,0.082,0,0,0.4974,0.4974,0,0,0.9862,0.9862,1,1,50.1,935.41,678.25,0,1,2025-10-01 18:41:50,16.8,82,,0,0,,1
2025-10-01 18:42:20,625.64,0.4971,236.68,0.7144,2.1433,235.87,236.31,237.86,409.43,409.47,410.91,409.89,2.1433,0.0,0.0,0.4971,0.0,0.0,0.0862,0.0862,0,0,0.5055,0.5055,0,0,0.9853,0.9853,1,1,50.1,935.42,678.26,0,1,2025-10-01 18:42:50,16.8,82.3,,0,0,,1
2025-10-01 18:43:05,625.65,0.5073,239.2,0.7194,2.1584,239.62,238.77,239.21,414.72,412.48,415.69,414.25,2.1584,0.0,0.0,0.5073,0.0,0.0,0.0937,0.0937,0,0,0.5172,0.5172,0,0,0.9833,0.9833,1,1,50.1,935.42,678.26,0,1,2025-10-01 18:43:50,16.8,82.6,,0,0,,1
2025-10-01 18:43:50,625.66,0.4912,233.32,0.712,2.1361,233.54,233,233.42,404.77,402.39,405.18,404.19,2.1361,0.0,0.0,0.4912,0.0,0.0,0.0817,0.0817,0,0,0.4989,0.4989,0,0,0.9864,0.9864,1,1,50.1,935.43,678.26,0,1,2025-10-01 18:43:50,16.8,82.6,,0,0,,1
2025-10-01 18:44:35,625.66,0.4972,236.46,0.7143,2.1431,235.9,236.56,236.94,409.52,408.71,410.46,409.46,2.1431,0.0,0.0,0.4972,0.0,0.0,0.0859,0.0859,0,0,0.5056,0.5056,0,0,0.9854,0.9854,1,1,50.1,935.44,678.26,0,1,2025-10-01 18:44:50,17.3,83.1,,0,0,,1
2025-10-01 18:45:20,625.67,0.5066,239.21,0.7188,2.1564,239.42,238.83,239.39,414.99,412.09,415.88,414.29,2.1564,0.0,0.0,0.5066,0.0,0.0,0.0928,0.0928,0,0,0.5163,0.5163,0,0,0.9836,0.9836,1,1,50.1,935.44,678.26,0,1,2025-10-01 18:45:50,17.3,83.6,,0,0,,1
2025-10-01 18:46:05,625.68,0.4983,236.49,0.715,2.145,236.24,236.85,236.39,410.36,408.07,410.4,409.51,2.145,0.0,0.0,0.4983,0.0,0.0,0.0863,0.0863,0,0,0.5067,0.5067,0,0,0.9853,0.9853,1,1,50.1,935.45,678.26,0,1,2025-10-01 18:46:50,17.3,83.9,,0,0,,1
2025-10-01 18:46:50,625.68,0.5139,242.31,0.7224,2.1672,242.1,242.98,241.87,420.67,418.2,420.21,419.66,2.1672,0.0,0.0,0.5139,0.0,0.0,0.0984,0.0984,0,0,0.5247,0.5247,0,0,0.9821,0.9821,1,1,50.1,935.46,678.26,0,1,2025-10-01 18:46:50,17.3,83.9,,0,0,,1
2025-10-01 18:47:35,625.69,0.5063,239.53,0.7185,2.1555,239.31,239.75,239.54,415.15,414.07,415.41,414.91,2.1555,0.0,0.0,0.5063,0.0,0.0,0.0921,0.0921,0,0,0.5158,0.5158,0,0,0.9838,0.9838,1,1,50.1,935.46,678.26,0,1,2025-10-01 18:47:50,17.400000000000002,83.9,,0,0,,1
2025-10-01 18:48:20,625.69,0.4974,236.65,0.7148,2.1444,235.8,237.55,236.6,410.88,408.55,410.2,409.96,2.1444,0.0,0.0,0.4974,0.0,0.0,0.0852,0.0852,0,0,0.5056,0.5056,0,0,0.9856,0.9856,1,1,50.1,935.47,678.26,0,1,2025-10-01 18:48:50,17.400000000000002,83.7,,0,0,,1
2025-10-01 18:49:05,625.7,0.5131,242.71,0.7219,2.1657,241.89,242.74,243.52,419.35,421.06,420.77,420.42,2.1657,0.0,0.0,0.5131,0.0,0.0,0.0983,0.0983,0,0,0.5239,0.5239,0,0,0.9821,0.9821,1,1,50.1,935.47,678.27,0,1,2025-10-01 18:49:50,17.400000000000002,84.2,,0,0,,1
2025-10-01 18:49:50,625.71,0.4881,233.68,0.7069,2.1208,233.92,233.25,233.88,405.46,402.41,406.35,412.36,2.1208,0.0,0.0,0.4881,0.0,0.0,0.0832,0.0832,0,0,0.4961,0.4961,0,0,0.9857,0.9857,1,1,50.1,935.48,678.27,0,1,2025-10-01 18:49:50,17.400000000000002,84.2,,0,0,,1
2025-10-01 18:50:35,625.71,0.5037,237.12,0.7165,2.1496,238.74,236.36,236.27,410.95,408.76,412.41,410.77,2.1496,0.0,0.0,0.5037,0.0,0.0,0.0915,0.0915,0,0,0.5132,0.5132,0,0,0.9838,0.9838,1,1,50.1,935.49,678.27,0,1,2025-10-01 18:50:50,17.400000000000002,84,,0,0,,1
2025-10-01 18:51:20,625.72,0.5073,239.19,0.719,2.1572,239.66,238.84,239.07,413.95,412.66,416.22,414.25,2.1572,0.0,0.0,0.5073,0.0,0.0,0.0928,0.0928,0,0,0.517,0.517,0,0,0.9836,0.9836,1,1,50.1,935.49,678.27,0,1,2025-10-01 18:51:50,17.5,84.2,,0,0,,1
2025-10-01 18:52:05,625.73,0.491,233.27,0.7121,2.1363,233.29,232.58,233.94,402.94,403.24,405.91,404.01,2.1363,0.0,0.0,0.491,0.0,0.0,0.0804,0.0804,0,0,0.4984,0.4984,0,0,0.9868,0.9868,1,1,50.1,935.5,678.27,0,1,2025-10-01 18:52:50,17.5,84,,0,0,,1
2025-10-01 18:52:50,625.73,0.5019,237.03,0.717,2.1511,237.39,236.38,237.32,410.33,408.67,412.61,410.41,2.1511,0.0,0.0,0.5019,0.0,0.0,0.0882,0.0882,0,0,0.5106,0.5106,0,0,0.9849,0.9849,1,1,50.1,935.51,678.27,0,1,2025-10-01 18:52:50,17.5,84,,0,0,,1
2025-10-01 18:53:35,625.74,0.5048,238.84,0.7179,2.1538,238.64,238.46,239.43,412.71,412.65,415.68,413.71,2.1538,0.0,0.0,0.5048,0.0,0.0,0.0904,0.0904,0,0,0.514,0.514,0,0,0.9843,0.9843,1,1,50.1,935.51,678.27,0,1,2025-10-01 18:53:50,17.5,83.7,,0,0,,1
2025-10-01 18:54:20,625.74,0.4997,236.4,0.7149,2.1448,236.87,235.88,236.46,409.8,406.93,411.62,409.34,2.1448,0.0,0.0,0.4997,0.0,0.0,0.087,0.087,0,0,0.508,0.508,0,0,0.9851,0.9851,1,1,50.1,935.52,678.27,0,1,2025-10-01 18:54:50,17.5,83.6,,0,0,,1
2025-10-01 18:55:05,625.75,0.5131,242.16,0.7216,2.1648,241.87,242.06,242.57,418.59,418.98,420.74,419.43,2.1648,0.0,0.0,0.5131,0.0,0.0,0.0972,0.0972,0,0,0.5236,0.5236,0,0,0.9825,0.9825,1,1,50.1,935.53,678.27,0,1,2025-10-01 18:55:50,17.6,83.5,,0,0,,1
2025-10-01 18:55:50,625.76,0.5047,238.99,0.7171,2.1514,238.94,239.23,238.8,413.73,413.07,415.01,413.97,2.1514,0.0,0.0,0.5047,0.0,0.0,0.0912,0.0912,0,0,0.5141,0.5141,0,0,0.984,0.984,1,1,50.1,935.53,678.28,0,1,2025-10-01 18:55:50,17.6,83.5,,0,0,,1
2025-10-01 18:56:35,625.76,0.4981,236.37,0.7146,2.1439,236.17,236.6,236.35,408.91,408.47,410.82,409.33,2.1439,0.0,0.0,0.4981,0.0,0.0,0.0852,0.0852,0,0,0.5063,0.5063,0,0,0.9856,0.9856,1,1,50.1,935.54,678.28,0,1,2025-10-01 18:56:50,17.6,83.6,,0,0,,1
2025-10-01 18:57:20,625.77,0.5142,242.53,0.7221,2.1663,242.26,242.81,242.52,419.91,418.86,421.42,420.06,2.1663,0.0,0.0,0.5142,0.0,0.0,0.0977,0.0977,0,0,0.5248,0.5248,0,0,0.9824,0.9824,1,1,50.1,935.54,678.28,0,1,2025-10-01 18:57:50,17.6,83.9,,0,0,,1
2025-10-01 18:58:05,625.78,0.4908,233.36,0.7108,2.1325,233.69,232.48,233.91,403.34,403.1,406.11,404.18,2.1325,0.0,0.0,0.4908,0.0,0.0,0.0809,0.0809,0,0,0.4983,0.4983,0,0,0.9866,0.9866,1,1,50.1,935.55,678.28,0,1,2025-10-01 18:58:50,17.6,84.4,,0,0,,1
2025-10-01 18:58:50,625.78,0.5025,237.31,0.7163,2.1491,238.08,236.74,237.13,410.92,409.18,413.02,411.05,2.1491,0.0,0.0,0.5025,0.0,0.0,0.0893,0.0893,0,0,0.5117,0.5117,0,0,0.9845,0.9846,1,1,50.1,935.56,678.28,0,1,2025-10-01 18:58:50,17.6,84.4,,0,0,,1
2025-10-01 18:59:35,625.79,0.5057,238.94,0.7176,2.1529,239.19,239.33,238.31,414.15,412.43,414.98,413.86,2.1529,0.0,0.0,0.5057,0.0,0.0,0.0912,0.0912,0,0,0.515,0.515,0,0,0.9841,0.9841,1,1,50.1,935.56,678.28,0,1,2025-10-01 18:59:50,17.6,84.8,,0,0,,1
2025-10-01 19:00:20,625.79,0.4901,233.3,0.7116,2.1349,233.01,233.11,233.78,403.5,403.12,405.61,403.97,2.1349,0.0,0.0,0.4901,0.0,0.0,0.0793,0.0793,0,0,0.4975,0.4975,0,0,0.9871,0.987,1,1,50.1,935.57,678.28,0,1,2025-10-01 19:00:50,18.0,85.1,,0,0,,1
2025-10-01 19:01:05,625.8,0.5035,238.08,0.7178,2.1535,237.9,237.04,239.3,410.96,411.46,414.66,410.8,2.1535,0.0,0.0,0.5035,0.0,0.0,0.0884,0.0884,0,0,0.5123,0.5123,0,0,0.9849,0.9849,1,1,50.1,935.58,678.28,0,1,2025-10-01 19:01:50,18.1,84.7,,0,0,,1
2025-10-01 19:01:50,625.81,0.5028,238.42,0.716,2.148,238.26,237.98,239.02,412.17,411.79,414.88,412.9,2.148,0.0,0.0,0.5028,0.0,0.0,0.0893,0.0893,0,0,0.5118,0.5118,0,0,0.9845,0.9845,1,1,50.1,935.58,678.28,0,1,2025-10-01 19:01:50,18.1,84.7,,0,0,,1
2025-10-01 19:02:35,625.81,0.5003,237.43,0.715,2.1451,237.27,237.02,238.02,410.34,410.01,413.38,411.19,2.1451,0.0,0.0,0.5003,0.0,0.0,0.0872,0.0872,0,0,0.509,0.509,0,0,0.9851,0.9851,1,1,50.1,935.59,678.29,0,1,2025-10-01 19:02:50,18.1,84.6,,0,0,,1
2025-10-01 19:03:20,625.82,0.5162,242.74,0.7234,2.1703,242.85,242.79,242.6,420.31,418.94,422.07,420.47,2.1703,0.0,0.0,0.5162,0.0,0.0,0.099,0.099,0,0,0.5271,0.5271,0,0,0.982,0.982,1,1,50.1,935.6,678.29,0,1,2025-10-01 19:03:50,18.1,84.6,,0,0,,1
2025-10-01 19:04:05,625.83,0.5045,239.1,0.7176,2.1529,238.57,239.2,239.54,413.29,413.29,415.8,414.16,2.1529,0.0,0.0,0.5045,0.0,0.0,0.0898,0.0898,0,0,0.5136,0.5136,0,0,0.9845,0.9845,1,1,50.1,935.6,678.29,0,1,2025-10-01 19:04:50,18.1,84.3,,0,0,,1
2025-10-01 19:04:50,625.83,0.4974,236.64,0.7135,2.1406,236.23,237.91,235.79,410.03,409.36,410.22,409.87,2.1406,0.0,0.0,0.4974,0.0,0.0,0.0851,0.0851,0,0,0.5057,0.5057,0,0,0.9856,0.9856,1,1,50.1,935.61,678.29,0,1,2025-10-01 19:04:50,18.1,84.3,,0,0,,1
2025-10-01 19:05:35,625.84,0.502,238.81,0.714,2.1421,238.67,238.46,239.31,412.97,412.06,415.84,418.48,2.1421,0.0,0.0,0.502,0.0,0.0,0.0904,0.0904,0,0,0.5113,0.5113,0,0,0.9841,0.9841,1,1,50.1,935.62,678.29,0,1,2025-10-01 19:05:50,18.1,84.5,,0,0,,1
2025-10-01 19:06:20,625.84,0.489,232.88,0.7099,2.1299,233.03,232.31,233.31,402.71,401.49,405.85,403.29,2.1299,0.0,0.0,0.489,0.0,0.0,0.0795,0.0795,0,0,0.4963,0.4963,0,0,0.987,0.987,1,1,50.1,935.62,678.29,0,1,2025-10-01 19:06:50,18.200000000000003,85.1,,0,0,,1
2025-10-01 19:07:05,625.85,0.499,236.69,0.7147,2.1441,236.63,236.86,236.58,409.53,408.8,411.51,409.95,2.1441,0.0,0.0,0.499,0.0,0.0,0.0857,0.0857,0,0,0.5074,0.5074,0,0,0.9855,0.9855,1,1,50.1,935.63,678.29,0,1,2025-10-01 19:07:50,18.200000000000003,85,,0,0,,1
2025-10-01 19:07:50,625.86,0.505,238.99,0.7171,2.1515,238.99,238.56,239.44,412.89,412.86,416.08,413.85,2.1515,0.0,0.0,0.505,0.0,0.0,0.0905,0.0905,0,0,0.5142,0.5142,0,0,0.9843,0.9843,1,1,50.1,935.63,678.29,0,1,2025-10-01 19:07:50,18.200000000000003,85,,0,0,,1
2025-10-01 19:08:35,625.86,0.4912,234.1,0.711,2.133,233.85,234.06,234.41,404.82,404.31,407.29,405.67,2.133,0.0,0.0,0.4912,0.0,0.0,0.0812,0.0812,0,0,0.4988,0.4988,0,0,0.9866,0.9866,1,1,50.1,935.64,678.29,0,1,2025-10-01 19:08:50,18.200000000000003,84.4,,0,0,,1
2025-10-01 19:09:20,625.87,0.4996,236.86,0.7146,2.1439,237.03,236.56,237,409.64,409,412.11,410.1,2.1439,0.0,0.0,0.4996,0.0,0.0,0.0868,0.0868,0,0,0.5082,0.5082,0,0,0.9852,0.9852,1,1,50.1,935.65,678.3,0,1,2025-10-01 19:09:50,18.200000000000003,84.1,,0,0,,1
2025-10-01 19:10:05,625.88,0.5057,238.86,0.7178,2.1534,239.14,238.97,238.48,413.64,412.09,415.41,413.59,2.1534,0.0,0.0,0.5057,0.0,0.0,0.0907,0.0907,0,0,0.515,0.515,0,0,0.9842,0.9842,1,1,50.1,935.65,678.3,0,1,2025-10-01 19:10:50,18.200000000000003,84,,0,0,,1
2025-10-01 19:10:50,625.88,0.4973,236.53,0.7139,2.1417,235.99,237.09,236.52,409.35,408.8,410.87,409.78,2.1417,0.0,0.0,0.4973,0.0,0.0,0.0846,0.0846,0,0,0.5054,0.5054,0,0,0.9858,0.9858,1,1,50.1,935.66,678.3,0,1,2025-10-01 19:10:50,18.200000000000003,84,,0,0,,1
2025-10-01 19:11:35,625.89,0.5121,242.35,0.7203,2.1611,241.82,242.16,243.07,418.75,418.8,421.7,419.75,2.1611,0.0,0.0,0.5121,0.0,0.0,0.0971,0.0971,0,0,0.5226,0.5226,0,0,0.9825,0.9825,1,1,50.1,935.67,678.3,0,1,2025-10-01 19:11:50,18.200000000000003,84.1,,0,0,,1
2025-10-01 19:12:20,625.9,0.5014,238.05,0.715,2.1452,237.79,237.85,238.51,411.74,411.18,413.99,412.31,2.1452,0.0,0.0,0.5014,0.0,0.0,0.088,0.088,0,0,0.5101,0.5101,0,0,0.9849,0.9849,1,1,50.1,935.67,678.3,0,1,2025-10-01 19:12:50,18.200000000000003,84.1,,0,0,,1
2025-10-01 19:13:05,625.9,0.4994,237.22,0.714,2.1421,237.14,236.18,238.34,409.38,409.86,413.37,410.43,2.1421,0.0,0.0,0.4994,0.0,0.0,0.087,0.087,0,0,0.508,0.508,0,0,0.9851,0.9851,1,1,50.1,935.68,678.3,0,1,2025-10-01 19:13:50,18.200000000000003,84.7,,0,0,,1
2025-10-01 19:13:50,625.91,0.5055,239.08,0.7165,2.1496,239.57,238.78,238.89,413.91,412.4,415.96,415.84,2.1496,0.0,0.0,0.5055,0.0,0.0,0.092,0.092,0,0,0.515,0.515,0,0,0.9838,0.9838,1,1,50.1,935.69,678.3,0,1,2025-10-01 19:13:50,18.200000000000003,84.7,,0,0,,1
2025-10-01 19:14:35,625.91,0.4909,233.54,0.7107,2.1322,233.73,233.68,233.21,404.44,403.03,406,404.46,2.1322,0.0,0.0,0.4909,0.0,0.0,0.0806,0.0806,0,0,0.4984,0.4984,0,0,0.9867,0.9867,1,1,50.1,935.69,678.3,0,1,2025-10-01 19:14:50,18.200000000000003,84.4,,0,0,,1
2025-10-01 19:15:20,625.92,0.4983,237.33,0.7139,2.1418,236.55,237.15,238.31,409.8,410.28,413.12,411.03,2.1418,0.0,0.0,0.4983,0.0,0.0,0.0854,0.0854,0,0,0.5066,0.5066,0,0,0.9856,0.9856,1,1,50.1,935.7,678.3,0,1,2025-10-01 19:15:50,18.3,84.4,,0,0,,1
2025-10-01 19:16:05,625.93,0.5042,238.87,0.7165,2.1496,238.8,238.59,239.23,412.96,412.56,415.67,413.72,2.1496,0.0,0.0,0.5042,0.0,0.0,0.0897,0.0897,0,0,0.5133,0.5133,0,0,0.9845,0.9845,1,1,50.1,935.7,678.31,0,1,2025-10-01 19:16:50,18.3,84.6,,0,0,,1
2025-10-01 19:16:50,625.93,0.4896,233.13,0.7101,2.1304,233.25,232.33,233.83,402.57,402.58,406.24,403.88,2.1304,0.0,0.0,0.4896,0.0,0.0,0.0795,0.0795,0,0,0.4969,0.4969,0,0,0.987,0.987,1,1,50.1,935.71,678.31,0,1,2025-10-01 19:16:50,18.3,84.6,,0,0,,1
2025-10-01 19:17:35,625.94,0.4975,237.06,0.7134,2.1404,236.3,236.5,238.39,408.87,410.12,412.8,410.59,2.1404,0.0,0.0,0.4975,0.0,0.0,0.0854,0.0854,0,0,0.5058,0.5058,0,0,0.9855,0.9855,1,1,50.1,935.72,678.31,0,1,2025-10-01 19:17:50,18.3,84.3,,0,0,,1
2025-10-01 19:18:20,625.95,0.507,239.25,0.718,2.1541,239.77,239.04,238.96,414.01,412.8,416.37,414.33,2.1541,0.0,0.0,0.507,0.0,0.0,0.0922,0.0922,0,0,0.5165,0.5165,0,0,0.9838,0.9838,1,1,50.1,935.72,678.31,0,1,2025-10-01 19:18:50,18.3,84.1,,0,0,,1
2025-10-01 19:19:05,625.95,0.4984,236.69,0.7143,2.1429,236.5,236.73,236.84,409.63,408.08,412.12,409.98,2.1429,0.0,0.0,0.4984,0.0,0.0,0.0859,0.0859,0,0,0.5068,0.5068,0,0,0.9854,0.9854,1,1,50.1,935.73,678.31,0,1,2025-10-01 19:19:50,18.3,84.5,,0,0,,1
2025-10-01 19:19:50,625.96,0.5201,243.23,0.7246,2.1738,244.73,242.24,242.74,421.52,418.37,423.97,421.17,2.1738,0.0,0.0,0.5201,0.0,0.0,0.104,0.104,0,0,0.532,0.532,0,0,0.9805,0.9805,1,1,50.1,935.74,678.31,0,1,2025-10-01 19:19:50,18.3,84.5,,0,0,,1
2025-10-01 19:20:35,625.96,0.506,239.36,0.7171,2.1515,239.62,238.62,239.85,413.85,412.55,417.34,414.57,2.1515,0.0,0.0,0.506,0.0,0.0,0.0923,0.0923,0,0,0.5155,0.5155,0,0,0.9837,0.9837,1,1,50.1,935.74,678.31,0,1,2025-10-01 19:20:50,18.3,83.8,,0,0,,1
2025-10-01 19:21:20,625.97,0.4975,236.54,0.7127,2.1383,236.62,236.62,236.4,409.28,408.23,411.58,409.72,2.1383,0.0,0.0,0.4975,0.0,0.0,0.0863,0.0863,0,0,0.506,0.506,0,0,0.9852,0.9852,1,1,50.1,935.75,678.31,0,1,2025-10-01 19:21:50,18.3,84.1,,0,0,,1
2025-10-01 19:22:05,625.98,0.5136,242.18,0.7205,2.1616,242.67,241.29,242.58,418.68,417.11,422.58,419.88,2.1616,0.0,0.0,0.5136,0.0,0.0,0.0994,0.0994,0,0,0.5246,0.5246,0,0,0.9817,0.9817,1,1,50.1,935.76,678.31,0,1,2025-10-01 19:22:50,18.3,84.6,,0,0,,1
2025-10-01 19:22:50,625.98,0.4914,233.68,0.7108,2.1326,233.99,233.19,233.88,404.19,403.19,406.87,404.71,2.1326,0.0,0.0,0.4914,0.0,0.0,0.0813,0.0813,0,0,0.499,0.499,0,0,0.9865,0.9865,1,1,50.1,935.76,678.32,0,1,2025-10-01 19:22:50,18.3,84.6,,0,0,,1
2025-10-01 19:23:35,625.99,0.4981,236.85,0.7134,2.1404,236.67,237.36,236.53,410.17,408.72,411.79,410.28,2.1404,0.0,0.0,0.4981,0.0,0.0,0.0865,0.0865,0,0,0.5066,0.5066,0,0,0.9852,0.9852,1,1,50.1,935.77,678.32,0,1,2025-10-01 19:23:50,18.3,84.4,,0,0,,1
2025-10-01 19:24:20,626,0.5032,239.3,0.7151,2.1454,238.93,239.47,239.5,413.57,413.76,416.08,414.33,2.1454,0.0,0.0,0.5032,0.0,0.0,0.0915,0.0915,0,0,0.5126,0.5126,0,0,0.9838,0.9838,1,1,50,935.77,678.32,0,1,2025-10-01 19:24:50,18.3,84.4,,0,0,,1
2025-10-01 19:25:05,626,0.4896,232.08,0.7099,2.1299,233.37,231.67,231.22,402.25,399.64,404.05,402.03,2.1299,0.0,0.0,0.4896,0.0,0.0,0.0802,0.0802,0,0,0.4971,0.4971,0,0,0.9868,0.9868,1,1,50.1,935.78,678.32,0,1,2025-10-01 19:25:50,18.3,84.5,,0,0,,1
2025-10-01 19:25:50,626.01,0.5141,242.59,0.7215,2.1647,242.4,242.3,243.07,419.47,418.59,422.44,420.19,2.1647,0.0,0.0,0.5141,0.0,0.0,0.0978,0.0978,0,0,0.5247,0.5247,0,0,0.9823,0.9823,1,1,50.1,935.79,678.32,0,1,2025-10-01 19:25:50,18.3,84.5,,0,0,,1
2025-10-01 19:26:35,626.01,0.5052,239.68,0.7165,2.1495,239.32,240.11,239.62,414.03,415.14,416.23,415.21,2.1495,0.0,0.0,0.5052,0.0,0.0,0.0908,0.0908,0,0,0.5144,0.5144,0,0,0.9842,0.9842,1,1,50.1,935.79,678.32,0,1,2025-10-01 19:26:50,18.4,84.2,,0,0,,1
2025-10-01 19:27:20,626.02,0.4961,236.41,0.7119,2.1359,236.12,236.25,236.88,407.76,410.13,410.54,409.5,2.1359,0.0,0.0,0.4961,0.0,0.0,0.0852,0.0852,0,0,0.5043,0.5043,0,0,0.9855,0.9855,1,1,50.1,935.8,678.32,0,1,2025-10-01 19:27:50,18.4,84.1,,0,0,,1
2025-10-01 19:28:05,626.03,0.5156,242.48,0.7214,2.1644,242.73,242.01,242.7,418.89,419.08,421.96,419.95,2.1644,0.0,0.0,0.5146,0.0,0.0,0.0984,0.0984,0,0,0.5254,0.5254,0,0,0.9822,0.9822,1,1,50.1,935.81,678.32,0,1,2025-10-01 19:28:50,18.4,84.1,,0,0,,1
2025-10-01 19:28:50,626.03,0.4986,238.42,0.713,2.1392,237.02,239.49,238.77,411.87,413.39,413.61,413.01,2.1392,0.0,0.0,0.4986,0.0,0.0,0.0864,0.0864,0,0,0.507,0.507,0,0,0.9853,0.9853,1,1,50.1,935.81,678.32,0,1,2025-10-01 19:28:50,18.4,84.1,,0,0,,1
2025-10-01 19:29:35,626.04,0.4972,237.48,0.713,2.1392,236.31,236.58,239.55,408.71,411.46,413.79,411.16,2.1392,0.0,0.0,0.4972,0.0,0.0,0.0856,0.0856,0,0,0.5055,0.5055,0,0,0.9855,0.9855,1,1,50.1,935.82,678.33,0,1,2025-10-01 19:29:50,18.4,84.4,,0,0,,1
2025-10-01 19:30:20,626.05,0.504,238.89,0.7156,2.1468,239.15,239.37,238.17,413.94,411.38,415.96,413.75,2.1468,0.0,0.0,0.504,0.0,0.0,0.0917,0.0917,0,0,0.5134,0.5134,0,0,0.9838,0.9838,1,1,50.1,935.83,678.33,0,1,2025-10-01 19:30:50,18.4,84.9,,0,0,,1
2025-10-01 19:31:05,626.05,0.4888,232.69,0.7098,2.1294,232.96,233.28,231.85,403.02,401.72,404.35,403.04,2.1294,0.0,0.0,0.4888,0.0,0.0,0.0794,0.0794,0,0,0.4961,0.4961,0,0,0.987,0.987,1,1,50.1,935.83,678.33,0,1,2025-10-01 19:31:50,18.8,84.6,,0,0,,1
2025-10-01 19:31:50,626.06,0.4971,236.88,0.7126,2.1378,236.48,237.43,236.73,409.92,409.69,411.22,410.36,2.1378,0.0,0.0,0.4971,0.0,0.0,0.0862,0.0862,0,0,0.5055,0.5055,0,0,0.9853,0.9853,1,1,50.1,935.84,678.33,0,1,2025-10-01 19:31:50,18.8,84.6,,0,0,,1
2025-10-01 19:32:35,626.06,0.5056,239.14,0.7165,2.1496,239.68,238.35,239.41,413.19,412.74,416.68,414.12,2.1496,0.0,0.0,0.5056,0.0,0.0,0.0925,0.0925,0,0,0.5152,0.5152,0,0,0.9836,0.9836,1,1,50.1,935.85,678.33,0,1,2025-10-01 19:32:50,18.8,84.6,,0,0,,1
2025-10-01 19:33:20,626.07,0.4893,233.93,0.7091,2.1275,233.54,233.99,234.26,404.61,404.26,406.63,405.03,2.1275,0.0,0.0,0.4893,0.0,0.0,0.0809,0.0809,0,0,0.4969,0.4969,0,0,0.9865,0.9865,1,1,50,935.85,678.33,0,1,2025-10-01 19:33:50,18.8,85,,0,0,,1
2025-10-01 19:34:05,626.08,0.5124,240.93,0.7235,2.1705,240.48,240.81,241.51,416.03,416.47,419.38,410.27,2.1705,0.0,0.0,0.5124,0.0,0.0,0.0931,0.0931,0,0,0.522,0.522,0,0,0.9838,0.9838,1,1,50,935.86,678.33,0,1,2025-10-01 19:34:50,18.8,85.6,,0,0,,1
2025-10-01 19:34:50,626.08,0.5025,238.16,0.7152,2.1457,238.51,237.73,238.25,411.88,411,414.63,412.39,2.1457,0.0,0.0,0.5025,0.0,0.0,0.0906,0.0906,0,0,0.5118,0.5118,0,0,0.9841,0.9841,1,1,50,935.86,678.33,0,1,2025-10-01 19:34:50,18.8,85.6,,0,0,,1
2025-10-01 19:35:35,626.09,0.4959,238.32,0.712,2.136,236.07,238.95,239.96,410.62,413.83,413.91,412.77,2.136,0.0,0.0,0.4959,0.0,0.0,0.0855,0.0855,0,0,0.5042,0.5042,0,0,0.9854,0.9854,1,1,50.1,935.87,678.33,0,1,2025-10-01 19:35:50,18.8,85.6,,0,0,,1
2025-10-01 19:36:20,626.1,0.5132,242.83,0.7202,2.1608,242.52,243.32,242.66,420.6,419.27,421.89,420.55,2.1608,0.0,0.0,0.5132,0.0,0.0,0.0991,0.0991,0,0,0.524,0.524,0,0,0.9818,0.9818,1,1,50,935.88,678.34,0,1,2025-10-01 19:36:50,18.9,85,,0,0,,1
2025-10-01 19:37:05,626.1,0.5043,238.5,0.7161,2.1483,239.13,237.44,238.94,411.98,411.55,415.74,413.04,2.1483,0.0,0.0,0.5043,0.0,0.0,0.0914,0.0914,0,0,0.5137,0.5137,0,0,0.9839,0.9839,1,1,50.1,935.88,678.34,0,1,2025-10-01 19:37:50,18.9,85,,0,0,,1
2025-10-01 19:37:50,626.11,0.4959,236.67,0.7112,2.1336,236.37,236.6,237.05,408.99,408.63,412.13,409.94,2.1336,0.0,0.0,0.4959,0.0,0.0,0.0859,0.0859,0,0,0.5043,0.5043,0,0,0.9853,0.9853,1,1,50.1,935.89,678.34,0,1,2025-10-01 19:37:50,18.9,85,,0,0,,1
2025-10-01 19:38:35,626.11,0.5038,240.23,0.7135,2.1407,239.96,240.2,240.54,415.03,415.05,418.18,421.32,2.1407,0.0,0.0,0.5038,0.0,0.0,0.0938,0.0938,0,0,0.5137,0.5137,0,0,0.983,0.983,1,1,50.1,935.9,678.34,0,1,2025-10-01 19:38:50,18.9,84.9,,0,0,,1
2025-10-01 19:39:20,626.12,0.4907,233.66,0.7095,2.1287,234.13,233.53,233.32,404.28,403,406.82,404.69,2.1287,0.0,0.0,0.4907,0.0,0.0,0.0816,0.0816,0,0,0.4984,0.4984,0,0,0.9864,0.9864,1,1,50.1,935.9,678.34,0,1,2025-10-01 19:39:50,18.9,84.5,,0,0,,1
2025-10-01 19:40:05,626.13,0.4958,236.52,0.7116,2.1348,236.14,236.94,236.48,409.14,408.43,411.38,409.6,2.1348,0.0,0.0,0.4958,0.0,0.0,0.0854,0.0854,0,0,0.5041,0.5041,0,0,0.9855,0.9855,1,1,50.1,935.91,678.34,0,1,2025-10-01 19:40:50,18.9,84.3,,0,0,,1
2025-10-01 19:40:50,626.13,0.5047,239.16,0.7156,2.147,239.52,239.1,238.86,413.79,412.89,416.01,414.21,2.147,0.0,0.0,0.5047,0.0,0.0,0.0923,0.0923,0,0,0.5142,0.5142,0,0,0.9836,0.9836,1,1,50,935.92,678.34,0,1,2025-10-01 19:40:50,18.9,84.3,,0,0,,1
2025-10-01 19:41:35,626.14,0.4892,233.7,0.709,2.1271,233.45,233.12,234.55,403.66,403.29,407.38,404.75,2.1271,0.0,0.0,0.4892,0.0,0.0,0.0802,0.0802,0,0,0.4966,0.4966,0,0,0.9868,0.9868,1,1,50.1,935.92,678.34,0,1,2025-10-01 19:41:50,18.9,84.4,,0,0,,1
2025-10-01 19:42:20,626.15,0.516,242.46,0.7251,2.1753,241.87,242.42,243.1,418.66,419.48,421.71,410.75,2.1753,0.0,0.0,0.516,0.0,0.0,0.0958,0.0958,0,0,0.5261,0.5261,0,0,0.9831,0.9831,1,1,50.1,935.93,678.34,0,1,2025-10-01 19:42:50,18.9,84.6,,0,0,,1
2025-10-01 19:43:05,626.15,0.5056,239.25,0.7164,2.1493,239.71,238.9,239.14,414.17,412.2,416.77,414.39,2.1493,0.0,0.0,0.5056,0.0,0.0,0.0926,0.0926,0,0,0.5152,0.5152,0,0,0.9836,0.9836,1,1,50,935.93,678.35,0,1,2025-10-01 19:43:50,18.9,84.7,,0,0,,1
2025-10-01 19:43:50,626.16,0.5009,237.42,0.7145,2.1436,237.8,237.73,236.73,411.17,409.6,412.86,411.15,2.1436,0.0,0.0,0.5009,0.0,0.0,0.0886,0.0886,0,0,0.5097,0.5097,0,0,0.9847,0.9847,1,1,50.1,935.94,678.35,0,1,2025-10-01 19:43:50,18.9,84.7,,0,0,,1
2025-10-01 19:44:35,626.16,0.5131,242.62,0.72,2.1602,242.54,243.15,242.19,420.26,418.59,421.83,420.26,2.1602,0.0,0.0,0.5131,0.0,0.0,0.0987,0.0987,0,0,0.5239,0.5239,0,0,0.9819,0.9819,1,1,50.1,935.95,678.35,0,1,2025-10-01 19:44:50,18.9,85.2,,0,0,,1
2025-10-01 19:45:20,626.17,0.5058,239.34,0.7162,2.1486,239.96,239.23,238.85,414.22,412.99,416.44,414.66,2.1486,0.0,0.0,0.5058,0.0,0.0,0.0935,0.0935,0,0,0.5156,0.5156,0,0,0.9833,0.9833,1,1,50,935.95,678.35,0,1,2025-10-01 19:45:50,18.9,84.6,,0,0,,1
2025-10-01 19:46:05,626.18,0.4979,236.86,0.7125,2.1375,236.99,236.67,236.94,409.82,408.98,411.96,410.21,2.1375,0.0,0.0,0.4979,0.0,0.0,0.0872,0.0872,0,0,0.5066,0.5066,0,0,0.985,0.985,1,1,50,935.96,678.35,0,1,2025-10-01 19:46:50,18.9,84.4,,0,0,,1
2025-10-01 19:46:50,626.18,0.5048,239.45,0.7158,2.1475,239.5,238.95,239.9,413.82,412.93,417.43,414.73,2.1475,0.0,0.0,0.5048,0.0,0.0,0.092,0.092,0,0,0.5143,0.5143,0,0,0.9837,0.9837,1,1,50.1,935.97,678.35,0,1,2025-10-01 19:46:50,18.9,84.4,,0,0,,1
2025-10-01 19:47:35,626.19,0.4884,233.8,0.7082,2.1247,233.39,233.66,234.36,404.19,403.77,406.88,404.95,2.1247,0.0,0.0,0.4884,0.0,0.0,0.0803,0.0803,0,0,0.4959,0.4959,0,0,0.9867,0.9867,1,1,50,935.97,678.35,0,1,2025-10-01 19:47:50,18.9,84.6,,0,0,,1
2025-10-01 19:48:20,626.2,0.4964,236.75,0.7112,2.1338,236.68,236.91,236.66,409.5,409.01,411.65,410,2.1338,0.0,0.0,0.4964,0.0,0.0,0.0868,0.0868,0,0,0.505,0.505,0,0,0.985,0.985,1,1,50,935.98,678.35,0,1,2025-10-01 19:48:50,18.9,85.1,,0,0,,1
2025-10-01 19:49:05,626.2,0.5032,239.17,0.7147,2.1441,239.14,239.49,238.9,414.24,412.57,415.95,414.26,2.1441,0.0,0.0,0.5032,0.0,0.0,0.0917,0.0917,0,0,0.5127,0.5127,0,0,0.9838,0.9838,1,1,50,935.99,678.35,0,1,2025-10-01 19:49:50,18.9,85,,0,0,,1
2025-10-01 19:49:50,626.21,0.4899,233.97,0.7091,2.1274,233.9,233.89,234.12,404.69,404.09,406.94,405.19,2.1274,0.0,0.0,0.4899,0.0,0.0,0.0817,0.0817,0,0,0.4976,0.4976,0,0,0.9863,0.9863,1,1,50,935.99,678.36,0,1,2025-10-01 19:49:50,18.9,85,,0,0,,1
2025-10-01 19:50:35,626.21,0.5083,239.93,0.7206,2.162,239.36,239.8,240.63,414.31,415.02,417.35,410.41,2.162,0.0,0.0,0.5083,0.0,0.0,0.0907,0.0907,0,0,0.5175,0.5175,0,0,0.9844,0.9844,1,1,50,936,678.36,0,1,2025-10-01 19:50:50,18.9,84.8,,0,0,,1
2025-10-01 19:51:20,626.22,0.5077,240.38,0.7174,2.1524,240.5,240.35,240.31,416.31,414.22,418.51,416.42,2.1524,0.0,0.0,0.5077,0.0,0.0,0.0943,0.0943,0,0,0.5177,0.5177,0,0,0.9831,0.9831,1,1,50,936,678.36,0,1,2025-10-01 19:51:50,18.9,85.2,,0,0,,1
2025-10-01 19:52:05,626.23,0.4959,236.86,0.7115,2.1347,236.2,236.56,237.84,409.13,409.45,412.18,410.12,2.1347,0.0,0.0,0.4959,0.0,0.0,0.0856,0.0856,0,0,0.5042,0.5042,0,0,0.9854,0.9854,1,1,50,936.01,678.36,0,1,2025-10-01 19:52:50,19.0,84.9,,0,0,,1
2025-10-01 19:52:50,626.23,0.5122,242.78,0.7197,2.1591,242.2,242.65,243.49,419.23,419.68,422.57,420.49,2.1591,0.0,0.0,0.5122,0.0,0.0,0.0981,0.0981,0,0,0.5229,0.5229,0,0,0.9821,0.9821,1,1,50,936.02,678.36,0,1,2025-10-01 19:52:50,19.0,84.9,,0,0,,1
2025-10-01 19:53:35,626.24,0.5037,239.46,0.715,2.1452,239.25,239.92,239.21,414.44,413.66,416.14,414.81,2.1452,0.0,0.0,0.5037,0.0,0.0,0.092,0.092,0,0,0.5132,0.5132,0,0,0.9837,0.9837,1,1,50,936.02,678.36,0,1,2025-10-01 19:53:50,19.0,84.4,,0,0,,1
2025-10-01 19:54:20,626.25,0.4989,236.91,0.7135,2.1405,237.13,236.9,236.71,409.76,408.89,412.35,410.2,2.1405,0.0,0.0,0.4989,0.0,0.0,0.0873,0.0873,0,0,0.5076,0.5076,0,0,0.985,0.985,1,1,50.1,936.03,678.36,0,1,2025-10-01 19:54:50,19.0,84.5,,0,0,,1
2025-10-01 19:55:05,626.25,0.5033,239.38,0.7149,2.1448,239.1,239.45,239.59,413.76,413.34,416.72,414.61,2.1448,0.0,0.0,0.5033,0.0,0.0,0.0918,0.0918,0,0,0.5128,0.5128,0,0,0.9837,0.9837,1,1,50,936.04,678.36,0,1,2025-10-01 19:55:50,19.0,84.5,,0,0,,1
2025-10-01 19:55:50,626.26,0.4909,233.6,0.7093,2.1281,234.33,232.47,234,403.6,402.55,407.64,404.59,2.1281,0.0,0.0,0.4909,0.0,0.0,0.0823,0.0823,0,0,0.4987,0.4987,0,0,0.9862,0.9862,1,1,50.1,936.04,678.36,0,1,2025-10-01 19:55:50,19.0,84.5,,0,0,,1
2025-10-01 19:56:35,626.26,0.4982,237.24,0.7127,2.1383,236.98,237.55,237.2,410.4,409.31,413,410.93,2.1383,0.0,0.0,0.4982,0.0,0.0,0.0868,0.0868,0,0,0.5067,0.5067,0,0,0.9851,0.9851,1,1,50.1,936.05,678.37,0,1,2025-10-01 19:56:50,19.0,84.7,,0,0,,1
2025-10-01 19:57:20,626.27,0.4972,236.52,0.7121,2.1365,236.66,236.42,236.49,409.41,407.57,411.98,409.52,2.1365,0.0,0.0,0.4972,0.0,0.0,0.0864,0.0864,0,0,0.5056,0.5056,0,0,0.9852,0.9852,1,1,50,936.06,678.37,0,1,2025-10-01 19:57:50,19.0,84.6,,0,0,,1
2025-10-01 19:58:05,626.28,0.4891,233.54,0.7087,2.1263,233.49,232.5,234.65,402.84,403.26,407.42,404.39,2.1263,0.0,0.0,0.4891,0.0,0.0,0.0802,0.0802,0,0,0.4965,0.4965,0,0,0.9868,0.9868,1,1,50,936.06,678.37,0,1,2025-10-01 19:58:50,19.0,84.6,,0,0,,1
2025-10-01 19:58:50,626.28,0.5159,242.07,0.7251,2.1753,241.79,242.16,242.27,419.06,417.32,421.42,413.49,2.1753,0.0,0.0,0.5159,0.0,0.0,0.0955,0.0955,0,0,0.526,0.526,0,0,0.9832,0.9832,1,1,50.1,936.07,678.37,0,1,2025-10-01 19:58:50,19.0,84.6,,0,0,,1
2025-10-01 19:59:35,626.29,0.5023,239.01,0.7146,2.1439,238.61,239.67,238.75,413.88,412.65,415.36,413.99,2.1439,0.0,0.0,0.5023,0.0,0.0,0.0905,0.0905,0,0,0.5116,0.5116,0,0,0.9841,0.9841,1,1,50,936.07,678.37,0,1,2025-10-01 19:59:50,19.0,84.5,,0,0,,1
2025-10-01 20:00:20,626.3,0.4952,236.66,0.7112,2.1336,236,237.09,236.9,409.33,409.13,411.24,409.95,2.1336,0.0,0.0,0.4952,0.0,0.0,0.0856,0.0856,0,0,0.5035,0.5035,0,0,0.9853,0.9853,1,1,50,936.08,678.37,0,1,2025-10-01 20:00:50,19.0,84.6,,0,0,,1
2025-10-01 20:01:05,626.3,0.5158,243.88,0.7219,2.1659,243.38,243.8,244.47,421.7,421.39,424.12,422.28,2.1659,0.0,0.0,0.5158,0.0,0.0,0.1015,0.1015,0,0,0.5271,0.5271,0,0,0.9811,0.9811,1,1,50,936.09,678.37,0,1,2025-10-01 20:01:50,19.0,85,,0,0,,1
2025-10-01 20:01:50,626.31,0.5007,239.34,0.7139,2.1419,237.95,239.55,240.53,413.36,413.87,416.39,414.54,2.1419,0.0,0.0,0.5007,0.0,0.0,0.0887,0.0887,0,0,0.5097,0.5097,0,0,0.9846,0.9846,1,1,50.1,936.09,678.37,0,1,2025-10-01 20:01:50,19.0,85,,0,0,,1
2025-10-01 20:02:35,626.32,0.5,237.63,0.7135,2.1406,237.75,236.15,239,409.77,410.01,414.97,411.69,2.1406,0.0,0.0,0.5,0.0,0.0,0.0889,0.0889,0,0,0.5089,0.5089,0,0,0.9845,0.9845,1,1,50.1,936.1,678.37,0,1,2025-10-01 20:02:50,19.0,84.5,,0,0,,1
2025-10-01 20:03:20,626.32,0.5037,239.63,0.7148,2.1445,239.3,240.4,239.2,414.72,413.31,417.08,415.05,2.1445,0.0,0.0,0.5037,0.0,0.0,0.0918,0.0918,0,0,0.5132,0.5132,0,0,0.9837,0.9837,1,1,50.1,936.11,678.38,0,1,2025-10-01 20:03:50,19.0,84.5,,0,0,,1
2025-10-01 20:04:05,626.33,0.4871,232.55,0.7077,2.1232,232.85,231.97,232.83,401.71,401.2,405.42,402.79,2.1232,0.0,0.0,0.4871,0.0,0.0,0.0792,0.0792,0,0,0.4944,0.4944,0,0,0.987,0.987,1,1,50.1,936.11,678.38,0,1,2025-10-01 20:04:50,19.0,84.5,,0,0,,1
2025-10-01 20:04:50,626.33,0.4982,236.84,0.7126,2.1378,237.04,236.73,236.77,409.5,408.35,412.79,410.3,2.1378,0.0,0.0,0.4982,0.0,0.0,0.0869,0.0869,0,0,0.5067,0.5067,0,0,0.9851,0.9851,1,1,50.1,936.12,678.38,0,1,2025-10-01 20:04:50,19.0,84.5,,0,0,,1
2025-10-01 20:05:35,626.34,0.5064,239.36,0.7165,2.1496,240.1,238.44,239.54,413.54,412.12,418.04,414.55,2.1496,0.0,0.0,0.5064,0.0,0.0,0.0932,0.0932,0,0,0.5161,0.5161,0,0,0.9834,0.9834,1,1,50,936.13,678.38,0,1,2025-10-01 20:05:50,19.0,84.7,,0,0,,1
2025-10-01 20:06:20,626.35,0.4909,233.91,0.7094,2.1283,234.31,232.68,234.76,404.11,403.24,408.08,405.13,2.1283,0.0,0.0,0.4909,0.0,0.0,0.0825,0.0825,0,0,0.4987,0.4987,0,0,0.9861,0.9861,1,1,50,936.13,678.38,0,1,2025-10-01 20:06:50,19.0,85.1,,0,0,,1
2025-10-01 20:07:05,626.35,0.5112,242.54,0.7191,2.1574,241.75,242.72,243.17,418.87,419.37,422.02,420.12,2.1574,0.0,0.0,0.5112,0.0,0.0,0.0973,0.0973,0,0,0.5216,0.5216,0,0,0.9823,0.9823,1,1,50,936.14,678.38,0,1,2025-10-01 20:07:50,19.0,85.3,,0,0,,1
2025-10-01 20:07:50,626.36,0.5033,239.5,0.7151,2.1453,239.13,239.43,239.95,413.82,413.3,417.32,414.81,2.1453,0.0,0.0,0.5033,0.0,0.0,0.0916,0.0916,0,0,0.513,0.513,0,0,0.9838,0.9838,1,1,50,936.14,678.38,0,1,2025-10-01 20:07:50,19.0,85.3,,0,0,,1
2025-10-01 20:08:35,626.37,0.4955,237.45,0.7113,2.1339,236.04,239.31,237.02,410.96,410.94,411.9,411.27,2.1339,0.0,0.0,0.4955,0.0,0.0,0.085,0.085,0,0,0.5037,0.5037,0,0,0.9856,0.9856,1,1,50,936.15,678.38,0,1,2025-10-01 20:08:50,19.0,85.7,,0,0,,1
2025-10-01 20:09:20,626.37,0.5122,242.4,0.7195,2.1585,242.28,242.68,242.26,418.96,418.64,421.93,419.9,2.1585,0.0,0.0,0.5122,0.0,0.0,0.0982,0.0982,0,0,0.523,0.523,0,0,0.9821,0.9821,1,1,50,936.16,678.38,0,1,2025-10-01 20:09:50,19.1,85.8,,0,0,,1
2025-10-01 20:10:05,626.38,0.5049,239.49,0.7158,2.1475,239.52,238.79,240.16,413.58,413.32,417.49,414.83,2.1475,0.0,0.0,0.5049,0.0,0.0,0.092,0.092,0,0,0.5144,0.5144,0,0,0.9837,0.9837,1,1,50,936.16,678.39,0,1,2025-10-01 20:10:50,19.1,86,,0,0,,1
2025-10-01 20:10:50,626.38,0.4944,236.65,0.7101,2.1304,236.03,237.13,236.81,409.24,409.03,411.39,410.01,2.1304,0.0,0.0,0.4944,0.0,0.0,0.0858,0.0858,0,0,0.5028,0.5028,0,0,0.9852,0.9852,1,1,50,936.17,678.39,0,1,2025-10-01 20:10:50,19.1,86,,0,0,,1
2025-10-01 20:11:35,626.39,0.5028,238.77,0.7143,2.1431,239.07,237.75,239.49,412.32,411.49,416.84,413.63,2.1431,0.0,0.0,0.5028,0.0,0.0,0.0919,0.0919,0,0,0.5124,0.5124,0,0,0.9837,0.9837,1,1,50,936.18,678.39,0,1,2025-10-01 20:11:50,19.1,85.8,,0,0,,1
2025-10-01 20:12:20,626.4,0.49,233.51,0.7092,2.1278,233.86,233.26,233.41,403.99,402.61,406.72,404.53,2.1278,0.0,0.0,0.49,0.0,0.0,0.0816,0.0816,0,0,0.4976,0.4976,0,0,0.9863,0.9863,1,1,50,936.18,678.39,0,1,2025-10-01 20:12:50,19.1,85.5,,0,0,,1
2025-10-01 20:13:05,626.4,0.4976,237.95,0.7123,2.1371,236.89,236.79,240.19,409.31,411.41,415.7,412.15,2.1371,0.0,0.0,0.4976,0.0,0.0,0.0875,0.0875,0,0,0.5063,0.5063,0,0,0.9848,0.9848,1,1,50,936.19,678.39,0,1,2025-10-01 20:13:50,19.1,85.6,,0,0,,1
2025-10-01 20:13:50,626.41,0.5015,238.7,0.7141,2.1425,238.4,238.62,239.09,412.58,412.01,415.7,412.8,2.1425,0.0,0.0,0.5015,0.0,0.0,0.0909,0.0909,0,0,0.5108,0.5108,0,0,0.9839,0.9839,1,1,50,936.2,678.39,0,1,2025-10-01 20:13:50,19.1,85.6,,0,0,,1
2025-10-01 20:14:35,626.42,0.4886,233.96,0.708,2.124,233.67,234.35,233.88,404.68,404.22,406.79,405.16,2.124,0.0,0.0,0.4886,0.0,0.0,0.0819,0.0819,0,0,0.4963,0.4963,0,0,0.9862,0.9862,1,1,50,936.2,678.39,0,1,2025-10-01 20:14:50,19.1,85.6,,0,0,,1
2025-10-01 20:15:20,626.42,0.51,242.6,0.7181,2.1545,241.87,242.58,243.35,418.28,419.41,422.85,420.27,2.1545,0.0,0.0,0.51,0.0,0.0,0.0999,0.0999,0,0,0.5211,0.5211,0,0,0.9813,0.9813,1,1,49.9,936.21,678.39,0,1,2025-10-01 20:15:50,19.1,85.4,,0,0,,1
2025-10-01 20:16:05,626.43,0.4983,238.74,0.7119,2.1359,237.64,239.12,239.47,412.3,412.86,415.34,413.47,2.1359,0.0,0.0,0.4983,0.0,0.0,0.0903,0.0903,0,0,0.5076,0.5076,0,0,0.9839,0.9839,1,1,49.9,936.22,678.39,0,1,2025-10-01 20:16:50,19.1,85.2,,0,0,,1
2025-10-01 20:16:50,626.43,0.4953,236.81,0.7107,2.1322,236.47,237.44,236.53,409.12,408.87,412.46,410.14,2.1322,0.0,0.0,0.4953,0.0,0.0,0.0882,0.0882,0,0,0.5042,0.5042,0,0,0.9845,0.9845,1,1,49.9,936.22,678.4,0,1,2025-10-01 20:16:50,19.1,85.2,,0,0,,1
2025-10-01 20:17:35,626.44,0.5092,242.83,0.7174,2.1523,241.81,243.43,243.27,419.24,420.35,422.19,420.62,2.1523,0.0,0.0,0.5092,0.0,0.0,0.1007,0.1007,0,0,0.5204,0.5204,0,0,0.981,0.981,1,1,49.9,936.23,678.4,0,1,2025-10-01 20:17:50,19.1,85.6,,0,0,,1
2025-10-01 20:18:20,626.45,0.5028,238.08,0.7145,2.1435,239.27,237.69,237.28,412.47,409.32,415.27,412.38,2.1435,0.0,0.0,0.5028,0.0,0.0,0.0945,0.0945,0,0,0.5129,0.5129,0,0,0.9828,0.9828,1,1,49.9,936.23,678.4,0,1,2025-10-01 20:18:50,19.1,85.5,,0,0,,1
2025-10-01 20:19:05,626.45,0.4957,236.94,0.7103,2.131,236.83,236.59,237.4,409.53,408.95,412.66,409.95,2.131,0.0,0.0,0.4957,0.0,0.0,0.0887,0.0887,0,0,0.5047,0.5047,0,0,0.9843,0.9843,1,1,49.9,936.24,678.4,0,1,2025-10-01 20:19:50,19.1,85.3,,0,0,,1
2025-10-01 20:19:50,626.46,0.5025,238.26,0.7139,2.1419,239.24,237.07,238.47,411.58,410.95,415.48,412.55,2.1419,0.0,0.0,0.5025,0.0,0.0,0.0939,0.0939,0,0,0.5124,0.5124,0,0,0.9829,0.9829,1,1,49.9,936.25,678.4,0,1,2025-10-01 20:19:50,19.1,85.3,,0,0,,1
2025-10-01 20:20:35,626.47,0.4868,233.17,0.7066,2.12,233.27,232.09,234.15,402.41,402.47,406.68,403.94,2.12,0.0,0.0,0.4868,0.0,0.0,0.082,0.082,0,0,0.4945,0.4945,0,0,0.9861,0.9861,1,1,49.9,936.25,678.4,0,1,2025-10-01 20:20:50,19.1,85.3,,0,0,,1
2025-10-01 20:21:20,626.47,0.4962,237.06,0.7105,2.1317,237.03,236.84,237.31,409.92,409.33,412.52,410.57,2.1317,0.0,0.0,0.4962,0.0,0.0,0.0894,0.0894,0,0,0.5053,0.5053,0,0,0.9841,0.9841,1,1,49.9,936.26,678.4,0,1,2025-10-01 20:21:50,19.1,85.4,,0,0,,1
2025-10-01 20:22:05,626.48,0.5027,238.92,0.7143,2.1431,239.12,238.54,239.12,413.08,412.21,416.18,413.86,2.1431,0.0,0.0,0.5027,0.0,0.0,0.0929,0.0929,0,0,0.5125,0.5125,0,0,0.9833,0.9833,1,1,49.9,936.27,678.4,0,1,2025-10-01 20:22:50,19.1,85.5,,0,0,,1
2025-10-01 20:22:50,626.48,0.4965,237.64,0.7124,2.1372,236.36,239.13,237.43,411.29,411.32,412.16,407.29,2.1372,0.0,0.0,0.4965,0.0,0.0,0.0876,0.0876,0,0,0.5051,0.5051,0,0,0.9847,0.9847,1,1,49.9,936.27,678.4,0,1,2025-10-01 20:22:50,19.1,85.5,,0,0,,1
2025-10-01 20:23:35,626.49,0.5133,242.9,0.7201,2.1605,242.78,242.34,243.59,419.13,420.08,422.93,420.67,2.1605,0.0,0.0,0.5133,0.0,0.0,0.1007,0.1007,0,0,0.5245,0.5245,0,0,0.9812,0.9812,1,1,49.9,936.28,678.41,0,1,2025-10-01 20:23:50,19.1,85.8,,0,0,,1
2025-10-01 20:24:20,626.5,0.5029,239.23,0.7146,2.1438,239.05,240.07,238.59,414.22,413.28,415.57,414.35,2.1438,0.0,0.0,0.5029,0.0,0.0,0.0925,0.0925,0,0,0.5125,0.5125,0,0,0.9834,0.9834,1,1,49.9,936.28,678.41,0,1,2025-10-01 20:24:50,19.1,86,,0,0,,1
2025-10-01 20:25:05,626.5,0.5,237.36,0.7128,2.1384,238.22,236.99,236.87,410.87,409.05,413.41,411.06,2.1384,0.0,0.0,0.5,0.0,0.0,0.0914,0.0914,0,0,0.5094,0.5094,0,0,0.9836,0.9836,1,1,49.9,936.29,678.41,0,1,2025-10-01 20:25:50,19.1,86.2,,0,0,,1
2025-10-01 20:25:50,626.51,0.5108,242.81,0.7186,2.156,241.95,243.22,243.28,419.36,420.2,422.11,420.47,2.156,0.0,0.0,0.5108,0.0,0.0,0.0986,0.0986,0,0,0.5216,0.5216,0,0,0.9818,0.9818,1,1,49.9,936.3,678.41,0,1,2025-10-01 20:25:50,19.1,86.2,,0,0,,1
2025-10-01 20:26:35,626.52,0.5062,240.22,0.716,2.148,240.39,240.53,239.74,415.08,414.82,418.27,416.05,2.148,0.0,0.0,0.5062,0.0,0.0,0.0951,0.0951,0,0,0.5164,0.5164,0,0,0.9827,0.9827,1,1,50,936.3,678.41,0,1,2025-10-01 20:26:50,19.1,86.2,,0,0,,1
2025-10-01 20:27:20,626.52,0.4961,236.47,0.7112,2.1336,236.61,236.19,236.62,408.9,407.58,412.23,409.52,2.1336,0.0,0.0,0.4961,0.0,0.0,0.0879,0.0879,0,0,0.5048,0.5048,0,0,0.9846,0.9846,1,1,49.9,936.31,678.41,0,1,2025-10-01 20:27:50,19.1,86.4,,0,0,,1
2025-10-01 20:28:05,626.53,0.5057,238.83,0.7158,2.1476,240.2,237.42,238.89,412.71,410.86,417.42,413.65,2.1476,0.0,0.0,0.5057,0.0,0.0,0.0953,0.0953,0,0,0.5159,0.5159,0,0,0.9827,0.9827,1,1,49.9,936.32,678.41,0,1,2025-10-01 20:28:50,19.1,86.2,,0,0,,1
2025-10-01 20:28:50,626.53,0.4876,233.6,0.7072,2.1218,233.45,233.24,234.11,403.44,403.9,406.45,404.59,2.1218,0.0,0.0,0.4876,0.0,0.0,0.0821,0.0821,0,0,0.4953,0.4953,0,0,0.9861,0.9861,1,1,49.9,936.32,678.41,0,1,2025-10-01 20:28:50,19.1,86.2,,0,0,,1
2025-10-01 20:29:35,626.54,0.5004,237.57,0.7129,2.1388,238.42,236.57,237.74,410.62,409.41,414.43,411.45,2.1388,0.0,0.0,0.5004,0.0,0.0,0.0917,0.0917,0,0,0.5099,0.5099,0,0,0.9836,0.9836,1,1,49.9,936.33,678.41,0,1,2025-10-01 20:29:50,19.1,86,,0,0,,1
2025-10-01 20:30:20,626.55,0.5045,239.52,0.7152,2.1458,239.77,239.14,239.65,414.22,412.85,417.47,414.8,2.1458,0.0,0.0,0.5045,0.0,0.0,0.0945,0.0945,0,0,0.5145,0.5145,0,0,0.9829,0.9829,1,1,49.9,936.34,678.42,0,1,2025-10-01 20:30:50,19.1,85.5,,0,0,,1
2025-10-01 20:31:05,626.55,0.4974,236.55,0.7137,2.1411,236.24,237.45,235.97,409.26,408.97,410.9,404.65,2.1411,0.0,0.0,0.4974,0.0,0.0,0.0862,0.0862,0,0,0.5058,0.5058,0,0,0.9853,0.9853,1,1,49.9,936.34,678.42,0,1,2025-10-01 20:31:50,19.200000000000003,85.3,,0,0,,1
2025-10-01 20:31:50,626.56,0.5119,242.85,0.7193,2.158,242.35,243.13,243.09,419.53,419.72,422.62,420.59,2.158,0.0,0.0,0.5119,0.0,0.0,0.0999,0.0999,0,0,0.523,0.523,0,0,0.9814,0.9814,1,1,49.9,936.35,678.42,0,1,2025-10-01 20:31:50,19.200000000000003,85.3,,0,0,,1
2025-10-01 20:33:20,626.57,0.4971,236.81,0.7114,2.1343,237.09,236.34,237,409.21,408.72,412.54,410.19,2.1343,0.0,0.0,0.4971,0.0,0.0,0.0888,0.0888,0,0,0.506,0.506,0,0,0.9844,0.9844,1,1,49.9,936.36,678.42,0,1,2025-10-01 20:33:50,19.1,85.3,,0,0,,1
2025-10-01 20:34:05,626.58,0.5148,244.02,0.7209,2.1628,243.39,244.74,243.95,422.1,421.82,424.04,422.56,2.1628,0.0,0.0,0.5148,0.0,0.0,0.1029,0.1029,0,0,0.5264,0.5264,0,0,0.9806,0.9806,1,1,49.9,936.37,678.42,0,1,2025-10-01 20:34:50,19.200000000000003,85.2,,0,0,,1
2025-10-01 20:34:50,626.58,0.5029,239.2,0.7143,2.1431,239.28,239,239.32,413.55,412.78,416.55,414.27,2.1431,0.0,0.0,0.5029,0.0,0.0,0.0938,0.0938,0,0,0.5128,0.5128,0,0,0.983,0.983,1,1,49.9,936.37,678.42,0,1,2025-10-01 20:34:50,19.200000000000003,85.2,,0,0,,1
2025-10-01 20:35:35,626.59,0.4965,236.81,0.7109,2.1328,237.02,236.97,236.46,409.31,409.03,412.15,410.19,2.1328,0.0,0.0,0.4965,0.0,0.0,0.0893,0.0893,0,0,0.5055,0.5055,0,0,0.9842,0.9842,1,1,49.9,936.38,678.42,0,1,2025-10-01 20:35:50,19.200000000000003,85.4,,0,0,,1
2025-10-01 20:36:20,626.6,0.504,239.33,0.7148,2.1446,239.72,239.15,239.12,413.88,412.97,416.7,414.51,2.1446,0.0,0.0,0.504,0.0,0.0,0.0948,0.0948,0,0,0.5141,0.5141,0,0,0.9827,0.9827,1,1,49.9,936.39,678.43,0,1,2025-10-01 20:36:50,19.200000000000003,84.9,,0,0,,1
2025-10-01 20:37:05,626.6,0.4893,233.52,0.7079,2.1238,234.17,232.95,233.45,404.02,402.17,407.2,404.46,2.1238,0.0,0.0,0.4893,0.0,0.0,0.0838,0.0838,0,0,0.4973,0.4973,0,0,0.9856,0.9856,1,1,49.9,936.39,678.43,0,1,2025-10-01 20:37:50,19.200000000000003,85.2,,0,0,,1
2025-10-01 20:37:50,626.61,0.4951,236.48,0.7101,2.1305,236.6,236.35,236.51,408.79,408.81,411.19,409.54,2.1305,0.0,0.0,0.4951,0.0,0.0,0.0888,0.0888,0,0,0.5041,0.5041,0,0,0.9842,0.9842,1,1,49.9,936.4,678.43,0,1,2025-10-01 20:37:50,19.200000000000003,85.2,,0,0,,1
2025-10-01 20:38:35,626.62,0.5039,239.23,0.7148,2.1444,239.73,239.4,238.56,414.59,412.23,416.22,414.53,2.1444,0.0,0.0,0.5039,0.0,0.0,0.0951,0.0951,0,0,0.5141,0.5141,0,0,0.9826,0.9826,1,1,49.9,936.41,678.43,0,1,2025-10-01 20:38:50,19.200000000000003,85.2,,0,0,,1
2025-10-01 20:39:20,626.62,0.49,234.2,0.7094,2.1282,233.98,233.8,234.83,404.18,404.56,408.18,404.51,2.1282,0.0,0.0,0.49,0.0,0.0,0.0837,0.0837,0,0,0.498,0.498,0,0,0.9857,0.9857,1,1,49.8,936.41,678.43,0,1,2025-10-01 20:39:50,19.200000000000003,85.2,,0,0,,1
2025-10-01 20:40:05,626.63,0.5103,242.67,0.7179,2.1537,242.16,242.72,243.13,419.41,418.69,422.79,420.35,2.1537,0.0,0.0,0.5103,0.0,0.0,0.1008,0.1008,0,0,0.5215,0.5215,0,0,0.981,0.981,1,1,49.9,936.42,678.43,0,1,2025-10-01 20:40:50,19.200000000000003,85.3,,0,0,,1
2025-10-01 20:40:50,626.63,0.504,238.84,0.7145,2.1436,239.89,237.04,239.6,412.33,411.12,417.59,413.73,2.1436,0.0,0.0,0.504,0.0,0.0,0.0955,0.0955,0,0,0.5142,0.5142,0,0,0.9825,0.9825,1,1,49.9,936.43,678.43,0,1,2025-10-01 20:40:50,19.200000000000003,85.3,,0,0,,1
2025-10-01 20:41:35,626.64,0.4949,236.74,0.7101,2.1305,236.47,237.28,236.49,409.61,409.06,411.47,409.97,2.1305,0.0,0.0,0.4949,0.0,0.0,0.0882,0.0882,0,0,0.5038,0.5038,0,0,0.9844,0.9844,1,1,49.9,936.43,678.43,0,1,2025-10-01 20:41:50,19.200000000000003,85.3,,0,0,,1
2025-10-01 20:42:20,626.65,0.5124,242.98,0.7191,2.1575,242.78,243.52,242.65,420.73,419.8,422.02,420.8,2.1575,0.0,0.0,0.5124,0.0,0.0,0.1015,0.1015,0,0,0.5238,0.5238,0,0,0.9809,0.9809,1,1,49.9,936.44,678.43,0,1,2025-10-01 20:42:50,19.200000000000003,85.4,,0,0,,1
2025-10-01 20:43:05,626.65,0.5013,239.43,0.7132,2.1397,238.83,239.79,239.68,414.09,413.68,416.33,414.69,2.1397,0.0,0.0,0.5013,0.0,0.0,0.0927,0.0927,0,0,0.511,0.511,0,0,0.9833,0.9833,1,1,49.9,936.44,678.44,0,1,2025-10-01 20:43:50,19.200000000000003,85.7,,0,0,,1
2025-10-01 20:43:50,626.66,0.4938,236.75,0.7093,2.1281,236.16,237.39,236.71,409.17,409.55,411.45,410.04,2.1281,0.0,0.0,0.4938,0.0,0.0,0.0874,0.0874,0,0,0.5026,0.5026,0,0,0.9846,0.9846,1,1,49.9,936.45,678.44,0,1,2025-10-01 20:43:50,19.200000000000003,85.7,,0,0,,1
2025-10-01 20:44:35,626.67,0.5017,238.54,0.7136,2.1409,238.91,239.55,237.18,413.53,411.59,414.37,413.15,2.1409,0.0,0.0,0.5017,0.0,0.0,0.0929,0.0929,0,0,0.5115,0.5115,0,0,0.9832,0.9832,1,1,49.9,936.46,678.44,0,1,2025-10-01 20:44:50,19.200000000000003,86.2,,0,0,,1
2025-10-01 20:45:20,626.67,0.4853,233.24,0.7067,2.1201,232.42,233.3,234.02,402.63,403.2,406.11,403.99,2.1201,0.0,0.0,0.4853,0.0,0.0,0.0805,0.0805,0,0,0.4928,0.4928,0,0,0.9865,0.9865,1,1,49.9,936.46,678.44,0,1,2025-10-01 20:45:50,19.6,85.6,,0,0,,1
2025-10-01 20:46:05,626.68,0.497,237.06,0.7108,2.1325,237.45,236.73,237.01,410.15,408.8,412.83,410.67,2.1325,0.0,0.0,0.497,0.0,0.0,0.0909,0.0909,0,0,0.5064,0.5064,0,0,0.9836,0.9836,1,1,49.8,936.47,678.44,0,1,2025-10-01 20:46:50,19.200000000000003,85.3,,0,0,,1
2025-10-01 20:46:50,626.68,0.5012,239.22,0.7131,2.1393,238.91,239.56,239.19,413.63,413.36,416,414.34,2.1393,0.0,0.0,0.5012,0.0,0.0,0.094,0.094,0,0,0.5111,0.5111,0,0,0.9828,0.9828,1,1,49.8,936.48,678.44,0,1,2025-10-01 20:46:50,19.200000000000003,85.3,,0,0,,1
2025-10-01 20:47:35,626.69,0.4965,236.67,0.7119,2.1359,236.64,237.1,236.27,409.54,408.39,411.8,407.32,2.1359,0.0,0.0,0.4965,0.0,0.0,0.089,0.089,0,0,0.5054,0.5054,0,0,0.9842,0.9842,1,1,49.8,936.48,678.44,0,1,2025-10-01 20:47:50,19.200000000000003,85,,0,0,,1
2025-10-01 20:48:20,626.7,0.5125,242.79,0.7192,2.1578,243.17,242.57,242.65,420.73,419.01,421.85,420.48,2.1578,0.0,0.0,0.5125,0.0,0.0,0.105,0.105,0,0,0.5247,0.5247,0,0,0.9796,0.9796,1,1,49.7,936.49,678.44,0,1,2025-10-01 20:48:50,19.200000000000003,84.8,,0,0,,1
2025-10-01 20:49:05,626.7,0.5025,239.32,0.7137,2.1411,239.53,238.58,239.85,413.43,412.87,417.2,414.47,2.1411,0.0,0.0,0.5025,0.0,0.0,0.096,0.096,0,0,0.5129,0.5129,0,0,0.9822,0.9822,1,1,49.8,936.49,678.44,0,1,2025-10-01 20:49:50,19.200000000000003,84.9,,0,0,,1
2025-10-01 20:49:50,626.71,0.4945,236.63,0.7094,2.1283,236.72,236.32,236.85,409.05,408.18,412.29,409.88,2.1283,0.0,0.0,0.4945,0.0,0.0,0.0906,0.0906,0,0,0.5038,0.5038,0,0,0.9836,0.9836,1,1,49.8,936.5,678.45,0,1,2025-10-01 20:49:50,19.200000000000003,84.9,,0,0,,1
2025-10-01 20:50:35,626.72,0.5115,242.78,0.7184,2.1553,242.78,243.41,242.16,420.36,419.1,422.04,420.5,2.1553,0.0,0.0,0.5115,0.0,0.0,0.1031,0.1031,0,0,0.5233,0.5233,0,0,0.9802,0.9802,1,1,49.8,936.51,678.45,0,1,2025-10-01 20:50:50,19.200000000000003,85.1,,0,0,,1
2025-10-01 20:51:20,626.72,0.5019,238.43,0.7134,2.1402,239.26,237.85,238.2,412.45,411.24,415.24,412.92,2.1402,0.0,0.0,0.5019,0.0,0.0,0.0951,0.0951,0,0,0.5121,0.5121,0,0,0.9825,0.9825,1,1,49.8,936.51,678.45,0,1,2025-10-01 20:51:50,19.200000000000003,85,,0,0,,1
2025-10-01 20:52:05,626.73,0.4935,236.74,0.7091,2.1275,236.15,237.22,236.87,409.37,409.57,411.2,410.11,2.1275,0.0,0.0,0.4935,0.0,0.0,0.0886,0.0886,0,0,0.5024,0.5024,0,0,0.9842,0.9842,1,1,49.8,936.52,678.45,0,1,2025-10-01 20:52:50,19.200000000000003,85,,0,0,,1
2025-10-01 20:52:50,626.73,0.5008,239.22,0.7125,2.1377,238.98,238.75,239.94,413.23,413.13,416.65,414.26,2.1377,0.0,0.0,0.5008,0.0,0.0,0.0943,0.0943,0,0,0.5109,0.5109,0,0,0.9827,0.9827,1,1,49.8,936.53,678.45,0,1,2025-10-01 20:52:50,19.200000000000003,85,,0,0,,1
2025-10-01 20:53:35,626.74,0.4853,233.15,0.7058,2.1174,232.89,232.98,233.58,402.76,402.75,405.94,403.83,2.1174,0.0,0.0,0.4853,0.0,0.0,0.0827,0.0827,0,0,0.4931,0.4931,0,0,0.9858,0.9858,1,1,49.8,936.53,678.45,0,1,2025-10-01 20:53:50,19.200000000000003,85.1,,0,0,,1
2025-10-01 20:54:20,626.75,0.4967,237.74,0.7108,2.1326,237.22,238.38,237.63,411.09,411.05,413.17,411.66,2.1326,0.0,0.0,0.4967,0.0,0.0,0.0902,0.0902,0,0,0.5059,0.5059,0,0,0.9839,0.9839,1,1,49.8,936.54,678.45,0,1,2025-10-01 20:54:50,19.200000000000003,85.3,,0,0,,1
2025-10-01 20:55:05,626.75,0.5028,239.17,0.7142,2.1428,239.28,239.67,238.57,413.98,412.74,416.02,414.36,2.1428,0.0,0.0,0.5028,0.0,0.0,0.094,0.094,0,0,0.5127,0.5127,0,0,0.9829,0.9829,1,1,49.9,936.55,678.45,0,1,2025-10-01 20:55:50,19.6,85.3,,0,0,,1
2025-10-01 20:55:50,626.76,0.498,237.12,0.7136,2.141,236.66,237.2,237.51,409.73,409.39,412.96,405.37,2.141,0.0,0.0,0.498,0.0,0.0,0.0875,0.0875,0,0,0.5067,0.5067,0,0,0.9849,0.9849,1,1,49.9,936.55,678.46,0,1,2025-10-01 20:55:50,19.6,85.3,,0,0,,1
2025-10-01 20:56:35,626.76,0.5112,243.21,0.7184,2.1554,242.42,243.47,243.76,420.28,420.68,422.79,421.28,2.1554,0.0,0.0,0.5112,0.0,0.0,0.1007,0.1007,0,0,0.5225,0.5225,0,0,0.9811,0.9811,1,1,49.9,936.56,678.46,0,1,2025-10-01 20:56:50,19.6,84.7,,0,0,,1
2025-10-01 20:57:20,626.77,0.5038,239.55,0.7146,2.144,239.62,239.07,239.98,414.3,412.77,417.66,414.92,2.144,0.0,0.0,0.5038,0.0,0.0,0.0938,0.0938,0,0,0.5137,0.5137,0,0,0.983,0.983,1,1,49.9,936.57,678.46,0,1,2025-10-01 20:57:50,19.6,84.5,,0,0,,1
2025-10-01 20:58:05,626.78,0.4996,237.72,0.713,2.1392,237.82,236.85,238.49,410.34,410.09,414.76,411.78,2.1392,0.0,0.0,0.4996,0.0,0.0,0.0899,0.0899,0,0,0.5087,0.5087,0,0,0.9841,0.9841,1,1,49.9,936.57,678.46,0,1,2025-10-01 20:58:50,19.6,84.6,,0,0,,1
2025-10-01 20:58:50,626.78,0.5192,243.83,0.723,2.169,245.07,242.51,243.93,421.38,420.06,425.54,422.24,2.169,0.0,0.0,0.5192,0.0,0.0,0.1062,0.1062,0,0,0.5316,0.5316,0,0,0.9797,0.9797,1,1,50,936.58,678.46,0,1,2025-10-01 20:58:50,19.6,84.6,,0,0,,1
2025-10-01 20:59:35,626.79,0.4995,238.54,0.7111,2.1335,238.63,238.87,238.13,413.09,411.13,415.24,414.98,2.1335,0.0,0.0,0.4995,0.0,0.0,0.0922,0.0922,0,0,0.5091,0.5091,0,0,0.9834,0.9834,1,1,49.9,936.58,678.46,0,1,2025-10-01 20:59:50,19.6,85.1,,0,0,,1
2025-10-01 21:00:20,626.8,0.4961,236.98,0.711,2.1331,236.68,236.69,237.57,409.01,409.66,412.68,410.49,2.1331,0.0,0.0,0.4961,0.0,0.0,0.0879,0.0879,0,0,0.5049,0.5049,0,0,0.9846,0.9846,1,1,50,936.59,678.46,0,1,2025-10-01 21:00:50,19.6,85.5,,0,0,,1
2025-10-01 21:01:05,626.8,0.5017,239.36,0.7135,2.1407,238.78,239.01,240.3,413.43,413.3,417,414.59,2.1407,0.0,0.0,0.5017,0.0,0.0,0.0915,0.0915,0,0,0.5112,0.5112,0,0,0.9837,0.9837,1,1,50,936.6,678.46,0,1,2025-10-01 21:01:50,19.6,85.5,,0,0,,1
2025-10-01 21:01:50,626.81,0.4858,233.27,0.7065,2.1196,232.68,233.14,234,402.95,402.98,406.15,404.05,2.1196,0.0,0.0,0.4858,0.0,0.0,0.0799,0.0799,0,0,0.4932,0.4932,0,0,0.9867,0.9867,1,1,50,936.6,678.46,0,1,2025-10-01 21:01:50,19.6,85.5,,0,0,,1
2025-10-01 21:02:35,626.81,0.4978,236.88,0.7118,2.1356,237.21,236.89,236.54,409.88,408.32,412.62,410.33,2.1356,0.0,0.0,0.4978,0.0,0.0,0.0881,0.0881,0,0,0.5066,0.5066,0,0,0.9846,0.9846,1,1,50,936.61,678.47,0,1,2025-10-01 21:02:50,19.6,85.2,,0,0,,1
2025-10-01 21:03:20,626.82,0.5021,239.2,0.7138,2.1416,238.88,239.76,238.98,413.89,412.93,416.08,414.28,2.1416,0.0,0.0,0.5021,0.0,0.0,0.0917,0.0917,0,0,0.5116,0.5116,0,0,0.9837,0.9837,1,1,50,936.62,678.47,0,1,2025-10-01 21:03:50,19.6,85.4,,0,0,,1
2025-10-01 21:04:05,626.83,0.4956,237.33,0.7111,2.1334,236.22,238.77,237.02,410.8,410.42,411.97,411.02,2.1334,0.0,0.0,0.4956,0.0,0.0,0.086,0.086,0,0,0.504,0.504,0,0,0.9852,0.9852,1,1,50,936.62,678.47,0,1,2025-10-01 21:04:50,19.6,85.4,,0,0,,1
2025-10-01 21:04:50,626.83,0.5127,242.61,0.7196,2.1589,242.53,242.63,242.67,419.62,418.28,422.68,420.22,2.1589,0.0,0.0,0.5127,0.0,0.0,0.0991,0.0991,0,0,0.5236,0.5236,0,0,0.9818,0.9818,1,1,50,936.63,678.47,0,1,2025-10-01 21:04:50,19.6,85.4,,0,0,,1
2025-10-01 21:05:35,626.84,0.5038,239.55,0.7152,2.1458,239.12,239.5,240.03,413.85,413.49,417.35,414.9,2.1458,0.0,0.0,0.5038,0.0,0.0,0.0912,0.0912,0,0,0.5131,0.5131,0,0,0.984,0.984,1,1,50,936.64,678.47,0,1,2025-10-01 21:05:50,19.6,85.2,,0,0,,1
2025-10-01 21:06:20,626.85,0.4962,237.33,0.7113,2.134,236.53,236.98,238.49,409.49,410.14,413.55,411.1,2.134,0.0,0.0,0.4962,0.0,0.0,0.0867,0.0867,0,0,0.5048,0.5048,0,0,0.985,0.985,1,1,50,936.64,678.47,0,1,2025-10-01 21:06:50,19.6,85.2,,0,0,,1
2025-10-01 21:07:05,626.85,0.5138,242.9,0.7205,2.1616,242.77,243.1,242.84,420.51,418.83,422.77,420.71,2.1616,0.0,0.0,0.5138,0.0,0.0,0.0995,0.0995,0,0,0.5248,0.5248,0,0,0.9817,0.9817,1,1,50,936.65,678.47,0,1,2025-10-01 21:07:50,19.6,84.8,,0,0,,1
2025-10-01 21:07:50,626.86,0.4995,237.13,0.7134,2.1402,237.55,237.28,236.58,410.98,409.11,412.08,410.63,2.1402,0.0,0.0,0.4995,0.0,0.0,0.0887,0.0887,0,0,0.5084,0.5084,0,0,0.9845,0.9845,1,1,50,936.65,678.47,0,1,2025-10-01 21:07:50,19.6,84.8,,0,0,,1
2025-10-01 21:08:35,626.87,0.4974,237.53,0.7116,2.1349,237.07,237.61,237.92,410.62,410.4,413.21,411.4,2.1349,0.0,0.0,0.4974,0.0,0.0,0.0879,0.0879,0,0,0.5061,0.5061,0,0,0.9847,0.9847,1,1,50,936.66,678.47,0,1,2025-10-01 21:08:50,19.6,85,,0,0,,1
2025-10-01 21:09:20,626.89,3.0978,239.22,6.836,20.5081,238.8,239.25,239.61,413.65,413.21,416.12,414.24,7.9878,6.8721,5.6482,1.2818,1.0778,0.7382,3.7804,1.408,1.2385,1.1339,4.905,1.9075,1.6441,1.3534,0.6338,0.6732,0.6564,0.5455,50,936.71,678.51,1,1,2025-10-01 21:09:50,19.6,84.6,,1,0,,0
2025-10-01 21:10:05,626.93,3.1163,232.14,6.5774,19.7324,233.63,231.3,231.5,401.98,399.99,404.26,402.14,7.879,6.5191,5.3343,1.3202,1.0817,0.7145,3.3333,1.2786,1.0481,1.0067,4.5835,1.8408,1.5079,1.2349,0.6829,0.7183,0.7181,0.5787,50,936.77,678.55,1,1,2025-10-01 21:10:50,19.6,83.6,,1,0,,0
2025-10-01 21:10:50,626.97,3.1791,236.87,6.7918,20.3756,236.88,236.65,237.08,409.8,409,411.99,410.18,7.9554,6.8099,5.6103,1.3143,1.0987,0.766,3.6082,1.3457,1.1758,1.0868,4.8261,1.8845,1.6116,1.3301,0.661,0.6987,0.6827,0.5761,50,936.83,678.6,1,1,2025-10-01 21:10:50,19.6,83.6,,1,0,,0
2025-10-01 21:11:35,627.01,3.2115,239.07,6.9199,20.7597,239.06,238.75,239.41,413.2,412.88,416.15,413.99,8.1039,6.8956,5.7602,1.3356,1.1035,0.7723,3.7581,1.398,1.2183,1.1418,4.9627,1.9373,1.6463,1.379,0.6496,0.6907,0.6713,0.5602,50,936.89,678.65,1,1,2025-10-01 21:11:50,19.6,82.7,,1,0,,0
2025-10-01 21:12:20,627.05,3.1852,237.03,6.8241,20.4724,237.08,236.81,237.22,409.28,409.73,412.63,410.54,8.0117,6.8037,5.657,1.3248,1.0958,0.7646,3.6359,1.356,1.1779,1.102,4.8526,1.8994,1.6112,1.342,0.6589,0.6988,0.6811,0.57,50,936.95,678.69,1,1,2025-10-01 21:12:50,19.1,82.2,,1,0,,0
2025-10-01 21:13:05,627.09,3.2601,243.08,7.1601,21.4805,243.39,243.38,242.49,420.92,419.54,422.62,420.24,8.4233,7.2119,5.8453,1.3437,1.1616,0.7548,4.0552,1.5434,1.3126,1.1991,5.2228,2.0501,1.7552,1.4174,0.6265,0.6566,0.6627,0.5327,50,937.01,678.74,1,1,2025-10-01 21:13:50,19.1,81.3,,1,0,,0
2025-10-01 21:13:50,627.13,3.2135,239.33,6.9219,20.7658,239.49,239.47,239.05,414.26,413.34,416,414.54,8.1176,6.9614,5.6868,1.3249,1.1253,0.7633,3.7696,1.4181,1.227,1.1245,4.9706,1.9441,1.667,1.3594,0.6487,0.6827,0.6759,0.5605,50,937.07,678.79,1,1,2025-10-01 21:13:50,19.1,81.3,,1,0,,0
2025-10-01 21:14:35,627.17,3.1891,236.2,6.7827,20.3482,236.17,236.19,236.26,408.46,408.13,410.75,409.1,7.9064,6.8176,5.6242,1.311,1.0975,0.7806,3.5807,1.3253,1.1755,1.0799,4.8063,1.8673,1.6102,1.3288,0.665,0.7045,0.6843,0.5873,50,937.14,678.83,1,1,2025-10-01 21:14:50,19.1,81.2,,1,0,,0
2025-10-01 21:16:05,627.25,3.2277,238.87,6.913,20.7391,239.74,238.3,238.57,412.92,412.72,415.53,414.05,8.1435,6.8826,5.713,1.3496,1.1174,0.7607,3.7367,1.4079,1.1985,1.1303,4.9554,1.9523,1.6401,1.363,0.6536,0.6914,0.6816,0.5583,50,937.26,678.92,1,1,2025-10-01 21:16:50,19.0,80.1,,1,0,,0
2025-10-01 21:16:50,627.29,3.235,239.97,6.9536,20.8609,240.02,239.94,239.96,414.76,414.83,417.31,415.67,8.1877,6.9391,5.7341,1.3435,1.1255,0.766,3.8154,1.4347,1.2325,1.1482,5.0061,1.9652,1.665,1.376,0.6467,0.6852,0.676,0.5561,50,937.32,678.97,1,1,2025-10-01 21:16:50,19.0,80.1,,1,0,,0
2025-10-01 21:17:35,627.34,3.2255,239.29,6.9346,20.8039,239.62,238.9,239.36,413.73,413.15,416.5,414.42,8.1931,6.8819,5.7289,1.352,1.1155,0.758,3.7653,1.4186,1.2046,1.1421,4.9786,1.9632,1.6441,1.3713,0.6505,0.6899,0.6794,0.5529,50.1,937.38,679.02,1,1,2025-10-01 21:17:50,18.9,79.4,,1,0,,0
2025-10-01 21:18:20,627.37,3.1696,233.32,6.649,19.9472,234.19,232.66,233.11,403.93,402.03,406.37,404.11,7.9401,6.5786,5.4285,1.3381,1.0929,0.7386,3.3834,1.2871,1.0692,1.0271,4.6555,1.8595,1.5306,1.2654,0.6836,0.7206,0.7148,0.5838,50,937.44,679.06,1,1,2025-10-01 21:18:50,18.9,78.9,,1,0,,0
2025-10-01 21:19:50,627.46,3.2235,239.37,6.9378,20.813499999999998,239.56,239.03,239.54,414.21,412.84,416.75,414.63,8.2242,6.8555,5.7338,1.3575,1.1125,0.7535,3.7709,1.423,1.2002,1.1477,4.9823,1.9702,1.6387,1.3735,0.6497,0.6902,0.6797,0.5488,50,937.57,679.16,1,1,2025-10-01 21:19:50,18.8,78.6,,1,0,,0
2025-10-01 21:20:35,627.49,3.195,236.72,6.8065,20.4197,236.79,236.85,236.53,409.89,408.19,411.93,409.99,8.0504,6.7829,5.5864,1.3315,1.1098,0.7537,3.6023,1.3594,1.1585,1.0844,4.8341,1.9063,1.6065,1.3214,0.6635,0.6997,0.6917,0.5707,50,937.63,679.2,1,1,2025-10-01 21:20:50,18.8,78.3,,1,0,,0
2025-10-01 21:21:20,627.53,3.2514,242.64,7.0986,21.2958,241.5,243.35,243.09,419.02,420.09,421.68,420.23,8.2113,7.1517,5.9328,1.3252,1.1271,0.799,3.9936,1.4705,1.323,1.2002,5.1656,1.983,1.7404,1.4422,0.6313,0.6694,0.6485,0.5541,50,937.69,679.25,1,1,2025-10-01 21:21:50,18.4,78.1,,1,0,,0
2025-10-01 21:22:05,627.58,3.2049,238.11,6.8676,20.603,239,236.32,239.02,410.9,410.45,415.9,412.44,8.1949,6.5998,5.8083,1.3917,1.0626,0.7505,3.6791,1.3729,1.1387,1.1675,4.9065,1.9586,1.5597,1.3883,0.6568,0.7119,0.6822,0.5407,50,937.75,679.3,1,1,2025-10-01 21:22:50,18.4,78.1,,1,0,,0
2025-10-01 21:22:50,627.61,3.2015,236.72,6.7992,20.3977,236.09,236.99,237.08,408.88,409.62,411.51,409.99,7.8533,6.8557,5.6887,1.3035,1.0969,0.8011,3.5958,1.3147,1.1962,1.0849,4.8275,1.8541,1.6247,1.3487,0.6649,0.704,0.6758,0.5939,50,937.81,679.34,1,1,2025-10-01 21:22:50,18.4,78.1,,1,0,,0
2025-10-01 21:23:35,627.66,3.2582,242.68,7.1045,21.3136,242.5,242.19,243.37,419.19,419.45,422.37,420.41,8.2538,7.067,5.9928,1.3537,1.1104,0.7941,3.9907,1.4689,1.299,1.2227,5.1716,2.0015,1.7116,1.4585,0.6324,0.6776,0.6497,0.5446,50,937.87,679.39,1,1,2025-10-01 21:23:50,18.3,78.1,,1,0,,0
2025-10-01 21:24:20,627.7,3.1716,233.17,6.6338,19.901600000000002,233.14,232.57,233.82,402.92,402.34,406.34,403.9,7.7244,6.5996,5.5776,1.3136,1.0668,0.7912,3.3647,1.2277,1.1008,1.0362,4.6399,1.8009,1.5349,1.3042,0.6859,0.7305,0.6959,0.6068,50,937.94,679.43,1,1,2025-10-01 21:24:50,18.3,78.1,,1,0,,0
2025-10-01 21:25:05,627.73,3.2116,236.65,6.7859,20.3578,236.5,236.86,236.59,409.39,408.69,411.55,409.9,7.8939,6.842,5.6219,1.3131,1.1108,0.7877,3.5715,1.323,1.1773,1.0712,4.8176,1.8669,1.6206,1.3301,0.6686,0.7044,0.6862,0.5924,50.1,937.99,679.48,1,1,2025-10-01 21:25:50,18.3,78.2,,1,0,,0
2025-10-01 21:25:50,627.78,3.2241,238.16,6.879,20.6371,238.55,237.95,237.99,411.5,411.29,414.7,412.43,8.0891,6.8442,5.7038,1.3435,1.1118,0.7688,3.6858,1.3806,1.187,1.1182,4.9157,1.9297,1.6286,1.3574,0.6583,0.6974,0.6836,0.5665,50,938.06,679.52,1,1,2025-10-01 21:25:50,18.3,78.2,,1,0,,0
2025-10-01 21:26:35,627.82,3.1814,233.17,6.6494,19.9484,233.77,232.28,233.48,402.8,402.32,406.47,403.84,7.8558,6.5444,5.5482,1.3405,1.0725,0.7684,3.3682,1.251,1.0748,1.0425,4.652,1.8365,1.5201,1.2954,0.6866,0.731,0.7063,0.5933,50,938.12,679.57,1,1,2025-10-01 21:26:50,18.200000000000003,78.2,,1,0,,0
2025-10-01 21:27:20,627.86,3.2095,237.1,6.8159,20.4478,237.61,236.43,237.28,409.77,408.41,413.82,410.63,8.0472,6.7279,5.6727,1.3503,1.094,0.7651,3.6076,1.3491,1.1517,1.1068,4.8488,1.9121,1.5907,1.346,0.6646,0.7074,0.6887,0.5686,50,938.18,679.61,1,1,2025-10-01 21:27:50,18.200000000000003,77.7,,1,0,,0
2025-10-01 21:28:05,627.9,3.2146,238.69,6.8959,20.6877,238.61,238.72,238.75,412.55,412.58,415.12,413.41,8.0704,6.8958,5.7215,1.3293,1.1105,0.7748,3.7261,1.389,1.2123,1.1247,4.9379,1.9257,1.6462,1.366,0.6532,0.6914,0.6754,0.5673,50,938.24,679.66,1,1,2025-10-01 21:28:50,18.200000000000003,77.8,,1,0,,0
2025-10-01 21:28:50,627.94,3.1946,236.56,6.7943,20.3831,236.35,237.07,236.28,409.41,409.11,410.69,409.68,7.9395,6.8688,5.5748,1.3048,1.1172,0.7726,3.592,1.3441,1.1818,1.0661,4.8221,1.8765,1.6284,1.3172,0.6645,0.6965,0.6869,0.5868,50,938.3,679.71,1,1,2025-10-01 21:28:50,18.200000000000003,77.8,,1,0,,0
2025-10-01 21:29:35,627.98,3.2569,242.65,7.1103,21.3309,243.1,242.66,242.2,419.9,419,421.94,420.3,8.36,7.1118,5.8591,1.3518,1.1435,0.7616,3.9988,1.5126,1.2895,1.1967,5.1771,2.0323,1.7257,1.4191,0.6315,0.6663,0.6634,0.5368,50,938.36,679.75,1,1,2025-10-01 21:29:50,18.200000000000003,77.5,,1,0,,0
2025-10-01 21:30:20,628.02,3.2161,238.64,6.8915,20.674500000000002,238.14,238.23,239.55,411.63,412.46,415.88,413.29,8.0526,6.8116,5.8103,1.3432,1.0855,0.7874,3.7135,1.3637,1.2028,1.147,4.9322,1.9176,1.6227,1.3919,0.6546,0.7017,0.6699,0.5659,50,938.42,679.8,1,1,2025-10-01 21:30:50,18.1,77.4,,1,0,,0
2025-10-01 21:31:50,628.1,3.2528,242.94,7.1226,21.368,241.83,243.16,243.84,419.38,420.33,422.62,420.73,8.2304,7.1269,6.0107,1.3359,1.1122,0.8046,4.0202,1.4703,1.3255,1.2243,5.189,1.9904,1.733,1.4656,0.629,0.6724,0.6427,0.5492,50,938.55,679.89,1,1,2025-10-01 21:31:50,18.1,77.3,,1,0,,0
2025-10-01 21:32:35,628.14,3.1724,234.82,6.7002,20.1006,235.19,234.41,234.87,405.96,405.39,408.8,414.41,7.9382,6.6232,5.5392,1.3309,1.0869,0.7546,3.4698,1.3049,1.1059,1.0591,4.7205,1.867,1.5525,1.301,0.6747,0.714,0.7009,0.5802,50,938.61,679.94,1,1,2025-10-01 21:32:50,18.1,77.4,,1,0,,0
2025-10-01 21:33:20,628.18,3.1899,236.59,6.7761,20.3283,236.89,236.46,236.43,409.44,408.18,411.72,409.79,8.0239,6.7428,5.5616,1.3326,1.1054,0.7519,3.5756,1.3511,1.1463,1.0782,4.8101,1.9008,1.5944,1.3149,0.6657,0.7022,0.6941,0.572,50,938.67,679.98,1,1,2025-10-01 21:33:50,18.1,77.3,,1,0,,0
2025-10-01 21:34:50,628.26,3.173,233.42,6.649,19.9472,234.33,232.74,233.21,403.6,402.54,406.75,404.25,7.9004,6.563,5.4838,1.3381,1.0848,0.7502,3.3846,1.2758,1.0733,1.0356,4.6577,1.8513,1.5275,1.2789,0.6839,0.7237,0.7108,0.5866,50,938.79,680.07,1,1,2025-10-01 21:34:50,18.0,77.4,,1,0,,0
2025-10-01 21:35:35,628.3,3.2133,237.15,6.8118,20.4355,236.2,238.83,236.43,410.74,409.99,411.5,410.79,7.8642,7.0244,5.5469,1.2749,1.1463,0.7922,3.6138,1.3471,1.2222,1.0445,4.8466,1.8575,1.6776,1.3115,0.6644,0.6873,0.684,0.6042,50,938.85,680.12,1,1,2025-10-01 21:35:50,18.0,77.3,,1,0,,0
2025-10-01 21:36:20,628.34,3.2244,238.99,6.9008,20.7024,239.25,238.66,239.07,413.08,412.51,416.22,413.89,8.1076,6.8453,5.7495,1.3467,1.106,0.7716,3.7275,1.3914,1.1994,1.1368,4.948,1.9397,1.6337,1.3745,0.6542,0.6954,0.6779,0.5616,50,938.91,680.17,1,1,2025-10-01 21:36:50,17.6,77.3,,1,0,,0
2025-10-01 21:37:05,628.38,3.1993,236.27,6.7743,20.3229,236.46,236.03,236.33,408.66,407.72,411.29,409.23,7.9755,6.7336,5.6138,1.3337,1.0982,0.7675,3.5577,1.3294,1.1464,1.0819,4.8019,1.8859,1.5893,1.3267,0.6686,0.7082,0.6917,0.5786,50,938.98,680.21,1,1,2025-10-01 21:37:50,17.6,77.5,,1,0,,0
2025-10-01 21:37:50,628.42,3.2597,242.08,7.0708,21.212600000000002,241.59,242.42,242.25,418.78,418.1,420.99,419.27,8.2226,7.1093,5.8807,1.3358,1.1337,0.7901,3.945,1.4655,1.2947,1.1848,5.1345,1.9865,1.7234,1.4246,0.6369,0.6736,0.6587,0.5548,50,939.03,680.25,1,1,2025-10-01 21:37:50,17.6,77.5,,1,0,,0
2025-10-01 21:38:35,628.46,3.2228,239.23,6.9292,20.787799999999997,239.9,238.23,239.56,413.6,412.53,416.92,414.37,8.2224,6.7886,5.7768,1.3707,1.0975,0.7546,3.7577,1.4135,1.1847,1.1594,4.9737,1.9726,1.6172,1.3839,0.651,0.6961,0.6795,0.5454,50,939.1,680.3,1,1,2025-10-01 21:38:50,17.6,77.6,,1,0,,0
2025-10-01 21:39:20,628.5,3.1969,236.54,6.8011,20.4033,236.7,236.58,236.36,409.41,408.46,411.24,409.68,8.0175,6.7682,5.6176,1.3307,1.1034,0.7627,3.5926,1.3488,1.1575,1.0863,4.8267,1.8977,1.6012,1.3278,0.6647,0.7023,0.69,0.5746,50,939.16,680.35,1,1,2025-10-01 21:39:50,17.6,77.9,,1,0,,0
2025-10-01 21:40:05,628.54,3.2448,242.94,7.0989,21.2969,242.3,242.37,244.17,418.89,420.45,423.01,420.73,8.2442,7.0046,6.0481,1.3571,1.09,0.7976,4.0006,1.4603,1.2981,1.2422,5.172,1.9976,1.6977,1.4768,0.6299,0.6807,0.643,0.5403,50,939.22,680.39,1,1,2025-10-01 21:40:50,17.6,77.9,,1,0,,0
2025-10-01 21:40:50,628.58,3.1709,233.8,6.652,19.956,234.62,233.54,233.24,404.92,403.05,406.86,404.96,7.9411,6.6114,5.4035,1.3311,1.1029,0.7369,3.3993,1.2996,1.078,1.0218,4.6675,1.8631,1.544,1.2603,0.6821,0.7155,0.7151,0.5849,50,939.28,680.44,1,1,2025-10-01 21:40:50,17.6,77.9,,1,0,,0
2025-10-01 21:41:35,628.62,3.1993,236.89,6.7995,20.3987,237.23,236.27,237.19,409.69,408.76,412.48,410.29,8.0653,6.7127,5.6207,1.3485,1.0963,0.7545,3.5953,1.3531,1.1434,1.0988,4.8325,1.9133,1.586,1.3332,0.6647,0.7059,0.692,0.566,50,939.34,680.49,1,1,2025-10-01 21:41:50,17.6,77.7,,1,0,,0
2025-10-01 21:42:20,628.66,3.2202,238.13,6.8589,20.5768,239.99,237.59,236.82,412.92,409.49,414.94,412.4,8.303,6.7579,5.5159,1.376,1.1376,0.7066,3.6656,1.437,1.1306,1.0981,4.9045,1.9926,1.6056,1.3063,0.6599,0.6916,0.7093,0.5411,50,939.4,680.53,1,1,2025-10-01 21:42:50,17.5,77.8,,1,0,,0
2025-10-01 21:43:50,628.74,3.1906,237.09,6.7887,20.3661,236.52,237.31,237.44,409.76,410.14,412.02,410.61,7.9266,6.8052,5.6343,1.3132,1.0978,0.7796,3.6025,1.334,1.1818,1.0867,4.8275,1.8748,1.6149,1.3378,0.663,0.7015,0.6805,0.5828,50,939.53,680.62,1,1,2025-10-01 21:43:50,17.5,77.6,,1,0,,0
2025-10-01 21:44:35,628.78,3.2151,239.13,6.903,20.709,239.2,239.53,238.66,414,412.82,415.7,414.25,8.1339,6.9344,5.6407,1.3274,1.1307,0.7571,3.7461,1.4188,1.2143,1.113,4.9528,1.9456,1.661,1.3462,0.6512,0.6831,0.6814,0.5624,50,939.59,680.67,1,1,2025-10-01 21:44:50,17.5,77.5,,1,0,,0
2025-10-01 21:45:20,628.82,3.1891,236.58,6.7792,20.337699999999998,236.79,236.44,236.51,409.18,408.77,411.33,409.71,7.9936,6.7494,5.5947,1.3286,1.1006,0.76,3.579,1.3438,1.1527,1.0826,4.8118,1.8928,1.5958,1.3232,0.6652,0.703,0.6905,0.5745,50,939.65,680.72,1,1,2025-10-01 21:45:50,17.5,77.8,,1,0,,0
2025-10-01 21:46:05,628.86,3.2564,242.64,7.1124,21.337400000000002,242.86,242.58,242.48,419.5,419.02,422.24,420.22,8.3511,7.0903,5.896,1.3543,1.1351,0.767,3.9997,1.5048,1.289,1.2059,5.1778,2.0281,1.72,1.4297,0.6313,0.6689,0.6608,0.5366,50,939.71,680.76,1,1,2025-10-01 21:46:50,17.5,77.7,,1,0,,0
2025-10-01 21:46:50,628.9,3.2212,239.14,6.9134,20.7402,238.73,239.56,239.14,413.74,413.47,415.39,414.2,8.0628,6.9603,5.7171,1.3197,1.1216,0.7799,3.7491,1.3965,1.2305,1.1221,4.9594,1.9248,1.6674,1.3672,0.6516,0.6868,0.6736,0.5707,50,939.77,680.81,1,1,2025-10-01 21:46:50,17.5,77.7,,1,0,,0
2025-10-01 21:47:35,628.94,3.1972,236.45,6.7767,20.3301,237.39,236.01,235.95,409.12,407.53,411.95,409.47,8.0612,6.7025,5.5664,1.3474,1.1056,0.7442,3.5649,1.3546,1.1287,1.0816,4.8089,1.9136,1.5819,1.3134,0.6676,0.7052,0.6997,0.5668,50,939.83,680.85,1,1,2025-10-01 21:47:50,17.5,77.7,,1,0,,0
2025-10-01 21:49:05,629.02,3.1737,233.52,6.6411,19.9235,233.61,233.49,233.48,403.68,403.25,406.48,404.48,7.8057,6.6273,5.4905,1.315,1.0886,0.77,3.3807,1.2592,1.0971,1.0243,4.6528,1.8235,1.5474,1.2819,0.6844,0.7222,0.7043,0.6008,50,939.96,680.95,1,1,2025-10-01 21:49:50,17.5,77.8,,1,0,,0
2025-10-01 21:49:50,629.06,3.2071,237.41,6.8158,20.4476,237.45,237.33,237.47,410.23,409.59,413.79,411.17,8.007,6.7904,5.6502,1.3325,1.1036,0.771,3.6216,1.352,1.1718,1.0977,4.8546,1.9013,1.6116,1.3418,0.6629,0.7019,0.6855,0.5747,50,940.01,680.99,1,1,2025-10-01 21:49:50,17.5,77.8,,1,0,,0
2025-10-01 21:51:20,629.14,3.1632,233.38,6.6268,19.8805,233.71,233.37,233.06,403.93,402.58,406.14,404.18,7.8569,6.5987,5.4249,1.3194,1.0925,0.7513,3.3732,1.2735,1.0831,1.0166,4.6405,1.8362,1.5399,1.2643,0.684,0.7194,0.7101,0.5943,50,940.14,681.09,1,1,2025-10-01 21:51:50,17.400000000000002,77.6,,1,0,,0
2025-10-01 21:52:05,629.18,3.1958,236.59,6.7732,20.3197,236.16,237.08,236.55,409.4,408.52,411.43,409.78,7.9358,6.8058,5.5781,1.3123,1.1105,0.773,3.5713,1.3342,1.1681,1.069,4.8071,1.8741,1.6135,1.3195,0.6668,0.7012,0.689,0.5859,50,940.2,681.13,1,1,2025-10-01 21:52:50,17.400000000000002,77.4,,1,0,,0
2025-10-01 21:52:50,629.22,3.2186,239.76,6.9301,20.790300000000002,239.85,239.29,240.16,414.36,413.87,417.6,415.3,8.1857,6.8227,5.7819,1.3573,1.0988,0.7626,3.7783,1.4139,1.2045,1.1599,4.9845,1.9633,1.6326,1.3886,0.6484,0.6925,0.6739,0.5493,50,940.26,681.18,1,1,2025-10-01 21:52:50,17.400000000000002,77.4,,1,0,,0
2025-10-01 21:53:35,629.26,3.2029,237.48,6.8247,20.4743,237.35,237.25,237.86,410.25,410.07,413.66,411.35,8.0316,6.7535,5.6892,1.3396,1.0924,0.7708,3.633,1.352,1.1693,1.1117,4.8618,1.9063,1.6023,1.3532,0.6613,0.7038,0.6826,0.5697,50,940.32,681.22,1,1,2025-10-01 21:53:50,17.400000000000002,77.3,,1,0,,0
2025-10-01 21:54:20,629.3,3.2474,242.75,7.0913,21.274,242.51,242.47,243.28,419.47,419.22,422.66,420.44,8.3259,7.0057,5.9424,1.3619,1.112,0.7734,3.9869,1.4855,1.2806,1.2207,5.1635,2.0191,1.6987,1.4457,0.6315,0.6757,0.6556,0.5351,50,940.38,681.27,1,1,2025-10-01 21:54:50,17.400000000000002,77.5,,1,0,,0
2025-10-01 21:55:50,629.38,3.1975,237.23,6.808,20.424,236.57,237.45,237.67,409.57,410.67,412.41,410.93,7.9264,6.829,5.6686,1.3129,1.0978,0.7868,3.6184,1.3347,1.1906,1.0931,4.844,1.8751,1.6215,1.3473,0.6621,0.7012,0.6778,0.5842,50,940.51,681.36,1,1,2025-10-01 21:55:50,17.400000000000002,77.5,,1,0,,0
2025-10-01 21:56:35,629.42,3.2599,242.87,7.0906,21.272000000000002,243.2,243.33,242.09,420.87,418.9,422.2,420.66,8.3554,7.1275,5.7891,1.346,1.1573,0.7566,3.9858,1.5178,1.2888,1.1792,5.1679,2.032,1.7343,1.4015,0.633,0.6634,0.6681,0.54,50,940.57,681.41,1,1,2025-10-01 21:56:50,17.400000000000002,77.6,,1,0,,0
2025-10-01 21:57:20,629.46,3.1719,233.78,6.6569,19.9708,234.25,232.59,234.5,403.98,402.65,408.09,404.9,7.881,6.505,5.5848,1.3468,1.0596,0.7655,3.3981,1.2585,1.0773,1.0623,4.6688,1.8461,1.513,1.3096,0.6823,0.7306,0.7012,0.5846,50,940.63,681.46,1,1,2025-10-01 21:57:50,17.400000000000002,77.7,,1,0,,0
2025-10-01 21:58:05,629.5,3.2069,237.65,6.8299,20.4898,237.02,237.1,238.85,409.87,410.94,414.06,411.57,7.914,6.773,5.8028,1.3303,1.073,0.8036,3.6376,1.3176,1.1915,1.1284,4.8677,1.8758,1.6059,1.386,0.6613,0.7105,0.6691,0.58,50,940.69,681.5,1,1,2025-10-01 21:58:50,17.400000000000002,77.7,,1,0,,0
2025-10-01 21:58:50,629.54,3.2293,239.22,6.918,20.754,239.33,238.34,240,412.72,413.28,417.01,414.29,8.0988,6.8172,5.838,1.3567,1.088,0.7846,3.7439,1.3796,1.2038,1.1604,4.9642,1.9383,1.6248,1.4011,0.6531,0.7011,0.6705,0.5601,50,940.75,681.55,1,1,2025-10-01 21:58:50,17.400000000000002,77.7,,1,0,,0
2025-10-01 21:59:35,629.58,3.1626,231.64,6.576,19.7282,231.61,231.11,232.22,400.21,399.7,403.73,401.14,7.7007,6.5185,5.509,1.3155,1.0627,0.7844,3.2763,1.2006,1.0654,1.0102,4.5694,1.7836,1.5065,1.2793,0.6945,0.7386,0.7061,0.6132,50,940.81,681.59,1,1,2025-10-01 21:59:50,17.400000000000002,77.7,,1,0,,0
2025-10-01 22:00:20,629.62,3.2094,236.83,6.8092,20.4278,236.43,236.73,237.35,409.09,409.36,412.15,410.2,7.9235,6.7998,5.7045,1.3229,1.0933,0.7931,3.5977,1.3221,1.1786,1.0969,4.837,1.8734,1.6097,1.354,0.6656,0.7073,0.68,0.5859,50,940.87,681.64,1,1,2025-10-01 22:00:50,17.400000000000002,77.9,,1,0,,0
2025-10-01 22:01:05,629.66,3.2145,239.41,6.9054,20.7162,238.88,240.03,239.33,413.95,413.89,416.15,414.73,8.0503,6.9673,5.6986,1.313,1.1224,0.7791,3.7569,1.401,1.2369,1.119,4.9593,1.9231,1.6724,1.3638,0.6501,0.6838,0.6719,0.5714,50,940.94,681.69,1,1,2025-10-01 22:01:50,17.400000000000002,77.8,,1,0,,0
2025-10-01 22:01:50,629.7,3.1914,236.78,6.7949,20.384900000000002,237.09,236.31,236.96,409.45,408,412.88,410.15,8.0353,6.7085,5.6411,1.342,1.0906,0.7588,3.5952,1.3478,1.1476,1.0998,4.8271,1.9051,1.5853,1.3367,0.6638,0.7055,0.6888,0.5678,49.9,941,681.73,1,1,2025-10-01 22:01:50,17.400000000000002,77.8,,1,0,,0
2025-10-01 22:02:35,629.74,3.2477,242.44,7.0894,21.2682,241.89,243.06,242.38,418.86,419.56,421.31,419.94,8.2609,7.1427,5.8646,1.3287,1.1381,0.7809,3.984,1.4883,1.3082,1.1875,5.1558,1.9982,1.7361,1.4215,0.6318,0.6659,0.6563,0.5494,50,941.06,681.78,1,1,2025-10-01 22:02:50,17.3,78,,1,0,,0
2025-10-01 22:04:05,629.82,3.1932,236.76,6.7976,20.3929,236.56,237.07,236.65,409.56,409.14,411.51,410.14,7.9617,6.8165,5.6147,1.3151,1.1056,0.7725,3.601,1.3443,1.1761,1.0807,4.8281,1.8834,1.616,1.3287,0.6634,0.6993,0.6849,0.5815,49.9,941.18,681.87,1,1,2025-10-01 22:04:50,17.3,78.4,,1,0,,0
2025-10-01 22:04:50,629.86,3.2567,243.3,7.1526,21.4579,242.76,243,244.14,418.98,421.22,423.99,419.74,8.4028,7.07,5.9851,1.3658,1.1171,0.7738,4.0469,1.5084,1.3006,1.2379,5.2191,2.0399,1.718,1.4612,0.6269,0.6711,0.6515,0.53,49.9,941.24,681.91,1,1,2025-10-01 22:04:50,17.3,78.4,,1,0,,0
2025-10-01 22:05:35,629.9,3.1675,233.58,6.6537,19.961100000000002,233.78,233.51,233.47,404.08,403.17,406.47,404.57,7.844,6.6275,5.4896,1.3167,1.0881,0.7628,3.4004,1.2726,1.0981,1.0296,4.663,1.8338,1.5476,1.2817,0.6816,0.719,0.7038,0.5952,49.9,941.31,681.96,1,1,2025-10-01 22:05:50,17.3,77.9,,1,0,,0
2025-10-01 22:06:20,629.94,3.187,236.45,6.7898,20.369600000000002,236.75,236.02,236.58,408.85,407.87,411.88,409.48,8.0311,6.7031,5.6354,1.34,1.0891,0.7578,3.5855,1.3446,1.1446,1.0963,4.8167,1.9014,1.5821,1.3332,0.6643,0.7059,0.6893,0.5686,49.9,941.36,682,1,1,2025-10-01 22:06:50,17.3,77.5,,1,0,,0
2025-10-01 22:07:05,629.98,3.2177,239.52,6.9528,20.858600000000003,239.81,239.57,239.2,414.32,413.77,416.5,414.84,8.2065,6.9347,5.7174,1.3394,1.1237,0.7547,3.7983,1.4376,1.2209,1.1398,4.9969,1.968,1.6613,1.3676,0.6463,0.6816,0.6771,0.552,49.9,941.43,682.05,1,1,2025-10-01 22:07:50,17.3,77.4,,1,0,,0
2025-10-01 22:07:50,630.02,3.1659,233.4,6.6518,19.9554,232.94,232.95,234.33,402.93,403.69,406.17,404.33,7.7668,6.593,5.5956,1.3148,1.0623,0.7888,3.3919,1.2387,1.1063,1.0469,4.6563,1.8092,1.5358,1.3112,0.6823,0.7278,0.6926,0.6017,49.9,941.49,682.1,1,1,2025-10-01 22:07:50,17.3,77.4,,1,0,,0
2025-10-01 22:08:35,630.06,3.1986,237.47,6.8345,20.5036,236.51,236.68,239.23,408.38,412.22,413.33,411.22,7.9216,6.7384,5.8436,1.3332,1.0586,0.8069,3.6427,1.3117,1.1897,1.1412,4.8663,1.8735,1.5948,1.398,0.6598,0.7128,0.6647,0.5773,49.9,941.55,682.14,1,1,2025-10-01 22:08:50,17.3,77.4,,1,0,,0
2025-10-01 22:10:05,630.14,3.2022,236.81,6.8312,20.4938,237.56,236.4,236.48,409.76,408.35,412.38,410.16,8.1237,6.763,5.6071,1.3476,1.1096,0.7449,3.6224,1.3775,1.1484,1.0966,4.8546,1.9299,1.5988,1.326,0.6623,0.6993,0.6948,0.5619,49.9,941.67,682.24,1,1,2025-10-01 22:10:50,17.3,77.6,,1,0,,0
2025-10-01 22:10:50,630.18,3.2848,244.82,7.2581,21.7745,245.26,244.01,245.19,422.99,422.78,426.32,424.03,8.5524,7.1447,6.0774,1.3893,1.1307,0.7648,4.1692,1.5668,1.3239,1.2785,5.3311,2.0976,1.7434,1.4901,0.6188,0.6634,0.6494,0.5133,49.9,941.73,682.28,1,1,2025-10-01 22:10:50,17.3,77.6,,1,0,,0
2025-10-01 22:11:35,630.22,3.2277,239.39,6.9324,20.7973,239.89,239.33,238.97,414.39,413.21,416.31,414.63,8.1815,6.9256,5.6902,1.3424,1.1279,0.7574,3.7684,1.4275,1.212,1.1289,4.98,1.9627,1.6575,1.3598,0.6505,0.685,0.6812,0.5571,49.9,941.8,682.33,1,1,2025-10-01 22:11:50,17.3,77.6,,1,0,,0
2025-10-01 22:12:20,630.26,3.2153,238.45,6.8853,20.656100000000002,237.62,239.73,238,413.2,411.88,413.9,412.99,7.9978,7.0265,5.6318,1.293,1.1384,0.7839,3.7142,1.3887,1.2389,1.0866,4.9253,1.9004,1.6845,1.3404,0.6544,0.6814,0.6766,0.585,49.9,941.86,682.38,1,1,2025-10-01 22:12:50,17.3,77.5,,1,0,,0
2025-10-01 22:13:05,630.3,3.2575,243.6,7.1435,21.430500000000002,242.79,244.68,243.33,421.04,421.78,422.92,421.89,8.2963,7.2425,5.8917,1.3205,1.1513,0.7856,4.0583,1.5162,1.3437,1.1984,5.22,2.0143,1.7721,1.4336,0.6259,0.6567,0.6506,0.5482,49.9,941.92,682.42,1,1,2025-10-01 22:13:50,17.3,77.5,,1,0,,0
2025-10-01 22:13:50,630.34,3.1616,233.61,6.6457,19.9371,233.68,233.06,234.1,403.08,403.73,407.05,404.68,7.8552,6.5362,5.5457,1.3308,1.0665,0.7643,3.3942,1.2601,1.0851,1.0489,4.6572,1.8356,1.5233,1.2982,0.6815,0.7261,0.7009,0.5889,50,941.98,682.47,1,1,2025-10-01 22:13:50,17.3,77.5,,1,0,,0
2025-10-01 22:14:35,630.38,3.1978,236.86,6.8003,20.4009,237.63,236.21,236.74,409.51,408.53,412.7,410.24,8.0725,6.7002,5.6282,1.351,1.0954,0.7514,3.5977,1.3578,1.1399,1.1,4.8333,1.9183,1.5827,1.3324,0.6643,0.7053,0.6928,0.564,50,942.04,682.52,1,1,2025-10-01 22:14:50,17.3,77.5,,1,0,,0
2025-10-01 22:15:20,630.43,3.2147,239.75,6.932,20.796,239.17,239.46,240.63,413.76,414.18,417.8,415.18,8.0783,6.8789,5.8388,1.3369,1.0896,0.7883,3.7853,1.3904,1.2322,1.1626,4.9843,1.9321,1.6472,1.405,0.6473,0.693,0.6624,0.5611,50,942.11,682.56,1,1,2025-10-01 22:15:50,17.3,77.4,,1,0,,0
2025-10-01 22:16:05,630.46,3.1441,232.23,6.588,19.7641,231.44,232.34,232.92,400.87,401.8,404.02,402.28,7.6596,6.5933,5.5112,1.2903,1.0644,0.7893,3.3227,1.2118,1.0991,1.0118,4.5883,1.7727,1.5319,1.2837,0.6873,0.7289,0.6956,0.6151,50,942.16,682.61,1,1,2025-10-01 22:16:50,17.3,77.8,,1,0,,0
2025-10-01 22:16:50,630.5,3.1945,237.04,6.8096,20.4289,236.8,237.49,236.85,409.89,409.31,412.48,410.57,7.9723,6.84,5.6166,1.3132,1.11,0.7714,3.6194,1.3525,1.1834,1.0835,4.8426,1.8878,1.6244,1.3303,0.6617,0.6966,0.6841,0.5799,50,942.23,682.65,1,1,2025-10-01 22:16:50,17.3,77.8,,1,0,,0
2025-10-01 22:17:35,630.54,3.2078,238.61,6.8813,20.6441,238.29,238.51,239.03,411.85,412.88,415.09,413.27,8.0274,6.8597,5.757,1.3279,1.0959,0.784,3.7145,1.3723,1.2119,1.1303,4.9251,1.9128,1.6361,1.3761,0.6536,0.6953,0.6707,0.5699,49.9,942.29,682.7,1,1,2025-10-01 22:17:50,17.3,77.7,,1,0,,0
2025-10-01 22:18:20,630.58,3.1969,236.88,6.8027,20.4082,237.41,236.82,236.42,409.57,409.43,411.85,410.29,8.0467,6.7915,5.57,1.3312,1.1144,0.7513,3.6042,1.3662,1.1571,1.081,4.8356,1.9104,1.6084,1.3169,0.6635,0.6978,0.6936,0.5707,50,942.35,682.75,1,1,2025-10-01 22:18:50,17.3,77.9,,1,0,,0
2025-10-01 22:19:05,630.62,3.2517,242.52,7.0805,21.241699999999998,242.72,242.95,241.91,419.79,418.91,421.47,420.03,8.3112,7.1194,5.8111,1.3398,1.1483,0.7635,3.9747,1.5039,1.2908,1.1799,5.1527,2.0173,1.7297,1.4058,0.6331,0.6652,0.6646,0.5432,50,942.41,682.79,1,1,2025-10-01 22:19:50,17.3,77.7,,1,0,,0
2025-10-01 22:19:50,630.67,3.2136,238.75,6.8889,20.666800000000002,238.55,239.11,238.59,412.6,413.05,414.9,413.49,8.0578,6.9297,5.6793,1.3196,1.1204,0.7736,3.7237,1.3935,1.218,1.1122,4.9342,1.9222,1.657,1.355,0.6533,0.6875,0.6769,0.571,49.9,942.47,682.84,1,1,2025-10-01 22:19:50,17.3,77.7,,1,0,,0
2025-10-01 22:20:35,630.7,3.1885,236.99,6.8131,20.439500000000002,237.24,236.32,237.41,409.23,409.26,412.91,410.48,8.0547,6.6957,5.6891,1.3468,1.0814,0.7603,3.618,1.3507,1.152,1.1154,4.8439,1.9109,1.5823,1.3506,0.6611,0.706,0.6844,0.5632,49.9,942.53,682.88,1,1,2025-10-01 22:20:50,16.8,77.7,,1,0,,0
2025-10-01 22:22:05,630.79,3.1648,233.09,6.6387,19.9163,232.82,233.09,233.37,402.5,403.07,405.58,403.71,7.7866,6.617,5.5127,1.3101,1.0797,0.775,3.3743,1.2491,1.0988,1.0263,4.6417,1.8129,1.5424,1.2865,0.6841,0.7237,0.7008,0.6038,49.9,942.66,682.98,1,1,2025-10-01 22:22:50,16.8,77.7,,1,0,,0
2025-10-01 22:22:50,630.82,3.197,236.67,6.807,20.4212,236.61,236.8,236.62,409.04,409.05,411.67,409.92,8.0076,6.7921,5.6215,1.3263,1.1048,0.7659,3.5891,1.3444,1.1613,1.0834,4.8332,1.8947,1.6084,1.3302,0.6651,0.7006,0.6881,0.5755,49.9,942.71,683.02,1,1,2025-10-01 22:22:50,16.8,77.7,,1,0,,0
2025-10-01 22:23:35,630.86,3.2241,239.1,6.9262,20.778799999999997,239.69,238.89,238.73,413.45,412.26,416.66,414.09,8.2221,6.8533,5.7034,1.3568,1.1191,0.7481,3.7424,1.4218,1.1872,1.1334,4.9695,1.9708,1.6372,1.3616,0.6526,0.6897,0.6847,0.5504,49.9,942.78,683.07,1,1,2025-10-01 22:23:50,16.8,77.9,,1,0,,0
2025-10-01 22:24:20,630.91,3.1652,233.98,6.6803,20.0409,234.22,233.29,234.44,404.21,403.52,408.04,405.41,7.9077,6.5698,5.5634,1.3371,1.0671,0.761,3.4308,1.2787,1.0934,1.0588,4.6891,1.8521,1.5327,1.3043,0.678,0.7223,0.6998,0.5836,49.9,942.84,683.12,1,1,2025-10-01 22:24:50,16.8,78,,1,0,,0
2025-10-01 22:25:05,630.94,3.1961,236.98,6.7986,20.395999999999997,237.31,236.93,236.7,409.73,409.18,412.44,410.52,8.0338,6.7764,5.5858,1.3315,1.1092,0.7554,3.6131,1.3638,1.1619,1.0874,4.8342,1.9065,1.6055,1.3222,0.6625,0.6994,0.691,0.572,49.9,942.9,683.16,1,1,2025-10-01 22:25:50,16.8,78.1,,1,0,,0
2025-10-01 22:25:50,630.99,3.2201,239.56,6.9367,20.8103,239.7,239.45,239.53,414.09,413.26,417.39,414.9,8.1696,6.8968,5.7439,1.3433,1.1138,0.763,3.7822,1.4208,1.2168,1.1446,4.9855,1.9583,1.6514,1.3758,0.6482,0.687,0.6752,0.5546,49.9,942.96,683.21,1,1,2025-10-01 22:25:50,16.8,78.1,,1,0,,0
2025-10-01 22:26:35,631.03,3.1911,237.01,6.7977,20.3932,237.1,236.85,237.1,409.42,409.24,412.87,410.5,7.98,6.7597,5.6535,1.3278,1.0933,0.77,3.6072,1.3437,1.1668,1.0967,4.8335,1.8921,1.601,1.3404,0.6625,0.7028,0.6837,0.5746,49.9,943.02,683.25,1,1,2025-10-01 22:26:50,16.8,78.1,,1,0,,0
2025-10-01 22:27:20,631.06,3.2524,242.73,7.1119,21.3358,242.63,243.11,242.45,419.82,418.81,422.58,420.38,8.3113,7.1254,5.8991,1.3411,1.1357,0.7755,4.0078,1.5015,1.305,1.2013,5.1791,2.0166,1.7323,1.4302,0.6301,0.6661,0.6564,0.5423,49.9,943.08,683.3,1,1,2025-10-01 22:27:50,16.8,78,,1,0,,0
2025-10-01 22:28:05,631.11,3.2189,239.36,6.9422,20.8268,239.93,238.73,239.42,413.28,413.17,417.26,414.58,8.187,6.8556,5.7842,1.3545,1.1037,0.7607,3.7809,1.4182,1.2057,1.157,4.9858,1.9643,1.6366,1.3849,0.6482,0.6906,0.6752,0.5493,49.9,943.15,683.35,1,1,2025-10-01 22:28:50,16.8,78.3,,1,0,,0
2025-10-01 22:28:50,631.15,3.1871,236.7,6.7794,20.3384,236.18,236.85,237.09,408.86,409.27,411.8,409.97,7.8967,6.7895,5.6522,1.3111,1.0915,0.7845,3.5866,1.3224,1.1781,1.086,4.8132,1.865,1.6081,1.3401,0.6642,0.704,0.6796,0.5855,49.9,943.21,683.39,1,1,2025-10-01 22:28:50,16.8,78.3,,1,0,,0
2025-10-01 22:29:35,631.18,3.2156,239.78,6.9566,20.87,240.25,239.55,239.56,415.44,412.34,418.13,420.63,8.2376,6.8842,5.7482,1.3502,1.1147,0.7506,3.8077,1.442,1.2121,1.1536,5.0052,1.9791,1.6491,1.377,0.6452,0.6834,0.6769,0.5453,49.9,943.27,683.44,1,1,2025-10-01 22:29:50,16.8,78,,1,0,,0
2025-10-01 22:31:05,631.27,3.1906,237,6.8165,20.4496,236.92,236.35,237.74,409.01,409.31,413.15,410.49,8.0007,6.7331,5.7158,1.3369,1.0794,0.7743,3.6221,1.3394,1.1666,1.1162,4.8458,1.8955,1.5914,1.3589,0.6609,0.7064,0.6791,0.57,49.9,943.39,683.53,1,1,2025-10-01 22:31:50,16.8,77.9,,1,0,,0
2025-10-01 22:31:50,631.3,3.2079,239.06,6.8979,20.693800000000003,238.84,239.33,239.03,413.34,412.93,415.92,413.98,8.0989,6.9128,5.6821,1.325,1.1174,0.7655,3.7434,1.4049,1.2172,1.1213,4.947,1.9343,1.6544,1.3582,0.6507,0.6861,0.6762,0.5638,49.9,943.45,683.58,1,1,2025-10-01 22:31:50,16.8,77.9,,1,0,,0
2025-10-01 22:32:35,631.35,3.1652,233.58,6.6545,19.9637,233.97,233.52,233.25,402.1,405.75,405.81,404.6,7.8669,6.6396,5.4572,1.3167,1.0948,0.7537,3.4035,1.2824,1.0957,1.0253,4.664,1.8406,1.5505,1.2729,0.681,0.7163,0.7068,0.5922,49.9,943.51,683.62,1,1,2025-10-01 22:32:50,16.8,78,,1,0,,0
2025-10-01 22:33:20,631.39,3.256,242.77,7.1215,21.3646,242.34,243.31,242.67,419.38,421.66,420.42,420.4,8.296,7.1635,5.9051,1.335,1.139,0.782,4.0157,1.499,1.3163,1.2004,5.1864,2.0105,1.743,1.433,0.6298,0.665,0.6543,0.5458,49.9,943.58,683.67,1,1,2025-10-01 22:33:50,16.8,78,,1,0,,0
2025-10-01 22:34:05,631.42,3.223,239.46,6.9442,20.8326,240.25,238.85,239.28,413.84,412.91,417.48,414.7,8.2449,6.8297,5.758,1.3653,1.109,0.7487,3.7805,1.4307,1.1936,1.1562,4.9899,1.9808,1.6313,1.3778,0.6487,0.6903,0.6806,0.5435,49.9,943.64,683.72,1,1,2025-10-01 22:34:50,16.8,78.1,,1,0,,0
2025-10-01 22:34:50,631.47,3.2048,238.21,6.8661,20.598499999999998,237.94,237.65,239.04,411.64,411.34,414.76,412.62,8.0269,6.786,5.7856,1.3394,1.0815,0.7838,3.6886,1.3567,1.1931,1.1388,4.9056,1.9099,1.6127,1.383,0.6558,0.7025,0.6716,0.5669,49.9,943.7,683.76,1,1,2025-10-01 22:34:50,16.8,78.1,,1,0,,0
2025-10-01 22:35:35,631.51,3.269,243.91,7.1971,21.5915,243.76,244.62,243.36,422.35,420.84,424.18,422.48,8.4467,7.2427,5.9021,1.3433,1.1611,0.7646,4.1056,1.5555,1.335,1.2151,5.267,2.059,1.7717,1.4363,0.6228,0.6535,0.6562,0.5325,49.9,943.76,683.81,1,1,2025-10-01 22:35:50,16.8,78.1,,1,0,,0
2025-10-01 22:36:20,631.55,3.2122,239.08,6.9298,20.7895,239.56,239.34,238.36,413.76,412.57,415.96,414.1,8.2132,6.9329,5.6434,1.336,1.1333,0.7429,3.771,1.4406,1.2095,1.1209,4.972,1.9676,1.6593,1.3452,0.6484,0.6799,0.6837,0.5524,49.9,943.82,683.86,1,1,2025-10-01 22:36:50,16.8,78.1,,1,0,,0
2025-10-01 22:37:05,631.59,3.1821,237.06,6.7985,20.3957,236.78,237.06,237.34,409.83,409.1,412.83,410.55,7.9638,6.7844,5.6475,1.3181,1.0927,0.7713,3.6178,1.3446,1.1774,1.0958,4.8344,1.8857,1.6083,1.3404,0.6604,0.7,0.6802,0.5755,49.9,943.88,683.9,1,1,2025-10-01 22:37:50,16.8,78,,1,0,,0
2025-10-01 22:37:50,631.63,3.2084,239.51,6.9228,20.7686,239.26,239.4,239.88,413.76,413.91,416.85,414.8,8.0982,6.8993,5.7711,1.3314,1.1026,0.7743,3.7761,1.4029,1.2263,1.1468,4.9736,1.9376,1.6517,1.3844,0.6474,0.6883,0.6685,0.5595,49.9,943.95,683.95,1,1,2025-10-01 22:37:50,16.8,78,,1,0,,0
2025-10-01 22:38:35,631.67,3.1453,232.57,6.6161,19.848300000000002,232.5,232.57,232.65,401.84,402.14,404.47,402.74,7.7809,6.595,5.4724,1.3045,1.0767,0.764,3.3586,1.2502,1.0901,1.0182,4.616,1.8091,1.5338,1.2732,0.6835,0.7219,0.7027,0.6001,49.9,944.01,684,1,1,2025-10-01 22:38:50,16.8,78,,1,0,,0
2025-10-01 22:39:20,631.7,3.1817,236.91,6.8011,20.4035,236.83,236.64,237.28,409.21,408.95,412.85,410.32,7.9923,6.7479,5.6633,1.3276,1.0875,0.7666,3.6156,1.3455,1.1666,1.1034,4.8334,1.8928,1.5968,1.3438,0.6606,0.7023,0.6818,0.5705,49.9,944.07,684.04,1,1,2025-10-01 22:39:50,16.8,77.9,,1,0,,0
2025-10-01 22:40:05,631.75,3.1949,238.35,6.8816,20.6449,237.85,237.5,239.71,411.02,411.88,415.59,412.8,8.0236,6.776,5.8453,1.3393,1.0665,0.789,3.7142,1.3549,1.202,1.1573,4.9189,1.9084,1.6093,1.4012,0.6521,0.703,0.6636,0.5633,49.9,944.13,684.09,1,1,2025-10-01 22:40:50,16.8,77.7,,1,0,,0
2025-10-01 22:40:50,631.79,3.1546,233.59,6.6487,19.9461,233.48,233.42,233.88,405.11,401.01,407.57,404.53,7.7998,6.6277,5.5186,1.3079,1.0771,0.7697,3.407,1.2633,1.1081,1.0357,4.6588,1.8211,1.547,1.2907,0.6794,0.7192,0.697,0.5964,49.9,944.19,684.13,1,1,2025-10-01 22:40:50,16.8,77.7,,1,0,,0
2025-10-01 22:41:35,631.83,3.2512,243.88,7.1736,21.5208,243.97,242.69,244.99,419.85,424.13,423.24,422.36,8.4209,7.0001,6.0998,1.3853,1.091,0.7748,4.087,1.5116,1.2984,1.277,5.2477,2.0544,1.6989,1.4944,0.6225,0.6756,0.6433,0.5187,49.9,944.25,684.18,1,1,2025-10-01 22:41:50,16.8,78,,1,0,,0
2025-10-01 22:42:20,631.86,3.2032,239.6,6.92,20.7601,239.27,239.05,240.5,414.33,413.69,416.98,415.02,8.0819,6.8649,5.8133,1.3359,1.0878,0.7796,3.7788,1.3934,1.2255,1.16,4.9729,1.9338,1.6411,1.3981,0.6466,0.692,0.6638,0.5577,49.9,944.31,684.23,1,1,2025-10-01 22:42:50,16.8,77.9,,1,0,,0
2025-10-01 22:43:05,631.91,3.1876,236.89,6.7942,20.3828,236.69,236.6,237.4,408.94,409.67,412.31,409.77,7.9499,6.7748,5.6581,1.3222,1.0902,0.7752,3.603,1.3344,1.1722,1.0964,4.8278,1.8817,1.6029,1.3432,0.6626,0.7038,0.681,0.5773,49.9,944.38,684.27,1,1,2025-10-01 22:43:50,16.8,77.8,,1,0,,0
2025-10-01 22:43:50,631.95,3.249,242.98,7.1241,21.372300000000003,242.59,243.4,242.95,420.43,419.55,422.53,420.83,8.3129,7.1754,5.884,1.3326,1.1414,0.775,4.0289,1.5092,1.3189,1.2008,5.1926,2.0166,1.7465,1.4295,0.6277,0.6618,0.6543,0.5422,49.9,944.44,684.32,1,1,2025-10-01 22:43:50,16.8,77.8,,1,0,,0
2025-10-01 22:44:35,631.98,3.2068,239.3,6.8998,20.6994,238.99,239.85,239.08,414.34,412.73,416.35,414.46,8.0768,6.9567,5.6659,1.3145,1.1252,0.7671,3.7549,1.4096,1.2294,1.116,4.9534,1.9303,1.6686,1.3546,0.6494,0.682,0.6751,0.5664,49.9,944.5,684.37,1,1,2025-10-01 22:44:50,16.8,77.8,,1,0,,0
2025-10-01 22:45:20,632.02,3.186,237.02,6.8033,20.4101,237.15,236.69,237.24,409.47,409.17,412.95,410.45,8.0087,6.7545,5.6469,1.3309,1.0926,0.7625,3.6165,1.3509,1.1645,1.1011,4.8377,1.8993,1.5987,1.3397,0.661,0.7018,0.6842,0.5692,49.9,944.56,684.41,1,1,2025-10-01 22:45:50,16.700000000000003,77.8,,1,0,,0
2025-10-01 22:46:05,632.07,3.207,239.32,6.9077,20.7233,238.98,239.12,239.87,413.55,413.27,416.71,414.51,8.0962,6.8758,5.7513,1.3332,1.1009,0.7729,3.7577,1.3977,1.218,1.142,4.9585,1.9348,1.6441,1.3796,0.6491,0.6902,0.6705,0.5604,49.9,944.62,684.46,1,1,2025-10-01 22:46:50,16.700000000000003,77.5,,1,0,,0
2025-10-01 22:46:50,632.1,3.1491,232.73,6.6175,19.8527,234.27,231.78,232.14,402.72,400.5,406.06,403.08,7.9853,6.4829,5.3845,1.3486,1.0845,0.7159,3.3546,1.2928,1.0377,1.0242,4.6233,1.8707,1.5026,1.25,0.6844,0.7218,0.7225,0.5729,49.9,944.68,684.5,1,1,2025-10-01 22:46:50,16.700000000000003,77.5,,1,0,,0
2025-10-01 22:47:35,632.15,3.1863,236.9,6.8075,20.4227,237.41,236.84,236.47,409.86,408.63,412.47,410.36,8.076,6.7726,5.5741,1.3332,1.1095,0.7436,3.6174,1.3739,1.1558,1.0877,4.8395,1.9173,1.604,1.3181,0.6609,0.6963,0.6925,0.5643,49.9,944.74,684.55,1,1,2025-10-01 22:47:50,16.700000000000003,77.2,,1,0,,0
2025-10-01 22:48:20,632.19,3.1854,237.8,6.8349,20.5048,237.08,237.72,238.61,410.51,410.7,414.4,411.91,7.9804,6.7999,5.7245,1.3208,1.084,0.7806,3.6662,1.3502,1.1959,1.1202,4.8744,1.892,1.6165,1.3659,0.6558,0.6992,0.6715,0.5717,49.9,944.81,684.6,1,1,2025-10-01 22:48:50,16.700000000000003,77.1,,1,0,,0
2025-10-01 22:49:05,632.22,3.153,233.64,6.6375,19.9127,233.75,233.55,233.64,403.65,403.67,406.71,404.72,7.8265,6.6111,5.4751,1.3118,1.0824,0.7588,3.3998,1.2715,1.0988,1.0295,4.6527,1.8294,1.544,1.2792,0.6799,0.718,0.7017,0.5933,49.9,944.86,684.64,1,1,2025-10-01 22:49:50,16.700000000000003,77,,1,0,,0
2025-10-01 22:49:50,632.26,3.2425,243.5,7.1338,21.4015,243.29,243.04,244.19,420.6,420.1,424.55,420.22,8.3554,7.0518,5.9943,1.3612,1.1078,0.7735,4.0504,1.5044,1.3041,1.2418,5.2104,2.0328,1.7139,1.4637,0.6249,0.6709,0.6474,0.5286,49.9,944.93,684.69,1,1,2025-10-01 22:49:50,16.700000000000003,77,,1,0,,0
2025-10-01 22:50:35,632.31,3.2022,239.46,6.9145,20.7436,239.22,238.99,240.17,413.1,414.16,416.98,414.8,8.087,6.8651,5.7915,1.3355,1.0919,0.7748,3.7712,1.3951,1.2215,1.1546,4.9662,1.9346,1.6407,1.3909,0.6472,0.6915,0.6664,0.5572,50,944.99,684.74,1,1,2025-10-01 22:50:50,16.700000000000003,77,,1,0,,0
2025-10-01 22:51:20,632.34,3.1907,237.84,6.8266,20.4799,238.5,237.4,237.62,411.08,410.53,414.22,411.93,8.0968,6.7756,5.6075,1.3403,1.1064,0.744,3.6557,1.386,1.1648,1.1049,4.8721,1.9311,1.6085,1.3325,0.6575,0.6951,0.6886,0.5585,50,945.05,684.78,1,1,2025-10-01 22:51:50,16.700000000000003,76.9,,1,0,,0
2025-10-01 22:52:05,632.38,3.2464,242.57,7.0996,21.2988,242.29,242.91,242.52,419.47,418.52,422.4,420.11,8.2656,7.1549,5.8783,1.33,1.1375,0.7789,3.9973,1.4929,1.3109,1.1935,5.1663,2.0027,1.738,1.4256,0.6304,0.6652,0.6553,0.5465,50,945.11,684.83,1,1,2025-10-01 22:52:50,16.700000000000003,76.7,,1,0,,0
2025-10-01 22:52:50,632.43,3.2127,239.68,6.93,20.790100000000002,239.61,239.29,240.15,414.42,413.17,417.8,415.09,8.0905,6.912,5.7876,1.3338,1.102,0.777,3.7846,1.4023,1.2304,1.1519,4.9824,1.9386,1.654,1.3899,0.6471,0.6891,0.6671,0.5592,50,945.18,684.88,1,1,2025-10-01 22:52:50,16.700000000000003,76.7,,1,0,,0
2025-10-01 22:53:35,632.46,3.1814,236.82,6.7839,20.3519,236.89,237.12,236.45,409.53,409.04,411.95,410.18,7.9392,6.8436,5.5691,1.3053,1.1117,0.7644,3.6004,1.3498,1.1792,1.0714,4.8203,1.8807,1.6228,1.3168,0.6621,0.6951,0.6859,0.5807,50,945.23,684.92,1,1,2025-10-01 22:53:50,16.700000000000003,76.5,,1,0,,0
2025-10-01 22:54:20,632.5,3.1855,237.68,6.8151,20.4454,236.85,238.01,238.2,411.72,409.93,413.35,411.65,7.9932,6.8843,5.5679,1.3055,1.1159,0.7642,3.6478,1.3673,1.1971,1.0835,4.858,1.8932,1.6385,1.3263,0.6577,0.6905,0.6818,0.5763,50,945.3,684.97,1,1,2025-10-01 22:54:50,16.700000000000003,76.8,,1,0,,0
2025-10-01 22:55:05,632.55,3.159,233.79,6.6648,19.994500000000002,234.06,232.64,234.69,404.15,403.06,407.6,404.9,7.9448,6.5655,5.4842,1.3385,1.0765,0.744,3.4176,1.2869,1.081,1.0497,4.674,1.8596,1.5274,1.2871,0.6787,0.7208,0.7056,0.5782,49.9,945.36,685.01,1,1,2025-10-01 22:55:50,16.700000000000003,77.2,,1,0,,0
2025-10-01 22:55:50,632.58,3.1798,237.23,6.7861,20.3584,236.41,237.86,237.43,410.91,409.65,412.09,410.9,7.9883,6.8751,5.495,1.3002,1.1235,0.7561,3.6149,1.3661,1.1859,1.0629,4.8285,1.8885,1.6353,1.3047,0.6604,0.6894,0.6877,0.5796,50,945.42,685.06,1,1,2025-10-01 22:55:50,16.700000000000003,77.2,,1,0,,0
2025-10-01 22:56:35,632.62,3.2,239.37,6.9083,20.725099999999998,238.59,239.9,239.63,414.54,412.76,416.46,414.6,8.1372,6.9792,5.6087,1.3135,1.1319,0.7546,3.7684,1.4257,1.2311,1.1116,4.9598,1.9415,1.6743,1.344,0.6472,0.6775,0.6768,0.5616,50,945.48,685.11,1,1,2025-10-01 22:56:50,16.700000000000003,76.9,,1,0,,0
2025-10-01 22:57:20,632.67,3.1498,233.61,6.6291,19.8874,233.87,232.88,234.1,404.02,402.87,406.98,404.62,7.937,6.5489,5.4015,1.3326,1.0844,0.7328,3.389,1.2886,1.0702,1.0301,4.6458,1.8562,1.5251,1.2645,0.6807,0.7188,0.7117,0.5796,50,945.54,685.15,1,1,2025-10-01 22:57:50,16.700000000000003,77.1,,1,0,,0
2025-10-01 22:58:05,632.7,3.1996,238.64,6.8833,20.650100000000002,238.11,238.43,239.39,412.46,412.11,415.42,410.56,8.1279,6.8653,5.6569,1.3341,1.1087,0.7568,3.7208,1.3975,1.2012,1.122,4.9264,1.9353,1.6369,1.3542,0.6519,0.6904,0.6782,0.5591,50,945.6,685.19,1,1,2025-10-01 22:58:50,16.700000000000003,76.9,,1,0,,0
2025-10-01 22:58:50,632.74,3.2052,239.8,6.9124,20.7373,239.04,240.43,239.94,415.24,414.06,416.71,415.33,8.1257,7.0152,5.5964,1.3086,1.1396,0.757,3.7812,1.4318,1.2408,1.1086,4.9718,1.9424,1.6867,1.3428,0.6466,0.6746,0.6764,0.5638,50,945.66,685.24,1,1,2025-10-01 22:58:50,16.700000000000003,76.9,,1,0,,0
2025-10-01 22:59:35,632.78,3.1773,236.74,6.7632,20.2898,236.49,236.78,236.97,409.81,408.59,411.73,410.02,8.0105,6.794,5.4853,1.3167,1.1151,0.7455,3.5796,1.3583,1.157,1.0643,4.8029,1.8944,1.6087,1.2999,0.6638,0.696,0.6939,0.5737,50,945.72,685.29,1,1,2025-10-01 22:59:50,16.700000000000003,77,,1,0,,0
2025-10-01 23:00:20,632.82,3.2566,244.83,7.2104,21.6313,244.17,244.86,245.48,423.4,422.75,426.02,424.04,8.4828,7.2273,5.9212,1.35,1.147,0.7596,4.1477,1.5656,1.3439,1.2381,5.2945,2.0712,1.7697,1.4535,0.6175,0.653,0.6491,0.5229,50,945.78,685.33,1,1,2025-10-01 23:00:50,16.700000000000003,77,,1,0,,0
2025-10-01 23:01:05,632.86,3.1932,238.93,6.8814,20.644199999999998,238.57,238.99,239.23,413.91,411.82,415.74,413.87,8.1212,6.9162,5.6068,1.3211,1.1221,0.75,3.7356,1.4132,1.2108,1.1115,4.9317,1.9375,1.6529,1.3413,0.6497,0.6828,0.6797,0.5593,50,945.85,685.38,1,1,2025-10-01 23:01:50,16.700000000000003,77.1,,1,0,,0
2025-10-01 23:01:50,632.9,3.1797,237.93,6.8159,20.447699999999998,235.96,238.98,238.86,411.5,411.58,413.21,412.11,7.8648,6.973,5.6099,1.2732,1.113,0.7935,3.6636,1.3467,1.2376,1.0793,4.8622,1.8558,1.6664,1.34,0.6554,0.6869,0.6686,0.5923,50,945.91,685.43,1,1,2025-10-01 23:01:50,16.700000000000003,77.1,,1,0,,0
2025-10-01 23:02:35,632.94,3.2019,239.36,6.9018,20.705399999999997,239.45,239.37,239.28,414.56,412.79,416.4,414.56,8.2145,6.9215,5.5694,1.3335,1.1356,0.7329,3.7588,1.4422,1.2039,1.1127,4.9564,1.967,1.6568,1.3326,0.6484,0.6788,0.6861,0.55,50,945.97,685.47,1,1,2025-10-01 23:02:50,16.700000000000003,77.4,,1,0,,0
2025-10-01 23:03:20,632.98,3.1572,233.87,6.6494,19.9483,233.52,234.18,233.92,405.25,403.34,406.61,405.04,7.8654,6.7034,5.3795,1.301,1.108,0.7482,3.4138,1.2931,1.1096,1.0111,4.6649,1.8367,1.5698,1.2584,0.6789,0.7092,0.7065,0.5948,50,946.03,685.52,1,1,2025-10-01 23:03:50,16.700000000000003,77.5,,1,0,,0
2025-10-01 23:04:05,633.03,3.1752,236.81,6.7843,20.3531,236.17,237.21,237.07,410.17,408.39,411.92,410.1,7.9901,6.8449,5.5181,1.305,1.1163,0.7539,3.6043,1.3593,1.1764,1.0686,4.8189,1.887,1.6237,1.3082,0.661,0.6925,0.6883,0.5764,50,946.09,685.57,1,1,2025-10-01 23:04:50,16.700000000000003,77.6,,1,0,,0
2025-10-01 23:04:50,633.06,3.1945,238.39,6.8555,20.5665,238.65,239.09,237.45,413.89,410.4,414.41,412.83,8.2032,6.929,5.4343,1.3219,1.1551,0.7175,3.6977,1.4406,1.1851,1.072,4.9047,1.9577,1.6567,1.2904,0.6537,0.676,0.6979,0.5562,50,946.15,685.61,1,1,2025-10-01 23:04:50,16.700000000000003,77.6,,1,0,,0
2025-10-01 23:05:35,633.1,3.1462,233.67,6.6254,19.8763,233.48,233.38,234.15,404.67,402.46,407,404.65,7.8707,6.6136,5.392,1.3128,1.0897,0.7437,3.3922,1.2821,1.0905,1.0196,4.6437,1.8377,1.5435,1.2625,0.68,0.7154,0.7068,0.5893,50,946.21,685.66,1,1,2025-10-01 23:05:50,16.700000000000003,77.7,,1,0,,0
2025-10-01 23:06:20,633.14,3.2545,244.02,7.1771,21.531399999999998,243.04,244.57,244.45,422.23,421.7,423.99,422.6,8.4188,7.2406,5.872,1.3348,1.154,0.7657,4.1001,1.5464,1.3401,1.2135,5.2523,2.0461,1.7708,1.4354,0.6217,0.6534,0.6525,0.5336,49.9,946.27,685.7,1,1,2025-10-01 23:06:50,16.700000000000003,77.7,,1,0,,0
2025-10-01 23:07:05,633.18,3.2017,239.76,6.9347,20.8043,239.49,239.76,240.05,415.05,413.58,417.19,415.25,8.2072,6.9523,5.6448,1.3299,1.1267,0.745,3.8005,1.4434,1.2257,1.1314,4.9875,1.9655,1.6669,1.355,0.6442,0.6776,0.6767,0.5499,49.9,946.34,685.75,1,1,2025-10-01 23:07:50,16.700000000000003,77.7,,1,0,,0
2025-10-01 23:07:50,633.22,3.181,238.29,6.8434,20.5303,238.02,237.74,239.11,412.32,410.73,415.1,412.74,8.1126,6.7887,5.629,1.3364,1.0974,0.7472,3.6888,1.3896,1.1804,1.1188,4.8909,1.931,1.6139,1.346,0.653,0.6931,0.6808,0.5553,49.9,946.4,685.8,1,1,2025-10-01 23:07:50,16.700000000000003,77.7,,1,0,,0
2025-10-01 23:08:35,633.26,3.2356,242.79,7.1118,21.3354,242.44,243.25,242.7,420.69,418.84,422.04,420.54,8.414,7.1694,5.752,1.3353,1.1581,0.7422,4.0212,1.5382,1.3011,1.1818,5.1799,2.0399,1.744,1.396,0.6268,0.6555,0.6648,0.5318,49.9,946.46,685.85,1,1,2025-10-01 23:08:50,16.700000000000003,77.7,,1,0,,0
2025-10-01 23:09:20,633.3,3.1956,239.36,6.9043,20.7129,239.52,239.4,239.16,414.67,412.68,416.36,414.58,8.233,6.9206,5.5593,1.3331,1.1351,0.7273,3.7654,1.4491,1.204,1.1123,4.9583,1.972,1.6568,1.3296,0.647,0.677,0.686,0.5472,49.9,946.52,685.89,1,1,2025-10-01 23:09:50,16.700000000000003,77.7,,1,0,,0
2025-10-01 23:10:05,633.34,3.1719,237.09,6.7842,20.3526,235.94,237.79,237.54,410.56,409.84,411.51,410.64,7.9487,6.89,5.5139,1.2908,1.1181,0.7631,3.6158,1.357,1.1949,1.064,4.8236,1.8754,1.6384,1.3098,0.6594,0.6892,0.6832,0.5827,49.9,946.58,685.94,1,1,2025-10-01 23:10:50,16.700000000000003,77.7,,1,0,,0
2025-10-01 23:10:50,633.38,3.185,238.04,6.8287,20.4862,236.86,237.59,239.67,411.07,411.41,414.37,412.3,7.9769,6.8021,5.7072,1.3214,1.0823,0.7814,3.6657,1.3463,1.1972,1.1221,4.8734,1.8894,1.6161,1.3678,0.6558,0.7004,0.6705,0.5714,49.9,946.64,685.98,1,1,2025-10-01 23:10:50,16.700000000000003,77.7,,1,0,,0
2025-10-01 23:11:35,633.42,3.1502,233.8,6.6374,19.912399999999998,233.4,233.71,234.31,404.27,403.83,406.76,404.98,7.8309,6.6547,5.4268,1.3039,1.0906,0.7557,3.4053,1.277,1.1062,1.022,4.6546,1.8277,1.5553,1.2716,0.679,0.7144,0.702,0.5945,50,946.71,686.03,1,1,2025-10-01 23:11:50,16.700000000000003,77.6,,1,0,,0
2025-10-01 23:12:20,633.46,3.1784,237.01,6.7824,20.3474,236.18,237.29,237.58,409.93,409.71,411.9,410.53,7.9419,6.8494,5.5561,1.3021,1.1091,0.7672,3.6061,1.3467,1.1855,1.0739,4.821,1.8757,1.6253,1.32,0.6612,0.6951,0.6831,0.5813,50,946.77,686.08,1,1,2025-10-01 23:12:50,16.700000000000003,77.8,,1,0,,0
2025-10-01 23:13:05,633.5,3.2025,239.39,6.8957,20.6872,239.02,239.28,239.89,414.52,412.51,416.85,414.73,8.137,6.9119,5.6383,1.3288,1.1198,0.754,3.753,1.4162,1.2144,1.1224,4.9514,1.9449,1.6539,1.3526,0.6491,0.6842,0.6778,0.5576,50,946.83,686.12,1,1,2025-10-01 23:13:50,16.700000000000003,78.2,,1,0,,0
2025-10-01 23:13:50,633.54,3.1417,233.09,6.6148,19.8444,233.54,232.61,233.13,403.73,401.63,405.8,403.66,7.8969,6.5861,5.3614,1.3193,1.0907,0.7317,3.3712,1.285,1.0735,1.0127,4.6261,1.8442,1.532,1.2499,0.6817,0.7163,0.7127,0.5856,50,946.89,686.17,1,1,2025-10-01 23:13:50,16.700000000000003,78.2,,1,0,,0
2025-10-01 23:14:35,633.58,3.2287,243.18,7.0939,21.2818,241.92,244.05,243.59,420.75,420.57,422.27,421.19,8.2828,7.205,5.794,1.3123,1.1474,0.769,4.0233,1.5105,1.3297,1.1831,5.1735,2.0038,1.7584,1.4114,0.6258,0.6558,0.6533,0.5449,50,946.95,686.21,1,1,2025-10-01 23:14:50,16.700000000000003,78.2,,1,0,,0
2025-10-01 23:15:20,633.62,3.1958,239.51,6.9065,20.7196,238.81,239.77,239.95,414.71,413.08,416.69,414.79,8.1384,6.9306,5.6506,1.3216,1.119,0.7552,3.7729,1.4213,1.2258,1.1258,4.9611,1.9435,1.6618,1.3559,0.6463,0.6809,0.6742,0.557,50,947.01,686.26,1,1,2025-10-01 23:15:50,16.700000000000003,78.1,,1,0,,0
2025-10-01 23:16:05,633.66,3.1651,237.07,6.7893,20.3681,236.18,237.11,237.94,410.3,408.84,412.68,410.6,7.9878,6.8027,5.5776,1.3096,1.0964,0.7591,3.6225,1.3541,1.1803,1.0881,4.8267,1.8866,1.613,1.3271,0.6579,0.6952,0.6805,0.5721,49.9,947.07,686.31,1,1,2025-10-01 23:16:50,16.6,78.2,,1,0,,0
2025-10-01 23:16:50,633.7,3.2352,243.06,7.1209,21.3629,242.52,243.56,243.12,421.09,419.01,422.86,420.98,8.413,7.1757,5.7742,1.3341,1.1551,0.746,4.0373,1.5398,1.3088,1.1887,5.1919,2.0403,1.7477,1.4038,0.6253,0.6548,0.6616,0.5315,50,947.13,686.35,1,1,2025-10-01 23:16:50,16.6,78.2,,1,0,,0
2025-10-01 23:17:35,633.74,3.1891,239.07,6.8785,20.6357,238.4,239.8,239.02,414.23,412.76,415.23,414.07,8.1212,6.9683,5.5462,1.3069,1.1368,0.7454,3.7428,1.425,1.2221,1.0957,4.9327,1.9361,1.671,1.3257,0.6485,0.6759,0.681,0.5624,50,947.19,686.4,1,1,2025-10-01 23:17:50,16.6,78.1,,1,0,,0
2025-10-01 23:18:20,633.78,3.1651,236.96,6.7703,20.311,236.52,236.83,237.53,410.38,408.37,412.48,410.42,8.0201,6.762,5.5289,1.3193,1.1,0.7457,3.6008,1.3593,1.1611,1.0805,4.8116,1.8969,1.6014,1.3133,0.6601,0.6964,0.6877,0.568,50,947.25,686.44,1,1,2025-10-01 23:18:50,16.6,78,,1,0,,0
2025-10-01 23:19:05,633.82,3.1871,239.5,6.9099,20.7298,239.38,239.29,239.85,413.92,413.27,417.28,414.85,8.1076,6.8634,5.7588,1.3303,1.0937,0.7632,3.7808,1.4085,1.2218,1.1505,4.9644,1.9408,1.6423,1.3812,0.6445,0.6866,0.6669,0.5527,49.9,947.32,686.49,1,1,2025-10-01 23:19:50,16.6,77.9,,1,0,,0
2025-10-01 23:19:50,633.86,3.1354,234.04,6.6381,19.9144,233.75,233.65,234.72,403.67,404.54,407.85,405.36,7.773,6.5741,5.5673,1.3078,1.0561,0.7716,3.4245,1.2576,1.1127,1.0543,4.6597,1.8169,1.536,1.3068,0.6752,0.7208,0.6884,0.5905,50,947.38,686.54,1,1,2025-10-01 23:19:50,16.6,77.9,,1,0,,0
2025-10-01 23:20:35,633.9,3.1701,237.12,6.7898,20.3694,237.27,237.25,236.84,410.27,408.8,412.99,410.68,7.9953,6.8079,5.5662,1.3129,1.1056,0.7516,3.6231,1.3656,1.1749,1.0826,4.8305,1.897,1.6152,1.3183,0.6584,0.693,0.6853,0.5702,49.9,947.44,686.58,1,1,2025-10-01 23:20:50,16.6,77.8,,1,0,,0
2025-10-01 23:21:20,633.94,3.1928,238.7,6.8675,20.6027,239.26,238.05,238.81,412.74,411.31,416.27,413.42,8.0816,6.7998,5.7213,1.3407,1.093,0.7592,3.7152,1.3888,1.1911,1.1353,4.9186,1.9336,1.6187,1.3663,0.6517,0.6945,0.676,0.5558,49.9,947.5,686.63,1,1,2025-10-01 23:21:50,16.6,77.6,,1,0,,0
2025-10-01 23:22:05,633.98,3.1502,232.99,6.6235,19.870600000000003,234.3,230.85,233.83,401.76,401.65,407.24,403.59,7.8974,6.3765,5.5967,1.3638,1.0361,0.7503,3.3599,1.246,1.0425,1.0714,4.6311,1.8504,1.472,1.3087,0.6839,0.7382,0.7049,0.5736,50,947.56,686.67,1,1,2025-10-01 23:22:50,16.6,77.4,,1,0,,0
2025-10-01 23:22:50,634.02,3.236,242.88,7.1004,21.3014,243.19,242.64,242.83,420.02,419.04,422.98,420.71,8.3334,7.0601,5.9079,1.3518,1.1221,0.7621,4.0133,1.5059,1.292,1.2155,5.1743,2.0266,1.7131,1.4346,0.6276,0.668,0.6557,0.5312,49.9,947.62,686.72,1,1,2025-10-01 23:22:50,16.6,77.4,,1,0,,0
2025-10-01 23:23:35,634.06,3.1856,238.35,6.845,20.5352,237.94,237.39,239.72,410.67,411.91,415.88,412.82,7.9755,6.7264,5.8333,1.339,1.0579,0.7888,3.6867,1.34,1.1927,1.154,4.8928,1.8977,1.5968,1.3984,0.6538,0.7068,0.6635,0.5642,49.9,947.69,686.77,1,1,2025-10-01 23:23:50,16.6,77.6,,1,0,,0
2025-10-01 23:24:20,634.1,3.1745,236.89,6.7807,20.3422,236.34,236.39,237.96,408.57,409.59,412.75,410.3,7.8882,6.7202,5.7338,1.3208,1.0655,0.7882,3.6006,1.3117,1.1754,1.1135,4.8173,1.8643,1.5886,1.3644,0.6613,0.7095,0.6716,0.5777,50,947.74,686.81,1,1,2025-10-01 23:24:50,16.6,77.4,,1,0,,0
2025-10-01 23:25:05,634.14,3.2368,243.51,7.1272,21.381700000000002,242.92,243.41,244.22,420.3,421.15,423.87,421.77,8.2894,7.096,5.9963,1.3433,1.1087,0.7848,4.0536,1.4958,1.3216,1.2362,5.2053,2.0137,1.7272,1.4644,0.6239,0.6681,0.6427,0.5359,50,947.81,686.86,1,1,2025-10-01 23:25:50,16.6,77.7,,1,0,,0
2025-10-01 23:25:50,634.18,3.1907,239.36,6.8955,20.686700000000002,239.05,239.47,239.58,413.37,414.16,416.23,414.59,8.057,6.9196,5.7101,1.3156,1.1063,0.7687,3.7641,1.4024,1.2307,1.1311,4.9511,1.926,1.657,1.368,0.6466,0.6841,0.6685,0.5621,50,947.87,686.91,1,1,2025-10-01 23:25:50,16.6,77.7,,1,0,,0
2025-10-01 23:26:35,634.22,3.1697,237.09,6.7886,20.3659,237.27,236.53,237.48,409.53,409.12,413.29,410.62,7.9764,6.7298,5.6597,1.3269,1.0805,0.7623,3.617,1.3449,1.1659,1.1062,4.8284,1.8926,1.5918,1.3441,0.659,0.7023,0.6797,0.5674,49.9,947.93,686.95,1,1,2025-10-01 23:26:50,16.6,77.8,,1,0,,0
2025-10-01 23:28:05,634.3,3.127,233.01,6.6097,19.8293,233.25,230.72,235.07,400.77,401.91,408.06,403.56,7.7867,6.3361,5.7065,1.3493,1.0013,0.7764,3.367,1.2114,1.0621,1.0936,4.6195,1.8162,1.4619,1.3414,0.6805,0.7441,0.6859,0.5788,50,948.05,687.05,1,1,2025-10-01 23:28:50,16.6,77.7,,1,0,,0
2025-10-01 23:28:50,634.34,3.1688,237.18,6.7857,20.3572,237.44,237.19,236.91,409.89,409.25,413.23,410.79,7.9834,6.7786,5.5952,1.3162,1.0982,0.7544,3.6213,1.3602,1.1718,1.0894,4.829,1.8956,1.6078,1.3256,0.6585,0.6954,0.6838,0.5693,49.9,948.11,687.09,1,1,2025-10-01 23:28:50,16.6,77.7,,1,0,,0
2025-10-01 23:29:35,634.38,3.1796,237.93,6.8296,20.4889,238.98,237.56,237.25,411.66,409.96,414.67,412.07,8.1309,6.7683,5.5897,1.3409,1.1079,0.7308,3.6701,1.402,1.1622,1.1059,4.8772,1.9431,1.6079,1.3262,0.6547,0.6911,0.6886,0.5508,49.9,948.17,687.14,1,1,2025-10-01 23:29:50,16.6,77.7,,1,0,,0
2025-10-01 23:30:20,634.4,0.5043,236.89,0.7208,2.1625,237.26,236.23,237.2,409.47,408.29,413.15,406.83,2.1625,0.0,0.0,0.5043,0.0,0.0,0.089,0.089,0,0,0.5131,0.5131,0,0,0.9847,0.9847,1,1,50,948.22,687.17,0,1,2025-10-01 23:30:50,16.6,78,,0,0,,1
2025-10-01 23:31:05,634.41,0.5175,243.28,0.7253,2.1761,243.07,242.73,244.05,419.87,420.14,424.09,421.31,2.1761,0.0,0.0,0.5175,0.0,0.0,0.1024,0.1024,0,0,0.5289,0.5289,0,0,0.9809,0.9809,1,1,50,948.22,687.17,0,1,2025-10-01 23:31:50,16.6,79.6,,0,0,,1
2025-10-01 23:31:50,634.42,0.5054,238.59,0.718,2.1542,239,238.27,238.5,412.59,411.62,415.51,413.16,2.1542,0.0,0.0,0.5054,0.0,0.0,0.0933,0.0933,0,0,0.5149,0.5149,0,0,0.9833,0.9832,1,1,49.9,948.23,687.17,0,1,2025-10-01 23:31:50,16.6,79.6,,0,0,,1
2025-10-01 23:32:35,634.42,0.5009,237.27,0.7157,2.1471,237.41,237.44,236.98,410.29,409.65,412.95,411,2.1471,0.0,0.0,0.5009,0.0,0.0,0.0906,0.0906,0,0,0.5097,0.5097,0,0,0.984,0.9838,1,1,49.9,948.23,687.17,0,1,2025-10-01 23:32:50,16.700000000000003,81,,0,0,,1
2025-10-01 23:33:20,634.43,0.5158,243.18,0.7235,2.1705,243.04,242.73,243.77,420.03,419.87,423.67,421.19,2.1705,0.0,0.0,0.5158,0.0,0.0,0.1032,0.1032,0,0,0.5275,0.5275,0,0,0.9805,0.9807,1,1,49.9,948.24,687.17,0,1,2025-10-01 23:33:50,16.700000000000003,81.9,,0,0,,1
2025-10-01 23:34:05,634.44,0.5065,239.38,0.719,2.1571,239.34,239.42,239.38,413.88,413.13,416.8,414.59,2.1571,0.0,0.0,0.5065,0.0,0.0,0.0942,0.0942,0,0,0.5163,0.5163,0,0,0.9831,0.9831,1,1,49.9,948.25,687.17,0,1,,,,,0,0,,1
2025-10-01 23:34:50,634.44,0.4995,236.97,0.7154,2.1464,236.85,236.51,237.55,408.7,409.64,412.96,410.36,2.1464,0.0,0.0,0.4995,0.0,0.0,0.089,0.089,0,0,0.5084,0.5084,0,0,0.9844,0.9844,1,1,50,948.25,687.17,0,1,2025-10-01 23:35:50,16.8,83.6,,0,0,,1
2025-10-01 23:35:35,634.45,0.4999,238.41,0.7157,2.1471,236.95,239.29,239,411.94,412.54,414.31,412.91,2.1471,0.0,0.0,0.4999,0.0,0.0,0.0891,0.0891,0,0,0.5088,0.5088,0,0,0.9844,0.9844,1,1,50,948.26,687.18,0,1,2025-10-01 23:35:50,16.8,83.6,,0,0,,1
2025-10-01 23:36:20,634.45,0.4902,233.6,0.7112,2.1338,233.36,232.77,234.69,402.99,402.99,407.83,404.59,2.1338,0.0,0.0,0.4902,0.0,0.0,0.0825,0.0825,0,0,0.4979,0.4979,0,0,0.9861,0.9861,1,1,50,948.27,687.18,0,1,2025-10-01 23:36:50,16.8,84.5,,0,0,,1
2025-10-01 23:37:05,634.46,0.5012,237.08,0.7162,2.1487,237.48,237.21,236.57,410.57,408.56,412.77,410.63,2.1487,0.0,0.0,0.5012,0.0,0.0,0.0904,0.0904,0,0,0.5103,0.5103,0,0,0.9841,0.9841,1,1,50,948.27,687.18,0,1,2025-10-01 23:37:50,17.3,84.9,,0,0,,1
2025-10-01 23:37:50,634.47,0.5056,239.67,0.7182,2.1546,239.19,239.49,240.34,414.23,413.35,417.74,415.08,2.1546,0.0,0.0,0.5056,0.0,0.0,0.0938,0.0938,0,0,0.5154,0.5154,0,0,0.9832,0.9832,1,1,50,948.28,687.18,0,1,2025-10-01 23:37:50,17.3,84.9,,0,0,,1
2025-10-01 23:38:35,634.47,0.5015,236.34,0.7189,2.1567,236.48,235.67,236.89,408.58,407.66,411.83,405.18,2.1567,0.0,0.0,0.5015,0.0,0.0,0.0877,0.0877,0,0,0.51,0.51,0,0,0.985,0.985,1,1,50,948.29,687.18,0,1,2025-10-01 23:38:50,17.3,85.2,,0,0,,1
2025-10-01 23:39:20,634.48,0.5148,243.26,0.7229,2.1688,242.59,243.55,243.65,420.38,420.26,423.35,421.31,2.1688,0.0,0.0,0.5148,0.0,0.0,0.1017,0.1017,0,0,0.5261,0.5261,0,0,0.981,0.981,1,1,49.9,948.29,687.18,0,1,2025-10-01 23:39:50,17.400000000000002,85.5,,0,0,,1
2025-10-01 23:40:05,634.49,0.5064,239.74,0.7178,2.1536,239.7,240.46,239.07,415.21,414.03,416.47,415.27,2.1536,0.0,0.0,0.5064,0.0,0.0,0.0943,0.0943,0,0,0.5162,0.5162,0,0,0.983,0.983,1,1,50,948.3,687.18,0,1,2025-10-01 23:40:50,17.400000000000002,85.7,,0,0,,1
2025-10-01 23:40:50,634.49,0.4998,236.98,0.715,2.1451,237.13,237.25,236.57,409.94,409.16,412.26,410.42,2.1451,0.0,0.0,0.4998,0.0,0.0,0.0891,0.0891,0,0,0.5087,0.5087,0,0,0.9844,0.9844,1,1,50,948.3,687.18,0,1,2025-10-01 23:40:50,17.400000000000002,85.7,,0,0,,1
2025-10-01 23:41:35,634.5,0.5168,243.07,0.7238,2.1716,243.2,243.43,242.58,420.62,419.57,422.8,420.99,2.1716,0.0,0.0,0.5168,0.0,0.0,0.1021,0.1021,0,0,0.5281,0.5281,0,0,0.981,0.981,1,1,50,948.31,687.18,0,1,2025-10-01 23:41:50,17.400000000000002,85.9,,0,0,,1
2025-10-01 23:42:20,634.51,0.5058,239.62,0.7178,2.1536,239.42,239.28,240.18,413.73,413.94,417.42,415.02,2.1536,0.0,0.0,0.5058,0.0,0.0,0.094,0.094,0,0,0.5156,0.5156,0,0,0.9831,0.9831,1,1,50,948.32,687.19,0,1,2025-10-01 23:42:50,17.400000000000002,85.8,,0,0,,1
2025-10-01 23:43:05,634.51,0.5002,237.64,0.7151,2.1453,237.39,237.65,237.89,410.39,410.2,414.19,411.56,2.1453,0.0,0.0,0.5002,0.0,0.0,0.0901,0.0901,0,0,0.5093,0.5093,0,0,0.9841,0.9841,1,1,50,948.32,687.19,0,1,2025-10-01 23:43:50,17.5,85.9,,0,0,,1
2025-10-01 23:43:50,634.52,0.5035,239.33,0.7163,2.149,238.76,239.76,239.49,413.97,413.34,416.28,414.6,2.149,0.0,0.0,0.5035,0.0,0.0,0.0927,0.0927,0,0,0.5131,0.5131,0,0,0.9834,0.9834,1,1,49.9,948.33,687.19,0,1,2025-10-01 23:43:50,17.5,85.9,,0,0,,1
2025-10-01 23:44:35,634.52,0.4895,233.6,0.7097,2.1293,233.48,233.76,233.57,404.18,402.82,406.79,404.61,2.1293,0.0,0.0,0.4895,0.0,0.0,0.0823,0.0823,0,0,0.4971,0.4971,0,0,0.9861,0.9861,1,1,50,948.34,687.19,0,1,2025-10-01 23:44:50,17.5,86,,0,0,,1
2025-10-01 23:45:20,634.53,0.499,236.99,0.714,2.142,237.19,237.14,236.66,410.11,408.79,412.53,410.5,2.142,0.0,0.0,0.499,0.0,0.0,0.0898,0.0898,0,0,0.5081,0.5081,0,0,0.9841,0.9841,1,1,49.9,948.34,687.19,0,1,2025-10-01 23:45:50,17.5,86.2,,0,0,,1
2025-10-01 23:46:05,634.54,0.5041,239.41,0.7161,2.1485,239.25,239.07,239.93,413.56,413.58,416.88,414.69,2.1485,0.0,0.0,0.5041,0.0,0.0,0.0944,0.0944,0,0,0.514,0.514,0,0,0.9829,0.9829,1,1,49.9,948.35,687.19,0,1,2025-10-01 23:46:50,17.6,86.3,,0,0,,1
2025-10-01 23:46:50,634.54,0.4973,236.95,0.713,2.1392,236.64,236.64,237.57,409.11,409.11,412.96,410.39,2.1392,0.0,0.0,0.4973,0.0,0.0,0.0891,0.0891,0,0,0.5062,0.5062,0,0,0.9843,0.9843,1,1,49.9,948.36,687.19,0,1,2025-10-01 23:46:50,17.6,86.3,,0,0,,1
2025-10-01 23:47:35,634.55,0.5157,242.94,0.7221,2.1663,243.53,242.42,242.88,420.03,418.89,423.41,420.7,2.1663,0.0,0.0,0.5157,0.0,0.0,0.1044,0.1044,0,0,0.5276,0.5276,0,0,0.9801,0.9801,1,1,49.9,948.36,687.19,0,1,2025-10-01 23:47:50,17.6,85.9,,0,0,,1
2025-10-01 23:48:20,634.56,0.5045,239.57,0.7167,2.1501,239.17,240.31,239.23,415.1,412.74,416.93,414.93,2.1501,0.0,0.0,0.5045,0.0,0.0,0.0936,0.0936,0,0,0.5142,0.5142,0,0,0.9832,0.9832,1,1,49.9,948.37,687.2,0,1,2025-10-01 23:48:50,17.6,85.9,,0,0,,1
2025-10-01 23:49:05,634.56,0.5006,237.19,0.7144,2.1433,237.89,237.11,236.57,410.51,408.44,413.47,410.76,2.1433,0.0,0.0,0.5006,0.0,0.0,0.0909,0.0909,0,0,0.5099,0.5099,0,0,0.9838,0.9838,1,1,49.9,948.38,687.2,0,1,2025-10-01 23:49:50,18.0,86.2,,0,0,,1
2025-10-01 23:49:50,634.57,0.513,242.93,0.721,2.1631,242.35,243.4,243.06,418.51,420.5,423.25,420.82,2.1631,0.0,0.0,0.513,0.0,0.0,0.1011,0.1011,0,0,0.5242,0.5242,0,0,0.9811,0.9811,1,1,49.9,948.38,687.2,0,1,2025-10-01 23:49:50,18.0,86.2,,0,0,,1
2025-10-01 23:50:35,634.57,0.5015,238.74,0.7142,2.1428,238.5,239.08,238.66,412.89,412.19,415.45,413.58,2.1428,0.0,0.0,0.5015,0.0,0.0,0.0924,0.0924,0,0,0.5111,0.5111,0,0,0.9834,0.9834,1,1,49.9,948.39,687.2,0,1,2025-10-01 23:50:50,18.0,86.4,,0,0,,1
2025-10-01 23:51:20,634.58,0.4977,237.25,0.7134,2.1402,236.63,237.7,237.44,409.87,409.91,412.99,410.88,2.1402,0.0,0.0,0.4977,0.0,0.0,0.0884,0.0884,0,0,0.5064,0.5064,0,0,0.9845,0.9845,1,1,50,948.39,687.2,0,1,2025-10-01 23:51:50,18.1,86.3,,0,0,,1
2025-10-01 23:52:05,634.59,0.5061,239.53,0.7175,2.1525,239.65,240.24,238.71,414.91,413.11,416.58,414.83,2.1525,0.0,0.0,0.5061,0.0,0.0,0.0936,0.0936,0,0,0.5158,0.5158,0,0,0.9833,0.9833,1,1,50,948.4,687.2,0,1,2025-10-01 23:52:50,18.1,85.6,,0,0,,1
2025-10-01 23:52:50,634.59,0.4898,233.84,0.7095,2.1287,233.73,233.99,233.81,404.74,403.26,407.04,404.93,2.1287,0.0,0.0,0.4898,0.0,0.0,0.0827,0.0827,0,0,0.4975,0.4975,0,0,0.986,0.986,1,1,50,948.41,687.2,0,1,2025-10-01 23:52:50,18.1,85.6,,0,0,,1
2025-10-01 23:53:35,634.6,0.4973,236.91,0.7129,2.1388,236.54,237.64,236.55,410.1,408.97,411.9,410.38,2.1388,0.0,0.0,0.4973,0.0,0.0,0.0878,0.0878,0,0,0.5059,0.5059,0,0,0.9847,0.9847,1,1,50,948.41,687.2,0,1,2025-10-01 23:53:50,18.1,84.9,,0,0,,1
2025-10-01 23:54:20,634.61,0.5043,238.77,0.7164,2.1493,238.97,238.11,239.25,412.39,412.19,416.1,413.44,2.1493,0.0,0.0,0.5043,0.0,0.0,0.0918,0.0918,0,0,0.5136,0.5136,0,0,0.9838,0.9838,1,1,50,948.42,687.2,0,1,2025-10-01 23:54:50,18.1,84.4,,0,0,,1
2025-10-01 23:55:05,634.61,0.5017,237.18,0.7164,2.1494,237.53,236.98,237.04,410.29,408.92,413.19,406.76,2.1494,0.0,0.0,0.5017,0.0,0.0,0.089,0.089,0,0,0.5105,0.5105,0,0,0.9846,0.9846,1,1,50,948.43,687.21,0,1,2025-10-01 23:55:50,18.1,84.8,,0,0,,1
2025-10-01 23:55:50,634.62,0.5188,244.14,0.7243,2.173,244.12,243.85,244.46,421.47,421.74,425.36,422.83,2.173,0.0,0.0,0.5188,0.0,0.0,0.1035,0.1035,0,0,0.5305,0.5305,0,0,0.9806,0.9806,1,1,50,948.43,687.21,0,1,2025-10-01 23:55:50,18.1,84.8,,0,0,,1
2025-10-01 23:56:35,634.62,0.5073,239.66,0.7177,2.1532,240.22,239.7,239.07,415.15,412.71,417.42,415.06,2.1532,0.0,0.0,0.5073,0.0,0.0,0.0947,0.0947,0,0,0.5172,0.5172,0,0,0.983,0.983,1,1,50,948.44,687.21,0,1,2025-10-01 23:56:50,18.1,84.9,,0,0,,1
2025-10-01 23:57:20,634.63,0.5004,237.49,0.7145,2.1435,237.59,237.45,237.43,410.3,410.17,413.52,411.28,2.1435,0.0,0.0,0.5004,0.0,0.0,0.0889,0.0889,0,0,0.5093,0.5093,0,0,0.9845,0.9845,1,1,50,948.45,687.21,0,1,2025-10-01 23:57:50,18.200000000000003,85.2,,0,0,,1
2025-10-01 23:58:05,634.64,0.5152,244,0.7218,2.1656,243,244.46,244.55,421.37,422.06,424.4,422.63,2.1656,0.0,0.0,0.5152,0.0,0.0,0.1007,0.1007,0,0,0.5262,0.5262,0,0,0.9814,0.9814,1,1,50,948.45,687.21,0,1,2025-10-01 23:58:50,18.200000000000003,85.4,,0,0,,1
2025-10-01 23:58:50,634.64,0.4853,232.97,0.7071,2.1213,232.13,232.36,234.43,401.31,402.98,406.25,404,2.1213,0.0,0.0,0.4853,0.0,0.0,0.079,0.079,0,0,0.4924,0.4924,0,0,0.9869,0.9869,1,1,50,948.46,687.21,0,1,2025-10-01 23:58:50,18.200000000000003,85.4,,0,0,,1
2025-10-01 23:59:35,634.65,0.5005,237.48,0.7145,2.1436,237.61,237.64,237.21,410.99,409.72,413.26,411.25,2.1436,0.0,0.0,0.5005,0.0,0.0,0.0889,0.0889,0,0,0.5093,0.5093,0,0,0.9845,0.9845,1,1,50,948.46,687.21,0,1,2025-10-01 23:59:50,18.200000000000003,84.9,,0,0,,1
2025-10-02 00:00:20,634.66,0.5022,239.05,0.715,2.1451,238.42,238.93,239.8,412.81,413.16,416.13,414.08,2.1451,0.0,0.0,0.5022,0.0,0.0,0.0909,0.0909,0,0,0.5114,0.5114,0,0,0.984,0.984,1,1,50,948.47,687.21,0,1,2025-10-02 00:00:50,18.200000000000003,84.9,,0,0,,1
2025-10-02 00:01:05,634.66,0.4911,234.07,0.7096,2.1288,234.46,233.27,234.49,404.37,403.46,408.41,405.38,2.1288,0.0,0.0,0.4911,0.0,0.0,0.0842,0.0842,0,0,0.4991,0.4991,0,0,0.9856,0.9856,1,1,50,948.48,687.21,0,1,2025-10-02 00:01:50,18.200000000000003,85.4,,0,0,,1
2025-10-02 00:01:50,634.67,0.4978,237.14,0.7125,2.1377,237.07,237.8,236.55,410.69,409.17,412.31,410.75,2.1377,0.0,0.0,0.4978,0.0,0.0,0.0898,0.0898,0,0,0.5068,0.5068,0,0,0.9841,0.9841,1,1,49.9,948.48,687.22,0,1,2025-10-02 00:01:50,18.200000000000003,85.4,,0,0,,1
2025-10-02 00:02:35,634.67,0.5032,240.07,0.7151,2.1454,239.16,241.14,239.93,415.63,414.94,416.86,415.82,2.1454,0.0,0.0,0.5032,0.0,0.0,0.0942,0.0942,0,0,0.5131,0.5131,0,0,0.9829,0.9829,1,1,49.9,948.49,687.22,0,1,2025-10-02 00:02:50,18.200000000000003,85.6,,0,0,,1
2025-10-02 00:03:20,634.68,0.4969,237.4,0.712,2.1362,236.92,237.23,238.05,410.16,409.94,413.42,411.16,2.1362,0.0,0.0,0.4969,0.0,0.0,0.0907,0.0907,0,0,0.5061,0.5061,0,0,0.9837,0.9837,1,1,49.8,948.5,687.22,0,1,2025-10-02 00:03:50,18.3,85.6,,0,0,,1
2025-10-02 00:04:05,634.69,0.5132,242.87,0.7201,2.1604,242.95,242.61,243.06,419.51,419.64,422.82,420.6,2.1604,0.0,0.0,0.5132,0.0,0.0,0.1034,0.1034,0,0,0.5249,0.5249,0,0,0.9803,0.9803,1,1,49.9,948.5,687.22,0,1,2025-10-02 00:04:50,18.3,85.7,,0,0,,1
2025-10-02 00:04:50,634.69,0.5039,239.34,0.7148,2.1444,239.84,238.93,239.25,413.92,412.63,417.07,414.52,2.1444,0.0,0.0,0.5039,0.0,0.0,0.0968,0.0968,0,0,0.5143,0.5143,0,0,0.982,0.982,1,1,49.8,948.51,687.22,0,1,2025-10-02 00:04:50,18.3,85.7,,0,0,,1
2025-10-02 00:05:35,634.7,0.497,237.28,0.7112,2.1338,237.42,237.69,236.74,411.2,408.85,412.86,410.93,2.1338,0.0,0.0,0.497,0.0,0.0,0.0927,0.0927,0,0,0.5066,0.5066,0,0,0.983,0.983,1,1,49.7,948.52,687.22,0,1,2025-10-02 00:05:50,18.3,85.9,,0,0,,1
2025-10-02 00:06:20,634.71,0.5116,242.94,0.7193,2.1579,242.58,243,243.25,419.56,419.99,422.79,420.78,2.1579,0.0,0.0,0.5116,0.0,0.0,0.1042,0.1042,0,0,0.5235,0.5235,0,0,0.9798,0.9798,1,1,49.7,948.52,687.22,0,1,2025-10-02 00:06:50,18.3,86,,0,0,,1
2025-10-02 00:07:05,634.71,0.4992,238.56,0.712,2.1361,238.3,238.42,238.98,410.67,413,415.9,413.54,2.1361,0.0,0.0,0.4992,0.0,0.0,0.0939,0.0939,0,0,0.509,0.509,0,0,0.9827,0.9827,1,1,49.8,948.53,687.22,0,1,2025-10-02 00:07:50,18.3,85.8,,0,0,,1
2025-10-02 00:07:50,634.72,0.4989,237.63,0.7126,2.138,237.86,237.45,237.59,410.89,410.39,413.46,411.53,2.138,0.0,0.0,0.4989,0.0,0.0,0.0927,0.0927,0,0,0.5085,0.5085,0,0,0.9831,0.9831,1,1,49.8,948.54,687.23,0,1,2025-10-02 00:07:50,18.3,85.8,,0,0,,1
2025-10-02 00:08:35,634.72,0.5031,239.52,0.7142,2.1427,239.62,239.74,239.21,414.25,413.89,416.43,414.83,2.1427,0.0,0.0,0.5031,0.0,0.0,0.0965,0.0965,0,0,0.5134,0.5134,0,0,0.982,0.982,1,1,49.8,948.54,687.23,0,1,2025-10-02 00:08:50,18.3,85.8,,0,0,,1
2025-10-02 00:09:20,634.73,0.4876,233.72,0.7069,2.1207,233.71,233.82,233.65,404.02,403.85,406.57,404.8,2.1207,0.0,0.0,0.4876,0.0,0.0,0.0843,0.0843,0,0,0.4956,0.4956,0,0,0.9853,0.9853,1,1,49.8,948.55,687.23,0,1,2025-10-02 00:09:50,18.3,86.1,,0,0,,1
2025-10-02 00:10:05,634.74,0.4992,237.71,0.7129,2.1387,237.81,237.81,237.53,411.04,410.15,413.98,411.72,2.1387,0.0,0.0,0.4992,0.0,0.0,0.0918,0.0918,0,0,0.5086,0.5086,0,0,0.9835,0.9835,1,1,49.9,948.55,687.23,0,1,2025-10-02 00:10:50,18.4,86.2,,0,0,,1
2025-10-02 00:10:50,634.74,0.5046,239.38,0.7153,2.1461,239.83,238.89,239.42,413.48,413.16,417.18,414.58,2.1461,0.0,0.0,0.5046,0.0,0.0,0.0954,0.0954,0,0,0.5147,0.5147,0,0,0.9826,0.9826,1,1,49.9,948.56,687.23,0,1,2025-10-02 00:10:50,18.4,86.2,,0,0,,1
2025-10-02 00:11:35,634.75,0.4976,237.03,0.7121,2.1363,237.17,236.66,237.28,409.26,409.41,412.97,410.55,2.1363,0.0,0.0,0.4976,0.0,0.0,0.0896,0.0896,0,0,0.5067,0.5067,0,0,0.9841,0.9841,1,1,49.9,948.57,687.23,0,1,2025-10-02 00:11:50,18.4,86.3,,0,0,,1
2025-10-02 00:12:20,634.76,0.5139,242.88,0.7205,2.1616,243.09,243.42,242.15,420.55,419.22,422.27,420.63,2.1616,0.0,0.0,0.5139,0.0,0.0,0.1028,0.1028,0,0,0.5255,0.5255,0,0,0.9805,0.9805,1,1,49.9,948.57,687.23,0,1,2025-10-02 00:12:50,18.4,86.3,,0,0,,1
2025-10-02 00:13:05,634.76,0.5066,239.89,0.7168,2.1505,240.34,240.15,239.18,415.37,413.65,417.44,415.48,2.1505,0.0,0.0,0.5066,0.0,0.0,0.0961,0.0961,0,0,0.5169,0.5169,0,0,0.9824,0.9824,1,1,49.9,948.58,687.23,0,1,2025-10-02 00:13:50,18.4,86.4,,0,0,,1
2025-10-02 00:13:50,634.77,0.4976,237.51,0.7121,2.1364,237.11,238.34,237.1,410.93,410.56,412.64,411.41,2.1364,0.0,0.0,0.4976,0.0,0.0,0.0892,0.0892,0,0,0.5066,0.5066,0,0,0.9842,0.9842,1,1,49.9,948.59,687.23,0,1,2025-10-02 00:13:50,18.4,86.4,,0,0,,1
2025-10-02 00:14:35,634.77,0.5128,243.24,0.7199,2.1597,242.61,243.19,243.92,420.11,420.36,423.4,421.28,2.1597,0.0,0.0,0.5128,0.0,0.0,0.1006,0.1006,0,0,0.524,0.524,0,0,0.9813,0.9813,1,1,49.9,948.59,687.24,0,1,2025-10-02 00:14:50,18.4,86.4,,0,0,,1
2025-10-02 00:15:20,634.78,0.5028,239.61,0.714,2.142,239.25,239.89,239.69,414.12,413.96,416.94,415,2.142,0.0,0.0,0.5028,0.0,0.0,0.0932,0.0932,0,0,0.5125,0.5125,0,0,0.9832,0.9832,1,1,49.9,948.6,687.24,0,1,2025-10-02 00:15:50,18.4,86.5,,0,0,,1
2025-10-02 00:16:05,634.79,0.4958,237.12,0.7111,2.1333,236.52,237.74,237.1,409.51,409.89,412.65,410.69,2.1333,0.0,0.0,0.4958,0.0,0.0,0.0881,0.0881,0,0,0.5046,0.5046,0,0,0.9845,0.9845,1,1,49.9,948.61,687.24,0,1,2025-10-02 00:16:50,18.8,86.6,,0,0,,1
2025-10-02 00:16:50,634.79,0.5048,238.83,0.7153,2.146,239.85,236.84,239.82,411.58,412.1,417.34,413.67,2.146,0.0,0.0,0.5048,0.0,0.0,0.0943,0.0943,0,0,0.5147,0.5147,0,0,0.9829,0.9829,1,1,49.9,948.61,687.24,0,1,2025-10-02 00:16:50,18.8,86.6,,0,0,,1
2025-10-02 00:17:35,634.8,0.4892,233.47,0.7084,2.1252,233.8,232.48,234.15,403.03,402.25,407.86,404.36,2.1252,0.0,0.0,0.4892,0.0,0.0,0.0821,0.0821,0,0,0.4969,0.4969,0,0,0.9861,0.9861,1,1,49.9,948.62,687.24,0,1,2025-10-02 00:17:50,18.8,86.7,,0,0,,1
2025-10-02 00:18:20,634.81,0.5068,239.2,0.7174,2.1523,240.03,239.55,238.03,414.41,412.32,416.17,413.21,2.1523,0.0,0.0,0.5068,0.0,0.0,0.0942,0.0942,0,0,0.5166,0.5166,0,0,0.9831,0.9831,1,1,50,948.62,687.24,0,1,2025-10-02 00:18:50,18.8,86.4,,0,0,,1
2025-10-02 00:19:05,634.81,0.5067,239.47,0.7166,2.15,240.4,238.78,239.25,414.12,412.53,417.67,414.77,2.15,0.0,0.0,0.5067,0.0,0.0,0.0957,0.0957,0,0,0.5169,0.5169,0,0,0.9826,0.9826,1,1,49.9,948.63,687.24,0,1,2025-10-02 00:19:50,18.9,86.4,,0,0,,1
2025-10-02 00:19:50,634.82,0.5018,238.09,0.7142,2.1426,238.6,239.15,236.52,412.79,410.64,413.67,412.36,2.1426,0.0,0.0,0.5018,0.0,0.0,0.0919,0.0919,0,0,0.5112,0.5112,0,0,0.9836,0.9836,1,1,49.9,948.64,687.24,0,1,2025-10-02 00:19:50,18.9,86.4,,0,0,,1
2025-10-02 00:20:35,634.82,0.5138,243.09,0.7205,2.1617,242.86,242.89,243.52,419.83,419.64,423.62,421.04,2.1617,0.0,0.0,0.5138,0.0,0.0,0.101,0.101,0,0,0.525,0.525,0,0,0.9812,0.9812,1,1,50,948.64,687.24,0,1,2025-10-02 00:20:50,18.9,86.5,,0,0,,1
2025-10-02 00:21:20,634.83,0.5065,239.72,0.7165,2.1495,240.3,239.39,239.48,414.38,413.76,417.46,415.13,2.1495,0.0,0.0,0.5065,0.0,0.0,0.095,0.095,0,0,0.5165,0.5165,0,0,0.9828,0.9828,1,1,50,948.65,687.25,0,1,2025-10-02 00:21:50,18.9,86.5,,0,0,,1
2025-10-02 00:22:05,634.84,0.4965,236.87,0.7111,2.1333,236.91,236.58,237.13,409.38,408.8,412.61,410.7,2.1333,0.0,0.0,0.4965,0.0,0.0,0.0889,0.0889,0,0,0.5054,0.5054,0,0,0.9843,0.9843,1,1,49.9,948.66,687.25,0,1,2025-10-02 00:22:50,18.9,86.5,,0,0,,1
2025-10-02 00:22:50,634.84,0.5132,243.33,0.7199,2.1597,242.81,243.43,243.77,420.43,420.35,423.59,421.42,2.1597,0.0,0.0,0.5132,0.0,0.0,0.1011,0.1011,0,0,0.5244,0.5244,0,0,0.9811,0.9811,1,1,49.9,948.66,687.25,0,1,2025-10-02 00:22:50,18.9,86.5,,0,0,,1
2025-10-02 00:23:35,634.85,0.4822,233.88,0.7001,2.1003,233.38,233.53,234.74,403.54,404.31,407.4,413.4,2.1003,0.0,0.0,0.4822,0.0,0.0,0.0832,0.0832,0,0,0.4902,0.4902,0,0,0.9854,0.9854,1,1,49.9,948.67,687.25,0,1,2025-10-02 00:23:50,18.9,86.6,,0,0,,1
2025-10-02 00:24:20,634.86,0.4978,237.23,0.712,2.1361,237.28,237.49,236.94,410.58,409.12,412.97,410.89,2.1361,0.0,0.0,0.4978,0.0,0.0,0.0896,0.0896,0,0,0.5069,0.5069,0,0,0.9841,0.9841,1,1,49.9,948.68,687.25,0,1,2025-10-02 00:24:50,18.9,86.8,,0,0,,1
2025-10-02 00:25:05,634.86,0.5007,238.83,0.7136,2.1408,238.2,239.64,238.67,413.35,412.2,415.43,413.64,2.1408,0.0,0.0,0.5007,0.0,0.0,0.0908,0.0908,0,0,0.5099,0.5099,0,0,0.9839,0.9839,1,1,49.9,948.68,687.25,0,1,2025-10-02 00:25:50,18.9,86.9,,0,0,,1
2025-10-02 00:25:50,634.87,0.4889,234,0.7078,2.1235,233.85,234.06,234.09,404.73,403.79,407.33,405.27,2.1235,0.0,0.0,0.4889,0.0,0.0,0.0822,0.0822,0,0,0.4966,0.4966,0,0,0.9861,0.9861,1,1,49.9,948.69,687.25,0,1,2025-10-02 00:25:50,18.9,86.9,,0,0,,1
2025-10-02 00:26:35,634.88,0.4963,237.15,0.7112,2.1338,236.66,236.86,237.94,408.75,410.13,413.36,410.74,2.1338,0.0,0.0,0.4963,0.0,0.0,0.0875,0.0875,0,0,0.505,0.505,0,0,0.9848,0.9848,1,1,50,948.69,687.25,0,1,2025-10-02 00:26:50,18.9,86.7,,0,0,,1
2025-10-02 00:27:20,634.88,0.5045,239.88,0.7154,2.1462,239.54,240.34,239.76,414.88,413.98,417.54,415.46,2.1462,0.0,0.0,0.5045,0.0,0.0,0.0929,0.0929,0,0,0.5141,0.5141,0,0,0.9834,0.9834,1,1,50,948.7,687.25,0,1,2025-10-02 00:27:50,18.9,86.7,,0,0,,1
2025-10-02 00:28:05,634.89,0.4978,237.03,0.7122,2.1367,237.05,237.12,236.92,409.94,408.7,412.96,410.61,2.1367,0.0,0.0,0.4978,0.0,0.0,0.0878,0.0878,0,0,0.5065,0.5065,0,0,0.9848,0.9848,1,1,50,948.71,687.26,0,1,2025-10-02 00:28:50,18.9,86.5,,0,0,,1
2025-10-02 00:28:50,634.89,0.5127,243.28,0.7195,2.1587,242.56,244.24,243.04,421.19,419.9,422.97,421.34,2.1587,0.0,0.0,0.5127,0.0,0.0,0.0994,0.0994,0,0,0.5236,0.5236,0,0,0.9817,0.9817,1,1,50,948.71,687.26,0,1,2025-10-02 00:28:50,18.9,86.5,,0,0,,1
2025-10-02 00:29:35,634.9,0.5062,239.95,0.716,2.148,240.26,238.8,240.8,414.11,413.94,418.75,415.62,2.148,0.0,0.0,0.5062,0.0,0.0,0.0944,0.0944,0,0,0.5161,0.5161,0,0,0.983,0.983,1,1,50,948.72,687.26,0,1,2025-10-02 00:29:50,18.9,85.3,,0,0,,1
2025-10-02 00:30:20,634.91,0.4964,237.09,0.7111,2.1334,236.83,237.62,236.82,410.24,409.04,412.62,410.65,2.1334,0.0,0.0,0.4964,0.0,0.0,0.0888,0.0888,0,0,0.5053,0.5053,0,0,0.9843,0.9843,1,1,49.9,948.73,687.26,0,1,2025-10-02 00:30:50,18.9,85,,0,0,,1
2025-10-02 00:31:05,634.91,0.5186,245.12,0.7233,2.1701,244.49,245.7,245.18,423.85,423.31,426.49,424.54,2.1701,0.0,0.0,0.5186,0.0,0.0,0.1046,0.1046,0,0,0.5306,0.5306,0,0,0.9802,0.9802,1,1,50,948.73,687.26,0,1,2025-10-02 00:31:50,18.9,85.3,,0,0,,1
2025-10-02 00:31:50,634.92,0.5014,238.78,0.7126,2.1379,239.06,238.75,238.53,412.49,412.39,415.82,413.56,2.1379,0.0,0.0,0.5014,0.0,0.0,0.0929,0.0929,0,0,0.5111,0.5111,0,0,0.9832,0.9832,1,1,49.9,948.74,687.26,0,1,2025-10-02 00:31:50,18.9,85.3,,0,0,,1
2025-10-02 00:32:35,634.93,0.4975,238.03,0.712,2.136,237.02,237.53,239.56,410.18,411.72,414.94,412.27,2.136,0.0,0.0,0.4975,0.0,0.0,0.0884,0.0884,0,0,0.5063,0.5063,0,0,0.9845,0.9845,1,1,50,948.75,687.26,0,1,2025-10-02 00:32:50,18.9,85.5,,0,0,,1
2025-10-02 00:33:20,634.93,0.5049,239.51,0.7154,2.1462,239.83,239.81,238.89,415.06,412.47,416.95,414.78,2.1462,0.0,0.0,0.5049,0.0,0.0,0.0937,0.0937,0,0,0.5147,0.5147,0,0,0.9832,0.9832,1,1,50,948.75,687.26,0,1,2025-10-02 00:33:50,19.0,85.6,,0,0,,1
2025-10-02 00:34:05,634.94,0.4934,234.49,0.7103,2.131,235.31,234.19,233.97,405.55,404.04,408.81,405.76,2.131,0.0,0.0,0.4934,0.0,0.0,0.0844,0.0844,0,0,0.5014,0.5014,0,0,0.9856,0.9856,1,1,50,948.76,687.27,0,1,2025-10-02 00:34:50,19.0,85.8,,0,0,,1
2025-10-02 00:34:50,634.94,0.4986,237.58,0.7124,2.1372,237.4,238.27,237.07,411.32,409.7,413.42,411.47,2.1372,0.0,0.0,0.4986,0.0,0.0,0.0886,0.0886,0,0,0.5074,0.5074,0,0,0.9845,0.9845,1,1,50,948.76,687.27,0,1,2025-10-02 00:34:50,19.0,85.8,,0,0,,1
2025-10-02 00:35:35,634.95,0.4984,239.06,0.7125,2.1377,237.2,240.4,239.6,413.06,413.92,415.19,414.04,2.1377,0.0,0.0,0.4984,0.0,0.0,0.0876,0.0876,0,0,0.5071,0.5071,0,0,0.9848,0.9848,1,1,50,948.77,687.27,0,1,2025-10-02 00:35:50,19.0,85.9,,0,0,,1
2025-10-02 00:36:20,634.96,0.4997,237.33,0.7132,2.1396,237.66,236.94,237.41,410.22,409.32,413.65,411.05,2.1396,0.0,0.0,0.4997,0.0,0.0,0.0885,0.0885,0,0,0.5085,0.5085,0,0,0.9846,0.9846,1,1,50,948.78,687.27,0,1,2025-10-02 00:36:50,19.0,86.1,,0,0,,1
2025-10-02 00:37:05,634.96,0.5135,242.96,0.7201,2.1603,242.78,243.04,243.07,420.22,418.89,423.31,420.82,2.1603,0.0,0.0,0.5135,0.0,0.0,0.0999,0.0999,0,0,0.5245,0.5245,0,0,0.9816,0.9816,1,1,50,948.78,687.27,0,1,2025-10-02 00:37:50,19.0,86.3,,0,0,,1
2025-10-02 00:37:50,634.97,0.5047,239.96,0.7154,2.1464,239.62,240.36,239.9,415.11,414,417.71,415.56,2.1464,0.0,0.0,0.5047,0.0,0.0,0.093,0.093,0,0,0.5143,0.5143,0,0,0.9834,0.9834,1,1,50,948.79,687.27,0,1,2025-10-02 00:37:50,19.0,86.3,,0,0,,1
2025-10-02 00:38:35,634.98,0.4964,237.27,0.7112,2.1337,236.67,237.64,237.5,409.79,410.3,412.75,410.98,2.1337,0.0,0.0,0.4964,0.0,0.0,0.0873,0.0873,0,0,0.505,0.505,0,0,0.9848,0.9848,1,1,50,948.8,687.27,0,1,2025-10-02 00:38:50,19.0,86.5,,0,0,,1
2025-10-02 00:39:20,634.98,0.521,244.57,0.7242,2.1727,245.5,244.89,243.34,423.96,421.42,425.44,423.58,2.1727,0.0,0.0,0.521,0.0,0.0,0.1067,0.1067,0,0,0.5334,0.5334,0,0,0.9796,0.9796,1,1,50,948.8,687.27,0,1,2025-10-02 00:39:50,19.0,86.6,,0,0,,1
2025-10-02 00:40:05,634.99,0.4845,233.54,0.7073,2.1221,233.03,233.1,234.49,403.02,403.4,407.05,409,2.1221,0.0,0.0,0.4845,0.0,0.0,0.0803,0.0803,0,0,0.4945,0.4945,0,0,0.9865,0.9867,1,1,50,948.81,687.27,0,1,2025-10-02 00:40:50,19.0,86.4,,0,0,,1
2025-10-02 00:40:50,634.99,0.4968,237.01,0.7115,2.1347,236.6,237.33,237.1,409.88,409.21,412.4,410.45,2.1347,0.0,0.0,0.4968,0.0,0.0,0.0869,0.0869,0,0,0.5051,0.5051,0,0,0.985,0.985,1,1,50,948.82,687.28,0,1,2025-10-02 00:40:50,19.0,86.4,,0,0,,1
2025-10-02 00:41:35,635,0.5033,239.72,0.7147,2.1443,238.97,240.41,239.8,414.74,414.08,416.79,415.22,2.1443,0.0,0.0,0.5033,0.0,0.0,0.0913,0.0913,0,0,0.5124,0.5124,0,0,0.9839,0.9838,1,1,50,948.82,687.28,0,1,2025-10-02 00:41:50,19.0,86.4,,0,0,,1
2025-10-02 00:42:20,635.01,0.4915,234.15,0.7092,2.1276,234.72,233.1,234.65,404.33,403.39,408.95,405.57,2.1276,0.0,0.0,0.4915,0.0,0.0,0.0836,0.0836,0,0,0.4994,0.4994,0,0,0.9858,0.9858,1,1,50,948.83,687.28,0,1,2025-10-02 00:42:50,19.0,86.5,,0,0,,1
2025-10-02 00:43:05,635.01,0.5021,238.09,0.7142,2.1427,238.68,237.36,238.24,411.17,411.06,414.91,412.36,2.1427,0.0,0.0,0.5021,0.0,0.0,0.0915,0.0915,0,0,0.5114,0.5114,0,0,0.9838,0.9838,1,1,50,948.83,687.28,0,1,2025-10-02 00:43:50,19.0,86.7,,0,0,,1
2025-10-02 00:43:50,635.02,0.5052,239.52,0.7155,2.1466,239.91,239.66,238.99,414.67,412.82,417.05,414.85,2.1466,0.0,0.0,0.5052,0.0,0.0,0.0936,0.0936,0,0,0.515,0.515,0,0,0.9832,0.9832,1,1,50,948.84,687.28,0,1,2025-10-02 00:43:50,19.0,86.7,,0,0,,1
2025-10-02 00:44:35,635.03,0.4977,237.3,0.7122,2.1367,236.96,237.85,237.1,410.55,409.48,412.98,411,2.1367,0.0,0.0,0.4977,0.0,0.0,0.0878,0.0878,0,0,0.5063,0.5063,0,0,0.9847,0.9847,1,1,50,948.85,687.28,0,1,2025-10-02 00:44:50,19.0,86.8,,0,0,,1
2025-10-02 00:45:20,635.03,0.5135,243.25,0.7201,2.1604,242.81,243.49,243.46,420.76,419.46,423.7,421.33,2.1604,0.0,0.0,0.5135,0.0,0.0,0.1005,0.1005,0,0,0.5246,0.5246,0,0,0.9813,0.9813,1,1,50,948.85,687.28,0,1,2025-10-02 00:45:50,19.1,86.9,,0,0,,1
2025-10-02 00:46:05,635.04,0.5022,239.4,0.7138,2.1416,238.88,239.74,239.58,413.88,413.19,416.84,414.67,2.1416,0.0,0.0,0.5022,0.0,0.0,0.0918,0.0918,0,0,0.5116,0.5116,0,0,0.9837,0.9837,1,1,50,948.86,687.28,0,1,2025-10-02 00:46:50,19.1,86.7,,0,0,,1
2025-10-02 00:46:50,635.04,0.5037,238.5,0.7152,2.1456,239.2,239.03,237.29,413.36,411.2,414.72,413.12,2.1456,0.0,0.0,0.5037,0.0,0.0,0.0925,0.0925,0,0,0.5132,0.5132,0,0,0.9835,0.9835,1,1,50,948.87,687.28,0,1,2025-10-02 00:46:50,19.1,86.7,,0,0,,1
2025-10-02 00:47:35,635.05,0.515,242.77,0.721,2.1631,243.27,242.95,242.09,420.05,418.82,422.56,420.47,2.1631,0.0,0.0,0.515,0.0,0.0,0.1008,0.1008,0,0,0.5262,0.5262,0,0,0.9813,0.9813,1,1,50,948.87,687.29,0,1,2025-10-02 00:47:50,19.1,86.5,,0,0,,1
2025-10-02 00:48:20,635.06,0.4898,233.4,0.7082,2.1248,234.08,231.52,234.62,402.44,402,408.34,404.27,2.1248,0.0,0.0,0.4898,0.0,0.0,0.0818,0.0818,0,0,0.4974,0.4974,0,0,0.9863,0.9863,1,1,50,948.88,687.29,0,1,2025-10-02 00:48:50,19.1,86.5,,0,0,,1
2025-10-02 00:49:05,635.06,0.497,237.21,0.7117,2.1351,236.85,237.79,236.99,410.05,410.02,412.47,410.81,2.1351,0.0,0.0,0.497,0.0,0.0,0.0876,0.0876,0,0,0.5057,0.5057,0,0,0.9848,0.9848,1,1,50,948.89,687.29,0,1,2025-10-02 00:49:50,19.1,85.6,,0,0,,1
2025-10-02 00:49:50,635.07,0.4989,238.12,0.7122,2.1367,237.61,239.12,237.63,411.79,411.33,414.12,412.52,2.1367,0.0,0.0,0.4989,0.0,0.0,0.0884,0.0884,0,0,0.5077,0.5077,0,0,0.9846,0.9846,1,1,50,948.89,687.29,0,1,2025-10-02 00:49:50,19.1,85.6,,0,0,,1
2025-10-02 00:50:35,635.08,0.4897,233.75,0.709,2.1271,233.71,233.91,233.64,404.22,403.48,406.88,404.83,2.1271,0.0,0.0,0.4897,0.0,0.0,0.0806,0.0806,0,0,0.4971,0.4971,0,0,0.9867,0.9867,1,1,50,948.9,687.29,0,1,2025-10-02 00:50:50,19.1,84.7,,0,0,,1
2025-10-02 00:51:20,635.08,0.4979,237.03,0.712,2.1361,237.07,237.2,236.84,409.7,409.29,412.64,410.57,2.1361,0.0,0.0,0.4979,0.0,0.0,0.0871,0.0871,0,0,0.5064,0.5064,0,0,0.985,0.985,1,1,50,948.91,687.29,0,1,2025-10-02 00:51:50,19.1,84.5,,0,0,,1
2025-10-02 00:52:05,635.09,0.5057,240.55,0.7157,2.1473,240.06,240.85,240.74,415.64,415.57,418.67,416.65,2.1473,0.0,0.0,0.5057,0.0,0.0,0.094,0.094,0,0,0.5155,0.5155,0,0,0.9831,0.9831,1,1,50,948.91,687.29,0,1,2025-10-02 00:52:50,19.1,85,,0,0,,1
2025-10-02 00:52:50,635.09,0.498,237.13,0.7119,2.1359,237.29,236.44,237.66,409.17,409.11,413.84,410.72,2.1359,0.0,0.0,0.498,0.0,0.0,0.0885,0.0885,0,0,0.5068,0.5068,0,0,0.9845,0.9845,1,1,50,948.92,687.29,0,1,2025-10-02 00:52:50,19.1,85,,0,0,,1
2025-10-02 00:53:35,635.1,0.5125,242.78,0.7196,2.1588,242.42,243.64,242.29,420.34,418.76,422.37,420.54,2.1588,0.0,0.0,0.5125,0.0,0.0,0.0993,0.0993,0,0,0.5233,0.5233,0,0,0.9817,0.9817,1,1,50,948.92,687.29,0,1,2025-10-02 00:53:50,19.1,85.5,,0,0,,1
2025-10-02 00:54:20,635.11,0.5061,239.29,0.7162,2.1486,240.08,238.47,239.34,413.16,412.79,417.44,414.46,2.1486,0.0,0.0,0.5061,0.0,0.0,0.0939,0.0939,0,0,0.5158,0.5158,0,0,0.9832,0.9832,1,1,50,948.93,687.3,0,1,,,,,0,0,,1
2025-10-02 00:55:05,635.11,0.4976,237.47,0.712,2.1361,236.92,238.31,237.2,410.47,410.38,413.06,411.21,2.1361,0.0,0.0,0.4976,0.0,0.0,0.0868,0.0868,0,0,0.5061,0.5061,0,0,0.9851,0.9851,1,1,50.1,948.94,687.3,0,1,2025-10-02 00:55:50,19.1,84.5,,0,0,,1
2025-10-02 00:55:50,635.12,0.5073,241.24,0.716,2.1481,240.86,241.16,241.72,416.79,416.16,420.55,421.11,2.1481,0.0,0.0,0.5073,0.0,0.0,0.0951,0.0951,0,0,0.5174,0.5174,0,0,0.9828,0.9828,1,1,50.1,948.94,687.3,0,1,2025-10-02 00:55:50,19.1,84.5,,0,0,,1
2025-10-02 00:56:35,635.13,0.4888,234.05,0.7076,2.123,233.74,233.46,234.96,403.82,403.79,408.51,405.38,2.123,0.0,0.0,0.4888,0.0,0.0,0.0809,0.0809,0,0,0.4962,0.4962,0,0,0.9865,0.9865,1,1,50,948.95,687.3,0,1,2025-10-02 00:56:50,19.1,84.7,,0,0,,1
2025-10-02 00:57:20,635.13,0.4974,237.39,0.7118,2.1354,236.96,238.29,236.94,410.9,410.11,412.49,411.12,2.1354,0.0,0.0,0.4974,0.0,0.0,0.0873,0.0873,0,0,0.506,0.506,0,0,0.9849,0.9849,1,1,50,948.96,687.3,0,1,2025-10-02 00:57:50,19.1,84.6,,0,0,,1
2025-10-02 00:58:05,635.14,0.5013,239.04,0.7134,2.1402,238.47,239.6,239.07,413.37,412.63,416.07,414.01,2.1402,0.0,0.0,0.5013,0.0,0.0,0.09,0.09,0,0,0.5104,0.5104,0,0,0.9842,0.9842,1,1,50,948.96,687.3,0,1,2025-10-02 00:58:50,19.1,84.7,,0,0,,1
2025-10-02 00:58:50,635.14,0.4882,233.16,0.7077,2.1231,233.44,232.7,233.36,403.05,401.7,406.77,403.84,2.1231,0.0,0.0,0.4882,0.0,0.0,0.0807,0.0807,0,0,0.4956,0.4956,0,0,0.9866,0.9866,1,1,50,948.97,687.3,0,1,2025-10-02 00:58:50,19.1,84.7,,0,0,,1
2025-10-02 00:59:35,635.15,0.5013,237.98,0.7138,2.1415,238.31,237.49,238.16,411.29,410.65,414.64,412.14,2.1415,0.0,0.0,0.5013,0.0,0.0,0.09,0.09,0,0,0.5103,0.5103,0,0,0.9842,0.9842,1,1,50,948.98,687.3,0,1,2025-10-02 00:59:50,19.1,84.8,,0,0,,1
2025-10-02 01:00:20,635.16,0.5037,239.28,0.7146,2.1438,239.36,239.39,239.09,413.84,413.31,416.16,414.43,2.1438,0.0,0.0,0.5037,0.0,0.0,0.0918,0.0918,0,0,0.5131,0.5131,0,0,0.9837,0.9837,1,1,50,948.98,687.3,0,1,2025-10-02 01:00:50,19.1,84.9,,0,0,,1
2025-10-02 01:01:50,635.17,0.5127,243.04,0.7194,2.1584,242.61,243.07,243.46,419.43,420.26,423.17,420.98,2.1584,0.0,0.0,0.5127,0.0,0.0,0.0997,0.0997,0,0,0.5236,0.5236,0,0,0.9816,0.9816,1,1,50,948.99,687.31,0,1,2025-10-02 01:01:50,19.1,85,,0,0,,1
2025-10-02 01:02:35,635.18,0.5026,239.11,0.7141,2.1423,238.97,238.78,239.59,412.73,413.12,416.58,414.18,2.1423,0.0,0.0,0.5026,0.0,0.0,0.0917,0.0917,0,0,0.5119,0.5119,0,0,0.9837,0.9837,1,1,50,949,687.31,0,1,2025-10-02 01:02:50,19.1,85.1,,0,0,,1
2025-10-02 01:03:20,635.18,0.4952,236.91,0.7098,2.1296,236.6,237.4,236.75,409.97,408.94,412.1,410.4,2.1296,0.0,0.0,0.4952,0.0,0.0,0.0876,0.0876,0,0,0.5039,0.5039,0,0,0.9847,0.9847,1,1,50,949.01,687.31,0,1,2025-10-02 01:03:50,19.1,85.1,,0,0,,1
2025-10-02 01:04:05,635.19,0.5159,244,0.721,2.1631,243.84,244.65,243.51,422.47,420.59,424.74,422.63,2.1631,0.0,0.0,0.5159,0.0,0.0,0.1029,0.1029,0,0,0.5275,0.5275,0,0,0.9806,0.9806,1,1,50,949.01,687.31,0,1,2025-10-02 01:04:50,19.1,85.3,,0,0,,1
2025-10-02 01:04:50,635.19,0.4913,234.25,0.7094,2.1284,234.47,234.45,233.84,405.52,403.65,408,405.69,2.1284,0.0,0.0,0.4913,0.0,0.0,0.0823,0.0823,0,0,0.499,0.499,0,0,0.9862,0.9862,1,1,50,949.02,687.31,0,1,2025-10-02 01:04:50,19.1,85.3,,0,0,,1
2025-10-02 01:05:35,635.2,0.4965,237.3,0.7112,2.1338,236.65,238.11,237.15,410.63,409.87,412.52,411.02,2.1338,0.0,0.0,0.4965,0.0,0.0,0.0869,0.0869,0,0,0.505,0.505,0,0,0.985,0.985,1,1,50,949.03,687.31,0,1,2025-10-02 01:05:50,19.1,85.1,,0,0,,1
2025-10-02 01:06:20,635.21,0.5052,239.54,0.7154,2.1463,239.9,238.56,240.16,413.35,412.85,418.44,414.89,2.1463,0.0,0.0,0.5052,0.0,0.0,0.0935,0.0935,0,0,0.5149,0.5149,0,0,0.9833,0.9833,1,1,50,949.03,687.31,0,1,2025-10-02 01:06:50,19.1,84.6,,0,0,,1
2025-10-02 01:07:05,635.21,0.4892,234.16,0.7082,2.1247,233.76,233.71,235.03,404.15,404.39,408.19,405.56,2.1247,0.0,0.0,0.4892,0.0,0.0,0.0811,0.0811,0,0,0.4967,0.4967,0,0,0.9865,0.9865,1,1,50,949.04,687.32,0,1,2025-10-02 01:07:50,19.1,84.8,,0,0,,1
2025-10-02 01:07:50,635.22,0.5046,238.75,0.7168,2.1506,238.96,238.53,238.76,412.66,411.98,415.9,410.45,2.1506,0.0,0.0,0.5046,0.0,0.0,0.0913,0.0913,0,0,0.5139,0.5139,0,0,0.984,0.984,1,1,50,949.05,687.32,0,1,2025-10-02 01:07:50,19.1,84.8,,0,0,,1
2025-10-02 01:08:35,635.23,0.5054,239.72,0.7156,2.147,239.97,239.3,239.89,414.23,413.65,417.71,415.19,2.147,0.0,0.0,0.5054,0.0,0.0,0.094,0.094,0,0,0.5152,0.5152,0,0,0.9831,0.9831,1,1,50,949.05,687.32,0,1,2025-10-02 01:08:50,19.200000000000003,84.9,,0,0,,1
2025-10-02 01:09:20,635.23,0.4966,236.6,0.7113,2.1339,236.71,236.52,236.58,409.45,407.74,412.19,409.81,2.1339,0.0,0.0,0.4966,0.0,0.0,0.0867,0.0867,0,0,0.5051,0.5051,0,0,0.9851,0.9851,1,1,50,949.06,687.32,0,1,2025-10-02 01:09:50,19.200000000000003,84.5,,0,0,,1
2025-10-02 01:10:05,635.24,0.5128,243.03,0.7195,2.1586,242.62,243.23,243.25,420.19,419.85,422.76,420.88,2.1586,0.0,0.0,0.5128,0.0,0.0,0.0997,0.0997,0,0,0.5237,0.5237,0,0,0.9816,0.9816,1,1,50,949.06,687.32,0,1,2025-10-02 01:10:50,19.200000000000003,83,,0,0,,1
2025-10-02 01:10:50,635.24,0.5033,238.23,0.7142,2.1426,239.29,237.76,237.65,412.13,410.48,415.25,412.58,2.1426,0.0,0.0,0.5033,0.0,0.0,0.0915,0.0915,0,0,0.5127,0.5127,0,0,0.9838,0.9838,1,1,50,949.07,687.32,0,1,2025-10-02 01:10:50,19.200000000000003,83,,0,0,,1
2025-10-02 01:11:35,635.25,0.4966,236.97,0.7111,2.1335,236.75,237.36,236.82,409.8,409.26,412.26,410.49,2.1335,0.0,0.0,0.4966,0.0,0.0,0.087,0.087,0,0,0.5051,0.5051,0,0,0.9849,0.9849,1,1,50,949.08,687.32,0,1,2025-10-02 01:11:50,19.1,82.4,,0,0,,1
2025-10-02 01:12:20,635.26,0.5036,239.64,0.7135,2.1405,239.8,239.24,239.88,413.79,413.74,417.64,418.45,2.1405,0.0,0.0,0.5036,0.0,0.0,0.0931,0.0931,0,0,0.5133,0.5133,0,0,0.9833,0.9833,1,1,50,949.08,687.32,0,1,2025-10-02 01:12:50,19.1,81.6,,0,0,,1
2025-10-02 01:13:05,635.26,0.4878,233.9,0.7061,2.1184,233.82,233.43,234.45,404.07,404.09,407.19,405.21,2.1184,0.0,0.0,0.4878,0.0,0.0,0.0814,0.0814,0,0,0.4953,0.4953,0,0,0.9863,0.9863,1,1,50,949.09,687.32,0,1,2025-10-02 01:13:50,19.1,81.7,,0,0,,1
2025-10-02 01:13:50,635.27,0.4982,237.06,0.712,2.1362,237.24,236.14,237.81,409.26,409.19,413.35,410.61,2.1362,0.0,0.0,0.4982,0.0,0.0,0.0876,0.0876,0,0,0.5068,0.5068,0,0,0.9848,0.9848,1,1,50,949.1,687.33,0,1,2025-10-02 01:13:50,19.1,81.7,,0,0,,1
2025-10-02 01:14:35,635.28,0.5006,238.93,0.713,2.1391,238.22,239.83,238.76,413.41,412.59,415.49,413.81,2.1391,0.0,0.0,0.5006,0.0,0.0,0.0897,0.0897,0,0,0.5096,0.5096,0,0,0.9843,0.9843,1,1,50,949.1,687.33,0,1,2025-10-02 01:14:50,19.1,81.2,,0,0,,1
2025-10-02 01:15:20,635.28,0.4898,233.91,0.708,2.1241,234.21,233.71,233.81,404.77,403.07,407.54,405.04,2.1241,0.0,0.0,0.4898,0.0,0.0,0.0821,0.0821,0,0,0.4975,0.4975,0,0,0.9862,0.9862,1,1,50,949.11,687.33,0,1,2025-10-02 01:15:50,19.1,80.9,,0,0,,1
2025-10-02 01:16:05,635.29,0.4964,237.39,0.7106,2.1318,236.93,237.46,237.79,410.57,409.77,413.15,411.16,2.1318,0.0,0.0,0.4964,0.0,0.0,0.088,0.088,0,0,0.5051,0.5051,0,0,0.9846,0.9846,1,1,50,949.12,687.33,0,1,2025-10-02 01:16:50,19.1,80.8,,0,0,,1
2025-10-02 01:16:50,635.29,0.505,239.89,0.7152,2.1456,239.91,240.32,239.44,415.57,413.32,417.56,415.45,2.1456,0.0,0.0,0.505,0.0,0.0,0.0936,0.0936,0,0,0.5148,0.5148,0,0,0.9832,0.9832,1,1,50,949.12,687.33,0,1,2025-10-02 01:16:50,19.1,80.8,,0,0,,1
2025-10-02 01:17:35,635.3,0.4986,237.08,0.7123,2.1369,237.5,236.96,236.78,410.34,408.41,413.11,410.65,2.1369,0.0,0.0,0.4986,0.0,0.0,0.0891,0.0891,0,0,0.5075,0.5075,0,0,0.9844,0.9844,1,1,50,949.13,687.33,0,1,2025-10-02 01:17:50,19.1,80.3,,0,0,,1
2025-10-02 01:18:20,635.31,0.5113,242.99,0.7186,2.1558,242.2,243.85,242.92,420.18,420.16,422.23,420.78,2.1558,0.0,0.0,0.5113,0.0,0.0,0.0993,0.0993,0,0,0.5221,0.5221,0,0,0.9816,0.9816,1,1,50,949.13,687.33,0,1,2025-10-02 01:18:50,19.1,79.9,,0,0,,1
2025-10-02 01:19:05,635.31,0.5042,239.58,0.7146,2.144,239.76,239.1,239.9,413.99,413.3,417.59,414.96,2.144,0.0,0.0,0.5042,0.0,0.0,0.0942,0.0942,0,0,0.514,0.514,0,0,0.9829,0.9829,1,1,50,949.14,687.33,0,1,2025-10-02 01:19:50,19.1,79.7,,0,0,,1
2025-10-02 01:19:50,635.32,0.4983,237.4,0.712,2.136,237.47,237.75,236.99,410.94,409.18,413.41,411.22,2.136,0.0,0.0,0.4983,0.0,0.0,0.0891,0.0891,0,0,0.5072,0.5072,0,0,0.9843,0.9843,1,1,50,949.15,687.33,0,1,2025-10-02 01:19:50,19.1,79.7,,0,0,,1
2025-10-02 01:20:35,635.33,0.5033,239.99,0.7124,2.1373,240.29,240.24,239.44,415.47,414.13,417.39,421.23,2.1373,0.0,0.0,0.5033,0.0,0.0,0.0959,0.0959,0,0,0.5136,0.5136,0,0,0.9823,0.9823,1,1,50,949.15,687.34,0,1,2025-10-02 01:20:50,19.1,79.5,,0,0,,1
2025-10-02 01:21:20,635.33,0.4893,233.92,0.7075,2.1227,234.15,234.14,233.49,404.83,403.58,407.07,405.15,2.1227,0.0,0.0,0.4893,0.0,0.0,0.0826,0.0826,0,0,0.497,0.497,0,0,0.986,0.986,1,1,50,949.16,687.34,0,1,2025-10-02 01:21:50,19.1,79.4,,0,0,,1
2025-10-02 01:22:05,635.34,0.5011,238.58,0.7129,2.1389,238.68,239.84,237.23,413.67,411.7,414.3,413.23,2.1389,0.0,0.0,0.5011,0.0,0.0,0.0916,0.0916,0,0,0.5105,0.5105,0,0,0.9836,0.9836,1,1,50,949.17,687.34,0,1,2025-10-02 01:22:50,19.1,79.3,,0,0,,1
2025-10-02 01:22:50,635.35,0.5052,239.65,0.7153,2.146,239.91,238.86,240.2,414.13,413.05,418.07,415.09,2.146,0.0,0.0,0.5052,0.0,0.0,0.0931,0.0931,0,0,0.5148,0.5148,0,0,0.9834,0.9834,1,1,50,949.17,687.34,0,1,2025-10-02 01:22:50,19.1,79.3,,0,0,,1
2025-10-02 01:23:35,635.35,0.4887,233.95,0.7078,2.1235,233.69,233.56,234.6,404.25,403.77,407.58,405.19,2.1235,0.0,0.0,0.4887,0.0,0.0,0.0812,0.0812,0,0,0.4962,0.4962,0,0,0.9864,0.9864,1,1,50,949.18,687.34,0,1,2025-10-02 01:23:50,19.1,79.2,,0,0,,1
2025-10-02 01:24:20,635.36,0.5001,238.01,0.7131,2.1394,237.36,238.59,238.08,411.54,411.23,413.92,411.33,2.1394,0.0,0.0,0.4991,0.0,0.0,0.0883,0.0883,0,0,0.5078,0.5078,0,0,0.9847,0.9847,1,1,50,949.19,687.34,0,1,2025-10-02 01:24:50,19.1,79.3,,0,0,,1
2025-10-02 01:25:05,635.36,0.5035,239.24,0.7144,2.1434,239.33,239.61,238.79,414.21,412.64,416.25,414.33,2.1434,0.0,0.0,0.5035,0.0,0.0,0.0923,0.0923,0,0,0.513,0.513,0,0,0.9836,0.9836,1,1,50,949.19,687.34,0,1,2025-10-02 01:25:50,19.1,79.6,,0,0,,1
2025-10-02 01:25:50,635.37,0.496,237.3,0.7101,2.1305,236.91,237.9,237.1,410.34,410.18,412.5,410.93,2.1305,0.0,0.0,0.496,0.0,0.0,0.0879,0.0879,0,0,0.5047,0.5047,0,0,0.9846,0.9846,1,1,50,949.2,687.34,0,1,2025-10-02 01:25:50,19.1,79.6,,0,0,,1
2025-10-02 01:26:35,635.38,0.5156,244.06,0.7215,2.1645,243.43,243.76,244.99,421.35,421.19,425.58,421.02,2.1645,0.0,0.0,0.5156,0.0,0.0,0.1018,0.1018,0,0,0.5269,0.5269,0,0,0.981,0.981,1,1,50,949.21,687.34,0,1,2025-10-02 01:26:50,19.1,79.4,,0,0,,1
2025-10-02 01:27:20,635.38,0.5048,239.85,0.7144,2.1434,240.23,239.72,239.6,415.06,413.49,417.71,415.41,2.1434,0.0,0.0,0.5048,0.0,0.0,0.0952,0.0952,0,0,0.5149,0.5149,0,0,0.9826,0.9826,1,1,49.9,949.21,687.35,0,1,2025-10-02 01:27:50,19.1,78.6,,0,0,,1
2025-10-02 01:28:05,635.39,0.4979,237.18,0.7114,2.1343,237.47,236.52,237.55,410.17,408.27,413.93,410.74,2.1343,0.0,0.0,0.4979,0.0,0.0,0.0889,0.0889,0,0,0.5068,0.5068,0,0,0.9844,0.9844,1,1,50,949.22,687.35,0,1,2025-10-02 01:28:50,19.1,78.6,,0,0,,1
2025-10-02 01:28:50,635.4,0.5011,239.96,0.711,2.1331,239.57,239.83,240.49,414.79,413.53,418.5,419.96,2.1331,0.0,0.0,0.5011,0.0,0.0,0.094,0.094,0,0,0.511,0.511,0,0,0.9828,0.9828,1,1,50,949.22,687.35,0,1,2025-10-02 01:28:50,19.1,78.6,,0,0,,1
2025-10-02 01:29:35,635.4,0.4878,233.76,0.7074,2.1224,233.28,233.97,234.04,404.22,403.17,407.22,404.88,2.1224,0.0,0.0,0.4878,0.0,0.0,0.0801,0.0801,0,0,0.4951,0.4951,0,0,0.9867,0.9867,1,1,50,949.23,687.35,0,1,2025-10-02 01:29:50,19.1,78.6,,0,0,,1
2025-10-02 01:30:20,635.41,0.4956,237.08,0.7103,2.131,236.54,237.69,237.03,409.96,409.73,412.2,410.62,2.131,0.0,0.0,0.4956,0.0,0.0,0.0868,0.0868,0,0,0.5041,0.5041,0,0,0.985,0.985,1,1,50,949.24,687.35,0,1,2025-10-02 01:30:50,19.1,77.7,,0,0,,1
2025-10-02 01:31:05,635.41,0.5023,239.46,0.7139,2.1419,238.87,240.33,239.2,414.53,413.4,416.33,414.71,2.1419,0.0,0.0,0.5023,0.0,0.0,0.0915,0.0915,0,0,0.5116,0.5116,0,0,0.9838,0.9838,1,1,50,949.24,687.35,0,1,2025-10-02 01:31:50,19.1,77.6,,0,0,,1
2025-10-02 01:31:50,635.42,0.4886,233.18,0.7078,2.1236,233.65,232.91,232.98,403.13,402.31,406.16,403.88,2.1236,0.0,0.0,0.4886,0.0,0.0,0.0816,0.0816,0,0,0.4962,0.4962,0,0,0.9863,0.9863,1,1,50,949.25,687.35,0,1,2025-10-02 01:31:50,19.1,77.6,,0,0,,1
2025-10-02 01:32:35,635.43,0.5022,238.29,0.714,2.1421,238.83,237.75,238.29,411.72,410.93,415.5,412.7,2.1421,0.0,0.0,0.5022,0.0,0.0,0.0918,0.0918,0,0,0.5116,0.5116,0,0,0.9836,0.9836,1,1,50,949.26,687.35,0,1,2025-10-02 01:32:50,19.1,78.3,,0,0,,1
2025-10-02 01:33:20,635.43,0.5044,239.22,0.7137,2.1413,239.58,238.85,239.23,413.56,412.81,416.62,414.29,2.1413,0.0,0.0,0.5033,0.0,0.0,0.0932,0.0932,0,0,0.513,0.513,0,0,0.9833,0.9832,1,1,50,949.26,687.35,0,1,2025-10-02 01:33:50,19.1,78.1,,0,0,,1
2025-10-02 01:34:05,635.44,0.4958,237.75,0.7106,2.132,236.55,239.16,237.56,411.06,411.31,412.99,411.84,2.132,0.0,0.0,0.4958,0.0,0.0,0.087,0.087,0,0,0.5043,0.5043,0,0,0.9849,0.9849,1,1,50,949.27,687.36,0,1,2025-10-02 01:34:50,19.1,78.3,,0,0,,1
2025-10-02 01:34:50,635.45,0.5151,243.15,0.7206,2.1619,243.47,243.36,242.64,421.22,419.1,423.12,421.17,2.1619,0.0,0.0,0.5151,0.0,0.0,0.1014,0.1014,0,0,0.5264,0.5264,0,0,0.9811,0.9811,1,1,50,949.28,687.36,0,1,2025-10-02 01:34:50,19.1,78.3,,0,0,,1
2025-10-02 01:35:35,635.45,0.5006,239.47,0.7127,2.1381,238.43,239.4,240.59,413.22,413.4,417.65,414.77,2.1381,0.0,0.0,0.5006,0.0,0.0,0.0905,0.0905,0,0,0.5098,0.5098,0,0,0.984,0.984,1,1,50,949.28,687.36,0,1,2025-10-02 01:35:50,19.1,78.3,,0,0,,1
2025-10-02 01:36:20,635.46,0.4983,237.28,0.7117,2.1351,237.51,237.3,237.04,410.64,409.01,413.26,410.96,2.1351,0.0,0.0,0.4983,0.0,0.0,0.0884,0.0884,0,0,0.5071,0.5071,0,0,0.9846,0.9846,1,1,50,949.29,687.36,0,1,2025-10-02 01:36:50,19.1,78.3,,0,0,,1
2025-10-02 01:37:05,635.46,0.5,239.67,0.711,2.1332,238.92,239.89,240.21,413.8,414.31,417.22,417.59,2.1332,0.0,0.0,0.5,0.0,0.0,0.0926,0.0926,0,0,0.5097,0.5097,0,0,0.9832,0.9832,1,1,50,949.29,687.36,0,1,2025-10-02 01:37:50,19.1,79.1,,0,0,,1
2025-10-02 01:37:50,635.47,0.4894,234.15,0.708,2.124,234.05,233.86,234.54,404.53,404.19,407.93,405.59,2.124,0.0,0.0,0.4894,0.0,0.0,0.0823,0.0823,0,0,0.4971,0.4971,0,0,0.9861,0.9861,1,1,50,949.3,687.36,0,1,2025-10-02 01:37:50,19.1,79.1,,0,0,,1
2025-10-02 01:38:35,635.48,0.4987,237.85,0.7117,2.1351,237.8,238.3,237.47,411.85,410.13,413.92,412.01,2.1351,0.0,0.0,0.4987,0.0,0.0,0.0895,0.0895,0,0,0.5077,0.5077,0,0,0.9842,0.9842,1,1,50,949.31,687.36,0,1,2025-10-02 01:38:50,19.1,79.4,,0,0,,1
2025-10-02 01:39:20,635.48,0.4995,238.29,0.7124,2.1374,237.97,238.83,238.07,412.24,411.31,414.59,412.71,2.1374,0.0,0.0,0.4995,0.0,0.0,0.0902,0.0902,0,0,0.5086,0.5086,0,0,0.984,0.984,1,1,50,949.31,687.36,0,1,2025-10-02 01:39:50,19.1,79.7,,0,0,,1
2025-10-02 01:40:05,635.49,0.4886,234.19,0.7074,2.1222,233.81,234.13,234.64,404.9,404.12,407.83,405.65,2.1222,0.0,0.0,0.4886,0.0,0.0,0.0819,0.0819,0,0,0.4962,0.4962,0,0,0.9862,0.9862,1,1,50,949.32,687.36,0,1,2025-10-02 01:40:50,19.1,80.1,,0,0,,1
2025-10-02 01:40:50,635.5,0.5159,243.45,0.7218,2.1655,243.39,243.67,243.29,421.51,419.62,423.82,412.17,2.1655,0.0,0.0,0.5159,0.0,0.0,0.101,0.101,0,0,0.5271,0.5271,0,0,0.9813,0.9813,1,1,50,949.33,687.37,0,1,2025-10-02 01:40:50,19.1,80.1,,0,0,,1
2025-10-02 01:41:35,635.5,0.504,239.68,0.7146,2.1438,239.6,239.21,240.25,413.74,413.7,417.96,415.12,2.1438,0.0,0.0,0.504,0.0,0.0,0.0928,0.0928,0,0,0.5137,0.5137,0,0,0.9834,0.9834,1,1,50,949.33,687.37,0,1,2025-10-02 01:41:50,19.1,80.1,,0,0,,1
2025-10-02 01:42:20,635.51,0.4977,237.07,0.7115,2.1346,237.27,237.38,236.56,410.65,408.28,412.87,410.6,2.1346,0.0,0.0,0.4977,0.0,0.0,0.0882,0.0882,0,0,0.5065,0.5065,0,0,0.9846,0.9846,1,1,50,949.34,687.37,0,1,2025-10-02 01:42:50,19.1,80.2,,0,0,,1
2025-10-02 01:43:05,635.51,0.5109,243,0.7178,2.1536,242.21,243.16,243.64,419.74,419.82,423.07,420.91,2.1536,0.0,0.0,0.5109,0.0,0.0,0.0987,0.0987,0,0,0.5216,0.5216,0,0,0.9818,0.9818,1,1,50,949.35,687.37,0,1,2025-10-02 01:43:50,19.1,80.4,,0,0,,1
2025-10-02 01:43:50,635.52,0.5042,237.79,0.7147,2.1443,239.6,236.5,237.29,411.67,408.51,415.42,411.87,2.1443,0.0,0.0,0.5042,0.0,0.0,0.0925,0.0925,0,0,0.5138,0.5138,0,0,0.9835,0.9835,1,1,50,949.35,687.37,0,1,2025-10-02 01:43:50,19.1,80.4,,0,0,,1
2025-10-02 01:44:35,635.53,0.4976,237.65,0.7115,2.1346,237.15,238.1,237.72,410.9,410.65,413.31,411.6,2.1346,0.0,0.0,0.4976,0.0,0.0,0.0873,0.0873,0,0,0.5062,0.5062,0,0,0.9849,0.9849,1,1,50,949.36,687.37,0,1,2025-10-02 01:44:50,19.1,80.5,,0,0,,1
2025-10-02 01:45:20,635.53,0.5033,239.34,0.714,2.142,239.44,238.83,239.76,413.42,412.95,417.25,414.73,2.142,0.0,0.0,0.5033,0.0,0.0,0.0926,0.0926,0,0,0.5129,0.5129,0,0,0.9835,0.9835,1,1,50,949.36,687.37,0,1,2025-10-02 01:45:50,19.200000000000003,80.7,,0,0,,1
2025-10-02 01:46:05,635.54,0.4914,234.24,0.7089,2.1267,234.7,233.74,234.3,404.96,403.55,408.63,405.68,2.1267,0.0,0.0,0.4914,0.0,0.0,0.0826,0.0826,0,0,0.4991,0.4991,0,0,0.9861,0.9861,1,1,50,949.37,687.37,0,1,2025-10-02 01:46:50,19.200000000000003,80.8,,0,0,,1
2025-10-02 01:46:50,635.55,0.4974,237.07,0.7112,2.1338,237.15,236.79,237.28,409.89,408.75,413.18,410.6,2.1338,0.0,0.0,0.4974,0.0,0.0,0.0876,0.0876,0,0,0.506,0.506,0,0,0.9848,0.9849,1,1,50,949.38,687.38,0,1,2025-10-02 01:46:50,19.200000000000003,80.8,,0,0,,1
2025-10-02 01:47:35,635.55,0.5062,239.67,0.7158,2.1476,240.33,238.55,240.15,414.4,412.5,418.45,414.88,2.1476,0.0,0.0,0.5062,0.0,0.0,0.0944,0.0944,0,0,0.5161,0.5161,0,0,0.983,0.9825,1,1,50,949.38,687.38,0,1,2025-10-02 01:47:50,19.200000000000003,80.9,,0,0,,1
2025-10-02 01:48:20,635.56,0.4909,234.32,0.7083,2.125,234.57,233.44,234.97,404.73,404.05,408.78,405.81,2.125,0.0,0.0,0.4909,0.0,0.0,0.0825,0.0825,0,0,0.4985,0.4985,0,0,0.9861,0.9859,1,1,50,949.39,687.38,0,1,2025-10-02 01:48:50,19.200000000000003,80.4,,0,0,,1
2025-10-02 01:49:05,635.56,0.4975,238.79,0.7171,2.1513,238.86,238.83,238.68,413.25,411.51,415.98,411.02,2.1513,0.0,0.0,0.4975,0.0,0.0,0.0908,0.0908,0,0,0.5139,0.5139,0,0,0.9837,0.9842,1,1,50,949.4,687.38,0,1,2025-10-02 01:49:50,19.200000000000003,80.2,,0,0,,1
2025-10-02 01:49:50,635.57,0.5043,239.84,0.7153,2.146,239.56,240.7,239.26,415.38,413.71,417.1,415.35,2.146,0.0,0.0,0.5043,0.0,0.0,0.0926,0.0926,0,0,0.5141,0.5141,0,0,0.9835,0.9836,1,1,50,949.4,687.38,0,1,2025-10-02 01:49:50,19.200000000000003,80.2,,0,0,,1
2025-10-02 01:50:35,635.58,0.4963,237.45,0.711,2.133,236.69,238.18,237.48,410.66,409.85,413.25,411.28,2.133,0.0,0.0,0.4963,0.0,0.0,0.0872,0.0872,0,0,0.5049,0.5049,0,0,0.9849,0.9849,1,1,50,949.41,687.38,0,1,2025-10-02 01:50:50,19.200000000000003,80.7,,0,0,,1
2025-10-02 01:51:20,635.58,0.5133,243.86,0.7195,2.1585,242.97,244.34,244.28,421.73,420.83,424.53,422.39,2.1585,0.0,0.0,0.5133,0.0,0.0,0.1008,0.1008,0,0,0.5245,0.5245,0,0,0.9812,0.9812,1,1,50,949.42,687.38,0,1,2025-10-02 01:51:50,19.200000000000003,81,,0,0,,1
2025-10-02 01:52:05,635.59,0.4979,238.09,0.7115,2.1345,237.37,238.61,238.3,411.77,411.2,414.15,412.35,2.1345,0.0,0.0,0.4979,0.0,0.0,0.0884,0.0884,0,0,0.5067,0.5067,0,0,0.9846,0.9846,1,1,50,949.42,687.38,0,1,2025-10-02 01:52:50,19.6,81.3,,0,0,,1
2025-10-02 01:52:50,635.6,0.4967,237.46,0.7111,2.1333,236.83,237.87,237.7,410.58,410.25,413.04,411.32,2.1333,0.0,0.0,0.4967,0.0,0.0,0.0871,0.0871,0,0,0.5052,0.5052,0,0,0.9849,0.9849,1,1,50,949.43,687.38,0,1,2025-10-02 01:52:50,19.6,81.3,,0,0,,1
2025-10-02 01:53:35,635.6,0.5031,239.67,0.7136,2.1408,239.53,239.28,240.22,414.25,413.04,418.05,415.1,2.1408,0.0,0.0,0.5031,0.0,0.0,0.0932,0.0932,0,0,0.5128,0.5128,0,0,0.9832,0.9832,1,1,50,949.43,687.39,0,1,2025-10-02 01:53:50,19.6,80.5,,0,0,,1
2025-10-02 01:54:20,635.61,0.4901,234.15,0.7078,2.1234,234.47,234.01,233.98,405.25,403.21,408.18,405.57,2.1234,0.0,0.0,0.4901,0.0,0.0,0.0827,0.0827,0,0,0.4979,0.4979,0,0,0.986,0.986,1,1,50,949.44,687.39,0,1,2025-10-02 01:54:50,19.6,80.4,,0,0,,1
2025-10-02 01:55:05,635.61,0.4995,237.61,0.712,2.1361,238.1,237.43,237.32,410.88,410.05,413.73,411.56,2.1361,0.0,0.0,0.4995,0.0,0.0,0.09,0.09,0,0,0.5086,0.5086,0,0,0.9841,0.9841,1,1,50,949.45,687.39,0,1,2025-10-02 01:55:50,19.6,80.6,,0,0,,1
2025-10-02 01:55:50,635.62,0.5058,238.64,0.7154,2.1462,240.24,237.73,237.97,413.43,410.76,415.83,413.37,2.1462,0.0,0.0,0.5058,0.0,0.0,0.0938,0.0938,0,0,0.5156,0.5156,0,0,0.9832,0.9832,1,1,50,949.45,687.39,0,1,2025-10-02 01:55:50,19.6,80.6,,0,0,,1
2025-10-02 01:56:35,635.63,0.4917,234.5,0.7084,2.1254,235.09,234.26,234.17,406.18,404.07,408.25,406.15,2.1254,0.0,0.0,0.4917,0.0,0.0,0.0838,0.0838,0,0,0.4997,0.4997,0,0,0.9857,0.9857,1,1,50,949.46,687.39,0,1,2025-10-02 01:56:50,19.6,81.1,,0,0,,1
2025-10-02 01:57:20,635.63,0.5147,243.31,0.7206,2.1618,243.22,242.77,243.95,420.76,419.38,424.1,421.45,2.1618,0.0,0.0,0.5147,0.0,0.0,0.1007,0.1007,0,0,0.5258,0.5258,0,0,0.9813,0.9813,1,1,50,949.47,687.39,0,1,2025-10-02 01:57:50,19.6,81.1,,0,0,,1
2025-10-02 01:58:05,635.64,0.5064,239.98,0.7156,2.147,240.41,239.92,239.63,415.59,413.2,418.16,415.63,2.147,0.0,0.0,0.5064,0.0,0.0,0.0939,0.0939,0,0,0.5162,0.5162,0,0,0.9832,0.9832,1,1,50,949.47,687.39,0,1,2025-10-02 01:58:50,19.6,81.3,,0,0,,1
2025-10-02 01:58:50,635.65,0.4994,238.27,0.712,2.136,238.01,238.01,238.8,411.78,410.99,415.29,412.68,2.136,0.0,0.0,0.4994,0.0,0.0,0.0896,0.0896,0,0,0.5084,0.5084,0,0,0.9842,0.9842,1,1,50,949.48,687.39,0,1,2025-10-02 01:58:50,19.6,81.3,,0,0,,1
2025-10-02 01:59:35,635.67,3.0616,243.49,7.0345,21.1036,243.51,242.99,243.98,420.81,419.69,424.68,421.71,8.2515,7.0065,5.8456,1.29,1.0666,0.7051,4.0979,1.5356,1.3232,1.2391,5.138,2.0093,1.7025,1.4262,0.5985,0.6431,0.6275,0.4945,50,949.52,687.42,1,1,2025-10-02 01:59:50,19.6,81.4,,1,0,,0
2025-10-02 02:00:20,635.71,3.0611,238.69,6.7707,20.3123,237.86,237.74,240.49,411.47,412.31,416.48,413.42,7.8717,6.6808,5.7598,1.2911,1.0197,0.7503,3.7283,1.3509,1.2138,1.1636,4.8458,1.8724,1.5883,1.3852,0.6345,0.6909,0.6432,0.5419,50,949.58,687.47,1,1,2025-10-02 02:00:50,19.6,80.6,,1,0,,0
2025-10-02 02:01:05,635.74,3.0894,237.3,6.757,20.271099999999997,237.65,237.38,236.87,411.13,408.49,413.38,410.95,7.9931,6.7954,5.4826,1.2854,1.092,0.712,3.6645,1.3947,1.1843,1.0855,4.8113,1.8996,1.6131,1.2987,0.6445,0.6776,0.6778,0.5484,50,949.64,687.51,1,1,2025-10-02 02:01:50,19.200000000000003,79.6,,1,0,,0
2025-10-02 02:01:50,635.78,3.1231,239.85,6.8894,20.6683,239.75,239.15,240.65,414.48,413.36,418.41,415.42,8.091,6.8126,5.7647,1.3175,1.0659,0.7397,3.8206,1.4189,1.2286,1.173,4.9563,1.9398,1.6292,1.3873,0.6328,0.6804,0.6553,0.5333,50,949.7,687.56,1,1,2025-10-02 02:01:50,19.200000000000003,79.6,,1,0,,0
2025-10-02 02:02:35,635.82,3.0766,234.29,6.6049,19.814799999999998,234.19,233.9,234.79,404.95,403.99,408.44,405.74,7.7366,6.5864,5.4918,1.2825,1.0491,0.745,3.4517,1.2754,1.1248,1.0515,4.6418,1.8118,1.5406,1.2894,0.6653,0.709,0.682,0.5781,50,949.76,687.6,1,1,2025-10-02 02:02:50,19.1,78.8,,1,0,,0
2025-10-02 02:03:20,635.86,3.1047,237.2,6.7438,20.2316,237.25,236.44,237.93,409.73,409.43,413.37,410.8,7.9034,6.6758,5.6524,1.3061,1.052,0.7466,3.6326,1.341,1.1735,1.1181,4.7984,1.8751,1.5784,1.3449,0.6497,0.6977,0.6675,0.5553,50,949.82,687.65,1,1,2025-10-02 02:03:50,19.1,78.1,,1,0,,0
2025-10-02 02:04:05,635.9,3.1244,239.39,6.8488,20.546400000000002,239.64,239.15,239.4,414.32,412.7,416.88,414.6,8.0418,6.8466,5.658,1.3035,1.0856,0.7353,3.7749,1.4152,1.2226,1.1371,4.919,1.9271,1.6374,1.3545,0.6376,0.6774,0.6639,0.5429,50,949.88,687.7,1,1,2025-10-02 02:04:50,19.0,77.5,,1,0,,0
2025-10-02 02:04:50,635.94,3.079,234.03,6.604,19.8122,234.18,233.8,234.13,404.62,403.22,408.2,405.35,7.7464,6.6062,5.4596,1.2806,1.0583,0.7401,3.4447,1.2809,1.1221,1.0416,4.6368,1.8141,1.5445,1.2783,0.6664,0.707,0.6861,0.5792,50,949.94,687.74,1,1,2025-10-02 02:04:50,19.0,77.5,,1,0,,0
2025-10-02 02:05:35,635.98,3.1744,243.28,7.0898,21.2696,242.56,244.11,243.18,421.08,420.21,422.8,421.32,8.1902,7.2357,5.8437,1.2832,1.1258,0.7654,4.0674,1.5126,1.3578,1.197,5.174,1.9866,1.7663,1.4211,0.6152,0.6469,0.6382,0.5387,50,950,687.79,1,1,2025-10-02 02:05:50,19.0,77,,1,0,,0
2025-10-02 02:06:20,636.02,3.1242,239.37,6.8432,20.5298,239.14,239.65,239.32,414.32,413.16,416.28,414.63,7.962,6.914,5.6538,1.2827,1.0916,0.75,3.772,1.4029,1.2434,1.1257,4.914,1.904,1.6569,1.3531,0.6378,0.6747,0.6597,0.5544,50,950.07,687.84,1,1,2025-10-02 02:06:50,19.0,76.5,,1,0,,0
2025-10-02 02:07:05,636.06,3.1179,237.95,6.7878,20.363500000000002,238.26,237.96,237.64,411.62,410.43,414.35,411.91,8.0147,6.7979,5.5509,1.2998,1.093,0.7252,3.6856,1.3949,1.1895,1.1013,4.8463,1.9096,1.6176,1.3191,0.6458,0.6817,0.6766,0.5499,50,950.12,687.88,1,1,2025-10-02 02:07:50,18.9,76.2,,1,0,,0
2025-10-02 02:07:50,636.1,3.1676,243.08,7.0668,21.200599999999998,243.51,242.68,243.07,420.36,419.01,423.71,421.05,8.3362,7.027,5.8374,1.3328,1.1077,0.7271,4.0382,1.5267,1.2934,1.2181,5.1542,2.0299,1.7053,1.4189,0.6171,0.6576,0.6504,0.5125,50,950.19,687.93,1,1,2025-10-02 02:07:50,18.9,76.2,,1,0,,0
2025-10-02 02:08:35,636.13,3.1335,239.25,6.8672,20.6017,239.41,239.04,239.3,414.03,412.1,417,414.35,8.0783,6.855,5.6684,1.3092,1.0892,0.7352,3.7788,1.419,1.2207,1.1391,4.9291,1.934,1.6386,1.3564,0.6383,0.6781,0.6657,0.5422,50,950.25,687.98,1,1,2025-10-02 02:08:50,18.9,75.7,,1,0,,0
2025-10-02 02:09:20,636.17,3.1216,238.07,6.796,20.388099999999998,237.32,237.94,238.96,410.88,411.67,414.48,412.37,7.8899,6.7981,5.7001,1.2916,1.0648,0.7652,3.6921,1.3515,1.2143,1.1263,4.8521,1.8724,1.6175,1.3621,0.6456,0.6909,0.6593,0.5619,50,950.31,688.02,1,1,2025-10-02 02:09:50,18.8,75.5,,1,0,,0
2025-10-02 02:10:05,636.21,3.1384,240.04,6.8881,20.664499999999997,239.75,239.78,240.6,414.78,414.31,418.16,415.69,8.0618,6.8594,5.7433,1.3109,1.0786,0.7489,3.8152,1.416,1.2384,1.1608,4.9594,1.9328,1.6447,1.3818,0.6352,0.6793,0.6567,0.5421,50,950.37,688.07,1,1,2025-10-02 02:10:50,18.8,75.3,,1,0,,0
2025-10-02 02:10:50,636.25,3.0743,232.94,6.5552,19.6657,234.72,231.89,232.23,403.55,399.91,406.93,403.45,7.9375,6.425,5.3032,1.3258,1.066,0.6825,3.368,1.3051,1.0383,1.0246,4.5845,1.8631,1.4899,1.2316,0.6741,0.7126,0.7163,0.5543,50,950.43,688.12,1,1,2025-10-02 02:10:50,18.8,75.3,,1,0,,0
2025-10-02 02:11:35,636.29,3.1032,237.24,6.7289,20.1867,236.71,237.66,237.37,410.32,409.55,412.85,410.84,7.8617,6.7803,5.5447,1.2777,1.0794,0.7461,3.6261,1.3491,1.1934,1.0836,4.7885,1.8609,1.6114,1.3161,0.6502,0.6876,0.6707,0.5671,50,950.49,688.16,1,1,2025-10-02 02:11:50,18.4,75,,1,0,,0
2025-10-02 02:12:20,636.33,3.1252,239.7,6.8495,20.548499999999997,239,240.28,239.84,414.54,413.85,417.11,415.14,7.9795,6.9235,5.6455,1.281,1.094,0.7502,3.7861,1.4091,1.2502,1.1268,4.9247,1.9071,1.6636,1.354,0.6365,0.6726,0.6585,0.5541,50,950.55,688.21,1,1,2025-10-02 02:12:50,18.3,74.6,,1,0,,0
2025-10-02 02:13:50,636.41,3.1745,243.22,7.0748,21.2244,242.68,243.04,243.96,420.23,420.11,423.46,421.24,8.2213,7.0597,5.9434,1.3199,1.0904,0.7642,4.0437,1.4912,1.321,1.2315,5.1609,1.9951,1.7158,1.45,0.6174,0.6627,0.6365,0.5272,50,950.67,688.3,1,1,2025-10-02 02:13:50,18.3,74.4,,1,0,,0
2025-10-02 02:14:35,636.45,3.1358,239.55,6.8736,20.621,239.91,238.78,239.98,413.94,412.89,417.91,414.9,8.0994,6.7898,5.7318,1.3261,1.0731,0.7365,3.7891,1.4158,1.212,1.1612,4.9399,1.9431,1.6213,1.3755,0.6375,0.6836,0.6629,0.5356,50,950.74,688.35,1,1,2025-10-02 02:14:50,18.3,74.3,,1,0,,0
2025-10-02 02:15:20,636.49,3.1148,237.25,6.7513,20.2539,238.17,236.59,237.01,410.6,408.44,413.75,410.97,8.0172,6.6846,5.5521,1.3182,1.0777,0.7189,3.6335,1.3772,1.1546,1.1017,4.8069,1.9095,1.5815,1.3159,0.6508,0.6914,0.6823,0.5464,50,950.8,688.4,1,1,2025-10-02 02:15:50,18.200000000000003,74.1,,1,0,,0
2025-10-02 02:16:05,636.52,3.1782,244.25,7.1287,21.386200000000002,242.41,245.03,245.32,421.78,423.13,424.23,423.1,8.1072,7.2642,6.0148,1.2772,1.0976,0.8034,4.1235,1.489,1.3974,1.2371,5.2208,1.9653,1.7799,1.4756,0.6104,0.651,0.6176,0.5446,50,950.86,688.44,1,1,2025-10-02 02:16:50,18.200000000000003,74,,1,0,,0
2025-10-02 02:16:50,636.56,3.1163,239.21,6.8366,20.5098,238.58,239.45,239.6,413.72,412.89,416.3,414.36,7.9224,6.9029,5.6845,1.277,1.0794,0.7599,3.7679,1.3894,1.2486,1.1298,4.905,1.8901,1.6529,1.362,0.6373,0.6766,0.6539,0.5581,50,950.92,688.49,1,1,2025-10-02 02:16:50,18.200000000000003,74,,1,0,,0
2025-10-02 02:18:20,636.64,3.1354,239.25,6.8628,20.5884,239,239.67,239.1,414.46,412.17,416.53,414.34,8.0181,6.9264,5.6439,1.2888,1.1008,0.7458,3.7769,1.4139,1.2392,1.1238,4.9258,1.9163,1.6601,1.3495,0.6387,0.6736,0.6641,0.5529,50,951.04,688.58,1,1,2025-10-02 02:18:50,18.1,73.8,,1,0,,0
2025-10-02 02:19:05,636.68,3.082,233.26,6.5836,19.750999999999998,234.44,231.27,234.09,403.04,401.1,407.93,403.98,7.879,6.3406,5.5314,1.3411,1.0209,0.7199,3.3913,1.2659,1.0498,1.0757,4.6084,1.8472,1.4664,1.2948,0.6725,0.7272,0.6971,0.5562,50,951.1,688.63,1,1,2025-10-02 02:19:50,18.1,73.8,,1,0,,0
2025-10-02 02:19:50,636.72,3.1232,237.24,6.7595,20.2787,237.12,237.33,237.28,410.33,409.49,412.9,410.83,7.9302,6.7684,5.5801,1.2958,1.083,0.7444,3.6364,1.3586,1.1834,1.0944,4.8108,1.8804,1.6063,1.324,0.6515,0.6901,0.6751,0.5624,50,951.16,688.68,1,1,2025-10-02 02:19:50,18.1,73.8,,1,0,,0
2025-10-02 02:20:35,636.76,3.1383,239.04,6.8223,20.4671,238.08,240.22,238.84,413.96,412.93,415.18,413.97,7.9231,6.9661,5.5779,1.2675,1.1119,0.759,3.7344,1.393,1.2474,1.0941,4.892,1.8863,1.6734,1.3322,0.6433,0.6729,0.6654,0.5699,50,951.22,688.72,1,1,2025-10-02 02:20:50,18.1,73.8,,1,0,,0
2025-10-02 02:21:20,636.8,3.0882,233.93,6.595,19.7852,233.91,233.48,234.42,404.11,403.4,408.02,405.11,7.7608,6.5416,5.4828,1.2945,1.05,0.7437,3.4231,1.2689,1.1064,1.0478,4.6279,1.8153,1.5273,1.2853,0.6698,0.7141,0.6883,0.5787,50,951.28,688.77,1,1,2025-10-02 02:21:50,18.1,73.7,,1,0,,0
2025-10-02 02:22:05,636.84,3.1835,243.45,7.0847,21.2543,243.23,244.08,243.04,421.21,420.25,423.5,421.67,8.297,7.1417,5.8156,1.3105,1.1289,0.7441,4.0562,1.5304,1.3248,1.2011,5.1746,2.0181,1.7431,1.4134,0.6173,0.6504,0.6485,0.5266,50,951.35,688.82,1,1,2025-10-02 02:22:50,18.0,73.7,,1,0,,0
2025-10-02 02:22:50,636.88,3.1435,239.6,6.8629,20.5887,239.06,239.97,239.78,414.38,413.35,417.23,414.95,8.0,6.9038,5.6849,1.294,1.0926,0.757,3.7797,1.4042,1.2423,1.1332,4.9323,1.9125,1.6567,1.3631,0.6394,0.6776,0.6604,0.5554,50,951.41,688.86,1,1,2025-10-02 02:22:50,18.0,73.7,,1,0,,0
2025-10-02 02:23:35,636.92,3.128,237.42,6.7679,20.3037,237.02,238.16,237.1,411.05,409.57,413.03,411.21,7.9255,6.8469,5.5313,1.281,1.1014,0.7456,3.6498,1.3708,1.2002,1.0788,4.8206,1.8785,1.6307,1.3115,0.6507,0.6827,0.6761,0.5685,50,951.47,688.91,1,1,2025-10-02 02:23:50,17.6,73.7,,1,0,,0
2025-10-02 02:24:20,636.96,3.1823,243.21,7.0762,21.2288,243.85,243.11,242.67,421.12,419,423.6,421.29,8.3434,7.0696,5.8158,1.3301,1.122,0.7302,4.0411,1.5352,1.2988,1.2071,5.1645,2.0345,1.7187,1.4113,0.6186,0.6548,0.6536,0.5175,50,951.53,688.96,1,1,2025-10-02 02:24:50,17.6,73.7,,1,0,,0
2025-10-02 02:25:05,636.99,3.1281,239.42,6.8429,20.528799999999997,239.6,238.77,239.89,413.93,413.19,416.91,414.72,8.0323,6.7749,5.7216,1.3168,1.0679,0.7435,3.7633,1.3987,1.2116,1.153,4.9147,1.9245,1.6176,1.3726,0.6392,0.6854,0.6612,0.5419,50,951.59,689,1,1,2025-10-02 02:25:50,17.6,73.7,,1,0,,0
2025-10-02 02:25:50,637.03,3.1107,237.01,6.7165,20.1496,236.77,236.95,237.33,409.85,409.11,412.58,410.5,7.843,6.7135,5.5931,1.2905,1.0663,0.7539,3.6011,1.3314,1.1776,1.0921,4.7752,1.857,1.5908,1.3274,0.6536,0.696,0.6712,0.568,50,951.65,689.05,1,1,2025-10-02 02:25:50,17.6,73.7,,1,0,,0
2025-10-02 02:26:35,637.07,3.1361,239.52,6.8504,20.5512,239.42,240.03,239.11,414.59,413.46,416.49,414.87,8.02,6.9097,5.6215,1.2905,1.1036,0.7421,3.774,1.4182,1.2354,1.1204,4.9228,1.9201,1.6585,1.3442,0.6391,0.673,0.6661,0.5522,50,951.71,689.1,1,1,2025-10-02 02:26:50,17.6,73.7,,1,0,,0
2025-10-02 02:27:20,637.11,3.0865,233.78,6.5877,19.7633,233.79,232.93,234.62,403.82,403.28,407.63,404.91,7.7337,6.4945,5.5351,1.3,1.0344,0.7521,3.4122,1.2528,1.1011,1.0583,4.6195,1.8081,1.5128,1.2986,0.6708,0.72,0.6847,0.5792,50,951.77,689.14,1,1,2025-10-02 02:27:50,17.6,73.9,,1,0,,0
2025-10-02 02:28:05,637.15,3.1154,237.25,6.7441,20.2325,237.97,237.1,236.69,410.95,408.66,413.15,410.91,7.9761,6.7375,5.5189,1.3031,1.0894,0.7229,3.6291,1.3761,1.1655,1.0874,4.8018,1.8981,1.5975,1.3063,0.6513,0.6875,0.6828,0.5535,50,951.83,689.19,1,1,2025-10-02 02:28:50,17.5,73.8,,1,0,,0
2025-10-02 02:28:50,637.19,3.1521,240.18,6.9079,20.7239,239.66,240.57,240.33,415.15,414.85,418,416,8.057,6.946,5.7209,1.2978,1.0986,0.7557,3.8304,1.4259,1.2562,1.1482,4.9768,1.9309,1.671,1.3749,0.6354,0.673,0.6583,0.5497,50,951.9,689.24,1,1,2025-10-02 02:28:50,17.5,73.8,,1,0,,0
2025-10-02 02:29:35,637.23,3.1016,234.56,6.6287,19.8862,234.8,234.3,234.58,405.85,404.31,408.61,406.23,7.8245,6.5935,5.4682,1.2984,1.067,0.7362,3.4608,1.2962,1.1146,1.0501,4.6648,1.8372,1.5449,1.2827,0.6674,0.7077,0.6915,0.574,50,951.95,689.28,1,1,2025-10-02 02:29:50,17.5,73.8,,1,0,,0
2025-10-02 02:30:20,637.27,3.1923,244.12,7.1325,21.3977,244.18,244.16,244.04,422.4,421.03,425.05,422.85,8.3744,7.1194,5.9039,1.3314,1.1189,0.742,4.1093,1.5476,1.3271,1.2346,5.2239,2.0449,1.7383,1.4408,0.6134,0.6521,0.6445,0.5151,50,952.02,689.33,1,1,2025-10-02 02:30:50,17.5,74,,1,0,,0
2025-10-02 02:31:05,637.31,3.1441,239.84,6.8812,20.6437,239.72,239.73,240.09,414.89,413.62,417.72,415.47,8.0563,6.863,5.7244,1.3097,1.0855,0.749,3.7992,1.4147,1.233,1.1515,4.9509,1.9313,1.6453,1.3744,0.6375,0.6793,0.6607,0.5452,50,952.08,689.38,1,1,2025-10-02 02:31:50,17.5,74,,1,0,,0
2025-10-02 02:31:50,637.35,3.1164,237.23,6.7392,20.217599999999997,236.66,237.18,237.86,410.07,409.92,412.68,410.89,7.8355,6.7381,5.644,1.2895,1.0629,0.764,3.623,1.3288,1.1906,1.1036,4.795,1.8543,1.5981,1.3425,0.6521,0.6964,0.6659,0.5691,50,952.14,689.42,1,1,2025-10-02 02:31:50,17.5,74,,1,0,,0
2025-10-02 02:32:35,637.38,3.1684,243.08,7.0428,21.1284,243.14,242.95,243.17,420.76,418.96,423.35,421.05,8.2733,7.0092,5.8459,1.3263,1.1015,0.7406,4.0164,1.5079,1.2955,1.2129,5.136,2.0116,1.7029,1.4215,0.6193,0.6604,0.6477,0.5211,50,952.2,689.47,1,1,2025-10-02 02:32:50,17.5,74,,1,0,,0
2025-10-02 02:33:20,637.43,3.1297,239.49,6.8462,20.5388,239.92,239.6,238.96,414.77,412.74,416.88,414.79,8.1025,6.8479,5.5884,1.3068,1.1026,0.7202,3.7724,1.4356,1.2125,1.1243,4.9201,1.944,1.6408,1.3354,0.6385,0.6731,0.6727,0.5394,50,952.26,689.52,1,1,2025-10-02 02:33:50,17.400000000000002,74,,1,0,,0
2025-10-02 02:34:05,637.46,3.1096,237.3,6.7481,20.2444,236.51,238.14,237.26,410.29,410.38,412.35,411.01,7.8465,6.8429,5.555,1.2663,1.0881,0.7552,3.6426,1.3528,1.2102,1.0796,4.8033,1.8558,1.6296,1.318,0.6492,0.6833,0.6685,0.5732,50,952.32,689.56,1,1,2025-10-02 02:34:50,17.400000000000002,74,,1,0,,0
2025-10-02 02:34:50,637.5,3.1343,239.74,6.853,20.5592,238.95,240.49,239.8,414.68,414.72,416.33,415.24,7.9811,6.9359,5.6422,1.2808,1.0994,0.7541,3.7825,1.4088,1.2511,1.1226,4.9281,1.9071,1.668,1.353,0.638,0.6726,0.6601,0.5576,50,952.38,689.61,1,1,2025-10-02 02:34:50,17.400000000000002,74,,1,0,,0
2025-10-02 02:35:35,637.54,3.0804,233.9,6.5784,19.7353,233.98,233.28,234.46,404.26,403.56,407.57,405.07,7.7309,6.5139,5.4905,1.293,1.0419,0.7455,3.4132,1.261,1.1032,1.049,4.6157,1.8089,1.5196,1.2873,0.6699,0.7159,0.6866,0.5792,50,952.45,689.66,1,1,2025-10-02 02:35:50,17.400000000000002,74.1,,1,0,,0
2025-10-02 02:36:20,637.58,3.1285,238.46,6.7932,20.3796,238.57,237.82,238.99,412.27,411.26,415.5,413.07,7.9814,6.7202,5.678,1.3169,1.0655,0.7461,3.6923,1.3711,1.1882,1.133,4.8593,1.9041,1.5982,1.357,0.6464,0.6927,0.6676,0.5499,50,952.51,689.7,1,1,2025-10-02 02:36:50,17.400000000000002,74.1,,1,0,,0
2025-10-02 02:37:05,637.62,3.1406,239.5,6.8385,20.515700000000002,238.83,240.25,239.42,414.54,413.67,416.22,414.78,7.9428,6.9404,5.6325,1.2783,1.1024,0.7598,3.7588,1.3975,1.2478,1.1134,4.9129,1.897,1.6674,1.3485,0.6411,0.6749,0.662,0.5636,50,952.57,689.75,1,1,2025-10-02 02:37:50,17.400000000000002,73.9,,1,0,,0
2025-10-02 02:37:50,637.66,3.0934,234.12,6.6074,19.8223,234.17,233.38,234.82,404.86,403.81,407.84,405.38,7.7433,6.5356,5.5434,1.2981,1.0411,0.7542,3.4342,1.262,1.1118,1.0604,4.6402,1.8132,1.5253,1.3017,0.6692,0.717,0.6835,0.5795,50,952.63,689.79,1,1,2025-10-02 02:37:50,17.400000000000002,73.9,,1,0,,0
2025-10-02 02:38:35,637.7,3.1767,242.59,7.0432,21.1296,243.38,241.96,242.45,419.69,418.31,422.55,420.2,8.3143,6.9663,5.849,1.3429,1.1017,0.7321,3.9958,1.5091,1.2726,1.214,5.1272,2.0235,1.6856,1.4181,0.6223,0.6647,0.6545,0.5164,50,952.69,689.84,1,1,2025-10-02 02:38:50,17.400000000000002,74,,1,0,,0
2025-10-02 02:39:20,637.74,3.136,239.29,6.8356,20.506800000000002,239.53,238.83,239.51,413.8,413.07,416.49,414.45,8.0286,6.7874,5.6908,1.3153,1.0769,0.7438,3.7494,1.3988,1.2088,1.1418,4.9071,1.9231,1.621,1.363,0.6415,0.685,0.6652,0.5458,50,952.75,689.89,1,1,2025-10-02 02:39:50,17.400000000000002,74,,1,0,,0
2025-10-02 02:40:50,637.82,3.1875,243.2,7.0658,21.197599999999998,242.96,243.98,242.67,421.22,420.03,422.43,421.11,8.2575,7.153,5.7871,1.3046,1.1352,0.7478,4.0308,1.5201,1.3224,1.1882,5.1558,2.0062,1.7452,1.4044,0.6202,0.6512,0.6513,0.5326,50,952.87,689.98,1,1,2025-10-02 02:40:50,17.3,74.2,,1,0,,0
2025-10-02 02:41:35,637.86,3.1442,239.51,6.8499,20.5498,239.52,239,240.03,414.27,413.15,417.11,414.84,8.0477,6.7815,5.7206,1.3222,1.0748,0.7472,3.7611,1.3988,1.2105,1.1519,4.9215,1.9276,1.6208,1.3731,0.6413,0.6869,0.6639,0.5442,50,952.93,690.03,1,1,2025-10-02 02:41:50,17.3,74,,1,0,,0
2025-10-02 02:42:20,637.9,3.1236,237.07,6.7499,20.2498,236.98,236.97,237.26,410.1,408.98,412.73,410.62,7.9264,6.7178,5.6056,1.3034,1.0735,0.7467,3.6216,1.3487,1.1728,1.1001,4.8003,1.8784,1.5919,1.33,0.6531,0.6949,0.6751,0.5615,50,952.99,690.07,1,1,2025-10-02 02:42:50,17.3,73.9,,1,0,,0
2025-10-02 02:43:05,637.93,3.1424,239.4,6.8644,20.593400000000003,239.84,239.23,239.13,414.29,412.39,417.23,414.67,8.119,6.8167,5.6577,1.3205,1.0935,0.7284,3.7732,1.4269,1.2068,1.1395,4.9309,1.9473,1.6308,1.3529,0.6399,0.6792,0.6714,0.5386,50,953.05,690.12,1,1,2025-10-02 02:43:50,17.3,73.9,,1,0,,0
2025-10-02 02:43:50,637.97,3.0894,234.08,6.6004,19.8014,234.68,233.42,234.15,404.75,403.32,408.22,405.38,7.849,6.494,5.4584,1.3118,1.0528,0.7247,3.4298,1.2894,1.088,1.0524,4.6359,1.842,1.5158,1.2781,0.6692,0.7131,0.6953,0.5671,50,953.12,690.17,1,1,2025-10-02 02:43:50,17.3,73.9,,1,0,,0
2025-10-02 02:44:35,638.01,3.1174,237.51,6.7449,20.234900000000003,236.69,239.05,236.81,411.77,410.09,412.26,411.4,7.835,6.9145,5.4854,1.2528,1.111,0.7536,3.6425,1.3639,1.2211,1.0575,4.8064,1.8545,1.6529,1.299,0.6502,0.6764,0.6729,0.5803,50,953.18,690.21,1,1,2025-10-02 02:44:50,17.3,73.9,,1,0,,0
2025-10-02 02:45:20,638.05,3.1412,239.72,6.8518,20.555600000000002,239.9,239.89,239.37,414.86,413.65,417.08,415.15,8.0728,6.852,5.6308,1.3078,1.0995,0.7339,3.7738,1.4245,1.2191,1.1301,4.9282,1.9367,1.6437,1.3478,0.6397,0.6762,0.6697,0.5446,50,953.24,690.26,1,1,2025-10-02 02:45:50,17.3,73.8,,1,0,,0
2025-10-02 02:46:05,638.09,3.1186,237.1,6.7291,20.1875,237.31,237.36,236.63,410.61,409.13,412.23,410.65,7.9294,6.762,5.4961,1.2935,1.093,0.7321,3.6097,1.3628,1.1726,1.0744,4.7873,1.8817,1.605,1.3005,0.6537,0.6884,0.6818,0.563,50,953.3,690.31,1,1,2025-10-02 02:46:50,17.3,73.9,,1,0,,0
2025-10-02 02:46:50,638.13,3.1788,243.12,7.0675,21.2027,243.91,242.62,242.85,421.17,418.95,423.18,421.1,8.3509,7.0191,5.8327,1.3393,1.1129,0.7266,4.0314,1.5302,1.2859,1.2153,5.1563,2.0369,1.703,1.4165,0.6191,0.6586,0.6544,0.5131,50,953.36,690.35,1,1,2025-10-02 02:46:50,17.3,73.9,,1,0,,0
2025-10-02 02:47:35,638.17,3.135,238.8,6.8116,20.4349,239.47,238.35,238.59,413.42,411.41,415.99,413.58,8.0584,6.7556,5.6209,1.3214,1.0852,0.7285,3.7141,1.4021,1.1866,1.1254,4.881,1.9297,1.6102,1.3411,0.645,0.6858,0.6748,0.5433,50,953.42,690.4,1,1,2025-10-02 02:47:50,17.3,73.9,,1,0,,0
2025-10-02 02:48:20,638.21,3.1198,237.01,6.7337,20.2012,237.58,236.59,236.86,410.24,408.28,412.99,410.55,7.9711,6.6777,5.5524,1.3137,1.0772,0.7289,3.6072,1.3601,1.1529,1.0942,4.7888,1.8938,1.5799,1.3151,0.6541,0.6947,0.6827,0.5544,50,953.48,690.44,1,1,2025-10-02 02:48:50,17.3,73.9,,1,0,,0
2025-10-02 02:49:05,638.25,3.1775,243.32,7.0757,21.2271,243.6,242.63,243.73,420.52,419.35,424.42,421.46,8.3136,6.9916,5.9219,1.3419,1.0918,0.7439,4.0434,1.5121,1.295,1.2364,5.1649,2.0252,1.6964,1.4433,0.6178,0.6637,0.6445,0.5155,50,953.54,690.49,1,1,2025-10-02 02:49:50,17.3,73.9,,1,0,,0
2025-10-02 02:49:50,638.29,3.1387,239.6,6.8551,20.5654,239.32,239.55,239.93,414.36,413.78,416.82,414.99,8.0042,6.8546,5.7066,1.302,1.0816,0.7551,3.7738,1.4004,1.2321,1.1413,4.9268,1.9156,1.642,1.3692,0.6394,0.6809,0.6596,0.5517,50,953.6,690.54,1,1,2025-10-02 02:49:50,17.3,73.9,,1,0,,0
2025-10-02 02:50:35,638.33,3.1232,237.05,6.7396,20.2188,236.66,237.35,237.16,410.01,409.49,412.25,410.58,7.8679,6.7794,5.5715,1.2855,1.083,0.7547,3.6146,1.3432,1.1873,1.0841,4.7924,1.862,1.6091,1.3213,0.6537,0.6914,0.6739,0.5713,50,953.66,690.58,1,1,2025-10-02 02:50:50,17.200000000000003,74,,1,0,,0
2025-10-02 02:51:20,638.37,3.1504,239.4,6.8612,20.5837,239.65,238.88,239.68,414.16,412.65,417.13,414.65,8.0477,6.805,5.731,1.3217,1.0789,0.7498,3.7629,1.4,1.2126,1.1502,4.9278,1.9286,1.6256,1.3736,0.6419,0.6864,0.6647,0.546,50,953.73,690.63,1,1,2025-10-02 02:51:50,17.200000000000003,74,,1,0,,0
2025-10-02 02:52:05,638.4,3.0954,234.03,6.5906,19.7718,234.08,233.15,234.87,404.17,403.71,408.15,405.43,7.7562,6.4797,5.5359,1.3079,1.0368,0.7508,3.4118,1.2551,1.0959,1.0608,4.6265,1.8156,1.5107,1.3002,0.6719,0.7215,0.6872,0.5776,50,953.79,690.68,1,1,2025-10-02 02:52:50,16.8,74,,1,0,,0
2025-10-02 02:52:50,638.44,3.1241,237.18,6.7475,20.2426,238.03,236.65,236.87,410.91,408.28,413.22,410.84,8.0114,6.6796,5.5516,1.3206,1.0813,0.7222,3.6203,1.3717,1.1502,1.0985,4.8027,1.907,1.5807,1.315,0.6533,0.6935,0.6849,0.5493,50,953.85,690.72,1,1,2025-10-02 02:52:50,16.8,74,,1,0,,0
2025-10-02 02:53:35,638.48,3.1489,239.51,6.8535,20.5606,239.32,239.14,240.07,414.31,412.88,417.3,414.83,8.0282,6.8052,5.7272,1.3176,1.0766,0.7547,3.759,1.3937,1.2169,1.1484,4.9236,1.9213,1.6274,1.3749,0.6421,0.6869,0.6626,0.5491,50,953.91,690.77,1,1,2025-10-02 02:53:50,16.8,74.2,,1,0,,0
2025-10-02 02:54:20,638.52,3.1105,236.18,6.6971,20.0915,236.03,235.76,236.76,408.03,407.74,411.44,406.28,7.8779,6.6252,5.5884,1.3074,1.0564,0.7468,3.5567,1.3179,1.1474,1.0914,4.7445,1.8594,1.562,1.3231,0.6583,0.7042,0.6773,0.5647,50,953.97,690.81,1,1,2025-10-02 02:54:50,16.8,74,,1,0,,0
2025-10-02 02:55:05,638.56,3.1786,243.32,7.0537,21.1612,242.34,243.75,243.88,420.52,420.57,423.22,421.46,8.1806,7.0898,5.8908,1.3062,1.1024,0.77,4.0262,1.4867,1.3273,1.2122,5.1473,1.9825,1.7281,1.4366,0.6196,0.66,0.6389,0.5344,50,954.03,690.86,1,1,2025-10-02 02:55:50,16.8,74,,1,0,,0
2025-10-02 02:55:50,638.6,3.1377,239.31,6.8509,20.552799999999998,239.52,239.41,239.02,414.56,412.18,416.73,414.49,8.0879,6.8462,5.6187,1.3093,1.0986,0.7298,3.7641,1.4238,1.2134,1.1268,4.9192,1.9372,1.639,1.343,0.6403,0.6775,0.6725,0.5451,50,954.09,690.91,1,1,2025-10-02 02:55:50,16.8,74,,1,0,,0
2025-10-02 02:56:35,638.64,3.1229,237.29,6.7535,20.2607,237.07,237.23,237.59,410.14,409.94,412.92,410.95,7.9264,6.735,5.5993,1.3012,1.0749,0.7468,3.6162,1.3471,1.1734,1.0957,4.8072,1.8791,1.5977,1.3303,0.6535,0.6933,0.6742,0.5619,50,954.15,690.95,1,1,2025-10-02 02:56:50,16.8,73.9,,1,0,,0
2025-10-02 02:57:20,638.68,3.2057,245.31,7.1813,21.5441,245,245.37,245.57,424.53,422.74,427.36,424.87,8.3984,7.1596,5.9861,1.3355,1.1155,0.7547,4.1916,1.5657,1.3592,1.2667,5.2844,2.0576,1.7568,1.47,0.6074,0.6502,0.6362,0.5132,50,954.22,691,1,1,2025-10-02 02:57:50,16.8,73.9,,1,0,,0
2025-10-02 02:58:05,638.72,3.1348,236.07,6.595,19.7852,239.54,234.16,234.52,409.9,404.43,412.35,413.52,7.706,6.5918,5.4874,1.325,1.0815,0.7283,3.707,1.3989,1.1806,1.1274,4.6763,1.8459,1.5435,1.2869,0.6457,0.7092,0.6853,0.5858,50,954.28,691.05,1,1,2025-10-02 02:58:50,16.8,74,,1,0,,0
2025-10-02 02:58:50,638.76,3.117,237.95,6.7704,20.311300000000003,237.78,237.7,238.37,411.43,410.81,414.16,412.12,7.9065,6.7426,5.6622,1.2987,1.0646,0.7537,3.6687,1.3549,1.1948,1.1189,4.8324,1.88,1.6027,1.3497,0.6474,0.6919,0.6652,0.5586,50,954.33,691.09,1,1,2025-10-02 02:58:50,16.8,74,,1,0,,0
2025-10-02 02:59:35,638.8,3.1346,239.81,6.8626,20.5878,239.44,239.58,240.43,414.28,414.21,417.6,415.56,7.9866,6.8409,5.7603,1.3033,1.0701,0.7612,3.7903,1.3952,1.2384,1.1567,4.9362,1.9123,1.6389,1.3849,0.6372,0.6826,0.6538,0.5497,50,954.4,691.14,1,1,2025-10-02 02:59:50,16.8,74,,1,0,,0
2025-10-02 03:01:05,638.88,3.1166,237.28,6.7206,20.1618,237.15,237.63,237.08,411.03,409.39,412.52,410.96,7.8784,6.7516,5.5318,1.2878,1.0847,0.7441,3.6085,1.3498,1.1792,1.0794,4.7842,1.8684,1.6044,1.3115,0.6536,0.6902,0.677,0.5675,50,954.52,691.23,1,1,2025-10-02 03:01:50,16.8,73.9,,1,0,,0
2025-10-02 03:01:50,638.91,3.1475,239.86,6.8636,20.5908,240.23,239.74,239.62,415.55,413.22,417.55,415.41,8.1144,6.8178,5.6586,1.3224,1.0945,0.7307,3.7802,1.4279,1.2108,1.1415,4.9397,1.9493,1.6345,1.3559,0.6398,0.6794,0.6705,0.539,50,954.58,691.28,1,1,2025-10-02 03:01:50,16.8,73.9,,1,0,,0
2025-10-02 03:02:35,638.95,3.1186,237.26,6.7419,20.2258,237.91,236.88,237.01,411.04,408.75,413.06,410.91,7.9843,6.6757,5.5658,1.3159,1.0765,0.7263,3.6229,1.3662,1.1558,1.1009,4.8,1.8995,1.5813,1.3192,0.6523,0.6937,0.6815,0.5506,50,954.64,691.33,1,1,2025-10-02 03:02:50,16.8,73.8,,1,0,,0
2025-10-02 03:03:20,638.99,3.1833,243.13,7.0599,21.1798,243.76,242.53,243.11,420.9,418.67,423.75,421.08,8.371,6.9464,5.8624,1.3546,1.1025,0.7262,4.0172,1.5211,1.2704,1.2257,5.1504,2.0405,1.6847,1.4252,0.621,0.665,0.6554,0.5097,50,954.7,691.37,1,1,2025-10-02 03:03:50,16.8,73.9,,1,0,,0
2025-10-02 03:04:05,639.03,3.1492,239.57,6.8607,20.5822,239.62,239.36,239.73,414.87,412.5,417.41,414.97,8.0732,6.8163,5.6927,1.3191,1.0869,0.7431,3.7679,1.4105,1.2135,1.1439,4.9308,1.9345,1.6315,1.3647,0.6412,0.683,0.6672,0.5447,50,954.77,691.42,1,1,2025-10-02 03:04:50,16.8,73.9,,1,0,,0
2025-10-02 03:04:50,639.07,3.1264,237.24,6.7596,20.2788,237.76,236.9,237.07,410.57,408.54,413.59,410.87,7.986,6.7072,5.5856,1.3143,1.0793,0.7328,3.6327,1.3666,1.1635,1.1026,4.8119,1.8988,1.5889,1.3242,0.6523,0.6931,0.68,0.5535,50,954.83,691.47,1,1,2025-10-02 03:04:50,16.8,73.9,,1,0,,0
2025-10-02 03:05:35,639.11,3.2106,245.2,7.1831,21.549500000000002,244.75,246.97,243.89,425.88,422.8,425.38,424.64,8.387,7.3732,5.7893,1.2898,1.1762,0.7446,4.1796,1.5932,1.3872,1.1992,5.2856,2.0527,1.821,1.412,0.6091,0.6292,0.6467,0.5274,50,954.88,691.51,1,1,2025-10-02 03:05:50,16.8,73.9,,1,0,,0
2025-10-02 03:06:20,639.15,3.1387,239.83,6.8596,20.579,239.33,239.76,240.42,414.85,413.81,417.52,415.38,8.0039,6.8345,5.7406,1.3061,1.0741,0.7586,3.784,1.3971,1.2344,1.1525,4.9344,1.9156,1.6386,1.3802,0.6384,0.6828,0.6564,0.5497,50,954.95,691.56,1,1,2025-10-02 03:06:50,16.8,73.9,,1,0,,0
2025-10-02 03:07:05,639.19,3.1297,238.36,6.7826,20.347900000000003,238.93,238.39,237.78,413.23,410.53,414.79,412.82,8.0264,6.7804,5.5411,1.3075,1.0978,0.7244,3.6835,1.3994,1.1838,1.1002,4.8517,1.9177,1.6164,1.3176,0.6474,0.6827,0.6799,0.5499,50,955.01,691.61,1,1,2025-10-02 03:07:50,16.8,73.8,,1,0,,0
2025-10-02 03:07:50,639.23,3.1356,239.59,6.8505,20.5516,239.63,239.81,239.34,414.94,413.1,416.87,415,8.0505,6.8699,5.6312,1.3012,1.0975,0.737,3.7742,1.4205,1.2258,1.1279,4.9244,1.9291,1.6475,1.3478,0.639,0.6754,0.667,0.547,50,955.07,691.65,1,1,2025-10-02 03:07:50,16.8,73.8,,1,0,,0
2025-10-02 03:08:35,639.27,3.0784,233.93,6.5735,19.7207,234.33,232.99,234.49,404.69,402.92,407.92,405.23,7.7863,6.4515,5.4829,1.3086,1.0366,0.7332,3.4088,1.2675,1.0857,1.0556,4.6134,1.8246,1.5031,1.2857,0.6702,0.7183,0.6905,0.5704,50,955.13,691.7,1,1,2025-10-02 03:08:50,16.8,73.9,,1,0,,0
2025-10-02 03:09:20,639.31,3.1193,237.46,6.7536,20.2609,238.01,237.64,236.75,411.72,409,413.15,411.31,7.9944,6.7563,5.5102,1.3016,1.0953,0.7224,3.6408,1.3841,1.1712,1.0855,4.8129,1.9027,1.6056,1.3045,0.6506,0.685,0.683,0.554,50,955.19,691.75,1,1,,,,,1,0,,0
