readable_time,Active Energy (kWh),mt_power,mvol,mcurr,tot_curr,mvol_r,mvol_y,mvol_b,mvol_ry,mvol_yb,mvol_br,mvolt_p,Phase Current L1 (A),Phase Current L2 (A),Phase Current L3 (A),L1 Active Power (kW),L2 Active Power (kW),L3 Active Power (kW),mr_power,mrpow_r,mrpow_y,mrpow_b,ma_power,mapow_r,mapow_y,mapow_b,mt_pf,mpf_r,mpf_y,mpf_b,mfreq,ma_energy,mr_energy,con_st,mc_st,temp_time,Temperature (°C),humidity,Door Status,compressor_on,heater_on,door_status,fan_status
2025-10-01 09:53:00,229.33,0.3049,235.2,0.4434,1.3303,235.45,234.27,235.89,407.38,407.06,407.7,407.4,0.0,1.3303,0.0,0.0,0.3049,0.0,0.0598,0,0.0598,0,0.3116,0,0.3116,0,0.9813,1,0.9813,1,50.2,313.64,196.78,0,1,2025-10-01 09:53:00,20.7,91.2,,0,0,,1
2025-10-01 09:53:45,229.33,0.3039,234.5,0.4425,1.3276,234.32,233.96,235.24,406.76,405.76,405.98,406.12,0.0,1.3276,0.0,0.0,0.3039,0.0,0.0594,0,0.0594,0,0.3106,0,0.3106,0,0.9814,1,0.9814,1,50.2,313.65,196.78,0,1,2025-10-01 09:53:45,20.7,91.4,,0,0,,1
2025-10-01 09:54:30,229.33,0.303,233.9,0.4418,1.3254,233.65,233.53,234.52,405.98,404.74,404.63,405.22,0.0,1.3254,0.0,0.0,0.303,0.0,0.0588,0,0.0588,0,0.3095,0,0.3095,0,0.9816,1,0.9816,1,50.2,313.65,196.78,0,1,2025-10-01 09:54:30,20.7,91.5,,0,0,,1
2025-10-01 09:55:15,229.34,0.3027,233.95,0.4416,1.325,233.82,233.33,234.7,405.9,404.63,405.08,405.32,0.0,1.325,0.0,0.0,0.3027,0.0,0.0587,0,0.0587,0,0.3092,0,0.3092,0,0.9816,1,0.9816,1,50.2,313.65,196.78,0,1,2025-10-01 09:55:15,20.7,91.6,,0,0,,1
2025-10-01 09:56:00,229.34,0.3022,233.74,0.4414,1.3243,233.68,233,234.55,405.32,404.25,404.98,404.85,0.0,1.3243,0.0,0.0,0.3022,0.0,0.0581,0,0.0581,0,0.3086,0,0.3086,0,0.982,1,0.982,1,50.2,313.66,196.78,0,1,2025-10-01 09:56:00,20.8,91.8,,0,0,,1
2025-10-01 09:56:45,229.35,0.3026,233.69,0.4419,1.3257,233.56,233.04,234.48,405.33,404.77,404.17,404.66,0.0,1.3257,0.0,0.0,0.3026,0.0,0.058,0,0.058,0,0.3089,0,0.3089,0,0.9821,1,0.9821,1,50.3,313.66,196.78,0,1,2025-10-01 09:56:45,20.8,91.9,,0,0,,1
2025-10-01 09:57:30,229.35,0.4065,242.76,0.5685,1.7056,243.87,241.05,243.36,51.88,51.27,102.99,68.37,0.0,1.7056,0.0,0.0,0.4065,0.0,0.0547,0,0.0547,0,0.4111,0,0.4111,0,0.991,1,0.991,1,49.2,313.67,196.78,0,1,2025-10-01 09:57:30,21.2,92.1,,0,0,,1
2025-10-01 09:58:15,229.35,0.3108,240.79,0.4459,1.3378,240.62,238.78,242.97,416.31,417.73,417.11,417.06,0.0,1.3378,0.0,0.0,0.3108,0.0,0.0689,0,0.0689,0,0.3194,0,0.3194,0,0.9762,1,0.9762,1,50,313.67,196.78,0,1,2025-10-01 09:58:15,21.2,92.1,,0,0,,1
2025-10-01 09:59:00,229.35,0.31,241.27,0.4451,1.3355,242.04,238.49,243.3,417.08,417.62,418.99,417.87,0.0,1.3355,0.0,0.0,0.31,0.0,0.0683,0,0.0683,0,0.3185,0,0.3185,0,0.9766,1,0.9766,1,50,313.67,196.78,0,1,2025-10-01 09:59:00,21.2,92.1,,0,0,,1
2025-10-01 09:59:45,229.36,0.3103,241.28,0.4454,1.3364,242.04,238.49,243.33,417.05,417.58,419.1,417.89,0.0,1.3364,0.0,0.0,0.3103,0.0,0.068,0,0.068,0,0.3187,0,0.3187,0,0.9768,1,0.9768,1,50,313.68,196.78,0,1,2025-10-01 09:59:45,21.3,92.2,,0,0,,1
2025-10-01 10:00:30,229.36,0.3107,241.28,0.4459,1.3378,242.08,238.46,243.3,417.12,418.28,418.29,417.9,0.0,1.3378,0.0,0.0,0.3107,0.0,0.0678,0,0.0678,0,0.319,0,0.319,0,0.9769,1,0.9769,1,50,313.68,196.78,0,1,2025-10-01 10:00:30,21.3,92.2,,0,0,,1
2025-10-01 10:01:15,229.4,3.8097,238.9,7.5032,22.509700000000002,237.52,237.05,242.14,411.49,414.8,415.08,413.86,7.6852,7.8567,6.9678,1.281,1.38,1.1487,3.7761,1.2959,1.2466,1.2336,5.375,1.8254,1.8624,1.6872,0.7102,0.703,0.742,0.6814,50,313.74,196.82,1,1,2025-10-01 10:01:15,21.3,91.6,,1,0,,0
2025-10-01 10:02:00,229.44,3.7993,238.96,7.4867,22.4603,237.58,237.08,242.23,411.54,414.6,415.54,413.68,7.6724,7.8288,6.9591,1.2764,1.3753,1.1475,3.7701,1.296,1.2419,1.2322,5.3646,1.8228,1.8561,1.6857,0.7098,0.7016,0.7422,0.6815,50,313.8,196.86,1,1,2025-10-01 10:02:00,21.2,87.1,,1,0,,0
2025-10-01 10:02:45,229.49,3.7417,238.95,7.4273,22.2819,237.58,237.07,242.21,411.74,414.15,415.73,413.91,7.6145,7.7696,6.8978,1.2581,1.3565,1.127,3.7702,1.2959,1.2425,1.2318,5.3217,1.8091,1.8419,1.6707,0.7044,0.6965,0.7374,0.675,50,313.87,196.91,1,1,2025-10-01 10:02:45,20.7,82.3,,1,0,,0
2025-10-01 10:03:30,229.54,3.7395,238.95,7.4204,22.261400000000002,237.54,237.07,242.24,411.06,414.9,415.66,413.92,7.5991,7.7683,6.894,1.2553,1.3583,1.1259,3.7639,1.2927,1.2398,1.2314,5.3167,1.8051,1.8416,1.67,0.7048,0.6966,0.7385,0.6747,50,313.93,196.96,1,1,2025-10-01 10:03:30,20.6,78.2,,1,0,,0
2025-10-01 10:04:15,229.59,3.7697,239.34,7.4616,22.384999999999998,238.38,237.16,242.5,412.1,415.65,415.93,414.53,7.7189,7.7499,6.9162,1.2769,1.3484,1.1444,3.7903,1.3203,1.2458,1.2241,5.3552,1.84,1.838,1.6772,0.7051,0.6951,0.7344,0.6829,50,314,197.01,1,1,2025-10-01 10:04:15,20.5,74.4,,1,0,,0
2025-10-01 10:05:00,229.63,3.7729,239.34,7.4614,22.3843,238.39,237.13,242.51,411.99,415.37,416.3,414.55,7.7225,7.75,6.9118,1.2784,1.3491,1.1453,3.7862,1.32,1.2446,1.2216,5.3549,1.841,1.8378,1.6762,0.7058,0.6957,0.7349,0.6839,50,314.06,197.05,1,1,2025-10-01 10:05:00,19.9,71.9,,1,0,,0
2025-10-01 10:05:45,229.66,0.4772,235.17,0.6862,2.0587,235.68,234.52,235.33,50.36,49.8,99.79,0,0.0,2.0587,0.0,0.0,0.4772,0.0,0.069,0,0.069,0,0.4828,0,0.4828,0,0.9897,1,0.9897,1,50,314.1,197.08,0,1,2025-10-01 10:05:45,19.8,70.2,,0,0,,1
2025-10-01 10:06:30,229.66,0.3085,235.01,0.4473,1.3421,234.66,235.03,235.34,407.93,406.65,406.54,407.26,0.0,1.3421,0.0,0.0,0.3085,0.0,0.0612,0,0.0612,0,0.3154,0,0.3154,0,0.9809,1,0.9809,1,50.1,314.11,197.08,0,1,2025-10-01 10:06:30,19.7,71.4,,0,0,,1
2025-10-01 10:07:15,229.66,0.3069,234.78,0.4462,1.3388,234.62,234.24,235.48,407.67,405.47,406.77,406.64,0.0,1.3388,0.0,0.0,0.3069,0.0,0.0601,0,0.0601,0,0.3136,0,0.3136,0,0.9813,1,0.9813,1,50.1,314.11,197.08,0,1,2025-10-01 10:07:15,19.6,74.2,,0,0,,1
2025-10-01 10:08:00,229.67,0.3057,234.67,0.445,1.3352,234.65,234.13,235.24,407.23,406.08,406.06,406.43,0.0,1.3352,0.0,0.0,0.3057,0.0,0.0608,0,0.0608,0,0.3126,0,0.3126,0,0.9807,1,0.9807,1,50,314.12,197.08,0,1,2025-10-01 10:08:00,19.7,76.8,,0,0,,1
2025-10-01 10:08:45,229.67,0.3055,234.78,0.4448,1.3344,234.73,234.03,235.6,406.77,406.78,406.41,406.78,0.0,1.3344,0.0,0.0,0.3055,0.0,0.0605,0,0.0605,0,0.3123,0,0.3123,0,0.9809,1,0.9809,1,50.1,314.12,197.08,0,1,2025-10-01 10:08:45,19.7,78.9,,0,0,,1
2025-10-01 10:09:30,229.68,0.3044,233.9,0.4443,1.333,233.7,233.34,234.68,406.18,404.62,404.58,405.13,0.0,1.333,0.0,0.0,0.3044,0.0,0.0597,0,0.0597,0,0.311,0,0.311,0,0.9813,1,0.9813,1,50.1,314.12,197.08,0,1,2025-10-01 10:09:30,19.7,80.8,,0,0,,1
2025-10-01 10:10:15,229.68,0.304,233.67,0.4437,1.3312,233.43,233.41,234.17,405.71,404.27,404.17,404.51,0.0,1.3312,0.0,0.0,0.304,0.0,0.06,0,0.06,0,0.3107,0,0.3107,0,0.9811,1,0.9811,1,50,314.13,197.08,0,1,2025-10-01 10:10:15,19.8,82.4,,0,0,,1
2025-10-01 10:11:00,229.68,0.3031,233.55,0.4432,1.3296,233.65,232.91,234.09,405.96,403.89,403.68,404.47,0.0,1.3296,0.0,0.0,0.3031,0.0,0.0592,0,0.0592,0,0.3097,0,0.3097,0,0.9814,1,0.9814,1,50.1,314.13,197.09,0,1,2025-10-01 10:11:00,19.8,83.6,,0,0,,1
2025-10-01 10:11:45,229.69,0.3028,233.75,0.4428,1.3286,233.86,232.97,234.42,405.85,404.34,404.38,404.84,0.0,1.3286,0.0,0.0,0.3028,0.0,0.0597,0,0.0597,0,0.3095,0,0.3095,0,0.9811,1,0.9811,1,50.1,314.13,197.09,0,1,2025-10-01 10:11:45,19.8,84.8,,0,0,,1
2025-10-01 10:12:30,229.69,0.3036,234.13,0.4433,1.33,234.39,233.33,234.69,406.77,404.77,405.04,405.52,0.0,1.33,0.0,0.0,0.3036,0.0,0.06,0,0.06,0,0.3103,0,0.3103,0,0.981,1,0.981,1,50.1,314.14,197.09,0,1,2025-10-01 10:12:30,19.9,85.6,,0,0,,1
2025-10-01 10:13:15,229.69,0.3032,233.93,0.4429,1.3289,233.97,233.2,234.63,405.66,404.81,405.07,405.21,0.0,1.3289,0.0,0.0,0.3032,0.0,0.0598,0,0.0598,0,0.3099,0,0.3099,0,0.981,1,0.981,1,50.1,314.14,197.09,0,1,2025-10-01 10:13:15,19.9,86.5,,0,0,,1
2025-10-01 10:14:00,229.7,0.3025,233.54,0.4421,1.3265,233.15,233.24,234.24,405.52,403.6,404.37,404.46,0.0,1.3265,0.0,0.0,0.3025,0.0,0.0604,0,0.0604,0,0.3094,0,0.3094,0,0.9806,1,0.9806,1,50,314.15,197.09,0,1,2025-10-01 10:14:00,20.0,87.2,,0,0,,1
2025-10-01 10:14:45,229.7,0.3038,233.95,0.4431,1.3295,233.87,233.65,234.35,406.48,404.13,405.03,405.12,0.0,1.3295,0.0,0.0,0.3038,0.0,0.0606,0,0.0606,0,0.3106,0,0.3106,0,0.9806,1,0.9806,1,50.1,314.15,197.09,0,1,2025-10-01 10:14:45,20.4,87.8,,0,0,,1
2025-10-01 10:15:30,229.71,0.3022,233.61,0.4418,1.3254,233.36,233.23,234.25,405.61,404.24,404,404.7,0.0,1.3254,0.0,0.0,0.3022,0.0,0.0605,0,0.0605,0,0.3091,0,0.3091,0,0.9805,1,0.9805,1,50,314.15,197.09,0,1,2025-10-01 10:15:30,20.4,88.4,,0,0,,1
2025-10-01 10:16:15,229.71,0.301,233.21,0.4409,1.3228,232.95,232.74,233.96,404.54,403.6,403.66,404.12,0.0,1.3228,0.0,0.0,0.301,0.0,0.0606,0,0.0606,0,0.3079,0,0.3079,0,0.9803,1,0.9803,1,50,314.16,197.09,0,1,2025-10-01 10:16:15,20.5,88.9,,0,0,,1
2025-10-01 10:17:00,229.71,0.3003,232.79,0.4406,1.3219,232.5,232.37,233.5,403.97,402.59,403.02,403.23,0.0,1.3219,0.0,0.0,0.3003,0.0,0.0603,0,0.0603,0,0.3072,0,0.3072,0,0.9804,1,0.9804,1,49.9,314.16,197.09,0,1,2025-10-01 10:17:00,20.5,89.3,,0,0,,1
2025-10-01 10:17:45,229.72,0.3001,232.62,0.4404,1.3214,231.98,232.31,233.57,403.27,402.66,402.78,402.99,0.0,1.3214,0.0,0.0,0.3001,0.0,0.0603,0,0.0603,0,0.307,0,0.307,0,0.9804,1,0.9804,1,49.9,314.17,197.09,0,1,2025-10-01 10:17:45,20.5,89.6,,0,0,,1
2025-10-01 10:18:30,229.72,0.3007,232.81,0.4406,1.322,232.23,232.63,233.59,403.85,402.71,403.16,403.19,0.0,1.322,0.0,0.0,0.3007,0.0,0.0604,0,0.0604,0,0.3075,0,0.3075,0,0.9804,1,0.9804,1,50,314.17,197.09,0,1,2025-10-01 10:18:30,20.6,89.9,,0,0,,1
2025-10-01 10:19:15,229.72,0.3017,233.84,0.4412,1.3237,233.55,233.26,234.71,406.26,404.02,404.74,404.89,0.0,1.3237,0.0,0.0,0.3017,0.0,0.0612,0,0.0612,0,0.3088,0,0.3088,0,0.98,1,0.98,1,50,314.17,197.09,0,1,2025-10-01 10:19:15,20.6,90.2,,0,0,,1
2025-10-01 10:20:00,229.73,0.302,233.94,0.4415,1.3247,234.03,233.27,234.53,406.95,403.99,404.62,405.14,0.0,1.3247,0.0,0.0,0.302,0.0,0.0609,0,0.0609,0,0.309,0,0.309,0,0.9802,1,0.9802,1,50,314.18,197.09,0,1,2025-10-01 10:20:00,20.6,90.6,,0,0,,1
2025-10-01 10:20:45,229.73,0.3028,234.24,0.442,1.3261,234.2,233.62,234.92,406.13,405.16,405.87,405.62,0.0,1.3261,0.0,0.0,0.3028,0.0,0.0612,0,0.0612,0,0.3098,0,0.3098,0,0.9801,1,0.9801,1,50,314.18,197.09,0,1,2025-10-01 10:20:45,20.7,90.8,,0,0,,1
2025-10-01 10:21:30,229.74,0.3022,234.03,0.4414,1.3243,233.9,233.5,234.7,406.55,404.75,404.74,405.39,0.0,1.3243,0.0,0.0,0.3022,0.0,0.061,0,0.061,0,0.3092,0,0.3092,0,0.9802,1,0.9802,1,50,314.19,197.1,0,1,2025-10-01 10:21:30,20.7,91,,0,0,,1
2025-10-01 10:22:15,229.74,0.3026,233.94,0.4417,1.3251,234.24,233.65,233.95,406.57,404.49,404.53,405.2,0.0,1.3251,0.0,0.0,0.3026,0.0,0.0613,0,0.0613,0,0.3096,0,0.3096,0,0.9801,1,0.9801,1,50,314.19,197.1,0,1,2025-10-01 10:22:15,20.7,91.2,,0,0,,1
2025-10-01 10:23:00,229.74,0.3032,234.39,0.442,1.3262,234.54,233.94,234.71,407.05,405.34,405.54,405.95,0.0,1.3262,0.0,0.0,0.3032,0.0,0.0612,0,0.0612,0,0.3103,0,0.3103,0,0.9802,1,0.9802,1,50,314.19,197.1,0,1,2025-10-01 10:23:00,20.7,91.4,,0,0,,1
2025-10-01 10:23:45,229.75,0.303,234.6,0.4418,1.3255,234.63,233.87,235.32,407.68,405.69,405.64,406.27,0.0,1.3255,0.0,0.0,0.303,0.0,0.0612,0,0.0612,0,0.31,0,0.31,0,0.9802,1,0.9802,1,50,314.2,197.1,0,1,2025-10-01 10:23:45,20.8,91.4,,0,0,,1
2025-10-01 10:24:30,229.75,0.3022,234.37,0.441,1.323,234.53,233.73,234.85,407.81,404.96,405,405.92,0.0,1.323,0.0,0.0,0.3022,0.0,0.0612,0,0.0612,0,0.3092,0,0.3092,0,0.98,1,0.98,1,50,314.2,197.1,0,1,2025-10-01 10:24:30,20.8,91.6,,0,0,,1
2025-10-01 10:25:15,229.76,0.3022,234.16,0.4413,1.3241,234.29,233.43,234.77,406.25,405.16,405.32,405.45,0.0,1.3241,0.0,0.0,0.3022,0.0,0.0606,0,0.0606,0,0.3091,0,0.3091,0,0.9804,1,0.9804,1,50,314.2,197.1,0,1,2025-10-01 10:25:15,21.2,91.7,,0,0,,1
2025-10-01 10:26:00,229.76,0.3023,234.14,0.4413,1.3239,234.32,233.6,234.5,406.68,405.36,404.55,405.57,0.0,1.3239,0.0,0.0,0.3023,0.0,0.0606,0,0.0606,0,0.3093,0,0.3093,0,0.9804,1,0.9804,1,50.1,314.21,197.1,0,1,2025-10-01 10:26:00,21.2,91.9,,0,0,,1
2025-10-01 10:26:45,229.76,0.3015,233.92,0.4409,1.3228,234.19,233.12,234.47,406.18,404.31,405,405.07,0.0,1.3228,0.0,0.0,0.3015,0.0,0.06,0,0.06,0,0.3084,0,0.3084,0,0.9807,1,0.9807,1,50,314.21,197.1,0,1,2025-10-01 10:26:45,21.2,91.9,,0,0,,1
2025-10-01 10:27:30,229.77,0.3027,234.21,0.4416,1.325,234.32,233.72,234.61,407.48,404.42,405.09,405.47,0.0,1.325,0.0,0.0,0.3027,0.0,0.0609,0,0.0609,0,0.3097,0,0.3097,0,0.9803,1,0.9803,1,50.1,314.22,197.1,0,1,2025-10-01 10:27:30,21.3,92,,0,0,,1
2025-10-01 10:28:15,229.77,0.3025,234.06,0.4415,1.3247,234.05,233.58,234.57,406.8,404.56,404.85,405.51,0.0,1.3247,0.0,0.0,0.3025,0.0,0.0603,0,0.0603,0,0.3094,0,0.3094,0,0.9807,1,0.9807,1,50.1,314.22,197.1,0,1,2025-10-01 10:28:15,21.3,92.1,,0,0,,1
2025-10-01 10:29:00,229.78,3.5882,233.2,7.1133,21.3401,232.65,232.81,234.14,404.4,403.73,403.59,403.89,7.4516,7.7634,6.1251,1.2999,1.3106,0.9776,3.4255,1.1409,1.2387,1.046,4.9751,1.7336,1.8074,1.4341,0.7233,0.7515,0.7267,0.6828,50.1,314.24,197.11,1,1,2025-10-01 10:29:00,21.3,92.2,,1,0,,0
2025-10-01 10:29:45,229.83,3.8056,233.26,7.3423,22.027099999999997,232.87,232.52,234.41,404.17,403.86,404.04,404.02,7.725,7.9172,6.3849,1.369,1.3691,1.0675,3.4303,1.1609,1.2243,1.0451,5.1365,1.7989,1.8409,1.4967,0.7427,0.7626,0.7454,0.7145,50,314.3,197.16,1,1,2025-10-01 10:29:45,21.3,90.1,,1,0,,0
2025-10-01 10:30:30,229.88,3.7704,232.94,7.2942,21.8827,232.56,232.35,233.92,404.15,402.67,403.55,403.69,7.6533,7.9235,6.3059,1.3595,1.3669,1.044,3.4077,1.1425,1.227,1.0382,5.096,1.7799,1.841,1.4751,0.7418,0.7655,0.7441,0.709,50,314.36,197.2,1,1,2025-10-01 10:30:30,20.8,84.8,,1,0,,0
2025-10-01 10:31:15,229.93,3.7584,232.8,7.2837,21.8512,232.31,232.51,233.6,403.7,403.17,402.8,403.44,7.5627,7.9973,6.2912,1.349,1.3844,1.025,3.4034,1.119,1.235,1.0493,5.086,1.7569,1.8595,1.4696,0.7412,0.7696,0.7462,0.6987,50,314.43,197.24,1,1,2025-10-01 10:31:15,20.7,80.6,,1,0,,0
2025-10-01 10:32:00,229.97,3.724,232.64,7.2471,21.741500000000002,232.05,232.24,233.63,403.41,402.71,402.69,403,7.5556,7.9009,6.285,1.3346,1.3626,1.0267,3.4004,1.1313,1.223,1.0462,5.0565,1.7533,1.8349,1.4684,0.7384,0.7628,0.7442,0.7004,50,314.5,197.29,1,1,2025-10-01 10:32:00,20.5,76.5,,1,0,,0
2025-10-01 10:32:45,230.02,3.7534,232.67,7.2733,21.8199,232.13,232.22,233.67,403.18,403.01,402.79,403.01,7.5864,7.9113,6.3222,1.3427,1.3706,1.0401,3.3952,1.133,1.217,1.0452,5.0755,1.761,1.8372,1.4773,0.7416,0.7642,0.7477,0.7053,50,314.55,197.33,1,1,2025-10-01 10:32:45,20.4,73.5,,1,0,,0
2025-10-01 10:33:30,230.07,3.7734,233.46,7.318,21.9541,233.15,232.88,234.37,404.61,404.72,403.78,404.38,7.6242,7.9823,6.3476,1.353,1.3792,1.0411,3.4443,1.146,1.2397,1.0586,5.1242,1.7776,1.8589,1.4877,0.7385,0.763,0.7437,0.7011,50,314.62,197.37,1,1,2025-10-01 10:33:30,19.9,71,,1,0,,0
2025-10-01 10:34:15,230.11,0.3083,234.13,0.4494,1.3484,234.03,233.45,234.93,405.98,405.37,405.23,405.44,0.0,1.3484,0.0,0.0,0.3083,0.0,0.0591,0,0.0591,0,0.3148,0,0.3148,0,0.9821,1,0.9821,1,49.9,314.68,197.41,0,1,2025-10-01 10:34:15,19.7,69,,0,0,,1
2025-10-01 10:35:00,230.11,0.3053,233.82,0.4457,1.3371,233.75,233.27,234.46,405.5,405.1,404.38,404.79,0.0,1.3371,0.0,0.0,0.3053,0.0,0.0596,0,0.0596,0,0.3119,0,0.3119,0,0.9814,1,0.9814,1,50,314.68,197.41,0,1,2025-10-01 10:35:00,19.2,70.1,,0,0,,1
2025-10-01 10:35:45,230.12,0.3047,234.1,0.4449,1.3349,233.93,233.34,235.05,405.51,406.11,404.8,405.46,0.0,1.3349,0.0,0.0,0.3047,0.0,0.0602,0,0.0602,0,0.3115,0,0.3115,0,0.981,1,0.981,1,50,314.69,197.41,0,1,2025-10-01 10:35:45,19.2,73,,0,0,,1
2025-10-01 10:36:30,230.12,0.3032,234.13,0.4435,1.3307,233.04,232.91,236.44,405.29,405.8,405.45,405.51,0.0,1.3307,0.0,0.0,0.3032,0.0,0.06,0,0.06,0,0.3099,0,0.3099,0,0.9809,1,0.9809,1,50,314.69,197.41,0,1,2025-10-01 10:36:30,19.2,75.8,,0,0,,1
2025-10-01 10:37:15,230.12,0.3024,233.97,0.4429,1.3289,232.96,232.67,236.28,404.98,405.11,405.62,405.41,0.0,1.3289,0.0,0.0,0.3024,0.0,0.0599,0,0.0599,0,0.3092,0,0.3092,0,0.9809,1,0.9809,1,49.9,314.69,197.41,0,1,2025-10-01 10:37:15,19.2,78.3,,0,0,,1
2025-10-01 10:38:00,230.13,0.3025,233.98,0.4431,1.3293,232.81,232.71,236.44,404.85,405.22,405.72,405.26,0.0,1.3293,0.0,0.0,0.3025,0.0,0.0601,0,0.0601,0,0.3093,0,0.3093,0,0.9808,1,0.9808,1,50,314.7,197.41,0,1,2025-10-01 10:38:00,19.7,80.4,,0,0,,1
2025-10-01 10:38:45,230.13,0.3022,233.94,0.4426,1.3278,232.71,232.72,236.41,404.72,405.85,405.02,405.12,0.0,1.3278,0.0,0.0,0.3022,0.0,0.0601,0,0.0601,0,0.309,0,0.309,0,0.9808,1,0.9808,1,50,314.7,197.41,0,1,2025-10-01 10:38:45,19.7,82,,0,0,,1
2025-10-01 10:39:30,230.13,0.3013,233.78,0.4416,1.325,232.68,232.55,236.12,404.54,405.16,405.04,404.82,0.0,1.325,0.0,0.0,0.3013,0.0,0.0599,0,0.0599,0,0.3081,0,0.3081,0,0.9807,1,0.9807,1,50,314.7,197.41,0,1,2025-10-01 10:39:30,19.8,83.5,,0,0,,1
2025-10-01 10:40:15,230.14,0.3021,234.04,0.4423,1.327,232.94,232.78,236.4,405.03,405.72,405.33,405.31,0.0,1.327,0.0,0.0,0.3021,0.0,0.0599,0,0.0599,0,0.3089,0,0.3089,0,0.9809,1,0.9809,1,50,314.71,197.41,0,1,2025-10-01 10:40:15,19.8,84.6,,0,0,,1
2025-10-01 10:41:00,230.14,0.3023,234.12,0.4426,1.328,232.99,232.81,236.58,405.56,405.46,405.49,405.41,0.0,1.328,0.0,0.0,0.3023,0.0,0.0601,0,0.0601,0,0.3092,0,0.3092,0,0.9807,1,0.9807,1,50,314.71,197.41,0,1,2025-10-01 10:41:00,19.8,85.5,,0,0,,1
2025-10-01 10:41:45,230.15,0.3021,233.96,0.4423,1.327,232.89,232.81,236.18,404.84,405.32,405.5,405.22,0.0,1.327,0.0,0.0,0.3021,0.0,0.06,0,0.06,0,0.3089,0,0.3089,0,0.9808,1,0.9809,1,50,314.72,197.42,0,1,2025-10-01 10:41:45,19.9,86.3,,0,0,,1
2025-10-01 10:42:30,230.15,0.3018,233.89,0.4421,1.3263,232.71,232.71,236.25,405.37,405.56,404.35,405.09,0.0,1.3263,0.0,0.0,0.3018,0.0,0.0602,0,0.0602,0,0.3086,0,0.3086,0,0.9807,1,0.9807,1,50,314.72,197.42,0,1,2025-10-01 10:42:30,19.9,87,,0,0,,1
2025-10-01 10:43:15,230.15,0.3005,233.22,0.4407,1.3223,231.72,232.36,235.59,403.49,404.56,403.78,403.93,0.0,1.3223,0.0,0.0,0.3005,0.0,0.0598,0,0.0598,0,0.3072,0,0.3072,0,0.9807,1,0.9807,1,50,314.72,197.42,0,1,2025-10-01 10:43:15,20.0,87.6,,0,0,,1
2025-10-01 10:44:00,230.16,0.2995,232.91,0.4405,1.3215,231.49,231.86,235.38,403.19,403.28,403.72,403.36,0.0,1.3215,0.0,0.0,0.2995,0.0,0.0592,0,0.0592,0,0.3064,0,0.3064,0,0.981,1,0.981,1,50,314.73,197.42,0,1,2025-10-01 10:44:00,20.0,88.1,,0,0,,1
2025-10-01 10:44:45,230.16,0.2997,233.04,0.4404,1.3212,231.56,232.04,235.53,403.1,403.94,403.85,403.52,0.0,1.3212,0.0,0.0,0.2997,0.0,0.0596,0,0.0596,0,0.3066,0,0.3066,0,0.9807,1,0.9809,1,50,314.73,197.42,0,1,2025-10-01 10:44:45,20.4,88.6,,0,0,,1
2025-10-01 10:45:30,230.16,0.2998,233.03,0.4402,1.3208,231.49,232.15,235.45,403.53,403.47,403.81,403.39,0.0,1.3208,0.0,0.0,0.2998,0.0,0.0597,0,0.0597,0,0.3066,0,0.3066,0,0.9807,1,0.9807,1,50,314.74,197.42,0,1,2025-10-01 10:45:30,20.5,89,,0,0,,1
2025-10-01 10:46:15,230.17,0.3001,233.01,0.4406,1.3218,231.54,232.11,235.4,403.8,403.51,403.43,403.63,0.0,1.3218,0.0,0.0,0.3001,0.0,0.0592,0,0.0592,0,0.3068,0,0.3068,0,0.981,1,0.981,1,50,314.74,197.42,0,1,2025-10-01 10:46:15,20.5,89.3,,0,0,,1
2025-10-01 10:47:00,230.17,0.3469,234.51,0.5018,1.5054,234.43,233.82,235.29,49.91,49.68,99.23,66.23,0.0,1.5054,0.0,0.0,0.3469,0.0,0.0547,0,0.0547,0,0.352,0,0.352,0,0.9877,1,0.9877,1,50,314.74,197.42,0,1,2025-10-01 10:47:00,20.5,89.8,,0,0,,1
2025-10-01 10:47:45,230.17,0.3033,234.19,0.4423,1.327,233.76,234.12,234.71,405.72,406.03,405.16,405.65,0.0,1.327,0.0,0.0,0.3033,0.0,0.0624,0,0.0624,0,0.3107,0,0.3107,0,0.9794,1,0.9794,1,50,314.75,197.42,0,1,2025-10-01 10:47:45,20.5,90,,0,0,,1
2025-10-01 10:48:30,230.18,0.3031,234.01,0.4424,1.3274,234,233.8,234.23,406.43,405.01,404.48,405,0.0,1.3274,0.0,0.0,0.3031,0.0,0.0622,0,0.0622,0,0.3103,0,0.3103,0,0.9796,1,0.9796,1,50,314.75,197.42,0,1,2025-10-01 10:48:30,20.6,90.2,,0,0,,1
2025-10-01 10:49:15,230.18,0.3028,234.26,0.4419,1.3257,234.1,233.89,234.8,406.16,405.67,405.41,405.81,0.0,1.3257,0.0,0.0,0.3028,0.0,0.0622,0,0.0622,0,0.3101,0,0.3101,0,0.9795,1,0.9795,1,50,314.75,197.42,0,1,2025-10-01 10:49:15,20.6,90.4,,0,0,,1
2025-10-01 10:50:00,230.18,0.302,234.01,0.4417,1.3251,234.09,233.18,234.78,405.77,405.24,404.95,405.27,0.0,1.3251,0.0,0.0,0.302,0.0,0.0609,0,0.0609,0,0.309,0,0.309,0,0.9802,1,0.9802,1,50,314.76,197.42,0,1,2025-10-01 10:50:00,20.6,90.6,,0,0,,1
2025-10-01 10:50:45,230.19,0.2989,232.66,0.4395,1.3187,232.59,231.77,233.63,403.44,402.91,402.57,402.96,0.0,1.3187,0.0,0.0,0.2989,0.0,0.0596,0,0.0596,0,0.3056,0,0.3056,0,0.9807,1,0.9807,1,50,314.76,197.42,0,1,2025-10-01 10:50:45,20.7,90.8,,0,0,,1
2025-10-01 10:51:30,230.19,0.2994,233.02,0.4398,1.3195,232.96,232.1,234.01,403.82,403.58,403.39,403.63,0.0,1.3195,0.0,0.0,0.2994,0.0,0.0602,0,0.0602,0,0.3063,0,0.3063,0,0.9803,1,0.9803,1,50,314.76,197.42,0,1,2025-10-01 10:51:30,20.7,91,,0,0,,1
2025-10-01 10:52:15,230.2,0.3003,233,0.4404,1.3212,232.81,232.51,233.7,404.48,403.35,402.88,403.47,0.0,1.3212,0.0,0.0,0.3003,0.0,0.0602,0,0.0602,0,0.3072,0,0.3072,0,0.9804,1,0.9804,1,50,314.77,197.43,0,1,2025-10-01 10:52:15,20.7,91.1,,0,0,,1
2025-10-01 10:53:00,230.2,0.2995,232.83,0.4394,1.3184,232.67,232.35,233.49,404.08,403.09,402.66,403.42,0.0,1.3184,0.0,0.0,0.2995,0.0,0.0601,0,0.0601,0,0.3063,0,0.3063,0,0.9804,1,0.9804,1,50,314.77,197.43,0,1,2025-10-01 10:53:00,20.7,91.3,,0,0,,1
2025-10-01 10:53:45,230.2,0.2997,232.76,0.4398,1.3194,232.56,232.34,233.39,403.57,402.82,403.07,403.11,0.0,1.3194,0.0,0.0,0.2997,0.0,0.0601,0,0.0601,0,0.3065,0,0.3065,0,0.9804,1,0.9804,1,50,314.78,197.43,0,1,2025-10-01 10:53:45,20.8,91.4,,0,0,,1
2025-10-01 10:54:30,230.21,0.3001,232.96,0.4403,1.3209,232.79,232.41,233.7,403.6,403.87,403.04,403.38,0.0,1.3209,0.0,0.0,0.3001,0.0,0.0602,0,0.0602,0,0.307,0,0.307,0,0.9804,1,0.9804,1,50,314.78,197.43,0,1,2025-10-01 10:54:30,20.8,91.5,,0,0,,1
2025-10-01 10:55:15,230.21,0.2997,232.93,0.4395,1.3186,232.82,232.52,233.45,403.92,403.61,402.79,403.68,0.0,1.3186,0.0,0.0,0.2997,0.0,0.0605,0,0.0605,0,0.3066,0,0.3066,0,0.9802,1,0.9802,1,50,314.78,197.43,0,1,2025-10-01 10:55:15,21.2,91.6,,0,0,,1
2025-10-01 10:56:00,230.21,0.3003,232.98,0.4401,1.3204,232.4,232.71,233.83,404.21,403.78,402.58,403.4,0.0,1.3204,0.0,0.0,0.3003,0.0,0.0609,0,0.0609,0,0.3073,0,0.3073,0,0.98,1,0.98,1,49.9,314.79,197.43,0,1,2025-10-01 10:56:00,21.2,91.7,,0,0,,1
2025-10-01 10:56:45,230.22,0.299,232.39,0.439,1.3171,231.57,232.25,233.37,402.55,402.61,402.4,402.59,0.0,1.3171,0.0,0.0,0.299,0.0,0.0601,0,0.0601,0,0.3059,0,0.3059,0,0.9804,1,0.9804,1,49.9,314.79,197.43,0,1,2025-10-01 10:56:45,21.2,91.8,,0,0,,1
2025-10-01 10:57:30,230.22,0.2995,232.55,0.4395,1.3185,231.7,232.4,233.55,402.96,403.41,401.97,402.83,0.0,1.3185,0.0,0.0,0.2995,0.0,0.0606,0,0.0606,0,0.3064,0,0.3064,0,0.9801,1,0.9801,1,50,314.8,197.43,0,1,2025-10-01 10:57:30,21.3,91.8,,0,0,,1
2025-10-01 10:58:15,230.23,0.2989,232.51,0.439,1.3171,232.07,232.1,233.37,403.25,402.21,402.68,402.57,0.0,1.3171,0.0,0.0,0.2989,0.0,0.0599,0,0.0599,0,0.3057,0,0.3057,0,0.9804,1,0.9804,1,50,314.8,197.43,0,1,2025-10-01 10:58:15,21.3,91.9,,0,0,,1
2025-10-01 10:59:00,230.23,0.2997,232.87,0.4395,1.3187,232.46,232.43,233.73,403.79,403.54,402.69,403.32,0.0,1.3187,0.0,0.0,0.2997,0.0,0.06,0,0.06,0,0.3065,0,0.3065,0,0.9805,1,0.9805,1,50,314.8,197.43,0,1,2025-10-01 10:59:00,21.3,92,,0,0,,1
2025-10-01 10:59:45,230.27,3.8707,232.32,7.416,22.2481,231.69,231.9,233.39,402.6,402.03,402.55,402.47,7.6976,8.0835,6.467,1.3782,1.4158,1.0767,3.4028,1.126,1.2225,1.0543,5.1674,1.7835,1.8746,1.5093,0.751,0.7744,0.7568,0.7145,50,314.86,197.47,1,1,2025-10-01 10:59:45,21.3,91.4,,1,0,,0
2025-10-01 11:00:30,230.31,3.8525,232.52,7.3951,22.1853,231.95,232.07,233.56,402.81,402.73,402.69,402.65,7.6627,8.0702,6.4524,1.3701,1.4124,1.07,3.4073,1.126,1.2238,1.0575,5.1572,1.7774,1.8729,1.507,0.749,0.7725,0.7557,0.7112,49.9,314.92,197.51,1,1,2025-10-01 11:00:30,21.2,87,,1,0,,0
2025-10-01 11:01:15,230.36,3.8253,232.88,7.3683,22.105,232.33,232.48,233.84,404.21,403.15,402.7,403.27,7.6436,8.0561,6.4053,1.3654,1.4037,1.0561,3.4209,1.1291,1.2335,1.0583,5.1465,1.7758,1.8729,1.4978,0.7454,0.7706,0.7511,0.7063,49.9,314.98,197.55,1,1,2025-10-01 11:01:15,20.7,82.4,,1,0,,0
2025-10-01 11:02:00,230.41,3.84,233.99,7.4044,22.2134,233.74,233.39,234.86,405.48,405.26,405.12,405.21,7.6981,8.0811,6.4342,1.3749,1.4038,1.0613,3.4795,1.1542,1.2533,1.0721,5.1965,1.7994,1.886,1.5111,0.741,0.7659,0.7459,0.7035,50,315.05,197.59,1,1,2025-10-01 11:02:00,20.6,78.3,,1,0,,0
2025-10-01 11:02:45,230.46,3.842,234.22,7.406,22.2181,233.93,233.68,235.07,406.1,405.43,405.53,405.66,7.6441,8.1231,6.4509,1.3682,1.4168,1.057,3.4862,1.1452,1.2571,1.0838,5.2028,1.7882,1.8982,1.5164,0.7405,0.7668,0.748,0.6981,50,315.11,197.64,1,1,2025-10-01 11:02:45,20.5,74.7,,1,0,,0
2025-10-01 11:03:30,230.51,3.8372,234.84,7.4153,22.2459,234.47,234.28,235.79,406.16,407.54,406.59,406.82,7.6817,8.0954,6.4688,1.3679,1.4082,1.0611,3.5221,1.1656,1.2643,1.0922,5.223,1.8011,1.8966,1.5253,0.7367,0.7611,0.7441,0.6972,50,315.18,197.68,1,1,2025-10-01 11:03:30,20.0,72.3,,1,0,,0
2025-10-01 11:04:15,230.55,3.7935,235.06,7.3725,22.1175,234.7,234.47,236.02,407.45,407.29,406.66,407.13,7.636,8.0525,6.429,1.3533,1.3937,1.0465,3.5303,1.1682,1.2671,1.095,5.1976,1.7922,1.8881,1.5174,0.732,0.7569,0.7399,0.6908,50,315.24,197.72,1,1,2025-10-01 11:04:15,19.8,70,,1,0,,0
2025-10-01 11:05:00,230.57,0.3084,235.98,0.4471,1.3415,235.9,235.23,236.82,408.74,408.81,408.63,408.78,0.0,1.3415,0.0,0.0,0.3084,0.0,0.0623,0,0.0623,0,0.3156,0,0.3156,0,0.9801,1,0.9801,1,50,315.26,197.73,0,1,2025-10-01 11:05:00,19.7,69.4,,0,0,,1
2025-10-01 11:05:45,230.57,0.3072,235.71,0.4462,1.3387,235.72,234.84,236.59,408.34,408.28,408.18,408.31,0.0,1.3387,0.0,0.0,0.3072,0.0,0.0622,0,0.0622,0,0.3144,0,0.3144,0,0.9801,1,0.9801,1,50,315.26,197.73,0,1,2025-10-01 11:05:45,19.2,71.9,,0,0,,1
2025-10-01 11:06:30,230.57,0.307,235.7,0.4459,1.3378,235.74,234.92,236.45,408.6,408.58,407.55,408.29,0.0,1.3378,0.0,0.0,0.307,0.0,0.0623,0,0.0623,0,0.3143,0,0.3143,0,0.98,1,0.98,1,50,315.27,197.73,0,1,2025-10-01 11:06:30,19.2,74.9,,0,0,,1
2025-10-01 11:07:15,230.58,0.306,235.4,0.4449,1.3349,235.36,234.7,236.16,407.93,408.02,407.23,407.77,0.0,1.3349,0.0,0.0,0.306,0.0,0.0626,0,0.0626,0,0.3133,0,0.3133,0,0.9797,1,0.9797,1,50,315.27,197.74,0,1,2025-10-01 11:07:15,19.6,77.3,,0,0,,1
2025-10-01 11:08:00,230.58,0.3064,236.26,0.445,1.335,236.62,235.18,236.98,409.5,408.67,409.45,409.2,0.0,1.335,0.0,0.0,0.3064,0.0,0.0638,0,0.0638,0,0.314,0,0.314,0,0.979,1,0.979,1,49.9,315.27,197.74,0,1,2025-10-01 11:08:00,19.7,79.4,,0,0,,1
2025-10-01 11:08:45,230.58,0.306,236.19,0.4444,1.3334,236.56,235.09,236.93,409.75,408.23,409.29,409.12,0.0,1.3334,0.0,0.0,0.306,0.0,0.0635,0,0.0635,0,0.3135,0,0.3135,0,0.9791,1,0.9791,1,49.9,315.28,197.74,0,1,2025-10-01 11:08:45,19.7,81,,0,0,,1
2025-10-01 11:09:30,230.59,0.306,236,0.4445,1.3337,236.25,235.02,236.73,408.16,409.29,408.82,408.77,0.0,1.3337,0.0,0.0,0.306,0.0,0.0632,0,0.0632,0,0.3134,0,0.3134,0,0.9793,1,0.9793,1,50,315.28,197.74,0,1,2025-10-01 11:09:30,19.8,82.6,,0,0,,1
2025-10-01 11:10:15,230.59,0.3058,235.97,0.4442,1.3327,236.38,235.08,236.46,409.38,408.78,407.96,408.63,0.0,1.3327,0.0,0.0,0.3058,0.0,0.0635,0,0.0635,0,0.3133,0,0.3133,0,0.9791,1,0.9791,1,49.9,315.28,197.74,0,1,2025-10-01 11:10:15,19.8,83.8,,0,0,,1
2025-10-01 11:11:00,230.6,0.3057,236.36,0.4438,1.3316,236.72,235.3,237.07,410.01,409.18,408.96,409.54,0.0,1.3316,0.0,0.0,0.3057,0.0,0.0639,0,0.0639,0,0.3133,0,0.3133,0,0.9788,1,0.9788,1,49.9,315.29,197.74,0,1,2025-10-01 11:11:00,19.8,84.8,,0,0,,1
2025-10-01 11:11:45,230.6,0.3049,235.6,0.4434,1.3302,235.27,234.84,236.69,407.77,409.04,407.38,408.07,0.0,1.3302,0.0,0.0,0.3049,0.0,0.0632,0,0.0632,0,0.3124,0,0.3124,0,0.9791,1,0.9791,1,50,315.29,197.74,0,1,2025-10-01 11:11:45,19.9,85.7,,0,0,,1
2025-10-01 11:12:30,230.6,0.3042,235.02,0.4429,1.3287,234.46,234.45,236.16,407.4,406.51,407.28,407.06,0.0,1.3287,0.0,0.0,0.3042,0.0,0.0625,0,0.0625,0,0.3115,0,0.3115,0,0.9795,1,0.9795,1,50,315.3,197.74,0,1,2025-10-01 11:12:30,19.9,86.5,,0,0,,1
2025-10-01 11:13:15,230.61,0.3041,234.83,0.443,1.329,234.29,234.39,235.83,407.72,406.17,406.32,406.69,0.0,1.329,0.0,0.0,0.3041,0.0,0.0628,0,0.0628,0,0.3115,0,0.3115,0,0.9793,1,0.9793,1,49.9,315.3,197.74,0,1,2025-10-01 11:13:15,20.0,87.2,,0,0,,1
2025-10-01 11:14:00,230.61,0.3029,234.58,0.4417,1.3251,234.08,234.07,235.6,406.88,406.31,405.7,406.34,0.0,1.3251,0.0,0.0,0.3029,0.0,0.0625,0,0.0625,0,0.3102,0,0.3102,0,0.9793,1,0.9793,1,49.9,315.3,197.74,0,1,2025-10-01 11:14:00,20.0,87.7,,0,0,,1
2025-10-01 11:14:45,230.62,0.303,234.54,0.4419,1.3258,233.97,234.02,235.63,406.25,406.33,406.11,406.2,0.0,1.3258,0.0,0.0,0.303,0.0,0.0624,0,0.0624,0,0.3103,0,0.3103,0,0.9794,1,0.9794,1,49.9,315.31,197.74,0,1,2025-10-01 11:14:45,20.4,88.2,,0,0,,1
2025-10-01 11:15:30,230.62,0.3043,235.51,0.4428,1.3286,235.32,234.68,236.53,407.47,408.06,408.2,407.69,0.0,1.3286,0.0,0.0,0.3043,0.0,0.0632,0,0.0632,0,0.3118,0,0.3118,0,0.9791,1,0.9791,1,49.9,315.31,197.74,0,1,2025-10-01 11:15:30,20.5,88.7,,0,0,,1
2025-10-01 11:16:15,230.62,0.3029,234.98,0.4418,1.3256,234.88,234.1,235.96,407.31,406.47,407.18,406.91,0.0,1.3256,0.0,0.0,0.3029,0.0,0.0629,0,0.0629,0,0.3103,0,0.3103,0,0.979,1,0.979,1,49.9,315.32,197.74,0,1,2025-10-01 11:16:15,20.5,89.1,,0,0,,1
2025-10-01 11:17:00,230.63,0.3028,234.93,0.4416,1.3248,234.7,234.24,235.86,407.22,406.48,407.02,406.84,0.0,1.3248,0.0,0.0,0.3028,0.0,0.0636,0,0.0636,0,0.3103,0,0.3103,0,0.9786,1,0.9786,1,49.9,315.32,197.75,0,1,2025-10-01 11:17:00,20.5,89.5,,0,0,,1
2025-10-01 11:17:45,230.63,0.302,235.16,0.4413,1.3239,234.11,233.68,237.69,406.94,406.78,408.16,407.25,0.0,1.3239,0.0,0.0,0.302,0.0,0.0624,0,0.0624,0,0.3094,0,0.3094,0,0.9793,1,0.9793,1,49.9,315.32,197.75,0,1,2025-10-01 11:17:45,20.6,89.8,,0,0,,1
2025-10-01 11:18:30,230.63,0.3009,234.8,0.4404,1.3212,233.75,233.26,237.4,406.78,406.26,406.98,406.71,0.0,1.3212,0.0,0.0,0.3009,0.0,0.0619,0,0.0619,0,0.3082,0,0.3082,0,0.9794,1,0.9794,1,49.9,315.33,197.75,0,1,2025-10-01 11:18:30,20.6,90,,0,0,,1
2025-10-01 11:19:15,230.64,0.3014,234.77,0.4407,1.3223,233.79,233.38,237.16,406.17,406.66,407.07,406.22,0.0,1.3223,0.0,0.0,0.3014,0.0,0.0621,0,0.0621,0,0.3086,0,0.3086,0,0.9794,1,0.9794,1,49.9,315.33,197.75,0,1,2025-10-01 11:19:15,20.6,90.3,,0,0,,1
2025-10-01 11:20:00,230.64,0.3007,234.72,0.4399,1.3199,233.59,233.31,237.28,406.14,406.11,407.38,406.64,0.0,1.3199,0.0,0.0,0.3007,0.0,0.0621,0,0.0621,0,0.3079,0,0.3079,0,0.9792,1,0.9794,1,49.9,315.34,197.75,0,1,2025-10-01 11:20:00,20.6,90.5,,0,0,,1
2025-10-01 11:20:45,230.65,0.3013,234.79,0.4405,1.3215,233.72,233.47,237.18,406.34,406.43,407.2,406.66,0.0,1.3215,0.0,0.0,0.3013,0.0,0.062,0,0.062,0,0.3085,0,0.3085,0,0.9794,1,0.9794,1,49.9,315.34,197.75,0,1,2025-10-01 11:20:45,20.7,90.8,,0,0,,1
2025-10-01 11:21:30,230.65,0.3016,234.92,0.4407,1.3222,233.6,233.68,237.49,406.73,406.91,407.02,406.88,0.0,1.3222,0.0,0.0,0.3016,0.0,0.0626,0,0.0626,0,0.309,0,0.309,0,0.9791,1,0.9791,1,49.9,315.34,197.75,0,1,2025-10-01 11:21:30,20.7,90.9,,0,0,,1
2025-10-01 11:22:15,230.65,0.3016,234.84,0.4406,1.322,233.64,233.72,237.18,406.8,407.03,406.43,406.87,0.0,1.322,0.0,0.0,0.3016,0.0,0.0626,0,0.0626,0,0.309,0,0.309,0,0.9791,1,0.9791,1,49.9,315.35,197.75,0,1,2025-10-01 11:22:15,20.7,91.1,,0,0,,1
2025-10-01 11:23:00,230.66,0.3,234.56,0.4395,1.3185,233.68,233.05,236.96,406.34,406.02,406.42,406.26,0.0,1.3185,0.0,0.0,0.3,0.0,0.0617,0,0.0617,0,0.3073,0,0.3073,0,0.9794,1,0.9794,1,49.9,315.35,197.75,0,1,2025-10-01 11:23:00,20.7,91.2,,0,0,,1
2025-10-01 11:23:45,230.66,0.3011,235.01,0.44,1.3202,234.05,233.71,237.28,407.09,407.34,406.69,407.16,0.0,1.3202,0.0,0.0,0.3011,0.0,0.0626,0,0.0626,0,0.3085,0,0.3085,0,0.979,1,0.979,1,49.9,315.35,197.75,0,1,2025-10-01 11:23:45,20.8,91.4,,0,0,,1
2025-10-01 11:24:30,230.66,0.3006,234.82,0.4397,1.3191,234.04,233.32,237.12,406.86,406.48,406.81,406.7,0.0,1.3191,0.0,0.0,0.3006,0.0,0.0618,0,0.0618,0,0.3078,0,0.3078,0,0.9795,1,0.9793,1,49.9,315.36,197.75,0,1,2025-10-01 11:24:30,20.8,91.5,,0,0,,1
2025-10-01 11:25:15,230.67,0.3007,234.65,0.4402,1.3208,233.88,233.22,236.87,406.94,403.71,408.57,406.46,0.0,1.3208,0.0,0.0,0.3007,0.0,0.0615,0,0.0615,0,0.308,0,0.308,0,0.9796,1,0.9796,1,49.9,315.36,197.75,0,1,2025-10-01 11:25:15,21.2,91.6,,0,0,,1
2025-10-01 11:26:00,230.67,0.3005,234.53,0.4399,1.3199,233.78,233.04,236.77,405.78,405.38,407.46,406.07,0.0,1.3199,0.0,0.0,0.3005,0.0,0.0613,0,0.0613,0,0.3076,0,0.3076,0,0.9798,1,0.9798,1,49.9,315.37,197.75,0,1,2025-10-01 11:26:00,21.2,91.7,,0,0,,1
2025-10-01 11:26:45,230.68,0.3,234.46,0.4395,1.3187,233.75,232.89,236.76,406.14,405.03,407.1,406.15,0.0,1.3187,0.0,0.0,0.3,0.0,0.0608,0,0.0608,0,0.3071,0,0.3071,0,0.98,1,0.98,1,49.9,315.37,197.76,0,1,2025-10-01 11:26:45,21.2,91.8,,0,0,,1
2025-10-01 11:27:30,230.68,0.2997,234.6,0.439,1.3172,233.96,232.73,237.12,406.36,405.26,407.36,406.36,0.0,1.3172,0.0,0.0,0.2997,0.0,0.0604,0,0.0604,0,0.3066,0,0.3066,0,0.9802,1,0.9802,1,49.9,315.37,197.76,0,1,2025-10-01 11:27:30,21.3,91.8,,0,0,,1
2025-10-01 11:28:15,230.7,3.8232,234.16,7.4039,22.2117,233.35,232.54,236.61,405.41,405.16,406.16,405.45,7.7994,7.92,6.4923,1.3624,1.366,1.0947,3.5034,1.2005,1.2288,1.074,5.1979,1.82,1.8417,1.5361,0.7372,0.7502,0.7434,0.7138,50,315.4,197.77,1,1,2025-10-01 11:28:15,21.3,91.8,,1,0,,0
2025-10-01 11:29:00,230.75,3.8741,234.01,7.4512,22.3536,233.28,232.29,236.48,405.3,404.69,405.95,405.48,7.8404,7.9655,6.5477,1.3772,1.3835,1.1134,3.4913,1.1972,1.2221,1.072,5.2277,1.829,1.8503,1.5484,0.7428,0.7546,0.7494,0.7203,49.9,315.47,197.82,1,1,2025-10-01 11:29:00,21.2,88.7,,1,0,,0
2025-10-01 11:29:45,230.8,3.8509,233.96,7.4218,22.2654,232.8,232.51,236.57,404.84,405.16,405.65,405.65,7.7389,7.9418,6.5847,1.3512,1.3896,1.1102,3.4808,1.1846,1.2081,1.0881,5.2059,1.8016,1.8465,1.5577,0.7418,0.7519,0.7546,0.7141,50,315.54,197.86,1,1,2025-10-01 11:29:45,20.8,84,,1,0,,0
2025-10-01 11:30:30,230.84,3.8577,233.84,7.4164,22.249200000000002,232.57,232.52,236.43,405.14,404.64,405.24,404.95,7.7165,7.9564,6.5763,1.3517,1.3973,1.1086,3.4662,1.1739,1.2059,1.0864,5.1995,1.7946,1.85,1.5548,0.7438,0.755,0.757,0.7142,49.9,315.6,197.9,1,1,2025-10-01 11:30:30,20.7,80,,1,0,,0
2025-10-01 11:31:15,230.89,3.8383,233.96,7.396,22.188200000000002,232.61,232.68,236.59,405.31,404.91,405.41,405.17,7.684,7.9432,6.561,1.3433,1.394,1.1009,3.4709,1.173,1.2073,1.0906,5.1879,1.7874,1.8482,1.5523,0.7417,0.7532,0.7559,0.7104,50,315.66,197.95,1,1,2025-10-01 11:31:15,20.5,75.8,,1,0,,0
2025-10-01 11:32:00,230.94,3.8387,233.9,7.3974,22.1924,232.54,232.62,236.55,404.37,405.15,405.85,405.15,7.6834,7.9387,6.5703,1.3419,1.394,1.1028,3.4699,1.1736,1.2048,1.0915,5.1876,1.7867,1.8467,1.5542,0.7418,0.7527,0.7565,0.7107,49.9,315.73,197.99,1,1,2025-10-01 11:32:00,20.0,73.1,,1,0,,0
2025-10-01 11:32:45,230.99,3.7847,233.97,7.3407,22.022100000000002,232.61,232.74,236.57,404.59,405.24,405.89,405.22,7.6265,7.8867,6.5089,1.3252,1.3769,1.0827,3.4716,1.1731,1.2073,1.0912,5.1494,1.774,1.8356,1.5398,0.7369,0.7487,0.7518,0.7043,49.9,315.8,198.04,1,1,2025-10-01 11:32:45,19.9,70.6,,1,0,,0
2025-10-01 11:33:30,231.03,0.308,234.7,0.4491,1.3475,233.51,233.42,237.17,405.99,406.35,407.16,406.48,0.0,1.3475,0.0,0.0,0.308,0.0,0.0592,0,0.0592,0,0.3145,0,0.3145,0,0.982,1,0.982,1,50,315.85,198.08,0,1,2025-10-01 11:33:30,19.7,68.6,,0,0,,1
2025-10-01 11:34:15,231.04,0.3051,234.82,0.4452,1.3357,233.84,233.54,237.08,406.5,406.08,407.55,406.63,0.0,1.3357,0.0,0.0,0.3051,0.0,0.0605,0,0.0605,0,0.3119,0,0.3119,0,0.9809,1,0.9809,1,49.9,315.86,198.08,0,1,2025-10-01 11:34:15,19.2,69.3,,0,0,,1
2025-10-01 11:35:00,231.04,0.3054,235.33,0.445,1.3351,234.1,234.07,237.82,407.33,407.05,408.38,407.58,0.0,1.3351,0.0,0.0,0.3054,0.0,0.0616,0,0.0616,0,0.3125,0,0.3125,0,0.9802,1,0.9802,1,49.9,315.86,198.08,0,1,2025-10-01 11:35:00,19.2,72,,0,0,,1
2025-10-01 11:35:45,231.04,0.3094,235.63,0.4473,1.3421,233.4,236.4,237.11,407.77,408.74,407.87,408.13,0.0,1.3421,0.0,0.0,0.3094,0.0,0.0652,0,0.0652,0,0.3173,0,0.3173,0,0.9785,1,0.9785,1,49.9,315.86,198.08,0,1,2025-10-01 11:35:45,19.2,74.7,,0,0,,1
2025-10-01 11:36:30,231.05,0.3088,235.99,0.4464,1.3392,234.28,236.44,237.26,408.45,408.82,408.96,408.61,0.0,1.3392,0.0,0.0,0.3088,0.0,0.0651,0,0.0651,0,0.3166,0,0.3166,0,0.9784,1,0.9784,1,50,315.87,198.08,0,1,2025-10-01 11:36:30,19.2,77.3,,0,0,,1
2025-10-01 11:37:15,231.05,0.3092,236.34,0.4465,1.3397,234.57,236.69,237.78,409.7,409.36,408.99,409.32,0.0,1.3397,0.0,0.0,0.3092,0.0,0.0655,0,0.0655,0,0.3171,0,0.3171,0,0.9782,1,0.9782,1,49.9,315.87,198.08,0,1,2025-10-01 11:37:15,19.6,79.4,,0,0,,1
2025-10-01 11:38:00,231.06,0.3096,236.79,0.4464,1.3394,235.1,237.24,238.03,410,410.47,409.9,410.25,0.0,1.3394,0.0,0.0,0.3096,0.0,0.0666,0,0.0666,0,0.3178,0,0.3178,0,0.9776,1,0.9776,1,50,315.88,198.08,0,1,2025-10-01 11:38:00,19.7,80.9,,0,0,,1
2025-10-01 11:38:45,231.06,0.3085,235.97,0.4458,1.3375,234,236.63,237.3,408.57,409.11,408.46,408.73,0.0,1.3375,0.0,0.0,0.3085,0.0,0.0657,0,0.0657,0,0.3165,0,0.3165,0,0.978,1,0.978,1,49.9,315.88,198.08,0,1,2025-10-01 11:38:45,19.7,82.3,,0,0,,1
2025-10-01 11:39:30,231.06,0.3077,235.9,0.445,1.3352,233.82,236.53,237.37,407.34,410,408.45,408.63,0.0,1.3352,0.0,0.0,0.3077,0.0,0.066,0,0.066,0,0.3158,0,0.3158,0,0.9777,1,0.9777,1,49.9,315.88,198.08,0,1,2025-10-01 11:39:30,19.8,83.5,,0,0,,1
2025-10-01 11:40:15,231.07,0.3067,236.1,0.4447,1.3342,235.75,235.66,236.91,408.9,408.97,408.96,409,0.0,1.3342,0.0,0.0,0.3067,0.0,0.0643,0,0.0643,0,0.3144,0,0.3144,0,0.9786,1,0.9786,1,49.9,315.89,198.08,0,1,2025-10-01 11:40:15,19.8,84.5,,0,0,,1
2025-10-01 11:41:00,231.07,0.306,236.06,0.444,1.3321,235.85,235.45,236.88,408.98,408.73,408.87,408.94,0.0,1.3321,0.0,0.0,0.306,0.0,0.0642,0,0.0642,0,0.3136,0,0.3136,0,0.9786,1,0.9786,1,49.9,315.89,198.08,0,1,2025-10-01 11:41:00,19.8,85.3,,0,0,,1
2025-10-01 11:41:45,231.08,0.3056,236.1,0.4434,1.3302,235.85,235.52,236.95,407.69,411.08,408.04,409.33,0.0,1.3302,0.0,0.0,0.3056,0.0,0.0644,0,0.0644,0,0.3133,0,0.3133,0,0.9784,1,0.9784,1,49.9,315.9,198.08,0,1,2025-10-01 11:41:45,19.9,86.2,,0,0,,1
2025-10-01 11:42:30,231.08,0.306,236.31,0.4438,1.3314,236.16,235.68,237.1,409.33,409.12,409.45,409.28,0.0,1.3314,0.0,0.0,0.306,0.0,0.0647,0,0.0647,0,0.3138,0,0.3138,0,0.9783,1,0.9783,1,49.9,315.9,198.08,0,1,2025-10-01 11:42:30,19.9,86.8,,0,0,,1
2025-10-01 11:43:15,231.08,0.3032,235.57,0.4417,1.3253,235.44,234.49,236.8,408.17,407.86,408.03,408.37,0.0,1.3253,0.0,0.0,0.3032,0.0,0.0636,0,0.0636,0,0.3108,0,0.3108,0,0.9787,1,0.9787,1,49.9,315.9,198.09,0,1,2025-10-01 11:43:15,20.0,87.4,,0,0,,1
2025-10-01 11:44:00,231.09,0.3052,236.15,0.4435,1.3305,236.16,235.19,237.12,408.94,408.36,409.79,408.81,0.0,1.3305,0.0,0.0,0.3052,0.0,0.0642,0,0.0642,0,0.3129,0,0.3129,0,0.9785,1,0.9785,1,49.9,315.91,198.09,0,1,2025-10-01 11:44:00,20.0,88,,0,0,,1
2025-10-01 11:44:45,231.09,0.3048,236.02,0.4429,1.3287,235.96,235.21,236.9,408.57,408.6,409.22,408.78,0.0,1.3287,0.0,0.0,0.3048,0.0,0.0645,0,0.0645,0,0.3125,0,0.3125,0,0.9783,1,0.9783,1,49.9,315.91,198.09,0,1,2025-10-01 11:44:45,20.4,88.3,,0,0,,1
2025-10-01 11:45:30,231.09,0.3047,235.74,0.4428,1.3285,235.23,235.15,236.86,407.86,408.4,408.7,408.19,0.0,1.3285,0.0,0.0,0.3047,0.0,0.0641,0,0.0641,0,0.3124,0,0.3124,0,0.9785,1,0.9785,1,49.9,315.92,198.09,0,1,2025-10-01 11:45:30,20.5,88.8,,0,0,,1
2025-10-01 11:46:15,231.1,0.3046,235.81,0.4425,1.3277,235.18,235.32,236.95,408.17,409.09,408.06,408.4,0.0,1.3277,0.0,0.0,0.3046,0.0,0.0647,0,0.0647,0,0.3124,0,0.3124,0,0.9782,1,0.9782,1,49.9,315.92,198.09,0,1,2025-10-01 11:46:15,20.5,89.1,,0,0,,1
2025-10-01 11:47:00,231.1,0.3047,235.82,0.4425,1.3277,235.19,235.34,236.95,408.4,408.67,408.3,408.4,0.0,1.3277,0.0,0.0,0.3047,0.0,0.0643,0,0.0643,0,0.3125,0,0.3125,0,0.9784,1,0.9784,1,49.9,315.92,198.09,0,1,2025-10-01 11:47:00,20.5,89.5,,0,0,,1
2025-10-01 11:47:45,231.11,0.3045,235.71,0.4423,1.3271,235.15,235.17,236.81,407.31,408.52,408.94,408.28,0.0,1.3271,0.0,0.0,0.3045,0.0,0.0639,0,0.0639,0,0.3121,0,0.3121,0,0.9786,1,0.9786,1,49.9,315.93,198.09,0,1,2025-10-01 11:47:45,20.6,89.8,,0,0,,1
2025-10-01 11:48:30,231.11,0.304,235.55,0.442,1.3261,235.05,234.96,236.65,404.89,410.24,408.81,407.95,0.0,1.3261,0.0,0.0,0.304,0.0,0.0638,0,0.0638,0,0.3116,0,0.3116,0,0.9787,1,0.9787,1,49.9,315.93,198.09,0,1,2025-10-01 11:48:30,20.6,90.1,,0,0,,1
2025-10-01 11:49:15,231.11,0.3044,235.89,0.4422,1.3266,235.31,235.25,237.12,408.22,408.24,409.26,408.63,0.0,1.3266,0.0,0.0,0.3044,0.0,0.0638,0,0.0638,0,0.3121,0,0.3121,0,0.9787,1,0.9787,1,49.9,315.94,198.09,0,1,2025-10-01 11:49:15,20.6,90.3,,0,0,,1
2025-10-01 11:50:00,231.12,0.3058,236.64,0.4434,1.3304,236.45,235.69,237.79,409.74,409.22,410.65,409.87,0.0,1.3304,0.0,0.0,0.3058,0.0,0.0646,0,0.0646,0,0.3136,0,0.3136,0,0.9784,1,0.9784,1,49.9,315.94,198.09,0,1,2025-10-01 11:50:00,20.7,90.5,,0,0,,1
2025-10-01 11:50:45,231.12,0.3051,236.35,0.4428,1.3284,236.18,235.45,237.42,409.06,409.35,409.68,409.43,0.0,1.3284,0.0,0.0,0.3051,0.0,0.0639,0,0.0639,0,0.3128,0,0.3128,0,0.9787,1,0.9787,1,49.9,315.94,198.09,0,1,2025-10-01 11:50:45,20.7,90.7,,0,0,,1
2025-10-01 11:51:30,231.13,0.3051,236.25,0.4427,1.3281,236.09,235.45,237.23,409.3,408.71,409.59,409.27,0.0,1.3281,0.0,0.0,0.3051,0.0,0.064,0,0.064,0,0.3127,0,0.3127,0,0.9786,1,0.9786,1,49.9,315.95,198.09,0,1,2025-10-01 11:51:30,20.7,90.8,,0,0,,1
2025-10-01 11:52:15,231.13,0.3052,236.21,0.4428,1.3286,236.16,235.44,237.03,409.3,408.79,409.27,409.16,0.0,1.3286,0.0,0.0,0.3052,0.0,0.0637,0,0.0637,0,0.3128,0,0.3128,0,0.9789,1,0.9789,1,49.9,315.95,198.1,0,1,2025-10-01 11:52:15,20.8,91,,0,0,,1
2025-10-01 11:53:00,231.13,0.3051,236.59,0.4423,1.327,236.32,235.75,237.71,410.03,409.21,410.12,409.72,0.0,1.327,0.0,0.0,0.3051,0.0,0.0645,0,0.0645,0,0.3128,0,0.3128,0,0.9783,1,0.9783,1,49.9,315.95,198.1,0,1,2025-10-01 11:53:00,20.8,91.1,,0,0,,1
2025-10-01 11:53:45,231.14,0.3058,236.99,0.4428,1.3286,236.8,236.09,238.09,410.62,410.3,410.5,410.63,0.0,1.3286,0.0,0.0,0.3058,0.0,0.0648,0,0.0648,0,0.3137,0,0.3137,0,0.9782,1,0.9782,1,50,315.96,198.1,0,1,2025-10-01 11:53:45,21.2,91.2,,0,0,,1
2025-10-01 11:54:30,231.14,0.3071,237.36,0.444,1.332,237.23,236.44,238.42,410.68,411.16,411.52,410.89,0.0,1.332,0.0,0.0,0.3071,0.0,0.0649,0,0.0649,0,0.3149,0,0.3149,0,0.9784,1,0.9784,1,50,315.96,198.1,0,1,2025-10-01 11:54:30,21.2,91.3,,0,0,,1
2025-10-01 11:55:15,231.14,0.3066,237.25,0.4436,1.331,237.09,236.16,238.52,410.58,410.65,411.57,410.88,0.0,1.331,0.0,0.0,0.3066,0.0,0.0644,0,0.0644,0,0.3143,0,0.3143,0,0.9786,1,0.9786,1,50,315.97,198.1,0,1,2025-10-01 11:55:15,21.2,91.4,,0,0,,1
2025-10-01 11:56:00,231.15,0.3054,236.73,0.4426,1.328,236.54,235.7,237.97,409.27,409.72,411.12,409.88,0.0,1.328,0.0,0.0,0.3054,0.0,0.0638,0,0.0638,0,0.313,0,0.313,0,0.9788,1,0.9788,1,50,315.97,198.1,0,1,2025-10-01 11:56:00,21.2,91.5,,0,0,,1
2025-10-01 11:56:45,231.15,0.306,237.23,0.4428,1.3286,237.13,236.19,238.38,410.79,410.29,411.6,410.92,0.0,1.3286,0.0,0.0,0.306,0.0,0.0648,0,0.0648,0,0.3138,0,0.3138,0,0.9783,1,0.9783,1,50,315.97,198.1,0,1,2025-10-01 11:56:45,21.3,91.6,,0,0,,1
2025-10-01 11:57:30,231.16,0.3051,236.95,0.4424,1.3273,236.87,235.67,238.31,410.14,410.04,411.02,410.33,0.0,1.3273,0.0,0.0,0.3051,0.0,0.0639,0,0.0639,0,0.3128,0,0.3128,0,0.9787,1,0.9787,1,50,315.98,198.1,0,1,2025-10-01 11:57:30,21.3,91.7,,0,0,,1
2025-10-01 11:58:15,231.16,0.3064,237.44,0.4432,1.3296,237.42,236.36,238.56,411.66,411.24,410.88,411.33,0.0,1.3296,0.0,0.0,0.3064,0.0,0.0647,0,0.0647,0,0.3143,0,0.3143,0,0.9784,1,0.9784,1,50,315.98,198.1,0,1,2025-10-01 11:58:15,21.3,91.8,,0,0,,1
2025-10-01 11:59:00,231.21,3.9597,236.37,7.5959,22.7879,235.98,235.54,237.59,409.69,408.71,409.78,409.39,7.8966,8.2426,6.6487,1.4118,1.4389,1.109,3.627,1.2096,1.2965,1.1209,5.3846,1.8634,1.9415,1.5797,0.7374,0.7594,0.7429,0.7033,49.9,316.05,198.14,1,1,2025-10-01 11:59:00,21.3,90.8,,1,0,,0
2025-10-01 11:59:45,231.25,3.9922,236.63,7.633,22.8992,236.26,235.84,237.79,409.64,409.98,409.93,409.85,7.9406,8.273,6.6856,1.4234,1.4487,1.1201,3.6401,1.2155,1.3003,1.1243,5.4169,1.876,1.9511,1.5898,0.7389,0.7604,0.7442,0.7058,50,316.11,198.19,1,1,2025-10-01 11:59:45,21.2,86.1,,1,0,,0
2025-10-01 12:00:30,231.3,3.9491,236.83,7.5895,22.7687,236.36,236.12,238.02,409.83,410.33,410.45,410.26,7.8693,8.2502,6.6492,1.4053,1.4412,1.1026,3.6465,1.2117,1.3035,1.1312,5.3907,1.86,1.948,1.5826,0.7346,0.7573,0.7416,0.6979,50,316.18,198.23,1,1,2025-10-01 12:00:30,20.7,81.5,,1,0,,0
2025-10-01 12:01:15,231.36,3.9374,237.51,7.5902,22.7706,237.18,236.86,238.5,410.95,411.53,411.66,411.37,7.8579,8.2945,6.6182,1.4064,1.4434,1.0876,3.6815,1.2159,1.3258,1.1398,5.4068,1.8637,1.9646,1.5784,0.7304,0.7564,0.7364,0.6903,50,316.25,198.28,1,1,2025-10-01 12:01:15,20.6,77.6,,1,0,,0
2025-10-01 12:02:00,231.4,3.9299,237.66,7.5818,22.7456,237.26,236.93,238.81,411.84,411.27,411.82,411.68,7.8731,8.24,6.6325,1.402,1.4333,1.0946,3.6873,1.2277,1.3187,1.1409,5.4042,1.868,1.9523,1.5839,0.7292,0.7523,0.7359,0.6923,50,316.31,198.33,1,1,2025-10-01 12:02:00,20.5,74.8,,1,0,,0
2025-10-01 12:02:45,231.45,3.9399,237.9,7.594,22.782000000000004,237.41,237.22,239.08,412.4,411.45,412.3,412.07,7.8721,8.2583,6.6516,1.4025,1.44,1.0974,3.6972,1.2286,1.3215,1.1471,5.4182,1.8689,1.959,1.5903,0.7292,0.7521,0.7367,0.6912,50,316.38,198.37,1,1,2025-10-01 12:02:45,20.0,71.7,,1,0,,0
2025-10-01 12:03:30,231.5,3.9245,237.85,7.5745,22.723699999999997,237.37,237.12,239.06,412.6,411.86,411.42,411.95,7.8667,8.2197,6.6373,1.3982,1.4307,1.0956,3.6903,1.2306,1.3163,1.1434,5.4031,1.8673,1.9491,1.5867,0.7285,0.7506,0.7359,0.6918,50,316.45,198.42,1,1,2025-10-01 12:03:30,19.8,69.2,,1,0,,0
2025-10-01 12:04:15,231.53,0.3123,237.58,0.4496,1.349,236.96,237.06,238.73,411.69,410.8,412,411.55,0.0,1.349,0.0,0.0,0.3123,0.0,0.064,0,0.064,0,0.3198,0,0.3198,0,0.9796,1,0.9796,1,50,316.49,198.44,0,1,2025-10-01 12:04:15,19.7,67.9,,0,0,,1
2025-10-01 12:05:00,231.53,0.3101,237.13,0.4474,1.3423,236.51,236.66,238.22,410.69,410.76,410.69,410.82,0.0,1.3423,0.0,0.0,0.3101,0.0,0.0641,0,0.0641,0,0.3177,0,0.3177,0,0.9792,1,0.9792,1,50,316.49,198.44,0,1,2025-10-01 12:05:00,19.2,70.3,,0,0,,1
2025-10-01 12:05:45,231.54,0.3094,237.02,0.4467,1.3402,236.22,236.58,238.26,410.46,410.55,410.56,410.66,0.0,1.3402,0.0,0.0,0.3094,0.0,0.0645,0,0.0645,0,0.3171,0,0.3171,0,0.9789,1,0.9789,1,50,316.5,198.44,0,1,2025-10-01 12:05:45,19.2,73.2,,0,0,,1
2025-10-01 12:06:30,231.54,0.3094,237.01,0.4466,1.34,236.2,236.65,238.18,410.38,410.54,410.6,410.5,0.0,1.34,0.0,0.0,0.3094,0.0,0.0647,0,0.0647,0,0.3171,0,0.3171,0,0.9788,1,0.9788,1,49.9,316.5,198.45,0,1,2025-10-01 12:06:30,19.2,76,,0,0,,1
2025-10-01 12:07:15,231.54,0.3085,237,0.4459,1.3378,236.43,236.2,238.39,410.28,410.51,410.71,410.6,0.0,1.3378,0.0,0.0,0.3085,0.0,0.0637,0,0.0637,0,0.316,0,0.316,0,0.9793,1,0.9793,1,50,316.5,198.45,0,1,2025-10-01 12:07:15,19.2,78.2,,0,0,,1
2025-10-01 12:08:00,231.55,0.3086,237.64,0.4456,1.3369,237.31,236.59,239.04,411.26,411.41,412.15,411.66,0.0,1.3369,0.0,0.0,0.3086,0.0,0.0647,0,0.0647,0,0.3163,0,0.3163,0,0.9787,1,0.9787,1,50,316.51,198.45,0,1,2025-10-01 12:08:00,19.6,79.9,,0,0,,1
2025-10-01 12:08:45,231.55,0.3091,238.24,0.4458,1.3376,238.34,237.06,239.34,412.57,412.97,412.4,412.66,0.0,1.3376,0.0,0.0,0.3091,0.0,0.0655,0,0.0655,0,0.3171,0,0.3171,0,0.9783,1,0.9783,1,50,316.51,198.45,0,1,2025-10-01 12:08:45,19.7,81.5,,0,0,,1
2025-10-01 12:09:30,231.55,0.3101,238.55,0.4465,1.3396,238.42,237.61,239.64,412.94,413.65,412.97,413.13,0.0,1.3396,0.0,0.0,0.3101,0.0,0.0666,0,0.0666,0,0.3183,0,0.3183,0,0.9777,1,0.9777,1,50,316.52,198.45,0,1,2025-10-01 12:09:30,19.7,82.7,,0,0,,1
2025-10-01 12:10:15,231.56,0.31,238.5,0.4464,1.3394,238.42,237.48,239.61,412.62,413.03,413.64,413.14,0.0,1.3394,0.0,0.0,0.31,0.0,0.0663,0,0.0663,0,0.3181,0,0.3181,0,0.9778,1,0.9778,1,49.9,316.52,198.45,0,1,2025-10-01 12:10:15,19.8,83.9,,0,0,,1
2025-10-01 12:11:00,231.56,0.3107,238.38,0.4463,1.3389,238.35,237.32,239.49,412.71,412.88,413.08,413.01,0.0,1.3389,0.0,0.0,0.3097,0.0,0.066,0,0.066,0,0.3177,0,0.3177,0,0.9781,1,0.978,1,50,316.52,198.45,0,1,2025-10-01 12:11:00,19.8,84.9,,0,0,,1
2025-10-01 12:11:45,231.57,0.31,238.67,0.4462,1.3388,238.79,237.68,239.56,413.47,413.04,413.67,413.39,0.0,1.3388,0.0,0.0,0.31,0.0,0.0666,0,0.0666,0,0.3182,0,0.3182,0,0.9777,1,0.9777,1,50,316.53,198.45,0,1,2025-10-01 12:11:45,19.9,85.7,,0,0,,1
2025-10-01 12:12:30,231.57,0.3097,238.51,0.446,1.3382,238.62,237.55,239.36,413.23,412.61,413.47,413.16,0.0,1.3382,0.0,0.0,0.3097,0.0,0.0666,0,0.0666,0,0.3179,0,0.3179,0,0.9776,1,0.9776,1,50,316.53,198.45,0,1,2025-10-01 12:12:30,19.9,86.4,,0,0,,1
2025-10-01 12:13:15,231.57,0.3101,238.72,0.4462,1.3387,238.76,237.82,239.59,414.12,412.56,413.73,413.43,0.0,1.3387,0.0,0.0,0.3101,0.0,0.0668,0,0.0668,0,0.3184,0,0.3184,0,0.9775,1,0.9775,1,50,316.54,198.45,0,1,2025-10-01 12:13:15,19.9,87.1,,0,0,,1
2025-10-01 12:14:00,231.58,0.3105,238.97,0.4464,1.3393,238.93,238.05,239.94,413.7,413.84,414.18,413.98,0.0,1.3393,0.0,0.0,0.3105,0.0,0.067,0,0.067,0,0.3188,0,0.3188,0,0.9775,1,0.9775,1,50,316.54,198.45,0,1,2025-10-01 12:14:00,20.0,87.6,,0,0,,1
2025-10-01 12:14:45,231.58,0.3101,238.7,0.4462,1.3388,238.31,237.79,240.02,412.82,413.83,413.69,413.36,0.0,1.3388,0.0,0.0,0.3101,0.0,0.0669,0,0.0669,0,0.3184,0,0.3184,0,0.9775,1,0.9775,1,50,316.54,198.45,0,1,2025-10-01 12:14:45,20.4,88.1,,0,0,,1
2025-10-01 12:15:30,231.59,0.3092,238.38,0.4454,1.3362,238.06,237.58,239.52,412.69,412.68,413.31,412.85,0.0,1.3362,0.0,0.0,0.3092,0.0,0.0666,0,0.0666,0,0.3175,0,0.3175,0,0.9776,1,0.9776,1,49.9,316.55,198.46,0,1,2025-10-01 12:15:30,20.4,88.5,,0,0,,1
2025-10-01 12:16:15,231.59,0.3098,238.92,0.4457,1.3371,238.96,237.92,239.89,413.76,413.59,414.11,413.89,0.0,1.3371,0.0,0.0,0.3098,0.0,0.0669,0,0.0669,0,0.3181,0,0.3181,0,0.9774,1,0.9774,1,50,316.55,198.46,0,1,2025-10-01 12:16:15,20.5,88.9,,0,0,,1
2025-10-01 12:17:00,231.59,0.3091,238.97,0.4452,1.3358,239.23,237.59,240.09,413.8,413.15,414.75,413.79,0.0,1.3358,0.0,0.0,0.3091,0.0,0.0664,0,0.0664,0,0.3174,0,0.3174,0,0.9777,1,0.9777,1,50,316.56,198.46,0,1,2025-10-01 12:17:00,20.5,89.2,,0,0,,1
2025-10-01 12:17:45,231.6,0.311,239.43,0.4464,1.3392,239.42,238.5,240.39,414.81,414.17,415.15,414.74,0.0,1.3392,0.0,0.0,0.311,0.0,0.0675,0,0.0675,0,0.3194,0,0.3194,0,0.9772,1,0.9772,1,50,316.56,198.46,0,1,2025-10-01 12:17:45,20.5,89.6,,0,0,,1
2025-10-01 12:18:30,231.6,0.3109,239.29,0.4463,1.339,239.36,238.46,240.06,414.58,414.3,414.51,414.47,0.0,1.339,0.0,0.0,0.3109,0.0,0.0675,0,0.0675,0,0.3193,0,0.3193,0,0.9772,1,0.9772,1,50,316.56,198.46,0,1,2025-10-01 12:18:30,20.6,89.9,,0,0,,1
2025-10-01 12:19:15,231.61,0.3103,239.18,0.4457,1.3372,239.1,238.37,240.07,413.83,415.06,413.9,414.32,0.0,1.3372,0.0,0.0,0.3103,0.0,0.0674,0,0.0674,0,0.3187,0,0.3187,0,0.9771,1,0.9771,1,50,316.57,198.46,0,1,2025-10-01 12:19:15,20.6,90.2,,0,0,,1
2025-10-01 12:20:00,231.61,0.3102,239.05,0.4458,1.3375,238.68,238.28,240.19,414.24,413.93,413.94,413.83,0.0,1.3375,0.0,0.0,0.3102,0.0,0.0675,0,0.0675,0,0.3187,0,0.3187,0,0.9771,1,0.9771,1,49.9,316.57,198.46,0,1,2025-10-01 12:20:00,20.6,90.4,,0,0,,1
2025-10-01 12:20:45,231.61,0.3101,239.04,0.4456,1.3368,238.71,238.17,240.26,413.91,414.07,414.12,413.99,0.0,1.3368,0.0,0.0,0.3101,0.0,0.067,0,0.067,0,0.3184,0,0.3184,0,0.9774,1,0.9774,1,50,316.58,198.46,0,1,2025-10-01 12:20:45,20.7,90.6,,0,0,,1
2025-10-01 12:21:30,231.62,0.3107,239.22,0.446,1.3381,239,238.38,240.29,414.4,414.22,414.4,414.17,0.0,1.3381,0.0,0.0,0.3107,0.0,0.067,0,0.067,0,0.319,0,0.319,0,0.9775,1,0.9775,1,50,316.58,198.46,0,1,2025-10-01 12:21:30,20.7,90.8,,0,0,,1
2025-10-01 12:22:15,231.62,0.3091,238.71,0.4445,1.3337,238.11,237.96,240.06,413.21,413.21,413.94,413.49,0.0,1.3337,0.0,0.0,0.3091,0.0,0.0668,0,0.0668,0,0.3174,0,0.3174,0,0.9774,1,0.9774,1,50,316.58,198.46,0,1,2025-10-01 12:22:15,20.7,90.9,,0,0,,1
2025-10-01 12:23:00,231.62,0.3091,238.36,0.4446,1.334,237.9,237.79,239.41,412.26,413.69,412.62,412.86,0.0,1.334,0.0,0.0,0.3091,0.0,0.0664,0,0.0664,0,0.3172,0,0.3172,0,0.9776,1,0.9776,1,50,316.59,198.46,0,1,2025-10-01 12:23:00,20.8,91.1,,0,0,,1
2025-10-01 12:23:45,231.63,0.3088,238.44,0.4444,1.3332,238.04,237.67,239.63,412.95,413.09,412.94,412.87,0.0,1.3332,0.0,0.0,0.3088,0.0,0.0661,0,0.0661,0,0.3169,0,0.3169,0,0.9778,1,0.9778,1,50,316.59,198.46,0,1,2025-10-01 12:23:45,20.8,91.2,,0,0,,1
2025-10-01 12:24:30,231.63,0.3089,238.65,0.4442,1.3328,238.18,237.91,239.86,413.19,413.59,413.26,413.19,0.0,1.3328,0.0,0.0,0.3089,0.0,0.0666,0,0.0666,0,0.3171,0,0.3171,0,0.9775,1,0.9775,1,50,316.6,198.47,0,1,2025-10-01 12:24:30,21.2,91.3,,0,0,,1
2025-10-01 12:25:15,231.64,0.3089,238.45,0.4444,1.3334,237.99,237.81,239.55,412.71,413.53,412.76,413,0.0,1.3334,0.0,0.0,0.3089,0.0,0.0665,0,0.0665,0,0.3171,0,0.3171,0,0.9776,1,0.9776,1,50,316.6,198.47,0,1,2025-10-01 12:25:15,21.2,91.4,,0,0,,1
2025-10-01 12:26:00,231.64,0.3096,238.92,0.4447,1.3343,238.55,238.23,239.98,414.06,413.64,413.74,413.81,0.0,1.3343,0.0,0.0,0.3096,0.0,0.0668,0,0.0668,0,0.3179,0,0.3179,0,0.9775,1,0.9775,1,50,316.6,198.47,0,1,2025-10-01 12:26:00,21.2,91.5,,0,0,,1
2025-10-01 12:26:45,231.64,0.309,238.64,0.4442,1.3328,238.35,237.87,239.71,414.63,412.59,412.76,413.35,0.0,1.3328,0.0,0.0,0.309,0.0,0.0661,0,0.0661,0,0.317,0,0.317,0,0.9779,1,0.9779,1,50,316.61,198.47,0,1,2025-10-01 12:26:45,21.2,91.6,,0,0,,1
2025-10-01 12:27:30,231.65,0.3098,239.09,0.4451,1.3355,239.2,238.1,239.99,414.54,413.48,414.34,414.1,0.0,1.3355,0.0,0.0,0.3098,0.0,0.0664,0,0.0664,0,0.318,0,0.318,0,0.9778,1,0.9778,1,50,316.61,198.47,0,1,2025-10-01 12:27:30,21.3,91.6,,0,0,,1
2025-10-01 12:28:15,231.65,0.3102,239.25,0.4452,1.3356,239.1,238.47,240.18,414.69,414.35,414.12,414.31,0.0,1.3356,0.0,0.0,0.3102,0.0,0.067,0,0.067,0,0.3185,0,0.3185,0,0.9774,1,0.9774,1,50,316.62,198.47,0,1,2025-10-01 12:28:15,21.3,91.7,,0,0,,1
2025-10-01 12:29:00,231.66,3.7146,238.59,7.4071,22.2214,238.11,237.9,239.76,413.54,412.87,413.32,413.22,7.6995,8.03,6.4919,1.3301,1.355,1.0295,3.7569,1.2544,1.3391,1.1633,5.3002,1.8333,1.9103,1.5565,0.703,0.7275,0.7112,0.6627,50,316.63,198.48,1,1,2025-10-01 12:29:00,21.3,91.8,,1,0,,0
2025-10-01 12:29:45,231.71,4.004,238.68,7.6934,23.0803,238.33,237.87,239.85,413.08,413.37,413.77,413.4,7.9809,8.3197,6.7797,1.4222,1.4539,1.1279,3.756,1.255,1.3344,1.1666,5.5072,1.9021,1.979,1.6261,0.7293,0.7497,0.7367,0.6951,50,316.7,198.53,1,1,2025-10-01 12:29:45,21.3,89.9,,1,0,,0
2025-10-01 12:30:30,231.76,3.9812,238.89,7.6693,23.0079,238.78,238.03,239.86,413.76,413.75,413.77,413.76,7.9866,8.3183,6.703,1.4268,1.4433,1.1111,3.7633,1.2577,1.348,1.1577,5.4948,1.907,1.98,1.6078,0.7267,0.7501,0.7308,0.692,50,316.76,198.57,1,1,2025-10-01 12:30:30,21.2,84.6,,1,0,,0
2025-10-01 12:31:15,231.81,3.9724,239.05,7.6549,22.9648,238.99,238.44,239.73,414.71,413.7,413.72,414.04,7.9587,8.3842,6.6219,1.4349,1.4516,1.0859,3.7615,1.2408,1.367,1.1536,5.4886,1.902,1.9991,1.5875,0.7261,0.7564,0.7279,0.6853,50,316.84,198.62,1,1,2025-10-01 12:31:15,20.7,80,,1,0,,0
2025-10-01 12:32:00,231.86,3.9284,239.21,7.6127,22.8383,239.11,238.55,239.98,415,413.89,414.07,414.26,7.9164,8.3232,6.5987,1.4164,1.4352,1.0768,3.7701,1.2483,1.3649,1.1569,5.4619,1.8929,1.9855,1.5836,0.7214,0.7502,0.7246,0.6813,50,316.9,198.67,1,1,2025-10-01 12:32:00,20.6,76.9,,1,0,,0
2025-10-01 12:32:45,231.91,3.904,239.13,7.5869,22.7609,238.93,238.44,240.04,414.42,414.29,413.85,414.18,7.8663,8.2833,6.6113,1.3979,1.4299,1.0761,3.7677,1.2478,1.3548,1.1652,5.4415,1.8795,1.9751,1.587,0.7195,0.7461,0.725,0.678,50,316.97,198.71,1,1,2025-10-01 12:32:45,20.4,74,,1,0,,0
2025-10-01 12:33:30,231.96,3.9109,239.24,7.5975,22.7927,239.06,238.59,240.07,414.84,414.36,413.9,414.36,7.8806,8.2944,6.6177,1.4044,1.434,1.0726,3.7711,1.2463,1.3614,1.1634,5.4516,1.8839,1.979,1.5887,0.7198,0.747,0.7255,0.6788,50,317.04,198.76,1,1,2025-10-01 12:33:30,19.9,71.3,,1,0,,0
2025-10-01 12:34:15,232.01,0.7669,239.95,2.7726,8.318,239.94,239.19,240.73,416.22,415.03,415.56,414.18,2.7797,3.202,2.3363,0.1774,0.4565,0.133,0.5332,0.1566,0.2299,0.1467,1.9953,0.667,0.7659,0.5624,0.821,0.7496,0.8931,0.6717,50,317.11,198.81,1,1,2025-10-01 12:34:15,19.8,69,,0,0,,0
2025-10-01 12:35:00,232.01,0.3153,239.85,0.4499,1.3499,240.01,239.05,240.5,416.19,414.98,415.12,415.48,0.0,1.3499,0.0,0.0,0.3153,0.0,0.0664,0,0.0664,0,0.3227,0,0.3227,0,0.9785,1,0.9784,1,50,317.11,198.81,0,1,2025-10-01 12:35:00,19.6,69.3,,0,0,,1
2025-10-01 12:35:45,232.01,0.3148,240.14,0.45,1.3502,240,239.27,241.15,416.1,415.91,415.76,415.88,0.0,1.3502,0.0,0.0,0.3148,0.0,0.067,0,0.067,0,0.3231,0,0.3231,0,0.978,1,0.978,1,50,317.12,198.81,0,1,2025-10-01 12:35:45,19.2,72.3,,0,0,,1
2025-10-01 12:36:30,232.02,0.3154,240.3,0.4506,1.3518,240.25,239.51,241.15,416.8,415.85,415.98,416.1,0.0,1.3518,0.0,0.0,0.3154,0.0,0.0678,0,0.0678,0,0.3238,0,0.3238,0,0.9776,1,0.9776,1,50,317.12,198.81,0,1,2025-10-01 12:36:30,19.2,75,,0,0,,1
2025-10-01 12:37:15,232.02,0.3149,240.42,0.4498,1.3495,240.38,239.6,241.3,416.69,415.88,416.7,416.42,0.0,1.3495,0.0,0.0,0.3149,0.0,0.068,0,0.068,0,0.3233,0,0.3233,0,0.9774,1,0.9774,1,50,317.12,198.81,0,1,2025-10-01 12:37:15,19.2,77.5,,0,0,,1
2025-10-01 12:38:00,232.03,0.3146,240.36,0.4495,1.3487,240.35,239.45,241.28,416.62,416.18,416.12,416.26,0.0,1.3487,0.0,0.0,0.3146,0.0,0.0677,0,0.0677,0,0.3229,0,0.3229,0,0.9776,1,0.9776,1,50,317.13,198.81,0,1,2025-10-01 12:38:00,19.6,79.3,,0,0,,1
2025-10-01 12:38:45,232.03,0.3142,240.21,0.4491,1.3473,240.28,239.44,240.92,416.97,415.74,415.44,416.13,0.0,1.3473,0.0,0.0,0.3142,0.0,0.0676,0,0.0676,0,0.3226,0,0.3226,0,0.9776,1,0.9776,1,50,317.13,198.81,0,1,2025-10-01 12:38:45,19.7,81.1,,0,0,,1
2025-10-01 12:39:30,232.03,0.3135,240.19,0.4483,1.3449,240.22,239.3,241.07,416.47,415.84,415.76,416.07,0.0,1.3449,0.0,0.0,0.3135,0.0,0.0674,0,0.0674,0,0.3218,0,0.3218,0,0.9776,1,0.9776,1,50,317.14,198.81,0,1,2025-10-01 12:39:30,19.7,82.4,,0,0,,1
2025-10-01 12:41:00,232.04,0.3129,239.87,0.4481,1.3443,239.8,239.09,240.74,415.98,415.25,415.18,415.36,0.0,1.3443,0.0,0.0,0.3129,0.0,0.0681,0,0.0681,0,0.3214,0,0.3214,0,0.9771,1,0.9771,1,50,317.14,198.81,0,1,2025-10-01 12:41:00,19.8,84.6,,0,0,,1
2025-10-01 12:41:45,232.05,0.312,239.25,0.4472,1.3418,238.61,238.82,240.34,414.42,414.7,414.07,414.46,0.0,1.3418,0.0,0.0,0.312,0.0,0.0675,0,0.0675,0,0.3204,0,0.3204,0,0.9773,1,0.9773,1,50,317.15,198.82,0,1,2025-10-01 12:41:45,19.9,85.5,,0,0,,1
2025-10-01 12:42:30,232.05,0.3114,239.02,0.4468,1.3404,238.81,238.44,239.81,414.08,414.09,413.79,414.03,0.0,1.3404,0.0,0.0,0.3114,0.0,0.0666,0,0.0666,0,0.3196,0,0.3196,0,0.9778,1,0.9778,1,50,317.15,198.82,0,1,2025-10-01 12:42:30,19.9,86.2,,0,0,,1
2025-10-01 12:43:15,232.05,0.3119,239.29,0.4471,1.3414,238.85,238.75,240.28,414.86,414.38,414.14,414.43,0.0,1.3414,0.0,0.0,0.3119,0.0,0.0675,0,0.0675,0,0.3203,0,0.3203,0,0.9773,1,0.9773,1,50,317.16,198.82,0,1,2025-10-01 12:43:15,19.9,86.9,,0,0,,1
2025-10-01 12:44:00,232.06,0.3125,239.53,0.4475,1.3426,239.1,238.93,240.57,415.44,414.64,414.54,414.83,0.0,1.3426,0.0,0.0,0.3125,0.0,0.0671,0,0.0671,0,0.3208,0,0.3208,0,0.9777,1,0.9777,1,50,317.16,198.82,0,1,2025-10-01 12:44:00,20.0,87.6,,0,0,,1
2025-10-01 12:44:45,232.06,0.3123,239.45,0.4473,1.342,239.01,238.91,240.45,415.02,414.49,414.72,414.67,0.0,1.342,0.0,0.0,0.3123,0.0,0.0673,0,0.0673,0,0.3206,0,0.3206,0,0.9775,1,0.9775,1,50,317.16,198.82,0,1,2025-10-01 12:44:45,20.4,88.1,,0,0,,1
2025-10-01 12:45:30,232.07,0.3113,239.4,0.4466,1.3399,238.93,238.53,240.75,414.41,414.69,414.85,414.7,0.0,1.3399,0.0,0.0,0.3113,0.0,0.0669,0,0.0669,0,0.3196,0,0.3196,0,0.9776,1,0.9776,1,50,317.17,198.82,0,1,2025-10-01 12:45:30,20.4,88.5,,0,0,,1
2025-10-01 12:46:15,232.07,0.3116,239.61,0.4467,1.3401,239.31,238.79,240.75,415.12,414.82,415.12,415.06,0.0,1.3401,0.0,0.0,0.3116,0.0,0.0675,0,0.0675,0,0.32,0,0.32,0,0.9773,1,0.9773,1,50,317.17,198.82,0,1,2025-10-01 12:46:15,20.5,88.9,,0,0,,1
2025-10-01 12:47:00,232.07,0.3131,240.39,0.4477,1.3431,240.23,239.58,241.37,416.51,416.28,416.3,416.32,0.0,1.3431,0.0,0.0,0.3131,0.0,0.0688,0,0.0688,0,0.3218,0,0.3218,0,0.9767,1,0.9767,1,50,317.18,198.82,0,1,2025-10-01 12:47:00,20.5,89.3,,0,0,,1
2025-10-01 12:47:45,232.08,0.3125,240.55,0.4471,1.3414,240.57,239.34,241.75,417.28,416.55,416.08,416.62,0.0,1.3414,0.0,0.0,0.3125,0.0,0.0682,0,0.0682,0,0.3211,0,0.3211,0,0.977,1,0.977,1,50,317.18,198.82,0,1,2025-10-01 12:47:45,20.6,89.6,,0,0,,1
2025-10-01 12:48:30,232.08,0.3132,240.71,0.4476,1.343,240.66,239.67,241.82,417.85,416.78,416.12,417,0.0,1.343,0.0,0.0,0.3132,0.0,0.069,0,0.069,0,0.3219,0,0.3219,0,0.9766,1,0.9766,1,50,317.18,198.82,0,1,2025-10-01 12:48:30,20.6,89.9,,0,0,,1
2025-10-01 12:49:15,232.08,0.3136,240.9,0.4476,1.343,240.72,240.14,241.86,417.81,416.74,417.21,417.23,0.0,1.343,0.0,0.0,0.3136,0.0,0.0695,0,0.0695,0,0.3225,0,0.3225,0,0.9763,1,0.9763,1,50,317.19,198.82,0,1,2025-10-01 12:49:15,20.6,90.1,,0,0,,1
2025-10-01 12:50:00,232.09,0.314,240.98,0.4479,1.3438,240.93,240.33,241.68,418.16,416.99,416.99,417.31,0.0,1.3438,0.0,0.0,0.314,0.0,0.0697,0,0.0697,0,0.323,0,0.323,0,0.9762,1,0.9762,1,50,317.19,198.83,0,1,2025-10-01 12:50:00,20.6,90.4,,0,0,,1
2025-10-01 12:50:45,232.09,0.3142,241.2,0.448,1.3441,241.15,240.38,242.09,418.39,417.15,417.78,417.76,0.0,1.3441,0.0,0.0,0.3142,0.0,0.0695,0,0.0695,0,0.3231,0,0.3231,0,0.9764,1,0.9764,1,50,317.2,198.83,0,1,2025-10-01 12:50:45,20.7,90.6,,0,0,,1
2025-10-01 12:51:30,232.1,0.3139,241.04,0.4478,1.3436,240.8,240.28,242.04,417.76,417.23,417.47,417.57,0.0,1.3436,0.0,0.0,0.3139,0.0,0.0697,0,0.0697,0,0.3228,0,0.3228,0,0.9762,1,0.9762,1,50,317.2,198.83,0,1,2025-10-01 12:51:30,20.7,90.8,,0,0,,1
2025-10-01 12:52:15,232.1,0.3137,241.05,0.4475,1.3426,240.96,240.22,241.97,418.12,416.99,417.39,417.5,0.0,1.3426,0.0,0.0,0.3137,0.0,0.0693,0,0.0693,0,0.3225,0,0.3225,0,0.9764,1,0.9764,1,50,317.2,198.83,0,1,2025-10-01 12:52:15,20.7,90.9,,0,0,,1
2025-10-01 12:53:00,232.1,0.3136,241.02,0.4474,1.3424,240.91,240.23,241.93,419.03,416.79,416.52,417.51,0.0,1.3424,0.0,0.0,0.3136,0.0,0.0696,0,0.0696,0,0.3225,0,0.3225,0,0.9762,1,0.9762,1,50,317.21,198.83,0,1,2025-10-01 12:53:00,20.7,91.1,,0,0,,1
2025-10-01 12:53:45,232.11,0.3136,240.65,0.4477,1.3432,240.48,239.99,241.5,417.44,417.29,415.72,416.87,0.0,1.3432,0.0,0.0,0.3136,0.0,0.0691,0,0.0691,0,0.3224,0,0.3224,0,0.9766,1,0.9766,1,50,317.21,198.83,0,1,2025-10-01 12:53:45,20.8,91.2,,0,0,,1
2025-10-01 12:54:30,232.11,0.3132,240.74,0.4472,1.3418,240.48,240.04,241.7,417.19,417.06,416.65,416.9,0.0,1.3418,0.0,0.0,0.3132,0.0,0.0693,0,0.0693,0,0.3221,0,0.3221,0,0.9763,1,0.9763,1,50,317.22,198.83,0,1,2025-10-01 12:54:30,21.2,91.3,,0,0,,1
2025-10-01 12:55:15,232.12,0.3139,241.13,0.4474,1.3423,240.89,240.46,242.04,417.79,417.65,417.48,417.82,0.0,1.3423,0.0,0.0,0.3139,0.0,0.0694,0,0.0694,0,0.3228,0,0.3228,0,0.9764,1,0.9764,1,50,317.22,198.83,0,1,2025-10-01 12:55:15,21.2,91.4,,0,0,,1
2025-10-01 12:56:00,232.12,0.3144,241.29,0.4478,1.3435,241.12,240.52,242.24,417.92,417.55,418.31,417.89,0.0,1.3435,0.0,0.0,0.3144,0.0,0.0689,0,0.0689,0,0.3231,0,0.3231,0,0.9768,1,0.9768,1,50.1,317.22,198.83,0,1,2025-10-01 12:56:00,21.2,91.5,,0,0,,1
2025-10-01 12:56:45,232.12,0.3133,240.99,0.447,1.3412,240.49,240.03,242.45,417.34,416.85,418.01,417.61,0.0,1.3412,0.0,0.0,0.3133,0.0,0.0681,0,0.0681,0,0.3219,0,0.3219,0,0.9771,1,0.9771,1,50.1,317.23,198.83,0,1,2025-10-01 12:56:45,21.2,91.6,,0,0,,1
2025-10-01 12:57:30,232.17,4.0478,240.31,7.7691,23.3075,239.66,239.49,241.79,415.64,416.75,416.29,416.15,8.0809,8.371,6.8556,1.4371,1.4647,1.146,3.8435,1.29,1.3607,1.1928,5.5991,1.9367,2.0048,1.6576,0.7251,0.7441,0.7326,0.6928,50.1,317.29,198.87,1,1,2025-10-01 12:57:30,21.2,90.8,,1,0,,0
2025-10-01 12:58:15,232.21,4.0053,240.35,7.7175,23.1525,239.81,239.65,241.61,416.53,416.52,415.85,416.21,7.9776,8.3562,6.8187,1.4181,1.4619,1.1253,3.8364,1.2765,1.3608,1.199,5.5631,1.9131,2.0026,1.6475,0.7221,0.7432,0.7319,0.6843,50.1,317.36,198.92,1,1,2025-10-01 12:58:15,21.2,87,,1,0,,0
2025-10-01 12:59:00,232.27,3.9732,240.84,7.6969,23.0909,240.26,240.15,242.12,417.12,417.85,416.46,417.16,7.9159,8.3674,6.8076,1.4024,1.4608,1.1099,3.8621,1.2766,1.3715,1.214,5.5596,1.9019,2.0094,1.6483,0.717,0.7394,0.729,0.6747,50.1,317.43,198.97,1,1,2025-10-01 12:59:00,20.7,81.8,,1,0,,0
2025-10-01 12:59:45,232.32,4.0019,240.23,7.7,23.100199999999997,239.35,239.62,241.74,415.99,416.61,415.68,415.99,7.8911,8.3657,6.8434,1.4016,1.476,1.1244,3.8154,1.2582,1.3482,1.209,5.5476,1.8887,2.0046,1.6543,0.7237,0.7441,0.7383,0.681,50.1,317.5,199.02,1,1,2025-10-01 12:59:45,20.6,78.1,,1,0,,0
2025-10-01 13:00:30,232.36,3.9674,240.3,7.6618,22.985500000000002,239.49,239.81,241.62,415.98,416.55,416.12,416.14,7.8221,8.3774,6.786,1.3917,1.4745,1.1013,3.8122,1.2457,1.3563,1.2102,5.5219,1.8733,2.009,1.6396,0.721,0.745,0.7359,0.673,50.1,317.56,199.06,1,1,2025-10-01 13:00:30,20.5,74.5,,1,0,,0
2025-10-01 13:01:15,232.42,3.9423,240.26,7.6314,22.8942,239.33,239.77,241.69,415.27,417.08,416.07,416.08,7.8068,8.3164,6.771,1.3814,1.4617,1.0992,3.8067,1.2502,1.3484,1.2081,5.4989,1.8684,1.994,1.6365,0.7193,0.7414,0.735,0.6729,50.1,317.64,199.11,1,1,2025-10-01 13:01:15,19.9,71.9,,1,0,,0
2025-10-01 13:02:00,232.47,3.9218,240.35,7.6155,22.846700000000002,239.52,239.81,241.74,415.53,416.92,416.46,416.45,7.8223,8.2809,6.7435,1.3806,1.4473,1.0939,3.8146,1.2586,1.3519,1.204,5.4896,1.8736,1.9858,1.6302,0.7168,0.739,0.7307,0.6724,50.1,317.71,199.16,1,1,2025-10-01 13:02:00,19.8,69.6,,1,0,,0
2025-10-01 13:02:45,232.49,0.32,241.19,0.4543,1.3629,240.56,240.63,242.4,417.56,417.99,417.72,417.79,0.0,1.3629,0.0,0.0,0.32,0.0,0.0663,0,0.0663,0,0.328,0,0.328,0,0.9792,1,0.9792,1,50.1,317.75,199.19,0,1,2025-10-01 13:02:45,19.7,67.9,,0,0,,1
2025-10-01 13:03:30,232.5,0.3177,240.93,0.4519,1.3559,240.38,240.3,242.12,417.15,417.34,417.41,417.33,0.0,1.3559,0.0,0.0,0.3177,0.0,0.0668,0,0.0668,0,0.3258,0,0.3258,0,0.9786,1,0.9786,1,50.1,317.75,199.19,0,1,2025-10-01 13:03:30,19.2,70,,0,0,,1
2025-10-01 13:04:15,232.5,0.317,240.86,0.4512,1.3536,240.18,240.32,242.1,418.06,417.04,416.44,417.17,0.0,1.3536,0.0,0.0,0.317,0.0,0.0674,0,0.0674,0,0.3253,0,0.3253,0,0.9781,1,0.9781,1,50.1,317.75,199.19,0,1,2025-10-01 13:04:15,19.1,72.9,,0,0,,1
2025-10-01 13:05:00,232.51,0.3174,241.64,0.4512,1.3536,241.34,240.86,242.73,418.41,418.72,418.47,418.45,0.0,1.3536,0.0,0.0,0.3174,0.0,0.0686,0,0.0686,0,0.326,0,0.326,0,0.9774,1,0.9774,1,50.1,317.76,199.19,0,1,2025-10-01 13:05:00,19.2,75.5,,0,0,,1
2025-10-01 13:05:45,232.51,0.3167,241.31,0.4507,1.3522,241.11,240.51,242.33,418.47,417.62,417.8,417.98,0.0,1.3522,0.0,0.0,0.3167,0.0,0.0683,0,0.0683,0,0.3252,0,0.3252,0,0.9775,1,0.9775,1,50.1,317.76,199.19,0,1,2025-10-01 13:05:45,19.2,77.9,,0,0,,1
2025-10-01 13:06:30,232.51,0.3163,241.46,0.4503,1.351,241.13,240.52,242.75,418.14,417.87,418.67,418.21,0.0,1.351,0.0,0.0,0.3163,0.0,0.0689,0,0.0689,0,0.3249,0,0.3249,0,0.9771,1,0.9771,1,50,317.77,199.19,0,1,2025-10-01 13:06:30,19.6,79.6,,0,0,,1
2025-10-01 13:07:15,232.52,0.3154,241.24,0.4496,1.349,241.02,240.23,242.49,417.64,417.66,418.23,417.89,0.0,1.349,0.0,0.0,0.3154,0.0,0.0689,0,0.0689,0,0.3241,0,0.3241,0,0.9769,1,0.9769,1,50,317.77,199.19,0,1,2025-10-01 13:07:15,19.7,81.2,,0,0,,1
2025-10-01 13:08:00,232.52,0.3147,241.25,0.4488,1.3466,240.98,240.19,242.6,417.34,418.15,418.11,417.99,0.0,1.3466,0.0,0.0,0.3147,0.0,0.0692,0,0.0692,0,0.3234,0,0.3234,0,0.9766,1,0.9766,1,50,317.77,199.19,0,1,2025-10-01 13:08:00,19.7,82.6,,0,0,,1
2025-10-01 13:08:45,232.53,0.3151,241.24,0.4492,1.3478,240.92,240.31,242.5,417.66,417.83,418.03,417.83,0.0,1.3478,0.0,0.0,0.3151,0.0,0.0694,0,0.0694,0,0.3239,0,0.3239,0,0.9765,1,0.9765,1,50,317.78,199.2,0,1,2025-10-01 13:08:45,19.8,83.6,,0,0,,1
2025-10-01 13:09:30,232.53,0.3153,241.27,0.4493,1.3481,240.96,240.44,242.43,417.45,418.28,417.97,417.98,0.0,1.3481,0.0,0.0,0.3153,0.0,0.0697,0,0.0697,0,0.3241,0,0.3241,0,0.9764,1,0.9764,1,50,317.78,199.2,0,1,2025-10-01 13:09:30,19.8,84.5,,0,0,,1
2025-10-01 13:10:15,232.53,0.3153,241.41,0.4492,1.3478,241.17,240.64,242.44,418.46,417.91,418.04,418.13,0.0,1.3478,0.0,0.0,0.3153,0.0,0.0703,0,0.0703,0,0.3243,0,0.3243,0,0.976,1,0.976,1,50,317.79,199.2,0,1,2025-10-01 13:10:15,19.8,85.4,,0,0,,1
2025-10-01 13:11:00,232.54,0.3156,241.67,0.4493,1.348,241.41,240.84,242.78,418.09,418.65,419.03,418.5,0.0,1.348,0.0,0.0,0.3156,0.0,0.0706,0,0.0706,0,0.3247,0,0.3247,0,0.9758,1,0.9758,1,50,317.79,199.2,0,1,2025-10-01 13:11:00,19.9,86.1,,0,0,,1
2025-10-01 13:11:45,232.54,0.3156,241.57,0.4494,1.3482,241.35,240.8,242.58,418.78,418.51,417.95,418.43,0.0,1.3482,0.0,0.0,0.3156,0.0,0.0703,0,0.0703,0,0.3246,0,0.3246,0,0.976,1,0.976,1,50,317.79,199.2,0,1,2025-10-01 13:11:45,19.9,86.7,,0,0,,1
2025-10-01 13:12:30,232.55,0.3154,241.59,0.449,1.3471,241.26,240.75,242.76,418.69,418.53,418.09,418.36,0.0,1.3471,0.0,0.0,0.3154,0.0,0.07,0,0.07,0,0.3243,0,0.3243,0,0.9762,1,0.9762,1,50,317.8,199.2,0,1,2025-10-01 13:12:30,20.0,87.3,,0,0,,1
2025-10-01 13:13:15,232.55,0.3149,241.59,0.4485,1.3456,241.46,240.76,242.57,418.84,418.13,418.37,418.47,0.0,1.3456,0.0,0.0,0.3149,0.0,0.0704,0,0.0704,0,0.324,0,0.324,0,0.9758,1,0.9758,1,50,317.8,199.2,0,1,2025-10-01 13:13:15,20.0,87.8,,0,0,,1
2025-10-01 13:14:00,232.55,0.3152,241.75,0.4488,1.3466,241.54,240.71,243.01,418.63,418.68,418.85,418.75,0.0,1.3466,0.0,0.0,0.3152,0.0,0.0697,0,0.0697,0,0.3241,0,0.3241,0,0.9764,1,0.9764,1,50,317.81,199.2,0,1,2025-10-01 13:14:00,20.4,88.2,,0,0,,1
2025-10-01 13:14:45,232.56,0.3158,242.05,0.4492,1.3477,241.87,240.97,243.32,418.99,418.69,420.04,419.17,0.0,1.3477,0.0,0.0,0.3158,0.0,0.0699,0,0.0699,0,0.3248,0,0.3248,0,0.9763,1,0.9763,1,50,317.81,199.2,0,1,2025-10-01 13:14:45,20.5,88.7,,0,0,,1
2025-10-01 13:15:30,232.56,0.3162,242.08,0.4494,1.3483,241.9,241.11,243.23,419.2,419.25,419.42,419.38,0.0,1.3483,0.0,0.0,0.3162,0.0,0.0696,0,0.0696,0,0.3251,0,0.3251,0,0.9765,1,0.9765,1,50.1,317.81,199.2,0,1,2025-10-01 13:15:30,20.5,89,,0,0,,1
2025-10-01 13:16:15,232.57,0.3161,242.22,0.449,1.3471,242.09,241.24,243.34,419.78,419.33,419.49,419.59,0.0,1.3471,0.0,0.0,0.3161,0.0,0.0696,0,0.0696,0,0.325,0,0.325,0,0.9766,1,0.9766,1,50.1,317.82,199.2,0,1,2025-10-01 13:16:15,20.5,89.4,,0,0,,1
2025-10-01 13:17:00,232.57,0.3165,242.21,0.4496,1.3489,241.98,241.13,243.52,420.27,419,419.25,419.53,0.0,1.3489,0.0,0.0,0.3165,0.0,0.0691,0,0.0691,0,0.3253,0,0.3253,0,0.9769,1,0.9769,1,50.1,317.82,199.21,0,1,2025-10-01 13:17:00,20.6,89.6,,0,0,,1
2025-10-01 13:17:45,232.57,0.3163,242.18,0.4492,1.3478,241.98,241.19,243.38,419.46,419.23,419.71,419.5,0.0,1.3478,0.0,0.0,0.3163,0.0,0.0693,0,0.0693,0,0.3251,0,0.3251,0,0.9768,1,0.9768,1,50.1,317.83,199.21,0,1,2025-10-01 13:17:45,20.6,89.9,,0,0,,1
2025-10-01 13:18:30,232.58,0.3158,242.08,0.4486,1.346,241.91,241.13,243.21,419.23,419.37,419.28,419.27,0.0,1.346,0.0,0.0,0.3158,0.0,0.069,0,0.069,0,0.3246,0,0.3246,0,0.9769,1,0.9769,1,50.1,317.83,199.21,0,1,2025-10-01 13:18:30,20.6,90.2,,0,0,,1
2025-10-01 13:19:15,232.58,0.3161,242.26,0.4488,1.3464,242.07,241.27,243.44,418.74,419.99,420.08,419.7,0.0,1.3464,0.0,0.0,0.3161,0.0,0.069,0,0.069,0,0.3248,0,0.3248,0,0.9769,1,0.9769,1,50.1,317.83,199.21,0,1,2025-10-01 13:19:15,20.6,90.3,,0,0,,1
2025-10-01 13:20:00,232.58,0.3166,241.99,0.4492,1.3476,241.38,241.45,243.14,418.69,419.98,418.74,419.19,0.0,1.3476,0.0,0.0,0.3166,0.0,0.0692,0,0.0692,0,0.3254,0,0.3254,0,0.9769,1,0.9769,1,50.2,317.84,199.21,0,1,2025-10-01 13:20:00,20.7,90.5,,0,0,,1
2025-10-01 13:20:45,232.59,0.3158,241.86,0.4485,1.3455,241.03,241.2,243.36,418.49,418.68,419.56,418.9,0.0,1.3455,0.0,0.0,0.3158,0.0,0.0688,0,0.0688,0,0.3245,0,0.3245,0,0.977,1,0.977,1,50.1,317.84,199.21,0,1,2025-10-01 13:20:45,20.7,90.8,,0,0,,1
2025-10-01 13:21:30,232.59,0.3167,241.98,0.4493,1.3481,241.24,241.53,243.17,419.05,419.53,418.76,419.01,0.0,1.3481,0.0,0.0,0.3167,0.0,0.0695,0,0.0695,0,0.3256,0,0.3256,0,0.9767,1,0.9767,1,50.1,317.85,199.21,0,1,2025-10-01 13:21:30,20.7,90.9,,0,0,,1
2025-10-01 13:22:15,232.6,0.317,242.19,0.4495,1.3486,241.44,241.6,243.55,419.32,419.55,419.6,419.47,0.0,1.3486,0.0,0.0,0.317,0.0,0.0694,0,0.0694,0,0.3258,0,0.3258,0,0.9768,1,0.9768,1,50.1,317.85,199.21,0,1,2025-10-01 13:22:15,20.7,91.1,,0,0,,1
2025-10-01 13:23:00,232.6,0.3159,241.9,0.4485,1.3456,241.08,241.32,243.32,418.88,418.35,419.72,419.04,0.0,1.3456,0.0,0.0,0.3159,0.0,0.0692,0,0.0692,0,0.3247,0,0.3247,0,0.9768,1,0.9768,1,50.2,317.85,199.21,0,1,2025-10-01 13:23:00,20.8,91.2,,0,0,,1
2025-10-01 13:23:45,232.6,0.3163,242.06,0.4488,1.3464,241.38,241.42,243.39,419.08,419.02,419.68,419.3,0.0,1.3464,0.0,0.0,0.3163,0.0,0.0691,0,0.0691,0,0.325,0,0.325,0,0.9769,1,0.9769,1,50.2,317.86,199.21,0,1,2025-10-01 13:23:45,20.8,91.3,,0,0,,1
2025-10-01 13:24:30,232.61,0.3154,241.7,0.4481,1.3445,241.04,241.03,243.03,418.38,419.25,418.26,418.69,0.0,1.3445,0.0,0.0,0.3154,0.0,0.0685,0,0.0685,0,0.3241,0,0.3241,0,0.9772,1,0.9772,1,50.2,317.86,199.21,0,1,2025-10-01 13:24:30,21.2,91.5,,0,0,,1
2025-10-01 13:25:15,232.61,0.3168,242.5,0.4491,1.3475,242.1,241.61,243.8,420.2,420.29,419.56,419.93,0.0,1.3475,0.0,0.0,0.3168,0.0,0.0692,0,0.0692,0,0.3256,0,0.3256,0,0.9769,1,0.9769,1,50.2,317.87,199.21,0,1,2025-10-01 13:25:15,21.2,91.5,,0,0,,1
2025-10-01 13:26:00,232.62,0.3163,242.42,0.4486,1.3458,242.01,241.57,243.68,420.05,419.15,420.42,419.87,0.0,1.3458,0.0,0.0,0.3163,0.0,0.0695,0,0.0695,0,0.3251,0,0.3251,0,0.9767,1,0.9767,1,50.1,317.87,199.22,0,1,2025-10-01 13:26:00,21.2,91.6,,0,0,,1
2025-10-01 13:26:45,232.62,0.3172,242.67,0.4494,1.3482,242.22,241.93,243.88,420.04,420.37,420.56,420.23,0.0,1.3482,0.0,0.0,0.3172,0.0,0.07,0,0.07,0,0.3262,0,0.3262,0,0.9765,1,0.9765,1,50.1,317.88,199.22,0,1,2025-10-01 13:26:45,21.3,91.6,,0,0,,1
2025-10-01 13:27:30,232.62,0.3157,242.47,0.4482,1.3446,242.2,241.3,243.93,419.57,420.26,420.1,419.91,0.0,1.3446,0.0,0.0,0.3157,0.0,0.0693,0,0.0693,0,0.3245,0,0.3245,0,0.9767,1,0.9767,1,50.1,317.88,199.22,0,1,2025-10-01 13:27:30,21.3,91.7,,0,0,,1
2025-10-01 13:28:15,232.63,0.3164,242.65,0.4486,1.346,242.61,241.54,243.81,421.24,419.94,419.64,420.32,0.0,1.346,0.0,0.0,0.3164,0.0,0.069,0,0.069,0,0.3251,0,0.3251,0,0.977,1,0.977,1,50.1,317.88,199.22,0,1,2025-10-01 13:28:15,21.3,91.7,,0,0,,1
2025-10-01 13:29:00,232.65,3.9541,242.15,7.7316,23.194900000000004,241.74,241.86,242.87,420.91,419.04,418.3,419.29,8.0103,8.496,6.6886,1.4303,1.4543,1.0695,3.9586,1.2969,1.4437,1.2181,5.6157,1.9364,2.0548,1.6245,0.7067,0.7408,0.7096,0.6597,50.1,317.92,199.24,1,1,2025-10-01 13:29:00,21.3,91.8,,1,0,,0
2025-10-01 13:29:45,232.7,4.0248,242.22,7.7918,23.375600000000002,241.79,241.88,243.01,420.58,419.18,418.86,419.49,8.0538,8.546,6.7758,1.4463,1.4804,1.0981,3.9514,1.2952,1.4342,1.2221,5.661,1.9473,2.0671,1.6466,0.7135,0.7449,0.7182,0.6683,50.1,317.99,199.29,1,1,2025-10-01 13:29:45,21.3,88.7,,1,0,,0
2025-10-01 13:30:30,232.75,3.986,242.24,7.754,23.2622,241.64,241.94,243.15,419.93,419.74,419.03,419.52,7.9872,8.4875,6.7875,1.4228,1.4708,1.0925,3.952,1.2954,1.4245,1.2321,5.6339,1.93,2.0535,1.6504,0.7101,0.7394,0.7183,0.6634,50.1,318.06,199.34,1,1,2025-10-01 13:30:30,21.2,83.7,,1,0,,0
2025-10-01 13:31:15,232.8,4.0083,242.11,7.7681,23.304399999999998,241.6,241.58,243.15,419.41,419.28,419.33,419.34,7.9625,8.4938,6.8481,1.4187,1.4824,1.1072,3.9415,1.2912,1.4109,1.2394,5.6408,1.9237,2.0519,1.6651,0.713,0.7395,0.7243,0.6662,50.1,318.13,199.39,1,1,2025-10-01 13:31:15,20.7,79.3,,1,0,,0
2025-10-01 13:32:00,232.85,3.9876,242.19,7.7529,23.258899999999997,241.67,241.55,243.35,418.84,420.37,419.23,419.48,7.9916,8.4206,6.8467,1.413,1.4632,1.1114,3.9489,1.3079,1.4043,1.2366,5.6315,1.9313,2.034,1.6661,0.7105,0.7338,0.7214,0.6684,50.1,318.2,199.44,1,1,2025-10-01 13:32:00,20.5,75.9,,1,0,,0
2025-10-01 13:32:45,232.9,3.9481,241.71,7.7081,23.124399999999998,241.07,241.25,242.82,418.81,418.44,418.71,418.73,7.962,8.4012,6.7612,1.4073,1.4513,1.0895,3.9262,1.2966,1.4064,1.2232,5.5879,1.9194,2.0268,1.6418,0.709,0.7354,0.7181,0.6651,50,318.27,199.48,1,1,2025-10-01 13:32:45,20.4,73,,1,0,,0
2025-10-01 13:33:30,232.95,3.9537,241.06,7.6968,23.090600000000002,240.64,240.64,241.92,418.15,417.1,417.34,417.62,7.955,8.4261,6.7095,1.4171,1.4551,1.0815,3.8896,1.2792,1.4044,1.206,5.5651,1.9143,2.0277,1.6232,0.7128,0.7423,0.7195,0.6676,50,318.34,199.53,1,1,2025-10-01 13:33:30,19.9,70.6,,1,0,,0
2025-10-01 13:34:15,232.98,0.3194,241.75,0.4531,1.3594,241.43,241.14,242.68,419.8,418.13,418.2,418.86,0.0,1.3594,0.0,0.0,0.3194,0.0,0.0682,0,0.0682,0,0.3278,0,0.3278,0,0.9779,1,0.9779,1,50,318.38,199.56,0,1,2025-10-01 13:34:15,19.8,68.9,,0,0,,1
2025-10-01 13:35:00,232.98,0.3189,241.93,0.4525,1.3577,241.65,241.32,242.84,420.09,419.42,417.58,418.95,0.0,1.3577,0.0,0.0,0.3189,0.0,0.0693,0,0.0693,0,0.3276,0,0.3276,0,0.9772,1,0.9772,1,50,318.38,199.56,0,1,2025-10-01 13:35:00,19.7,71,,0,0,,1
2025-10-01 13:36:30,232.99,0.3195,242.76,0.4525,1.3575,242.61,241.98,243.7,420.63,420.35,420.44,420.37,0.0,1.3575,0.0,0.0,0.3195,0.0,0.0703,0,0.0703,0,0.3285,0,0.3285,0,0.9766,1,0.9766,1,50,318.39,199.56,0,1,2025-10-01 13:36:30,19.6,76.4,,0,0,,1
2025-10-01 13:37:15,232.99,0.3189,242.59,0.4518,1.3556,242.44,241.85,243.48,420.85,419.68,419.98,420.17,0.0,1.3556,0.0,0.0,0.3189,0.0,0.0705,0,0.0705,0,0.3279,0,0.3279,0,0.9764,1,0.9764,1,50,318.39,199.56,0,1,2025-10-01 13:37:15,19.7,78.6,,0,0,,1
2025-10-01 13:38:00,233,0.3181,242.38,0.4513,1.3539,242.18,241.56,243.4,420.34,419.24,419.83,419.9,0.0,1.3539,0.0,0.0,0.3181,0.0,0.0704,0,0.0704,0,0.327,0,0.327,0,0.9763,1,0.9763,1,50,318.4,199.56,0,1,2025-10-01 13:38:00,19.7,80.3,,0,0,,1
2025-10-01 13:38:45,233,0.3181,242.52,0.4512,1.3536,242.24,241.8,243.54,420.09,419.75,420.34,420.04,0.0,1.3536,0.0,0.0,0.3181,0.0,0.0713,0,0.0713,0,0.3273,0,0.3273,0,0.9758,1,0.9758,1,50,318.4,199.56,0,1,2025-10-01 13:38:45,19.7,81.8,,0,0,,1
2025-10-01 13:39:30,233,0.3181,242.59,0.4508,1.3526,242.4,241.75,243.64,420.28,420.49,419.78,420.2,0.0,1.3526,0.0,0.0,0.3181,0.0,0.0709,0,0.0709,0,0.327,0,0.327,0,0.976,1,0.9758,1,50,318.4,199.57,0,1,2025-10-01 13:39:30,19.8,83.1,,0,0,,1
2025-10-01 13:40:15,233.01,0.3172,242.04,0.4502,1.3508,241.46,241.56,243.12,419.27,418.97,419.46,419.17,0.0,1.3508,0.0,0.0,0.3172,0.0,0.0707,0,0.0707,0,0.3263,0,0.3263,0,0.976,1,0.976,1,50,318.41,199.57,0,1,2025-10-01 13:40:15,19.8,84.2,,0,0,,1
2025-10-01 13:41:00,233.01,0.3174,242.3,0.4503,1.3511,241.82,241.68,243.4,419.84,419.43,419.74,419.55,0.0,1.3511,0.0,0.0,0.3174,0.0,0.0709,0,0.0709,0,0.3265,0,0.3265,0,0.9759,1,0.976,1,50,318.41,199.57,0,1,2025-10-01 13:41:00,19.9,85.1,,0,0,,1
2025-10-01 13:41:45,233.02,0.317,241.98,0.4495,1.3486,241.37,241.45,243.13,419.84,419.24,418.26,419.09,0.0,1.3486,0.0,0.0,0.317,0.0,0.0703,0,0.0703,0,0.3256,0,0.3256,0,0.9762,1,0.976,1,50,318.42,199.57,0,1,2025-10-01 13:41:45,19.9,85.9,,0,0,,1
2025-10-01 13:42:30,233.02,0.3166,241.86,0.4496,1.3489,241.43,241.45,242.72,419.86,418.31,418.57,418.94,0.0,1.3489,0.0,0.0,0.3166,0.0,0.0707,0,0.0707,0,0.3257,0,0.3257,0,0.9759,1,0.9759,1,50,318.42,199.57,0,1,2025-10-01 13:42:30,20.0,86.6,,0,0,,1
2025-10-01 13:43:15,233.02,0.3159,241.66,0.4493,1.3481,241.06,241.21,242.72,419.04,418.26,418.4,418.5,0.0,1.3481,0.0,0.0,0.3159,0.0,0.0704,0,0.0704,0,0.3252,0,0.3252,0,0.976,1,0.976,1,50,318.42,199.57,0,1,2025-10-01 13:43:15,20.0,87.2,,0,0,,1
2025-10-01 13:44:00,233.03,0.3157,241.61,0.449,1.3471,241.01,241.04,242.78,418.75,418.13,418.53,418.49,0.0,1.3471,0.0,0.0,0.3157,0.0,0.0701,0,0.0701,0,0.3247,0,0.3247,0,0.9762,1,0.9762,1,50,318.43,199.57,0,1,2025-10-01 13:44:00,20.4,87.7,,0,0,,1
2025-10-01 13:44:45,233.03,0.3156,241.72,0.4487,1.3462,241.02,241.19,242.96,418.86,418.78,418.36,418.62,0.0,1.3462,0.0,0.0,0.3156,0.0,0.0707,0,0.0707,0,0.3247,0,0.3247,0,0.9757,1,0.9757,1,50,318.43,199.57,0,1,2025-10-01 13:44:45,20.5,88.3,,0,0,,1
2025-10-01 13:45:30,233.04,0.317,242.4,0.4498,1.3494,242.18,241.68,243.35,419.97,419.9,419.67,419.84,0.0,1.3494,0.0,0.0,0.317,0.0,0.0708,0,0.0708,0,0.3261,0,0.3261,0,0.9759,1,0.9759,1,50,318.44,199.57,0,1,2025-10-01 13:45:30,20.5,88.7,,0,0,,1
2025-10-01 13:46:15,233.04,0.3172,242.77,0.4498,1.3495,242.48,241.97,243.86,420.75,420.42,420.28,420.49,0.0,1.3495,0.0,0.0,0.3172,0.0,0.0715,0,0.0715,0,0.3265,0,0.3265,0,0.9755,1,0.9755,1,50,318.44,199.57,0,1,2025-10-01 13:46:15,20.5,89,,0,0,,1
2025-10-01 13:47:00,233.04,0.3171,242.6,0.4499,1.3498,242.3,241.78,243.72,420.25,419.64,420.67,420.29,0.0,1.3498,0.0,0.0,0.3171,0.0,0.0712,0,0.0712,0,0.3264,0,0.3264,0,0.9757,1,0.9757,1,50,318.44,199.57,0,1,2025-10-01 13:47:00,20.5,89.4,,0,0,,1
2025-10-01 13:47:45,233.05,0.3171,242.54,0.4498,1.3495,242.32,241.91,243.39,420.35,420.38,419.52,420.06,0.0,1.3495,0.0,0.0,0.3171,0.0,0.0716,0,0.0716,0,0.3265,0,0.3265,0,0.9754,1,0.9754,1,50,318.45,199.58,0,1,2025-10-01 13:47:45,20.6,89.7,,0,0,,1
2025-10-01 13:48:30,233.05,0.3171,242.49,0.4497,1.3491,242.29,241.94,243.24,420.8,419.88,419.3,419.97,0.0,1.3491,0.0,0.0,0.3171,0.0,0.0717,0,0.0717,0,0.3264,0,0.3264,0,0.9753,1,0.9753,1,49.9,318.45,199.58,0,1,2025-10-01 13:48:30,20.6,90,,0,0,,1
2025-10-01 13:49:15,233.06,0.317,242.57,0.4498,1.3494,242.36,241.73,243.62,420.11,420.3,420,420.14,0.0,1.3494,0.0,0.0,0.317,0.0,0.0712,0,0.0712,0,0.3262,0,0.3262,0,0.9756,1,0.9756,1,50,318.46,199.58,0,1,2025-10-01 13:49:15,20.6,90.2,,0,0,,1
2025-10-01 13:50:00,233.06,0.3167,242.56,0.4493,1.3481,242.12,241.88,243.69,420.45,419.89,420.03,420.02,0.0,1.3481,0.0,0.0,0.3167,0.0,0.072,0,0.072,0,0.3261,0,0.3261,0,0.9751,1,0.9751,1,50,318.46,199.58,0,1,2025-10-01 13:50:00,20.7,90.4,,0,0,,1
2025-10-01 13:50:45,233.06,0.3166,242.51,0.4495,1.3486,242.22,241.66,243.67,420.17,420.13,419.83,420.02,0.0,1.3486,0.0,0.0,0.3166,0.0,0.0714,0,0.0714,0,0.3259,0,0.3259,0,0.9754,1,0.9754,1,50,318.46,199.58,0,1,2025-10-01 13:50:45,20.7,90.7,,0,0,,1
2025-10-01 13:51:30,233.07,0.3162,242.69,0.449,1.3472,242.44,241.51,244.14,419.69,421.08,420.3,420.38,0.0,1.3472,0.0,0.0,0.3162,0.0,0.0709,0,0.0709,0,0.3254,0,0.3254,0,0.9757,1,0.9757,1,50,318.47,199.58,0,1,2025-10-01 13:51:30,20.7,90.8,,0,0,,1
2025-10-01 13:52:15,233.07,0.3165,242.88,0.4491,1.3473,242.72,241.84,244.08,420.88,420.55,420.58,420.66,0.0,1.3473,0.0,0.0,0.3165,0.0,0.0715,0,0.0715,0,0.3258,0,0.3258,0,0.9754,1,0.9754,1,50,318.47,199.58,0,1,2025-10-01 13:52:15,20.7,91,,0,0,,1
2025-10-01 13:53:00,233.08,0.3165,242.95,0.4489,1.3467,242.75,241.94,244.16,421.17,420.53,420.68,420.74,0.0,1.3467,0.0,0.0,0.3165,0.0,0.0714,0,0.0714,0,0.3258,0,0.3258,0,0.9755,1,0.9755,1,50,318.48,199.58,0,1,2025-10-01 13:53:00,20.8,91.1,,0,0,,1
2025-10-01 13:53:45,233.08,0.317,242.99,0.4493,1.3481,242.79,242.08,244.12,421.02,420.86,420.74,420.74,0.0,1.3481,0.0,0.0,0.317,0.0,0.0715,0,0.0715,0,0.3263,0,0.3263,0,0.9754,1,0.9754,1,50,318.48,199.58,0,1,2025-10-01 13:53:45,21.2,91.3,,0,0,,1
2025-10-01 13:54:30,233.08,0.3182,243.77,0.4502,1.3507,243.82,242.61,244.88,423.07,421.91,421.64,422.15,0.0,1.3507,0.0,0.0,0.3182,0.0,0.0721,0,0.0721,0,0.3277,0,0.3277,0,0.9752,1,0.9752,1,50,318.49,199.58,0,1,2025-10-01 13:54:30,21.2,91.3,,0,0,,1
2025-10-01 13:55:15,233.09,0.3183,243.92,0.4502,1.3507,243.95,242.67,245.14,422.6,422.25,422.56,422.61,0.0,1.3507,0.0,0.0,0.3183,0.0,0.0721,0,0.0721,0,0.3278,0,0.3278,0,0.9753,1,0.9753,1,50,318.49,199.58,0,1,2025-10-01 13:55:15,21.2,91.4,,0,0,,1
2025-10-01 13:56:00,233.09,0.3176,243.14,0.4494,1.3483,242.55,242.56,244.31,421.08,421.47,420.82,421.2,0.0,1.3483,0.0,0.0,0.3176,0.0,0.072,0,0.072,0,0.327,0,0.327,0,0.9752,1,0.9752,1,50,318.49,199.58,0,1,2025-10-01 13:56:00,21.3,91.5,,0,0,,1
2025-10-01 13:56:45,233.1,0.3174,243.09,0.4494,1.3482,242.51,242.52,244.25,421.13,421.77,420.21,421,0.0,1.3482,0.0,0.0,0.3174,0.0,0.0725,0,0.0725,0,0.327,0,0.327,0,0.9749,1,0.9749,1,50,318.5,199.59,0,1,2025-10-01 13:56:45,21.3,91.6,,0,0,,1
2025-10-01 13:57:30,233.13,4.0396,242.22,7.8403,23.520899999999997,241.62,241.45,243.61,419.82,419.72,419.08,419.63,8.0443,8.5077,6.9689,1.4212,1.4836,1.1348,3.9876,1.3173,1.4122,1.2581,5.6955,1.9437,2.0542,1.6977,0.7116,0.7334,0.7243,0.6698,50,318.55,199.62,1,1,2025-10-01 13:57:30,21.3,91.2,,1,0,,0
2025-10-01 13:58:15,233.18,4.0919,242.31,7.8867,23.6603,241.67,241.6,243.68,419.7,419.76,419.64,419.65,8.0668,8.5721,7.0214,1.4348,1.5076,1.1496,3.9855,1.3113,1.4115,1.2627,5.7315,1.9495,2.071,1.711,0.7163,0.7381,0.7299,0.6732,50,318.62,199.67,1,1,2025-10-01 13:58:15,21.2,87.7,,1,0,,0
2025-10-01 13:59:00,233.23,4.0695,241.87,7.8403,23.5211,241.13,241.17,243.32,418.7,419.26,418.83,418.91,8.0185,8.5211,6.9815,1.4251,1.5007,1.1437,3.9451,1.2982,1.3954,1.2515,5.6873,1.9335,2.055,1.6987,0.7179,0.7392,0.7323,0.6746,50,318.69,199.72,1,1,2025-10-01 13:59:00,20.8,82.9,,1,0,,0
2025-10-01 13:59:45,233.28,4.0567,242.06,7.8277,23.4833,241.31,241.2,243.68,418.68,419.41,419.69,419.46,8.0292,8.4395,7.0146,1.4147,1.4863,1.1557,3.951,1.3145,1.3818,1.2546,5.6825,1.9375,2.0356,1.7093,0.7163,0.7325,0.7323,0.6775,50,318.76,199.77,1,1,2025-10-01 13:59:45,20.7,78.9,,1,0,,0
2025-10-01 14:00:30,233.33,4.0524,242.86,7.85,23.550099999999997,242.44,242.26,243.88,420.16,421.74,420.02,420.61,8.0277,8.5651,6.9573,1.4277,1.4983,1.1264,4.004,1.3134,1.4265,1.2641,5.718,1.9462,2.075,1.6967,0.7113,0.7359,0.7242,0.6652,50,318.83,199.82,1,1,2025-10-01 14:00:30,20.5,75.3,,1,0,,0
2025-10-01 14:01:15,233.39,4.0289,242.82,7.8166,23.4498,242.72,241.87,243.87,420.6,420.55,420.56,420.62,8.0946,8.5076,6.8476,1.4414,1.4707,1.1168,3.993,1.3258,1.4307,1.2364,5.6924,1.9647,2.0577,1.6699,0.7102,0.7359,0.7167,0.6702,50.1,318.91,199.87,1,1,2025-10-01 14:01:15,20.0,72.7,,1,0,,0
2025-10-01 14:02:00,233.43,4.02,243.07,7.8108,23.4324,242.7,242.43,244.09,420.56,421.53,420.94,421.08,8.0433,8.5333,6.8558,1.4321,1.4803,1.1076,4.0026,1.3174,1.4362,1.2491,5.6943,1.9521,2.0687,1.6734,0.7086,0.7359,0.7177,0.6634,50.1,318.97,199.92,1,1,2025-10-01 14:02:00,19.9,70.3,,1,0,,0
2025-10-01 14:02:45,233.45,0.3228,243.85,0.4549,1.3649,243.62,243.05,244.88,422.71,421.9,422.45,422.4,0.0,1.3649,0.0,0.0,0.3228,0.0,0.0704,0,0.0704,0,0.3317,0,0.3317,0,0.977,1,0.977,1,50.1,319,199.93,0,1,2025-10-01 14:02:45,19.7,69.3,,0,0,,1
2025-10-01 14:03:30,233.45,0.3224,243.78,0.4544,1.3633,243.2,243.16,244.98,422.74,422.02,421.93,422.24,0.0,1.3633,0.0,0.0,0.3224,0.0,0.0709,0,0.0709,0,0.3315,0,0.3315,0,0.9766,1,0.9766,1,50.1,319,199.93,0,1,2025-10-01 14:03:30,19.6,71.9,,0,0,,1
2025-10-01 14:04:15,233.46,0.3217,243.65,0.4536,1.361,243.05,243.11,244.8,422.65,421.54,421.83,421.99,0.0,1.361,0.0,0.0,0.3217,0.0,0.0715,0,0.0715,0,0.3309,0,0.3309,0,0.9761,1,0.9761,1,50,319,199.93,0,1,2025-10-01 14:04:15,19.2,74.6,,0,0,,1
2025-10-01 14:05:00,233.46,0.3214,243.72,0.4533,1.3601,243.15,243.06,244.96,421.92,423.43,421.04,422.29,0.0,1.3601,0.0,0.0,0.3214,0.0,0.0713,0,0.0713,0,0.3306,0,0.3306,0,0.9762,1,0.9762,1,50.1,319.01,199.93,0,1,2025-10-01 14:05:00,19.6,77,,0,0,,1
2025-10-01 14:05:45,233.47,0.3218,243.83,0.4538,1.3614,243.33,243.26,244.9,422.61,422.64,421.7,422.42,0.0,1.3614,0.0,0.0,0.3218,0.0,0.072,0,0.072,0,0.3312,0,0.3312,0,0.9758,1,0.9758,1,50.1,319.01,199.93,0,1,2025-10-01 14:05:45,19.7,79,,0,0,,1
2025-10-01 14:06:30,233.47,0.3215,244.06,0.4535,1.3605,243.71,243.21,245.27,423.2,422.22,422.74,422.76,0.0,1.3605,0.0,0.0,0.3215,0.0,0.072,0,0.072,0,0.3309,0,0.3309,0,0.9758,1,0.9758,1,50.1,319.02,199.94,0,1,2025-10-01 14:06:30,19.7,80.6,,0,0,,1
2025-10-01 14:07:15,233.47,0.322,244,0.4537,1.3612,243.53,243.56,244.92,422.77,422.62,422.47,422.57,0.0,1.3612,0.0,0.0,0.322,0.0,0.0727,0,0.0727,0,0.3315,0,0.3315,0,0.9754,1,0.9754,1,50.1,319.02,199.94,0,1,2025-10-01 14:07:15,19.7,82,,0,0,,1
2025-10-01 14:08:00,233.48,0.321,243.98,0.4528,1.3586,243.48,243.26,245.22,422.71,422.77,422.29,422.54,0.0,1.3586,0.0,0.0,0.321,0.0,0.0726,0,0.0726,0,0.3305,0,0.3305,0,0.9753,1,0.9753,1,50,319.03,199.94,0,1,2025-10-01 14:08:00,19.8,83.3,,0,0,,1
2025-10-01 14:08:45,233.48,0.3205,243.95,0.4523,1.357,243.48,243.27,245.12,422.72,422.63,422.26,422.62,0.0,1.357,0.0,0.0,0.3205,0.0,0.0729,0,0.0729,0,0.3301,0,0.3301,0,0.975,1,0.975,1,50,319.03,199.94,0,1,2025-10-01 14:08:45,19.8,84.4,,0,0,,1
2025-10-01 14:09:30,233.49,0.3203,243.63,0.4525,1.3575,243.11,243.07,244.72,422.46,421.87,421.6,421.97,0.0,1.3575,0.0,0.0,0.3203,0.0,0.073,0,0.073,0,0.33,0,0.33,0,0.9749,1,0.9749,1,50,319.03,199.94,0,1,2025-10-01 14:09:30,19.9,85.2,,0,0,,1
2025-10-01 14:10:15,233.49,0.3193,243.67,0.4516,1.3548,243.35,242.71,244.95,422.18,421.45,422.49,422.06,0.0,1.3548,0.0,0.0,0.3193,0.0,0.0726,0,0.0726,0,0.3288,0,0.3288,0,0.975,1,0.975,1,50,319.04,199.94,0,1,2025-10-01 14:10:15,19.9,86.1,,0,0,,1
2025-10-01 14:11:00,233.49,0.3188,243.38,0.4512,1.3536,243.08,242.48,244.6,421.35,421.83,421.47,421.47,0.0,1.3536,0.0,0.0,0.3188,0.0,0.072,0,0.072,0,0.3282,0,0.3282,0,0.9754,1,0.9754,1,50,319.04,199.94,0,1,2025-10-01 14:11:00,20.0,86.7,,0,0,,1
2025-10-01 14:11:45,233.5,0.3191,243.57,0.4511,1.3534,243.08,242.95,244.7,422.21,421.56,421.86,421.89,0.0,1.3534,0.0,0.0,0.3191,0.0,0.0732,0,0.0732,0,0.3288,0,0.3288,0,0.9746,1,0.9746,1,50,319.05,199.94,0,1,2025-10-01 14:11:45,20.0,87.3,,0,0,,1
2025-10-01 14:12:30,233.5,0.3191,243.39,0.4513,1.3541,242.92,242.75,244.5,421.63,421.4,421.64,421.59,0.0,1.3541,0.0,0.0,0.3191,0.0,0.0727,0,0.0727,0,0.3287,0,0.3287,0,0.975,1,0.975,1,50,319.05,199.94,0,1,2025-10-01 14:12:30,20.4,87.8,,0,0,,1
2025-10-01 14:13:15,233.51,0.3191,243.5,0.4512,1.3536,243.13,242.89,244.48,421.78,421.9,421.56,421.74,0.0,1.3536,0.0,0.0,0.3191,0.0,0.0733,0,0.0733,0,0.3288,0,0.3288,0,0.9745,1,0.9745,1,49.9,319.05,199.94,0,1,2025-10-01 14:13:15,20.5,88.3,,0,0,,1
2025-10-01 14:14:00,233.51,0.3196,243.87,0.4514,1.3543,243.52,243.2,244.89,422.39,422.52,422.25,422.35,0.0,1.3543,0.0,0.0,0.3196,0.0,0.0736,0,0.0736,0,0.3294,0,0.3294,0,0.9745,1,0.9745,1,50,319.06,199.94,0,1,2025-10-01 14:14:00,20.5,88.7,,0,0,,1
2025-10-01 14:14:45,233.51,0.3187,243.51,0.4507,1.3522,243.21,242.98,244.35,422.5,422.14,420.66,421.72,0.0,1.3522,0.0,0.0,0.3187,0.0,0.0738,0,0.0738,0,0.3286,0,0.3286,0,0.9742,1,0.9742,1,49.9,319.06,199.95,0,1,2025-10-01 14:14:45,20.5,89.1,,0,0,,1
2025-10-01 14:15:30,233.52,0.3186,243.64,0.4507,1.3523,243.22,242.8,244.92,421.54,422.48,421.99,422,0.0,1.3523,0.0,0.0,0.3186,0.0,0.0732,0,0.0732,0,0.3283,0,0.3283,0,0.9745,1,0.9745,1,49.9,319.07,199.95,0,1,2025-10-01 14:15:30,20.6,89.4,,0,0,,1
2025-10-01 14:16:15,233.52,0.3193,243.99,0.4511,1.3535,243.35,243.29,245.35,421.9,423.21,422.72,422.44,0.0,1.3535,0.0,0.0,0.3193,0.0,0.0741,0,0.0741,0,0.3293,0,0.3293,0,0.974,1,0.974,1,49.9,319.07,199.95,0,1,2025-10-01 14:16:15,20.6,89.7,,0,0,,1
2025-10-01 14:17:00,233.53,0.3196,244.11,0.4513,1.354,243.6,243.34,245.4,422.85,423.12,422.45,422.79,0.0,1.354,0.0,0.0,0.3196,0.0,0.074,0,0.074,0,0.3295,0,0.3295,0,0.9741,1,0.9741,1,49.9,319.07,199.95,0,1,2025-10-01 14:17:00,20.6,90,,0,0,,1
2025-10-01 14:17:45,233.53,0.3206,244.15,0.4523,1.357,243.6,243.55,245.31,422.7,423.68,422.25,422.87,0.0,1.357,0.0,0.0,0.3206,0.0,0.074,0,0.074,0,0.3305,0,0.3305,0,0.9743,1,0.9743,1,50,319.08,199.95,0,1,2025-10-01 14:17:45,20.6,90.3,,0,0,,1
2025-10-01 14:18:30,233.53,0.3197,244.07,0.4513,1.3539,243.6,243.41,245.21,423.24,423.29,421.68,422.71,0.0,1.3539,0.0,0.0,0.3197,0.0,0.0738,0,0.0738,0,0.3296,0,0.3296,0,0.9743,1,0.9743,1,50,319.08,199.95,0,1,2025-10-01 14:18:30,20.7,90.5,,0,0,,1
2025-10-01 14:19:15,233.54,0.3207,244.2,0.4521,1.3565,243.6,243.75,245.25,423.3,422.82,422.75,422.96,0.0,1.3565,0.0,0.0,0.3207,0.0,0.074,0,0.074,0,0.3306,0,0.3306,0,0.9743,1,0.9743,1,50,319.09,199.95,0,1,2025-10-01 14:19:15,20.7,90.7,,0,0,,1
2025-10-01 14:20:00,233.54,0.3198,243.99,0.4513,1.3541,243.35,243.4,245.24,422.78,422.51,422.53,422.62,0.0,1.3541,0.0,0.0,0.3198,0.0,0.0737,0,0.0737,0,0.3296,0,0.3296,0,0.9744,1,0.9744,1,50,319.09,199.95,0,1,2025-10-01 14:20:00,20.7,90.9,,0,0,,1
2025-10-01 14:20:45,233.55,0.3199,243.95,0.4514,1.3543,243.33,243.53,245.01,422.45,422.91,422.25,422.49,0.0,1.3543,0.0,0.0,0.3199,0.0,0.0741,0,0.0741,0,0.3298,0,0.3298,0,0.9741,1,0.9741,1,50,319.09,199.95,0,1,2025-10-01 14:20:45,20.7,91,,0,0,,1
2025-10-01 14:21:30,233.55,0.3195,243.8,0.451,1.353,243.27,243.51,244.64,422.41,422.73,421.7,422.23,0.0,1.353,0.0,0.0,0.3195,0.0,0.0739,0,0.0739,0,0.3295,0,0.3295,0,0.9742,1,0.9742,1,49.9,319.1,199.95,0,1,2025-10-01 14:21:30,20.8,91.2,,0,0,,1
2025-10-01 14:22:15,233.55,0.319,243.62,0.4507,1.3522,243.22,243.18,244.47,421.84,422.39,421.66,421.99,0.0,1.3522,0.0,0.0,0.319,0.0,0.0736,0,0.0736,0,0.3288,0,0.3288,0,0.9744,1,0.9744,1,49.9,319.1,199.95,0,1,2025-10-01 14:22:15,21.2,91.3,,0,0,,1
2025-10-01 14:23:00,233.56,0.3187,243.62,0.4504,1.3512,243.1,243.09,244.69,422.35,421.83,421.72,422,0.0,1.3512,0.0,0.0,0.3187,0.0,0.0734,0,0.0734,0,0.3285,0,0.3285,0,0.9745,1,0.9745,1,49.9,319.11,199.96,0,1,2025-10-01 14:23:00,21.2,91.5,,0,0,,1
2025-10-01 14:23:45,233.56,0.3204,244.58,0.4515,1.3546,244.37,243.88,245.5,424.17,423.64,423.05,423.66,0.0,1.3546,0.0,0.0,0.3204,0.0,0.0743,0,0.0743,0,0.3304,0,0.3304,0,0.9741,1,0.9741,1,50,319.11,199.96,0,1,2025-10-01 14:23:45,21.2,91.5,,0,0,,1
2025-10-01 14:24:30,233.57,0.3193,243.91,0.4508,1.3525,243.54,243.3,244.9,423.4,422.65,421.33,422.42,0.0,1.3525,0.0,0.0,0.3193,0.0,0.0736,0,0.0736,0,0.3291,0,0.3291,0,0.9744,1,0.9744,1,50,319.12,199.96,0,1,2025-10-01 14:24:30,21.3,91.7,,0,0,,1
2025-10-01 14:25:15,233.57,0.3194,244.08,0.4509,1.3527,243.78,243.47,244.99,423.66,422.66,421.92,422.76,0.0,1.3527,0.0,0.0,0.3194,0.0,0.074,0,0.074,0,0.3293,0,0.3293,0,0.9741,1,0.9741,1,50,319.12,199.96,0,1,2025-10-01 14:25:15,21.3,91.8,,0,0,,1
2025-10-01 14:26:00,233.57,0.3195,243.97,0.4508,1.3524,243.67,243.54,244.7,423.78,422.1,421.79,422.55,0.0,1.3524,0.0,0.0,0.3195,0.0,0.0739,0,0.0739,0,0.3294,0,0.3294,0,0.9742,1,0.9742,1,49.9,319.12,199.96,0,1,2025-10-01 14:26:00,21.3,91.9,,0,0,,1
2025-10-01 14:26:45,233.61,4.0741,243.1,7.9244,23.7734,242.72,242.54,244.04,421.51,420.73,420.92,421.02,8.1394,8.6929,6.9411,1.4544,1.5029,1.1168,4.0686,1.3284,1.4708,1.2693,5.7779,1.9756,2.1084,1.6939,0.7075,0.7383,0.7146,0.6605,49.9,319.17,199.99,1,1,2025-10-01 14:26:45,21.3,91.7,,1,0,,0
2025-10-01 14:27:30,233.65,4.0976,243.03,7.9316,23.7948,242.75,242.56,243.8,421.59,420.75,420.49,420.77,8.1328,8.7066,6.9554,1.4599,1.5139,1.1238,4.0494,1.3202,1.464,1.2653,5.7818,1.9742,2.1119,1.6957,0.7112,0.7417,0.7188,0.664,49.9,319.24,200.04,1,1,2025-10-01 14:27:30,21.3,88.3,,1,0,,0
2025-10-01 14:28:15,233.71,4.0615,243.07,7.8975,23.692700000000002,242.68,242.66,243.87,421.49,421.17,420.34,421.07,8.1023,8.688,6.9024,1.4509,1.5039,1.1067,4.0506,1.318,1.4691,1.2634,5.7578,1.9663,2.1082,1.6833,0.708,0.7401,0.7153,0.6588,49.9,319.31,200.09,1,1,2025-10-01 14:28:15,21.2,83.4,,1,0,,0
2025-10-01 14:29:00,233.76,4.0707,243.26,7.9088,23.7266,242.66,242.93,244.19,421.77,421.9,420.32,421.31,8.1193,8.6883,6.919,1.4522,1.507,1.1115,4.0603,1.3228,1.4697,1.2678,5.7704,1.9702,2.1106,1.6896,0.708,0.7392,0.7159,0.6592,49.9,319.39,200.14,1,1,2025-10-01 14:29:00,20.7,79.3,,1,0,,0
2025-10-01 14:29:45,233.81,4.0526,243.12,7.8869,23.6609,242.8,242.64,243.93,422.66,421.39,419.2,421.09,8.0904,8.6997,6.8708,1.4511,1.5034,1.0981,4.05,1.315,1.4737,1.2614,5.7512,1.9643,2.1109,1.676,0.7073,0.7409,0.7141,0.6566,49.9,319.45,200.19,1,1,2025-10-01 14:29:45,20.5,76,,1,0,,0
2025-10-01 14:30:30,233.86,4.0693,243.13,7.8983,23.695,242.9,242.41,244.1,422.78,419.11,421.43,421.09,8.1651,8.6463,6.8836,1.4611,1.4925,1.1157,4.0472,1.3323,1.4634,1.2515,5.7595,1.9833,2.0959,1.6803,0.709,0.7389,0.714,0.6654,49.9,319.53,200.24,1,1,2025-10-01 14:30:30,20.4,73,,1,0,,0
2025-10-01 14:31:15,233.89,0.323,244.05,0.4555,1.3666,243.86,243.04,245.27,423.63,422.56,421.92,422.68,0.0,1.3666,0.0,0.0,0.323,0.0,0.0713,0,0.0713,0,0.3321,0,0.3321,0,0.9764,1,0.9764,1,49.9,319.57,200.27,0,1,2025-10-01 14:31:15,19.9,70.8,,0,0,,1
2025-10-01 14:32:00,233.89,0.3214,244.05,0.4536,1.3609,243.86,243.03,245.27,422.75,422.61,422.75,422.63,0.0,1.3609,0.0,0.0,0.3214,0.0,0.0719,0,0.0719,0,0.3307,0,0.3307,0,0.9758,1,0.9758,1,50,319.58,200.27,0,1,2025-10-01 14:32:00,19.8,72.7,,0,0,,1
2025-10-01 14:32:45,233.9,0.3212,243.98,0.4535,1.3605,243.73,242.92,245.3,423.14,422.09,422.51,422.53,0.0,1.3605,0.0,0.0,0.3212,0.0,0.0717,0,0.0717,0,0.3305,0,0.3305,0,0.9759,1,0.9759,1,50,319.58,200.27,0,1,2025-10-01 14:32:45,19.7,75,,0,0,,1
2025-10-01 14:33:30,233.9,0.3205,243.84,0.4526,1.358,243.67,242.97,244.9,422.62,422.76,421.65,422.35,0.0,1.358,0.0,0.0,0.3205,0.0,0.0723,0,0.0723,0,0.33,0,0.33,0,0.9754,1,0.9754,1,49.9,319.58,200.28,0,1,2025-10-01 14:33:30,19.7,77.3,,0,0,,1
2025-10-01 14:34:15,233.91,0.32,243.75,0.4523,1.357,243.63,242.8,244.84,422.98,421.28,422.3,422.15,0.0,1.357,0.0,0.0,0.32,0.0,0.0724,0,0.0724,0,0.3295,0,0.3295,0,0.9753,1,0.9753,1,49.9,319.59,200.28,0,1,2025-10-01 14:34:15,19.8,79.1,,0,0,,1
2025-10-01 14:35:00,233.91,0.3197,243.73,0.4518,1.3556,243.46,242.75,245,422.91,421.56,421.99,422.16,0.0,1.3556,0.0,0.0,0.3197,0.0,0.0722,0,0.0722,0,0.3291,0,0.3291,0,0.9754,1,0.9754,1,49.9,319.59,200.28,0,1,2025-10-01 14:35:00,19.8,80.8,,0,0,,1
2025-10-01 14:35:45,233.91,0.3187,243.42,0.4513,1.3539,243.18,242.37,244.72,421.47,421.78,421.6,421.69,0.0,1.3539,0.0,0.0,0.3187,0.0,0.0723,0,0.0723,0,0.3281,0,0.3281,0,0.9752,1,0.9752,1,49.9,319.6,200.28,0,1,2025-10-01 14:35:45,19.8,82.1,,0,0,,1
2025-10-01 14:36:30,233.92,0.3187,243.34,0.4511,1.3535,242.73,242.52,244.79,421.26,421.82,421.36,421.5,0.0,1.3535,0.0,0.0,0.3187,0.0,0.0728,0,0.0728,0,0.3283,0,0.3283,0,0.9749,1,0.9749,1,49.9,319.6,200.28,0,1,2025-10-01 14:36:30,19.9,83.2,,0,0,,1
2025-10-01 14:37:15,233.92,0.3186,243.39,0.4511,1.3534,242.89,242.6,244.7,421.92,421.84,420.93,421.49,0.0,1.3534,0.0,0.0,0.3186,0.0,0.0733,0,0.0733,0,0.3283,0,0.3283,0,0.9745,1,0.9745,1,49.9,319.6,200.28,0,1,2025-10-01 14:37:15,19.9,84.1,,0,0,,1
2025-10-01 14:38:00,233.93,0.3184,243.45,0.451,1.353,243.16,242.4,244.79,421.77,421.14,422.07,421.73,0.0,1.353,0.0,0.0,0.3184,0.0,0.0728,0,0.0728,0,0.328,0,0.328,0,0.9748,1,0.9748,1,49.9,319.61,200.28,0,1,2025-10-01 14:38:00,19.9,85,,0,0,,1
2025-10-01 14:38:45,233.93,0.318,243.38,0.4506,1.352,243.14,242.37,244.64,421.94,421.41,421.28,421.44,0.0,1.352,0.0,0.0,0.318,0.0,0.0729,0,0.0729,0,0.3277,0,0.3277,0,0.9747,1,0.9747,1,49.9,319.61,200.28,0,1,2025-10-01 14:38:45,20.0,85.7,,0,0,,1
2025-10-01 14:39:30,233.93,0.3182,243.55,0.4507,1.3521,243.27,242.51,244.87,422.56,422.09,420.82,421.87,0.0,1.3521,0.0,0.0,0.3182,0.0,0.0731,0,0.0731,0,0.3279,0,0.3279,0,0.9746,1,0.9746,1,49.9,319.62,200.28,0,1,2025-10-01 14:39:30,20.0,86.4,,0,0,,1
2025-10-01 14:40:15,233.94,0.3193,244.08,0.4514,1.3543,243.99,243.09,245.18,423.36,422.47,422.45,422.62,0.0,1.3543,0.0,0.0,0.3193,0.0,0.0741,0,0.0741,0,0.3292,0,0.3292,0,0.9741,1,0.9741,1,49.9,319.62,200.28,0,1,2025-10-01 14:40:15,20.4,86.9,,0,0,,1
2025-10-01 14:41:00,233.94,0.3186,243.44,0.4508,1.3524,242.98,242.85,244.49,422.52,421.75,420.64,421.59,0.0,1.3524,0.0,0.0,0.3186,0.0,0.0739,0,0.0739,0,0.3284,0,0.3284,0,0.9741,1,0.9741,1,49.9,319.63,200.28,0,1,2025-10-01 14:41:00,20.5,87.4,,0,0,,1
2025-10-01 14:41:45,233.94,0.3182,243.52,0.4504,1.3513,243.07,242.76,244.74,421.95,422.23,421.18,421.74,0.0,1.3513,0.0,0.0,0.3182,0.0,0.0736,0,0.0736,0,0.328,0,0.328,0,0.9742,1,0.9742,1,49.9,319.63,200.29,0,1,2025-10-01 14:41:45,20.5,87.9,,0,0,,1
2025-10-01 14:42:30,233.95,0.3185,243.53,0.4507,1.3522,243.1,242.78,244.72,421.84,422.32,421.25,421.78,0.0,1.3522,0.0,0.0,0.3185,0.0,0.0737,0,0.0737,0,0.3283,0,0.3283,0,0.9742,1,0.9742,1,49.9,319.63,200.29,0,1,2025-10-01 14:42:30,20.5,88.4,,0,0,,1
2025-10-01 14:43:15,233.95,0.3187,243.67,0.4508,1.3524,243.25,242.93,244.84,422.34,422.06,421.73,422.02,0.0,1.3524,0.0,0.0,0.3187,0.0,0.0737,0,0.0737,0,0.3285,0,0.3285,0,0.9742,1,0.9742,1,49.9,319.64,200.29,0,1,2025-10-01 14:43:15,20.6,88.8,,0,0,,1
2025-10-01 14:44:00,233.96,0.3187,243.72,0.4506,1.352,243.24,243.03,244.89,422.42,422.38,421.58,422.13,0.0,1.352,0.0,0.0,0.3187,0.0,0.0739,0,0.0739,0,0.3286,0,0.3286,0,0.9741,1,0.9741,1,49.9,319.64,200.29,0,1,2025-10-01 14:44:00,20.6,89.1,,0,0,,1
2025-10-01 14:44:45,233.96,0.3186,243.78,0.4505,1.3516,243.3,243.04,245.02,422.15,422.41,422.17,422.24,0.0,1.3516,0.0,0.0,0.3186,0.0,0.0739,0,0.0739,0,0.3285,0,0.3285,0,0.9741,1,0.9741,1,49.9,319.65,200.29,0,1,2025-10-01 14:44:45,20.6,89.5,,0,0,,1
2025-10-01 14:45:30,233.97,0.318,243.31,0.4502,1.3506,242.69,242.7,244.56,421.54,421.53,421.22,421.43,0.0,1.3506,0.0,0.0,0.318,0.0,0.0736,0,0.0736,0,0.3278,0,0.3278,0,0.9742,1,0.9742,1,49.9,319.65,200.29,0,1,2025-10-01 14:45:30,20.6,89.7,,0,0,,1
2025-10-01 14:46:15,233.97,0.319,243.82,0.4508,1.3526,243.49,243,244.97,420.98,422.57,423.36,422.25,0.0,1.3526,0.0,0.0,0.319,0.0,0.0732,0,0.0732,0,0.3287,0,0.3287,0,0.9746,1,0.9746,1,49.9,319.65,200.29,0,1,2025-10-01 14:46:15,20.7,89.9,,0,0,,1
2025-10-01 14:47:00,233.97,0.3195,244.05,0.4514,1.3543,243.88,243.09,245.2,423.18,422.27,422.68,422.68,0.0,1.3543,0.0,0.0,0.3195,0.0,0.0732,0,0.0732,0,0.3292,0,0.3292,0,0.9747,1,0.9747,1,50,319.66,200.29,0,1,2025-10-01 14:47:00,20.7,90.2,,0,0,,1
2025-10-01 14:47:45,233.98,0.3178,243.78,0.4501,1.3504,243.9,242.27,245.19,422.33,421.22,423.18,422.23,0.0,1.3504,0.0,0.0,0.3178,0.0,0.0716,0,0.0716,0,0.3272,0,0.3272,0,0.9755,1,0.9755,1,50,319.66,200.29,0,1,2025-10-01 14:47:45,20.7,90.4,,0,0,,1
2025-10-01 14:48:30,233.98,0.3186,244.05,0.4506,1.3518,243.98,242.76,245.42,423.73,422.54,421.81,422.71,0.0,1.3518,0.0,0.0,0.3186,0.0,0.0725,0,0.0725,0,0.3282,0,0.3282,0,0.975,1,0.975,1,50,319.67,200.29,0,1,2025-10-01 14:48:30,20.7,90.6,,0,0,,1
2025-10-01 14:49:15,233.98,0.3187,243.87,0.4506,1.3519,243.63,242.97,245.01,422.65,422.34,422.17,422.38,0.0,1.3519,0.0,0.0,0.3187,0.0,0.0732,0,0.0732,0,0.3285,0,0.3285,0,0.9746,1,0.9745,1,49.9,319.67,200.29,0,1,2025-10-01 14:49:15,20.8,90.8,,0,0,,1
2025-10-01 14:50:00,233.99,0.318,243.64,0.45,1.3501,243.22,242.71,244.99,422.31,421.82,421.83,422.03,0.0,1.3501,0.0,0.0,0.318,0.0,0.0731,0,0.0731,0,0.3277,0,0.3277,0,0.9745,1,0.9745,1,49.9,319.67,200.3,0,1,2025-10-01 14:50:00,20.8,91,,0,0,,1
2025-10-01 14:50:45,233.99,0.3181,243.59,0.4499,1.3497,243.23,242.8,244.76,422.33,421.55,421.86,421.93,0.0,1.3497,0.0,0.0,0.3181,0.0,0.0732,0,0.0732,0,0.3277,0,0.3277,0,0.9745,1,0.9745,1,49.9,319.68,200.3,0,1,2025-10-01 14:50:45,21.2,91.2,,0,0,,1
2025-10-01 14:51:30,234,0.3179,243.56,0.4502,1.3506,243.31,242.85,244.54,422.57,421.67,421.34,421.8,0.0,1.3506,0.0,0.0,0.3179,0.0,0.0737,0,0.0737,0,0.328,0,0.328,0,0.9741,1,0.9742,1,49.9,319.68,200.3,0,1,2025-10-01 14:51:30,21.2,91.3,,0,0,,1
2025-10-01 14:52:15,234,0.3182,243.84,0.4501,1.3503,243.48,242.91,245.13,422.59,422.11,422.3,422.31,0.0,1.3503,0.0,0.0,0.3182,0.0,0.0737,0,0.0737,0,0.328,0,0.328,0,0.9741,1,0.9741,1,49.9,319.69,200.3,0,1,2025-10-01 14:52:15,21.2,91.4,,0,0,,1
2025-10-01 14:53:00,234,0.3181,243.85,0.4499,1.3497,243.51,242.94,245.12,422.22,422.53,422.35,422.45,0.0,1.3497,0.0,0.0,0.3181,0.0,0.0735,0,0.0735,0,0.3279,0,0.3279,0,0.9743,1,0.9743,1,49.9,319.69,200.3,0,1,2025-10-01 14:53:00,21.3,91.6,,0,0,,1
2025-10-01 14:53:45,234.01,0.3184,243.96,0.4501,1.3504,243.61,243,245.28,422.99,421.62,423.03,422.58,0.0,1.3504,0.0,0.0,0.3184,0.0,0.0731,0,0.0731,0,0.3281,0,0.3281,0,0.9746,1,0.9746,1,49.9,319.69,200.3,0,1,2025-10-01 14:53:45,21.3,91.7,,0,0,,1
2025-10-01 14:54:30,234.01,0.3182,243.91,0.4498,1.3495,243.54,243,245.21,422.72,421.96,422.73,422.4,0.0,1.3495,0.0,0.0,0.3182,0.0,0.0734,0,0.0734,0,0.3279,0,0.3279,0,0.9744,1,0.9744,1,49.9,319.7,200.3,0,1,2025-10-01 14:54:30,21.3,91.8,,0,0,,1
2025-10-01 14:55:15,234.04,4.0065,242.83,7.8507,23.5523,242.49,241.92,244.1,420.95,420.28,420.56,420.54,8.1114,8.5675,6.8734,1.4335,1.4672,1.1058,4.0513,1.3383,1.456,1.2571,5.7174,1.9669,2.0726,1.6778,0.7031,0.7309,0.7098,0.6605,49.9,319.74,200.33,1,1,2025-10-01 14:55:15,21.3,91.7,,1,0,,0
2025-10-01 14:56:00,234.09,4.0379,243.15,7.8842,23.6528,242.74,242.22,244.49,421.49,419.46,422.45,421.16,8.166,8.5644,6.9224,1.4424,1.4721,1.1235,4.0651,1.3507,1.4534,1.2609,5.7491,1.9822,2.0745,1.6925,0.7047,0.7299,0.7115,0.6652,49.9,319.81,200.37,1,1,2025-10-01 14:56:00,21.3,88.6,,1,0,,0
2025-10-01 14:56:45,234.14,4.041,243.3,7.887,23.661100000000005,242.91,242.35,244.66,421.63,420.37,422.23,421.39,8.1498,8.5778,6.9335,1.4406,1.477,1.1233,4.0698,1.349,1.4546,1.2661,5.7548,1.9797,2.0788,1.6964,0.7045,0.7299,0.7124,0.6636,49.9,319.88,200.43,1,1,2025-10-01 14:56:45,21.2,84,,1,0,,0
2025-10-01 14:57:30,234.19,4.03,243.26,7.8679,23.6038,242.77,242.47,244.54,421.74,420.52,421.73,421.32,8.1261,8.5754,6.9023,1.4382,1.4771,1.1147,4.0583,1.3412,1.4548,1.2623,5.7399,1.9728,2.0793,1.6879,0.7046,0.7313,0.7124,0.6619,49.9,319.96,200.48,1,1,2025-10-01 14:57:30,20.7,79.3,,1,0,,0
2025-10-01 14:59:00,234.29,4.0164,243.42,7.8684,23.605399999999996,243.11,242.61,244.54,421.82,421.44,421.56,421.6,8.1225,8.6116,6.8713,1.4394,1.4758,1.1012,4.0775,1.3428,1.4705,1.2641,5.7442,1.9747,2.0893,1.6803,0.7017,0.7312,0.7083,0.6568,49.9,320.09,200.58,1,1,2025-10-01 14:59:00,20.4,73.1,,1,0,,0
2025-10-01 14:59:45,234.34,3.988,243.62,7.849,23.547,243.24,242.78,244.85,423.22,421.27,421.36,422.07,8.118,8.5463,6.8827,1.4262,1.4601,1.1017,4.0916,1.3562,1.4655,1.2699,5.7347,1.9746,2.0749,1.6852,0.6979,0.7246,0.7057,0.6553,49.9,320.17,200.63,1,1,2025-10-01 14:59:45,19.9,70.5,,1,0,,0
2025-10-01 15:00:30,234.36,0.3232,244.6,0.4552,1.3658,244.39,243.69,245.74,424.77,423.29,422.91,423.67,0.0,1.3658,0.0,0.0,0.3232,0.0,0.0731,0,0.0731,0,0.3328,0,0.3328,0,0.9753,1,0.9753,1,49.9,320.19,200.65,0,1,2025-10-01 15:00:30,19.8,69.4,,0,0,,1
2025-10-01 15:01:15,234.36,0.3239,245.02,0.4554,1.3663,244.7,244.09,246.29,425.39,423.83,423.93,424.41,0.0,1.3663,0.0,0.0,0.3239,0.0,0.0733,0,0.0733,0,0.3335,0,0.3335,0,0.9753,1,0.9753,1,50,320.2,200.65,0,1,2025-10-01 15:01:15,19.7,71.7,,0,0,,1
2025-10-01 15:02:00,234.37,0.3238,245.22,0.4552,1.3657,244.87,244.25,246.55,424.65,424.47,425.07,424.72,0.0,1.3657,0.0,0.0,0.3238,0.0,0.0738,0,0.0738,0,0.3336,0,0.3336,0,0.975,1,0.975,1,50,320.2,200.65,0,1,2025-10-01 15:02:00,19.7,74.3,,0,0,,1
2025-10-01 15:02:45,234.37,0.3236,245.25,0.4549,1.3648,245.01,244.31,246.45,425.16,424.59,424.61,424.72,0.0,1.3648,0.0,0.0,0.3236,0.0,0.0741,0,0.0741,0,0.3334,0,0.3334,0,0.9748,1,0.9748,1,50,320.2,200.65,0,1,2025-10-01 15:02:45,19.7,76.9,,0,0,,1
2025-10-01 15:03:30,234.37,0.3227,245.13,0.4542,1.3626,244.77,244.15,246.48,424.72,424.42,424.58,424.54,0.0,1.3626,0.0,0.0,0.3227,0.0,0.0745,0,0.0745,0,0.3327,0,0.3327,0,0.9743,1,0.9743,1,50,320.21,200.65,0,1,2025-10-01 15:03:30,19.7,78.9,,0,0,,1
2025-10-01 15:04:15,234.38,0.3213,244.58,0.453,1.359,244.03,243.59,246.12,423.47,423.68,423.69,423.74,0.0,1.359,0.0,0.0,0.3213,0.0,0.0735,0,0.0735,0,0.331,0,0.331,0,0.9748,1,0.9748,1,50,320.21,200.65,0,1,2025-10-01 15:04:15,19.7,80.6,,0,0,,1
2025-10-01 15:05:00,234.38,0.3215,244.79,0.4532,1.3596,244.21,243.63,246.54,424.27,423.68,424,423.94,0.0,1.3596,0.0,0.0,0.3215,0.0,0.0736,0,0.0736,0,0.3312,0,0.3312,0,0.9747,1,0.9747,1,50,320.22,200.65,0,1,2025-10-01 15:05:00,19.8,82,,0,0,,1
2025-10-01 15:05:45,234.39,0.3209,244.94,0.4525,1.3575,244.57,243.69,246.56,424.66,423.14,424.91,424.23,0.0,1.3575,0.0,0.0,0.3209,0.0,0.074,0,0.074,0,0.3308,0,0.3308,0,0.9743,1,0.9743,1,49.9,320.22,200.65,0,1,2025-10-01 15:05:45,19.8,83.2,,0,0,,1
2025-10-01 15:06:30,234.39,0.3211,244.89,0.4527,1.3581,244.28,243.75,246.66,424.7,423.77,424.01,424.14,0.0,1.3581,0.0,0.0,0.3211,0.0,0.0741,0,0.0741,0,0.331,0,0.331,0,0.9743,1,0.9743,1,50,320.22,200.65,0,1,2025-10-01 15:06:30,19.9,84.3,,0,0,,1
2025-10-01 15:07:15,234.39,0.3222,245.45,0.4536,1.3608,245,244.14,247.22,424.73,424.71,425.95,425,0.0,1.3608,0.0,0.0,0.3222,0.0,0.0746,0,0.0746,0,0.3322,0,0.3322,0,0.9742,1,0.9742,1,50,320.23,200.66,0,1,2025-10-01 15:07:15,19.9,85.2,,0,0,,1
2025-10-01 15:08:00,234.4,0.3219,245.5,0.453,1.3592,245.01,244.31,247.18,424.53,425.56,425.55,425.24,0.0,1.3592,0.0,0.0,0.3219,0.0,0.0753,0,0.0753,0,0.3321,0,0.3321,0,0.9737,1,0.9737,1,49.9,320.23,200.66,0,1,2025-10-01 15:08:00,19.9,86,,0,0,,1
2025-10-01 15:08:45,234.4,0.3227,246.27,0.4537,1.3612,246.44,244.7,247.67,426.41,425.77,427.46,426.27,0.0,1.3612,0.0,0.0,0.3227,0.0,0.076,0,0.076,0,0.3331,0,0.3331,0,0.9733,1,0.9733,1,49.9,320.24,200.66,0,1,2025-10-01 15:08:45,20.0,86.7,,0,0,,1
2025-10-01 15:09:30,234.41,0.3222,246.26,0.4534,1.3602,246.6,244.49,247.69,427.27,425.82,426.46,426.61,0.0,1.3602,0.0,0.0,0.3222,0.0,0.0757,0,0.0757,0,0.3326,0,0.3326,0,0.9735,1,0.9735,1,49.9,320.24,200.66,0,1,2025-10-01 15:09:30,20.4,87.3,,0,0,,1
2025-10-01 15:10:15,234.41,0.3222,246.3,0.4534,1.3602,246.63,244.5,247.78,427.07,425.57,427.16,426.74,0.0,1.3602,0.0,0.0,0.3222,0.0,0.0759,0,0.0759,0,0.3326,0,0.3326,0,0.9733,1,0.9733,1,49.9,320.25,200.66,0,1,2025-10-01 15:10:15,20.4,87.9,,0,0,,1
2025-10-01 15:11:00,234.41,0.3216,246.09,0.4529,1.3589,246.59,244.14,247.56,426.48,425.44,426.81,426.26,0.0,1.3589,0.0,0.0,0.3216,0.0,0.0752,0,0.0752,0,0.3318,0,0.3318,0,0.9737,1,0.9737,1,49.9,320.25,200.66,0,1,2025-10-01 15:11:00,20.5,88.3,,0,0,,1
2025-10-01 15:11:45,234.42,0.3211,245.91,0.4524,1.3574,246.27,244.02,247.45,426.61,424.74,426.41,425.99,0.0,1.3574,0.0,0.0,0.3211,0.0,0.075,0,0.075,0,0.3312,0,0.3312,0,0.9737,1,0.9737,1,49.9,320.25,200.66,0,1,2025-10-01 15:11:45,20.5,88.8,,0,0,,1
2025-10-01 15:12:30,234.42,0.3222,245.61,0.4534,1.3603,245.47,244.44,246.94,424.95,425.28,426.02,425.34,0.0,1.3603,0.0,0.0,0.3222,0.0,0.0758,0,0.0758,0,0.3325,0,0.3325,0,0.9734,1,0.9734,1,49.9,320.26,200.66,0,1,2025-10-01 15:12:30,20.5,89.2,,0,0,,1
2025-10-01 15:13:15,234.43,0.3221,245.55,0.4531,1.3593,245.22,244.58,246.86,425.28,425.18,425.45,425.27,0.0,1.3593,0.0,0.0,0.3221,0.0,0.076,0,0.076,0,0.3325,0,0.3325,0,0.9732,1,0.9732,1,49.9,320.26,200.66,0,1,2025-10-01 15:13:15,20.6,89.5,,0,0,,1
2025-10-01 15:14:00,234.43,0.3221,245.67,0.453,1.359,245.28,244.58,247.16,425.6,424.51,426.41,425.48,0.0,1.359,0.0,0.0,0.3221,0.0,0.0756,0,0.0756,0,0.3324,0,0.3324,0,0.9735,1,0.9735,1,49.9,320.27,200.66,0,1,2025-10-01 15:14:00,20.6,89.9,,0,0,,1
2025-10-01 15:14:45,234.43,0.3211,245.61,0.4521,1.3563,245.68,244.28,246.89,425.9,424.27,426.06,425.46,0.0,1.3563,0.0,0.0,0.3211,0.0,0.0753,0,0.0753,0,0.3313,0,0.3313,0,0.9735,1,0.9735,1,49.9,320.27,200.66,0,1,2025-10-01 15:14:45,20.6,90.1,,0,0,,1
2025-10-01 15:15:30,234.44,0.3218,245.79,0.4527,1.3583,245.94,244.3,247.14,426.41,423.88,426.84,425.67,0.0,1.3583,0.0,0.0,0.3218,0.0,0.0746,0,0.0746,0,0.3318,0,0.3318,0,0.9741,1,0.9741,1,50,320.27,200.67,0,1,2025-10-01 15:15:30,20.7,90.4,,0,0,,1
2025-10-01 15:16:15,234.44,0.3217,245.78,0.4525,1.3575,245.94,244.38,247.04,426.75,424.39,425.95,425.76,0.0,1.3575,0.0,0.0,0.3217,0.0,0.0749,0,0.0749,0,0.3317,0,0.3317,0,0.9739,1,0.9739,1,50,320.28,200.67,0,1,2025-10-01 15:16:15,20.7,90.7,,0,0,,1
2025-10-01 15:17:00,234.45,0.3216,245.76,0.4523,1.3571,245.91,244.38,247,426.19,424.85,425.96,425.67,0.0,1.3571,0.0,0.0,0.3216,0.0,0.0749,0,0.0749,0,0.3316,0,0.3316,0,0.9739,1,0.9739,1,50,320.28,200.67,0,1,2025-10-01 15:17:00,20.7,90.9,,0,0,,1
2025-10-01 15:17:45,234.45,0.3224,245.93,0.453,1.3591,245.95,244.67,247.18,426.77,424.76,426.33,425.99,0.0,1.3591,0.0,0.0,0.3224,0.0,0.0752,0,0.0752,0,0.3325,0,0.3325,0,0.9738,1,0.9738,1,50,320.29,200.67,0,1,2025-10-01 15:17:45,20.7,91,,0,0,,1
2025-10-01 15:18:30,234.45,0.3214,245.84,0.4522,1.3567,245.96,244.42,247.15,425.96,425.23,426.22,425.89,0.0,1.3567,0.0,0.0,0.3214,0.0,0.0751,0,0.0751,0,0.3316,0,0.3316,0,0.9737,1,0.9737,1,49.9,320.29,200.67,0,1,2025-10-01 15:18:30,20.8,91.2,,0,0,,1
2025-10-01 15:19:15,234.46,0.3216,245.75,0.4523,1.357,245.66,244.54,247.07,425.8,425.2,425.96,425.65,0.0,1.357,0.0,0.0,0.3216,0.0,0.0756,0,0.0756,0,0.3318,0,0.3318,0,0.9734,1,0.9734,1,49.9,320.3,200.67,0,1,2025-10-01 15:19:15,20.8,91.4,,0,0,,1
2025-10-01 15:20:00,234.46,0.3219,245.81,0.4525,1.3576,245.75,244.6,247.09,425.75,425.46,426.05,425.69,0.0,1.3576,0.0,0.0,0.3219,0.0,0.0754,0,0.0754,0,0.3321,0,0.3321,0,0.9736,1,0.9736,1,50,320.3,200.67,0,1,2025-10-01 15:20:00,21.2,91.5,,0,0,,1
2025-10-01 15:20:45,234.47,0.3221,245.9,0.4526,1.358,245.69,244.79,247.23,426.23,425.5,426,425.9,0.0,1.358,0.0,0.0,0.3221,0.0,0.0757,0,0.0757,0,0.3324,0,0.3324,0,0.9734,1,0.9734,1,50,320.3,200.67,0,1,2025-10-01 15:20:45,21.2,91.7,,0,0,,1
2025-10-01 15:21:30,234.47,0.3219,245.77,0.4525,1.3576,245.54,244.75,247.04,425.7,425.82,425.55,425.72,0.0,1.3576,0.0,0.0,0.3219,0.0,0.0758,0,0.0758,0,0.3323,0,0.3323,0,0.9733,1,0.9733,1,50,320.31,200.67,0,1,2025-10-01 15:21:30,21.3,91.7,,0,0,,1
2025-10-01 15:22:15,234.47,0.3212,245.62,0.452,1.356,245.63,244.38,246.86,426.09,424.3,425.87,425.39,0.0,1.356,0.0,0.0,0.3212,0.0,0.0751,0,0.0751,0,0.3314,0,0.3314,0,0.9737,1,0.9737,1,50,320.31,200.67,0,1,2025-10-01 15:22:15,21.3,91.9,,0,0,,1
2025-10-01 15:23:00,234.51,4.0584,244.9,7.9724,23.9172,244.81,243.6,246.29,424.58,423.65,424.27,424.2,8.2881,8.6435,6.9856,1.4588,1.4698,1.1299,4.1906,1.4002,1.4988,1.2915,5.8551,2.029,2.1056,1.7205,0.6956,0.7214,0.7001,0.6584,49.9,320.37,200.71,1,1,2025-10-01 15:23:00,21.3,91.6,,1,0,,0
2025-10-01 15:23:45,234.56,4.0668,244.92,7.9775,23.932599999999997,244.74,243.62,246.42,424.48,423.97,424.2,424.23,8.3189,8.6031,7.0106,1.4592,1.4656,1.1421,4.1903,1.41,1.4897,1.2906,5.8594,2.036,2.0959,1.7276,0.6964,0.7191,0.7013,0.6627,49.9,320.44,200.76,1,1,2025-10-01 15:23:45,21.2,87.5,,1,0,,0
2025-10-01 15:24:30,234.61,4.0411,244.88,7.9468,23.840600000000002,244.72,243.66,246.27,425.04,423.29,424.08,424.11,8.2475,8.6026,6.9905,1.4461,1.4664,1.1287,4.182,1.3983,1.4891,1.2946,5.836,2.0183,2.0961,1.7216,0.6948,0.7188,0.7016,0.6571,49.9,320.51,200.81,1,1,2025-10-01 15:24:30,20.7,82.9,,1,0,,0
2025-10-01 15:25:15,234.66,4.0337,244.83,7.935,23.8052,244.65,243.55,246.29,423.77,423.83,424.56,424.18,8.2143,8.587,7.0039,1.4372,1.467,1.1296,4.1747,1.3947,1.4816,1.2983,5.826,2.0096,2.0914,1.725,0.6948,0.7176,0.7035,0.6563,49.9,320.58,200.87,1,1,2025-10-01 15:25:15,20.6,79,,1,0,,0
2025-10-01 15:26:00,234.71,4.0363,244.91,7.9455,23.836499999999997,244.66,243.71,246.38,424.06,423.61,424.92,424.07,8.2378,8.5937,7.005,1.4403,1.4663,1.1297,4.1864,1.4002,1.4867,1.2995,5.8357,2.0155,2.0944,1.7259,0.694,0.717,0.7022,0.656,49.9,320.66,200.92,1,1,2025-10-01 15:26:00,20.5,75.4,,1,0,,0
2025-10-01 15:26:45,234.76,4.0074,245.3,7.9366,23.8099,245.14,243.97,246.81,424.4,425.34,424.88,424.89,8.2347,8.569,7.0062,1.4304,1.4533,1.1236,4.2174,1.4148,1.4937,1.3089,5.8384,2.0187,2.0906,1.7292,0.6888,0.7109,0.6973,0.6513,49.9,320.73,200.97,1,1,2025-10-01 15:26:45,20.0,72.7,,1,0,,0
2025-10-01 15:27:30,234.81,3.9929,245.25,7.918,23.753999999999998,245.11,244.03,246.62,425.07,424.1,425.18,424.92,8.23,8.5694,6.9546,1.4327,1.4485,1.1117,4.2103,1.4102,1.4997,1.3004,5.8236,2.0173,2.0912,1.7151,0.6881,0.7126,0.6947,0.6498,49.9,320.8,201.03,1,1,2025-10-01 15:27:30,19.8,70,,1,0,,0
2025-10-01 15:28:15,234.82,0.3241,245.57,0.4554,1.3664,245.23,244.46,247.03,425.54,424.79,425.67,425.37,0.0,1.3664,0.0,0.0,0.3241,0.0,0.0745,0,0.0745,0,0.334,0,0.334,0,0.9746,1,0.9746,1,49.9,320.81,201.03,0,1,2025-10-01 15:28:15,19.7,69.9,,0,0,,1
2025-10-01 15:29:00,234.82,0.3237,245.7,0.4549,1.3649,245.45,244.47,247.19,425.38,424.78,426.52,425.59,0.0,1.3649,0.0,0.0,0.3237,0.0,0.0747,0,0.0747,0,0.3337,0,0.3337,0,0.9744,1,0.9744,1,49.9,320.82,201.03,0,1,2025-10-01 15:29:00,19.6,72.4,,0,0,,1
2025-10-01 15:29:45,234.83,0.3227,245.57,0.4544,1.3633,245.48,243.91,247.33,424.37,426.23,425.41,425.41,0.0,1.3633,0.0,0.0,0.3227,0.0,0.0738,0,0.0738,0,0.3325,0,0.3325,0,0.9748,1,0.9748,1,49.9,320.82,201.03,0,1,2025-10-01 15:29:45,19.6,75,,0,0,,1
2025-10-01 15:30:30,234.83,0.3239,246.14,0.4551,1.3653,246.08,244.48,247.86,426.36,425.25,427.34,426.27,0.0,1.3653,0.0,0.0,0.3239,0.0,0.0742,0,0.0742,0,0.3338,0,0.3338,0,0.9747,1,0.9747,1,50,320.83,201.03,0,1,2025-10-01 15:30:30,19.7,77.6,,0,0,,1
2025-10-01 15:31:15,234.84,0.3254,246.51,0.4559,1.3679,246.31,245.24,247.99,427.67,426.05,427.16,426.97,0.0,1.3679,0.0,0.0,0.3254,0.0,0.0751,0,0.0751,0,0.3355,0,0.3355,0,0.9743,1,0.9743,1,50,320.83,201.03,0,1,2025-10-01 15:31:15,19.7,79.4,,0,0,,1
2025-10-01 15:32:00,234.84,0.3244,245.94,0.4551,1.3653,245.36,244.99,247.47,426.24,425.72,425.95,425.89,0.0,1.3653,0.0,0.0,0.3244,0.0,0.0752,0,0.0752,0,0.3345,0,0.3345,0,0.9741,1,0.9741,1,50,320.83,201.03,0,1,2025-10-01 15:32:00,19.7,81,,0,0,,1
2025-10-01 15:32:45,234.84,0.3251,246.61,0.4558,1.3674,246.55,245.22,248.06,427.9,427.08,426.4,427.06,0.0,1.3674,0.0,0.0,0.3251,0.0,0.0757,0,0.0757,0,0.3353,0,0.3353,0,0.9739,1,0.9739,1,50,320.84,201.04,0,1,2025-10-01 15:32:45,19.8,82.4,,0,0,,1
2025-10-01 15:33:30,234.85,0.3244,246.47,0.4551,1.3653,246.29,245.16,247.98,427.25,426.22,427.22,426.95,0.0,1.3653,0.0,0.0,0.3244,0.0,0.076,0,0.076,0,0.3347,0,0.3347,0,0.9736,1,0.9736,1,50,320.84,201.04,0,1,2025-10-01 15:33:30,19.8,83.5,,0,0,,1
2025-10-01 15:34:15,234.85,0.3246,246.52,0.4551,1.3653,246.23,245.3,248.03,427.23,426.6,427.09,426.95,0.0,1.3653,0.0,0.0,0.3246,0.0,0.0761,0,0.0761,0,0.3349,0,0.3349,0,0.9736,1,0.9736,1,50,320.85,201.04,0,1,2025-10-01 15:34:15,19.8,84.5,,0,0,,1
2025-10-01 15:35:00,234.86,0.3242,246.5,0.4547,1.3641,246.26,245.22,248.03,426.92,426.99,426.93,426.91,0.0,1.3641,0.0,0.0,0.3242,0.0,0.076,0,0.076,0,0.3345,0,0.3345,0,0.9735,1,0.9735,1,50,320.85,201.04,0,1,2025-10-01 15:35:00,19.9,85.4,,0,0,,1
2025-10-01 15:35:45,234.86,0.3234,246.36,0.4539,1.3619,246.17,245.07,247.84,427.01,425.83,427.25,426.74,0.0,1.3619,0.0,0.0,0.3234,0.0,0.0762,0,0.0762,0,0.3338,0,0.3338,0,0.9733,1,0.9733,1,49.9,320.85,201.04,0,1,2025-10-01 15:35:45,19.9,86.2,,0,0,,1
2025-10-01 15:36:30,234.86,0.3237,246.26,0.4543,1.3631,246.21,245.06,247.51,427.55,425.63,426.38,426.54,0.0,1.3631,0.0,0.0,0.3237,0.0,0.0762,0,0.0762,0,0.334,0,0.334,0,0.9733,1,0.9733,1,49.9,320.86,201.04,0,1,2025-10-01 15:36:30,20.0,86.9,,0,0,,1
2025-10-01 15:37:15,234.87,0.3224,245.87,0.4536,1.3608,245.77,244.37,247.48,426.36,424.86,426.34,425.87,0.0,1.3608,0.0,0.0,0.3224,0.0,0.0749,0,0.0749,0,0.3325,0,0.3325,0,0.974,1,0.974,1,49.9,320.86,201.04,0,1,2025-10-01 15:37:15,20.4,87.4,,0,0,,1
2025-10-01 15:38:00,234.87,0.3232,245.99,0.4539,1.3618,245.78,244.94,247.27,426.56,425.38,426.26,426.06,0.0,1.3618,0.0,0.0,0.3232,0.0,0.076,0,0.076,0,0.3336,0,0.3336,0,0.9734,1,0.9734,1,49.9,320.87,201.04,0,1,2025-10-01 15:38:00,20.4,88,,0,0,,1
2025-10-01 15:38:45,234.88,0.3221,245.73,0.453,1.359,245.67,244.62,246.92,426.49,424.83,425.52,425.61,0.0,1.359,0.0,0.0,0.3221,0.0,0.0758,0,0.0758,0,0.3324,0,0.3324,0,0.9733,1,0.9733,1,49.9,320.87,201.04,0,1,2025-10-01 15:38:45,20.5,88.5,,0,0,,1
2025-10-01 15:39:30,234.88,0.3216,245.64,0.4525,1.3577,245.43,244.48,247.01,426.55,425.16,424.62,425.44,0.0,1.3577,0.0,0.0,0.3216,0.0,0.0758,0,0.0758,0,0.3319,0,0.3319,0,0.9733,1,0.9733,1,49.9,320.88,201.04,0,1,2025-10-01 15:39:30,20.5,88.9,,0,0,,1
2025-10-01 15:40:15,234.88,0.3224,245.78,0.4533,1.3599,245.55,244.68,247.11,425.86,425.11,426.11,425.7,0.0,1.3599,0.0,0.0,0.3224,0.0,0.076,0,0.076,0,0.3327,0,0.3327,0,0.9733,1,0.9733,1,49.9,320.88,201.05,0,1,2025-10-01 15:40:15,20.5,89.3,,0,0,,1
2025-10-01 15:41:00,234.89,0.3172,245.17,0.4495,1.3485,245.73,242.24,247.55,424.89,423.27,425.75,424.81,0.0,1.3485,0.0,0.0,0.3172,0.0,0.0722,0,0.0722,0,0.3267,0,0.3267,0,0.975,1,0.975,1,49.9,320.88,201.05,0,1,2025-10-01 15:41:00,20.6,89.6,,0,0,,1
2025-10-01 15:41:45,234.89,0.3178,245.24,0.45,1.3502,245.81,242.43,247.5,425.37,423.08,425.84,424.81,0.0,1.3502,0.0,0.0,0.3178,0.0,0.0724,0,0.0724,0,0.3273,0,0.3273,0,0.975,1,0.975,1,49.9,320.89,201.05,0,1,2025-10-01 15:41:45,20.6,89.9,,0,0,,1
2025-10-01 15:42:30,234.9,0.3172,245.2,0.4493,1.3479,245.85,242.45,247.31,424.91,423.12,426.05,424.79,0.0,1.3479,0.0,0.0,0.3172,0.0,0.0727,0,0.0727,0,0.3268,0,0.3268,0,0.9747,1,0.9747,1,49.9,320.89,201.05,0,1,2025-10-01 15:42:30,20.6,90.2,,0,0,,1
2025-10-01 15:43:15,234.9,0.3178,245.48,0.4499,1.3498,246.04,242.69,247.73,426,424.27,425.24,425.12,0.0,1.3498,0.0,0.0,0.3178,0.0,0.0735,0,0.0735,0,0.3276,0,0.3276,0,0.9743,1,0.9743,1,49.8,320.9,201.05,0,1,2025-10-01 15:43:15,20.7,90.4,,0,0,,1
2025-10-01 15:44:00,234.91,0.3198,245.59,0.4512,1.3538,244.33,243.94,248.52,425.15,425.36,425.6,425.31,0.0,1.3538,0.0,0.0,0.3198,0.0,0.076,0,0.076,0,0.3302,0,0.3302,0,0.9729,1,0.9729,1,49.8,320.9,201.05,0,1,2025-10-01 15:44:00,20.7,90.7,,0,0,,1
2025-10-01 15:44:45,234.91,0.3199,245.5,0.4515,1.3545,244.27,243.84,248.39,424.92,425.16,425.53,425.27,0.0,1.3545,0.0,0.0,0.3199,0.0,0.0758,0,0.0758,0,0.3303,0,0.3303,0,0.973,1,0.973,1,49.8,320.9,201.05,0,1,2025-10-01 15:44:45,20.7,90.9,,0,0,,1
2025-10-01 15:45:30,234.91,0.3194,245.48,0.4508,1.3526,244.35,243.75,248.35,425.21,424.3,425.99,425.24,0.0,1.3526,0.0,0.0,0.3194,0.0,0.0755,0,0.0755,0,0.3297,0,0.3297,0,0.9732,1,0.9732,1,49.8,320.91,201.05,0,1,2025-10-01 15:45:30,20.7,91.1,,0,0,,1
2025-10-01 15:46:15,234.92,0.3189,245.04,0.4502,1.3508,243.62,243.65,247.85,424.13,424.22,424.87,424.36,0.0,1.3508,0.0,0.0,0.3189,0.0,0.0751,0,0.0751,0,0.3291,0,0.3291,0,0.9733,1,0.9733,1,49.8,320.91,201.05,0,1,2025-10-01 15:46:15,20.8,91.3,,0,0,,1
2025-10-01 15:47:00,234.92,0.3195,245.25,0.4508,1.3525,243.84,243.82,248.11,424.47,424.46,425.41,424.7,0.0,1.3525,0.0,0.0,0.3195,0.0,0.0751,0,0.0751,0,0.3298,0,0.3298,0,0.9734,1,0.9734,1,49.9,320.92,201.05,0,1,2025-10-01 15:47:00,21.2,91.5,,0,0,,1
2025-10-01 15:47:45,234.92,0.3191,245.02,0.4503,1.3511,243.6,243.6,247.88,424.43,423.73,424.97,424.35,0.0,1.3511,0.0,0.0,0.3191,0.0,0.0747,0,0.0747,0,0.3291,0,0.3291,0,0.9736,1,0.9736,1,49.9,320.92,201.05,0,1,2025-10-01 15:47:45,21.2,91.6,,0,0,,1
2025-10-01 15:48:30,234.93,0.3204,245.27,0.4514,1.3544,243.81,244.15,247.85,425.33,424.49,424.57,424.79,0.0,1.3544,0.0,0.0,0.3204,0.0,0.0753,0,0.0753,0,0.3307,0,0.3307,0,0.9735,1,0.9735,1,49.9,320.92,201.06,0,1,2025-10-01 15:48:30,21.2,91.7,,0,0,,1
2025-10-01 15:49:15,234.93,0.32,245.31,0.4509,1.3528,243.92,244.14,247.87,425.3,424.84,424.47,424.86,0.0,1.3528,0.0,0.0,0.32,0.0,0.0752,0,0.0752,0,0.3303,0,0.3303,0,0.9734,1,0.9734,1,49.9,320.93,201.06,0,1,2025-10-01 15:49:15,21.3,91.8,,0,0,,1
2025-10-01 15:50:00,234.94,0.3206,245.76,0.4513,1.354,244.19,244.46,248.65,425.84,425.26,425.87,425.61,0.0,1.354,0.0,0.0,0.3206,0.0,0.0758,0,0.0758,0,0.331,0,0.331,0,0.9731,1,0.9731,1,49.9,320.93,201.06,0,1,2025-10-01 15:50:00,21.3,91.9,,0,0,,1
2025-10-01 15:51:30,235.02,4.067,245.77,8.0166,24.0499,243.99,244.56,248.77,425.48,425.7,425.83,425.66,8.2644,8.659,7.1265,1.4271,1.491,1.149,4.2529,1.4145,1.4941,1.3442,5.9069,2.0164,2.1176,1.7729,0.6911,0.7102,0.7063,0.6497,49.9,321.06,201.14,1,1,2025-10-01 15:51:30,21.2,87.9,,1,0,,0
2025-10-01 15:52:15,235.07,4.0502,245.89,7.9993,23.998,244.55,244.45,248.67,425.81,425.68,426.14,425.71,8.2492,8.6569,7.0919,1.4273,1.4835,1.1394,4.2559,1.4158,1.4996,1.3404,5.8971,2.0173,2.1162,1.7635,0.6893,0.7099,0.7032,0.6476,49.9,321.13,201.2,1,1,2025-10-01 15:52:15,20.8,82.9,,1,0,,0
2025-10-01 15:53:00,235.12,4.042,245.76,7.987,23.961100000000002,244.3,244.24,248.74,425.5,425.87,425.58,425.6,8.2567,8.5882,7.1162,1.4187,1.4732,1.1501,4.2476,1.424,1.4838,1.3399,5.8848,2.0171,2.0976,1.7701,0.6893,0.7057,0.7045,0.6513,49.9,321.21,201.25,1,1,2025-10-01 15:53:00,20.6,78.6,,1,0,,0
2025-10-01 15:53:45,235.17,4.0338,245.55,7.9752,23.9256,244.13,244.19,248.33,425.97,424.48,425.39,425.28,8.2509,8.6061,7.0686,1.4228,1.4726,1.1384,4.2361,1.416,1.4895,1.3307,5.8712,2.0143,2.1015,1.7553,0.6895,0.7088,0.703,0.65,49.9,321.28,201.31,1,1,2025-10-01 15:53:45,20.5,75.6,,1,0,,0
2025-10-01 15:54:30,235.23,4.0231,245.65,7.9688,23.906399999999998,244.42,244.31,248.24,426.03,424.44,425.93,425.46,8.2819,8.6104,7.0141,1.4317,1.4641,1.1273,4.2437,1.4211,1.5013,1.3214,5.869,2.0243,2.1036,1.7412,0.6879,0.7097,0.6981,0.649,49.9,321.35,201.36,1,1,2025-10-01 15:54:30,20.0,72.9,,1,0,,0
2025-10-01 15:55:15,235.27,4.0062,245.64,7.9538,23.861400000000003,244.41,244.3,248.23,426.58,424.48,425.26,425.44,8.2149,8.6347,7.0118,1.4198,1.4698,1.1166,4.2428,1.4095,1.5038,1.3295,5.8578,2.0078,2.1095,1.7405,0.6865,0.7096,0.6989,0.643,49.9,321.42,201.41,1,1,2025-10-01 15:55:15,19.8,70.1,,1,0,,0
2025-10-01 15:56:00,235.31,0.3318,247.15,0.4617,1.3852,245.14,247.46,248.87,428.74,427.97,427.5,428.01,0.0,1.3852,0.0,0.0,0.3318,0.0,0.0792,0,0.0792,0,0.3428,0,0.3428,0,0.9726,1,0.9726,1,49.9,321.48,201.45,0,1,2025-10-01 15:56:00,19.7,68.3,,0,0,,1
2025-10-01 15:56:45,235.31,0.33,247.19,0.4597,1.3791,245.14,247.36,249.07,427.71,428.97,427.73,428.11,0.0,1.3791,0.0,0.0,0.33,0.0,0.0797,0,0.0797,0,0.3411,0,0.3411,0,0.972,1,0.972,1,49.9,321.48,201.45,0,1,2025-10-01 15:56:45,19.2,70.1,,0,0,,1
2025-10-01 15:57:30,235.32,0.3296,246.99,0.4594,1.3784,245.05,247.3,248.63,428.55,427.54,427.27,427.83,0.0,1.3784,0.0,0.0,0.3296,0.0,0.0801,0,0.0801,0,0.3409,0,0.3409,0,0.9717,1,0.9717,1,49.8,321.49,201.45,0,1,2025-10-01 15:57:30,19.2,72.9,,0,0,,1
2025-10-01 15:58:15,235.32,0.329,247.2,0.4593,1.3779,245.21,247.29,249.12,428.62,427.98,427.87,428.15,0.0,1.3779,0.0,0.0,0.329,0.0,0.0802,0,0.0802,0,0.3407,0,0.3407,0,0.9715,1,0.9716,1,49.8,321.49,201.45,0,1,2025-10-01 15:58:15,19.2,75.4,,0,0,,1
2025-10-01 15:59:00,235.33,0.3275,246.29,0.4574,1.3724,244.07,246.71,248.1,426.88,427.19,425.66,426.63,0.0,1.3724,0.0,0.0,0.3275,0.0,0.0793,0,0.0793,0,0.3386,0,0.3386,0,0.9719,1,0.9719,1,49.8,321.49,201.45,0,1,2025-10-01 15:59:00,19.2,77.6,,0,0,,1
2025-10-01 15:59:45,235.33,0.3275,246.41,0.4574,1.3724,244.17,246.74,248.32,426.6,426.91,426.83,426.82,0.0,1.3724,0.0,0.0,0.3275,0.0,0.0799,0,0.0799,0,0.3386,0,0.3386,0,0.9714,1,0.9716,1,49.8,321.5,201.45,0,1,2025-10-01 15:59:45,19.6,79.3,,0,0,,1
2025-10-01 16:00:30,235.33,0.3277,246.8,0.4575,1.3725,244.72,246.94,248.74,427.68,427.82,426.87,427.37,0.0,1.3725,0.0,0.0,0.3277,0.0,0.0798,0,0.0798,0,0.3389,0,0.3389,0,0.9715,1,0.9715,1,49.9,321.5,201.45,0,1,2025-10-01 16:00:30,19.7,80.8,,0,0,,1
2025-10-01 16:01:15,235.34,0.3288,247.13,0.4581,1.3743,244.98,247.45,248.98,428.71,428.09,427.3,428.12,0.0,1.3743,0.0,0.0,0.3288,0.0,0.0801,0,0.0801,0,0.3401,0,0.3401,0,0.9715,1,0.9715,1,49.9,321.51,201.46,0,1,2025-10-01 16:01:15,19.7,82.2,,0,0,,1
2025-10-01 16:02:00,235.34,0.3289,247.41,0.4579,1.3739,245.33,247.64,249.26,428.52,429.09,427.94,428.5,0.0,1.3739,0.0,0.0,0.3289,0.0,0.08,0,0.08,0,0.3402,0,0.3402,0,0.9716,1,0.9716,1,49.9,321.51,201.46,0,1,2025-10-01 16:02:00,19.8,83.5,,0,0,,1
2025-10-01 16:02:45,235.35,0.3295,247.49,0.4584,1.3752,245.46,247.83,249.18,428.95,429.09,427.92,428.61,0.0,1.3752,0.0,0.0,0.3295,0.0,0.0803,0,0.0803,0,0.3408,0,0.3408,0,0.9715,1,0.9715,1,49.9,321.52,201.46,0,1,2025-10-01 16:02:45,19.8,84.4,,0,0,,1
2025-10-01 16:03:30,235.35,0.3302,247.76,0.4591,1.3773,245.76,248.05,249.48,430.49,429.32,427.54,429,0.0,1.3773,0.0,0.0,0.3302,0.0,0.0806,0,0.0806,0,0.3416,0,0.3416,0,0.9714,1,0.9714,1,50,321.52,201.46,0,1,2025-10-01 16:03:30,19.8,85.3,,0,0,,1
2025-10-01 16:04:15,235.36,0.3292,247.64,0.4581,1.3744,245.33,247.96,249.65,429.28,429.64,427.84,428.92,0.0,1.3744,0.0,0.0,0.3292,0.0,0.0812,0,0.0812,0,0.3408,0,0.3408,0,0.9708,1,0.9708,1,49.9,321.52,201.46,0,1,2025-10-01 16:04:15,19.9,86,,0,0,,1
2025-10-01 16:05:00,235.36,0.3295,247.68,0.4582,1.3748,245.29,248.13,249.64,429.64,429.59,427.74,429.03,0.0,1.3748,0.0,0.0,0.3295,0.0,0.0813,0,0.0813,0,0.3411,0,0.3411,0,0.9708,1,0.9708,1,49.9,321.53,201.46,0,1,2025-10-01 16:05:00,19.9,86.7,,0,0,,1
2025-10-01 16:05:45,235.36,0.3297,247.77,0.4585,1.3756,245.42,248.24,249.66,429.91,429.58,427.93,429.11,0.0,1.3756,0.0,0.0,0.3297,0.0,0.0819,0,0.0819,0,0.3415,0,0.3415,0,0.9705,1,0.9705,1,49.9,321.53,201.46,0,1,2025-10-01 16:05:45,20.0,87.4,,0,0,,1
2025-10-01 16:06:30,235.37,0.3287,247.28,0.4574,1.3723,244.58,247.95,249.31,427.77,429.34,427.77,428.29,0.0,1.3723,0.0,0.0,0.3287,0.0,0.081,0,0.081,0,0.3403,0,0.3403,0,0.9709,1,0.9709,1,49.9,321.54,201.46,0,1,2025-10-01 16:06:30,20.0,87.9,,0,0,,1
2025-10-01 16:07:15,235.37,0.3288,247.45,0.4576,1.3728,245.06,247.98,249.33,428.58,429.45,427.77,428.61,0.0,1.3728,0.0,0.0,0.3288,0.0,0.0812,0,0.0812,0,0.3404,0,0.3404,0,0.9708,1,0.9708,1,49.9,321.54,201.46,0,1,2025-10-01 16:07:15,20.4,88.4,,0,0,,1
2025-10-01 16:08:00,235.38,0.3289,247.4,0.4577,1.3732,244.91,247.88,249.43,427.87,429.26,428.4,428.39,0.0,1.3732,0.0,0.0,0.3289,0.0,0.081,0,0.081,0,0.3404,0,0.3404,0,0.9709,1,0.9709,1,49.9,321.55,201.46,0,1,2025-10-01 16:08:00,20.5,88.9,,0,0,,1
2025-10-01 16:08:45,235.38,0.3288,247.48,0.4575,1.3727,245.04,248.07,249.34,429.25,428.75,427.91,428.67,0.0,1.3727,0.0,0.0,0.3288,0.0,0.0816,0,0.0816,0,0.3405,0,0.3405,0,0.9705,1,0.9705,1,49.9,321.55,201.47,0,1,2025-10-01 16:08:45,20.5,89.2,,0,0,,1
2025-10-01 16:09:30,235.38,0.3291,247.52,0.4577,1.3731,244.98,248.21,249.38,429.38,429.12,427.62,428.65,0.0,1.3731,0.0,0.0,0.3291,0.0,0.0817,0,0.0817,0,0.3408,0,0.3408,0,0.9705,1,0.9705,1,49.9,321.55,201.47,0,1,2025-10-01 16:09:30,20.5,89.6,,0,0,,1
2025-10-01 16:10:15,235.39,0.3275,247.33,0.4565,1.3696,244.94,247.56,249.51,428.89,429.02,427.23,428.34,0.0,1.3696,0.0,0.0,0.3275,0.0,0.0809,0,0.0809,0,0.3391,0,0.3391,0,0.9708,1,0.9708,1,49.9,321.56,201.47,0,1,2025-10-01 16:10:15,20.6,89.9,,0,0,,1
2025-10-01 16:11:00,235.39,0.3287,248.24,0.4573,1.3721,246.33,248.08,250.32,430.53,429.95,429.38,429.97,0.0,1.3721,0.0,0.0,0.3287,0.0,0.0814,0,0.0814,0,0.3404,0,0.3404,0,0.9706,1,0.9706,1,49.9,321.56,201.47,0,1,2025-10-01 16:11:00,20.6,90.1,,0,0,,1
2025-10-01 16:11:45,235.4,0.3303,248.46,0.4587,1.3762,246.32,248.7,250.36,431,431.18,428.81,430.3,0.0,1.3762,0.0,0.0,0.3303,0.0,0.0825,0,0.0825,0,0.3423,0,0.3423,0,0.9701,1,0.9701,1,49.9,321.57,201.47,0,1,2025-10-01 16:11:45,20.6,90.4,,0,0,,1
2025-10-01 16:12:30,235.4,0.3296,248.22,0.4581,1.3743,246.01,248.49,250.18,430.79,430.31,428.67,429.91,0.0,1.3743,0.0,0.0,0.3296,0.0,0.0822,0,0.0822,0,0.3415,0,0.3415,0,0.9702,1,0.9702,1,49.9,321.57,201.47,0,1,2025-10-01 16:12:30,20.7,90.6,,0,0,,1
2025-10-01 16:13:15,235.4,0.3296,248.12,0.4582,1.3747,246.06,248.48,249.82,430.34,429.96,428.93,429.76,0.0,1.3747,0.0,0.0,0.3296,0.0,0.0823,0,0.0823,0,0.3416,0,0.3416,0,0.9701,1,0.9701,1,49.8,321.58,201.47,0,1,2025-10-01 16:13:15,20.7,90.8,,0,0,,1
2025-10-01 16:14:00,235.41,0.3293,247.96,0.4578,1.3736,245.73,248.36,249.81,430.16,430.22,428.05,429.4,0.0,1.3736,0.0,0.0,0.3293,0.0,0.0821,0,0.0821,0,0.3411,0,0.3411,0,0.9703,1,0.9703,1,49.9,321.58,201.47,0,1,2025-10-01 16:14:00,20.7,91,,0,0,,1
2025-10-01 16:14:45,235.41,0.329,247.89,0.4576,1.373,245.6,248.26,249.83,429.87,429.68,428.51,429.11,0.0,1.373,0.0,0.0,0.329,0.0,0.0822,0,0.0822,0,0.3409,0,0.3409,0,0.9702,1,0.9702,1,49.8,321.58,201.47,0,1,2025-10-01 16:14:45,20.7,91.2,,0,0,,1
2025-10-01 16:15:30,235.42,0.3286,247.6,0.4572,1.3716,245.4,247.96,249.46,429.43,429.29,427.83,428.88,0.0,1.3716,0.0,0.0,0.3286,0.0,0.0809,0,0.0809,0,0.3401,0,0.3401,0,0.971,1,0.971,1,49.9,321.59,201.47,0,1,2025-10-01 16:15:30,20.8,91.3,,0,0,,1
2025-10-01 16:16:15,235.42,0.3283,247.42,0.4568,1.3704,245.12,247.97,249.17,429.17,429.3,427.12,428.43,0.0,1.3704,0.0,0.0,0.3283,0.0,0.0805,0,0.0805,0,0.3398,0,0.3398,0,0.9712,1,0.9712,1,49.9,321.59,201.48,0,1,2025-10-01 16:16:15,20.8,91.4,,0,0,,1
2025-10-01 16:17:00,235.43,0.3278,247.24,0.4563,1.3691,245.02,247.69,249.02,428.47,429.3,426.91,428.09,0.0,1.3691,0.0,0.0,0.3278,0.0,0.0798,0,0.0798,0,0.3391,0,0.3391,0,0.9716,1,0.9716,1,49.9,321.6,201.48,0,1,2025-10-01 16:17:00,21.2,91.5,,0,0,,1
2025-10-01 16:17:45,235.43,0.3266,247.5,0.4555,1.3667,247.11,246.87,248.52,429,428.75,428.28,428.73,0.0,1.3667,0.0,0.0,0.3266,0.0,0.0779,0,0.0779,0,0.3374,0,0.3374,0,0.9726,1,0.9726,1,49.9,321.6,201.48,0,1,2025-10-01 16:17:45,21.2,91.6,,0,0,,1
2025-10-01 16:18:30,235.43,0.3251,246.71,0.4543,1.3631,246.31,246.16,247.67,427.56,427.71,426.66,427.34,0.0,1.3631,0.0,0.0,0.3251,0.0,0.0765,0,0.0765,0,0.3355,0,0.3355,0,0.9734,1,0.9734,1,50,321.61,201.48,0,1,2025-10-01 16:18:30,21.2,91.7,,0,0,,1
2025-10-01 16:19:15,235.44,0.3252,246.85,0.4544,1.3633,246.37,246.24,247.96,428.23,426.95,427.49,427.45,0.0,1.3633,0.0,0.0,0.3252,0.0,0.0764,0,0.0764,0,0.3357,0,0.3357,0,0.9735,1,0.9735,1,50,321.61,201.48,0,1,2025-10-01 16:19:15,21.3,91.8,,0,0,,1
2025-10-01 16:20:00,235.44,0.3254,246.72,0.4547,1.3641,246.3,246.2,247.68,428.8,427.07,426.1,427.2,0.0,1.3641,0.0,0.0,0.3254,0.0,0.0765,0,0.0765,0,0.3358,0,0.3358,0,0.9734,1,0.9734,1,50,321.61,201.48,0,1,2025-10-01 16:20:00,21.3,91.8,,0,0,,1
2025-10-01 16:20:45,235.49,4.0668,245.43,7.9855,23.9566,244.63,244.92,246.76,425.81,425.26,424.21,425.12,8.2162,8.7108,7.0296,1.4475,1.4979,1.1214,4.2122,1.3847,1.5098,1.3178,5.878,2.0099,2.1334,1.7346,0.6945,0.7226,0.7043,0.648,50,321.68,201.53,1,1,2025-10-01 16:20:45,21.3,90.6,,1,0,,0
2025-10-01 16:21:30,235.54,4.0961,245.6,8.0117,24.0351,244.83,245.07,246.91,426.21,425.24,424.7,425.4,8.2378,8.7463,7.051,1.4576,1.5096,1.1289,4.2163,1.3841,1.5123,1.3199,5.9013,2.0169,2.1435,1.741,0.6968,0.7251,0.7064,0.6499,50,321.76,201.58,1,1,2025-10-01 16:21:30,21.2,86.4,,1,0,,0
2025-10-01 16:22:15,235.59,4.0358,245.25,7.9407,23.8222,244.53,244.5,246.73,424.7,425.27,424.38,424.79,8.1648,8.6508,7.0066,1.4326,1.4864,1.1168,4.1917,1.3814,1.4958,1.3145,5.8404,1.9965,2.1151,1.7287,0.6935,0.7198,0.7048,0.6474,49.9,321.83,201.64,1,1,2025-10-01 16:22:15,20.7,81.5,,1,0,,0
2025-10-01 16:23:00,235.64,4.0313,245.17,7.933,23.799,244.61,244.38,246.53,424.81,424.38,424.73,424.64,8.1768,8.6431,6.9791,1.4373,1.4809,1.1131,4.185,1.3813,1.497,1.3067,5.8329,2.0001,2.1122,1.7206,0.6937,0.721,0.7032,0.6484,50,321.9,201.69,1,1,2025-10-01 16:23:00,20.6,77.7,,1,0,,0
2025-10-01 16:23:45,235.69,4.0228,244.72,7.9097,23.729300000000002,244.24,244,245.93,424.1,424.73,422.76,423.99,8.1178,8.6717,6.9398,1.4341,1.4885,1.1002,4.1548,1.3597,1.4953,1.2998,5.8053,1.9827,2.1159,1.7067,0.6956,0.7256,0.7054,0.646,49.9,321.98,201.74,1,1,2025-10-01 16:23:45,20.5,74.5,,1,0,,0
2025-10-01 16:24:30,235.74,3.9869,244.79,7.8718,23.6154,244.29,244.05,246.05,424.79,423.9,423.27,424.01,8.1083,8.5973,6.9098,1.4233,1.4689,1.0947,4.1537,1.3683,1.4896,1.2957,5.7791,1.9808,2.0982,1.7002,0.6924,0.7209,0.7021,0.6453,50,322.05,201.79,1,1,2025-10-01 16:24:30,19.9,71.7,,1,0,,0
2025-10-01 16:25:15,235.79,3.9969,244.8,7.8799,23.6397,244.27,244.01,246.12,425.01,423.43,423.53,423.99,8.1315,8.5849,6.9233,1.4263,1.4682,1.1023,4.152,1.3729,1.4851,1.2939,5.785,1.9863,2.0948,1.704,0.6935,0.7204,0.703,0.6485,50,322.12,201.84,1,1,2025-10-01 16:25:15,19.8,69.6,,1,0,,0
2025-10-01 16:26:00,235.81,0.3245,244.87,0.4557,1.3673,244.6,244.02,246,424.55,424.13,423.68,424.21,0.0,1.3673,0.0,0.0,0.3245,0.0,0.0715,0,0.0715,0,0.3336,0,0.3336,0,0.9765,1,0.9765,1,50,322.15,201.86,0,1,2025-10-01 16:26:00,19.7,68.6,,0,0,,1
2025-10-01 16:26:45,235.81,0.3242,244.95,0.4552,1.3658,244.71,244.16,246,425.28,424.19,423.31,424.34,0.0,1.3658,0.0,0.0,0.3242,0.0,0.0721,0,0.0721,0,0.3335,0,0.3335,0,0.9761,1,0.9761,1,50,322.15,201.86,0,1,2025-10-01 16:26:45,19.2,70.7,,0,0,,1
2025-10-01 16:27:30,235.82,0.3229,244.7,0.4542,1.3627,244.49,243.81,245.82,424.64,423.77,423.09,423.79,0.0,1.3627,0.0,0.0,0.3229,0.0,0.0723,0,0.0723,0,0.3322,0,0.3322,0,0.9758,1,0.9758,1,50,322.15,201.86,0,1,2025-10-01 16:27:30,19.2,73.7,,0,0,,1
2025-10-01 16:28:15,235.82,0.321,243.97,0.4527,1.3583,243,243.09,245.82,422.05,423.02,422.61,422.56,0.0,1.3583,0.0,0.0,0.321,0.0,0.0717,0,0.0717,0,0.3302,0,0.3302,0,0.9759,1,0.9759,1,50,322.16,201.86,0,1,2025-10-01 16:28:15,19.2,76.1,,0,0,,1
2025-10-01 16:29:00,235.83,0.3211,243.9,0.4528,1.3585,242.94,243.21,245.57,422.41,422.17,422.77,422.5,0.0,1.3585,0.0,0.0,0.3211,0.0,0.072,0,0.072,0,0.3304,0,0.3304,0,0.9757,1,0.9757,1,50,322.16,201.86,0,1,2025-10-01 16:29:00,19.6,78,,0,0,,1
2025-10-01 16:29:45,235.83,0.3211,244.05,0.4529,1.3587,243.48,243.32,245.37,423.3,422.06,422.75,422.65,0.0,1.3587,0.0,0.0,0.3211,0.0,0.0726,0,0.0726,0,0.3306,0,0.3306,0,0.9753,1,0.9753,1,50,322.17,201.87,0,1,2025-10-01 16:29:45,19.7,79.8,,0,0,,1
2025-10-01 16:30:30,235.83,0.3212,244.27,0.4528,1.3586,243.75,243.45,245.62,424.07,422.24,422.93,423.05,0.0,1.3586,0.0,0.0,0.3212,0.0,0.0729,0,0.0729,0,0.3308,0,0.3308,0,0.9752,1,0.9752,1,50,322.17,201.87,0,1,2025-10-01 16:30:30,19.7,81.2,,0,0,,1
2025-10-01 16:31:15,235.84,0.3225,244.79,0.4536,1.3608,244.22,244.08,246.08,424.97,423.4,423.58,423.87,0.0,1.3608,0.0,0.0,0.3225,0.0,0.0733,0,0.0733,0,0.3321,0,0.3321,0,0.975,1,0.9751,1,50,322.18,201.87,0,1,2025-10-01 16:31:15,19.8,82.4,,0,0,,1
2025-10-01 16:32:00,235.84,0.3226,244.92,0.4535,1.3607,244.34,244.26,246.18,425.5,424.01,423.12,424.13,0.0,1.3607,0.0,0.0,0.3226,0.0,0.0739,0,0.0739,0,0.3324,0,0.3324,0,0.9747,1,0.9747,1,50,322.18,201.87,0,1,2025-10-01 16:32:00,19.8,83.5,,0,0,,1
2025-10-01 16:32:45,235.85,0.3234,245.55,0.4542,1.3626,245.29,244.51,246.86,425.88,424.96,425.05,425.23,0.0,1.3626,0.0,0.0,0.3234,0.0,0.0739,0,0.0739,0,0.3332,0,0.3332,0,0.9748,1,0.9748,1,50,322.18,201.87,0,1,2025-10-01 16:32:45,19.8,84.6,,0,0,,1
2025-10-01 16:33:30,235.85,0.3229,245.36,0.4538,1.3614,245.18,244.34,246.58,425.55,424.61,424.78,425.01,0.0,1.3614,0.0,0.0,0.3229,0.0,0.0739,0,0.0739,0,0.3326,0,0.3326,0,0.9747,1,0.9747,1,50,322.19,201.87,0,1,2025-10-01 16:33:30,19.9,85.4,,0,0,,1
2025-10-01 16:34:15,235.85,0.3169,242.68,0.4496,1.3488,242.41,241.46,244.19,420.4,419.93,420.69,420.34,0.0,1.3488,0.0,0.0,0.3169,0.0,0.0695,0,0.0695,0,0.3257,0,0.3257,0,0.9767,1,0.9767,1,50,322.19,201.87,0,1,2025-10-01 16:34:15,19.9,86,,0,0,,1
2025-10-01 16:35:00,235.86,0.317,242.73,0.4496,1.3489,242.34,241.58,244.29,420.38,420.15,420.74,420.34,0.0,1.3489,0.0,0.0,0.317,0.0,0.07,0,0.07,0,0.3259,0,0.3259,0,0.9764,1,0.9764,1,50,322.2,201.87,0,1,2025-10-01 16:35:00,20.0,86.7,,0,0,,1
2025-10-01 16:35:45,235.86,0.3167,242.7,0.4493,1.3481,242.29,241.51,244.31,419.95,420.5,420.66,420.43,0.0,1.3481,0.0,0.0,0.3167,0.0,0.0698,0,0.0698,0,0.3256,0,0.3256,0,0.9765,1,0.9765,1,50,322.2,201.87,0,1,2025-10-01 16:35:45,20.0,87.2,,0,0,,1
2025-10-01 16:36:30,235.86,0.316,242.46,0.4489,1.3467,242.06,241.27,244.06,419.39,420.11,420.36,419.99,0.0,1.3467,0.0,0.0,0.316,0.0,0.0699,0,0.0699,0,0.3249,0,0.3249,0,0.9763,1,0.9763,1,50,322.2,201.87,0,1,2025-10-01 16:36:30,20.4,87.8,,0,0,,1
2025-10-01 16:37:15,235.87,0.3157,242.32,0.4489,1.3467,242.06,241.1,243.8,419.54,419.58,419.99,419.68,0.0,1.3467,0.0,0.0,0.3157,0.0,0.0701,0,0.0701,0,0.3247,0,0.3247,0,0.9762,1,0.9762,1,49.9,322.21,201.87,0,1,2025-10-01 16:37:15,20.5,88.3,,0,0,,1
2025-10-01 16:38:00,235.87,0.3152,242.23,0.4482,1.3448,241.96,240.97,243.77,419.97,419.2,419.48,419.6,0.0,1.3448,0.0,0.0,0.3152,0.0,0.0697,0,0.0697,0,0.3241,0,0.3241,0,0.9763,1,0.9763,1,50,322.21,201.88,0,1,2025-10-01 16:38:00,20.5,88.6,,0,0,,1
2025-10-01 16:38:45,235.88,0.3153,242.34,0.4484,1.3453,242.11,241.06,243.86,420,419.51,419.72,419.77,0.0,1.3453,0.0,0.0,0.3153,0.0,0.07,0,0.07,0,0.3243,0,0.3243,0,0.9762,1,0.9762,1,50,322.22,201.88,0,1,2025-10-01 16:38:45,20.5,89,,0,0,,1
2025-10-01 16:39:30,235.88,0.3159,242.39,0.4489,1.3469,242.13,241.2,243.84,420.08,419.64,419.75,419.79,0.0,1.3469,0.0,0.0,0.3159,0.0,0.0702,0,0.0702,0,0.3249,0,0.3249,0,0.9761,1,0.9761,1,50,322.22,201.88,0,1,2025-10-01 16:39:30,20.5,89.3,,0,0,,1
2025-10-01 16:40:15,235.88,0.316,242.48,0.4488,1.3464,242.17,241.37,243.92,420.02,420.1,419.85,419.91,0.0,1.3464,0.0,0.0,0.316,0.0,0.0704,0,0.0704,0,0.325,0,0.325,0,0.976,1,0.976,1,50,322.22,201.88,0,1,2025-10-01 16:40:15,20.6,89.5,,0,0,,1
2025-10-01 16:41:00,235.89,0.3161,242.61,0.4489,1.3467,242.25,241.53,244.05,420.29,419.68,420.64,420.14,0.0,1.3467,0.0,0.0,0.3161,0.0,0.0709,0,0.0709,0,0.3253,0,0.3253,0,0.9757,1,0.9757,1,50,322.23,201.88,0,1,2025-10-01 16:41:00,20.6,89.8,,0,0,,1
2025-10-01 16:41:45,235.89,0.3168,242.89,0.4494,1.3483,242.57,241.82,244.28,420.91,420.01,421.15,420.69,0.0,1.3483,0.0,0.0,0.3168,0.0,0.0712,0,0.0712,0,0.326,0,0.326,0,0.9756,1,0.9756,1,50,322.23,201.88,0,1,2025-10-01 16:41:45,20.6,90.1,,0,0,,1
2025-10-01 16:42:30,235.9,0.3173,242.95,0.4498,1.3494,242.5,241.94,244.41,421.22,421.32,419.82,420.67,0.0,1.3494,0.0,0.0,0.3173,0.0,0.0712,0,0.0712,0,0.3265,0,0.3265,0,0.9757,1,0.9757,1,50,322.24,201.88,0,1,2025-10-01 16:42:30,20.7,90.3,,0,0,,1
2025-10-01 16:43:15,235.9,0.3169,242.99,0.4494,1.3482,242.61,241.93,244.43,421.25,420.3,421.04,420.85,0.0,1.3482,0.0,0.0,0.3169,0.0,0.0714,0,0.0714,0,0.3262,0,0.3262,0,0.9755,1,0.9755,1,50,322.24,201.88,0,1,2025-10-01 16:43:15,20.7,90.5,,0,0,,1
2025-10-01 16:44:00,235.9,0.3169,243.08,0.4492,1.3477,242.67,242.04,244.54,421.3,420.61,421.15,420.97,0.0,1.3477,0.0,0.0,0.3169,0.0,0.0715,0,0.0715,0,0.3262,0,0.3262,0,0.9754,1,0.9754,1,50,322.24,201.88,0,1,2025-10-01 16:44:00,20.7,90.7,,0,0,,1
2025-10-01 16:44:45,235.91,0.3163,242.87,0.4487,1.3461,242.56,241.87,244.18,420.67,421.15,420.14,420.64,0.0,1.3461,0.0,0.0,0.3163,0.0,0.0713,0,0.0713,0,0.3256,0,0.3256,0,0.9755,1,0.9755,1,50,322.25,201.88,0,1,2025-10-01 16:44:45,20.7,90.8,,0,0,,1
2025-10-01 16:45:30,235.91,0.3169,242.96,0.4493,1.348,242.73,241.9,244.27,420.7,421.35,420.42,420.74,0.0,1.348,0.0,0.0,0.3169,0.0,0.0712,0,0.0712,0,0.3261,0,0.3261,0,0.9756,1,0.9756,1,50,322.25,201.88,0,1,2025-10-01 16:45:30,20.8,91,,0,0,,1
2025-10-01 16:46:15,235.92,0.3174,243.29,0.4494,1.3484,243.01,242.28,244.58,421.66,420.85,421.63,421.29,0.0,1.3484,0.0,0.0,0.3174,0.0,0.0715,0,0.0715,0,0.3267,0,0.3267,0,0.9755,1,0.9755,1,50,322.26,201.88,0,1,2025-10-01 16:46:15,21.2,91.1,,0,0,,1
2025-10-01 16:47:00,235.92,0.3171,243.12,0.4493,1.3479,242.88,242.15,244.34,422.18,420.53,420.55,421.13,0.0,1.3479,0.0,0.0,0.3171,0.0,0.0713,0,0.0713,0,0.3264,0,0.3264,0,0.9756,1,0.9756,1,50,322.26,201.89,0,1,2025-10-01 16:47:00,21.2,91.2,,0,0,,1
2025-10-01 16:47:45,235.92,0.317,242.95,0.4492,1.3477,242.68,242.09,244.08,421.48,420.19,420.7,420.78,0.0,1.3477,0.0,0.0,0.317,0.0,0.0714,0,0.0714,0,0.3263,0,0.3263,0,0.9755,1,0.9755,1,50,322.26,201.89,0,1,2025-10-01 16:47:45,21.2,91.3,,0,0,,1
2025-10-01 16:48:30,235.93,0.317,243.32,0.449,1.347,243.26,242.27,244.43,421.78,421.02,421.51,421.47,0.0,1.347,0.0,0.0,0.317,0.0,0.0715,0,0.0715,0,0.3263,0,0.3263,0,0.9755,1,0.9755,1,50,322.27,201.89,0,1,2025-10-01 16:48:30,21.2,91.5,,0,0,,1
2025-10-01 16:49:15,235.93,0.3164,243.11,0.4487,1.3461,242.91,242.01,244.41,421.61,420.53,421.06,421,0.0,1.3461,0.0,0.0,0.3164,0.0,0.0717,0,0.0717,0,0.3258,0,0.3258,0,0.9752,1,0.9752,1,50,322.27,201.89,0,1,2025-10-01 16:49:15,21.3,91.5,,0,0,,1
2025-10-01 16:50:00,235.94,0.316,242.77,0.4484,1.3454,242.49,241.62,244.21,421.41,419.9,420.13,420.5,0.0,1.3454,0.0,0.0,0.316,0.0,0.0703,0,0.0703,0,0.3251,0,0.3251,0,0.9761,1,0.9761,1,50,322.28,201.89,0,1,2025-10-01 16:50:00,21.3,91.6,,0,0,,1
2025-10-01 16:50:45,235.94,0.316,242.83,0.4485,1.3456,242.51,241.7,244.29,420.99,419.76,421.01,420.54,0.0,1.3456,0.0,0.0,0.316,0.0,0.0711,0,0.0711,0,0.3252,0,0.3252,0,0.9756,1,0.9756,1,50,322.28,201.89,0,1,2025-10-01 16:50:45,21.3,91.6,,0,0,,1
2025-10-01 16:51:30,235.94,0.3161,242.95,0.4486,1.3459,242.87,241.75,244.23,420.9,420.91,420.57,420.77,0.0,1.3459,0.0,0.0,0.3161,0.0,0.0713,0,0.0713,0,0.3254,0,0.3254,0,0.9755,1,0.9755,1,50,322.29,201.89,0,1,2025-10-01 16:51:30,21.3,91.7,,0,0,,1
2025-10-01 16:52:15,235.95,0.3158,243.03,0.4482,1.3446,243.12,241.69,244.29,421.54,420.82,420.44,420.88,0.0,1.3446,0.0,0.0,0.3158,0.0,0.0711,0,0.0711,0,0.325,0,0.325,0,0.9756,1,0.9756,1,50,322.29,201.89,0,1,2025-10-01 16:52:15,21.3,91.7,,0,0,,1
2025-10-01 16:53:00,235.95,0.3146,242.74,0.4474,1.3422,242.95,241.14,244.14,421.09,419.67,420.53,420.44,0.0,1.3422,0.0,0.0,0.3146,0.0,0.0703,0,0.0703,0,0.3237,0,0.3237,0,0.9759,1,0.9759,1,49.9,322.29,201.89,0,1,2025-10-01 16:53:00,21.4,91.8,,0,0,,1
2025-10-01 16:53:45,235.96,0.315,242.85,0.4477,1.3433,243.01,241.19,244.35,420.98,419.44,421.43,420.67,0.0,1.3433,0.0,0.0,0.315,0.0,0.0702,0,0.0702,0,0.324,0,0.324,0,0.976,1,0.976,1,50,322.3,201.89,0,1,2025-10-01 16:53:45,21.4,91.9,,0,0,,1
2025-10-01 16:54:30,235.96,0.3154,242.83,0.448,1.3441,242.76,241.57,244.17,420.8,419.91,421.06,420.63,0.0,1.3441,0.0,0.0,0.3154,0.0,0.0711,0,0.0711,0,0.3247,0,0.3247,0,0.9755,1,0.9755,1,50,322.3,201.89,0,1,2025-10-01 16:54:30,21.4,91.8,,0,0,,1
2025-10-01 16:55:15,235.96,0.3152,242.62,0.4479,1.3437,242.54,241.42,243.91,420.62,419.62,420.43,420.26,0.0,1.3437,0.0,0.0,0.3152,0.0,0.0709,0,0.0709,0,0.3244,0,0.3244,0,0.9756,1,0.9756,1,49.9,322.31,201.9,0,1,2025-10-01 16:55:15,21.4,91.8,,0,0,,1
2025-10-01 16:56:00,235.97,0.3149,242.76,0.4473,1.3421,242.7,241.51,244.07,420.66,420.02,420.71,420.45,0.0,1.3421,0.0,0.0,0.3149,0.0,0.0711,0,0.0711,0,0.3241,0,0.3241,0,0.9754,1,0.9754,1,50,322.31,201.9,0,1,2025-10-01 16:56:00,21.4,91.8,,0,0,,1
2025-10-01 16:56:45,235.97,0.3149,242.68,0.4474,1.3423,242.71,241.43,243.91,420.93,419.84,420.21,420.3,0.0,1.3423,0.0,0.0,0.3149,0.0,0.0708,0,0.0708,0,0.3241,0,0.3241,0,0.9756,1,0.9756,1,50,322.31,201.9,0,1,2025-10-01 16:56:45,21.5,91.8,,0,0,,1
2025-10-01 16:57:30,235.98,0.3152,242.65,0.4477,1.3433,242.65,241.46,243.86,420.34,420.52,420,420.33,0.0,1.3433,0.0,0.0,0.3152,0.0,0.0709,0,0.0709,0,0.3244,0,0.3244,0,0.9756,1,0.9756,1,50,322.32,201.9,0,1,2025-10-01 16:57:30,21.5,91.8,,0,0,,1
2025-10-01 16:58:15,235.98,0.3149,242.67,0.4473,1.342,242.65,241.48,243.88,420.23,420.52,420.17,420.4,0.0,1.342,0.0,0.0,0.3149,0.0,0.0707,0,0.0707,0,0.3241,0,0.3241,0,0.9757,1,0.9757,1,50,322.32,201.9,0,1,2025-10-01 16:58:15,21.5,91.8,,0,0,,1
2025-10-01 16:59:00,235.98,0.3157,242.77,0.448,1.344,242.87,241.59,243.87,421.12,419.76,420.59,420.52,0.0,1.344,0.0,0.0,0.3157,0.0,0.0703,0,0.0703,0,0.3247,0,0.3247,0,0.9761,1,0.9761,1,50,322.33,201.9,0,1,2025-10-01 16:59:00,21.5,91.8,,0,0,,1
2025-10-01 16:59:45,235.99,0.316,242.95,0.4481,1.3443,242.9,241.76,244.19,421.35,419.7,421.32,420.84,0.0,1.3443,0.0,0.0,0.316,0.0,0.0703,0,0.0703,0,0.325,0,0.325,0,0.9761,1,0.9761,1,50,322.33,201.9,0,1,2025-10-01 16:59:45,21.5,91.8,,0,0,,1
2025-10-01 17:00:30,235.99,0.3159,243.04,0.448,1.3441,243.02,241.8,244.31,421.79,420.51,420.55,421.04,0.0,1.3441,0.0,0.0,0.3159,0.0,0.0705,0,0.0705,0,0.325,0,0.325,0,0.9759,1,0.9759,1,50.1,322.33,201.9,0,1,2025-10-01 17:00:30,21.5,91.8,,0,0,,1
2025-10-01 17:01:15,236,0.3169,243.47,0.4487,1.3462,243.42,242.24,244.77,422.46,421.25,421.39,421.61,0.0,1.3462,0.0,0.0,0.3169,0.0,0.0709,0,0.0709,0,0.3261,0,0.3261,0,0.9759,1,0.9759,1,50.1,322.34,201.9,0,1,2025-10-01 17:01:15,21.5,91.8,,0,0,,1
2025-10-01 17:02:00,236,0.3172,243.59,0.4489,1.3469,243.44,242.26,245.09,422.05,421.27,422.42,421.92,0.0,1.3469,0.0,0.0,0.3172,0.0,0.0706,0,0.0706,0,0.3263,0,0.3263,0,0.9761,1,0.9761,1,50.1,322.34,201.9,0,1,2025-10-01 17:02:00,22.0,91.7,,0,0,,1
2025-10-01 17:02:45,236,0.3166,243.34,0.4484,1.3452,243.13,242.07,244.83,421.37,421.13,421.92,421.91,0.0,1.3452,0.0,0.0,0.3166,0.0,0.0702,0,0.0702,0,0.3256,0,0.3256,0,0.9763,1,0.9763,1,50.1,322.35,201.9,0,1,2025-10-01 17:02:45,22.0,91.8,,0,0,,1
2025-10-01 17:03:30,236.01,0.3173,243.57,0.4489,1.3468,243.36,242.33,245.04,421.65,421.87,422.12,421.91,0.0,1.3468,0.0,0.0,0.3173,0.0,0.0705,0,0.0705,0,0.3264,0,0.3264,0,0.9761,1,0.9761,1,50.1,322.35,201.91,0,1,2025-10-01 17:03:30,22.0,91.7,,0,0,,1
2025-10-01 17:04:15,236.01,0.3171,243.63,0.4488,1.3464,243.57,242.25,245.07,422.18,421.8,421.93,421.89,0.0,1.3464,0.0,0.0,0.3171,0.0,0.0706,0,0.0706,0,0.3262,0,0.3262,0,0.9761,1,0.976,1,50.1,322.35,201.91,0,1,2025-10-01 17:04:15,22.0,91.8,,0,0,,1
2025-10-01 17:05:00,236.01,0.3166,243.67,0.4483,1.3449,243.67,242.26,245.1,422.43,421.44,422.29,422.11,0.0,1.3449,0.0,0.0,0.3166,0.0,0.0708,0,0.0708,0,0.3258,0,0.3258,0,0.9759,1,0.9759,1,50.1,322.36,201.91,0,1,2025-10-01 17:05:00,22.0,91.7,,0,0,,1
2025-10-01 17:05:45,236.02,0.3167,243.58,0.4486,1.346,243.69,242.14,244.91,422.37,420.62,422.66,421.84,0.0,1.346,0.0,0.0,0.3167,0.0,0.0709,0,0.0709,0,0.3259,0,0.3259,0,0.9758,1,0.9758,1,50,322.36,201.91,0,1,2025-10-01 17:05:45,22.0,91.7,,0,0,,1
2025-10-01 17:06:30,236.02,0.3168,243.44,0.4487,1.3461,243.18,242.28,244.86,422.52,420.48,421.9,421.59,0.0,1.3461,0.0,0.0,0.3168,0.0,0.0713,0,0.0713,0,0.3261,0,0.3261,0,0.9756,1,0.9757,1,50,322.37,201.91,0,1,2025-10-01 17:06:30,22.0,91.6,,0,0,,1
2025-10-01 17:07:15,236.03,0.316,243.2,0.4478,1.3436,243,242.06,244.55,421.7,420.73,421.26,421.2,0.0,1.3436,0.0,0.0,0.316,0.0,0.0713,0,0.0713,0,0.3252,0,0.3252,0,0.9754,1,0.9754,1,50,322.37,201.91,0,1,2025-10-01 17:07:15,22.1,91.7,,0,0,,1
2025-10-01 17:08:00,236.03,0.3153,243.03,0.4475,1.3426,243.14,241.75,244.21,421.19,420.68,420.94,420.94,0.0,1.3426,0.0,0.0,0.3153,0.0,0.0713,0,0.0713,0,0.3246,0,0.3246,0,0.9753,1,0.9753,1,50,322.37,201.91,0,1,2025-10-01 17:08:00,22.1,91.6,,0,0,,1
2025-10-01 17:08:45,236.03,0.3149,243.09,0.447,1.3412,243.27,241.69,244.31,421.46,420.38,421.26,421.03,0.0,1.3412,0.0,0.0,0.3149,0.0,0.0711,0,0.0711,0,0.3242,0,0.3242,0,0.9754,1,0.9754,1,50,322.38,201.91,0,1,2025-10-01 17:08:45,22.1,91.6,,0,0,,1
2025-10-01 17:09:30,236.04,0.315,242.98,0.4472,1.3416,243.15,241.55,244.24,421.62,419.47,421.43,420.9,0.0,1.3416,0.0,0.0,0.315,0.0,0.0706,0,0.0706,0,0.3241,0,0.3241,0,0.9757,1,0.9757,1,50,322.38,201.91,0,1,2025-10-01 17:09:30,22.1,91.5,,0,0,,1
2025-10-01 17:10:15,236.04,0.3153,243.08,0.4475,1.3425,243.25,241.72,244.29,421.32,420.42,421.35,420.96,0.0,1.3425,0.0,0.0,0.3153,0.0,0.0708,0,0.0708,0,0.3245,0,0.3245,0,0.9757,1,0.9757,1,50,322.39,201.91,0,1,2025-10-01 17:10:15,22.1,91.5,,0,0,,1
2025-10-01 17:11:00,236.05,0.3155,243.02,0.4475,1.3427,243.2,241.79,244.07,422.53,420.14,420.04,421.02,0.0,1.3427,0.0,0.0,0.3155,0.0,0.0706,0,0.0706,0,0.3247,0,0.3247,0,0.9758,1,0.9758,1,50,322.39,201.91,0,1,2025-10-01 17:11:00,22.1,91.5,,0,0,,1
2025-10-01 17:11:45,236.05,0.3167,243.4,0.4485,1.3456,243.23,242.29,244.7,421.89,422.06,420.79,421.52,0.0,1.3456,0.0,0.0,0.3167,0.0,0.0714,0,0.0714,0,0.326,0,0.326,0,0.9755,1,0.9755,1,50,322.4,201.91,0,1,2025-10-01 17:11:45,22.1,91.5,,0,0,,1
2025-10-01 17:12:30,236.05,0.3163,243.29,0.4483,1.3449,243.44,241.92,244.51,423.03,419.9,421.18,421.26,0.0,1.3449,0.0,0.0,0.3163,0.0,0.0703,0,0.0703,0,0.3254,0,0.3254,0,0.9761,1,0.9761,1,50,322.4,201.92,0,1,2025-10-01 17:12:30,22.1,91.4,,0,0,,1
2025-10-01 17:13:15,236.06,0.3169,243.53,0.4485,1.3457,243.41,242.41,244.79,422.93,421.17,421.3,421.67,0.0,1.3457,0.0,0.0,0.3169,0.0,0.0715,0,0.0715,0,0.3262,0,0.3262,0,0.9754,1,0.9754,1,50,322.4,201.92,0,1,2025-10-01 17:13:15,22.2,91.3,,0,0,,1
2025-10-01 17:14:00,236.06,0.3165,243.38,0.448,1.3441,243.14,242.36,244.66,421.9,420.44,422.3,421.48,0.0,1.3441,0.0,0.0,0.3165,0.0,0.0712,0,0.0712,0,0.3258,0,0.3258,0,0.9756,1,0.9756,1,50,322.41,201.92,0,1,2025-10-01 17:14:00,22.2,91.2,,0,0,,1
2025-10-01 17:14:45,236.07,0.3161,243.22,0.4478,1.3436,243.19,242.16,244.33,422.04,420.13,421.63,421.32,0.0,1.3436,0.0,0.0,0.3161,0.0,0.0712,0,0.0712,0,0.3254,0,0.3254,0,0.9755,1,0.9755,1,50,322.41,201.92,0,1,2025-10-01 17:14:45,22.2,91.2,,0,0,,1
2025-10-01 17:15:30,236.07,0.3169,243.57,0.4484,1.3453,243.58,242.37,244.76,422.17,420.9,422.53,421.78,0.0,1.3453,0.0,0.0,0.3169,0.0,0.071,0,0.071,0,0.3261,0,0.3261,0,0.9758,1,0.9758,1,50.1,322.42,201.92,0,1,2025-10-01 17:15:30,22.2,91.1,,0,0,,1
2025-10-01 17:16:15,236.07,0.3163,243.36,0.4479,1.3438,243.36,242.23,244.49,422.16,421.22,421.12,421.54,0.0,1.3438,0.0,0.0,0.3163,0.0,0.071,0,0.071,0,0.3255,0,0.3255,0,0.9757,1,0.9757,1,50.1,322.42,201.92,0,1,2025-10-01 17:16:15,22.2,91.1,,0,0,,1
2025-10-01 17:17:00,236.09,3.9002,241.98,7.695,23.085099999999997,241.43,241.09,243.44,419.52,419.2,418.64,419.17,7.9997,8.3256,6.7598,1.395,1.4173,1.088,3.9726,1.3281,1.4138,1.2307,5.5842,1.9314,2.0072,1.6456,0.7005,0.7242,0.7079,0.6623,50,322.45,201.94,1,1,2025-10-01 17:17:00,22.2,91,,1,0,,0
2025-10-01 17:17:45,236.15,4.0407,242.05,7.8309,23.492800000000003,241.52,241.25,243.4,419.71,419.15,418.87,419.17,8.1216,8.4979,6.8733,1.4427,1.4713,1.1267,3.9744,1.3214,1.4203,1.2327,5.6846,1.9615,2.0501,1.673,0.7129,0.7374,0.7194,0.6746,50,322.52,201.99,1,1,2025-10-01 17:17:45,22.2,87.5,,1,0,,0
2025-10-01 17:18:30,236.2,4.0199,241.9,7.807,23.421100000000003,241.27,241.24,243.2,419.36,418.58,419,419.03,8.0914,8.4815,6.8482,1.435,1.4671,1.1177,3.965,1.3158,1.4187,1.2306,5.6638,1.9522,2.0461,1.6655,0.7119,0.737,0.7188,0.6723,50,322.59,202.04,1,1,2025-10-01 17:18:30,22.1,82.9,,1,0,,0
2025-10-01 17:19:15,236.25,3.9973,241.9,7.7852,23.3558,241.3,241.21,243.2,419.21,419.04,418.69,418.92,8.0806,8.4641,6.8111,1.4311,1.4584,1.1079,3.9656,1.3167,1.4215,1.2274,5.6479,1.9498,2.0416,1.6565,0.7099,0.7359,0.7161,0.67,50,322.66,202.09,1,1,2025-10-01 17:19:15,21.6,78.6,,1,0,,0
2025-10-01 17:20:00,236.29,3.9979,241.97,7.7887,23.3663,241.51,241.27,243.15,419.98,419.1,418.22,419.05,8.1251,8.462,6.7792,1.4411,1.4512,1.1056,3.9707,1.3239,1.4286,1.2182,5.6523,1.9623,2.0416,1.6484,0.7095,0.7364,0.7126,0.672,50,322.73,202.14,1,1,2025-10-01 17:20:00,21.4,75,,1,0,,0
2025-10-01 17:20:45,236.35,3.9686,242.05,7.7583,23.2749,241.65,241.51,243.01,420.02,419.28,418.43,419.29,8.1075,8.4723,6.6951,1.4422,1.4438,1.0826,3.9716,1.3185,1.4428,1.2104,5.6323,1.9592,2.0461,1.627,0.7068,0.738,0.7073,0.6666,50,322.8,202.19,1,1,2025-10-01 17:20:45,21.3,72.3,,1,0,,0
2025-10-01 17:21:30,236.4,3.9716,242.12,7.7559,23.267699999999998,241.67,240.99,243.71,419.11,419.04,419.94,419.41,8.1089,8.3281,6.8307,1.4192,1.4294,1.123,3.9702,1.3438,1.4016,1.2248,5.6314,1.9597,2.007,1.6647,0.7072,0.7261,0.714,0.6758,50,322.88,202.24,1,1,2025-10-01 17:21:30,20.7,69.7,,1,0,,0
2025-10-01 17:22:15,236.44,3.952,242.29,7.7438,23.2314,241.84,241.32,243.73,419.75,419.32,419.92,419.53,8.0857,8.3728,6.7729,1.42,1.4306,1.1014,3.9824,1.337,1.4199,1.2256,5.6267,1.9554,2.0205,1.6508,0.7043,0.728,0.7097,0.6684,50,322.94,202.29,1,1,2025-10-01 17:22:15,20.6,67.7,,1,0,,0
2025-10-01 17:23:00,236.49,3.9418,242.37,7.7389,23.2167,241.78,241.73,243.6,419.84,419.8,419.72,419.77,8.0317,8.4259,6.7591,1.4138,1.4418,1.0862,3.9878,1.3235,1.4312,1.2331,5.6252,1.9419,2.0368,1.6465,0.7029,0.73,0.7096,0.661,50,323.01,202.34,1,1,2025-10-01 17:23:00,20.4,65.8,,1,0,,0
2025-10-01 17:23:45,236.54,3.921,242.04,7.7114,23.1344,241.48,241.2,243.45,418.88,419.76,419.03,419.26,8.0159,8.3475,6.771,1.4011,1.4274,1.0926,3.9696,1.3274,1.4123,1.2299,5.5975,1.9357,2.0134,1.6484,0.7027,0.7259,0.7108,0.6641,50,323.09,202.39,1,1,2025-10-01 17:23:45,19.9,64.2,,1,0,,0
2025-10-01 17:24:30,236.59,3.9582,242.32,7.7518,23.2554,241.72,241.92,243.33,419.93,420.03,419.16,419.36,7.9959,8.5297,6.7298,1.4223,1.4644,1.0715,3.9814,1.3009,1.4464,1.2341,5.6338,1.9328,2.0635,1.6376,0.705,0.7379,0.7114,0.6556,50,323.15,202.43,1,1,2025-10-01 17:24:30,19.7,63,,1,0,,0
2025-10-01 17:25:15,236.62,0.3221,243.09,0.455,1.3652,242.64,242.5,244.15,422.42,420.79,419.9,421.11,0.0,1.3652,0.0,0.0,0.3221,0.0,0.0705,0,0.0705,0,0.3311,0,0.3311,0,0.9768,1,0.9768,1,50,323.19,202.46,0,1,2025-10-01 17:25:15,19.2,62.3,,0,0,,1
2025-10-01 17:26:00,236.62,0.3198,242.92,0.4531,1.3593,242.54,241.89,244.33,421.24,420.84,420.12,420.69,0.0,1.3593,0.0,0.0,0.3198,0.0,0.0702,0,0.0702,0,0.3288,0,0.3288,0,0.9767,1,0.9767,1,50,323.2,202.46,0,1,2025-10-01 17:26:00,19.1,65,,0,0,,1
2025-10-01 17:26:45,236.63,0.3212,243.73,0.4537,1.3613,243.58,242.85,244.77,422.8,422.06,421.59,422.2,0.0,1.3613,0.0,0.0,0.3212,0.0,0.0722,0,0.0722,0,0.3306,0,0.3306,0,0.9756,1,0.9756,1,50,323.2,202.46,0,1,2025-10-01 17:26:45,19.1,68.2,,0,0,,1
2025-10-01 17:27:30,236.63,0.3206,243.64,0.4531,1.3594,243.51,242.84,244.58,422.94,421.82,421.21,421.89,0.0,1.3594,0.0,0.0,0.3206,0.0,0.0726,0,0.0726,0,0.3301,0,0.3301,0,0.9753,1,0.9753,1,50,323.21,202.47,0,1,2025-10-01 17:27:30,19.1,71.2,,0,0,,1
2025-10-01 17:28:15,236.64,0.3209,243.72,0.4534,1.3604,243.54,242.9,244.73,422.81,421.73,421.85,422.11,0.0,1.3604,0.0,0.0,0.3209,0.0,0.0727,0,0.0727,0,0.3304,0,0.3304,0,0.9753,1,0.9753,1,50,323.21,202.47,0,1,2025-10-01 17:28:15,19.2,73.8,,0,0,,1
2025-10-01 17:29:00,236.64,0.3209,243.78,0.4531,1.3593,243.66,243.13,244.56,423.5,421.54,421.66,422.31,0.0,1.3593,0.0,0.0,0.3209,0.0,0.0732,0,0.0732,0,0.3305,0,0.3305,0,0.9749,1,0.9749,1,50,323.21,202.47,0,1,2025-10-01 17:29:00,19.2,76,,0,0,,1
2025-10-01 17:29:45,236.64,0.3209,243.9,0.4533,1.3601,243.92,242.86,244.93,422.92,422.11,422.29,422.37,0.0,1.3601,0.0,0.0,0.3209,0.0,0.0719,0,0.0719,0,0.3303,0,0.3303,0,0.9757,1,0.9757,1,50,323.22,202.47,0,1,2025-10-01 17:29:45,19.7,77.9,,0,0,,1
2025-10-01 17:30:30,236.65,0.322,244.28,0.4536,1.3608,244.08,243.69,245.07,424.2,422.43,422.65,423.08,0.0,1.3608,0.0,0.0,0.322,0.0,0.0731,0,0.0731,0,0.3316,0,0.3316,0,0.9751,1,0.9751,1,50.1,323.22,202.47,0,1,2025-10-01 17:30:30,19.7,79.6,,0,0,,1
2025-10-01 17:31:15,236.65,0.3222,244.55,0.4535,1.3606,244.36,243.79,245.5,424.6,423.56,422.52,423.54,0.0,1.3606,0.0,0.0,0.3222,0.0,0.0729,0,0.0729,0,0.3317,0,0.3317,0,0.9753,1,0.9753,1,50.1,323.23,202.47,0,1,2025-10-01 17:31:15,19.8,81,,0,0,,1
2025-10-01 17:32:00,236.66,0.3214,244.47,0.4529,1.3588,244.36,243.61,245.44,425.04,422.8,422.41,423.47,0.0,1.3588,0.0,0.0,0.3214,0.0,0.0729,0,0.0729,0,0.331,0,0.331,0,0.9752,1,0.9752,1,50.1,323.23,202.47,0,1,2025-10-01 17:32:00,19.8,82.3,,0,0,,1
2025-10-01 17:32:45,236.66,0.3213,244.37,0.453,1.3591,244.25,243.49,245.37,424.48,422.95,422.31,423.28,0.0,1.3591,0.0,0.0,0.3213,0.0,0.073,0,0.073,0,0.3309,0,0.3309,0,0.9751,1,0.9751,1,50.1,323.24,202.47,0,1,2025-10-01 17:32:45,19.9,83.4,,0,0,,1
2025-10-01 17:33:30,236.66,0.321,244.41,0.4526,1.3579,244.26,243.47,245.5,424.8,423.25,421.88,423.14,0.0,1.3579,0.0,0.0,0.321,0.0,0.073,0,0.073,0,0.3306,0,0.3306,0,0.9751,1,0.9751,1,50.1,323.24,202.47,0,1,2025-10-01 17:33:30,19.9,84.4,,0,0,,1
2025-10-01 17:34:15,236.67,0.3195,244.07,0.4513,1.3541,244.11,242.98,245.13,423.34,422.42,422.45,422.62,0.0,1.3541,0.0,0.0,0.3195,0.0,0.0725,0,0.0725,0,0.329,0,0.329,0,0.9751,1,0.9751,1,50,323.24,202.47,0,1,2025-10-01 17:34:15,20.0,85.2,,0,0,,1
2025-10-01 17:35:00,236.67,0.3199,243.86,0.4516,1.355,243.83,243.16,244.61,424.18,421.51,421.42,422.35,0.0,1.355,0.0,0.0,0.3199,0.0,0.0731,0,0.0731,0,0.3295,0,0.3295,0,0.9748,1,0.9748,1,50,323.25,202.47,0,1,2025-10-01 17:35:00,20.4,85.9,,0,0,,1
2025-10-01 17:35:45,236.68,0.3186,243.6,0.4508,1.3526,243.53,242.5,244.79,422.66,421.44,421.68,422,0.0,1.3526,0.0,0.0,0.3186,0.0,0.0721,0,0.0721,0,0.328,0,0.328,0,0.9753,1,0.9753,1,50,323.25,202.48,0,1,2025-10-01 17:35:45,20.5,86.6,,0,0,,1
2025-10-01 17:36:30,236.68,0.3172,243.27,0.4496,1.349,243.08,242.1,244.65,421.98,420.54,421.54,421.45,0.0,1.349,0.0,0.0,0.3172,0.0,0.0721,0,0.0721,0,0.3266,0,0.3266,0,0.975,1,0.975,1,50,323.26,202.48,0,1,2025-10-01 17:36:30,20.5,87.1,,0,0,,1
2025-10-01 17:37:15,236.68,0.3175,242.99,0.4499,1.3497,242.55,242.31,244.11,422.03,420.9,419.64,420.93,0.0,1.3497,0.0,0.0,0.3175,0.0,0.0727,0,0.0727,0,0.327,0,0.327,0,0.9747,1,0.9747,1,49.9,323.26,202.48,0,1,2025-10-01 17:37:15,20.5,87.6,,0,0,,1
2025-10-01 17:38:00,236.69,0.319,243.38,0.4509,1.3528,242.69,243.07,244.4,422.16,422.11,420.38,421.63,0.0,1.3528,0.0,0.0,0.319,0.0,0.0738,0,0.0738,0,0.3288,0,0.3288,0,0.9742,1,0.9742,1,49.9,323.26,202.48,0,1,2025-10-01 17:38:00,20.6,88,,0,0,,1
2025-10-01 17:38:45,236.69,0.3185,243.63,0.4506,1.3519,243.22,242.83,244.85,422.83,421.56,421.53,421.91,0.0,1.3519,0.0,0.0,0.3185,0.0,0.0735,0,0.0735,0,0.3283,0,0.3283,0,0.9743,1,0.9743,1,50,323.27,202.48,0,1,2025-10-01 17:38:45,20.6,88.4,,0,0,,1
2025-10-01 17:39:30,236.7,0.3182,243.42,0.4504,1.3512,243.08,242.67,244.52,422.21,421.84,420.79,421.56,0.0,1.3512,0.0,0.0,0.3182,0.0,0.073,0,0.073,0,0.3279,0,0.3279,0,0.9746,1,0.9746,1,50,323.27,202.48,0,1,2025-10-01 17:39:30,20.6,88.8,,0,0,,1
2025-10-01 17:40:15,236.7,0.318,243.49,0.4499,1.3499,243.09,242.63,244.76,422.3,422.31,420.57,421.67,0.0,1.3499,0.0,0.0,0.318,0.0,0.0726,0,0.0726,0,0.3275,0,0.3275,0,0.9749,1,0.9749,1,50,323.28,202.48,0,1,2025-10-01 17:40:15,20.7,89.1,,0,0,,1
2025-10-01 17:41:00,236.7,0.3181,243.3,0.4501,1.3504,243.19,242.62,244.11,422.62,422.01,419.57,421.62,0.0,1.3504,0.0,0.0,0.3181,0.0,0.0726,0,0.0726,0,0.3276,0,0.3276,0,0.9749,1,0.9749,1,50,323.28,202.48,0,1,2025-10-01 17:41:00,20.7,89.4,,0,0,,1
2025-10-01 17:41:45,236.71,0.318,243.41,0.45,1.35,243.16,242.63,244.45,422.03,421.98,420.76,421.66,0.0,1.35,0.0,0.0,0.318,0.0,0.0727,0,0.0727,0,0.3276,0,0.3276,0,0.9748,1,0.9748,1,50,323.28,202.48,0,1,2025-10-01 17:41:45,20.7,89.7,,0,0,,1
2025-10-01 17:42:30,236.71,0.3176,243.43,0.4496,1.3488,243.19,242.52,244.58,421.75,421.97,421.15,421.68,0.0,1.3488,0.0,0.0,0.3176,0.0,0.0725,0,0.0725,0,0.3271,0,0.3271,0,0.9749,1,0.9749,1,50,323.29,202.48,0,1,2025-10-01 17:42:30,20.8,89.9,,0,0,,1
2025-10-01 17:43:15,236.72,0.3188,243.8,0.4505,1.3517,243.67,242.89,244.84,422.85,422.09,421.85,422.15,0.0,1.3517,0.0,0.0,0.3188,0.0,0.0724,0,0.0724,0,0.3283,0,0.3283,0,0.9751,1,0.9751,1,50.1,323.29,202.48,0,1,2025-10-01 17:43:15,20.8,90.1,,0,0,,1
2025-10-01 17:44:00,236.72,0.3188,243.9,0.4504,1.3512,243.73,242.88,245.09,422.63,422.63,422.05,422.37,0.0,1.3512,0.0,0.0,0.3188,0.0,0.072,0,0.072,0,0.3282,0,0.3282,0,0.9754,1,0.9754,1,50.1,323.3,202.49,0,1,2025-10-01 17:44:00,21.2,90.3,,0,0,,1
2025-10-01 17:44:45,236.72,0.3185,243.87,0.45,1.35,243.69,242.89,245.03,422.57,422.47,422.12,422.41,0.0,1.35,0.0,0.0,0.3185,0.0,0.0719,0,0.0719,0,0.3279,0,0.3279,0,0.9754,1,0.9754,1,50.1,323.3,202.49,0,1,2025-10-01 17:44:45,21.2,90.5,,0,0,,1
2025-10-01 17:45:30,236.73,0.3179,243.59,0.4496,1.3489,243.48,242.63,244.68,422.82,421.27,421.64,421.91,0.0,1.3489,0.0,0.0,0.3179,0.0,0.0718,0,0.0718,0,0.3273,0,0.3273,0,0.9754,1,0.9754,1,50.1,323.3,202.49,0,1,2025-10-01 17:45:30,21.2,90.6,,0,0,,1
2025-10-01 17:46:15,236.77,4.0155,242.74,7.8157,23.447100000000002,242.7,241.69,243.84,421.12,419.97,420.21,420.34,8.1859,8.473,6.7882,1.4551,1.4466,1.1138,4.0068,1.3448,1.4418,1.2202,5.6898,1.9867,2.0478,1.6552,0.7078,0.7343,0.7082,0.6741,50.1,323.37,202.53,1,1,2025-10-01 17:46:15,21.2,89.4,,1,0,,0
2025-10-01 17:47:45,236.87,3.9914,242.81,7.7919,23.3759,242.88,241.97,243.58,421.46,420.23,419.95,420.52,8.1428,8.5049,6.7282,1.453,1.4471,1.0913,4.0082,1.334,1.4558,1.2184,5.6745,1.9777,2.0579,1.6389,0.7056,0.7366,0.7049,0.6671,50,323.51,202.63,1,1,2025-10-01 17:47:45,20.7,80.7,,1,0,,0
2025-10-01 17:48:30,236.92,3.979,242.67,7.7732,23.3196,242.65,241.86,243.5,421.31,419.8,419.81,420.33,8.1033,8.4867,6.7296,1.443,1.4473,1.0886,3.9965,1.3279,1.448,1.2206,5.6575,1.9663,2.0526,1.6387,0.7055,0.7358,0.7069,0.6656,50,323.58,202.68,1,1,2025-10-01 17:48:30,20.6,76.6,,1,0,,0
2025-10-01 17:49:15,236.97,3.9508,242.67,7.7411,23.223300000000002,242.65,241.87,243.51,421.26,419.84,419.85,420.35,8.0564,8.4662,6.7007,1.4321,1.4413,1.0773,3.9916,1.323,1.4473,1.2213,5.6343,1.9549,2.0477,1.6317,0.7034,0.7345,0.7056,0.6615,50,323.65,202.73,1,1,2025-10-01 17:49:15,20.4,73.5,,1,0,,0
2025-10-01 17:50:00,237.02,3.9358,242.65,7.7224,23.167299999999997,242.68,241.84,243.44,421.14,419.88,419.81,420.37,8.0544,8.4369,6.676,1.43,1.4327,1.0731,3.9863,1.3248,1.4453,1.2163,5.6202,1.9546,2.0404,1.6252,0.7025,0.7335,0.704,0.6615,50,323.72,202.78,1,1,2025-10-01 17:50:00,19.9,70.7,,1,0,,0
2025-10-01 17:50:45,237.07,3.9124,241.66,7.6677,23.003200000000003,241.5,241.15,242.33,419.93,418.23,417.5,418.5,7.9681,8.4487,6.5864,1.4238,1.4382,1.0505,3.9204,1.287,1.4359,1.1975,5.5578,1.9243,2.0374,1.5961,0.7063,0.7418,0.7076,0.6594,50,323.79,202.83,1,1,2025-10-01 17:50:45,19.8,69,,1,0,,0
2025-10-01 17:51:30,237.1,0.321,242.55,0.4543,1.3629,242.46,241.8,243.39,421.54,418.95,419.79,420.14,0.0,1.3629,0.0,0.0,0.321,0.0,0.0687,0,0.0687,0,0.3295,0,0.3295,0,0.9778,1,0.9778,1,50,323.83,202.86,0,1,2025-10-01 17:51:30,19.7,67.2,,0,0,,1
2025-10-01 17:52:15,237.1,0.3198,242.35,0.453,1.359,242.26,241.74,243.06,421.28,418.79,419.18,419.79,0.0,1.359,0.0,0.0,0.3198,0.0,0.0696,0,0.0696,0,0.3285,0,0.3285,0,0.9771,1,0.9771,1,50,323.84,202.86,0,1,2025-10-01 17:52:15,19.2,69,,0,0,,1
2025-10-01 17:53:00,237.11,0.3184,242.11,0.4517,1.3551,242.04,241.4,242.91,420.47,418.55,419.02,419.41,0.0,1.3551,0.0,0.0,0.3184,0.0,0.0696,0,0.0696,0,0.3271,0,0.3271,0,0.9768,1,0.9768,1,50,323.84,202.86,0,1,2025-10-01 17:53:00,19.2,71.9,,0,0,,1
2025-10-01 17:53:45,237.11,0.3183,242.11,0.4516,1.3548,242.01,241.5,242.83,421.51,418.69,417.79,419.3,0.0,1.3548,0.0,0.0,0.3183,0.0,0.07,0,0.07,0,0.3272,0,0.3272,0,0.9766,1,0.9766,1,50,323.85,202.86,0,1,2025-10-01 17:53:45,19.2,74.8,,0,0,,1
2025-10-01 17:54:30,237.11,0.318,242.15,0.4513,1.3539,241.91,241.47,243.08,421.13,419.1,417.98,419.51,0.0,1.3539,0.0,0.0,0.318,0.0,0.0703,0,0.0703,0,0.3269,0,0.3269,0,0.9764,1,0.9764,1,50,323.85,202.86,0,1,2025-10-01 17:54:30,19.2,77.1,,0,0,,1
2025-10-01 17:55:15,237.12,0.3179,242.16,0.4512,1.3537,242.01,241.41,243.07,420.69,418.37,419.22,419.4,0.0,1.3537,0.0,0.0,0.3179,0.0,0.0699,0,0.0699,0,0.3268,0,0.3268,0,0.9766,1,0.9766,1,50,323.85,202.86,0,1,2025-10-01 17:55:15,19.6,79.2,,0,0,,1
2025-10-01 17:56:00,237.12,0.319,242.92,0.4519,1.3557,243.1,242.05,243.63,422.28,420.04,419.91,420.78,0.0,1.3557,0.0,0.0,0.319,0.0,0.0709,0,0.0709,0,0.3281,0,0.3281,0,0.9761,1,0.9761,1,50,323.86,202.86,0,1,2025-10-01 17:56:00,19.7,80.8,,0,0,,1
2025-10-01 17:56:45,237.13,0.319,242.98,0.4517,1.3553,243.14,242.04,243.76,422.19,419.6,420.73,420.81,0.0,1.3553,0.0,0.0,0.319,0.0,0.0708,0,0.0708,0,0.328,0,0.328,0,0.9762,1,0.9762,1,50,323.86,202.87,0,1,2025-10-01 17:56:45,19.7,82.2,,0,0,,1
2025-10-01 17:57:30,237.13,0.3188,243.03,0.4514,1.3542,243.12,242.14,243.83,422.56,420.23,419.98,420.99,0.0,1.3542,0.0,0.0,0.3188,0.0,0.0711,0,0.0711,0,0.3279,0,0.3279,0,0.976,1,0.976,1,50,323.87,202.87,0,1,2025-10-01 17:57:30,19.8,83.3,,0,0,,1
2025-10-01 17:58:15,237.13,0.3191,243.16,0.4516,1.3548,243.32,242.22,243.95,422.39,420.31,420.78,421.06,0.0,1.3548,0.0,0.0,0.3191,0.0,0.0707,0,0.0707,0,0.3282,0,0.3282,0,0.9763,1,0.9763,1,50.1,323.87,202.87,0,1,2025-10-01 17:58:15,19.8,84.2,,0,0,,1
2025-10-01 17:59:00,237.14,0.3192,243.27,0.4516,1.3548,243.42,242.26,244.15,422.3,420.4,421.37,421.35,0.0,1.3548,0.0,0.0,0.3192,0.0,0.0707,0,0.0707,0,0.3282,0,0.3282,0,0.9763,1,0.9763,1,50.1,323.87,202.87,0,1,2025-10-01 17:59:00,19.9,85.1,,0,0,,1
2025-10-01 17:59:45,237.14,0.3188,242.99,0.4512,1.3538,243.14,242.05,243.79,421.96,420.12,420.51,420.81,0.0,1.3538,0.0,0.0,0.3188,0.0,0.07,0,0.07,0,0.3277,0,0.3277,0,0.9767,1,0.9767,1,50.1,323.88,202.87,0,1,2025-10-01 17:59:45,19.9,85.9,,0,0,,1
2025-10-01 18:00:30,237.15,0.3197,243.31,0.4518,1.3554,243.46,242.43,244.06,423.2,420.44,420.62,421.37,0.0,1.3554,0.0,0.0,0.3197,0.0,0.0702,0,0.0702,0,0.3286,0,0.3286,0,0.9767,1,0.9767,1,50.2,323.88,202.87,0,1,2025-10-01 18:00:30,20.0,86.7,,0,0,,1
2025-10-01 18:01:15,237.15,0.3202,243.53,0.452,1.356,243.39,242.73,244.47,422.98,421.27,421.13,421.89,0.0,1.356,0.0,0.0,0.3202,0.0,0.0706,0,0.0706,0,0.3291,0,0.3291,0,0.9765,1,0.9765,1,50.2,323.89,202.87,0,1,2025-10-01 18:01:15,20.0,87.3,,0,0,,1
2025-10-01 18:02:00,237.15,0.3196,243.4,0.4515,1.3545,243.34,242.68,244.19,423.7,420,421,421.52,0.0,1.3545,0.0,0.0,0.3196,0.0,0.0709,0,0.0709,0,0.3287,0,0.3287,0,0.9762,1,0.9762,1,50.2,323.89,202.87,0,1,2025-10-01 18:02:00,20.4,87.8,,0,0,,1
2025-10-01 18:02:45,237.16,0.3209,244.11,0.4524,1.3572,244.22,243.11,245.01,423.91,421.48,423.02,422.66,0.0,1.3572,0.0,0.0,0.3209,0.0,0.0709,0,0.0709,0,0.3299,0,0.3299,0,0.9764,1,0.9764,1,50.2,323.89,202.87,0,1,2025-10-01 18:02:45,20.5,88.2,,0,0,,1
2025-10-01 18:03:30,237.16,0.3198,243.69,0.4514,1.3544,243.53,242.8,244.75,422.5,421.93,421.8,422.03,0.0,1.3544,0.0,0.0,0.3198,0.0,0.0708,0,0.0708,0,0.3288,0,0.3288,0,0.9763,1,0.9763,1,50.2,323.9,202.87,0,1,2025-10-01 18:03:30,20.5,88.6,,0,0,,1
2025-10-01 18:04:15,237.17,0.3197,243.71,0.4513,1.3539,243.89,242.73,244.52,423.09,421.67,421.58,422.18,0.0,1.3539,0.0,0.0,0.3197,0.0,0.0708,0,0.0708,0,0.3286,0,0.3286,0,0.9763,1,0.9761,1,50.1,323.9,202.87,0,1,2025-10-01 18:04:15,20.5,89,,0,0,,1
2025-10-01 18:05:00,237.17,0.3187,243.5,0.4509,1.3528,243.71,242.53,244.27,424.1,420.68,420.43,421.75,0.0,1.3528,0.0,0.0,0.3187,0.0,0.071,0,0.071,0,0.3281,0,0.3281,0,0.976,1,0.9762,1,50.1,323.91,202.87,0,1,2025-10-01 18:05:00,20.6,89.3,,0,0,,1
2025-10-01 18:05:45,237.17,0.3191,243.39,0.4511,1.3533,243.53,242.43,244.21,423.85,420.54,420.23,421.5,0.0,1.3533,0.0,0.0,0.3191,0.0,0.0706,0,0.0706,0,0.3281,0,0.3281,0,0.9763,1,0.9763,1,50.1,323.91,202.88,0,1,2025-10-01 18:05:45,20.6,89.5,,0,0,,1
2025-10-01 18:06:30,237.18,0.3178,243.06,0.4501,1.3503,243.25,242.02,243.92,422.66,420.12,420.17,420.98,0.0,1.3503,0.0,0.0,0.3178,0.0,0.0703,0,0.0703,0,0.3268,0,0.3268,0,0.9764,1,0.9764,1,50.1,323.92,202.88,0,1,2025-10-01 18:06:30,20.6,89.9,,0,0,,1
2025-10-01 18:07:15,237.18,0.3166,242.35,0.4492,1.3476,242.37,241.5,243.19,421.14,418.82,419.3,419.75,0.0,1.3476,0.0,0.0,0.3166,0.0,0.0698,0,0.0698,0,0.3254,0,0.3254,0,0.9765,1,0.9765,1,50.1,323.92,202.88,0,1,2025-10-01 18:07:15,20.7,90.1,,0,0,,1
2025-10-01 18:08:00,237.19,0.3165,242.05,0.4491,1.3475,241.7,241.41,243.05,420.51,418.74,418.45,419.84,0.0,1.3475,0.0,0.0,0.3165,0.0,0.0693,0,0.0693,0,0.3253,0,0.3253,0,0.9768,1,0.9768,1,50.1,323.92,202.88,0,1,2025-10-01 18:08:00,20.7,90.3,,0,0,,1
2025-10-01 18:08:45,237.19,0.316,241.9,0.4486,1.3459,241.54,241.37,242.8,420.16,418.49,418.28,418.93,0.0,1.3459,0.0,0.0,0.316,0.0,0.0695,0,0.0695,0,0.3249,0,0.3249,0,0.9766,1,0.9766,1,50.1,323.93,202.88,0,1,2025-10-01 18:08:45,20.7,90.5,,0,0,,1
2025-10-01 18:09:30,237.19,0.3159,241.76,0.4485,1.3456,241.5,241.38,242.42,420.34,417.99,417.88,418.67,0.0,1.3456,0.0,0.0,0.3159,0.0,0.0696,0,0.0696,0,0.3248,0,0.3248,0,0.9765,1,0.9765,1,50.1,323.93,202.88,0,1,2025-10-01 18:09:30,20.7,90.6,,0,0,,1
2025-10-01 18:10:15,237.2,0.3164,241.8,0.449,1.3472,241.34,241.47,242.6,420.96,417.49,417.93,418.85,0.0,1.3472,0.0,0.0,0.3164,0.0,0.0698,0,0.0698,0,0.3253,0,0.3253,0,0.9765,1,0.9765,1,50.1,323.94,202.88,0,1,2025-10-01 18:10:15,20.8,90.8,,0,0,,1
2025-10-01 18:11:00,237.2,0.3154,241.15,0.4483,1.345,240.42,240.94,242.1,419.25,416.85,416.92,417.67,0.0,1.345,0.0,0.0,0.3154,0.0,0.0689,0,0.0689,0,0.3241,0,0.3241,0,0.9769,1,0.9769,1,50.1,323.94,202.88,0,1,2025-10-01 18:11:00,21.2,91,,0,0,,1
2025-10-01 18:11:45,237.21,0.3157,241.18,0.4484,1.3454,240.46,241.1,241.98,419.01,417.94,416.21,417.67,0.0,1.3454,0.0,0.0,0.3157,0.0,0.0691,0,0.0691,0,0.3244,0,0.3244,0,0.9768,1,0.9768,1,50.1,323.94,202.88,0,1,2025-10-01 18:11:45,21.2,91.1,,0,0,,1
2025-10-01 18:12:30,237.22,3.7846,240.19,7.5026,22.5079,239.64,239.72,241.22,417.45,415.76,414.82,416.06,7.8644,8.1876,6.4559,1.3806,1.3754,1.0286,3.8335,1.2752,1.3929,1.1654,5.4046,1.8846,1.9627,1.5573,0.7025,0.7345,0.7026,0.6617,50.1,323.96,202.89,1,1,2025-10-01 18:12:30,21.2,91.2,,1,0,,0
2025-10-01 18:13:15,237.27,3.9714,240.96,7.7049,23.1149,240.82,240.42,241.65,418.56,417.13,416.36,417.25,8.024,8.4644,6.6265,1.4437,1.4521,1.0755,3.8772,1.2765,1.4184,1.1822,5.5686,1.9323,2.035,1.6013,0.7155,0.7491,0.7154,0.6734,50.1,324.03,202.94,1,1,2025-10-01 18:13:15,21.2,89.1,,1,0,,0
2025-10-01 18:14:00,237.32,3.9617,241.14,7.6866,23.0599,241.07,240.27,242.1,419.17,416.24,417.57,417.43,8.0464,8.368,6.6455,1.437,1.4349,1.0898,3.8811,1.2959,1.4035,1.1818,5.5592,1.9397,2.0106,1.6089,0.7143,0.7427,0.7145,0.6783,50.1,324.1,202.99,1,1,2025-10-01 18:14:00,20.8,84.5,,1,0,,0
2025-10-01 18:14:45,237.36,3.9398,240.69,7.6549,22.9647,240.55,239.87,241.67,417.84,416.7,416.11,416.92,7.9835,8.357,6.6242,1.4248,1.4345,1.0805,3.8506,1.2799,1.3933,1.1774,5.5259,1.9204,2.0046,1.6009,0.7151,0.7438,0.7173,0.6762,50.1,324.17,203.03,1,1,2025-10-01 18:14:45,20.6,79.8,,1,0,,0
2025-10-01 18:15:30,237.42,3.9274,240.76,7.6374,22.9124,240.49,240.14,241.65,419.03,416.62,415.31,416.98,7.945,8.3556,6.6118,1.4215,1.4346,1.0713,3.8474,1.2744,1.3961,1.177,5.5149,1.9107,2.0065,1.5977,0.7143,0.7443,0.7179,0.6724,50.1,324.24,203.09,1,1,2025-10-01 18:15:30,20.5,76.1,,1,0,,0
2025-10-01 18:16:15,237.46,3.9036,240.74,7.6152,22.8456,240.61,240.1,241.51,418.83,416.28,415.75,416.93,7.9822,8.3358,6.5276,1.426,1.4194,1.0582,3.8489,1.2796,1.4044,1.1649,5.4985,1.9206,2.0014,1.5765,0.712,0.7442,0.7108,0.6723,50.1,324.31,203.13,1,1,2025-10-01 18:16:15,20.0,73.1,,1,0,,0
2025-10-01 18:17:00,237.51,3.9008,240.59,7.6065,22.819599999999998,240.46,240.22,241.09,418.66,416.44,414.99,416.77,7.8962,8.4124,6.511,1.4208,1.4392,1.0408,3.8349,1.2521,1.4117,1.1711,5.4893,1.8987,2.0208,1.5697,0.7131,0.7502,0.7138,0.6642,50.1,324.37,203.18,1,1,2025-10-01 18:17:00,19.9,70.7,,1,0,,0
2025-10-01 18:17:45,237.56,3.8715,240.6,7.5737,22.7211,240.33,240.04,241.44,418.21,416.29,415.66,416.64,7.8778,8.3057,6.5376,1.4017,1.4201,1.0497,3.8338,1.2658,1.3928,1.1752,5.4654,1.8933,1.9937,1.5784,0.7105,0.7421,0.7139,0.6661,50.1,324.44,203.23,1,1,2025-10-01 18:17:45,19.7,68.2,,1,0,,0
2025-10-01 18:18:30,237.58,0.3188,241.28,0.4528,1.3584,241.2,240.66,241.98,419.04,417.74,416.91,417.88,0.0,1.3584,0.0,0.0,0.3188,0.0,0.0668,0,0.0668,0,0.3269,0,0.3269,0,0.9787,1,0.9787,1,50.1,324.46,203.24,0,1,2025-10-01 18:18:30,19.2,67.6,,0,0,,1
2025-10-01 18:19:15,237.58,0.3173,241.08,0.4513,1.3539,240.99,240.4,241.87,418.89,417.18,416.6,417.56,0.0,1.3539,0.0,0.0,0.3173,0.0,0.067,0,0.067,0,0.3255,0,0.3255,0,0.9784,1,0.9784,1,50.1,324.47,203.24,0,1,2025-10-01 18:19:15,19.1,70.1,,0,0,,1
2025-10-01 18:20:00,237.58,0.3175,241.02,0.4515,1.3547,241.06,240.45,241.57,419.15,416.91,416.31,417.45,0.0,1.3547,0.0,0.0,0.3175,0.0,0.0671,0,0.0671,0,0.3257,0,0.3257,0,0.9783,1,0.9783,1,50.1,324.47,203.24,0,1,2025-10-01 18:20:00,19.1,73,,0,0,,1
2025-10-01 18:20:45,237.59,0.3167,240.92,0.4507,1.3521,241.1,240.29,241.38,420.04,416.87,414.87,417.33,0.0,1.3521,0.0,0.0,0.3167,0.0,0.067,0,0.067,0,0.3249,0,0.3249,0,0.9783,1,0.9783,1,50.1,324.47,203.24,0,1,2025-10-01 18:20:45,19.1,75.7,,0,0,,1
2025-10-01 18:21:30,237.59,0.3172,241.41,0.4512,1.3537,241.69,240.53,242.03,420.27,417.22,416.89,418.19,0.0,1.3537,0.0,0.0,0.3172,0.0,0.0678,0,0.0678,0,0.3256,0,0.3256,0,0.9779,1,0.9779,1,50.1,324.48,203.24,0,1,2025-10-01 18:21:30,19.2,77.7,,0,0,,1
2025-10-01 18:22:15,237.6,0.3163,241.35,0.4502,1.3507,241.56,240.34,242.15,419.31,417.13,417.61,418.07,0.0,1.3507,0.0,0.0,0.3163,0.0,0.0677,0,0.0677,0,0.3246,0,0.3246,0,0.9778,1,0.9778,1,50.1,324.48,203.25,0,1,2025-10-01 18:22:15,19.2,79.5,,0,0,,1
2025-10-01 18:23:00,237.6,0.3159,241.25,0.45,1.35,241.36,240.25,242.16,418.43,417.76,417.39,417.81,0.0,1.35,0.0,0.0,0.3159,0.0,0.0681,0,0.0681,0,0.3243,0,0.3243,0,0.9775,1,0.9775,1,50.1,324.49,203.25,0,1,2025-10-01 18:23:00,19.6,81,,0,0,,1
2025-10-01 18:23:45,237.6,0.3144,241.04,0.4487,1.3463,241.27,239.75,242.11,418.54,416.86,417.05,417.56,0.0,1.3463,0.0,0.0,0.3144,0.0,0.0678,0,0.0678,0,0.3228,0,0.3228,0,0.9775,1,0.9775,1,50.1,324.49,203.25,0,1,2025-10-01 18:23:45,19.7,82.3,,0,0,,1
2025-10-01 18:24:30,237.61,0.3141,240.96,0.4484,1.3452,241.3,239.73,241.85,418.08,417.34,416.61,417.43,0.0,1.3452,0.0,0.0,0.3141,0.0,0.0678,0,0.0678,0,0.3225,0,0.3225,0,0.9774,1,0.9774,1,50,324.5,203.25,0,1,2025-10-01 18:24:30,19.7,83.4,,0,0,,1
2025-10-01 18:25:15,237.61,0.3133,239.97,0.4478,1.3435,239.64,239.39,240.9,416.37,415.8,414.75,415.65,0.0,1.3435,0.0,0.0,0.3133,0.0,0.0674,0,0.0674,0,0.3216,0,0.3216,0,0.9775,1,0.9775,1,50.1,324.5,203.25,0,1,2025-10-01 18:25:15,19.8,84.4,,0,0,,1
2025-10-01 18:26:00,237.62,0.314,240.11,0.4485,1.3455,239.92,239.49,240.94,416.9,416.28,414.45,415.78,0.0,1.3455,0.0,0.0,0.314,0.0,0.0672,0,0.0672,0,0.3222,0,0.3222,0,0.9778,1,0.9778,1,50.1,324.5,203.25,0,1,2025-10-01 18:26:00,19.8,85.4,,0,0,,1
2025-10-01 18:26:45,237.62,0.3129,240.04,0.4472,1.3418,239.8,239.44,240.89,417.4,415.96,413.88,415.74,0.0,1.3418,0.0,0.0,0.3129,0.0,0.0676,0,0.0676,0,0.3213,0,0.3213,0,0.9774,1,0.9774,1,50.1,324.51,203.25,0,1,2025-10-01 18:26:45,19.9,86.1,,0,0,,1
2025-10-01 18:27:30,237.62,0.3132,240.16,0.4474,1.3424,239.94,239.62,240.94,416.92,415.79,415.2,415.96,0.0,1.3424,0.0,0.0,0.3132,0.0,0.0677,0,0.0677,0,0.3217,0,0.3217,0,0.9774,1,0.9774,1,50.1,324.51,203.25,0,1,2025-10-01 18:27:30,19.9,86.7,,0,0,,1
2025-10-01 18:28:15,237.63,0.3125,239.32,0.4471,1.3414,238.89,239.07,240.01,416.32,414.36,412.82,414.45,0.0,1.3414,0.0,0.0,0.3125,0.0,0.0666,0,0.0666,0,0.3207,0,0.3207,0,0.978,1,0.978,1,50.1,324.52,203.25,0,1,2025-10-01 18:28:15,20.0,87.3,,0,0,,1
2025-10-01 18:29:00,237.63,0.3137,240.14,0.4477,1.3433,239.66,239.74,241.04,417.01,415.8,414.98,415.91,0.0,1.3433,0.0,0.0,0.3137,0.0,0.0672,0,0.0672,0,0.322,0,0.322,0,0.9778,1,0.9778,1,50.1,324.52,203.25,0,1,2025-10-01 18:29:00,20.0,87.8,,0,0,,1
2025-10-01 18:29:45,237.63,0.3133,239.97,0.4476,1.3428,239.53,239.38,241,416.32,415.43,415.14,415.64,0.0,1.3428,0.0,0.0,0.3133,0.0,0.0667,0,0.0667,0,0.3214,0,0.3214,0,0.978,1,0.978,1,50.1,324.52,203.25,0,1,2025-10-01 18:29:45,20.4,88.3,,0,0,,1
2025-10-01 18:30:30,237.64,0.313,239.92,0.4472,1.3417,239.44,239.3,241.03,415.64,415.84,415.18,415.51,0.0,1.3417,0.0,0.0,0.313,0.0,0.0661,0,0.0661,0,0.3211,0,0.3211,0,0.9784,1,0.9784,1,50.2,324.53,203.25,0,1,2025-10-01 18:30:30,20.5,88.7,,0,0,,1
2025-10-01 18:31:15,237.64,0.3133,240.09,0.4474,1.3424,239.67,239.47,241.15,416.46,415.7,415.39,415.83,0.0,1.3424,0.0,0.0,0.3133,0.0,0.0666,0,0.0666,0,0.3215,0,0.3215,0,0.9781,1,0.9781,1,50.2,324.53,203.26,0,1,2025-10-01 18:31:15,20.5,89.1,,0,0,,1
2025-10-01 18:32:00,237.65,0.3134,240.19,0.4473,1.3421,239.86,239.62,241.1,417.26,415.3,415.48,415.9,0.0,1.3421,0.0,0.0,0.3134,0.0,0.0665,0,0.0665,0,0.3216,0,0.3216,0,0.9782,1,0.9782,1,50.2,324.54,203.26,0,1,2025-10-01 18:32:00,20.5,89.4,,0,0,,1
2025-10-01 18:32:45,237.65,0.3133,240.12,0.4473,1.342,239.66,239.53,241.19,416.71,415.39,415.59,415.85,0.0,1.342,0.0,0.0,0.3133,0.0,0.0666,0,0.0666,0,0.3214,0,0.3214,0,0.9781,1,0.9781,1,50.2,324.54,203.26,0,1,2025-10-01 18:32:45,20.6,89.7,,0,0,,1
2025-10-01 18:33:30,237.65,0.3146,240.89,0.4485,1.3456,240.76,240.01,241.92,418.18,417.22,416.3,417.16,0.0,1.3456,0.0,0.0,0.3146,0.0,0.0672,0,0.0672,0,0.323,0,0.323,0,0.9779,1,0.9779,1,50.2,324.54,203.26,0,1,2025-10-01 18:33:30,20.6,90,,0,0,,1
2025-10-01 18:34:15,237.66,0.314,240.69,0.4477,1.3433,240.54,239.87,241.68,418.28,416.68,415.69,416.82,0.0,1.3433,0.0,0.0,0.314,0.0,0.0669,0,0.0669,0,0.3222,0,0.3222,0,0.978,1,0.978,1,50.1,324.55,203.26,0,1,2025-10-01 18:34:15,20.6,90.2,,0,0,,1
2025-10-01 18:35:00,237.66,0.3134,240.53,0.4475,1.3425,240.47,239.6,241.54,417.33,416.06,416.45,416.69,0.0,1.3425,0.0,0.0,0.3134,0.0,0.0671,0,0.0671,0,0.3217,0,0.3217,0,0.9778,1,0.9778,1,50.1,324.55,203.26,0,1,2025-10-01 18:35:00,20.7,90.4,,0,0,,1
2025-10-01 18:35:45,237.67,0.3123,240.15,0.4466,1.3399,240.17,239.28,241.01,417.03,415.44,415.37,415.93,0.0,1.3399,0.0,0.0,0.3123,0.0,0.067,0,0.067,0,0.3206,0,0.3206,0,0.9777,1,0.9777,1,50.1,324.56,203.26,0,1,2025-10-01 18:35:45,20.7,90.6,,0,0,,1
2025-10-01 18:36:30,237.67,0.312,240.11,0.4463,1.339,240.04,239.16,241.13,416.57,415.32,415.72,416.01,0.0,1.339,0.0,0.0,0.312,0.0,0.0667,0,0.0667,0,0.3202,0,0.3202,0,0.9778,1,0.9778,1,50.1,324.56,203.26,0,1,2025-10-01 18:36:30,20.7,90.8,,0,0,,1
2025-10-01 18:37:15,237.67,0.3121,240.15,0.4461,1.3385,239.68,239.4,241.37,416.47,415.71,415.65,416,0.0,1.3385,0.0,0.0,0.3121,0.0,0.0673,0,0.0673,0,0.3204,0,0.3204,0,0.9775,1,0.9775,1,50.1,324.56,203.26,0,1,2025-10-01 18:37:15,20.8,90.9,,0,0,,1
2025-10-01 18:38:00,237.68,3.8309,239.69,7.6349,22.9047,238.71,239.47,240.89,415.69,415.35,414.39,415.24,8.4179,8.1099,6.3769,1.4851,1.3578,0.988,3.901,1.347,1.3814,1.1725,5.4876,2.0094,1.9421,1.5361,0.7006,0.7407,0.7009,0.6443,50.1,324.57,203.27,1,1,2025-10-01 18:38:00,20.8,91,,1,0,,0
2025-10-01 18:38:45,237.73,3.9206,239.67,7.608,22.823999999999998,239.33,238.97,240.71,415.91,414.97,414.44,415.09,7.9266,8.2899,6.6075,1.4123,1.4276,1.0807,3.7895,1.2597,1.3666,1.1632,5.4686,1.8971,1.981,1.5905,0.719,0.7462,0.7223,0.6806,50.1,324.64,203.31,1,1,2025-10-01 18:38:45,20.8,89.4,,1,0,,0
2025-10-01 18:39:30,237.77,3.9105,239.42,7.5884,22.7654,239.04,238.79,240.45,415.47,414.71,413.88,414.81,7.8604,8.3176,6.5874,1.4042,1.4365,1.0698,3.77,1.2414,1.3643,1.1643,5.4491,1.879,1.9862,1.5839,0.7199,0.7492,0.725,0.6765,50.1,324.7,203.36,1,1,2025-10-01 18:39:30,20.7,84.5,,1,0,,0
2025-10-01 18:40:15,237.82,3.8764,239.4,7.5529,22.6588,238.93,238.77,240.52,414.95,414.97,414.05,414.61,7.8455,8.2507,6.5626,1.3925,1.4198,1.0641,3.7694,1.2483,1.3589,1.1622,5.423,1.8745,1.97,1.5784,0.7169,0.7446,0.7224,0.6752,50.1,324.77,203.41,1,1,2025-10-01 18:40:15,20.6,79.8,,1,0,,0
2025-10-01 18:41:00,237.87,3.8557,239.38,7.5271,22.5813,238.75,238.86,240.53,415.13,414.84,413.85,414.71,7.796,8.2328,6.5525,1.3807,1.4185,1.0565,3.7619,1.2414,1.3548,1.1657,5.4039,1.8613,1.9665,1.5761,0.7157,0.7436,0.7231,0.6715,50.1,324.84,203.45,1,1,2025-10-01 18:41:00,20.5,76.7,,1,0,,0
2025-10-01 18:41:45,237.92,3.8449,239.43,7.5184,22.555300000000003,238.78,238.94,240.58,415.14,414.83,414.13,414.76,7.7673,8.2279,6.5601,1.373,1.4184,1.0535,3.7673,1.2405,1.3549,1.1719,5.3989,1.8547,1.966,1.5782,0.7142,0.742,0.723,0.6685,50.1,324.91,203.5,1,1,2025-10-01 18:41:45,20.0,73.6,,1,0,,0
2025-10-01 18:42:30,237.97,3.8392,239.41,7.5097,22.5293,238.83,238.84,240.56,415.33,414.64,414,414.75,7.7884,8.2038,6.5371,1.3758,1.4103,1.053,3.7634,1.2453,1.3535,1.1645,5.3921,1.8601,1.9594,1.5726,0.7141,0.7413,0.7214,0.6707,50.1,324.98,203.55,1,1,2025-10-01 18:42:30,19.8,70.8,,1,0,,0
2025-10-01 18:43:15,238.02,3.8261,239.5,7.498,22.494,238.93,238.97,240.6,416.35,414.58,413.49,414.76,7.779,8.2097,6.5053,1.3752,1.4073,1.0436,3.7679,1.2441,1.3605,1.1633,5.3857,1.8586,1.9619,1.5652,0.7125,0.7415,0.7189,0.6677,50.1,325.04,203.59,1,1,2025-10-01 18:43:15,19.7,68.4,,1,0,,0
2025-10-01 18:44:00,238.03,0.3179,240.62,0.4526,1.358,240.23,239.98,241.67,417.57,416.74,415.99,416.7,0.0,1.358,0.0,0.0,0.3179,0.0,0.0663,0,0.0663,0,0.3259,0,0.3259,0,0.9789,1,0.9789,1,50.1,325.06,203.6,0,1,2025-10-01 18:44:00,19.2,68.1,,0,0,,1
2025-10-01 18:44:45,238.03,0.3173,240.59,0.4519,1.3558,240.15,240.04,241.58,417.38,416.74,415.99,416.77,0.0,1.3558,0.0,0.0,0.3173,0.0,0.0668,0,0.0668,0,0.3254,0,0.3254,0,0.9785,1,0.9785,1,50.1,325.06,203.6,0,1,2025-10-01 18:44:45,19.1,70.6,,0,0,,1
2025-10-01 18:45:30,238.04,0.3166,240.51,0.4512,1.3536,240.08,239.99,241.47,417.01,416.87,415.84,416.54,0.0,1.3536,0.0,0.0,0.3166,0.0,0.0672,0,0.0672,0,0.3249,0,0.3249,0,0.9782,1,0.9782,1,50.1,325.07,203.6,0,1,2025-10-01 18:45:30,19.1,73.6,,0,0,,1
2025-10-01 18:46:15,238.04,0.3162,240.4,0.4508,1.3526,240.01,239.9,241.31,416.81,416.78,415.58,416.43,0.0,1.3526,0.0,0.0,0.3162,0.0,0.0674,0,0.0674,0,0.3245,0,0.3245,0,0.978,1,0.978,1,50.1,325.07,203.6,0,1,2025-10-01 18:46:15,19.1,75.8,,0,0,,1
2025-10-01 18:47:00,238.04,0.3163,240.72,0.4505,1.3517,240.36,240.2,241.6,417.93,416.57,416.28,416.85,0.0,1.3517,0.0,0.0,0.3163,0.0,0.0679,0,0.0679,0,0.3247,0,0.3247,0,0.9777,1,0.9777,1,50.1,325.07,203.61,0,1,2025-10-01 18:47:00,19.1,77.9,,0,0,,1
2025-10-01 18:47:45,238.05,0.3169,240.98,0.451,1.353,240.68,240.44,241.83,418.51,417.33,416.3,417.26,0.0,1.353,0.0,0.0,0.3169,0.0,0.0682,0,0.0682,0,0.3253,0,0.3253,0,0.9776,1,0.9776,1,50.1,325.08,203.61,0,1,2025-10-01 18:47:45,19.2,79.6,,0,0,,1
2025-10-01 18:48:30,238.05,0.3149,240.31,0.4492,1.3478,239.71,239.83,241.4,416.78,416.46,415.43,416.2,0.0,1.3478,0.0,0.0,0.3149,0.0,0.0677,0,0.0677,0,0.3232,0,0.3232,0,0.9776,1,0.9776,1,50.1,325.08,203.61,0,1,2025-10-01 18:48:30,19.6,81,,0,0,,1
2025-10-01 18:49:15,238.06,0.3149,240.24,0.4493,1.3481,239.59,239.76,241.39,417.47,416.09,414.74,415.9,0.0,1.3481,0.0,0.0,0.3149,0.0,0.0676,0,0.0676,0,0.3232,0,0.3232,0,0.9777,1,0.9777,1,50.1,325.09,203.61,0,1,2025-10-01 18:49:15,19.7,82.2,,0,0,,1
2025-10-01 18:50:00,238.06,0.3151,240.42,0.4493,1.348,239.74,240.02,241.51,417.15,416.18,415.91,416.38,0.0,1.348,0.0,0.0,0.3151,0.0,0.0682,0,0.0682,0,0.3235,0,0.3235,0,0.9773,1,0.9773,1,50.1,325.09,203.61,0,1,2025-10-01 18:50:00,19.7,83.3,,0,0,,1
2025-10-01 18:50:45,238.06,0.3143,240.06,0.4488,1.3464,239.51,239.77,240.9,416.59,416.19,414.58,415.86,0.0,1.3464,0.0,0.0,0.3143,0.0,0.0681,0,0.0681,0,0.3228,0,0.3228,0,0.9773,1,0.9773,1,50,325.09,203.61,0,1,2025-10-01 18:50:45,19.8,84.3,,0,0,,1
2025-10-01 18:51:30,238.07,0.3145,240,0.4488,1.3465,239.53,239.88,240.61,417.35,415.67,414.04,415.7,0.0,1.3465,0.0,0.0,0.3145,0.0,0.0682,0,0.0682,0,0.323,0,0.323,0,0.9772,1,0.9772,1,50.1,325.1,203.61,0,1,2025-10-01 18:51:30,19.8,85.1,,0,0,,1
2025-10-01 18:52:15,238.07,0.3144,240.23,0.4486,1.3458,239.64,239.96,241.11,417.13,415.78,415.36,416.18,0.0,1.3458,0.0,0.0,0.3144,0.0,0.068,0,0.068,0,0.3229,0,0.3229,0,0.9773,1,0.9773,1,50.1,325.1,203.61,0,1,2025-10-01 18:52:15,19.8,85.8,,0,0,,1
2025-10-01 18:53:00,238.08,0.3154,241.08,0.4494,1.3482,240.99,240.38,241.88,418.49,417.69,416.49,417.56,0.0,1.3482,0.0,0.0,0.3154,0.0,0.0688,0,0.0688,0,0.3241,0,0.3241,0,0.977,1,0.977,1,50.1,325.11,203.61,0,1,2025-10-01 18:53:00,19.9,86.5,,0,0,,1
2025-10-01 18:53:45,238.08,0.3156,241.1,0.4496,1.349,241.04,240.32,241.96,418.51,417.61,416.66,417.57,0.0,1.349,0.0,0.0,0.3156,0.0,0.0685,0,0.0685,0,0.3242,0,0.3242,0,0.9772,1,0.9772,1,50.1,325.11,203.61,0,1,2025-10-01 18:53:45,19.9,87,,0,0,,1
2025-10-01 18:54:30,238.08,0.3153,241.2,0.4491,1.3475,241.19,240.37,242.06,418.48,417.71,417.12,417.74,0.0,1.3475,0.0,0.0,0.3153,0.0,0.0685,0,0.0685,0,0.3239,0,0.3239,0,0.9772,1,0.9772,1,50.1,325.12,203.61,0,1,2025-10-01 18:54:30,20.0,87.5,,0,0,,1
2025-10-01 18:55:15,238.09,0.3151,241.14,0.4487,1.3462,241.23,240.45,241.76,419.12,417.49,416.38,417.61,0.0,1.3462,0.0,0.0,0.3151,0.0,0.0685,0,0.0685,0,0.3237,0,0.3237,0,0.9771,1,0.9771,1,50.1,325.12,203.62,0,1,2025-10-01 18:55:15,20.0,88,,0,0,,1
2025-10-01 18:56:00,238.09,0.315,241.2,0.4489,1.3467,241.2,240.28,242.13,417.75,418.95,416.58,417.93,0.0,1.3467,0.0,0.0,0.315,0.0,0.0684,0,0.0684,0,0.3236,0,0.3236,0,0.9772,1,0.9772,1,50.1,325.12,203.62,0,1,2025-10-01 18:56:00,20.4,88.4,,0,0,,1
2025-10-01 18:56:45,238.09,0.3165,241.74,0.4498,1.3495,241.68,240.97,242.58,419.43,418.38,418.3,418.74,0.0,1.3495,0.0,0.0,0.3165,0.0,0.0691,0,0.0691,0,0.3252,0,0.3252,0,0.9769,1,0.9769,1,50.1,325.13,203.62,0,1,2025-10-01 18:56:45,20.5,88.8,,0,0,,1
2025-10-01 18:57:30,238.1,0.3162,241.85,0.4494,1.3483,241.76,241.06,242.73,419.6,418.8,418.25,418.83,0.0,1.3483,0.0,0.0,0.3162,0.0,0.0695,0,0.0695,0,0.325,0,0.325,0,0.9766,1,0.9766,1,50.1,325.13,203.62,0,1,2025-10-01 18:57:30,20.5,89.1,,0,0,,1
2025-10-01 18:58:15,238.1,0.3164,242.05,0.4494,1.3483,241.99,241.23,242.95,420.31,418.81,418.61,419.19,0.0,1.3483,0.0,0.0,0.3164,0.0,0.0697,0,0.0697,0,0.3253,0,0.3253,0,0.9765,1,0.9765,1,50.1,325.14,203.62,0,1,2025-10-01 18:58:15,20.5,89.4,,0,0,,1
2025-10-01 18:59:00,238.11,0.3166,242.02,0.4496,1.349,242.08,241.28,242.72,420.58,418.56,418.43,419.11,0.0,1.349,0.0,0.0,0.3166,0.0,0.0698,0,0.0698,0,0.3255,0,0.3255,0,0.9765,1,0.9765,1,50.1,325.14,203.62,0,1,2025-10-01 18:59:00,20.6,89.7,,0,0,,1
2025-10-01 18:59:45,238.11,0.3162,242.02,0.4491,1.3474,241.91,241.26,242.89,420.03,418.84,418.67,419.15,0.0,1.3474,0.0,0.0,0.3162,0.0,0.0697,0,0.0697,0,0.3251,0,0.3251,0,0.9765,1,0.9765,1,50.1,325.14,203.62,0,1,2025-10-01 18:59:45,20.6,90,,0,0,,1
2025-10-01 19:00:30,238.11,0.3169,242.25,0.4497,1.3492,242.18,241.5,243.08,420.41,419.15,419.19,419.67,0.0,1.3492,0.0,0.0,0.3169,0.0,0.0699,0,0.0699,0,0.3258,0,0.3258,0,0.9764,1,0.9764,1,50.1,325.15,203.62,0,1,2025-10-01 19:00:30,20.6,90.2,,0,0,,1
2025-10-01 19:01:15,238.12,0.318,242.73,0.4504,1.3514,242.61,242.01,243.59,421.02,420.55,419.7,420.25,0.0,1.3514,0.0,0.0,0.318,0.0,0.0707,0,0.0707,0,0.3271,0,0.3271,0,0.9761,1,0.9761,1,50.1,325.15,203.62,0,1,2025-10-01 19:01:15,20.6,90.4,,0,0,,1
2025-10-01 19:02:00,238.12,0.318,242.69,0.4504,1.3512,242.59,242.1,243.39,422.3,419.79,418.93,420.38,0.0,1.3512,0.0,0.0,0.318,0.0,0.0706,0,0.0706,0,0.3271,0,0.3271,0,0.9762,1,0.9762,1,50.1,325.16,203.62,0,1,2025-10-01 19:02:00,20.7,90.6,,0,0,,1
2025-10-01 19:02:45,238.13,0.3184,242.68,0.4508,1.3524,242.6,242.16,243.3,421.8,420.22,418.98,420.38,0.0,1.3524,0.0,0.0,0.3184,0.0,0.0708,0,0.0708,0,0.3275,0,0.3275,0,0.9761,1,0.9761,1,50.1,325.16,203.62,0,1,2025-10-01 19:02:45,20.7,90.7,,0,0,,1
2025-10-01 19:03:30,238.13,0.3183,242.86,0.4505,1.3517,242.74,242.21,243.63,421.78,420.3,419.82,420.51,0.0,1.3517,0.0,0.0,0.3183,0.0,0.0708,0,0.0708,0,0.3274,0,0.3274,0,0.9761,1,0.9761,1,50.1,325.16,203.62,0,1,2025-10-01 19:03:30,20.7,90.9,,0,0,,1
2025-10-01 19:04:15,238.13,0.3184,242.95,0.4505,1.3516,242.73,242.36,243.76,421.81,420.61,419.95,420.75,0.0,1.3516,0.0,0.0,0.3184,0.0,0.0712,0,0.0712,0,0.3276,0,0.3276,0,0.9758,1,0.9758,1,50.1,325.17,203.63,0,1,2025-10-01 19:04:15,20.7,91,,0,0,,1
2025-10-01 19:05:00,238.14,0.3175,242.71,0.4497,1.3492,242.5,242.08,243.57,421.37,420.32,419.46,420.4,0.0,1.3492,0.0,0.0,0.3175,0.0,0.0707,0,0.0707,0,0.3266,0,0.3266,0,0.976,1,0.976,1,50.1,325.17,203.63,0,1,2025-10-01 19:05:00,20.8,91.2,,0,0,,1
2025-10-01 19:05:45,238.14,0.3185,242.72,0.4507,1.3522,242.57,242.27,243.33,421.54,420.22,419.44,420.41,0.0,1.3522,0.0,0.0,0.3185,0.0,0.0707,0,0.0707,0,0.3276,0,0.3276,0,0.9762,1,0.9762,1,50.1,325.18,203.63,0,1,2025-10-01 19:05:45,20.8,91.4,,0,0,,1
2025-10-01 19:06:30,238.15,0.3174,242.64,0.4496,1.349,242.45,242.05,243.43,421.6,420.17,418.99,420.33,0.0,1.349,0.0,0.0,0.3174,0.0,0.0707,0,0.0707,0,0.3265,0,0.3265,0,0.9761,1,0.9761,1,50.1,325.18,203.63,0,1,2025-10-01 19:06:30,21.2,91.5,,0,0,,1
2025-10-01 19:07:15,238.15,0.3161,242.01,0.4488,1.3466,241.81,241.33,242.89,419.94,418.99,418.56,419.12,0.0,1.3466,0.0,0.0,0.3161,0.0,0.0694,0,0.0694,0,0.325,0,0.325,0,0.9767,1,0.9767,1,50.1,325.18,203.63,0,1,2025-10-01 19:07:15,21.2,91.6,,0,0,,1
2025-10-01 19:08:00,238.15,0.3165,242.28,0.4492,1.3477,241.95,241.45,243.45,420.49,419.55,418.86,419.43,0.0,1.3477,0.0,0.0,0.3165,0.0,0.0697,0,0.0697,0,0.3254,0,0.3254,0,0.9766,1,0.9766,1,50.1,325.19,203.63,0,1,2025-10-01 19:08:00,21.2,91.8,,0,0,,1
2025-10-01 19:08:45,238.16,0.3169,242.58,0.4493,1.3479,242.23,241.78,243.75,420.93,419.88,419.66,420.19,0.0,1.3479,0.0,0.0,0.3169,0.0,0.07,0,0.07,0,0.3259,0,0.3259,0,0.9764,1,0.9764,1,50.1,325.19,203.63,0,1,2025-10-01 19:08:45,21.2,91.9,,0,0,,1
2025-10-01 19:09:30,238.16,0.3177,242.71,0.4496,1.349,242.22,242.3,243.63,421.23,420.62,419.31,420.26,0.0,1.349,0.0,0.0,0.3177,0.0,0.0709,0,0.0709,0,0.3269,0,0.3269,0,0.9759,1,0.9759,1,50.1,325.2,203.63,0,1,2025-10-01 19:09:30,21.3,92,,0,0,,1
2025-10-01 19:10:15,238.17,0.3178,242.79,0.4497,1.3491,242.29,242.4,243.68,422.54,420.54,418.43,420.32,0.0,1.3491,0.0,0.0,0.3178,0.0,0.0712,0,0.0712,0,0.327,0,0.327,0,0.9758,1,0.9758,1,50.1,325.2,203.63,0,1,2025-10-01 19:10:15,21.3,92.1,,0,0,,1
2025-10-01 19:11:00,238.21,3.7008,241.95,7.4842,22.4526,240.94,241.9,243.01,420.04,419.29,417.85,419.04,7.746,8.2385,6.4681,1.3403,1.3736,0.9869,3.9467,1.2911,1.4362,1.2193,5.431,1.8663,1.9929,1.5718,0.684,0.7201,0.6911,0.6291,50.1,325.27,203.68,1,1,2025-10-01 19:11:00,21.3,90.5,,1,0,,0
2025-10-01 19:11:45,238.26,3.7131,241.59,7.5041,22.5123,240.76,242.26,241.75,420.19,418.54,416.57,418.33,7.7607,8.4529,6.2987,1.3775,1.4002,0.9355,3.9244,1.2481,1.4841,1.1921,5.439,1.8685,2.0478,1.5227,0.6872,0.741,0.6862,0.6173,50.1,325.34,203.73,1,1,2025-10-01 19:11:45,21.2,85.7,,1,0,,0
2025-10-01 19:12:30,238.3,3.6911,242.62,7.4897,22.4693,242.31,242.45,243.12,421.91,420.1,418.67,420.23,7.8059,8.2918,6.3716,1.3624,1.3632,0.9655,3.9826,1.3045,1.4705,1.2075,5.4509,1.8914,2.0103,1.5491,0.6797,0.7222,0.6798,0.6244,50.1,325.4,203.78,1,1,2025-10-01 19:12:30,20.7,80.6,,1,0,,0
2025-10-01 19:13:15,238.35,3.6868,242.68,7.4938,22.4814,242.31,242.4,243.33,421.48,420.3,419.19,420.33,7.7946,8.2681,6.4187,1.3522,1.3617,0.9729,3.9937,1.3116,1.4637,1.2184,5.4548,1.8887,2.0042,1.5619,0.6783,0.7177,0.6811,0.624,50.1,325.47,203.83,1,1,2025-10-01 19:13:15,20.6,77,,1,0,,0
2025-10-01 19:14:45,238.44,3.6639,242.68,7.4653,22.396,242.6,242.21,243.23,422.23,420.02,418.71,420.25,7.8153,8.2332,6.3475,1.3562,1.3441,0.9636,3.9865,1.3179,1.4661,1.2025,5.4341,1.896,1.9942,1.5439,0.6766,0.7171,0.6757,0.6253,50.1,325.61,203.93,1,1,2025-10-01 19:14:45,19.9,71,,1,0,,0
2025-10-01 19:15:30,238.47,0.3245,243.49,0.4569,1.3709,243.49,242.98,244.01,423.79,421.21,420.18,421.65,0.0,1.3709,0.0,0.0,0.3245,0.0,0.0691,0,0.0691,0,0.3331,0,0.3331,0,0.978,1,0.978,1,50.1,325.65,203.96,0,1,2025-10-01 19:15:30,19.7,69.1,,0,0,,1
2025-10-01 19:16:15,238.47,0.3226,243.25,0.4551,1.3655,243.31,242.71,243.73,422.95,421.06,419.9,421.38,0.0,1.3655,0.0,0.0,0.3226,0.0,0.0696,0,0.0696,0,0.3314,0,0.3314,0,0.9775,1,0.9775,1,50.1,325.65,203.96,0,1,2025-10-01 19:16:15,19.6,70.9,,0,0,,1
2025-10-01 19:17:00,238.48,0.3217,243.33,0.454,1.3621,243.31,242.7,243.99,423.03,421.01,420.31,421.36,0.0,1.3621,0.0,0.0,0.3217,0.0,0.0702,0,0.0702,0,0.3306,0,0.3306,0,0.9769,1,0.9769,1,50.1,325.66,203.96,0,1,2025-10-01 19:17:00,19.2,73.7,,0,0,,1
2025-10-01 19:17:45,238.48,0.3215,243.38,0.4538,1.3614,243.36,242.75,244.03,422.91,421.75,419.93,421.53,0.0,1.3614,0.0,0.0,0.3215,0.0,0.0706,0,0.0706,0,0.3305,0,0.3305,0,0.9767,1,0.9767,1,50.1,325.66,203.96,0,1,2025-10-01 19:17:45,19.2,76.3,,0,0,,1
2025-10-01 19:18:30,238.49,0.3216,243.43,0.4538,1.3616,243.44,242.81,244.06,422.49,421.86,420.54,421.63,0.0,1.3616,0.0,0.0,0.3216,0.0,0.0707,0,0.0707,0,0.3306,0,0.3306,0,0.9767,1,0.9767,1,50.1,325.67,203.96,0,1,2025-10-01 19:18:30,19.6,78.5,,0,0,,1
2025-10-01 19:19:15,238.49,0.3213,243.34,0.4536,1.3608,243.43,242.83,243.78,423.25,420.79,420.39,421.47,0.0,1.3608,0.0,0.0,0.3213,0.0,0.0712,0,0.0712,0,0.3304,0,0.3304,0,0.9763,1,0.9763,1,50.1,325.67,203.96,0,1,2025-10-01 19:19:15,19.7,80.3,,0,0,,1
2025-10-01 19:20:00,238.49,0.3209,243.26,0.4532,1.3596,243.31,242.82,243.65,423.82,421.21,418.91,421.36,0.0,1.3596,0.0,0.0,0.3209,0.0,0.0714,0,0.0714,0,0.3301,0,0.3301,0,0.9761,1,0.9761,1,50.1,325.68,203.97,0,1,2025-10-01 19:20:00,19.7,81.9,,0,0,,1
2025-10-01 19:20:45,238.5,0.3207,243.37,0.4529,1.3588,243.44,242.81,243.86,423.24,421.38,419.91,421.48,0.0,1.3588,0.0,0.0,0.3207,0.0,0.0714,0,0.0714,0,0.3299,0,0.3299,0,0.976,1,0.976,1,50.1,325.68,203.97,0,1,2025-10-01 19:20:45,19.8,83.2,,0,0,,1
2025-10-01 19:21:30,238.5,0.3203,243.26,0.4526,1.3578,243.38,242.75,243.66,422.72,421.22,420.06,421.42,0.0,1.3578,0.0,0.0,0.3203,0.0,0.0715,0,0.0715,0,0.3296,0,0.3296,0,0.9759,1,0.9759,1,50.1,325.68,203.97,0,1,2025-10-01 19:21:30,19.8,84.2,,0,0,,1
2025-10-01 19:22:15,238.51,0.3204,243.33,0.4526,1.3579,243.21,242.89,243.91,422.96,421.47,419.94,421.47,0.0,1.3579,0.0,0.0,0.3204,0.0,0.0721,0,0.0721,0,0.3298,0,0.3298,0,0.9755,1,0.9755,1,50,325.69,203.97,0,1,2025-10-01 19:22:15,19.8,85.1,,0,0,,1
2025-10-01 19:23:00,238.51,0.3208,243.49,0.4529,1.3589,243.43,243.08,243.98,423.47,421.3,420.44,421.71,0.0,1.3589,0.0,0.0,0.3208,0.0,0.0722,0,0.0722,0,0.3303,0,0.3303,0,0.9756,1,0.9756,1,50,325.69,203.97,0,1,2025-10-01 19:23:00,19.9,86,,0,0,,1
2025-10-01 19:23:45,238.51,0.3204,243.38,0.4525,1.3576,243.41,242.98,243.76,423.24,421.48,419.89,421.51,0.0,1.3576,0.0,0.0,0.3204,0.0,0.0719,0,0.0719,0,0.3299,0,0.3299,0,0.9757,1,0.9756,1,50.1,325.7,203.97,0,1,2025-10-01 19:23:45,19.9,86.7,,0,0,,1
2025-10-01 19:24:30,238.52,0.3202,243.43,0.4515,1.3545,243.75,242.53,244.01,423.66,421.09,420.09,421.86,0.0,1.3545,0.0,0.0,0.3202,0.0,0.0715,0,0.0715,0,0.3285,0,0.3285,0,0.9759,1,0.9757,1,50.1,325.7,203.97,0,1,2025-10-01 19:24:30,20.0,87.5,,0,0,,1
2025-10-01 19:25:15,238.52,0.3193,243.42,0.4516,1.3549,243.75,242.51,244,423.61,421.64,419.53,421.44,0.0,1.3549,0.0,0.0,0.3193,0.0,0.0712,0,0.0712,0,0.3286,0,0.3286,0,0.9759,1,0.9759,1,50.1,325.7,203.97,0,1,2025-10-01 19:25:15,20.0,88.1,,0,0,,1
2025-10-01 19:26:00,238.53,0.3198,243.14,0.4519,1.3558,242.78,242.68,243.96,421.93,421.66,419.77,421.09,0.0,1.3558,0.0,0.0,0.3198,0.0,0.0712,0,0.0712,0,0.329,0,0.329,0,0.9761,1,0.9761,1,50.1,325.71,203.97,0,1,2025-10-01 19:26:00,20.4,88.6,,0,0,,1
2025-10-01 19:26:45,238.53,0.3199,243.1,0.4519,1.3558,242.81,242.76,243.75,423.07,419.69,420.41,421.05,0.0,1.3558,0.0,0.0,0.3199,0.0,0.0712,0,0.0712,0,0.3291,0,0.3291,0,0.9761,1,0.9761,1,50.1,325.71,203.97,0,1,2025-10-01 19:26:45,20.5,89.1,,0,0,,1
2025-10-01 19:27:30,238.53,0.32,243.15,0.4518,1.3556,242.9,242.9,243.67,422.64,421.18,419.62,421.28,0.0,1.3556,0.0,0.0,0.32,0.0,0.0717,0,0.0717,0,0.3293,0,0.3293,0,0.9758,1,0.9758,1,50.1,325.72,203.97,0,1,2025-10-01 19:27:30,20.5,89.6,,0,0,,1
2025-10-01 19:28:15,238.54,0.3194,243.08,0.4512,1.3537,242.77,242.78,243.69,423.37,420.69,418.94,421,0.0,1.3537,0.0,0.0,0.3194,0.0,0.0715,0,0.0715,0,0.3287,0,0.3287,0,0.9758,1,0.9758,1,50.1,325.72,203.98,0,1,2025-10-01 19:28:15,20.5,90,,0,0,,1
2025-10-01 19:29:00,238.54,0.3193,243.08,0.451,1.3532,242.81,242.8,243.64,422.83,420.42,419.79,421.05,0.0,1.3532,0.0,0.0,0.3193,0.0,0.0714,0,0.0714,0,0.3286,0,0.3286,0,0.9759,1,0.9759,1,50.1,325.73,203.98,0,1,2025-10-01 19:29:00,20.6,90.4,,0,0,,1
2025-10-01 19:29:45,238.55,0.3192,242.95,0.4511,1.3533,242.75,242.67,243.44,422.31,420.87,419.2,420.92,0.0,1.3533,0.0,0.0,0.3192,0.0,0.0713,0,0.0713,0,0.3284,0,0.3284,0,0.9759,1,0.9759,1,50.1,325.73,203.98,0,1,2025-10-01 19:29:45,20.6,90.7,,0,0,,1
2025-10-01 19:30:30,238.55,0.3203,243.63,0.4519,1.3559,243.68,243.08,244.15,424.07,421.2,420.64,422.06,0.0,1.3559,0.0,0.0,0.3203,0.0,0.0718,0,0.0718,0,0.3296,0,0.3296,0,0.9757,1,0.9757,1,50.1,325.73,203.98,0,1,2025-10-01 19:30:30,20.6,91,,0,0,,1
2025-10-01 19:31:15,238.55,0.3199,243.51,0.4518,1.3554,243.67,242.95,243.93,423.56,420.5,421.24,421.7,0.0,1.3554,0.0,0.0,0.3199,0.0,0.0719,0,0.0719,0,0.3293,0,0.3293,0,0.9756,1,0.9756,1,50.1,325.74,203.98,0,1,2025-10-01 19:31:15,20.6,91.3,,0,0,,1
2025-10-01 19:32:00,238.56,0.3205,243.82,0.4522,1.3566,244.02,243.25,244.19,424.46,421.32,421.1,422.26,0.0,1.3566,0.0,0.0,0.3205,0.0,0.0722,0,0.0722,0,0.33,0,0.33,0,0.9755,1,0.9755,1,50.1,325.74,203.98,0,1,2025-10-01 19:32:00,20.7,91.5,,0,0,,1
2025-10-01 19:32:45,238.56,0.3207,244.2,0.4519,1.3559,244.54,243.55,244.51,425.23,421.61,422.01,423.01,0.0,1.3559,0.0,0.0,0.3207,0.0,0.0726,0,0.0726,0,0.3302,0,0.3302,0,0.9753,1,0.9753,1,50.1,325.75,203.98,0,1,2025-10-01 19:32:45,20.7,91.7,,0,0,,1
2025-10-01 19:33:30,238.57,0.3207,243.86,0.4521,1.3564,244.03,243.47,244.08,425.13,421.78,420.14,422.28,0.0,1.3564,0.0,0.0,0.3207,0.0,0.0728,0,0.0728,0,0.3302,0,0.3302,0,0.9751,1,0.9751,1,50,325.75,203.98,0,1,2025-10-01 19:33:30,20.7,91.9,,0,0,,1
2025-10-01 19:34:15,238.57,0.321,244.13,0.4522,1.3568,244.26,243.65,244.49,425.49,422.11,420.88,422.9,0.0,1.3568,0.0,0.0,0.321,0.0,0.0728,0,0.0728,0,0.3306,0,0.3306,0,0.9752,1,0.9752,1,50.1,325.75,203.98,0,1,2025-10-01 19:34:15,20.8,92.1,,0,0,,1
2025-10-01 19:35:00,238.57,0.3204,244.01,0.4518,1.3556,243.93,243.4,244.71,424.63,422.24,421,422.69,0.0,1.3556,0.0,0.0,0.3204,0.0,0.0726,0,0.0726,0,0.33,0,0.33,0,0.9752,1,0.9752,1,50,325.76,203.98,0,1,2025-10-01 19:35:00,20.8,92.3,,0,0,,1
2025-10-01 19:35:45,238.58,0.3212,244.2,0.4524,1.3573,244,243.79,244.82,425.33,422.67,420.85,422.93,0.0,1.3573,0.0,0.0,0.3212,0.0,0.073,0,0.073,0,0.3309,0,0.3309,0,0.9751,1,0.9751,1,50.1,325.76,203.98,0,1,2025-10-01 19:35:45,21.2,92.4,,0,0,,1
2025-10-01 19:36:30,238.58,0.321,244.21,0.4523,1.357,244.32,243.67,244.66,424.31,422.61,422.04,423,0.0,1.357,0.0,0.0,0.321,0.0,0.0728,0,0.0728,0,0.3307,0,0.3307,0,0.9752,1,0.9752,1,50,325.77,203.99,0,1,2025-10-01 19:36:30,21.2,92.6,,0,0,,1
2025-10-01 19:37:15,238.59,0.3212,244.16,0.4523,1.3571,244.23,243.69,244.56,424.37,422.63,421.66,422.91,0.0,1.3571,0.0,0.0,0.3212,0.0,0.0727,0,0.0727,0,0.3307,0,0.3307,0,0.9753,1,0.9753,1,50.1,325.77,203.99,0,1,2025-10-01 19:37:15,21.3,92.7,,0,0,,1
2025-10-01 19:38:00,238.59,0.321,244.17,0.452,1.3561,244.23,243.86,244.44,426.12,422.28,420.29,422.92,0.0,1.3561,0.0,0.0,0.321,0.0,0.0729,0,0.0729,0,0.3307,0,0.3307,0,0.9751,1,0.9751,1,50.1,325.77,203.99,0,1,2025-10-01 19:38:00,21.3,92.8,,0,0,,1
2025-10-01 19:38:45,238.59,0.321,244.21,0.452,1.3561,244.15,243.86,244.64,425.97,422.24,420.7,422.99,0.0,1.3561,0.0,0.0,0.321,0.0,0.0732,0,0.0732,0,0.3307,0,0.3307,0,0.975,1,0.975,1,50,325.78,203.99,0,1,2025-10-01 19:38:45,21.3,92.9,,0,0,,1
2025-10-01 19:39:30,238.6,3.5535,243.64,7.4443,22.333099999999998,243.52,243.1,244.3,424.69,421.01,420.2,421.85,7.7992,8.2105,6.3234,1.3249,1.3015,0.9271,4.0894,1.3525,1.5056,1.2313,5.44,1.8993,1.996,1.5448,0.6559,0.6997,0.6539,0.6014,50.1,325.79,204,1,1,2025-10-01 19:39:30,21.3,93,,1,0,,0
2025-10-01 19:40:15,238.65,3.7622,243.38,7.6141,22.8424,243.19,242.94,244.01,424.15,420.74,419.67,421.48,7.9568,8.4196,6.466,1.3928,1.3813,0.9881,4.0621,1.3351,1.5012,1.2258,5.5582,1.935,2.0455,1.5778,0.6795,0.7218,0.6771,0.6275,50.1,325.86,204.04,1,1,2025-10-01 19:40:15,21.3,91.5,,1,0,,0
2025-10-01 19:41:00,238.7,3.7579,243.24,7.6016,22.8048,243.08,242.61,244.04,422.96,421.49,419.42,421.38,7.9406,8.3595,6.5047,1.3822,1.3759,0.9999,4.0513,1.3397,1.4828,1.2288,5.5457,1.9302,2.0281,1.5874,0.68,0.718,0.6801,0.6311,50.1,325.93,204.1,1,1,2025-10-01 19:41:00,21.2,87,,1,0,,0
2025-10-01 19:41:45,238.74,3.7286,243.52,7.5762,22.7288,243.36,242.86,244.34,422.77,422.36,420.19,421.64,7.9149,8.3307,6.4832,1.3719,1.3659,0.9909,4.0605,1.344,1.485,1.2315,5.5335,1.9262,2.0232,1.5841,0.6763,0.7143,0.6769,0.6268,50.1,326,204.15,1,1,2025-10-01 19:41:45,20.7,81.9,,1,0,,0
2025-10-01 19:42:30,238.79,3.7221,242.81,7.5514,22.6542,242.34,242.42,243.67,421.8,420.82,419.01,420.39,7.8434,8.325,6.4858,1.3601,1.3755,0.9866,4.0184,1.3195,1.4688,1.2301,5.4993,1.9008,2.0181,1.5804,0.6795,0.7177,0.6835,0.6256,50,326.06,204.19,1,1,2025-10-01 19:42:30,20.6,78,,1,0,,0
2025-10-01 19:43:15,238.83,3.706,242.98,7.5394,22.6183,242.43,242.74,243.78,422.18,420.62,419.74,420.85,7.8414,8.3374,6.4395,1.361,1.3715,0.9735,4.0267,1.319,1.4805,1.2272,5.4946,1.901,2.0238,1.5698,0.6772,0.7181,0.6795,0.6214,50.1,326.14,204.25,1,1,2025-10-01 19:43:15,20.4,74.6,,1,0,,0
2025-10-01 19:44:00,238.88,3.6907,243.07,7.5226,22.567899999999998,242.56,242.74,243.91,422.71,420.39,419.87,421.12,7.837,8.3057,6.4252,1.3568,1.3626,0.9713,4.026,1.323,1.478,1.2251,5.4842,1.9009,2.0161,1.5672,0.6757,0.7159,0.6778,0.6212,50.1,326.21,204.3,1,1,2025-10-01 19:44:00,19.9,71.9,,1,0,,0
2025-10-01 19:44:45,238.9,0.3241,243.76,0.4559,1.3677,243.17,243.57,244.56,423.94,421.73,420.93,422.26,0.0,1.3677,0.0,0.0,0.3241,0.0,0.0707,0,0.0707,0,0.3331,0,0.3331,0,0.977,1,0.977,1,50.1,326.23,204.31,0,1,2025-10-01 19:44:45,19.8,70.5,,0,0,,1
2025-10-01 19:45:30,238.9,0.3232,243.55,0.4552,1.3656,243.11,243.37,244.17,423.62,422.02,419.83,421.77,0.0,1.3656,0.0,0.0,0.3232,0.0,0.0711,0,0.0711,0,0.3323,0,0.3323,0,0.9766,1,0.9766,1,50.1,326.23,204.31,0,1,2025-10-01 19:45:30,19.7,73,,0,0,,1
2025-10-01 19:46:15,238.9,0.323,243.67,0.455,1.365,243.51,243.32,244.2,424.28,421.24,420.6,421.96,0.0,1.365,0.0,0.0,0.323,0.0,0.0711,0,0.0711,0,0.3321,0,0.3321,0,0.9766,1,0.9766,1,50.1,326.23,204.31,0,1,2025-10-01 19:46:15,19.7,75.7,,0,0,,1
2025-10-01 19:47:00,238.91,0.3224,243.94,0.4542,1.3626,244.16,243.37,244.29,424.95,421.45,421.09,422.49,0.0,1.3626,0.0,0.0,0.3224,0.0,0.0715,0,0.0715,0,0.3316,0,0.3316,0,0.9762,1,0.9762,1,50.1,326.24,204.31,0,1,2025-10-01 19:47:00,19.7,78.1,,0,0,,1
2025-10-01 19:47:45,238.91,0.3216,243.78,0.4537,1.3612,243.91,243.07,244.38,423.97,421.54,421.2,422.31,0.0,1.3612,0.0,0.0,0.3216,0.0,0.0713,0,0.0713,0,0.3309,0,0.3309,0,0.9763,1,0.9763,1,50,326.24,204.32,0,1,2025-10-01 19:47:45,19.7,80.2,,0,0,,1
2025-10-01 19:48:30,238.92,0.3213,243.74,0.4534,1.3602,243.95,243.01,244.28,424.75,421.31,420.4,422.24,0.0,1.3602,0.0,0.0,0.3213,0.0,0.0714,0,0.0714,0,0.3305,0,0.3305,0,0.9761,1,0.9761,1,50,326.25,204.32,0,1,2025-10-01 19:48:30,19.7,81.9,,0,0,,1
2025-10-01 19:49:15,238.92,0.3213,243.65,0.4534,1.3602,243.87,243.07,244.03,424.77,421.39,419.84,422.13,0.0,1.3602,0.0,0.0,0.3213,0.0,0.0718,0,0.0718,0,0.3306,0,0.3306,0,0.9759,1,0.9759,1,50,326.25,204.32,0,1,2025-10-01 19:49:15,19.8,83.2,,0,0,,1
2025-10-01 19:50:00,238.92,0.321,243.7,0.453,1.359,243.59,243.16,244.37,423.95,421.7,420.63,422.15,0.0,1.359,0.0,0.0,0.321,0.0,0.0723,0,0.0723,0,0.3305,0,0.3305,0,0.9755,1,0.9755,1,50,326.26,204.32,0,1,2025-10-01 19:50:00,19.8,84.6,,0,0,,1
2025-10-01 19:50:45,238.93,0.3216,243.79,0.4534,1.3604,243.73,243.28,244.38,423.93,422.12,420.7,422.19,0.0,1.3604,0.0,0.0,0.3216,0.0,0.072,0,0.072,0,0.331,0,0.331,0,0.9758,1,0.9758,1,50.1,326.26,204.32,0,1,2025-10-01 19:50:45,19.9,85.6,,0,0,,1
2025-10-01 19:51:30,238.93,0.3211,243.81,0.4529,1.3587,243.69,243.25,244.5,423.87,421.65,421.32,422.23,0.0,1.3587,0.0,0.0,0.3211,0.0,0.0722,0,0.0722,0,0.3305,0,0.3305,0,0.9756,1,0.9756,1,50,326.26,204.32,0,1,2025-10-01 19:51:30,19.9,86.5,,0,0,,1
2025-10-01 19:52:15,238.94,0.3211,243.77,0.4529,1.3589,243.61,243.26,244.45,423.06,421.95,421.64,422.28,0.0,1.3589,0.0,0.0,0.3211,0.0,0.0724,0,0.0724,0,0.3306,0,0.3306,0,0.9755,1,0.9755,1,50.1,326.27,204.32,0,1,2025-10-01 19:52:15,19.9,87.3,,0,0,,1
2025-10-01 19:53:00,238.94,0.3199,243.54,0.4519,1.3558,243.75,242.74,244.13,424.17,420.86,420.38,421.85,0.0,1.3558,0.0,0.0,0.3199,0.0,0.0714,0,0.0714,0,0.3291,0,0.3291,0,0.9759,1,0.9759,1,50,326.27,204.32,0,1,2025-10-01 19:53:00,20.0,88,,0,0,,1
2025-10-01 19:53:45,238.94,0.3194,243.53,0.4516,1.355,243.65,242.57,244.37,424.17,420.83,420.35,421.79,0.0,1.355,0.0,0.0,0.3194,0.0,0.0714,0,0.0714,0,0.3287,0,0.3287,0,0.9759,1,0.9759,1,50,326.28,204.32,0,1,2025-10-01 19:53:45,20.4,88.5,,0,0,,1
2025-10-01 19:54:30,238.95,0.3206,243.85,0.4523,1.3571,243.77,243.16,244.63,423.53,422.39,421.14,422.38,0.0,1.3571,0.0,0.0,0.3206,0.0,0.0721,0,0.0721,0,0.33,0,0.33,0,0.9756,1,0.9756,1,50,326.28,204.32,0,1,2025-10-01 19:54:30,20.5,89.1,,0,0,,1
2025-10-01 19:55:15,238.95,0.3204,243.61,0.4523,1.3571,243.53,243.05,244.26,423.2,421.48,421.13,421.99,0.0,1.3571,0.0,0.0,0.3204,0.0,0.0723,0,0.0723,0,0.3298,0,0.3298,0,0.9755,1,0.9755,1,50,326.28,204.32,0,1,2025-10-01 19:55:15,20.5,89.6,,0,0,,1
2025-10-01 19:56:00,238.96,0.3207,243.79,0.4523,1.3571,243.69,243.25,244.45,424.11,422.49,420.14,422.19,0.0,1.3571,0.0,0.0,0.3207,0.0,0.0721,0,0.0721,0,0.3301,0,0.3301,0,0.9756,1,0.9756,1,50.1,326.29,204.33,0,1,2025-10-01 19:56:00,20.5,90.1,,0,0,,1
2025-10-01 19:56:45,238.96,0.3213,244.1,0.4527,1.3582,243.97,243.62,244.73,424.17,422.75,421.46,422.79,0.0,1.3582,0.0,0.0,0.3213,0.0,0.0727,0,0.0727,0,0.3309,0,0.3309,0,0.9753,1,0.9753,1,50.1,326.29,204.33,0,1,2025-10-01 19:56:45,20.6,90.5,,0,0,,1
2025-10-01 19:57:30,238.97,0.3211,244.19,0.4525,1.3575,244.07,243.58,244.92,424.43,422.48,421.89,422.84,0.0,1.3575,0.0,0.0,0.3211,0.0,0.0729,0,0.0729,0,0.3307,0,0.3307,0,0.9751,1,0.9751,1,50.1,326.3,204.33,0,1,2025-10-01 19:57:30,20.6,90.8,,0,0,,1
2025-10-01 19:58:15,238.97,0.3215,244.35,0.4528,1.3584,244.26,243.78,245.01,425.31,423.04,421.27,423.12,0.0,1.3584,0.0,0.0,0.3215,0.0,0.0733,0,0.0733,0,0.3312,0,0.3312,0,0.9749,1,0.9749,1,50.1,326.3,204.33,0,1,2025-10-01 19:58:15,20.6,91.1,,0,0,,1
2025-10-01 19:59:00,238.97,0.3215,244.4,0.4527,1.3581,244.32,243.89,245.01,425.55,422.58,421.78,423.26,0.0,1.3581,0.0,0.0,0.3215,0.0,0.0735,0,0.0735,0,0.3312,0,0.3312,0,0.9748,1,0.9748,1,50,326.31,204.33,0,1,2025-10-01 19:59:00,20.7,91.4,,0,0,,1
2025-10-01 19:59:45,238.98,0.3212,244.17,0.4526,1.3578,244.03,243.71,244.79,424.51,422.82,421.41,422.91,0.0,1.3578,0.0,0.0,0.3212,0.0,0.0735,0,0.0735,0,0.3309,0,0.3309,0,0.9748,1,0.9748,1,50,326.31,204.33,0,1,2025-10-01 19:59:45,20.7,91.6,,0,0,,1
2025-10-01 20:00:30,238.98,0.3168,243.67,0.4495,1.3487,244.25,241.56,245.22,423.37,421.27,421.47,421.94,0.0,1.3487,0.0,0.0,0.3168,0.0,0.0698,0,0.0698,0,0.3258,0,0.3258,0,0.9765,1,0.9765,1,50,326.31,204.33,0,1,2025-10-01 20:00:30,20.7,91.8,,0,0,,1
2025-10-01 20:01:15,238.98,0.3168,243.73,0.4493,1.3479,244.36,241.75,245.09,424.63,421.26,420.46,422.05,0.0,1.3479,0.0,0.0,0.3168,0.0,0.0703,0,0.0703,0,0.3259,0,0.3259,0,0.9762,1,0.9762,1,50,326.32,204.33,0,1,2025-10-01 20:01:15,20.7,92,,0,0,,1
2025-10-01 20:02:00,238.99,0.3174,243.91,0.4497,1.3491,244.42,241.91,245.4,424.68,421.45,421.15,422.58,0.0,1.3491,0.0,0.0,0.3174,0.0,0.07,0,0.07,0,0.3264,0,0.3264,0,0.9765,1,0.9765,1,50,326.32,204.33,0,1,2025-10-01 20:02:00,20.8,92.3,,0,0,,1
2025-10-01 20:02:45,238.99,0.3174,243.92,0.4498,1.3494,244.43,241.91,245.43,423.5,421.72,422.18,422.57,0.0,1.3494,0.0,0.0,0.3174,0.0,0.0703,0,0.0703,0,0.3264,0,0.3264,0,0.9763,1,0.9763,1,50,326.33,204.33,0,1,2025-10-01 20:02:45,21.2,92.5,,0,0,,1
2025-10-01 20:03:30,239,0.3168,243.47,0.4494,1.3482,243.68,241.52,245.21,423.04,421.56,420.41,421.73,0.0,1.3482,0.0,0.0,0.3168,0.0,0.0693,0,0.0693,0,0.3256,0,0.3256,0,0.9768,1,0.9768,1,50.1,326.33,204.33,0,1,2025-10-01 20:03:30,21.2,92.7,,0,0,,1
2025-10-01 20:04:15,239,0.3178,244,0.4502,1.3506,244.55,241.98,245.49,424.29,422.23,421.28,422.84,0.0,1.3506,0.0,0.0,0.3178,0.0,0.07,0,0.07,0,0.3268,0,0.3268,0,0.9766,1,0.9766,1,50.1,326.33,204.34,0,1,2025-10-01 20:04:15,21.2,92.9,,0,0,,1
2025-10-01 20:05:00,239.01,0.3176,243.96,0.4497,1.3493,244.49,242.01,245.38,424.71,421.58,421.26,422.46,0.0,1.3493,0.0,0.0,0.3176,0.0,0.0699,0,0.0699,0,0.3265,0,0.3265,0,0.9766,1,0.9766,1,50.1,326.34,204.34,0,1,2025-10-01 20:05:00,21.3,93,,0,0,,1
2025-10-01 20:05:45,239.04,3.7791,243.14,7.6231,22.8694,243.51,241.1,244.81,422.35,420.64,420.33,421.21,8.0189,8.2812,6.5693,1.3834,1.3585,1.0373,4.0509,1.3701,1.4558,1.2249,5.5575,1.9527,1.9966,1.6082,0.6821,0.7105,0.6822,0.6462,50,326.4,204.38,1,1,2025-10-01 20:05:45,21.2,92.5,,1,0,,0
2025-10-01 20:06:30,239.09,3.7562,243.02,7.5948,22.7846,243.35,240.87,244.85,421.77,419.99,420.96,420.85,7.9778,8.2228,6.584,1.3668,1.3503,1.0391,4.0392,1.3701,1.441,1.228,5.5341,1.9414,1.9806,1.6121,0.6809,0.7062,0.6837,0.6459,50,326.46,204.43,1,1,2025-10-01 20:06:30,21.2,88.6,,1,0,,0
2025-10-01 20:07:15,239.14,3.7394,243.08,7.5798,22.739500000000003,243.52,241.01,244.73,422.46,420.31,420.27,421.11,7.9846,8.2432,6.5117,1.3733,1.3446,1.0215,4.0424,1.3683,1.4552,1.2189,5.5247,1.9444,1.9867,1.5936,0.679,0.7084,0.6786,0.6423,50,326.53,204.48,1,1,2025-10-01 20:07:15,20.7,83.7,,1,0,,0
2025-10-01 20:08:00,239.18,3.7383,243.46,7.5843,22.753099999999996,244.15,241.23,245.01,423.14,421.11,420.74,421.5,8.0155,8.2511,6.4865,1.3812,1.3387,1.0184,4.0598,1.3785,1.4657,1.2156,5.5367,1.957,1.9904,1.5893,0.6773,0.7077,0.6744,0.6421,50.1,326.6,204.53,1,1,2025-10-01 20:08:00,20.6,79.3,,1,0,,0
2025-10-01 20:08:45,239.23,3.7351,243.55,7.5865,22.759500000000003,244.3,241.2,245.17,423.39,420.92,421.16,421.63,8.0221,8.2368,6.5006,1.3786,1.3351,1.0214,4.0685,1.3851,1.4641,1.2193,5.5403,1.9598,1.9867,1.5938,0.6762,0.7054,0.6737,0.6421,50.1,326.67,204.58,1,1,2025-10-01 20:08:45,20.5,75.6,,1,0,,0
2025-10-01 20:09:30,239.28,3.7073,243.39,7.5552,22.665699999999998,244.05,241.11,245.02,423.1,420.22,421.31,421.52,7.975,8.209,6.4817,1.3657,1.329,1.0126,4.0571,1.3787,1.4593,1.2192,5.5137,1.9463,1.9793,1.5881,0.6745,0.7037,0.6733,0.6389,50,326.74,204.63,1,1,2025-10-01 20:09:30,19.9,72.5,,1,0,,0
2025-10-01 20:10:15,239.3,0.3218,244.32,0.455,1.3651,245.21,242.04,245.72,424.83,422.15,422.48,423.15,0.0,1.3651,0.0,0.0,0.3218,0.0,0.0687,0,0.0687,0,0.3304,0,0.3304,0,0.9779,1,0.9779,1,50,326.77,204.65,0,1,2025-10-01 20:10:15,19.8,71.1,,0,0,,1
2025-10-01 20:11:00,239.3,0.3204,244.08,0.4535,1.3606,245.04,241.96,245.26,425.03,421.29,421.91,422.74,0.0,1.3606,0.0,0.0,0.3204,0.0,0.0695,0,0.0695,0,0.3292,0,0.3292,0,0.9772,1,0.9772,1,50,326.78,204.65,0,1,2025-10-01 20:11:00,19.7,73.2,,0,0,,1
2025-10-01 20:11:45,239.31,0.3195,244.26,0.4526,1.358,245.1,241.82,245.86,424.3,421.99,422.85,422.92,0.0,1.358,0.0,0.0,0.3195,0.0,0.0698,0,0.0698,0,0.3284,0,0.3284,0,0.9769,1,0.9769,1,50,326.78,204.65,0,1,2025-10-01 20:11:45,19.6,75.8,,0,0,,1
2025-10-01 20:12:30,239.31,0.3189,244.11,0.4523,1.3569,245.03,241.49,245.83,423.81,421.95,422.64,422.84,0.0,1.3569,0.0,0.0,0.3189,0.0,0.0693,0,0.0693,0,0.3277,0,0.3277,0,0.9771,1,0.9771,1,50,326.78,204.65,0,1,2025-10-01 20:12:30,19.6,78,,0,0,,1
2025-10-01 20:13:15,239.31,0.3194,244.19,0.4525,1.3576,244.98,241.86,245.73,424.29,421.88,422.6,422.83,0.0,1.3576,0.0,0.0,0.3194,0.0,0.0701,0,0.0701,0,0.3283,0,0.3283,0,0.9767,1,0.9767,1,50,326.79,204.66,0,1,2025-10-01 20:13:15,19.7,80.4,,0,0,,1
2025-10-01 20:14:00,239.32,0.3193,244.27,0.4523,1.357,244.92,242.01,245.9,424.43,421.73,423.07,423.06,0.0,1.357,0.0,0.0,0.3193,0.0,0.0708,0,0.0708,0,0.3284,0,0.3284,0,0.9763,1,0.9763,1,50,326.79,204.66,0,1,2025-10-01 20:14:00,19.7,82,,0,0,,1
2025-10-01 20:14:45,239.32,0.3187,244.31,0.4522,1.3566,245.19,241.68,246.08,424.29,422.27,422.87,423.15,0.0,1.3566,0.0,0.0,0.3187,0.0,0.0705,0,0.0705,0,0.3279,0,0.3279,0,0.9763,1,0.9763,1,50,326.8,204.66,0,1,2025-10-01 20:14:45,19.8,83.3,,0,0,,1
2025-10-01 20:15:30,239.33,0.3175,243.96,0.4512,1.3536,244.81,241.38,245.71,423.82,421.63,422.16,422.53,0.0,1.3536,0.0,0.0,0.3175,0.0,0.0706,0,0.0706,0,0.3267,0,0.3267,0,0.9761,1,0.9761,1,49.9,326.8,204.66,0,1,2025-10-01 20:15:30,19.8,84.6,,0,0,,1
2025-10-01 20:16:15,239.33,0.3176,243.98,0.4507,1.3522,244.65,241.73,245.58,423.74,421.24,422.75,422.6,0.0,1.3522,0.0,0.0,0.3176,0.0,0.0713,0,0.0713,0,0.3269,0,0.3269,0,0.9756,1,0.9756,1,49.9,326.8,204.66,0,1,2025-10-01 20:16:15,19.9,85.6,,0,0,,1
2025-10-01 20:17:00,239.33,0.3172,243.85,0.4507,1.3521,244.6,241.54,245.43,425.25,419.6,422.14,422.41,0.0,1.3521,0.0,0.0,0.3172,0.0,0.0715,0,0.0715,0,0.3266,0,0.3266,0,0.9755,1,0.9755,1,49.9,326.81,204.66,0,1,2025-10-01 20:17:00,19.9,86.5,,0,0,,1
2025-10-01 20:17:45,239.34,0.3111,241.06,0.4465,1.3397,241.95,238.46,242.78,418.72,416.66,417.14,417.48,0.0,1.3397,0.0,0.0,0.3111,0.0,0.0668,0,0.0668,0,0.3195,0,0.3195,0,0.9776,1,0.9776,1,49.9,326.81,204.66,0,1,2025-10-01 20:17:45,19.9,87.3,,0,0,,1
2025-10-01 20:18:30,239.34,0.312,241.29,0.4469,1.3408,242.13,239.1,242.65,419.82,417.04,416.85,417.87,0.0,1.3408,0.0,0.0,0.312,0.0,0.0682,0,0.0682,0,0.3206,0,0.3206,0,0.9769,1,0.9769,1,49.9,326.82,204.66,0,1,2025-10-01 20:18:30,20.0,88,,0,0,,1
2025-10-01 20:19:15,239.35,0.3114,240.83,0.4465,1.3395,241.34,238.8,242.37,417.42,417.05,416.91,417.05,0.0,1.3395,0.0,0.0,0.3114,0.0,0.0677,0,0.0677,0,0.3199,0,0.3199,0,0.9771,1,0.9771,1,49.9,326.82,204.66,0,1,2025-10-01 20:19:15,20.4,88.6,,0,0,,1
2025-10-01 20:20:00,239.35,0.3116,240.88,0.4467,1.3401,241.45,238.84,242.36,418.47,416.92,416.2,417.22,0.0,1.3401,0.0,0.0,0.3116,0.0,0.0676,0,0.0676,0,0.3201,0,0.3201,0,0.9772,1,0.9772,1,49.9,326.83,204.66,0,1,2025-10-01 20:20:00,20.5,89.2,,0,0,,1
2025-10-01 20:20:45,239.35,0.3116,241,0.4464,1.3394,241.62,238.86,242.52,418.87,416.33,417,417.39,0.0,1.3394,0.0,0.0,0.3116,0.0,0.0677,0,0.0677,0,0.3199,0,0.3199,0,0.9772,1,0.9771,1,49.9,326.83,204.66,0,1,2025-10-01 20:20:45,20.5,89.7,,0,0,,1
2025-10-01 20:21:30,239.36,0.3131,241.06,0.4474,1.3423,239.85,239.94,243.41,419.08,417.06,416.37,417.44,0.0,1.3423,0.0,0.0,0.3131,0.0,0.0696,0,0.0696,0,0.3221,0,0.3221,0,0.9761,1,0.9761,1,49.9,326.83,204.66,0,1,2025-10-01 20:21:30,20.5,90.1,,0,0,,1
2025-10-01 20:22:15,239.36,0.3128,240.89,0.447,1.341,239.83,239.9,242.96,418.04,417.06,416.58,417.29,0.0,1.341,0.0,0.0,0.3128,0.0,0.0694,0,0.0694,0,0.3217,0,0.3217,0,0.9762,1,0.9762,1,49.9,326.84,204.67,0,1,2025-10-01 20:22:15,20.6,90.6,,0,0,,1
2025-10-01 20:23:00,239.37,0.3134,240.83,0.4476,1.3428,239.39,240.08,243.04,417.81,416.95,416.6,417.2,0.0,1.3428,0.0,0.0,0.3134,0.0,0.0697,0,0.0697,0,0.3224,0,0.3224,0,0.9761,1,0.9761,1,49.9,326.84,204.67,0,1,2025-10-01 20:23:00,20.6,90.9,,0,0,,1
2025-10-01 20:23:45,239.37,0.3195,242.2,0.4518,1.3555,239.94,243.09,243.57,420.26,420.06,418.14,418.8,0.0,1.3555,0.0,0.0,0.3195,0.0,0.0742,0,0.0742,0,0.3295,0,0.3295,0,0.974,1,0.974,1,49.9,326.85,204.67,0,1,2025-10-01 20:23:45,20.6,91.2,,0,0,,1
2025-10-01 20:24:30,239.37,0.3189,242.18,0.4513,1.354,240.3,242.9,243.34,419.99,419.76,418.61,419.55,0.0,1.354,0.0,0.0,0.3189,0.0,0.0741,0,0.0741,0,0.3289,0,0.3289,0,0.974,1,0.974,1,49.9,326.85,204.67,0,1,2025-10-01 20:24:30,20.6,91.5,,0,0,,1
2025-10-01 20:25:15,239.38,0.3191,242.27,0.4514,1.3542,240.54,242.95,243.34,418.66,421.93,418.31,419.58,0.0,1.3542,0.0,0.0,0.3191,0.0,0.0739,0,0.0739,0,0.329,0,0.329,0,0.9742,1,0.9742,1,49.9,326.85,204.67,0,1,2025-10-01 20:25:15,20.7,91.8,,0,0,,1
2025-10-01 20:26:00,239.38,0.3196,242.54,0.4516,1.3549,240.76,243.18,243.69,421.29,420.22,418.74,420.1,0.0,1.3549,0.0,0.0,0.3196,0.0,0.0736,0,0.0736,0,0.3295,0,0.3295,0,0.9744,1,0.9744,1,50,326.86,204.67,0,1,2025-10-01 20:26:00,20.7,92,,0,0,,1
2025-10-01 20:26:45,239.39,0.3182,242,0.4502,1.3507,239.99,242.77,243.25,420.03,419.67,417.75,419.21,0.0,1.3507,0.0,0.0,0.3182,0.0,0.0733,0,0.0733,0,0.3279,0,0.3279,0,0.9744,1,0.9744,1,50,326.86,204.67,0,1,2025-10-01 20:26:45,20.7,92.2,,0,0,,1
2025-10-01 20:27:30,239.39,0.3184,241.86,0.4506,1.352,239.77,242.73,243.08,419.39,419.64,417.69,418.92,0.0,1.352,0.0,0.0,0.3184,0.0,0.0732,0,0.0732,0,0.3282,0,0.3282,0,0.9745,1,0.9745,1,49.9,326.87,204.67,0,1,2025-10-01 20:27:30,20.8,92.5,,0,0,,1
2025-10-01 20:28:15,239.39,0.3184,241.89,0.4506,1.352,239.91,242.74,243.04,419.84,419.55,417.5,418.87,0.0,1.352,0.0,0.0,0.3184,0.0,0.0734,0,0.0734,0,0.3282,0,0.3282,0,0.9744,1,0.9744,1,49.9,326.87,204.67,0,1,2025-10-01 20:28:15,20.8,92.6,,0,0,,1
2025-10-01 20:29:00,239.4,0.3181,241.99,0.4502,1.3508,240.09,242.71,243.17,421.01,423.07,413.19,419.18,0.0,1.3508,0.0,0.0,0.3181,0.0,0.0734,0,0.0734,0,0.3279,0,0.3279,0,0.9743,1,0.9743,1,49.9,326.87,204.67,0,1,2025-10-01 20:29:00,21.2,92.8,,0,0,,1
2025-10-01 20:29:45,239.4,0.318,241.98,0.4503,1.3509,240.11,242.68,243.16,420.23,419.3,417.81,419.09,0.0,1.3509,0.0,0.0,0.318,0.0,0.0734,0,0.0734,0,0.3278,0,0.3278,0,0.9743,1,0.9743,1,49.9,326.88,204.67,0,1,2025-10-01 20:30:30,21.2,93.1,,0,0,,1
2025-10-01 20:30:30,239.4,0.3177,241.86,0.4498,1.3495,240.03,242.52,243.03,420.52,417.79,418.35,419.01,0.0,1.3495,0.0,0.0,0.3177,0.0,0.0731,0,0.0731,0,0.3273,0,0.3273,0,0.9745,1,0.9744,1,49.9,326.88,204.68,0,1,2025-10-01 20:30:30,21.2,93.1,,0,0,,1
2025-10-01 20:31:15,239.41,0.3181,242.07,0.4503,1.3509,240.18,242.76,243.29,420.15,419.29,418.38,419.33,0.0,1.3509,0.0,0.0,0.3181,0.0,0.0734,0,0.0734,0,0.3279,0,0.3279,0,0.9743,1,0.9746,1,49.9,326.89,204.68,0,1,2025-10-01 20:31:15,21.3,93.2,,0,0,,1
2025-10-01 20:32:00,239.45,3.763,241.53,7.5806,22.7419,239.33,242.41,242.86,419.35,418.86,416.79,418.33,7.7865,8.4097,6.5457,1.3506,1.4193,0.9931,3.9685,1.2741,1.4532,1.2412,5.4918,1.8635,2.0386,1.5897,0.688,0.7283,0.698,0.6249,49.9,326.94,204.72,1,1,2025-10-01 20:32:00,21.3,92.8,,1,0,,0
2025-10-01 20:32:45,239.49,3.7523,241.42,7.5636,22.691,239.24,242.22,242.8,419.37,419.2,415.84,418.06,7.7587,8.377,6.5553,1.3458,1.4144,0.9921,3.9613,1.2738,1.4468,1.2407,5.4769,1.8562,2.0291,1.5916,0.6876,0.7259,0.6991,0.6245,49.9,327.01,204.76,1,1,2025-10-01 20:32:45,21.2,89.3,,1,0,,0
2025-10-01 20:33:30,239.54,3.7,241.31,7.51,22.53,239.11,242.12,242.72,419.02,418.55,416.29,417.89,7.6624,8.3332,6.5344,1.3185,1.4058,0.9758,3.9485,1.2634,1.4389,1.2462,5.4358,1.8322,2.0176,1.586,0.6837,0.722,0.6988,0.6164,49.9,327.08,204.81,1,1,2025-10-01 20:33:30,20.7,84.3,,1,0,,0
2025-10-01 20:34:15,239.59,3.6987,241.18,7.5051,22.5153,239,241.99,242.56,418.78,418.49,415.91,417.79,7.6824,8.3178,6.5151,1.3218,1.4009,0.976,3.9416,1.2655,1.4372,1.2388,5.4292,1.8361,2.0128,1.5803,0.6842,0.7223,0.6979,0.6188,49.9,327.15,204.86,1,1,2025-10-01 20:34:15,20.6,79.6,,1,0,,0
2025-10-01 20:35:00,239.63,3.6786,241.21,7.4882,22.4646,239.12,241.97,242.56,418.4,418.68,416.28,417.84,7.6791,8.2974,6.4881,1.3192,1.3908,0.9686,3.9457,1.2692,1.4403,1.2362,5.4177,1.8362,2.0077,1.5738,0.6819,0.7206,0.6946,0.6167,49.9,327.21,204.91,1,1,2025-10-01 20:35:00,20.5,76.1,,1,0,,0
2025-10-01 20:35:45,239.68,3.6675,241.25,7.479,22.4371,239.34,241.56,242.86,418.05,418.47,417.04,417.83,7.6907,8.2567,6.4897,1.3146,1.3791,0.9738,3.9475,1.28,1.4328,1.2348,5.4113,1.8407,1.9945,1.5761,0.6806,0.7164,0.6934,0.6192,49.9,327.28,204.96,1,1,2025-10-01 20:35:45,19.9,73.2,,1,0,,0
2025-10-01 20:36:30,239.72,0.3238,242.08,0.4575,1.3727,240.37,242.29,243.58,419.97,420.05,417.82,418.59,0.0,1.3727,0.0,0.0,0.3238,0.0,0.0699,0,0.0699,0,0.3326,0,0.3326,0,0.9774,1,0.9774,1,49.9,327.35,205.01,0,1,2025-10-01 20:36:30,19.8,70.3,,0,0,,1
2025-10-01 20:37:15,239.73,0.3212,241.94,0.4543,1.363,240.11,242.57,243.16,420.02,420.24,416.9,419.03,0.0,1.363,0.0,0.0,0.3212,0.0,0.0722,0,0.0722,0,0.3306,0,0.3306,0,0.9756,1,0.9756,1,49.9,327.35,205.01,0,1,2025-10-01 20:37:15,19.7,70.7,,0,0,,1
2025-10-01 20:38:00,239.73,0.3199,241.58,0.453,1.3592,239.34,242.34,243.07,419.53,418.62,417.1,418.32,0.0,1.3592,0.0,0.0,0.3199,0.0,0.0723,0,0.0723,0,0.3294,0,0.3294,0,0.9754,1,0.9754,1,49.9,327.36,205.01,0,1,2025-10-01 20:38:00,19.2,73.3,,0,0,,1
2025-10-01 20:38:45,239.73,0.3189,241.57,0.4519,1.3557,239.24,242.33,243.16,419.26,419.12,416.85,418.42,0.0,1.3557,0.0,0.0,0.3189,0.0,0.0727,0,0.0727,0,0.3285,0,0.3285,0,0.9749,1,0.9749,1,49.9,327.36,205.01,0,1,2025-10-01 20:38:45,19.2,76.1,,0,0,,1
2025-10-01 20:39:30,239.74,0.3194,241.78,0.4524,1.3574,239.58,242.46,243.3,419.64,419.5,417.14,418.71,0.0,1.3574,0.0,0.0,0.3194,0.0,0.0732,0,0.0732,0,0.3291,0,0.3291,0,0.9747,1,0.9747,1,49.9,327.36,205.01,0,1,2025-10-01 20:39:30,19.6,78.3,,0,0,,1
2025-10-01 20:40:15,239.74,0.3189,241.8,0.4518,1.3555,239.67,242.47,243.26,419.84,419.66,416.88,418.64,0.0,1.3555,0.0,0.0,0.3189,0.0,0.0733,0,0.0733,0,0.3287,0,0.3287,0,0.9746,1,0.9746,1,49.8,327.37,205.01,0,1,2025-10-01 20:40:15,19.7,80.2,,0,0,,1
2025-10-01 20:41:00,239.75,0.3196,241.89,0.4524,1.3574,239.62,242.72,243.34,419.93,419.49,417.45,419,0.0,1.3574,0.0,0.0,0.3196,0.0,0.0735,0,0.0735,0,0.3295,0,0.3295,0,0.9745,1,0.9745,1,49.9,327.37,205.01,0,1,2025-10-01 20:41:00,19.7,81.9,,0,0,,1
2025-10-01 20:41:45,239.75,0.3187,241.82,0.4515,1.3547,239.7,242.56,243.22,419.89,419.27,417.36,418.87,0.0,1.3547,0.0,0.0,0.3187,0.0,0.0738,0,0.0738,0,0.3286,0,0.3286,0,0.9742,1,0.9742,1,49.9,327.38,205.02,0,1,2025-10-01 20:41:45,19.7,83.3,,0,0,,1
2025-10-01 20:42:30,239.75,0.3204,242.58,0.4529,1.3587,240.87,243.18,243.7,422.07,419.86,418.51,420.19,0.0,1.3587,0.0,0.0,0.3204,0.0,0.0742,0,0.0742,0,0.3304,0,0.3304,0,0.9742,1,0.9742,1,49.9,327.38,205.02,0,1,2025-10-01 20:42:30,19.8,84.5,,0,0,,1
2025-10-01 20:43:15,239.76,0.32,242.61,0.4525,1.3576,240.97,243.02,243.85,421.57,420.31,418.72,420.2,0.0,1.3576,0.0,0.0,0.32,0.0,0.074,0,0.074,0,0.3299,0,0.3299,0,0.9742,1,0.9742,1,49.9,327.39,205.02,0,1,2025-10-01 20:43:15,19.8,85.5,,0,0,,1
2025-10-01 20:44:00,239.76,0.32,242.67,0.4525,1.3575,240.96,243.07,243.99,421.93,419.89,419.08,420.33,0.0,1.3575,0.0,0.0,0.32,0.0,0.074,0,0.074,0,0.33,0,0.33,0,0.9742,1,0.9742,1,49.9,327.39,205.02,0,1,2025-10-01 20:44:00,19.9,86.5,,0,0,,1
2025-10-01 20:44:45,239.77,0.3194,242.68,0.4519,1.3557,240.99,242.94,244.12,421.25,420.2,419.52,420.18,0.0,1.3557,0.0,0.0,0.3194,0.0,0.0739,0,0.0739,0,0.3294,0,0.3294,0,0.9742,1,0.9742,1,49.9,327.39,205.02,0,1,2025-10-01 20:44:45,19.9,87.4,,0,0,,1
2025-10-01 20:45:30,239.77,0.3191,242.63,0.4516,1.355,240.91,242.87,244.11,421.06,420.56,419.08,420.24,0.0,1.355,0.0,0.0,0.3191,0.0,0.074,0,0.074,0,0.3291,0,0.3291,0,0.9741,1,0.9741,1,49.9,327.4,205.02,0,1,2025-10-01 20:45:30,20.0,88,,0,0,,1
2025-10-01 20:46:15,239.77,0.3188,242.57,0.4513,1.3541,240.73,242.96,244.02,421.19,420.59,418.6,420.13,0.0,1.3541,0.0,0.0,0.3188,0.0,0.0747,0,0.0747,0,0.329,0,0.329,0,0.9736,1,0.9736,1,49.8,327.4,205.02,0,1,2025-10-01 20:46:15,20.0,88.6,,0,0,,1
2025-10-01 20:47:00,239.78,0.3185,242.5,0.4509,1.3529,240.64,242.98,243.88,421.07,420.33,418.62,420.03,0.0,1.3529,0.0,0.0,0.3185,0.0,0.075,0,0.075,0,0.3287,0,0.3287,0,0.9733,1,0.9733,1,49.8,327.41,205.02,0,1,2025-10-01 20:47:00,20.4,89.2,,0,0,,1
2025-10-01 20:47:45,239.78,0.3186,242.43,0.4512,1.3536,240.66,242.9,243.74,421.17,419.92,418.57,419.97,0.0,1.3536,0.0,0.0,0.3186,0.0,0.0748,0,0.0748,0,0.3288,0,0.3288,0,0.9735,1,0.9735,1,49.8,327.41,205.02,0,1,2025-10-01 20:47:45,20.5,89.6,,0,0,,1
2025-10-01 20:48:30,239.79,0.3182,242.29,0.451,1.3532,240.46,242.74,243.68,420.97,420.07,417.89,419.6,0.0,1.3532,0.0,0.0,0.3182,0.0,0.0753,0,0.0753,0,0.3285,0,0.3285,0,0.9731,1,0.9731,1,49.8,327.41,205.02,0,1,2025-10-01 20:48:30,20.5,90.1,,0,0,,1
2025-10-01 20:49:15,239.79,0.3179,242.28,0.4506,1.352,240.61,242.72,243.51,420.97,419.54,418.36,419.65,0.0,1.352,0.0,0.0,0.3179,0.0,0.0752,0,0.0752,0,0.3282,0,0.3282,0,0.9731,1,0.9731,1,49.8,327.42,205.03,0,1,2025-10-01 20:49:15,20.5,90.5,,0,0,,1
2025-10-01 20:50:00,239.79,0.3177,242.29,0.4505,1.3515,240.5,242.68,243.71,420.87,419.31,418.77,419.63,0.0,1.3515,0.0,0.0,0.3177,0.0,0.0752,0,0.0752,0,0.328,0,0.328,0,0.9731,1,0.9731,1,49.8,327.42,205.03,0,1,2025-10-01 20:50:00,20.6,90.8,,0,0,,1
2025-10-01 20:50:45,239.8,0.3184,242.34,0.4509,1.3529,240.56,242.86,243.6,421.02,419.92,418.24,419.71,0.0,1.3529,0.0,0.0,0.3184,0.0,0.0749,0,0.0749,0,0.3286,0,0.3286,0,0.9734,1,0.9734,1,49.8,327.43,205.03,0,1,2025-10-01 20:50:45,20.6,91,,0,0,,1
2025-10-01 20:51:30,239.8,0.3182,242.32,0.4506,1.3519,240.52,242.85,243.61,420.91,419.89,418.31,419.64,0.0,1.3519,0.0,0.0,0.3182,0.0,0.0749,0,0.0749,0,0.3283,0,0.3283,0,0.9733,1,0.9733,1,49.8,327.43,205.03,0,1,2025-10-01 20:51:30,20.6,91.3,,0,0,,1
2025-10-01 20:52:15,239.81,0.3184,242.37,0.4508,1.3524,240.58,242.99,243.55,421.18,420.14,418.04,419.67,0.0,1.3524,0.0,0.0,0.3184,0.0,0.0751,0,0.0751,0,0.3286,0,0.3286,0,0.9733,1,0.9733,1,49.8,327.43,205.03,0,1,2025-10-01 20:52:15,20.7,91.6,,0,0,,1
2025-10-01 20:53:00,239.81,0.318,242.24,0.4504,1.3513,240.48,242.87,243.37,421.04,420.01,417.61,419.6,0.0,1.3513,0.0,0.0,0.318,0.0,0.075,0,0.075,0,0.3282,0,0.3282,0,0.9732,1,0.9732,1,49.8,327.44,205.03,0,1,2025-10-01 20:53:00,20.7,91.8,,0,0,,1
2025-10-01 20:53:45,239.81,0.3182,242.46,0.4506,1.352,240.55,242.98,243.85,420.85,420.49,418.48,419.94,0.0,1.352,0.0,0.0,0.3182,0.0,0.0753,0,0.0753,0,0.3285,0,0.3285,0,0.9731,1,0.9731,1,49.8,327.44,205.03,0,1,2025-10-01 20:53:45,20.7,92,,0,0,,1
2025-10-01 20:54:30,239.82,0.3182,243.26,0.4505,1.3515,243.17,242.74,243.88,422.8,420.03,421.17,421.46,0.0,1.3515,0.0,0.0,0.3182,0.0,0.0737,0,0.0737,0,0.3281,0,0.3281,0,0.9742,1,0.9742,1,49.8,327.45,205.03,0,1,2025-10-01 20:55:15,20.8,92.4,,0,0,,1
2025-10-01 20:55:15,239.82,0.3186,243.42,0.4507,1.3523,243.38,242.96,243.94,423.2,421.01,420.64,421.63,0.0,1.3523,0.0,0.0,0.3186,0.0,0.074,0,0.074,0,0.3286,0,0.3286,0,0.974,1,0.974,1,49.9,327.45,205.03,0,1,2025-10-01 20:55:15,20.8,92.4,,0,0,,1
2025-10-01 20:56:00,239.82,0.3189,243.56,0.4509,1.3528,243.64,243.06,243.98,422.82,421.8,420.92,421.85,0.0,1.3528,0.0,0.0,0.3189,0.0,0.0737,0,0.0737,0,0.3288,0,0.3288,0,0.9743,1,0.9743,1,49.9,327.45,205.03,0,1,2025-10-01 20:56:00,20.8,92.6,,0,0,,1
2025-10-01 20:56:45,239.83,0.3193,243.55,0.4513,1.3541,243.74,243.08,243.84,423.83,421.08,420.58,421.81,0.0,1.3541,0.0,0.0,0.3193,0.0,0.0736,0,0.0736,0,0.3292,0,0.3292,0,0.9744,1,0.9744,1,49.9,327.46,205.03,0,1,2025-10-01 20:56:45,21.2,92.8,,0,0,,1
2025-10-01 20:57:30,239.83,0.3172,242.57,0.4495,1.3486,242.03,242.32,243.37,420.24,421.23,418.95,420.01,0.0,1.3486,0.0,0.0,0.3172,0.0,0.0723,0,0.0723,0,0.3268,0,0.3268,0,0.975,1,0.975,1,49.9,327.46,205.04,0,1,2025-10-01 20:57:30,21.2,92.9,,0,0,,1
2025-10-01 20:58:15,239.84,0.3179,242.84,0.4499,1.3499,242.34,242.56,243.64,422.63,420.55,418.62,420.57,0.0,1.3499,0.0,0.0,0.3179,0.0,0.0724,0,0.0724,0,0.3274,0,0.3274,0,0.975,1,0.975,1,49.9,327.47,205.04,0,1,2025-10-01 20:58:15,21.2,93,,0,0,,1
2025-10-01 20:59:00,239.84,0.3182,243.06,0.4501,1.3503,242.56,242.79,243.83,421.98,421.07,419.89,420.96,0.0,1.3503,0.0,0.0,0.3182,0.0,0.0728,0,0.0728,0,0.3278,0,0.3278,0,0.9748,1,0.9748,1,50,327.47,205.04,0,1,2025-10-01 20:59:00,21.3,93.1,,0,0,,1
2025-10-01 21:00:30,239.92,3.7511,242.37,7.5873,22.761900000000004,241.48,242.28,243.35,420.69,420.48,418.18,419.76,7.8995,8.3816,6.4808,1.3752,1.386,0.9899,4.0134,1.3139,1.4763,1.2232,5.5154,1.9076,2.0307,1.5771,0.6828,0.723,0.6844,0.629,49.9,327.59,205.13,1,1,2025-10-01 21:00:30,21.2,89.1,,1,0,,0
2025-10-01 21:01:15,239.97,3.7502,242.52,7.5863,22.7591,241.65,242.45,243.47,421.16,420.31,418.68,420.09,7.9032,8.3798,6.4761,1.376,1.3853,0.9889,4.0186,1.3164,1.4784,1.2238,5.5182,1.9098,2.0317,1.5767,0.6822,0.7225,0.6837,0.6285,50,327.66,205.17,1,1,2025-10-01 21:01:15,20.7,84.1,,1,0,,0
2025-10-01 21:02:00,240.02,3.752,243.1,7.6099,22.8299,242.98,242.72,243.6,423.48,420.69,418.95,421.03,7.9882,8.4148,6.4269,1.3975,1.3725,0.982,4.0573,1.3384,1.5044,1.2145,5.549,1.941,2.0424,1.5656,0.6789,0.7222,0.6739,0.6287,50,327.73,205.23,1,1,2025-10-01 21:02:00,20.6,79.6,,1,0,,0
2025-10-01 21:02:45,240.06,3.7093,242.86,7.5582,22.674799999999998,242.56,242.59,243.44,423.38,419.86,418.64,420.62,7.8829,8.3733,6.4186,1.3718,1.3689,0.9686,4.0377,1.3233,1.4928,1.2215,5.5059,1.9121,2.0313,1.5625,0.6765,0.7196,0.6758,0.6213,50,327.8,205.28,1,1,2025-10-01 21:02:45,20.5,76.1,,1,0,,0
2025-10-01 21:03:30,240.11,3.7002,242.96,7.5501,22.650399999999998,242.76,242.44,243.7,422.54,419.89,420.02,420.79,7.9024,8.3219,6.4261,1.3679,1.3567,0.9756,4.0434,1.3369,1.4858,1.2206,5.502,1.9184,2.0176,1.566,0.6751,0.7151,0.6743,0.6243,50,327.87,205.32,1,1,2025-10-01 21:03:30,19.9,73.1,,1,0,,0
2025-10-01 21:04:15,240.16,0.3268,243.88,0.4595,1.3785,243.95,243.35,244.34,424.13,421.63,421.44,422.45,0.0,1.3785,0.0,0.0,0.3268,0.0,0.0695,0,0.0695,0,0.3355,0,0.3355,0,0.9781,1,0.9781,1,50,327.94,205.38,0,1,2025-10-01 21:04:15,19.8,70.5,,0,0,,1
2025-10-01 21:05:00,240.16,0.324,244,0.4562,1.3686,244,243.4,244.6,424.48,422.41,420.91,422.56,0.0,1.3686,0.0,0.0,0.324,0.0,0.0711,0,0.0711,0,0.3331,0,0.3331,0,0.9767,1,0.9767,1,50,327.94,205.38,0,1,2025-10-01 21:05:00,19.6,70.7,,0,0,,1
2025-10-01 21:05:45,240.16,0.3236,244.11,0.4556,1.367,244.12,243.45,244.78,424.81,422.49,421.1,422.83,0.0,1.367,0.0,0.0,0.3236,0.0,0.0714,0,0.0714,0,0.3328,0,0.3328,0,0.9765,1,0.9765,1,50,327.95,205.38,0,1,2025-10-01 21:05:45,19.2,73.5,,0,0,,1
2025-10-01 21:06:30,240.17,0.3228,244.01,0.4548,1.3645,244.05,243.36,244.62,424.28,422.15,421.43,422.66,0.0,1.3645,0.0,0.0,0.3228,0.0,0.0717,0,0.0717,0,0.3321,0,0.3321,0,0.9762,1,0.9762,1,50,327.95,205.38,0,1,2025-10-01 21:06:30,19.2,76.4,,0,0,,1
2025-10-01 21:07:15,240.17,0.3219,243.75,0.4541,1.3624,243.92,243.17,244.17,424.21,421.54,420.78,422.2,0.0,1.3624,0.0,0.0,0.3219,0.0,0.0721,0,0.0721,0,0.3313,0,0.3313,0,0.9757,1,0.9757,1,50,327.96,205.38,0,1,2025-10-01 21:07:15,19.2,78.8,,0,0,,1
2025-10-01 21:08:00,240.18,0.3219,243.83,0.4539,1.3619,243.8,243.3,244.41,424.28,421.71,420.97,422.4,0.0,1.3619,0.0,0.0,0.3219,0.0,0.0723,0,0.0723,0,0.3314,0,0.3314,0,0.9756,1,0.9756,1,50,327.96,205.38,0,1,2025-10-01 21:08:00,19.6,80.8,,0,0,,1
2025-10-01 21:08:45,240.18,0.3222,243.8,0.4543,1.3629,243.62,243.39,244.39,424.8,421.55,420.4,422.28,0.0,1.3629,0.0,0.0,0.3222,0.0,0.0726,0,0.0726,0,0.3317,0,0.3317,0,0.9755,1,0.9755,1,50,327.96,205.38,0,1,2025-10-01 21:08:45,19.7,82.4,,0,0,,1
2025-10-01 21:09:30,240.18,0.3217,244.06,0.4536,1.361,244.04,243.41,244.73,424.67,422.2,421.24,422.92,0.0,1.361,0.0,0.0,0.3217,0.0,0.0727,0,0.0727,0,0.3313,0,0.3313,0,0.9753,1,0.9753,1,50,327.97,205.38,0,1,2025-10-01 21:09:30,19.7,83.7,,0,0,,1
2025-10-01 21:10:15,240.19,0.3218,243.87,0.4538,1.3615,243.86,243.3,244.45,423.94,421.86,421.34,422.36,0.0,1.3615,0.0,0.0,0.3218,0.0,0.0722,0,0.0722,0,0.3313,0,0.3313,0,0.9757,1,0.9757,1,50,327.97,205.39,0,1,2025-10-01 21:10:15,19.8,84.8,,0,0,,1
2025-10-01 21:11:00,240.19,0.3214,243.61,0.4535,1.3607,243.51,243.09,244.23,423.75,421.7,420.32,421.95,0.0,1.3607,0.0,0.0,0.3214,0.0,0.072,0,0.072,0,0.3308,0,0.3308,0,0.9758,1,0.9758,1,50,327.98,205.39,0,1,2025-10-01 21:11:00,19.8,85.8,,0,0,,1
2025-10-01 21:11:45,240.2,0.3218,244.1,0.4536,1.361,244.15,243.48,244.68,423.99,422.58,421.78,422.74,0.0,1.361,0.0,0.0,0.3218,0.0,0.0727,0,0.0727,0,0.3314,0,0.3314,0,0.9753,1,0.9753,1,50,327.98,205.39,0,1,2025-10-01 21:11:45,19.9,86.7,,0,0,,1
2025-10-01 21:12:30,240.2,0.3213,244.01,0.4532,1.3596,243.94,243.49,244.62,424.75,421.93,421.21,422.75,0.0,1.3596,0.0,0.0,0.3213,0.0,0.0732,0,0.0732,0,0.331,0,0.331,0,0.975,1,0.975,1,50,327.98,205.39,0,1,2025-10-01 21:12:30,19.9,87.4,,0,0,,1
2025-10-01 21:13:15,240.2,0.3215,244.17,0.4533,1.3599,244.21,243.59,244.72,424.59,422.44,421.69,422.87,0.0,1.3599,0.0,0.0,0.3215,0.0,0.0734,0,0.0734,0,0.3313,0,0.3313,0,0.9748,1,0.9748,1,50,327.99,205.39,0,1,2025-10-01 21:13:15,19.9,88.2,,0,0,,1
2025-10-01 21:14:00,240.21,0.3214,244.17,0.4531,1.3593,244.26,243.59,244.66,424.72,422.33,421.65,422.88,0.0,1.3593,0.0,0.0,0.3214,0.0,0.0733,0,0.0733,0,0.3311,0,0.3311,0,0.9749,1,0.9749,1,50,327.99,205.39,0,1,2025-10-01 21:14:00,20.0,88.8,,0,0,,1
2025-10-01 21:14:45,240.21,0.3217,244.2,0.4534,1.3604,244.21,243.7,244.71,424.75,422.31,421.83,422.99,0.0,1.3604,0.0,0.0,0.3217,0.0,0.0735,0,0.0735,0,0.3315,0,0.3315,0,0.9748,1,0.9748,1,50,328,205.39,0,1,2025-10-01 21:14:45,20.4,89.4,,0,0,,1
2025-10-01 21:15:30,240.22,0.3225,244.5,0.454,1.3621,244.6,243.98,244.93,425.03,423.38,422.02,423.45,0.0,1.3621,0.0,0.0,0.3225,0.0,0.0734,0,0.0734,0,0.3323,0,0.3323,0,0.975,1,0.975,1,50,328,205.39,0,1,2025-10-01 21:15:30,20.5,89.9,,0,0,,1
2025-10-01 21:16:15,240.22,0.321,243.75,0.4527,1.3583,243.5,243.49,244.27,424.03,422.21,420.28,422.29,0.0,1.3583,0.0,0.0,0.321,0.0,0.0728,0,0.0728,0,0.3307,0,0.3307,0,0.9752,1,0.9752,1,50,328,205.39,0,1,2025-10-01 21:16:15,20.5,90.3,,0,0,,1
2025-10-01 21:17:00,240.22,0.3211,243.92,0.4528,1.3584,243.74,243.51,244.51,424.14,422.28,420.98,422.42,0.0,1.3584,0.0,0.0,0.3211,0.0,0.0727,0,0.0727,0,0.3308,0,0.3308,0,0.9752,1,0.9752,1,50.1,328.01,205.39,0,1,2025-10-01 21:17:00,20.5,90.7,,0,0,,1
2025-10-01 21:17:45,240.23,0.3213,243.83,0.4529,1.3588,243.76,243.52,244.23,424.38,421.83,420.75,422.36,0.0,1.3588,0.0,0.0,0.3213,0.0,0.0724,0,0.0724,0,0.3309,0,0.3309,0,0.9755,1,0.9755,1,50,328.01,205.39,0,1,2025-10-01 21:17:45,20.6,91.1,,0,0,,1
2025-10-01 21:18:30,240.23,0.3198,243.72,0.4517,1.3552,243.71,242.96,244.5,423.82,421.12,421.43,422.19,0.0,1.3552,0.0,0.0,0.3198,0.0,0.0718,0,0.0718,0,0.3293,0,0.3293,0,0.9757,1,0.9757,1,50.1,328.02,205.39,0,1,2025-10-01 21:18:30,20.6,91.4,,0,0,,1
2025-10-01 21:19:15,240.24,0.3202,243.88,0.4521,1.3564,243.81,243.06,244.78,423.87,422.12,421.21,422.33,0.0,1.3564,0.0,0.0,0.3202,0.0,0.072,0,0.072,0,0.3297,0,0.3297,0,0.9756,1,0.9756,1,50,328.02,205.4,0,1,2025-10-01 21:19:15,20.6,91.6,,0,0,,1
2025-10-01 21:20:00,240.24,0.3209,243.82,0.4524,1.3573,243.52,243.57,244.39,424.21,421.89,420.81,422.26,0.0,1.3573,0.0,0.0,0.3209,0.0,0.0729,0,0.0729,0,0.3306,0,0.3306,0,0.9751,1,0.9751,1,50,328.03,205.4,0,1,2025-10-01 21:20:00,20.7,91.9,,0,0,,1
2025-10-01 21:20:45,240.24,0.3221,244.51,0.4534,1.3602,244.54,244.03,244.97,425.41,423.65,421.41,423.52,0.0,1.3602,0.0,0.0,0.3221,0.0,0.0736,0,0.0736,0,0.3319,0,0.3319,0,0.9748,1,0.9748,1,50,328.03,205.4,0,1,2025-10-01 21:20:45,20.7,92.2,,0,0,,1
2025-10-01 21:21:30,240.25,0.3223,244.71,0.4534,1.3602,244.87,244.2,245.07,425.37,424.27,421.88,423.86,0.0,1.3602,0.0,0.0,0.3223,0.0,0.0737,0,0.0737,0,0.3322,0,0.3322,0,0.9748,1,0.9748,1,50,328.03,205.4,0,1,2025-10-01 21:21:30,20.7,92.3,,0,0,,1
2025-10-01 21:22:15,240.25,0.3218,244.61,0.4531,1.3593,244.69,243.95,245.2,425.2,423.32,422.48,423.67,0.0,1.3593,0.0,0.0,0.3218,0.0,0.0735,0,0.0735,0,0.3316,0,0.3316,0,0.9748,1,0.9748,1,50,328.04,205.4,0,1,2025-10-01 21:22:15,20.7,92.5,,0,0,,1
2025-10-01 21:23:00,240.26,0.3221,244.85,0.4531,1.3595,245.02,244.19,245.35,425.88,423.56,422.8,424.07,0.0,1.3595,0.0,0.0,0.3221,0.0,0.0738,0,0.0738,0,0.332,0,0.332,0,0.9747,1,0.9747,1,50,328.04,205.4,0,1,2025-10-01 21:23:00,20.8,92.7,,0,0,,1
2025-10-01 21:23:45,240.26,0.3222,244.83,0.4532,1.3596,245.08,244.21,245.2,426.1,423.79,422.23,424.02,0.0,1.3596,0.0,0.0,0.3222,0.0,0.0737,0,0.0737,0,0.332,0,0.332,0,0.9747,1,0.9747,1,50,328.05,205.4,0,1,2025-10-01 21:23:45,21.2,92.8,,0,0,,1
2025-10-01 21:24:30,240.26,0.3219,244.72,0.4527,1.3583,244.96,244.26,244.94,426.46,423.67,421.41,423.87,0.0,1.3583,0.0,0.0,0.3219,0.0,0.0737,0,0.0737,0,0.3318,0,0.3318,0,0.9747,1,0.9747,1,50,328.05,205.4,0,1,2025-10-01 21:24:30,21.2,93,,0,0,,1
2025-10-01 21:25:15,240.27,0.3223,244.69,0.4532,1.3598,244.89,244.21,244.98,425.75,423.57,422.09,423.93,0.0,1.3598,0.0,0.0,0.3223,0.0,0.0733,0,0.0733,0,0.3321,0,0.3321,0,0.975,1,0.975,1,50.1,328.05,205.4,0,1,2025-10-01 21:25:15,21.2,93.1,,0,0,,1
2025-10-01 21:26:00,240.27,0.3222,244.7,0.4531,1.3595,244.77,244.24,245.1,425.91,423.05,422.5,423.9,0.0,1.3595,0.0,0.0,0.3222,0.0,0.0736,0,0.0736,0,0.332,0,0.332,0,0.9748,1,0.9748,1,50,328.06,205.4,0,1,2025-10-01 21:26:00,21.3,93.2,,0,0,,1
2025-10-01 21:26:45,240.28,0.3219,244.59,0.4528,1.3585,244.55,244.23,244.99,425.47,423.44,421.96,423.68,0.0,1.3585,0.0,0.0,0.3219,0.0,0.0738,0,0.0738,0,0.3318,0,0.3318,0,0.9747,1,0.9747,1,50,328.06,205.41,0,1,2025-10-01 21:26:45,21.3,93.3,,0,0,,1
2025-10-01 21:27:30,240.3,3.7754,243.78,7.6651,22.9955,243.53,243.39,244.43,424.12,422.41,420.14,422.26,7.9801,8.467,6.5484,1.3902,1.3897,0.9955,4.1108,1.3489,1.5134,1.2485,5.6048,1.9434,2.0608,1.6006,0.6764,0.7176,0.6763,0.6234,50,328.11,205.43,1,1,2025-10-01 21:27:30,21.3,93.2,,1,0,,0
2025-10-01 21:29:00,240.4,3.7623,243.73,7.6484,22.9454,243.75,243.18,244.28,423.59,421.95,420.91,422.1,7.9993,8.4353,6.5108,1.3932,1.3772,0.9919,4.1058,1.3552,1.5122,1.2384,5.5916,1.9498,2.0513,1.5905,0.6755,0.7168,0.6733,0.6251,50,328.25,205.54,1,1,2025-10-01 21:29:00,20.7,85.1,,1,0,,0
2025-10-01 21:29:45,240.45,3.7455,243.82,7.6262,22.8788,243.95,243.28,244.25,423.71,421.73,421.49,422.31,7.9623,8.4408,6.4757,1.3893,1.3763,0.9799,4.0996,1.348,1.5153,1.2363,5.5776,1.9424,2.0535,1.5817,0.6744,0.7176,0.6723,0.6211,50,328.32,205.59,1,1,2025-10-01 21:29:45,20.6,80.4,,1,0,,0
2025-10-01 21:30:30,240.49,3.7276,244.02,7.6063,22.8189,244.16,243.44,244.48,424.27,422.68,421,422.62,7.9411,8.4154,6.4624,1.3823,1.3701,0.9752,4.1031,1.3503,1.5148,1.238,5.5675,1.9389,2.0486,1.5799,0.6724,0.7153,0.6708,0.6188,50,328.38,205.64,1,1,2025-10-01 21:30:30,20.5,76.7,,1,0,,0
2025-10-01 21:31:15,240.54,3.7184,244.06,7.6058,22.8176,244.17,243.41,244.61,424.94,422.64,420.54,422.7,7.9313,8.3932,6.4931,1.3733,1.3663,0.9788,4.1123,1.356,1.5105,1.2457,5.5679,1.9366,2.043,1.5883,0.6706,0.7115,0.6708,0.6178,50,328.46,205.69,1,1,2025-10-01 21:31:15,20.0,73.7,,1,0,,0
2025-10-01 21:32:00,240.59,3.7009,243.92,7.5915,22.7745,244.05,243.21,244.5,423.52,422.86,421.02,422.46,7.9285,8.3658,6.4802,1.3684,1.3569,0.9756,4.1117,1.3595,1.5084,1.2439,5.554,1.935,2.0346,1.5844,0.669,0.7094,0.6687,0.6171,50,328.53,205.74,1,1,2025-10-01 21:32:00,19.8,71.3,,1,0,,0
2025-10-01 21:32:45,240.62,0.3265,244.69,0.4586,1.3758,244.96,243.94,245.18,425.34,423.17,422.91,423.75,0.0,1.3758,0.0,0.0,0.3265,0.0,0.071,0,0.071,0,0.3356,0,0.3356,0,0.9771,1,0.9771,1,50,328.58,205.78,0,1,2025-10-01 21:32:45,19.7,69.1,,0,0,,1
2025-10-01 21:33:30,240.63,0.3253,244.93,0.4569,1.3709,245.25,244.2,245.35,425.91,423.88,422.88,424.21,0.0,1.3709,0.0,0.0,0.3253,0.0,0.0723,0,0.0723,0,0.3348,0,0.3348,0,0.9761,1,0.9761,1,50,328.58,205.78,0,1,2025-10-01 21:33:30,19.2,70.2,,0,0,,1
2025-10-01 21:34:15,240.63,0.3248,245.01,0.4561,1.3685,245.31,244.35,245.39,426.03,423.74,423.34,424.33,0.0,1.3685,0.0,0.0,0.3248,0.0,0.0729,0,0.0729,0,0.3344,0,0.3344,0,0.9757,1,0.9757,1,50,328.59,205.78,0,1,2025-10-01 21:34:15,19.1,72.9,,0,0,,1
2025-10-01 21:35:00,240.63,0.3246,244.92,0.4559,1.3679,245.18,244.34,245.25,426.15,423.52,422.95,424.2,0.0,1.3679,0.0,0.0,0.3246,0.0,0.0731,0,0.0731,0,0.3342,0,0.3342,0,0.9755,1,0.9755,1,50,328.59,205.79,0,1,2025-10-01 21:35:00,19.1,75.7,,0,0,,1
2025-10-01 21:35:45,240.64,0.3243,245.18,0.4556,1.3669,245.51,244.42,245.61,426.23,424.23,423.48,424.66,0.0,1.3669,0.0,0.0,0.3243,0.0,0.0738,0,0.0738,0,0.3341,0,0.3341,0,0.975,1,0.975,1,50,328.6,205.79,0,1,2025-10-01 21:35:45,19.2,78,,0,0,,1
2025-10-01 21:36:30,240.64,0.324,245.13,0.4552,1.3658,245.53,244.4,245.46,426.23,424.05,423.4,424.67,0.0,1.3658,0.0,0.0,0.324,0.0,0.0737,0,0.0737,0,0.3338,0,0.3338,0,0.975,1,0.975,1,50,328.6,205.79,0,1,2025-10-01 21:36:30,19.2,80,,0,0,,1
2025-10-01 21:37:15,240.65,0.3231,244.83,0.4547,1.3641,245.23,244.16,245.1,425.76,424.08,422.27,424,0.0,1.3641,0.0,0.0,0.3231,0.0,0.0741,0,0.0741,0,0.3331,0,0.3331,0,0.9746,1,0.9746,1,50,328.6,205.79,0,1,2025-10-01 21:37:15,19.6,81.5,,0,0,,1
2025-10-01 21:38:00,240.65,0.3229,244.2,0.4544,1.3634,243.76,243.98,244.88,425.08,422.61,421.19,423.06,0.0,1.3634,0.0,0.0,0.3229,0.0,0.0735,0,0.0735,0,0.3326,0,0.3326,0,0.975,1,0.975,1,50,328.61,205.79,0,1,2025-10-01 21:38:00,19.7,82.8,,0,0,,1
2025-10-01 21:38:45,240.66,0.3229,244.64,0.4548,1.3645,244.4,244.27,245.26,425.83,423.4,421.91,423.65,0.0,1.3645,0.0,0.0,0.3229,0.0,0.0742,0,0.0742,0,0.3333,0,0.3333,0,0.9745,1,0.9747,1,50,328.61,205.79,0,1,2025-10-01 21:38:45,19.7,84.1,,0,0,,1
2025-10-01 21:39:30,240.66,0.3223,244.72,0.4539,1.3617,244.91,244.02,245.25,426.41,422.93,422.22,423.75,0.0,1.3617,0.0,0.0,0.3223,0.0,0.0741,0,0.0741,0,0.3323,0,0.3323,0,0.9745,1,0.9744,1,50,328.62,205.79,0,1,2025-10-01 21:39:30,19.8,85.2,,0,0,,1
2025-10-01 21:40:15,240.66,0.3229,244.99,0.4539,1.3617,245.1,244.26,245.61,425.83,423.82,423.31,424.34,0.0,1.3617,0.0,0.0,0.3229,0.0,0.0743,0,0.0743,0,0.3326,0,0.3326,0,0.9745,1,0.9745,1,50,328.62,205.79,0,1,2025-10-01 21:40:15,19.8,86,,0,0,,1
2025-10-01 21:41:00,240.67,0.3231,245.24,0.4542,1.3627,245.4,244.46,245.88,426.62,424.38,423.28,424.81,0.0,1.3627,0.0,0.0,0.3231,0.0,0.0743,0,0.0743,0,0.3331,0,0.3331,0,0.9745,1,0.9745,1,50,328.63,205.79,0,1,2025-10-01 21:41:00,19.9,86.9,,0,0,,1
2025-10-01 21:41:45,240.67,0.3234,245.35,0.4545,1.3637,245.44,244.59,246.03,426.26,424.53,424.06,424.95,0.0,1.3637,0.0,0.0,0.3234,0.0,0.0746,0,0.0746,0,0.3335,0,0.3335,0,0.9744,1,0.9744,1,50,328.63,205.79,0,1,2025-10-01 21:41:45,19.9,87.6,,0,0,,1
2025-10-01 21:42:30,240.68,0.3241,245.79,0.455,1.365,246.3,244.89,246.19,427.51,425.05,424.57,425.71,0.0,1.365,0.0,0.0,0.3241,0.0,0.075,0,0.075,0,0.3343,0,0.3343,0,0.9742,1,0.9742,1,50,328.63,205.79,0,1,2025-10-01 21:42:30,19.9,88.2,,0,0,,1
2025-10-01 21:43:15,240.68,0.3229,245.23,0.454,1.3621,245.54,244.52,245.63,426.92,423.69,423.59,424.78,0.0,1.3621,0.0,0.0,0.3229,0.0,0.0747,0,0.0747,0,0.3331,0,0.3331,0,0.9742,1,0.9742,1,50,328.64,205.8,0,1,2025-10-01 21:43:15,20.0,88.8,,0,0,,1
2025-10-01 21:44:00,240.68,0.3238,245.51,0.4545,1.3636,245.63,244.87,246.05,427.06,424.54,424.09,425.19,0.0,1.3636,0.0,0.0,0.3238,0.0,0.0749,0,0.0749,0,0.3339,0,0.3339,0,0.9742,1,0.9742,1,50,328.64,205.8,0,1,2025-10-01 21:44:00,20.4,89.3,,0,0,,1
2025-10-01 21:44:45,240.69,0.3232,245.47,0.454,1.362,245.62,244.81,245.98,426.64,424.65,424.17,425.15,0.0,1.362,0.0,0.0,0.3232,0.0,0.0752,0,0.0752,0,0.3334,0,0.3334,0,0.9739,1,0.9739,1,50,328.65,205.8,0,1,2025-10-01 21:44:45,20.4,89.7,,0,0,,1
2025-10-01 21:45:30,240.69,0.323,245.33,0.4541,1.3623,245.42,244.68,245.9,426.65,424.46,423.62,424.94,0.0,1.3623,0.0,0.0,0.323,0.0,0.0754,0,0.0754,0,0.3333,0,0.3333,0,0.9738,1,0.9738,1,50,328.65,205.8,0,1,2025-10-01 21:45:30,20.5,90.1,,0,0,,1
2025-10-01 21:46:15,240.7,0.3232,245.31,0.4541,1.3625,245.5,244.68,245.76,426.45,424.31,423.88,424.96,0.0,1.3625,0.0,0.0,0.3232,0.0,0.0751,0,0.0751,0,0.3334,0,0.3334,0,0.974,1,0.974,1,50,328.65,205.8,0,1,2025-10-01 21:46:15,20.5,90.5,,0,0,,1
2025-10-01 21:47:00,240.7,0.3233,245.42,0.4541,1.3625,245.69,244.8,245.79,427.08,424.26,423.89,425.05,0.0,1.3625,0.0,0.0,0.3233,0.0,0.0751,0,0.0751,0,0.3335,0,0.3335,0,0.974,1,0.974,1,50,328.66,205.8,0,1,2025-10-01 21:47:00,20.5,90.8,,0,0,,1
2025-10-01 21:47:45,240.7,0.3234,245.69,0.4539,1.3619,245.81,245.02,246.25,426.99,425.09,424.54,425.45,0.0,1.3619,0.0,0.0,0.3234,0.0,0.0752,0,0.0752,0,0.3337,0,0.3337,0,0.974,1,0.974,1,50,328.66,205.8,0,1,2025-10-01 21:47:45,20.6,91.2,,0,0,,1
2025-10-01 21:48:30,240.71,0.3236,245.72,0.4541,1.3624,245.85,245.05,246.28,427.2,425.11,424.48,425.53,0.0,1.3624,0.0,0.0,0.3236,0.0,0.0754,0,0.0754,0,0.3339,0,0.3339,0,0.9739,1,0.9739,1,50,328.67,205.8,0,1,2025-10-01 21:48:30,20.6,91.4,,0,0,,1
2025-10-01 21:49:15,240.71,0.3238,245.82,0.4543,1.3629,245.97,245.14,246.35,427.8,424.85,424.61,425.81,0.0,1.3629,0.0,0.0,0.3238,0.0,0.0757,0,0.0757,0,0.3341,0,0.3341,0,0.9737,1,0.9737,1,50,328.67,205.8,0,1,2025-10-01 21:49:15,20.6,91.7,,0,0,,1
2025-10-01 21:50:00,240.72,0.3241,245.92,0.4545,1.3636,246,245.22,246.56,428.02,425.07,424.72,425.94,0.0,1.3636,0.0,0.0,0.3241,0.0,0.0752,0,0.0752,0,0.3344,0,0.3344,0,0.9741,1,0.9741,1,50,328.68,205.8,0,1,2025-10-01 21:50:00,20.7,91.9,,0,0,,1
2025-10-01 21:50:45,240.72,0.3238,245.77,0.4541,1.3625,245.91,245.21,246.21,427.57,425.31,424.16,425.7,0.0,1.3625,0.0,0.0,0.3238,0.0,0.0755,0,0.0755,0,0.3341,0,0.3341,0,0.9738,1,0.9738,1,50,328.68,205.81,0,1,2025-10-01 21:50:45,20.7,92.1,,0,0,,1
2025-10-01 21:51:30,240.72,0.3241,245.92,0.4544,1.3632,245.92,245.33,246.52,427.74,425.19,424.87,425.93,0.0,1.3632,0.0,0.0,0.3241,0.0,0.0755,0,0.0755,0,0.3344,0,0.3344,0,0.9739,1,0.9739,1,50,328.68,205.81,0,1,2025-10-01 21:51:30,20.7,92.3,,0,0,,1
2025-10-01 21:52:15,240.73,0.3238,245.66,0.4542,1.3628,245.7,245.21,246.07,427,425.47,423.98,425.42,0.0,1.3628,0.0,0.0,0.3238,0.0,0.0757,0,0.0757,0,0.3342,0,0.3342,0,0.9737,1,0.9737,1,50,328.69,205.81,0,1,2025-10-01 21:52:15,20.7,92.5,,0,0,,1
2025-10-01 21:53:00,240.73,0.3239,245.75,0.4542,1.3627,245.73,245.37,246.15,427.91,424.88,424.11,425.67,0.0,1.3627,0.0,0.0,0.3239,0.0,0.0761,0,0.0761,0,0.3344,0,0.3344,0,0.9734,1,0.9734,1,50,328.69,205.81,0,1,2025-10-01 21:53:00,20.8,92.6,,0,0,,1
2025-10-01 21:53:45,240.74,0.3233,245.77,0.4536,1.361,245.66,245.14,246.53,427.44,425.16,424.44,425.71,0.0,1.361,0.0,0.0,0.3233,0.0,0.0756,0,0.0756,0,0.3336,0,0.3336,0,0.9737,1,0.9737,1,50,328.7,205.81,0,1,2025-10-01 21:53:45,21.2,92.8,,0,0,,1
2025-10-01 21:54:30,240.74,0.325,246.43,0.455,1.3652,246.54,245.83,246.93,429.26,426.29,424.88,426.81,0.0,1.3652,0.0,0.0,0.325,0.0,0.0765,0,0.0765,0,0.3356,0,0.3356,0,0.9734,1,0.9734,1,50,328.7,205.81,0,1,2025-10-01 21:54:30,21.2,92.9,,0,0,,1
2025-10-01 21:55:15,240.74,0.3253,246.62,0.4551,1.3653,246.75,246.07,247.04,429.08,426.56,425.78,427.07,0.0,1.3653,0.0,0.0,0.3253,0.0,0.077,0,0.077,0,0.336,0,0.336,0,0.9731,1,0.9731,1,50,328.7,205.81,0,1,2025-10-01 21:55:15,21.2,93,,0,0,,1
2025-10-01 21:56:00,240.75,0.3253,246.75,0.4551,1.3655,246.82,246.01,247.44,428.94,426.92,426.28,427.35,0.0,1.3655,0.0,0.0,0.3253,0.0,0.0766,0,0.0766,0,0.3359,0,0.3359,0,0.9734,1,0.9734,1,50,328.71,205.81,0,1,2025-10-01 21:56:00,21.2,93.1,,0,0,,1
2025-10-01 21:56:45,240.75,0.3243,246.09,0.4542,1.3627,245.83,245.65,246.81,427.67,426.09,424.95,426.23,0.0,1.3627,0.0,0.0,0.3243,0.0,0.0759,0,0.0759,0,0.3347,0,0.3347,0,0.9737,1,0.9737,1,50,328.71,205.81,0,1,2025-10-01 21:56:45,21.3,93.2,,0,0,,1
2025-10-01 21:57:30,240.77,3.7089,245.45,7.6752,23.0256,245,244.85,246.5,426.37,424.64,424.34,425.04,8.0084,8.4118,6.6054,1.3632,1.3578,0.9879,4.2301,1.4015,1.5398,1.2888,5.6499,1.9621,2.0596,1.6282,0.6592,0.6972,0.6613,0.6083,50,328.74,205.83,1,1,2025-10-01 21:57:30,21.3,93.3,,1,0,,0
2025-10-01 21:58:15,240.82,3.806,245.29,7.7437,23.231299999999997,244.93,244.69,246.25,425.96,424.56,424,424.86,8.0469,8.5237,6.6607,1.3937,1.4002,1.0121,4.2055,1.3837,1.5367,1.285,5.6968,1.9709,2.0857,1.6402,0.671,0.7096,0.6735,0.6187,50,328.81,205.88,1,1,2025-10-01 21:58:15,21.3,91,,1,0,,0
2025-10-01 21:59:00,240.86,3.756,244.79,7.6741,23.0225,244.16,244.28,245.94,424.52,424.15,423.28,423.93,7.9828,8.4061,6.6336,1.3686,1.3802,1.0072,4.1666,1.3778,1.511,1.2778,5.634,1.9491,2.0534,1.6315,0.6695,0.7047,0.6744,0.619,50,328.88,205.93,1,1,2025-10-01 21:59:00,20.8,86.3,,1,0,,0
2025-10-01 21:59:45,240.91,3.764,244.8,7.6787,23.0361,244.41,243.99,246.01,425.62,423.2,423.16,424.01,8.0611,8.3747,6.6003,1.3833,1.3666,1.0141,4.1664,1.3933,1.5105,1.2627,5.6373,1.9702,2.0433,1.6237,0.6703,0.7045,0.6708,0.6261,50,328.95,205.99,1,1,2025-10-01 21:59:45,20.7,81.2,,1,0,,0
2025-10-01 22:00:30,240.96,3.7568,244.96,7.685,23.0552,244.54,244.18,246.17,425.24,423.84,423.75,424.19,8.0475,8.3894,6.6183,1.3771,1.3685,1.0111,4.1833,1.3961,1.5153,1.2719,5.6457,1.9679,2.0485,1.6292,0.6681,0.7022,0.6702,0.6222,50,329.02,206.04,1,1,2025-10-01 22:00:30,20.5,77.4,,1,0,,0
2025-10-01 22:01:15,241,3.735,245.12,7.6758,23.0276,244.59,244.67,246.12,425.59,424.52,423.56,424.54,7.9996,8.4317,6.5963,1.3701,1.3735,0.9915,4.1963,1.3868,1.5298,1.2796,5.6431,1.9566,2.063,1.6235,0.6648,0.7027,0.668,0.6124,50,329.09,206.09,1,1,2025-10-01 22:01:15,20.0,74.3,,1,0,,0
2025-10-01 22:02:00,241.05,3.7189,244.92,7.659,22.977199999999996,244.56,244.51,245.7,426.09,423.65,422.86,424.21,7.9567,8.4559,6.5646,1.3668,1.3746,0.9774,4.1885,1.3753,1.5357,1.2775,5.6264,1.9459,2.0676,1.6129,0.6639,0.7049,0.6669,0.6076,50,329.17,206.15,1,1,2025-10-01 22:02:00,19.9,71.3,,1,0,,0
2025-10-01 22:02:45,241.07,0.3267,245.71,0.4577,1.3732,245.79,245.06,246.28,426.94,425.03,424.74,425.59,0.0,1.3732,0.0,0.0,0.3267,0.0,0.074,0,0.074,0,0.3365,0,0.3365,0,0.9753,1,0.9753,1,49.9,329.18,206.16,0,1,2025-10-01 22:02:45,19.7,70.5,,0,0,,1
2025-10-01 22:03:30,241.07,0.3263,245.66,0.4575,1.3725,245.81,245,246.18,427.09,425.01,424.36,425.53,0.0,1.3725,0.0,0.0,0.3263,0.0,0.0745,0,0.0745,0,0.3363,0,0.3363,0,0.9749,1,0.9749,1,49.9,329.19,206.16,0,1,2025-10-01 22:03:30,19.6,73,,0,0,,1
2025-10-01 22:04:15,241.07,0.3255,245.65,0.4565,1.3697,245.7,244.89,246.37,427.11,424.53,424.77,425.48,0.0,1.3697,0.0,0.0,0.3255,0.0,0.0744,0,0.0744,0,0.3354,0,0.3354,0,0.9748,1,0.9748,1,49.9,329.19,206.16,0,1,2025-10-01 22:04:15,19.2,75.8,,0,0,,1
2025-10-01 22:05:00,241.08,0.3235,245.17,0.455,1.3652,245.43,244.08,246.01,426.68,423.58,423.63,424.43,0.0,1.3652,0.0,0.0,0.3235,0.0,0.0734,0,0.0734,0,0.3332,0,0.3332,0,0.9752,1,0.9752,1,49.9,329.2,206.16,0,1,2025-10-01 22:05:00,19.6,78.2,,0,0,,1
2025-10-01 22:05:45,241.08,0.3241,245.48,0.4557,1.3672,245.77,244.28,246.39,426.73,423.93,424.84,425.14,0.0,1.3672,0.0,0.0,0.3241,0.0,0.0738,0,0.0738,0,0.334,0,0.334,0,0.975,1,0.975,1,49.9,329.2,206.16,0,1,2025-10-01 22:05:45,19.7,80.2,,0,0,,1
2025-10-01 22:06:30,241.09,0.3245,245.44,0.4558,1.3674,245.52,244.81,246.01,427.78,424.4,423.12,425.12,0.0,1.3674,0.0,0.0,0.3245,0.0,0.0753,0,0.0753,0,0.3348,0,0.3348,0,0.9741,1,0.9741,1,49.9,329.2,206.16,0,1,2025-10-01 22:06:30,19.7,81.7,,0,0,,1
2025-10-01 22:07:15,241.09,0.3238,245.26,0.4552,1.3657,245.32,244.53,245.94,426.19,423.79,424.41,424.76,0.0,1.3657,0.0,0.0,0.3238,0.0,0.075,0,0.075,0,0.334,0,0.334,0,0.9741,1,0.9741,1,49.9,329.21,206.16,0,1,2025-10-01 22:07:15,19.7,83.1,,0,0,,1
2025-10-01 22:08:00,241.09,0.3241,245.35,0.4554,1.3663,245.53,244.65,245.88,426.96,423.78,424.1,424.86,0.0,1.3663,0.0,0.0,0.3241,0.0,0.0749,0,0.0749,0,0.3343,0,0.3343,0,0.9743,1,0.9743,1,49.9,329.21,206.16,0,1,2025-10-01 22:08:00,19.8,84.4,,0,0,,1
2025-10-01 22:08:45,241.1,0.3238,245.26,0.4553,1.3659,245.46,244.57,245.76,426.23,423.42,424.74,424.8,0.0,1.3659,0.0,0.0,0.3238,0.0,0.0753,0,0.0753,0,0.3341,0,0.3341,0,0.974,1,0.974,1,49.9,329.22,206.16,0,1,2025-10-01 22:08:45,19.8,85.2,,0,0,,1
2025-10-01 22:09:30,241.1,0.325,246.02,0.456,1.3682,246.33,245.27,246.47,428.26,424.51,425.55,426.09,0.0,1.3682,0.0,0.0,0.325,0.0,0.0767,0,0.0767,0,0.3356,0,0.3356,0,0.9732,1,0.9732,1,49.9,329.22,206.17,0,1,2025-10-01 22:09:30,19.9,86.2,,0,0,,1
2025-10-01 22:10:15,241.11,0.3255,246.13,0.4565,1.3695,246.31,245.45,246.64,428.28,425.34,425.28,426.34,0.0,1.3695,0.0,0.0,0.3255,0.0,0.0769,0,0.0769,0,0.3361,0,0.3361,0,0.9732,1,0.9732,1,49.9,329.22,206.17,0,1,2025-10-01 22:10:15,19.9,87,,0,0,,1
2025-10-01 22:11:00,241.11,0.326,246.7,0.4566,1.3699,247.02,245.85,247.25,429.31,426,426.57,427.33,0.0,1.3699,0.0,0.0,0.326,0.0,0.0773,0,0.0773,0,0.3368,0,0.3368,0,0.973,1,0.973,1,49.9,329.23,206.17,0,1,2025-10-01 22:11:00,20.0,87.8,,0,0,,1
2025-10-01 22:11:45,241.11,0.3263,246.85,0.4566,1.37,247.1,246.07,247.4,429.2,426.72,426.74,427.51,0.0,1.37,0.0,0.0,0.3263,0.0,0.0776,0,0.0776,0,0.3371,0,0.3371,0,0.9728,1,0.9728,1,49.9,329.23,206.17,0,1,2025-10-01 22:11:45,20.0,88.3,,0,0,,1
2025-10-01 22:12:30,241.12,0.3265,246.93,0.4567,1.3702,247.1,246.18,247.53,429.21,426.89,426.98,427.61,0.0,1.3702,0.0,0.0,0.3265,0.0,0.0778,0,0.0778,0,0.3373,0,0.3373,0,0.9727,1,0.9727,1,49.9,329.24,206.17,0,1,2025-10-01 22:12:30,20.4,88.9,,0,0,,1
2025-10-01 22:13:15,241.12,0.3273,247.19,0.4572,1.3717,247.28,246.49,247.82,429.42,427.26,427.75,428.13,0.0,1.3717,0.0,0.0,0.3273,0.0,0.0778,0,0.0778,0,0.3381,0,0.3381,0,0.9729,1,0.9729,1,50,329.24,206.17,0,1,2025-10-01 22:13:15,20.5,89.4,,0,0,,1
2025-10-01 22:14:00,241.13,0.327,247.11,0.4568,1.3706,247.3,246.47,247.58,429.48,427.93,426.6,427.97,0.0,1.3706,0.0,0.0,0.327,0.0,0.0777,0,0.0777,0,0.3378,0,0.3378,0,0.9728,1,0.9728,1,50,329.25,206.17,0,1,2025-10-01 22:14:00,20.5,89.8,,0,0,,1
2025-10-01 22:14:45,241.13,0.3268,246.79,0.4567,1.3702,246.49,246.37,247.51,428.6,427.57,426.15,427.41,0.0,1.3702,0.0,0.0,0.3268,0.0,0.0775,0,0.0775,0,0.3376,0,0.3376,0,0.973,1,0.973,1,50,329.25,206.17,0,1,2025-10-01 22:14:45,20.5,90.2,,0,0,,1
2025-10-01 22:15:30,241.13,0.3259,246.3,0.4559,1.3679,245.81,245.99,247.11,428.46,426.09,425.22,426.61,0.0,1.3679,0.0,0.0,0.3259,0.0,0.0768,0,0.0768,0,0.3365,0,0.3365,0,0.9733,1,0.9733,1,50,329.25,206.17,0,1,2025-10-01 22:15:30,20.6,90.5,,0,0,,1
2025-10-01 22:16:15,241.14,0.3259,246.41,0.456,1.368,246,245.98,247.26,428.35,426.09,425.92,426.83,0.0,1.368,0.0,0.0,0.3259,0.0,0.0768,0,0.0768,0,0.3365,0,0.3365,0,0.9733,1,0.9733,1,50,329.26,206.17,0,1,2025-10-01 22:16:15,20.6,90.7,,0,0,,1
2025-10-01 22:17:00,241.14,0.3254,246.45,0.4554,1.3662,246,246,247.36,427.97,426.62,425.97,426.82,0.0,1.3662,0.0,0.0,0.3254,0.0,0.077,0,0.077,0,0.3361,0,0.3361,0,0.9731,1,0.9731,1,49.9,329.26,206.18,0,1,2025-10-01 22:17:00,20.6,91.1,,0,0,,1
2025-10-01 22:17:45,241.15,0.3253,246.29,0.4555,1.3665,246.01,245.95,246.92,428.15,426.01,425.57,426.65,0.0,1.3665,0.0,0.0,0.3253,0.0,0.0773,0,0.0773,0,0.3361,0,0.3361,0,0.9729,1,0.9729,1,49.9,329.27,206.18,0,1,2025-10-01 22:17:45,20.6,91.3,,0,0,,1
2025-10-01 22:18:30,241.15,0.3266,247.02,0.4564,1.3693,246.97,246.43,247.68,429.01,427.61,426.93,427.88,0.0,1.3693,0.0,0.0,0.3266,0.0,0.0776,0,0.0776,0,0.3374,0,0.3374,0,0.9729,1,0.9729,1,50,329.27,206.18,0,1,2025-10-01 22:18:30,20.7,91.5,,0,0,,1
2025-10-01 22:19:15,241.15,0.3271,247.16,0.4568,1.3706,247.11,246.61,247.77,429.41,427.94,426.91,428.13,0.0,1.3706,0.0,0.0,0.3271,0.0,0.0777,0,0.0777,0,0.338,0,0.338,0,0.9729,1,0.9729,1,50,329.28,206.18,0,1,2025-10-01 22:19:15,20.7,91.7,,0,0,,1
2025-10-01 22:20:00,241.16,0.327,247.15,0.4567,1.3702,247.1,246.63,247.73,429.3,427.86,427.06,428.09,0.0,1.3702,0.0,0.0,0.327,0.0,0.078,0,0.078,0,0.3379,0,0.3379,0,0.9726,1,0.9726,1,49.9,329.28,206.18,0,1,2025-10-01 22:20:00,20.7,91.9,,0,0,,1
2025-10-01 22:20:45,241.16,0.3261,247.11,0.4558,1.3675,247.11,246.44,247.79,429.38,427.81,426.8,427.95,0.0,1.3675,0.0,0.0,0.3261,0.0,0.0779,0,0.0779,0,0.337,0,0.337,0,0.9726,1,0.9726,1,49.9,329.28,206.18,0,1,2025-10-01 22:20:45,20.7,92,,0,0,,1
2025-10-01 22:21:30,241.17,0.3263,247.18,0.4561,1.3683,247.14,246.45,247.95,429.51,427.74,427.09,428.1,0.0,1.3683,0.0,0.0,0.3263,0.0,0.0778,0,0.0778,0,0.3372,0,0.3372,0,0.9727,1,0.9727,1,50,329.29,206.18,0,1,2025-10-01 22:21:30,20.8,92.2,,0,0,,1
2025-10-01 22:22:15,241.17,0.3269,247.29,0.4565,1.3695,247.41,246.62,247.85,429.86,427.8,427.27,428.38,0.0,1.3695,0.0,0.0,0.3269,0.0,0.0777,0,0.0777,0,0.3377,0,0.3377,0,0.9728,1,0.9728,1,50,329.29,206.18,0,1,2025-10-01 22:22:15,20.8,92.3,,0,0,,1
2025-10-01 22:23:00,241.18,0.3267,247.22,0.4564,1.3694,247.27,246.49,247.91,429.38,427.61,427.58,428.17,0.0,1.3694,0.0,0.0,0.3267,0.0,0.0776,0,0.0776,0,0.3375,0,0.3375,0,0.9729,1,0.9729,1,49.9,329.3,206.18,0,1,2025-10-01 22:23:00,21.2,92.5,,0,0,,1
2025-10-01 22:23:45,241.18,0.3267,247.38,0.4562,1.3688,247.48,246.64,248.03,430.67,427.45,427.27,428.44,0.0,1.3688,0.0,0.0,0.3267,0.0,0.0779,0,0.0779,0,0.3376,0,0.3376,0,0.9727,1,0.9727,1,50,329.3,206.18,0,1,2025-10-01 22:23:45,21.2,92.6,,0,0,,1
2025-10-01 22:24:30,241.18,0.3266,247.35,0.4562,1.3686,247.44,246.66,247.95,429.98,427.77,427.48,428.36,0.0,1.3686,0.0,0.0,0.3266,0.0,0.078,0,0.078,0,0.3376,0,0.3376,0,0.9726,1,0.9726,1,49.9,329.31,206.19,0,1,2025-10-01 22:24:30,21.3,92.7,,0,0,,1
2025-10-01 22:25:15,241.19,0.3273,247.44,0.4568,1.3704,247.69,246.85,247.78,430.15,427.97,427.58,428.45,0.0,1.3704,0.0,0.0,0.3273,0.0,0.078,0,0.078,0,0.3383,0,0.3383,0,0.9727,1,0.9727,1,50,329.31,206.19,0,1,2025-10-01 22:25:15,21.3,92.8,,0,0,,1
2025-10-01 22:26:00,241.2,3.5535,247.25,7.666,22.998199999999997,247.32,246.82,247.62,429.9,428.05,426.78,428.24,8.0397,8.493,6.4655,1.3462,1.3008,0.9065,4.4006,1.4525,1.6348,1.3133,5.6856,1.9884,2.0962,1.601,0.6282,0.6797,0.6226,0.568,49.9,329.33,206.2,1,1,2025-10-01 22:26:00,21.3,92.9,,1,0,,0
2025-10-01 22:27:30,241.3,3.7742,247.37,7.8415,23.5245,247.34,246.81,247.97,429.72,428.19,427.44,428.43,8.1874,8.6267,6.7104,1.3994,1.381,0.9938,4.3899,1.4519,1.6102,1.3278,5.8182,2.0251,2.1292,1.664,0.6519,0.6939,0.651,0.5991,49.9,329.48,206.31,1,1,2025-10-01 22:27:30,20.8,86.2,,1,0,,0
2025-10-01 22:28:15,241.34,3.7677,247.44,7.8329,23.4989,247.5,246.82,248,430.02,428.07,427.6,428.58,8.1891,8.6172,6.6926,1.4,1.3767,0.991,4.3896,1.4537,1.6112,1.3246,5.8135,2.0268,2.1269,1.6598,0.6513,0.6936,0.6496,0.599,49.9,329.54,206.36,1,1,2025-10-01 22:28:15,20.7,81.3,,1,0,,0
2025-10-01 22:29:00,241.39,3.7644,247.71,7.841,23.522999999999996,247.7,247.17,248.26,430.77,428.72,427.59,429,8.1839,8.6555,6.6836,1.4014,1.3809,0.9821,4.4076,1.4531,1.6241,1.3304,5.8258,2.0272,2.1394,1.6593,0.6494,0.6941,0.6477,0.5939,49.9,329.62,206.42,1,1,2025-10-01 22:29:00,20.5,77.1,,1,0,,0
2025-10-01 22:29:45,241.44,3.7462,247.1,7.807,23.4212,246.91,246.73,247.67,429.28,428.02,426.65,427.98,8.13,8.6365,6.6547,1.3913,1.3817,0.9733,4.37,1.435,1.6119,1.3231,5.7864,2.0074,2.1309,1.6482,0.6508,0.696,0.6508,0.5925,49.9,329.69,206.47,1,1,2025-10-01 22:29:45,20.4,74.1,,1,0,,0
2025-10-01 22:30:30,241.48,3.7238,246.99,7.7728,23.3185,246.74,246.6,247.64,429.2,427.78,426.39,427.79,8.0914,8.583,6.6441,1.3796,1.3731,0.9712,4.3526,1.4312,1.6002,1.3212,5.7584,1.9965,2.1166,1.6453,0.65,0.6939,0.6512,0.5922,49.9,329.76,206.52,1,1,2025-10-01 22:30:30,19.9,71.4,,1,0,,0
2025-10-01 22:31:15,241.49,0.3322,248.07,0.4615,1.3847,248.07,247.62,248.53,432.79,428.72,427.42,429.58,0.0,1.3847,0.0,0.0,0.3322,0.0,0.0773,0,0.0773,0,0.3429,0,0.3429,0,0.974,1,0.974,1,49.9,329.78,206.54,0,1,2025-10-01 22:31:15,19.7,70.5,,0,0,,1
2025-10-01 22:32:00,241.5,0.3315,248.07,0.4609,1.3827,248,247.63,248.59,431.92,428.94,428.1,429.64,0.0,1.3827,0.0,0.0,0.3315,0.0,0.0783,0,0.0783,0,0.3424,0,0.3424,0,0.9731,1,0.9731,1,49.9,329.78,206.54,0,1,2025-10-01 22:32:00,19.7,72.9,,0,0,,1
2025-10-01 22:32:45,241.5,0.3311,248.07,0.4603,1.3809,247.6,247.78,248.83,431.61,428.84,428.5,429.72,0.0,1.3809,0.0,0.0,0.3311,0.0,0.0789,0,0.0789,0,0.3422,0,0.3422,0,0.9727,1,0.9727,1,49.9,329.79,206.54,0,1,2025-10-01 22:32:45,19.7,75.6,,0,0,,1
2025-10-01 22:33:30,241.51,0.3311,248.06,0.4606,1.3819,247.63,247.69,248.86,431.14,429.26,428.52,429.62,0.0,1.3819,0.0,0.0,0.3311,0.0,0.0791,0,0.0791,0,0.3423,0,0.3423,0,0.9726,1,0.9726,1,49.9,329.79,206.54,0,1,2025-10-01 22:33:30,19.7,77.6,,0,0,,1
2025-10-01 22:34:15,241.51,0.3307,248.19,0.4602,1.3807,248.19,247.67,248.73,431.24,429.47,428.92,429.94,0.0,1.3807,0.0,0.0,0.3307,0.0,0.0794,0,0.0794,0,0.342,0,0.342,0,0.9723,1,0.9723,1,49.9,329.8,206.54,0,1,2025-10-01 22:34:15,19.7,79.5,,0,0,,1
2025-10-01 22:35:00,241.51,0.3308,248.27,0.4601,1.3805,248.25,247.76,248.8,431.86,429.79,428.34,429.98,0.0,1.3805,0.0,0.0,0.3308,0.0,0.0793,0,0.0793,0,0.342,0,0.342,0,0.9724,1,0.9724,1,49.9,329.8,206.54,0,1,2025-10-01 22:35:00,19.7,81.1,,0,0,,1
2025-10-01 22:35:45,241.52,0.3304,248.26,0.4597,1.3792,248.23,247.88,248.68,432.49,429.76,427.69,430.08,0.0,1.3792,0.0,0.0,0.3304,0.0,0.08,0,0.08,0,0.3419,0,0.3419,0,0.9719,1,0.9719,1,49.9,329.8,206.54,0,1,2025-10-01 22:35:45,19.8,82.5,,0,0,,1
2025-10-01 22:36:30,241.52,0.3304,248.29,0.4595,1.3786,248.3,247.9,248.68,432.84,429.34,427.91,429.96,0.0,1.3786,0.0,0.0,0.3304,0.0,0.0798,0,0.0798,0,0.3418,0,0.3418,0,0.972,1,0.972,1,49.9,329.81,206.54,0,1,2025-10-01 22:36:30,19.8,83.6,,0,0,,1
2025-10-01 22:37:15,241.53,0.33,248.18,0.4593,1.3779,248.28,247.82,248.44,433.06,428.94,427.49,429.86,0.0,1.3779,0.0,0.0,0.33,0.0,0.0799,0,0.0799,0,0.3415,0,0.3415,0,0.9719,1,0.9719,1,49.9,329.81,206.54,0,1,2025-10-01 22:37:15,19.8,84.7,,0,0,,1
2025-10-01 22:38:00,241.53,0.3303,248.38,0.4594,1.3783,248.36,247.83,248.95,431.74,430.97,427.84,430.21,0.0,1.3783,0.0,0.0,0.3303,0.0,0.0796,0,0.0796,0,0.3416,0,0.3416,0,0.9721,1,0.9721,1,49.9,329.82,206.54,0,1,2025-10-01 22:38:00,19.9,85.6,,0,0,,1
2025-10-01 22:38:45,241.53,0.3283,247.64,0.4578,1.3736,247.35,247.13,248.46,430.22,428.8,427.75,428.97,0.0,1.3736,0.0,0.0,0.3283,0.0,0.0787,0,0.0787,0,0.3395,0,0.3395,0,0.9724,1,0.9724,1,49.9,329.82,206.55,0,1,2025-10-01 22:38:45,19.9,86.3,,0,0,,1
2025-10-01 22:39:30,241.54,0.3285,247.74,0.4581,1.3743,247.5,247.19,248.53,430.47,428.69,428.09,429.03,0.0,1.3743,0.0,0.0,0.3285,0.0,0.0789,0,0.0789,0,0.3397,0,0.3397,0,0.9723,1,0.9723,1,49.9,329.83,206.55,0,1,2025-10-01 22:39:30,20.0,87,,0,0,,1
2025-10-01 22:40:15,241.54,0.3282,247.73,0.4576,1.3729,247.48,247.21,248.5,431.19,428.59,427.39,429.03,0.0,1.3729,0.0,0.0,0.3282,0.0,0.0791,0,0.0791,0,0.3394,0,0.3394,0,0.9721,1,0.9721,1,49.9,329.83,206.55,0,1,2025-10-01 22:40:15,20.0,87.7,,0,0,,1
2025-10-01 22:41:00,241.55,0.3292,248.26,0.4584,1.3752,248.21,247.67,248.92,431.87,427.66,430.44,429.99,0.0,1.3752,0.0,0.0,0.3292,0.0,0.0798,0,0.0798,0,0.3406,0,0.3406,0,0.9718,1,0.9718,1,49.9,329.83,206.55,0,1,2025-10-01 22:41:00,20.4,88.3,,0,0,,1
2025-10-01 22:41:45,241.55,0.33,248.46,0.459,1.377,248.31,248.01,249.06,432.19,431.72,427.04,430.29,0.0,1.377,0.0,0.0,0.33,0.0,0.0801,0,0.0801,0,0.3415,0,0.3415,0,0.9717,1,0.9717,1,49.9,329.84,206.55,0,1,2025-10-01 22:41:45,20.5,88.9,,0,0,,1
2025-10-01 22:42:30,241.55,0.3308,249.12,0.4595,1.3786,249.45,248.42,249.49,434.66,429.93,429.78,431.47,0.0,1.3786,0.0,0.0,0.3308,0.0,0.0808,0,0.0808,0,0.3425,0,0.3425,0,0.9714,1,0.9714,1,49.9,329.84,206.55,0,1,2025-10-01 22:42:30,20.5,89.3,,0,0,,1
2025-10-01 22:43:15,241.56,0.331,249.25,0.4596,1.379,249.55,248.56,249.66,434.14,431.39,429.57,431.77,0.0,1.379,0.0,0.0,0.331,0.0,0.0812,0,0.0812,0,0.3428,0,0.3428,0,0.9711,1,0.9711,1,49.9,329.85,206.55,0,1,2025-10-01 22:43:15,20.5,89.7,,0,0,,1
2025-10-01 22:44:00,241.56,0.3312,249.4,0.4598,1.3794,249.54,248.57,250.09,433.84,431.89,430.12,431.88,0.0,1.3794,0.0,0.0,0.3312,0.0,0.0809,0,0.0809,0,0.3429,0,0.3429,0,0.9714,1,0.9714,1,49.9,329.85,206.55,0,1,2025-10-01 22:44:00,20.5,90.1,,0,0,,1
2025-10-01 22:44:45,241.57,0.3311,249.27,0.4596,1.3789,249.46,248.61,249.76,433.35,431.48,430.4,431.76,0.0,1.3789,0.0,0.0,0.3311,0.0,0.081,0,0.081,0,0.3428,0,0.3428,0,0.9713,1,0.9713,1,50,329.86,206.55,0,1,2025-10-01 22:44:45,20.6,90.4,,0,0,,1
2025-10-01 22:45:30,241.57,0.3295,248.89,0.4582,1.3748,248.96,248,249.72,432.23,431.01,430,431.05,0.0,1.3748,0.0,0.0,0.3295,0.0,0.0799,0,0.0799,0,0.341,0,0.341,0,0.9718,1,0.9718,1,49.9,329.86,206.55,0,1,2025-10-01 22:45:30,20.6,90.7,,0,0,,1
2025-10-01 22:46:15,241.58,0.3292,248.91,0.458,1.3741,248.99,247.92,249.84,433.1,430.86,429.37,431.12,0.0,1.3741,0.0,0.0,0.3292,0.0,0.0799,0,0.0799,0,0.3407,0,0.3407,0,0.9718,1,0.9718,1,49.9,329.86,206.56,0,1,2025-10-01 22:46:15,20.6,91,,0,0,,1
2025-10-01 22:47:00,241.58,0.3299,248.83,0.4586,1.3758,248.61,248.18,249.72,432.81,430.95,429.16,430.82,0.0,1.3758,0.0,0.0,0.3299,0.0,0.0802,0,0.0802,0,0.3414,0,0.3414,0,0.9716,1,0.9716,1,49.9,329.87,206.56,0,1,2025-10-01 22:47:00,20.7,91.2,,0,0,,1
2025-10-01 22:47:45,241.58,0.3295,248.91,0.4582,1.3748,248.82,248.11,249.82,432.72,431.17,429.46,431.07,0.0,1.3748,0.0,0.0,0.3295,0.0,0.0803,0,0.0803,0,0.3411,0,0.3411,0,0.9715,1,0.9714,1,49.9,329.87,206.56,0,1,2025-10-01 22:47:45,20.7,91.5,,0,0,,1
2025-10-01 22:48:30,241.59,0.3298,248.74,0.4586,1.3758,248.81,247.97,249.46,432.71,430.42,429.33,430.8,0.0,1.3758,0.0,0.0,0.3298,0.0,0.0797,0,0.0797,0,0.3412,0,0.3412,0,0.972,1,0.972,1,49.9,329.88,206.56,0,1,2025-10-01 22:48:30,20.7,91.6,,0,0,,1
2025-10-01 22:49:15,241.59,0.3301,249.09,0.4586,1.3758,249.09,248.33,249.86,433.03,430.83,430.42,431.39,0.0,1.3758,0.0,0.0,0.3301,0.0,0.0803,0,0.0803,0,0.3417,0,0.3417,0,0.9716,1,0.9716,1,49.9,329.88,206.56,0,1,2025-10-01 22:49:15,20.7,91.8,,0,0,,1
2025-10-01 22:50:00,241.6,0.3301,249.04,0.4587,1.3761,249.05,248.24,249.83,432.67,430.76,430.58,431.3,0.0,1.3761,0.0,0.0,0.3301,0.0,0.0803,0,0.0803,0,0.3416,0,0.3416,0,0.9716,1,0.9716,1,49.9,329.89,206.56,0,1,2025-10-01 22:50:00,20.8,92,,0,0,,1
2025-10-01 22:50:45,241.6,0.3304,249.21,0.4588,1.3764,249.24,248.43,249.98,433.43,430.9,430.59,431.62,0.0,1.3764,0.0,0.0,0.3304,0.0,0.0804,0,0.0804,0,0.3419,0,0.3419,0,0.9716,1,0.9716,1,50,329.89,206.56,0,1,2025-10-01 22:50:45,21.2,92.1,,0,0,,1
2025-10-01 22:51:30,241.6,0.3304,249.21,0.4586,1.376,249.3,248.5,249.83,433.63,431.04,430.2,431.68,0.0,1.376,0.0,0.0,0.3304,0.0,0.0802,0,0.0802,0,0.3419,0,0.3419,0,0.9717,1,0.9717,1,50,329.89,206.56,0,1,2025-10-01 22:51:30,21.2,92.3,,0,0,,1
2025-10-01 22:52:15,241.61,0.3306,249.32,0.4587,1.3761,249.44,248.58,249.96,434.46,431.54,429.45,431.79,0.0,1.3761,0.0,0.0,0.3306,0.0,0.0803,0,0.0803,0,0.3421,0,0.3421,0,0.9717,1,0.9717,1,50,329.9,206.56,0,1,2025-10-01 22:52:15,21.2,92.3,,0,0,,1
2025-10-01 22:53:00,241.63,3.7202,248.8,7.8685,23.6056,248.71,248.05,249.64,433.03,430.77,428.93,431,8.187,8.655,6.7636,1.3775,1.3656,0.9772,4.5014,1.4865,1.6455,1.3694,5.8715,2.0362,2.1469,1.6885,0.637,0.6797,0.6386,0.5808,50,329.93,206.58,1,1,2025-10-01 22:53:00,21.3,92.5,,1,0,,0
2025-10-01 22:53:45,241.68,3.7932,248.88,7.9252,23.775599999999997,248.75,248.24,249.67,433.23,430.81,429.15,431.06,8.2335,8.7311,6.811,1.4011,1.3956,0.9965,4.4987,1.4809,1.6474,1.3704,5.916,2.0481,2.1674,1.7005,0.6446,0.6872,0.6463,0.5881,50,330.01,206.64,1,1,2025-10-01 22:53:45,21.2,89.8,,1,0,,0
2025-10-01 22:54:30,241.72,3.7893,249.32,7.9362,23.8087,249.46,248.65,249.87,433.35,432.11,430.02,431.82,8.2802,8.7664,6.7621,1.4148,1.3887,0.9858,4.5263,1.4921,1.6695,1.3647,5.935,2.0656,2.1798,1.6896,0.6419,0.688,0.6394,0.5855,50,330.07,206.69,1,1,2025-10-01 22:54:30,20.8,84.7,,1,0,,0
2025-10-01 22:55:15,241.77,3.7776,249.27,7.9357,23.8072,249.33,248.51,249.98,434.06,431.87,429.25,431.69,8.2631,8.7323,6.8118,1.4,1.3855,0.9922,4.533,1.498,1.6591,1.3759,5.9331,2.0602,2.1701,1.7028,0.6401,0.6828,0.6409,0.5848,49.9,330.15,206.75,1,1,2025-10-01 22:55:15,20.6,80.2,,1,0,,0
2025-10-01 22:56:00,241.82,3.7713,249.34,7.9269,23.7809,249.33,248.6,250.1,433.96,431.93,429.67,431.85,8.2427,8.7369,6.8013,1.397,1.3873,0.987,4.5308,1.4937,1.6599,1.3772,5.9282,2.0552,2.172,1.701,0.6397,0.683,0.6412,0.5825,50,330.23,206.81,1,1,2025-10-01 22:56:00,20.5,76.3,,1,0,,0
2025-10-01 22:56:45,241.86,3.7449,249.14,7.8843,23.6529,249.14,248.34,249.94,433.05,431.59,429.87,431.48,8.1562,8.701,6.7957,1.379,1.3864,0.9796,4.5053,1.4792,1.6462,1.3799,5.8914,2.032,2.1608,1.6985,0.6392,0.6819,0.6441,0.5788,50,330.3,206.86,1,1,2025-10-01 22:56:45,20.0,73.2,,1,0,,0
2025-10-01 22:57:30,241.91,3.7289,249.32,7.8707,23.6122,249.3,248.53,250.15,433.32,431.29,430.89,431.86,8.1717,8.6689,6.7716,1.3774,1.3747,0.9768,4.5122,1.4879,1.648,1.3764,5.8856,2.0372,2.1545,1.6939,0.637,0.6793,0.6405,0.5787,50,330.37,206.92,1,1,2025-10-01 22:57:30,19.8,70.6,,1,0,,0
2025-10-01 22:58:15,241.92,0.3353,249.68,0.4635,1.3907,249.58,249.07,250.39,434.83,431.99,430.48,432.51,0.0,1.3907,0.0,0.0,0.3353,0.0,0.0789,0,0.0789,0,0.3464,0,0.3464,0,0.9734,1,0.9734,1,50,330.39,206.94,0,1,2025-10-01 22:58:15,19.7,69.5,,0,0,,1
2025-10-01 22:59:00,241.93,0.3348,249.7,0.463,1.3891,249.68,249.07,250.36,434.61,432.15,430.67,432.47,0.0,1.3891,0.0,0.0,0.3348,0.0,0.0793,0,0.0793,0,0.346,0,0.346,0,0.973,1,0.973,1,50,330.4,206.94,0,1,2025-10-01 22:59:00,19.2,71.9,,0,0,,1
2025-10-01 22:59:45,241.93,0.3335,249.18,0.4619,1.3859,248.91,248.65,250,433.18,431.42,430.17,431.51,0.0,1.3859,0.0,0.0,0.3335,0.0,0.0789,0,0.0789,0,0.3446,0,0.3446,0,0.9731,1,0.9731,1,50,330.4,206.94,0,1,2025-10-01 22:59:45,19.2,74.6,,0,0,,1
2025-10-01 23:00:30,241.94,0.3333,249.13,0.4618,1.3854,248.94,248.61,249.84,433.53,431.02,429.9,431.41,0.0,1.3854,0.0,0.0,0.3333,0.0,0.079,0,0.079,0,0.3444,0,0.3444,0,0.973,1,0.973,1,50,330.41,206.94,0,1,2025-10-01 23:00:30,19.2,77.1,,0,0,,1
2025-10-01 23:01:15,241.94,0.3324,249.1,0.461,1.3832,248.77,248.51,250.03,433.12,431.6,429.6,431.44,0.0,1.3832,0.0,0.0,0.3324,0.0,0.0797,0,0.0797,0,0.3437,0,0.3437,0,0.9724,1,0.9724,1,50,330.41,206.94,0,1,2025-10-01 23:01:15,19.6,79.2,,0,0,,1
2025-10-01 23:02:00,241.94,0.3324,249.19,0.461,1.3831,248.84,248.6,250.13,433.16,431.83,429.78,431.66,0.0,1.3831,0.0,0.0,0.3324,0.0,0.0803,0,0.0803,0,0.3438,0,0.3438,0,0.972,1,0.972,1,50,330.41,206.94,0,1,2025-10-01 23:02:00,19.7,80.8,,0,0,,1
2025-10-01 23:02:45,241.95,0.3322,249.2,0.4606,1.382,248.78,248.74,250.08,433.51,431.69,429.62,431.61,0.0,1.382,0.0,0.0,0.3322,0.0,0.0803,0,0.0803,0,0.3438,0,0.3438,0,0.972,1,0.972,1,50,330.42,206.94,0,1,2025-10-01 23:02:45,19.7,82.3,,0,0,,1
2025-10-01 23:03:30,241.95,0.3337,249.96,0.4618,1.3854,249.84,249.31,250.75,434.19,432.7,431.93,432.9,0.0,1.3854,0.0,0.0,0.3337,0.0,0.0813,0,0.0813,0,0.3454,0,0.3454,0,0.9715,1,0.9715,1,50,330.42,206.94,0,1,2025-10-01 23:03:30,19.8,83.4,,0,0,,1
2025-10-01 23:04:15,241.96,0.333,249.89,0.4611,1.3835,249.84,249.15,250.69,434.45,432.63,431.34,432.73,0.0,1.3835,0.0,0.0,0.333,0.0,0.0811,0,0.0811,0,0.3447,0,0.3447,0,0.9715,1,0.9715,1,50,330.43,206.94,0,1,2025-10-01 23:04:15,19.8,84.4,,0,0,,1
2025-10-01 23:05:00,241.96,0.3336,250.12,0.4616,1.385,250.06,249.36,250.95,435.62,432.35,431.63,433.19,0.0,1.385,0.0,0.0,0.3336,0.0,0.0814,0,0.0814,0,0.3454,0,0.3454,0,0.9715,1,0.9715,1,50,330.43,206.95,0,1,2025-10-01 23:05:00,19.8,85.4,,0,0,,1
2025-10-01 23:05:45,241.97,0.3332,250,0.4614,1.3844,250.01,249.21,250.8,435.48,431.97,431.55,433.1,0.0,1.3844,0.0,0.0,0.3332,0.0,0.0813,0,0.0813,0,0.345,0,0.345,0,0.9715,1,0.9715,1,50,330.44,206.95,0,1,2025-10-01 23:05:45,19.9,86.2,,0,0,,1
2025-10-01 23:06:30,241.97,0.3331,249.89,0.4614,1.3843,249.95,249.16,250.57,435.02,432.51,430.89,432.86,0.0,1.3843,0.0,0.0,0.3331,0.0,0.0814,0,0.0814,0,0.3449,0,0.3449,0,0.9714,1,0.9714,1,49.9,330.44,206.95,0,1,2025-10-01 23:06:30,19.9,87,,0,0,,1
2025-10-01 23:07:15,241.97,0.3339,250.59,0.4618,1.3855,250.93,249.66,251.2,436.18,433.33,432.56,434,0.0,1.3855,0.0,0.0,0.3339,0.0,0.0821,0,0.0821,0,0.3459,0,0.3459,0,0.971,1,0.971,1,50,330.44,206.95,0,1,2025-10-01 23:07:15,20.0,87.6,,0,0,,1
2025-10-01 23:08:00,241.98,0.3335,250.42,0.4614,1.3842,250.28,249.66,251.33,435.74,432.75,432.69,433.75,0.0,1.3842,0.0,0.0,0.3335,0.0,0.0826,0,0.0826,0,0.3456,0,0.3456,0,0.9706,1,0.9706,1,49.9,330.45,206.95,0,1,2025-10-01 23:08:00,20.0,88.2,,0,0,,1
2025-10-01 23:08:45,241.98,0.3336,250.49,0.4615,1.3846,250.39,249.71,251.39,436.28,433.97,431.27,433.81,0.0,1.3846,0.0,0.0,0.3336,0.0,0.0825,0,0.0825,0,0.3457,0,0.3457,0,0.9707,1,0.9707,1,49.9,330.45,206.95,0,1,2025-10-01 23:08:45,20.4,88.7,,0,0,,1
2025-10-01 23:09:30,241.99,0.3335,250.66,0.4614,1.3843,250.91,249.6,251.47,436.18,433.82,432.4,434.09,0.0,1.3843,0.0,0.0,0.3335,0.0,0.0821,0,0.0821,0,0.3455,0,0.3455,0,0.9709,1,0.9709,1,49.9,330.46,206.95,0,1,2025-10-01 23:09:30,20.4,89.2,,0,0,,1
2025-10-01 23:10:15,241.99,0.3334,250.69,0.4612,1.3837,250.94,249.63,251.5,436.23,433.12,433.21,434.09,0.0,1.3837,0.0,0.0,0.3334,0.0,0.0823,0,0.0823,0,0.3454,0,0.3454,0,0.9708,1,0.9708,1,50,330.46,206.95,0,1,2025-10-01 23:10:15,20.5,89.5,,0,0,,1
2025-10-01 23:11:00,241.99,0.3333,250.49,0.4611,1.3833,250.72,249.59,251.18,435.23,433.66,432.68,433.86,0.0,1.3833,0.0,0.0,0.3333,0.0,0.0821,0,0.0821,0,0.3453,0,0.3453,0,0.9709,1,0.9709,1,49.9,330.47,206.95,0,1,2025-10-01 23:11:00,20.5,89.9,,0,0,,1
2025-10-01 23:11:45,242,0.3333,250.18,0.461,1.3832,250.09,249.57,250.89,435.01,433.26,431.67,433.25,0.0,1.3832,0.0,0.0,0.3333,0.0,0.0817,0,0.0817,0,0.3452,0,0.3452,0,0.9712,1,0.9712,1,50,330.47,206.95,0,1,2025-10-01 23:11:45,20.5,90.2,,0,0,,1
2025-10-01 23:12:30,242,0.3336,250.27,0.461,1.3831,250.33,249.82,250.68,435.89,433.67,430.83,433.46,0.0,1.3831,0.0,0.0,0.3336,0.0,0.082,0,0.082,0,0.3455,0,0.3455,0,0.971,1,0.971,1,50,330.47,206.96,0,1,2025-10-01 23:12:30,20.6,90.5,,0,0,,1
2025-10-01 23:13:15,242.01,0.3336,250.45,0.4609,1.3829,250.44,249.87,251.05,436.4,432.97,431.95,433.72,0.0,1.3829,0.0,0.0,0.3336,0.0,0.082,0,0.082,0,0.3455,0,0.3455,0,0.9711,1,0.9711,1,50,330.48,206.96,0,1,2025-10-01 23:13:15,20.6,90.8,,0,0,,1
2025-10-01 23:14:00,242.01,0.3341,250.39,0.4615,1.3846,250.32,249.94,250.91,436.14,433.44,431.41,433.73,0.0,1.3846,0.0,0.0,0.3341,0.0,0.0822,0,0.0822,0,0.3461,0,0.3461,0,0.971,1,0.971,1,50,330.48,206.96,0,1,2025-10-01 23:14:00,20.6,91.1,,0,0,,1
2025-10-01 23:14:45,242.02,0.3346,250.68,0.4618,1.3855,250.59,250.31,251.16,435.69,434.07,432.81,434.15,0.0,1.3855,0.0,0.0,0.3346,0.0,0.0829,0,0.0829,0,0.3468,0,0.3468,0,0.9706,1,0.9706,1,50,330.49,206.96,0,1,2025-10-01 23:14:45,20.7,91.3,,0,0,,1
2025-10-01 23:15:30,242.02,0.3342,250.61,0.4614,1.3843,250.54,250.18,251.12,436.76,433.52,431.87,434.1,0.0,1.3843,0.0,0.0,0.3342,0.0,0.0827,0,0.0827,0,0.3463,0,0.3463,0,0.9706,1,0.9706,1,50,330.49,206.96,0,1,2025-10-01 23:15:30,20.7,91.5,,0,0,,1
2025-10-01 23:16:15,242.02,0.3343,250.73,0.4616,1.3849,250.66,250.21,251.32,436.76,433.75,432.24,434.25,0.0,1.3849,0.0,0.0,0.3343,0.0,0.0828,0,0.0828,0,0.3465,0,0.3465,0,0.9706,1,0.9706,1,50,330.5,206.96,0,1,2025-10-01 23:16:15,20.7,91.7,,0,0,,1
2025-10-01 23:17:00,242.03,0.334,250.72,0.4613,1.3841,250.63,250.18,251.36,436.44,434.29,432,434.2,0.0,1.3841,0.0,0.0,0.334,0.0,0.0829,0,0.0829,0,0.3463,0,0.3463,0,0.9705,1,0.9705,1,50,330.5,206.96,0,1,2025-10-01 23:17:00,20.7,91.8,,0,0,,1
2025-10-01 23:17:45,242.03,0.3344,250.77,0.4617,1.3853,250.71,250.27,251.35,435.91,434.33,432.79,434.32,0.0,1.3853,0.0,0.0,0.3344,0.0,0.0832,0,0.0832,0,0.3467,0,0.3467,0,0.9703,1,0.9703,1,49.9,330.5,206.96,0,1,2025-10-01 23:17:45,20.8,92,,0,0,,1
2025-10-01 23:18:30,242.04,0.3344,250.78,0.4617,1.3851,250.61,250.35,251.4,436.51,434.32,432.24,434.35,0.0,1.3851,0.0,0.0,0.3344,0.0,0.0835,0,0.0835,0,0.3468,0,0.3468,0,0.9701,1,0.9701,1,49.9,330.51,206.96,0,1,2025-10-01 23:18:30,21.2,92.1,,0,0,,1
2025-10-01 23:19:15,242.04,0.3346,250.88,0.4618,1.3854,250.73,250.43,251.49,437.05,433.9,432.61,434.49,0.0,1.3854,0.0,0.0,0.3346,0.0,0.0833,0,0.0833,0,0.3469,0,0.3469,0,0.9704,1,0.9704,1,50,330.51,206.96,0,1,2025-10-01 23:19:15,21.2,92.3,,0,0,,1
2025-10-01 23:20:00,242.04,0.335,251.01,0.462,1.386,250.91,250.63,251.49,437.07,434.45,432.7,434.65,0.0,1.386,0.0,0.0,0.335,0.0,0.0837,0,0.0837,0,0.3474,0,0.3474,0,0.9701,1,0.9701,1,49.9,330.52,206.97,0,1,2025-10-01 23:20:00,21.2,92.4,,0,0,,1
2025-10-01 23:20:45,242.05,0.335,250.97,0.462,1.3862,250.82,250.65,251.45,436.4,434.81,432.84,434.7,0.0,1.3862,0.0,0.0,0.335,0.0,0.0837,0,0.0837,0,0.3475,0,0.3475,0,0.9701,1,0.9701,1,49.9,330.52,206.97,0,1,2025-10-01 23:20:45,21.2,92.5,,0,0,,1
2025-10-01 23:21:30,242.05,0.3349,250.97,0.4619,1.3857,250.78,250.58,251.55,436.52,434.86,432.64,434.65,0.0,1.3857,0.0,0.0,0.3349,0.0,0.0835,0,0.0835,0,0.3472,0,0.3472,0,0.9703,1,0.9703,1,50,330.53,206.97,0,1,2025-10-01 23:21:30,21.3,92.6,,0,0,,1
2025-10-01 23:22:15,242.06,0.3348,251.05,0.4618,1.3855,250.91,250.62,251.62,437.12,434.87,432.43,434.78,0.0,1.3855,0.0,0.0,0.3348,0.0,0.0834,0,0.0834,0,0.3472,0,0.3472,0,0.9703,1,0.9703,1,49.9,330.53,206.97,0,1,2025-10-01 23:22:15,21.3,92.6,,0,0,,1
2025-10-01 23:23:00,242.06,0.3361,251.57,0.4629,1.3889,251.58,251.06,252.09,438.06,435.65,433.44,435.56,0.0,1.3889,0.0,0.0,0.3361,0.0,0.0843,0,0.0843,0,0.3487,0,0.3487,0,0.9699,1,0.9699,1,49.9,330.53,206.97,0,1,2025-10-01 23:23:00,21.3,92.8,,0,0,,1
2025-10-01 23:23:45,242.07,0.3359,251.48,0.4626,1.3878,251.51,250.99,251.95,438.52,434.84,433.29,435.52,0.0,1.3878,0.0,0.0,0.3359,0.0,0.0837,0,0.0837,0,0.3483,0,0.3483,0,0.9702,1,0.9702,1,50,330.54,206.97,0,1,2025-10-01 23:23:45,21.3,92.8,,0,0,,1
2025-10-01 23:24:30,242.07,0.3363,251.81,0.4628,1.3884,251.78,251.21,252.44,438.86,435.93,433.56,436.12,0.0,1.3884,0.0,0.0,0.3363,0.0,0.084,0,0.084,0,0.3488,0,0.3488,0,0.9702,1,0.9702,1,50,330.54,206.97,0,1,2025-10-01 23:24:30,21.4,92.9,,0,0,,1
2025-10-01 23:25:15,242.07,0.336,251.64,0.4626,1.388,251.65,251.15,252.13,438.75,435.17,433.57,435.9,0.0,1.388,0.0,0.0,0.336,0.0,0.0841,0,0.0841,0,0.3486,0,0.3486,0,0.97,1,0.97,1,50,330.55,206.97,0,1,2025-10-01 23:25:15,21.4,93,,0,0,,1
2025-10-01 23:26:00,242.08,0.3353,251.57,0.4618,1.3856,251.5,251.08,252.13,438.25,435.33,433.54,435.71,0.0,1.3856,0.0,0.0,0.3353,0.0,0.0841,0,0.0841,0,0.3479,0,0.3479,0,0.9699,1,0.9699,1,50,330.55,206.97,0,1,2025-10-01 23:26:00,21.4,93.1,,0,0,,1
2025-10-01 23:26:45,242.08,0.3355,251.47,0.4622,1.3867,251.45,250.91,252.06,437.39,435.78,433.46,435.55,0.0,1.3867,0.0,0.0,0.3355,0.0,0.0837,0,0.0837,0,0.3479,0,0.3479,0,0.9702,1,0.9702,1,50,330.56,206.98,0,1,2025-10-01 23:26:45,21.4,93,,0,0,,1
2025-10-01 23:27:30,242.09,0.3337,250.89,0.4607,1.3823,250.9,250.06,251.73,436.41,433.66,433.57,434.62,0.0,1.3823,0.0,0.0,0.3337,0.0,0.0818,0,0.0818,0,0.3457,0,0.3457,0,0.9712,1,0.9712,1,50,330.56,206.98,0,1,2025-10-01 23:27:30,21.4,93.1,,0,0,,1
2025-10-01 23:28:15,242.09,0.333,250.71,0.4602,1.3807,250.86,249.94,251.33,436.52,433.93,432.2,434.19,0.0,1.3807,0.0,0.0,0.333,0.0,0.0822,0,0.0822,0,0.3451,0,0.3451,0,0.9708,1,0.9708,1,49.9,330.56,206.98,0,1,2025-10-01 23:28:15,21.4,93.1,,0,0,,1
2025-10-01 23:29:00,242.09,0.3341,250.96,0.4611,1.3834,250.85,250.39,251.66,436.5,434.45,433.05,434.75,0.0,1.3834,0.0,0.0,0.3341,0.0,0.083,0,0.083,0,0.3464,0,0.3464,0,0.9704,1,0.9704,1,49.9,330.57,206.98,0,1,2025-10-01 23:29:00,21.5,93.1,,0,0,,1
2025-10-01 23:29:45,242.1,0.3332,250.91,0.4604,1.3812,250.99,249.93,251.82,436.32,434.38,433.02,434.54,0.0,1.3812,0.0,0.0,0.3332,0.0,0.0819,0,0.0819,0,0.3452,0,0.3452,0,0.971,1,0.971,1,49.9,330.57,206.98,0,1,2025-10-01 23:29:45,21.5,93.2,,0,0,,1
2025-10-01 23:30:30,242.1,0.3339,251.2,0.4608,1.3825,251.35,250.21,252.04,437.27,434.5,433.43,435.07,0.0,1.3825,0.0,0.0,0.3339,0.0,0.0821,0,0.0821,0,0.3459,0,0.3459,0,0.971,1,0.971,1,50,330.58,206.98,0,1,2025-10-01 23:30:30,21.5,93.3,,0,0,,1
2025-10-01 23:31:15,242.11,0.3348,251.29,0.4617,1.3851,251.33,250.69,251.85,437.37,435.13,433.18,435.33,0.0,1.3851,0.0,0.0,0.3348,0.0,0.0833,0,0.0833,0,0.3472,0,0.3472,0,0.9704,1,0.9704,1,50,330.58,206.98,0,1,2025-10-01 23:31:15,21.5,93.2,,0,0,,1
2025-10-01 23:32:00,242.11,0.3348,251.04,0.4617,1.3851,251.07,250.7,251.37,437.85,434.81,431.71,434.79,0.0,1.3851,0.0,0.0,0.3348,0.0,0.0835,0,0.0835,0,0.3472,0,0.3472,0,0.9703,1,0.9703,1,49.9,330.59,206.98,0,1,2025-10-01 23:32:00,21.5,93.3,,0,0,,1
2025-10-01 23:32:45,242.12,0.3348,251.14,0.4616,1.3849,251.12,250.8,251.5,437.37,435.01,432.51,434.92,0.0,1.3849,0.0,0.0,0.3348,0.0,0.0838,0,0.0838,0,0.3473,0,0.3473,0,0.97,1,0.97,1,49.9,330.59,206.98,0,1,2025-10-01 23:32:45,21.5,93.3,,0,0,,1
2025-10-01 23:33:30,242.12,0.3345,251.14,0.4613,1.3841,251.1,250.66,251.66,437.57,433.42,433.9,434.97,0.0,1.3841,0.0,0.0,0.3345,0.0,0.0836,0,0.0836,0,0.3469,0,0.3469,0,0.9701,1,0.9701,1,49.9,330.6,206.98,0,1,2025-10-01 23:33:30,21.5,93.3,,0,0,,1
2025-10-01 23:34:15,242.12,0.3353,251.32,0.4618,1.3856,251.36,250.92,251.69,438.3,435.19,432.33,435.37,0.0,1.3856,0.0,0.0,0.3353,0.0,0.0835,0,0.0835,0,0.3477,0,0.3477,0,0.9703,1,0.9703,1,50,330.6,206.99,0,1,2025-10-01 23:34:15,21.6,93.3,,0,0,,1
2025-10-01 23:35:00,242.13,0.3347,251.45,0.4612,1.3838,251.5,250.86,252,437.82,435.34,433.36,435.55,0.0,1.3838,0.0,0.0,0.3347,0.0,0.0833,0,0.0833,0,0.3471,0,0.3471,0,0.9703,1,0.9703,1,50,330.6,206.99,0,1,2025-10-01 23:35:00,22.0,93.3,,0,0,,1
2025-10-01 23:35:45,242.13,0.3354,251.41,0.462,1.3862,251.48,250.92,251.85,438.31,435.86,432.12,435.43,0.0,1.3862,0.0,0.0,0.3354,0.0,0.0834,0,0.0834,0,0.3478,0,0.3478,0,0.9704,1,0.9704,1,49.9,330.61,206.99,0,1,2025-10-01 23:35:45,22.0,93.3,,0,0,,1
2025-10-01 23:36:30,242.14,0.3351,251.49,0.4616,1.385,251.55,250.89,252.03,438.07,435.61,433.01,435.55,0.0,1.385,0.0,0.0,0.3351,0.0,0.0835,0,0.0835,0,0.3475,0,0.3475,0,0.9703,1,0.9703,1,49.9,330.61,206.99,0,1,2025-10-01 23:36:30,22.0,93.3,,0,0,,1
2025-10-01 23:37:15,242.14,0.3362,252.21,0.4625,1.3876,252.45,251.42,252.77,439.26,436.74,434.46,436.76,0.0,1.3876,0.0,0.0,0.3362,0.0,0.0843,0,0.0843,0,0.3489,0,0.3489,0,0.9699,1,0.9699,1,50,330.62,206.99,0,1,2025-10-01 23:37:15,22.0,93.3,,0,0,,1
2025-10-01 23:38:00,242.15,0.3362,252.24,0.4624,1.3874,252.53,251.47,252.72,439.4,436.65,434.55,436.84,0.0,1.3874,0.0,0.0,0.3362,0.0,0.0843,0,0.0843,0,0.3489,0,0.3489,0,0.9699,1,0.9699,1,50,330.62,206.99,0,1,2025-10-01 23:38:00,22.0,93.3,,0,0,,1
2025-10-01 23:38:45,242.15,0.3362,252.19,0.4625,1.3875,252.38,251.48,252.73,439.4,436.79,434.17,436.78,0.0,1.3875,0.0,0.0,0.3362,0.0,0.0843,0,0.0843,0,0.3489,0,0.3489,0,0.9699,1,0.9699,1,49.9,330.63,206.99,0,1,2025-10-01 23:38:45,22.0,93.2,,0,0,,1
2025-10-01 23:39:30,242.15,0.3364,252.18,0.4627,1.3883,252.39,251.49,252.68,439.7,436.73,433.88,436.84,0.0,1.3883,0.0,0.0,0.3364,0.0,0.0847,0,0.0847,0,0.3491,0,0.3491,0,0.9697,1,0.9697,1,49.9,330.63,206.99,0,1,2025-10-01 23:39:30,22.1,93.2,,0,0,,1
2025-10-01 23:40:15,242.16,0.3371,252.41,0.463,1.3891,252.34,251.83,253.07,440.26,436.63,434.59,437.06,0.0,1.3891,0.0,0.0,0.3371,0.0,0.0845,0,0.0845,0,0.3498,0,0.3498,0,0.9699,1,0.9699,1,50,330.63,206.99,0,1,2025-10-01 23:40:15,22.1,93.2,,0,0,,1
2025-10-01 23:41:00,242.16,0.3366,252.39,0.4627,1.3881,252.68,251.55,252.94,439.2,436.25,435.95,437.15,0.0,1.3881,0.0,0.0,0.3366,0.0,0.084,0,0.084,0,0.3492,0,0.3492,0,0.9702,1,0.9702,1,50,330.64,206.99,0,1,2025-10-01 23:41:00,22.1,93.2,,0,0,,1
2025-10-01 23:41:45,242.17,0.3352,251.9,0.4615,1.3845,251.99,251,252.71,437.97,436.3,434.59,436.3,0.0,1.3845,0.0,0.0,0.3352,0.0,0.0831,0,0.0831,0,0.3475,0,0.3475,0,0.9706,1,0.9706,1,50,330.64,207,0,1,2025-10-01 23:41:45,22.1,93.2,,0,0,,1
2025-10-01 23:42:30,242.17,0.3352,251.76,0.4615,1.3847,251.82,251.02,252.46,437.93,435.59,434.64,436.08,0.0,1.3847,0.0,0.0,0.3352,0.0,0.0834,0,0.0834,0,0.3476,0,0.3476,0,0.9704,1,0.9704,1,50,330.65,207,0,1,2025-10-01 23:42:30,22.1,93.2,,0,0,,1
2025-10-01 23:43:15,242.17,0.3348,251.52,0.4614,1.3842,251.67,250.82,252.09,437.81,435.6,433.49,435.64,0.0,1.3842,0.0,0.0,0.3348,0.0,0.0831,0,0.0831,0,0.3472,0,0.3472,0,0.9705,1,0.9705,1,49.9,330.65,207,0,1,2025-10-01 23:43:15,22.1,93.1,,0,0,,1
2025-10-01 23:44:00,242.18,0.3345,251.59,0.4611,1.3833,251.63,250.78,252.36,437.95,435.87,433.4,435.75,0.0,1.3833,0.0,0.0,0.3345,0.0,0.0832,0,0.0832,0,0.3469,0,0.3469,0,0.9704,1,0.9704,1,49.9,330.66,207,0,1,2025-10-01 23:44:00,22.1,93.1,,0,0,,1
2025-10-01 23:44:45,242.18,0.3342,251.5,0.4608,1.3824,251.62,250.69,252.21,437.81,435.75,433.23,435.64,0.0,1.3824,0.0,0.0,0.3342,0.0,0.083,0,0.083,0,0.3466,0,0.3466,0,0.9705,1,0.9705,1,50,330.66,207,0,1,2025-10-01 23:44:45,22.1,93.1,,0,0,,1
2025-10-01 23:45:30,242.19,0.3337,251.31,0.4606,1.3819,251.44,250.46,252.03,437.57,436.02,432.15,435.15,0.0,1.3819,0.0,0.0,0.3337,0.0,0.0833,0,0.0833,0,0.3461,0,0.3461,0,0.9702,1,0.9702,1,49.9,330.67,207,0,1,2025-10-01 23:45:30,22.2,93.1,,0,0,,1
2025-10-01 23:46:15,242.19,3.7407,250.77,10.8139,32.441900000000004,250.34,250.38,251.6,436.3,434.48,432.21,434.91,11.3119,11.3695,9.7605,1.5203,1.3205,0.8999,5.2862,1.8322,1.8721,1.5819,8.1343,2.8318,2.8467,2.4557,0.5776,0.6385,0.5763,0.4944,49.9,330.67,207,1,1,2025-10-01 23:46:15,22.2,93.1,,1,0,,0
2025-10-01 23:47:45,242.29,3.775,250.21,8.0196,24.0589,249.66,249.88,251.11,434.69,434.13,431.3,433.37,8.2916,8.8513,6.916,1.3911,1.4005,0.9834,4.6392,1.5175,1.699,1.4227,6.0185,2.0701,2.2118,1.7367,0.6311,0.6757,0.636,0.5685,49.9,330.83,207.12,1,1,2025-10-01 23:47:45,22.0,86.6,,1,0,,0
2025-10-01 23:48:30,242.34,3.7848,250.37,8.0119,24.0358,249.84,250.09,251.2,435.91,433.95,431.05,433.63,8.2798,8.858,6.898,1.3963,1.4062,0.9823,4.6289,1.5111,1.6991,1.4187,6.0167,2.0686,2.2153,1.7328,0.6329,0.6786,0.6375,0.5692,49.9,330.9,207.18,1,1,2025-10-01 23:48:30,21.5,81.6,,1,0,,0
2025-10-01 23:49:15,242.38,3.7676,250.49,8.0012,24.0038,249.98,250.16,251.35,435.82,434.42,431.3,433.84,8.2762,8.8326,6.895,1.3897,1.398,0.9799,4.6368,1.5176,1.6984,1.4208,6.0115,2.0689,2.2096,1.7331,0.6306,0.6753,0.6355,0.5677,49.9,330.97,207.24,1,1,2025-10-01 23:49:15,21.4,77.9,,1,0,,0
2025-10-01 23:51:30,242.52,3.7167,250.69,7.9617,23.8853,250.28,250.39,251.42,437.11,434.09,431.36,434.21,8.2076,8.8337,6.844,1.3751,1.389,0.9527,4.6412,1.5098,1.708,1.4233,5.9868,2.0542,2.2119,1.7207,0.625,0.6733,0.6309,0.5562,50,331.2,207.41,1,1,2025-10-01 23:51:30,20.5,69.2,,1,0,,0
2025-10-01 23:52:15,242.57,3.7315,251.12,7.9895,23.968500000000002,250.63,250.74,252.01,437.14,435.09,432.59,434.95,8.2643,8.8141,6.8901,1.3779,1.3859,0.9677,4.6715,1.5306,1.7085,1.4324,6.0177,2.0713,2.21,1.7364,0.6241,0.669,0.6299,0.5598,50,331.28,207.47,1,1,2025-10-01 23:52:15,20.0,67.2,,1,0,,0
2025-10-01 23:53:00,242.62,3.7379,251.96,8.0471,24.1414,251.78,251.32,252.78,438.74,436.45,433.95,436.39,8.3351,8.8458,6.9605,1.3803,1.3814,0.9762,4.7447,1.5637,1.7276,1.4534,6.0812,2.0986,2.2231,1.7595,0.6188,0.6617,0.6245,0.5575,50,331.36,207.53,1,1,2025-10-01 23:53:00,19.8,65.5,,1,0,,0
2025-10-01 23:53:45,242.64,0.3427,252.82,0.4691,1.4074,252.85,252.09,253.54,440.34,438.18,435.11,437.84,0.0,1.4074,0.0,0.0,0.3427,0.0,0.0826,0,0.0826,0,0.3548,0,0.3548,0,0.9721,1,0.9721,1,50,331.39,207.56,0,1,2025-10-01 23:53:45,19.7,64.1,,0,0,,1
2025-10-01 23:54:30,242.64,0.342,252.94,0.4683,1.4049,252.96,252.16,253.72,440.53,437.7,436.03,438.04,0.0,1.4049,0.0,0.0,0.342,0.0,0.0831,0,0.0831,0,0.3543,0,0.3543,0,0.9717,1,0.9716,1,50,331.4,207.56,0,1,2025-10-01 23:54:30,19.2,66.7,,0,0,,1
2025-10-01 23:55:15,242.65,0.341,252.88,0.4675,1.4027,253.2,252.02,253.42,440.59,437.95,435.37,437.93,0.0,1.4027,0.0,0.0,0.341,0.0,0.0838,0,0.0838,0,0.3535,0,0.3535,0,0.9711,1,0.971,1,50,331.4,207.56,0,1,2025-10-01 23:55:15,19.2,70.1,,0,0,,1
2025-10-01 23:56:00,242.65,0.3414,252.98,0.4674,1.4022,253.18,252.19,253.59,440.81,437.55,436.11,438.09,0.0,1.4022,0.0,0.0,0.3414,0.0,0.0841,0,0.0841,0,0.3536,0,0.3536,0,0.9709,1,0.9706,1,50,331.4,207.56,0,1,2025-10-01 23:56:00,19.2,73,,0,0,,1
2025-10-01 23:56:45,242.66,0.3407,252.9,0.4671,1.4013,253.11,252.16,253.44,440.17,437.55,436.34,437.98,0.0,1.4013,0.0,0.0,0.3407,0.0,0.0845,0,0.0845,0,0.3534,0,0.3534,0,0.9706,1,0.9706,1,50,331.41,207.56,0,1,2025-10-01 23:56:45,19.2,75.4,,0,0,,1
2025-10-01 23:57:30,242.66,0.3409,252.52,0.4672,1.4016,252.32,252.15,253.09,440,436.9,435.16,437.35,0.0,1.4016,0.0,0.0,0.3409,0.0,0.0843,0,0.0843,0,0.3534,0,0.3534,0,0.9707,1,0.9706,1,50,331.41,207.56,0,1,2025-10-01 23:57:30,19.6,77.5,,0,0,,1
2025-10-01 23:58:15,242.67,0.3405,252.62,0.4668,1.4006,252.42,252.22,253.22,440.17,437.16,435.23,437.58,0.0,1.4006,0.0,0.0,0.3405,0.0,0.0848,0,0.0848,0,0.3533,0,0.3533,0,0.9703,1,0.9703,1,50,331.42,207.56,0,1,2025-10-01 23:58:15,19.7,79.4,,0,0,,1
2025-10-01 23:59:00,242.67,0.3406,252.89,0.4667,1.4001,252.68,252.44,253.55,440.56,437.8,435.61,438.15,0.0,1.4001,0.0,0.0,0.3406,0.0,0.0851,0,0.0851,0,0.3534,0,0.3534,0,0.9701,1,0.9701,1,50,331.42,207.57,0,1,2025-10-01 23:59:00,19.7,80.8,,0,0,,1
2025-10-01 23:59:45,242.67,0.3406,252.85,0.4668,1.4005,252.61,252.34,253.62,439.39,438.09,436.35,437.99,0.0,1.4005,0.0,0.0,0.3406,0.0,0.0852,0,0.0852,0,0.3534,0,0.3534,0,0.97,1,0.97,1,50,331.43,207.57,0,1,2025-10-01 23:59:45,19.8,82.2,,0,0,,1
2025-10-02 00:00:30,242.68,0.3396,252.53,0.4661,1.3983,252.14,252.08,253.37,439.78,437.27,435.06,437.45,0.0,1.3983,0.0,0.0,0.3396,0.0,0.0853,0,0.0853,0,0.3525,0,0.3525,0,0.9698,1,0.9698,1,50,331.43,207.57,0,1,2025-10-02 00:00:30,19.8,83.3,,0,0,,1
2025-10-02 00:01:15,242.68,0.3394,252.53,0.4659,1.3978,252.1,252.08,253.42,439.99,437.31,434.81,437.43,0.0,1.3978,0.0,0.0,0.3394,0.0,0.0856,0,0.0856,0,0.3524,0,0.3524,0,0.9696,1,0.9696,1,49.9,331.44,207.57,0,1,2025-10-02 00:01:15,19.9,84.4,,0,0,,1
2025-10-02 00:02:00,242.69,0.3389,252.13,0.4656,1.3969,251.56,251.98,252.85,438.69,437.61,433.73,436.67,0.0,1.3969,0.0,0.0,0.3389,0.0,0.086,0,0.086,0,0.352,0,0.352,0,0.9692,1,0.9692,1,49.9,331.44,207.57,0,1,2025-10-02 00:02:00,19.9,85.3,,0,0,,1
2025-10-02 00:02:45,242.69,0.3362,251.52,0.4636,1.3908,251.32,250.95,252.29,437.86,435.98,433.01,435.58,0.0,1.3908,0.0,0.0,0.3362,0.0,0.0847,0,0.0847,0,0.349,0,0.349,0,0.9697,1,0.9697,1,49.9,331.44,207.57,0,1,2025-10-02 00:02:45,20.0,86.2,,0,0,,1
2025-10-02 00:03:30,242.7,0.337,251.65,0.4643,1.393,251.18,251.44,252.33,437.92,436.16,433.46,435.75,0.0,1.393,0.0,0.0,0.337,0.0,0.0864,0,0.0864,0,0.3503,0,0.3503,0,0.9686,1,0.9686,1,49.8,331.45,207.57,0,1,2025-10-02 00:03:30,20.4,86.9,,0,0,,1
2025-10-02 00:04:15,242.7,0.3367,251.69,0.4639,1.3917,251.57,251.27,252.24,438.54,435.24,433.98,435.93,0.0,1.3917,0.0,0.0,0.3367,0.0,0.0856,0,0.0856,0,0.3497,0,0.3497,0,0.9692,1,0.9692,1,49.9,331.45,207.57,0,1,2025-10-02 00:04:15,20.5,87.5,,0,0,,1
2025-10-02 00:05:00,242.7,0.3344,251.12,0.4623,1.3871,251.05,250.2,252.11,436.36,434.17,434.28,434.94,0.0,1.3871,0.0,0.0,0.3344,0.0,0.0841,0,0.0841,0,0.3471,0,0.3471,0,0.9697,1,0.9697,1,49.8,331.46,207.57,0,1,2025-10-02 00:05:00,20.5,88.1,,0,0,,1
2025-10-02 00:05:45,242.71,0.3335,250.81,0.4618,1.3856,250.76,249.9,251.77,436.31,433.34,433.54,434.4,0.0,1.3856,0.0,0.0,0.3335,0.0,0.0845,0,0.0845,0,0.3463,0,0.3463,0,0.9693,1,0.9693,1,49.7,331.46,207.57,0,1,2025-10-02 00:05:45,20.5,88.6,,0,0,,1
2025-10-02 00:06:30,242.71,0.334,250.92,0.4619,1.3857,250.7,250.42,251.66,436.83,434.23,432.73,434.59,0.0,1.3857,0.0,0.0,0.334,0.0,0.0856,0,0.0856,0,0.347,0,0.347,0,0.9686,1,0.9686,1,49.7,331.47,207.58,0,1,2025-10-02 00:06:30,20.6,89,,0,0,,1
2025-10-02 00:07:15,242.72,0.3348,251.1,0.4625,1.3875,250.92,250.73,251.65,438.12,434.2,432.34,434.92,0.0,1.3875,0.0,0.0,0.3348,0.0,0.0857,0,0.0857,0,0.3479,0,0.3479,0,0.9687,1,0.9687,1,49.8,331.47,207.58,0,1,2025-10-02 00:07:15,20.6,89.5,,0,0,,1
2025-10-02 00:08:00,242.72,0.3339,250.64,0.4616,1.3849,250.4,250.33,251.21,436.98,434.2,431.13,434.19,0.0,1.3849,0.0,0.0,0.3339,0.0,0.0847,0,0.0847,0,0.3467,0,0.3467,0,0.9693,1,0.9693,1,49.8,331.47,207.58,0,1,2025-10-02 00:08:00,20.6,89.8,,0,0,,1
2025-10-02 00:08:45,242.72,0.3352,251.37,0.4627,1.3882,251.31,250.79,252.02,438.45,435.17,432.45,435.32,0.0,1.3882,0.0,0.0,0.3352,0.0,0.0851,0,0.0851,0,0.3481,0,0.3481,0,0.9692,1,0.9692,1,49.8,331.48,207.58,0,1,2025-10-02 00:08:45,20.7,90.2,,0,0,,1
2025-10-02 00:09:30,242.73,0.3349,251.31,0.4623,1.3871,251.21,250.8,251.93,438,434.98,432.79,435.3,0.0,1.3871,0.0,0.0,0.3349,0.0,0.0853,0,0.0853,0,0.3479,0,0.3479,0,0.969,1,0.969,1,49.8,331.48,207.58,0,1,2025-10-02 00:09:30,20.7,90.5,,0,0,,1
2025-10-02 00:10:15,242.73,0.3354,251.59,0.4626,1.3878,251.37,250.92,252.49,437.6,435.34,434.31,435.86,0.0,1.3878,0.0,0.0,0.3354,0.0,0.0848,0,0.0848,0,0.3482,0,0.3482,0,0.9694,1,0.9694,1,49.9,331.49,207.58,0,1,2025-10-02 00:10:15,20.7,90.7,,0,0,,1
2025-10-02 00:11:00,242.74,0.3357,251.65,0.4627,1.3883,251.51,251.04,252.42,438.44,435.67,433.44,435.84,0.0,1.3883,0.0,0.0,0.3357,0.0,0.085,0,0.085,0,0.3485,0,0.3485,0,0.9693,1,0.9693,1,49.9,331.49,207.58,0,1,2025-10-02 00:11:00,20.7,91,,0,0,,1
2025-10-02 00:11:45,242.74,0.3358,251.77,0.4627,1.3881,251.6,251.12,252.61,438.62,435.75,433.81,436.05,0.0,1.3881,0.0,0.0,0.3358,0.0,0.0848,0,0.0848,0,0.3486,0,0.3486,0,0.9695,1,0.9695,1,49.9,331.5,207.58,0,1,2025-10-02 00:11:45,20.8,91.1,,0,0,,1
2025-10-02 00:12:30,242.75,0.336,251.91,0.4629,1.3887,251.73,251.26,252.74,438.49,436.45,433.94,436.3,0.0,1.3887,0.0,0.0,0.336,0.0,0.085,0,0.085,0,0.3489,0,0.3489,0,0.9694,1,0.9694,1,49.9,331.5,207.58,0,1,2025-10-02 00:12:30,21.2,91.4,,0,0,,1
2025-10-02 00:13:15,242.75,0.3352,251.47,0.4621,1.3864,251.21,250.94,252.27,438.06,435.3,433.25,435.53,0.0,1.3864,0.0,0.0,0.3352,0.0,0.0842,0,0.0842,0,0.3479,0,0.3479,0,0.9698,1,0.9698,1,49.9,331.51,207.59,0,1,2025-10-02 00:13:15,21.2,91.6,,0,0,,1
2025-10-02 00:14:00,242.75,0.3374,252.1,0.4639,1.3919,251.76,251.72,252.82,439.47,436.04,434.35,436.59,0.0,1.3919,0.0,0.0,0.3374,0.0,0.0856,0,0.0856,0,0.3504,0,0.3504,0,0.9693,1,0.9693,1,49.9,331.51,207.59,0,1,2025-10-02 00:14:00,21.2,91.7,,0,0,,1
2025-10-02 00:14:45,242.76,0.3367,251.92,0.4631,1.3895,251.57,251.48,252.71,438.23,436.18,434.54,436.25,0.0,1.3895,0.0,0.0,0.3367,0.0,0.0847,0,0.0847,0,0.3494,0,0.3494,0,0.9697,1,0.9697,1,49.9,331.51,207.59,0,1,2025-10-02 00:14:45,21.3,91.9,,0,0,,1
2025-10-02 00:15:30,242.76,0.3363,252.04,0.463,1.389,252.08,251.41,252.65,439.08,436.32,434.19,436.42,0.0,1.389,0.0,0.0,0.3363,0.0,0.085,0,0.085,0,0.3492,0,0.3492,0,0.9695,1,0.9695,1,49.9,331.52,207.59,0,1,2025-10-02 00:15:30,21.3,92,,0,0,,1
2025-10-02 00:16:15,242.81,3.7993,251.1,8.0782,24.2346,251.01,250.49,251.8,437.44,434.66,432.57,434.95,8.4225,8.8814,6.9307,1.4144,1.3908,0.9942,4.7005,1.5542,1.7225,1.4239,6.084,2.1141,2.2247,1.7452,0.6286,0.673,0.6282,0.5724,49.9,331.59,207.65,1,1,2025-10-02 00:16:15,21.3,90.8,,1,0,,0
2025-10-02 00:17:00,242.85,3.7952,251.37,8.0815,24.244699999999998,251.16,250.85,252.11,437.05,435.4,433.67,435.34,8.3951,8.8995,6.9501,1.4081,1.3972,0.9899,4.7154,1.5524,1.7274,1.4356,6.0931,2.1085,2.2324,1.7522,0.6269,0.6718,0.6288,0.5676,49.9,331.67,207.7,1,1,2025-10-02 00:17:00,21.2,85.9,,1,0,,0
2025-10-02 00:17:45,242.9,3.7546,251.74,8.0513,24.154,251.47,251.2,252.55,437.56,436.17,434.29,435.93,8.3484,8.862,6.9436,1.3891,1.3863,0.9792,4.7292,1.5571,1.7277,1.4444,6.0791,2.0994,2.2261,1.7536,0.6217,0.6657,0.6258,0.5611,49.9,331.75,207.76,1,1,2025-10-02 00:17:45,20.7,81.1,,1,0,,0
2025-10-02 00:18:30,242.95,3.7475,251.69,8.0456,24.1368,251.72,250.77,252.59,437.81,435.62,434.35,435.86,8.3968,8.8455,6.8945,1.3987,1.3713,0.9776,4.7283,1.5678,1.7299,1.4306,6.0733,2.1136,2.2182,1.7415,0.6211,0.6657,0.6212,0.5641,50,331.82,207.82,1,1,2025-10-02 00:18:30,20.6,77.2,,1,0,,0
2025-10-02 00:19:15,242.99,3.7417,251.55,8.033,24.099,251.51,250.76,252.39,437.74,435.56,433.74,435.69,8.3628,8.848,6.8882,1.3941,1.3754,0.9723,4.7144,1.5575,1.7267,1.4302,6.0606,2.1033,2.2187,1.7385,0.6216,0.6669,0.623,0.5621,49.9,331.89,207.88,1,1,2025-10-02 00:19:15,20.4,73.7,,1,0,,0
2025-10-02 00:20:45,243.06,0.3419,252.58,0.4683,1.4051,252.54,252.14,253.06,440.06,437.46,434.85,437.47,0.0,1.4051,0.0,0.0,0.3419,0.0,0.0837,0,0.0837,0,0.3543,0,0.3543,0,0.9713,1,0.9713,1,50,332,207.96,0,1,2025-10-02 00:20:45,19.8,69.6,,0,0,,1
2025-10-02 00:21:30,243.07,0.341,252.63,0.4674,1.4023,252.62,251.96,253.32,438.73,437.88,436.07,437.56,0.0,1.4023,0.0,0.0,0.341,0.0,0.0835,0,0.0835,0,0.3533,0,0.3533,0,0.9712,1,0.9712,1,49.9,332.01,207.96,0,1,2025-10-02 00:21:30,19.7,71.9,,0,0,,1
2025-10-02 00:22:15,243.07,0.3395,252.37,0.4662,1.3986,252.26,251.71,253.16,438.36,436.99,436,437.17,0.0,1.3986,0.0,0.0,0.3395,0.0,0.084,0,0.084,0,0.352,0,0.352,0,0.9707,1,0.9707,1,49.9,332.01,207.96,0,1,2025-10-02 00:22:15,19.6,74.5,,0,0,,1
2025-10-02 00:23:00,243.08,0.3394,252.19,0.4661,1.3984,252.14,251.76,252.69,439.25,436.21,434.92,436.8,0.0,1.3984,0.0,0.0,0.3394,0.0,0.0844,0,0.0844,0,0.3521,0,0.3521,0,0.9704,1,0.9704,1,49.9,332.02,207.97,0,1,2025-10-02 00:23:00,19.7,77.2,,0,0,,1
2025-10-02 00:23:45,243.08,0.3396,252.31,0.4662,1.3986,251.99,251.93,253.03,438.84,437,435.18,437.04,0.0,1.3986,0.0,0.0,0.3396,0.0,0.0849,0,0.0849,0,0.3523,0,0.3523,0,0.9701,1,0.9701,1,49.9,332.02,207.97,0,1,2025-10-02 00:23:45,19.7,79.2,,0,0,,1
2025-10-02 00:24:30,243.08,0.3393,252.2,0.4659,1.3979,251.91,251.83,252.88,438.68,436.63,435.14,436.78,0.0,1.3979,0.0,0.0,0.3393,0.0,0.0848,0,0.0848,0,0.352,0,0.352,0,0.9701,1,0.9701,1,49.9,332.03,207.97,0,1,2025-10-02 00:24:30,19.7,80.9,,0,0,,1
2025-10-02 00:25:15,243.09,0.3391,252.33,0.4656,1.3968,252.09,251.9,253,439.33,436.85,434.89,436.93,0.0,1.3968,0.0,0.0,0.3391,0.0,0.085,0,0.085,0,0.3519,0,0.3519,0,0.97,1,0.97,1,49.9,332.03,207.97,0,1,2025-10-02 00:25:15,19.8,82.4,,0,0,,1
2025-10-02 00:26:00,243.09,0.3394,252.42,0.4658,1.3975,252.1,251.97,253.2,438.63,436.9,436.06,437.17,0.0,1.3975,0.0,0.0,0.3394,0.0,0.0848,0,0.0848,0,0.3521,0,0.3521,0,0.9701,1,0.9701,1,50,332.03,207.97,0,1,2025-10-02 00:26:00,19.8,83.7,,0,0,,1
2025-10-02 00:26:45,243.1,0.3392,252.3,0.4656,1.3968,252.09,251.9,252.91,438.84,437.34,434.75,436.97,0.0,1.3968,0.0,0.0,0.3392,0.0,0.0846,0,0.0846,0,0.3519,0,0.3519,0,0.9702,1,0.9702,1,50,332.04,207.97,0,1,2025-10-02 00:26:45,19.9,85,,0,0,,1
2025-10-02 00:27:30,243.1,0.339,252.56,0.4653,1.3959,252.32,252.06,253.31,439.86,436.37,436.06,437.4,0.0,1.3959,0.0,0.0,0.339,0.0,0.085,0,0.085,0,0.3519,0,0.3519,0,0.9699,1,0.9699,1,50,332.04,207.97,0,1,2025-10-02 00:27:30,19.9,85.9,,0,0,,1
2025-10-02 00:28:15,243.1,0.3336,252.2,0.461,1.3831,253.14,249.51,253.96,439.11,435.21,436.04,436.84,0.0,1.3831,0.0,0.0,0.3336,0.0,0.0799,0,0.0799,0,0.3451,0,0.3451,0,0.9725,1,0.9725,1,50,332.05,207.97,0,1,2025-10-02 00:28:15,19.9,86.8,,0,0,,1
2025-10-02 00:29:00,243.11,0.3343,252.28,0.4618,1.3854,253.19,249.74,253.93,438.69,435.38,436.77,436.98,0.0,1.3854,0.0,0.0,0.3343,0.0,0.0806,0,0.0806,0,0.346,0,0.346,0,0.9721,1,0.9721,1,50,332.05,207.97,0,1,2025-10-02 00:29:00,20.0,87.6,,0,0,,1
2025-10-02 00:29:45,243.11,0.3338,252.22,0.4614,1.3843,253.17,249.66,253.85,439.03,435.53,435.94,436.87,0.0,1.3843,0.0,0.0,0.3338,0.0,0.0808,0,0.0808,0,0.3456,0,0.3456,0,0.9719,1,0.9719,1,50,332.06,207.98,0,1,2025-10-02 00:29:45,20.4,88.2,,0,0,,1
2025-10-02 00:30:30,243.12,0.3334,251.97,0.4611,1.3833,252.9,249.5,253.51,438.41,435.69,435.06,436.38,0.0,1.3833,0.0,0.0,0.3334,0.0,0.081,0,0.081,0,0.3451,0,0.3451,0,0.9717,1,0.9717,1,49.9,332.06,207.98,0,1,2025-10-02 00:30:30,20.5,88.7,,0,0,,1
2025-10-02 00:31:15,243.12,0.3337,252.26,0.4613,1.3841,253.12,249.78,253.9,438.57,435.9,436.26,436.99,0.0,1.3841,0.0,0.0,0.3337,0.0,0.0815,0,0.0815,0,0.3457,0,0.3457,0,0.9714,1,0.9714,1,49.9,332.06,207.98,0,1,2025-10-02 00:31:15,20.5,89.1,,0,0,,1
2025-10-02 00:32:00,243.13,0.3342,252.33,0.4617,1.3852,253.06,249.92,254.03,438.58,436.1,436.42,437.06,0.0,1.3852,0.0,0.0,0.3342,0.0,0.0818,0,0.0818,0,0.3462,0,0.3462,0,0.9713,1,0.9713,1,49.9,332.07,207.98,0,1,2025-10-02 00:32:00,20.5,89.5,,0,0,,1
2025-10-02 00:32:45,243.13,0.3345,252.59,0.4618,1.3856,253.42,250.13,254.22,439.93,436.1,436.34,437.4,0.0,1.3856,0.0,0.0,0.3345,0.0,0.0817,0,0.0817,0,0.3466,0,0.3466,0,0.9714,1,0.9714,1,50,332.07,207.98,0,1,2025-10-02 00:32:45,20.6,90,,0,0,,1
2025-10-02 00:33:30,243.13,0.3346,252.51,0.4619,1.3858,253.32,250.08,254.15,439.49,436.72,435.78,437.22,0.0,1.3858,0.0,0.0,0.3346,0.0,0.0814,0,0.0814,0,0.3466,0,0.3466,0,0.9716,1,0.9716,1,50,332.08,207.98,0,1,2025-10-02 00:33:30,20.6,90.3,,0,0,,1
2025-10-02 00:34:15,243.14,0.3347,252.59,0.4622,1.3866,253.37,250.16,254.25,439.27,436.97,436.16,437.44,0.0,1.3866,0.0,0.0,0.3347,0.0,0.082,0,0.082,0,0.3469,0,0.3469,0,0.9713,1,0.9713,1,50,332.08,207.98,0,1,2025-10-02 00:34:15,20.6,90.6,,0,0,,1
2025-10-02 00:35:00,243.14,0.3343,252.55,0.4615,1.3845,253.34,250.17,254.14,439.25,435.97,436.98,437.37,0.0,1.3845,0.0,0.0,0.3343,0.0,0.0816,0,0.0816,0,0.3464,0,0.3464,0,0.9714,1,0.9714,1,50,332.09,207.98,0,1,2025-10-02 00:35:00,20.7,90.9,,0,0,,1
2025-10-02 00:35:45,243.15,0.3348,252.68,0.4619,1.3859,253.5,250.31,254.25,439.79,436.37,436.73,437.63,0.0,1.3859,0.0,0.0,0.3348,0.0,0.0819,0,0.0819,0,0.3469,0,0.3469,0,0.9713,1,0.9713,1,50,332.09,207.98,0,1,2025-10-02 00:35:45,20.7,91.1,,0,0,,1
2025-10-02 00:36:30,243.15,0.335,252.63,0.4619,1.3859,253.3,250.44,254.17,439.88,436.51,436.23,437.49,0.0,1.3859,0.0,0.0,0.335,0.0,0.0819,0,0.0819,0,0.3471,0,0.3471,0,0.9714,1,0.9714,1,50,332.09,207.98,0,1,2025-10-02 00:36:30,20.7,91.3,,0,0,,1
2025-10-02 00:37:15,243.15,0.3347,252.49,0.462,1.386,253.06,250.29,254.12,439.72,435.77,436.37,437.34,0.0,1.386,0.0,0.0,0.3347,0.0,0.082,0,0.082,0,0.3469,0,0.3469,0,0.9712,1,0.9712,1,50,332.1,207.99,0,1,2025-10-02 00:37:15,20.8,91.5,,0,0,,1
2025-10-02 00:38:00,243.16,0.335,252.57,0.4621,1.3865,253.09,250.31,254.31,438.6,437.03,436.69,437.37,0.0,1.3865,0.0,0.0,0.335,0.0,0.0818,0,0.0818,0,0.3471,0,0.3471,0,0.9714,1,0.9714,1,50,332.1,207.99,0,1,2025-10-02 00:38:00,21.2,91.6,,0,0,,1
2025-10-02 00:38:45,243.16,0.3344,252.69,0.4615,1.3845,253.23,250.32,254.53,439.5,436.34,437.09,437.58,0.0,1.3845,0.0,0.0,0.3344,0.0,0.0821,0,0.0821,0,0.3466,0,0.3466,0,0.9711,1,0.9711,1,50,332.11,207.99,0,1,2025-10-02 00:38:45,21.2,91.8,,0,0,,1
2025-10-02 00:39:30,243.17,0.3332,252.06,0.4605,1.3817,252.47,249.79,253.94,438.5,435.41,435.77,436.58,0.0,1.3817,0.0,0.0,0.3332,0.0,0.0812,0,0.0812,0,0.3451,0,0.3451,0,0.9715,1,0.9715,1,50,332.11,207.99,0,1,2025-10-02 00:39:30,21.3,91.9,,0,0,,1
2025-10-02 00:40:15,243.17,0.3339,252.23,0.4609,1.3829,252.72,250.09,253.89,439.16,435.94,435.43,436.92,0.0,1.3829,0.0,0.0,0.3339,0.0,0.0811,0,0.0811,0,0.3458,0,0.3458,0,0.9717,1,0.9717,1,50,332.12,207.99,0,1,2025-10-02 00:40:15,21.3,92,,0,0,,1
2025-10-02 00:41:00,243.19,3.6827,251.6,7.9875,23.962699999999998,251.8,249.53,253.49,437.17,435.07,435.06,435.7,8.3788,8.7129,6.871,1.37,1.3315,0.9812,4.7193,1.5869,1.7045,1.4278,6.0256,2.1098,2.1741,1.7417,0.6152,0.6534,0.6156,0.5663,50,332.14,208.01,1,1,2025-10-02 00:41:00,21.3,92.2,,1,0,,0
2025-10-02 00:41:45,243.24,3.7857,251.72,8.0589,24.176899999999996,251.92,249.71,253.53,437.92,435.23,434.72,435.89,8.4482,8.7949,6.9338,1.4041,1.3694,1.0122,4.7076,1.5808,1.7018,1.425,6.0824,2.1283,2.1962,1.7579,0.6266,0.664,0.6269,0.579,50,332.22,208.07,1,1,2025-10-02 00:41:45,21.2,89.4,,1,0,,0
2025-10-02 00:42:30,243.28,3.7674,251.56,8.0475,24.142599999999998,251.69,249.42,253.59,436.91,434.69,435.5,435.7,8.4221,8.7433,6.9772,1.3861,1.3632,1.0181,4.7099,1.5863,1.6879,1.4357,6.0699,2.1198,2.1808,1.7693,0.6246,0.6579,0.6282,0.5784,50,332.3,208.13,1,1,2025-10-02 00:42:30,20.8,84.4,,1,0,,0
2025-10-02 00:43:15,243.33,3.7744,251.39,8.0366,24.11,251.51,249.3,253.36,437.44,434.39,434.32,435.38,8.4071,8.7403,6.9626,1.3888,1.3671,1.0185,4.6864,1.5762,1.6818,1.4284,6.0575,2.1145,2.179,1.764,0.6272,0.661,0.6307,0.5805,50,332.37,208.18,1,1,2025-10-02 00:43:15,20.7,79.7,,1,0,,0
2025-10-02 00:44:00,243.38,3.7441,251.37,8.0081,24.024499999999996,251.54,249.39,253.19,436.97,434.82,434.29,435.37,8.3408,8.7576,6.9261,1.3792,1.3673,0.9976,4.6818,1.5628,1.6883,1.4306,6.0357,2.098,2.1841,1.7536,0.6245,0.6616,0.6293,0.5719,50,332.45,208.24,1,1,2025-10-02 00:44:00,20.5,76,,1,0,,0
2025-10-02 00:44:45,243.42,3.7288,251.27,7.9948,23.9846,251.43,249.31,253.07,436.8,434.33,434.41,435.31,8.3517,8.7321,6.9008,1.3775,1.3573,0.994,4.6804,1.5674,1.6881,1.4249,6.0233,2.0999,2.177,1.7464,0.6231,0.6601,0.6266,0.5721,50,332.52,208.3,1,1,2025-10-02 00:44:45,20.0,72.7,,1,0,,0
2025-10-02 00:45:30,243.47,3.714,251.82,8.0077,24.023199999999996,252.29,249.66,253.53,438.44,435.19,434.78,436.13,8.3837,8.7363,6.9032,1.3774,1.3461,0.9905,4.7209,1.5873,1.7019,1.4316,6.0464,2.1151,2.1811,1.7502,0.6183,0.6553,0.6203,0.5689,50,332.6,208.36,1,1,2025-10-02 00:45:30,19.8,70.2,,1,0,,0
2025-10-02 00:46:15,243.49,0.3384,252.6,0.466,1.3982,253.24,250.29,254.27,439.12,437,436.33,437.44,0.0,1.3982,0.0,0.0,0.3384,0.0,0.0801,0,0.0801,0,0.35,0,0.35,0,0.9731,1,0.9731,1,50,332.63,208.38,0,1,2025-10-02 00:46:15,19.7,68.7,,0,0,,1
2025-10-02 00:47:00,243.49,0.3419,252.48,0.4683,1.4051,251.83,252.4,253.21,439.39,436.99,435.49,437.32,0.0,1.4051,0.0,0.0,0.3419,0.0,0.0847,0,0.0847,0,0.3546,0,0.3546,0,0.9706,1,0.9706,1,50,332.63,208.38,0,1,2025-10-02 00:47:00,19.2,71.1,,0,0,,1
2025-10-02 00:47:45,243.5,0.3402,252.41,0.4669,1.4008,252.09,251.79,253.36,439.05,436.94,435.52,437.09,0.0,1.4008,0.0,0.0,0.3402,0.0,0.0836,0,0.0836,0,0.3527,0,0.3527,0,0.9711,1,0.9711,1,50,332.64,208.38,0,1,2025-10-02 00:47:45,19.2,73.9,,0,0,,1
2025-10-02 00:48:30,243.5,0.3403,252.39,0.4673,1.4021,252.25,251.71,253.21,439.09,436.9,435.4,437.17,0.0,1.4021,0.0,0.0,0.3403,0.0,0.0838,0,0.0838,0,0.3529,0,0.3529,0,0.9709,1,0.9709,1,50,332.64,208.39,0,1,2025-10-02 00:48:30,19.2,76.1,,0,0,,1
2025-10-02 00:49:15,243.51,0.3395,252.24,0.4664,1.3993,252.07,251.63,253.02,439.29,435.97,435.34,436.82,0.0,1.3993,0.0,0.0,0.3395,0.0,0.0841,0,0.0841,0,0.3521,0,0.3521,0,0.9706,1,0.9706,1,50,332.65,208.39,0,1,2025-10-02 00:49:15,19.2,78.1,,0,0,,1
2025-10-02 00:50:00,243.51,0.3383,251.84,0.4654,1.3964,251.65,251.13,252.75,438,435.44,435.12,436.18,0.0,1.3964,0.0,0.0,0.3383,0.0,0.083,0,0.083,0,0.3507,0,0.3507,0,0.9712,1,0.9712,1,50,332.65,208.39,0,1,2025-10-02 00:50:00,19.6,79.8,,0,0,,1
2025-10-02 00:50:45,243.51,0.34,252.13,0.4665,1.3997,251.75,251.87,252.77,438.89,436.06,435.1,436.74,0.0,1.3997,0.0,0.0,0.34,0.0,0.0841,0,0.0841,0,0.3525,0,0.3525,0,0.9707,1,0.9707,1,50,332.65,208.39,0,1,2025-10-02 00:50:45,19.7,81.3,,0,0,,1
2025-10-02 00:51:30,243.52,0.3394,252.21,0.4658,1.3976,252.01,251.78,252.86,439.22,436.5,434.76,436.8,0.0,1.3976,0.0,0.0,0.3394,0.0,0.0837,0,0.0837,0,0.3519,0,0.3519,0,0.9708,1,0.9708,1,50,332.66,208.39,0,1,2025-10-02 00:51:30,19.7,82.6,,0,0,,1
2025-10-02 00:52:15,243.52,0.3389,252.07,0.4656,1.3969,251.76,251.59,252.86,437.85,436.34,435.57,436.66,0.0,1.3969,0.0,0.0,0.3389,0.0,0.0839,0,0.0839,0,0.3514,0,0.3514,0,0.9706,1,0.9706,1,50,332.66,208.39,0,1,2025-10-02 00:52:15,19.8,83.6,,0,0,,1
2025-10-02 00:53:00,243.53,0.3384,252.02,0.4652,1.3956,251.86,251.55,252.66,438.98,436,434.49,436.49,0.0,1.3956,0.0,0.0,0.3384,0.0,0.0845,0,0.0845,0,0.3511,0,0.3511,0,0.9702,1,0.9702,1,50,332.67,208.39,0,1,2025-10-02 00:53:00,19.8,84.5,,0,0,,1
2025-10-02 00:53:45,243.53,0.3378,251.84,0.4647,1.3941,251.58,251.32,252.62,438.17,436.28,434.09,436.25,0.0,1.3941,0.0,0.0,0.3378,0.0,0.0838,0,0.0838,0,0.3504,0,0.3504,0,0.9705,1,0.9705,1,50,332.67,208.39,0,1,2025-10-02 00:53:45,19.9,85.4,,0,0,,1
2025-10-02 00:54:30,243.54,0.3373,251.45,0.464,1.392,250.51,251.28,252.58,437.63,435.48,433.42,436.61,0.0,1.392,0.0,0.0,0.3373,0.0,0.0835,0,0.0835,0,0.3498,0,0.3498,0,0.9706,1,0.9706,1,50,332.68,208.39,0,1,2025-10-02 00:54:30,19.9,86.2,,0,0,,1
2025-10-02 00:55:15,243.54,0.3382,251.72,0.4646,1.3938,251.15,251.6,252.43,437.73,436.29,433.94,436.01,0.0,1.3938,0.0,0.0,0.3382,0.0,0.0835,0,0.0835,0,0.3507,0,0.3507,0,0.9708,1,0.9708,1,50,332.68,208.4,0,1,2025-10-02 00:55:15,19.9,86.8,,0,0,,1
2025-10-02 00:56:00,243.54,0.3385,251.77,0.465,1.3951,251.08,251.62,252.63,437.65,436.32,434.24,436.07,0.0,1.3951,0.0,0.0,0.3385,0.0,0.0836,0,0.0836,0,0.351,0,0.351,0,0.9708,1,0.9708,1,50.1,332.69,208.4,0,1,2025-10-02 00:56:00,20.0,87.4,,0,0,,1
2025-10-02 00:56:45,243.55,0.3376,251.63,0.4642,1.3928,251.01,251.45,252.43,437.72,435.59,434.14,435.87,0.0,1.3928,0.0,0.0,0.3376,0.0,0.0837,0,0.0837,0,0.3502,0,0.3502,0,0.9706,1,0.9706,1,50,332.69,208.4,0,1,2025-10-02 00:56:45,20.0,88,,0,0,,1
2025-10-02 00:57:30,243.55,0.3385,252.24,0.4648,1.3946,251.83,251.92,252.99,439.12,437.24,434.27,436.85,0.0,1.3946,0.0,0.0,0.3385,0.0,0.0846,0,0.0846,0,0.3513,0,0.3513,0,0.9701,1,0.9701,1,50,332.69,208.4,0,1,2025-10-02 00:57:30,20.4,88.5,,0,0,,1
2025-10-02 00:58:15,243.56,0.3414,252.21,0.467,1.4012,249.71,253.24,253.69,438.4,437.69,434.39,437.11,0.0,1.4012,0.0,0.0,0.3414,0.0,0.087,0,0.087,0,0.3548,0,0.3548,0,0.969,1,0.969,1,50,332.7,208.4,0,1,2025-10-02 00:58:15,20.5,88.9,,0,0,,1
2025-10-02 00:59:00,243.56,0.3408,252.04,0.4664,1.3994,249.59,253.16,253.38,438.62,436.62,434.34,436.54,0.0,1.3994,0.0,0.0,0.3408,0.0,0.0869,0,0.0869,0,0.3543,0,0.3543,0,0.969,1,0.969,1,50,332.7,208.4,0,1,2025-10-02 00:59:00,20.5,89.3,,0,0,,1
2025-10-02 00:59:45,243.57,0.3421,252.79,0.4676,1.4029,250.66,253.6,254.11,439.6,437.88,435.99,437.81,0.0,1.4029,0.0,0.0,0.3421,0.0,0.0878,0,0.0878,0,0.3558,0,0.3558,0,0.9686,1,0.9686,1,50,332.71,208.4,0,1,2025-10-02 00:59:45,20.5,89.7,,0,0,,1
2025-10-02 01:00:30,243.57,0.3421,252.85,0.4676,1.403,250.8,253.65,254.12,439.95,438.03,435.83,437.82,0.0,1.403,0.0,0.0,0.3421,0.0,0.0879,0,0.0879,0,0.3559,0,0.3559,0,0.9685,1,0.9685,1,50,332.71,208.4,0,1,2025-10-02 01:00:30,20.6,89.9,,0,0,,1
2025-10-02 01:01:15,243.57,0.3415,252.71,0.467,1.4011,250.6,253.51,254.03,439.5,437.64,435.93,437.82,0.0,1.4011,0.0,0.0,0.3415,0.0,0.0879,0,0.0879,0,0.3552,0,0.3552,0,0.9684,1,0.9684,1,50,332.72,208.4,0,1,2025-10-02 01:01:15,20.6,90.3,,0,0,,1
2025-10-02 01:02:00,243.58,0.3415,252.75,0.467,1.4012,250.54,253.56,254.17,439.55,437.71,436.03,437.76,0.0,1.4012,0.0,0.0,0.3415,0.0,0.0882,0,0.0882,0,0.3553,0,0.3553,0,0.9682,1,0.9682,1,50,332.72,208.4,0,1,2025-10-02 01:02:00,20.6,90.6,,0,0,,1
2025-10-02 01:02:45,243.58,0.34,252.46,0.4656,1.397,250.57,252.98,253.85,439.62,437.03,435.11,437.29,0.0,1.397,0.0,0.0,0.34,0.0,0.0868,0,0.0868,0,0.3534,0,0.3534,0,0.9689,1,0.9689,1,50,332.73,208.41,0,1,2025-10-02 01:02:45,20.6,90.8,,0,0,,1
2025-10-02 01:03:30,243.59,0.3409,252.67,0.4667,1.4002,250.58,253.1,254.35,438.35,438.33,436.22,437.64,0.0,1.4002,0.0,0.0,0.3409,0.0,0.0869,0,0.0869,0,0.3544,0,0.3544,0,0.9689,1,0.9691,1,50,332.73,208.41,0,1,2025-10-02 01:03:30,20.7,91,,0,0,,1
2025-10-02 01:04:15,243.59,0.3419,252.91,0.4669,1.4009,250.66,253.7,254.37,439.66,438.64,435.8,438.07,0.0,1.4009,0.0,0.0,0.3419,0.0,0.0879,0,0.0879,0,0.3554,0,0.3554,0,0.9684,1,0.9683,1,50,332.73,208.41,0,1,2025-10-02 01:04:15,20.7,91.2,,0,0,,1
2025-10-02 01:05:00,243.6,0.3424,253.13,0.4674,1.4024,250.85,253.87,254.68,439.94,438.96,436.36,438.42,0.0,1.4024,0.0,0.0,0.3424,0.0,0.0878,0,0.0878,0,0.356,0,0.356,0,0.9686,1,0.9687,1,50,332.74,208.41,0,1,2025-10-02 01:05:00,20.7,91.4,,0,0,,1
2025-10-02 01:05:45,243.6,0.3419,252.94,0.4671,1.4014,250.68,253.72,254.43,439.69,438.68,435.9,438.09,0.0,1.4014,0.0,0.0,0.3419,0.0,0.0878,0,0.0878,0,0.3556,0,0.3556,0,0.9685,1,0.9685,1,50,332.74,208.41,0,1,2025-10-02 01:05:45,20.7,91.6,,0,0,,1
2025-10-02 01:06:30,243.6,0.342,252.86,0.4672,1.4016,250.6,253.71,254.27,439.24,438.4,436.2,437.95,0.0,1.4016,0.0,0.0,0.342,0.0,0.0878,0,0.0878,0,0.3556,0,0.3556,0,0.9686,1,0.9686,1,50,332.75,208.41,0,1,2025-10-02 01:06:30,20.8,91.7,,0,0,,1
2025-10-02 01:07:15,243.61,0.3416,253.04,0.4667,1.4001,250.71,253.79,254.62,440.39,439.19,435.16,438.28,0.0,1.4001,0.0,0.0,0.3416,0.0,0.0878,0,0.0878,0,0.3553,0,0.3553,0,0.9685,1,0.9685,1,50,332.75,208.41,0,1,2025-10-02 01:07:15,21.2,91.8,,0,0,,1
2025-10-02 01:08:00,243.61,0.3408,252.39,0.466,1.3982,249.82,253.38,253.99,439.23,437.4,434.78,437.1,0.0,1.3982,0.0,0.0,0.3408,0.0,0.0871,0,0.0871,0,0.3543,0,0.3543,0,0.9688,1,0.9688,1,50,332.76,208.41,0,1,2025-10-02 01:08:00,21.2,92,,0,0,,1
2025-10-02 01:08:45,243.62,0.3395,252,0.465,1.3952,249.51,252.78,253.71,438.52,436.64,434.17,436.46,0.0,1.3952,0.0,0.0,0.3395,0.0,0.086,0,0.086,0,0.3527,0,0.3527,0,0.9693,1,0.9693,1,50,332.76,208.41,0,1,2025-10-02 01:08:45,21.2,92.1,,0,0,,1
2025-10-02 01:09:30,243.62,0.3394,252.14,0.4647,1.3943,249.78,252.83,253.81,437.95,437.06,435.09,436.69,0.0,1.3943,0.0,0.0,0.3394,0.0,0.0859,0,0.0859,0,0.3525,0,0.3525,0,0.9694,1,0.9694,1,50,332.76,208.42,0,1,2025-10-02 01:09:30,21.2,92.2,,0,0,,1
2025-10-02 01:10:15,243.63,0.3395,252.08,0.465,1.395,249.63,252.85,253.78,438.08,437.4,434.34,436.61,0.0,1.395,0.0,0.0,0.3395,0.0,0.0862,0,0.0862,0,0.3527,0,0.3527,0,0.9692,1,0.9692,1,50,332.77,208.42,0,1,2025-10-02 01:10:15,21.3,92.3,,0,0,,1
2025-10-02 01:11:00,243.63,0.3394,252.14,0.4647,1.3943,249.79,252.92,253.73,438.4,437.13,434.59,436.78,0.0,1.3943,0.0,0.0,0.3394,0.0,0.0862,0,0.0862,0,0.3526,0,0.3526,0,0.9692,1,0.9692,1,50,332.77,208.42,0,1,2025-10-02 01:11:00,21.3,92.4,,0,0,,1
2025-10-02 01:11:45,243.67,3.7868,251.44,8.0619,24.1859,248.9,252.22,253.2,437.02,435.65,433.78,435.43,8.2372,8.8814,7.0673,1.361,1.4354,0.9904,4.6984,1.515,1.704,1.4794,6.0797,2.0502,2.2401,1.7894,0.6275,0.6682,0.6442,0.5563,50,332.85,208.47,1,1,2025-10-02 01:11:45,21.3,91.3,,1,0,,0
2025-10-02 01:12:30,243.72,3.778,251.46,8.036,24.1082,249.05,251.94,253.41,436.9,435.82,433.87,435.49,8.2642,8.7859,7.0581,1.3575,1.4173,1.0032,4.6823,1.5284,1.6842,1.4697,6.0603,2.0582,2.2135,1.7886,0.6279,0.664,0.6438,0.5637,50,332.92,208.53,1,1,2025-10-02 01:12:30,21.2,86.6,,1,0,,0
2025-10-02 01:13:15,243.77,3.7389,251.37,8.0106,24.0319,249.1,251.89,253.13,437.45,435.18,433.45,435.42,8.2636,8.8016,6.9667,1.3596,1.4022,0.977,4.6866,1.5274,1.702,1.4571,6.039,2.0585,2.217,1.7635,0.6236,0.6648,0.6358,0.5569,50,333,208.59,1,1,2025-10-02 01:13:15,20.7,81.6,,1,0,,0
2025-10-02 01:14:00,243.82,3.7351,251.72,8.0188,24.0564,249.24,252.72,253.22,437.63,436.58,433.74,436,8.1492,8.9101,6.9971,1.3482,1.4324,0.9544,4.7042,1.5007,1.7217,1.4818,6.0547,2.0311,2.2518,1.7718,0.6218,0.6683,0.6395,0.5414,50,333.08,208.65,1,1,2025-10-02 01:14:00,20.6,77.6,,1,0,,0
2025-10-02 01:14:45,243.86,3.7241,251.65,8.0152,24.0456,248.92,252.73,253.3,436.77,436.34,434.45,435.9,8.1442,8.8908,7.0106,1.3406,1.4296,0.9539,4.7076,1.5026,1.718,1.487,6.05,2.0273,2.247,1.7758,0.6204,0.6657,0.6396,0.5399,50,333.15,208.71,1,1,2025-10-02 01:14:45,20.4,74.2,,1,0,,0
2025-10-02 01:15:30,243.91,3.6978,251.7,7.9899,23.969700000000003,249.03,252.77,253.32,436.72,436.61,434.53,435.98,8.1225,8.8384,7.0088,1.3281,1.4176,0.9521,4.7058,1.5071,1.7109,1.4878,6.0323,2.0227,2.2341,1.7755,0.6178,0.6611,0.638,0.539,50,333.22,208.76,1,1,2025-10-02 01:15:30,19.9,71.3,,1,0,,0
2025-10-02 01:16:15,243.92,0.3443,252.38,0.4698,1.4094,249.76,253.36,254.04,437.59,438.38,435.43,436.88,0.0,1.4094,0.0,0.0,0.3443,0.0,0.0849,0,0.0849,0,0.3571,0,0.3571,0,0.9709,1,0.9709,1,50,333.24,208.78,0,1,2025-10-02 01:16:15,19.7,70.1,,0,0,,1
2025-10-02 01:17:00,243.93,0.3436,252.41,0.469,1.4072,249.67,253.43,254.15,438.65,437.29,435.58,437.21,0.0,1.4072,0.0,0.0,0.3436,0.0,0.0857,0,0.0857,0,0.3566,0,0.3566,0,0.9702,1,0.9702,1,50,333.25,208.78,0,1,2025-10-02 01:17:00,19.7,72.4,,0,0,,1
2025-10-02 01:17:45,243.93,0.3442,252.88,0.4697,1.4091,250.46,253.8,254.4,439.69,438.02,436.26,437.96,0.0,1.4091,0.0,0.0,0.3442,0.0,0.0871,0,0.0871,0,0.3576,0,0.3576,0,0.9694,1,0.9694,1,50,333.25,208.78,0,1,2025-10-02 01:17:45,19.6,75.2,,0,0,,1
2025-10-02 01:18:30,243.93,0.3439,252.94,0.4694,1.4083,250.65,253.73,254.45,439.67,438.7,435.89,438.13,0.0,1.4083,0.0,0.0,0.3439,0.0,0.0871,0,0.0871,0,0.3573,0,0.3573,0,0.9693,1,0.9693,1,50,333.26,208.78,0,1,2025-10-02 01:18:30,19.7,77.5,,0,0,,1
2025-10-02 01:19:15,243.94,0.3429,252.91,0.4686,1.4059,250.97,253.49,254.27,439.62,438.02,436.46,438.02,0.0,1.4059,0.0,0.0,0.3429,0.0,0.0872,0,0.0872,0,0.3564,0,0.3564,0,0.9691,1,0.9691,1,49.9,333.26,208.78,0,1,2025-10-02 01:19:15,19.7,79.5,,0,0,,1
2025-10-02 01:20:00,243.94,0.3433,253.03,0.4688,1.4065,251.07,253.55,254.48,440.16,437.87,436.69,438.18,0.0,1.4065,0.0,0.0,0.3433,0.0,0.0868,0,0.0868,0,0.3566,0,0.3566,0,0.9694,1,0.9694,1,50,333.27,208.79,0,1,2025-10-02 01:20:00,19.7,81.2,,0,0,,1
2025-10-02 01:20:45,243.95,0.343,252.97,0.4685,1.4057,251.04,253.5,254.38,439.5,438.76,436.17,438.12,0.0,1.4057,0.0,0.0,0.343,0.0,0.0867,0,0.0867,0,0.3563,0,0.3563,0,0.9694,1,0.9694,1,50,333.27,208.79,0,1,2025-10-02 01:20:45,19.8,82.5,,0,0,,1
2025-10-02 01:21:30,243.95,0.3426,252.88,0.4681,1.4045,251.14,253.48,254.04,439.91,437.94,436.12,438.04,0.0,1.4045,0.0,0.0,0.3426,0.0,0.087,0,0.087,0,0.356,0,0.356,0,0.9692,1,0.9692,1,50,333.28,208.79,0,1,2025-10-02 01:21:30,19.8,83.8,,0,0,,1
2025-10-02 01:22:15,243.96,0.343,253,0.4684,1.4054,250.97,253.59,254.44,439.98,438.16,436.41,438.16,0.0,1.4054,0.0,0.0,0.343,0.0,0.0867,0,0.0867,0,0.3564,0,0.3564,0,0.9694,1,0.9694,1,50,333.28,208.79,0,1,2025-10-02 01:22:15,19.8,84.7,,0,0,,1
2025-10-02 01:23:00,243.96,0.3429,253,0.4683,1.405,250.71,253.63,254.66,439.67,438.32,436.57,438.16,0.0,1.405,0.0,0.0,0.3429,0.0,0.0871,0,0.0871,0,0.3564,0,0.3564,0,0.9691,1,0.9691,1,50,333.28,208.79,0,1,2025-10-02 01:23:00,19.9,85.6,,0,0,,1
2025-10-02 01:23:45,243.96,0.3427,253.08,0.468,1.404,250.93,253.67,254.66,439.15,438.67,437.2,438.31,0.0,1.404,0.0,0.0,0.3427,0.0,0.0873,0,0.0873,0,0.3562,0,0.3562,0,0.969,1,0.969,1,50,333.29,208.79,0,1,2025-10-02 01:23:45,19.9,86.5,,0,0,,1
2025-10-02 01:24:30,243.97,0.3425,253.11,0.4679,1.4039,251.02,253.6,254.71,439.02,438.5,437.64,438.23,0.0,1.4039,0.0,0.0,0.3425,0.0,0.0872,0,0.0872,0,0.356,0,0.356,0,0.969,1,0.969,1,50,333.29,208.79,0,1,2025-10-02 01:24:30,20.0,87.1,,0,0,,1
2025-10-02 01:25:15,243.97,0.341,252.46,0.4667,1.4001,250.24,253.08,254.06,438.44,437.39,435.93,437.22,0.0,1.4001,0.0,0.0,0.341,0.0,0.0866,0,0.0866,0,0.3543,0,0.3543,0,0.9692,1,0.9692,1,50,333.3,208.79,0,1,2025-10-02 01:25:15,20.0,87.8,,0,0,,1
2025-10-02 01:26:00,243.98,0.3409,252.46,0.4665,1.3995,250.21,253.08,254.11,438.38,438.3,435.12,437.31,0.0,1.3995,0.0,0.0,0.3409,0.0,0.0864,0,0.0864,0,0.3542,0,0.3542,0,0.9693,1,0.9693,1,50,333.3,208.79,0,1,2025-10-02 01:26:00,20.4,88.3,,0,0,,1
2025-10-02 01:26:45,243.98,0.3407,252.43,0.4665,1.3996,250.09,253.04,254.17,437.91,438.06,435.67,437.18,0.0,1.3996,0.0,0.0,0.3407,0.0,0.0869,0,0.0869,0,0.3542,0,0.3542,0,0.9689,1,0.9689,1,50,333.31,208.8,0,1,2025-10-02 01:26:45,20.4,88.8,,0,0,,1
2025-10-02 01:27:30,243.99,0.3411,252.54,0.4668,1.4005,250.25,253.18,254.2,438.04,437.98,436.19,437.39,0.0,1.4005,0.0,0.0,0.3411,0.0,0.0869,0,0.0869,0,0.3546,0,0.3546,0,0.969,1,0.969,1,49.9,333.31,208.8,0,1,2025-10-02 01:27:30,20.5,89.2,,0,0,,1
2025-10-02 01:28:15,243.99,0.3419,252.85,0.4673,1.402,250.55,253.47,254.53,439.14,437.97,436.67,437.88,0.0,1.402,0.0,0.0,0.3419,0.0,0.0869,0,0.0869,0,0.3554,0,0.3554,0,0.9691,1,0.9691,1,50,333.32,208.8,0,1,2025-10-02 01:28:15,20.5,89.7,,0,0,,1
2025-10-02 01:29:00,243.99,0.3416,252.84,0.4669,1.4007,250.64,253.52,254.37,440.22,438.1,435.4,437.94,0.0,1.4007,0.0,0.0,0.3416,0.0,0.0871,0,0.0871,0,0.3551,0,0.3551,0,0.969,1,0.969,1,50,333.32,208.8,0,1,2025-10-02 01:29:00,20.6,90,,0,0,,1
2025-10-02 01:29:45,244,0.3425,253,0.4677,1.4031,250.75,253.78,254.47,440.11,438.19,436.25,438.06,0.0,1.4031,0.0,0.0,0.3425,0.0,0.0873,0,0.0873,0,0.3561,0,0.3561,0,0.969,1,0.969,1,50,333.32,208.8,0,1,2025-10-02 01:29:45,20.6,90.3,,0,0,,1
2025-10-02 01:30:30,244,0.342,252.88,0.4672,1.4016,250.61,253.55,254.49,439.54,438.46,435.95,437.97,0.0,1.4016,0.0,0.0,0.342,0.0,0.0867,0,0.0867,0,0.3554,0,0.3554,0,0.9693,1,0.9693,1,50,333.33,208.8,0,1,2025-10-02 01:30:30,20.6,90.6,,0,0,,1
2025-10-02 01:31:15,244.01,0.3411,252.69,0.4664,1.3994,250.38,253.32,254.37,438.22,437.9,436.86,437.66,0.0,1.3994,0.0,0.0,0.3411,0.0,0.0869,0,0.0869,0,0.3545,0,0.3545,0,0.969,1,0.969,1,50,333.33,208.8,0,1,2025-10-02 01:31:15,20.6,90.9,,0,0,,1
2025-10-02 01:32:00,244.01,0.3425,253.25,0.4678,1.4035,251.43,253.74,254.59,440.02,439.06,436.81,438.67,0.0,1.4035,0.0,0.0,0.3425,0.0,0.0878,0,0.0878,0,0.3561,0,0.3561,0,0.9686,1,0.9686,1,50,333.34,208.8,0,1,2025-10-02 01:32:00,20.7,91.1,,0,0,,1
2025-10-02 01:32:45,244.01,0.3424,253.42,0.4677,1.4032,251.5,253.75,255.03,439.97,439.29,437.54,438.89,0.0,1.4032,0.0,0.0,0.3424,0.0,0.0876,0,0.0876,0,0.3561,0,0.3561,0,0.9688,1,0.9688,1,50,333.34,208.8,0,1,2025-10-02 01:32:45,20.7,91.3,,0,0,,1
2025-10-02 01:33:30,244.02,0.341,253.66,0.4665,1.3996,253.56,253.24,254.18,441.38,437.98,438.64,438.67,0.0,1.3996,0.0,0.0,0.341,0.0,0.0868,0,0.0868,0,0.3544,0,0.3544,0,0.9691,1,0.9691,1,49.9,333.35,208.81,0,1,2025-10-02 01:33:30,20.7,91.5,,0,0,,1
2025-10-02 01:34:15,244.02,0.3415,254,0.4669,1.4007,254.18,253.43,254.39,442.42,439.16,438.17,440,0.0,1.4007,0.0,0.0,0.3415,0.0,0.0867,0,0.0867,0,0.355,0,0.355,0,0.9692,1,0.9692,1,50,333.35,208.81,0,1,2025-10-02 01:34:15,20.7,91.7,,0,0,,1
2025-10-02 01:35:00,244.03,0.3423,254.17,0.4674,1.4022,254.35,253.68,254.5,442.76,439.31,438.61,440.25,0.0,1.4022,0.0,0.0,0.3423,0.0,0.0865,0,0.0865,0,0.3557,0,0.3557,0,0.9695,1,0.9695,1,50,333.36,208.81,0,1,2025-10-02 01:35:00,20.8,91.9,,0,0,,1
2025-10-02 01:35:45,244.03,0.342,254.05,0.4672,1.4018,254.05,253.52,254.59,441.49,439.66,438.91,439.96,0.0,1.4018,0.0,0.0,0.342,0.0,0.0867,0,0.0867,0,0.3554,0,0.3554,0,0.9693,1,0.9693,1,50,333.36,208.81,0,1,2025-10-02 01:35:45,21.2,92.1,,0,0,,1
2025-10-02 01:36:30,244.04,0.3409,253.36,0.4662,1.3987,252.95,253.18,253.97,440.64,439.09,436.75,439.88,0.0,1.3987,0.0,0.0,0.3409,0.0,0.0857,0,0.0857,0,0.3541,0,0.3541,0,0.9698,1,0.9698,1,50,333.36,208.81,0,1,2025-10-02 01:36:30,21.2,92.1,,0,0,,1
2025-10-02 01:37:15,244.04,0.3407,253.38,0.4662,1.3986,253.23,253.06,253.85,440.68,438.94,436.92,438.84,0.0,1.3986,0.0,0.0,0.3407,0.0,0.086,0,0.086,0,0.3539,0,0.3539,0,0.9696,1,0.9696,1,50,333.37,208.81,0,1,2025-10-02 01:37:15,21.2,92.2,,0,0,,1
2025-10-02 01:38:00,244.04,0.3411,253.61,0.4664,1.3992,253.29,253.34,254.21,440.95,439.37,437.45,439.28,0.0,1.3992,0.0,0.0,0.3411,0.0,0.0865,0,0.0865,0,0.3545,0,0.3545,0,0.9693,1,0.9693,1,50,333.37,208.81,0,1,2025-10-02 01:38:00,21.2,92.3,,0,0,,1
2025-10-02 01:38:45,244.05,0.3395,253.03,0.465,1.3951,252.44,252.62,254.04,439.86,438.35,436.54,438.18,0.0,1.3951,0.0,0.0,0.3395,0.0,0.0849,0,0.0849,0,0.3524,0,0.3524,0,0.9701,1,0.9701,1,50,333.38,208.81,0,1,2025-10-02 01:38:45,21.3,92.4,,0,0,,1
2025-10-02 01:39:30,244.05,0.3399,253.02,0.4655,1.3965,252.46,252.72,253.89,439.28,438.74,436.68,438.25,0.0,1.3965,0.0,0.0,0.3399,0.0,0.0853,0,0.0853,0,0.3529,0,0.3529,0,0.9698,1,0.9698,1,50,333.38,208.81,0,1,2025-10-02 01:39:30,21.3,92.6,,0,0,,1
2025-10-02 01:40:15,244.08,3.7687,252.4,8.1058,24.317499999999995,251.61,252.11,253.48,438.11,437.7,435.66,437.09,8.3491,8.931,7.0374,1.3823,1.4043,0.9821,4.7823,1.562,1.7435,1.4768,6.1362,2.1007,2.2516,1.7838,0.6189,0.6627,0.6272,0.5537,50,333.43,208.85,1,1,2025-10-02 01:40:15,21.3,92.4,,1,0,,0
2025-10-02 01:41:00,244.13,3.7609,252.46,8.0915,24.2747,251.63,252.26,253.49,438.41,436.96,436.41,437.3,8.3284,8.9294,7.0169,1.3806,1.4049,0.9753,4.7782,1.5575,1.745,1.4757,6.1269,2.0957,2.2525,1.7787,0.6184,0.6633,0.6271,0.5513,50,333.51,208.91,1,1,2025-10-02 01:41:00,21.2,88.5,,1,0,,0
2025-10-02 01:41:45,244.18,3.739,252.58,8.0785,24.235500000000002,251.73,252.46,253.55,438.27,438.35,435.79,437.44,8.3051,8.9368,6.9936,1.3751,1.4016,0.9623,4.7857,1.5556,1.7525,1.4776,6.1201,2.0906,2.2562,1.7732,0.6156,0.6622,0.6245,0.5457,50,333.59,208.97,1,1,2025-10-02 01:41:45,20.8,82.9,,1,0,,0
2025-10-02 01:42:30,244.23,3.7239,252.5,8.0602,24.180799999999998,251.7,252.33,253.48,439.27,437.55,435.16,437.31,8.2953,8.9155,6.97,1.3716,1.3947,0.9575,4.7767,1.5547,1.7493,1.4727,6.1043,2.0879,2.2496,1.7668,0.6148,0.6615,0.6234,0.545,50,333.66,209.03,1,1,2025-10-02 01:42:30,20.6,78.6,,1,0,,0
2025-10-02 01:43:15,244.27,3.7303,252.46,8.0597,24.1791,251.62,252.27,253.51,439,437.65,435.15,437.28,8.2897,8.9031,6.9863,1.3695,1.3979,0.9629,4.7697,1.5537,1.7418,1.4742,6.1029,2.0859,2.246,1.7711,0.616,0.6612,0.6259,0.5468,50,333.74,209.09,1,1,2025-10-02 01:43:15,20.5,75.6,,1,0,,0
2025-10-02 01:44:00,244.32,3.7253,253.22,8.0989,24.296899999999997,252.74,252.76,254.16,440.4,438.67,436.64,438.59,8.3494,8.9378,7.0097,1.3745,1.3893,0.9615,4.8324,1.5807,1.7648,1.4869,6.1509,2.1102,2.2591,1.7816,0.6105,0.6561,0.6185,0.543,50,333.82,209.15,1,1,2025-10-02 01:44:00,19.9,72.4,,1,0,,0
2025-10-02 01:44:45,244.37,3.697,253.29,8.0754,24.226300000000002,252.87,252.85,254.17,440.78,438.66,436.66,438.67,8.3358,8.9154,6.9751,1.3688,1.3782,0.95,4.8343,1.5826,1.7675,1.4841,6.135,2.1079,2.2543,1.7729,0.6074,0.6541,0.6148,0.5391,50,333.9,209.22,1,1,2025-10-02 01:44:45,19.8,70.1,,1,0,,0
2025-10-02 01:45:30,244.41,3.7033,253.49,8.0938,24.2815,253.07,253.03,254.38,441.02,439.25,436.86,438.99,8.3595,8.9319,6.9901,1.3723,1.3788,0.9521,4.8525,1.5896,1.7742,1.4886,6.1537,2.1155,2.26,1.7781,0.6066,0.6534,0.6136,0.5388,50,333.97,209.27,1,1,2025-10-02 01:45:30,19.7,67.8,,1,0,,0
2025-10-02 01:47:00,244.46,0.3464,254.72,0.4716,1.415,254.68,254.02,255.47,443.41,440.73,439.38,441.07,0.0,1.415,0.0,0.0,0.3464,0.0,0.0857,0,0.0857,0,0.3594,0,0.3594,0,0.9707,1,0.9707,1,50,334.06,209.34,0,1,2025-10-02 01:47:00,19.0,67,,0,0,,1
2025-10-02 01:47:45,244.47,0.3455,254.57,0.471,1.413,254.64,253.96,255.11,443.66,439.98,439.06,440.77,0.0,1.413,0.0,0.0,0.3455,0.0,0.0867,0,0.0867,0,0.3588,0,0.3588,0,0.9699,1,0.9699,1,50,334.06,209.34,0,1,2025-10-02 01:47:45,19.0,70.2,,0,0,,1
2025-10-02 01:48:30,244.47,0.3458,254.59,0.471,1.413,254.58,254.15,255.06,443.49,440.77,438.58,440.85,0.0,1.413,0.0,0.0,0.3458,0.0,0.0867,0,0.0867,0,0.3591,0,0.3591,0,0.9699,1,0.9699,1,50,334.06,209.34,0,1,2025-10-02 01:48:30,19.0,73.4,,0,0,,1
2025-10-02 01:49:15,244.48,0.3455,254.46,0.4709,1.4128,254.51,254.1,254.78,443.61,440.58,437.96,440.72,0.0,1.4128,0.0,0.0,0.3455,0.0,0.0871,0,0.0871,0,0.359,0,0.359,0,0.9696,1,0.9696,1,50,334.07,209.34,0,1,2025-10-02 01:49:15,19.0,76.1,,0,0,,1
2025-10-02 01:50:00,244.48,0.3441,254.59,0.4696,1.4088,254.78,253.62,255.38,443.18,440.31,439.35,440.9,0.0,1.4088,0.0,0.0,0.3441,0.0,0.0861,0,0.0861,0,0.3573,0,0.3573,0,0.9701,1,0.9701,1,50,334.07,209.34,0,1,2025-10-02 01:50:00,19.0,78.2,,0,0,,1
2025-10-02 01:50:45,244.49,0.3432,254.4,0.4688,1.4066,254.55,253.4,255.27,442.85,440.28,438.74,440.66,0.0,1.4066,0.0,0.0,0.3432,0.0,0.0862,0,0.0862,0,0.3564,0,0.3564,0,0.9698,1,0.9698,1,50,334.08,209.34,0,1,2025-10-02 01:50:45,19.1,80.1,,0,0,,1
2025-10-02 01:51:30,244.49,0.344,254.33,0.4696,1.4088,254.33,253.75,254.91,442.77,440.08,438.62,440.55,0.0,1.4088,0.0,0.0,0.344,0.0,0.087,0,0.087,0,0.3575,0,0.3575,0,0.9694,1,0.9694,1,50,334.08,209.34,0,1,2025-10-02 01:51:30,19.1,81.5,,0,0,,1
2025-10-02 01:52:15,244.49,0.344,254.44,0.4693,1.4079,254.51,253.89,254.94,443.39,440.48,438.19,440.76,0.0,1.4079,0.0,0.0,0.344,0.0,0.0871,0,0.0871,0,0.3575,0,0.3575,0,0.9694,1,0.9694,1,50,334.09,209.35,0,1,2025-10-02 01:52:15,19.2,82.8,,0,0,,1
2025-10-02 01:53:00,244.5,0.3437,254.53,0.4691,1.4074,254.68,253.9,255.03,443.27,440.63,438.64,440.79,0.0,1.4074,0.0,0.0,0.3437,0.0,0.0875,0,0.0875,0,0.3573,0,0.3573,0,0.9691,1,0.9691,1,50,334.09,209.35,0,1,2025-10-02 01:53:00,19.6,83.9,,0,0,,1
2025-10-02 01:53:45,244.5,0.3441,254.56,0.4695,1.4086,254.5,253.89,255.31,442.92,440.86,438.92,440.87,0.0,1.4086,0.0,0.0,0.3441,0.0,0.0873,0,0.0873,0,0.3576,0,0.3576,0,0.9692,1,0.9692,1,50,334.1,209.35,0,1,2025-10-02 01:53:45,19.7,84.7,,0,0,,1
2025-10-02 01:54:30,244.51,0.3442,254.66,0.4694,1.4083,254.24,254.14,255.6,443.03,440.85,439.3,441.01,0.0,1.4083,0.0,0.0,0.3442,0.0,0.0878,0,0.0878,0,0.3579,0,0.3579,0,0.9689,1,0.9689,1,50,334.1,209.35,0,1,2025-10-02 01:54:30,19.7,85.6,,0,0,,1
2025-10-02 01:55:15,244.51,0.3436,254.59,0.4689,1.4068,254.44,253.99,255.35,442.83,441.01,439,440.8,0.0,1.4068,0.0,0.0,0.3436,0.0,0.0879,0,0.0879,0,0.3573,0,0.3573,0,0.9688,1,0.9688,1,50,334.1,209.35,0,1,2025-10-02 01:55:15,19.8,86.3,,0,0,,1
2025-10-02 01:56:00,244.52,0.3435,254.74,0.4687,1.4062,254.81,253.98,255.44,443.55,440.86,439.2,441.21,0.0,1.4062,0.0,0.0,0.3435,0.0,0.0875,0,0.0875,0,0.3571,0,0.3571,0,0.969,1,0.969,1,50,334.11,209.35,0,1,2025-10-02 01:56:00,19.8,87,,0,0,,1
2025-10-02 01:56:45,244.52,0.3436,254.47,0.4689,1.4068,254.5,253.81,255.1,443.19,440.13,438.87,440.85,0.0,1.4068,0.0,0.0,0.3436,0.0,0.087,0,0.087,0,0.3571,0,0.3571,0,0.9694,1,0.9694,1,50,334.11,209.35,0,1,2025-10-02 01:56:45,19.9,87.6,,0,0,,1
2025-10-02 01:57:30,244.52,0.3435,254.63,0.4689,1.4067,254.63,253.81,255.46,443.33,440.64,439.06,441.01,0.0,1.4067,0.0,0.0,0.3435,0.0,0.0872,0,0.0872,0,0.357,0,0.357,0,0.9692,1,0.9692,1,50,334.12,209.35,0,1,2025-10-02 01:57:30,19.9,88.1,,0,0,,1
2025-10-02 01:58:15,244.53,0.343,254.68,0.4682,1.4048,254.63,253.92,255.51,443.4,440.61,439.3,441.18,0.0,1.4048,0.0,0.0,0.343,0.0,0.0877,0,0.0877,0,0.3567,0,0.3567,0,0.9688,1,0.9688,1,50,334.12,209.35,0,1,2025-10-02 01:58:15,19.9,88.7,,0,0,,1
2025-10-02 01:59:00,244.53,0.3429,254.78,0.468,1.4042,254.78,253.96,255.6,443.5,440.79,439.51,441.3,0.0,1.4042,0.0,0.0,0.3429,0.0,0.0877,0,0.0877,0,0.3566,0,0.3566,0,0.9688,1,0.9688,1,50,334.13,209.36,0,1,2025-10-02 01:59:00,20.0,89.1,,0,0,,1
2025-10-02 01:59:45,244.54,0.3439,255,0.4688,1.4065,254.79,254.36,255.86,443.89,441.36,439.71,441.66,0.0,1.4065,0.0,0.0,0.3439,0.0,0.088,0,0.088,0,0.3578,0,0.3578,0,0.9688,1,0.9688,1,50,334.13,209.36,0,1,2025-10-02 01:59:45,20.4,89.4,,0,0,,1
2025-10-02 02:00:30,244.54,0.3444,255.13,0.4693,1.408,254.93,254.46,256,444.13,441.25,440.24,441.91,0.0,1.408,0.0,0.0,0.3444,0.0,0.0882,0,0.0882,0,0.3583,0,0.3583,0,0.9687,1,0.9687,1,50,334.14,209.36,0,1,2025-10-02 02:00:30,20.4,89.8,,0,0,,1
2025-10-02 02:01:15,244.55,0.3443,255.17,0.4692,1.4077,254.91,254.48,256.13,443.82,441.67,440.37,441.89,0.0,1.4077,0.0,0.0,0.3443,0.0,0.0885,0,0.0885,0,0.3582,0,0.3582,0,0.9684,1,0.9684,1,50,334.14,209.36,0,1,2025-10-02 02:01:15,20.5,90.2,,0,0,,1
2025-10-02 02:02:00,244.55,0.3446,255.31,0.4693,1.4079,255.11,254.75,256.09,444.76,441.67,440.15,442.16,0.0,1.4079,0.0,0.0,0.3446,0.0,0.0888,0,0.0888,0,0.3587,0,0.3587,0,0.9683,1,0.9683,1,50,334.15,209.36,0,1,2025-10-02 02:02:00,20.5,90.4,,0,0,,1
2025-10-02 02:02:45,244.55,0.3442,255.16,0.4689,1.4068,254.98,254.66,255.84,444.47,441.51,439.79,441.92,0.0,1.4068,0.0,0.0,0.3442,0.0,0.0889,0,0.0889,0,0.3583,0,0.3583,0,0.9682,1,0.9682,1,50,334.15,209.36,0,1,2025-10-02 02:02:45,20.5,90.6,,0,0,,1
2025-10-02 02:03:30,244.56,0.3437,254.99,0.4685,1.4056,254.85,254.44,255.7,444.08,441.42,439.43,441.67,0.0,1.4056,0.0,0.0,0.3437,0.0,0.0883,0,0.0883,0,0.3576,0,0.3576,0,0.9685,1,0.9685,1,50,334.15,209.36,0,1,2025-10-02 02:03:30,20.6,90.9,,0,0,,1
2025-10-02 02:04:15,244.56,0.3453,255.85,0.4696,1.409,256.15,255.06,256.36,446.06,442.72,440.59,443.14,0.0,1.409,0.0,0.0,0.3453,0.0,0.0889,0,0.0889,0,0.3594,0,0.3594,0,0.9684,1,0.9684,1,50,334.16,209.36,0,1,2025-10-02 02:04:15,20.6,91.1,,0,0,,1
2025-10-02 02:05:00,244.57,0.3434,255.14,0.4682,1.4046,255.19,254.27,255.98,444.29,440.97,440.45,441.93,0.0,1.4046,0.0,0.0,0.3434,0.0,0.0878,0,0.0878,0,0.3571,0,0.3571,0,0.9688,1,0.9688,1,50,334.16,209.36,0,1,2025-10-02 02:05:00,20.6,91.3,,0,0,,1
2025-10-02 02:05:45,244.57,0.3438,255.13,0.4683,1.4051,255.18,254.42,255.8,444.66,441.11,439.86,441.86,0.0,1.4051,0.0,0.0,0.3438,0.0,0.0882,0,0.0882,0,0.3575,0,0.3575,0,0.9686,1,0.9686,1,50,334.17,209.37,0,1,2025-10-02 02:05:45,20.6,91.5,,0,0,,1
2025-10-02 02:06:30,244.58,0.3437,254.97,0.4684,1.4054,254.9,254.39,255.63,444.01,441.16,439.64,441.56,0.0,1.4054,0.0,0.0,0.3437,0.0,0.088,0,0.088,0,0.3575,0,0.3575,0,0.9687,1,0.9687,1,50,334.17,209.37,0,1,2025-10-02 02:06:30,20.7,91.7,,0,0,,1
2025-10-02 02:07:15,244.58,0.343,254.94,0.4679,1.4038,254.97,254.2,255.66,443.82,441.18,439.66,441.55,0.0,1.4038,0.0,0.0,0.343,0.0,0.0882,0,0.0882,0,0.3568,0,0.3568,0,0.9684,1,0.9684,1,50,334.18,209.37,0,1,2025-10-02 02:07:15,20.7,91.8,,0,0,,1
2025-10-02 02:08:00,244.58,0.3426,254.71,0.4674,1.4024,254.91,254,255.23,443.65,440.82,438.98,441.17,0.0,1.4024,0.0,0.0,0.3426,0.0,0.0873,0,0.0873,0,0.3562,0,0.3562,0,0.9689,1,0.9689,1,50,334.18,209.37,0,1,2025-10-02 02:08:00,20.7,91.9,,0,0,,1
2025-10-02 02:08:45,244.59,0.343,254.81,0.4679,1.4037,254.91,253.97,255.57,443.5,440.84,439.66,441.35,0.0,1.4037,0.0,0.0,0.343,0.0,0.0872,0,0.0872,0,0.3565,0,0.3565,0,0.9691,1,0.9691,1,50,334.19,209.37,0,1,2025-10-02 02:08:45,20.7,92.1,,0,0,,1
2025-10-02 02:09:30,244.59,0.3429,254.91,0.4676,1.4029,254.98,254.09,255.68,443.57,440.97,439.98,441.48,0.0,1.4029,0.0,0.0,0.3429,0.0,0.0872,0,0.0872,0,0.3565,0,0.3565,0,0.9691,1,0.9691,1,50,334.19,209.37,0,1,2025-10-02 02:09:30,20.8,92.2,,0,0,,1
2025-10-02 02:10:15,244.6,0.3431,254.96,0.4677,1.4032,255.05,254.12,255.71,443.85,440.74,440.16,441.59,0.0,1.4032,0.0,0.0,0.3431,0.0,0.0871,0,0.0871,0,0.3566,0,0.3566,0,0.9692,1,0.9692,1,50,334.19,209.37,0,1,2025-10-02 02:10:15,21.2,92.3,,0,0,,1
2025-10-02 02:11:00,244.6,0.3427,254.78,0.4676,1.4029,254.92,253.94,255.49,443.3,440.74,439.79,441.27,0.0,1.4029,0.0,0.0,0.3427,0.0,0.0871,0,0.0871,0,0.3563,0,0.3563,0,0.9692,1,0.9692,1,50,334.2,209.37,0,1,2025-10-02 02:11:00,21.2,92.4,,0,0,,1
2025-10-02 02:11:45,244.61,0.3424,254.96,0.4673,1.4019,255.22,253.98,255.69,444,440.79,439.96,441.58,0.0,1.4019,0.0,0.0,0.3424,0.0,0.087,0,0.087,0,0.3561,0,0.3561,0,0.9692,1,0.9691,1,50,334.2,209.37,0,1,2025-10-02 02:11:45,21.2,92.5,,0,0,,1
2025-10-02 02:12:30,244.61,0.3432,255.2,0.4677,1.4031,255.48,254.11,256.01,444.55,441.18,440.24,441.99,0.0,1.4031,0.0,0.0,0.3432,0.0,0.0872,0,0.0872,0,0.3565,0,0.3565,0,0.9691,1,0.9692,1,50,334.21,209.38,0,1,2025-10-02 02:12:30,21.2,92.5,,0,0,,1
2025-10-02 02:13:15,244.61,0.3427,255.16,0.4677,1.4031,255.46,254.06,255.97,444.46,440.69,440.64,441.94,0.0,1.4031,0.0,0.0,0.3427,0.0,0.0871,0,0.0871,0,0.3565,0,0.3565,0,0.9691,1,0.9692,1,50,334.21,209.38,0,1,2025-10-02 02:13:15,21.3,92.6,,0,0,,1
2025-10-02 02:14:00,244.62,0.3435,255.69,0.4681,1.4043,256.35,254.29,256.44,445.6,441.1,441.84,442.96,0.0,1.4043,0.0,0.0,0.3435,0.0,0.0879,0,0.0879,0,0.3571,0,0.3571,0,0.9688,1,0.9687,1,50,334.22,209.38,0,1,2025-10-02 02:14:00,21.3,92.7,,0,0,,1
2025-10-02 02:14:45,244.64,3.7459,255.17,8.2628,24.7885,255.39,254.11,256.02,444.04,441.25,440.56,441.95,8.6601,9.0318,7.0966,1.4095,1.357,0.9794,5.0322,1.6824,1.8339,1.5159,6.3236,2.2117,2.2951,1.8169,0.5971,0.6422,0.5947,0.5426,50,334.25,209.4,1,1,2025-10-02 02:14:45,21.3,92.7,,1,0,,0
2025-10-02 02:15:30,244.69,3.7932,255.1,8.2874,24.8623,255.47,253.88,255.96,443.94,441.51,440.02,441.83,8.7022,9.0455,7.1146,1.4267,1.3694,0.9971,5.0174,1.6824,1.8262,1.5088,6.3407,2.2232,2.2965,1.8211,0.603,0.6467,0.5999,0.5513,50,334.34,209.47,1,1,2025-10-02 02:15:30,21.2,89.6,,1,0,,0
2025-10-02 02:16:15,244.74,3.774,255.14,8.2539,24.7619,255.52,253.93,255.97,444.31,441.09,440.27,441.91,8.6696,9.0115,7.0808,1.4204,1.3628,0.9907,5.003,1.6781,1.8215,1.5034,6.316,2.2153,2.2883,1.8125,0.6022,0.646,0.599,0.5502,50,334.42,209.53,1,1,2025-10-02 02:16:15,20.8,84.2,,1,0,,0
2025-10-02 02:17:00,244.78,3.7534,254.86,8.2352,24.7057,255.23,253.84,255.53,444.04,440.28,439.93,441.4,8.6358,9.029,7.0409,1.4172,1.362,0.9742,4.9909,1.666,1.8266,1.4982,6.2952,2.2041,2.2919,1.7992,0.601,0.6479,0.5977,0.5451,50,334.49,209.59,1,1,2025-10-02 02:17:00,20.6,79.6,,1,0,,0
2025-10-02 02:17:45,244.83,3.7378,254.75,8.2204,24.6613,255.04,253.79,255.43,443.83,439.92,439.91,441.22,8.6091,9.0126,7.0396,1.4084,1.3596,0.9698,4.9854,1.6626,1.8226,1.5001,6.2811,2.1957,2.2873,1.7981,0.5998,0.6463,0.5979,0.5428,50,334.57,209.66,1,1,2025-10-02 02:17:45,20.5,75.9,,1,0,,0
2025-10-02 02:18:30,244.88,3.7246,254.21,8.181,24.543,254.24,253.38,255.01,442.68,439.84,438.31,440.3,8.5293,8.982,7.0317,1.3946,1.3648,0.9652,4.9412,1.6392,1.8045,1.4975,6.2375,2.1685,2.2759,1.7932,0.6019,0.648,0.6032,0.5417,50,334.65,209.72,1,1,2025-10-02 02:18:30,20.0,72.6,,1,0,,0
2025-10-02 02:19:15,244.89,0.3457,254.85,0.4708,1.4124,255.11,253.94,255.51,443.71,440.47,440.01,441.38,0.0,1.4124,0.0,0.0,0.3457,0.0,0.0853,0,0.0853,0,0.3587,0,0.3587,0,0.9708,1,0.9708,1,50,334.68,209.74,0,1,2025-10-02 02:19:15,19.8,71.1,,0,0,,1
2025-10-02 02:20:00,244.9,0.345,254.44,0.4701,1.4105,254.2,253.85,255.27,443.02,440.16,438.85,440.66,0.0,1.4105,0.0,0.0,0.345,0.0,0.0856,0,0.0856,0,0.3581,0,0.3581,0,0.9705,1,0.9705,1,50,334.68,209.74,0,1,2025-10-02 02:20:00,19.7,73.2,,0,0,,1
2025-10-02 02:20:45,244.9,0.3445,254.51,0.4696,1.4089,254.33,253.86,255.34,443.3,439.87,439.22,440.86,0.0,1.4089,0.0,0.0,0.3445,0.0,0.0858,0,0.0858,0,0.3577,0,0.3577,0,0.9703,1,0.9703,1,50,334.68,209.74,0,1,2025-10-02 02:20:45,19.7,75.8,,0,0,,1
2025-10-02 02:21:30,244.91,0.3443,254.57,0.4695,1.4087,254.36,253.84,255.51,442.72,440.42,439.59,440.88,0.0,1.4087,0.0,0.0,0.3443,0.0,0.0862,0,0.0862,0,0.3576,0,0.3576,0,0.97,1,0.97,1,50,334.69,209.74,0,1,2025-10-02 02:21:30,19.7,78.1,,0,0,,1
2025-10-02 02:22:15,244.91,0.3438,254.47,0.4693,1.4079,254.32,253.76,255.34,443.48,439.5,439.21,440.71,0.0,1.4079,0.0,0.0,0.3438,0.0,0.0866,0,0.0866,0,0.3573,0,0.3573,0,0.9696,1,0.9696,1,50,334.69,209.74,0,1,2025-10-02 02:22:15,19.7,80.1,,0,0,,1
2025-10-02 02:23:00,244.91,0.3437,254.38,0.4691,1.4075,254.28,253.7,255.16,443.18,439.32,439.21,440.54,0.0,1.4075,0.0,0.0,0.3437,0.0,0.0864,0,0.0864,0,0.3571,0,0.3571,0,0.9698,1,0.9698,1,50,334.7,209.74,0,1,2025-10-02 02:23:00,19.8,81.5,,0,0,,1
2025-10-02 02:23:45,244.92,0.3446,255.11,0.4696,1.409,255.49,254.21,255.63,444.77,440.84,439.89,441.82,0.0,1.409,0.0,0.0,0.3446,0.0,0.0872,0,0.0872,0,0.3582,0,0.3582,0,0.9694,1,0.9694,1,50,334.7,209.74,0,1,2025-10-02 02:23:45,19.8,82.8,,0,0,,1
2025-10-02 02:24:30,244.92,0.3454,255.46,0.4703,1.4109,255.78,254.41,256.21,445.05,441.26,441.06,442.43,0.0,1.4109,0.0,0.0,0.3454,0.0,0.0873,0,0.0873,0,0.3589,0,0.3589,0,0.9695,1,0.9695,1,50,334.71,209.74,0,1,2025-10-02 02:24:30,19.8,83.9,,0,0,,1
2025-10-02 02:25:15,244.93,0.3452,255.44,0.4701,1.4105,255.74,254.4,256.18,445.07,441.23,440.93,442.41,0.0,1.4105,0.0,0.0,0.3452,0.0,0.0873,0,0.0873,0,0.3588,0,0.3588,0,0.9694,1,0.9694,1,50,334.71,209.75,0,1,2025-10-02 02:25:15,19.9,85,,0,0,,1
2025-10-02 02:26:00,244.93,0.3445,255.22,0.4695,1.4086,255.49,254.26,255.91,444.48,441.38,440.22,442.02,0.0,1.4086,0.0,0.0,0.3445,0.0,0.0875,0,0.0875,0,0.3582,0,0.3582,0,0.9692,1,0.9692,1,50,334.72,209.75,0,1,2025-10-02 02:26:00,19.9,85.8,,0,0,,1
2025-10-02 02:26:45,244.94,0.3443,255.08,0.4694,1.4084,255.46,254.17,255.62,445.05,440.13,440.18,441.77,0.0,1.4084,0.0,0.0,0.3443,0.0,0.0877,0,0.0877,0,0.358,0,0.358,0,0.969,1,0.969,1,50,334.72,209.75,0,1,2025-10-02 02:26:45,19.9,86.6,,0,0,,1
2025-10-02 02:27:30,244.94,0.3453,255.73,0.4701,1.4105,256.33,254.65,256.23,445.83,441.74,441.19,442.97,0.0,1.4105,0.0,0.0,0.3453,0.0,0.0884,0,0.0884,0,0.3592,0,0.3592,0,0.9687,1,0.9687,1,50,334.72,209.75,0,1,2025-10-02 02:27:30,20.0,87.2,,0,0,,1
2025-10-02 02:28:15,244.95,0.3451,255.54,0.47,1.4101,255.67,254.63,256.34,445.61,441.11,441.04,442.42,0.0,1.4101,0.0,0.0,0.3451,0.0,0.0885,0,0.0885,0,0.3591,0,0.3591,0,0.9686,1,0.9686,1,50,334.73,209.75,0,1,2025-10-02 02:28:15,20.4,87.8,,0,0,,1
2025-10-02 02:29:00,244.95,0.3445,255.64,0.4693,1.4081,256.25,254.47,256.21,445.94,440.77,441.56,442.71,0.0,1.4081,0.0,0.0,0.3445,0.0,0.0879,0,0.0879,0,0.3583,0,0.3583,0,0.9689,1,0.9689,1,50,334.73,209.75,0,1,2025-10-02 02:29:00,20.4,88.5,,0,0,,1
2025-10-02 02:29:45,244.95,0.3439,255.43,0.4689,1.4067,256.09,254.37,255.84,445.69,440.65,440.84,442.46,0.0,1.4067,0.0,0.0,0.3439,0.0,0.0883,0,0.0883,0,0.3578,0,0.3578,0,0.9685,1,0.9685,1,50,334.74,209.75,0,1,2025-10-02 02:29:45,20.5,88.9,,0,0,,1
2025-10-02 02:30:30,244.96,0.3454,255.72,0.4702,1.4107,256.32,254.64,256.21,445.91,441.33,441.46,442.92,0.0,1.4107,0.0,0.0,0.3454,0.0,0.088,0,0.088,0,0.3592,0,0.3592,0,0.969,1,0.969,1,50,334.74,209.75,0,1,2025-10-02 02:30:30,20.5,89.3,,0,0,,1
2025-10-02 02:31:15,244.96,0.3434,255.72,0.4685,1.4057,256.49,254.03,256.66,445.55,441.26,441.89,442.97,0.0,1.4057,0.0,0.0,0.3434,0.0,0.0871,0,0.0871,0,0.3571,0,0.3571,0,0.9692,1,0.9692,1,50,334.75,209.75,0,1,2025-10-02 02:31:15,20.5,89.7,,0,0,,1
2025-10-02 02:32:00,244.97,0.3434,255.42,0.4684,1.4052,255.91,253.99,256.37,445.23,441.29,440.59,442.27,0.0,1.4052,0.0,0.0,0.3434,0.0,0.0868,0,0.0868,0,0.3569,0,0.3569,0,0.9695,1,0.9695,1,50,334.75,209.75,0,1,2025-10-02 02:32:00,20.6,90,,0,0,,1
2025-10-02 02:32:45,244.97,0.342,255.06,0.4674,1.4024,255.64,253.43,256.11,444.47,440.33,440.43,441.77,0.0,1.4024,0.0,0.0,0.342,0.0,0.0864,0,0.0864,0,0.3554,0,0.3554,0,0.9695,1,0.9695,1,50,334.76,209.76,0,1,2025-10-02 02:32:45,20.6,90.4,,0,0,,1
2025-10-02 02:33:30,244.98,0.3429,255,0.4682,1.4046,255.3,253.88,255.83,444.14,441.02,439.8,441.67,0.0,1.4046,0.0,0.0,0.3429,0.0,0.0873,0,0.0873,0,0.3566,0,0.3566,0,0.969,1,0.969,1,50,334.76,209.76,0,1,2025-10-02 02:33:30,20.6,90.7,,0,0,,1
2025-10-02 02:34:15,244.98,0.3428,254.91,0.468,1.4041,255.21,253.91,255.61,443.62,441.27,439.6,441.52,0.0,1.4041,0.0,0.0,0.3428,0.0,0.0876,0,0.0876,0,0.3565,0,0.3565,0,0.9688,1,0.9688,1,50,334.76,209.76,0,1,2025-10-02 02:34:15,20.7,90.9,,0,0,,1
2025-10-02 02:35:00,244.98,0.3432,255.01,0.4682,1.4048,255.46,254.04,255.54,444.35,441.03,439.62,441.74,0.0,1.4048,0.0,0.0,0.3432,0.0,0.0873,0,0.0873,0,0.3569,0,0.3569,0,0.9691,1,0.9691,1,50,334.77,209.76,0,1,2025-10-02 02:35:00,20.7,91.2,,0,0,,1
2025-10-02 02:35:45,244.99,0.3437,255.07,0.4687,1.4063,255.49,254.16,255.56,444.82,440.87,439.6,441.7,0.0,1.4063,0.0,0.0,0.3437,0.0,0.0875,0,0.0875,0,0.3574,0,0.3574,0,0.969,1,0.969,1,50,334.77,209.76,0,1,2025-10-02 02:35:45,20.7,91.4,,0,0,,1
2025-10-02 02:36:30,244.99,0.3436,255.17,0.4684,1.4054,255.51,254.19,255.83,444.68,440.97,440.21,442.01,0.0,1.4054,0.0,0.0,0.3436,0.0,0.0872,0,0.0872,0,0.3572,0,0.3572,0,0.9692,1,0.9692,1,50,334.78,209.76,0,1,2025-10-02 02:36:30,20.7,91.6,,0,0,,1
2025-10-02 02:37:15,245,0.3431,255.12,0.4679,1.4039,255.56,254.11,255.7,444.9,440.53,440.14,441.89,0.0,1.4039,0.0,0.0,0.3431,0.0,0.0873,0,0.0873,0,0.3567,0,0.3567,0,0.9691,1,0.9691,1,50,334.78,209.76,0,1,2025-10-02 02:37:15,20.8,91.8,,0,0,,1
2025-10-02 02:38:00,245,0.3424,255.06,0.4674,1.4024,255.59,253.83,255.77,444.53,440.32,440.42,441.76,0.0,1.4024,0.0,0.0,0.3424,0.0,0.0871,0,0.0871,0,0.356,0,0.356,0,0.9691,1,0.9691,1,50,334.79,209.76,0,1,2025-10-02 02:38:00,20.8,91.9,,0,0,,1
2025-10-02 02:38:45,245.01,0.3427,255.03,0.4678,1.4036,255.43,253.85,255.82,444.28,440.95,439.87,441.57,0.0,1.4036,0.0,0.0,0.3427,0.0,0.0871,0,0.0871,0,0.3563,0,0.3563,0,0.9691,1,0.9691,1,50,334.79,209.76,0,1,2025-10-02 02:38:45,21.2,92.1,,0,0,,1
2025-10-02 02:39:30,245.01,0.3428,255.04,0.4678,1.4034,255.46,253.98,255.69,444.3,440.79,440.07,441.72,0.0,1.4034,0.0,0.0,0.3428,0.0,0.0872,0,0.0872,0,0.3564,0,0.3564,0,0.9691,1,0.9691,1,50,334.8,209.77,0,1,2025-10-02 02:39:30,21.2,92.2,,0,0,,1
2025-10-02 02:40:15,245.01,0.3434,255.11,0.4683,1.4049,255.12,254.27,255.96,444.1,441.24,440.21,441.88,0.0,1.4049,0.0,0.0,0.3434,0.0,0.0878,0,0.0878,0,0.3572,0,0.3572,0,0.9688,1,0.9688,1,50,334.8,209.77,0,1,2025-10-02 02:40:15,21.2,92.3,,0,0,,1
2025-10-02 02:41:00,245.02,0.3434,255.11,0.468,1.4042,255.01,254.43,255.9,444.42,441.01,440.09,441.87,0.0,1.4042,0.0,0.0,0.3434,0.0,0.0879,0,0.0879,0,0.3573,0,0.3573,0,0.9687,1,0.9687,1,50,334.8,209.77,0,1,2025-10-02 02:41:00,21.3,92.4,,0,0,,1
2025-10-02 02:41:45,245.02,0.3441,255.27,0.4687,1.4062,255.07,254.69,256.06,444.49,441.69,440.19,442.13,0.0,1.4062,0.0,0.0,0.3441,0.0,0.0884,0,0.0884,0,0.3581,0,0.3581,0,0.9685,1,0.9685,1,50,334.81,209.77,0,1,2025-10-02 02:41:45,21.3,92.5,,0,0,,1
2025-10-02 02:42:30,245.03,0.3431,254.96,0.4679,1.4038,254.66,254.38,255.86,443.64,441.79,439.34,441.62,0.0,1.4038,0.0,0.0,0.3431,0.0,0.0884,0,0.0884,0,0.3571,0,0.3571,0,0.9683,1,0.9683,1,50,334.81,209.77,0,1,2025-10-02 02:42:30,21.3,92.6,,0,0,,1
2025-10-02 02:43:15,245.04,3.5972,254.57,8.1313,24.394,254.3,254.13,255.29,443.45,440.7,438.57,440.94,8.4016,9.0185,6.9739,1.3544,1.339,0.9038,4.9946,1.6306,1.8436,1.5204,6.2088,2.1365,2.2919,1.7804,0.5844,0.6389,0.5876,0.5109,50,334.83,209.78,1,1,2025-10-02 02:43:15,21.3,92.7,,1,0,,0
2025-10-02 02:44:00,245.08,3.8104,254.79,8.276,24.828,254.69,254.11,255.58,443.55,440.68,439.64,441.28,8.597,9.107,7.124,1.4214,1.4013,0.9877,4.983,1.6432,1.8244,1.5154,6.3245,2.1896,2.3142,1.8208,0.6074,0.6542,0.6091,0.546,50,334.91,209.84,1,1,2025-10-02 02:44:00,21.3,91.2,,1,0,,0
2025-10-02 02:44:45,245.13,3.7772,254.45,8.2343,24.702900000000003,254.34,253.66,255.36,442.8,440.16,439.15,440.73,8.5484,9.0386,7.1159,1.4032,1.3892,0.9847,4.9581,1.6386,1.8065,1.513,6.284,2.1742,2.2927,1.8171,0.606,0.6504,0.6096,0.5454,50,334.98,209.9,1,1,2025-10-02 02:44:45,21.2,86.3,,1,0,,0
2025-10-02 02:45:30,245.18,3.7537,254.64,8.2032,24.609699999999997,254.53,253.83,255.56,443.39,440.39,439.29,440.97,8.5227,8.9995,7.0875,1.3951,1.3806,0.9781,4.9505,1.6385,1.802,1.51,6.2649,2.1693,2.2843,1.8113,0.6041,0.6482,0.6081,0.5436,50,335.06,209.96,1,1,2025-10-02 02:45:30,20.7,81.5,,1,0,,0
2025-10-02 02:46:15,245.22,3.7487,254.68,8.2057,24.617200000000004,254.72,253.8,255.53,444.15,439.51,439.62,441.11,8.5323,9.0065,7.0784,1.3969,1.3768,0.975,4.9573,1.642,1.8067,1.5086,6.2679,2.1733,2.2858,1.8087,0.6031,0.6479,0.6061,0.5427,50,335.14,210.03,1,1,2025-10-02 02:46:15,20.6,77.1,,1,0,,0
2025-10-02 02:47:00,245.27,3.7246,254.53,8.1803,24.541,254.53,253.79,255.28,443.26,440.49,438.76,440.82,8.4563,9.0319,7.0528,1.3868,1.3817,0.9561,4.9462,1.6235,1.8115,1.5112,6.245,2.1524,2.2922,1.8004,0.6015,0.6495,0.6064,0.5346,50,335.22,210.08,1,1,2025-10-02 02:47:00,20.4,73.8,,1,0,,0
2025-10-02 02:47:45,245.32,3.7126,254.45,8.1615,24.4845,254.34,253.69,255.34,442.82,440.36,438.94,440.65,8.4592,8.9717,7.0536,1.3798,1.3717,0.9611,4.9374,1.6292,1.7991,1.5092,6.2286,2.1515,2.276,1.8011,0.6009,0.6462,0.6063,0.5371,50,335.3,210.15,1,1,2025-10-02 02:47:45,19.9,71,,1,0,,0
2025-10-02 02:48:30,245.33,0.3467,255,0.4718,1.4154,255.08,254.24,255.69,444.16,441.24,439.55,441.63,0.0,1.4154,0.0,0.0,0.3467,0.0,0.086,0,0.086,0,0.3599,0,0.3599,0,0.9705,1,0.9705,1,50,335.32,210.17,0,1,2025-10-02 02:48:30,19.8,69.6,,0,0,,1
2025-10-02 02:49:15,245.34,0.3457,254.99,0.4708,1.4124,255.12,254.17,255.7,444.01,441.28,439.63,441.62,0.0,1.4124,0.0,0.0,0.3457,0.0,0.0863,0,0.0863,0,0.359,0,0.359,0,0.9702,1,0.9702,1,50,335.33,210.17,0,1,2025-10-02 02:49:15,19.7,71.7,,0,0,,1
2025-10-02 02:50:00,245.34,0.3456,254.9,0.4708,1.4125,254.98,254.18,255.54,444.24,440.1,440.08,441.48,0.0,1.4125,0.0,0.0,0.3456,0.0,0.0868,0,0.0868,0,0.359,0,0.359,0,0.9698,1,0.9698,1,50,335.33,210.17,0,1,2025-10-02 02:50:00,19.6,74.6,,0,0,,1
2025-10-02 02:50:45,245.35,0.3454,254.88,0.4705,1.4116,254.97,254.21,255.46,443.7,441.01,439.62,441.48,0.0,1.4116,0.0,0.0,0.3454,0.0,0.087,0,0.087,0,0.3588,0,0.3588,0,0.9697,1,0.9697,1,50,335.34,210.17,0,1,2025-10-02 02:50:45,19.6,76.7,,0,0,,1
2025-10-02 02:51:30,245.35,0.3453,255.04,0.4703,1.4111,255.08,254.29,255.75,443.9,441.81,439.44,441.71,0.0,1.4111,0.0,0.0,0.3453,0.0,0.0872,0,0.0872,0,0.3588,0,0.3588,0,0.9695,1,0.9695,1,50,335.34,210.17,0,1,2025-10-02 02:51:30,19.7,78.7,,0,0,,1
2025-10-02 02:52:15,245.35,0.3466,255.8,0.4713,1.414,256.03,254.96,256.43,445.84,441.93,441.36,443.06,0.0,1.414,0.0,0.0,0.3466,0.0,0.0883,0,0.0883,0,0.3605,0,0.3605,0,0.969,1,0.969,1,50,335.34,210.17,0,1,2025-10-02 02:52:15,19.7,80.3,,0,0,,1
2025-10-02 02:53:00,245.36,0.3469,255.75,0.4716,1.415,255.95,254.96,256.36,445.58,442.28,441.01,442.98,0.0,1.415,0.0,0.0,0.3469,0.0,0.0885,0,0.0885,0,0.3608,0,0.3608,0,0.9689,1,0.9689,1,50,335.35,210.17,0,1,2025-10-02 02:53:00,19.7,81.8,,0,0,,1
2025-10-02 02:53:45,245.36,0.3458,255.66,0.4705,1.4116,255.85,254.88,256.27,445.49,442.13,440.78,442.77,0.0,1.4116,0.0,0.0,0.3458,0.0,0.0888,0,0.0888,0,0.3598,0,0.3598,0,0.9686,1,0.9686,1,50,335.35,210.17,0,1,2025-10-02 02:53:45,19.8,83,,0,0,,1
2025-10-02 02:54:30,245.37,0.3462,255.67,0.4709,1.4127,255.73,254.91,256.39,444.75,442.97,440.75,442.86,0.0,1.4127,0.0,0.0,0.3462,0.0,0.0886,0,0.0886,0,0.3601,0,0.3601,0,0.9687,1,0.9687,1,50,335.36,210.18,0,1,2025-10-02 02:54:30,19.8,84.1,,0,0,,1
2025-10-02 02:55:15,245.37,0.3462,255.7,0.471,1.4131,255.7,254.9,256.52,445,442.78,440.83,442.86,0.0,1.4131,0.0,0.0,0.3462,0.0,0.0887,0,0.0887,0,0.3602,0,0.3602,0,0.9687,1,0.9687,1,50,335.36,210.18,0,1,2025-10-02 02:55:15,19.9,85,,0,0,,1
2025-10-02 02:56:00,245.38,0.3454,255.23,0.4703,1.4109,255.05,254.7,255.96,444.51,441.74,439.92,442.04,0.0,1.4109,0.0,0.0,0.3454,0.0,0.0885,0,0.0885,0,0.3594,0,0.3594,0,0.9687,1,0.9687,1,50,335.37,210.18,0,1,2025-10-02 02:56:00,19.9,85.9,,0,0,,1
2025-10-02 02:56:45,245.38,0.3452,255.31,0.4699,1.4097,255.15,254.77,256.03,444.31,442.21,440.07,442.23,0.0,1.4097,0.0,0.0,0.3452,0.0,0.0887,0,0.0887,0,0.3591,0,0.3591,0,0.9685,1,0.9685,1,50,335.37,210.18,0,1,2025-10-02 02:56:45,19.9,86.6,,0,0,,1
2025-10-02 02:57:30,245.38,0.3454,255.3,0.4702,1.4106,255.14,254.75,256.01,444.5,442.21,439.78,442.2,0.0,1.4106,0.0,0.0,0.3454,0.0,0.0885,0,0.0885,0,0.3594,0,0.3594,0,0.9687,1,0.9687,1,50,335.38,210.18,0,1,2025-10-02 02:57:30,20.0,87.3,,0,0,,1
2025-10-02 02:58:15,245.39,0.3445,255.28,0.4693,1.4079,255.22,254.6,256.04,444.41,441.63,440.4,442.14,0.0,1.4079,0.0,0.0,0.3445,0.0,0.0884,0,0.0884,0,0.3585,0,0.3585,0,0.9685,1,0.9685,1,50,335.38,210.18,0,1,2025-10-02 02:58:15,20.0,87.8,,0,0,,1
2025-10-02 02:59:00,245.39,0.3453,255.39,0.47,1.41,255.32,254.68,256.19,444.66,442.47,439.86,442.32,0.0,1.41,0.0,0.0,0.3453,0.0,0.088,0,0.088,0,0.3591,0,0.3591,0,0.969,1,0.969,1,50,335.39,210.18,0,1,2025-10-02 02:59:00,20.4,88.4,,0,0,,1
2025-10-02 02:59:45,245.4,0.345,255.37,0.4695,1.4086,255.32,254.67,256.12,444.84,441.5,440.52,442.23,0.0,1.4086,0.0,0.0,0.345,0.0,0.088,0,0.088,0,0.3587,0,0.3587,0,0.9689,1,0.9689,1,50,335.39,210.18,0,1,2025-10-02 02:59:45,20.5,88.9,,0,0,,1
2025-10-02 03:00:30,245.4,0.345,255.45,0.4695,1.4087,255.39,254.74,256.22,444.75,441.75,440.79,442.45,0.0,1.4087,0.0,0.0,0.345,0.0,0.0882,0,0.0882,0,0.3589,0,0.3589,0,0.9688,1,0.9688,1,50,335.39,210.18,0,1,2025-10-02 03:00:30,20.5,89.3,,0,0,,1
2025-10-02 03:01:15,245.41,0.3445,255.16,0.4691,1.4075,254.63,254.6,256.25,444.18,441.52,440.07,441.98,0.0,1.4075,0.0,0.0,0.3445,0.0,0.0882,0,0.0882,0,0.3583,0,0.3583,0,0.9687,1,0.9687,1,50,335.4,210.19,0,1,2025-10-02 03:01:15,20.5,89.6,,0,0,,1
2025-10-02 03:02:00,245.41,0.3446,255.2,0.4691,1.4074,254.74,254.58,256.28,444.13,441.24,440.61,442,0.0,1.4074,0.0,0.0,0.3446,0.0,0.0876,0,0.0876,0,0.3583,0,0.3583,0,0.9691,1,0.9691,1,50.1,335.4,210.19,0,1,2025-10-02 03:02:00,20.6,89.9,,0,0,,1
2025-10-02 03:02:45,245.41,0.3447,255.12,0.4693,1.4081,254.28,254.71,256.37,443.56,441.85,440.16,441.86,0.0,1.4081,0.0,0.0,0.3447,0.0,0.0885,0,0.0885,0,0.3587,0,0.3587,0,0.9686,1,0.9686,1,50,335.41,210.19,0,1,2025-10-02 03:02:45,20.6,90.3,,0,0,,1
2025-10-02 03:03:30,245.42,0.345,255.13,0.4693,1.4081,254.31,254.81,256.29,444.08,441.58,439.99,441.84,0.0,1.4081,0.0,0.0,0.345,0.0,0.088,0,0.088,0,0.3588,0,0.3588,0,0.9689,1,0.9689,1,50,335.41,210.19,0,1,2025-10-02 03:03:30,20.6,90.6,,0,0,,1
2025-10-02 03:04:15,245.42,0.3438,255.31,0.4684,1.4054,254.98,254.52,256.45,444.32,441.4,440.87,442.26,0.0,1.4054,0.0,0.0,0.3438,0.0,0.0883,0,0.0883,0,0.3577,0,0.3577,0,0.9685,1,0.9685,1,50,335.42,210.19,0,1,2025-10-02 03:04:15,20.6,90.8,,0,0,,1
2025-10-02 03:05:00,245.43,0.3451,255.83,0.4697,1.4092,255.86,254.92,256.71,445.13,442.52,441.62,443.12,0.0,1.4092,0.0,0.0,0.3451,0.0,0.089,0,0.089,0,0.3592,0,0.3592,0,0.9683,1,0.9683,1,50,335.42,210.19,0,1,2025-10-02 03:05:00,20.7,91,,0,0,,1
2025-10-02 03:05:45,245.43,0.3456,255.92,0.47,1.41,256.06,255.1,256.61,445.8,442.68,441.25,443.2,0.0,1.41,0.0,0.0,0.3456,0.0,0.089,0,0.089,0,0.3597,0,0.3597,0,0.9683,1,0.9683,1,50,335.43,210.19,0,1,2025-10-02 03:05:45,20.7,91.3,,0,0,,1
2025-10-02 03:06:30,245.44,0.3451,255.77,0.4694,1.4084,255.97,255.09,256.25,445.65,442.23,441.06,442.99,0.0,1.4084,0.0,0.0,0.3451,0.0,0.0892,0,0.0892,0,0.3593,0,0.3593,0,0.9681,1,0.9681,1,50,335.43,210.19,0,1,2025-10-02 03:06:30,20.7,91.4,,0,0,,1
2025-10-02 03:07:15,245.44,0.3454,255.9,0.4695,1.4085,256.04,255.13,256.53,445.4,442.8,441.43,443.26,0.0,1.4085,0.0,0.0,0.3454,0.0,0.0887,0,0.0887,0,0.3594,0,0.3594,0,0.9685,1,0.9685,1,50,335.43,210.19,0,1,2025-10-02 03:07:15,20.8,91.6,,0,0,,1
2025-10-02 03:08:00,245.44,0.3442,255.23,0.4686,1.406,255.11,254.63,255.95,444.47,441.16,440.51,442.02,0.0,1.406,0.0,0.0,0.3442,0.0,0.0883,0,0.0883,0,0.358,0,0.358,0,0.9686,1,0.9686,1,50,335.44,210.2,0,1,2025-10-02 03:08:00,20.8,91.8,,0,0,,1
2025-10-02 03:08:45,245.45,0.3438,255.02,0.4684,1.4053,254.94,254.47,255.67,444.15,440.81,440.13,441.71,0.0,1.4053,0.0,0.0,0.3438,0.0,0.0881,0,0.0881,0,0.3576,0,0.3576,0,0.9687,1,0.9687,1,50,335.44,210.2,0,1,2025-10-02 03:08:45,21.2,91.9,,0,0,,1
2025-10-02 03:09:30,245.45,0.3441,255.04,0.4686,1.406,254.91,254.5,255.72,443.78,441.68,439.72,441.72,0.0,1.406,0.0,0.0,0.3441,0.0,0.0879,0,0.0879,0,0.3578,0,0.3578,0,0.9689,1,0.9689,1,50,335.45,210.2,0,1,2025-10-02 03:09:30,21.2,92,,0,0,,1
2025-10-02 03:10:15,245.46,0.3446,255.26,0.469,1.407,255.1,254.73,255.96,444.27,442.09,439.96,441.97,0.0,1.407,0.0,0.0,0.3446,0.0,0.0881,0,0.0881,0,0.3584,0,0.3584,0,0.9688,1,0.9688,1,50,335.45,210.2,0,1,2025-10-02 03:10:15,21.2,92.1,,0,0,,1
