readable_time,Active Energy (kWh),mt_power,mvol,mcurr,tot_curr,mvol_r,mvol_y,mvol_b,mvol_ry,mvol_yb,mvol_br,mvolt_p,Phase Current L1 (A),Phase Current L2 (A),Phase Current L3 (A),mpow_r,mpow_y,mpow_b,mr_power,mrpow_r,mrpow_y,mrpow_b,ma_power,mapow_r,mapow_y,mapow_b,mt_pf,mpf_r,mpf_y,mpf_b,mfreq,ma_energy,mr_energy,con_st,mc_st,temp_time,Temperature (°C),humidity,Door Status,compressor_on,heater_on,door_status,fan_status
2025-09-30 05:30:31,268.8,3.6036,223.51,6.8176,20.453,225.26,225.7,219.58,389.13,389.14,383.05,387.08,6.9691,7.6629,5.821,1.2993,1.3686,0.9357,2.8053,0.8799,1.0552,0.8702,4.5776,1.5699,1.7295,1.2782,0.789,0.828,0.7924,0.7307,50,335.88,195.78,1,1,2025-09-30 05:30:31,16.3,73.7,,1,0,,0
2025-09-30 05:31:16,268.85,3.579,223.21,6.7802,20.340600000000002,225.23,225.85,218.56,388.86,388.44,382.46,386.66,6.9861,7.6799,5.6746,1.3133,1.3604,0.9052,2.7861,0.8653,1.0737,0.8471,4.5482,1.5735,1.7345,1.2402,0.789,0.835,0.7849,0.7301,50,335.93,195.82,1,1,2025-09-30 05:31:16,16.2,73.4,,1,0,,0
2025-09-30 05:32:01,268.89,3.585,222.95,6.7895,20.3685,226.25,225.98,216.63,389.6,387.47,381.33,386.07,7.0749,7.7719,5.5217,1.3525,1.3554,0.8771,2.7793,0.8541,1.1097,0.8155,4.5532,1.6007,1.7563,1.1962,0.7903,0.8461,0.7729,0.7311,50,335.99,195.85,1,1,2025-09-30 05:32:01,16.1,73.3,,1,0,,0
2025-09-30 05:32:46,268.94,3.5757,222.83,6.7779,20.3338,226.43,225.85,216.22,389.07,387.31,381.36,385.96,7.0264,7.7633,5.5441,1.3448,1.3569,0.874,2.7778,0.8492,1.1086,0.82,4.5431,1.591,1.7533,1.1987,0.7897,0.8455,0.7744,0.7292,50,336.04,195.88,1,1,2025-09-30 05:32:46,16.1,73.2,,1,0,,0
2025-09-30 05:33:31,268.98,3.5649,223.07,6.7624,20.2872,226.34,225.75,217.12,389.28,387.45,382.27,386.2,7.0059,7.6996,5.5817,1.3277,1.3452,0.8919,2.7835,0.861,1.0949,0.8276,4.5358,1.5857,1.7382,1.2119,0.7881,0.8396,0.7763,0.7303,50,336.1,195.92,1,1,2025-09-30 05:33:31,15.9,72.4,,1,0,,0
2025-09-30 05:34:16,269.03,3.569,223.41,6.7679,20.3039,227.13,225,218.1,388.77,388.31,383.63,386.98,6.9984,7.5857,5.7198,1.315,1.3328,0.9212,2.7972,0.892,1.0645,0.8408,4.5438,1.5895,1.7068,1.2475,0.787,0.8275,0.7813,0.7386,50,336.16,195.95,1,1,2025-09-30 05:34:16,15.9,72.4,,1,0,,0
2025-09-30 05:35:01,269.07,3.5893,223.09,6.7932,20.3796,225.82,225.99,217.46,389.49,387.82,381.8,386.36,7.0032,7.7092,5.6672,1.3257,1.3623,0.9014,2.7847,0.8612,1.0838,0.8398,4.5561,1.5815,1.7422,1.2324,0.79,0.8385,0.7825,0.7316,50,336.21,195.99,1,1,2025-09-30 05:35:02,15.8,72.8,,1,0,,0
2025-09-30 05:36:31,269.16,3.5791,223.28,6.7817,20.345299999999998,226.04,226.14,217.68,389.56,387.8,382.8,386.71,7.0257,7.6213,5.6983,1.321,1.3458,0.9123,2.7943,0.8803,1.0744,0.8396,4.552,1.5881,1.7235,1.2404,0.7882,0.8321,0.7814,0.7358,50,336.33,196.06,1,1,2025-09-30 05:36:31,15.6,72.8,,1,0,,0
2025-09-30 05:37:38,269.24,3.5872,223.86,6.7951,20.3853,226.06,227.81,217.73,390.61,388.93,383.64,387.85,7.0413,7.7081,5.6359,1.3332,1.3628,0.8912,2.8159,0.8683,1.1049,0.8427,4.5748,1.5918,1.756,1.2271,0.7865,0.8379,0.7767,0.7266,50,336.43,196.12,1,1,2025-09-30 05:37:38,15.5,73.2,,1,0,,0
2025-09-30 05:38:23,269.29,3.5871,223.55,6.8008,20.4026,225.68,227.59,217.39,391.01,388.69,381.88,387.31,7.0249,7.7993,5.5784,1.3377,1.3758,0.8737,2.8104,0.8501,1.1197,0.8407,4.5731,1.5854,1.775,1.2127,0.7871,0.8439,0.7755,0.7205,50,336.49,196.16,1,1,2025-09-30 05:38:23,15.4,73.2,,1,0,,0
2025-09-30 05:39:08,269.33,3.5873,224.02,6.7955,20.3866,226.01,227.38,218.68,390.05,389.84,384.08,388.08,6.9494,7.6703,5.7669,1.304,1.3685,0.9148,2.8208,0.8743,1.0789,0.8675,4.5758,1.5706,1.7441,1.2611,0.786,0.8305,0.7852,0.7256,50,336.55,196.19,1,1,2025-09-30 05:39:08,15.4,73.2,,1,0,,0
2025-09-30 05:39:54,269.36,0.3138,224.53,0.4638,1.3915,226.97,227.9,218.72,391.76,390.27,384.58,388.91,0.0,1.3915,0.0,0,0.3138,0,0.043,0,0.043,0,0.3171,0,0.3171,0,0.9907,1,0.9907,1,50,336.59,196.22,0,1,2025-09-30 05:39:54,15.3,72.5,,0,0,,1
2025-09-30 05:40:38,269.37,0.3113,224.41,0.4605,1.3815,226.75,227.89,218.6,391.45,390.08,384.49,388.58,0.0,1.3815,0.0,0,0.3113,0,0.0436,0,0.0436,0,0.3148,0,0.3148,0,0.9903,1,0.9903,1,50,336.59,196.22,0,1,2025-09-30 05:40:38,15.3,74.3,,0,0,,1
2025-09-30 05:41:23,269.37,0.311,224.49,0.4595,1.3786,226.58,228.2,218.71,391.34,390.37,384.74,388.81,0.0,1.3786,0.0,0,0.311,0,0.0444,0,0.0444,0,0.3146,0,0.3146,0,0.9899,1,0.9899,1,50,336.6,196.22,0,1,2025-09-30 05:41:23,15.4,77.2,,0,0,,1
2025-09-30 05:42:09,269.38,0.312,224.48,0.4596,1.3789,227.24,228.97,217.25,392.42,390.16,383.81,388.74,0.0,1.3789,0.0,0,0.312,0,0.0453,0,0.0453,0,0.3157,0,0.3157,0,0.9896,1,0.9896,1,50,336.6,196.22,0,1,2025-09-30 05:42:09,15.6,80.2,,0,0,,1
2025-09-30 05:42:53,269.38,0.3109,224.59,0.4588,1.3766,227.62,228.5,217.65,392.75,389.82,384.37,389.02,0.0,1.3766,0.0,0,0.3109,0,0.0448,0,0.0448,0,0.3146,0,0.3146,0,0.9897,1,0.9897,1,50,336.6,196.22,0,1,2025-09-30 05:42:53,15.9,83.6,,0,0,,1
2025-09-30 05:43:38,269.38,0.3106,224.67,0.4583,1.3749,226.95,228.62,218.46,392.16,390.36,384.88,389.14,0.0,1.3749,0.0,0,0.3106,0,0.0452,0,0.0452,0,0.3143,0,0.3143,0,0.9895,1,0.9895,1,50,336.61,196.22,0,1,2025-09-30 05:43:38,16.1,86.1,,0,0,,1
2025-09-30 05:44:44,269.39,0.3069,223.94,0.4558,1.3675,226.33,226.98,218.52,390.62,389.53,383.41,387.9,0.0,1.3675,0.0,0,0.3069,0,0.0432,0,0.0432,0,0.3104,0,0.3104,0,0.9902,1,0.9902,1,50,336.62,196.22,0,1,2025-09-30 05:44:44,16.5,88.6,,0,0,,1
2025-09-30 05:45:29,269.39,0.3085,223.88,0.4565,1.3696,225.02,227.86,218.76,390.45,390.06,382.76,387.68,0.0,1.3696,0.0,0,0.3085,0,0.0442,0,0.0442,0,0.3121,0,0.3121,0,0.9898,1,0.9898,1,50,336.62,196.22,0,1,2025-09-30 05:45:29,16.8,90.2,,0,0,,1
2025-09-30 05:46:14,269.4,0.3084,224.3,0.4567,1.3701,225.39,227.68,219.85,390.64,390.33,384.52,388.56,0.0,1.3701,0.0,0,0.3084,0,0.0436,0,0.0436,0,0.3119,0,0.3119,0,0.9901,1,0.9901,1,50,336.62,196.22,0,1,2025-09-30 05:46:14,17.1,91.9,,0,0,,1
2025-09-30 05:46:59,269.4,0.3102,223.97,0.4563,1.3691,224.88,228.49,218.55,390.93,389.8,383.04,387.91,0.0,1.3691,0.0,0,0.3091,0,0.045,0,0.045,0,0.3128,0,0.3128,0,0.9896,1,0.9895,1,50,336.63,196.22,0,1,2025-09-30 05:47:00,17.3,92.8,,0,0,,1
2025-09-30 05:47:44,269.41,0.3084,224.58,0.4558,1.3675,224.93,228.2,220.61,390.55,391.42,384.94,388.76,0.0,1.3675,0.0,0,0.3084,0,0.0444,0,0.0444,0,0.3121,0,0.3121,0,0.9898,1,0.9898,1,50,336.63,196.22,0,1,2025-09-30 05:47:44,17.6,93.6,,0,0,,1
2025-09-30 05:48:29,269.41,0.3114,224.66,0.458,1.374,224.92,229.39,219.69,391.17,391.8,384.39,389.16,0.0,1.374,0.0,0,0.3114,0,0.0454,0,0.0454,0,0.3152,0,0.3152,0,0.9895,1,0.9895,1,50.1,336.63,196.22,0,1,2025-09-30 05:48:29,17.8,93.7,,0,0,,1
2025-09-30 05:49:14,269.41,0.3106,224.73,0.457,1.3711,224.38,229.33,220.49,390.74,391.92,385.06,389.32,0.0,1.3711,0.0,0,0.3106,0,0.0455,0,0.0455,0,0.3144,0,0.3144,0,0.9894,1,0.9894,1,50.1,336.64,196.22,0,1,2025-09-30 05:49:15,17.9,94,,0,0,,1
2025-09-30 05:49:59,269.42,0.3104,224.09,0.4558,1.3674,225.06,228.94,218.28,389.83,390.54,383.96,388.04,0.0,1.3674,0.0,0,0.3093,0,0.045,0,0.045,0,0.3131,0,0.3131,0,0.9896,1,0.9895,1,50,336.64,196.22,0,1,2025-09-30 05:49:59,18.1,94.2,,0,0,,1
2025-09-30 05:50:44,269.43,3.7133,223.73,6.972,20.9162,225.06,228.17,217.97,390.09,389.78,382.62,387.4,7.2314,7.9695,5.7153,1.387,1.4234,0.9029,2.838,0.8506,1.1294,0.858,4.6917,1.6275,1.8184,1.2458,0.7945,0.8524,0.7833,0.7248,50.1,336.65,196.23,1,1,2025-09-30 05:50:44,18.3,94.4,,1,0,,0
2025-09-30 05:51:51,269.51,3.6248,224.24,6.8529,20.5587,228.06,227.32,217.35,392.05,389.62,383.4,387.77,7.0988,7.8628,5.5971,1.3677,1.375,0.8822,2.8427,0.8654,1.1399,0.8373,4.6229,1.619,1.7874,1.2165,0.7868,0.845,0.7698,0.7252,50,336.76,196.29,1,1,2025-09-30 05:51:51,18.3,92.5,,1,0,,0
2025-09-30 05:52:36,269.55,3.622,224.61,6.852,20.556,228.49,227.01,218.35,392.07,390.22,384.71,388.95,7.1312,7.7862,5.6386,1.3638,1.3583,0.8999,2.8598,0.8909,1.1291,0.8397,4.6281,1.6294,1.7675,1.2312,0.7848,0.8371,0.7689,0.7311,50,336.81,196.33,1,1,2025-09-30 05:52:36,18.2,89.1,,1,0,,0
2025-09-30 05:53:21,269.6,3.633,224.69,6.8663,20.5991,228.17,227.98,217.92,392.98,390.24,384.21,389.13,7.1708,7.9255,5.5028,1.3877,1.3787,0.8666,2.8594,0.8657,1.1656,0.8281,4.6422,1.6362,1.8069,1.1992,0.7857,0.8484,0.7636,0.7229,50,336.87,196.36,1,1,2025-09-30 05:53:21,18.1,87.4,,1,0,,0
2025-09-30 05:54:06,269.64,3.6612,224.85,6.898,20.6941,228.67,227.74,218.15,392.42,390.85,384.95,389.54,7.1738,7.897,5.6233,1.3846,1.3819,0.8947,2.8657,0.8784,1.1488,0.8386,4.6656,1.6404,1.7985,1.2267,0.7874,0.8444,0.7689,0.7296,50,336.93,196.4,1,1,2025-09-30 05:54:06,18.0,86,,1,0,,0
2025-09-30 05:54:51,269.69,3.6732,225.44,6.9269,20.7807,226.84,230.07,219.43,393.34,392.91,385.14,390.49,7.0661,7.9765,5.7381,1.3522,1.4265,0.8944,2.896,0.8592,1.1514,0.8854,4.6971,1.6029,1.8352,1.2591,0.7852,0.844,0.7781,0.7106,50,336.99,196.43,1,1,2025-09-30 05:54:51,17.8,83.8,,1,0,,0
2025-09-30 05:55:36,269.73,3.6594,225.59,6.9083,20.7251,226.76,230.31,219.72,393.19,393.1,385.88,390.65,7.0084,7.9466,5.7701,1.3362,1.4271,0.8961,2.8986,0.8592,1.1431,0.8963,4.6872,1.5892,1.8302,1.2678,0.7838,0.8411,0.7804,0.707,50,337.05,196.47,1,1,2025-09-30 05:55:36,17.7,82.6,,1,0,,0
2025-09-30 05:56:21,269.78,3.6431,225.26,6.8893,20.6679,226.33,230.2,219.26,393.34,392.08,385.05,390.31,7.1159,7.9655,5.5865,1.3635,1.4119,0.8677,2.8876,0.8562,1.1673,0.8641,4.6691,1.6105,1.8337,1.2249,0.7836,0.8468,0.7707,0.7085,50,337.11,196.51,1,1,2025-09-30 05:56:22,17.5,81.6,,1,0,,0
2025-09-30 05:57:06,269.82,3.6223,225.8,6.8588,20.5764,225.88,229.96,221.58,392.25,393.44,387.58,391.12,6.947,7.7429,5.8865,1.2929,1.4019,0.9275,2.8984,0.8877,1.0945,0.9163,4.6541,1.5692,1.7806,1.3043,0.7808,0.8243,0.7882,0.7114,50,337.16,196.54,1,1,2025-09-30 05:57:06,17.4,81.8,,1,0,,0
2025-09-30 05:57:51,269.87,3.6293,224.54,6.8639,20.5918,226.08,230.03,217.52,393.32,389.72,383.73,389.12,7.1188,7.9554,5.5176,1.3712,1.4048,0.8533,2.8551,0.8415,1.1701,0.8436,4.6396,1.6094,1.83,1.2002,0.7859,0.8523,0.7683,0.7111,50,337.22,196.58,1,1,2025-09-30 05:57:51,17.3,80.9,,1,0,,0
2025-09-30 05:58:36,269.92,3.6241,224.64,6.8561,20.5683,225.72,229.72,218.49,392.34,390.75,384.17,389.12,7.0354,7.8774,5.6555,1.3396,1.4051,0.8793,2.8572,0.8517,1.1378,0.8677,4.6333,1.588,1.8096,1.2357,0.7852,0.8438,0.7771,0.7117,50,337.28,196.62,1,1,2025-09-30 05:58:36,17.2,79.4,,1,0,,0
2025-09-30 05:59:21,269.96,3.6207,223.93,6.8466,20.54,224.26,229.83,217.72,390.87,390.1,382.62,387.59,6.9621,7.9121,5.6658,1.326,1.4242,0.8704,2.8242,0.823,1.1278,0.8734,4.6133,1.5613,1.8184,1.2336,0.7884,0.8496,0.7839,0.7058,50,337.34,196.65,1,1,2025-09-30 05:59:21,17.1,79.7,,1,0,,0
2025-09-30 06:00:06,270.01,3.6026,224.06,6.8219,20.4658,225.01,229.53,217.66,390.87,390.17,383.19,388.21,7.0078,7.8506,5.6074,1.3349,1.4003,0.8674,2.8278,0.8382,1.1315,0.8581,4.5993,1.5768,1.8019,1.2205,0.7866,0.8468,0.7778,0.7108,50,337.4,196.69,1,1,2025-09-30 06:00:06,17.1,79.8,,1,0,,0
2025-09-30 06:00:51,270.05,3.6338,224.06,6.8639,20.5918,225.22,229.36,217.61,391.8,389.37,383.08,387.99,7.058,7.9444,5.5894,1.3537,1.4144,0.8656,2.8329,0.8323,1.1465,0.8541,4.628,1.5896,1.8221,1.2163,0.7886,0.8518,0.7768,0.7118,50,337.45,196.72,1,1,2025-09-30 06:00:51,17.0,79.2,,1,0,,0
2025-09-30 06:01:36,270.1,3.6293,224.26,6.8598,20.5795,225.53,229.32,217.93,391.02,390.19,384.02,388.55,7.0457,7.886,5.6478,1.3445,1.4064,0.8784,2.8419,0.8459,1.1342,0.8618,4.6283,1.589,1.8084,1.2308,0.7873,0.8464,0.7784,0.7138,50,337.51,196.76,1,1,2025-09-30 06:01:36,16.9,79,,1,0,,0
2025-09-30 06:02:21,270.14,3.6244,224.39,6.8559,20.567899999999998,225.44,230.3,217.43,391.82,390.86,383.23,388.58,6.9897,7.9575,5.6207,1.3412,1.4236,0.8596,2.8448,0.8258,1.1511,0.8679,4.6305,1.5758,1.8326,1.2221,0.7866,0.8515,0.7776,0.7036,50,337.57,196.79,1,1,2025-09-30 06:02:21,16.9,77.9,,1,0,,0
2025-09-30 06:03:06,270.19,3.6129,224.29,6.8403,20.521,225.61,229.56,217.7,391.07,390.14,384.17,388.5,6.9318,7.888,5.7012,1.3216,1.4148,0.8765,2.8399,0.8347,1.1271,0.8781,4.6158,1.5639,1.8108,1.2412,0.7861,0.8454,0.7821,0.7064,50,337.63,196.83,1,1,2025-09-30 06:03:06,16.7,76.1,,1,0,,0
2025-09-30 06:03:51,270.23,3.5917,223.66,6.8189,20.4569,225.64,229.98,215.36,391.51,389.41,381.19,387.41,6.9831,8.0361,5.4377,1.3588,1.4186,0.8144,2.8192,0.7964,1.1817,0.841,4.5949,1.5757,1.8481,1.1711,0.7866,0.8627,0.7683,0.6956,50,337.68,196.86,1,1,2025-09-30 06:03:51,16.6,75.7,,1,0,,0
2025-09-30 06:04:36,270.28,3.5857,223.65,6.8102,20.430600000000002,225.52,229.47,215.98,391.2,389.12,381.78,387.28,6.9553,7.9497,5.5256,1.341,1.4084,0.8363,2.8205,0.8128,1.1568,0.851,4.5862,1.5686,1.8242,1.1934,0.7859,0.8551,0.7727,0.7009,50,337.74,196.9,1,1,2025-09-30 06:04:36,16.5,74.8,,1,0,,0
2025-09-30 06:05:21,270.32,3.5751,223.33,6.7896,20.3689,225.19,228.9,215.92,389.67,388.67,382.05,386.8,6.9432,7.8684,5.5573,1.331,1.3962,0.8479,2.8025,0.8191,1.135,0.8484,4.5645,1.5635,1.8011,1.1999,0.787,0.8516,0.7759,0.7068,50,337.8,196.93,1,1,2025-09-30 06:05:21,16.4,74.7,,1,0,,0
2025-09-30 06:06:06,270.37,3.5671,223.47,6.7863,20.359099999999998,225.94,228.73,215.76,390.84,388.33,381.98,387.1,7.0306,7.8865,5.442,1.3549,1.38,0.8322,2.8153,0.8282,1.1593,0.8278,4.5665,1.5885,1.8039,1.1742,0.7849,0.8532,0.7656,0.7089,50,337.86,196.97,1,1,2025-09-30 06:06:06,16.3,75.4,,1,0,,0
2025-09-30 06:06:51,270.41,3.5755,224.04,6.8013,20.4039,226.16,229.54,216.43,391.38,390.3,382.39,388.06,6.9871,7.9366,5.4802,1.348,1.3965,0.831,2.8359,0.8233,1.167,0.8455,4.588,1.5802,1.8218,1.1861,0.7834,0.8534,0.7673,0.7009,50,337.91,197,1,1,2025-09-30 06:06:51,16.2,75.2,,1,0,,0
2025-09-30 06:07:36,270.46,3.5919,224.82,6.8235,20.470599999999997,227.05,229.94,217.48,391.9,391.37,384.82,389.39,6.9925,7.8561,5.622,1.3379,1.3902,0.8638,2.869,0.8535,1.1508,0.8648,4.6168,1.5876,1.8064,1.2227,0.7813,0.843,0.7703,0.7066,50,337.97,197.04,1,1,2025-09-30 06:07:36,16.2,74.9,,1,0,,0
2025-09-30 06:08:21,270.5,3.6032,224.71,6.8413,20.524099999999997,227.02,229.72,217.4,392.79,390.57,384.22,389.16,7.0275,7.8966,5.6,1.3481,1.3938,0.8613,2.8694,0.8518,1.1579,0.8596,4.6268,1.5954,1.814,1.2174,0.7822,0.8453,0.7691,0.7078,49.9,338.03,197.08,1,1,2025-09-30 06:08:21,16.1,74.5,,1,0,,0
2025-09-30 06:09:06,270.54,3.5878,224.77,6.8194,20.4584,226.26,230.29,217.76,392.57,391.19,384.12,389.21,6.9684,7.9211,5.5689,1.3361,1.4046,0.8471,2.8638,0.8359,1.1609,0.8671,4.6135,1.5767,1.8242,1.2127,0.7815,0.8477,0.7708,0.6988,50,338.08,197.11,1,1,2025-09-30 06:09:06,16.0,75,,1,0,,0
2025-09-30 06:09:51,270.59,3.6083,224.21,6.8475,20.5425,225.91,230,216.74,392.43,390.43,382.16,388.39,7.0777,8.0617,5.4031,1.3751,1.4152,0.818,2.8474,0.8146,1.1954,0.8375,4.6242,1.5989,1.8542,1.1711,0.785,0.8603,0.7639,0.6987,50,338.14,197.15,1,1,2025-09-30 06:09:51,15.9,73.8,,1,0,,0
2025-09-30 06:10:36,270.64,3.5733,224.82,6.7989,20.3968,226.33,229.34,218.81,391.96,391.46,384.75,389.41,6.9361,7.822,5.6387,1.316,1.3887,0.8687,2.8625,0.8545,1.1326,0.8754,4.5975,1.5698,1.7939,1.2338,0.7804,0.8386,0.7749,0.7043,50,338.2,197.18,1,1,2025-09-30 06:10:36,15.8,73.2,,1,0,,0
2025-09-30 06:11:21,270.68,3.5832,224.44,6.8151,20.4455,226.29,229.37,217.66,392.9,389.94,383.36,388.78,7.0824,7.9574,5.4057,1.3659,1.3901,0.8273,2.8529,0.8371,1.18,0.8358,4.6045,1.6027,1.8252,1.1766,0.7823,0.8526,0.7623,0.7034,50,338.26,197.22,1,1,2025-09-30 06:11:21,15.7,72.6,,1,0,,0
2025-09-30 06:12:06,270.73,3.5967,224.27,6.8203,20.461,225.14,229.51,218.17,392.29,390.21,382.86,388.5,7.0256,7.8979,5.5375,1.3417,1.4016,0.8534,2.838,0.8366,1.1468,0.8546,4.6025,1.5817,1.8126,1.2081,0.785,0.8485,0.7739,0.7066,50,338.32,197.25,1,1,2025-09-30 06:12:06,15.6,73.3,,1,0,,0
2025-09-30 06:12:51,270.77,3.5844,224.26,6.8092,20.427699999999998,223.61,229.21,219.96,389.46,390.94,384.84,388.36,6.8889,7.7719,5.7669,1.2841,1.4053,0.8949,2.8404,0.8498,1.0921,0.8985,4.5903,1.5404,1.7814,1.2685,0.7837,0.8339,0.7896,0.7056,50,338.37,197.29,1,1,2025-09-30 06:12:51,15.6,73.2,,1,0,,0
2025-09-30 06:13:36,270.81,3.5919,223.46,6.8227,20.4682,223.31,230.05,217.03,391.19,388.79,381.2,387.05,7.0395,8.0362,5.3925,1.3539,1.4242,0.8138,2.8133,0.7975,1.1756,0.8403,4.5911,1.572,1.8487,1.1703,0.7872,0.8616,0.7712,0.6956,50,338.43,197.32,1,1,2025-09-30 06:13:36,15.5,73.2,,1,0,,0
2025-09-30 06:14:21,270.86,3.5848,224.31,6.8114,20.4342,224.81,229.3,218.83,391.4,390.15,384,388.34,6.9159,7.8641,5.6542,1.3092,1.4071,0.8685,2.8427,0.8373,1.1248,0.8806,4.5953,1.5548,1.8032,1.2373,0.7835,0.8424,0.7811,0.7021,50,338.49,197.36,1,1,2025-09-30 06:14:21,15.5,73.6,,1,0,,0
2025-09-30 06:15:06,270.9,3.5704,224.79,6.7913,20.374000000000002,224.84,229.21,220.32,390.51,391.69,385.78,389.42,6.8581,7.7649,5.751,1.2821,1.398,0.8903,2.8544,0.8552,1.0984,0.9008,4.5888,1.542,1.7798,1.2671,0.781,0.8319,0.7863,0.7029,50,338.55,197.4,1,1,2025-09-30 06:15:06,15.4,74.7,,1,0,,0
2025-09-30 06:15:51,270.95,3.5926,224.1,6.8169,20.4509,224.41,228.85,219.05,390.92,389.98,383.56,388.28,6.9854,7.8334,5.6321,1.3189,1.3986,0.8751,2.8337,0.8461,1.1186,0.869,4.594,1.5676,1.7927,1.2337,0.7851,0.8416,0.7809,0.7095,50,338.6,197.43,1,1,2025-09-30 06:15:51,15.4,74.7,,1,0,,0
2025-09-30 06:16:36,270.99,3.5843,223.84,6.8081,20.424500000000002,224.25,228.75,218.53,390.38,389.71,383.01,387.71,6.934,7.8592,5.6313,1.3122,1.4046,0.8675,2.8244,0.8328,1.1193,0.8723,4.5833,1.5549,1.7978,1.2306,0.7854,0.8443,0.782,0.7051,50,338.66,197.47,1,1,2025-09-30 06:16:36,15.4,74.4,,1,0,,0
2025-09-30 06:17:21,271.04,3.5752,223.69,6.7997,20.3993,224.63,228.74,217.72,390.1,389.03,383.19,387.39,6.9843,7.906,5.509,1.333,1.3982,0.8439,2.8225,0.8262,1.1444,0.8519,4.5767,1.5689,1.8084,1.1994,0.7848,0.8499,0.7738,0.7037,50,338.72,197.5,1,1,2025-09-30 06:17:21,15.4,73.4,,1,0,,0
2025-09-30 06:18:06,271.04,0.3151,224.29,0.4637,1.3911,226.21,229.08,217.6,392.73,389.96,382.77,388.38,0.0,1.3911,0.0,0,0.3151,0,0.0441,0,0.0441,0,0.3187,0,0.3187,0,0.9903,1,0.9903,1,50,338.73,197.51,0,1,2025-09-30 06:18:06,15.3,72.5,,0,0,,1
2025-09-30 06:18:51,271.05,0.3095,224.28,0.4568,1.3704,226.82,228.64,217.4,392.96,389.1,383.35,388.54,0.0,1.3704,0.0,0,0.3095,0,0.0451,0,0.0451,0,0.3133,0,0.3133,0,0.9895,1,0.9895,1,50,338.73,197.51,0,1,2025-09-30 06:18:51,15.3,75.5,,0,0,,1
2025-09-30 06:19:36,271.05,0.3105,225.06,0.4588,1.3766,226.77,228.25,220.16,391.57,390.8,387.02,389.86,0.0,1.3766,0.0,0,0.3105,0,0.0445,0,0.0445,0,0.3142,0,0.3142,0,0.9898,1,0.9898,1,50,338.73,197.51,0,1,2025-09-30 06:19:36,15.4,79.1,,0,0,,1
2025-09-30 06:20:21,271.06,0.3115,224.21,0.4589,1.3767,226.75,229.05,216.85,392.76,389.45,382.82,388.37,0.0,1.3767,0.0,0,0.3115,0,0.0457,0,0.0457,0,0.3153,0,0.3153,0,0.9894,1,0.9894,1,49.9,338.74,197.51,0,1,2025-09-30 06:20:21,15.6,82.3,,0,0,,1
2025-09-30 06:21:06,271.06,0.3109,224.3,0.4579,1.3739,226.84,229.18,216.9,393.18,389.5,382.83,388.36,0.0,1.3739,0.0,0,0.3109,0,0.0463,0,0.0463,0,0.3149,0,0.3149,0,0.9891,1,0.9891,1,49.9,338.74,197.51,0,1,2025-09-30 06:21:06,15.9,85.2,,0,0,,1
2025-09-30 06:21:51,271.06,0.3111,224.63,0.4581,1.3743,226.52,229.25,218.13,392.07,390.05,385.05,389.05,0.0,1.3743,0.0,0,0.3111,0,0.0461,0,0.0461,0,0.3151,0,0.3151,0,0.9891,1,0.9891,1,49.9,338.74,197.51,0,1,2025-09-30 06:21:51,16.2,87.4,,0,0,,1
2025-09-30 06:22:36,271.07,0.3114,224.98,0.4578,1.3735,228.22,229.72,217.02,393.33,391.16,384.47,389.81,0.0,1.3735,0.0,0,0.3114,0,0.0469,0,0.0469,0,0.3155,0,0.3155,0,0.9888,1,0.9888,1,50,338.75,197.51,0,1,2025-09-30 06:22:36,16.5,89.2,,0,0,,1
2025-09-30 06:23:21,271.07,0.3116,224.8,0.4583,1.375,227.96,229.55,216.9,393.6,390.45,384,389.45,0.0,1.375,0.0,0,0.3116,0,0.0464,0,0.0464,0,0.3156,0,0.3156,0,0.989,1,0.989,1,50,338.75,197.51,0,1,2025-09-30 06:23:21,16.7,89.9,,0,0,,1
2025-09-30 06:24:06,271.08,0.311,225.26,0.4582,1.3746,228.51,229.13,218.16,393.13,390.84,386.45,390.09,0.0,1.3746,0.0,0,0.311,0,0.0458,0,0.0458,0,0.315,0,0.315,0,0.9893,1,0.9893,1,50,338.76,197.51,0,1,2025-09-30 06:24:06,16.9,90.7,,0,0,,1
2025-09-30 06:24:51,271.08,0.3105,224.72,0.4576,1.3729,228.61,229.02,216.54,393.44,389.34,384.84,389.31,0.0,1.3729,0.0,0,0.3105,0,0.0455,0,0.0455,0,0.3144,0,0.3144,0,0.9894,1,0.9894,1,50,338.76,197.51,0,1,2025-09-30 06:24:51,17.2,91.6,,0,0,,1
2025-09-30 06:25:36,271.08,0.3115,225.02,0.4578,1.3735,228.63,229.68,216.76,394.58,390.36,384.26,389.75,0.0,1.3735,0.0,0,0.3115,0,0.0464,0,0.0464,0,0.3155,0,0.3155,0,0.9891,1,0.9891,1,50,338.76,197.51,0,1,2025-09-30 06:25:36,17.3,92,,0,0,,1
2025-09-30 06:26:21,271.09,0.3125,225.67,0.4584,1.3754,229.07,230.26,217.69,393.73,392.32,386.42,390.8,0.0,1.3754,0.0,0,0.3125,0,0.0472,0,0.0472,0,0.3167,0,0.3167,0,0.9888,1,0.9888,1,50,338.77,197.51,0,1,2025-09-30 06:26:21,17.6,92.6,,0,0,,1
2025-09-30 06:27:06,271.09,0.3138,225.49,0.4589,1.3768,228.48,231.04,216.97,395.85,391.36,384.48,390.35,0.0,1.3768,0.0,0,0.3138,0,0.0479,0,0.0479,0,0.3181,0,0.3181,0,0.9885,1,0.9885,1,50,338.77,197.51,0,1,2025-09-30 06:27:06,17.7,92.7,,0,0,,1
2025-09-30 06:27:51,271.1,0.3141,225.72,0.4591,1.3775,229.28,231.1,216.79,396.27,391.85,384.72,390.98,0.0,1.3775,0.0,0,0.3141,0,0.0476,0,0.0476,0,0.3183,0,0.3183,0,0.9887,1,0.9887,1,50,338.78,197.51,0,1,2025-09-30 06:27:51,17.8,92.7,,0,0,,1
2025-09-30 06:28:36,271.1,0.3129,225.76,0.4579,1.3739,228.51,230.84,217.95,394.51,393.03,385.46,391.17,0.0,1.3739,0.0,0,0.3129,0,0.0475,0,0.0475,0,0.3172,0,0.3172,0,0.9886,1,0.9886,1,50,338.78,197.51,0,1,2025-09-30 06:28:36,18.0,93.2,,0,0,,1
2025-09-30 06:29:21,271.1,3.7081,224.41,7.0685,21.2055,227.03,229.24,216.96,393.11,390.36,382.54,389.55,7.8373,8.0081,5.3601,1.5135,1.382,0.8126,2.9546,0.9289,1.2006,0.8251,4.778,1.7793,1.8358,1.1629,0.782,0.8522,0.7549,0.7016,50,338.79,197.52,1,1,2025-09-30 06:29:21,18.1,93.7,,1,0,,0
2025-09-30 06:30:06,271.15,3.6611,224.69,6.9134,20.7402,227.37,229.65,217.07,393.67,390.82,383.01,389.16,7.1561,8.085,5.4991,1.3964,1.4186,0.8462,2.8707,0.8338,1.1955,0.8414,4.6775,1.6271,1.8567,1.1937,0.7869,0.8585,0.7646,0.709,50,338.84,197.55,1,1,2025-09-30 06:30:06,18.2,93.4,,1,0,,0
2025-09-30 06:30:51,271.2,3.6709,224.63,6.9259,20.7779,226.58,230.14,217.18,392.78,390.99,383.4,388.97,7.0577,8.0709,5.6493,1.3673,1.4383,0.8653,2.8694,0.8278,1.1724,0.8692,4.6835,1.5991,1.8574,1.2269,0.7878,0.8554,0.7751,0.7055,50,338.9,197.59,1,1,2025-09-30 06:30:51,18.1,90.6,,1,0,,0
2025-09-30 06:31:36,271.24,3.6599,224.15,6.9139,20.741799999999998,226.91,230.04,215.5,393.81,389.5,381.38,388.23,7.1645,8.1489,5.4284,1.4076,1.4273,0.825,2.8526,0.8119,1.2121,0.8286,4.6701,1.6257,1.8746,1.1698,0.7887,0.8662,0.7622,0.7055,50,338.96,197.62,1,1,2025-09-30 06:31:36,18.0,87.2,,1,0,,0
2025-09-30 06:32:21,271.29,3.6626,224.31,6.9156,20.7468,226.51,230.57,215.87,392.24,390.67,382.58,388.57,7.0563,8.0734,5.6171,1.3718,1.4367,0.8541,2.8586,0.8186,1.1803,0.8598,4.6724,1.5983,1.8615,1.2126,0.7883,0.8587,0.7726,0.7047,49.9,339.02,197.66,1,1,2025-09-30 06:32:21,17.8,84.9,,1,0,,0
2025-09-30 06:33:06,271.33,3.6712,224.41,6.9214,20.7643,226.54,230.42,216.28,391.49,391.16,383.29,388.64,7.0118,7.9951,5.7574,1.3522,1.436,0.883,2.8597,0.8317,1.1506,0.8773,4.6759,1.5885,1.8422,1.2452,0.7889,0.8517,0.7803,0.7094,49.9,339.08,197.69,1,1,2025-09-30 06:33:06,17.7,83.8,,1,0,,0
2025-09-30 06:33:58,271.4,3.6731,224.49,6.93,20.790100000000002,226.8,229.68,216.99,392.54,390.42,383.46,388.68,7.0209,7.9648,5.8044,1.347,1.4281,0.898,2.8707,0.8476,1.1404,0.8827,4.6812,1.5923,1.8294,1.2595,0.7879,0.8463,0.7814,0.7131,49.9,339.17,197.75,1,1,2025-09-30 06:33:58,17.5,81.9,,1,0,,0
2025-09-30 06:34:43,271.45,3.675,223.91,6.933,20.799100000000003,226.76,230.07,214.92,392.75,389.19,381.51,387.7,7.1064,8.1338,5.5589,1.3919,1.4387,0.8443,2.8498,0.8107,1.1942,0.8448,4.6775,1.6114,1.8713,1.1947,0.7902,0.8641,0.7694,0.7068,49.9,339.23,197.78,1,1,2025-09-30 06:34:43,17.4,79.7,,1,0,,0
2025-09-30 06:35:28,271.5,3.6523,224.1,6.9099,20.7298,226.81,230,215.5,392.45,390.11,381.83,388.08,7.0807,8.118,5.5311,1.3837,1.4316,0.837,2.8581,0.8139,1.1958,0.8484,4.6651,1.606,1.8671,1.192,0.7875,0.8619,0.7674,0.7023,49.9,339.29,197.82,1,1,2025-09-30 06:35:28,17.3,78.7,,1,0,,0
2025-09-30 06:36:13,271.54,3.6524,224.28,6.9046,20.7139,226.46,229.87,216.51,391.63,390.5,383.16,388.43,6.9822,7.9959,5.7358,1.3442,1.4311,0.8771,2.8601,0.8312,1.1505,0.8785,4.6611,1.5812,1.838,1.2419,0.7873,0.8505,0.7793,0.7065,49.9,339.35,197.86,1,1,2025-09-30 06:36:14,17.2,78,,1,0,,0
2025-09-30 06:36:58,271.58,3.6565,224.83,6.9205,20.7617,227.62,230.59,216.28,393.06,391.26,383.81,389.37,7.0665,8.117,5.5782,1.3794,1.4332,0.8439,2.8872,0.8254,1.2005,0.8613,4.6866,1.6085,1.8717,1.2065,0.7848,0.858,0.7665,0.6998,49.9,339.4,197.89,1,1,2025-09-30 06:36:58,17.1,77,,1,0,,0
2025-09-30 06:37:43,271.63,3.6798,224.96,6.9474,20.842299999999998,227.64,230.56,216.68,392.91,391.87,384,389.81,7.1064,8.1291,5.6068,1.387,1.4383,0.8545,2.8923,0.831,1.1985,0.8628,4.7068,1.6177,1.8742,1.2149,0.7862,0.8578,0.7659,0.7047,49.9,339.46,197.93,1,1,2025-09-30 06:37:43,17.0,76.1,,1,0,,0
2025-09-30 06:38:28,271.68,3.6715,224.7,6.9376,20.8129,228.11,229.97,216.02,394.26,390.94,382.28,389.03,7.1642,8.1427,5.506,1.414,1.4247,0.8328,2.878,0.8271,1.2181,0.8327,4.6962,1.6342,1.8726,1.1894,0.787,0.8603,0.7624,0.707,49.9,339.52,197.96,1,1,2025-09-30 06:38:29,16.9,74,,1,0,,0
2025-09-30 06:39:13,271.72,3.6852,225.18,6.9428,20.828400000000002,228.58,229,217.97,392.66,391.78,385.48,390,7.1094,7.9907,5.7283,1.3764,1.4149,0.894,2.892,0.8648,1.1609,0.8663,4.7035,1.6251,1.8299,1.2486,0.7866,0.8455,0.7737,0.7186,49.9,339.58,198,1,1,2025-09-30 06:39:13,16.7,74.3,,1,0,,0
2025-09-30 06:39:58,271.77,3.6756,225.04,6.9338,20.8014,228.08,229.82,217.22,394.37,390.88,384.04,389.74,7.1457,8.1278,5.5279,1.3975,1.4278,0.8503,2.8828,0.8357,1.1992,0.8479,4.6985,1.6298,1.8679,1.2008,0.7868,0.8584,0.765,0.7074,50,339.64,198.04,1,1,2025-09-30 06:39:58,16.6,73,,1,0,,0
2025-09-30 06:41:05,271.85,3.676,225.59,6.9272,20.781799999999997,227.84,229.56,219.37,392.95,392.76,386.37,390.74,7.0401,7.9725,5.7692,1.3502,1.4245,0.9012,2.8973,0.864,1.1456,0.8877,4.6998,1.604,1.8302,1.2656,0.7853,0.8423,0.7792,0.7124,50,339.74,198.1,1,1,2025-09-30 06:41:05,16.4,72.4,,1,0,,0
2025-09-30 06:41:50,271.9,3.6655,225.37,6.9133,20.7401,227.91,229.07,219.14,393.37,391.91,385.7,390.11,7.0874,7.9381,5.7146,1.3595,1.4088,0.8973,2.8902,0.8708,1.1467,0.8728,4.686,1.6153,1.8184,1.2523,0.7852,0.842,0.7755,0.7168,50,339.8,198.14,1,1,2025-09-30 06:41:50,16.2,73.6,,1,0,,0
2025-09-30 06:42:35,271.94,3.6688,225.2,6.9214,20.7642,227.65,229.51,218.44,393.27,392.34,384.46,390.06,7.1346,8.0285,5.6011,1.3803,1.4168,0.8717,2.8877,0.8546,1.1752,0.8579,4.6903,1.6242,1.8426,1.2235,0.7857,0.8502,0.7696,0.7127,50,339.86,198.17,1,1,2025-09-30 06:42:35,16.2,74.6,,1,0,,0
2025-09-30 06:43:20,271.99,3.68,225.44,6.9323,20.7971,228.3,229.87,218.17,393.93,392.13,385.3,390.42,7.1497,8.0783,5.5691,1.393,1.4235,0.8635,2.8929,0.8493,1.1895,0.8541,4.7042,1.6323,1.857,1.215,0.7861,0.8538,0.7673,0.7109,50,339.92,198.21,1,1,2025-09-30 06:43:20,16.1,73.1,,1,0,,0
2025-09-30 06:44:05,272.04,3.6957,225.45,6.949,20.847,227.85,229.98,218.53,393.09,392.48,385.8,390.51,7.112,8.0743,5.6607,1.3799,1.4359,0.8798,2.8915,0.848,1.1745,0.869,4.7144,1.6205,1.8569,1.237,0.7875,0.8519,0.774,0.7114,50,339.98,198.24,1,1,2025-09-30 06:44:05,16.0,73.1,,1,0,,0
2025-09-30 06:44:50,272.08,3.673,224.62,6.919,20.757,226.68,229.72,217.47,392.91,390.87,383.34,388.98,7.086,8.1095,5.5615,1.3794,1.4393,0.8542,2.8564,0.8213,1.1795,0.8555,4.6786,1.6063,1.8629,1.2095,0.7893,0.8592,0.7734,0.7065,50,340.04,198.28,1,1,2025-09-30 06:44:50,16.0,73,,1,0,,0
2025-09-30 06:45:35,272.13,3.6612,224.45,6.904,20.712,226.59,229.5,217.28,392.41,390.73,383.1,388.79,7.0631,8.0717,5.5772,1.3716,1.433,0.8566,2.8506,0.8233,1.1708,0.8565,4.6647,1.6004,1.8525,1.2118,0.789,0.8574,0.7743,0.7071,50,340.1,198.32,1,1,2025-09-30 06:45:36,15.9,73.6,,1,0,,0
2025-09-30 06:46:20,272.17,3.6631,224.81,6.9034,20.7102,227.09,229.27,218.09,392.58,390.82,384.71,389.29,6.9963,7.9709,5.743,1.345,1.427,0.8912,2.862,0.8441,1.1386,0.8794,4.6688,1.5888,1.8275,1.2525,0.7879,0.847,0.7816,0.7117,50,340.15,198.35,1,1,2025-09-30 06:46:20,15.8,72.6,,1,0,,0
2025-09-30 06:47:05,272.22,3.6724,224.49,6.9177,20.7533,227.62,229.42,216.45,392.11,390.85,383.4,388.88,7.0658,8.0766,5.6109,1.379,1.4313,0.8622,2.8546,0.8261,1.1738,0.8547,4.6757,1.6083,1.8529,1.2145,0.7895,0.8578,0.7732,0.7101,50,340.21,198.39,1,1,2025-09-30 06:47:05,15.8,71.4,,1,0,,0
2025-09-30 06:48:11,272.3,3.6617,223.84,6.8959,20.687900000000003,228.08,228.34,215.12,392.46,388.85,381.71,387.79,7.1347,8.0812,5.472,1.4047,1.4128,0.8442,2.8245,0.8201,1.1845,0.8199,4.6497,1.6273,1.8453,1.1771,0.7918,0.8635,0.7663,0.7173,50,340.32,198.45,1,1,2025-09-30 06:48:11,15.7,71.9,,1,0,,0
2025-09-30 06:48:56,272.35,3.6445,224.49,6.8762,20.628800000000002,227.68,228.3,217.5,391.82,390.32,384.24,388.76,7.0096,7.9261,5.6931,1.3503,1.4067,0.8875,2.846,0.8488,1.1348,0.8624,4.6437,1.5959,1.8095,1.2382,0.7881,0.8466,0.7782,0.7171,50,340.38,198.49,1,1,2025-09-30 06:48:56,15.6,71.7,,1,0,,0
2025-09-30 06:49:41,272.39,3.6523,224.78,6.887,20.661,227.89,229.08,217.37,393.28,390.33,384.31,389.27,7.0894,7.9577,5.6139,1.3725,1.4055,0.8743,2.8595,0.8509,1.158,0.8506,4.6588,1.6156,1.823,1.2203,0.7873,0.8499,0.7717,0.7167,50,340.43,198.52,1,1,2025-09-30 06:49:41,15.6,71.7,,1,0,,0
2025-09-30 06:51:56,272.53,3.666,224.91,6.9,20.7,228.29,230.43,216.01,392.73,390.8,384.97,389.59,6.9572,7.9878,5.755,1.3522,1.4327,0.8811,2.8595,0.8314,1.152,0.8761,4.672,1.5883,1.8406,1.2431,0.7884,0.8518,0.7793,0.7091,50.1,340.61,198.63,1,1,2025-09-30 06:51:56,15.4,72.4,,1,0,,0
2025-09-30 06:52:41,272.58,3.6583,223.93,6.8946,20.6839,228.21,230.4,213.18,393.46,388.91,381.09,387.84,7.198,8.2221,5.2638,1.4405,1.4271,0.7906,2.825,0.7874,1.2424,0.7952,4.6592,1.6427,1.8944,1.1221,0.7914,0.8774,0.7542,0.705,50.1,340.67,198.67,1,1,2025-09-30 06:52:41,15.4,72.3,,1,0,,0
2025-09-30 06:53:26,272.62,3.6526,225.7,6.8816,20.6448,230.04,230.21,216.85,394.01,393.02,385.49,390.86,6.9031,7.8848,5.8569,1.3336,1.4142,0.9048,2.8855,0.8604,1.1345,0.8906,4.6732,1.588,1.8152,1.2701,0.7846,0.8403,0.78,0.7126,50.1,340.73,198.7,1,1,2025-09-30 06:53:26,15.4,73.6,,1,0,,0
2025-09-30 06:54:11,272.67,3.6697,225.63,6.9115,20.7346,230.29,230.61,216,394.12,392.37,385.68,390.71,7.0349,8.0801,5.6196,1.3868,1.4264,0.8565,2.8908,0.8357,1.1957,0.8595,4.6973,1.6201,1.8634,1.2138,0.7855,0.8565,0.7663,0.7058,50.1,340.78,198.74,1,1,2025-09-30 06:54:11,15.4,72.9,,1,0,,0
2025-09-30 06:56:02,272.8,3.6595,225.23,6.8997,20.6991,228.65,230.61,216.43,394.17,391.73,384.31,390.22,7.1694,8.0849,5.4448,1.4095,1.4149,0.8351,2.8759,0.835,1.2106,0.8303,4.6822,1.6393,1.8645,1.1784,0.7862,0.8603,0.7598,0.7091,50.1,340.95,198.84,1,1,2025-09-30 06:56:02,15.3,73.7,,1,0,,0
2025-09-30 06:56:47,272.84,3.6704,225.8,6.9105,20.731499999999997,228.87,230.5,218.04,394.44,392.89,385.85,391.01,7.0874,7.9758,5.6683,1.3738,1.4155,0.8811,2.8964,0.8607,1.1699,0.8658,4.6964,1.6221,1.8384,1.2359,0.785,0.8474,0.7708,0.7132,50.1,341.01,198.88,1,1,2025-09-30 06:56:47,15.3,72.7,,1,0,,0
2025-09-30 06:57:33,272.88,0.3195,226.19,0.467,1.4011,229.81,230.71,218.06,396.04,392.28,386.94,391.55,0.0,1.4011,0.0,0,0.3195,0,0.0453,0,0.0453,0,0.3232,0,0.3232,0,0.9901,1,0.9901,1,50.1,341.05,198.9,0,1,2025-09-30 06:57:33,15.2,71.9,,0,0,,1
2025-09-30 06:58:17,272.88,0.3184,226.41,0.4654,1.3962,229.73,230.85,218.66,396.03,393.34,387.02,392.03,0.0,1.3962,0.0,0,0.3184,0,0.0458,0,0.0458,0,0.3223,0,0.3223,0,0.9898,1,0.9898,1,50.1,341.06,198.9,0,1,2025-09-30 06:58:17,15.2,74.2,,0,0,,1
2025-09-30 06:59:02,272.89,0.3149,226.09,0.4605,1.3815,229.3,230.04,218.94,394.23,393.67,386.74,391.57,0.0,1.3815,0.0,0,0.3139,0,0.0456,0,0.0456,0,0.3178,0,0.3178,0,0.9896,1,0.9896,1,50.1,341.06,198.9,0,1,2025-09-30 06:59:02,15.3,79.4,,0,0,,1
2025-09-30 06:59:47,272.89,0.3139,225.08,0.4604,1.3813,229.9,230.12,215.22,395.84,389.87,383.78,390.07,0.0,1.3813,0.0,0,0.3139,0,0.0461,0,0.0461,0,0.3179,0,0.3179,0,0.9893,1,0.9893,1,50,341.06,198.9,0,1,2025-09-30 06:59:48,15.5,81.9,,0,0,,1
2025-09-30 07:00:32,272.89,0.3128,225.27,0.4599,1.3799,230,229.44,216.39,394.73,391.25,384.44,390.11,0.0,1.3799,0.0,0,0.3128,0,0.0452,0,0.0452,0,0.3166,0,0.3166,0,0.9897,1,0.9897,1,50,341.07,198.9,0,1,2025-09-30 07:00:32,15.8,83.8,,0,0,,1
2025-09-30 07:01:17,272.9,0.3118,225.11,0.4584,1.3753,229.86,229.62,215.85,394.32,390.96,384.25,389.79,0.0,1.3753,0.0,0,0.3118,0,0.0461,0,0.0461,0,0.3158,0,0.3158,0,0.9892,1,0.9892,1,50,341.07,198.91,0,1,2025-09-30 07:01:17,16.0,86.1,,0,0,,1
2025-09-30 07:02:02,272.9,0.3106,224.41,0.4578,1.3735,229.23,228.97,215.04,393.96,389.58,382.42,388.62,0.0,1.3735,0.0,0,0.3106,0,0.0458,0,0.0458,0,0.3145,0,0.3145,0,0.9893,1,0.9893,1,50,341.08,198.91,0,1,2025-09-30 07:02:02,16.3,88.3,,0,0,,1
2025-09-30 07:02:47,272.91,0.3093,224.27,0.4567,1.3703,229.28,228.57,214.98,393.89,388.8,382.58,388.35,0.0,1.3703,0.0,0,0.3093,0,0.0456,0,0.0456,0,0.3132,0,0.3132,0,0.9893,1,0.9893,1,49.9,341.08,198.91,0,1,2025-09-30 07:02:47,16.5,89.3,,0,0,,1
2025-09-30 07:03:32,272.91,0.3087,224.74,0.4562,1.3686,228.83,228.4,216.99,393.15,390.37,384.13,389.13,0.0,1.3686,0.0,0,0.3087,0,0.0453,0,0.0453,0,0.3126,0,0.3126,0,0.9893,1,0.9893,1,49.9,341.08,198.91,0,1,2025-09-30 07:03:32,16.7,89.7,,0,0,,1
2025-09-30 07:04:17,272.91,0.3102,225,0.4568,1.3706,228.29,229.23,217.48,392.67,391.15,385.17,389.66,0.0,1.3706,0.0,0,0.3102,0,0.0462,0,0.0462,0,0.3142,0,0.3142,0,0.989,1,0.989,1,49.9,341.09,198.91,0,1,2025-09-30 07:04:17,17.0,90.5,,0,0,,1
2025-09-30 07:05:02,272.92,0.3101,224.32,0.4567,1.3703,227.68,229.19,216.11,392.49,390.99,381.98,388.24,0.0,1.3703,0.0,0,0.3101,0,0.0462,0,0.0462,0,0.3141,0,0.3141,0,0.989,1,0.989,1,49.9,341.09,198.91,0,1,2025-09-30 07:05:02,17.2,91.2,,0,0,,1
2025-09-30 07:05:47,272.92,0.3111,224.18,0.4567,1.3702,228.77,229.21,214.57,392.69,389.62,382.41,388.34,0.0,1.3702,0.0,0,0.3101,0,0.0463,0,0.0463,0,0.3141,0,0.3141,0,0.9891,1,0.989,1,49.9,341.1,198.91,0,1,2025-09-30 07:05:47,17.3,91.5,,0,0,,1
2025-09-30 07:06:32,272.93,0.3099,224.06,0.4567,1.3702,229.1,229.07,214.03,390.98,388.92,384.09,388.21,0.0,1.3702,0.0,0,0.3099,0,0.0459,0,0.0459,0,0.3139,0,0.3139,0,0.9892,1,0.9892,1,49.9,341.1,198.91,0,1,2025-09-30 07:06:32,17.5,92,,0,0,,1
2025-09-30 07:07:17,272.93,0.3153,224.37,0.4597,1.3792,227.94,231.89,213.28,396.06,388.74,381.11,387.68,0.0,1.3792,0.0,0,0.3153,0,0.0495,0,0.0495,0,0.3198,0,0.3198,0,0.9878,1,0.9878,1,49.9,341.1,198.91,0,1,2025-09-30 07:07:17,17.7,92.5,,0,0,,1
2025-09-30 07:08:02,272.93,0.3125,225.62,0.4577,1.3732,228.06,230.77,218.03,394.09,392.58,385.58,390.69,0.0,1.3732,0.0,0,0.3125,0,0.0483,0,0.0483,0,0.3169,0,0.3169,0,0.9882,1,0.9882,1,50,341.11,198.91,0,1,2025-09-30 07:08:02,17.9,92.8,,0,0,,1
2025-09-30 07:08:47,272.94,3.8955,224.68,7.2619,21.785899999999998,226.39,230.78,216.89,391.94,391.71,383.73,389.27,7.7517,8.2324,5.8018,1.5114,1.484,0.9001,2.9527,0.8906,1.1833,0.8788,4.9131,1.7549,1.8999,1.2584,0.7969,0.8615,0.7818,0.7155,49.9,341.12,198.91,1,1,2025-09-30 07:08:47,18.1,93,,1,0,,0
2025-09-30 07:09:32,272.99,3.7179,223.03,6.9988,20.9964,225.99,230.59,212.51,391.87,391.17,375.6,386.03,7.4822,8.3879,5.1263,1.4986,1.4429,0.7764,2.8289,0.7811,1.2847,0.7631,4.7145,1.6909,1.9342,1.0894,0.7958,0.8867,0.7468,0.7132,49.9,341.18,198.95,1,1,2025-09-30 07:09:32,18.2,93.2,,1,0,,0
2025-09-30 07:10:17,273.04,3.7187,224.17,6.9828,20.9485,225.85,230.26,216.4,391.38,390.99,382.34,388.14,7.0946,8.1133,5.7406,1.3752,1.4585,0.8849,2.8555,0.8204,1.1641,0.871,4.7128,1.6023,1.8682,1.2423,0.7931,0.8587,0.7815,0.7126,49.9,341.24,198.99,1,1,2025-09-30 07:10:17,18.2,90.2,,1,0,,0
2025-09-30 07:11:02,273.08,3.7132,224.32,6.9732,20.9198,225.59,230.2,217.18,390.81,391.69,382.98,388.49,7.0766,8.0822,5.761,1.3652,1.4568,0.8912,2.857,0.8258,1.1539,0.8773,4.7081,1.5964,1.8605,1.2512,0.7925,0.8556,0.7838,0.7126,49.9,341.29,199.02,1,1,2025-09-30 07:11:02,18.1,86.7,,1,0,,0
2025-09-30 07:11:47,273.13,3.7221,223.2,6.9867,20.9601,225.08,230.03,214.51,391.66,388.45,379.69,386.58,7.2973,8.2582,5.4046,1.4381,1.4556,0.8284,2.8187,0.7917,1.217,0.81,4.7015,1.6425,1.8996,1.1593,0.7972,0.876,0.7671,0.7149,49.9,341.35,199.06,1,1,2025-09-30 07:11:47,18.0,87.1,,1,0,,0
2025-09-30 07:12:32,273.17,3.7126,223.65,6.9704,20.9112,225.33,229.58,216.05,391.94,387.89,382.31,387.39,7.1981,8.0965,5.6166,1.3969,1.4424,0.8734,2.8332,0.8223,1.1693,0.8416,4.6942,1.6219,1.8588,1.2135,0.7949,0.8617,0.7768,0.72,49.9,341.41,199.09,1,1,2025-09-30 07:12:32,17.9,86.6,,1,0,,0
2025-09-30 07:13:17,273.22,3.7051,223.39,6.9586,20.876,225.21,228.9,216.06,389.55,389.49,381.61,387,7.1233,8.0783,5.6744,1.3789,1.4442,0.882,2.8197,0.8178,1.1513,0.8506,4.6794,1.6042,1.8491,1.226,0.7957,0.8601,0.7819,0.7198,49.9,341.47,199.13,1,1,2025-09-30 07:13:17,17.8,85.2,,1,0,,0
2025-09-30 07:14:02,273.27,3.7149,223.18,6.9725,20.917699999999996,224.96,228.33,216.25,389.45,388.46,381.69,386.44,7.1345,8.0766,5.7066,1.3776,1.4452,0.8921,2.8164,0.8218,1.1425,0.852,4.6832,1.605,1.8441,1.2341,0.7968,0.8587,0.7844,0.7231,49.9,341.53,199.16,1,1,2025-09-30 07:14:02,17.7,85,,1,0,,0
2025-09-30 07:14:47,273.31,3.7152,222.84,6.9793,20.9381,224.87,228.58,215.08,391.06,387.48,379.39,385.95,7.3058,8.2178,5.4145,1.4329,1.4428,0.8395,2.8078,0.8019,1.1998,0.8061,4.6858,1.6429,1.8784,1.1646,0.7977,0.8726,0.7688,0.7213,49.9,341.59,199.2,1,1,2025-09-30 07:14:47,17.6,85.4,,1,0,,0
2025-09-30 07:15:32,273.36,3.6625,222.08,6.913,20.7391,223.4,227.75,215.1,389.3,386.03,378.66,384.94,7.1579,8.0934,5.4878,1.3849,1.4307,0.8469,2.7791,0.7982,1.1592,0.8217,4.6228,1.5991,1.8433,1.1804,0.7966,0.8663,0.7769,0.7177,49.8,341.65,199.23,1,1,2025-09-30 07:15:32,17.5,84.8,,1,0,,0
2025-09-30 07:16:17,273.41,3.6725,222.48,6.9204,20.761400000000002,223.2,227.32,216.92,386.81,388.12,381.01,385.37,6.9229,7.9201,5.9184,1.3069,1.4408,0.9248,2.7891,0.8228,1.0764,0.8899,4.6294,1.5452,1.8004,1.2838,0.7963,0.8462,0.8011,0.7205,49.8,341.71,199.27,1,1,2025-09-30 07:16:17,17.4,84.1,,1,0,,0
2025-09-30 07:17:02,273.45,3.6976,221.43,6.964,20.8922,222.83,227.52,213.94,388.41,385.64,376.53,383.44,7.1546,8.2264,5.5112,1.394,1.4605,0.843,2.7626,0.7717,1.1675,0.8234,4.645,1.5943,1.8717,1.1791,0.801,0.8748,0.7811,0.7153,49.8,341.76,199.3,1,1,2025-09-30 07:17:02,17.4,84.4,,1,0,,0
2025-09-30 07:17:47,273.5,3.6839,221.58,6.9393,20.818099999999998,222.68,226.98,215.1,386.85,386.16,378.33,383.81,6.9723,8.0072,5.8386,1.3287,1.4487,0.9065,2.7647,0.8016,1.0944,0.8687,4.6259,1.5526,1.8175,1.2559,0.7998,0.8562,0.7979,0.722,49.8,341.82,199.34,1,1,2025-09-30 07:17:47,17.4,85.5,,1,0,,0
2025-09-30 07:18:32,273.54,3.6814,221.43,6.938,20.814,222.54,227.18,214.57,384.8,386.5,379.12,383.5,7.0043,8.023,5.7867,1.3385,1.4473,0.8956,2.7615,0.7972,1.1049,0.8594,4.6231,1.5587,1.8227,1.2417,0.7999,0.8591,0.7948,0.7215,49.7,341.88,199.37,1,1,2025-09-30 07:18:32,17.4,85.2,,1,0,,0
2025-09-30 07:19:17,273.59,3.6698,220.91,6.9262,20.7787,222.66,227.08,212.99,385.97,385.41,376.4,382.86,7.1208,8.1085,5.5494,1.3795,1.4381,0.8523,2.7456,0.7803,1.147,0.8183,4.6088,1.5855,1.8413,1.182,0.8007,0.8704,0.7817,0.7213,49.7,341.93,199.4,1,1,2025-09-30 07:19:17,17.3,84.4,,1,0,,0
2025-09-30 07:20:02,273.64,3.6788,220.61,6.9441,20.8324,222.6,226.83,212.42,386.14,383.85,376.32,382.1,7.1923,8.1565,5.4836,1.399,1.4376,0.8422,2.7427,0.7771,1.1618,0.8038,4.616,1.601,1.8501,1.1648,0.8017,0.8741,0.7777,0.7234,49.7,341.99,199.44,1,1,2025-09-30 07:20:02,17.2,82.3,,1,0,,0
2025-09-30 07:20:47,273.68,3.6462,221.16,6.8922,20.6767,222.51,225.68,215.29,384.75,385.26,379.06,383.03,6.9558,7.8428,5.8781,1.3089,1.4138,0.9234,2.7509,0.8244,1.062,0.8645,4.5832,1.5477,1.77,1.2655,0.7982,0.8442,0.8012,0.7291,49.6,342.05,199.47,1,1,2025-09-30 07:20:47,17.2,83.4,,1,0,,0
2025-09-30 07:21:32,273.73,3.6475,220.86,6.9026,20.7078,222.3,226.65,213.64,386.32,384.53,376.75,382.6,7.0576,8.0489,5.6013,1.3562,1.4306,0.8607,2.7464,0.7872,1.1287,0.8305,4.5898,1.5689,1.8243,1.1967,0.7988,0.8648,0.785,0.7196,49.7,342.11,199.51,1,1,2025-09-30 07:21:32,17.2,84,,1,0,,0
2025-09-30 07:22:17,273.77,3.6503,220.84,6.9127,20.7382,221.43,226.9,214.21,386.56,384.79,376.21,382.52,6.9746,8.0495,5.7141,1.33,1.4464,0.8739,2.7517,0.7833,1.1121,0.8563,4.5948,1.5444,1.8264,1.224,0.7985,0.8616,0.7927,0.7142,49.6,342.17,199.54,1,1,2025-09-30 07:22:17,17.1,83.6,,1,0,,0
2025-09-30 07:23:02,273.82,3.639,220.77,6.8985,20.695700000000002,221.5,226.76,214.06,385.88,385.1,376.17,382.42,6.9797,8.0366,5.6794,1.3319,1.4391,0.868,2.748,0.7832,1.1145,0.8503,4.5841,1.546,1.8224,1.2157,0.798,0.8619,0.7906,0.7143,49.6,342.22,199.58,1,1,2025-09-30 07:23:02,17.1,84.2,,1,0,,0
2025-09-30 07:23:47,273.86,3.6514,221.13,6.9054,20.7162,222.39,226.42,214.58,385.12,385.49,378.32,382.94,6.9568,7.9519,5.8075,1.3207,1.4312,0.8995,2.7545,0.8039,1.0891,0.8615,4.5938,1.5471,1.8005,1.2462,0.7983,0.8542,0.7957,0.7221,49.6,342.28,199.61,1,1,2025-09-30 07:23:47,17.1,84.2,,1,0,,0
2025-09-30 07:24:32,273.91,3.6509,219.9,6.9127,20.7383,221.88,226.99,210.85,385.54,382.95,374.13,381.07,7.154,8.2289,5.3554,1.401,1.4443,0.8056,2.7159,0.7445,1.1811,0.7904,4.5844,1.5873,1.8679,1.1292,0.8023,0.883,0.7741,0.7138,49.6,342.34,199.65,1,1,2025-09-30 07:24:32,17.1,84.1,,1,0,,0
2025-09-30 07:25:17,273.95,3.6579,222.16,6.919,20.757199999999997,224.34,228.19,213.97,388.94,387.05,378.34,384.29,7.0169,8.0908,5.6495,1.3578,1.4406,0.8595,2.7961,0.7948,1.1517,0.8496,4.6292,1.5742,1.8462,1.2088,0.7944,0.863,0.781,0.7111,49.7,342.39,199.68,1,1,2025-09-30 07:25:17,17.1,82.4,,1,0,,0
2025-09-30 07:26:02,274,3.6565,221.95,6.9188,20.7566,224.57,228.28,213.02,389.02,386.6,377.62,384.39,7.1296,8.1756,5.4514,1.3957,1.4359,0.8249,2.7884,0.7827,1.1889,0.8167,4.6287,1.6011,1.8663,1.1613,0.7951,0.8722,0.7702,0.7106,49.7,342.45,199.72,1,1,2025-09-30 07:26:02,17.0,83.7,,1,0,,0
2025-09-30 07:26:47,274.04,3.6441,221.65,6.8921,20.6763,223.39,226.93,214.63,385.83,386.7,379.04,383.94,7.0083,7.9548,5.7132,1.3387,1.4204,0.885,2.7689,0.8101,1.1108,0.8479,4.597,1.5656,1.8052,1.2262,0.7962,0.8555,0.7877,0.722,49.7,342.51,199.75,1,1,2025-09-30 07:26:47,17.0,84,,1,0,,0
2025-09-30 07:27:32,274.09,3.6773,221.38,6.9401,20.8204,223.9,227.4,212.84,388.43,384.93,376.93,383.5,7.2758,8.1662,5.3784,1.4239,1.4243,0.829,2.7669,0.7899,1.1886,0.7884,4.6308,1.6291,1.857,1.1447,0.799,0.8744,0.7677,0.7246,49.7,342.57,199.78,1,1,2025-09-30 07:27:32,17.0,85.3,,1,0,,0
2025-09-30 07:28:17,274.14,3.6603,221.46,6.9122,20.7367,223.75,226.68,213.95,387.31,385.12,378.25,383.62,7.1199,7.9878,5.629,1.3692,1.4139,0.8772,2.7662,0.8131,1.1284,0.8247,4.6081,1.5931,1.8107,1.2043,0.7978,0.8598,0.7816,0.7285,49.7,342.63,199.82,1,1,2025-09-30 07:28:17,17.0,85.2,,1,0,,0
2025-09-30 07:29:02,274.19,3.6561,221.38,6.9087,20.726300000000002,224.16,226.65,213.35,387.26,385.16,377.84,383.42,7.1904,8.064,5.4719,1.3966,1.4115,0.848,2.7628,0.8029,1.1582,0.8017,4.6069,1.6118,1.8277,1.1674,0.7978,0.8669,0.773,0.7266,49.7,342.68,199.85,1,1,2025-09-30 07:29:02,17.0,83.5,,1,0,,0
2025-09-30 07:29:47,274.23,3.6802,221.18,6.9389,20.8169,223.96,226.77,212.83,387.71,384.23,377.34,383.25,7.213,8.0881,5.5158,1.4029,1.4209,0.8564,2.7589,0.7994,1.1573,0.8022,4.6235,1.6154,1.8341,1.1739,0.8001,0.8688,0.7753,0.7298,49.7,342.74,199.89,1,1,2025-09-30 07:29:47,16.9,82.8,,1,0,,0
2025-09-30 07:30:32,274.28,3.66,221.17,6.907,20.721,223.17,226.59,213.76,386.59,384.79,377.8,383.18,7.052,7.9817,5.6873,1.3528,1.4236,0.8836,2.7498,0.8026,1.1128,0.8344,4.5981,1.5738,1.8086,1.2157,0.7994,0.86,0.7878,0.727,49.7,342.8,199.92,1,1,2025-09-30 07:30:32,16.9,83.9,,1,0,,0
2025-09-30 07:31:17,274.32,3.6693,220.92,6.9249,20.7747,223.15,226.36,213.26,386.6,384.66,376.61,382.66,7.1299,8.1159,5.5289,1.3834,1.433,0.8529,2.7442,0.7841,1.1468,0.8134,4.6072,1.591,1.8371,1.1791,0.8008,0.8699,0.7807,0.7236,49.7,342.86,199.96,1,1,2025-09-30 07:31:17,16.9,83.7,,1,0,,0
2025-09-30 07:32:02,274.37,3.6815,221.34,6.94,20.82,223.62,226.37,214.05,387.76,384.42,377.95,383.53,7.1737,8.0507,5.5956,1.3844,1.4223,0.8748,2.7628,0.8088,1.1367,0.8173,4.6244,1.6042,1.8224,1.1977,0.7998,0.8634,0.7811,0.7307,49.7,342.91,199.99,1,1,2025-09-30 07:32:02,16.9,83.7,,1,0,,0
2025-09-30 07:32:47,274.41,3.6532,221.08,6.8994,20.6982,224.05,225.78,213.42,387.93,383.6,377.23,382.83,7.1626,7.9894,5.5462,1.3837,1.4016,0.8679,2.7473,0.8112,1.1323,0.8038,4.5923,1.6048,1.8038,1.1837,0.7992,0.8626,0.7778,0.7336,49.7,342.97,200.03,1,1,2025-09-30 07:32:47,16.9,83.5,,1,0,,0
2025-09-30 07:33:32,274.46,3.6547,220.86,6.8999,20.6999,223.85,225.34,213.39,385.18,384.35,377.94,382.48,7.1274,7.9612,5.6113,1.3723,1.4019,0.8805,2.7398,0.8123,1.1168,0.8106,4.5868,1.5955,1.794,1.1974,0.8001,0.8605,0.7821,0.7356,49.7,343.03,200.06,1,1,2025-09-30 07:33:32,17.0,83.5,,1,0,,0
2025-09-30 07:34:17,274.51,3.6808,220.18,6.9237,20.771099999999997,223.23,225.45,211.87,385.69,382.95,375.38,381.54,7.2183,8.046,5.5068,1.4032,1.4145,0.8631,2.7068,0.7901,1.1328,0.7839,4.592,1.6113,1.814,1.1667,0.8056,0.8713,0.7805,0.7402,49.7,343.09,200.1,1,1,2025-09-30 07:34:17,17.0,83.4,,1,0,,0
2025-09-30 07:35:02,274.55,3.6663,220.41,6.9086,20.7258,223.3,225.7,212.24,386.28,382.85,376.12,381.75,7.163,8.0195,5.5433,1.3883,1.4132,0.8648,2.7177,0.7929,1.1281,0.7967,4.586,1.5995,1.81,1.1765,0.8033,0.8683,0.7815,0.7354,49.7,343.14,200.13,1,1,2025-09-30 07:35:02,16.9,82.7,,1,0,,0
2025-09-30 07:36:32,274.64,3.6869,220.82,6.9267,20.7801,221.17,225.76,215.55,386.7,383.81,376.97,382.23,7.0777,7.9295,5.7729,1.3397,1.4314,0.9158,2.7216,0.8081,1.072,0.8416,4.5999,1.5654,1.7902,1.2443,0.8045,0.8562,0.8004,0.7363,49.8,343.26,200.2,1,1,2025-09-30 07:36:32,16.8,83.7,,1,0,,0
2025-09-30 07:37:24,274.71,3.6925,221.11,6.9311,20.7933,223.32,224.19,215.83,384.99,384.88,378.96,382.77,7.13,7.8549,5.8084,1.3517,1.4028,0.9381,2.7331,0.8401,1.062,0.831,4.6069,1.5923,1.761,1.2536,0.8037,0.8493,0.7972,0.7485,49.8,343.34,200.25,1,1,2025-09-30 07:37:24,16.8,83.4,,1,0,,0
2025-09-30 07:38:09,274.76,3.693,220.14,6.9358,20.8075,223.97,224.17,212.3,387.68,381.24,374.99,381.27,7.4338,8.0792,5.2945,1.4563,1.39,0.8467,2.7021,0.8056,1.1583,0.7383,4.6001,1.6649,1.8111,1.124,0.807,0.875,0.7682,0.7537,49.9,343.4,200.28,1,1,2025-09-30 07:38:09,16.8,83.1,,1,0,,0
2025-09-30 07:38:54,274.8,3.6577,221.12,6.8864,20.6593,224.01,224.63,214.73,387.58,384.02,377.34,382.88,7.2228,7.9105,5.526,1.3891,1.3848,0.8838,2.7299,0.8282,1.1107,0.791,4.5815,1.618,1.7769,1.1866,0.8013,0.8589,0.78,0.7451,49.9,343.46,200.31,1,1,2025-09-30 07:38:54,16.8,83.6,,1,0,,0
2025-09-30 07:39:39,274.85,3.6644,221.25,6.8853,20.656,223.95,224.51,215.31,385.75,384.73,379.09,383.3,7.151,7.8615,5.6435,1.3676,1.39,0.9068,2.7245,0.8316,1.0849,0.808,4.5816,1.6015,1.765,1.2151,0.8024,0.8544,0.7883,0.7465,49.9,343.52,200.35,1,1,2025-09-30 07:39:39,16.7,84,,1,0,,0
2025-09-30 07:41:09,274.94,3.7002,220.57,6.9176,20.753,224.64,221.7,215.37,383.36,382.39,380.21,382.01,7.1802,7.6876,5.8852,1.3577,1.3644,0.9781,2.693,0.8691,1.0187,0.8051,4.5848,1.613,1.7043,1.2675,0.8085,0.8422,0.8012,0.772,49.9,343.63,200.42,1,1,2025-09-30 07:41:09,16.7,83.3,,1,0,,0
2025-09-30 07:41:54,274.98,3.6769,220.19,6.9002,20.7007,224.22,222.53,213.84,385.67,381.45,376.99,381.5,7.2118,7.9328,5.5561,1.394,1.3864,0.8965,2.6871,0.8181,1.0901,0.7789,4.5704,1.617,1.7653,1.1881,0.8073,0.8624,0.7861,0.7548,49.9,343.68,200.45,1,1,2025-09-30 07:41:55,16.6,80.2,,1,0,,0
2025-09-30 07:42:39,275.03,3.693,220.37,6.9119,20.7359,224.67,221.87,214.59,385.18,382.28,377.52,381.57,7.1849,7.8499,5.7011,1.3791,1.3812,0.9327,2.6867,0.8373,1.0585,0.7909,4.5793,1.6142,1.7417,1.2234,0.8086,0.8548,0.7937,0.7627,49.9,343.74,200.48,1,1,2025-09-30 07:42:39,16.6,78.2,,1,0,,0
2025-09-30 07:43:24,275.08,3.6927,220.23,6.927,20.7811,225.87,224.04,210.78,388.42,380.49,375.4,381.43,7.4293,8.1159,5.2359,1.4753,1.385,0.8324,2.6972,0.798,1.1756,0.7236,4.6,1.6781,1.8183,1.1036,0.8075,0.8795,0.7623,0.7547,49.9,343.8,200.52,1,1,2025-09-30 07:43:24,16.5,76.1,,1,0,,0
2025-09-30 07:44:30,275.16,3.6607,220.37,6.8751,20.6253,225.89,222.54,212.7,386.1,381.28,377.61,381.65,7.4159,7.8847,5.3247,1.448,1.3432,0.8695,2.6921,0.8408,1.1266,0.7248,4.5624,1.6752,1.7547,1.1326,0.8056,0.8647,0.7661,0.767,49.9,343.9,200.58,1,1,2025-09-30 07:44:30,16.3,74.6,,1,0,,0
2025-09-30 07:45:15,275.21,3.6604,220.6,6.874,20.6222,225.76,223.27,212.78,387.98,381.28,376.98,381.99,7.37,7.9463,5.3059,1.4438,1.3592,0.8574,2.6966,0.8254,1.1377,0.7335,4.567,1.6639,1.7742,1.129,0.8051,0.865,0.7688,0.7586,50,343.96,200.61,1,1,2025-09-30 07:45:15,16.1,73.1,,1,0,,0
2025-09-30 07:46:00,275.25,3.6537,221.54,6.8575,20.572499999999998,226.21,223.15,215.26,387.84,383.62,379.59,383.57,7.251,7.7528,5.5687,1.3929,1.3471,0.9137,2.7223,0.8644,1.083,0.7749,4.569,1.6402,1.73,1.1987,0.8018,0.8496,0.7793,0.7626,50,344.02,200.64,1,1,2025-09-30 07:46:00,16.0,73,,1,0,,0
2025-09-30 07:46:45,275.3,3.6511,220.98,6.8505,20.5517,225.61,222.44,214.9,385.15,383.45,379.49,382.78,7.2133,7.7631,5.5753,1.3881,1.3523,0.9106,2.7031,0.8528,1.0773,0.773,4.5523,1.6274,1.7268,1.1981,0.8037,0.8511,0.783,0.7627,50,344.07,200.68,1,1,2025-09-30 07:46:45,15.9,73.7,,1,0,,0
2025-09-30 07:47:30,275.34,3.6628,220.59,6.8687,20.6061,225.68,222.89,213.21,386.93,381.69,377.52,381.95,7.3512,7.9376,5.3173,1.4382,1.3589,0.8657,2.688,0.8276,1.1254,0.7351,4.5619,1.659,1.7692,1.1337,0.8061,0.8677,0.7703,0.7612,50,344.13,200.71,1,1,2025-09-30 07:47:30,15.8,73.6,,1,0,,0
2025-09-30 07:48:15,275.39,3.6553,220.26,6.863,20.589199999999998,225.71,222.68,212.39,387.23,380.53,376.69,381.14,7.4056,7.9544,5.2292,1.4549,1.353,0.8474,2.6784,0.8211,1.1405,0.7168,4.5534,1.6715,1.7713,1.1106,0.8066,0.8708,0.7645,0.7635,50,344.19,200.74,1,1,2025-09-30 07:48:15,15.7,73.3,,1,0,,0
2025-09-30 07:49:00,275.43,3.6497,221.28,6.8496,20.5489,226.09,223.53,214.22,386.7,383.32,379.66,383.41,7.1197,7.8304,5.5988,1.376,1.372,0.9016,2.7082,0.8338,1.0842,0.7902,4.5594,1.6097,1.7503,1.1994,0.803,0.8552,0.7846,0.752,50,344.25,200.78,1,1,2025-09-30 07:49:01,15.6,73.4,,1,0,,0
2025-09-30 07:49:45,275.48,3.6387,220.62,6.8425,20.527700000000003,225.94,223.42,212.52,386.87,382.53,376.86,382.14,7.237,7.9394,5.3513,1.4182,1.3664,0.8541,2.6899,0.8118,1.1282,0.7498,4.5462,1.6351,1.7738,1.1373,0.8041,0.8678,0.7711,0.7514,50,344.3,200.81,1,1,2025-09-30 07:49:45,15.5,73.3,,1,0,,0
2025-09-30 07:50:30,275.53,3.6485,219.53,6.849,20.5472,225.02,222.5,211.07,385.88,379.38,375.38,380.28,7.335,7.9257,5.2865,1.4396,1.3578,0.8511,2.6489,0.8057,1.1227,0.7205,4.5298,1.6505,1.7635,1.1158,0.8092,0.8726,0.7706,0.7632,50,344.36,200.85,1,1,2025-09-30 07:50:30,15.5,75,,1,0,,0
2025-09-30 07:51:37,275.61,3.6361,219.14,6.8375,20.512700000000002,223.53,222.87,211.03,384.41,379.73,374.49,379.75,7.3208,7.9805,5.2114,1.435,1.3701,0.8311,2.6354,0.7847,1.1315,0.7192,4.5148,1.6364,1.7786,1.0998,0.8096,0.8773,0.771,0.7561,50,344.46,200.91,1,1,2025-09-30 07:51:37,15.4,73.9,,1,0,,0
2025-09-30 07:52:22,275.65,3.6334,219.59,6.8321,20.4964,223.55,223,212.22,386.53,379.95,374.53,380.01,7.2459,7.8908,5.3597,1.4065,1.3678,0.8591,2.6511,0.802,1.1046,0.7446,4.5169,1.6198,1.7596,1.1374,0.8078,0.8687,0.7779,0.7556,50,344.52,200.94,1,1,2025-09-30 07:52:22,15.4,73.7,,1,0,,0
2025-09-30 07:53:07,275.69,0.3074,220,0.463,1.3892,223.99,223.24,212.78,385.72,381.1,376.3,381.16,0.0,1.3892,0.0,0,0.3074,0,0.0379,0,0.0379,0,0.3101,0,0.3101,0,0.9924,1,0.9924,1,50,344.56,200.96,0,1,2025-09-30 07:53:07,15.3,73.2,,0,0,,1
2025-09-30 07:53:53,275.69,0.3059,220.17,0.4609,1.3829,223.81,223.19,213.52,385.69,381.38,376.94,381.33,0.0,1.3829,0.0,0,0.3059,0,0.0382,0,0.0382,0,0.3086,0,0.3086,0,0.9923,1,0.9923,1,50,344.56,200.96,0,1,2025-09-30 07:53:53,15.3,74.3,,0,0,,1
2025-09-30 07:54:37,275.69,0.3016,220.5,0.4557,1.3673,224.03,222.67,214.8,385.17,382.06,378.45,381.94,0.0,1.3673,0.0,0,0.3016,0,0.0386,0,0.0386,0,0.3045,0,0.3045,0,0.9918,1,0.9918,1,50,344.57,200.96,0,1,2025-09-30 07:54:37,15.3,76.4,,0,0,,1
2025-09-30 07:55:22,275.7,0.2998,219.9,0.4526,1.358,223.86,222.97,212.88,386.02,380.68,375.91,380.82,0.0,1.358,0.0,0,0.2998,0,0.0396,0,0.0396,0,0.3028,0,0.3028,0,0.9913,1,0.9913,1,50,344.57,200.96,0,1,2025-09-30 07:55:22,15.5,79,,0,0,,1
2025-09-30 07:56:08,275.7,0.3004,220.23,0.4534,1.3602,223.7,222.15,214.85,384.67,381.91,377.71,381.38,0.0,1.3602,0.0,0,0.2993,0,0.0389,0,0.0389,0,0.3022,0,0.3022,0,0.9917,1,0.9916,1,50,344.58,200.97,0,1,2025-09-30 07:56:08,15.7,82,,0,0,,1
2025-09-30 07:56:52,275.71,0.3002,219.56,0.4541,1.3624,223.7,222.45,212.53,385.01,379.79,376.03,380.35,0.0,1.3624,0.0,0,0.3002,0,0.0387,0,0.0387,0,0.3031,0,0.3031,0,0.9917,1,0.9917,1,50,344.58,200.97,0,1,2025-09-30 07:56:52,16.0,84.5,,0,0,,1
2025-09-30 07:57:37,275.71,0.3019,220.96,0.4554,1.3663,225.4,223.2,214.28,387.24,382.71,378.11,382.68,0.0,1.3663,0.0,0,0.3019,0,0.0398,0,0.0398,0,0.305,0,0.305,0,0.9914,1,0.9914,1,50,344.58,200.97,0,1,2025-09-30 07:57:37,16.2,87.1,,0,0,,1
2025-09-30 07:58:44,275.72,0.2991,220.34,0.454,1.362,224.92,221.67,214.43,385.93,380.78,378.16,381.67,0.0,1.362,0.0,0,0.2991,0,0.0382,0,0.0382,0,0.3019,0,0.3019,0,0.9919,1,0.9919,1,50,344.59,200.97,0,1,2025-09-30 07:58:44,16.6,89.2,,0,0,,1
2025-09-30 07:59:29,275.72,0.3003,220.33,0.4543,1.3629,224.7,222.51,213.8,386.52,380.92,377.43,381.44,0.0,1.3629,0.0,0,0.3003,0,0.0391,0,0.0391,0,0.3033,0,0.3033,0,0.9916,1,0.9916,1,50,344.59,200.97,0,1,2025-09-30 07:59:29,16.8,90,,0,0,,1
2025-09-30 08:00:14,275.72,0.2983,219.9,0.453,1.3592,224.86,221.61,213.23,385.06,380.63,376.83,380.95,0.0,1.3592,0.0,0,0.2983,0,0.0386,0,0.0386,0,0.3012,0,0.3012,0,0.9917,1,0.9917,1,50,344.6,200.97,0,1,2025-09-30 08:00:14,17.0,90.6,,0,0,,1
2025-09-30 08:00:59,275.73,0.2994,218.64,0.4532,1.3596,223.21,222.36,210.35,385.65,377.9,372.53,378.69,0.0,1.3596,0.0,0,0.2994,0,0.0394,0,0.0394,0,0.3023,0,0.3023,0,0.9914,1,0.9914,1,50,344.6,200.97,0,1,2025-09-30 08:00:59,17.2,91.8,,0,0,,1
2025-09-30 08:01:44,275.73,0.2984,219.81,0.4523,1.3569,223.94,222.14,213.35,384.7,380.63,376.77,380.53,0.0,1.3569,0.0,0,0.2984,0,0.0393,0,0.0393,0,0.3014,0,0.3014,0,0.9914,1,0.9914,1,50,344.6,200.97,0,1,2025-09-30 08:01:44,17.4,92.7,,0,0,,1
2025-09-30 08:02:29,275.73,0.2994,219.24,0.4529,1.3589,223.66,222.59,211.47,384.48,379.29,375.39,379.77,0.0,1.3589,0.0,0,0.2994,0,0.0398,0,0.0398,0,0.3025,0,0.3025,0,0.9912,1,0.9912,1,50,344.61,200.97,0,1,2025-09-30 08:02:29,17.6,92.9,,0,0,,1
2025-09-30 08:03:14,275.74,0.298,218.45,0.4524,1.3572,222.69,221.68,211,383.08,378.94,373.02,378.29,0.0,1.3572,0.0,0,0.298,0,0.0386,0,0.0386,0,0.3009,0,0.3009,0,0.9917,1,0.9917,1,50,344.61,200.97,0,1,2025-09-30 08:03:14,17.7,93,,0,0,,1
2025-09-30 08:03:59,275.74,0.297,218.27,0.4518,1.3554,222.38,221.2,211.24,381.89,378.67,373.5,378.03,0.0,1.3554,0.0,0,0.297,0,0.0381,0,0.0381,0,0.2998,0,0.2998,0,0.9918,1,0.9918,1,50,344.62,200.97,0,1,2025-09-30 08:03:59,17.9,93.1,,0,0,,1
2025-09-30 08:04:44,275.75,0.2961,218.07,0.4518,1.3554,222.01,220.51,211.7,381.82,377.76,373.49,377.65,0.0,1.3554,0.0,0,0.2961,0,0.0374,0,0.0374,0,0.2989,0,0.2989,0,0.9921,1,0.9921,1,50,344.62,200.97,0,1,2025-09-30 08:04:44,18.0,93.2,,0,0,,1
2025-09-30 08:05:29,275.75,0.2966,218.23,0.4522,1.3566,222.53,220.63,211.55,381.56,377.94,374.39,378.02,0.0,1.3566,0.0,0,0.2966,0,0.0374,0,0.0374,0,0.2993,0,0.2993,0,0.9921,1,0.9921,1,50,344.62,200.97,0,1,2025-09-30 08:05:29,18.1,93.4,,0,0,,1
2025-09-30 08:06:14,275.75,0.2954,216.81,0.4511,1.3533,220.5,220.22,209.73,380.63,375.46,370.5,375.37,0.0,1.3533,0.0,0,0.2954,0,0.0367,0,0.0367,0,0.298,0,0.298,0,0.9923,1,0.9923,1,50,344.63,200.97,0,1,2025-09-30 08:06:14,18.2,93.7,,0,0,,1
2025-09-30 08:06:59,275.78,3.7087,216.96,6.9378,20.8134,219.71,219.99,211.2,379.36,376.48,371.51,375.78,7.2398,7.9021,5.6715,1.383,1.3996,0.9262,2.5712,0.7843,1.0284,0.7586,4.5269,1.5907,1.7384,1.1978,0.8218,0.8698,0.8058,0.7736,50,344.66,200.99,1,1,2025-09-30 08:06:59,18.3,93.8,,1,0,,0
2025-09-30 08:07:44,275.83,3.7392,214.98,6.9909,20.9727,217.98,219.15,207.81,377.72,372.62,366.73,372.39,7.5168,8.1375,5.3184,1.4615,1.4128,0.8649,2.512,0.7391,1.0858,0.6871,4.5271,1.6385,1.7833,1.1052,0.83,0.8923,0.7928,0.7829,50,344.72,201.02,1,1,2025-09-30 08:07:44,18.3,92.2,,1,0,,0
2025-09-30 08:08:29,275.87,3.7833,215.05,7.0482,21.1447,217.5,218.75,208.9,376.82,372.92,367.67,372.81,7.4221,8.1532,5.5694,1.4331,1.4405,0.9096,2.5148,0.7413,1.0492,0.7244,4.5613,1.6143,1.7835,1.1634,0.8327,0.8882,0.8083,0.7822,50,344.77,201.05,1,1,2025-09-30 08:08:29,18.3,90.6,,1,0,,0
2025-09-30 08:09:14,275.92,3.7964,214.8,7.063,21.1892,218.35,218.12,207.94,376.85,372.16,367.11,371.92,7.5159,8.1427,5.5306,1.459,1.4267,0.9108,2.5057,0.7495,1.0552,0.701,4.5672,1.6411,1.7761,1.15,0.8346,0.8895,0.8039,0.7924,50,344.83,201.08,1,1,2025-09-30 08:09:14,18.1,88.4,,1,0,,0
2025-09-30 08:09:59,275.97,3.8099,215.3,7.0791,21.237299999999998,218.57,219.47,207.88,377.87,373.19,367.68,372.74,7.4184,8.2229,5.596,1.4461,1.4562,0.9077,2.5212,0.7314,1.0633,0.7266,4.5894,1.6214,1.8047,1.1633,0.8339,0.8923,0.8076,0.7806,50,344.89,201.11,1,1,2025-09-30 08:09:59,18.0,85.5,,1,0,,0
2025-09-30 08:10:44,276.02,3.8061,215.77,7.0594,21.1784,218.92,218.63,209.78,376.81,374.31,370.01,373.56,7.2512,8.0381,5.8891,1.3917,1.4452,0.9692,2.5242,0.7618,0.9972,0.7651,4.5802,1.5874,1.7574,1.2354,0.8333,0.8771,0.823,0.7848,50,344.95,201.15,1,1,2025-09-30 08:10:44,17.8,83.5,,1,0,,0
2025-09-30 08:11:29,276.06,3.8088,215.39,7.0666,21.1999,219.49,218.9,207.8,376.98,374.45,367.65,372.72,7.2669,8.1713,5.7617,1.4158,1.459,0.934,2.513,0.7326,1.0322,0.7482,4.581,1.595,1.7887,1.1973,0.8346,0.8881,0.8163,0.7804,50.1,345,201.18,1,1,2025-09-30 08:11:29,17.6,83,,1,0,,0
2025-09-30 08:12:14,276.11,3.7707,214.66,7.0187,21.0561,219.38,218.51,206.11,378.16,371.15,366.12,371.99,7.4346,8.1438,5.4777,1.4573,1.4244,0.889,2.4901,0.7307,1.0642,0.6951,4.5395,1.631,1.7795,1.129,0.8344,0.8939,0.8011,0.7877,50.1,345.06,201.21,1,1,2025-09-30 08:12:14,17.4,81.6,,1,0,,0
2025-09-30 08:12:59,276.16,3.724,215.04,6.9481,20.8445,218.68,218.61,207.84,375.22,373.92,368.09,372.44,7.0954,7.9535,5.7956,1.363,1.4258,0.9352,2.4904,0.7397,0.9926,0.7582,4.4949,1.5516,1.7387,1.2046,0.8312,0.8789,0.8207,0.7768,50.1,345.12,201.24,1,1,2025-09-30 08:12:59,17.3,80.1,,1,0,,0
2025-09-30 08:13:44,276.21,3.7782,213.27,7.044,21.132199999999997,218.02,217.92,203.89,375.81,369.42,362.94,369.39,7.5266,8.2961,5.3095,1.4859,1.4396,0.8527,2.4506,0.694,1.0909,0.6657,4.5314,1.6409,1.8079,1.0826,0.8389,0.906,0.797,0.7882,50.1,345.17,201.27,1,1,2025-09-30 08:13:44,17.1,78.3,,1,0,,0
2025-09-30 08:14:29,276.25,3.7743,214.57,7.0251,21.075499999999998,220.35,218.51,204.87,378.16,371.07,365.66,371.74,7.4953,8.199,5.3812,1.4831,1.4207,0.8706,2.4882,0.7244,1.0887,0.6751,4.5456,1.6516,1.7916,1.1024,0.8349,0.8985,0.7937,0.7902,50.1,345.22,201.3,1,1,2025-09-30 08:14:29,16.9,78,,1,0,,0
2025-09-30 08:15:14,276.3,3.7907,215.49,7.0392,21.1177,219.72,219.38,207.37,376.16,374.6,368.75,373.16,7.2103,8.1261,5.7813,1.4037,1.4544,0.9326,2.5131,0.7324,1.0282,0.7525,4.5658,1.5842,1.7827,1.1989,0.8334,0.8865,0.8165,0.7782,50,345.28,201.33,1,1,2025-09-30 08:15:14,16.7,77.3,,1,0,,0
2025-09-30 08:15:59,276.34,3.8058,214.81,7.0659,21.1979,220.26,218.84,205.35,376.19,373.2,366.59,372.02,7.3849,8.2317,5.5813,1.4571,1.4489,0.8998,2.4972,0.7204,1.0678,0.709,4.5741,1.6266,1.8014,1.1461,0.836,0.8964,0.805,0.7854,50.1,345.34,201.36,1,1,2025-09-30 08:15:59,16.6,76.7,,1,0,,0
2025-09-30 08:16:44,276.39,3.7498,214.93,6.9903,20.9709,219.49,218.94,206.36,374.54,374.12,367.85,372.29,7.2486,8.1421,5.5802,1.4179,1.438,0.8938,2.4947,0.7191,1.0505,0.7252,4.5252,1.591,1.7826,1.1515,0.8325,0.8918,0.8075,0.7765,50,345.4,201.39,1,1,2025-09-30 08:16:44,16.5,76.1,,1,0,,0
2025-09-30 08:17:29,276.44,3.7436,214.79,6.9808,20.9424,220.24,218.77,205.36,376.17,373.04,366.63,371.89,7.3331,8.1327,5.4766,1.443,1.4216,0.879,2.4905,0.7228,1.067,0.7006,4.5189,1.615,1.7792,1.1247,0.8325,0.894,0.7997,0.7819,50,345.45,201.43,1,1,2025-09-30 08:17:29,16.3,75.9,,1,0,,0
2025-09-30 08:18:14,276.49,3.7475,214.69,6.9852,20.9556,219.53,218.61,205.95,375.93,372.89,366.6,371.81,7.2498,8.1156,5.5902,1.4178,1.4324,0.8974,2.4852,0.7207,1.0441,0.7203,4.517,1.5915,1.7742,1.1513,0.8334,0.8914,0.8081,0.7798,50,345.51,201.46,1,1,2025-09-30 08:18:14,16.2,75.7,,1,0,,0
2025-09-30 08:18:59,276.53,3.726,213.78,6.9688,20.9064,218.98,217.94,204.42,374.57,371.11,364.95,370.16,7.4061,8.2058,5.2945,1.4607,1.4196,0.8457,2.4614,0.7022,1.085,0.6742,4.4925,1.6218,1.7884,1.0823,0.8343,0.9012,0.7945,0.7819,50,345.57,201.49,1,1,2025-09-30 08:18:59,16.1,74.8,,1,0,,0
2025-09-30 08:19:44,276.58,3.7037,213.12,6.9391,20.8175,218.81,217.43,203.12,374.94,369,363.35,369.06,7.424,8.1342,5.2593,1.4631,1.3996,0.8411,2.4396,0.7034,1.0788,0.6574,4.4613,1.6244,1.7686,1.0683,0.8351,0.9012,0.792,0.7878,50,345.62,201.52,1,1,2025-09-30 08:19:44,16.0,75.2,,1,0,,0
2025-09-30 08:20:29,276.63,3.7181,214.16,6.9449,20.834799999999998,219.31,217.61,205.57,372.88,372.3,367.31,370.97,7.2589,8.007,5.5689,1.4126,1.4052,0.9003,2.4659,0.7321,1.0278,0.7061,4.4792,1.5919,1.7424,1.1448,0.8333,0.8878,0.8071,0.7868,50,345.68,201.55,1,1,2025-09-30 08:20:29,15.9,75.1,,1,0,,0
2025-09-30 08:21:59,276.72,3.7246,212.98,6.9642,20.892699999999998,218.22,217.17,203.57,372.03,370.34,364.04,368.79,7.2482,8.1185,5.526,1.4182,1.4252,0.8811,2.4312,0.6979,1.0351,0.6983,4.4697,1.5817,1.7631,1.1249,0.8373,0.8972,0.8091,0.7837,50,345.79,201.61,1,1,2025-09-30 08:21:59,15.8,75.2,,1,0,,0
2025-09-30 08:23:29,276.81,3.7266,212.02,6.9773,20.932,217.97,216.87,201.23,372.48,367.79,361.22,367.05,7.3381,8.2032,5.3907,1.4483,1.4257,0.8526,2.4072,0.6765,1.0612,0.6696,4.4633,1.5995,1.779,1.0848,0.8399,0.906,0.8021,0.7864,50,345.9,201.67,1,1,2025-09-30 08:23:29,15.7,75.8,,1,0,,0
2025-09-30 08:24:14,276.86,3.7288,212.75,6.9604,20.8812,219.43,215.7,203.14,371.61,368.86,364.7,368.43,7.2877,7.9569,5.6366,1.4214,1.3908,0.9166,2.4188,0.7308,1.0029,0.6851,4.4605,1.5991,1.7163,1.145,0.8389,0.8893,0.8111,0.8009,50,345.96,201.7,1,1,2025-09-30 08:24:14,15.7,75.7,,1,0,,0
2025-09-30 08:24:59,276.91,3.7209,211.46,6.9665,20.8995,218.46,216.02,199.9,371.73,366.14,360.65,366.32,7.4555,8.1847,5.2593,1.4797,1.4033,0.8379,2.3841,0.678,1.0725,0.6337,4.4481,1.6287,1.7681,1.0513,0.8419,0.9091,0.7945,0.7975,50,346.01,201.73,1,1,2025-09-30 08:24:59,15.6,74.8,,1,0,,0
2025-09-30 08:25:44,276.95,3.7255,211.69,6.9655,20.8965,218.12,215.57,201.4,370.71,367.17,361.81,366.62,7.3488,8.0844,5.4633,1.4431,1.4043,0.8781,2.3868,0.6956,1.0295,0.6618,4.446,1.6029,1.7428,1.1003,0.842,0.9008,0.8064,0.7986,50,346.07,201.76,1,1,2025-09-30 08:25:44,15.5,74.8,,1,0,,0
2025-09-30 08:26:29,277,3.7245,211.87,6.9669,20.9007,218,216.11,201.52,371.58,367.91,361.18,366.77,7.279,8.151,5.4707,1.4322,1.422,0.8703,2.3937,0.6809,1.037,0.6759,4.4508,1.5868,1.7615,1.1025,0.8412,0.9031,0.8079,0.7898,50,346.13,201.79,1,1,2025-09-30 08:26:29,15.5,75.3,,1,0,,0
2025-09-30 08:27:14,277.04,3.7361,211.75,6.9809,20.9428,218.13,215.7,201.44,371.14,367.4,361.49,366.66,7.3491,8.1108,5.4829,1.4442,1.4112,0.8807,2.39,0.6933,1.0313,0.6654,4.457,1.6031,1.7495,1.1045,0.8423,0.9014,0.8073,0.7978,50,346.18,201.82,1,1,2025-09-30 08:27:14,15.4,75.3,,1,0,,0
2025-09-30 08:27:59,277.09,3.7265,211.83,6.9634,20.8902,218.28,215.86,201.37,371.21,367.53,361.69,366.78,7.3033,8.0744,5.5125,1.4337,1.4089,0.8839,2.3885,0.6945,1.0235,0.6705,4.4472,1.5942,1.7429,1.1101,0.8419,0.8999,0.809,0.7966,50.1,346.24,201.85,1,1,2025-09-30 08:27:59,15.4,75.4,,1,0,,0
2025-09-30 08:28:44,277.14,3.6994,211.79,6.9216,20.7649,218.54,215.3,201.55,371.74,366.92,361.62,366.48,7.1812,7.9538,5.6299,1.4007,1.3943,0.9044,2.3814,0.7055,0.9915,0.6843,4.4165,1.5694,1.7125,1.1347,0.8408,0.893,0.8149,0.7974,50.1,346.29,201.88,1,1,2025-09-30 08:28:44,15.4,75.6,,1,0,,0
2025-09-30 08:29:29,277.18,3.7217,212.63,6.951,20.853,219.26,216.36,202.29,371.97,369.17,363.38,368.03,7.2508,8.0599,5.5423,1.4249,1.4083,0.8885,2.4114,0.7028,1.0259,0.6827,4.4548,1.5898,1.7438,1.1212,0.8392,0.8968,0.8082,0.7929,50.1,346.35,201.91,1,1,2025-09-30 08:29:29,15.3,75.2,,1,0,,0
2025-09-30 08:30:14,277.19,0.2972,212.89,0.4595,1.3786,220.18,217.09,201.41,373.97,368.41,363.57,368.83,0.0,1.3786,0.0,0,0.2972,0,0.0331,0,0.0331,0,0.2993,0,0.2993,0,0.9938,1,0.9938,1,50.1,346.36,201.91,0,1,2025-09-30 08:30:14,15.3,74.6,,0,0,,1
2025-09-30 08:30:59,277.2,0.295,213.36,0.4557,1.3671,219.51,217.4,203.18,372.36,370.6,365.31,369.48,0.0,1.3671,0.0,0,0.295,0,0.0339,0,0.0339,0,0.2972,0,0.2972,0,0.9934,1,0.9934,1,50.1,346.36,201.91,0,1,2025-09-30 08:30:59,15.3,77,,0,0,,1
2025-09-30 08:31:44,277.2,0.2943,213.49,0.4542,1.3626,219.2,217.71,203.56,372.73,371.33,364.89,369.44,0.0,1.3626,0.0,0,0.2943,0,0.0343,0,0.0343,0,0.2967,0,0.2967,0,0.9932,1,0.9932,1,50.1,346.36,201.91,0,1,2025-09-30 08:31:44,15.4,80.3,,0,0,,1
2025-09-30 08:32:29,277.2,0.2943,212.23,0.4545,1.3637,219.27,217.44,199.99,373.38,367.36,361.81,367.58,0.0,1.3637,0.0,0,0.2943,0,0.0342,0,0.0342,0,0.2965,0,0.2965,0,0.9933,1,0.9933,1,50.1,346.37,201.92,0,1,2025-09-30 08:32:29,15.6,82.8,,0,0,,1
2025-09-30 08:33:14,277.21,0.293,212.78,0.4536,1.361,219.55,216.91,201.9,372.49,369.07,363.75,368.52,0.0,1.361,0.0,0,0.293,0,0.0338,0,0.0338,0,0.2952,0,0.2952,0,0.9933,1,0.9933,1,50.1,346.37,201.92,0,1,2025-09-30 08:33:14,15.8,85.5,,0,0,,1
2025-09-30 08:33:59,277.21,0.293,211.95,0.4535,1.3605,219.3,216.96,199.61,372.32,367.19,361.51,367.03,0.0,1.3605,0.0,0,0.293,0,0.034,0,0.034,0,0.2952,0,0.2952,0,0.9933,1,0.9933,1,50.1,346.38,201.92,0,1,2025-09-30 08:33:59,16.1,87.5,,0,0,,1
2025-09-30 08:34:44,277.21,0.2922,211.19,0.4534,1.3602,218.31,216.4,198.86,370.34,366.21,360.43,365.61,0.0,1.3602,0.0,0,0.2922,0,0.0336,0,0.0336,0,0.2943,0,0.2943,0,0.9934,1,0.9934,1,50.1,346.38,201.92,0,1,2025-09-30 08:34:44,16.3,89.1,,0,0,,1
2025-09-30 08:35:29,277.22,0.2928,211.97,0.4531,1.3594,218.73,217,200.18,372.15,367.85,361.1,366.75,0.0,1.3594,0.0,0,0.2928,0,0.0339,0,0.0339,0,0.295,0,0.295,0,0.9933,1,0.9933,1,50.1,346.38,201.92,0,1,2025-09-30 08:35:29,16.5,90.1,,0,0,,1
2025-09-30 08:36:14,277.22,0.2923,210.58,0.4525,1.3577,217.76,216.91,197.07,371.52,364.14,358.35,364.85,0.0,1.3577,0.0,0,0.2923,0,0.0341,0,0.0341,0,0.2945,0,0.2945,0,0.9932,1,0.9932,1,50.1,346.39,201.92,0,1,2025-09-30 08:36:14,16.7,90.8,,0,0,,1
2025-09-30 08:36:59,277.23,0.2904,211.19,0.4516,1.3548,216.63,215.89,201.06,368.9,367.09,361.06,365.58,0.0,1.3548,0.0,0,0.2904,0,0.0328,0,0.0328,0,0.2925,0,0.2925,0,0.9936,1,0.9936,1,50.1,346.39,201.92,0,1,2025-09-30 08:36:59,16.9,92,,0,0,,1
2025-09-30 08:37:44,277.23,0.2913,209.84,0.4517,1.3551,215.45,216.59,197.48,367.76,364.3,357.96,363.31,0.0,1.3551,0.0,0,0.2913,0,0.0336,0,0.0336,0,0.2935,0,0.2935,0,0.9934,1,0.9934,1,50.1,346.39,201.92,0,1,2025-09-30 08:37:44,17.1,92.8,,0,0,,1
2025-09-30 08:38:29,277.23,0.2924,209.66,0.4518,1.3556,214.62,217.32,197.05,369.92,364.29,355.11,362.57,0.0,1.3556,0.0,0,0.2924,0,0.034,0,0.034,0,0.2946,0,0.2946,0,0.9933,1,0.9933,1,50.1,346.4,201.92,0,1,2025-09-30 08:38:29,17.3,93.1,,0,0,,1
2025-09-30 08:39:14,277.24,0.2913,211.15,0.4513,1.3539,214.19,216.82,202.46,366.54,368.69,361.58,365.84,0.0,1.3539,0.0,0,0.2913,0,0.0336,0,0.0336,0,0.2936,0,0.2936,0,0.9934,1,0.9934,1,50.1,346.4,201.92,0,1,2025-09-30 08:39:14,17.4,93.6,,0,0,,1
2025-09-30 08:39:59,277.24,0.2917,210.54,0.4512,1.3538,214.14,217.09,200.4,367.52,366.74,359.46,364.46,0.0,1.3538,0.0,0,0.2917,0,0.0337,0,0.0337,0,0.2939,0,0.2939,0,0.9934,1,0.9934,1,50.1,346.41,201.92,0,1,2025-09-30 08:39:59,17.6,94,,0,0,,1
2025-09-30 08:40:51,277.25,0.2925,211.08,0.4521,1.3564,214.57,217.22,201.47,368.5,367.21,360.88,365.22,0.0,1.3564,0.0,0,0.2925,0,0.0331,0,0.0331,0,0.2946,0,0.2946,0,0.9936,1,0.9936,1,50.2,346.41,201.92,0,1,2025-09-30 08:40:51,17.8,94.7,,0,0,,1
2025-09-30 08:41:36,277.25,0.2923,211.24,0.452,1.356,214.27,217.11,202.35,367.14,368.4,361.76,365.79,0.0,1.356,0.0,0,0.2923,0,0.0328,0,0.0328,0,0.2944,0,0.2944,0,0.9937,1,0.9937,1,50.2,346.41,201.92,0,1,2025-09-30 08:41:36,18.0,94.8,,0,0,,1
2025-09-30 08:42:21,277.25,0.2939,210.35,0.4523,1.3571,212.89,218.17,200,368.56,366.58,357.74,364.73,0.0,1.3571,0.0,0,0.2939,0,0.0338,0,0.0338,0,0.2961,0,0.2961,0,0.9934,1,0.9934,1,50.2,346.42,201.92,0,1,2025-09-30 08:42:21,18.1,94.8,,0,0,,1
2025-09-30 08:43:06,277.26,0.2956,211.54,0.4527,1.3583,213.31,219.32,201.99,368.78,369.04,361.12,366.39,0.0,1.3583,0.0,0,0.2956,0,0.0347,0,0.0347,0,0.2979,0,0.2979,0,0.9931,1,0.9931,1,50.2,346.42,201.92,0,1,2025-09-30 08:43:06,18.2,94.9,,0,0,,1
2025-09-30 08:43:51,277.28,3.7594,211.68,7.0227,21.068199999999997,213.48,219.66,201.9,369.61,369.11,360.99,366.57,7.2725,8.2569,5.5388,1.4119,1.4834,0.8641,2.3926,0.6432,1.0403,0.7091,4.4845,1.5525,1.8137,1.1183,0.8436,0.91,0.8187,0.773,50.2,346.45,201.93,1,1,2025-09-30 08:43:51,18.3,95.2,,1,0,,0
2025-09-30 08:44:36,277.33,3.8248,212.14,7.1079,21.323700000000002,213.56,220.57,202.29,370.74,370.21,361.19,367.38,7.3189,8.3684,5.6364,1.4255,1.5178,0.8815,2.4076,0.6386,1.0468,0.7222,4.549,1.563,1.8458,1.1402,0.8462,0.9126,0.8232,0.7735,50.2,346.51,201.96,1,1,2025-09-30 08:44:36,18.3,94.1,,1,0,,0
2025-09-30 08:45:21,277.37,3.8473,213.42,7.1257,21.3772,215.55,221.16,203.57,373.02,372.19,363.6,369.34,7.3946,8.3772,5.6054,1.4496,1.5122,0.8855,2.4456,0.6602,1.0669,0.7185,4.5877,1.5939,1.8527,1.1411,0.8439,0.91,0.8171,0.7765,50.2,346.56,202,1,1,2025-09-30 08:45:21,18.2,91.6,,1,0,,0
2025-09-30 08:46:06,277.42,3.8322,213.74,7.1013,21.3041,215.79,221.64,203.81,373.95,372.47,364.09,370.06,7.3339,8.3476,5.6226,1.4368,1.5111,0.8843,2.4534,0.6612,1.0643,0.7279,4.5787,1.5826,1.8502,1.1459,0.8421,0.9084,0.8175,0.772,50.2,346.62,202.03,1,1,2025-09-30 08:46:06,18.0,89,,1,0,,0
2025-09-30 08:46:51,277.47,3.7987,213.43,7.0558,21.1674,215.94,220.47,203.9,373.75,371.51,363.67,369.55,7.3215,8.2705,5.5754,1.4309,1.4862,0.8816,2.4399,0.67,1.0533,0.7166,4.5412,1.581,1.8234,1.1368,0.8413,0.9056,0.8158,0.7759,50.2,346.68,202.06,1,1,2025-09-30 08:46:51,17.8,86.7,,1,0,,0
2025-09-30 08:47:58,277.56,3.8041,213.69,7.0624,21.1872,216.91,220.25,203.91,374.44,371.65,364.14,369.92,7.4508,8.2733,5.4631,1.4632,1.4693,0.8716,2.4505,0.6836,1.0743,0.6926,4.5523,1.6162,1.8222,1.114,0.8406,0.906,0.8072,0.7829,50.2,346.78,202.11,1,1,2025-09-30 08:47:58,17.5,84,,1,0,,0
2025-09-30 08:48:43,277.61,3.8354,213.99,7.1022,21.3068,216.56,220.96,204.46,374.19,372.45,365.14,370.59,7.3773,8.309,5.6205,1.4451,1.4961,0.8941,2.4613,0.6792,1.061,0.7211,4.5828,1.5976,1.836,1.1492,0.8416,0.905,0.8156,0.7784,50.2,346.84,202.14,1,1,2025-09-30 08:48:43,17.4,82.9,,1,0,,0
2025-09-30 08:49:28,277.65,3.7967,213.66,7.0466,21.14,216.21,219.52,205.27,372.26,372.11,365.66,369.81,7.325,8.1217,5.6933,1.4173,1.4612,0.9182,2.4447,0.7044,1.0183,0.722,4.5353,1.5837,1.7829,1.1687,0.8407,0.8955,0.8204,0.786,50.2,346.9,202.18,1,1,2025-09-30 08:49:28,17.2,82.2,,1,0,,0
2025-09-30 08:50:13,277.7,3.7987,213.43,7.052,21.156200000000002,215.86,218.84,205.61,372.28,371.62,364.99,369.63,7.3284,8.1629,5.6649,1.4184,1.4657,0.9146,2.4378,0.6986,1.0187,0.7205,4.533,1.5819,1.7864,1.1648,0.8416,0.8971,0.8211,0.7855,50.2,346.95,202.2,1,1,2025-09-30 08:50:13,17.1,81.7,,1,0,,0
2025-09-30 08:50:58,277.75,3.8477,213.77,7.115,21.3451,216.34,219.09,205.88,372.88,372.21,365.54,370.19,7.3781,8.158,5.809,1.4263,1.4742,0.9472,2.451,0.7143,1.0077,0.729,4.5795,1.5962,1.7873,1.196,0.8434,0.8941,0.8255,0.7924,50.2,347.01,202.23,1,1,2025-09-30 08:50:58,17.0,81.2,,1,0,,0
2025-09-30 08:51:43,277.79,3.8217,213.21,7.085,21.2551,216.27,219.94,203.44,373.07,370.92,363.75,369.4,7.3352,8.2529,5.667,1.4336,1.4862,0.902,2.4338,0.6772,1.0393,0.7173,4.5544,1.5864,1.8151,1.1529,0.8434,0.9042,0.8194,0.7832,50.2,347.06,202.27,1,1,2025-09-30 08:51:43,16.8,80.8,,1,0,,0
2025-09-30 08:52:28,277.84,3.8567,214.27,7.124,21.3721,217.18,220.5,205.15,373.39,373.48,366.28,370.81,7.3022,8.2083,5.8616,1.4207,1.4932,0.9428,2.468,0.7028,1.0196,0.7456,4.5983,1.5859,1.8099,1.2025,0.8422,0.8961,0.8256,0.7842,50.2,347.12,202.3,1,1,2025-09-30 08:52:28,16.7,80.3,,1,0,,0
2025-09-30 08:53:13,277.89,3.8582,215.48,7.1212,21.363699999999998,218.2,223.01,205.25,375.6,376.23,367.54,373.39,7.3312,8.3448,5.6877,1.4354,1.5156,0.9072,2.5113,0.6869,1.0705,0.7539,4.628,1.5997,1.861,1.1674,0.8381,0.9043,0.8138,0.7697,50.1,347.18,202.33,1,1,2025-09-30 08:53:13,16.6,79,,1,0,,0
2025-09-30 08:55:05,278.02,3.777,215.38,7.0193,21.0581,219.01,223.04,204.09,377.64,375.13,366.18,372.52,7.3361,8.3105,5.4115,1.4561,1.4784,0.8425,2.5045,0.6767,1.1147,0.7131,4.5647,1.6067,1.8536,1.1044,0.8334,0.9068,0.7984,0.7632,50.1,347.34,202.41,1,1,2025-09-30 08:55:05,16.3,77.2,,1,0,,0
2025-09-30 08:55:50,278.07,3.8626,214.59,7.1423,21.4271,218.49,222.23,203.05,376.87,373.45,364.55,371.77,7.5789,8.4536,5.3946,1.5116,1.4979,0.853,2.4896,0.6732,1.1304,0.686,4.6299,1.6559,1.8786,1.0954,0.8405,0.9135,0.7982,0.7792,50.1,347.4,202.45,1,1,2025-09-30 08:55:50,16.2,76.4,,1,0,,0
2025-09-30 08:56:35,278.12,3.9227,215.84,7.2088,21.6265,219.11,221.52,206.91,377.92,375.53,367.99,373.5,7.4581,8.3423,5.8261,1.4658,1.5109,0.946,2.5262,0.72,1.0605,0.7457,4.6876,1.6341,1.848,1.2055,0.8407,0.8975,0.8185,0.7853,50.1,347.46,202.48,1,1,2025-09-30 08:56:35,16.1,76,,1,0,,0
2025-09-30 08:57:20,278.17,3.8134,215.87,7.0565,21.169600000000003,218.9,221.31,207.4,376.46,376.41,368.6,374.09,7.238,8.1681,5.7635,1.411,1.4773,0.9251,2.5135,0.7187,1.0386,0.7561,4.5874,1.5844,1.8077,1.1953,0.8349,0.891,0.818,0.7742,50.2,347.52,202.51,1,1,2025-09-30 08:57:20,16.0,74.3,,1,0,,0
2025-09-30 08:58:05,278.22,3.8168,216.24,7.0605,21.1816,219.5,222.49,206.73,378.3,376.67,368.47,374.28,7.3142,8.2237,5.6437,1.4375,1.4793,0.8999,2.5272,0.7126,1.0732,0.7414,4.6019,1.6055,1.8297,1.1667,0.8337,0.8959,0.8094,0.7717,50.2,347.57,202.54,1,1,2025-09-30 08:58:05,15.9,73.5,,1,0,,0
2025-09-30 08:58:50,278.27,3.7765,216.39,6.9996,20.999,218.83,222.37,207.98,376.85,377.96,369.35,374.84,7.0963,8.0521,5.8506,1.3723,1.4714,0.9328,2.5228,0.7251,1.017,0.7806,4.5602,1.5529,1.7905,1.2168,0.8315,0.8841,0.8226,0.7669,50.2,347.63,202.57,1,1,2025-09-30 08:58:50,15.8,73.5,,1,0,,0
2025-09-30 08:59:36,278.31,3.8204,215.51,7.0668,21.2006,218.34,222.24,205.97,376.38,375.59,367.68,373.29,7.2416,8.2317,5.7273,1.4183,1.4935,0.9085,2.5017,0.6968,1.0531,0.7518,4.5902,1.5811,1.8294,1.1797,0.8365,0.8975,0.8172,0.7704,50.2,347.69,202.6,1,1,2025-09-30 08:59:36,15.7,75,,1,0,,0
2025-09-30 09:00:20,278.36,3.8097,215.51,7.0601,21.1803,218.39,222.5,205.64,377.92,375.02,366.78,373.1,7.2867,8.3066,5.587,1.4354,1.4955,0.8788,2.5066,0.6847,1.0826,0.7393,4.5885,1.5913,1.8482,1.1489,0.8353,0.9025,0.81,0.7652,50.2,347.75,202.63,1,1,2025-09-30 09:00:20,15.6,75.2,,1,0,,0
2025-09-30 09:01:05,278.41,3.8457,215.27,7.1063,21.3189,218.56,221.62,205.64,377.68,373.62,367.22,372.84,7.4322,8.3133,5.5734,1.4653,1.4886,0.8918,2.4992,0.6985,1.0821,0.7186,4.6129,1.6244,1.8424,1.1461,0.8384,0.9026,0.8088,0.7786,50.2,347.8,202.67,1,1,2025-09-30 09:01:05,15.6,75,,1,0,,0
2025-09-30 09:02:12,278.5,3.8259,215.77,7.0765,21.229599999999998,217.95,222.32,207.04,376.46,376.3,368.23,373.57,7.2028,8.244,5.7828,1.4048,1.5037,0.9175,2.5113,0.6985,1.0446,0.7682,4.5999,1.5699,1.8328,1.1973,0.8359,0.8954,0.8212,0.7667,50.2,347.91,202.72,1,1,2025-09-30 09:02:12,15.5,75.1,,1,0,,0
2025-09-30 09:02:57,278.54,3.7974,215.2,7.0502,21.1508,218.49,222.35,204.76,378.36,374.15,365.64,372.56,7.4007,8.3557,5.3944,1.4664,1.4839,0.8471,2.5012,0.6788,1.1145,0.7079,4.5794,1.617,1.8579,1.1046,0.8351,0.9074,0.7996,0.7673,50.1,347.96,202.75,1,1,2025-09-30 09:02:57,15.5,75.3,,1,0,,0
2025-09-30 09:03:42,278.59,3.7853,215.89,7.022,21.0661,218.7,221.44,207.54,377.28,375.93,368.46,373.87,7.2467,8.1824,5.637,1.4143,1.4704,0.9006,2.5144,0.7131,1.0555,0.7457,4.5667,1.5849,1.8119,1.1699,0.8329,0.8929,0.8123,0.7702,50.1,348.02,202.78,1,1,2025-09-30 09:03:42,15.5,76.1,,1,0,,0
2025-09-30 09:04:27,278.64,3.8027,216.05,7.0449,21.1348,218.84,221.69,207.64,376.96,376.57,368.94,374.22,7.266,8.1844,5.6844,1.4174,1.4748,0.9105,2.5225,0.7184,1.0539,0.7502,4.5848,1.5901,1.8144,1.1803,0.8333,0.8919,0.8136,0.7717,50.1,348.08,202.82,1,1,2025-09-30 09:04:27,15.5,75.6,,1,0,,0
2025-09-30 09:05:57,278.73,3.8357,216.17,7.0933,21.2799,218.45,221.62,208.46,376.94,377.04,369.14,374.28,7.2482,8.2639,5.7678,1.4124,1.4989,0.9244,2.5313,0.7136,1.0496,0.7681,4.6172,1.5834,1.8314,1.2024,0.8346,0.8925,0.8191,0.7691,50.1,348.19,202.88,1,1,2025-09-30 09:05:57,15.5,76.2,,1,0,,0
2025-09-30 09:06:42,278.77,0.3049,217.5,0.4615,1.3847,222.85,222.07,207.58,380.46,377.88,371.56,376.75,0.0,1.3847,0.0,0,0.3049,0,0.0368,0,0.0368,0,0.3075,0,0.3075,0,0.9927,1,0.9927,1,50.1,348.24,202.9,0,1,2025-09-30 09:06:42,15.4,74.5,,0,0,,1
2025-09-30 09:07:27,278.77,0.3017,216.29,0.4579,1.3739,222.29,221.51,205.07,380.44,374.95,368.31,374.83,0.0,1.3739,0.0,0,0.3017,0,0.0371,0,0.0371,0,0.3043,0,0.3043,0,0.9925,1,0.9925,1,50.1,348.24,202.9,0,1,2025-09-30 09:07:27,15.4,76.9,,0,0,,1
2025-09-30 09:08:12,278.78,0.3033,217.65,0.4573,1.3719,222.52,223.21,207.23,381.32,379.2,370.16,376.6,0.0,1.3719,0.0,0,0.3033,0,0.0391,0,0.0391,0,0.3062,0,0.3062,0,0.9918,1,0.9918,1,50.1,348.24,202.9,0,1,2025-09-30 09:08:12,15.5,80.8,,0,0,,1
2025-09-30 09:08:57,278.78,0.3015,216.9,0.4554,1.3662,222.99,222.81,204.92,381.47,376.3,369.09,375.78,0.0,1.3662,0.0,0,0.3015,0,0.0392,0,0.0392,0,0.3044,0,0.3044,0,0.9916,1,0.9916,1,50,348.25,202.9,0,1,2025-09-30 09:08:57,15.7,84.2,,0,0,,1
2025-09-30 09:09:42,278.78,0.3003,216.46,0.455,1.3651,221.22,221.97,206.19,378.95,376.05,369.54,374.8,0.0,1.3651,0.0,0,0.3003,0,0.0379,0,0.0379,0,0.303,0,0.303,0,0.9921,1,0.9921,1,50.1,348.25,202.9,0,1,2025-09-30 09:09:42,16.0,86.2,,0,0,,1
2025-09-30 09:10:27,278.79,0.3011,216.4,0.4554,1.3662,221.21,222.41,205.58,378.34,377.15,368.61,374.75,0.0,1.3662,0.0,0,0.3011,0,0.0384,0,0.0384,0,0.3039,0,0.3039,0,0.9919,1,0.9919,1,50.1,348.26,202.91,0,1,2025-09-30 09:10:27,16.2,87.6,,0,0,,1
2025-09-30 09:11:12,278.79,0.299,215.81,0.4541,1.3623,221.31,221.48,204.65,378.61,375.01,367.53,373.96,0.0,1.3623,0.0,0,0.299,0,0.0376,0,0.0376,0,0.3017,0,0.3017,0,0.9921,1,0.9921,1,50.1,348.26,202.91,0,1,2025-09-30 09:11:12,16.5,88.9,,0,0,,1
2025-09-30 09:11:57,278.8,0.2992,215.3,0.454,1.3621,220.75,221.67,203.5,378.35,374.43,365.74,372.76,0.0,1.3621,0.0,0,0.2992,0,0.0377,0,0.0377,0,0.3019,0,0.3019,0,0.9921,1,0.9921,1,50.1,348.26,202.91,0,1,2025-09-30 09:11:57,16.7,90,,0,0,,1
2025-09-30 09:12:42,278.8,0.2979,215.81,0.4531,1.3595,221.59,221.09,204.77,377.85,375.02,368.22,373.71,0.0,1.3595,0.0,0,0.2979,0,0.0375,0,0.0375,0,0.3006,0,0.3006,0,0.9921,1,0.9921,1,50,348.27,202.91,0,1,2025-09-30 09:12:42,16.9,91.1,,0,0,,1
2025-09-30 09:13:27,278.8,0.2971,214.88,0.4522,1.3566,220.77,220.97,202.91,378.76,372.62,365.04,372.04,0.0,1.3566,0.0,0,0.2971,0,0.0376,0,0.0376,0,0.2998,0,0.2998,0,0.992,1,0.992,1,50,348.27,202.91,0,1,2025-09-30 09:13:27,17.0,91.4,,0,0,,1
2025-09-30 09:14:12,278.81,0.2978,215.38,0.4528,1.3585,220.38,221.15,204.63,378.27,374.45,366.27,372.92,0.0,1.3585,0.0,0,0.2978,0,0.0376,0,0.0376,0,0.3004,0,0.3004,0,0.9921,1,0.9921,1,50,348.27,202.91,0,1,2025-09-30 09:14:12,17.2,91.9,,0,0,,1
2025-09-30 09:14:57,278.81,0.2994,215.18,0.4532,1.3596,217.68,222.31,205.57,377.21,375.45,365.36,372.59,0.0,1.3596,0.0,0,0.2994,0,0.0386,0,0.0386,0,0.3023,0,0.3023,0,0.9917,1,0.9917,1,50,348.28,202.91,0,1,2025-09-30 09:14:57,17.4,92.8,,0,0,,1
2025-09-30 09:15:42,278.81,0.2991,214.93,0.4532,1.3596,217.68,222.05,205.08,375.97,374.47,366.23,372.2,0.0,1.3596,0.0,0,0.2991,0,0.0385,0,0.0385,0,0.3019,0,0.3019,0,0.9918,1,0.9918,1,50,348.28,202.91,0,1,2025-09-30 09:15:42,17.5,93.4,,0,0,,1
2025-09-30 09:16:27,278.82,0.2994,214.94,0.4524,1.3574,217.85,222.7,204.29,377.18,374.21,365.39,372.53,0.0,1.3574,0.0,0,0.2994,0,0.0389,0,0.0389,0,0.3023,0,0.3023,0,0.9916,1,0.9916,1,50,348.29,202.91,0,1,2025-09-30 09:16:27,17.6,93.8,,0,0,,1
2025-09-30 09:17:12,278.82,0.299,216.32,0.4528,1.3586,220.81,222.14,206.02,378.83,375.16,369.88,374.65,0.0,1.3586,0.0,0,0.299,0,0.0383,0,0.0383,0,0.3018,0,0.3018,0,0.9918,1,0.9918,1,50.1,348.29,202.91,0,1,2025-09-30 09:17:12,17.8,94.3,,0,0,,1
2025-09-30 09:17:57,278.83,0.2988,216.67,0.4528,1.3585,221.06,222.05,206.91,378.33,377.15,370.09,374.99,0.0,1.3585,0.0,0,0.2988,0,0.0382,0,0.0382,0,0.3017,0,0.3017,0,0.9919,1,0.9919,1,50.1,348.29,202.91,0,1,2025-09-30 09:17:57,18.0,94.5,,0,0,,1
2025-09-30 09:18:42,278.83,0.3003,215.82,0.4531,1.3593,221.05,223.03,203.39,380.14,374.94,366.2,373.82,0.0,1.3593,0.0,0,0.3003,0,0.0389,0,0.0389,0,0.3032,0,0.3032,0,0.9917,1,0.9917,1,50.1,348.3,202.91,0,1,2025-09-30 09:18:42,18.0,94.4,,0,0,,1
2025-09-30 09:19:27,278.83,0.3004,215.64,0.4533,1.36,220.93,222.99,203.01,379.43,374.65,366.23,372.94,0.0,1.36,0.0,0,0.3004,0,0.0388,0,0.0388,0,0.3033,0,0.3033,0,0.9917,1,0.9917,1,50.1,348.3,202.91,0,1,2025-09-30 09:19:27,18.2,94.5,,0,0,,1
2025-09-30 09:20:12,278.84,4.0016,215.41,7.3872,22.1617,219.87,222.07,204.3,376.7,375.33,366.95,373.21,8.0244,8.5034,5.6339,1.5933,1.5194,0.8889,2.6036,0.7554,1.118,0.7302,4.8037,1.7643,1.8884,1.151,0.8381,0.9035,0.8054,0.7727,50.1,348.31,202.91,1,1,2025-09-30 09:20:12,18.3,94.8,,1,0,,0
2025-09-30 09:20:57,278.88,3.838,214.27,7.1228,21.3684,219.76,221.81,201.26,377.91,372.16,363.18,370.77,7.5978,8.52,5.2506,1.5331,1.4859,0.819,2.4895,0.6586,1.1644,0.6665,4.6163,1.6697,1.8898,1.0567,0.8389,0.9188,0.7871,0.7756,50.1,348.36,202.94,1,1,2025-09-30 09:20:57,18.4,94.7,,1,0,,0
2025-09-30 09:21:42,278.93,3.804,214.67,7.0645,21.1936,219.54,220.69,203.8,377.04,373.09,365.18,371.83,7.4648,8.3455,5.3833,1.4867,1.4645,0.8528,2.4906,0.6874,1.114,0.6892,4.5777,1.6388,1.8418,1.0971,0.8366,0.9076,0.7959,0.7777,50.2,348.42,202.97,1,1,2025-09-30 09:21:42,18.3,92.7,,1,0,,0
2025-09-30 09:22:27,278.98,3.8656,216.02,7.1347,21.4041,220.52,221.58,205.96,377.87,376.49,367.82,373.86,7.328,8.3259,5.7502,1.451,1.4966,0.9179,2.5318,0.709,1.0755,0.7473,4.6451,1.616,1.8449,1.1843,0.8365,0.8984,0.812,0.7755,50.1,348.48,203.01,1,1,2025-09-30 09:22:27,18.1,89.3,,1,0,,0
2025-09-30 09:23:12,279.03,3.8643,214.83,7.1417,21.4253,218.23,220.07,206.19,375.81,373.9,366.42,372.09,7.4881,8.3308,5.6064,1.4717,1.4852,0.9074,2.4944,0.7078,1.0715,0.7151,4.6235,1.6341,1.8334,1.156,0.8401,0.9011,0.8109,0.7854,50.2,348.54,203.04,1,1,2025-09-30 09:23:12,18.0,87.3,,1,0,,0
2025-09-30 09:23:57,279.08,3.8788,215.46,7.157,21.4711,216.54,221.91,207.95,375.87,376.31,367.31,373.14,7.251,8.3742,5.8459,1.4105,1.5369,0.9314,2.5091,0.6874,1.0415,0.7802,4.6441,1.5701,1.8583,1.2157,0.8396,0.8989,0.8278,0.7665,50.2,348.6,203.07,1,1,2025-09-30 09:23:57,17.8,85.7,,1,0,,0
2025-09-30 09:24:42,279.13,3.8579,215.39,7.1286,21.3859,216.47,222.46,207.24,375.03,376.47,367.5,372.99,7.2443,8.3505,5.7911,1.4108,1.5304,0.9166,2.5057,0.6825,1.0495,0.7738,4.626,1.5682,1.8577,1.2001,0.8386,0.9002,0.8247,0.7641,50.2,348.66,203.1,1,1,2025-09-30 09:24:42,17.6,84,,1,0,,0
2025-09-30 09:25:27,279.17,3.8893,214.11,7.1828,21.5486,215.27,220.66,206.4,374.46,373.12,364.92,371,7.3897,8.4273,5.7316,1.4396,1.5326,0.9171,2.4706,0.6747,1.0497,0.7462,4.6334,1.5908,1.8596,1.183,0.8441,0.9054,0.825,0.7756,50.2,348.71,203.13,1,1,2025-09-30 09:25:27,17.5,82.9,,1,0,,0
2025-09-30 09:26:12,279.22,3.8541,214.3,7.1349,21.4048,216.81,220.24,205.86,375.86,372.62,365.03,371.05,7.4198,8.4304,5.5546,1.459,1.5099,0.8853,2.4755,0.6752,1.0775,0.7227,4.6089,1.6087,1.8567,1.1435,0.8413,0.9075,0.8139,0.7746,50.2,348.77,203.16,1,1,2025-09-30 09:26:12,17.3,82,,1,0,,0
2025-09-30 09:26:57,279.27,3.8946,214.46,7.1862,21.5586,216.43,219.5,207.45,373.19,374.24,366.75,371.37,7.352,8.3379,5.8687,1.4264,1.516,0.9522,2.4825,0.7031,1.0218,0.7577,4.6388,1.5912,1.8302,1.2175,0.8432,0.8969,0.8292,0.7824,50.1,348.83,203.19,1,1,2025-09-30 09:26:57,17.2,81.1,,1,0,,0
2025-09-30 09:27:42,279.32,3.8956,213.51,7.1984,21.5953,216.02,219.09,205.42,373.91,371.55,363.89,370.1,7.55,8.4257,5.6196,1.4779,1.5074,0.9103,2.4585,0.6873,1.0625,0.7088,4.6313,1.631,1.846,1.1544,0.8456,0.9067,0.8173,0.789,50.1,348.88,203.22,1,1,2025-09-30 09:27:42,17.1,79.1,,1,0,,0
2025-09-30 09:28:27,279.37,3.8414,214.74,7.1118,21.3354,216.78,220.54,206.91,374.5,374.46,366.73,371.85,7.1984,8.3347,5.8023,1.4022,1.5176,0.9216,2.4851,0.6825,1.034,0.7686,4.5992,1.5605,1.8381,1.2006,0.8396,0.8991,0.8264,0.7679,50.1,348.94,203.25,1,1,2025-09-30 09:28:27,16.9,78.4,,1,0,,0
2025-09-30 09:29:12,279.42,3.8631,214.88,7.1385,21.4156,217.11,220.85,206.68,374.37,374.76,367.21,371.98,7.2601,8.2896,5.8659,1.4121,1.5117,0.9394,2.4933,0.6982,1.0294,0.7656,4.6194,1.5762,1.8308,1.2124,0.8401,0.8963,0.8265,0.7751,50.1,349,203.29,1,1,2025-09-30 09:29:12,16.8,78.5,,1,0,,0
2025-09-30 09:29:57,279.46,3.9523,213.52,7.282,21.846,216.49,220.12,203.95,373.16,372.41,363.7,369.71,7.6143,8.5773,5.6544,1.5047,1.5395,0.9081,2.4701,0.6705,1.0897,0.7098,4.6897,1.6484,1.888,1.1532,0.848,0.9134,0.8162,0.7878,50.1,349.06,203.32,1,1,2025-09-30 09:29:57,16.7,78.3,,1,0,,0
2025-09-30 09:32:12,279.61,3.8752,213.31,7.179,21.537100000000002,216.18,221.12,202.63,374.43,371.01,362.85,369.57,7.5952,8.5078,5.4341,1.5025,1.5132,0.8595,2.4605,0.6593,1.1141,0.6871,4.6243,1.6419,1.8812,1.1011,0.8442,0.9157,0.8052,0.781,50,349.23,203.41,1,1,2025-09-30 09:32:12,16.4,76.3,,1,0,,0
2025-09-30 09:32:57,279.66,3.8492,214.6,7.1306,21.391800000000003,215.62,222.38,205.82,374.53,374.11,366.35,371.33,7.2497,8.3656,5.7765,1.4101,1.5311,0.908,2.492,0.6722,1.0532,0.7666,4.6124,1.5632,1.8603,1.1889,0.8394,0.9026,0.8238,0.764,50,349.29,203.44,1,1,2025-09-30 09:32:57,16.3,76.6,,1,0,,0
2025-09-30 09:33:42,279.71,3.8423,214.71,7.1228,21.368499999999997,217.6,222.36,204.17,376.05,373.47,365.99,371.7,7.4431,8.431,5.4944,1.4723,1.507,0.863,2.4994,0.672,1.1116,0.7157,4.6161,1.6196,1.8747,1.1218,0.8382,0.9097,0.8047,0.7697,50,349.35,203.47,1,1,2025-09-30 09:33:42,16.2,75.7,,1,0,,0
2025-09-30 09:34:27,279.75,3.8107,214.68,7.0777,21.233199999999997,217.23,221.96,204.87,376.36,373.8,365.29,371.73,7.2885,8.3372,5.6075,1.4307,1.5013,0.8787,2.4925,0.6754,1.0782,0.7389,4.5826,1.5833,1.8505,1.1488,0.8368,0.9043,0.8122,0.7653,50,349.4,203.5,1,1,2025-09-30 09:34:27,16.1,75.7,,1,0,,0
2025-09-30 09:35:12,279.8,3.8382,215.11,7.1065,21.3197,217.51,221.65,206.18,374.34,375.3,367.84,372.61,7.1818,8.2541,5.8838,1.3969,1.5082,0.9331,2.5029,0.6967,1.032,0.7742,4.6048,1.5621,1.8295,1.2131,0.8376,0.8948,0.8252,0.7695,50,349.46,203.53,1,1,2025-09-30 09:35:12,16.1,75.3,,1,0,,0
2025-09-30 09:36:42,279.9,3.8402,213.71,7.1281,21.384500000000003,217.07,221.56,202.52,375.08,371.59,363.69,369.92,7.5257,8.4646,5.3942,1.4931,1.5006,0.8465,2.4709,0.66,1.1214,0.6895,4.6015,1.6336,1.8754,1.0924,0.8409,0.9146,0.801,0.7753,50,349.57,203.6,1,1,2025-09-30 09:36:42,15.9,75.6,,1,0,,0
2025-09-30 09:37:27,279.95,3.8509,214.82,7.1326,21.398,217.54,222.57,204.37,374.55,374.65,366.76,372,7.2867,8.4309,5.6804,1.4374,1.5272,0.8862,2.5016,0.6657,1.0868,0.7491,4.6225,1.5851,1.8765,1.1609,0.8385,0.9074,0.8147,0.7637,50,349.63,203.63,1,1,2025-09-30 09:37:27,15.9,75.7,,1,0,,0
2025-09-30 09:38:12,280,3.8148,214.84,7.0851,21.2553,217.76,222.65,204.11,375.24,374.67,366.15,372,7.282,8.4187,5.5546,1.4404,1.5137,0.8607,2.4995,0.6605,1.102,0.737,4.5939,1.5857,1.8744,1.1337,0.8364,0.9089,0.8084,0.7595,50,349.69,203.66,1,1,2025-09-30 09:38:12,15.8,76.3,,1,0,,0
2025-09-30 09:38:57,280.04,3.8906,214.11,7.1985,21.5957,217.01,221.84,203.49,375.47,372.85,364.1,370.81,7.5423,8.5434,5.51,1.4953,1.5271,0.8682,2.4892,0.6626,1.1184,0.7082,4.6533,1.6368,1.8953,1.1212,0.8423,0.9142,0.8067,0.7749,50,349.75,203.69,1,1,2025-09-30 09:38:57,15.8,76.6,,1,0,,0
2025-09-30 09:40:27,280.14,3.8278,213.95,7.111,21.3331,213.51,221.94,206.42,372.05,373.98,365.56,370,7.1338,8.3081,5.8912,1.3681,1.5364,0.9234,2.4734,0.6672,1.0159,0.7903,4.5831,1.5231,1.8439,1.2161,0.8399,0.8988,0.8341,0.7597,50,349.87,203.75,1,1,2025-09-30 09:40:27,15.8,77,,1,0,,0
2025-09-30 09:41:12,280.18,3.8322,214.08,7.1151,21.345299999999998,213.38,221.25,207.62,373.08,373.62,365.66,369.82,7.1776,8.2755,5.8922,1.3702,1.5268,0.9352,2.4769,0.6821,1.007,0.7878,4.5859,1.5316,1.831,1.2233,0.8398,0.8952,0.8347,0.7648,50,349.92,203.78,1,1,2025-09-30 09:41:12,15.8,75.7,,1,0,,0
2025-09-30 09:41:57,280.23,3.8974,214.1,7.2079,21.623800000000003,213.35,222.01,206.96,371.72,374.38,366.25,370.57,7.2541,8.4402,5.9295,1.3958,1.5643,0.9372,2.485,0.6661,1.0277,0.7912,4.6486,1.5477,1.8738,1.2272,0.8431,0.9024,0.8357,0.7641,50,349.98,203.81,1,1,2025-09-30 09:41:57,15.7,76.1,,1,0,,0
2025-09-30 09:42:42,280.28,3.9112,214.47,7.2164,21.6493,215.45,221.49,206.48,372.23,374.57,367.36,371.54,7.291,8.3593,5.999,1.409,1.5422,0.96,2.4952,0.6921,1.0211,0.782,4.661,1.5708,1.8515,1.2387,0.843,0.8975,0.8337,0.7753,50,350.04,203.85,1,1,2025-09-30 09:42:42,15.7,75.4,,1,0,,0
2025-09-30 09:43:27,280.33,3.9537,214.99,7.2653,21.7959,215.93,220.72,208.32,373.02,375.56,368.33,372.22,7.3125,8.2769,6.2065,1.4011,1.5372,1.0155,2.5092,0.7259,0.9839,0.7994,4.6988,1.579,1.8269,1.2929,0.8443,0.8878,0.8422,0.7857,50,350.09,203.87,1,1,2025-09-30 09:43:27,15.7,75.8,,1,0,,0
2025-09-30 09:44:19,280.41,3.9395,214.45,7.2544,21.7632,215.57,221.31,206.48,373.34,374.33,366.48,371.38,7.3757,8.3671,6.0204,1.426,1.5418,0.9718,2.497,0.7007,1.022,0.7743,4.6848,1.59,1.8517,1.2431,0.8446,0.8975,0.8334,0.7821,50,350.18,203.92,1,1,2025-09-30 09:44:19,15.7,75,,1,0,,0
2025-09-30 09:45:04,280.46,3.9249,214.34,7.2367,21.7102,215.36,221.88,205.78,372.71,374.18,366.6,371.15,7.3323,8.3993,5.9786,1.4217,1.5494,0.9538,2.4927,0.6845,1.0322,0.776,4.673,1.5791,1.8636,1.2303,0.8441,0.901,0.8322,0.7756,50,350.24,203.95,1,1,2025-09-30 09:45:04,15.7,75.9,,1,0,,0
2025-09-30 09:45:49,280.5,3.9346,214.37,7.2506,21.752,215.69,221.53,205.9,373.54,374.36,365.83,371.01,7.3319,8.4215,5.9986,1.4235,1.5521,0.9589,2.4948,0.686,1.0314,0.7774,4.6821,1.5814,1.8656,1.2351,0.8445,0.9008,0.8328,0.7768,49.9,350.3,203.98,1,1,2025-09-30 09:45:49,15.6,74.3,,1,0,,0
2025-09-30 09:46:34,280.55,3.9238,214.76,7.2283,21.685000000000002,215.62,221.27,207.39,373.37,375.03,367.34,371.77,7.3376,8.2742,6.0732,1.4097,1.5288,0.9853,2.5037,0.7161,1.004,0.7837,4.6725,1.5821,1.8308,1.2595,0.843,0.8915,0.8358,0.7826,50,350.36,204.01,1,1,2025-09-30 09:46:34,15.6,74,,1,0,,0
2025-09-30 09:47:19,280.6,3.8415,214.41,7.1161,21.3484,215.82,220.86,206.55,373.02,373.76,367.13,371.16,7.3097,8.1941,5.8446,1.4082,1.4927,0.9407,2.4855,0.7093,1.0203,0.7559,4.5945,1.5776,1.8097,1.2072,0.8395,0.8931,0.8255,0.7794,50,350.42,204.05,1,1,2025-09-30 09:47:19,15.5,74.4,,1,0,,0
2025-09-30 09:48:04,280.65,3.8565,213.61,7.1473,21.442,214.06,221.37,205.42,372.95,372.43,364.51,369.96,7.4135,8.3425,5.686,1.4338,1.5163,0.9063,2.4641,0.6776,1.0507,0.7358,4.6017,1.5869,1.8468,1.168,0.8426,0.9041,0.8219,0.7763,50,350.47,204.08,1,1,2025-09-30 09:48:04,15.5,74.4,,1,0,,0
2025-09-30 09:48:49,280.7,3.948,215.62,7.2517,21.7552,215.45,221.84,209.58,372.24,376.83,371.03,373.36,7.1991,8.2114,6.3447,1.3657,1.5458,1.0364,2.5257,0.7332,0.9603,0.8322,4.7024,1.551,1.8216,1.3297,0.8423,0.881,0.8494,0.7797,50,350.53,204.11,1,1,2025-09-30 09:48:49,15.5,74.2,,1,0,,0
2025-09-30 09:49:34,280.75,3.8718,214.46,7.1599,21.4797,215.72,222.22,205.44,374.28,374,365.93,371.38,7.4007,8.3796,5.6994,1.4435,1.5228,0.9055,2.4897,0.6797,1.0684,0.7416,4.6295,1.5965,1.8621,1.1709,0.8411,0.9047,0.8186,0.7736,50,350.59,204.14,1,1,2025-09-30 09:49:34,15.5,74.7,,1,0,,0
2025-09-30 09:50:19,280.8,3.9062,214.26,7.2147,21.644199999999998,214.2,223.48,205.1,374.61,374.15,364.48,371.17,7.3856,8.5108,5.7478,1.4393,1.5652,0.9016,2.4883,0.6535,1.0763,0.7584,4.6629,1.582,1.902,1.1789,0.8434,0.9105,0.8239,0.7652,50,350.65,204.17,1,1,2025-09-30 09:50:19,15.5,74.1,,1,0,,0
2025-09-30 09:51:25,280.88,3.8384,215.14,7.1129,21.338700000000003,216.2,221.88,207.36,373.37,375.96,368.34,372.38,7.2199,8.2643,5.8545,1.3943,1.5125,0.9316,2.5107,0.6996,1.0334,0.7777,4.6086,1.5609,1.8337,1.214,0.8368,0.8937,0.8256,0.7676,49.9,350.75,204.23,1,1,2025-09-30 09:51:25,15.4,74.3,,1,0,,0
2025-09-30 09:52:10,280.93,3.8897,214.24,7.1956,21.587,215.64,221.19,205.91,374.28,374.93,363.9,371.19,7.441,8.4388,5.7072,1.4508,1.5276,0.9113,2.4932,0.6829,1.0692,0.7411,4.6463,1.6046,1.8666,1.1752,0.8419,0.9047,0.8192,0.7757,49.9,350.81,204.26,1,1,2025-09-30 09:52:10,15.4,73.9,,1,0,,0
2025-09-30 09:52:55,280.98,3.9087,215.64,7.2053,21.616,215.72,220.95,210.25,373.13,377.25,369.92,373.46,7.1808,8.1791,6.2561,1.3601,1.5258,1.0227,2.53,0.7393,0.9646,0.826,4.6716,1.549,1.8072,1.3153,0.8394,0.8785,0.8452,0.7779,49.9,350.87,204.29,1,1,2025-09-30 09:52:55,15.4,75.7,,1,0,,0
2025-09-30 09:53:40,281.03,3.9305,214.34,7.2507,21.752200000000002,216.36,222.15,204.51,375.75,372.88,365.03,371.32,7.6072,8.568,5.577,1.5015,1.5411,0.888,2.4994,0.6711,1.1135,0.7148,4.6898,1.6459,1.9034,1.1406,0.8438,0.9129,0.8105,0.7789,50,350.92,204.32,1,1,2025-09-30 09:53:40,15.4,75.2,,1,0,,0
2025-09-30 09:54:25,281.08,3.8308,215,7.1013,21.3039,216.95,221.29,206.76,375.51,375.04,366.48,372.28,7.282,8.2712,5.7507,1.4151,1.4985,0.9172,2.5034,0.7001,1.0476,0.7558,4.5992,1.5798,1.8303,1.189,0.8371,0.8963,0.8195,0.7717,50,350.98,204.35,1,1,2025-09-30 09:54:25,15.3,74,,1,0,,0
2025-09-30 09:55:10,281.09,0.3054,216.51,0.4611,1.3834,218.25,222.75,208.55,375.91,377.84,371.03,374.99,0.0,1.3834,0.0,0,0.3054,0,0.0387,0,0.0387,0,0.3082,0,0.3082,0,0.992,1,0.992,1,50,351,204.36,0,1,2025-09-30 09:55:10,15.2,73.4,,0,0,,1
2025-09-30 09:55:55,281.1,0.3009,215.53,0.4568,1.3704,217.12,221.5,207.99,373.79,376.01,369.87,373.42,0.0,1.3704,0.0,0,0.3009,0,0.0376,0,0.0376,0,0.3035,0,0.3035,0,0.9922,1,0.9922,1,50,351.01,204.36,0,1,2025-09-30 09:55:56,15.2,75.7,,0,0,,1
2025-09-30 09:56:40,281.1,0.3003,214.5,0.4541,1.3625,214.62,222.57,206.32,373.76,374.61,366.09,371.66,0.0,1.3625,0.0,0,0.3003,0,0.0392,0,0.0392,0,0.3033,0,0.3033,0,0.9915,1,0.9915,1,50,351.01,204.36,0,1,2025-09-30 09:56:40,15.3,78,,0,0,,1
2025-09-30 09:57:25,281.1,0.3011,214.38,0.4555,1.3666,214.96,222.43,205.76,374.88,373.45,365.56,371.39,0.0,1.3666,0.0,0,0.3011,0,0.0387,0,0.0387,0,0.304,0,0.304,0,0.9918,1,0.9918,1,50,351.01,204.36,0,1,2025-09-30 09:57:25,15.5,81.3,,0,0,,1
2025-09-30 09:58:31,281.11,0.2998,214.58,0.4545,1.3636,214.95,221.92,206.89,373.14,374.29,367.41,371.56,0.0,1.3636,0.0,0,0.2998,0,0.0387,0,0.0387,0,0.3026,0,0.3026,0,0.9917,1,0.9917,1,50,351.02,204.36,0,1,2025-09-30 09:58:31,15.9,86.2,,0,0,,1
2025-09-30 09:59:16,281.11,0.2955,214.86,0.4519,1.3559,215.46,219.81,209.33,373.47,374.46,368.45,372.14,0.0,1.3559,0.0,0,0.2955,0,0.0368,0,0.0368,0,0.298,0,0.298,0,0.9923,1,0.9923,1,50,351.02,204.36,0,1,2025-09-30 09:59:17,16.2,87.7,,0,0,,1
2025-09-30 10:00:01,281.12,0.2941,215.28,0.4515,1.3547,215.79,218.95,211.11,371.56,376.19,370.7,372.74,0.0,1.3547,0.0,0,0.2941,0,0.036,0,0.036,0,0.2966,0,0.2966,0,0.9925,1,0.9925,1,50,351.03,204.36,0,1,2025-09-30 10:00:01,16.4,89.2,,0,0,,1
2025-09-30 10:00:46,281.12,0.2944,213.48,0.4518,1.3555,215.37,219.05,206.04,374.42,371.03,363.85,369.69,0.0,1.3555,0.0,0,0.2944,0,0.0361,0,0.0361,0,0.2969,0,0.2969,0,0.9925,1,0.9925,1,49.9,351.03,204.37,0,1,2025-09-30 10:00:46,16.6,89.9,,0,0,,1
2025-09-30 10:01:31,281.12,0.2958,214.93,0.4517,1.3553,215.09,220.24,209.46,375.35,374.22,367.24,371.98,0.0,1.3553,0.0,0,0.2958,0,0.0375,0,0.0375,0,0.2985,0,0.2985,0,0.992,1,0.992,1,50,351.04,204.37,0,1,2025-09-30 10:01:31,16.8,90.4,,0,0,,1
2025-09-30 10:02:16,281.13,0.2949,215.78,0.4511,1.3535,215.94,219.8,211.61,373.57,376.67,370.89,373.8,0.0,1.3535,0.0,0,0.2949,0,0.0372,0,0.0372,0,0.2975,0,0.2975,0,0.9921,1,0.9921,1,50,351.04,204.37,0,1,2025-09-30 10:02:16,17.0,91.1,,0,0,,1
2025-09-30 10:03:01,281.13,0.2947,215.37,0.4506,1.3518,215.28,219.99,210.84,374.8,375.01,369.26,373.12,0.0,1.3518,0.0,0,0.2947,0,0.0374,0,0.0374,0,0.2974,0,0.2974,0,0.992,1,0.992,1,50,351.04,204.37,0,1,2025-09-30 10:03:01,17.2,91.8,,0,0,,1
2025-09-30 10:03:46,281.14,0.294,215.61,0.4506,1.3518,214.85,219.45,212.55,373.66,376.23,370.44,373.53,0.0,1.3518,0.0,0,0.294,0,0.0371,0,0.0371,0,0.2967,0,0.2967,0,0.9921,1,0.9921,1,49.9,351.05,204.37,0,1,2025-09-30 10:03:46,17.4,92.5,,0,0,,1
2025-09-30 10:04:31,281.14,0.2923,215.43,0.4498,1.3495,215.68,218.45,212.17,374.01,374.36,371.02,373.12,0.0,1.3495,0.0,0,0.2923,0,0.0359,0,0.0359,0,0.2948,0,0.2948,0,0.9925,1,0.9925,1,49.9,351.05,204.37,0,1,2025-09-30 10:04:31,17.6,93.2,,0,0,,1
2025-09-30 10:05:38,281.15,0.2903,215.86,0.449,1.347,215.36,217.37,214.87,373.84,376.18,371.63,373.7,0.0,1.347,0.0,0,0.2903,0,0.0354,0,0.0354,0,0.2928,0,0.2928,0,0.9926,1,0.9926,1,49.9,351.06,204.37,0,1,2025-09-30 10:05:38,17.9,93.9,,0,0,,1
2025-09-30 10:06:23,281.15,0.2918,215.18,0.4501,1.3503,215.85,217.92,211.78,374.84,374.14,369.12,372.89,0.0,1.3503,0.0,0,0.2918,0,0.0359,0,0.0359,0,0.2943,0,0.2943,0,0.9925,1,0.9925,1,49.9,351.06,204.37,0,1,2025-09-30 10:06:23,18.1,94.1,,0,0,,1
2025-09-30 10:07:08,281.15,0.2935,215.23,0.4503,1.3511,215.77,219.18,210.75,376.06,374.06,368.27,372.6,0.0,1.3511,0.0,0,0.2935,0,0.0371,0,0.0371,0,0.2961,0,0.2961,0,0.9921,1,0.9921,1,49.9,351.06,204.37,0,1,2025-09-30 10:07:08,18.2,94.1,,0,0,,1
2025-09-30 10:07:53,281.16,0.2929,215.21,0.4495,1.3487,215.38,219.12,211.13,374.58,375.02,368.63,372.64,0.0,1.3487,0.0,0,0.2929,0,0.037,0,0.037,0,0.2955,0,0.2955,0,0.9921,1,0.9921,1,49.9,351.07,204.37,0,1,2025-09-30 10:07:53,18.3,94.1,,0,0,,1
2025-09-30 10:08:38,281.18,3.6406,215.38,6.8591,20.5774,216.68,217.84,211.63,374.18,375.33,369.57,372.9,7.0551,7.8241,5.6982,1.3229,1.3919,0.9258,2.5169,0.7643,0.9806,0.772,4.439,1.5287,1.7044,1.2059,0.8225,0.8658,0.8175,0.768,49.9,351.1,204.39,1,1,2025-09-30 10:08:38,18.4,94.1,,1,0,,0
2025-09-30 10:09:23,281.23,3.6492,214.54,6.8742,20.622799999999998,216.37,217.08,210.18,374.46,373.45,366.82,371.43,7.2532,7.9057,5.4639,1.3747,1.3823,0.8923,2.4919,0.7552,1.0144,0.7223,4.4339,1.5694,1.7162,1.1484,0.8258,0.8764,0.8061,0.7772,49.9,351.16,204.42,1,1,2025-09-30 10:09:23,18.3,92.7,,1,0,,0
2025-09-30 10:10:08,281.28,3.6492,214.94,6.8671,20.6015,217.07,217.04,210.71,374.92,373.82,368.04,372.19,7.1932,7.8677,5.5406,1.3614,1.3814,0.9063,2.4989,0.7626,1.0011,0.7352,4.4365,1.5614,1.7076,1.1675,0.825,0.8724,0.8097,0.7766,49.9,351.21,204.45,1,1,2025-09-30 10:10:09,18.3,90.4,,1,0,,0
2025-09-30 10:10:53,281.32,3.6383,215.12,6.8492,20.5477,217.73,216.87,210.77,373.89,374.76,369.01,372.73,7.1972,7.789,5.5615,1.3595,1.3641,0.9146,2.5032,0.7775,0.9936,0.7321,4.4284,1.567,1.6892,1.1722,0.8238,0.868,0.8083,0.7806,49.9,351.27,204.48,1,1,2025-09-30 10:10:53,18.1,87.1,,1,0,,0
2025-09-30 10:11:38,281.37,3.6164,214.53,6.826,20.478,217.51,216.98,209.12,375.82,372.78,366.08,371.18,7.2322,7.8348,5.411,1.376,1.3594,0.8811,2.4878,0.7605,1.0181,0.7092,4.4046,1.5731,1.7,1.1315,0.8238,0.8752,0.8004,0.7789,49.8,351.33,204.52,1,1,2025-09-30 10:11:38,17.9,84.7,,1,0,,0
2025-09-30 10:12:23,281.41,3.6406,214.73,6.8523,20.5571,217.82,215.99,210.38,373.21,373.62,368.79,371.89,7.2122,7.7238,5.6211,1.3571,1.351,0.9325,2.4922,0.7896,0.9764,0.7262,4.4218,1.571,1.6683,1.1826,0.8251,0.8643,0.8104,0.7889,49.8,351.38,204.54,1,1,2025-09-30 10:12:23,17.7,83.3,,1,0,,0
2025-09-30 10:13:08,281.46,3.6313,214.5,6.8448,20.5345,217.29,216.79,209.44,373.36,373.58,367.52,371.43,7.1902,7.8342,5.5101,1.3636,1.3692,0.8985,2.4867,0.7609,1.0024,0.7234,4.4148,1.5624,1.6984,1.154,0.825,0.8732,0.8068,0.7789,49.9,351.43,204.57,1,1,2025-09-30 10:13:08,17.5,81.7,,1,0,,0
2025-09-30 10:13:53,281.5,3.5663,214,6.7591,20.2775,217.9,216.19,207.91,375.66,371.13,365.09,370.14,7.2601,7.7871,5.2303,1.3874,1.3293,0.8495,2.4667,0.7582,1.0306,0.6779,4.3529,1.582,1.6835,1.0874,0.8224,0.8775,0.7902,0.7816,49.9,351.49,204.61,1,1,2025-09-30 10:13:53,17.4,81,,1,0,,0
2025-09-30 10:14:38,281.55,3.5909,214.64,6.7858,20.3575,215.88,217.47,210.57,373,374.37,367.83,371.46,6.9966,7.6834,5.6775,1.302,1.3681,0.9208,2.4821,0.7637,0.9569,0.7615,4.3768,1.5104,1.6709,1.1955,0.8226,0.8625,0.8194,0.7706,49.9,351.54,204.64,1,1,2025-09-30 10:14:38,17.2,80.2,,1,0,,0
2025-09-30 10:15:23,281.59,3.6139,214.76,6.8155,20.4466,216.18,217.24,210.88,373.28,374.25,368.33,371.91,7.0801,7.7076,5.6589,1.3207,1.3669,0.9263,2.4884,0.772,0.9648,0.7516,4.3983,1.5306,1.6744,1.1933,0.8236,0.8633,0.8169,0.7765,49.9,351.6,204.67,1,1,2025-09-30 10:15:23,17.1,79.2,,1,0,,0
2025-09-30 10:16:08,281.64,3.6371,214.06,6.8513,20.553900000000002,214.86,217.64,209.68,371.67,373.66,366.85,370.94,7.0828,7.7994,5.6717,1.3252,1.3931,0.9188,2.4682,0.7464,0.9675,0.7544,4.4085,1.5218,1.6975,1.1892,0.8274,0.8713,0.8213,0.7728,49.9,351.65,204.7,1,1,2025-09-30 10:16:08,17.0,77.6,,1,0,,0
2025-09-30 10:16:53,281.68,3.5983,214.31,6.7936,20.3808,214.78,217.19,210.97,372.06,373.3,368.19,371.16,6.9566,7.6083,5.8159,1.2794,1.3695,0.9494,2.4682,0.77,0.9219,0.7763,4.3736,1.4941,1.6524,1.227,0.8246,0.8568,0.8295,0.7741,49.9,351.71,204.73,1,1,2025-09-30 10:16:53,16.8,77.6,,1,0,,0
2025-09-30 10:17:38,281.73,3.5677,214,6.7568,20.2705,214.77,217.34,209.89,371.99,372.54,367.38,370.74,7.0482,7.6758,5.5465,1.3114,1.3583,0.898,2.4607,0.7545,0.966,0.7402,4.3462,1.5137,1.6683,1.1642,0.8231,0.8667,0.8149,0.7716,49.9,351.76,204.76,1,1,2025-09-30 10:17:38,16.7,76,,1,0,,0
2025-09-30 10:18:23,281.77,3.5932,214.12,6.7905,20.3717,216.32,216.85,209.19,372.88,372.26,367.38,370.76,7.1421,7.7474,5.4822,1.3458,1.3563,0.8911,2.4667,0.7569,0.989,0.7208,4.3718,1.545,1.68,1.1468,0.8244,0.8716,0.808,0.7774,49.9,351.81,204.79,1,1,2025-09-30 10:18:23,16.6,76.3,,1,0,,0
2025-09-30 10:19:08,281.82,3.5608,214.67,6.7448,20.2345,216.39,217.6,210.02,372.89,373.61,368.85,371.67,6.9794,7.639,5.6161,1.301,1.353,0.9068,2.4817,0.7654,0.9631,0.7533,4.352,1.5103,1.6622,1.1795,0.8204,0.8619,0.8146,0.7692,49.9,351.87,204.82,1,1,2025-09-30 10:19:08,16.5,76,,1,0,,0
2025-09-30 10:19:53,281.86,3.5483,214.24,6.7315,20.194499999999998,216.45,217.47,208.82,372.67,372.35,368.13,370.93,7.0156,7.6325,5.5464,1.3128,1.343,0.8924,2.4718,0.7614,0.973,0.7375,4.3366,1.5185,1.6598,1.1582,0.8205,0.865,0.8098,0.7708,49.8,351.92,204.85,1,1,2025-09-30 10:19:53,16.5,76.8,,1,0,,0
2025-09-30 10:20:38,281.91,3.5654,214.78,6.7538,20.2616,216.77,217.98,209.61,372.21,374.44,369.23,372.04,6.9541,7.6691,5.6384,1.3005,1.36,0.9048,2.4894,0.7606,0.9695,0.7594,4.361,1.5074,1.6717,1.1819,0.8199,0.8632,0.8142,0.7659,49.8,351.98,204.88,1,1,2025-09-30 10:20:38,16.4,74.9,,1,0,,0
2025-09-30 10:21:23,281.95,3.5365,213.68,6.7253,20.1759,216.17,217.95,206.92,372.98,371.92,365.3,369.7,7.0997,7.7806,5.2956,1.3488,1.3498,0.8379,2.4591,0.7301,1.0239,0.7051,4.3263,1.5347,1.6958,1.0958,0.821,0.8794,0.7967,0.7651,49.8,352.04,204.92,1,1,2025-09-30 10:21:23,16.4,75.3,,1,0,,0
2025-09-30 10:22:08,282,3.5317,214.99,6.7044,20.113300000000002,216.94,217.41,210.64,371.19,375.48,370.23,372.24,6.8277,7.4663,5.8193,1.2537,1.336,0.942,2.4897,0.787,0.9191,0.7836,4.3302,1.4812,1.6232,1.2258,0.8173,0.8469,0.8238,0.7687,49.8,352.09,204.95,1,1,2025-09-30 10:22:08,16.3,75.2,,1,0,,0
2025-09-30 10:22:53,282.04,3.5493,214.7,6.7395,20.2185,217.59,218.77,207.75,374.15,373.88,367.44,371.81,7.1433,7.8198,5.2554,1.3656,1.351,0.8327,2.4925,0.7402,1.047,0.7053,4.3569,1.5543,1.7107,1.0918,0.8183,0.8791,0.7904,0.763,49.8,352.14,204.98,1,1,2025-09-30 10:22:53,16.2,73.7,,1,0,,0
2025-09-30 10:23:38,282.08,3.5552,215.33,6.7454,20.2363,218.2,219.89,207.92,376.56,374.12,368.17,372.62,7.044,7.8107,5.3816,1.3454,1.3642,0.8456,2.5126,0.7409,1.0401,0.7316,4.3734,1.537,1.7175,1.1189,0.8166,0.8759,0.7952,0.7562,49.8,352.2,205.01,1,1,2025-09-30 10:23:38,16.1,74.5,,1,0,,0
2025-09-30 10:24:23,282.13,3.5628,216.48,6.7426,20.227899999999998,218.72,219.45,211.28,373.89,377.37,373.35,374.84,6.8269,7.5146,5.8864,1.2611,1.3528,0.949,2.5412,0.7978,0.9404,0.8031,4.3859,1.4932,1.6491,1.2437,0.8141,0.845,0.8211,0.7633,49.9,352.25,205.04,1,1,2025-09-30 10:24:23,16.1,74.2,,1,0,,0
2025-09-30 10:25:08,282.17,3.5557,215.21,6.7436,20.230800000000002,217.07,221.03,207.53,375.59,374.71,367.86,372.75,7.068,7.8616,5.3012,1.3524,1.3776,0.8257,2.5043,0.7222,1.0558,0.7263,4.3721,1.5343,1.7376,1.1002,0.8175,0.8821,0.7936,0.7508,49.9,352.3,205.07,1,1,2025-09-30 10:25:08,16.0,73.7,,1,0,,0
2025-09-30 10:25:53,282.22,3.5309,215.97,6.705,20.115099999999998,216.94,220.23,210.74,374,376.45,371.59,374.17,6.8077,7.6283,5.6791,1.2657,1.3684,0.8968,2.5224,0.759,0.9715,0.7919,4.3537,1.4769,1.68,1.1968,0.8137,0.8576,0.8153,0.7496,49.9,352.36,205.1,1,1,2025-09-30 10:25:53,15.9,73.8,,1,0,,0
2025-09-30 10:26:38,282.26,3.5789,216.29,6.7684,20.305300000000003,217.33,222.09,209.46,375.11,376.29,372.27,374.69,6.9088,7.859,5.5375,1.3125,1.4067,0.8598,2.535,0.7271,1.03,0.7779,4.4068,1.5015,1.7454,1.1599,0.816,0.8747,0.8068,0.7415,49.9,352.41,205.13,1,1,2025-09-30 10:26:38,15.9,73.8,,1,0,,0
2025-09-30 10:27:23,282.3,3.5421,215.31,6.7206,20.162,217.35,221.5,207.09,377.88,373.62,367.3,372.89,7.1217,7.8769,5.1634,1.3705,1.3701,0.8015,2.5009,0.7173,1.0769,0.7067,4.3619,1.5479,1.7447,1.0693,0.8169,0.8859,0.7862,0.75,50,352.47,205.17,1,1,2025-09-30 10:27:23,15.8,73.6,,1,0,,0
2025-09-30 10:28:08,282.35,3.5105,217.26,6.668,20.0041,220.08,220.79,210.92,377.19,378.47,373.05,376.41,6.8747,7.5967,5.5327,1.2951,1.3398,0.8756,2.5565,0.7801,1.0058,0.7706,4.3572,1.513,1.6773,1.167,0.8083,0.8566,0.7997,0.7506,50,352.53,205.2,1,1,2025-09-30 10:28:08,15.7,72.8,,1,0,,0
2025-09-30 10:28:53,282.39,3.5187,216.88,6.687,20.061,220.01,221.98,208.66,377.95,377.72,371.07,375.64,7.0026,7.8145,5.2439,1.3496,1.358,0.8112,2.5503,0.7409,1.076,0.7334,4.3695,1.5406,1.7347,1.0942,0.8096,0.8765,0.7837,0.7417,50,352.58,205.23,1,1,2025-09-30 10:28:53,15.6,73.7,,1,0,,0
2025-09-30 10:29:38,282.44,3.5383,217.57,6.7099,20.1299,220.4,222.65,209.68,378.77,378.83,372.75,377.06,6.9698,7.7667,5.3934,1.3349,1.3638,0.8397,2.5746,0.7579,1.06,0.7567,4.3963,1.5361,1.7293,1.1309,0.8086,0.8696,0.7895,0.7428,50,352.63,205.26,1,1,2025-09-30 10:29:38,15.6,73.9,,1,0,,0
2025-09-30 10:30:23,282.48,3.4799,217.54,6.6345,19.9037,220.36,221.74,210.53,377.19,378.87,374.06,376.82,6.8593,7.6297,5.4147,1.2992,1.3371,0.8436,2.5691,0.7702,1.0331,0.7658,4.3433,1.5115,1.6918,1.14,0.8045,0.8602,0.7913,0.7404,50,352.69,205.29,1,1,2025-09-30 10:30:23,15.6,75.7,,1,0,,0
2025-09-30 10:31:08,282.53,3.5026,217.6,6.6649,19.9949,220.61,222.42,209.77,379.07,378.86,372.55,377.01,6.9372,7.7275,5.3302,1.3275,1.3484,0.8268,2.5736,0.7594,1.0624,0.7519,4.3673,1.5304,1.7188,1.1181,0.8058,0.868,0.7854,0.7398,50,352.74,205.33,1,1,2025-09-30 10:31:08,15.6,74,,1,0,,0
2025-09-30 10:31:53,282.57,3.5103,217.52,6.6758,20.0275,219.41,221.82,211.34,376.7,379.72,373.6,376.71,6.8214,7.6546,5.5515,1.2833,1.3598,0.8672,2.5708,0.768,1.0135,0.7893,4.3679,1.4967,1.6979,1.1733,0.8067,0.858,0.8018,0.7395,50,352.8,205.36,1,1,2025-09-30 10:31:53,15.6,73.4,,1,0,,0
2025-09-30 10:32:38,282.61,3.458,217.23,6.608,19.823999999999998,219.69,221.83,210.18,378.12,378.23,372.26,375.95,6.8721,7.6097,5.3422,1.3,1.3288,0.8292,2.5599,0.7656,1.038,0.7563,4.3206,1.5097,1.6881,1.1228,0.8037,0.8616,0.788,0.7388,49.9,352.85,205.39,1,1,2025-09-30 10:32:38,15.5,71.5,,1,0,,0
2025-09-30 10:33:23,282.65,3.4411,217.7,6.5897,19.7693,219.51,223.39,210.21,378.42,379.45,373.14,377.12,6.7302,7.6427,5.3964,1.2725,1.3496,0.8189,2.5746,0.7483,1.0422,0.7842,4.319,1.4773,1.7073,1.1344,0.8006,0.862,0.7914,0.7222,49.9,352.9,205.42,1,1,2025-09-30 10:33:23,15.4,71.6,,1,0,,0
2025-09-30 10:34:08,282.67,0.3061,218.61,0.4612,1.3836,220.78,223.37,211.68,379.08,381.23,375.36,378.45,0.0,1.3836,0.0,0,0.3061,0,0.0396,0,0.0396,0,0.3091,0,0.3091,0,0.9917,1,0.9917,1,49.9,352.93,205.44,0,1,2025-09-30 10:34:08,15.4,71,,0,0,,1
2025-09-30 10:34:53,282.68,0.3073,219.03,0.46,1.38,218.63,225.07,213.41,379.43,382.57,375.99,379.22,0.0,1.38,0.0,0,0.3073,0,0.0416,0,0.0416,0,0.3106,0,0.3106,0,0.9909,1,0.9909,1,50,352.93,205.44,0,1,2025-09-30 10:34:53,15.3,73.7,,0,0,,1
2025-09-30 10:35:38,282.68,0.3058,218.88,0.4583,1.3749,218.56,224.79,213.31,378.98,381.35,376.84,379,0.0,1.3749,0.0,0,0.3058,0,0.0416,0,0.0416,0,0.3091,0,0.3091,0,0.9908,1,0.9908,1,50,352.94,205.44,0,1,2025-09-30 10:35:38,15.4,77.6,,0,0,,1
2025-09-30 10:36:23,282.69,0.306,219.06,0.4575,1.3726,219.41,225.5,212.28,381.38,381.73,375.08,379.24,0.0,1.3726,0.0,0,0.306,0,0.0429,0,0.0429,0,0.3095,0,0.3095,0,0.9903,1,0.9903,1,49.9,352.94,205.44,0,1,2025-09-30 10:36:23,15.6,80.4,,0,0,,1
2025-09-30 10:37:08,282.69,0.3024,219.54,0.4552,1.3656,221.37,223.87,213.39,381.51,381.76,377.38,380.13,0.0,1.3656,0.0,0,0.3024,0,0.0414,0,0.0414,0,0.3057,0,0.3057,0,0.9907,1,0.9907,1,49.9,352.95,205.44,0,1,2025-09-30 10:37:08,15.8,83.2,,0,0,,1
2025-09-30 10:37:53,282.69,0.3027,219.37,0.4553,1.366,221.33,223.97,212.82,381.36,381.83,376.55,379.58,0.0,1.366,0.0,0,0.3027,0,0.0413,0,0.0413,0,0.3059,0,0.3059,0,0.9908,1,0.9908,1,49.9,352.95,205.44,0,1,2025-09-30 10:37:53,16.1,87,,0,0,,1
2025-09-30 10:38:38,282.7,0.3036,219.9,0.455,1.3651,222.21,224.99,212.5,383.3,382.77,376.43,380.64,0.0,1.3651,0.0,0,0.3036,0,0.0431,0,0.0431,0,0.3071,0,0.3071,0,0.99,1,0.99,1,49.9,352.95,205.44,0,1,2025-09-30 10:38:38,16.5,90.3,,0,0,,1
2025-09-30 10:39:23,282.7,0.3047,220.48,0.4556,1.3668,222.26,225.6,213.58,384.01,383.63,377.89,381.81,0.0,1.3668,0.0,0,0.3047,0,0.0438,0,0.0438,0,0.3084,0,0.3084,0,0.9898,1,0.9898,1,49.9,352.96,205.44,0,1,2025-09-30 10:39:23,16.8,90.6,,0,0,,1
2025-09-30 10:40:08,282.71,0.305,221.06,0.4559,1.3677,222.73,225.6,214.86,384.04,384.9,379.59,383.12,0.0,1.3677,0.0,0,0.305,0,0.0432,0,0.0432,0,0.3086,0,0.3086,0,0.9901,1,0.9901,1,50,352.96,205.44,0,1,2025-09-30 10:40:08,17.0,90.2,,0,0,,1
2025-09-30 10:40:53,282.71,0.3056,220.5,0.4557,1.3672,222.53,226.16,212.83,384.9,383.42,377.37,381.83,0.0,1.3672,0.0,0,0.3056,0,0.0438,0,0.0438,0,0.3092,0,0.3092,0,0.9898,1,0.9898,1,49.9,352.96,205.44,0,1,2025-09-30 10:40:53,17.1,90.4,,0,0,,1
2025-09-30 10:41:38,282.71,0.3064,221.53,0.456,1.3682,222.83,226.75,215.01,385.29,385.94,379.75,383.6,0.0,1.3682,0.0,0,0.3064,0,0.0446,0,0.0446,0,0.3102,0,0.3102,0,0.9895,1,0.9895,1,49.9,352.97,205.44,0,1,2025-09-30 10:41:38,17.3,90.8,,0,0,,1
2025-09-30 10:42:23,282.72,0.3062,221.59,0.4557,1.3671,222.81,226.71,215.26,384.68,386.79,379.79,383.83,0.0,1.3671,0.0,0,0.3062,0,0.0444,0,0.0444,0,0.3099,0,0.3099,0,0.9896,1,0.9896,1,50,352.97,205.44,0,1,2025-09-30 10:42:23,17.5,91.9,,0,0,,1
2025-09-30 10:43:08,282.72,0.3076,221.19,0.4557,1.3673,222.35,227.96,213.26,385.02,386.66,377.47,383.16,0.0,1.3673,0.0,0,0.3076,0,0.0461,0,0.0461,0,0.3117,0,0.3117,0,0.9889,1,0.9889,1,49.9,352.98,205.44,0,1,2025-09-30 10:43:08,17.7,92.7,,0,0,,1
2025-09-30 10:43:53,282.72,0.3083,221.4,0.4565,1.3695,222.69,228.05,213.46,386.26,385.13,378.94,383.39,0.0,1.3695,0.0,0,0.3083,0,0.0459,0,0.0459,0,0.3123,0,0.3123,0,0.989,1,0.989,1,50,352.98,205.44,0,1,2025-09-30 10:43:53,17.9,93,,0,0,,1
2025-09-30 10:44:38,282.73,0.3074,222.16,0.4559,1.3677,223.06,227.61,215.81,385.87,386.77,381.59,384.64,0.0,1.3677,0.0,0,0.3074,0,0.045,0,0.045,0,0.3113,0,0.3113,0,0.9894,1,0.9894,1,50,352.98,205.44,0,1,2025-09-30 10:44:38,18.1,92.8,,0,0,,1
2025-09-30 10:45:23,282.76,3.2335,221.18,6.3714,19.1142,222.71,226.74,214.1,384.16,385.67,379.27,383.01,6.589,7.4017,5.1235,1.2269,1.2638,0.7428,2.7106,0.8031,1.1011,0.8065,4.2426,1.4674,1.6783,1.0969,0.7663,0.8367,0.7539,0.6774,50,353.02,205.47,1,1,2025-09-30 10:45:23,18.2,92.6,,1,0,,0
2025-09-30 10:46:08,282.8,3.2922,221.64,6.4403,19.320999999999998,224.19,226.37,214.38,385.48,386.23,379.8,383.65,6.6842,7.4411,5.1957,1.252,1.2703,0.7699,2.7279,0.8212,1.1027,0.804,4.2968,1.4985,1.6844,1.1139,0.77,0.8361,0.7551,0.6916,50,353.07,205.5,1,1,2025-09-30 10:46:08,18.2,89.7,,1,0,,0
2025-09-30 10:46:53,282.84,3.3114,221.25,6.4536,19.360799999999998,222.6,225.5,215.66,382.98,386.6,379.87,383.79,6.597,7.4002,5.3636,1.2183,1.289,0.8042,2.7045,0.8176,1.0565,0.8304,4.294,1.4685,1.6687,1.1567,0.7745,0.8303,0.7734,0.6956,50,353.13,205.53,1,1,2025-09-30 10:46:53,18.1,86.6,,1,0,,0
2025-09-30 10:48:30,282.94,3.2935,220.86,6.433,19.299,222.87,225.34,214.39,383.27,385.19,378.98,382.4,6.6595,7.4116,5.2279,1.2396,1.2734,0.7805,2.6952,0.8141,1.0775,0.8036,4.2751,1.4842,1.6701,1.1208,0.7738,0.8358,0.7633,0.6967,50,353.26,205.62,1,1,2025-09-30 10:48:30,17.7,81.8,,1,0,,0
2025-09-30 10:49:15,282.98,3.2859,221.8,6.4253,19.2761,223.68,225.69,216.05,384.99,386.2,381.2,384.11,6.6356,7.328,5.3125,1.2229,1.2635,0.7995,2.7255,0.839,1.0639,0.8226,4.2859,1.4843,1.6539,1.1478,0.7696,0.8246,0.7649,0.6969,50,353.31,205.65,1,1,2025-09-30 10:49:15,17.5,80.1,,1,0,,0
2025-09-30 10:50:00,283.02,3.2809,221.93,6.4288,19.2864,223.49,226.04,216.28,385.21,386.65,381.2,384.25,6.587,7.3918,5.3076,1.2164,1.2766,0.7879,2.7357,0.827,1.0747,0.834,4.2909,1.4721,1.6708,1.1479,0.768,0.8269,0.7649,0.6867,50,353.37,205.69,1,1,2025-09-30 10:50:00,17.3,78.7,,1,0,,0
2025-09-30 10:50:45,283.06,3.2764,221.5,6.4279,19.2839,223.06,226.85,214.59,385.68,386.22,378.91,383.72,6.6071,7.5347,5.1421,1.2405,1.2922,0.7437,2.724,0.7937,1.1158,0.8145,4.2865,1.4738,1.7092,1.1034,0.7689,0.8423,0.7568,0.6743,50,353.42,205.72,1,1,2025-09-30 10:50:45,17.1,76.9,,1,0,,0
2025-09-30 10:51:30,283.11,3.2712,222.11,6.4222,19.2667,223.96,226.6,215.79,385.75,387.04,381.19,384.68,6.6267,7.3956,5.2444,1.2283,1.2683,0.7746,2.7471,0.8308,1.0921,0.8242,4.2916,1.4841,1.6758,1.1317,0.7657,0.8283,0.7577,0.6848,50,353.48,205.75,1,1,2025-09-30 10:51:30,17.0,76.1,,1,0,,0
2025-09-30 10:52:16,283.15,3.2747,222.63,6.4337,19.3012,224.96,227.57,215.37,387.26,387.8,381.59,385.57,6.651,7.4498,5.2004,1.2432,1.271,0.7605,2.7711,0.8305,1.1189,0.8216,4.3116,1.4962,1.6954,1.12,0.7633,0.8315,0.7505,0.6792,50,353.53,205.79,1,1,2025-09-30 10:52:16,16.8,74.3,,1,0,,0
2025-09-30 10:53:00,283.19,3.2874,222.37,6.4462,19.3388,223.39,227.77,215.96,387.02,387.17,381.19,385.05,6.6405,7.4329,5.2654,1.2301,1.2832,0.7741,2.76,0.8269,1.1011,0.8321,4.3135,1.4834,1.693,1.1371,0.7658,0.8299,0.7589,0.6811,49.9,353.58,205.82,1,1,2025-09-30 10:53:00,16.7,73,,1,0,,0
2025-09-30 10:54:52,283.3,3.2719,223.52,6.4343,19.3029,225.12,227.71,217.73,389.2,389.11,383.05,387.12,6.6083,7.4023,5.2923,1.2201,1.2723,0.7795,2.7985,0.8489,1.1021,0.8475,4.3255,1.4877,1.6856,1.1523,0.7599,0.8208,0.7558,0.6769,50,353.73,205.92,1,1,2025-09-30 10:54:52,16.2,71.3,,1,0,,0
2025-09-30 10:55:37,283.34,3.2496,223.52,6.4103,19.231,225.71,227.63,217.24,388.68,388.99,383.66,387.11,6.6026,7.4016,5.2268,1.2241,1.2613,0.7642,2.801,0.848,1.1139,0.839,4.3106,1.4903,1.6848,1.1355,0.7574,0.822,0.7495,0.6733,50,353.79,205.96,1,1,2025-09-30 10:55:37,16.1,70.9,,1,0,,0
2025-09-30 10:56:22,283.38,3.2573,223.56,6.4241,19.2723,225.89,227.94,216.87,389.8,388.79,383,387.36,6.703,7.4936,5.0757,1.2576,1.261,0.7386,2.805,0.841,1.1488,0.8152,4.323,1.5141,1.7081,1.1008,0.7577,0.8312,0.7392,0.6714,50,353.84,205.99,1,1,2025-09-30 10:56:22,15.9,70.6,,1,0,,0
2025-09-30 10:57:08,283.42,3.2554,224.32,6.4187,19.2563,226.37,227.94,218.65,389.16,390.44,385.84,388.6,6.637,7.3274,5.2919,1.2196,1.2504,0.7854,2.8282,0.8754,1.104,0.8488,4.3297,1.5024,1.6702,1.1571,0.7549,0.8123,0.7496,0.6791,50,353.9,206.03,1,1,2025-09-30 10:57:08,15.8,70.9,,1,0,,0
2025-09-30 10:57:52,283.46,3.2416,224.45,6.4123,19.236900000000002,226.63,229.21,217.51,390.18,391.16,384.75,388.68,6.6159,7.4691,5.1519,1.2363,1.2659,0.7394,2.8363,0.846,1.1492,0.8411,4.3319,1.4994,1.712,1.1206,0.7525,0.8252,0.7404,0.6602,50.1,353.95,206.06,1,1,2025-09-30 10:57:52,15.6,71.1,,1,0,,0
2025-09-30 10:58:37,283.5,3.2474,224.44,6.4208,19.2625,226.11,230.43,216.78,392.13,390.41,383.62,388.31,6.6013,7.506,5.1552,1.237,1.2794,0.731,2.8372,0.833,1.16,0.8442,4.3398,1.4926,1.7296,1.1175,0.753,0.8294,0.7408,0.6545,50,354,206.1,1,1,2025-09-30 10:58:37,15.6,71.5,,1,0,,0
2025-09-30 10:59:22,283.55,3.2746,223.9,6.4346,19.3038,222.91,229.3,219.49,385.62,391.66,385.89,387.72,6.3849,7.2587,5.6602,1.139,1.3031,0.8325,2.8042,0.8513,1.0316,0.9213,4.33,1.4233,1.6644,1.2424,0.7595,0.8009,0.784,0.6704,50.1,354.06,206.13,1,1,2025-09-30 10:59:22,15.5,71.9,,1,0,,0
2025-09-30 11:00:07,283.59,3.2511,223.16,6.4168,19.2506,223.07,230.26,216.15,389.04,389.23,381.24,386.49,6.6053,7.595,5.0503,1.2406,1.3037,0.7068,2.7854,0.7926,1.1619,0.8308,4.3139,1.4734,1.7488,1.0916,0.7594,0.8426,0.7465,0.6479,50.1,354.12,206.17,1,1,2025-09-30 11:00:07,15.5,71.5,,1,0,,0
2025-09-30 11:00:52,283.62,3.2638,223.67,6.4239,19.2718,222.82,229.35,218.85,387.66,390,384.47,387.36,6.4425,7.3406,5.4887,1.1644,1.3013,0.7981,2.7982,0.8371,1.0643,0.8967,4.3203,1.4355,1.6836,1.2012,0.7591,0.8119,0.774,0.6648,50,354.16,206.2,1,1,2025-09-30 11:00:52,15.4,70.6,,1,0,,0
2025-09-30 11:01:58,283.7,3.2738,223.31,6.4441,19.3325,224.22,229.63,216.09,390.43,388.52,381.4,386.69,6.6436,7.5883,5.1006,1.2503,1.2987,0.7249,2.7951,0.8075,1.1582,0.8294,4.3343,1.4896,1.7425,1.1022,0.7605,0.84,0.7463,0.658,50,354.27,206.27,1,1,2025-09-30 11:01:58,15.3,72.9,,1,0,,0
2025-09-30 11:02:43,283.74,3.2637,223.81,6.4295,19.2886,223.73,229.01,218.69,389.33,389.64,383.93,387.64,6.4451,7.3249,5.5186,1.1651,1.2935,0.8051,2.8099,0.8475,1.0642,0.8982,4.3263,1.442,1.6775,1.2069,0.7578,0.8086,0.7722,0.6674,50,354.32,206.3,1,1,2025-09-30 11:02:43,15.3,71.9,,1,0,,0
2025-09-30 11:03:28,283.75,0.319,224.62,0.4665,1.3995,225.99,230.7,217.17,390.11,392.05,384.78,388.97,0.0,1.3995,0.0,0,0.319,0,0.0453,0,0.0453,0,0.3229,0,0.3229,0,0.99,1,0.99,1,50,354.33,206.3,0,1,2025-09-30 11:03:28,15.2,72.2,,0,0,,1
2025-09-30 11:04:13,283.75,0.3171,224.65,0.4638,1.3916,225.93,230.69,217.34,390.7,391.94,384.52,389.19,0.0,1.3916,0.0,0,0.3171,0,0.0459,0,0.0459,0,0.321,0,0.321,0,0.9896,1,0.9896,1,50,354.33,206.3,0,1,2025-09-30 11:04:13,15.2,73.3,,0,0,,1
2025-09-30 11:04:58,283.76,0.3167,225.31,0.4625,1.3876,227.15,231.29,217.5,392.23,391.82,386.55,390.2,0.0,1.3876,0.0,0,0.3167,0,0.0478,0,0.0478,0,0.3209,0,0.3209,0,0.9888,1,0.9888,1,50,354.33,206.3,0,1,2025-09-30 11:04:58,15.3,77.6,,0,0,,1
2025-09-30 11:05:43,283.76,0.3159,225.71,0.4616,1.3848,227.3,231.21,218.63,393.38,392.78,386.58,391.05,0.0,1.3848,0.0,0,0.3159,0,0.0476,0,0.0476,0,0.3202,0,0.3202,0,0.9888,1,0.9888,1,50.1,354.34,206.3,0,1,2025-09-30 11:05:43,15.6,81.6,,0,0,,1
2025-09-30 11:06:28,283.76,0.3138,225.75,0.4611,1.3835,227.06,229.84,220.35,391.12,392.66,389.1,390.83,0.0,1.3835,0.0,0,0.3138,0,0.0459,0,0.0459,0,0.318,0,0.318,0,0.9894,1,0.9894,1,50,354.34,206.3,0,1,2025-09-30 11:06:28,15.9,84.4,,0,0,,1
2025-09-30 11:07:13,283.77,0.3156,225.14,0.4617,1.3853,227.41,230.84,217.18,393.77,390.79,385.26,389.88,0.0,1.3853,0.0,0,0.3156,0,0.0473,0,0.0473,0,0.3198,0,0.3198,0,0.9889,1,0.9891,1,50.1,354.35,206.31,0,1,2025-09-30 11:07:13,16.2,87.5,,0,0,,1
2025-09-30 11:07:58,283.77,0.3169,225.93,0.462,1.386,225.94,231.56,220.29,392.37,394.25,387.24,391.62,0.0,1.386,0.0,0,0.3169,0,0.0485,0,0.0485,0,0.3209,0,0.3209,0,0.9885,1,0.9887,1,50.1,354.35,206.31,0,1,2025-09-30 11:07:58,16.4,88.3,,0,0,,1
2025-09-30 11:09:04,283.78,0.3172,225.56,0.462,1.386,225.96,231.89,218.85,392.09,393.24,386.62,390.68,0.0,1.386,0.0,0,0.3172,0,0.048,0,0.048,0,0.3214,0,0.3214,0,0.9887,1,0.9887,1,50.1,354.36,206.31,0,1,2025-09-30 11:09:04,16.9,90.1,,0,0,,1
2025-09-30 11:09:49,283.78,0.3186,226.41,0.4627,1.3881,226.06,232.86,220.32,393.09,394.84,388.42,392.06,0.0,1.3881,0.0,0,0.3186,0,0.0493,0,0.0493,0,0.3232,0,0.3232,0,0.9882,1,0.9882,1,50.1,354.36,206.31,0,1,2025-09-30 11:09:49,17.1,90.8,,0,0,,1
2025-09-30 11:10:34,283.79,0.3152,226.14,0.4605,1.3815,225.99,231.19,221.26,392.18,393.86,388.95,391.63,0.0,1.3815,0.0,0,0.3152,0,0.0471,0,0.0471,0,0.3194,0,0.3194,0,0.989,1,0.989,1,50.1,354.37,206.31,0,1,2025-09-30 11:10:34,17.2,91.1,,0,0,,1
2025-09-30 11:11:19,283.79,0.3169,227.04,0.4615,1.3845,227.56,232.11,221.45,394.58,396.35,388.7,393.17,0.0,1.3845,0.0,0,0.3169,0,0.0483,0,0.0483,0,0.3214,0,0.3214,0,0.9885,1,0.9885,1,50.1,354.37,206.31,0,1,2025-09-30 11:11:19,17.4,91.8,,0,0,,1
2025-09-30 11:12:04,283.79,0.316,226.49,0.4606,1.3818,227.93,231.75,219.79,395.56,394.21,387.07,392.08,0.0,1.3818,0.0,0,0.316,0,0.0475,0,0.0475,0,0.3202,0,0.3202,0,0.9888,1,0.9888,1,50.1,354.37,206.31,0,1,2025-09-30 11:12:04,17.6,92.6,,0,0,,1
2025-09-30 11:12:49,283.8,0.3153,227.34,0.4604,1.3812,228.19,231.32,222.51,395.2,395.72,390.31,393.69,0.0,1.3812,0.0,0,0.3153,0,0.0469,0,0.0469,0,0.3195,0,0.3195,0,0.9891,1,0.9891,1,50.1,354.38,206.31,0,1,2025-09-30 11:12:49,17.7,92.4,,0,0,,1
2025-09-30 11:13:34,283.8,0.3159,226.74,0.4605,1.3815,226.92,231.73,221.58,393.85,395.35,388.9,392.64,0.0,1.3815,0.0,0,0.3159,0,0.0471,0,0.0471,0,0.3201,0,0.3201,0,0.989,1,0.989,1,50.1,354.38,206.31,0,1,2025-09-30 11:13:34,17.8,92.9,,0,0,,1
2025-09-30 11:14:19,283.81,0.3135,226.78,0.459,1.3772,227.43,230.5,222.41,394.77,394.44,389.14,392.88,0.0,1.3772,0.0,0,0.3135,0,0.0454,0,0.0454,0,0.3174,0,0.3174,0,0.9896,1,0.9896,1,50.1,354.39,206.31,0,1,2025-09-30 11:14:19,17.9,93.1,,0,0,,1
2025-09-30 11:15:04,283.81,0.314,227.26,0.4591,1.3773,227.94,230.95,222.89,395.11,394.58,391.15,393.65,0.0,1.3773,0.0,0,0.314,0,0.0464,0,0.0464,0,0.3181,0,0.3181,0,0.9892,1,0.9892,1,50.1,354.39,206.31,0,1,2025-09-30 11:15:04,18.1,93.1,,0,0,,1
2025-09-30 11:15:49,283.81,0.3151,227.09,0.4591,1.3775,227.43,230.83,223.03,395.15,394.49,390.37,393.26,0.0,1.3775,0.0,0,0.314,0,0.0459,0,0.0459,0,0.318,0,0.318,0,0.9895,1,0.9894,1,50.1,354.39,206.31,0,1,2025-09-30 11:15:49,18.2,93.6,,0,0,,1
2025-09-30 11:16:34,283.84,3.2012,226,6.4036,19.211,224.14,231.02,222.85,392.46,393.96,387.92,391.48,6.4376,7.3398,5.4336,1.1475,1.2814,0.7723,2.9109,0.8726,1.1065,0.9318,4.3494,1.4429,1.6956,1.2109,0.7398,0.7959,0.7568,0.6381,50.1,354.43,206.33,1,1,2025-09-30 11:16:34,18.4,94.2,,1,0,,0
2025-09-30 11:17:19,283.88,3.2391,226.27,6.452,19.356099999999998,224.77,232.21,221.85,393.13,393.92,388.67,391.7,6.5062,7.4696,5.3803,1.1804,1.3011,0.7575,2.9253,0.861,1.1429,0.9214,4.3905,1.4624,1.7345,1.1936,0.7421,0.8079,0.7513,0.635,50.1,354.48,206.37,1,1,2025-09-30 11:17:19,18.4,92.4,,1,0,,0
2025-09-30 11:18:04,283.92,3.2258,226.82,6.4421,19.3263,225.86,231.45,223.16,394.22,394.01,390.35,392.82,6.577,7.401,5.3483,1.1861,1.2732,0.7666,2.9483,0.8922,1.1422,0.9139,4.392,1.4855,1.713,1.1935,0.7381,0.7991,0.7443,0.6426,50,354.54,206.41,1,1,2025-09-30 11:18:04,18.3,88.4,,1,0,,0
2025-09-30 11:18:49,283.96,3.2141,227.3,6.4359,19.3078,226.21,232.61,223.09,394.71,395.11,391.22,393.53,6.4798,7.3318,5.4962,1.1553,1.2773,0.7815,2.9688,0.8996,1.1256,0.9436,4.3974,1.4658,1.7055,1.2261,0.7345,0.789,0.7502,0.6378,50,354.59,206.44,1,1,2025-09-30 11:18:49,18.2,85.6,,1,0,,0
2025-09-30 11:19:34,284,3.2335,227.24,6.4534,19.3604,228.63,231.47,221.62,395.68,394.25,390.79,393.58,6.6814,7.4254,5.2536,1.2267,1.2511,0.7557,2.9676,0.9082,1.1748,0.8846,4.4106,1.5276,1.7188,1.1643,0.7367,0.8037,0.7289,0.6495,50,354.65,206.48,1,1,2025-09-30 11:19:34,18.0,82.4,,1,0,,0
2025-09-30 11:20:19,284.04,3.2084,227.56,6.4307,19.2923,228.51,231.81,222.36,395.93,395.38,391.07,394.05,6.5954,7.3743,5.3226,1.1979,1.251,0.7595,2.9805,0.9124,1.1612,0.9068,4.4001,1.5071,1.7094,1.1835,0.7326,0.7955,0.7329,0.642,50,354.7,206.52,1,1,2025-09-30 11:20:19,17.8,80.4,,1,0,,0
2025-09-30 11:21:04,284.08,3.1862,227.54,6.4058,19.217399999999998,228.39,232.13,222.1,396.6,394.96,390.74,394.23,6.5416,7.3776,5.2982,1.1894,1.2512,0.7456,2.9767,0.9019,1.1654,0.9094,4.3833,1.494,1.7126,1.1767,0.7307,0.7968,0.7317,0.634,50.1,354.76,206.56,1,1,2025-09-30 11:21:04,17.6,79.1,,1,0,,0
2025-09-30 11:21:49,284.12,3.1702,227.08,6.383,19.1491,228,231.04,222.21,395.64,394.13,390.16,393.37,6.6322,7.3996,5.1173,1.2128,1.2332,0.7242,2.957,0.901,1.1803,0.8756,4.3589,1.5121,1.7096,1.1371,0.7312,0.8027,0.7224,0.6373,50.1,354.81,206.59,1,1,2025-09-30 11:21:49,17.4,77.3,,1,0,,0
2025-09-30 11:22:34,284.16,3.1712,227.62,6.3895,19.1685,228.23,231.53,223.11,395.68,394.91,392.12,394.15,6.5663,7.2931,5.3091,1.1799,1.2333,0.7581,2.9811,0.9218,1.1499,0.9093,4.3717,1.4986,1.6886,1.1845,0.7286,0.788,0.7313,0.6403,50,354.87,206.63,1,1,2025-09-30 11:22:34,17.3,75.3,,1,0,,0
2025-09-30 11:23:19,284.2,3.17,227.11,6.3825,19.1477,228.02,231.26,222.07,395.33,394.28,390.48,393.42,6.6369,7.3761,5.1347,1.2112,1.2305,0.7283,2.9588,0.905,1.1776,0.8762,4.3594,1.5133,1.7058,1.1403,0.731,0.801,0.7224,0.6392,50,354.92,206.67,1,1,2025-09-30 11:23:19,17.0,74.9,,1,0,,0
2025-09-30 11:24:04,284.24,3.1916,227.93,6.4169,19.2507,228.76,231.61,223.42,396.38,395.64,392.29,394.57,6.6094,7.3011,5.3402,1.1881,1.2346,0.7689,2.9966,0.9331,1.152,0.9115,4.3961,1.512,1.691,1.1931,0.729,0.7864,0.7311,0.6447,50.1,354.98,206.71,1,1,2025-09-30 11:24:04,16.9,74.1,,1,0,,0
2025-09-30 11:24:49,284.28,3.1891,227.8,6.4151,19.2453,228.62,232.71,222.07,397.5,395.64,390.53,394.63,6.6492,7.4411,5.155,1.2203,1.2455,0.7233,2.99,0.9042,1.1994,0.8863,4.3965,1.5201,1.7316,1.1448,0.7295,0.8034,0.7203,0.6322,50.1,355.03,206.74,1,1,2025-09-30 11:24:49,16.6,72.9,,1,0,,0
2025-09-30 11:25:34,284.32,3.1903,227.86,6.4151,19.2454,228.8,232.09,222.71,397.53,394.86,391.63,394.69,6.5988,7.366,5.2806,1.1972,1.2431,0.75,2.992,0.9176,1.1697,0.9048,4.3954,1.5098,1.7096,1.176,0.7294,0.7937,0.7282,0.6381,50.1,355.09,206.78,1,1,2025-09-30 11:25:34,16.4,73.1,,1,0,,0
2025-09-30 11:26:19,284.36,3.1788,226.52,6.3761,19.1284,225.58,232.54,221.46,393.99,395.43,387.6,393.08,6.4434,7.4139,5.2711,1.1705,1.2793,0.729,2.9213,0.8591,1.1516,0.9106,4.3449,1.4535,1.724,1.1673,0.7363,0.8061,0.7432,0.625,50.1,355.14,206.82,1,1,2025-09-30 11:26:19,16.3,73.8,,1,0,,0
2025-09-30 11:27:04,284.4,3.1378,224.8,6.2855,18.8566,224.25,230.21,219.95,391.07,390.62,386.38,389.32,6.3428,7.2108,5.303,1.1381,1.2519,0.7479,2.8307,0.8506,1.0861,0.8939,4.2488,1.4224,1.66,1.1664,0.7425,0.8009,0.7553,0.6416,50.2,355.2,206.85,1,1,2025-09-30 11:27:04,16.1,73.4,,1,0,,0
2025-09-30 11:27:49,284.44,3.1679,225.23,6.3334,19.0002,224.19,232.1,219.4,392.22,392.16,385.9,389.75,6.3464,7.3715,5.2823,1.155,1.2864,0.7265,2.8538,0.8284,1.1235,0.9019,4.2927,1.4228,1.7109,1.1589,0.7429,0.8126,0.7531,0.6272,50.2,355.25,206.89,1,1,2025-09-30 11:27:49,16.0,72.3,,1,0,,0
2025-09-30 11:29:19,284.52,3.1723,224.71,6.3242,18.9726,225.29,229.29,219.57,391.02,390.98,385.61,389.27,6.4705,7.2865,5.2156,1.178,1.2484,0.7459,2.8305,0.856,1.1066,0.8679,4.2736,1.4577,1.6707,1.1452,0.7461,0.8089,0.7483,0.6518,50.2,355.35,206.96,1,1,2025-09-30 11:29:19,15.8,72.5,,1,0,,0
2025-09-30 11:30:04,284.56,3.1832,224.08,6.3253,18.976,224.13,229.62,218.49,390.63,389.84,383.86,388.14,6.4994,7.3187,5.1579,1.1902,1.2569,0.7361,2.8023,0.8378,1.1119,0.8526,4.2642,1.4567,1.6805,1.1269,0.7505,0.8177,0.7489,0.6534,50.2,355.41,206.99,1,1,2025-09-30 11:30:04,15.7,72.2,,1,0,,0
2025-09-30 11:30:49,284.6,3.1847,224.17,6.3261,18.9783,224,228.83,219.68,388.19,390.78,385.73,388.45,6.3793,7.1785,5.4205,1.1404,1.2568,0.7874,2.8051,0.8587,1.0539,0.8925,4.2624,1.429,1.6427,1.1908,0.7504,0.7988,0.7662,0.6615,50.2,355.46,207.03,1,1,2025-09-30 11:30:49,15.6,72.8,,1,0,,0
2025-09-30 11:31:34,284.64,3.1911,224.09,6.3365,19.0096,224.35,228.73,219.19,389.39,389.99,384.96,388.06,6.4701,7.2562,5.2833,1.1721,1.2539,0.7652,2.8046,0.8535,1.0832,0.8679,4.2693,1.4516,1.6597,1.158,0.7511,0.8083,0.7567,0.6613,50.1,355.51,207.06,1,1,2025-09-30 11:31:34,15.6,73,,1,0,,0
2025-09-30 11:32:19,284.68,3.2032,224.47,6.3583,19.075,225.77,230.05,217.59,392.24,390.45,383.66,388.65,6.588,7.403,5.084,1.2242,1.2553,0.7237,2.8252,0.8422,1.1474,0.8356,4.2967,1.4874,1.7031,1.1062,0.7499,0.8238,0.7381,0.6546,50.2,355.57,207.1,1,1,2025-09-30 11:32:19,15.5,72.8,,1,0,,0
2025-09-30 11:33:04,284.72,3.2126,225.21,6.3774,19.1324,226.24,229.43,219.96,391.7,391,387.46,390.24,6.591,7.3369,5.2045,1.2073,1.2488,0.7565,2.8563,0.873,1.1251,0.8582,4.3192,1.4911,1.6833,1.1448,0.7473,0.8103,0.7429,0.6612,50.2,355.62,207.14,1,1,2025-09-30 11:33:04,15.4,72,,1,0,,0
2025-09-30 11:33:49,284.76,3.2125,225.47,6.3809,19.1428,226.76,229.41,220.26,393.66,391.07,386.87,390.44,6.61,7.3448,5.188,1.2123,1.2455,0.7547,2.8671,0.8789,1.1312,0.857,4.3266,1.4989,1.685,1.1427,0.746,0.8096,0.7402,0.6609,50.2,355.68,207.17,1,1,2025-09-30 11:33:49,15.4,71.8,,1,0,,0
2025-09-30 11:34:34,284.76,0.3203,226.4,0.4672,1.4016,228.35,231.16,219.69,396.19,393.05,387.15,392,0.0,1.4016,0.0,0,0.3203,0,0.0442,0,0.0442,0,0.324,0,0.324,0,0.9905,1,0.9905,1,50.2,355.68,207.17,0,1,2025-09-30 11:34:34,15.3,72.6,,0,0,,1
2025-09-30 11:35:19,284.76,0.3188,225.97,0.4649,1.3948,226.04,231.4,220.49,392.32,393.51,388.27,391.42,0.0,1.3948,0.0,0,0.3188,0,0.0455,0,0.0455,0,0.3228,0,0.3228,0,0.9899,1,0.9899,1,50.2,355.68,207.17,0,1,2025-09-30 11:35:19,15.3,75.5,,0,0,,1
2025-09-30 11:36:04,284.77,0.3176,226.47,0.4632,1.3897,226.16,231.43,221.84,394.08,392.89,389.79,392.36,0.0,1.3897,0.0,0,0.3176,0,0.0458,0,0.0458,0,0.3216,0,0.3216,0,0.9897,1,0.9897,1,50.2,355.69,207.17,0,1,2025-09-30 11:36:04,15.5,78.7,,0,0,,1
2025-09-30 11:36:49,284.77,0.3174,226.1,0.4629,1.3889,227.29,231.43,219.6,395.92,391.72,387.27,391.72,0.0,1.3889,0.0,0,0.3174,0,0.0463,0,0.0463,0,0.3214,0,0.3214,0,0.9895,1,0.9895,1,50.2,355.69,207.17,0,1,2025-09-30 11:36:49,15.7,81.8,,0,0,,1
2025-09-30 11:37:34,284.78,0.3157,226.23,0.4618,1.3854,227.95,230.74,220,394.67,393.03,387.77,391.73,0.0,1.3854,0.0,0,0.3157,0,0.0456,0,0.0456,0,0.3197,0,0.3197,0,0.9897,1,0.9897,1,50.2,355.7,207.17,0,1,2025-09-30 11:37:34,15.9,84,,0,0,,1
2025-09-30 11:38:19,284.78,0.3131,225.83,0.4602,1.3807,229.44,229.51,218.55,395.65,390.62,387.18,391.25,0.0,1.3807,0.0,0,0.3131,0,0.0443,0,0.0443,0,0.3169,0,0.3169,0,0.9901,1,0.9901,1,50.1,355.7,207.17,0,1,2025-09-30 11:38:19,16.2,85.9,,0,0,,1
2025-09-30 11:39:04,284.78,0.3128,225.67,0.46,1.3802,229.65,229.36,218.01,395,391.02,386.53,390.77,0.0,1.3802,0.0,0,0.3128,0,0.0441,0,0.0441,0,0.3166,0,0.3166,0,0.9901,1,0.9901,1,50.2,355.7,207.17,0,1,2025-09-30 11:39:04,16.4,87.4,,0,0,,1
2025-09-30 11:39:49,284.79,0.3109,225.89,0.4589,1.3768,229.08,228.4,220.2,393.31,392.05,388.31,391.22,0.0,1.3768,0.0,0,0.3109,0,0.0431,0,0.0431,0,0.3145,0,0.3145,0,0.9905,1,0.9905,1,50.1,355.71,207.17,0,1,2025-09-30 11:39:49,16.6,88.5,,0,0,,1
2025-09-30 11:40:34,284.79,0.3135,225.65,0.46,1.3802,229.16,229.92,217.89,395.06,390.9,386.53,390.66,0.0,1.3802,0.0,0,0.3135,0,0.045,0,0.045,0,0.3173,0,0.3173,0,0.9898,1,0.9898,1,50.1,355.71,207.18,0,1,2025-09-30 11:40:34,16.8,89.5,,0,0,,1
2025-09-30 11:41:19,284.8,0.3116,225.89,0.4591,1.3773,228.29,228.91,220.49,393.68,392.21,387.84,391.25,0.0,1.3773,0.0,0,0.3116,0,0.0437,0,0.0437,0,0.3153,0,0.3153,0,0.9902,1,0.9902,1,50.1,355.72,207.18,0,1,2025-09-30 11:41:19,16.9,90.3,,0,0,,1
2025-09-30 11:42:04,284.8,0.3116,225.67,0.4596,1.3789,228.05,228.62,220.34,392.84,391.77,387.92,390.9,0.0,1.3789,0.0,0,0.3116,0,0.0432,0,0.0432,0,0.3152,0,0.3152,0,0.9905,1,0.9905,1,50.1,355.72,207.18,0,1,2025-09-30 11:42:04,17.1,90.9,,0,0,,1
2025-09-30 11:42:49,284.8,0.3118,225.8,0.4592,1.3776,228.4,229.06,219.96,393.9,391.2,388.18,391.16,0.0,1.3776,0.0,0,0.3118,0,0.044,0,0.044,0,0.3156,0,0.3156,0,0.9902,1,0.9902,1,50.1,355.72,207.18,0,1,2025-09-30 11:42:49,17.3,92.5,,0,0,,1
2025-09-30 11:43:34,284.81,0.3098,224.96,0.4575,1.3726,226.85,228.34,219.71,392.09,390.43,386.39,389.74,0.0,1.3726,0.0,0,0.3098,0,0.043,0,0.043,0,0.3134,0,0.3134,0,0.9904,1,0.9904,1,50.1,355.73,207.18,0,1,2025-09-30 11:43:34,17.5,92.6,,0,0,,1
2025-09-30 11:44:19,284.81,0.312,225.57,0.4589,1.3769,228.06,229.32,219.34,393.89,391.57,386.6,390.72,0.0,1.3769,0.0,0,0.312,0,0.0438,0,0.0438,0,0.3158,0,0.3158,0,0.9902,1,0.9902,1,50.2,355.73,207.18,0,1,2025-09-30 11:44:19,17.6,92.8,,0,0,,1
2025-09-30 11:45:04,284.81,0.3118,225.67,0.4583,1.3749,225.46,229.59,221.98,391.92,392.38,388.31,390.86,0.0,1.3749,0.0,0,0.3118,0,0.0446,0,0.0446,0,0.3157,0,0.3157,0,0.9899,1,0.9899,1,50.1,355.74,207.18,0,1,2025-09-30 11:45:04,17.7,92.8,,0,0,,1
2025-09-30 11:45:49,284.82,0.3151,225.51,0.4601,1.3805,225.3,231.25,220,393.56,391.96,386.29,390.71,0.0,1.3805,0.0,0,0.3151,0,0.0469,0,0.0469,0,0.3192,0,0.3192,0,0.989,1,0.989,1,50.1,355.74,207.18,0,1,2025-09-30 11:45:49,17.9,93.4,,0,0,,1
2025-09-30 11:46:34,284.82,0.3168,225.54,0.4602,1.3808,225.18,231.76,219.69,393.99,392.64,385.34,390.7,0.0,1.3808,0.0,0,0.3158,0,0.0474,0,0.0474,0,0.32,0,0.32,0,0.9889,1,0.9889,1,50.1,355.74,207.18,0,1,2025-09-30 11:46:34,18.0,93.6,,0,0,,1
2025-09-30 11:47:19,284.83,0.3138,226.56,0.4585,1.3756,228.06,230.26,221.37,394.67,393,389.55,392.55,0.0,1.3756,0.0,0,0.3128,0,0.0454,0,0.0454,0,0.3167,0,0.3167,0,0.9896,1,0.9896,1,50.1,355.75,207.18,0,1,2025-09-30 11:47:19,18.1,93.8,,0,0,,1
2025-09-30 11:48:04,284.84,3.105,225.84,6.2974,18.892400000000002,226.98,229.96,220.58,393.98,392.55,386.95,391.17,6.5216,7.2688,5.102,1.1822,1.2072,0.7155,2.9087,0.8884,1.1526,0.8677,4.2772,1.4803,1.6715,1.1254,0.7297,0.7994,0.7232,0.6361,50.1,355.76,207.19,1,1,2025-09-30 11:48:04,18.2,94.1,,1,0,,0
2025-09-30 11:48:49,284.88,3.2733,225.88,6.4807,19.4421,226.93,230.37,220.35,394.86,392.3,386.57,391.01,6.659,7.518,5.2651,1.2329,1.2817,0.7587,2.9089,0.8713,1.161,0.8766,4.4032,1.5111,1.7319,1.1602,0.7474,0.8166,0.7411,0.6544,50.1,355.82,207.22,1,1,2025-09-30 11:48:49,18.3,93.5,,1,0,,0
2025-09-30 11:49:34,284.92,3.3261,226.69,6.5468,19.6406,228.09,229.88,222.12,393.85,394.31,389.71,392.55,6.6832,7.4728,5.4846,1.2233,1.2887,0.8141,2.9445,0.9071,1.1322,0.9052,4.4605,1.5244,1.7178,1.2182,0.7487,0.8032,0.7512,0.6686,50.1,355.87,207.26,1,1,2025-09-30 11:49:34,18.2,90.6,,1,0,,0
2025-09-30 11:50:19,284.96,3.3164,226.22,6.5343,19.602999999999998,228.09,229.65,220.94,394.98,392.75,387.74,391.8,6.802,7.5676,5.2334,1.2683,1.278,0.77,2.9264,0.891,1.1741,0.8613,4.4456,1.5515,1.7379,1.1563,0.7498,0.8182,0.7364,0.6665,50,355.93,207.3,1,1,2025-09-30 11:50:19,18.0,87.4,,1,0,,0
2025-09-30 11:51:11,285.02,3.3336,226.66,6.5592,19.6778,229.08,230.08,220.84,396.35,393.21,388.2,392.43,6.7879,7.5715,5.3184,1.2661,1.2837,0.7838,2.9479,0.9002,1.1742,0.8735,4.4715,1.555,1.7421,1.1745,0.7491,0.815,0.7378,0.6678,50,356.01,207.35,1,1,2025-09-30 11:51:11,17.7,83.9,,1,0,,0
2025-09-30 11:51:56,285.07,3.3232,226.61,6.5447,19.6341,229.3,230.02,220.51,396.26,393.31,387.89,392.52,6.822,7.5857,5.2264,1.2795,1.2752,0.7685,2.9428,0.8977,1.1874,0.8577,4.4616,1.5643,1.7449,1.1525,0.7486,0.8186,0.7318,0.6672,50.1,356.07,207.39,1,1,2025-09-30 11:51:56,17.5,82.4,,1,0,,0
2025-09-30 11:52:41,285.11,3.3151,226.38,6.5343,19.6031,229.13,230.01,220.02,394.5,393.01,388.73,392.24,6.7588,7.6093,5.235,1.2703,1.283,0.7618,2.933,0.8834,1.1868,0.8628,4.4507,1.5486,1.7502,1.1518,0.7489,0.821,0.734,0.6618,50.1,356.12,207.43,1,1,2025-09-30 11:52:41,17.3,80.1,,1,0,,0
2025-09-30 11:53:26,285.14,3.3116,226.44,6.5343,19.602899999999998,227.95,231.3,220.07,395.71,393.45,387.44,392.26,6.7572,7.6489,5.1968,1.2698,1.2964,0.7455,2.9362,0.8696,1.2003,0.8663,4.4532,1.5403,1.7692,1.1437,0.7482,0.825,0.7337,0.6522,50.1,356.18,207.46,1,1,2025-09-30 11:53:26,17.1,79.6,,1,0,,0
2025-09-30 11:54:11,285.19,3.3224,226.75,6.542,19.6261,228.33,231.78,220.15,395.81,394.49,387.89,392.81,6.7593,7.5668,5.3,1.2612,1.2916,0.7696,2.9462,0.8873,1.1828,0.8761,4.464,1.5434,1.7538,1.1668,0.7481,0.8178,0.7374,0.6599,50.1,356.23,207.5,1,1,2025-09-30 11:54:11,17.0,78.3,,1,0,,0
2025-09-30 11:54:56,285.23,3.316,227.13,6.5366,19.6099,228.77,232.1,220.53,395.52,395.29,389.3,393.37,6.7219,7.5733,5.3147,1.2549,1.2944,0.7667,2.9574,0.8864,1.1854,0.8855,4.4676,1.5378,1.7578,1.1721,0.7463,0.8167,0.7374,0.6545,50.1,356.29,207.54,1,1,2025-09-30 11:54:56,16.7,76.7,,1,0,,0
2025-09-30 11:55:41,285.27,3.3194,227.33,6.5364,19.6093,227.87,231.58,222.56,395.39,395.71,390.13,393.74,6.6122,7.4563,5.5408,1.2054,1.302,0.8121,2.9581,0.9015,1.13,0.9267,4.4666,1.5067,1.7267,1.2332,0.7465,0.8008,0.7552,0.659,50.1,356.35,207.57,1,1,2025-09-30 11:55:42,16.6,75.8,,1,0,,0
2025-09-30 11:56:26,285.31,3.2912,227.84,6.5151,19.545299999999997,229.47,230.91,223.16,395.1,396.58,392.12,394.56,6.6529,7.4011,5.4913,1.2097,1.2719,0.8096,2.9855,0.9289,1.1377,0.919,4.4611,1.5266,1.709,1.2254,0.7406,0.7931,0.7453,0.661,50.1,356.4,207.61,1,1,2025-09-30 11:56:26,16.4,75.1,,1,0,,0
2025-09-30 11:57:11,285.35,3.3162,227.88,6.5555,19.666600000000003,230.25,232.02,221.37,398.92,395.37,389.79,394.95,6.8856,7.6958,5.0852,1.3048,1.2802,0.7312,2.9936,0.898,1.2412,0.8544,4.4967,1.5854,1.7856,1.1257,0.7422,0.8237,0.7179,0.6501,50.1,356.46,207.65,1,1,2025-09-30 11:57:11,16.2,74.2,,1,0,,0
2025-09-30 11:58:18,285.43,3.2668,228.14,6.4952,19.485599999999998,229.99,231.15,223.29,396.51,397.05,391.81,395.15,6.6811,7.4323,5.3722,1.2224,1.2607,0.7838,2.9986,0.9286,1.1633,0.9068,4.4541,1.5366,1.718,1.1996,0.7366,0.7963,0.7349,0.6539,50.1,356.56,207.72,1,1,2025-09-30 11:58:18,15.9,72.9,,1,0,,0
2025-09-30 11:59:03,285.47,3.2721,227.77,6.5046,19.514,230.09,231.02,222.21,396.81,395.97,390.68,394.36,6.7467,7.5276,5.2397,1.2519,1.2618,0.7584,2.9913,0.9156,1.1933,0.8824,4.4557,1.5523,1.739,1.1643,0.738,0.8071,0.7265,0.6517,50.1,356.62,207.76,1,1,2025-09-30 11:59:03,15.8,72.1,,1,0,,0
2025-09-30 11:59:48,285.5,0.3217,229.34,0.468,1.4041,231.32,231.94,224.78,399.37,398.01,394.3,397.18,0.0,1.4041,0.0,0,0.3217,0,0.0458,0,0.0458,0,0.3257,0,0.3257,0,0.99,1,0.99,1,50.1,356.65,207.78,0,1,2025-09-30 11:59:48,15.6,71.9,,0,0,,1
2025-09-30 12:00:33,285.5,0.3201,229.25,0.4647,1.3941,230.89,232.71,224.15,398.87,398.47,393.81,397.09,0.0,1.3941,0.0,0,0.3201,0,0.0478,0,0.0478,0,0.3244,0,0.3244,0,0.989,1,0.989,1,50.1,356.66,207.78,0,1,2025-09-30 12:00:33,15.5,73.7,,0,0,,1
2025-09-30 12:01:18,285.51,0.3202,229.47,0.4642,1.3926,230.91,233.12,224.39,400,398.23,394.12,397.49,0.0,1.3926,0.0,0,0.3202,0,0.0488,0,0.0488,0,0.3246,0,0.3246,0,0.9885,1,0.9885,1,50,356.66,207.78,0,1,2025-09-30 12:01:18,15.5,76.7,,0,0,,1
2025-09-30 12:02:03,285.51,0.3209,229.61,0.4643,1.393,231.05,233.7,224.08,401.18,398.24,393.66,397.69,0.0,1.393,0.0,0,0.3209,0,0.0498,0,0.0498,0,0.3255,0,0.3255,0,0.9881,1,0.9881,1,50,356.67,207.78,0,1,2025-09-30 12:02:03,15.7,80.4,,0,0,,1
2025-09-30 12:02:48,285.51,0.3187,230.04,0.4628,1.3886,231.75,232.7,225.67,399.57,398.8,396.89,398.49,0.0,1.3886,0.0,0,0.3187,0,0.0487,0,0.0487,0,0.3231,0,0.3231,0,0.9885,1,0.9885,1,50,356.67,207.78,0,1,2025-09-30 12:02:48,15.9,83.8,,0,0,,1
2025-09-30 12:03:33,285.52,0.3213,229.56,0.4638,1.3916,229.83,234.35,224.5,400.72,398.35,393.76,397.67,0.0,1.3916,0.0,0,0.3213,0,0.0511,0,0.0511,0,0.3261,0,0.3261,0,0.9875,1,0.9875,1,50,356.67,207.78,0,1,2025-09-30 12:03:33,16.2,85.8,,0,0,,1
2025-09-30 12:04:18,285.52,0.3224,229.44,0.4642,1.3928,229.64,235.12,223.56,401.95,397.82,392.47,397.34,0.0,1.3928,0.0,0,0.3224,0,0.0523,0,0.0523,0,0.3275,0,0.3275,0,0.9871,1,0.9871,1,50,356.68,207.78,0,1,2025-09-30 12:04:18,16.4,87.5,,0,0,,1
2025-09-30 12:05:24,285.53,0.3218,229.46,0.4638,1.3915,229.22,234.85,224.31,400.1,398.94,393.26,397.45,0.0,1.3915,0.0,0,0.3218,0,0.0521,0,0.0521,0,0.3268,0,0.3268,0,0.9871,1,0.9871,1,50,356.69,207.78,0,1,2025-09-30 12:05:24,16.7,89.2,,0,0,,1
2025-09-30 12:06:09,285.53,0.3172,228.51,0.4612,1.3836,229.74,232.5,223.3,399.45,396.4,391.54,396.41,0.0,1.3836,0.0,0,0.3172,0,0.0488,0,0.0488,0,0.3217,0,0.3217,0,0.9883,1,0.9883,1,50,356.69,207.79,0,1,2025-09-30 12:06:09,16.9,90.7,,0,0,,1
2025-09-30 12:06:54,285.54,0.3168,229.25,0.4609,1.3827,230.54,232.4,224.83,399.09,397.95,394.18,396.89,0.0,1.3827,0.0,0,0.3168,0,0.0487,0,0.0487,0,0.3213,0,0.3213,0,0.9883,1,0.9883,1,50,356.69,207.79,0,1,2025-09-30 12:06:54,17.0,91.4,,0,0,,1
2025-09-30 12:07:39,285.54,0.3165,229.1,0.4605,1.3816,230.54,232.33,224.45,399.26,397.39,393.8,396.82,0.0,1.3816,0.0,0,0.3165,0,0.0486,0,0.0486,0,0.321,0,0.321,0,0.9884,1,0.9884,1,50,356.7,207.79,0,1,2025-09-30 12:07:39,17.2,92.1,,0,0,,1
2025-09-30 12:08:24,285.55,0.3174,228.75,0.461,1.3832,230.02,232.81,223.43,399.73,397.18,391.73,396.23,0.0,1.3832,0.0,0,0.3174,0,0.0492,0,0.0492,0,0.322,0,0.322,0,0.9881,1,0.9881,1,50,356.7,207.79,0,1,2025-09-30 12:08:24,17.4,93.1,,0,0,,1
2025-09-30 12:09:09,285.55,0.3157,228.77,0.4597,1.3793,229.35,232.01,224.96,397.73,397.63,393.34,396.08,0.0,1.3793,0.0,0,0.3157,0,0.0476,0,0.0476,0,0.32,0,0.32,0,0.9888,1,0.9888,1,50,356.71,207.79,0,1,2025-09-30 12:09:09,17.6,93.4,,0,0,,1
2025-09-30 12:09:54,285.55,0.3156,227.6,0.4596,1.379,228.91,231.99,221.9,397.71,394.83,390.1,394.39,0.0,1.379,0.0,0,0.3156,0,0.0477,0,0.0477,0,0.3199,0,0.3199,0,0.9887,1,0.9887,1,50,356.71,207.79,0,1,2025-09-30 12:09:54,17.8,93.7,,0,0,,1
2025-09-30 12:10:39,285.56,0.3151,228.31,0.4593,1.3779,229.4,231.85,223.7,397.2,397.16,391.96,395.49,0.0,1.3779,0.0,0,0.3151,0,0.0477,0,0.0477,0,0.3195,0,0.3195,0,0.9887,1,0.9887,1,50,356.71,207.79,0,1,2025-09-30 12:10:39,17.9,93.9,,0,0,,1
2025-09-30 12:11:24,285.56,0.3146,227.68,0.4591,1.3773,229.2,231.45,222.39,397.03,395.2,390.8,394.53,0.0,1.3773,0.0,0,0.3146,0,0.0467,0,0.0467,0,0.3188,0,0.3188,0,0.9891,1,0.9891,1,50,356.72,207.79,0,1,2025-09-30 12:11:24,18.0,94,,0,0,,1
2025-09-30 12:13:17,285.62,3.3473,226.55,6.5866,19.759999999999998,225.85,231.89,221.93,396,393.51,387.74,392.41,6.7109,7.6982,5.3509,1.2469,1.3312,0.7692,2.9431,0.863,1.1791,0.9011,4.4883,1.5157,1.7851,1.1875,0.7509,0.8234,0.7487,0.6471,50.1,356.8,207.84,1,1,2025-09-30 12:13:17,18.2,92.7,,1,0,,0
2025-09-30 12:14:02,285.67,3.3842,228.15,6.6353,19.906100000000002,227.97,232.18,224.3,395.84,396.88,392.73,394.95,6.7744,7.5225,5.6092,1.2309,1.315,0.8384,3.0127,0.9302,1.1457,0.9368,4.5491,1.5444,1.7466,1.2581,0.7469,0.7978,0.7539,0.6668,50.1,356.86,207.88,1,1,2025-09-30 12:14:02,18.1,90.1,,1,0,,0
2025-09-30 12:14:47,285.71,3.3561,227.79,6.6053,19.816,229.44,231.57,222.38,397.34,394.63,391.68,394.69,6.8342,7.5794,5.4024,1.2747,1.2911,0.7903,3.0017,0.9192,1.1932,0.8893,4.5246,1.568,1.7552,1.2014,0.7453,0.8079,0.7374,0.6649,50,356.92,207.92,1,1,2025-09-30 12:14:47,18.0,87.2,,1,0,,0
2025-09-30 12:15:32,285.75,3.3687,227.53,6.62,19.8601,229.17,231.94,221.49,398.18,394.85,389.27,393.99,6.9223,7.7351,5.2027,1.3068,1.3034,0.7585,2.9913,0.8965,1.2289,0.8659,4.5328,1.5864,1.7941,1.1523,0.7477,0.8246,0.7275,0.6589,50,356.97,207.95,1,1,2025-09-30 12:15:32,17.8,84.9,,1,0,,0
2025-09-30 12:16:17,285.79,3.3615,228.62,6.6257,19.8771,229.99,232.75,223.12,399.39,397.33,391.21,395.88,6.8469,7.6295,5.4007,1.2706,1.2996,0.7912,3.0419,0.9278,1.2064,0.9077,4.5555,1.5747,1.7758,1.205,0.7414,0.8075,0.7329,0.657,50,357.02,207.99,1,1,2025-09-30 12:16:17,17.6,82.4,,1,0,,0
2025-09-30 12:17:02,285.83,3.3801,229.05,6.6488,19.9464,230.95,232.24,223.97,398.66,398.43,393.03,396.65,6.856,7.5624,5.528,1.2623,1.2935,0.8244,3.0599,0.9532,1.1842,0.9225,4.5778,1.5834,1.7563,1.2381,0.7413,0.798,0.7375,0.6663,50,357.08,208.03,1,1,2025-09-30 12:17:03,17.4,80.8,,1,0,,0
2025-09-30 12:17:47,285.88,3.3474,228.67,6.6203,19.8609,231.63,232.4,221.98,401.11,396.32,390.77,396.05,6.9858,7.7495,5.1256,1.326,1.2789,0.7425,3.0509,0.9251,1.265,0.8608,4.5569,1.6181,1.801,1.1378,0.739,0.8201,0.7109,0.6531,50.1,357.14,208.07,1,1,2025-09-30 12:17:47,17.2,79.8,,1,0,,0
2025-09-30 12:18:32,285.92,3.3497,228.88,6.6158,19.8475,231.02,231.78,223.86,399.44,397.23,392.62,396.52,6.8726,7.5887,5.3862,1.2722,1.2805,0.797,3.0525,0.9471,1.202,0.9035,4.5524,1.5877,1.7589,1.2058,0.7391,0.8021,0.729,0.6615,50,357.2,208.11,1,1,2025-09-30 12:18:32,17.0,78.3,,1,0,,0
2025-09-30 12:19:17,285.96,3.3632,229.19,6.6418,19.9255,231.74,232.81,223.02,400.95,397.66,392.27,397.06,6.9349,7.7035,5.2871,1.303,1.289,0.7712,3.0719,0.938,1.2433,0.8906,4.5797,1.6071,1.7935,1.1791,0.7383,0.8115,0.7197,0.6546,50,357.26,208.14,1,1,2025-09-30 12:19:17,16.8,77,,1,0,,0
2025-09-30 12:20:02,286,3.3574,228.65,6.6259,19.8778,231.23,232.58,222.14,401.04,396.45,390.61,395.69,6.9956,7.6916,5.1906,1.3193,1.2781,0.76,3.0479,0.9337,1.2483,0.8659,4.5595,1.6176,1.7889,1.153,0.7404,0.8162,0.7154,0.6596,50.1,357.31,208.18,1,1,2025-09-30 12:20:02,16.7,75.9,,1,0,,0
2025-09-30 12:20:47,286.04,3.3537,229.6,6.6264,19.8793,229.68,233.89,225.25,399.87,399.92,393.25,397.67,6.7089,7.531,5.6394,1.2158,1.3133,0.8246,3.0788,0.944,1.1697,0.9651,4.5726,1.5409,1.7614,1.2703,0.7366,0.7898,0.7467,0.6496,50.1,357.37,208.22,1,1,2025-09-30 12:20:47,16.5,75.2,,1,0,,0
2025-09-30 12:21:32,286.08,3.3589,229.11,6.6296,19.889000000000003,229.45,233.98,223.92,399.49,398.74,392.28,396.83,6.8296,7.6425,5.4169,1.2619,1.3106,0.7864,3.0622,0.9267,1.213,0.9225,4.5682,1.5671,1.7882,1.213,0.7389,0.806,0.7339,0.6487,50.1,357.43,208.26,1,1,2025-09-30 12:21:32,16.4,75.3,,1,0,,0
2025-09-30 12:22:17,286.13,3.3428,229.02,6.6132,19.8397,229.38,233.56,224.13,399.27,398.36,392.4,396.67,6.7826,7.5602,5.4969,1.24,1.301,0.8019,3.0607,0.9369,1.1897,0.934,4.5536,1.5558,1.7658,1.232,0.7375,0.7978,0.7379,0.6513,50,357.48,208.3,1,1,2025-09-30 12:22:17,16.2,74.2,,1,0,,0
2025-09-30 12:23:47,286.21,3.335,228.31,6.5993,19.798000000000002,230.39,232.7,221.86,399.48,396.17,390.7,395.48,6.9008,7.7358,5.1614,1.3037,1.291,0.7402,3.0296,0.9072,1.2503,0.8721,4.5351,1.5899,1.8001,1.1451,0.7401,0.8208,0.7183,0.6471,50,357.6,208.37,1,1,2025-09-30 12:23:47,15.9,72.7,,1,0,,0
2025-09-30 12:25:17,286.29,3.2968,228.22,6.5424,19.627200000000002,229.68,231.69,223.31,397.3,396.76,391.78,395.27,6.6887,7.4759,5.4626,1.2214,1.2787,0.7967,3.0169,0.9295,1.1647,0.9228,4.4882,1.5363,1.7321,1.2199,0.7377,0.7957,0.7393,0.6535,50,357.71,208.45,1,1,2025-09-30 12:25:17,15.7,71.9,,1,0,,0
2025-09-30 12:26:02,286.34,3.3138,227.1,6.5534,19.6603,229.51,230.97,220.82,398.33,394.11,387.59,393.33,6.8807,7.6599,5.1197,1.2967,1.2752,0.7419,2.9742,0.899,1.2233,0.8519,4.4789,1.5792,1.7692,1.1305,0.7442,0.8218,0.7216,0.6567,50,357.77,208.49,1,1,2025-09-30 12:26:02,15.5,72.1,,1,0,,0
2025-09-30 12:26:47,286.37,0.3192,227.72,0.466,1.3982,230.09,230.04,223.04,396.55,395.28,391.4,394.41,0.0,1.3982,0.0,0,0.318,0,0.0437,0,0.0437,0,0.3216,0,0.3216,0,0.9907,1,0.9907,1,50,357.81,208.52,0,1,2025-09-30 12:26:47,15.4,71.3,,0,0,,1
2025-09-30 12:27:32,286.37,0.3156,227.53,0.4624,1.3873,229.45,230.39,222.76,395.92,395.26,391.05,394.18,0.0,1.3873,0.0,0,0.3156,0,0.0453,0,0.0453,0,0.3196,0,0.3196,0,0.9898,1,0.9898,1,50,357.82,208.52,0,1,2025-09-30 12:27:32,15.4,72.6,,0,0,,1
2025-09-30 12:28:17,286.38,0.3151,227.36,0.4612,1.3838,230.4,230.74,220.96,398.61,393.48,389.34,393.76,0.0,1.3838,0.0,0,0.3151,0,0.0468,0,0.0468,0,0.3193,0,0.3193,0,0.9891,1,0.9891,1,49.9,357.82,208.52,0,1,2025-09-30 12:28:17,15.4,75.8,,0,0,,1
2025-09-30 12:29:02,286.38,0.3146,227.91,0.4615,1.3846,229.87,230.16,223.71,396.75,395.55,391.92,394.57,0.0,1.3846,0.0,0,0.3146,0,0.0461,0,0.0461,0,0.3187,0,0.3187,0,0.9894,1,0.9894,1,49.9,357.82,208.52,0,1,2025-09-30 12:29:02,15.6,79.1,,0,0,,1
2025-09-30 12:29:47,286.38,0.3166,227.29,0.4615,1.3847,227.85,231.96,222.08,395.9,394.82,390.31,393.62,0.0,1.3847,0.0,0,0.3166,0,0.0489,0,0.0489,0,0.3212,0,0.3212,0,0.9882,1,0.9882,1,49.9,357.83,208.52,0,1,2025-09-30 12:29:47,15.8,81.7,,0,0,,1
2025-09-30 12:30:32,286.39,0.3166,226.91,0.4616,1.3848,227.72,231.94,221.07,396.73,393.76,388.57,392.87,0.0,1.3848,0.0,0,0.3166,0,0.0491,0,0.0491,0,0.3212,0,0.3212,0,0.9881,1,0.9881,1,49.9,357.83,208.52,0,1,2025-09-30 12:30:32,16.0,84.2,,0,0,,1
2025-09-30 12:31:17,286.39,0.3149,227.28,0.4601,1.3805,226.73,231.37,223.75,395.62,394.96,390.42,393.55,0.0,1.3805,0.0,0,0.3149,0,0.0484,0,0.0484,0,0.3194,0,0.3194,0,0.9884,1,0.9884,1,49.9,357.84,208.52,0,1,2025-09-30 12:31:17,16.2,86,,0,0,,1
2025-09-30 12:32:02,286.4,0.313,227.65,0.4593,1.378,228.12,230.17,224.66,393.74,395.46,393.62,394.26,0.0,1.378,0.0,0,0.313,0,0.0466,0,0.0466,0,0.3172,0,0.3172,0,0.989,1,0.989,1,49.9,357.84,208.52,0,1,2025-09-30 12:32:02,16.4,87.6,,0,0,,1
2025-09-30 12:32:47,286.4,0.3134,227.14,0.4589,1.3769,228.22,230.75,222.47,396.85,394.32,389.11,393.46,0.0,1.3769,0.0,0,0.3134,0,0.0476,0,0.0476,0,0.3177,0,0.3177,0,0.9886,1,0.9886,1,49.9,357.84,208.52,0,1,2025-09-30 12:32:47,16.6,88.7,,0,0,,1
2025-09-30 12:33:32,286.4,0.3125,227.16,0.4582,1.3747,228.25,230.42,222.82,397.99,392.4,390.01,393.57,0.0,1.3747,0.0,0,0.3125,0,0.0472,0,0.0472,0,0.3168,0,0.3168,0,0.9887,1,0.9887,1,49.9,357.85,208.52,0,1,2025-09-30 12:33:32,16.8,89.7,,0,0,,1
2025-09-30 12:34:17,286.41,0.3118,227.52,0.4579,1.3738,228.27,230.03,224.27,394.83,394.38,392.99,393.99,0.0,1.3738,0.0,0,0.3118,0,0.0467,0,0.0467,0,0.316,0,0.316,0,0.9889,1,0.9889,1,49.9,357.85,208.52,0,1,2025-09-30 12:34:17,17.0,90.9,,0,0,,1
2025-09-30 12:35:02,286.41,0.3102,226.1,0.4571,1.3713,228.04,229.12,221.14,395.77,390.83,388.27,391.6,0.0,1.3713,0.0,0,0.3102,0,0.0458,0,0.0458,0,0.3142,0,0.3142,0,0.9892,1,0.9892,1,49.9,357.86,208.52,0,1,2025-09-30 12:35:02,17.2,91.6,,0,0,,1
2025-09-30 12:35:47,286.42,0.3097,226.07,0.4563,1.369,227.61,229.24,221.37,395.53,390.77,388.43,391.55,0.0,1.369,0.0,0,0.3097,0,0.0463,0,0.0463,0,0.3138,0,0.3138,0,0.989,1,0.989,1,49.9,357.86,208.52,0,1,2025-09-30 12:35:47,17.4,92.2,,0,0,,1
2025-09-30 12:36:32,286.42,0.3097,226.5,0.4566,1.37,227.86,229.08,222.58,394.67,393.15,389.12,392.34,0.0,1.37,0.0,0,0.3097,0,0.0458,0,0.0458,0,0.3138,0,0.3138,0,0.9892,1,0.9892,1,49.9,357.86,208.52,0,1,2025-09-30 12:36:32,17.6,93,,0,0,,1
2025-09-30 12:37:17,286.42,0.3088,226.12,0.4562,1.3686,226.99,228.45,222.94,393.83,392.36,388.79,391.6,0.0,1.3686,0.0,0,0.3088,0,0.0444,0,0.0444,0,0.3127,0,0.3127,0,0.9898,1,0.9898,1,49.9,357.87,208.52,0,1,2025-09-30 12:37:17,17.7,93.5,,0,0,,1
2025-09-30 12:38:02,286.43,0.3089,225.8,0.4563,1.369,226.37,228.41,222.64,393.71,391.84,387.77,391.07,0.0,1.369,0.0,0,0.3089,0,0.0444,0,0.0444,0,0.3127,0,0.3127,0,0.9898,1,0.9898,1,49.9,357.87,208.52,0,1,2025-09-30 12:38:02,17.9,93.5,,0,0,,1
2025-09-30 12:38:47,286.43,0.3093,225.76,0.4564,1.3693,225.93,228.73,222.63,392.81,392.53,387.75,390.77,0.0,1.3693,0.0,0,0.3093,0,0.0448,0,0.0448,0,0.3132,0,0.3132,0,0.9896,1,0.9896,1,49.9,357.88,208.53,0,1,2025-09-30 12:38:47,18.0,93.9,,0,0,,1
2025-09-30 12:39:32,286.44,0.3102,225.08,0.456,1.368,223.64,229.82,221.79,392.49,391.41,385.68,389.77,0.0,1.368,0.0,0,0.3102,0,0.0465,0,0.0465,0,0.3144,0,0.3144,0,0.9889,1,0.9889,1,49.9,357.88,208.53,0,1,2025-09-30 12:39:32,18.2,94.2,,0,0,,1
2025-09-30 12:40:17,286.44,3.4225,224.54,6.7205,20.1616,222.91,229.18,221.53,390.8,390.72,385.24,388.81,7.2762,7.4435,5.4419,1.3157,1.2967,0.8101,2.9431,0.9464,1.1047,0.8919,4.5334,1.6219,1.7059,1.2055,0.7582,0.8117,0.7612,0.6723,49.9,357.89,208.53,1,1,2025-09-30 12:40:17,18.3,94.3,,1,0,,0
2025-09-30 12:41:02,286.48,3.333,224.51,6.5452,19.6356,222.62,228.85,222.06,390.97,389.93,385.69,389.09,6.7292,7.4049,5.5015,1.2065,1.2968,0.8298,2.8687,0.8859,1.0872,0.8956,4.4143,1.4981,1.6946,1.2217,0.7579,0.806,0.7663,0.6796,49.9,357.94,208.56,1,1,2025-09-30 12:41:02,18.3,93.2,,1,0,,0
2025-09-30 12:41:47,286.52,3.3496,224.47,6.5681,19.7045,224.01,228.71,220.71,392.78,389.21,384.45,388.76,6.834,7.5632,5.3073,1.2569,1.2994,0.7933,2.8702,0.8716,1.1381,0.8606,4.432,1.5309,1.7298,1.1714,0.7593,0.8217,0.7522,0.6777,49.9,358,208.6,1,1,2025-09-30 12:41:47,18.2,90.9,,1,0,,0
2025-09-30 12:42:32,286.57,3.3485,224.3,6.5581,19.674300000000002,223.71,227.98,221.21,391.88,388.55,385.07,388.75,6.8105,7.4812,5.3826,1.241,1.2921,0.8154,2.8585,0.8819,1.1099,0.8667,4.4198,1.5236,1.7056,1.1907,0.7605,0.8151,0.7585,0.6852,49.9,358.05,208.64,1,1,2025-09-30 12:42:32,18.1,87.6,,1,0,,0
2025-09-30 12:43:17,286.61,3.3546,225.53,6.57,19.7102,225.1,227.67,223.83,392.11,392.61,387.16,390.67,6.6998,7.2008,5.8096,1.1732,1.2741,0.9073,2.9042,0.9456,1.028,0.9307,4.4479,1.5081,1.6394,1.3004,0.756,0.7785,0.7782,0.698,49.9,358.11,208.67,1,1,2025-09-30 12:43:17,17.9,85.2,,1,0,,0
2025-09-30 12:44:02,286.65,3.3757,224.88,6.5979,19.7939,225.42,228.15,221.07,393.31,390.14,385.06,389.48,6.8587,7.5906,5.3446,1.2671,1.3014,0.8071,2.884,0.8834,1.1388,0.8617,4.4594,1.5461,1.7318,1.1815,0.7603,0.8203,0.7525,0.6836,49.9,358.16,208.71,1,1,2025-09-30 12:44:02,17.7,83.6,,1,0,,0
2025-09-30 12:44:47,286.69,3.3726,225.48,6.5943,19.783,225.55,228.5,222.41,393.79,390.97,386.92,390.67,6.8306,7.4996,5.4528,1.2458,1.2956,0.8311,2.9038,0.9039,1.1178,0.882,4.4671,1.5406,1.7137,1.2128,0.7578,0.8093,0.7571,0.6857,50,358.22,208.75,1,1,2025-09-30 12:44:47,17.5,81.5,,1,0,,0
2025-09-30 12:45:32,286.74,3.3521,225.63,6.5666,19.6998,225.53,227.66,223.72,392.19,392.09,388.14,390.94,6.7462,7.3668,5.5868,1.2084,1.2829,0.8608,2.9043,0.9223,1.0769,0.9052,4.4485,1.5215,1.6771,1.2499,0.7557,0.7949,0.7659,0.6891,50,358.28,208.78,1,1,2025-09-30 12:45:32,17.3,79.1,,1,0,,0
2025-09-30 12:46:17,286.78,3.3632,225.57,6.5799,19.7397,224.77,228.94,223.02,391.91,392.66,387.55,390.71,6.7116,7.4443,5.5838,1.2091,1.3071,0.8469,2.9013,0.8998,1.0897,0.9118,4.4582,1.5086,1.7043,1.2453,0.7571,0.8022,0.768,0.6805,50,358.33,208.82,1,1,2025-09-30 12:46:17,17.0,77.6,,1,0,,0
2025-09-30 12:47:02,286.82,3.3598,225.4,6.5753,19.726,224.53,229.47,222.21,392.82,391.83,386.59,390.42,6.7294,7.5277,5.4689,1.2266,1.3149,0.8183,2.8935,0.8799,1.1163,0.8973,4.4536,1.511,1.7274,1.2152,0.7577,0.8125,0.7623,0.6738,50,358.39,208.85,1,1,2025-09-30 12:47:02,16.8,76.5,,1,0,,0
2025-09-30 12:47:47,286.86,3.3494,225.03,6.5613,19.684,222.59,230.54,221.98,390.22,392.74,386.34,389.85,6.6073,7.5038,5.5729,1.1912,1.3364,0.8218,2.8777,0.86,1.0942,0.9235,4.4377,1.4707,1.7299,1.2371,0.7584,0.8107,0.7737,0.6647,50,358.44,208.89,1,1,2025-09-30 12:47:47,16.6,75.9,,1,0,,0
2025-09-30 12:48:32,286.9,3.3671,225.4,6.5914,19.7742,222.9,231.27,222.03,392.32,392.72,386.18,390.3,6.6677,7.6231,5.4834,1.2165,1.3497,0.8008,2.896,0.8509,1.1296,0.9156,4.4667,1.4862,1.763,1.2175,0.7581,0.8194,0.7668,0.6583,50,358.5,208.93,1,1,2025-09-30 12:48:32,16.5,75.5,,1,0,,0
2025-09-30 12:49:17,286.94,3.3646,225.18,6.5828,19.7485,223.1,230.91,221.55,392.61,391.76,385.75,389.97,6.6939,7.5854,5.4692,1.2213,1.3388,0.8044,2.887,0.8569,1.1251,0.905,4.4567,1.4934,1.7515,1.2117,0.7589,0.8186,0.7655,0.6643,50,358.55,208.96,1,1,2025-09-30 12:49:17,16.3,75.2,,1,0,,0
2025-09-30 12:50:02,286.99,3.3501,224.86,6.5569,19.6709,224.38,229.82,220.39,392.37,390.52,385.55,389.43,6.7512,7.5552,5.3645,1.2427,1.3124,0.7949,2.8707,0.8638,1.133,0.8739,4.4335,1.5148,1.7363,1.1823,0.7593,0.8211,0.7569,0.6728,50,358.61,209,1,1,2025-09-30 12:50:02,16.2,74.4,,1,0,,0
2025-09-30 12:50:47,287.03,3.3406,225.3,6.5445,19.6336,224.6,229.4,221.91,390.5,392.49,387.67,390.01,6.6732,7.4298,5.5306,1.207,1.3036,0.8301,2.8829,0.8861,1.094,0.9027,4.4305,1.4988,1.7044,1.2273,0.757,0.806,0.7659,0.6768,50,358.67,209.03,1,1,2025-09-30 12:50:47,16.1,73.5,,1,0,,0
2025-09-30 12:51:32,287.07,3.3578,225.01,6.5603,19.680999999999997,224.64,229.66,220.74,392.05,391.54,385.61,389.78,6.7482,7.5226,5.4102,1.2389,1.3106,0.8083,2.8709,0.8712,1.1217,0.878,4.4378,1.5159,1.7276,1.1942,0.76,0.8179,0.7597,0.6772,50,358.72,209.07,1,1,2025-09-30 12:51:32,15.9,72.9,,1,0,,0
2025-09-30 12:52:17,287.11,3.3313,224.8,6.5305,19.5916,224.59,229.44,220.39,392.84,390.29,385.01,389.36,6.7227,7.5199,5.349,1.2362,1.303,0.7921,2.8631,0.8643,1.127,0.8718,4.4141,1.5099,1.7254,1.1789,0.7583,0.8195,0.7563,0.6724,50,358.78,209.11,1,1,2025-09-30 12:52:17,15.7,72.6,,1,0,,0
2025-09-30 12:53:02,287.15,3.3349,225.45,6.531,19.5931,225.17,228.27,222.92,391.07,392.4,387.98,390.45,6.6,7.24,5.7531,1.1666,1.2853,0.883,2.8821,0.9181,1.0349,0.929,4.4213,1.4861,1.6527,1.2825,0.7566,0.7858,0.7789,0.6889,50,358.83,209.14,1,1,2025-09-30 12:53:02,15.6,72.9,,1,0,,0
2025-09-30 12:53:47,287.2,3.3192,224.67,6.5054,19.5163,224.06,228.83,221.14,390.92,390.66,385.87,389.11,6.5972,7.4034,5.5157,1.1935,1.3027,0.823,2.8477,0.8696,1.079,0.8991,4.392,1.4782,1.6941,1.2197,0.7589,0.8082,0.7701,0.6751,50,358.89,209.18,1,1,2025-09-30 12:53:47,15.6,73.4,,1,0,,0
2025-09-30 12:54:39,287.24,0.3161,224.87,0.4648,1.3944,225.16,229.14,220.31,391.47,391.05,385.91,389.53,0.0,1.3944,0.0,0,0.3161,0,0.0425,0,0.0425,0,0.3195,0,0.3195,0,0.9911,1,0.9911,1,50,358.95,209.22,0,1,2025-09-30 12:54:39,15.4,72.8,,0,0,,1
2025-09-30 12:55:24,287.25,0.3156,225.47,0.4624,1.3874,223.94,230.24,222.24,390.2,394.23,387.1,390.57,0.0,1.3874,0.0,0,0.3156,0,0.0449,0,0.0449,0,0.3194,0,0.3194,0,0.99,1,0.99,1,50.1,358.96,209.22,0,1,2025-09-30 12:55:24,15.4,74,,0,0,,1
2025-09-30 12:56:09,287.25,0.3162,225.5,0.4621,1.3864,223.59,230.94,221.97,391.37,393.08,387.25,390.81,0.0,1.3864,0.0,0,0.3162,0,0.0458,0,0.0458,0,0.3202,0,0.3202,0,0.9896,1,0.9896,1,50.1,358.96,209.22,0,1,2025-09-30 12:56:09,15.4,77.8,,0,0,,1
2025-09-30 12:56:54,287.26,0.3164,225.36,0.4616,1.385,223.79,231.35,220.96,393.07,392.01,385.97,390.34,0.0,1.385,0.0,0,0.3164,0,0.0464,0,0.0464,0,0.3204,0,0.3204,0,0.9894,1,0.9894,1,50.1,358.96,209.22,0,1,2025-09-30 12:56:54,15.6,82.3,,0,0,,1
2025-09-30 12:57:39,287.26,0.3123,225.33,0.4599,1.3798,223.44,228.99,223.56,389.72,393.2,387.9,390.24,0.0,1.3798,0.0,0,0.3123,0,0.0436,0,0.0436,0,0.316,0,0.316,0,0.9904,1,0.9904,1,50.1,358.97,209.22,0,1,2025-09-30 12:57:39,15.9,84.9,,0,0,,1
2025-09-30 12:58:24,287.26,0.3102,224.96,0.4583,1.3751,224.82,228.15,221.93,390.81,391.39,386.74,389.68,0.0,1.3751,0.0,0,0.3102,0,0.0429,0,0.0429,0,0.3137,0,0.3137,0,0.9905,1,0.9905,1,50.1,358.97,209.22,0,1,2025-09-30 12:58:24,16.1,86.9,,0,0,,1
2025-09-30 12:59:10,287.27,0.3112,225.27,0.4587,1.3762,225.75,228.88,221.2,391.35,392.28,386.89,390.15,0.0,1.3762,0.0,0,0.3112,0,0.0444,0,0.0444,0,0.315,0,0.315,0,0.9899,1,0.9899,1,50.1,358.97,209.22,0,1,2025-09-30 12:59:10,16.4,89,,0,0,,1
2025-09-30 12:59:54,287.27,0.3094,225.11,0.4576,1.373,226.26,227.96,221.12,391.31,391.15,387.21,389.95,0.0,1.373,0.0,0,0.3094,0,0.0435,0,0.0435,0,0.313,0,0.313,0,0.9902,1,0.9902,1,50,358.98,209.22,0,1,2025-09-30 12:59:54,16.7,89.9,,0,0,,1
2025-09-30 13:00:39,287.28,0.3083,224.75,0.4567,1.3702,226.08,227.63,220.56,391.25,390.6,385.98,389.25,0.0,1.3702,0.0,0,0.3083,0,0.0438,0,0.0438,0,0.3119,0,0.3119,0,0.99,1,0.99,1,50,358.98,209.22,0,1,2025-09-30 13:00:39,16.9,90.8,,0,0,,1
2025-09-30 13:01:46,287.28,0.3079,224.63,0.4564,1.3694,227.05,227.5,219.36,392.17,389.72,385.31,389.05,0.0,1.3694,0.0,0,0.3079,0,0.0435,0,0.0435,0,0.3115,0,0.3115,0,0.9901,1,0.9901,1,50,358.99,209.22,0,1,2025-09-30 13:01:46,17.3,93.2,,0,0,,1
2025-09-30 13:02:31,287.29,0.3077,224.14,0.4562,1.3686,226.76,227.48,218.19,392.1,388.85,383.69,388.23,0.0,1.3686,0.0,0,0.3077,0,0.0436,0,0.0436,0,0.3113,0,0.3113,0,0.9901,1,0.9901,1,50,358.99,209.22,0,1,2025-09-30 13:02:31,17.5,93.9,,0,0,,1
2025-09-30 13:03:16,287.29,0.3056,224.67,0.455,1.365,226.29,226.46,221.28,388.4,391.29,387.62,389.19,0.0,1.365,0.0,0,0.3056,0,0.0425,0,0.0425,0,0.3091,0,0.3091,0,0.9904,1,0.9904,1,50,359,209.22,0,1,2025-09-30 13:03:16,17.7,93.8,,0,0,,1
2025-09-30 13:04:02,287.29,0.3062,223.79,0.4551,1.3655,226.4,226.87,218.12,390.41,388.06,384.36,387.72,0.0,1.3655,0.0,0,0.3062,0,0.043,0,0.043,0,0.3098,0,0.3098,0,0.9902,1,0.9902,1,50,359,209.23,0,1,2025-09-30 13:04:02,17.9,93.6,,0,0,,1
2025-09-30 13:04:46,287.3,0.3083,223.71,0.4565,1.3695,225.58,227.76,217.79,390.44,389.05,382.89,387.79,0.0,1.3695,0.0,0,0.3083,0,0.0438,0,0.0438,0,0.3119,0,0.3119,0,0.99,1,0.99,1,50,359,209.23,0,1,2025-09-30 13:04:46,18.0,93.3,,0,0,,1
2025-09-30 13:06:17,287.35,3.3503,222.99,6.5389,19.6167,223.44,227.55,217.98,388.28,387.89,382.49,386.22,6.7516,7.5165,5.3486,1.2477,1.3013,0.8014,2.7981,0.8458,1.1067,0.8457,4.3848,1.5086,1.7104,1.1659,0.7675,0.8277,0.7617,0.6878,50,359.07,209.27,1,1,2025-09-30 13:06:17,18.2,92.5,,1,0,,0
2025-09-30 13:07:01,287.39,3.3774,222.06,6.5663,19.6991,222.92,227.15,216.11,387.63,386.73,379.46,384.6,6.801,7.6841,5.214,1.2813,1.3237,0.7724,2.762,0.8083,1.1345,0.8192,4.3883,1.5161,1.7454,1.1268,0.774,0.8457,0.7592,0.686,50,359.13,209.3,1,1,2025-09-30 13:07:01,18.2,89.2,,1,0,,0
2025-09-30 13:07:46,287.43,3.3614,222.23,6.5329,19.598799999999997,223.79,224.96,217.95,384.54,387.5,382.55,384.86,6.674,7.3721,5.5527,1.2182,1.2888,0.8544,2.7581,0.8619,1.0404,0.8559,4.3622,1.4936,1.6584,1.2102,0.773,0.8163,0.7781,0.7064,50,359.18,209.34,1,1,2025-09-30 13:07:46,18.1,86,,1,0,,0
2025-09-30 13:08:53,287.51,3.3821,221.17,6.5579,19.6738,223.28,224.65,215.59,385.98,384.38,378.83,383.06,6.8878,7.5761,5.2099,1.2936,1.292,0.7965,2.7257,0.8298,1.1051,0.7908,4.3631,1.5379,1.702,1.1232,0.7786,0.8417,0.7599,0.7096,49.9,359.28,209.4,1,1,2025-09-30 13:08:53,17.7,81.2,,1,0,,0
2025-09-30 13:09:38,287.55,3.3371,221.15,6.5057,19.5172,222.83,225.18,215.44,385.77,384.82,378.48,382.81,6.8519,7.5623,5.103,1.2862,1.2829,0.768,2.724,0.8209,1.1172,0.7858,4.3291,1.5268,1.7029,1.0994,0.7746,0.8429,0.7541,0.6989,49.9,359.34,209.43,1,1,2025-09-30 13:09:38,17.5,80.1,,1,0,,0
2025-09-30 13:11:08,287.64,3.297,221.97,6.4641,19.392500000000002,224.75,225.13,216.04,386.98,386.02,380.3,384.39,6.8376,7.5277,5.0272,1.2872,1.2573,0.7526,2.7522,0.8373,1.1332,0.7817,4.3175,1.5368,1.6947,1.0861,0.7676,0.8382,0.7428,0.6935,50,359.44,209.5,1,1,2025-09-30 13:11:08,17.1,77.2,,1,0,,0
2025-09-30 13:12:38,287.72,3.2965,223.5,6.4662,19.3987,225.7,225.61,219.21,388.52,388.39,384.38,386.91,6.7041,7.2787,5.4159,1.2189,1.247,0.8305,2.8068,0.8942,1.0654,0.8471,4.3425,1.5131,1.6421,1.1872,0.7614,0.8063,0.7603,0.7,50,359.55,209.57,1,1,2025-09-30 13:12:38,16.8,75.5,,1,0,,0
2025-09-30 13:14:08,287.8,3.3284,223.2,6.4995,19.4986,223.58,227.43,218.6,387.89,389.13,382.71,386.54,6.6335,7.453,5.4121,1.2178,1.3017,0.8089,2.7881,0.8439,1.0822,0.862,4.3612,1.4831,1.695,1.1831,0.7665,0.8219,0.7689,0.6843,50,359.66,209.64,1,1,2025-09-30 13:14:08,16.5,76.1,,1,0,,0
2025-09-30 13:14:53,287.84,3.3331,222.72,6.4984,19.4953,223.6,227.07,217.49,388.03,387.12,382.1,385.64,6.782,7.4783,5.235,1.2589,1.2853,0.789,2.7698,0.8433,1.1068,0.8197,4.3531,1.5165,1.6981,1.1386,0.7691,0.8308,0.7577,0.6934,50,359.72,209.68,1,1,2025-09-30 13:14:53,16.3,76.2,,1,0,,0
2025-09-30 13:15:59,287.92,3.3256,223.4,6.4889,19.4667,225.2,226.28,218.74,388.92,388.14,383.73,386.93,6.6968,7.4127,5.3572,1.2355,1.2773,0.8127,2.7898,0.8626,1.0842,0.843,4.3573,1.5081,1.6773,1.1718,0.7661,0.8199,0.7623,0.694,50.1,359.81,209.74,1,1,2025-09-30 13:16:00,16.2,73.6,,1,0,,0
2025-09-30 13:16:44,287.96,3.3013,223.08,6.4577,19.3731,225.38,226.25,217.63,389.34,387.58,382.21,386.34,6.7755,7.4448,5.1528,1.264,1.2605,0.7768,2.7773,0.8549,1.1146,0.8077,4.3329,1.5271,1.6844,1.1214,0.7652,0.8283,0.7491,0.6931,50.1,359.87,209.77,1,1,2025-09-30 13:16:44,16.1,74.1,,1,0,,0
2025-09-30 13:17:29,288,3.2841,222.68,6.4311,19.293400000000002,225,225.09,217.96,387.36,386.23,383.44,385.67,6.742,7.323,5.2284,1.2419,1.2427,0.7994,2.7599,0.869,1.0801,0.8109,4.3049,1.517,1.6483,1.1396,0.7655,0.8193,0.7547,0.702,50.1,359.92,209.81,1,1,2025-09-30 13:17:29,16.0,72.9,,1,0,,0
2025-09-30 13:18:14,288.04,3.2899,222.43,6.4375,19.3126,225.52,224.54,217.24,387.76,386.28,381.66,385.17,6.8046,7.3441,5.1639,1.2623,1.2344,0.7931,2.7539,0.8707,1.0909,0.7923,4.3054,1.5346,1.649,1.1218,0.7667,0.8231,0.7493,0.7074,50,359.97,209.84,1,1,2025-09-30 13:18:14,15.9,72.1,,1,0,,0
2025-09-30 13:18:59,288.08,3.2848,222.32,6.4254,19.2764,225.29,224.38,217.3,387.11,386.16,381.85,385.22,6.72,7.3487,5.2077,1.2455,1.2448,0.7945,2.7409,0.8582,1.0784,0.8043,4.2945,1.5139,1.6489,1.1316,0.7678,0.8234,0.7558,0.7027,50.1,360.03,209.87,1,1,2025-09-30 13:18:59,15.7,71.7,,1,0,,0
2025-09-30 13:20:29,288.16,3.2607,222.2,6.3965,19.1897,225.02,223.84,217.74,386.47,385.99,382.02,384.85,6.7089,7.2917,5.1891,1.2359,1.2265,0.7983,2.7382,0.8701,1.0673,0.8008,4.2717,1.5096,1.6322,1.1299,0.7657,0.8188,0.7545,0.7034,50.1,360.13,209.94,1,1,2025-09-30 13:20:30,15.6,73.3,,1,0,,0
2025-09-30 13:21:14,288.2,3.2482,221.55,6.3707,19.1122,223.41,222.54,218.71,384.3,385.53,381.29,383.67,6.6063,7.117,5.3889,1.1855,1.2233,0.8394,2.7071,0.8771,1.0032,0.8268,4.2383,1.4759,1.5838,1.1786,0.7681,0.8037,0.7728,0.7125,50.1,360.19,209.98,1,1,2025-09-30 13:21:14,15.6,74.4,,1,0,,0
2025-09-30 13:21:59,288.24,3.2705,220.61,6.4017,19.2051,221.65,223.91,216.29,385.34,384.07,376.91,381.92,6.6871,7.3846,5.1334,1.2411,1.2596,0.7697,2.6778,0.818,1.0729,0.7869,4.246,1.4822,1.6535,1.1103,0.7737,0.8326,0.7635,0.6983,50.1,360.24,210.01,1,1,2025-09-30 13:21:59,15.5,74.4,,1,0,,0
2025-09-30 13:22:44,288.28,3.3005,220.85,6.4066,19.22,221.34,222.91,218.31,383.59,384.87,379.08,382.2,6.5554,7.1784,5.4862,1.1929,1.257,0.8506,2.6798,0.8513,0.9868,0.8418,4.2488,1.451,1.6001,1.1977,0.7763,0.8094,0.7865,0.7107,50,360.29,210.05,1,1,2025-09-30 13:22:44,15.5,74.1,,1,0,,0
2025-09-30 13:23:29,288.33,3.2534,220.5,6.3754,19.1263,220.91,223.52,217.07,382.52,384.16,379.01,381.99,6.5707,7.2741,5.2815,1.1884,1.2599,0.8051,2.6749,0.8271,1.0235,0.8244,4.2239,1.4515,1.6259,1.1465,0.7724,0.822,0.7744,0.6983,50,360.35,210.08,1,1,2025-09-30 13:23:29,15.4,73.5,,1,0,,0
2025-09-30 13:24:14,288.36,0.3081,220.75,0.4628,1.3884,221.54,223.86,216.87,385.06,384.26,377.73,382.31,0.0,1.3884,0.0,0,0.3081,0,0.0381,0,0.0381,0,0.3108,0,0.3108,0,0.9924,1,0.9924,1,50,360.39,210.11,0,1,2025-09-30 13:24:14,15.4,74,,0,0,,1
2025-09-30 13:24:59,288.36,0.3045,221.24,0.4591,1.3775,222.96,222.23,218.55,383.76,384.91,380.88,383.14,0.0,1.3775,0.0,0,0.3035,0,0.0371,0,0.0371,0,0.3061,0,0.3061,0,0.9926,1,0.9926,1,50,360.39,210.11,0,1,2025-09-30 13:24:59,15.3,74.3,,0,0,,1
2025-09-30 13:25:44,288.37,0.3024,221.06,0.4567,1.3701,222.56,222.75,217.88,383.52,385.18,379.87,382.62,0.0,1.3701,0.0,0,0.3024,0,0.0383,0,0.0383,0,0.3052,0,0.3052,0,0.992,1,0.992,1,50,360.4,210.11,0,1,2025-09-30 13:25:44,15.3,77.8,,0,0,,1
2025-09-30 13:26:29,288.37,0.3031,220.9,0.4565,1.3695,223.11,223.46,216.15,385.85,383.71,378.25,382.66,0.0,1.3695,0.0,0,0.3031,0,0.0392,0,0.0392,0,0.306,0,0.306,0,0.9917,1,0.9917,1,50,360.4,210.11,0,1,2025-09-30 13:26:29,15.4,80.1,,0,0,,1
2025-09-30 13:27:14,288.37,0.3031,221.48,0.4564,1.3694,222.86,223.52,218.08,384.78,385.25,380.78,383.56,0.0,1.3694,0.0,0,0.3031,0,0.0397,0,0.0397,0,0.3061,0,0.3061,0,0.9915,1,0.9915,1,50,360.41,210.11,0,1,2025-09-30 13:27:14,15.7,83.8,,0,0,,1
2025-09-30 13:27:59,288.38,0.302,221.41,0.4555,1.3665,222.5,223.18,218.57,384.01,384.95,381.49,383.52,0.0,1.3665,0.0,0,0.302,0,0.0394,0,0.0394,0,0.305,0,0.305,0,0.9915,1,0.9915,1,50,360.41,210.11,0,1,2025-09-30 13:27:59,16.0,86.2,,0,0,,1
2025-09-30 13:28:44,288.38,0.3012,220.78,0.4546,1.3638,222.74,222.95,216.66,385.9,383.55,377.73,382.43,0.0,1.3638,0.0,0,0.3012,0,0.039,0,0.039,0,0.3041,0,0.3041,0,0.9917,1,0.9917,1,50.1,360.41,210.11,0,1,2025-09-30 13:28:44,16.3,88.3,,0,0,,1
2025-09-30 13:29:29,288.38,0.2987,221.09,0.4535,1.3606,222.46,221.65,219.17,384.33,383.68,380.78,382.79,0.0,1.3606,0.0,0,0.2987,0,0.0381,0,0.0381,0,0.3016,0,0.3016,0,0.9919,1,0.9919,1,50,360.42,210.11,0,1,2025-09-30 13:29:29,16.6,89.5,,0,0,,1
2025-09-30 13:30:14,288.39,0.2996,220.55,0.454,1.3621,222.61,222.03,217.01,384.52,383.13,378.31,382,0.0,1.3621,0.0,0,0.2996,0,0.0383,0,0.0383,0,0.3024,0,0.3024,0,0.9919,1,0.9919,1,50.1,360.42,210.11,0,1,2025-09-30 13:30:14,16.8,90.7,,0,0,,1
2025-09-30 13:30:59,288.39,0.3004,218.91,0.4537,1.3613,220.62,222.79,213.33,385.13,379.29,373.1,378.59,0.0,1.3613,0.0,0,0.3004,0,0.039,0,0.039,0,0.3033,0,0.3033,0,0.9916,1,0.9916,1,50.1,360.42,210.11,0,1,2025-09-30 13:30:59,17.1,91.6,,0,0,,1
2025-09-30 13:31:44,288.4,0.3003,220.87,0.4549,1.3647,221.47,222.1,219.05,380.87,384.42,382.3,382.27,0.0,1.3647,0.0,0,0.3003,0,0.0382,0,0.0382,0,0.3031,0,0.3031,0,0.992,1,0.992,1,50.1,360.43,210.11,0,1,2025-09-30 13:31:44,17.3,92.1,,0,0,,1
2025-09-30 13:32:29,288.4,0.3027,220.39,0.4547,1.3641,222.81,224.17,214.19,384,382.72,378.37,381.86,0.0,1.3641,0.0,0,0.3027,0,0.0403,0,0.0403,0,0.3058,0,0.3058,0,0.9912,1,0.9912,1,50,360.43,210.11,0,1,2025-09-30 13:32:29,17.5,92.7,,0,0,,1
2025-09-30 13:33:14,288.4,0.3015,219.75,0.4537,1.3613,222.29,223.7,213.28,384.87,381.38,375.61,380.49,0.0,1.3613,0.0,0,0.3015,0,0.0401,0,0.0401,0,0.3045,0,0.3045,0,0.9912,1,0.9912,1,50.1,360.44,210.11,0,1,2025-09-30 13:33:14,17.7,92.7,,0,0,,1
2025-09-30 13:33:59,288.41,0.2999,220.89,0.4533,1.3601,222.21,222.67,217.79,382.05,385.8,379.77,382.49,0.0,1.3601,0.0,0,0.2999,0,0.0391,0,0.0391,0,0.3029,0,0.3029,0,0.9916,1,0.9916,1,50,360.44,210.11,0,1,2025-09-30 13:33:59,17.8,92.6,,0,0,,1
2025-09-30 13:34:44,288.41,0.3008,220.68,0.4532,1.3596,222.98,223.57,215.49,384.71,383.37,378.54,382.13,0.0,1.3596,0.0,0,0.3008,0,0.04,0,0.04,0,0.304,0,0.304,0,0.9912,1,0.9912,1,50,360.44,210.11,0,1,2025-09-30 13:34:44,17.9,92.6,,0,0,,1
2025-09-30 13:35:29,288.41,0.3024,220.59,0.4537,1.3612,223.32,224.53,213.92,385.85,382.72,377.6,382.25,0.0,1.3612,0.0,0,0.3024,0,0.0409,0,0.0409,0,0.3056,0,0.3056,0,0.9909,1,0.9909,1,50,360.45,210.11,0,1,2025-09-30 13:35:29,18.0,92.9,,0,0,,1
2025-09-30 13:36:14,288.42,0.3011,220.04,0.4536,1.361,222.25,223.45,214.44,383.86,381.95,377.53,381.02,0.0,1.361,0.0,0,0.3011,0,0.0392,0,0.0392,0,0.3041,0,0.3041,0,0.9916,1,0.9916,1,50,360.45,210.11,0,1,2025-09-30 13:36:14,18.1,93.3,,0,0,,1
2025-09-30 13:36:59,288.42,0.3031,220.19,0.4546,1.364,222.07,224.53,213.97,383.53,382.95,377.57,381.21,0.0,1.364,0.0,0,0.3031,0,0.0402,0,0.0402,0,0.3063,0,0.3063,0,0.9913,1,0.9913,1,50,360.45,210.11,0,1,2025-09-30 13:36:59,18.2,93.7,,0,0,,1
2025-09-30 13:37:44,288.44,3.2665,219.25,6.3904,19.1712,220.89,223.57,213.31,382.37,382.06,374.78,379.86,6.7059,7.3675,5.0978,1.2461,1.2542,0.7662,2.6344,0.7988,1.0652,0.7705,4.2158,1.4813,1.6472,1.0874,0.7783,0.8418,0.7622,0.7051,50,360.48,210.13,1,1,2025-09-30 13:37:44,18.3,93.9,,1,0,,0
2025-09-30 13:38:29,288.48,3.3126,218.79,6.4433,19.3301,219.03,223.79,213.55,381.84,381.83,373.18,378.66,6.6735,7.4344,5.2222,1.2345,1.2917,0.7865,2.616,0.7806,1.0459,0.7895,4.2406,1.4617,1.6637,1.1152,0.7847,0.8451,0.7771,0.7057,50,360.53,210.16,1,1,2025-09-30 13:38:29,18.3,93.1,,1,0,,0
2025-09-30 13:39:14,288.52,3.3088,219.11,6.4372,19.311799999999998,218.6,224.57,214.16,380.34,382.16,375.95,379.44,6.5126,7.3638,5.4354,1.1886,1.3072,0.813,2.6232,0.7814,1.0098,0.8319,4.2414,1.4237,1.6537,1.164,0.7836,0.8355,0.7913,0.6989,50,360.58,210.19,1,1,2025-09-30 13:39:15,18.2,90.2,,1,0,,0
2025-09-30 13:40:44,288.6,3.3222,218.83,6.446,19.338,217.68,223.46,215.36,379.97,382.04,375.06,378.87,6.5303,7.3224,5.4853,1.1805,1.3057,0.8359,2.6068,0.7899,0.9832,0.8336,4.2391,1.4215,1.6363,1.1813,0.7867,0.831,0.7988,0.708,50.1,360.69,210.26,1,1,2025-09-30 13:40:44,18.0,85.1,,1,0,,0
2025-09-30 13:41:29,288.64,3.3012,219.65,6.4254,19.2763,220.77,224.12,214.06,382.26,382.88,376.11,380.39,6.7082,7.3615,5.2066,1.241,1.2695,0.7907,2.6407,0.8059,1.0507,0.7841,4.2454,1.481,1.6499,1.1145,0.7809,0.8386,0.7703,0.71,50.1,360.74,210.29,1,1,2025-09-30 13:41:29,17.8,82.9,,1,0,,0
2025-09-30 13:42:14,288.69,3.3142,219,6.4418,19.3256,220.41,223.14,213.45,382.99,380.8,374.15,379.34,6.8441,7.4264,5.0551,1.2768,1.2629,0.7745,2.6218,0.8013,1.0704,0.7501,4.2446,1.5085,1.6571,1.079,0.7842,0.847,0.7628,0.7183,50.1,360.79,210.32,1,1,2025-09-30 13:42:14,17.6,82.1,,1,0,,0
2025-09-30 13:42:59,288.73,3.3103,219.44,6.437,19.311,220.75,223.13,214.45,383.36,381.23,375.66,379.88,6.7313,7.4054,5.1743,1.2485,1.2722,0.7896,2.6346,0.8039,1.0521,0.7785,4.2479,1.4859,1.6524,1.1096,0.7824,0.8407,0.7706,0.712,50.1,360.85,210.35,1,1,2025-09-30 13:42:59,17.5,81.2,,1,0,,0
2025-09-30 13:43:44,288.77,3.2712,219.78,6.3921,19.1764,221.31,222.86,215.18,383.94,381.86,376.19,380.57,6.7503,7.3465,5.0796,1.2486,1.2462,0.7763,2.6451,0.818,1.0592,0.768,4.2242,1.4939,1.6372,1.093,0.7775,0.8364,0.7619,0.7109,50,360.9,210.39,1,1,2025-09-30 13:43:44,17.3,80.1,,1,0,,0
2025-09-30 13:44:29,288.81,3.2997,219.49,6.4245,19.273500000000002,221.45,223.29,213.73,383.51,381.52,375.43,380.07,6.8523,7.437,4.9842,1.2847,1.2545,0.7605,2.6362,0.8057,1.0857,0.7448,4.2433,1.5174,1.6606,1.0653,0.7812,0.8471,0.7561,0.7144,50.1,360.95,210.42,1,1,2025-09-30 13:44:29,17.2,78.8,,1,0,,0
2025-09-30 13:45:59,288.89,3.304,220.61,6.4342,19.302599999999998,221.07,224.31,216.45,383.45,384.56,378.26,382.08,6.5719,7.335,5.3957,1.1995,1.2854,0.8191,2.6729,0.8174,1.024,0.8314,4.2661,1.4528,1.6453,1.1679,0.7774,0.8263,0.7821,0.7018,50.1,361.06,210.49,1,1,2025-09-30 13:45:59,16.9,77,,1,0,,0
2025-09-30 13:46:44,288.93,3.3027,219.81,6.4279,19.283700000000003,220.41,223.57,215.46,384.42,381.73,376.04,380.29,6.7144,7.3611,5.2082,1.2358,1.2704,0.7964,2.6448,0.8121,1.0434,0.7894,4.2478,1.4799,1.6457,1.1222,0.7805,0.8357,0.7727,0.7102,50.1,361.11,210.52,1,1,2025-09-30 13:46:44,16.7,76.2,,1,0,,0
2025-09-30 13:47:29,288.98,3.2865,220,6.4061,19.2185,221.07,224.1,214.85,382.87,382.67,377.59,381.26,6.6252,7.3275,5.2658,1.2189,1.2702,0.7974,2.6492,0.8098,1.0379,0.8015,4.2381,1.4646,1.6421,1.1314,0.7785,0.8329,0.7743,0.7052,50.1,361.17,210.55,1,1,2025-09-30 13:47:29,16.6,74.2,,1,0,,0
2025-09-30 13:48:14,289.01,3.2823,220.12,6.4007,19.2023,219.71,224.56,216.11,380.94,383.86,378.9,381.35,6.4792,7.2628,5.4603,1.1703,1.2876,0.8244,2.6489,0.8082,0.9977,0.8429,4.2345,1.4235,1.6309,1.18,0.7781,0.8228,0.7904,0.6992,50.1,361.22,210.58,1,1,2025-09-30 13:48:14,16.4,74,,1,0,,0
2025-09-30 13:48:59,289.06,3.2855,219.4,6.4098,19.2295,219.44,225.19,213.59,383.4,382.18,374.49,380.22,6.6537,7.5056,5.0702,1.2423,1.2968,0.7464,2.6299,0.7652,1.0812,0.7836,4.2332,1.4601,1.6902,1.0829,0.7806,0.8514,0.768,0.6897,50.1,361.27,210.62,1,1,2025-09-30 13:48:59,16.2,73.1,,1,0,,0
2025-09-30 13:49:44,289.1,3.2736,219.55,6.3864,19.159399999999998,218.79,224.22,215.66,379.52,385.31,375.87,380.31,6.4163,7.2629,5.4802,1.1566,1.2945,0.8225,2.626,0.7934,0.9848,0.8477,4.2142,1.4038,1.6285,1.1819,0.78,0.8246,0.7958,0.6963,50.1,361.32,210.65,1,1,2025-09-30 13:49:44,16.0,73.6,,1,0,,0
2025-09-30 13:50:29,289.14,3.2553,219.3,6.3608,19.0825,219.18,224.14,214.6,379.73,382.4,377.29,379.86,6.4793,7.2346,5.3686,1.1745,1.2746,0.8062,2.618,0.7964,0.9996,0.822,4.1938,1.4201,1.6216,1.1521,0.7792,0.8276,0.7868,0.7002,50.1,361.38,210.68,1,1,2025-09-30 13:50:29,15.9,73.8,,1,0,,0
2025-09-30 13:51:14,289.18,3.2572,219.49,6.3727,19.1181,220.45,224.1,213.93,382.79,381.98,375.72,380.58,6.6474,7.3906,5.0801,1.2336,1.2664,0.7572,2.6322,0.789,1.0648,0.7784,4.2084,1.4654,1.6562,1.0868,0.7777,0.8424,0.7653,0.6972,50.1,361.43,210.72,1,1,2025-09-30 13:51:14,15.8,73.7,,1,0,,0
2025-09-30 13:51:59,289.22,3.2545,220.26,6.3685,19.1057,220.82,224.22,215.74,383.24,383.73,377.49,381.35,6.5392,7.2507,5.3158,1.19,1.2626,0.8019,2.6559,0.8159,1.0213,0.8187,4.2166,1.444,1.6258,1.1468,0.7747,0.8247,0.7774,0.6997,50.1,361.48,210.75,1,1,2025-09-30 13:51:59,15.7,74.4,,1,0,,0
2025-09-30 13:52:44,289.26,3.2566,220.05,6.3684,19.1053,220.01,224.5,215.66,381.31,383.69,378.34,381.12,6.4834,7.259,5.3629,1.1764,1.2757,0.8044,2.6457,0.8046,1.0112,0.8299,4.2126,1.4264,1.6296,1.1566,0.7761,0.8254,0.7836,0.6959,50.1,361.53,210.78,1,1,2025-09-30 13:52:44,15.7,74.4,,1,0,,0
2025-09-30 13:53:29,289.3,3.2626,219.77,6.3768,19.1304,220.14,224.4,214.78,383.26,382.03,376.67,380.56,6.5635,7.3342,5.2327,1.205,1.275,0.7825,2.6384,0.7951,1.0378,0.8056,4.2146,1.4449,1.6458,1.1239,0.7775,0.8346,0.7755,0.6967,50.1,361.59,210.82,1,1,2025-09-30 13:53:29,15.6,73.7,,1,0,,0
2025-09-30 13:54:59,289.38,0.3099,220.57,0.4635,1.3905,220.86,224.93,215.94,383.75,383.47,378.89,381.98,0.0,1.3905,0.0,0,0.3099,0,0.0388,0,0.0388,0,0.3128,0,0.3128,0,0.9922,1,0.9922,1,50.1,361.68,210.88,0,1,2025-09-30 13:54:59,15.4,71.9,,0,0,,1
2025-09-30 13:55:44,289.38,0.3084,221.34,0.4614,1.3843,221.72,224.87,217.43,384.8,384.46,380.82,383.31,0.0,1.3843,0.0,0,0.3084,0,0.0392,0,0.0392,0,0.3113,0,0.3113,0,0.992,1,0.992,1,50.1,361.69,210.88,0,1,2025-09-30 13:55:44,15.2,72.7,,0,0,,1
2025-09-30 13:56:29,289.38,0.3081,221.99,0.4593,1.3779,222.63,225.86,217.49,386.47,385.98,381.03,384.45,0.0,1.3779,0.0,0,0.3081,0,0.0406,0,0.0406,0,0.3112,0,0.3112,0,0.9914,1,0.9914,1,50.1,361.69,210.88,0,1,2025-09-30 13:56:29,15.2,75.5,,0,0,,1
2025-09-30 13:57:14,289.39,0.3079,221.81,0.4589,1.3769,222.92,225.89,216.63,386.17,385.7,380.65,384.06,0.0,1.3769,0.0,0,0.3079,0,0.0407,0,0.0407,0,0.311,0,0.311,0,0.9913,1,0.9913,1,50.2,361.69,210.88,0,1,2025-09-30 13:57:14,15.4,79.4,,0,0,,1
2025-09-30 13:58:06,289.39,0.3083,221.67,0.4585,1.3755,220.24,226.52,218.27,384.19,386.8,380.83,383.97,0.0,1.3755,0.0,0,0.3083,0,0.0416,0,0.0416,0,0.3116,0,0.3116,0,0.991,1,0.991,1,50.1,361.7,210.88,0,1,2025-09-30 13:58:06,15.7,83.9,,0,0,,1
2025-09-30 13:58:51,289.4,0.3097,221.71,0.459,1.3771,220.79,227.38,216.97,385.83,385.38,380.8,384.12,0.0,1.3771,0.0,0,0.3097,0,0.0426,0,0.0426,0,0.3131,0,0.3131,0,0.9906,1,0.9906,1,50.2,361.7,210.88,0,1,2025-09-30 13:58:51,16.0,86.6,,0,0,,1
2025-09-30 13:59:36,289.4,0.3088,222.22,0.4583,1.375,221.95,227.07,217.64,386.36,386.19,382.1,384.94,0.0,1.375,0.0,0,0.3088,0,0.0422,0,0.0422,0,0.3122,0,0.3122,0,0.9908,1,0.9908,1,50.2,361.71,210.88,0,1,2025-09-30 13:59:36,16.2,88.1,,0,0,,1
2025-09-30 14:00:21,289.4,0.3078,221.61,0.4576,1.3728,222.16,226.66,216.02,386.67,385.28,379.58,383.86,0.0,1.3728,0.0,0,0.3078,0,0.042,0,0.042,0,0.3112,0,0.3112,0,0.9908,1,0.9908,1,50.1,361.71,210.88,0,1,2025-09-30 14:00:21,16.4,88.9,,0,0,,1
2025-09-30 14:01:06,289.41,0.3078,222.43,0.4569,1.3708,221.67,227.14,218.5,386.15,387.43,382.19,385.35,0.0,1.3708,0.0,0,0.3078,0,0.043,0,0.043,0,0.3114,0,0.3114,0,0.9903,1,0.9903,1,50.1,361.72,210.88,0,1,2025-09-30 14:01:06,16.6,90.4,,0,0,,1
2025-09-30 14:01:51,289.41,0.3078,222.6,0.4572,1.3718,220.66,226.9,220.25,385.81,388.57,382.28,385.56,0.0,1.3718,0.0,0,0.3078,0,0.0427,0,0.0427,0,0.3113,0,0.3113,0,0.9904,1,0.9904,1,50.1,361.72,210.88,0,1,2025-09-30 14:01:51,16.8,91.6,,0,0,,1
2025-09-30 14:02:36,289.42,0.3056,222.27,0.4555,1.3665,221.07,226.13,219.61,387.94,385.96,381.07,385.03,0.0,1.3665,0.0,0,0.3056,0,0.0419,0,0.0419,0,0.309,0,0.309,0,0.9907,1,0.9907,1,50.1,361.72,210.88,0,1,2025-09-30 14:02:36,17.1,92.7,,0,0,,1
2025-09-30 14:03:21,289.42,0.3042,222.22,0.4551,1.3654,221.03,225.18,220.46,384.31,387.33,383.03,384.95,0.0,1.3654,0.0,0,0.3042,0,0.0411,0,0.0411,0,0.3075,0,0.3075,0,0.991,1,0.991,1,50.1,361.73,210.88,0,1,2025-09-30 14:03:21,17.3,92.9,,0,0,,1
2025-09-30 14:04:06,289.42,0.3019,221.61,0.4541,1.3623,223.69,223.81,217.33,386.46,384.29,380.74,383.86,0.0,1.3623,0.0,0,0.3019,0,0.0396,0,0.0396,0,0.3049,0,0.3049,0,0.9915,1,0.9915,1,50.1,361.73,210.88,0,1,2025-09-30 14:04:06,17.4,93.2,,0,0,,1
2025-09-30 14:05:12,289.43,0.3021,221.97,0.4545,1.3635,221.74,223.78,220.41,383.59,386.99,382.78,384.44,0.0,1.3635,0.0,0,0.3021,0,0.0393,0,0.0393,0,0.3051,0,0.3051,0,0.9916,1,0.9916,1,50.1,361.74,210.88,0,1,2025-09-30 14:05:12,17.7,93.5,,0,0,,1
2025-09-30 14:05:57,289.43,0.3038,221.13,0.4543,1.363,220.22,225.26,217.93,384.97,384.74,379.35,383.06,0.0,1.363,0.0,0,0.3038,0,0.0408,0,0.0408,0,0.307,0,0.307,0,0.991,1,0.991,1,50.1,361.74,210.88,0,1,2025-09-30 14:05:57,17.8,93.6,,0,0,,1
2025-09-30 14:06:42,289.44,0.3037,221.2,0.4544,1.3632,219.42,225.16,219.04,383.94,386.14,379.34,383.23,0.0,1.3632,0.0,0,0.3037,0,0.0406,0,0.0406,0,0.3069,0,0.3069,0,0.9911,1,0.9911,1,50.1,361.75,210.88,0,1,2025-09-30 14:06:42,18.0,94,,0,0,,1
2025-09-30 14:07:27,289.44,0.3036,221.09,0.4545,1.3635,219.22,225.08,218.99,382.86,385.48,380.49,382.97,0.0,1.3635,0.0,0,0.3036,0,0.0408,0,0.0408,0,0.3069,0,0.3069,0,0.991,1,0.991,1,50,361.75,210.89,0,1,2025-09-30 14:07:28,18.1,94.3,,0,0,,1
2025-09-30 14:08:12,289.45,0.3012,220.94,0.4529,1.3587,220.92,223.96,217.94,384.28,384.63,379.11,382.63,0.0,1.3587,0.0,0,0.3012,0,0.04,0,0.04,0,0.3043,0,0.3043,0,0.9912,1,0.9912,1,50,361.75,210.89,0,1,2025-09-30 14:08:12,18.2,94.3,,0,0,,1
2025-09-30 14:08:57,289.47,3.303,220.56,6.4517,19.3552,219.93,223.74,218.01,383.88,384.6,377.57,382.01,6.66,7.309,5.3862,1.2013,1.2738,0.8279,2.69,0.836,1.0224,0.8316,4.2743,1.4647,1.6353,1.1742,0.7753,0.8207,0.7798,0.7055,50,361.78,210.9,1,1,2025-09-30 14:08:57,18.3,94.7,,1,0,,0
2025-09-30 14:09:43,289.51,3.3464,219.94,6.499,19.4972,219.35,222.85,217.62,382.35,383.22,377.26,381.03,6.7882,7.3508,5.3582,1.2303,1.2778,0.8384,2.669,0.837,1.0226,0.8094,4.2932,1.489,1.6381,1.1661,0.7817,0.8268,0.7807,0.7193,50,361.84,210.94,1,1,2025-09-30 14:09:43,18.3,93.5,,1,0,,0
2025-09-30 14:10:27,289.55,3.338,220.63,6.4949,19.4849,220.47,223.19,218.23,384.45,383.72,378.25,382.14,6.8161,7.3504,5.3184,1.2376,1.2681,0.8323,2.6964,0.8506,1.0381,0.8078,4.3039,1.5027,1.6405,1.1606,0.7779,0.8241,0.7737,0.7176,50,361.89,210.97,1,1,2025-09-30 14:10:27,18.2,90.3,,1,0,,0
2025-09-30 14:12:19,289.67,3.3225,220.47,6.47,19.4101,220.13,222.65,218.64,383.85,383.55,378.2,381.7,6.8045,7.3113,5.2943,1.2307,1.2595,0.8323,2.6844,0.8522,1.0288,0.8035,4.2833,1.4979,1.6279,1.1575,0.7778,0.8221,0.7744,0.7194,50,362.05,211.07,1,1,2025-09-30 14:12:19,17.7,84.5,,1,0,,0
2025-09-30 14:13:04,289.71,3.3187,221.24,6.4666,19.3998,220.33,222.55,220.84,383.71,385.26,380.61,383.02,6.6726,7.1755,5.5517,1.1785,1.2595,0.8807,2.7073,0.8769,0.9787,0.8517,4.2931,1.4702,1.5969,1.226,0.7748,0.8022,0.7896,0.7188,50,362.1,211.1,1,1,2025-09-30 14:13:04,17.6,82.5,,1,0,,0
2025-09-30 14:13:49,289.75,3.3232,221.1,6.4694,19.4082,220.58,222.73,219.99,383.48,385.14,380.23,383.02,6.6819,7.1769,5.5494,1.185,1.2596,0.8787,2.7019,0.8743,0.9812,0.8463,4.2932,1.4739,1.5985,1.2208,0.7759,0.8046,0.7888,0.7202,50,362.15,211.13,1,1,2025-09-30 14:13:49,17.4,80.7,,1,0,,0
2025-09-30 14:14:35,289.8,3.3296,220.95,6.478,19.4341,219.65,223.54,219.66,384.01,384.66,379.42,382.79,6.7075,7.244,5.4826,1.1957,1.2725,0.8615,2.6983,0.8589,0.9988,0.8406,4.2969,1.4733,1.6193,1.2043,0.7769,0.8121,0.7866,0.7157,50,362.21,211.17,1,1,2025-09-30 14:14:35,17.2,79.5,,1,0,,0
2025-09-30 14:15:19,289.84,3.2953,220.44,6.4332,19.2997,219.33,223.99,218.02,382.38,384.56,378.52,381.55,6.6176,7.232,5.4501,1.183,1.2718,0.8404,2.6785,0.8389,1.0006,0.839,4.2596,1.4514,1.6199,1.1882,0.7759,0.8157,0.7859,0.7077,50,362.26,211.2,1,1,2025-09-30 14:15:19,17.0,79.3,,1,0,,0
2025-09-30 14:16:04,289.88,3.3273,220.27,6.4718,19.415499999999998,219.91,224.3,216.62,384.59,383.13,376.88,381.73,6.7504,7.3993,5.2658,1.236,1.2836,0.8077,2.6744,0.8203,1.0495,0.8046,4.2848,1.4845,1.6597,1.1407,0.7794,0.8332,0.7741,0.7084,50,362.31,211.24,1,1,2025-09-30 14:16:04,17.0,79.3,,1,0,,0
2025-09-30 14:16:50,289.92,3.3261,220.67,6.4702,19.4107,221.5,222.92,217.59,383.46,384.73,378.37,382.23,6.7269,7.3159,5.3679,1.2239,1.2658,0.8364,2.6883,0.848,1.026,0.8144,4.2889,1.49,1.6309,1.168,0.7777,0.8219,0.7768,0.7164,50,362.37,211.27,1,1,2025-09-30 14:16:50,16.9,79.6,,1,0,,0
2025-09-30 14:18:19,290,3.3054,220.06,6.4413,19.323999999999998,219.87,221.64,218.67,382.86,383.8,376.75,381.08,6.6526,7.2315,5.4399,1.1906,1.2611,0.8538,2.6614,0.8477,0.9867,0.8271,4.255,1.4627,1.6028,1.1895,0.7788,0.8146,0.7875,0.7182,50,362.47,211.34,1,1,2025-09-30 14:18:19,16.7,77.7,,1,0,,0
2025-09-30 14:19:26,290.08,3.3101,219.87,6.4488,19.3466,219.42,222.16,218.03,383.08,382.56,376.82,380.73,6.6734,7.2833,5.3899,1.2007,1.2692,0.8402,2.6573,0.8361,1.0008,0.8204,4.2575,1.4643,1.6181,1.1752,0.7798,0.8206,0.7852,0.7154,50,362.57,211.4,1,1,2025-09-30 14:19:26,16.5,75.1,,1,0,,0
2025-09-30 14:20:11,290.12,3.2914,220.02,6.4227,19.2682,219.68,220.88,219.5,381.43,383.37,378.42,381.06,6.6157,7.0761,5.5764,1.1615,1.2417,0.8882,2.6595,0.8718,0.9467,0.841,4.2403,1.4533,1.563,1.224,0.7778,0.7997,0.7952,0.7261,50,362.62,211.43,1,1,2025-09-30 14:20:11,16.4,75.1,,1,0,,0
2025-09-30 14:20:56,290.16,3.2992,219.87,6.4341,19.302300000000002,219.69,220.75,219.17,380.86,383.35,378.22,380.81,6.6767,7.1672,5.4584,1.1857,1.2465,0.867,2.657,0.8618,0.9719,0.8233,4.2453,1.4668,1.5822,1.1963,0.7788,0.8089,0.7886,0.7251,49.9,362.67,211.46,1,1,2025-09-30 14:20:56,16.3,75.4,,1,0,,0
2025-09-30 14:21:41,290.2,3.2942,219.75,6.4267,19.2803,219.26,221.32,218.67,381.03,382.85,377.95,380.61,6.6009,7.1845,5.4949,1.172,1.2595,0.8627,2.6508,0.8472,0.9681,0.8354,4.239,1.4473,1.5901,1.2016,0.779,0.8104,0.7928,0.7183,50,362.73,211.49,1,1,2025-09-30 14:21:41,16.3,75.6,,1,0,,0
2025-09-30 14:22:26,290.24,3.2843,220.21,6.4191,19.2575,220.04,221.62,218.98,382.38,384,377.83,381.45,6.6684,7.1817,5.4074,1.1883,1.2454,0.8505,2.6701,0.8589,0.9885,0.8227,4.243,1.4673,1.5916,1.1841,0.7759,0.8104,0.7832,0.7187,49.9,362.78,211.53,1,1,2025-09-30 14:22:26,16.1,76,,1,0,,0
2025-09-30 14:23:11,290.28,3.2894,219.89,6.4257,19.2772,218.85,222.55,218.29,382.19,382.75,377.68,380.24,6.6715,7.2719,5.3338,1.1971,1.2646,0.8277,2.6584,0.8338,1.0069,0.8177,4.2427,1.4601,1.6184,1.1643,0.7777,0.8205,0.7823,0.7113,50,362.83,211.56,1,1,2025-09-30 14:23:11,16.1,76.1,,1,0,,0
2025-09-30 14:23:57,290.32,3.2758,219.99,6.4098,19.229499999999998,218.67,222.87,218.44,383.24,383.32,376.55,380.91,6.6003,7.3102,5.319,1.1863,1.2749,0.8147,2.6591,0.8201,1.0117,0.8273,4.2344,1.4433,1.6292,1.1619,0.7764,0.8225,0.7833,0.7016,50,362.89,211.59,1,1,2025-09-30 14:23:57,16.0,76.1,,1,0,,0
2025-09-30 14:24:41,290.37,3.3003,221.21,6.4458,19.337400000000002,220.98,223,219.67,383.58,385.29,380.57,383.2,6.639,7.2159,5.4825,1.1838,1.2596,0.8569,2.7082,0.8646,0.9985,0.8452,4.2806,1.4671,1.6091,1.2043,0.773,0.8075,0.7836,0.7119,50,362.94,211.63,1,1,2025-09-30 14:24:41,16.0,75.6,,1,0,,0
2025-09-30 14:26:11,290.44,3.2658,220.92,6.3996,19.198999999999998,220.5,222.63,219.65,383.87,385.27,378.78,382.69,6.6355,7.1739,5.3896,1.1807,1.2439,0.8412,2.693,0.8623,0.9989,0.8318,4.2441,1.4631,1.5971,1.1838,0.7715,0.8075,0.7797,0.711,50,363.04,211.69,1,1,2025-09-30 14:26:11,15.9,73.3,,1,0,,0
2025-09-30 14:26:56,290.49,3.2745,221.16,6.4121,19.2364,220.72,223.29,219.49,383.72,385.47,380,382.91,6.6253,7.1661,5.445,1.1773,1.249,0.8482,2.7046,0.8657,0.9977,0.8411,4.2576,1.4623,1.6001,1.1951,0.771,0.8056,0.7813,0.71,50,363.1,211.73,1,1,2025-09-30 14:26:56,15.8,72.4,,1,0,,0
2025-09-30 14:27:41,290.53,3.2753,221.08,6.4068,19.220599999999997,221.18,223.29,218.78,384.2,385.09,379.45,383.07,6.6993,7.2189,5.3024,1.2062,1.2437,0.8255,2.6956,0.8589,1.0228,0.8139,4.2537,1.4818,1.6119,1.1601,0.7721,0.8145,0.7723,0.7123,50,363.15,211.76,1,1,2025-09-30 14:27:41,15.7,71.2,,1,0,,0
2025-09-30 14:28:26,290.57,3.2971,221.62,6.4361,19.3085,222.08,223.25,219.53,385,385.39,381.15,383.84,6.739,7.1705,5.399,1.2071,1.238,0.852,2.7178,0.8827,1.0122,0.8229,4.2827,1.4966,1.6008,1.1852,0.7716,0.8075,0.7741,0.7192,50,363.2,211.79,1,1,2025-09-30 14:28:26,15.6,72.3,,1,0,,0
2025-09-30 14:29:11,290.61,3.2933,221.05,6.4325,19.2975,221.68,222.94,218.55,384.5,384.62,379.49,382.85,6.7668,7.2155,5.3152,1.2184,1.2377,0.8372,2.6982,0.8701,1.0211,0.807,4.2703,1.5001,1.6086,1.1616,0.7735,0.8148,0.7708,0.7198,50,363.26,211.83,1,1,2025-09-30 14:29:11,15.5,74.8,,1,0,,0
2025-09-30 14:29:56,290.65,3.2803,220.66,6.4188,19.2565,220.39,223.21,218.4,383.84,384.64,378.11,382.19,6.7116,7.2534,5.2915,1.209,1.2478,0.8235,2.6876,0.8531,1.0239,0.8106,4.2539,1.4792,1.619,1.1557,0.7735,0.8179,0.7733,0.7112,50,363.31,211.86,1,1,2025-09-30 14:29:56,15.5,74.7,,1,0,,0
2025-09-30 14:30:41,290.69,3.2989,220.87,6.4446,19.3338,218.67,224.49,219.45,383.16,385.03,379.48,382.54,6.5501,7.2426,5.5411,1.1588,1.287,0.8531,2.693,0.8393,0.9866,0.8671,4.2742,1.4323,1.6259,1.216,0.7746,0.8105,0.7931,0.7007,50,363.36,211.9,1,1,2025-09-30 14:30:41,15.5,76.2,,1,0,,0
2025-09-30 14:31:26,290.73,3.2946,220.43,6.4338,19.3016,218.86,223.96,218.49,383.34,384.2,377.89,382.34,6.658,7.2515,5.3921,1.1902,1.2707,0.8337,2.6781,0.8386,1.0083,0.8312,4.2593,1.4572,1.624,1.1781,0.7759,0.8174,0.7833,0.7081,50,363.42,211.93,1,1,2025-09-30 14:31:26,15.5,75.7,,1,0,,0
2025-09-30 14:32:11,290.77,3.2947,221.15,6.4384,19.3153,218.56,223.91,220.98,382.26,386.4,380.47,383.13,6.5355,7.0951,5.6847,1.1333,1.2706,0.8907,2.702,0.8672,0.9502,0.8846,4.2733,1.4284,1.5887,1.2562,0.7732,0.7941,0.8008,0.7095,50,363.47,211.96,1,1,2025-09-30 14:32:11,15.5,76.3,,1,0,,0
2025-09-30 14:32:56,290.81,3.2871,220.61,6.426,19.278,218.25,223.9,219.68,382.15,385.15,379.02,382.03,6.5844,7.1727,5.5209,1.1587,1.271,0.8574,2.6839,0.8482,0.9789,0.8568,4.2558,1.437,1.606,1.2128,0.7745,0.8069,0.7922,0.7073,49.9,363.52,212,1,1,2025-09-30 14:32:56,15.4,74,,1,0,,0
2025-09-30 14:33:41,290.86,3.2683,220.72,6.4014,19.2043,219.63,222.35,220.19,382.96,384.36,379.58,382.33,6.6256,7.0711,5.5076,1.1607,1.2379,0.8697,2.6872,0.876,0.9669,0.8442,4.2402,1.4552,1.5723,1.2127,0.7724,0.7981,0.788,0.7175,50,363.58,212.03,1,1,2025-09-30 14:33:41,15.4,74.9,,1,0,,0
2025-09-30 14:34:26,290.9,3.2674,220.04,6.3961,19.1884,218.76,222.4,218.98,381.37,383.65,378.36,381.18,6.6023,7.1656,5.4205,1.1692,1.2535,0.8446,2.6612,0.8463,0.9817,0.8332,4.2249,1.4443,1.5936,1.187,0.7753,0.81,0.7873,0.7119,50,363.63,212.06,1,1,2025-09-30 14:34:26,15.3,73.8,,1,0,,0
2025-09-30 14:35:11,290.94,3.2734,220.15,6.4027,19.2081,218.87,222.46,219.13,381.82,384.19,377.93,381.34,6.6185,7.1519,5.4377,1.1706,1.2524,0.8504,2.6637,0.8514,0.9786,0.8337,4.2312,1.4486,1.591,1.1916,0.7756,0.8086,0.7879,0.714,50,363.68,212.1,1,1,2025-09-30 14:35:11,15.3,73.4,,1,0,,0
2025-09-30 14:35:56,290.95,0.3049,220.18,0.4614,1.3844,219.39,222.16,219,382.97,383.19,377.93,381.53,0.0,1.3844,0.0,0,0.3049,0,0.0374,0,0.0374,0,0.3076,0,0.3076,0,0.9925,1,0.9925,1,50,363.7,212.11,0,1,2025-09-30 14:35:56,15.2,73,,0,0,,1
2025-09-30 14:36:41,290.96,0.3041,220.97,0.458,1.374,219.39,222.65,220.89,383.81,384.7,379.7,382.65,0.0,1.374,0.0,0,0.3031,0,0.0383,0,0.0383,0,0.3059,0,0.3059,0,0.9921,1,0.9921,1,50,363.7,212.11,0,1,2025-09-30 14:36:41,15.2,74.6,,0,0,,1
2025-09-30 14:37:26,290.96,0.3022,221.34,0.457,1.3712,219.52,222.47,222.03,383.49,385.18,381.44,383.38,0.0,1.3712,0.0,0,0.3022,0,0.0384,0,0.0384,0,0.3051,0,0.3051,0,0.992,1,0.992,1,50,363.71,212.11,0,1,2025-09-30 14:37:26,15.3,77.1,,0,0,,1
2025-09-30 14:38:11,290.96,0.302,221.88,0.4561,1.3684,221.11,222.87,221.68,385.99,385.03,381.92,384.28,0.0,1.3684,0.0,0,0.302,0,0.0394,0,0.0394,0,0.305,0,0.305,0,0.9916,1,0.9916,1,50,363.71,212.11,0,1,2025-09-30 14:38:11,15.5,80.7,,0,0,,1
2025-09-30 14:38:56,290.97,0.3017,222.45,0.4561,1.3683,221.74,222.7,222.92,385.53,386.75,383.59,385.23,0.0,1.3683,0.0,0,0.3017,0,0.0394,0,0.0394,0,0.3047,0,0.3047,0,0.9915,1,0.9915,1,50,363.72,212.11,0,1,2025-09-30 14:38:56,15.7,83.3,,0,0,,1
2025-09-30 14:39:41,290.97,0.3025,222.62,0.4553,1.3659,221.34,223.81,222.71,386.32,387.18,383.26,385.62,0.0,1.3659,0.0,0,0.3025,0,0.0407,0,0.0407,0,0.3057,0,0.3057,0,0.991,1,0.991,1,50,363.72,212.11,0,1,2025-09-30 14:39:41,16.0,84.9,,0,0,,1
2025-09-30 14:40:26,290.98,0.3024,221.83,0.4547,1.3642,219.83,224.03,221.64,385.47,385.75,381.45,384.15,0.0,1.3642,0.0,0,0.3024,0,0.0411,0,0.0411,0,0.3056,0,0.3056,0,0.9908,1,0.9908,1,50,363.72,212.11,0,1,2025-09-30 14:40:26,16.2,85.8,,0,0,,1
2025-09-30 14:41:11,290.98,0.3019,221.98,0.4552,1.3658,220.04,223.29,222.61,384.38,386.67,382.39,384.53,0.0,1.3658,0.0,0,0.3019,0,0.04,0,0.04,0,0.305,0,0.305,0,0.9913,1,0.9913,1,50,363.73,212.11,0,1,2025-09-30 14:41:11,16.3,86.9,,0,0,,1
2025-09-30 14:41:56,290.98,0.3033,221.62,0.4552,1.3658,219.63,224.51,220.73,384.01,385.79,381.78,383.56,0.0,1.3658,0.0,0,0.3033,0,0.0416,0,0.0416,0,0.3066,0,0.3066,0,0.9907,1,0.9907,1,50,363.73,212.11,0,1,2025-09-30 14:41:56,16.5,87.6,,0,0,,1
2025-09-30 14:42:41,290.99,0.298,220.52,0.4523,1.357,220.85,221.82,218.89,384.24,381.89,379.7,381.77,0.0,1.357,0.0,0,0.298,0,0.0392,0,0.0392,0,0.301,0,0.301,0,0.9914,1,0.9914,1,50,363.73,212.11,0,1,2025-09-30 14:42:41,16.7,89.1,,0,0,,1
2025-09-30 14:43:26,290.99,0.2988,221.35,0.4531,1.3594,220.81,221.97,221.27,384.5,385.05,380.58,383.26,0.0,1.3594,0.0,0,0.2988,0,0.0392,0,0.0392,0,0.3017,0,0.3017,0,0.9914,1,0.9914,1,50,363.74,212.11,0,1,2025-09-30 14:43:26,16.9,89.9,,0,0,,1
2025-09-30 14:44:11,290.99,0.2971,220.91,0.4522,1.3566,220.6,221.12,221.03,385.53,383.41,378.87,382.35,0.0,1.3566,0.0,0,0.2971,0,0.0383,0,0.0383,0,0.3,0,0.3,0,0.9917,1,0.9917,1,50,363.74,212.11,0,1,2025-09-30 14:44:11,17.1,91,,0,0,,1
2025-09-30 14:44:56,291,0.2988,221.54,0.4526,1.358,220.99,222.22,221.43,384.22,385.57,381.38,383.86,0.0,1.358,0.0,0,0.2988,0,0.0392,0,0.0392,0,0.3018,0,0.3018,0,0.9915,1,0.9915,1,50,363.75,212.11,0,1,2025-09-30 14:44:56,17.2,91.7,,0,0,,1
2025-09-30 14:45:41,291,0.2999,221.2,0.453,1.3592,221.19,222.94,219.47,384.69,384.66,380.03,383.12,0.0,1.3592,0.0,0,0.2999,0,0.04,0,0.04,0,0.303,0,0.303,0,0.9912,1,0.9912,1,50,363.75,212.11,0,1,2025-09-30 14:45:41,17.4,92.8,,0,0,,1
2025-09-30 14:46:26,291.01,0.2986,220.57,0.4525,1.3577,220.94,222.05,218.72,384.99,382.85,378.25,381.95,0.0,1.3577,0.0,0,0.2986,0,0.0388,0,0.0388,0,0.3015,0,0.3015,0,0.9916,1,0.9916,1,50,363.75,212.11,0,1,2025-09-30 14:46:26,17.6,93.5,,0,0,,1
2025-09-30 14:47:11,291.01,0.2983,221.48,0.4527,1.3581,221.17,221.83,221.44,384.09,385.04,381.68,383.74,0.0,1.3581,0.0,0,0.2983,0,0.0387,0,0.0387,0,0.3013,0,0.3013,0,0.9917,1,0.9917,1,50,363.76,212.11,0,1,2025-09-30 14:47:11,17.8,93.4,,0,0,,1
2025-09-30 14:47:56,291.01,0.2986,220.81,0.4524,1.3574,219.93,222.08,220.43,385.3,383.15,378.88,382.2,0.0,1.3574,0.0,0,0.2986,0,0.0384,0,0.0384,0,0.3015,0,0.3015,0,0.9918,1,0.9918,1,50,363.76,212.12,0,1,2025-09-30 14:47:56,17.9,93.4,,0,0,,1
2025-09-30 14:48:41,291.02,0.3002,221.2,0.4525,1.3577,219.83,222.45,221.34,385.27,384.2,379.91,383.19,0.0,1.3577,0.0,0,0.2991,0,0.0386,0,0.0386,0,0.302,0,0.302,0,0.9918,1,0.9917,1,50,363.76,212.12,0,1,2025-09-30 14:48:41,18.1,94,,0,0,,1
2025-09-30 14:49:26,291.02,3.4399,220.79,6.6417,19.9253,217.93,221.86,222.58,380.6,385.04,381.62,382.62,6.9173,7.1737,5.8343,1.2047,1.2919,0.9432,2.7222,0.9043,0.9265,0.8915,4.3976,1.5075,1.5916,1.2986,0.7841,0.7997,0.8126,0.7267,50,363.77,212.12,1,1,2025-09-30 14:49:26,18.2,93.9,,1,0,,0
2025-09-30 14:50:11,291.07,3.3821,219.96,6.5455,19.6366,217.57,222.88,219.45,383.41,382.86,376.7,380.94,6.8301,7.3989,5.4076,1.2281,1.2994,0.8547,2.6691,0.8347,1.0123,0.8221,4.3218,1.486,1.6491,1.1867,0.7849,0.827,0.7888,0.7207,50,363.83,212.15,1,1,2025-09-30 14:50:11,18.2,92.9,,1,0,,0
2025-09-30 14:50:56,291.11,3.3565,220.5,6.5123,19.536900000000003,217.48,221.69,222.34,382.43,383.74,379.56,381.82,6.7252,7.1738,5.6379,1.1705,1.2751,0.9109,2.6821,0.8751,0.9472,0.8598,4.3065,1.4626,1.5904,1.2535,0.7812,0.8009,0.8027,0.7272,50,363.88,212.19,1,1,2025-09-30 14:50:56,18.1,90.1,,1,0,,0
2025-09-30 14:51:41,291.15,3.3629,220.37,6.522,19.5661,216.58,222.2,222.33,379.79,384.87,380.42,381.78,6.5835,7.1653,5.8173,1.1342,1.2981,0.9306,2.6779,0.8623,0.9185,0.8971,4.3113,1.4259,1.5921,1.2934,0.7822,0.796,0.8163,0.7199,50,363.94,212.22,1,1,2025-09-30 14:51:41,18.0,87.4,,1,0,,0
2025-09-30 14:52:26,291.19,3.3773,220.83,6.5414,19.6243,219.3,222.47,220.73,385.61,383.8,378,382.25,6.8276,7.3777,5.419,1.2275,1.288,0.8618,2.6987,0.8557,1.0146,0.8285,4.3347,1.4973,1.6413,1.1961,0.7812,0.8203,0.7855,0.7209,50,363.99,212.25,1,1,2025-09-30 14:52:26,17.8,84.7,,1,0,,0
2025-09-30 14:53:11,291.24,3.3935,221.72,6.5585,19.6757,220.3,223.42,221.45,385.49,385.44,381.16,384.19,6.8668,7.3197,5.4892,1.2298,1.2821,0.8816,2.7265,0.8789,1.0121,0.8354,4.3637,1.5128,1.6354,1.2156,0.7795,0.8135,0.7848,0.7258,50.1,364.05,212.29,1,1,2025-09-30 14:53:11,17.7,83.2,,1,0,,0
2025-09-30 14:53:56,291.28,3.4235,222.42,6.595,19.785200000000003,220.52,222.93,223.82,384.62,387.07,384.04,385.23,6.7827,7.1955,5.807,1.1853,1.2872,0.951,2.7501,0.9107,0.9544,0.885,4.3995,1.4957,1.6041,1.2997,0.7796,0.7929,0.8032,0.732,50.1,364.1,212.32,1,1,2025-09-30 14:53:56,17.5,82.5,,1,0,,0
2025-09-30 14:54:41,291.32,3.4064,222.47,6.5776,19.733,222.11,223.74,221.57,390.46,385.13,380.29,385.09,6.9494,7.3997,5.3839,1.2622,1.2794,0.8648,2.7553,0.8867,1.0482,0.8205,4.3921,1.5435,1.6556,1.1929,0.7775,0.8182,0.7735,0.7254,50.1,364.15,212.36,1,1,2025-09-30 14:54:41,17.3,81.8,,1,0,,0
2025-09-30 14:55:26,291.36,3.3941,222.79,6.5597,19.6792,222.04,222.85,223.49,386.25,388.29,383.07,385.78,6.7894,7.1764,5.7134,1.1938,1.2681,0.9323,2.7616,0.9186,0.9716,0.8714,4.3837,1.5075,1.5993,1.2769,0.7756,0.7925,0.7937,0.7305,50.1,364.21,212.39,1,1,2025-09-30 14:55:26,17.2,81.2,,1,0,,0
2025-09-30 14:56:11,291.41,3.4078,222.26,6.5764,19.7294,221.15,223.28,222.37,385.61,386.89,382.41,384.73,6.8387,7.2558,5.6349,1.2139,1.2797,0.9142,2.746,0.9,0.9905,0.8556,4.3855,1.5124,1.6201,1.253,0.7786,0.8033,0.7907,0.7301,50,364.27,212.43,1,1,2025-09-30 14:56:11,17.1,79.9,,1,0,,0
2025-09-30 14:56:56,291.45,3.428,221.44,6.6,19.799999999999997,221.74,222.12,220.48,387,383.94,379.66,383.58,7.0324,7.4146,5.353,1.2827,1.274,0.8713,2.7214,0.885,1.0414,0.795,4.3865,1.5594,1.6469,1.1802,0.7832,0.8231,0.7742,0.7387,50,364.32,212.46,1,1,2025-09-30 14:56:56,16.9,77.5,,1,0,,0
2025-09-30 14:57:41,291.49,3.432,221.79,6.6064,19.8194,221.25,221.14,223,384.93,385.64,381.86,384.11,6.8419,7.2586,5.7189,1.2097,1.2804,0.942,2.7321,0.9081,0.9655,0.8585,4.3943,1.5138,1.6052,1.2753,0.7823,0.7997,0.7984,0.739,50,364.37,212.49,1,1,2025-09-30 14:57:41,16.8,76,,1,0,,0
2025-09-30 14:58:26,291.53,3.4039,221.88,6.5709,19.712699999999998,221.85,222.25,221.56,385.54,385.46,381.92,384.25,6.8976,7.243,5.5721,1.2314,1.2628,0.9097,2.7347,0.9063,0.9953,0.8331,4.3745,1.5302,1.6098,1.2346,0.7795,0.8053,0.7853,0.7375,50,364.43,212.53,1,1,2025-09-30 14:58:26,16.6,75.5,,1,0,,0
2025-09-30 14:59:11,291.58,3.4256,221.44,6.6,19.8,220.26,222.98,221.08,385.18,384.99,380.45,383.63,6.875,7.3771,5.5479,1.2347,1.2972,0.8936,2.7211,0.8744,1.0082,0.8385,4.3858,1.5143,1.6449,1.2265,0.783,0.8161,0.7895,0.7292,50,364.48,212.56,1,1,2025-09-30 14:59:11,16.4,75.2,,1,0,,0
2025-09-30 14:59:56,291.62,3.414,221.01,6.5842,19.7526,218.41,223.3,221.32,383.58,385.36,379.45,382.92,6.7079,7.4045,5.6402,1.1952,1.3249,0.8939,2.7015,0.8452,0.9861,0.8701,4.3668,1.4651,1.6534,1.2483,0.7841,0.8164,0.8021,0.7165,50,364.54,212.6,1,1,2025-09-30 14:59:56,16.2,75.2,,1,0,,0
2025-09-30 15:00:41,291.66,3.4032,220.48,6.5651,19.6953,217.75,222.58,221.12,382.36,384.4,378.9,382.11,6.7517,7.2917,5.6519,1.1923,1.3031,0.9077,2.6811,0.8584,0.9646,0.8581,4.3429,1.4702,1.623,1.2497,0.7855,0.8115,0.8037,0.7266,50,364.59,212.63,1,1,2025-09-30 15:00:41,16.1,74.1,,1,0,,0
2025-09-30 15:02:18,291.76,3.3639,220.24,6.5233,19.5701,219.06,222.15,219.52,382.98,383.44,377.98,381.57,6.7661,7.3253,5.4787,1.2118,1.2836,0.8685,2.6794,0.8514,0.9974,0.8305,4.3122,1.4822,1.6273,1.2027,0.7822,0.8182,0.7896,0.7227,49.9,364.72,212.71,1,1,2025-09-30 15:02:18,15.7,73.3,,1,0,,0
2025-09-30 15:03:03,291.79,0.3046,221.09,0.4594,1.3784,219.83,223.08,220.38,384.76,384.72,379.36,382.95,0.0,1.3784,0.0,0,0.3046,0,0.0388,0,0.0388,0,0.3075,0,0.3075,0,0.9919,1,0.9919,1,49.9,364.75,212.73,0,1,2025-09-30 15:03:03,15.6,74.2,,0,0,,1
2025-09-30 15:03:48,291.79,0.3002,221.03,0.4552,1.3657,220.4,221.95,220.74,383.36,385.09,380.02,382.9,0.0,1.3657,0.0,0,0.3002,0,0.0382,0,0.0382,0,0.3031,0,0.3031,0,0.9919,1,0.9919,1,49.9,364.76,212.73,0,1,2025-09-30 15:03:48,15.6,77.8,,0,0,,1
2025-09-30 15:04:33,291.79,0.2992,221.16,0.4539,1.3617,220.6,221.86,221.02,384.09,384.46,380.6,383,0.0,1.3617,0.0,0,0.2992,0,0.0382,0,0.0382,0,0.3021,0,0.3021,0,0.9919,1,0.9919,1,49.9,364.76,212.73,0,1,2025-09-30 15:04:33,15.8,81.6,,0,0,,1
2025-09-30 15:05:18,291.8,0.2998,221.47,0.4543,1.3629,221.1,222.18,221.15,384.22,385.31,381.26,383.72,0.0,1.3629,0.0,0,0.2998,0,0.0389,0,0.0389,0,0.3028,0,0.3028,0,0.9916,1,0.9916,1,49.9,364.76,212.73,0,1,2025-09-30 15:05:18,16.1,85.3,,0,0,,1
2025-09-30 15:06:03,291.8,0.2983,221.55,0.4534,1.3602,221.04,221.38,222.23,383.15,385.8,382.22,383.73,0.0,1.3602,0.0,0,0.2983,0,0.038,0,0.038,0,0.3011,0,0.3011,0,0.9919,1,0.9919,1,50,364.77,212.73,0,1,2025-09-30 15:06:04,16.4,86.3,,0,0,,1
2025-09-30 15:06:48,291.81,0.301,222.14,0.4544,1.3632,221.79,223.1,221.55,386.09,386.27,381.92,384.57,0.0,1.3632,0.0,0,0.301,0,0.04,0,0.04,0,0.3041,0,0.3041,0,0.9912,1,0.9912,1,50,364.77,212.73,0,1,2025-09-30 15:06:48,16.6,87,,0,0,,1
2025-09-30 15:07:33,291.81,0.3016,222.19,0.4544,1.3634,219.77,223.51,223.31,385.33,386.15,383.06,384.95,0.0,1.3634,0.0,0,0.3016,0,0.04,0,0.04,0,0.3047,0,0.3047,0,0.9913,1,0.9913,1,50,364.78,212.73,0,1,2025-09-30 15:07:33,16.8,89.1,,0,0,,1
2025-09-30 15:08:40,291.82,0.299,221.48,0.4534,1.3602,220.93,221.94,221.59,385.4,384.11,381.32,383.69,0.0,1.3602,0.0,0,0.299,0,0.0383,0,0.0383,0,0.3019,0,0.3019,0,0.9918,1,0.9918,1,50,364.78,212.73,0,1,2025-09-30 15:08:40,17.3,90.8,,0,0,,1
2025-09-30 15:09:25,291.82,0.3049,222.51,0.4553,1.3659,220.49,225.78,221.27,386.77,386.95,382.5,385.41,0.0,1.3659,0.0,0,0.3049,0,0.0426,0,0.0426,0,0.3084,0,0.3084,0,0.9903,1,0.9903,1,50,364.79,212.73,0,1,2025-09-30 15:09:25,17.6,91.7,,0,0,,1
2025-09-30 15:10:10,291.82,0.3032,221.75,0.4543,1.3629,220.61,224.93,219.71,385.66,385.11,381.47,384.19,0.0,1.3629,0.0,0,0.3032,0,0.0414,0,0.0414,0,0.3066,0,0.3066,0,0.9908,1,0.9908,1,50,364.79,212.73,0,1,2025-09-30 15:10:10,17.8,92.2,,0,0,,1
2025-09-30 15:10:55,291.83,0.3005,221.97,0.4527,1.3583,222.31,223.58,220.02,386.85,384.65,381.89,384.35,0.0,1.3583,0.0,0,0.3005,0,0.0403,0,0.0403,0,0.3037,0,0.3037,0,0.9911,1,0.9911,1,50,364.79,212.73,0,1,2025-09-30 15:10:55,18.0,92.6,,0,0,,1
2025-09-30 15:11:40,291.86,3.4209,221.67,6.6016,19.8048,221.14,223.32,220.57,384.28,385.26,382.32,383.89,6.7263,7.3346,5.7439,1.2009,1.3047,0.9152,2.7369,0.8753,0.9868,0.8747,4.3923,1.4875,1.638,1.2669,0.7808,0.8081,0.7975,0.7229,50,364.84,212.76,1,1,2025-09-30 15:11:40,18.2,92.2,,1,0,,0
2025-09-30 15:12:25,291.91,3.4155,221.32,6.5884,19.7653,221.03,224.14,218.81,385.48,384.34,380.23,383.37,6.8623,7.425,5.478,1.2496,1.2981,0.8678,2.72,0.8584,1.0341,0.8276,4.3797,1.5168,1.6642,1.1986,0.7822,0.8251,0.7818,0.7227,50,364.9,212.8,1,1,2025-09-30 15:12:25,18.2,89,,1,0,,0
2025-09-30 15:13:10,291.95,3.4317,221.5,6.6063,19.8189,220.04,224.46,220,385.34,385.15,380.46,383.81,6.7636,7.4584,5.5969,1.2235,1.3271,0.8811,2.7216,0.8453,1.0173,0.8591,4.3937,1.4883,1.6741,1.2313,0.7835,0.8227,0.7936,0.7159,50,364.95,212.83,1,1,2025-09-30 15:13:11,18.1,85.9,,1,0,,0
2025-09-30 15:13:55,291.99,3.424,221.53,6.598,19.794,220.08,224.03,220.49,383.2,385.31,382.59,384.04,6.7281,7.3493,5.7166,1.2016,1.3148,0.9076,2.7245,0.8631,0.9879,0.8735,4.3876,1.4807,1.6465,1.2605,0.7825,0.8121,0.7994,0.7205,50,365.01,212.86,1,1,2025-09-30 15:13:55,17.9,84.3,,1,0,,0
2025-09-30 15:14:40,292.04,3.4196,220.99,6.5913,19.7739,220.04,224.78,218.17,384.57,383.93,379.84,382.91,6.8711,7.5108,5.392,1.2605,1.3162,0.8429,2.706,0.8326,1.054,0.8194,4.3766,1.5119,1.6883,1.1764,0.7841,0.8343,0.7805,0.717,50,365.06,212.9,1,1,2025-09-30 15:14:40,17.8,82.2,,1,0,,0
2025-09-30 15:16:31,292.16,3.3832,220.04,6.5439,19.6319,217.41,224.12,218.6,383.32,383.73,376.35,381.27,6.6051,7.4467,5.5801,1.1868,1.3371,0.8593,2.6665,0.8062,0.9955,0.8647,4.3248,1.436,1.669,1.2198,0.7853,0.8271,0.802,0.7048,50,365.22,213,1,1,2025-09-30 15:16:31,17.3,79.6,,1,0,,0
2025-09-30 15:17:16,292.2,3.3787,220.59,6.5305,19.5915,217.39,224.69,219.69,381.21,384.47,380.5,382.09,6.4909,7.2373,5.8633,1.1363,1.3282,0.9143,2.6753,0.8345,0.9346,0.9063,4.3253,1.4111,1.6261,1.2881,0.7839,0.8059,0.8178,0.7102,50,365.27,213.03,1,1,2025-09-30 15:17:16,17.1,77.5,,1,0,,0
2025-09-30 15:18:01,292.24,3.3855,220.1,6.5407,19.6221,217.2,224.78,218.33,380.79,384.09,378.78,381.14,6.4976,7.3467,5.7778,1.1534,1.3426,0.8895,2.6624,0.811,0.958,0.8934,4.3241,1.4113,1.6514,1.2615,0.786,0.818,0.814,0.7055,50,365.32,213.06,1,1,2025-09-30 15:18:01,16.9,77.3,,1,0,,0
2025-09-30 15:19:31,292.32,3.3834,220.33,6.5417,19.6251,219.12,224.84,217.05,383.16,383.89,377.85,381.79,6.5766,7.4404,5.6081,1.1926,1.3347,0.8561,2.6757,0.8065,1.005,0.8642,4.3312,1.4411,1.6729,1.2172,0.7843,0.8283,0.7988,0.7037,50,365.43,213.13,1,1,2025-09-30 15:19:31,16.6,75.2,,1,0,,0
2025-09-30 15:20:17,292.37,3.3714,220.36,6.5305,19.5917,219.32,224.49,217.27,382.66,384.02,378.32,381.66,6.6234,7.4352,5.5331,1.2025,1.3222,0.8467,2.6806,0.8128,1.0154,0.8524,4.3239,1.4526,1.6691,1.2022,0.7827,0.8285,0.793,0.7047,50,365.49,213.16,1,1,2025-09-30 15:20:17,16.5,75,,1,0,,0
2025-09-30 15:21:01,292.41,3.3882,219.96,6.5428,19.6286,220.12,223.75,216.01,383.27,382.23,377.44,381.02,6.7411,7.4826,5.4049,1.2415,1.3129,0.8338,2.6623,0.8104,1.0358,0.8161,4.3256,1.4839,1.6742,1.1675,0.7863,0.8373,0.785,0.7146,50,365.54,213.2,1,1,2025-09-30 15:21:01,16.4,76,,1,0,,0
2025-09-30 15:22:53,292.53,3.3577,221.79,6.5151,19.5454,221.38,224.58,219.41,384.12,386.93,381.36,383.87,6.6253,7.2359,5.6842,1.18,1.2882,0.8895,2.7293,0.8688,0.9873,0.8732,4.3389,1.4667,1.625,1.2472,0.7759,0.8052,0.7936,0.7136,50,365.69,213.29,1,1,2025-09-30 15:22:53,16.1,73.8,,1,0,,0
2025-09-30 15:23:37,292.57,3.3706,222.14,6.5348,19.604499999999998,221.46,224.77,220.19,384.43,387.34,382.46,384.64,6.6114,7.2335,5.7596,1.1717,1.2949,0.904,2.7436,0.8757,0.9795,0.8883,4.3582,1.4642,1.6259,1.2682,0.7755,0.8009,0.7975,0.7132,50,365.75,213.32,1,1,2025-09-30 15:23:37,16.0,73.3,,1,0,,0
2025-09-30 15:24:22,292.61,3.3748,222.21,6.5478,19.6435,221.26,226.17,219.22,387.02,386.32,381.34,384.83,6.7101,7.4513,5.4821,1.2205,1.314,0.8403,2.7523,0.8429,1.0514,0.8579,4.3717,1.4847,1.6853,1.2018,0.7749,0.8228,0.7808,0.6997,50,365.8,213.36,1,1,2025-09-30 15:24:22,15.8,73.1,,1,0,,0
2025-09-30 15:25:07,292.65,3.3748,221.39,6.5413,19.6239,221.07,225.43,217.67,387.27,383.98,379.15,383.61,6.8941,7.5267,5.2031,1.2758,1.2972,0.8018,2.7212,0.8317,1.0907,0.7988,4.3534,1.5241,1.6967,1.1326,0.7784,0.8377,0.7653,0.7084,50,365.85,213.39,1,1,2025-09-30 15:25:07,15.7,74.5,,1,0,,0
2025-09-30 15:25:52,292.7,3.3641,222.02,6.5295,19.5885,219.46,226.09,220.53,385.43,386.72,381.54,384.61,6.6297,7.336,5.6228,1.1802,1.3149,0.869,2.739,0.8485,1.0072,0.8833,4.3535,1.455,1.6586,1.24,0.7754,0.8119,0.7938,0.7013,50,365.91,213.43,1,1,2025-09-30 15:25:52,15.6,74.1,,1,0,,0
2025-09-30 15:26:37,292.74,3.3765,222.36,6.5478,19.6436,219.57,226.13,221.4,383.79,388.09,383.54,385.14,6.5348,7.2256,5.8832,1.1404,1.3188,0.9173,2.7533,0.8687,0.9608,0.9238,4.3713,1.4348,1.6339,1.3025,0.7749,0.7954,0.8082,0.7045,50,365.96,213.46,1,1,2025-09-30 15:26:37,15.6,73.1,,1,0,,0
2025-09-30 15:27:23,292.78,3.3805,221.85,6.5496,19.6489,219.88,226.99,218.69,385.56,386.86,380.36,384.4,6.6403,7.495,5.5136,1.2078,1.3381,0.8346,2.7349,0.8182,1.0473,0.8694,4.3671,1.4601,1.7013,1.2058,0.7774,0.8279,0.7874,0.6925,50,366.02,213.5,1,1,2025-09-30 15:27:23,15.5,72.5,,1,0,,0
2025-09-30 15:28:07,292.8,0.3116,223.4,0.4634,1.3903,222.97,226.49,220.76,389.58,387.68,383.6,386.85,0.0,1.3903,0.0,0,0.3116,0,0.0416,0,0.0416,0,0.3149,0,0.3149,0,0.9912,1,0.9912,1,50,366.04,213.51,0,1,2025-09-30 15:28:07,15.4,71.7,,0,0,,1
2025-09-30 15:28:52,292.8,0.3067,222.71,0.4577,1.3732,222.78,225.78,219.57,386.53,387.77,382.9,385.83,0.0,1.3732,0.0,0,0.3067,0,0.0415,0,0.0415,0,0.31,0,0.31,0,0.9909,1,0.9909,1,50,366.05,213.51,0,1,2025-09-30 15:28:52,15.4,75.1,,0,0,,1
2025-09-30 15:29:37,292.81,0.307,222.45,0.458,1.3742,221.64,225.79,219.92,386.26,387.53,382.08,385.24,0.0,1.3742,0.0,0,0.307,0,0.0412,0,0.0412,0,0.3103,0,0.3103,0,0.9911,1,0.9911,1,50,366.05,213.51,0,1,2025-09-30 15:29:37,15.5,78.4,,0,0,,1
2025-09-30 15:30:22,292.81,0.3055,221.59,0.4574,1.3723,221.45,224.92,218.42,385.6,385.66,380.18,383.81,0.0,1.3723,0.0,0,0.3055,0,0.0405,0,0.0405,0,0.3087,0,0.3087,0,0.9913,1,0.9913,1,50,366.05,213.51,0,1,2025-09-30 15:30:22,15.7,80.9,,0,0,,1
2025-09-30 15:31:07,292.81,0.3062,222.1,0.4563,1.3691,221.44,225.26,219.61,386.69,386.42,380.97,384.43,0.0,1.3691,0.0,0,0.3051,0,0.041,0,0.041,0,0.3084,0,0.3084,0,0.9911,1,0.991,1,50,366.06,213.51,0,1,2025-09-30 15:31:07,15.9,83.8,,0,0,,1
2025-09-30 15:31:52,292.82,0.305,221.65,0.4561,1.3683,220.93,225.34,218.68,385.65,385.74,380.34,383.88,0.0,1.3683,0.0,0,0.305,0,0.0417,0,0.0417,0,0.3083,0,0.3083,0,0.9907,1,0.9907,1,50,366.06,213.51,0,1,2025-09-30 15:31:52,16.2,85.9,,0,0,,1
2025-09-30 15:32:37,292.82,0.304,221.62,0.4548,1.3644,220.85,225.31,218.71,385.47,386.2,379.91,383.88,0.0,1.3644,0.0,0,0.304,0,0.042,0,0.042,0,0.3074,0,0.3074,0,0.9905,1,0.9905,1,50,366.06,213.51,0,1,2025-09-30 15:32:37,16.5,87.7,,0,0,,1
2025-09-30 15:33:22,292.82,0.3038,221.98,0.4546,1.3638,221.3,225.2,219.44,386.21,386.22,381.01,384.53,0.0,1.3638,0.0,0,0.3038,0,0.0415,0,0.0415,0,0.3071,0,0.3071,0,0.9908,1,0.9908,1,50,366.07,213.51,0,1,2025-09-30 15:33:22,16.8,89.1,,0,0,,1
2025-09-30 15:34:07,292.83,0.3041,222.21,0.4547,1.3643,221.69,225.43,219.51,385.29,387.11,382.21,384.93,0.0,1.3643,0.0,0,0.3041,0,0.0421,0,0.0421,0,0.3076,0,0.3076,0,0.9905,1,0.9905,1,50,366.07,213.51,0,1,2025-09-30 15:34:07,17.0,90,,0,0,,1
2025-09-30 15:34:52,292.83,0.3074,222.39,0.4561,1.3683,221.85,227.49,217.84,387.72,387,380.88,385.27,0.0,1.3683,0.0,0,0.3074,0,0.045,0,0.045,0,0.3113,0,0.3113,0,0.9894,1,0.9894,1,50,366.08,213.51,0,1,2025-09-30 15:34:52,17.2,91.1,,0,0,,1
2025-09-30 15:35:37,292.84,0.3067,222.34,0.4557,1.3671,221.58,227.14,218.32,387.26,387.35,380.73,385.11,0.0,1.3671,0.0,0,0.3067,0,0.0447,0,0.0447,0,0.3105,0,0.3105,0,0.9895,1,0.9895,1,49.9,366.08,213.51,0,1,2025-09-30 15:35:37,17.4,91.4,,0,0,,1
2025-09-30 15:36:22,292.84,0.3063,222.09,0.4556,1.3669,222.44,227.02,216.83,387.22,386.29,380.52,384.67,0.0,1.3669,0.0,0,0.3063,0,0.0445,0,0.0445,0,0.3103,0,0.3103,0,0.9895,1,0.9895,1,49.9,366.08,213.51,0,1,2025-09-30 15:36:22,17.6,92.3,,0,0,,1
2025-09-30 15:37:07,292.84,0.3054,221.39,0.455,1.3652,220.91,226.29,216.99,386.68,384.28,379.46,383.61,0.0,1.3652,0.0,0,0.3054,0,0.0434,0,0.0434,0,0.3089,0,0.3089,0,0.99,1,0.99,1,49.9,366.09,213.51,0,1,2025-09-30 15:37:07,17.8,93,,0,0,,1
2025-09-30 15:37:52,292.85,0.3017,221.92,0.4536,1.3608,222.58,224.42,218.77,386.11,386.07,380.93,384.31,0.0,1.3608,0.0,0,0.3017,0,0.0415,0,0.0415,0,0.3054,0,0.3054,0,0.9906,1,0.9908,1,49.9,366.09,213.51,0,1,2025-09-30 15:37:52,18.0,93.4,,0,0,,1
2025-09-30 15:38:37,292.85,0.3024,222.08,0.4537,1.3612,222.57,224.67,219.02,386.82,386.7,380.44,384.79,0.0,1.3612,0.0,0,0.3024,0,0.0415,0,0.0415,0,0.3058,0,0.3058,0,0.9907,1,0.9907,1,49.9,366.09,213.51,0,1,2025-09-30 15:38:37,18.2,93.4,,0,0,,1
2025-09-30 15:39:22,292.89,3.4251,221.07,6.6068,19.8205,221.2,225.09,216.92,385.33,384.98,378.39,382.8,6.77,7.5604,5.4901,1.2502,1.3308,0.8441,2.7183,0.8221,1.0572,0.839,4.3902,1.4975,1.7018,1.1909,0.7832,0.8355,0.783,0.7092,49.9,366.14,213.54,1,1,2025-09-30 15:39:22,18.3,92.9,,1,0,,0
2025-09-30 15:40:07,292.93,3.4247,221.69,6.6084,19.825400000000002,221.32,225.61,218.16,385.29,386.18,380.47,384.1,6.7196,7.518,5.5878,1.2297,1.3343,0.8607,2.7401,0.8341,1.0436,0.8624,4.4024,1.4872,1.6961,1.219,0.7808,0.8275,0.7876,0.7064,50,366.19,213.57,1,1,2025-09-30 15:40:07,18.3,90.6,,1,0,,0
2025-09-30 15:40:52,292.97,3.4428,222.05,6.6282,19.8848,222.69,226.42,217.05,386.12,386.93,380.71,384.47,6.7527,7.5795,5.5526,1.2524,1.3404,0.85,2.7508,0.8296,1.0678,0.8533,4.4251,1.5038,1.7162,1.2052,0.7812,0.8336,0.7821,0.7057,50,366.25,213.61,1,1,2025-09-30 15:40:52,18.2,87,,1,0,,0
2025-09-30 15:41:37,293.01,3.4266,221.32,6.5948,19.784599999999998,221.39,224.95,217.62,385.54,385.65,378.8,383.14,6.7356,7.5078,5.5412,1.2387,1.3296,0.8583,2.7115,0.8278,1.0378,0.8459,4.386,1.4912,1.6889,1.2059,0.7841,0.8314,0.7882,0.7122,50,366.3,213.64,1,1,2025-09-30 15:41:37,18.0,84.8,,1,0,,0
2025-09-30 15:42:22,293.06,3.4938,221.56,6.6784,20.0354,221.01,225.34,218.33,384.26,386.44,380.52,383.75,6.7506,7.5285,5.7563,1.2334,1.3572,0.9032,2.7244,0.8372,1.0143,0.8729,4.4452,1.492,1.6965,1.2568,0.7885,0.8273,0.801,0.719,50.1,366.36,213.68,1,1,2025-09-30 15:42:22,17.9,82.6,,1,0,,0
2025-09-30 15:43:07,293.1,3.4477,221.13,6.6251,19.875500000000002,219.67,226.1,217.63,383.91,385.36,379.75,382.81,6.663,7.5265,5.686,1.2146,1.3596,0.8735,2.7094,0.8143,1.0196,0.8755,4.4028,1.4637,1.7017,1.2374,0.7862,0.8305,0.8,0.7063,50,366.41,213.71,1,1,2025-09-30 15:43:07,17.6,80.5,,1,0,,0
2025-09-30 15:43:52,293.14,3.4257,220.74,6.5959,19.7877,219.43,224.99,217.8,383.44,385.3,378.25,382.25,6.7072,7.5009,5.5796,1.2225,1.3408,0.8625,2.6936,0.8173,1.0213,0.855,4.3746,1.4718,1.6876,1.2152,0.786,0.8313,0.7955,0.7101,50,366.47,213.74,1,1,2025-09-30 15:43:52,17.4,79,,1,0,,0
2025-09-30 15:44:37,293.19,3.4261,221.38,6.5986,19.796,219.68,226.08,218.38,383.39,386.7,380.19,383.39,6.571,7.4349,5.7901,1.1829,1.3531,0.8901,2.7145,0.8246,0.9931,0.8967,4.3888,1.4435,1.6809,1.2644,0.7838,0.8203,0.8061,0.7044,50,366.52,213.78,1,1,2025-09-30 15:44:37,17.2,77.4,,1,0,,0
2025-09-30 15:45:22,293.23,3.4103,220.64,6.5744,19.723399999999998,219.35,224.65,217.92,383.75,384.12,378.61,382.19,6.7015,7.4905,5.5314,1.2214,1.3341,0.8548,2.6867,0.8157,1.0221,0.8488,4.3581,1.47,1.6827,1.2054,0.7855,0.8315,0.7938,0.7095,50,366.58,213.81,1,1,2025-09-30 15:45:22,16.9,76.5,,1,0,,0
2025-09-30 15:46:07,293.27,3.4039,220.79,6.5678,19.7034,220.23,224.88,217.26,384.96,384.38,377.93,382.31,6.8189,7.5122,5.3723,1.2559,1.3169,0.831,2.6948,0.8212,1.055,0.8186,4.3583,1.5017,1.6893,1.1672,0.784,0.8369,0.7804,0.7124,50,366.63,213.85,1,1,2025-09-30 15:46:07,16.7,75.5,,1,0,,0
2025-09-30 15:46:52,293.32,3.4,221.94,6.5656,19.6969,221.56,224.83,219.45,384.46,387.08,381.69,384.41,6.6422,7.3393,5.7154,1.1936,1.3127,0.8937,2.7343,0.8588,0.9964,0.8791,4.376,1.4716,1.6501,1.2542,0.7792,0.8117,0.7965,0.7129,50,366.69,213.88,1,1,2025-09-30 15:46:52,16.6,75.3,,1,0,,0
2025-09-30 15:47:37,293.36,3.4081,220.74,6.5745,19.7237,220.98,224.54,216.71,384.55,383.74,378.71,382.29,6.8006,7.5362,5.3869,1.258,1.3186,0.8315,2.6954,0.8197,1.0572,0.8185,4.3624,1.5028,1.6922,1.1674,0.7843,0.8378,0.7802,0.7126,50,366.74,213.91,1,1,2025-09-30 15:47:37,16.4,74.3,,1,0,,0
2025-09-30 15:48:22,293.4,3.388,221.12,6.5422,19.6266,221.01,223.67,218.68,384.22,385.07,379.66,383.25,6.7727,7.3476,5.5063,1.2277,1.2913,0.869,2.7,0.8543,1.0133,0.8324,4.3444,1.4968,1.6434,1.2041,0.782,0.8208,0.7866,0.7221,50,366.8,213.95,1,1,2025-09-30 15:48:22,16.2,74,,1,0,,0
2025-09-30 15:49:07,293.44,3.4291,221.67,6.6071,19.8215,221.73,224.82,218.46,385.95,384.93,380.95,383.69,6.7814,7.4958,5.5443,1.242,1.3223,0.8648,2.7332,0.8452,1.0412,0.8469,4.4001,1.5036,1.6852,1.2112,0.7819,0.8267,0.7856,0.7144,50,366.85,213.98,1,1,2025-09-30 15:49:07,16.0,72.9,,1,0,,0
2025-09-30 15:49:52,293.49,3.453,221.42,6.633,19.8991,222.04,224.59,217.65,386.43,384.98,379.14,383.4,6.8734,7.5868,5.4389,1.2756,1.3278,0.8496,2.7231,0.8355,1.0644,0.8232,4.4139,1.5262,1.7039,1.1838,0.7852,0.8365,0.7802,0.7181,50,366.91,214.02,1,1,2025-09-30 15:49:52,15.9,72.3,,1,0,,0
2025-09-30 15:50:37,293.53,3.4263,221.24,6.5994,19.7982,221.45,224.98,217.31,386.57,384.7,378.37,383.19,6.817,7.5588,5.4224,1.2614,1.3255,0.8394,2.7148,0.827,1.062,0.8258,4.3885,1.5096,1.7006,1.1783,0.7837,0.8362,0.7804,0.7128,50,366.96,214.05,1,1,2025-09-30 15:50:37,15.7,72.5,,1,0,,0
2025-09-30 15:51:22,293.57,3.417,221.15,6.5829,19.7487,222.25,222.89,218.33,383.32,385.35,380.41,382.94,6.7618,7.3392,5.6477,1.225,1.2933,0.8987,2.7097,0.8683,0.9982,0.8431,4.3717,1.5028,1.6358,1.2331,0.7835,0.8158,0.7916,0.7292,50,367.02,214.08,1,1,2025-09-30 15:51:22,15.6,73.2,,1,0,,0
2025-09-30 15:52:07,293.6,0.3115,222.09,0.4632,1.3896,221.51,226.53,218.23,386,387.18,380.81,384.66,0.0,1.3896,0.0,0,0.3115,0,0.0416,0,0.0416,0,0.3148,0,0.3148,0,0.9911,1,0.9911,1,50,367.05,214.1,0,1,2025-09-30 15:52:07,15.5,71.9,,0,0,,1
2025-09-30 15:52:52,293.6,0.3083,221.78,0.4594,1.3783,221.64,226.1,217.61,385.77,386.27,380.36,384.11,0.0,1.3783,0.0,0,0.3083,0,0.0418,0,0.0418,0,0.3116,0,0.3116,0,0.9909,1,0.9909,1,50,367.05,214.1,0,1,2025-09-30 15:52:52,15.4,73.6,,0,0,,1
2025-09-30 15:53:37,293.6,0.3092,222.25,0.4587,1.3762,222.2,227.33,217.24,387.17,387.49,380.2,385.04,0.0,1.3762,0.0,0,0.3092,0,0.0435,0,0.0435,0,0.3129,0,0.3129,0,0.9902,1,0.9902,1,50,367.06,214.1,0,1,2025-09-30 15:53:37,15.5,77.9,,0,0,,1
2025-09-30 15:54:22,293.61,0.3079,222.55,0.4578,1.3734,222.24,226.81,218.62,386.5,388.31,381.59,385.59,0.0,1.3734,0.0,0,0.3079,0,0.0428,0,0.0428,0,0.3115,0,0.3115,0,0.9904,1,0.9904,1,50,367.06,214.1,0,1,2025-09-30 15:54:22,15.7,81.9,,0,0,,1
2025-09-30 15:55:07,293.61,0.3061,222.57,0.457,1.3712,224.41,225.65,217.65,388.13,386.94,381.39,385.43,0.0,1.3712,0.0,0,0.3061,0,0.0415,0,0.0415,0,0.3094,0,0.3094,0,0.9909,1,0.9909,1,50,367.06,214.1,0,1,2025-09-30 15:55:07,15.9,84.6,,0,0,,1
2025-09-30 15:55:52,293.61,0.3056,222.88,0.4567,1.3702,224.13,225.42,219.11,386.26,388.65,383.12,386.11,0.0,1.3702,0.0,0,0.3056,0,0.041,0,0.041,0,0.3089,0,0.3089,0,0.991,1,0.991,1,50,367.07,214.1,0,1,2025-09-30 15:55:52,16.1,87.5,,0,0,,1
2025-09-30 15:56:37,293.62,0.3062,222.4,0.4568,1.3704,224.37,225.91,216.92,387.63,386.61,381.31,385.09,0.0,1.3704,0.0,0,0.3062,0,0.0419,0,0.0419,0,0.3096,0,0.3096,0,0.9907,1,0.9907,1,50,367.07,214.1,0,1,2025-09-30 15:56:37,16.5,89.1,,0,0,,1
2025-09-30 15:57:22,293.62,0.3054,222.16,0.4554,1.3662,223.94,226.15,216.39,387.5,386.04,380.78,384.8,0.0,1.3662,0.0,0,0.3054,0,0.0431,0,0.0431,0,0.309,0,0.309,0,0.9901,1,0.9901,1,50,367.07,214.1,0,1,2025-09-30 15:57:22,16.7,90.6,,0,0,,1
2025-09-30 15:58:07,293.63,0.3053,222.97,0.4554,1.3663,224.21,226.13,218.58,386.4,388.76,383.32,386.2,0.0,1.3663,0.0,0,0.3053,0,0.0431,0,0.0431,0,0.309,0,0.309,0,0.9901,1,0.9901,1,50,367.08,214.11,0,1,2025-09-30 15:58:07,17.0,91.5,,0,0,,1
2025-09-30 15:58:52,293.63,0.3027,222,0.4539,1.3619,222.97,224.69,218.35,385.95,385.59,381.99,384.7,0.0,1.3619,0.0,0,0.3027,0,0.041,0,0.041,0,0.306,0,0.306,0,0.9909,1,0.9909,1,50,367.08,214.11,0,1,2025-09-30 15:58:52,17.2,92,,0,0,,1
2025-09-30 15:59:37,293.63,0.3046,222.2,0.454,1.3622,222.91,225.37,218.32,385.66,387.68,381.16,384.8,0.0,1.3622,0.0,0,0.3035,0,0.0418,0,0.0418,0,0.307,0,0.307,0,0.9906,1,0.9906,1,50,367.09,214.11,0,1,2025-09-30 15:59:37,17.5,92.9,,0,0,,1
2025-09-30 16:00:22,293.64,0.3048,222.54,0.4549,1.3649,222.58,225.88,219.17,384.73,388.19,383.35,385.39,0.0,1.3649,0.0,0,0.3048,0,0.0424,0,0.0424,0,0.3083,0,0.3083,0,0.9904,1,0.9904,1,50,367.09,214.11,0,1,2025-09-30 16:00:22,17.7,93.3,,0,0,,1
2025-09-30 16:01:07,293.64,0.3039,222.46,0.4539,1.3618,221.7,225.74,219.94,386.13,387.29,382.51,385.39,0.0,1.3618,0.0,0,0.3039,0,0.0422,0,0.0422,0,0.3074,0,0.3074,0,0.9904,1,0.9904,1,50,367.09,214.11,0,1,2025-09-30 16:01:07,17.9,93.3,,0,0,,1
2025-09-30 16:01:52,293.64,0.305,222.17,0.4543,1.3631,220.19,226.42,219.9,385.78,387.13,381.52,384.8,0.0,1.3631,0.0,0,0.305,0,0.0429,0,0.0429,0,0.3086,0,0.3086,0,0.9902,1,0.9902,1,50,367.1,214.11,0,1,2025-09-30 16:01:52,18.1,93.6,,0,0,,1
2025-09-30 16:02:37,293.68,3.4366,221.98,6.6244,19.8734,219.68,225.51,220.75,384.64,386.65,382.14,384.24,6.6103,7.3809,5.8822,1.1726,1.3443,0.9197,2.7471,0.8541,0.9774,0.9156,4.4151,1.4522,1.6645,1.2985,0.7811,0.8083,0.8088,0.7086,50,367.15,214.14,1,1,2025-09-30 16:02:37,18.2,93.7,,1,0,,0
2025-09-30 16:03:22,293.73,3.4475,221.4,6.6322,19.8966,220.35,224.62,219.25,385,384.8,380.66,383.6,6.8144,7.4567,5.6255,1.2352,1.3255,0.8868,2.7278,0.8515,1.0203,0.856,4.4099,1.5016,1.6749,1.2334,0.7842,0.8233,0.7924,0.7195,49.9,367.21,214.17,1,1,2025-09-30 16:03:22,18.2,90.4,,1,0,,0
2025-09-30 16:04:07,293.77,3.4494,222.01,6.6412,19.9238,221.91,226.03,218.11,386.19,386.61,380.8,384.45,6.7756,7.5308,5.6174,1.243,1.3366,0.8698,2.7554,0.8435,1.0502,0.8617,4.431,1.5036,1.7022,1.2252,0.7813,0.8274,0.7862,0.7104,49.9,367.26,214.21,1,1,2025-09-30 16:04:07,18.0,87,,1,0,,0
2025-09-30 16:04:59,293.84,3.3977,221.88,6.5743,19.722900000000003,222.73,223.88,219.05,386.25,385.27,381.41,384.43,6.8627,7.3486,5.5116,1.2462,1.2765,0.875,2.7496,0.8832,1.0352,0.8312,4.3811,1.5285,1.6452,1.2073,0.7773,0.8158,0.7767,0.7249,49.9,367.34,214.26,1,1,2025-09-30 16:04:59,17.7,82.9,,1,0,,0
2025-09-30 16:05:44,293.87,3.4112,222.08,6.5896,19.768900000000002,222.7,223.79,219.75,386.39,385.42,382.13,384.74,6.8013,7.2962,5.6714,1.2226,1.2835,0.9051,2.7534,0.8918,1.0059,0.8556,4.3938,1.5146,1.6328,1.2463,0.7781,0.8078,0.787,0.7266,49.9,367.39,214.29,1,1,2025-09-30 16:05:44,17.5,80.8,,1,0,,0
2025-09-30 16:06:29,293.92,3.3998,222.37,6.5812,19.7438,222.59,224.19,220.34,387.29,385.45,382.74,384.96,6.8138,7.3229,5.6071,1.2257,1.2832,0.8909,2.7672,0.8914,1.0208,0.855,4.3939,1.5167,1.6417,1.2355,0.7755,0.8087,0.7825,0.7215,49.9,367.45,214.33,1,1,2025-09-30 16:06:29,17.3,79.5,,1,0,,0
2025-09-30 16:07:59,294,3.422,222.41,6.605,19.815,221.37,224.85,221.03,386.41,387.15,382.14,385.15,6.7534,7.3799,5.6817,1.211,1.313,0.898,2.7622,0.8743,1.0112,0.8767,4.4102,1.495,1.6594,1.2558,0.7781,0.8107,0.7922,0.7155,50,367.56,214.4,1,1,2025-09-30 16:07:59,16.9,78.2,,1,0,,0
2025-09-30 16:08:44,294.05,3.4023,222.68,6.5829,19.7488,221.69,224.89,221.48,386.5,387.41,383.19,385.78,6.6869,7.3574,5.7045,1.1945,1.3107,0.8971,2.7702,0.8754,1.0061,0.8886,4.4005,1.4824,1.6546,1.2634,0.7754,0.8065,0.7932,0.7104,50,367.61,214.43,1,1,2025-09-30 16:08:44,16.8,78.8,,1,0,,0
2025-09-30 16:09:29,294.09,3.42,222.06,6.6016,19.8049,221.67,224.63,219.89,387.65,385.23,381,384.64,6.8637,7.5227,5.4185,1.2583,1.3123,0.8494,2.7481,0.8529,1.061,0.8342,4.4028,1.5215,1.6898,1.1915,0.7795,0.8277,0.7776,0.7134,50,367.67,214.46,1,1,2025-09-30 16:09:29,16.7,80.2,,1,0,,0
2025-09-30 16:10:14,294.13,3.4284,222.37,6.6128,19.8386,221.67,225.34,220.11,387.6,387.47,380.41,385.04,6.8223,7.5089,5.5074,1.2458,1.3217,0.8609,2.76,0.8548,1.053,0.8522,4.4166,1.5123,1.6921,1.2122,0.7789,0.8245,0.7821,0.7106,50,367.73,214.5,1,1,2025-09-30 16:10:14,16.6,80.7,,1,0,,0
2025-09-30 16:12:06,294.26,3.3991,221.69,6.5752,19.7257,219.86,225.64,219.59,386.35,385.4,380.22,384.09,6.7605,7.5038,5.4614,1.2293,1.3266,0.8432,2.7336,0.8333,1.0486,0.8517,4.3788,1.4864,1.6932,1.1993,0.7792,0.8277,0.7845,0.7035,50,367.88,214.6,1,1,2025-09-30 16:12:06,16.5,81.2,,1,0,,0
2025-09-30 16:12:51,294.29,3.3968,221.92,6.5757,19.7272,219.81,225.8,220.17,385.17,386.46,381.53,384.4,6.6256,7.4405,5.6611,1.1891,1.3356,0.872,2.743,0.8383,1.0152,0.8895,4.3828,1.4564,1.6801,1.2464,0.778,0.8173,0.7961,0.7,50,367.93,214.63,1,1,2025-09-30 16:12:51,16.5,81.5,,1,0,,0
2025-09-30 16:13:36,294.34,3.3654,221.84,6.5375,19.6127,221.27,224.76,219.49,386.67,385.82,380.22,383.87,6.6795,7.4446,5.4886,1.2127,1.3083,0.8445,2.7403,0.8424,1.0398,0.8581,4.3559,1.478,1.6732,1.2047,0.7754,0.8212,0.7828,0.7014,49.9,367.99,214.66,1,1,2025-09-30 16:13:36,16.5,81.4,,1,0,,0
2025-09-30 16:14:21,294.38,3.3784,221.96,6.5535,19.6606,220.91,224.92,220.06,385.61,386.81,380.93,384.35,6.6383,7.4373,5.585,1.1982,1.3196,0.8605,2.7432,0.8428,1.0243,0.8761,4.3683,1.4665,1.6728,1.229,0.7763,0.8179,0.7899,0.7007,49.9,368.04,214.7,1,1,2025-09-30 16:14:21,16.4,80.5,,1,0,,0
2025-09-30 16:15:06,294.42,3.3773,221.27,6.5465,19.639699999999998,220.91,224.5,218.41,385.07,385.53,379.15,383.18,6.6603,7.4617,5.5177,1.2131,1.3165,0.8477,2.7176,0.8301,1.0321,0.8554,4.3516,1.4713,1.6752,1.2051,0.779,0.8252,0.787,0.7039,49.9,368.1,214.73,1,1,2025-09-30 16:15:06,16.4,80.1,,1,0,,0
2025-09-30 16:15:51,294.46,3.3781,222.08,6.5563,19.6691,221.17,225.42,219.67,385.98,386.64,381.37,384.57,6.6836,7.4583,5.5272,1.2121,1.3167,0.8493,2.7518,0.8436,1.0416,0.8665,4.3736,1.4782,1.6813,1.2142,0.7753,0.8207,0.7842,0.6999,49.9,368.15,214.77,1,1,2025-09-30 16:15:51,16.3,82,,1,0,,0
2025-09-30 16:16:36,294.51,3.3938,221.47,6.573,19.7192,221.29,224.81,218.31,385.84,385.31,379.64,384.13,6.7594,7.5005,5.4593,1.2379,1.3141,0.8417,2.7322,0.837,1.0529,0.8423,4.3738,1.4958,1.6862,1.1918,0.7789,0.8284,0.7803,0.7068,49.9,368.21,214.8,1,1,2025-09-30 16:16:36,16.4,83.5,,1,0,,0
2025-09-30 16:17:21,294.55,3.3876,222.03,6.5615,19.6845,221.87,224.78,219.46,385.3,387.1,381.3,384.48,6.6944,7.3872,5.6029,1.2101,1.3057,0.8717,2.747,0.8587,1.0223,0.866,4.3754,1.4853,1.6605,1.2296,0.7767,0.8155,0.7873,0.7094,49.9,368.26,214.83,1,1,2025-09-30 16:17:21,16.4,83,,1,0,,0
2025-09-30 16:18:06,294.59,3.3933,221.69,6.5675,19.7025,221.91,224.1,219.07,385.39,385.65,380.89,383.94,6.7208,7.4053,5.5764,1.2193,1.3033,0.8708,2.7357,0.8565,1.0239,0.8553,4.3726,1.4914,1.6595,1.2216,0.7785,0.8182,0.7863,0.7134,49.9,368.32,214.87,1,1,2025-09-30 16:18:06,16.4,80.4,,1,0,,0
2025-09-30 16:19:12,294.67,3.4062,222.35,6.5863,19.759,220.77,225.67,220.62,386.36,387.95,381.07,385.34,6.7105,7.445,5.6035,1.2101,1.3254,0.8706,2.7572,0.8522,1.0288,0.8763,4.3978,1.4815,1.6801,1.2362,0.7772,0.8176,0.7899,0.7048,50,368.42,214.93,1,1,2025-09-30 16:19:12,16.2,76.1,,1,0,,0
2025-09-30 16:19:57,294.71,3.3833,221.84,6.5526,19.6579,220.61,225.31,219.62,385.46,385.61,381.67,384.35,6.7009,7.4095,5.5475,1.2106,1.3133,0.8594,2.7348,0.8459,1.0269,0.8621,4.3661,1.4783,1.6694,1.2183,0.7776,0.8197,0.7877,0.7059,50,368.47,214.97,1,1,2025-09-30 16:19:57,16.1,75.4,,1,0,,0
2025-09-30 16:20:42,294.75,3.3914,221.56,6.567,19.701,220.38,225.39,218.93,387.16,384.84,379.31,383.56,6.7827,7.527,5.3913,1.2417,1.3205,0.8292,2.7305,0.8298,1.0618,0.8389,4.3716,1.4948,1.6965,1.1803,0.7789,0.8314,0.7793,0.7029,50,368.52,215,1,1,2025-09-30 16:20:42,16.0,75.5,,1,0,,0
2025-09-30 16:21:27,294.79,3.3918,223.02,6.5677,19.7032,221.2,225.47,222.39,387.33,387.89,383.61,386.35,6.655,7.3438,5.7044,1.1827,1.3142,0.8949,2.7751,0.8739,1.0034,0.8978,4.3965,1.4721,1.6558,1.2686,0.7739,0.8042,0.7948,0.7059,50,368.58,215.03,1,1,2025-09-30 16:21:27,15.9,74.2,,1,0,,0
2025-09-30 16:22:12,294.84,3.3775,222.13,6.549,19.647100000000002,223.34,224.78,218.29,390.38,383.98,379.89,384.74,7.0317,7.5514,5.064,1.3146,1.2723,0.7906,2.7487,0.857,1.1204,0.7712,4.3733,1.5705,1.6974,1.1054,0.7756,0.8376,0.7504,0.7186,50,368.64,215.07,1,1,2025-09-30 16:22:12,15.7,75,,1,0,,0
2025-09-30 16:22:57,294.88,3.3698,223.28,6.5402,19.6206,223.59,224.89,221.36,389.09,387.08,384.01,386.39,6.7693,7.3153,5.536,1.2196,1.2767,0.8735,2.7856,0.8938,1.0339,0.8579,4.3841,1.5135,1.6451,1.2254,0.7707,0.8065,0.7771,0.7134,50,368.69,215.1,1,1,2025-09-30 16:22:57,15.7,75.1,,1,0,,0
2025-09-30 16:23:42,294.92,3.3723,222.71,6.5429,19.6287,222.77,225.9,219.48,388.87,386.61,381.79,385.77,6.7924,7.4958,5.3405,1.2486,1.3007,0.8229,2.7695,0.8516,1.0804,0.8375,4.3786,1.5131,1.6933,1.1721,0.7727,0.8268,0.7687,0.7015,50,368.75,215.14,1,1,2025-09-30 16:23:43,15.6,74.5,,1,0,,0
2025-09-30 16:25:12,295.01,3.3504,222.9,6.5107,19.5323,223.25,224.92,220.54,386.05,387.47,384.67,386.01,6.6567,7.2678,5.6078,1.1934,1.2797,0.8773,2.7658,0.8826,1.013,0.8701,4.3575,1.4861,1.6347,1.2367,0.7711,0.804,0.784,0.7099,50,368.85,215.21,1,1,2025-09-30 16:25:12,15.5,74.9,,1,0,,0
2025-09-30 16:26:18,295.08,3.3498,221.92,6.5064,19.5194,223.06,224.05,218.67,387.66,384.82,380.68,384.38,6.7897,7.4189,5.3108,1.2484,1.2761,0.8253,2.7323,0.855,1.0617,0.8156,4.338,1.5145,1.6622,1.1613,0.7749,0.825,0.7687,0.7112,50,368.95,215.27,1,1,2025-09-30 16:26:18,15.4,74.2,,1,0,,0
2025-09-30 16:27:03,295.12,3.3468,221.89,6.5003,19.5011,221.36,224.36,219.95,385.76,385.84,381.36,384.29,6.6026,7.3383,5.5602,1.1875,1.298,0.8613,2.7248,0.8492,1.0089,0.8667,4.3309,1.4616,1.6464,1.223,0.7754,0.8134,0.7895,0.7048,50,369.01,215.3,1,1,2025-09-30 16:27:03,15.4,73.3,,1,0,,0
2025-09-30 16:27:48,295.17,3.3399,221.73,6.495,19.4852,220.8,225.24,219.17,388.25,384.47,379.46,383.88,6.6796,7.4498,5.3558,1.2181,1.3042,0.8176,2.7216,0.8288,1.0521,0.8407,4.3267,1.4749,1.678,1.1738,0.7752,0.8267,0.7783,0.6972,50,369.06,215.34,1,1,2025-09-30 16:27:48,15.3,74.3,,1,0,,0
2025-09-30 16:28:33,295.18,0.3114,223,0.4638,1.3915,221.86,226.19,220.97,387.08,388.1,383.59,386.34,0.0,1.3915,0.0,0,0.3114,0,0.0414,0,0.0414,0,0.3147,0,0.3147,0,0.9912,1,0.9912,1,50,369.07,215.34,0,1,2025-09-30 16:28:33,15.2,74,,0,0,,1
2025-09-30 16:29:18,295.18,0.3084,221.74,0.4592,1.3776,220.98,226.4,217.85,386.53,385.53,380.16,384.16,0.0,1.3776,0.0,0,0.3084,0,0.0423,0,0.0423,0,0.3119,0,0.3119,0,0.9907,1,0.9907,1,50,369.08,215.34,0,1,2025-09-30 16:29:18,15.2,75.5,,0,0,,1
2025-09-30 16:30:03,295.18,0.3061,221.72,0.4577,1.3733,221.85,225.37,217.94,387.98,384.46,379.67,384.04,0.0,1.3733,0.0,0,0.3061,0,0.0417,0,0.0417,0,0.3095,0,0.3095,0,0.9908,1,0.9908,1,50,369.08,215.34,0,1,2025-09-30 16:30:03,15.3,77.6,,0,0,,1
2025-09-30 16:30:48,295.19,0.3049,222.69,0.4565,1.3695,222.06,225.11,220.9,385.3,388.58,383.21,385.88,0.0,1.3695,0.0,0,0.3049,0,0.0416,0,0.0416,0,0.3083,0,0.3083,0,0.9908,1,0.9908,1,50,369.08,215.34,0,1,2025-09-30 16:30:49,15.5,81.7,,0,0,,1
2025-09-30 16:31:33,295.19,0.3033,221.49,0.4554,1.3663,221.98,224.4,218.11,387.13,384.12,379.68,383.72,0.0,1.3663,0.0,0,0.3033,0,0.0409,0,0.0409,0,0.3066,0,0.3066,0,0.991,1,0.991,1,50,369.09,215.35,0,1,2025-09-30 16:31:33,15.8,85.8,,0,0,,1
2025-09-30 16:32:18,295.19,0.3031,221.8,0.4553,1.3659,222.71,224.31,218.38,386.32,385.42,380.74,384.29,0.0,1.3659,0.0,0,0.3031,0,0.0409,0,0.0409,0,0.3064,0,0.3064,0,0.9909,1,0.9909,1,50,369.09,215.35,0,1,2025-09-30 16:32:18,16.0,86.5,,0,0,,1
2025-09-30 16:33:03,295.2,0.3021,221.62,0.4548,1.3646,222.53,223.74,218.59,386.54,385.16,379.84,383.68,0.0,1.3646,0.0,0,0.3021,0,0.0406,0,0.0406,0,0.3053,0,0.3053,0,0.9911,1,0.9911,1,49.9,369.1,215.35,0,1,2025-09-30 16:33:03,16.3,88.2,,0,0,,1
2025-09-30 16:33:48,295.2,0.3024,221.21,0.4543,1.363,222.41,224.25,216.98,386.51,384.02,378.91,383.09,0.0,1.363,0.0,0,0.3024,0,0.041,0,0.041,0,0.3057,0,0.3057,0,0.9909,1,0.9909,1,50,369.1,215.35,0,1,2025-09-30 16:33:48,16.6,90.2,,0,0,,1
2025-09-30 16:34:33,295.21,0.3003,221.99,0.4532,1.3597,223.18,223.17,219.62,385.74,386.04,381.65,384.64,0.0,1.3597,0.0,0,0.3003,0,0.0398,0,0.0398,0,0.3034,0,0.3034,0,0.9913,1,0.9913,1,50,369.1,215.35,0,1,2025-09-30 16:34:33,16.9,91.3,,0,0,,1
2025-09-30 16:35:18,295.21,0.3021,221.21,0.4539,1.3619,220.84,224.25,218.54,385.13,385.1,379.2,383.35,0.0,1.3619,0.0,0,0.3021,0,0.0409,0,0.0409,0,0.3054,0,0.3054,0,0.9909,1,0.9909,1,50,369.11,215.35,0,1,2025-09-30 16:35:18,17.1,92.2,,0,0,,1
2025-09-30 16:36:03,295.21,0.3045,221.7,0.4552,1.3658,222.19,225.51,217.41,389.19,383.69,379.15,384,0.0,1.3658,0.0,0,0.3045,0,0.0424,0,0.0424,0,0.308,0,0.308,0,0.9904,1,0.9904,1,50,369.11,215.35,0,1,2025-09-30 16:36:03,17.4,92.5,,0,0,,1
2025-09-30 16:36:48,295.22,0.3036,222.01,0.455,1.3652,221.81,224.83,219.39,387.28,385.33,380.99,384.55,0.0,1.3652,0.0,0,0.3036,0,0.0414,0,0.0414,0,0.3069,0,0.3069,0,0.9908,1,0.9908,1,50,369.12,215.35,0,1,2025-09-30 16:36:48,17.5,92.6,,0,0,,1
2025-09-30 16:37:33,295.22,0.3043,222.69,0.4549,1.3649,222.6,225.46,220.02,388.87,386.81,381.47,385.6,0.0,1.3649,0.0,0,0.3043,0,0.042,0,0.042,0,0.3077,0,0.3077,0,0.9905,1,0.9905,1,50,369.12,215.35,0,1,2025-09-30 16:37:33,17.7,92.4,,0,0,,1
2025-09-30 16:38:18,295.22,0.3026,222.3,0.4547,1.3642,223.63,224.21,219.08,389.09,385.48,380.54,385.02,0.0,1.3642,0.0,0,0.3026,0,0.0406,0,0.0406,0,0.3059,0,0.3059,0,0.9911,1,0.9911,1,50,369.12,215.35,0,1,2025-09-30 16:38:18,17.9,92.5,,0,0,,1
2025-09-30 16:39:03,295.23,0.302,222.54,0.4539,1.3618,224.01,224.16,219.47,387.17,386.26,382.91,385.43,0.0,1.3618,0.0,0,0.302,0,0.0405,0,0.0405,0,0.3053,0,0.3053,0,0.9911,1,0.9911,1,50,369.13,215.35,0,1,2025-09-30 16:39:03,18.0,92.8,,0,0,,1
2025-09-30 16:39:48,295.23,0.3029,222.77,0.4541,1.3625,224.41,224.71,219.19,387.97,386.56,382.99,385.86,0.0,1.3625,0.0,0,0.3029,0,0.0411,0,0.0411,0,0.3062,0,0.3062,0,0.9909,1,0.9909,1,50,369.13,215.35,0,1,2025-09-30 16:39:48,18.1,93,,0,0,,1
2025-09-30 16:40:33,295.27,3.3894,221.68,6.5615,19.6847,222.95,224.85,217.25,387.53,384.54,379.83,384.17,6.8696,7.53,5.2851,1.2785,1.2944,0.8165,2.7343,0.8406,1.0878,0.8059,4.3729,1.5316,1.6931,1.1482,0.7783,0.8355,0.7655,0.7117,50,369.18,215.38,1,1,2025-09-30 16:40:33,18.3,93.1,,1,0,,0
2025-09-30 16:41:18,295.31,3.3881,221.82,6.5569,19.6708,222.43,224.4,218.63,386.91,385.12,380.57,384.29,6.7688,7.3783,5.5237,1.2324,1.2908,0.8649,2.7367,0.8621,1.0332,0.8415,4.3689,1.5056,1.6557,1.2076,0.7779,0.8194,0.7806,0.7167,50,369.23,215.41,1,1,2025-09-30 16:41:18,18.2,91.5,,1,0,,0
2025-09-30 16:42:03,295.35,3.3977,221.85,6.5687,19.706200000000003,222.24,224.21,219.1,385.47,386.1,381.17,384.24,6.7778,7.3894,5.539,1.2323,1.295,0.8705,2.7385,0.8639,1.0302,0.8445,4.3767,1.5063,1.6568,1.2136,0.7785,0.8188,0.7825,0.7177,50,369.29,215.45,1,1,2025-09-30 16:42:03,18.1,87.9,,1,0,,0
2025-09-30 16:42:48,295.39,3.3953,221.65,6.562,19.6861,222.82,223.28,218.87,386.72,384.27,380.75,383.96,6.9297,7.4513,5.3051,1.2774,1.2771,0.8408,2.7285,0.8653,1.0635,0.7997,4.3689,1.5441,1.6637,1.1611,0.7794,0.8279,0.7684,0.7246,50,369.34,215.48,1,1,2025-09-30 16:42:48,18.0,84.4,,1,0,,0
2025-09-30 16:43:33,295.44,3.411,221.14,6.5733,19.72,222.27,221.9,219.26,385.77,383.02,380.28,383.06,6.8979,7.3131,5.509,1.2542,1.2683,0.8885,2.708,0.8839,1.0117,0.8124,4.3639,1.5332,1.6228,1.2079,0.7831,0.8165,0.7829,0.7377,50,369.39,215.52,1,1,2025-09-30 16:43:33,17.8,83.3,,1,0,,0
2025-09-30 16:44:18,295.48,3.4193,221.26,6.5831,19.749499999999998,222.17,221.59,220.03,383.56,385.02,381.08,383.23,6.7827,7.2283,5.7385,1.2095,1.2751,0.9347,2.7112,0.896,0.9637,0.8515,4.3713,1.5069,1.6017,1.2626,0.7835,0.8041,0.7971,0.7386,50,369.45,215.55,1,1,2025-09-30 16:44:18,17.6,82.7,,1,0,,0
2025-09-30 16:45:03,295.52,3.3984,220.23,6.5557,19.6673,220.22,222.92,217.57,384.6,382.31,377.47,381.46,6.8811,7.4507,5.3355,1.2628,1.2935,0.8422,2.6767,0.8372,1.0401,0.7994,4.3371,1.5154,1.6609,1.1608,0.7855,0.8336,0.779,0.7253,50,369.5,215.58,1,1,2025-09-30 16:45:03,17.4,82,,1,0,,0
2025-09-30 16:45:48,295.56,3.3831,220.34,6.5233,19.5701,220.13,221.81,219.1,384.78,381.85,378.29,381.34,6.794,7.2449,5.5312,1.2262,1.269,0.8879,2.6748,0.868,0.9831,0.8238,4.3144,1.4956,1.607,1.2119,0.7844,0.814,0.7905,0.733,50,369.56,215.62,1,1,2025-09-30 16:45:48,17.3,80.3,,1,0,,0
2025-09-30 16:46:33,295.61,3.3764,220.79,6.5357,19.6072,219.9,223.39,219.1,384.37,384.07,378.84,382.29,6.6786,7.3504,5.5782,1.2004,1.3023,0.8737,2.6943,0.8439,0.9969,0.8536,4.3328,1.4686,1.642,1.2222,0.7816,0.818,0.794,0.7153,50,369.61,215.65,1,1,2025-09-30 16:46:33,17.1,79.3,,1,0,,0
2025-09-30 16:47:18,295.65,3.3936,221.04,6.552,19.656,222.99,221.69,218.44,385.77,382.46,380.31,382.93,6.9091,7.3692,5.3777,1.2674,1.2631,0.8631,2.7029,0.8739,1.0333,0.7956,4.349,1.5407,1.6337,1.1747,0.7822,0.8232,0.774,0.7352,50,369.67,215.68,1,1,2025-09-30 16:47:18,17.0,77.6,,1,0,,0
2025-09-30 16:48:03,295.69,3.3651,221.11,6.5161,19.5485,223.32,221.14,218.89,385.52,382.91,380.47,382.85,6.8365,7.2288,5.4832,1.2367,1.2437,0.8847,2.7044,0.8932,1.0014,0.8098,4.3255,1.5267,1.5986,1.2002,0.7794,0.8106,0.7789,0.7376,50,369.72,215.72,1,1,2025-09-30 16:48:03,16.8,77.1,,1,0,,0
2025-09-30 16:48:48,295.73,3.3827,221.44,6.5367,19.6102,223.2,220.84,220.3,384.61,383.93,382.09,383.43,6.8798,7.1583,5.5721,1.2314,1.2371,0.9143,2.7133,0.915,0.9809,0.8175,4.3439,1.5356,1.5808,1.2275,0.78,0.8026,0.7835,0.7454,50,369.77,215.75,1,1,2025-09-30 16:48:48,16.7,77.3,,1,0,,0
2025-09-30 16:49:33,295.78,3.4044,221.94,6.5684,19.705199999999998,224.36,221.73,219.73,387.35,384.04,381.78,384.53,7.0216,7.3354,5.3482,1.2871,1.2448,0.8726,2.736,0.9063,1.044,0.7857,4.377,1.5754,1.6265,1.1752,0.7794,0.8176,0.7661,0.7431,50,369.83,215.78,1,1,2025-09-30 16:49:33,16.5,76.4,,1,0,,0
2025-09-30 16:50:18,295.82,3.4299,221.7,6.5977,19.793100000000003,223.84,222.32,218.94,386.42,384.03,381.5,383.76,7.0304,7.4004,5.3623,1.2957,1.2641,0.8702,2.7272,0.8907,1.05,0.7865,4.393,1.5737,1.6453,1.174,0.7827,0.824,0.7692,0.7418,50,369.88,215.82,1,1,2025-09-30 16:50:18,16.4,76.3,,1,0,,0
2025-09-30 16:51:03,295.86,3.3823,222.33,6.5356,19.607,224.15,222.82,220.03,387.48,385.15,382.62,384.95,6.8241,7.2522,5.5307,1.2349,1.2575,0.8899,2.7401,0.9001,1.0115,0.8286,4.3625,1.5296,1.6159,1.2169,0.777,0.8081,0.7791,0.7318,50.1,369.94,215.85,1,1,2025-09-30 16:51:03,16.3,75.1,,1,0,,0
2025-09-30 16:52:33,295.95,3.3655,222.81,6.5137,19.5412,224.24,222.99,221.2,388.23,386.15,383.33,386.04,6.8078,7.2613,5.4721,1.2313,1.2556,0.8786,2.7514,0.9004,1.0196,0.8314,4.3562,1.5266,1.6192,1.2104,0.7741,0.8071,0.7763,0.7263,50.1,370.05,215.92,1,1,2025-09-30 16:52:33,16.1,73.5,,1,0,,0
2025-09-30 16:53:18,295.99,3.4126,222.77,6.575,19.725,223.91,225.18,219.22,388.98,386.26,382.3,385.68,6.8637,7.4482,5.4131,1.2669,1.2941,0.8516,2.7555,0.8673,1.0635,0.8248,4.4007,1.5369,1.6772,1.1867,0.778,0.8251,0.7725,0.7183,50.1,370.1,215.96,1,1,2025-09-30 16:53:18,15.9,74.4,,1,0,,0
2025-09-30 16:54:03,296.03,3.3892,222.3,6.5436,19.6308,221.7,225.81,219.4,387.25,386.44,381.43,385.02,6.7348,7.3937,5.5023,1.2255,1.3073,0.8564,2.7349,0.8506,1.0349,0.8495,4.3699,1.4931,1.6696,1.2072,0.7782,0.8215,0.784,0.7099,50.1,370.16,215.99,1,1,2025-09-30 16:54:03,15.9,74.4,,1,0,,0
2025-09-30 16:55:33,296.11,3.3616,222.1,6.5146,19.5439,222.11,225.89,218.31,386.69,385.62,381.75,385.11,6.7921,7.4391,5.3127,1.2498,1.2932,0.8187,2.7323,0.8426,1.0695,0.8202,4.3488,1.5086,1.6804,1.1598,0.776,0.8291,0.7706,0.7064,50.1,370.27,216.06,1,1,2025-09-30 16:55:33,15.7,73.1,,1,0,,0
2025-09-30 16:56:18,296.16,3.4054,222.05,6.5714,19.714199999999998,223.64,224.81,217.7,389.37,383.47,380.99,384.5,7.0136,7.54,5.1606,1.3135,1.2823,0.8096,2.7379,0.855,1.1055,0.7774,4.3871,1.5685,1.6951,1.1235,0.7793,0.838,0.7573,0.7213,50.1,370.32,216.09,1,1,2025-09-30 16:56:18,15.6,74.4,,1,0,,0
2025-09-30 16:57:03,296.2,3.3943,223.42,6.5588,19.6765,225.05,223.36,221.87,387.86,387.24,385.82,386.98,6.7959,7.1977,5.6829,1.2153,1.2586,0.9204,2.7832,0.9261,0.9968,0.8603,4.398,1.5294,1.6077,1.2609,0.7732,0.7953,0.7839,0.7305,50.1,370.37,216.13,1,1,2025-09-30 16:57:03,15.5,74.1,,1,0,,0
2025-09-30 16:57:48,296.24,3.3644,222.16,6.5224,19.5673,224.38,223.41,218.7,387.44,385.59,381.31,384.8,6.9437,7.4177,5.2059,1.2868,1.255,0.8226,2.7403,0.8757,1.0791,0.7855,4.3537,1.558,1.6572,1.1385,0.7753,0.8267,0.7582,0.7232,50,370.43,216.16,1,1,2025-09-30 16:57:48,15.5,73.9,,1,0,,0
2025-09-30 16:58:33,296.28,3.3835,221.02,6.5389,19.616799999999998,224.5,222.21,216.35,388.88,381.37,378.17,382.75,7.1133,7.5288,4.9747,1.3451,1.2477,0.7907,2.6984,0.8584,1.1116,0.7285,4.3462,1.5969,1.673,1.0763,0.7818,0.8429,0.7466,0.7354,50.1,370.48,216.19,1,1,2025-09-30 16:58:33,15.5,74.6,,1,0,,0
2025-09-30 16:59:18,296.31,0.3077,223.28,0.4626,1.3878,225.33,223.83,220.7,388.71,387.45,384.02,386.55,0.0,1.3878,0.0,0,0.3077,0,0.0382,0,0.0382,0,0.3106,0,0.3106,0,0.9923,1,0.9923,1,50,370.52,216.22,0,1,2025-09-30 16:59:18,15.4,72.9,,0,0,,1
2025-09-30 17:00:03,296.32,0.3073,223.2,0.4599,1.3799,225.22,224.15,220.23,388.38,387.7,383.63,386.59,0.0,1.3799,0.0,0,0.3063,0,0.039,0,0.039,0,0.3093,0,0.3093,0,0.992,1,0.9919,1,50,370.52,216.22,0,1,2025-09-30 17:00:03,15.3,73.8,,0,0,,1
2025-09-30 17:00:48,296.32,0.3034,222.19,0.4566,1.3698,225.26,222.85,218.46,388.58,384.62,381.27,384.89,0.0,1.3698,0.0,0,0.3023,0,0.0385,0,0.0385,0,0.3053,0,0.3053,0,0.992,1,0.9919,1,50,370.53,216.22,0,1,2025-09-30 17:00:48,15.3,77.7,,0,0,,1
2025-09-30 17:01:33,296.32,0.3038,223.09,0.4566,1.37,225.43,223.19,220.66,387.45,387.35,384.35,386.38,0.0,1.37,0.0,0,0.3028,0,0.0389,0,0.0389,0,0.3058,0,0.3058,0,0.9919,1,0.9918,1,50,370.53,216.22,0,1,2025-09-30 17:01:33,15.6,81.7,,0,0,,1
2025-09-30 17:02:18,296.33,0.3053,222.07,0.457,1.371,223.58,225.1,217.54,387.25,385.71,380.94,384.6,0.0,1.371,0.0,0,0.3053,0,0.0413,0,0.0413,0,0.3086,0,0.3086,0,0.9909,1,0.9909,1,50,370.54,216.22,0,1,2025-09-30 17:02:18,15.8,84,,0,0,,1
2025-09-30 17:03:03,296.33,0.3038,222.44,0.4559,1.3677,223.59,224.58,219.16,387.06,386.28,382.48,385.34,0.0,1.3677,0.0,0,0.3038,0,0.041,0,0.041,0,0.3072,0,0.3072,0,0.9909,1,0.9909,1,50,370.54,216.22,0,1,2025-09-30 17:03:03,16.1,85.6,,0,0,,1
2025-09-30 17:03:48,296.33,0.3034,222.39,0.4554,1.3663,223.65,224.47,219.05,387.66,385.98,381.9,385.1,0.0,1.3663,0.0,0,0.3034,0,0.041,0,0.041,0,0.3067,0,0.3067,0,0.991,1,0.991,1,50,370.54,216.22,0,1,2025-09-30 17:03:48,16.3,87,,0,0,,1
2025-09-30 17:04:33,296.34,0.3022,222.95,0.4545,1.3636,225.4,223.97,219.5,388.72,386.77,382.96,386.11,0.0,1.3636,0.0,0,0.3022,0,0.0402,0,0.0402,0,0.3054,0,0.3054,0,0.9912,1,0.9912,1,50,370.55,216.22,0,1,2025-09-30 17:04:33,16.5,88.7,,0,0,,1
2025-09-30 17:05:18,296.34,0.302,223.56,0.4554,1.3664,226.65,223.33,220.72,389.14,387.55,384.92,387.13,0.0,1.3664,0.0,0,0.302,0,0.0396,0,0.0396,0,0.3052,0,0.3052,0,0.9915,1,0.9915,1,50,370.55,216.22,0,1,2025-09-30 17:05:18,16.8,90,,0,0,,1
2025-09-30 17:06:03,296.35,0.302,223.21,0.4552,1.3656,226.58,223.43,219.64,389.44,386.34,384.02,386.76,0.0,1.3656,0.0,0,0.302,0,0.0396,0,0.0396,0,0.3051,0,0.3051,0,0.9915,1,0.9915,1,50.1,370.56,216.22,0,1,2025-09-30 17:06:03,17.0,90.8,,0,0,,1
2025-09-30 17:06:48,296.35,0.3002,222.65,0.4541,1.3623,226.21,222.53,219.21,388.96,385.34,382.54,385.42,0.0,1.3623,0.0,0,0.3002,0,0.0388,0,0.0388,0,0.3032,0,0.3032,0,0.9917,1,0.9917,1,50,370.56,216.22,0,1,2025-09-30 17:06:48,17.2,91.3,,0,0,,1
2025-09-30 17:07:33,296.35,0.3001,222.94,0.4542,1.3628,225.82,222.38,220.62,386.95,386.41,384.99,386.21,0.0,1.3628,0.0,0,0.3001,0,0.0386,0,0.0386,0,0.3031,0,0.3031,0,0.9918,1,0.9918,1,50,370.56,216.22,0,1,2025-09-30 17:07:33,17.5,92,,0,0,,1
2025-09-30 17:08:25,296.36,0.2988,221.84,0.4535,1.3605,225.94,221.72,217.87,389.82,382.37,380.48,384.13,0.0,1.3605,0.0,0,0.2988,0,0.038,0,0.038,0,0.3017,0,0.3017,0,0.992,1,0.992,1,50,370.57,216.22,0,1,2025-09-30 17:08:25,17.8,92.4,,0,0,,1
2025-09-30 17:09:10,296.36,0.2996,222.92,0.4533,1.3601,226.01,222.45,220.32,388.97,386.19,383.11,386.09,0.0,1.3601,0.0,0,0.2996,0,0.0387,0,0.0387,0,0.3026,0,0.3026,0,0.9917,1,0.9917,1,50,370.57,216.22,0,1,2025-09-30 17:09:10,17.9,92.5,,0,0,,1
2025-09-30 17:09:55,296.37,0.3001,222.59,0.4532,1.3596,224.55,223,220.23,387.14,385.88,383.56,385.37,0.0,1.3596,0.0,0,0.3001,0,0.0397,0,0.0397,0,0.3032,0,0.3032,0,0.9913,1,0.9913,1,50,370.58,216.22,0,1,2025-09-30 17:09:55,18.1,92.7,,0,0,,1
2025-09-30 17:10:40,296.4,3.3938,220.78,6.5732,19.7196,222.99,222.5,216.85,388.23,381.43,377.52,382.46,7.148,7.5445,5.0271,1.3393,1.255,0.7995,2.7128,0.8616,1.1117,0.7394,4.3627,1.5939,1.6787,1.0901,0.7811,0.8409,0.7485,0.7341,50,370.62,216.25,1,1,2025-09-30 17:10:40,18.2,92.5,,1,0,,0
2025-09-30 17:11:25,296.45,3.4101,222.32,6.5856,19.7568,223.55,222.24,221.17,385.4,386.31,383.45,384.96,6.8022,7.2347,5.7199,1.2141,1.2678,0.9282,2.7564,0.913,0.9853,0.8582,4.3935,1.5206,1.6078,1.2651,0.7777,0.7992,0.7895,0.7342,50,370.68,216.29,1,1,2025-09-30 17:11:25,18.2,89.3,,1,0,,0
2025-09-30 17:12:10,296.49,3.4126,222.35,6.5938,19.7815,225.03,223.07,218.96,387.34,386.35,381.59,385.09,6.9181,7.4558,5.4076,1.2793,1.2744,0.8589,2.7631,0.8845,1.0651,0.8135,4.404,1.5568,1.6632,1.184,0.7771,0.8225,0.7672,0.726,50,370.73,216.32,1,1,2025-09-30 17:12:10,18.0,86.2,,1,0,,0
2025-09-30 17:12:56,296.53,3.3988,221.36,6.5754,19.726300000000002,224.59,222.66,216.84,388.58,382.86,378.75,383.25,7.0711,7.5223,5.1329,1.3277,1.2574,0.8137,2.7295,0.8686,1.1031,0.7578,4.376,1.5881,1.6749,1.113,0.7796,0.8368,0.7517,0.7317,49.9,370.79,216.36,1,1,2025-09-30 17:12:56,17.9,85,,1,0,,0
2025-09-30 17:13:40,296.58,3.3978,221.05,6.5642,19.692800000000002,223.3,222.09,217.76,383.9,384.66,379.94,382.96,6.8587,7.4748,5.3593,1.2701,1.2822,0.8455,2.7076,0.8534,1.0511,0.803,4.3587,1.5315,1.6601,1.167,0.782,0.83,0.7733,0.7251,50,370.85,216.39,1,1,2025-09-30 17:13:40,17.6,82.3,,1,0,,0
2025-09-30 17:14:25,296.62,3.3938,220.64,6.5564,19.6694,223.84,221.34,216.74,384.73,382.74,378.91,382.2,7.0213,7.4796,5.1685,1.313,1.2563,0.8245,2.6937,0.8614,1.0753,0.7569,4.3474,1.5716,1.6555,1.1202,0.7832,0.8361,0.7597,0.7366,50,370.9,216.43,1,1,2025-09-30 17:14:25,17.4,80.4,,1,0,,0
2025-09-30 17:15:32,296.69,3.3875,220.8,6.5522,19.6567,223.46,222.09,216.87,385.94,382.47,378.89,382.39,6.9683,7.4801,5.2083,1.2987,1.265,0.8239,2.7024,0.8569,1.0741,0.7714,4.3479,1.5571,1.6613,1.1295,0.7817,0.8346,0.7622,0.7299,50,371,216.49,1,1,2025-09-30 17:15:32,17.0,77.5,,1,0,,0
2025-09-30 17:16:17,296.74,3.3951,220.38,6.5543,19.663,223.15,221,217,385.09,382.24,377.73,381.94,6.9736,7.4535,5.2359,1.2969,1.2618,0.8364,2.6815,0.8579,1.0561,0.7676,4.3396,1.5562,1.6472,1.1362,0.7847,0.834,0.7668,0.7367,50,371.05,216.52,1,1,2025-09-30 17:16:17,16.8,77.5,,1,0,,0
2025-09-30 17:17:02,296.78,3.39,220.52,6.5477,19.6433,222.47,221.55,217.56,386.21,382.08,377.53,381.59,6.9276,7.4159,5.2998,1.2781,1.2667,0.8452,2.6845,0.8586,1.0431,0.7827,4.3372,1.5412,1.643,1.153,0.7839,0.83,0.7719,0.7336,50,371.11,216.55,1,1,2025-09-30 17:17:02,16.6,76.3,,1,0,,0
2025-09-30 17:17:47,296.82,3.3691,221.39,6.5187,19.5561,223.03,221.11,220.04,385.16,384.8,380.33,383.41,6.7822,7.1982,5.5757,1.2164,1.2503,0.9024,2.7086,0.897,0.9817,0.8299,4.3311,1.5126,1.5916,1.2269,0.7793,0.8048,0.7865,0.736,50,371.16,216.59,1,1,2025-09-30 17:17:47,16.4,75,,1,0,,0
2025-09-30 17:18:32,296.86,3.4053,220.79,6.5657,19.6972,220.91,222.99,218.49,384.29,383.93,379.05,382.41,6.7509,7.4283,5.518,1.2303,1.3072,0.8678,2.6892,0.8403,1.0136,0.8353,4.3534,1.4913,1.6564,1.2056,0.7847,0.8257,0.7902,0.7204,50,371.21,216.62,1,1,2025-09-30 17:18:32,16.2,74.6,,1,0,,0
2025-09-30 17:20:02,296.95,3.3971,221.42,6.5539,19.6618,221.46,222.44,220.38,383.46,384.82,382.27,383.28,6.7644,7.2841,5.6133,1.2127,1.2832,0.9011,2.7085,0.877,0.9855,0.846,4.3554,1.498,1.6203,1.2371,0.7819,0.8103,0.7931,0.729,50,371.32,216.69,1,1,2025-09-30 17:20:03,15.9,73.5,,1,0,,0
2025-09-30 17:21:32,297.03,3.3793,222.18,6.5318,19.5954,224.37,221,221.17,387.09,384.63,382.68,384.75,6.9146,7.1646,5.5162,1.2412,1.2288,0.9094,2.7355,0.9284,0.9953,0.8117,4.3548,1.5514,1.5834,1.22,0.7772,0.8007,0.777,0.746,50.1,371.43,216.76,1,1,2025-09-30 17:21:32,15.7,74.2,,1,0,,0
2025-09-30 17:22:39,297.11,3.3863,221.82,6.5416,19.6249,223.82,222.11,219.55,386.77,384.52,381.3,384.12,6.8747,7.3857,5.3645,1.2623,1.2658,0.8582,2.7226,0.8774,1.04,0.8052,4.3569,1.5387,1.6404,1.1778,0.7793,0.8211,0.7726,0.7292,50.1,371.53,216.82,1,1,2025-09-30 17:22:39,15.7,75.3,,1,0,,0
2025-09-30 17:23:24,297.15,3.3641,222.6,6.5179,19.5539,224.26,221.89,221.65,385.96,386.26,384.39,385.44,6.7571,7.1439,5.6529,1.2012,1.2445,0.9185,2.7509,0.9216,0.9783,0.851,4.3535,1.5153,1.5852,1.253,0.7741,0.7933,0.7861,0.7335,50.1,371.58,216.85,1,1,2025-09-30 17:23:24,15.6,74.5,,1,0,,0
2025-09-30 17:24:09,297.19,3.371,221.97,6.5248,19.574399999999997,223.69,221.71,220.52,386.64,384.82,381.88,384.54,6.9136,7.2729,5.3879,1.2541,1.2429,0.8739,2.73,0.9026,1.024,0.8035,4.3471,1.5465,1.6125,1.1881,0.7771,0.8116,0.7718,0.7361,50,371.64,216.88,1,1,2025-09-30 17:24:09,15.6,73.8,,1,0,,0
2025-09-30 17:24:54,297.23,3.3709,222.11,6.526,19.5781,223.64,222.02,220.69,386.15,385.21,382.74,384.71,6.8102,7.2338,5.5341,1.2249,1.2524,0.8937,2.7351,0.9026,1.0017,0.8309,4.3504,1.523,1.606,1.2213,0.7765,0.805,0.7809,0.7323,50,371.69,216.92,1,1,2025-09-30 17:24:54,15.5,73.9,,1,0,,0
2025-09-30 17:25:39,297.27,0.3058,222.78,0.4621,1.3863,224.58,222.62,221.15,387.07,386.41,384.09,385.8,0.0,1.3863,0.0,0,0.3058,0,0.0378,0,0.0378,0,0.3086,0,0.3086,0,0.9924,1,0.9924,1,50,371.73,216.94,0,1,2025-09-30 17:25:39,15.4,73.7,,0,0,,1
2025-09-30 17:26:24,297.27,0.3028,221.82,0.4575,1.3727,223.57,222.79,219.1,386,385.02,381.54,384.42,0.0,1.3727,0.0,0,0.3028,0,0.0389,0,0.0389,0,0.3058,0,0.3058,0,0.9918,1,0.9918,1,50,371.74,216.95,0,1,2025-09-30 17:26:24,15.3,73.8,,0,0,,1
2025-09-30 17:27:09,297.27,0.3036,222.48,0.4577,1.3733,224.17,223.35,219.92,388.4,385.27,382.34,385.32,0.0,1.3733,0.0,0,0.3036,0,0.0396,0,0.0396,0,0.3067,0,0.3067,0,0.9916,1,0.9916,1,50,371.74,216.95,0,1,2025-09-30 17:27:10,15.4,76.5,,0,0,,1
2025-09-30 17:27:54,297.28,0.3063,222.92,0.4581,1.3744,221.68,225.41,221.68,387.81,386.73,383.8,386.08,0.0,1.3744,0.0,0,0.3063,0,0.042,0,0.042,0,0.3098,0,0.3098,0,0.9907,1,0.9907,1,50,371.74,216.95,0,1,2025-09-30 17:27:54,15.5,79.2,,0,0,,1
2025-09-30 17:28:39,297.28,0.3042,223.04,0.4571,1.3715,221.45,224.18,223.51,385.68,388.05,385.24,386.23,0.0,1.3715,0.0,0,0.3042,0,0.0408,0,0.0408,0,0.3075,0,0.3075,0,0.9911,1,0.9911,1,50,371.75,216.95,0,1,2025-09-30 17:28:39,15.7,82,,0,0,,1
2025-09-30 17:29:46,297.29,0.3018,222.23,0.4552,1.3657,221.92,223.25,221.52,387.32,384.35,383.04,384.82,0.0,1.3657,0.0,0,0.3018,0,0.0394,0,0.0394,0,0.3049,0,0.3049,0,0.9916,1,0.9916,1,50,371.76,216.95,0,1,2025-09-30 17:29:46,16.0,85.4,,0,0,,1
2025-09-30 17:30:31,297.29,0.3016,222.32,0.4545,1.3635,221.94,222.61,222.43,384.27,386.86,384.09,385.07,0.0,1.3635,0.0,0,0.3005,0,0.0386,0,0.0386,0,0.3035,0,0.3035,0,0.9919,1,0.9918,1,50,371.76,216.95,0,1,2025-09-30 17:30:31,16.2,87.1,,0,0,,1
2025-09-30 17:31:16,297.3,0.3011,220.29,0.4541,1.3624,221.56,223.19,216.14,387.75,380.55,376.4,381.95,0.0,1.3624,0.0,0,0.3011,0,0.0392,0,0.0392,0,0.3041,0,0.3041,0,0.9916,1,0.9916,1,50,371.76,216.95,0,1,2025-09-30 17:31:16,16.4,88.3,,0,0,,1
2025-09-30 17:32:01,297.3,0.3026,221.65,0.455,1.3652,221.32,223.96,219.68,386.54,384.82,380.38,383.81,0.0,1.3652,0.0,0,0.3026,0,0.04,0,0.04,0,0.3058,0,0.3058,0,0.9913,1,0.9913,1,50,371.77,216.95,0,1,2025-09-30 17:32:02,16.7,90,,0,0,,1
2025-09-30 17:32:46,297.3,0.3026,222.3,0.4551,1.3653,221.91,223.92,221.09,384.79,387.08,383.24,385.05,0.0,1.3653,0.0,0,0.3026,0,0.0398,0,0.0398,0,0.3057,0,0.3057,0,0.9914,1,0.9914,1,50,371.77,216.95,0,1,2025-09-30 17:32:46,16.9,91.1,,0,0,,1
2025-09-30 17:33:31,297.31,0.3021,221.65,0.4542,1.3628,221.85,224.03,219.07,387.83,384.22,379.67,383.84,0.0,1.3628,0.0,0,0.3021,0,0.0403,0,0.0403,0,0.3053,0,0.3053,0,0.9912,1,0.9912,1,50,371.77,216.95,0,1,2025-09-30 17:33:31,17.1,92.2,,0,0,,1
2025-09-30 17:34:16,297.31,0.3018,222.32,0.4538,1.3614,222.7,223.13,221.15,386.74,385.81,382.67,385.24,0.0,1.3614,0.0,0,0.3007,0,0.0394,0,0.0394,0,0.3038,0,0.3038,0,0.9915,1,0.9915,1,50,371.78,216.95,0,1,2025-09-30 17:34:17,17.3,92.8,,0,0,,1
2025-09-30 17:35:01,297.31,0.3011,221.89,0.4538,1.3614,222.66,223.41,219.61,387.77,384.86,380.33,383.92,0.0,1.3614,0.0,0,0.3011,0,0.0394,0,0.0394,0,0.3042,0,0.3042,0,0.9915,1,0.9915,1,50,371.78,216.95,0,1,2025-09-30 17:35:01,17.4,92.7,,0,0,,1
2025-09-30 17:35:46,297.32,0.3002,221.97,0.4538,1.3614,223.14,222.88,219.91,388.2,384.41,380.77,384.65,0.0,1.3614,0.0,0,0.3002,0,0.0387,0,0.0387,0,0.3034,0,0.3034,0,0.9917,1,0.9917,1,50.1,371.79,216.95,0,1,2025-09-30 17:35:46,17.6,92.9,,0,0,,1
2025-09-30 17:36:31,297.32,0.3027,222.51,0.4546,1.3638,221.92,224.3,221.33,386.47,387.65,382.09,385.35,0.0,1.3638,0.0,0,0.3027,0,0.04,0,0.04,0,0.3059,0,0.3059,0,0.9913,1,0.9913,1,50.1,371.79,216.95,0,1,2025-09-30 17:36:31,17.7,93.2,,0,0,,1
2025-09-30 17:37:16,297.33,0.305,223.38,0.4556,1.3668,222.63,225.64,221.87,389.58,388.04,383.09,386.92,0.0,1.3668,0.0,0,0.305,0,0.0416,0,0.0416,0,0.3084,0,0.3084,0,0.9908,1,0.9908,1,50.1,371.79,216.95,0,1,2025-09-30 17:37:16,17.8,93.3,,0,0,,1
2025-09-30 17:38:01,297.33,0.3055,222.74,0.4557,1.3673,222.79,225.88,219.55,389.46,386.05,381.9,386.05,0.0,1.3673,0.0,0,0.3055,0,0.0417,0,0.0417,0,0.3088,0,0.3088,0,0.9908,1,0.9908,1,50.1,371.8,216.95,0,1,2025-09-30 17:38:01,17.9,93.6,,0,0,,1
2025-09-30 17:38:46,297.33,0.3039,223.71,0.4545,1.3637,224.49,225.22,221.43,389.01,387.85,385.57,387.33,0.0,1.3637,0.0,0,0.3039,0,0.0408,0,0.0408,0,0.3071,0,0.3071,0,0.9911,1,0.9911,1,50.1,371.8,216.95,0,1,2025-09-30 17:38:46,18.0,93.6,,0,0,,1
2025-09-30 17:39:31,297.34,0.3031,222.19,0.4545,1.3637,224.12,224.53,217.92,389.66,384.65,380.22,384.99,0.0,1.3637,0.0,0,0.3031,0,0.0402,0,0.0402,0,0.3062,0,0.3062,0,0.9913,1,0.9913,1,50.1,371.8,216.95,0,1,2025-09-30 17:39:31,18.1,93.7,,0,0,,1
2025-09-30 17:40:16,297.34,0.3023,223.6,0.4539,1.3619,224.55,224.32,221.94,389.1,388.19,384.55,387.2,0.0,1.3619,0.0,0,0.3023,0,0.0399,0,0.0399,0,0.3055,0,0.3055,0,0.9913,1,0.9913,1,50.1,371.81,216.95,0,1,2025-09-30 17:40:16,18.2,93.8,,0,0,,1
2025-09-30 17:41:01,297.35,0.3025,223.52,0.4541,1.3623,224.51,224.34,221.73,390.27,387.4,383.77,387.21,0.0,1.3623,0.0,0,0.3025,0,0.0399,0,0.0399,0,0.3056,0,0.3056,0,0.9914,1,0.9914,1,50.1,371.81,216.95,0,1,2025-09-30 17:41:01,18.3,94,,0,0,,1
2025-09-30 17:41:46,297.37,3.3882,222.48,6.5689,19.7068,223.64,223.91,219.91,389.56,385.03,381.46,385.68,7.0881,7.4777,5.141,1.3118,1.2571,0.8194,2.7676,0.8875,1.1028,0.7773,4.3901,1.5852,1.6743,1.1306,0.7744,0.8282,0.7517,0.7254,50.1,371.85,216.98,1,1,2025-09-30 17:41:46,18.4,94.3,,1,0,,0
2025-09-30 17:42:31,297.41,3.4043,222.5,6.5798,19.7394,222.55,223.41,221.54,388.66,385.48,381.94,385.47,6.8884,7.373,5.478,1.2463,1.28,0.8779,2.7604,0.8903,1.0335,0.8366,4.3938,1.533,1.6472,1.2136,0.7767,0.8137,0.778,0.7239,50.1,371.9,217.01,1,1,2025-09-30 17:42:31,18.3,92.5,,1,0,,0
2025-09-30 17:43:16,297.46,3.4427,222.75,6.6283,19.8849,222.73,223.08,222.44,387.52,386.64,383.24,385.8,6.9246,7.335,5.6253,1.2429,1.2832,0.9166,2.7731,0.9109,1.0118,0.8504,4.4299,1.5423,1.6363,1.2513,0.7787,0.8065,0.7852,0.7331,50,371.96,217.04,1,1,2025-09-30 17:43:16,18.2,89.2,,1,0,,0
2025-09-30 17:44:01,297.5,3.4154,221.61,6.5934,19.7802,222.03,223.51,219.3,388.52,383.19,379.8,383.75,7.0288,7.519,5.2324,1.2987,1.285,0.8316,2.7323,0.863,1.08,0.7893,4.3886,1.5606,1.6806,1.1475,0.7808,0.8328,0.7655,0.7253,50,372.01,217.08,1,1,2025-09-30 17:44:01,18.1,86.1,,1,0,,0
2025-09-30 17:44:46,297.54,3.4338,221.85,6.6168,19.8506,221.91,223.46,220.2,388.1,384.53,380.13,384.25,6.9326,7.4851,5.4329,1.268,1.3,0.8658,2.7416,0.8687,1.0488,0.8241,4.4074,1.5384,1.6726,1.1963,0.7814,0.8249,0.7782,0.7243,50,372.06,217.11,1,1,2025-09-30 17:44:46,17.9,84.8,,1,0,,0
2025-09-30 17:45:31,297.58,3.411,221.89,6.5869,19.7608,220.57,224.26,220.85,386.15,386.21,380.63,384.43,6.8476,7.3741,5.5391,1.2312,1.2988,0.881,2.7397,0.8725,1.0199,0.8473,4.3874,1.5104,1.6537,1.2233,0.7796,0.8159,0.7864,0.7207,50,372.12,217.15,1,1,2025-09-30 17:45:31,17.7,81.9,,1,0,,0
2025-09-30 17:46:16,297.63,3.3956,221.05,6.5699,19.709899999999998,219.73,224.65,218.78,387.08,383.21,378.34,383.26,6.8996,7.5168,5.2935,1.2645,1.3071,0.8241,2.7109,0.8336,1.0653,0.812,4.3628,1.516,1.6886,1.1581,0.7814,0.8348,0.7751,0.7122,50,372.18,217.18,1,1,2025-09-30 17:46:16,17.4,79.9,,1,0,,0
2025-09-30 17:47:01,297.67,3.3807,221.62,6.5504,19.6512,220.07,224.1,220.7,386.75,384.55,380.26,383.83,6.7704,7.3827,5.4981,1.2168,1.2995,0.8643,2.7284,0.8576,1.0204,0.8504,4.3579,1.49,1.6545,1.2134,0.7781,0.8173,0.7865,0.7128,50,372.23,217.21,1,1,2025-09-30 17:47:01,17.2,79.8,,1,0,,0
2025-09-30 17:47:46,297.71,3.3812,222.48,6.5517,19.6553,221.12,223.87,222.47,385.54,386.69,383.83,385.4,6.7774,7.2453,5.6326,1.1992,1.2797,0.9023,2.7567,0.8961,0.9927,0.8679,4.3737,1.4986,1.622,1.2531,0.775,0.801,0.7901,0.7207,50,372.29,217.25,1,1,2025-09-30 17:47:46,17.0,78,,1,0,,0
2025-09-30 17:48:31,297.75,3.3868,222.48,6.5558,19.6676,222.49,223.32,221.63,387.99,385.93,382.08,385.32,6.852,7.2983,5.5173,1.2308,1.2703,0.8858,2.7561,0.8971,1.0175,0.8415,4.3772,1.5245,1.6299,1.2228,0.7756,0.8081,0.7804,0.7249,50,372.34,217.28,1,1,2025-09-30 17:48:31,16.9,78.7,,1,0,,0
2025-09-30 17:49:16,297.8,3.3916,222.11,6.5581,19.6743,222.71,223.08,220.55,387.04,385.33,381.74,384.97,6.9512,7.3689,5.3542,1.2665,1.2657,0.8594,2.7416,0.8878,1.0455,0.8083,4.3728,1.5481,1.6439,1.1809,0.7776,0.8188,0.7709,0.7284,50,372.39,217.32,1,1,2025-09-30 17:49:16,16.7,77.2,,1,0,,0
2025-09-30 17:50:01,297.84,3.4384,222.54,6.6176,19.852899999999998,222.79,224.09,220.76,387.51,386.56,382.3,385.45,6.9227,7.4496,5.4806,1.2645,1.2983,0.8757,2.7588,0.8803,1.0455,0.8331,4.4216,1.5423,1.6694,1.2099,0.7799,0.8207,0.7777,0.7259,50,372.45,217.35,1,1,2025-09-30 17:50:01,16.6,76.1,,1,0,,0
2025-09-30 17:51:31,297.92,3.4023,223.93,6.5751,19.7255,224.3,224.05,223.46,390,387.31,386.26,387.68,6.819,7.2134,5.6931,1.2104,1.269,0.9229,2.8053,0.9313,1.0002,0.8738,4.4178,1.5295,1.6162,1.2722,0.7715,0.7921,0.7847,0.7262,50.1,372.56,217.42,1,1,2025-09-30 17:51:31,16.2,74.5,,1,0,,0
2025-09-30 17:52:16,297.97,3.3941,223.24,6.5703,19.711,224.11,224.53,221.09,389.84,386.9,383.24,386.71,7.0083,7.4284,5.2743,1.2798,1.2678,0.8466,2.7875,0.8983,1.0774,0.8118,4.4046,1.5706,1.6679,1.1661,0.7727,0.8202,0.7601,0.7232,50.1,372.62,217.46,1,1,2025-09-30 17:52:16,16.1,74.1,,1,0,,0
2025-09-30 17:53:01,298.01,3.3835,222.62,6.5544,19.6634,224.16,224.21,219.5,392.4,384.3,379.99,385.38,7.14,7.5118,5.0116,1.3399,1.2506,0.793,2.7646,0.8846,1.1241,0.756,4.3848,1.6005,1.6842,1.1,0.7743,0.833,0.7438,0.7257,50.1,372.67,217.49,1,1,2025-09-30 17:53:01,15.9,75.1,,1,0,,0
2025-09-30 17:53:46,298.05,3.378,223.8,6.5475,19.6426,224.52,224.1,222.78,388.38,388.84,385.64,387.63,6.8285,7.2079,5.6062,1.2178,1.2552,0.905,2.8003,0.9286,1.0128,0.859,4.3974,1.5331,1.6153,1.2489,0.7698,0.7952,0.7782,0.7253,50.1,372.72,217.53,1,1,2025-09-30 17:53:46,15.8,74,,1,0,,0
2025-09-30 17:54:31,298.09,3.4069,222.86,6.5848,19.754399999999997,224.22,224.68,219.68,390.07,385.64,382.29,385.91,7.0798,7.5382,5.1364,1.32,1.2728,0.8141,2.7732,0.8793,1.1142,0.7797,4.4095,1.5874,1.6937,1.1284,0.7755,0.8322,0.7524,0.7222,50.1,372.78,217.56,1,1,2025-09-30 17:54:31,15.7,72.8,,1,0,,0
2025-09-30 17:55:16,298.14,3.387,223.38,6.5588,19.6764,222.6,225.69,221.85,388.23,388.29,384.19,386.94,6.8078,7.3262,5.5424,1.2232,1.2874,0.8765,2.7861,0.8919,1.0335,0.8607,4.3984,1.5154,1.6535,1.2296,0.7722,0.8079,0.7798,0.7134,50.1,372.83,217.6,1,1,2025-09-30 17:55:16,15.6,72.3,,1,0,,0
2025-09-30 17:56:01,298.14,0.3109,224.35,0.4613,1.3841,223.28,227.14,222.64,389.21,390.34,386.21,388.56,0.0,1.3841,0.0,0,0.3109,0,0.0421,0,0.0421,0,0.3144,0,0.3144,0,0.9909,1,0.9909,1,50,372.84,217.6,0,1,2025-09-30 17:56:01,15.5,73.3,,0,0,,1
2025-09-30 17:56:46,298.14,0.3105,224.42,0.4604,1.3813,223.11,227.37,222.79,390.69,389.75,385.69,388.77,0.0,1.3813,0.0,0,0.3105,0,0.043,0,0.043,0,0.3141,0,0.3141,0,0.9905,1,0.9905,1,50,372.84,217.6,0,1,2025-09-30 17:56:46,15.5,76,,0,0,,1
2025-09-30 17:57:31,298.15,0.3081,224.24,0.4589,1.3767,225.23,226.26,221.23,392.04,387.5,385.65,388.45,0.0,1.3767,0.0,0,0.3081,0,0.042,0,0.042,0,0.3115,0,0.3115,0,0.9908,1,0.9908,1,50,372.85,217.6,0,1,2025-09-30 17:57:31,15.6,79.1,,0,0,,1
2025-09-30 17:58:16,298.15,0.3076,224,0.4575,1.3725,224.23,226.64,221.15,390.24,389.5,384.21,388.11,0.0,1.3725,0.0,0,0.3076,0,0.0423,0,0.0423,0,0.3111,0,0.3111,0,0.9906,1,0.9906,1,50.1,372.85,217.6,0,1,2025-09-30 17:58:16,15.8,82,,0,0,,1
2025-09-30 17:59:01,298.16,0.3067,223.43,0.4576,1.3729,224.68,225.84,219.79,391.89,386.42,382.7,386.96,0.0,1.3729,0.0,0,0.3067,0,0.0413,0,0.0413,0,0.3101,0,0.3101,0,0.991,1,0.991,1,50,372.86,217.6,0,1,2025-09-30 17:59:01,16.0,84.6,,0,0,,1
2025-09-30 17:59:46,298.16,0.3075,224.29,0.458,1.374,223.8,226.36,222.73,389.97,389.77,385.74,388.65,0.0,1.374,0.0,0,0.3075,0,0.0419,0,0.0419,0,0.311,0,0.311,0,0.9908,1,0.9908,1,50.1,372.86,217.6,0,1,2025-09-30 17:59:46,16.2,86.4,,0,0,,1
2025-09-30 18:00:31,298.16,0.3081,224.13,0.4577,1.3733,223.9,226.97,221.52,389.45,389.5,385.64,388.18,0.0,1.3733,0.0,0,0.3081,0,0.0426,0,0.0426,0,0.3117,0,0.3117,0,0.9905,1,0.9905,1,50.1,372.86,217.6,0,1,2025-09-30 18:00:31,16.5,88.2,,0,0,,1
2025-09-30 18:01:16,298.17,0.3083,223.96,0.4575,1.3727,224.28,227.25,220.35,392.58,387.65,383.51,387.61,0.0,1.3727,0.0,0,0.3083,0,0.043,0,0.043,0,0.3119,0,0.3119,0,0.9904,1,0.9904,1,50.1,372.87,217.6,0,1,2025-09-30 18:01:16,16.7,89.5,,0,0,,1
2025-09-30 18:02:01,298.17,0.3058,224.51,0.4562,1.3688,224.19,225.95,223.4,388.45,390.83,387.3,388.92,0.0,1.3688,0.0,0,0.3058,0,0.0417,0,0.0417,0,0.3093,0,0.3093,0,0.9908,1,0.9908,1,50,372.87,217.6,0,1,2025-09-30 18:02:01,16.8,90.2,,0,0,,1
2025-09-30 18:02:46,298.18,0.3053,222.91,0.456,1.3681,223.34,225.59,219.8,390.37,386.37,381.52,386.12,0.0,1.3681,0.0,0,0.3053,0,0.041,0,0.041,0,0.3086,0,0.3086,0,0.9911,1,0.9911,1,50,372.88,217.6,0,1,2025-09-30 18:02:46,17.0,91,,0,0,,1
2025-09-30 18:03:31,298.18,0.3071,224.09,0.4564,1.3694,224.49,226.92,220.86,392.92,388.09,383.4,388.51,0.0,1.3694,0.0,0,0.3071,0,0.0431,0,0.0431,0,0.3107,0,0.3107,0,0.9902,1,0.9902,1,50.1,372.88,217.6,0,1,2025-09-30 18:03:31,17.2,91.7,,0,0,,1
2025-09-30 18:04:16,298.18,0.3077,224.25,0.4564,1.3694,222.68,227.47,222.61,389.68,390.52,385.05,388.33,0.0,1.3694,0.0,0,0.3077,0,0.0439,0,0.0439,0,0.3115,0,0.3115,0,0.9899,1,0.9899,1,50,372.88,217.6,0,1,2025-09-30 18:04:16,17.4,92.6,,0,0,,1
2025-09-30 18:05:01,298.19,0.3095,224.61,0.4578,1.3735,223.27,228.07,222.51,391.72,389.95,385.48,389,0.0,1.3735,0.0,0,0.3095,0,0.0443,0,0.0443,0,0.3133,0,0.3133,0,0.9899,1,0.9899,1,50.1,372.89,217.6,0,1,2025-09-30 18:05:01,17.5,92.9,,0,0,,1
2025-09-30 18:05:46,298.19,0.3084,224.48,0.4569,1.3707,223.36,227.74,222.34,392.04,389.6,384.79,388.77,0.0,1.3707,0.0,0,0.3084,0,0.044,0,0.044,0,0.3122,0,0.3122,0,0.9899,1,0.9899,1,50,372.89,217.6,0,1,2025-09-30 18:05:46,17.7,93.1,,0,0,,1
2025-09-30 18:06:31,298.19,0.3079,224.95,0.4572,1.3717,223.35,227.09,224.41,390.77,390.93,387.16,389.61,0.0,1.3717,0.0,0,0.3079,0,0.0427,0,0.0427,0,0.3115,0,0.3115,0,0.9905,1,0.9905,1,50.1,372.9,217.61,0,1,2025-09-30 18:06:31,17.8,93.4,,0,0,,1
2025-09-30 18:07:16,298.2,0.3078,224.15,0.4564,1.3694,224.93,227.39,220.14,392.68,387.87,384.2,388.39,0.0,1.3694,0.0,0,0.3078,0,0.043,0,0.043,0,0.3114,0,0.3114,0,0.9903,1,0.9903,1,50.1,372.9,217.61,0,1,2025-09-30 18:07:16,17.9,93.6,,0,0,,1
2025-09-30 18:08:01,298.2,0.3079,224.59,0.4562,1.3687,224.84,227.64,221.3,393.15,389.18,384.7,389.15,0.0,1.3687,0.0,0,0.3079,0,0.0434,0,0.0434,0,0.3116,0,0.3116,0,0.9901,1,0.9901,1,50.1,372.9,217.61,0,1,2025-09-30 18:08:01,18.0,93.9,,0,0,,1
2025-09-30 18:08:46,298.21,0.3071,224.27,0.4562,1.3686,224.92,227,220.89,391.12,389.26,384.95,388.24,0.0,1.3686,0.0,0,0.3071,0,0.0426,0,0.0426,0,0.3107,0,0.3107,0,0.9905,1,0.9905,1,50.1,372.91,217.61,0,1,2025-09-30 18:08:46,18.1,94.2,,0,0,,1
2025-09-30 18:09:31,298.25,3.4056,223.98,6.5973,19.7919,224.3,226.65,221.01,393.07,387.42,383.36,387.9,6.825,7.4814,5.4855,1.2502,1.3041,0.8513,2.8223,0.8807,1.0798,0.8617,4.4389,1.5308,1.6957,1.2124,0.7699,0.8175,0.7702,0.7027,50.1,372.96,217.64,1,1,2025-09-30 18:09:31,18.2,93.9,,1,0,,0
2025-09-30 18:11:01,298.33,3.387,222.23,6.5761,19.7285,223.14,226.64,216.92,392.08,384,378.71,384.76,7.1619,7.6993,4.8673,1.3585,1.2831,0.7454,2.764,0.839,1.1791,0.7459,4.3989,1.5981,1.745,1.0558,0.7747,0.8508,0.7363,0.7068,50,373.07,217.71,1,1,2025-09-30 18:11:01,17.9,87.4,,1,0,,0
2025-09-30 18:11:53,298.39,3.3921,223.44,6.5692,19.7076,223.24,225.94,221.16,387.23,389.34,384.45,386.94,6.7092,7.3712,5.6272,1.2106,1.3041,0.8773,2.7935,0.8796,1.0324,0.8815,4.4077,1.4978,1.6654,1.2445,0.7719,0.809,0.784,0.7054,50.1,373.15,217.76,1,1,2025-09-30 18:11:53,17.7,84.2,,1,0,,0
2025-09-30 18:12:38,298.44,3.3911,221.69,6.5684,19.7052,221.35,226.83,216.89,389.95,384.26,377.78,384.01,7.0331,7.6601,5.012,1.3221,1.3055,0.7634,2.7342,0.8194,1.1429,0.772,4.3814,1.5568,1.7375,1.0871,0.7784,0.85,0.7524,0.7031,50,373.21,217.8,1,1,2025-09-30 18:12:38,17.5,82,,1,0,,0
2025-09-30 18:13:23,298.48,3.3838,223.24,6.561,19.6831,221.74,227.67,220.31,388.03,389.62,382.34,386.68,6.6553,7.471,5.5568,1.2086,1.3318,0.8435,2.7843,0.8443,1.0541,0.886,4.4009,1.4757,1.7009,1.2242,0.7721,0.8197,0.7841,0.6895,50.1,373.26,217.83,1,1,2025-09-30 18:13:23,17.3,79.7,,1,0,,0
2025-09-30 18:14:08,298.52,3.422,223.06,6.6078,19.8235,221.4,227.55,220.23,386.93,389.58,382.52,386.51,6.7604,7.607,5.4561,1.2432,1.3486,0.8302,2.7803,0.831,1.0817,0.8676,4.4293,1.4968,1.731,1.2016,0.7761,0.8313,0.78,0.6913,50.1,373.31,217.86,1,1,2025-09-30 18:14:08,17.0,78.9,,1,0,,0
2025-09-30 18:14:53,298.56,3.3733,222.84,6.5491,19.6474,222.99,226.36,219.19,389.71,386.93,381.31,385.82,6.8703,7.5684,5.2087,1.277,1.3014,0.7949,2.7721,0.8437,1.1105,0.8179,4.3869,1.532,1.7132,1.1417,0.7725,0.8343,0.7606,0.6969,50.1,373.37,217.9,1,1,2025-09-30 18:14:53,16.9,77.6,,1,0,,0
2025-09-30 18:15:38,298.6,3.397,223.56,6.5798,19.7396,222.98,226.98,220.72,387.56,389.54,384.51,387.19,6.6793,7.4483,5.612,1.212,1.323,0.862,2.8003,0.8631,1.0488,0.8884,4.4186,1.4894,1.6906,1.2387,0.7716,0.8145,0.7836,0.6963,50,373.43,217.93,1,1,2025-09-30 18:15:38,16.7,75.9,,1,0,,0
2025-09-30 18:16:23,298.65,3.4268,222.95,6.616,19.8482,223,226.5,219.36,389.56,387.34,381.61,386.23,6.8689,7.5883,5.391,1.2726,1.3232,0.831,2.7834,0.85,1.0934,0.84,4.4331,1.5318,1.7188,1.1826,0.7762,0.8315,0.7708,0.7033,50,373.48,217.97,1,1,2025-09-30 18:16:24,16.5,74.4,,1,0,,0
2025-09-30 18:17:08,298.69,3.4131,223.34,6.6024,19.807399999999998,223,227.04,220,389.95,388.36,382.24,386.87,6.8016,7.5359,5.4699,1.2498,1.3228,0.8405,2.7985,0.857,1.0816,0.8599,4.4311,1.5168,1.711,1.2034,0.7732,0.8247,0.7741,0.6989,50,373.54,218,1,1,2025-09-30 18:17:08,16.3,74.2,,1,0,,0
2025-09-30 18:17:53,298.73,3.4124,224.04,6.6049,19.8148,224.38,226.47,221.27,391.49,388.91,383.74,388.14,6.9439,7.5109,5.36,1.2785,1.2949,0.839,2.8238,0.8881,1.0992,0.8365,4.4451,1.5581,1.701,1.186,0.7704,0.8212,0.7623,0.7081,50,373.59,218.04,1,1,2025-09-30 18:17:53,16.1,72.6,,1,0,,0
2025-09-30 18:18:59,298.81,3.3668,224.34,6.5461,19.6383,223.58,225.94,223.52,389.49,390.03,386.2,388.45,6.7035,7.296,5.6388,1.1928,1.2879,0.8861,2.825,0.9051,1.025,0.8948,4.4076,1.4988,1.6485,1.2604,0.766,0.7966,0.7824,0.7036,50.1,373.7,218.11,1,1,2025-09-30 18:18:59,15.8,71.9,,1,0,,0
2025-09-30 18:19:44,298.82,0.3108,224.6,0.4612,1.3836,224.78,227.01,222.02,392.36,389.53,385.18,389.02,0.0,1.3836,0.0,0,0.3108,0,0.0412,0,0.0412,0,0.3141,0,0.3141,0,0.9913,1,0.9913,1,50.1,373.71,218.11,0,1,2025-09-30 18:19:44,15.6,72.2,,0,0,,1
2025-09-30 18:20:29,298.83,0.3093,225.32,0.4593,1.378,225.08,226.92,223.96,392.73,390.73,387.31,390.21,0.0,1.378,0.0,0,0.3093,0,0.0418,0,0.0418,0,0.3127,0,0.3127,0,0.9909,1,0.9909,1,50,373.71,218.11,0,1,2025-09-30 18:20:29,15.6,75.5,,0,0,,1
2025-09-30 18:21:14,298.83,0.3111,224.51,0.4598,1.3794,222.6,228.15,222.78,390.74,389.69,386.16,388.82,0.0,1.3794,0.0,0,0.3111,0,0.0435,0,0.0435,0,0.3147,0,0.3147,0,0.9903,1,0.9903,1,50,373.72,218.11,0,1,2025-09-30 18:21:14,15.8,79.7,,0,0,,1
2025-09-30 18:21:59,298.84,0.312,224.61,0.4595,1.3785,222.33,229.19,222.31,392.8,389.45,384.85,389.02,0.0,1.3785,0.0,0,0.312,0,0.0453,0,0.0453,0,0.3159,0,0.3159,0,0.9896,1,0.9896,1,50,373.72,218.11,0,1,2025-09-30 18:21:59,16.0,82.8,,0,0,,1
2025-09-30 18:22:44,298.84,0.3122,225.37,0.4597,1.3792,222.59,229.23,224.29,391.05,392.04,387.96,390.41,0.0,1.3792,0.0,0,0.3122,0,0.0453,0,0.0453,0,0.3162,0,0.3162,0,0.9896,1,0.9896,1,50,373.73,218.12,0,1,2025-09-30 18:22:44,16.2,85.7,,0,0,,1
2025-09-30 18:23:29,298.84,0.3112,224.34,0.4587,1.3761,222.66,228.99,221.39,393.58,388,384.15,388.56,0.0,1.3761,0.0,0,0.3112,0,0.0449,0,0.0449,0,0.3151,0,0.3151,0,0.9897,1,0.9897,1,50,373.73,218.12,0,1,2025-09-30 18:23:30,16.5,87.8,,0,0,,1
2025-09-30 18:24:14,298.85,0.3098,224.79,0.4577,1.3732,221.49,228.29,224.61,389.98,390.67,387.4,389.47,0.0,1.3732,0.0,0,0.3098,0,0.0439,0,0.0439,0,0.3135,0,0.3135,0,0.99,1,0.99,1,50.1,373.73,218.12,0,1,2025-09-30 18:24:14,16.7,89.3,,0,0,,1
2025-09-30 18:24:59,298.85,0.3082,224.92,0.4572,1.3717,223.17,227.21,224.39,390.13,391.08,387.52,389.1,0.0,1.3717,0.0,0,0.3082,0,0.0424,0,0.0424,0,0.3117,0,0.3117,0,0.9906,1,0.9906,1,50,373.74,218.12,0,1,2025-09-30 18:24:59,16.9,89.8,,0,0,,1
2025-09-30 18:26:06,298.86,0.3087,224.97,0.4573,1.3721,223.58,227.57,223.78,391.55,390.81,386.65,389.77,0.0,1.3721,0.0,0,0.3087,0,0.0429,0,0.0429,0,0.3122,0,0.3122,0,0.9904,1,0.9904,1,50,373.74,218.12,0,1,2025-09-30 18:26:06,17.2,90.6,,0,0,,1
2025-09-30 18:26:51,298.86,0.308,224.91,0.4572,1.3717,223.33,227.05,224.35,391.3,390.28,387.07,389.41,0.0,1.3717,0.0,0,0.308,0,0.042,0,0.042,0,0.3114,0,0.3114,0,0.9908,1,0.9908,1,50.1,373.75,218.12,0,1,2025-09-30 18:26:51,17.3,91.5,,0,0,,1
2025-09-30 18:27:36,298.87,0.3077,224.88,0.4564,1.3693,223.4,227.23,224.03,392.16,390.87,385.5,389.67,0.0,1.3693,0.0,0,0.3077,0,0.0424,0,0.0424,0,0.3111,0,0.3111,0,0.9906,1,0.9906,1,50.1,373.75,218.12,0,1,2025-09-30 18:27:36,17.5,92.1,,0,0,,1
2025-09-30 18:28:21,298.87,0.3068,224.75,0.456,1.368,223.42,226.81,224.02,391.92,389.96,385.93,389.07,0.0,1.368,0.0,0,0.3068,0,0.0421,0,0.0421,0,0.3103,0,0.3103,0,0.9907,1,0.9907,1,50,373.76,218.12,0,1,2025-09-30 18:28:21,17.6,92.5,,0,0,,1
2025-09-30 18:29:06,298.87,0.3055,224.98,0.4551,1.3654,223.5,226.22,225.22,389.78,391.22,388.02,389.73,0.0,1.3654,0.0,0,0.3055,0,0.0415,0,0.0415,0,0.3089,0,0.3089,0,0.9909,1,0.9909,1,50,373.76,218.12,0,1,2025-09-30 18:29:06,17.7,93,,0,0,,1
2025-09-30 18:29:51,298.88,0.3066,224.79,0.4555,1.3666,223.51,226.96,223.92,391.96,390.37,385.72,389.36,0.0,1.3666,0.0,0,0.3066,0,0.0428,0,0.0428,0,0.3102,0,0.3102,0,0.9904,1,0.9904,1,50,373.76,218.12,0,1,2025-09-30 18:29:51,17.9,93.4,,0,0,,1
2025-09-30 18:30:37,298.88,0.3081,225.35,0.4565,1.3697,222.86,227.6,225.59,391.68,391.4,387.85,389.95,0.0,1.3697,0.0,0,0.3081,0,0.0434,0,0.0434,0,0.3117,0,0.3117,0,0.9902,1,0.9902,1,50,373.77,218.12,0,1,2025-09-30 18:30:37,18.0,93.6,,0,0,,1
2025-09-30 18:31:21,298.88,0.3061,225.4,0.4552,1.3657,223.11,226.64,226.47,390.7,391.7,388.82,390.26,0.0,1.3657,0.0,0,0.3061,0,0.0422,0,0.0422,0,0.3095,0,0.3095,0,0.9906,1,0.9906,1,50,373.77,218.12,0,1,2025-09-30 18:31:21,18.1,93.8,,0,0,,1
2025-09-30 18:32:06,298.89,0.3052,224.88,0.4545,1.3636,222.79,226.29,225.56,391.44,390.27,386.75,389.77,0.0,1.3636,0.0,0,0.3052,0,0.0418,0,0.0418,0,0.3086,0,0.3086,0,0.9907,1,0.9907,1,50,373.78,218.12,0,1,2025-09-30 18:32:06,18.2,94.1,,0,0,,1
2025-09-30 18:33:13,298.94,3.4058,224.45,6.6004,19.8014,223.16,224.44,225.75,388.61,390.55,387.09,388.67,6.788,7.165,5.8484,1.1792,1.2738,0.9528,2.838,0.9484,0.9774,0.9121,4.4432,1.5148,1.6081,1.3203,0.7682,0.7792,0.7933,0.7223,50,373.85,218.17,1,1,2025-09-30 18:33:13,18.3,93.4,,1,0,,0
2025-09-30 18:33:58,298.99,3.4232,224.4,6.6258,19.8776,223.47,226.4,223.33,391.16,389.35,385.49,388.89,6.9397,7.4633,5.4746,1.258,1.2986,0.8667,2.842,0.9044,1.0771,0.8605,4.4631,1.5508,1.6897,1.2226,0.7694,0.8119,0.7696,0.7096,50,373.9,218.2,1,1,2025-09-30 18:33:58,18.1,90.2,,1,0,,0
2025-09-30 18:34:43,299.03,3.4171,224.09,6.6112,19.8337,223.05,224.75,224.48,390.21,389.19,384.96,388.25,6.9228,7.3638,5.5471,1.2387,1.284,0.8944,2.8245,0.9196,1.0405,0.8644,4.4444,1.5441,1.655,1.2452,0.7707,0.8029,0.7769,0.719,50,373.96,218.24,1,1,2025-09-30 18:34:43,18.0,88,,1,0,,0
2025-09-30 18:35:28,299.07,3.4315,224.84,6.6333,19.9,223.49,224.54,226.51,389.62,390.21,388.48,389.58,6.8492,7.1862,5.8646,1.191,1.2779,0.9626,2.8539,0.959,0.9813,0.9135,4.4727,1.5307,1.6136,1.3284,0.7688,0.7788,0.7931,0.7253,50,374.01,218.27,1,1,2025-09-30 18:35:28,17.8,84.9,,1,0,,0
2025-09-30 18:36:13,299.11,3.4131,224.27,6.6069,19.8209,223.4,225,224.41,391.77,388.39,385.09,388.21,6.9295,7.3867,5.5047,1.2447,1.2841,0.8842,2.831,0.9181,1.0519,0.861,4.4454,1.5481,1.662,1.2353,0.7696,0.8047,0.7736,0.7164,50,374.07,218.31,1,1,2025-09-30 18:36:13,17.6,82.6,,1,0,,0
2025-09-30 18:36:58,299.16,3.4057,224.2,6.5961,19.7883,223.5,223.86,225.26,391.13,388.28,385.48,388.34,6.9982,7.3274,5.4627,1.2508,1.2626,0.8922,2.8263,0.9368,1.0438,0.8456,4.4349,1.5641,1.6403,1.2305,0.7695,0.8004,0.7707,0.7258,50.1,374.12,218.34,1,1,2025-09-30 18:36:58,17.4,81.3,,1,0,,0
2025-09-30 18:37:43,299.2,3.4126,224.78,6.6087,19.8261,223.41,224.55,226.39,390.57,390.53,386.83,389.31,6.8833,7.2642,5.6786,1.2109,1.2757,0.9259,2.8486,0.9456,1.0129,0.8901,4.4546,1.5378,1.6312,1.2856,0.7676,0.7881,0.7831,0.7209,50.1,374.18,218.38,1,1,2025-09-30 18:37:44,17.2,79.2,,1,0,,0
2025-09-30 18:38:28,299.24,3.3936,223.88,6.5776,19.732799999999997,221.26,225.14,225.25,389.79,389.24,384.23,388.11,6.7391,7.3298,5.6639,1.1887,1.3047,0.9002,2.8071,0.8978,1.0071,0.9022,4.4171,1.4911,1.6502,1.2758,0.7705,0.7979,0.7915,0.7063,50.1,374.23,218.41,1,1,2025-09-30 18:38:28,17.0,78,,1,0,,0
2025-09-30 18:39:13,299.28,3.3803,223.92,6.5606,19.6818,221.33,224.5,225.93,387.92,390.29,385.27,387.86,6.6664,7.1831,5.8323,1.1529,1.2905,0.9369,2.8064,0.9184,0.9632,0.9248,4.4058,1.4755,1.6126,1.3177,0.7693,0.7821,0.8013,0.7116,50.1,374.29,218.45,1,1,2025-09-30 18:39:13,16.8,76.5,,1,0,,0
2025-09-30 18:39:58,299.33,3.3663,223.31,6.5419,19.6257,219.59,225.33,225.03,388.47,388.08,383.76,386.9,6.7518,7.2761,5.5978,1.1822,1.2946,0.8894,2.7856,0.8926,1.0026,0.8904,4.3818,1.4826,1.6395,1.2597,0.7704,0.798,0.7906,0.7067,50.1,374.35,218.48,1,1,2025-09-30 18:39:58,16.6,75.1,,1,0,,0
2025-09-30 18:40:43,299.37,3.4003,223.17,6.5866,19.7598,219.14,225.24,225.15,388.08,388.36,383.14,386.53,6.6793,7.3891,5.6914,1.1739,1.3296,0.8968,2.7824,0.8717,0.9971,0.9135,4.4094,1.4637,1.6643,1.2814,0.7739,0.8028,0.8,0.7005,50,374.4,218.52,1,1,2025-09-30 18:40:43,16.4,74.9,,1,0,,0
2025-09-30 18:41:28,299.41,3.3925,223.37,6.5764,19.7293,219.78,226.28,224.07,388.68,388.44,383.54,386.8,6.7522,7.4141,5.563,1.2003,1.3219,0.8704,2.79,0.8702,1.0291,0.8906,4.4082,1.484,1.6777,1.2465,0.7723,0.8096,0.789,0.6989,50,374.46,218.55,1,1,2025-09-30 18:41:28,16.3,75.2,,1,0,,0
2025-09-30 18:42:13,299.45,3.3786,224.01,6.5651,19.6953,221.9,225.8,224.35,389.97,390.13,383.89,387.99,6.7435,7.3822,5.5696,1.2011,1.3041,0.8734,2.8175,0.8904,1.0348,0.8923,4.4128,1.4964,1.6669,1.2495,0.7679,0.8033,0.7833,0.6995,50,374.51,218.59,1,1,2025-09-30 18:42:13,16.2,74.2,,1,0,,0
2025-09-30 18:42:58,299.5,3.374,224.21,6.5602,19.6807,221.92,224.86,225.85,389.95,389.85,385.14,388.37,6.7213,7.2906,5.6688,1.1794,1.2922,0.9024,2.8218,0.9105,1.0049,0.9064,4.4113,1.4916,1.6394,1.2803,0.767,0.7915,0.7894,0.7055,50,374.57,218.62,1,1,2025-09-30 18:42:58,16.0,72.8,,1,0,,0
2025-09-30 18:43:43,299.54,3.3813,223.9,6.5625,19.6876,222.62,223.57,225.52,389.65,388.82,384.86,387.58,6.8561,7.3043,5.5272,1.2158,1.272,0.8935,2.8092,0.9206,1.021,0.8676,4.4058,1.5263,1.633,1.2465,0.7691,0.7972,0.7798,0.7174,50.1,374.62,218.66,1,1,2025-09-30 18:43:43,15.9,72.4,,1,0,,0
2025-09-30 18:44:28,299.58,3.4039,224.35,6.5949,19.7849,223.71,225.34,224.01,392.8,389.13,383.72,388.69,6.9229,7.4463,5.4157,1.2542,1.2882,0.8615,2.8309,0.9064,1.072,0.8526,4.4398,1.5487,1.6779,1.2132,0.7688,0.8105,0.7686,0.7107,50.1,374.67,218.69,1,1,2025-09-30 18:44:28,15.7,72.9,,1,0,,0
2025-09-30 18:45:13,299.62,3.3911,224.99,6.5845,19.753600000000002,223.63,225.37,225.99,392.11,390.42,386.5,389.67,6.7872,7.3478,5.6186,1.2048,1.2916,0.8947,2.8531,0.9208,1.0329,0.8994,4.4435,1.5178,1.656,1.2697,0.7651,0.7945,0.781,0.7052,50.1,374.73,218.73,1,1,2025-09-30 18:45:13,15.6,72.8,,1,0,,0
2025-09-30 18:45:58,299.66,3.351,224.37,6.5357,19.6072,223.92,224.69,224.51,391.87,389.33,384.56,388.42,6.9395,7.3605,5.3072,1.2501,1.2547,0.8462,2.8317,0.9206,1.0741,0.8369,4.3992,1.5539,1.6538,1.1915,0.7638,0.8051,0.7596,0.711,50.1,374.79,218.76,1,1,2025-09-30 18:45:58,15.5,73,,1,0,,0
2025-09-30 18:46:43,299.69,0.3118,225.97,0.4636,1.391,225.65,226.37,225.91,393.64,392.28,388.22,391.44,0.0,1.391,0.0,0,0.3118,0,0.0403,0,0.0403,0,0.3149,0,0.3149,0,0.9917,1,0.9917,1,50.1,374.82,218.78,0,1,2025-09-30 18:46:43,15.4,72.8,,0,0,,1
2025-09-30 18:47:28,299.69,0.3085,226.27,0.4597,1.3792,225.84,226.02,226.95,391.83,394.14,389.71,391.94,0.0,1.3792,0.0,0,0.3085,0,0.0408,0,0.0408,0,0.3117,0,0.3117,0,0.9913,1,0.9913,1,50.1,374.82,218.78,0,1,2025-09-30 18:47:28,15.4,74.7,,0,0,,1
2025-09-30 18:48:13,299.7,0.3081,225.86,0.4591,1.3773,225.85,226.35,225.38,394.68,391.07,387.77,391.21,0.0,1.3773,0.0,0,0.3081,0,0.0416,0,0.0416,0,0.3118,0,0.3118,0,0.991,1,0.9911,1,50.1,374.83,218.78,0,1,2025-09-30 18:48:13,15.5,77.8,,0,0,,1
2025-09-30 18:48:58,299.7,0.3096,226.17,0.459,1.3771,224.72,227.34,226.46,392.45,393.77,388.99,391.87,0.0,1.3771,0.0,0,0.3096,0,0.0428,0,0.0428,0,0.3131,0,0.3131,0,0.9905,1,0.9905,1,50.1,374.83,218.78,0,1,2025-09-30 18:48:58,15.7,80.6,,0,0,,1
2025-09-30 18:49:43,299.7,0.3097,225.62,0.4584,1.3754,224.21,227.73,224.93,393.13,392.56,386.66,390.88,0.0,1.3754,0.0,0,0.3097,0,0.0433,0,0.0433,0,0.3132,0,0.3132,0,0.9903,1,0.9903,1,50.1,374.83,218.79,0,1,2025-09-30 18:49:43,15.9,83.6,,0,0,,1
2025-09-30 18:50:28,299.71,0.3089,226.75,0.4581,1.3745,224.57,227.26,228.43,392.78,394.99,390.44,392.74,0.0,1.3745,0.0,0,0.3089,0,0.0427,0,0.0427,0,0.3124,0,0.3124,0,0.9905,1,0.9905,1,50.1,374.84,218.79,0,1,2025-09-30 18:50:28,16.1,85.9,,0,0,,1
2025-09-30 18:51:13,299.71,0.309,226.24,0.4578,1.3735,224.1,227.52,227.12,392.96,393.88,388.74,391.94,0.0,1.3735,0.0,0,0.309,0,0.0429,0,0.0429,0,0.3125,0,0.3125,0,0.9904,1,0.9904,1,50.1,374.84,218.79,0,1,2025-09-30 18:51:13,16.3,87.7,,0,0,,1
2025-09-30 18:51:58,299.71,0.3078,226.16,0.4576,1.3728,226.12,226.67,225.7,393.62,392.89,388.62,391.8,0.0,1.3728,0.0,0,0.3078,0,0.042,0,0.042,0,0.3112,0,0.3112,0,0.9908,1,0.9908,1,50.1,374.84,218.79,0,1,2025-09-30 18:51:58,16.5,89.2,,0,0,,1
2025-09-30 18:52:43,299.72,0.3088,226.72,0.4576,1.3728,226.08,227.54,226.54,393.55,394.63,389.85,392.66,0.0,1.3728,0.0,0,0.3088,0,0.043,0,0.043,0,0.3124,0,0.3124,0,0.9904,1,0.9904,1,50.1,374.85,218.79,0,1,2025-09-30 18:52:43,16.7,90,,0,0,,1
2025-09-30 18:53:28,299.72,0.3092,226.89,0.4579,1.3737,226.17,227.69,226.82,393.51,394.67,390.77,393.03,0.0,1.3737,0.0,0,0.3092,0,0.043,0,0.043,0,0.3128,0,0.3128,0,0.9904,1,0.9904,1,50.1,374.85,218.79,0,1,2025-09-30 18:53:28,16.9,90.9,,0,0,,1
2025-09-30 18:54:13,299.73,0.3089,226.49,0.4576,1.3729,225.46,227.49,226.52,393.7,393.78,389.36,392.28,0.0,1.3729,0.0,0,0.3089,0,0.0423,0,0.0423,0,0.3123,0,0.3123,0,0.9907,1,0.9907,1,50.1,374.86,218.79,0,1,2025-09-30 18:54:13,17.1,91.6,,0,0,,1
2025-09-30 18:54:58,299.73,0.3091,226.56,0.4575,1.3725,225.61,227.78,226.3,394.84,393.79,388.58,392.14,0.0,1.3725,0.0,0,0.3091,0,0.043,0,0.043,0,0.3126,0,0.3126,0,0.9904,1,0.9904,1,50.1,374.86,218.79,0,1,2025-09-30 18:54:58,17.2,92.3,,0,0,,1
2025-09-30 18:55:43,299.73,0.3094,226.77,0.4578,1.3736,226.32,227.82,226.17,393.3,394.61,390.4,392.8,0.0,1.3736,0.0,0,0.3094,0,0.0428,0,0.0428,0,0.3129,0,0.3129,0,0.9905,1,0.9905,1,50.1,374.86,218.79,0,1,2025-09-30 18:55:43,17.4,92.7,,0,0,,1
2025-09-30 18:56:28,299.74,0.3079,226.75,0.4566,1.3698,227.85,227.23,225.18,395.33,393.9,388.94,392.99,0.0,1.3698,0.0,0,0.3079,0,0.042,0,0.042,0,0.3113,0,0.3113,0,0.9908,1,0.9907,1,50.1,374.87,218.79,0,1,2025-09-30 18:56:28,17.5,93.2,,0,0,,1
2025-09-30 18:57:13,299.74,0.3076,226.34,0.4566,1.3698,227.52,227.23,224.28,395.01,393.62,387.4,392.01,0.0,1.3698,0.0,0,0.3076,0,0.0422,0,0.0422,0,0.3113,0,0.3113,0,0.9907,1,0.9907,1,50.1,374.87,218.79,0,1,2025-09-30 18:57:13,17.7,93.7,,0,0,,1
2025-09-30 18:57:58,299.75,0.307,226.64,0.4557,1.3671,227.28,227.1,225.55,394.38,394.89,388.3,392.46,0.0,1.3671,0.0,0,0.307,0,0.0422,0,0.0422,0,0.3105,0,0.3105,0,0.9906,1,0.9907,1,50.1,374.88,218.79,0,1,2025-09-30 18:57:58,17.8,93.8,,0,0,,1
2025-09-30 18:58:43,299.75,0.3094,226.34,0.4573,1.372,225.32,228.54,225.18,393.82,394.52,387.77,392.03,0.0,1.372,0.0,0,0.3094,0,0.0438,0,0.0438,0,0.3136,0,0.3136,0,0.9901,1,0.9899,1,50.1,374.88,218.79,0,1,2025-09-30 18:58:43,17.9,94.1,,0,0,,1
2025-09-30 18:59:28,299.75,0.3103,227.48,0.4577,1.3732,226.85,228.7,226.91,394.24,397.11,390.66,393.87,0.0,1.3732,0.0,0,0.3103,0,0.0443,0,0.0443,0,0.3141,0,0.3141,0,0.9899,1,0.9899,1,50.1,374.88,218.79,0,1,2025-09-30 18:59:28,18.0,94.3,,0,0,,1
2025-09-30 19:00:13,299.76,1.9478,226.17,6.7554,20.2663,225.73,228.6,224.18,394.82,393.11,387.26,392.15,7.485,7.4187,5.3626,0.6483,0.8484,0.4512,3.019,1.0113,1.1206,0.887,4.5877,1.6896,1.6959,1.2022,0.5421,0.8004,0.7493,0.6734,50.1,374.89,218.79,1,1,2025-09-30 19:00:13,18.1,94.4,,1,0,,0
2025-09-30 19:00:58,299.8,3.423,227.11,6.6526,19.9578,227.86,227.37,226.11,393.96,395.8,390.27,393.32,6.8962,7.3866,5.675,1.238,1.2824,0.9026,2.9561,0.9652,1.0807,0.9102,4.534,1.5714,1.6795,1.2832,0.7568,0.7886,0.7646,0.7041,50.1,374.95,218.83,1,1,2025-09-30 19:00:58,18.2,94.1,,1,0,,0
2025-09-30 19:02:28,299.88,3.443,226.63,6.6679,20.0039,227.07,227.43,225.39,395.55,394.2,387.76,392.56,6.9272,7.5102,5.5665,1.2614,1.3024,0.8792,2.9315,0.937,1.1013,0.8932,4.5356,1.573,1.708,1.2546,0.7614,0.8027,0.7636,0.7014,50.1,375.06,218.9,1,1,2025-09-30 19:02:28,17.9,88.4,,1,0,,0
2025-09-30 19:03:13,299.93,3.4312,227,6.66,19.98,227.14,227.31,226.55,393.82,396,389.62,392.99,6.8534,7.4359,5.6907,1.2302,1.2997,0.9013,2.9478,0.9511,1.0768,0.9199,4.5362,1.5567,1.6903,1.2892,0.7585,0.7911,0.77,0.6998,50.1,375.11,218.94,1,1,2025-09-30 19:03:13,17.8,85.9,,1,0,,0
2025-09-30 19:03:58,299.97,3.4464,226.49,6.6707,20.0122,227.41,227.24,224.83,395.32,393.39,388.12,392.31,6.9299,7.5507,5.5316,1.2705,1.3052,0.8707,2.926,0.9298,1.1101,0.8862,4.5354,1.5759,1.7158,1.2437,0.7623,0.8069,0.7617,0.7008,50.1,375.17,218.98,1,1,2025-09-30 19:03:58,17.6,82.9,,1,0,,0
2025-09-30 19:04:43,300.01,3.4366,226.47,6.6603,19.981,227.41,227.55,224.47,395.67,393.79,387.26,391.98,6.9287,7.5662,5.4861,1.2739,1.3047,0.8579,2.9262,0.9248,1.1197,0.8817,4.5288,1.5757,1.7217,1.2315,0.7613,0.8092,0.7588,0.6973,50.1,375.23,219.01,1,1,2025-09-30 19:04:43,17.4,81.3,,1,0,,0
2025-09-30 19:05:28,300.06,3.42,226.61,6.6404,19.9214,226.29,227.49,226.07,394.17,395.24,388.05,392.41,6.786,7.4168,5.7186,1.2139,1.3064,0.8997,2.9285,0.9379,1.064,0.9266,4.5157,1.5356,1.6872,1.2928,0.7595,0.7913,0.7753,0.6966,50.1,375.29,219.05,1,1,2025-09-30 19:05:28,17.1,79.5,,1,0,,0
2025-09-30 19:06:13,300.1,3.3984,226.2,6.6109,19.8329,226.09,227.46,225.05,392.42,395.12,387.75,391.59,6.8069,7.3959,5.6301,1.2226,1.2937,0.8822,2.9118,0.9322,1.0716,0.908,4.4883,1.539,1.6823,1.2671,0.7593,0.7952,0.7701,0.6968,50.1,375.34,219.09,1,1,2025-09-30 19:06:13,17.0,78.8,,1,0,,0
2025-09-30 19:06:58,300.14,3.4008,225.59,6.613,19.839,223.52,228.78,224.49,391.99,393.93,386.31,391.05,6.6925,7.5486,5.5979,1.2089,1.3408,0.851,2.8848,0.8781,1.0839,0.9228,4.4795,1.4959,1.727,1.2567,0.7625,0.809,0.7776,0.6779,50.1,375.4,219.12,1,1,2025-09-30 19:06:58,16.8,77.5,,1,0,,0
2025-09-30 19:07:43,300.19,3.3862,226.08,6.5974,19.7924,224.31,227.84,226.11,391.97,394.41,388.39,391.64,6.7189,7.3916,5.6819,1.1928,1.3093,0.8841,2.9042,0.9186,1.0553,0.9303,4.476,1.5071,1.6841,1.2847,0.759,0.7922,0.7785,0.6888,50.1,375.46,219.16,1,1,2025-09-30 19:07:43,16.6,76.6,,1,0,,0
2025-09-30 19:08:28,300.23,3.4227,225.78,6.6375,19.9126,225.83,226.91,224.61,393.49,393.24,386.4,390.43,6.8783,7.5102,5.5241,1.2518,1.3049,0.8661,2.8969,0.9173,1.0926,0.8869,4.4982,1.5533,1.7041,1.2408,0.7633,0.8065,0.7667,0.6986,50.1,375.51,219.2,1,1,2025-09-30 19:08:28,16.4,75.3,,1,0,,0
2025-09-30 19:09:13,300.27,3.3986,226.23,6.6139,19.8417,225.6,227.26,225.85,394.54,393.79,387.15,391.85,6.8192,7.4026,5.6199,1.2203,1.2948,0.8836,2.9132,0.934,1.0701,0.9091,4.49,1.5384,1.6823,1.2693,0.7592,0.794,0.7708,0.6969,50,375.57,219.23,1,1,2025-09-30 19:09:13,16.3,75,,1,0,,0
2025-09-30 19:09:58,300.31,3.391,226.7,6.6103,19.8309,226.37,227.14,226.6,392.7,395.34,389.9,392.64,6.7727,7.2981,5.7601,1.195,1.2838,0.9122,2.9342,0.9577,1.0446,0.9318,4.4961,1.5331,1.6577,1.3052,0.7562,0.7803,0.7756,0.6995,50,375.62,219.27,1,1,2025-09-30 19:09:58,16.1,74.4,,1,0,,0
2025-09-30 19:10:43,300.36,3.3873,226.02,6.6021,19.806399999999996,225.39,227.67,225.02,391.77,394.7,387.95,391.73,6.7475,7.4712,5.5877,1.2157,1.309,0.8625,2.9057,0.9108,1.082,0.9129,4.4791,1.5208,1.701,1.2573,0.7589,0.8003,0.7707,0.6867,50,375.68,219.31,1,1,2025-09-30 19:10:43,16.0,74.9,,1,0,,0
2025-09-30 19:11:28,300.4,3.3829,225.74,6.5963,19.7891,225.01,228.05,224.16,394.41,393.43,385.08,391.17,6.869,7.5379,5.3822,1.2536,1.302,0.8273,2.896,0.9013,1.1185,0.8763,4.4711,1.5456,1.719,1.2065,0.7596,0.8119,0.7585,0.6865,50,375.73,219.34,1,1,2025-09-30 19:11:28,15.9,75.1,,1,0,,0
2025-09-30 19:12:13,300.44,3.3742,226.72,6.5947,19.7841,226.04,227.94,226.2,393.27,395.71,389.07,392.79,6.7801,7.3729,5.6311,1.2073,1.2886,0.8783,2.9368,0.9412,1.0749,0.9207,4.4869,1.5326,1.6806,1.2738,0.7543,0.7886,0.7679,0.6902,50.1,375.79,219.38,1,1,2025-09-30 19:12:13,15.8,73.9,,1,0,,0
2025-09-30 19:12:58,300.48,3.3792,226.61,6.6018,19.8054,226.63,227.32,225.9,394.37,394.41,388.68,392.52,6.8973,7.4072,5.5009,1.2401,1.2743,0.8648,2.9369,0.9491,1.0972,0.8907,4.4896,1.5631,1.6838,1.2427,0.7547,0.7941,0.7578,0.6966,50,375.85,219.41,1,1,2025-09-30 19:12:58,15.6,72.4,,1,0,,0
2025-09-30 19:13:43,300.49,0.3123,227.91,0.4618,1.3855,227.67,227.89,228.19,395.66,396.9,391.66,394.78,0.0,1.3855,0.0,0,0.3123,0,0.0427,0,0.0427,0,0.3157,0,0.3157,0,0.9907,1,0.9907,1,50,375.86,219.42,0,1,2025-09-30 19:13:43,15.5,73,,0,0,,1
2025-09-30 19:14:28,300.49,0.3111,227.92,0.4605,1.3815,227.68,227.7,228.39,396.73,395.76,391.75,394.76,0.0,1.3815,0.0,0,0.3111,0,0.0427,0,0.0427,0,0.3146,0,0.3146,0,0.9907,1,0.9907,1,50,375.86,219.42,0,1,2025-09-30 19:14:28,15.5,76.4,,0,0,,1
2025-09-30 19:15:20,300.5,0.3094,228.06,0.4588,1.3765,228.36,227.27,228.55,397.06,396,391.86,394.77,0.0,1.3765,0.0,0,0.3094,0,0.0424,0,0.0424,0,0.3128,0,0.3128,0,0.9907,1,0.9907,1,50.1,375.87,219.42,0,1,2025-09-30 19:15:20,15.7,81.8,,0,0,,1
2025-09-30 19:16:05,300.5,0.3085,227.42,0.458,1.374,227.87,227.04,227.35,396.21,394.76,390.64,393.92,0.0,1.374,0.0,0,0.3085,0,0.0424,0,0.0424,0,0.312,0,0.312,0,0.9906,1,0.9906,1,50,375.87,219.42,0,1,2025-09-30 19:16:05,15.9,84.7,,0,0,,1
2025-09-30 19:16:50,300.51,0.3087,228.54,0.4579,1.3738,228.61,227.29,229.74,396.77,397.22,393.48,395.74,0.0,1.3738,0.0,0,0.3087,0,0.0428,0,0.0428,0,0.3123,0,0.3123,0,0.9905,1,0.9905,1,50.1,375.87,219.42,0,1,2025-09-30 19:16:50,16.2,86.1,,0,0,,1
2025-09-30 19:17:35,300.51,0.3085,227.71,0.4581,1.3743,227.68,227.03,228.42,395.14,395.76,392.24,394.29,0.0,1.3743,0.0,0,0.3085,0,0.0426,0,0.0426,0,0.312,0,0.312,0,0.9905,1,0.9905,1,50,375.88,219.42,0,1,2025-09-30 19:17:35,16.4,88,,0,0,,1
2025-09-30 19:18:20,300.52,0.3087,226.75,0.4576,1.3729,227.1,227.46,225.7,397.48,392.09,388.57,392.73,0.0,1.3729,0.0,0,0.3087,0,0.0434,0,0.0434,0,0.3123,0,0.3123,0,0.9902,1,0.9902,1,50,375.88,219.42,0,1,2025-09-30 19:18:20,16.6,89.3,,0,0,,1
2025-09-30 19:19:05,300.52,0.3092,227.79,0.4576,1.3728,226.53,227.92,228.94,395.31,395.52,392.8,394.63,0.0,1.3728,0.0,0,0.3092,0,0.0438,0,0.0438,0,0.3129,0,0.3129,0,0.9901,1,0.9901,1,50,375.89,219.42,0,1,2025-09-30 19:19:05,16.8,90.6,,0,0,,1
2025-09-30 19:19:50,300.52,0.3073,226.95,0.4562,1.3687,226.07,227.18,227.6,395.29,393.72,390.18,393.16,0.0,1.3687,0.0,0,0.3073,0,0.0438,0,0.0438,0,0.3109,0,0.3109,0,0.99,1,0.99,1,50,375.89,219.42,0,1,2025-09-30 19:19:51,17.0,91.1,,0,0,,1
2025-09-30 19:20:35,300.53,0.3064,226.97,0.4557,1.3672,225.47,226.7,228.74,393.94,394.68,390.68,393.05,0.0,1.3672,0.0,0,0.3064,0,0.0426,0,0.0426,0,0.3099,0,0.3099,0,0.9904,1,0.9904,1,50,375.89,219.42,0,1,2025-09-30 19:20:35,17.2,92,,0,0,,1
2025-09-30 19:21:20,300.53,0.3075,226.43,0.4562,1.3687,224.98,227.27,227.05,394.15,392.92,389.46,392.29,0.0,1.3687,0.0,0,0.3075,0,0.0432,0,0.0432,0,0.3111,0,0.3111,0,0.9902,1,0.9902,1,50,375.9,219.42,0,1,2025-09-30 19:21:20,17.3,92.5,,0,0,,1
2025-09-30 19:22:26,300.54,0.307,226.97,0.4559,1.3677,225.51,227,228.41,393.76,394.69,390.89,393.71,0.0,1.3677,0.0,0,0.307,0,0.0426,0,0.0426,0,0.3105,0,0.3105,0,0.9905,1,0.9905,1,50,375.91,219.43,0,1,2025-09-30 19:22:26,17.6,93.3,,0,0,,1
2025-09-30 19:23:11,300.54,0.3096,226.95,0.457,1.371,224.44,228.51,227.9,393.65,395.5,390.1,393.29,0.0,1.371,0.0,0,0.3096,0,0.0442,0,0.0442,0,0.3133,0,0.3133,0,0.9899,1,0.9899,1,50,375.91,219.43,0,1,2025-09-30 19:23:11,17.7,93.6,,0,0,,1
2025-09-30 19:23:56,300.55,0.3099,226.57,0.4569,1.3709,224.37,227.97,227.39,394.7,393.45,389.12,392.42,0.0,1.3709,0.0,0,0.3089,0,0.0434,0,0.0434,0,0.3125,0,0.3125,0,0.9903,1,0.9902,1,50,375.91,219.43,0,1,2025-09-30 19:23:56,17.9,93.9,,0,0,,1
2025-09-30 19:24:41,300.55,0.3102,226.95,0.4565,1.3697,224.22,228.41,228.22,394.62,394.63,389.96,393.13,0.0,1.3697,0.0,0,0.3091,0,0.0442,0,0.0442,0,0.3129,0,0.3129,0,0.9899,1,0.9899,1,50,375.92,219.43,0,1,2025-09-30 19:24:41,18.0,94.2,,0,0,,1
2025-09-30 19:25:26,300.55,0.3092,226.71,0.4568,1.3706,223.63,228.29,228.21,394.14,394.23,389.59,392.56,0.0,1.3706,0.0,0,0.3092,0,0.0439,0,0.0439,0,0.3129,0,0.3129,0,0.99,1,0.99,1,50,375.92,219.43,0,1,2025-09-30 19:25:26,18.1,94.3,,0,0,,1
2025-09-30 19:26:11,300.56,0.3092,227.43,0.4572,1.3718,225.39,228.02,228.89,395.08,394.76,391.89,394.03,0.0,1.3718,0.0,0,0.3092,0,0.0435,0,0.0435,0,0.3128,0,0.3128,0,0.9902,1,0.9902,1,50,375.92,219.43,0,1,2025-09-30 19:26:11,18.2,94.3,,0,0,,1
2025-09-30 19:26:56,300.59,3.4162,226.42,6.6551,19.9654,224.09,227.79,227.38,394.87,392.63,388.92,392.3,7.0266,7.4265,5.5123,1.2501,1.2858,0.8803,2.9414,0.9552,1.0957,0.8905,4.5197,1.5746,1.6917,1.2534,0.7578,0.7946,0.7611,0.703,50,375.97,219.46,1,1,2025-09-30 19:26:57,18.3,94.3,,1,0,,0
2025-09-30 19:27:41,300.64,3.4035,226.03,6.634,19.901999999999997,223.7,227.22,227.19,394.03,392.14,388.25,391.46,6.9135,7.3843,5.6042,1.2219,1.2904,0.8912,2.9222,0.9457,1.0688,0.9077,4.4976,1.5466,1.6779,1.2732,0.7587,0.7908,0.7701,0.7005,50,376.03,219.5,1,1,2025-09-30 19:27:41,18.2,91.9,,1,0,,0
2025-09-30 19:28:26,300.68,3.4085,226.89,6.6474,19.9422,224.49,227.35,228.84,394.84,393.88,390.16,392.93,6.8611,7.3044,5.7767,1.1939,1.2887,0.9258,2.956,0.9707,1.0433,0.942,4.5228,1.5402,1.6607,1.3219,0.7554,0.7758,0.7772,0.7009,50,376.09,219.53,1,1,2025-09-30 19:28:26,18.0,89.2,,1,0,,0
2025-09-30 19:29:33,300.76,3.4528,226.53,6.686,20.0582,224.27,226.41,228.92,392.47,394.08,390.5,392.34,6.8813,7.2815,5.8954,1.194,1.2975,0.9613,2.9342,0.9753,1.0133,0.9455,4.5414,1.5433,1.6486,1.3496,0.762,0.7744,0.7881,0.7129,50,376.19,219.6,1,1,2025-09-30 19:29:33,17.7,85.1,,1,0,,0
2025-09-30 19:30:18,300.8,3.4193,226.56,6.6558,19.9674,225.13,227.5,227.07,394.45,393.45,389.32,392.54,6.9305,7.4589,5.578,1.2387,1.2976,0.883,2.9415,0.946,1.0894,0.9061,4.5238,1.5603,1.6969,1.2666,0.758,0.7947,0.7658,0.6979,50,376.25,219.64,1,1,2025-09-30 19:30:18,17.6,83.1,,1,0,,0
2025-09-30 19:31:03,300.84,3.4166,226.64,6.6459,19.9378,224.92,227.06,227.95,394.3,393.83,389.47,392.55,6.8331,7.3636,5.7411,1.2027,1.2986,0.9153,2.9365,0.9541,1.049,0.9334,4.5176,1.5369,1.672,1.3087,0.7583,0.7834,0.7778,0.7001,50,376.3,219.67,1,1,2025-09-30 19:31:03,17.4,81.1,,1,0,,0
2025-09-30 19:31:48,300.88,3.4065,226.94,6.6372,19.9116,225.26,226.78,228.8,391.76,395.54,391.93,393.15,6.8046,7.1757,5.9313,1.1693,1.2769,0.9604,2.9501,0.9885,1.0047,0.957,4.5172,1.5328,1.6273,1.3571,0.7559,0.7636,0.7858,0.7083,50,376.36,219.71,1,1,2025-09-30 19:31:49,17.2,80.3,,1,0,,0
2025-09-30 19:34:03,301.01,3.4141,227.05,6.6499,19.9497,225.82,227.46,227.88,395.1,394.34,390.3,393.34,6.8957,7.3688,5.6852,1.2188,1.2884,0.9068,2.9578,0.9665,1.068,0.9233,4.5288,1.5572,1.6761,1.2955,0.7558,0.7835,0.7698,0.7006,50,376.53,219.82,1,1,2025-09-30 19:34:04,16.6,75.4,,1,0,,0
2025-09-30 19:34:48,301.05,3.4014,225.72,6.6235,19.8706,225.59,226.54,225.04,395.11,390.52,387.17,390.95,6.9738,7.4111,5.4857,1.2556,1.2735,0.8723,2.9077,0.9455,1.0904,0.8718,4.4866,1.5732,1.6789,1.2345,0.7601,0.7988,0.7596,0.7072,50,376.58,219.86,1,1,2025-09-30 19:34:48,16.5,75.6,,1,0,,0
2025-09-30 19:35:33,301.1,3.3842,225.6,6.6006,19.8018,224.11,225.12,227.59,389.47,393.13,389.67,390.76,6.687,7.0626,6.0522,1.1324,1.2696,0.9822,2.8957,0.9789,0.9529,0.9638,4.466,1.4986,1.5899,1.3774,0.7598,0.7564,0.7997,0.7137,50,376.64,219.89,1,1,2025-09-30 19:35:33,16.3,76.4,,1,0,,0
2025-09-30 19:36:40,301.17,3.3901,224.95,6.6023,19.806900000000002,223.85,225.71,225.3,392.71,390,386.1,389.4,6.9344,7.3562,5.5163,1.2356,1.2732,0.8813,2.8742,0.9373,1.0624,0.8746,4.4555,1.5523,1.6604,1.2428,0.7627,0.7967,0.7678,0.7098,50,376.74,219.96,1,1,2025-09-30 19:36:40,16.1,74.4,,1,0,,0
2025-09-30 19:37:25,301.22,3.4031,225.51,6.6155,19.8466,223.94,225.98,226.62,391.76,392.22,387.77,390.55,6.804,7.3015,5.7411,1.1951,1.2897,0.9183,2.8876,0.9426,1.0254,0.9197,4.4747,1.5237,1.65,1.301,0.7624,0.7851,0.7827,0.7065,50,376.8,220,1,1,2025-09-30 19:37:25,15.9,74.6,,1,0,,0
2025-09-30 19:38:10,301.26,3.3815,225.52,6.5883,19.765,224.23,225.62,226.71,390.76,392.13,388.92,390.69,6.7977,7.2212,5.7461,1.1861,1.272,0.9234,2.8862,0.9548,1.0143,0.917,4.4562,1.5242,1.6292,1.3027,0.7606,0.7789,0.7818,0.7095,50,376.85,220.03,1,1,2025-09-30 19:38:10,15.8,73.5,,1,0,,0
2025-09-30 19:38:55,301.3,3.3913,225.5,6.5996,19.7988,224.52,226.06,225.92,392.94,391.46,387.26,390.53,6.8207,7.3541,5.624,1.2122,1.2866,0.8925,2.8848,0.9334,1.0489,0.9025,4.4644,1.5314,1.6625,1.2706,0.7616,0.7923,0.775,0.7031,50,376.91,220.07,1,1,2025-09-30 19:38:55,15.7,73,,1,0,,0
2025-09-30 19:40:25,301.37,0.3114,226.59,0.4635,1.3906,226.33,226.1,227.36,392.97,393.78,390.63,392.45,0.0,1.3906,0.0,0,0.3114,0,0.0396,0,0.0396,0,0.3144,0,0.3144,0,0.9919,1,0.9919,1,50,377,220.13,0,1,2025-09-30 19:40:25,15.5,71.4,,0,0,,1
2025-09-30 19:41:10,301.38,0.3112,226.2,0.4613,1.3839,225.25,227.28,226.09,393.45,393.37,388.55,391.72,0.0,1.3839,0.0,0,0.3112,0,0.0419,0,0.0419,0,0.3145,0,0.3145,0,0.991,1,0.991,1,50,377.01,220.13,0,1,2025-09-30 19:41:11,15.3,72.9,,0,0,,1
2025-09-30 19:41:55,301.38,0.3116,227.45,0.4608,1.3826,226.75,227.91,227.69,394.79,394.94,392.11,393.79,0.0,1.3826,0.0,0,0.3116,0,0.043,0,0.043,0,0.3151,0,0.3151,0,0.9906,1,0.9906,1,50,377.01,220.13,0,1,2025-09-30 19:41:55,15.4,76.6,,0,0,,1
2025-09-30 19:42:40,301.38,0.3109,226.78,0.46,1.3801,226.18,227.84,226.33,395.41,393.16,389.79,392.52,0.0,1.3801,0.0,0,0.3109,0,0.0431,0,0.0431,0,0.3144,0,0.3144,0,0.9905,1,0.9905,1,50.1,377.02,220.13,0,1,2025-09-30 19:42:40,15.5,80,,0,0,,1
2025-09-30 19:43:25,301.39,0.3125,227.61,0.4603,1.3809,226.47,229.07,227.31,394.88,395.53,392.31,394.13,0.0,1.3809,0.0,0,0.3125,0,0.0447,0,0.0447,0,0.3163,0,0.3163,0,0.9899,1,0.9899,1,50.1,377.02,220.13,0,1,2025-09-30 19:43:25,15.8,83.5,,0,0,,1
2025-09-30 19:44:10,301.39,0.313,227.43,0.4602,1.3806,226.67,229.53,226.11,396.67,394.49,390.62,393.76,0.0,1.3806,0.0,0,0.313,0,0.0454,0,0.0454,0,0.3169,0,0.3169,0,0.9896,1,0.9896,1,50.1,377.02,220.13,0,1,2025-09-30 19:44:10,16.0,86,,0,0,,1
2025-09-30 19:44:55,301.4,0.3131,227.43,0.4602,1.3808,226.33,229.62,226.36,395.01,395.1,391.68,393.91,0.0,1.3808,0.0,0,0.3131,0,0.0456,0,0.0456,0,0.3171,0,0.3171,0,0.9895,1,0.9895,1,50,377.03,220.13,0,1,2025-09-30 19:44:55,16.3,88,,0,0,,1
2025-09-30 19:45:40,301.4,0.3131,227.37,0.46,1.38,226.31,229.84,225.97,393.87,395.55,392.03,393.9,0.0,1.38,0.0,0,0.3131,0,0.046,0,0.046,0,0.3172,0,0.3172,0,0.9893,1,0.9893,1,50,377.03,220.13,0,1,2025-09-30 19:45:40,16.5,88.9,,0,0,,1
2025-09-30 19:46:25,301.4,0.3138,227.3,0.4599,1.3797,226.41,230.45,225.05,395.91,394.86,390.33,393.65,0.0,1.3797,0.0,0,0.3138,0,0.0468,0,0.0468,0,0.318,0,0.318,0,0.989,1,0.989,1,50,377.04,220.13,0,1,2025-09-30 19:46:25,16.7,90.1,,0,0,,1
2025-09-30 19:47:10,301.41,0.3131,227.51,0.4596,1.3789,226.13,230.03,226.37,394.37,395.43,392.36,393.95,0.0,1.3789,0.0,0,0.3131,0,0.0462,0,0.0462,0,0.3172,0,0.3172,0,0.9892,1,0.9892,1,50,377.04,220.13,0,1,2025-09-30 19:47:10,16.9,91.6,,0,0,,1
2025-09-30 19:47:55,301.41,0.3131,227.73,0.4594,1.3784,226.03,230.17,226.99,394.26,396.15,392.9,394.49,0.0,1.3784,0.0,0,0.3131,0,0.0466,0,0.0466,0,0.3173,0,0.3173,0,0.989,1,0.989,1,50,377.04,220.13,0,1,2025-09-30 19:47:55,17.1,92,,0,0,,1
2025-09-30 19:48:40,301.42,0.3126,227.1,0.4591,1.3775,226.22,229.86,225.24,395.58,393.74,390.76,393.27,0.0,1.3775,0.0,0,0.3126,0,0.0461,0,0.0461,0,0.3166,0,0.3166,0,0.9892,1,0.9892,1,50,377.05,220.13,0,1,2025-09-30 19:48:40,17.3,92.3,,0,0,,1
2025-09-30 19:49:25,301.42,0.3114,227.17,0.4573,1.372,225.57,229.05,226.91,393.09,394.82,392.51,393.53,0.0,1.372,0.0,0,0.3104,0,0.0448,0,0.0448,0,0.3143,0,0.3143,0,0.9897,1,0.9897,1,50,377.05,220.13,0,1,2025-09-30 19:49:25,17.4,93,,0,0,,1
2025-09-30 19:50:10,301.42,0.312,226.9,0.4577,1.3732,225.96,229.26,225.5,395,393.7,390.33,393.11,0.0,1.3732,0.0,0,0.3109,0,0.0452,0,0.0452,0,0.3148,0,0.3148,0,0.9896,1,0.9896,1,50,377.06,220.14,0,1,2025-09-30 19:50:10,17.6,93.7,,0,0,,1
2025-09-30 19:50:55,301.43,0.3111,226.72,0.4578,1.3734,225.61,229.37,225.19,394.57,394.49,389.03,392.59,0.0,1.3734,0.0,0,0.3111,0,0.045,0,0.045,0,0.315,0,0.315,0,0.9896,1,0.9896,1,50,377.06,220.14,0,1,2025-09-30 19:50:55,17.8,94.3,,0,0,,1
2025-09-30 19:51:40,301.43,0.3112,226.97,0.4572,1.3718,226.76,228.82,225.33,394.69,394.61,390.06,393.17,0.0,1.3718,0.0,0,0.3101,0,0.0443,0,0.0443,0,0.3139,0,0.3139,0,0.99,1,0.9899,1,50,377.06,220.14,0,1,2025-09-30 19:51:40,18.0,94.4,,0,0,,1
2025-09-30 19:52:25,301.44,0.3087,226.65,0.4564,1.3693,226.32,228.13,225.52,393.03,393.87,390.83,392.71,0.0,1.3693,0.0,0,0.3087,0,0.0436,0,0.0436,0,0.3124,0,0.3124,0,0.9901,1,0.9901,1,50,377.07,220.14,0,1,2025-09-30 19:52:25,18.1,94.5,,0,0,,1
2025-09-30 19:53:10,301.44,0.3094,226.76,0.4562,1.3688,226.54,228.86,224.88,394.45,394,389.82,392.76,0.0,1.3688,0.0,0,0.3094,0,0.0444,0,0.0444,0,0.3133,0,0.3133,0,0.9898,1,0.9898,1,50,377.07,220.14,0,1,2025-09-30 19:53:10,18.2,94.3,,0,0,,1
2025-09-30 19:53:55,301.45,3.351,226.12,6.5723,19.717000000000002,225.49,227.99,224.89,393.49,393.25,388.21,391.71,6.7442,7.3971,5.5757,1.2076,1.2871,0.8563,2.922,0.9218,1.0857,0.9146,4.4611,1.5207,1.6865,1.2539,0.7537,0.7949,0.7643,0.6834,50,377.08,220.14,1,1,2025-09-30 19:53:55,18.3,94.3,,1,0,,0
2025-09-30 19:54:40,301.49,3.4141,226.3,6.6394,19.9182,225.93,227.8,225.18,392.24,393.26,390.4,391.96,6.7832,7.3377,5.7973,1.2037,1.2971,0.9133,2.927,0.9459,1.0499,0.9311,4.5095,1.5325,1.6715,1.3054,0.7591,0.7862,0.7772,0.7002,50,377.14,220.18,1,1,2025-09-30 19:54:40,18.3,93.5,,1,0,,0
2025-09-30 19:55:25,301.53,3.4446,226.2,6.6778,20.0335,225.42,228.87,224.32,392.89,394.09,388.4,391.79,6.7943,7.5662,5.673,1.2338,1.3374,0.8734,2.9255,0.9051,1.0961,0.9243,4.5358,1.5316,1.7317,1.2726,0.7622,0.8062,0.7734,0.6868,50,377.19,220.22,1,1,2025-09-30 19:55:25,18.2,90.6,,1,0,,0
2025-09-30 19:56:10,301.58,3.4458,227.01,6.6842,20.0527,227.13,228.62,225.29,394.69,394.29,390.6,393.3,6.8515,7.4609,5.7403,1.2338,1.3116,0.9004,2.9592,0.9459,1.0864,0.9269,4.5551,1.5562,1.7057,1.2932,0.7586,0.7936,0.7701,0.6967,50,377.25,220.25,1,1,2025-09-30 19:56:10,18.0,87.9,,1,0,,0
2025-09-30 19:58:25,301.71,3.4478,226.69,6.6837,20.051099999999998,226.87,229.23,223.97,393.48,394.6,389.8,392.62,6.8555,7.5821,5.6135,1.2548,1.3276,0.8654,2.9444,0.9165,1.1175,0.9105,4.5506,1.5553,1.738,1.2573,0.7604,0.8075,0.765,0.6889,50,377.42,220.36,1,1,2025-09-30 19:58:25,17.4,82.2,,1,0,,0
2025-09-30 19:59:10,301.75,3.435,226.83,6.6643,19.993000000000002,227.64,229.53,223.34,392.87,394.95,390.77,392.91,6.7796,7.4423,5.7711,1.2274,1.3148,0.8928,2.9476,0.9332,1.0863,0.9282,4.5405,1.5433,1.7082,1.2889,0.7588,0.796,0.7709,0.6932,50,377.48,220.4,1,1,2025-09-30 19:59:10,17.2,81,,1,0,,0
2025-09-30 19:59:55,301.79,3.4123,226.29,6.6376,19.9128,227.91,230.05,220.92,393.69,393.03,389.06,392.17,6.858,7.623,5.4318,1.2803,1.3144,0.8176,2.9282,0.8942,1.157,0.877,4.5167,1.563,1.7537,1.2,0.7588,0.8198,0.7506,0.6819,50,377.54,220.44,1,1,2025-09-30 19:59:55,17.1,78.4,,1,0,,0
2025-09-30 20:02:10,301.92,3.4088,227.04,6.6419,19.925900000000002,226.06,231.3,223.78,392.69,395.24,391.75,393.2,6.6371,7.4172,5.8716,1.1844,1.3347,0.8897,2.9569,0.9183,1.0732,0.9654,4.5299,1.5004,1.7156,1.3139,0.7554,0.7903,0.7793,0.6776,50,377.7,220.55,1,1,2025-09-30 20:02:10,16.5,76.1,,1,0,,0
2025-09-30 20:02:55,301.96,3.4167,227.01,6.6495,19.9485,225.98,231.2,223.86,392.21,395.39,391.89,393.16,6.6511,7.4216,5.8758,1.1873,1.3365,0.8929,2.9551,0.919,1.0715,0.9646,4.5342,1.503,1.7159,1.3154,0.7563,0.7907,0.7801,0.6791,50,377.76,220.59,1,1,2025-09-30 20:02:55,16.4,75.5,,1,0,,0
2025-09-30 20:03:40,302.01,3.4092,226.13,6.6345,19.9036,225.47,231.5,221.43,393.38,393.72,387.9,391.6,6.7681,7.6534,5.4821,1.2532,1.3455,0.8105,2.9193,0.8684,1.1486,0.9024,4.5117,1.526,1.7718,1.2139,0.7595,0.8219,0.7605,0.6682,50,377.82,220.62,1,1,2025-09-30 20:03:40,16.3,75.2,,1,0,,0
2025-09-30 20:04:25,302.05,3.4008,226.49,6.6247,19.8742,225.18,230.82,223.47,392.8,394.32,389.72,392.28,6.6985,7.4711,5.7046,1.2066,1.3315,0.8627,2.931,0.9025,1.0915,0.9371,4.5077,1.5084,1.7245,1.2748,0.7574,0.8007,0.7725,0.677,50,377.87,220.66,1,1,2025-09-30 20:04:25,16.1,73.8,,1,0,,0
2025-09-30 20:06:40,302.17,3.383,226.55,6.6043,19.813,224.9,229.64,225.12,390.85,394.38,391.9,392.31,6.6241,7.2131,5.9758,1.1502,1.3053,0.9276,2.9336,0.9446,1.0157,0.9733,4.4914,1.4898,1.6564,1.3453,0.7555,0.7727,0.7892,0.6899,50,378.04,220.77,1,1,2025-09-30 20:06:40,15.7,73.3,,1,0,,0
2025-09-30 20:07:25,302.22,0.3208,227.13,0.4677,1.4032,225.54,231.12,224.75,393.08,395.1,392,393.43,0.0,1.4032,0.0,0,0.3208,0,0.0445,0,0.0445,0,0.3243,0,0.3243,0,0.9905,1,0.9904,1,50,378.1,220.8,0,1,2025-09-30 20:07:25,15.6,72.6,,0,0,,1
2025-09-30 20:08:10,302.22,0.3192,227.12,0.4643,1.3931,226.21,231.23,223.92,394.87,394.62,390.64,393.39,0.0,1.3931,0.0,0,0.3182,0,0.0457,0,0.0457,0,0.3221,0,0.3221,0,0.9898,1,0.9898,1,50,378.1,220.8,0,1,2025-09-30 20:08:10,15.5,73.1,,0,0,,1
2025-09-30 20:08:55,302.22,0.3144,226.49,0.4609,1.3827,225.35,230.23,223.91,391.6,394.08,391.16,392.29,0.0,1.3827,0.0,0,0.3144,0,0.0455,0,0.0455,0,0.3183,0,0.3183,0,0.9896,1,0.9896,1,50,378.11,220.8,0,1,2025-09-30 20:08:55,15.5,75.8,,0,0,,1
2025-09-30 20:09:40,302.23,0.3165,227.21,0.4625,1.3875,226.67,231.08,223.9,394.16,395.48,390.97,393.5,0.0,1.3875,0.0,0,0.3165,0,0.0465,0,0.0465,0,0.3206,0,0.3206,0,0.9893,1,0.9893,1,50,378.11,220.8,0,1,2025-09-30 20:09:40,15.7,79.8,,0,0,,1
2025-09-30 20:10:25,302.23,0.3149,227.24,0.4606,1.3819,227.52,230.87,223.35,395.46,394.15,391.18,393.66,0.0,1.3819,0.0,0,0.3149,0,0.0468,0,0.0468,0,0.319,0,0.319,0,0.9891,1,0.9891,1,50,378.11,220.8,0,1,2025-09-30 20:10:25,15.9,83.5,,0,0,,1
2025-09-30 20:11:10,302.23,0.315,227.36,0.4608,1.3824,227.57,230.84,223.69,395.45,394.73,391.23,393.84,0.0,1.3824,0.0,0,0.315,0,0.0467,0,0.0467,0,0.3191,0,0.3191,0,0.9891,1,0.9891,1,50,378.12,220.81,0,1,2025-09-30 20:11:10,16.1,85.5,,0,0,,1
2025-09-30 20:11:55,302.24,0.3157,227.27,0.4612,1.3837,227.4,231.23,223.19,395.84,394.83,390.26,393.74,0.0,1.3837,0.0,0,0.3157,0,0.0471,0,0.0471,0,0.32,0,0.32,0,0.989,1,0.989,1,50,378.12,220.81,0,1,2025-09-30 20:11:55,16.3,87.1,,0,0,,1
2025-09-30 20:12:40,302.24,0.3159,227.43,0.461,1.3831,227.62,231.5,223.17,395.92,395.22,390.6,393.83,0.0,1.3831,0.0,0,0.3159,0,0.0475,0,0.0475,0,0.3202,0,0.3202,0,0.9888,1,0.9888,1,50,378.13,220.81,0,1,2025-09-30 20:12:40,16.5,88.4,,0,0,,1
2025-09-30 20:13:25,302.25,0.3168,227.72,0.4615,1.3845,227.72,231.93,223.53,395.94,395.91,391.42,394.37,0.0,1.3845,0.0,0,0.3168,0,0.0479,0,0.0479,0,0.3211,0,0.3211,0,0.9887,1,0.9887,1,50,378.13,220.81,0,1,2025-09-30 20:13:25,16.7,90,,0,0,,1
2025-09-30 20:14:10,302.25,0.3177,227.65,0.4617,1.3853,227.05,232.53,223.37,395.36,395.76,391.73,394.31,0.0,1.3853,0.0,0,0.3177,0,0.0487,0,0.0487,0,0.3221,0,0.3221,0,0.9884,1,0.9884,1,50.1,378.13,220.81,0,1,2025-09-30 20:14:10,16.9,91.1,,0,0,,1
2025-09-30 20:14:55,302.25,0.3177,227.87,0.4616,1.3849,227.4,232.63,223.6,395.51,396.58,391.93,394.66,0.0,1.3849,0.0,0,0.3177,0,0.0486,0,0.0486,0,0.3222,0,0.3222,0,0.9884,1,0.9884,1,50.1,378.14,220.81,0,1,2025-09-30 20:14:55,17.1,91.6,,0,0,,1
2025-09-30 20:15:40,302.26,0.3175,227.62,0.4613,1.3841,227.09,232.65,223.13,394.68,396.67,391.34,394.38,0.0,1.3841,0.0,0,0.3175,0,0.0487,0,0.0487,0,0.322,0,0.322,0,0.9884,1,0.9884,1,50.1,378.14,220.81,0,1,2025-09-30 20:15:40,17.3,91.8,,0,0,,1
2025-09-30 20:16:25,302.26,0.3177,227.62,0.4614,1.3843,226.7,232.74,223.44,394.77,396.59,391.35,394.26,0.0,1.3843,0.0,0,0.3177,0,0.0489,0,0.0489,0,0.3222,0,0.3222,0,0.9883,1,0.9883,1,50.1,378.15,220.81,0,1,2025-09-30 20:16:25,17.5,92.3,,0,0,,1
2025-09-30 20:17:10,302.27,0.3167,227.32,0.4607,1.3821,225.71,232.33,223.93,394.27,396.38,390.52,393.62,0.0,1.3821,0.0,0,0.3167,0,0.0479,0,0.0479,0,0.3211,0,0.3211,0,0.9887,1,0.9887,1,50,378.15,220.81,0,1,2025-09-30 20:17:10,17.6,92.6,,0,0,,1
2025-09-30 20:17:55,302.27,0.3165,227.24,0.4604,1.3812,225.98,232.32,223.43,393.76,395.85,391.1,393.67,0.0,1.3812,0.0,0,0.3165,0,0.0479,0,0.0479,0,0.3209,0,0.3209,0,0.9887,1,0.9887,1,50,378.15,220.81,0,1,2025-09-30 20:17:55,17.7,92.9,,0,0,,1
2025-09-30 20:18:47,302.28,0.3189,227.58,0.461,1.3832,226.16,232.85,223.74,394.52,396.75,391.22,394.17,0.0,1.3832,0.0,0,0.3176,0,0.0484,0,0.0484,0,0.3221,0,0.3221,0,0.9886,1,0.9885,1,50.1,378.16,220.81,0,1,2025-09-30 20:18:47,17.8,93.4,,0,0,,1
2025-09-30 20:19:32,302.28,0.317,227.73,0.4608,1.3824,226.2,232.47,224.54,393.94,397.17,392.17,394.49,0.0,1.3824,0.0,0,0.317,0,0.0479,0,0.0479,0,0.3214,0,0.3214,0,0.9887,1,0.9887,1,50.1,378.16,220.81,0,1,2025-09-30 20:19:32,17.9,93.9,,0,0,,1
2025-09-30 20:20:17,302.28,0.3176,227.44,0.4606,1.382,226.06,233.06,223.21,394.68,396.39,390.7,393.98,0.0,1.382,0.0,0,0.3176,0,0.0488,0,0.0488,0,0.3221,0,0.3221,0,0.9884,1,0.9884,1,50,378.17,220.81,0,1,2025-09-30 20:20:17,18.0,94.1,,0,0,,1
2025-09-30 20:21:02,302.3,3.3077,227.03,6.5411,19.6235,226.1,231.52,223.49,393.64,395.82,390.2,392.99,6.5811,7.423,5.6194,1.1812,1.3049,0.8217,2.9652,0.9025,1.1141,0.9486,4.4624,1.488,1.7186,1.2559,0.7446,0.7945,0.7605,0.6547,50,378.18,220.82,1,1,2025-09-30 20:21:02,18.2,94.5,,1,0,,0
2025-09-30 20:21:47,302.34,3.4067,227.11,6.6463,19.9391,226.51,231.29,223.55,393.01,395.34,391.69,393.35,6.6945,7.4829,5.7617,1.208,1.3313,0.8674,2.9662,0.9141,1.1013,0.9508,4.5351,1.5164,1.7307,1.288,0.7541,0.7974,0.7705,0.6739,50,378.24,220.86,1,1,2025-09-30 20:21:47,18.3,94,,1,0,,0
2025-09-30 20:22:32,302.38,3.4219,227.43,6.6707,20.0121,227.31,232.02,222.97,395.26,395.75,390.72,393.95,6.7941,7.6335,5.5845,1.2512,1.3386,0.8321,2.9839,0.903,1.1557,0.9252,4.5607,1.5444,1.7711,1.2452,0.7537,0.8108,0.7569,0.6686,50,378.3,220.89,1,1,2025-09-30 20:22:32,18.1,90.7,,1,0,,0
2025-09-30 20:23:17,302.43,3.4056,227.21,6.6438,19.9314,226.5,230.69,224.46,394.31,395.26,391.06,393.56,6.7896,7.4822,5.6596,1.2259,1.3167,0.863,2.9688,0.9262,1.1118,0.9308,4.5343,1.5378,1.7261,1.2704,0.7537,0.7978,0.764,0.6799,50,378.36,220.93,1,1,2025-09-30 20:23:18,18.0,87.2,,1,0,,0
2025-09-30 20:24:02,302.47,3.416,227.52,6.6587,19.976100000000002,226.5,230.22,225.86,394.13,395.64,392.46,394.09,6.759,7.3762,5.8409,1.1978,1.3127,0.9054,2.9818,0.951,1.0729,0.958,4.5483,1.5309,1.6981,1.3192,0.7533,0.7831,0.7743,0.6868,50,378.41,220.97,1,1,2025-09-30 20:24:02,17.8,86,,1,0,,0
2025-09-30 20:24:47,302.51,3.3993,227.61,6.6447,19.9342,226.42,230.73,225.69,393.93,396.42,392.33,394.22,6.7046,7.4691,5.7605,1.1983,1.3259,0.8751,2.9874,0.9299,1.097,0.9605,4.5415,1.5181,1.7233,1.3001,0.7511,0.79,0.7704,0.6734,50,378.47,221.01,1,1,2025-09-30 20:24:47,17.7,85.2,,1,0,,0
2025-09-30 20:25:53,302.59,3.3959,227.35,6.6353,19.906100000000002,227.15,229.16,225.75,393.92,394.93,392.48,393.77,6.7965,7.4046,5.705,1.2145,1.2971,0.8842,2.9761,0.9508,1.0901,0.9351,4.5286,1.5438,1.6968,1.2879,0.752,0.7874,0.7655,0.687,50,378.57,221.07,1,1,2025-09-30 20:25:53,17.5,85.9,,1,0,,0
2025-09-30 20:26:38,302.63,3.3817,227.41,6.6259,19.8779,227.9,229.9,224.45,395.75,394.76,391.16,393.83,6.857,7.5777,5.4432,1.2576,1.301,0.823,2.9821,0.9254,1.155,0.9017,4.5266,1.5627,1.7421,1.2217,0.75,0.8054,0.7478,0.6741,50,378.63,221.11,1,1,2025-09-30 20:26:38,17.4,84.6,,1,0,,0
2025-09-30 20:27:23,302.67,3.3767,227.84,6.6247,19.8742,227.62,230.02,225.88,395.96,395.68,392.24,394.63,6.7875,7.4551,5.6316,1.2189,1.298,0.8598,3.0005,0.9471,1.1169,0.9365,4.5319,1.545,1.7148,1.2721,0.7475,0.7896,0.7579,0.6763,50,378.68,221.15,1,1,2025-09-30 20:27:23,17.3,84.1,,1,0,,0
2025-09-30 20:28:08,302.71,3.387,228,6.631,19.8931,227.84,229.19,226.99,394.05,396.51,394.16,394.83,6.7408,7.3309,5.8214,1.1888,1.2918,0.9064,2.9998,0.9696,1.0702,0.96,4.5374,1.5358,1.6802,1.3214,0.7485,0.7749,0.77,0.6865,50,378.74,221.19,1,1,2025-09-30 20:28:08,17.2,83.3,,1,0,,0
2025-09-30 20:29:38,302.8,3.408,227.06,6.6488,19.9464,226.36,228.99,225.85,395.2,394.31,390.36,393.34,6.8838,7.5276,5.535,1.2459,1.3065,0.8556,2.9639,0.9335,1.1205,0.9099,4.532,1.5582,1.7237,1.2501,0.7545,0.8002,0.759,0.685,50,378.85,221.26,1,1,2025-09-30 20:29:38,16.9,80.4,,1,0,,0
2025-09-30 20:30:23,302.84,3.3962,226.63,6.6242,19.872799999999998,225.41,228.48,226.02,393,394.52,390.11,392.4,6.7622,7.443,5.6676,1.2078,1.3108,0.8775,2.94,0.9279,1.0799,0.9322,4.5058,1.5243,1.7006,1.281,0.756,0.7929,0.7718,0.6854,50,378.91,221.3,1,1,2025-09-30 20:30:24,16.8,77.1,,1,0,,0
2025-09-30 20:31:08,302.88,3.3942,226.74,6.6214,19.8642,227.56,227.51,225.17,393.36,394.11,390.69,392.73,6.8745,7.3737,5.616,1.235,1.275,0.8842,2.9479,0.9582,1.0868,0.9029,4.5065,1.5644,1.6776,1.2646,0.755,0.7901,0.761,0.6996,50,378.96,221.33,1,1,2025-09-30 20:31:08,16.6,75.2,,1,0,,0
2025-09-30 20:31:53,302.93,3.389,227.21,6.6185,19.8557,228.46,226.79,226.38,393.86,394.81,391.88,393.41,6.8403,7.2378,5.7776,1.2072,1.2583,0.9235,2.9653,0.9901,1.0505,0.9248,4.5121,1.5627,1.6415,1.3079,0.7525,0.7732,0.7676,0.7066,50,379.02,221.37,1,1,2025-09-30 20:31:53,16.4,74.3,,1,0,,0
2025-09-30 20:33:44,303.04,3.3639,226.48,6.5761,19.7285,227.8,226.5,225.16,391.44,393.97,391.38,392.3,6.7538,7.2522,5.7225,1.1979,1.2623,0.9037,2.9283,0.9634,1.0476,0.9174,4.4696,1.5385,1.6426,1.2885,0.7542,0.7792,0.7695,0.7017,50,379.18,221.48,1,1,2025-09-30 20:33:44,16.0,72.9,,1,0,,0
2025-09-30 20:34:29,303.09,3.364,226,6.5762,19.7288,226.88,227.39,223.75,393.35,392.8,388.17,391.6,6.7844,7.4573,5.4871,1.234,1.286,0.8439,2.9105,0.918,1.1019,0.8906,4.4627,1.5392,1.6957,1.2277,0.7562,0.8023,0.7593,0.6878,50,379.24,221.51,1,1,2025-09-30 20:34:29,15.8,71.6,,1,0,,0
2025-09-30 20:35:59,303.15,0.3129,227.38,0.4635,1.3906,228.98,227.4,225.78,393.81,395.13,392.53,393.81,0.0,1.3906,0.0,0,0.3129,0,0.0414,0,0.0414,0,0.3162,0,0.3162,0,0.9913,1,0.9913,1,50,379.31,221.56,0,1,2025-09-30 20:35:59,15.6,71.3,,0,0,,1
2025-09-30 20:36:44,303.15,0.3107,226.67,0.4601,1.3804,228.03,227.57,224.41,394.76,393.2,389.82,392.61,0.0,1.3804,0.0,0,0.3107,0,0.0424,0,0.0424,0,0.3141,0,0.3141,0,0.9907,1,0.9907,1,50,379.32,221.56,0,1,2025-09-30 20:36:44,15.5,74.7,,0,0,,1
2025-09-30 20:37:29,303.15,0.3097,226.86,0.459,1.3772,228.33,227.39,224.87,395.71,392.94,390.13,393.03,0.0,1.3772,0.0,0,0.3097,0,0.0428,0,0.0428,0,0.3132,0,0.3132,0,0.9905,1,0.9905,1,50,379.32,221.56,0,1,2025-09-30 20:37:30,15.6,79.7,,0,0,,1
2025-09-30 20:38:14,303.16,0.3094,227.18,0.4587,1.3761,228.29,227.43,225.83,394.1,394.67,391.66,393.58,0.0,1.3761,0.0,0,0.3094,0,0.0428,0,0.0428,0,0.313,0,0.313,0,0.9905,1,0.9905,1,50,379.33,221.56,0,1,2025-09-30 20:38:14,15.9,82.1,,0,0,,1
2025-09-30 20:38:59,303.16,0.3105,226.81,0.459,1.3771,228.82,228.04,223.59,395.82,393.23,389.48,392.88,0.0,1.3771,0.0,0,0.3105,0,0.0433,0,0.0433,0,0.314,0,0.314,0,0.9904,1,0.9904,1,50,379.33,221.56,0,1,2025-09-30 20:38:59,16.1,84.4,,0,0,,1
2025-09-30 20:40:06,303.17,0.312,227.76,0.4595,1.3785,229.47,229.16,224.67,394.82,395.89,392.71,394.49,0.0,1.3785,0.0,0,0.312,0,0.0449,0,0.0449,0,0.3159,0,0.3159,0,0.9898,1,0.9898,1,50.1,379.34,221.57,0,1,2025-09-30 20:40:06,16.5,88,,0,0,,1
2025-09-30 20:40:51,303.17,0.3118,227.33,0.4591,1.3775,229.37,229.17,223.46,396.54,394.16,390.53,393.8,0.0,1.3775,0.0,0,0.3118,0,0.0452,0,0.0452,0,0.3157,0,0.3157,0,0.9896,1,0.9896,1,50,379.34,221.57,0,1,2025-09-30 20:40:51,16.7,89.7,,0,0,,1
2025-09-30 20:41:36,303.18,0.3115,227.43,0.459,1.377,229.35,228.98,223.96,394.94,394.7,392.06,393.92,0.0,1.377,0.0,0,0.3115,0,0.0447,0,0.0447,0,0.3153,0,0.3153,0,0.9898,1,0.9898,1,50,379.35,221.57,0,1,2025-09-30 20:41:36,17.0,90.9,,0,0,,1
2025-09-30 20:42:21,303.18,0.3103,227.69,0.4579,1.3739,229.47,228.62,224.98,393.98,395.5,393.55,394.36,0.0,1.3739,0.0,0,0.3103,0,0.0443,0,0.0443,0,0.3141,0,0.3141,0,0.9899,1,0.9899,1,50,379.35,221.57,0,1,2025-09-30 20:42:21,17.2,91.2,,0,0,,1
2025-09-30 20:43:06,303.18,0.3113,226.56,0.4582,1.3746,228.02,229.23,222.43,395.19,392.99,389.05,392.49,0.0,1.3746,0.0,0,0.3113,0,0.0446,0,0.0446,0,0.3151,0,0.3151,0,0.9899,1,0.9899,1,50,379.35,221.57,0,1,2025-09-30 20:43:06,17.3,91.6,,0,0,,1
2025-09-30 20:43:51,303.19,0.3111,226.92,0.4581,1.3744,227.91,229.07,223.79,394.1,394.16,390.83,392.93,0.0,1.3744,0.0,0,0.3111,0,0.0444,0,0.0444,0,0.3148,0,0.3148,0,0.9899,1,0.9899,1,50,379.36,221.57,0,1,2025-09-30 20:43:51,17.4,92.1,,0,0,,1
2025-09-30 20:44:36,303.19,0.3127,227.13,0.4585,1.3756,227.82,230.22,223.36,393.91,395.6,390.63,393.41,0.0,1.3756,0.0,0,0.3127,0,0.0459,0,0.0459,0,0.3167,0,0.3167,0,0.9893,1,0.9893,1,50,379.36,221.57,0,1,2025-09-30 20:44:37,17.6,92.4,,0,0,,1
2025-09-30 20:45:21,303.2,0.3142,226.71,0.4586,1.3759,227.81,230.51,221.83,394.44,394.89,388.66,392.64,0.0,1.3759,0.0,0,0.3131,0,0.0463,0,0.0463,0,0.3172,0,0.3172,0,0.9893,1,0.9892,1,50,379.36,221.57,0,1,2025-09-30 20:45:21,17.7,92.8,,0,0,,1
2025-09-30 20:46:06,303.2,0.3126,226.96,0.4585,1.3756,228.19,230.1,222.6,393.98,395.08,390.19,393.17,0.0,1.3756,0.0,0,0.3126,0,0.0456,0,0.0456,0,0.3165,0,0.3165,0,0.9895,1,0.9895,1,50,379.37,221.57,0,1,2025-09-30 20:46:06,17.9,93.2,,0,0,,1
2025-09-30 20:46:51,303.2,0.3127,226.92,0.4584,1.3753,229.1,230.24,221.44,394.44,394.56,390.04,392.91,0.0,1.3753,0.0,0,0.3127,0,0.0458,0,0.0458,0,0.3166,0,0.3166,0,0.9894,1,0.9894,1,50,379.37,221.57,0,1,2025-09-30 20:46:51,18.0,93.7,,0,0,,1
2025-09-30 20:47:36,303.21,0.3131,226.86,0.4585,1.3757,228.81,230.52,221.25,394.52,394.61,389.56,392.89,0.0,1.3757,0.0,0,0.3131,0,0.0459,0,0.0459,0,0.3171,0,0.3171,0,0.9894,1,0.9894,1,50.1,379.38,221.57,0,1,2025-09-30 20:47:36,18.1,94.1,,0,0,,1
2025-09-30 20:48:21,303.21,0.3138,227.13,0.4583,1.3751,228.61,230.31,222.48,393.96,395,391.15,393.4,0.0,1.3751,0.0,0,0.3128,0,0.0456,0,0.0456,0,0.3167,0,0.3167,0,0.9895,1,0.9895,1,50,379.38,221.57,0,1,2025-09-30 20:48:21,18.2,93.9,,0,0,,1
2025-09-30 20:49:06,303.22,3.3105,227.21,6.5437,19.6312,228.32,230.69,222.63,394.25,395.9,390.38,393.53,6.6577,7.4411,5.5324,1.2104,1.2841,0.816,2.9742,0.9173,1.1354,0.9215,4.4684,1.5201,1.7166,1.2317,0.7438,0.7969,0.7491,0.6629,50,379.4,221.58,1,1,2025-09-30 20:49:06,18.3,94,,1,0,,0
2025-09-30 20:49:51,303.27,3.4264,227.01,6.6639,19.9919,228.45,230.51,222.08,393.91,395.57,389.99,393.18,6.7487,7.5636,5.6796,1.2422,1.3273,0.8569,2.9631,0.9112,1.127,0.9248,4.5466,1.5417,1.7435,1.2613,0.7563,0.8063,0.7622,0.6796,50.1,379.45,221.62,1,1,2025-09-30 20:49:51,18.3,93.1,,1,0,,0
2025-09-30 20:52:06,303.4,3.4385,226.91,6.6742,20.0227,228.34,230.22,222.19,393.54,395.3,390.13,393.03,6.7032,7.5421,5.7774,1.2276,1.335,0.876,2.9555,0.912,1.1062,0.9373,4.5506,1.5306,1.7363,1.2837,0.7583,0.8027,0.7699,0.6827,50,379.63,221.73,1,1,2025-09-30 20:52:06,17.8,84.5,,1,0,,0
2025-09-30 20:52:51,303.44,3.4409,226.46,6.6808,20.0425,228.41,231.05,219.92,395.28,394.11,387.26,392.11,6.836,7.7383,5.4682,1.2897,1.3408,0.8104,2.9442,0.878,1.1787,0.8874,4.5519,1.5614,1.7879,1.2026,0.7598,0.8266,0.751,0.6743,50,379.68,221.76,1,1,2025-09-30 20:52:51,17.6,82.8,,1,0,,0
2025-09-30 20:53:36,303.48,3.4323,226.64,6.6669,20.000899999999998,228.89,229.86,221.19,393.7,393.9,389.97,392.55,6.7983,7.5603,5.6423,1.2579,1.318,0.8565,2.9491,0.9138,1.1287,0.9066,4.5419,1.5561,1.7378,1.248,0.7584,0.809,0.7595,0.6867,50,379.74,221.8,1,1,2025-09-30 20:53:36,17.3,80.5,,1,0,,0
2025-09-30 20:54:21,303.52,3.4308,226.76,6.6645,19.9937,229.36,229.6,221.33,394.29,394.06,389.83,392.8,6.8677,7.5619,5.5641,1.2753,1.3056,0.8499,2.9534,0.9224,1.1408,0.8902,4.5429,1.5752,1.7362,1.2315,0.7578,0.8102,0.753,0.6905,50,379.79,221.84,1,1,2025-09-30 20:54:21,17.2,79.2,,1,0,,0
2025-09-30 20:55:51,303.61,3.4098,227.04,6.6463,19.939,228.65,230.13,222.34,394.43,395.13,390.08,393.09,6.7953,7.5517,5.592,1.2514,1.3123,0.8461,2.9648,0.919,1.1357,0.9101,4.5349,1.5537,1.7379,1.2433,0.7546,0.806,0.7561,0.6809,50,379.91,221.91,1,1,2025-09-30 20:55:51,16.7,76.8,,1,0,,0
2025-09-30 20:56:36,303.65,3.3855,226.86,6.6117,19.8352,228.04,230.07,222.48,393.76,394.48,390.49,393.13,6.7883,7.4513,5.5956,1.2385,1.2962,0.8509,2.9526,0.9267,1.1183,0.9076,4.5072,1.548,1.7143,1.2449,0.7536,0.8006,0.7571,0.6839,50,379.96,221.95,1,1,2025-09-30 20:56:36,16.6,76.3,,1,0,,0
2025-09-30 20:57:21,303.69,3.378,226.72,6.5976,19.7928,227.87,229.84,222.45,392.92,395.19,389.84,392.51,6.7162,7.4277,5.6489,1.221,1.3005,0.8566,2.9422,0.9209,1.1026,0.9187,4.4942,1.5304,1.7072,1.2566,0.754,0.7983,0.7627,0.6819,50,380.02,221.99,1,1,2025-09-30 20:57:21,16.5,75.3,,1,0,,0
2025-09-30 20:58:06,303.74,3.3851,226.09,6.5992,19.7978,228.08,229.56,220.64,392.92,393.65,388.12,391.6,6.752,7.5424,5.5034,1.2524,1.3072,0.8254,2.9156,0.8941,1.1319,0.8896,4.4857,1.54,1.7314,1.2143,0.7576,0.8138,0.7559,0.6801,50,380.08,222.02,1,1,2025-09-30 20:58:06,16.3,74.5,,1,0,,0
2025-09-30 20:58:51,303.78,3.3833,226.22,6.6,19.8002,227.84,229.39,221.44,391.9,394.08,389.36,391.69,6.6987,7.4501,5.6514,1.2233,1.3046,0.8553,2.9227,0.9103,1.1,0.9124,4.4867,1.5262,1.709,1.2514,0.7567,0.8022,0.7645,0.6839,50,380.13,222.06,1,1,2025-09-30 20:58:51,16.1,74,,1,0,,0
2025-09-30 20:59:36,303.82,3.3859,226.13,6.6056,19.8168,227.99,229.46,220.95,392.9,393.66,388.34,391.63,6.7546,7.4973,5.5649,1.2434,1.3029,0.8396,2.923,0.9062,1.1197,0.8971,4.4899,1.54,1.7203,1.2296,0.7569,0.8081,0.7584,0.6833,50,380.19,222.1,1,1,2025-09-30 20:59:36,16.0,73.6,,1,0,,0
2025-09-30 21:00:21,303.86,3.3765,225.98,6.5929,19.7789,227.87,229.19,220.89,392.01,393.84,388.24,391.33,6.7438,7.4532,5.5819,1.2363,1.2953,0.8449,2.9171,0.9104,1.1099,0.8969,4.4779,1.5367,1.7082,1.233,0.7567,0.8052,0.7593,0.6857,50,380.25,222.13,1,1,2025-09-30 21:00:21,15.8,72.3,,1,0,,0
2025-09-30 21:01:06,303.91,3.3645,226,6.5821,19.7465,227.35,229.95,220.72,391.96,394.2,388.06,391.33,6.6601,7.5273,5.5591,1.2262,1.3144,0.824,2.9161,0.886,1.1221,0.908,4.4721,1.5142,1.7309,1.227,0.7556,0.8105,0.7605,0.672,50,380.3,222.17,1,1,2025-09-30 21:01:06,15.7,72.6,,1,0,,0
2025-09-30 21:02:36,303.99,0.3193,227.33,0.4669,1.4008,229.15,230.57,222.28,393.76,396.37,390.94,393.66,0.0,1.4008,0.0,0,0.3193,0,0.0447,0,0.0447,0,0.323,0,0.323,0,0.9903,1,0.9903,1,50,380.41,222.24,0,1,2025-09-30 21:02:36,15.5,71.6,,0,0,,1
2025-09-30 21:03:21,303.99,0.3168,227.04,0.4639,1.3919,228.78,230.33,222.01,394.15,394.69,390.78,393.19,0.0,1.3919,0.0,0,0.3168,0,0.0454,0,0.0454,0,0.3206,0,0.3206,0,0.9899,1,0.9899,1,50,380.42,222.24,0,1,2025-09-30 21:03:21,15.4,72,,0,0,,1
2025-09-30 21:04:06,304,0.3144,226.99,0.4612,1.3838,228.65,229.99,222.34,394.04,394.76,390.59,393.14,0.0,1.3838,0.0,0,0.3144,0,0.0456,0,0.0456,0,0.3183,0,0.3183,0,0.9896,1,0.9896,1,50,380.42,222.24,0,1,2025-09-30 21:04:06,15.4,75.1,,0,0,,1
2025-09-30 21:04:51,304,0.3144,227.15,0.461,1.383,228.99,230.19,222.28,393.95,395.19,391.06,393.29,0.0,1.383,0.0,0,0.3144,0,0.0462,0,0.0462,0,0.3184,0,0.3184,0,0.9893,1,0.9893,1,50,380.42,222.24,0,1,2025-09-30 21:04:51,15.5,79,,0,0,,1
2025-09-30 21:05:36,304,0.3137,226.69,0.4599,1.3797,228.61,230.3,221.18,393.92,394.27,389.64,392.63,0.0,1.3797,0.0,0,0.3137,0,0.0466,0,0.0466,0,0.3177,0,0.3177,0,0.9891,1,0.9891,1,50,380.43,222.24,0,1,2025-09-30 21:05:36,15.7,82,,0,0,,1
2025-09-30 21:06:21,304.01,0.3141,226.96,0.4606,1.3818,228.22,230.23,222.45,393.12,395.07,391.04,393.02,0.0,1.3818,0.0,0,0.3141,0,0.0464,0,0.0464,0,0.3181,0,0.3181,0,0.9892,1,0.9892,1,50,380.43,222.24,0,1,2025-09-30 21:06:21,16.0,84.3,,0,0,,1
2025-09-30 21:07:06,304.01,0.3131,226.88,0.4595,1.3787,228.44,230.06,222.14,393.66,395.06,390.06,392.98,0.0,1.3787,0.0,0,0.3131,0,0.0464,0,0.0464,0,0.3172,0,0.3172,0,0.9891,1,0.9891,1,50,380.44,222.24,0,1,2025-09-30 21:07:06,16.2,86.3,,0,0,,1
2025-09-30 21:07:51,304.02,0.3136,227.46,0.4596,1.3788,229.92,230.37,222.11,394.67,395.28,391.86,393.88,0.0,1.3788,0.0,0,0.3136,0,0.0467,0,0.0467,0,0.3176,0,0.3176,0,0.9891,1,0.9891,1,50,380.44,222.25,0,1,2025-09-30 21:07:51,16.4,88.2,,0,0,,1
2025-09-30 21:08:36,304.02,0.3147,227.55,0.4601,1.3804,229.8,230.96,221.91,394.65,395.9,391.7,394.08,0.0,1.3804,0.0,0,0.3147,0,0.0471,0,0.0471,0,0.3188,0,0.3188,0,0.9889,1,0.9889,1,50,380.44,222.25,0,1,2025-09-30 21:08:36,16.6,89.5,,0,0,,1
2025-09-30 21:09:21,304.02,0.3141,227.32,0.4596,1.379,229.41,230.78,221.79,395.17,395.53,390.41,393.74,0.0,1.379,0.0,0,0.3141,0,0.0468,0,0.0468,0,0.3182,0,0.3182,0,0.989,1,0.989,1,50,380.45,222.25,0,1,2025-09-30 21:09:21,16.8,90.4,,0,0,,1
2025-09-30 21:10:06,304.03,0.3142,227.41,0.4595,1.3785,229.29,231.07,221.88,394.11,396.08,391.31,393.82,0.0,1.3785,0.0,0,0.3142,0,0.0477,0,0.0477,0,0.3185,0,0.3185,0,0.9886,1,0.9886,1,50,380.45,222.25,0,1,2025-09-30 21:10:06,17.0,90.9,,0,0,,1
2025-09-30 21:10:51,304.03,0.3126,227.28,0.4585,1.3757,229.42,230.18,222.25,394.28,395.67,390.9,393.7,0.0,1.3757,0.0,0,0.3126,0,0.0467,0,0.0467,0,0.3167,0,0.3167,0,0.989,1,0.989,1,50,380.46,222.25,0,1,2025-09-30 21:10:51,17.1,91.4,,0,0,,1
2025-09-30 21:11:36,304.04,0.3127,227.16,0.4585,1.3755,228.88,230.28,222.33,394.17,395.42,390.67,393.35,0.0,1.3755,0.0,0,0.3127,0,0.0468,0,0.0468,0,0.3168,0,0.3168,0,0.9889,1,0.9889,1,50,380.46,222.25,0,1,2025-09-30 21:11:36,17.3,91.8,,0,0,,1
2025-09-30 21:12:21,304.04,0.3119,226.82,0.4586,1.3759,228.22,229.8,222.45,393.16,394.44,390.9,392.87,0.0,1.3759,0.0,0,0.3119,0,0.0366,0,0.0455,0,0.3162,0,0.3162,0,0.9932,1,0.9895,1,50,380.46,222.25,0,1,2025-09-30 21:12:21,17.4,92.2,,0,0,,1
2025-09-30 21:13:06,304.04,0.3112,226.56,0.4571,1.3715,227.9,229.35,222.43,392.65,394.09,390.41,392.3,0.0,1.3715,0.0,0,0.3112,0,0.0448,0,0.0448,0,0.3146,0,0.3146,0,0.9898,1,0.9896,1,50,380.47,222.25,0,1,2025-09-30 21:13:06,17.6,92.7,,0,0,,1
2025-09-30 21:13:51,304.05,0.3111,226.53,0.457,1.3712,227.42,229.49,222.68,393.08,393.62,390.32,392.36,0.0,1.3712,0.0,0,0.3111,0,0.0454,0,0.0454,0,0.3147,0,0.3147,0,0.9895,1,0.9895,1,50,380.47,222.25,0,1,2025-09-30 21:13:51,17.7,93.2,,0,0,,1
2025-09-30 21:14:36,304.05,0.3104,226.82,0.4573,1.3721,228.03,229.08,223.37,392.64,395.13,390.74,392.85,0.0,1.3721,0.0,0,0.3104,0,0.0441,0,0.0441,0,0.3143,0,0.3143,0,0.99,1,0.99,1,50,380.48,222.25,0,1,2025-09-30 21:14:36,17.8,93.3,,0,0,,1
2025-09-30 21:15:21,304.05,0.3111,226.82,0.4576,1.3729,228.3,229.33,222.84,393.73,394.42,390.38,392.79,0.0,1.3729,0.0,0,0.3111,0,0.0445,0,0.0445,0,0.3148,0,0.3148,0,0.9899,1,0.9899,1,50,380.48,222.25,0,1,2025-09-30 21:15:21,17.9,93.8,,0,0,,1
2025-09-30 21:16:06,304.06,0.3117,226.76,0.4573,1.3721,227.77,229.96,222.55,393.99,394.72,389.5,392.77,0.0,1.3721,0.0,0,0.3117,0,0.0454,0,0.0454,0,0.3155,0,0.3155,0,0.9895,1,0.9895,1,50,380.48,222.25,0,1,2025-09-30 21:16:06,18.0,93.9,,0,0,,1
2025-09-30 21:16:51,304.06,0.3107,226.88,0.4573,1.3721,228.33,229.17,223.16,393.33,394.62,390.9,392.99,0.0,1.3721,0.0,0,0.3107,0,0.0443,0,0.0443,0,0.3144,0,0.3144,0,0.9899,1,0.9899,1,50,380.49,222.25,0,1,2025-09-30 21:16:51,18.1,94.2,,0,0,,1
2025-09-30 21:17:36,304.07,0.3113,226.99,0.4571,1.3714,228.68,229.86,222.45,394.05,394.49,390.88,393,0.0,1.3714,0.0,0,0.3113,0,0.046,0,0.046,0,0.3152,0,0.3152,0,0.9892,1,0.9892,1,50,380.49,222.25,0,1,2025-09-30 21:17:36,18.2,94.3,,0,0,,1
2025-09-30 21:18:21,304.09,3.3684,226.18,6.6014,19.8044,227.57,228.64,222.34,392.65,392.78,389.79,391.68,6.84,7.3735,5.5909,1.2373,1.2701,0.861,2.9435,0.9428,1.1052,0.8955,4.4855,1.5566,1.6859,1.2431,0.7529,0.7953,0.7543,0.693,49.9,380.52,222.27,1,1,2025-09-30 21:18:21,18.3,94.4,,1,0,,0
2025-09-30 21:19:06,304.13,3.4254,225.76,6.662,19.9861,227.46,228.77,221.05,392.06,392.02,388.91,391.1,6.8646,7.5025,5.619,1.2599,1.3018,0.8637,2.9264,0.9204,1.1147,0.8913,4.5198,1.5614,1.7163,1.2421,0.7603,0.8074,0.7595,0.6958,49.9,380.58,222.31,1,1,2025-09-30 21:19:06,18.3,93.1,,1,0,,0
2025-09-30 21:19:51,304.17,3.4206,225.49,6.6547,19.9643,226.63,229.04,220.81,391.93,392.11,387.6,390.51,6.8293,7.591,5.544,1.2618,1.3188,0.84,2.9136,0.8945,1.1295,0.8896,4.5105,1.5477,1.7386,1.2242,0.7612,0.8158,0.7595,0.6865,49.9,380.63,222.34,1,1,2025-09-30 21:19:51,18.2,89.7,,1,0,,0
2025-09-30 21:20:36,304.22,3.3953,225.91,6.623,19.869,228.3,228.22,221.23,392.4,391.81,389.61,391.2,6.8491,7.4346,5.5853,1.2535,1.2805,0.8613,2.9274,0.9328,1.1097,0.885,4.496,1.5636,1.6967,1.2356,0.7573,0.8022,0.7557,0.6974,49.9,380.69,222.38,1,1,2025-09-30 21:20:36,18.0,86.2,,1,0,,0
2025-09-30 21:21:21,304.26,3.3768,226.1,6.5989,19.7969,228.68,228.42,221.22,392.72,392.44,389.62,391.59,6.8376,7.4059,5.5534,1.2514,1.2712,0.8542,2.93,0.9355,1.1126,0.8819,4.4838,1.5636,1.6917,1.2285,0.7553,0.8009,0.7524,0.6957,49.9,380.75,222.42,1,1,2025-09-30 21:21:21,17.8,83.5,,1,0,,0
2025-09-30 21:22:13,304.32,3.4165,226.13,6.6461,19.9384,228.74,229.51,220.16,393.5,392.45,388.98,391.63,6.8595,7.5666,5.5123,1.2778,1.3035,0.8353,2.9317,0.9086,1.1438,0.8793,4.5192,1.569,1.7366,1.2136,0.7588,0.8149,0.7516,0.6887,50,380.83,222.47,1,1,2025-09-30 21:22:13,17.4,80.3,,1,0,,0
2025-09-30 21:22:58,304.37,3.4243,226.2,6.6481,19.9443,227.39,229.63,221.6,392.16,393.91,389.22,391.78,6.7912,7.475,5.6781,1.2418,1.3132,0.8693,2.9266,0.9161,1.1018,0.9087,4.519,1.5443,1.7165,1.2583,0.7601,0.8047,0.766,0.6912,50,380.89,222.51,1,1,2025-09-30 21:22:58,17.2,78.7,,1,0,,0
2025-09-30 21:23:43,304.41,3.4027,226,6.6245,19.8735,228.39,229.32,220.31,393.16,391.92,389.2,391.41,6.8231,7.5195,5.5309,1.2645,1.2993,0.8389,2.9215,0.9087,1.1301,0.8827,4.5012,1.5583,1.7244,1.2185,0.7587,0.812,0.7545,0.6888,50,380.94,222.54,1,1,2025-09-30 21:23:43,16.9,77.4,,1,0,,0
2025-09-30 21:25:13,304.49,3.3877,226.69,6.6057,19.8172,228.35,229.54,222.18,392.93,394.56,390.3,392.6,6.755,7.413,5.6492,1.2308,1.2938,0.8631,2.9406,0.9282,1.1018,0.9106,4.4992,1.5425,1.7016,1.2551,0.7551,0.7983,0.7613,0.6879,50,381.06,222.62,1,1,2025-09-30 21:25:13,16.6,75,,1,0,,0
2025-09-30 21:25:58,304.53,3.3832,226.33,6.602,19.806,228.34,229.5,221.15,393.56,392.89,389.52,392.13,6.8037,7.5455,5.4568,1.2623,1.299,0.8219,2.9289,0.9041,1.1419,0.8829,4.492,1.5536,1.7317,1.2068,0.756,0.8129,0.751,0.6813,50,381.11,222.65,1,1,2025-09-30 21:25:58,16.4,73.6,,1,0,,0
2025-09-30 21:26:43,304.58,3.37,226.5,6.59,19.7701,228.55,229.5,221.45,394.03,393.17,389.65,392.18,6.793,7.4771,5.5,1.2512,1.2875,0.8312,2.9381,0.9175,1.1312,0.8895,4.4865,1.5525,1.716,1.218,0.7537,0.8064,0.7512,0.6827,50,381.17,222.69,1,1,2025-09-30 21:26:43,16.2,73.5,,1,0,,0
2025-09-30 21:27:28,304.62,3.3686,226.46,6.5866,19.759900000000002,228.84,229.28,221.27,393.42,393.21,390,392.18,6.7879,7.4629,5.5091,1.2503,1.2838,0.8344,2.9351,0.9198,1.1277,0.8876,4.4834,1.5533,1.7111,1.219,0.7539,0.8055,0.7513,0.6849,50,381.23,222.73,1,1,2025-09-30 21:27:28,16.0,74,,1,0,,0
2025-09-30 21:28:13,304.66,3.3814,226.24,6.5969,19.790799999999997,228.12,229.85,220.76,393.76,393.35,388.4,391.81,6.7839,7.5093,5.4976,1.2548,1.2992,0.8274,2.9232,0.9038,1.1327,0.8867,4.4872,1.5475,1.726,1.2137,0.7565,0.8114,0.7537,0.6822,50,381.28,222.76,1,1,2025-09-30 21:28:13,15.8,73.5,,1,0,,0
2025-09-30 21:29:19,304.73,0.3185,226.89,0.4649,1.3948,228.85,230.08,221.74,394.85,394.26,389.77,393,0.0,1.3948,0.0,0,0.3174,0,0.0438,0,0.0438,0,0.3209,0,0.3209,0,0.9906,1,0.9906,1,50,381.38,222.83,0,1,2025-09-30 21:29:19,15.6,72.3,,0,0,,1
2025-09-30 21:30:04,304.74,0.3166,226.76,0.4629,1.3889,228.81,230.63,220.85,395.52,393.84,388.88,392.71,0.0,1.3889,0.0,0,0.3166,0,0.0451,0,0.0451,0,0.3203,0,0.3203,0,0.9899,1,0.9899,1,50,381.38,222.83,0,1,2025-09-30 21:30:04,15.5,73.6,,0,0,,1
2025-09-30 21:30:49,304.74,0.315,227.31,0.4611,1.3833,228.66,230.51,222.76,394.85,395.22,390.99,393.55,0.0,1.3833,0.0,0,0.315,0,0.0458,0,0.0458,0,0.3189,0,0.3189,0,0.9895,1,0.9895,1,50,381.38,222.83,0,1,2025-09-30 21:30:49,15.6,76.3,,0,0,,1
2025-09-30 21:31:34,304.74,0.3147,227.18,0.4606,1.3819,228.69,230.48,222.38,395.81,394.54,390.09,393.45,0.0,1.3819,0.0,0,0.3147,0,0.0456,0,0.0456,0,0.3185,0,0.3185,0,0.9896,1,0.9896,1,50,381.39,222.83,0,1,2025-09-30 21:31:34,15.7,79.8,,0,0,,1
2025-09-30 21:32:19,304.75,0.3158,227.89,0.4616,1.3848,230.67,230.93,222.08,396.44,395.66,391.95,394.52,0.0,1.3848,0.0,0,0.3158,0,0.0464,0,0.0464,0,0.3198,0,0.3198,0,0.9893,1,0.9893,1,50.1,381.39,222.83,0,1,2025-09-30 21:32:19,15.9,82.5,,0,0,,1
2025-09-30 21:33:04,304.75,0.3146,227.43,0.4603,1.381,230.37,230.78,221.15,396.08,395.11,390.47,393.84,0.0,1.381,0.0,0,0.3146,0,0.047,0,0.047,0,0.3187,0,0.3187,0,0.989,1,0.989,1,50,381.4,222.83,0,1,2025-09-30 21:33:04,16.1,84.8,,0,0,,1
2025-09-30 21:33:50,304.76,0.3143,227.28,0.4596,1.3789,230.92,230.96,219.97,395.79,394.57,390.47,393.63,0.0,1.3789,0.0,0,0.3143,0,0.0475,0,0.0475,0,0.3185,0,0.3185,0,0.9887,1,0.9887,1,50,381.4,222.83,0,1,2025-09-30 21:34:34,16.6,88.3,,0,0,,1
2025-09-30 21:34:34,304.76,0.3143,227.27,0.4598,1.3796,231.09,230.83,219.9,396.15,393.74,390.92,393.76,0.0,1.3796,0.0,0,0.3143,0,0.047,0,0.047,0,0.3185,0,0.3185,0,0.9889,1,0.9889,1,50,381.4,222.83,0,1,2025-09-30 21:34:34,16.6,88.3,,0,0,,1
2025-09-30 21:35:19,304.76,0.3138,227.2,0.4593,1.3779,230.67,230.69,220.25,395.61,394.33,390.49,393.51,0.0,1.3779,0.0,0,0.3138,0,0.0468,0,0.0468,0,0.3179,0,0.3179,0,0.989,1,0.989,1,50,381.41,222.83,0,1,2025-09-30 21:35:19,16.8,89.2,,0,0,,1
2025-09-30 21:36:26,304.77,0.3135,227.06,0.4588,1.3764,230.65,230.72,219.82,394.79,394.25,390.61,393.12,0.0,1.3764,0.0,0,0.3135,0,0.047,0,0.047,0,0.3176,0,0.3176,0,0.9889,1,0.9889,1,50,381.42,222.83,0,1,2025-09-30 21:36:26,17.1,90.8,,0,0,,1
2025-09-30 21:37:11,304.77,0.3134,226.93,0.4588,1.3766,230.58,230.58,219.64,395.23,393.84,389.95,392.98,0.0,1.3766,0.0,0,0.3134,0,0.0466,0,0.0466,0,0.3174,0,0.3174,0,0.9891,1,0.9891,1,50,381.42,222.83,0,1,2025-09-30 21:37:11,17.2,91.5,,0,0,,1
2025-09-30 21:37:56,304.78,0.3132,226.92,0.4588,1.3766,229.98,230.44,220.34,395.13,394.02,389.83,392.94,0.0,1.3766,0.0,0,0.3132,0,0.0465,0,0.0465,0,0.3172,0,0.3172,0,0.9891,1,0.9891,1,50,381.42,222.83,0,1,2025-09-30 21:37:56,17.4,92,,0,0,,1
2025-09-30 21:38:41,304.78,0.3128,227.08,0.4582,1.3748,230.38,230.42,220.45,394.3,394.65,390.8,393.29,0.0,1.3748,0.0,0,0.3128,0,0.0466,0,0.0466,0,0.3168,0,0.3168,0,0.9891,1,0.9891,1,50,381.43,222.83,0,1,2025-09-30 21:38:41,17.5,92.5,,0,0,,1
2025-09-30 21:39:26,304.79,0.3134,226.75,0.4584,1.3754,231.07,230.83,218.37,396.11,393.36,388.64,392.7,0.0,1.3754,0.0,0,0.3134,0,0.047,0,0.047,0,0.3175,0,0.3175,0,0.9889,1,0.9889,1,50,381.43,222.83,0,1,2025-09-30 21:39:26,17.7,93,,0,0,,1
2025-09-30 21:40:11,304.79,0.3138,227.28,0.4588,1.3765,231.29,230.93,219.64,395.76,394.93,390.12,393.63,0.0,1.3765,0.0,0,0.3138,0,0.047,0,0.047,0,0.3179,0,0.3179,0,0.9889,1,0.9889,1,50,381.43,222.84,0,1,2025-09-30 21:40:11,17.8,93.4,,0,0,,1
2025-09-30 21:40:57,304.79,0.3144,227.33,0.4589,1.3768,231.33,231.36,219.31,395.89,394.54,390.63,393.63,0.0,1.3768,0.0,0,0.3144,0,0.0471,0,0.0471,0,0.3185,0,0.3185,0,0.9889,1,0.9889,1,50,381.44,222.84,0,1,2025-09-30 21:40:57,18.0,93.5,,0,0,,1
2025-09-30 21:41:41,304.8,0.3128,226.13,0.458,1.3741,229.61,230.51,218.29,394.14,392.63,388.11,391.68,0.0,1.3741,0.0,0,0.3128,0,0.046,0,0.046,0,0.3167,0,0.3167,0,0.9893,1,0.9893,1,50,381.44,222.84,0,1,2025-09-30 21:41:41,18.1,93.9,,0,0,,1
2025-09-30 21:42:26,304.8,0.3136,226.31,0.4578,1.3735,229.83,230.38,218.72,393.29,393.24,389.17,391.84,0.0,1.3735,0.0,0,0.3126,0,0.0457,0,0.0457,0,0.3164,0,0.3164,0,0.9895,1,0.9894,1,50,381.45,222.84,0,1,2025-09-30 21:42:26,18.2,94,,0,0,,1
2025-09-30 21:43:33,304.84,3.3913,225.11,6.6086,19.8258,228.52,230.28,216.55,391.85,391.62,386.02,389.93,6.7854,7.6084,5.432,1.2829,1.3083,0.8001,2.892,0.8691,1.1616,0.8612,4.479,1.5506,1.7521,1.1763,0.7609,0.8278,0.7477,0.6806,50,381.5,222.87,1,1,2025-09-30 21:43:33,18.3,93.9,,1,0,,0
2025-09-30 21:44:18,304.88,3.4101,225.18,6.618,19.8542,228.93,229.95,216.66,392.01,391.83,385.97,389.82,6.72,7.5838,5.5504,1.2683,1.3189,0.823,2.8826,0.8691,1.1374,0.876,4.4849,1.5384,1.7439,1.2025,0.7637,0.8248,0.7572,0.6847,50,381.55,222.9,1,1,2025-09-30 21:44:18,18.2,91.4,,1,0,,0
2025-09-30 21:45:03,304.92,3.3988,225.36,6.6145,19.8437,227.95,230.21,217.92,391.87,392.53,386.4,390.2,6.6623,7.6126,5.5688,1.2488,1.3316,0.8184,2.8932,0.8623,1.1357,0.8953,4.4847,1.5187,1.7525,1.2136,0.7614,0.8228,0.7608,0.6746,50,381.6,222.94,1,1,2025-09-30 21:45:03,18.1,88.2,,1,0,,0
2025-09-30 21:45:48,304.97,3.3857,225.56,6.6022,19.8066,227.95,229.88,218.87,391.88,392.66,387.35,390.64,6.7386,7.5633,5.5047,1.2567,1.3111,0.8178,2.9031,0.8814,1.138,0.8836,4.4795,1.5361,1.7387,1.2048,0.7591,0.8187,0.7552,0.6792,50,381.66,222.97,1,1,2025-09-30 21:45:48,17.9,84.8,,1,0,,0
2025-09-30 21:46:33,305.01,3.3816,225.25,6.5927,19.7783,228,229.42,218.33,391.76,391.79,386.71,390.03,6.7673,7.5447,5.4663,1.2646,1.3017,0.8153,2.8904,0.8824,1.1375,0.8706,4.4673,1.5429,1.7309,1.1935,0.7601,0.8201,0.753,0.6835,50,381.72,223.01,1,1,2025-09-30 21:46:33,17.7,83.3,,1,0,,0
2025-09-30 21:47:18,305.05,3.3927,224.78,6.6011,19.8035,227.69,228.74,217.91,391,390.63,386.19,389.32,6.7635,7.4981,5.5419,1.2581,1.2998,0.8348,2.8742,0.8865,1.1159,0.8718,4.4627,1.54,1.7151,1.2076,0.7629,0.8174,0.7587,0.6915,49.9,381.77,223.04,1,1,2025-09-30 21:47:18,17.5,81.1,,1,0,,0
2025-09-30 21:49:33,305.18,3.3527,225.61,6.5684,19.7052,229.57,229.44,217.82,393.48,391.79,386.86,390.85,6.8132,7.5563,5.3357,1.2839,1.2782,0.7906,2.9108,0.8918,1.1679,0.851,4.46,1.5641,1.7337,1.1622,0.7551,0.8213,0.7382,0.6806,50,381.94,223.15,1,1,2025-09-30 21:49:33,16.9,76.3,,1,0,,0
2025-09-30 21:50:18,305.22,3.3816,225.79,6.6016,19.8048,230.12,229.44,217.81,393.24,391.62,388.17,390.99,6.8461,7.5071,5.4516,1.2846,1.2773,0.8197,2.9206,0.9103,1.1521,0.8582,4.4853,1.5754,1.7224,1.1874,0.7568,0.8159,0.7425,0.6907,49.9,382,223.19,1,1,2025-09-30 21:50:18,16.7,75.4,,1,0,,0
2025-09-30 21:51:03,305.26,3.3983,225.93,6.6222,19.8666,230.08,230.15,217.56,394.26,391.82,387.72,391.24,6.8062,7.5903,5.4701,1.285,1.3001,0.8132,2.9247,0.8932,1.1633,0.8681,4.503,1.566,1.7469,1.1901,0.7579,0.8211,0.7452,0.6836,50,382.06,223.23,1,1,2025-09-30 21:51:03,16.5,74.2,,1,0,,0
2025-09-30 21:51:48,305.3,3.4191,226.13,6.6474,19.9422,230.85,231,216.56,394.1,393.2,387.43,391.62,6.7734,7.6984,5.4704,1.296,1.3227,0.8004,2.9304,0.8731,1.1849,0.8724,4.5266,1.5636,1.7783,1.1847,0.7592,0.8293,0.7448,0.676,50,382.11,223.26,1,1,2025-09-30 21:51:48,16.4,72.9,,1,0,,0
2025-09-30 21:52:33,305.35,3.3951,226.46,6.6201,19.860500000000002,230.99,231.02,217.38,394.14,393.83,388.45,392.07,6.7162,7.6047,5.5396,1.2705,1.3113,0.8133,2.9412,0.8886,1.1654,0.8872,4.5124,1.5514,1.7568,1.2042,0.7558,0.8194,0.7474,0.6757,50,382.17,223.3,1,1,2025-09-30 21:52:33,16.2,71.9,,1,0,,0
2025-09-30 21:53:18,305.39,3.3791,226.13,6.6026,19.8078,230.4,230.56,217.43,393.66,393.41,387.64,391.63,6.7693,7.6343,5.4042,1.2852,1.3024,0.7914,2.9305,0.882,1.1807,0.8678,4.4948,1.5596,1.7602,1.175,0.7554,0.8245,0.7408,0.6738,50,382.22,223.34,1,1,2025-09-30 21:53:18,16.0,72.3,,1,0,,0
2025-09-30 21:54:03,305.43,3.3873,226.25,6.603,19.8092,230.51,229.73,218.52,393.88,392.52,389.04,391.76,6.7874,7.41,5.6118,1.2588,1.2775,0.851,2.9304,0.9273,1.1214,0.8818,4.4932,1.5646,1.7023,1.2263,0.7562,0.8051,0.7515,0.6944,50,382.28,223.37,1,1,2025-09-30 21:54:03,15.8,71.6,,1,0,,0
2025-09-30 21:54:48,305.47,3.3704,226.37,6.5891,19.7673,229.82,229.88,219.42,393.42,393.14,389.51,392.02,6.829,7.4538,5.4845,1.2677,1.2744,0.8283,2.9379,0.9237,1.1421,0.8722,4.4863,1.5694,1.7135,1.2034,0.7538,0.8082,0.7447,0.6886,50,382.33,223.41,1,1,2025-09-30 21:54:48,15.7,71.7,,1,0,,0
2025-09-30 21:55:33,305.5,0.3185,226.87,0.4655,1.3967,230.69,230.7,219.24,395.64,393.57,389.53,392.99,0.0,1.3967,0.0,0,0.3185,0,0.045,0,0.045,0,0.3222,0,0.3222,0,0.9901,1,0.9901,1,50,382.37,223.44,0,1,2025-09-30 21:55:33,15.6,70.9,,0,0,,1
2025-09-30 21:56:18,305.51,0.3153,227.26,0.4621,1.3865,230.82,230.09,220.89,395.05,394.6,391.09,393.65,0.0,1.3865,0.0,0,0.3153,0,0.0449,0,0.0449,0,0.319,0,0.319,0,0.99,1,0.99,1,50,382.38,223.44,0,1,2025-09-30 21:56:18,15.5,72.6,,0,0,,1
2025-09-30 21:57:03,305.51,0.3151,227.54,0.4612,1.3837,230.63,230.56,221.44,395.2,395.88,391.09,394.04,0.0,1.3837,0.0,0,0.3151,0,0.0462,0,0.0462,0,0.319,0,0.319,0,0.9894,1,0.9894,1,50,382.38,223.44,0,1,2025-09-30 21:57:03,15.5,76.4,,0,0,,1
2025-09-30 21:57:48,305.52,0.3162,226.82,0.4612,1.3838,229.87,231.55,219.04,396.34,394.23,387.91,392.82,0.0,1.3838,0.0,0,0.3162,0,0.0479,0,0.0479,0,0.3204,0,0.3204,0,0.9886,1,0.9886,1,50,382.39,223.44,0,1,2025-09-30 21:57:48,15.7,80.3,,0,0,,1
2025-09-30 21:58:33,305.52,0.3156,227.51,0.4609,1.3828,230.31,231.21,221.02,395.1,395.89,391.01,393.93,0.0,1.3828,0.0,0,0.3156,0,0.0473,0,0.0473,0,0.3197,0,0.3197,0,0.9889,1,0.9889,1,50,382.39,223.44,0,1,2025-09-30 21:58:33,15.9,83.1,,0,0,,1
2025-09-30 21:59:18,305.52,0.316,227.05,0.4597,1.3793,229.13,231.34,220.7,394.53,395.02,390.12,393.23,0.0,1.3793,0.0,0,0.315,0,0.0474,0,0.0474,0,0.3191,0,0.3191,0,0.9889,1,0.9888,1,50,382.39,223.44,0,1,2025-09-30 21:59:18,16.1,85.2,,0,0,,1
2025-09-30 22:00:03,305.53,0.3159,226.93,0.4598,1.3796,228.77,231.17,220.87,395.1,394.72,389.29,393,0.0,1.3796,0.0,0,0.3148,0,0.0471,0,0.0471,0,0.3189,0,0.3189,0,0.989,1,0.9889,1,50,382.4,223.44,0,1,2025-09-30 22:00:03,16.4,87.5,,0,0,,1
2025-09-30 22:00:48,305.53,0.3136,226.75,0.4595,1.3787,228.47,230.32,221.46,393.26,395.03,389.78,392.71,0.0,1.3787,0.0,0,0.3136,0,0.0462,0,0.0462,0,0.3175,0,0.3175,0,0.9893,1,0.9893,1,50,382.4,223.44,0,1,2025-09-30 22:00:48,16.6,89,,0,0,,1
2025-09-30 22:01:33,305.54,0.3125,226.85,0.4584,1.3754,229.03,230.15,221.37,393.83,394.17,390.61,392.84,0.0,1.3754,0.0,0,0.3125,0,0.0465,0,0.0465,0,0.3165,0,0.3165,0,0.9891,1,0.9891,1,50,382.41,223.44,0,1,2025-09-30 22:01:33,16.8,89.5,,0,0,,1
2025-09-30 22:02:18,305.54,0.3125,226.91,0.4583,1.375,228.85,230.17,221.73,394.52,394.8,389.67,392.93,0.0,1.375,0.0,0,0.3125,0,0.0462,0,0.0462,0,0.3165,0,0.3165,0,0.9892,1,0.9892,1,50,382.41,223.44,0,1,2025-09-30 22:02:18,16.9,90.2,,0,0,,1
2025-09-30 22:03:03,305.54,0.3124,226.9,0.4579,1.3738,229.19,230.38,221.15,394.67,394.76,389.5,393.01,0.0,1.3738,0.0,0,0.3124,0,0.0469,0,0.0469,0,0.3165,0,0.3165,0,0.9889,1,0.9889,1,49.9,382.41,223.44,0,1,2025-09-30 22:03:03,17.1,90.9,,0,0,,1
2025-09-30 22:03:48,305.55,0.3126,226.51,0.4579,1.3737,229.1,230.49,219.95,394.92,393.76,388.22,392.3,0.0,1.3737,0.0,0,0.3126,0,0.047,0,0.047,0,0.3166,0,0.3166,0,0.9888,1,0.9888,1,49.9,382.42,223.44,0,1,2025-09-30 22:03:48,17.3,91.7,,0,0,,1
2025-09-30 22:04:33,305.55,0.3124,227.34,0.4582,1.3748,230.55,230.05,221.42,396.11,394.07,391.03,393.22,0.0,1.3748,0.0,0,0.3124,0,0.046,0,0.046,0,0.3163,0,0.3163,0,0.9893,1,0.9893,1,50,382.42,223.44,0,1,2025-09-30 22:04:33,17.4,92.4,,0,0,,1
2025-09-30 22:05:18,305.55,0.3142,227.48,0.4591,1.3775,231.25,231.08,220.12,396.27,395.35,390.24,393.96,0.0,1.3775,0.0,0,0.3142,0,0.0473,0,0.0473,0,0.3183,0,0.3183,0,0.9888,1,0.9888,1,50,382.43,223.44,0,1,2025-09-30 22:05:18,17.5,92.5,,0,0,,1
2025-09-30 22:06:03,305.56,0.3143,227.45,0.4589,1.3769,230.83,231.32,220.22,396.38,395.29,390.07,393.91,0.0,1.3769,0.0,0,0.3143,0,0.0478,0,0.0478,0,0.3185,0,0.3185,0,0.9886,1,0.9886,1,50,382.43,223.44,0,1,2025-09-30 22:06:03,17.7,93,,0,0,,1
2025-09-30 22:06:48,305.56,0.3133,227.56,0.4582,1.3748,231.12,230.9,220.67,395.79,395.37,391.11,394.12,0.0,1.3748,0.0,0,0.3133,0,0.0473,0,0.0473,0,0.3174,0,0.3174,0,0.9887,1,0.9887,1,50,382.43,223.44,0,1,2025-09-30 22:06:48,17.8,93.4,,0,0,,1
2025-09-30 22:07:33,305.57,0.3141,228.04,0.4584,1.3754,231.15,231.44,221.53,397.55,396.37,390.88,394.93,0.0,1.3754,0.0,0,0.3141,0,0.0479,0,0.0479,0,0.3183,0,0.3183,0,0.9885,1,0.9885,1,50,382.44,223.45,0,1,2025-09-30 22:07:33,17.9,93.6,,0,0,,1
2025-09-30 22:08:18,305.57,0.3124,228.29,0.4578,1.3736,231.98,230.36,222.54,397.49,396.36,392.27,395.45,0.0,1.3736,0.0,0,0.3124,0,0.0468,0,0.0468,0,0.3164,0,0.3164,0,0.9889,1,0.9889,1,49.9,382.44,223.45,0,1,2025-09-30 22:08:18,18.0,93.7,,0,0,,1
2025-09-30 22:09:03,305.57,0.3135,228.57,0.4586,1.3759,231.64,230.84,223.23,397.31,396.91,393.33,395.84,0.0,1.3759,0.0,0,0.3135,0,0.0471,0,0.0471,0,0.3176,0,0.3176,0,0.9888,1,0.9888,1,50,382.45,223.45,0,1,2025-09-30 22:09:03,18.1,94,,0,0,,1
2025-09-30 22:09:48,305.58,0.3149,228.42,0.4591,1.3775,231.38,231.67,222.21,398.3,396.51,392,395.62,0.0,1.3775,0.0,0,0.3149,0,0.0479,0,0.0479,0,0.3191,0,0.3191,0,0.9886,1,0.9886,1,50,382.45,223.45,0,1,2025-09-30 22:09:48,18.2,94.2,,0,0,,1
2025-09-30 22:10:33,305.61,3.4347,227.64,6.6955,20.0867,229.41,231.32,222.2,396.05,396.19,390.54,394.32,6.9152,7.6319,5.5396,1.2847,1.3141,0.8359,3.0083,0.9295,1.1757,0.9031,4.5827,1.5864,1.7654,1.2309,0.7522,0.8101,0.7452,0.6792,50,382.49,223.47,1,1,2025-09-30 22:10:33,18.3,94.3,,1,0,,0
2025-09-30 22:11:18,305.65,3.4013,227.26,6.6489,19.9468,229.77,230.66,221.36,395.55,394.72,390.52,393.55,6.8959,7.5875,5.4634,1.2843,1.2948,0.8222,2.9862,0.9264,1.1739,0.8858,4.544,1.5845,1.7501,1.2094,0.7514,0.811,0.7408,0.6803,50,382.55,223.51,1,1,2025-09-30 22:11:18,18.3,92.3,,1,0,,0
2025-09-30 22:12:03,305.7,3.4034,227.31,6.6474,19.9423,229.74,230.54,221.65,395.33,395.36,390.32,393.66,6.8779,7.5099,5.5545,1.2699,1.29,0.8435,2.9865,0.939,1.1514,0.8961,4.5426,1.5801,1.7313,1.2312,0.7516,0.804,0.746,0.6853,50,382.61,223.55,1,1,2025-09-30 22:12:03,18.1,89,,1,0,,0
2025-09-30 22:12:48,305.74,3.3915,227.25,6.6353,19.906,229.62,230.65,221.5,395.3,394.5,390.96,393.61,6.8872,7.5004,5.5184,1.2713,1.2841,0.836,2.9856,0.939,1.1557,0.8909,4.5337,1.5814,1.73,1.2223,0.7505,0.8043,0.7432,0.6842,50,382.66,223.58,1,1,2025-09-30 22:12:48,17.9,86,,1,0,,0
2025-09-30 22:13:33,305.78,3.4011,227.06,6.647,19.941200000000002,229.82,230.76,220.6,395.94,394.09,389.72,393.25,6.9569,7.5822,5.4021,1.3005,1.2859,0.8146,2.9802,0.9284,1.183,0.8687,4.5402,1.5988,1.7497,1.1917,0.7521,0.8138,0.7359,0.684,50,382.72,223.62,1,1,2025-09-30 22:13:33,17.7,83.4,,1,0,,0
2025-09-30 22:14:18,305.82,3.3986,227.36,6.6433,19.93,230.14,230.52,221.42,395.46,395.31,390.5,393.84,6.9196,7.4839,5.5265,1.2781,1.278,0.8426,2.9914,0.9489,1.1558,0.8867,4.5413,1.5925,1.7252,1.2237,0.7506,0.8029,0.7416,0.6888,50,382.78,223.66,1,1,2025-09-30 22:14:18,17.5,81.6,,1,0,,0
2025-09-30 22:15:03,305.86,3.3921,227.25,6.639,19.917,229.9,230.87,220.98,395.9,394.57,390.25,393.53,6.9118,7.5595,5.4457,1.2864,1.2866,0.8191,2.9887,0.9316,1.1762,0.881,4.5377,1.589,1.7453,1.2034,0.7503,0.8099,0.738,0.6809,50,382.83,223.7,1,1,2025-09-30 22:15:03,17.3,79.6,,1,0,,0
2025-09-30 22:15:48,305.91,3.3519,226.32,6.5757,19.7271,228.51,230.01,220.44,394.2,393.46,388.24,391.89,6.793,7.491,5.4431,1.256,1.2829,0.8129,2.9391,0.9106,1.1468,0.8817,4.4752,1.5523,1.723,1.1999,0.7518,0.8096,0.7455,0.6778,50,382.89,223.73,1,1,2025-09-30 22:15:48,17.1,78.4,,1,0,,0
2025-09-30 22:16:33,305.95,3.3534,226.24,6.5775,19.7326,228.11,230.21,220.41,393.83,393.58,388.09,391.83,6.7834,7.5114,5.4378,1.2549,1.2892,0.8093,2.9359,0.9039,1.1488,0.8832,4.4751,1.5474,1.7292,1.1985,0.7523,0.8114,0.7465,0.6756,50,382.94,223.77,1,1,2025-09-30 22:16:33,16.9,77.1,,1,0,,0
2025-09-30 22:17:18,305.99,3.3974,226.09,6.6244,19.8733,228.15,229.77,220.36,392.75,393.18,388.75,391.55,6.7896,7.4673,5.6164,1.2475,1.2985,0.8514,2.9317,0.9166,1.1178,0.8973,4.5024,1.549,1.7158,1.2376,0.757,0.8058,0.7578,0.6867,49.9,383,223.81,1,1,2025-09-30 22:17:18,16.7,76.1,,1,0,,0
2025-09-30 22:18:03,306.03,3.396,225.97,6.6245,19.8735,228.18,230.34,219.4,393.8,392.74,387.56,391.36,6.8483,7.5934,5.4318,1.2803,1.3047,0.811,2.9291,0.8947,1.1617,0.8726,4.5034,1.5626,1.7491,1.1917,0.7572,0.8189,0.7475,0.6812,49.9,383.05,223.84,1,1,2025-09-30 22:18:03,16.6,75.1,,1,0,,0
2025-09-30 22:18:48,306.08,3.3901,226.14,6.6108,19.8324,228.42,229.78,220.23,392.61,393.16,389.16,391.57,6.7549,7.4166,5.6609,1.2368,1.294,0.8593,2.929,0.9209,1.1056,0.9025,4.4938,1.543,1.7042,1.2467,0.7566,0.802,0.7602,0.6895,49.9,383.11,223.88,1,1,2025-09-30 22:18:48,16.4,74,,1,0,,0
2025-09-30 22:19:33,306.12,3.3754,226.31,6.5983,19.7949,229.09,230.56,219.3,394.53,393.17,388.16,392,6.814,7.5553,5.4256,1.2734,1.2942,0.8078,2.9406,0.9018,1.1627,0.8761,4.4928,1.561,1.742,1.1898,0.7539,0.8174,0.7436,0.6767,50,383.17,223.92,1,1,2025-09-30 22:19:33,16.2,73.2,,1,0,,0
2025-09-30 22:20:18,306.16,3.3707,227.02,6.6085,19.825699999999998,228.76,231.07,221.23,394.48,395.62,389.39,393.19,6.7852,7.4637,5.5768,1.2435,1.2917,0.8354,2.974,0.9275,1.1393,0.9071,4.5106,1.5522,1.7246,1.2338,0.7498,0.8015,0.7499,0.6774,49.9,383.22,223.95,1,1,2025-09-30 22:20:18,16.0,72.4,,1,0,,0
2025-09-30 22:21:03,306.2,3.3449,227.76,6.5888,19.7665,230.53,230.61,222.15,395.37,395.64,392.34,394.52,6.8312,7.3737,5.5616,1.2446,1.2581,0.8422,3.007,0.9632,1.1406,0.9032,4.5108,1.5748,1.7004,1.2355,0.7436,0.7908,0.7408,0.6819,49.9,383.28,223.99,1,1,2025-09-30 22:21:03,15.9,71.6,,1,0,,0
2025-09-30 22:21:48,306.24,3.3304,227.32,6.5745,19.7237,230.21,231.13,220.62,395.89,394.98,390.18,393.76,6.8503,7.5099,5.3635,1.2685,1.2651,0.7969,2.9926,0.933,1.1805,0.8791,4.4961,1.577,1.7358,1.1833,0.7438,0.8074,0.7304,0.6713,49.9,383.34,224.03,1,1,2025-09-30 22:21:48,15.7,72.4,,1,0,,0
2025-09-30 22:22:33,306.28,3.3433,227.36,6.5907,19.772199999999998,229.2,230.45,222.43,395.35,395.24,390.72,393.68,6.8603,7.4544,5.4575,1.2548,1.267,0.8215,2.9954,0.9459,1.1568,0.8927,4.5042,1.5724,1.7179,1.2139,0.7447,0.7985,0.7384,0.6771,49.9,383.39,224.07,1,1,2025-09-30 22:22:33,15.6,72.8,,1,0,,0
2025-09-30 22:23:18,306.33,3.3409,227.78,6.5881,19.764499999999998,230.35,229.69,223.3,395.16,395.3,393.01,394.45,6.8423,7.3198,5.6024,1.2341,1.2476,0.8592,3.0108,0.9788,1.1237,0.9083,4.5084,1.5761,1.6813,1.251,0.7428,0.7835,0.743,0.6871,49.9,383.45,224.11,1,1,2025-09-30 22:23:18,15.5,72.6,,1,0,,0
2025-09-30 22:24:48,306.38,0.318,228.44,0.4645,1.3936,231.76,231.02,222.55,398.19,396.34,392.4,395.65,0.0,1.3936,0.0,0,0.318,0,0.0464,0,0.0464,0,0.3219,0,0.3219,0,0.9895,1,0.9895,1,49.9,383.52,224.15,0,1,2025-09-30 22:24:48,15.3,72.8,,0,0,,1
2025-09-30 22:25:40,306.39,0.3177,228.92,0.4625,1.3875,231.69,232.11,222.96,398.98,397.52,392.92,396.43,0.0,1.3875,0.0,0,0.3177,0,0.0489,0,0.0489,0,0.3221,0,0.3221,0,0.9883,1,0.9883,1,49.9,383.53,224.15,0,1,2025-09-30 22:25:40,15.4,76.6,,0,0,,1
2025-09-30 22:26:25,306.39,0.3169,228.96,0.462,1.386,231.79,231.78,223.32,398.01,397.51,394.08,396.49,0.0,1.386,0.0,0,0.3169,0,0.0484,0,0.0484,0,0.3212,0,0.3212,0,0.9885,1,0.9885,1,49.9,383.53,224.15,0,1,2025-09-30 22:26:25,15.6,79.5,,0,0,,1
2025-09-30 22:27:10,306.39,0.3179,229.05,0.4621,1.3865,230.92,232.5,223.75,398.74,397.52,393.89,396.78,0.0,1.3865,0.0,0,0.3179,0,0.0495,0,0.0495,0,0.3224,0,0.3224,0,0.9881,1,0.9881,1,50,383.54,224.15,0,1,2025-09-30 22:27:10,15.7,82.4,,0,0,,1
2025-09-30 22:27:55,306.4,0.3171,229.31,0.461,1.3832,231.01,232.53,224.41,398.67,398.26,394.57,396.93,0.0,1.3832,0.0,0,0.3171,0,0.0497,0,0.0497,0,0.3216,0,0.3216,0,0.9879,1,0.9879,1,49.9,383.54,224.15,0,1,2025-09-30 22:27:55,16.0,85.3,,0,0,,1
2025-09-30 22:28:40,306.4,0.3174,229.16,0.4618,1.3854,231.23,232.35,223.92,398.76,397.2,394.76,396.88,0.0,1.3854,0.0,0,0.3174,0,0.0495,0,0.0495,0,0.3219,0,0.3219,0,0.988,1,0.988,1,49.9,383.54,224.15,0,1,2025-09-30 22:28:40,16.2,87.7,,0,0,,1
2025-09-30 22:29:25,306.41,0.3167,228.55,0.4606,1.3819,230.88,232.38,222.41,397.89,396.92,392.7,395.85,0.0,1.3819,0.0,0,0.3167,0,0.0494,0,0.0494,0,0.3211,0,0.3211,0,0.988,1,0.988,1,50,383.55,224.15,0,1,2025-09-30 22:29:25,16.5,88.8,,0,0,,1
2025-09-30 22:30:10,306.41,0.315,228.53,0.4596,1.3789,230.94,231.54,223.11,397.22,396.79,393.36,395.81,0.0,1.3789,0.0,0,0.315,0,0.0483,0,0.0483,0,0.3193,0,0.3193,0,0.9884,1,0.9884,1,49.9,383.55,224.15,0,1,2025-09-30 22:30:11,16.7,89.8,,0,0,,1
2025-09-30 22:30:55,306.41,0.3152,228.04,0.4594,1.3784,229.89,231.79,222.45,396.48,396.6,391.76,394.91,0.0,1.3784,0.0,0,0.3152,0,0.0481,0,0.0481,0,0.3195,0,0.3195,0,0.9885,1,0.9885,1,50,383.56,224.16,0,1,2025-09-30 22:30:55,16.9,90.9,,0,0,,1
2025-09-30 22:31:40,306.42,0.3156,227.75,0.4597,1.3793,229.77,232.02,221.46,396.04,395.84,391.42,394.51,0.0,1.3793,0.0,0,0.3156,0,0.049,0,0.049,0,0.32,0,0.32,0,0.9881,1,0.9881,1,49.9,383.56,224.16,0,1,2025-09-30 22:31:40,17.1,91.8,,0,0,,1
2025-09-30 22:32:47,306.42,0.3149,228.42,0.4592,1.3778,230.37,231.59,223.32,395.92,397.32,393.55,395.66,0.0,1.3778,0.0,0,0.3149,0,0.0477,0,0.0477,0,0.3191,0,0.3191,0,0.9887,1,0.9887,1,50,383.57,224.16,0,1,2025-09-30 22:32:47,17.3,92.2,,0,0,,1
2025-09-30 22:33:32,306.43,0.3177,228.17,0.4607,1.3821,230.09,233.19,221.24,397.62,396.98,390.92,395.21,0.0,1.3821,0.0,0,0.3177,0,0.0498,0,0.0498,0,0.3223,0,0.3223,0,0.9879,1,0.9879,1,50,383.57,224.16,0,1,2025-09-30 22:33:32,17.4,92.5,,0,0,,1
2025-09-30 22:34:17,306.43,0.3156,228.57,0.4594,1.3782,230.26,232.2,223.25,396.59,397.93,393.03,395.86,0.0,1.3782,0.0,0,0.3156,0,0.0488,0,0.0488,0,0.32,0,0.32,0,0.9882,1,0.9882,1,50,383.57,224.16,0,1,2025-09-30 22:34:17,17.6,93.1,,0,0,,1
2025-09-30 22:35:02,306.44,0.3174,228.52,0.4601,1.3805,230.31,233.2,222.05,397.96,397.14,392.23,395.81,0.0,1.3805,0.0,0,0.3174,0,0.0499,0,0.0499,0,0.3219,0,0.3219,0,0.9878,1,0.9878,1,50,383.58,224.16,0,1,2025-09-30 22:35:02,17.7,93.4,,0,0,,1
2025-09-30 22:35:47,306.44,0.3172,227.61,0.4595,1.3787,228.29,232.4,222.16,395.63,396.33,390.68,394.81,0.0,1.3787,0.0,0,0.316,0,0.0486,0,0.0486,0,0.3204,0,0.3204,0,0.9884,1,0.9883,1,50,383.58,224.16,0,1,2025-09-30 22:35:47,17.9,93.8,,0,0,,1
2025-09-30 22:36:32,306.44,0.3161,227.94,0.4595,1.3786,229.41,232.52,221.89,396.78,396.04,391.51,394.87,0.0,1.3786,0.0,0,0.3161,0,0.0494,0,0.0494,0,0.3206,0,0.3206,0,0.988,1,0.988,1,49.9,383.59,224.16,0,1,2025-09-30 22:36:32,18.0,93.9,,0,0,,1
2025-09-30 22:37:18,306.45,0.3151,228.06,0.459,1.377,229.79,231.96,222.43,397.07,395.82,392.08,394.99,0.0,1.377,0.0,0,0.3151,0,0.0486,0,0.0486,0,0.3194,0,0.3194,0,0.9883,1,0.9883,1,49.9,383.59,224.16,0,1,2025-09-30 22:37:18,18.1,94.3,,0,0,,1
2025-09-30 22:38:47,306.51,3.4083,227.9,6.6643,19.9929,229.89,231.71,222.12,396.56,396.03,391.56,394.66,6.8754,7.4932,5.6243,1.262,1.2945,0.8518,3.0169,0.9501,1.1536,0.9132,4.5661,1.5806,1.7362,1.2493,0.7487,0.7989,0.7465,0.682,50,383.68,224.22,1,1,2025-09-30 22:38:47,18.2,92.8,,1,0,,0
2025-09-30 22:40:39,306.63,3.4444,228.28,6.6989,20.0968,230.29,231.3,223.26,396.31,396.96,392.81,395.31,6.8761,7.5126,5.7081,1.2611,1.308,0.8752,3.0224,0.9562,1.1405,0.9257,4.5956,1.5835,1.7377,1.2744,0.7516,0.7968,0.7537,0.687,50,383.84,224.32,1,1,2025-09-30 22:40:39,17.7,84.7,,1,0,,0
2025-09-30 22:41:24,306.68,3.4413,228.48,6.6968,20.0904,230.23,231.5,223.73,396.37,397.38,393.39,395.69,6.8686,7.5024,5.7194,1.2563,1.3084,0.8766,3.0282,0.9587,1.1383,0.9312,4.5978,1.5814,1.7368,1.2796,0.7507,0.7949,0.7544,0.6854,50,383.9,224.36,1,1,2025-09-30 22:41:24,17.6,82.7,,1,0,,0
2025-09-30 22:42:09,306.72,3.3938,228.31,6.6398,19.9195,230.18,231.84,222.91,396.48,396.91,392.83,395.48,6.7866,7.4925,5.6404,1.2442,1.3014,0.8482,3.0172,0.9431,1.1468,0.9273,4.5565,1.5621,1.7371,1.2573,0.7473,0.7969,0.7502,0.6749,50.1,383.95,224.4,1,1,2025-09-30 22:42:09,17.4,80.8,,1,0,,0
2025-09-30 22:42:54,306.76,3.4168,228.45,6.67,20.009999999999998,229.97,232.29,223.09,397.01,397.35,392.61,395.68,6.7703,7.5468,5.6929,1.2429,1.3205,0.8534,3.0259,0.9365,1.1494,0.9401,4.58,1.557,1.753,1.27,0.7486,0.7986,0.7542,0.6721,50.1,384.01,224.44,1,1,2025-09-30 22:42:54,17.1,79.5,,1,0,,0
2025-09-30 22:43:39,306.8,3.4069,228.55,6.6622,19.986700000000003,229.77,232.87,223.01,396.71,398.15,392.59,395.86,6.7468,7.5315,5.7084,1.2348,1.3214,0.8507,3.031,0.9356,1.1491,0.9462,4.5771,1.5502,1.7539,1.273,0.7471,0.797,0.7545,0.6685,50,384.07,224.47,1,1,2025-09-30 22:43:39,16.9,77.5,,1,0,,0
2025-09-30 22:44:24,306.84,3.4051,228.37,6.6552,19.965700000000002,229.84,233.03,222.25,396.79,397.52,392.22,395.44,6.7304,7.5768,5.6585,1.2418,1.3276,0.8357,3.02,0.9208,1.1603,0.939,4.5701,1.5469,1.7656,1.2576,0.7481,0.8032,0.7529,0.6648,50.1,384.12,224.51,1,1,2025-09-30 22:44:24,16.7,76.2,,1,0,,0
2025-09-30 22:45:09,306.89,3.4314,228.59,6.685,20.055,230.25,232.84,222.7,396.92,398.13,392.63,395.87,6.8343,7.5328,5.6879,1.2573,1.3168,0.8573,3.0314,0.9448,1.1549,0.9317,4.5942,1.5736,1.7539,1.2667,0.7494,0.7994,0.7517,0.6771,50.1,384.18,224.55,1,1,2025-09-30 22:45:09,16.6,75.5,,1,0,,0
2025-09-30 22:45:54,306.93,3.393,228.16,6.6348,19.904400000000003,228.96,232.81,222.72,395.76,397.46,392.22,395.13,6.7366,7.4688,5.699,1.2275,1.3145,0.8509,3.008,0.9325,1.1344,0.9411,4.5505,1.5424,1.7388,1.2693,0.7482,0.7962,0.757,0.6706,50.1,384.24,224.59,1,1,2025-09-30 22:45:54,16.4,74.7,,1,0,,0
2025-09-30 22:47:01,307.01,3.3606,227.79,6.5992,19.7976,228.87,232.33,222.17,394.68,396.5,392.28,394.49,6.7112,7.4019,5.6845,1.2165,1.2967,0.8474,2.9983,0.9365,1.126,0.9358,4.5186,1.536,1.7197,1.2629,0.7461,0.7924,0.755,0.6712,50,384.34,224.65,1,1,2025-09-30 22:47:01,16.1,73.4,,1,0,,0
2025-09-30 22:47:46,307.05,3.3714,227.59,6.6124,19.8373,228.96,232.15,221.66,395.17,395.85,391.45,394.14,6.7837,7.4413,5.6123,1.2392,1.2934,0.8388,2.9942,0.9349,1.1415,0.9178,4.5247,1.5532,1.7275,1.244,0.7476,0.7982,0.7497,0.6746,50,384.4,224.69,1,1,2025-09-30 22:47:46,16.0,73.1,,1,0,,0
2025-09-30 22:48:31,307.09,3.3702,227.85,6.6176,19.853,229.19,231.61,222.77,395.75,395.61,392.52,394.49,6.7401,7.3826,5.7303,1.2158,1.2909,0.8636,3.0091,0.9517,1.1178,0.9396,4.5312,1.5448,1.7099,1.2765,0.7459,0.7874,0.7559,0.6767,50,384.45,224.73,1,1,2025-09-30 22:48:31,15.8,72.8,,1,0,,0
2025-09-30 22:50:01,307.16,0.3221,228.61,0.4665,1.3995,230.83,232.25,222.77,397.21,397.84,392.74,395.87,0.0,1.3995,0.0,0,0.3211,0,0.0465,0,0.0465,0,0.325,0,0.325,0,0.9897,1,0.9896,1,49.9,384.55,224.79,0,1,2025-09-30 22:50:01,15.6,71,,0,0,,1
2025-09-30 22:50:46,307.17,0.3203,229.61,0.4646,1.3938,231.76,232.87,224.22,398.98,399.09,394.94,397.64,0.0,1.3938,0.0,0,0.3203,0,0.0482,0,0.0482,0,0.3246,0,0.3246,0,0.9888,1,0.9888,1,50,384.55,224.79,0,1,2025-09-30 22:50:46,15.4,73.1,,0,0,,1
2025-09-30 22:51:31,307.17,0.3191,229.61,0.4635,1.3905,231.88,232.58,224.37,399.28,398.6,395.12,397.64,0.0,1.3905,0.0,0,0.3191,0,0.0482,0,0.0482,0,0.3234,0,0.3234,0,0.9887,1,0.9887,1,50,384.56,224.79,0,1,2025-09-30 22:51:31,15.5,76.8,,0,0,,1
2025-09-30 22:52:16,307.18,0.3166,229.01,0.4615,1.3847,231.22,231.72,224.11,398.56,397.68,393.7,396.63,0.0,1.3847,0.0,0,0.3166,0,0.0481,0,0.0481,0,0.3209,0,0.3209,0,0.9886,1,0.9886,1,49.9,384.56,224.79,0,1,2025-09-30 22:52:16,15.7,80.6,,0,0,,1
2025-09-30 22:53:01,307.18,0.3183,229.15,0.4624,1.3872,231.07,232.65,223.74,398.59,397.48,394.58,396.85,0.0,1.3872,0.0,0,0.3183,0,0.0493,0,0.0493,0,0.3227,0,0.3227,0,0.9882,1,0.9882,1,49.9,384.57,224.8,0,1,2025-09-30 22:53:01,15.9,83.2,,0,0,,1
2025-09-30 22:53:46,307.18,0.3173,229.12,0.4613,1.3839,230.52,232.47,224.38,397.87,398.32,394.28,396.82,0.0,1.3839,0.0,0,0.3173,0,0.0494,0,0.0494,0,0.3217,0,0.3217,0,0.988,1,0.988,1,49.9,384.57,224.8,0,1,2025-09-30 22:53:46,16.1,85.1,,0,0,,1
2025-09-30 22:54:31,307.19,0.3178,229.11,0.4615,1.3846,230.3,232.88,224.16,398.09,399.02,393.31,396.73,0.0,1.3846,0.0,0,0.3178,0,0.0502,0,0.0502,0,0.3224,0,0.3224,0,0.9877,1,0.9877,1,49.9,384.57,224.8,0,1,2025-09-30 22:54:31,16.3,87.3,,0,0,,1
2025-09-30 22:55:16,307.19,0.3181,229.23,0.4615,1.3847,230.61,233.05,224.05,398.09,398.82,394.13,396.94,0.0,1.3847,0.0,0,0.3181,0,0.0502,0,0.0502,0,0.3227,0,0.3227,0,0.9877,1,0.9877,1,49.9,384.58,224.8,0,1,2025-09-30 22:55:16,16.5,88.7,,0,0,,1
2025-09-30 22:56:01,307.2,0.3204,229.92,0.4629,1.3888,230.63,234.2,224.93,399.54,400.34,394.74,398.26,0.0,1.3888,0.0,0,0.3204,0,0.0514,0,0.0514,0,0.3253,0,0.3253,0,0.9873,1,0.9873,1,50,384.58,224.8,0,1,2025-09-30 22:56:01,16.7,89.5,,0,0,,1
2025-09-30 22:56:46,307.2,0.319,229.43,0.4615,1.3847,229.36,233.7,225.23,398.55,399.01,394.55,397.38,0.0,1.3847,0.0,0,0.319,0,0.0504,0,0.0504,0,0.3236,0,0.3236,0,0.9877,1,0.9877,1,50,384.59,224.8,0,1,2025-09-30 22:56:46,16.9,90.4,,0,0,,1
2025-09-30 22:57:31,307.2,0.3201,229.84,0.4624,1.3873,229.63,234.13,225.76,398.89,399.45,395.89,398.05,0.0,1.3873,0.0,0,0.3201,0,0.0508,0,0.0508,0,0.3248,0,0.3248,0,0.9876,1,0.9876,1,50,384.59,224.8,0,1,2025-09-30 22:57:31,17.1,91.3,,0,0,,1
2025-09-30 22:58:16,307.21,0.3214,230.39,0.4622,1.3866,230.47,234.55,226.16,400.06,400.19,396.85,399.02,0.0,1.3866,0.0,0,0.3204,0,0.0514,0,0.0514,0,0.3252,0,0.3252,0,0.9874,1,0.9873,1,50,384.59,224.8,0,1,2025-09-30 22:58:16,17.2,92,,0,0,,1
2025-09-30 22:59:01,307.21,0.3198,230.12,0.4619,1.3859,230.54,234.19,225.65,399.99,399.57,396.16,398.51,0.0,1.3859,0.0,0,0.3198,0,0.0509,0,0.0509,0,0.3246,0,0.3246,0,0.9875,1,0.9875,1,50,384.6,224.8,0,1,2025-09-30 22:59:01,17.4,92.4,,0,0,,1
2025-09-30 22:59:46,307.22,0.3192,230.08,0.4613,1.3839,231.16,234.07,225.03,399.41,400.28,395.77,398.47,0.0,1.3839,0.0,0,0.3192,0,0.0507,0,0.0507,0,0.3239,0,0.3239,0,0.9876,1,0.9876,1,50,384.6,224.8,0,1,2025-09-30 22:59:46,17.5,92.8,,0,0,,1
2025-09-30 23:00:31,307.22,0.32,229.94,0.4612,1.3836,231.98,233.82,224.02,399.93,399.05,395.73,398.2,0.0,1.3836,0.0,0,0.3189,0,0.0501,0,0.0501,0,0.3235,0,0.3235,0,0.9879,1,0.9878,1,50,384.61,224.8,0,1,2025-09-30 23:00:31,17.7,93.4,,0,0,,1
2025-09-30 23:01:16,307.22,0.3192,229.96,0.4613,1.3841,231.86,233.93,224.09,399.17,400.46,395.12,398.24,0.0,1.3841,0.0,0,0.3192,0,0.0499,0,0.0499,0,0.3238,0,0.3238,0,0.9879,1,0.9879,1,50,384.61,224.8,0,1,2025-09-30 23:01:16,17.8,93.8,,0,0,,1
2025-09-30 23:02:01,307.23,0.3193,229.8,0.4607,1.3822,231.51,233.56,224.34,399.3,398.93,395.76,397.95,0.0,1.3822,0.0,0,0.3183,0,0.0499,0,0.0499,0,0.3228,0,0.3228,0,0.988,1,0.9879,1,50,384.62,224.8,0,1,2025-09-30 23:02:01,18.0,93.9,,0,0,,1
2025-09-30 23:02:46,307.23,3.499,229.45,6.891,20.673099999999998,230.5,233.73,224.13,398.67,398.96,394.56,397.35,7.4985,7.508,5.6666,1.3668,1.2982,0.834,3.1904,1.0565,1.1768,0.9571,4.7533,1.7284,1.7548,1.2701,0.7389,0.7912,0.7409,0.6569,50,384.62,224.81,1,1,2025-09-30 23:02:46,18.1,94.4,,1,0,,0
2025-09-30 23:03:31,307.28,3.4039,229.45,6.6916,20.0748,231.38,232.81,224.17,398.9,398.41,394.88,397.39,6.8601,7.5303,5.6844,1.2532,1.298,0.8527,3.0923,0.9722,1.1743,0.9459,4.6147,1.5873,1.7531,1.2743,0.7401,0.7901,0.7415,0.6695,50,384.69,224.85,1,1,2025-09-30 23:03:31,18.2,93.8,,1,0,,0
2025-09-30 23:04:16,307.32,3.42,229.45,6.7019,20.105800000000002,231.46,232.69,224.2,398.42,398.99,394.72,397.38,6.889,7.5201,5.6967,1.2594,1.2988,0.8617,3.0874,0.9765,1.169,0.942,4.6216,1.5945,1.7499,1.2772,0.7422,0.7902,0.7432,0.6749,50,384.74,224.88,1,1,2025-09-30 23:04:16,18.1,90.2,,1,0,,0
2025-09-30 23:05:01,307.36,3.4431,229.61,6.7297,20.1891,231.91,233.11,223.82,399.5,398.48,395.04,397.49,6.9025,7.5801,5.7065,1.2707,1.3114,0.8609,3.0943,0.9715,1.1803,0.9425,4.645,1.6008,1.767,1.2772,0.7437,0.7944,0.7432,0.6744,50,384.8,224.92,1,1,2025-09-30 23:05:01,18.0,86.8,,1,0,,0
2025-09-30 23:05:46,307.4,3.4497,229.46,6.7306,20.1918,231.89,232.67,223.83,398.83,398.57,394.81,397.39,6.9495,7.5575,5.6848,1.2795,1.3038,0.8664,3.0853,0.978,1.1762,0.9311,4.6424,1.6115,1.7584,1.2724,0.7453,0.7944,0.7424,0.6812,50,384.85,224.96,1,1,2025-09-30 23:05:46,17.8,84.1,,1,0,,0
2025-09-30 23:06:31,307.45,3.4205,229.56,6.6986,20.0959,231.72,233.31,223.65,398.94,398.92,394.84,397.56,6.8821,7.524,5.6898,1.2624,1.3014,0.8568,3.088,0.973,1.1747,0.9403,4.6227,1.5947,1.7554,1.2725,0.7422,0.792,0.7423,0.6735,50,384.92,225,1,1,2025-09-30 23:06:31,17.6,83.1,,1,0,,0
2025-09-30 23:07:16,307.49,3.4028,229.51,6.6784,20.035200000000003,231.87,233.5,223.18,399.05,398.88,394.54,397.51,6.8528,7.5277,5.6547,1.2601,1.2983,0.8444,3.0855,0.9667,1.1814,0.9374,4.6087,1.589,1.7577,1.262,0.7408,0.7934,0.7396,0.6692,50,384.97,225.04,1,1,2025-09-30 23:07:16,17.5,80.2,,1,0,,0
2025-09-30 23:08:01,307.54,3.399,229.66,6.6727,20.0182,232.44,233.6,222.94,398.88,399.31,394.97,397.72,6.8155,7.5121,5.6906,1.2532,1.2984,0.8473,3.0877,0.9675,1.1767,0.9434,4.6077,1.5842,1.7548,1.2687,0.7401,0.7915,0.7409,0.6681,50,385.03,225.08,1,1,2025-09-30 23:08:01,17.3,78.5,,1,0,,0
2025-09-30 23:08:46,307.57,3.3761,229.76,6.6592,19.9778,231.84,233.38,224.06,399.34,399.95,394.45,397.83,6.8154,7.5783,5.5841,1.2542,1.2992,0.8227,3.0966,0.9591,1.196,0.9416,4.5999,1.5801,1.7686,1.2512,0.7369,0.7943,0.7357,0.6579,50,385.09,225.11,1,1,2025-09-30 23:08:46,17.1,76.8,,1,0,,0
2025-09-30 23:09:31,307.62,3.3757,230.59,6.667,20.0012,231.41,233.53,226.83,399.25,401.88,396.95,399.36,6.7287,7.4298,5.8427,1.1996,1.3014,0.8747,3.1293,0.9909,1.1435,0.9949,4.6175,1.5571,1.7351,1.3253,0.7333,0.7709,0.7512,0.6602,50.1,385.15,225.16,1,1,2025-09-30 23:09:31,16.9,76.4,,1,0,,0
2025-09-30 23:10:16,307.66,3.371,230.16,6.6537,19.961100000000002,231.49,233.09,225.92,399,400.84,396.03,398.65,6.7682,7.451,5.7419,1.2181,1.2932,0.8597,3.1097,0.9836,1.1555,0.9707,4.6007,1.5668,1.7368,1.2972,0.735,0.778,0.7456,0.663,50,385.2,225.19,1,1,2025-09-30 23:10:16,16.7,75.1,,1,0,,0
2025-09-30 23:11:01,307.7,3.3701,230.11,6.6567,19.9703,231.4,233.42,225.52,399.41,400.42,395.78,398.53,6.7826,7.5024,5.6853,1.2288,1.2972,0.8442,3.1109,0.9746,1.1723,0.964,4.6029,1.5695,1.7512,1.2821,0.7348,0.7834,0.7419,0.6588,50,385.26,225.23,1,1,2025-09-30 23:11:01,16.5,73.5,,1,0,,0
2025-09-30 23:11:46,307.74,3.3854,229.7,6.6645,19.993499999999997,230.02,233.83,225.25,397.48,400.63,395.31,397.88,6.717,7.4541,5.8224,1.2043,1.3146,0.8665,3.0903,0.9661,1.1405,0.9837,4.5995,1.545,1.743,1.3115,0.7385,0.78,0.7553,0.661,50,385.32,225.27,1,1,2025-09-30 23:11:46,16.3,73.2,,1,0,,0
2025-09-30 23:12:31,307.79,3.381,229.16,6.6481,19.944499999999998,230.1,233.91,223.49,397.8,399.2,393.66,396.88,6.7107,7.5423,5.6915,1.2255,1.3207,0.8348,3.0628,0.9378,1.1658,0.9591,4.5803,1.5441,1.7642,1.272,0.7411,0.7941,0.7497,0.6565,50,385.38,225.31,1,1,2025-09-30 23:12:31,16.2,72.2,,1,0,,0
2025-09-30 23:13:16,307.83,3.3779,229.35,6.6439,19.931900000000002,230.28,234.22,223.56,397.83,399.62,394.16,397.12,6.6588,7.5265,5.7466,1.2127,1.3259,0.8392,3.0657,0.9365,1.1575,0.9718,4.581,1.5334,1.7629,1.2847,0.7404,0.7914,0.7533,0.6536,50,385.43,225.35,1,1,2025-09-30 23:13:16,16.0,71.4,,1,0,,0
2025-09-30 23:14:01,307.87,3.3471,229.42,6.6201,19.8604,230.6,234.09,223.59,398.2,399.61,394.18,397.27,6.6651,7.5062,5.6891,1.2116,1.3092,0.8262,3.0777,0.9436,1.1678,0.9663,4.5661,1.537,1.7571,1.272,0.7361,0.7889,0.7462,0.6498,50,385.49,225.39,1,1,2025-09-30 23:14:01,15.8,71.9,,1,0,,0
2025-09-30 23:14:46,307.91,3.3524,229.62,6.6291,19.8875,230.33,234.32,224.23,398.5,400.17,394.38,397.68,6.658,7.5201,5.7094,1.2073,1.3161,0.8289,3.0862,0.9437,1.1676,0.9748,4.5759,1.5335,1.7621,1.2802,0.7357,0.7878,0.748,0.6477,50,385.54,225.42,1,1,2025-09-30 23:14:46,15.7,71.3,,1,0,,0
2025-09-30 23:15:31,307.93,0.3245,230.26,0.4672,1.4018,230.97,234.67,225.15,398.72,401.42,396.19,398.91,0.0,1.4018,0.0,0,0.3245,0,0.0493,0,0.0493,0,0.329,0,0.329,0,0.9886,1,0.9886,1,50,385.57,225.44,0,1,2025-09-30 23:15:31,15.5,70.3,,0,0,,1
2025-09-30 23:16:16,307.93,0.3227,230.04,0.4652,1.3958,230.77,234.43,224.92,399.18,400.14,395.9,398.4,0.0,1.3958,0.0,0,0.3227,0,0.0499,0,0.0499,0,0.3272,0,0.3272,0,0.9882,1,0.9882,1,50,385.57,225.44,0,1,2025-09-30 23:16:16,15.5,72.9,,0,0,,1
2025-09-30 23:17:01,307.94,0.3227,230.25,0.4642,1.3926,230.03,234.29,226.43,399.22,400.62,396.51,398.77,0.0,1.3926,0.0,0,0.3216,0,0.0503,0,0.0503,0,0.3263,0,0.3263,0,0.988,1,0.9879,1,49.9,385.57,225.44,0,1,2025-09-30 23:17:01,15.6,77.9,,0,0,,1
2025-09-30 23:17:46,307.94,0.3228,230.16,0.464,1.3922,230.33,234.52,225.65,398.94,400.94,396.01,398.65,0.0,1.3922,0.0,0,0.3218,0,0.051,0,0.051,0,0.3265,0,0.3265,0,0.9877,1,0.9876,1,50,385.58,225.44,0,1,2025-09-30 23:17:46,15.8,81.5,,0,0,,1
2025-09-30 23:18:31,307.94,0.3214,230.1,0.4636,1.3908,231.05,234.51,224.75,399.37,400.2,395.97,398.49,0.0,1.3908,0.0,0,0.3214,0,0.0512,0,0.0512,0,0.3262,0,0.3262,0,0.9875,1,0.9875,1,49.9,385.58,225.44,0,1,2025-09-30 23:18:31,16.0,83.9,,0,0,,1
2025-09-30 23:19:16,307.95,0.3222,230.77,0.4638,1.3915,232.36,235.1,224.86,400.97,401.63,396.41,399.83,0.0,1.3915,0.0,0,0.3222,0,0.0521,0,0.0521,0,0.3271,0,0.3271,0,0.9871,1,0.9871,1,50,385.59,225.44,0,1,2025-09-30 23:19:16,16.2,85.9,,0,0,,1
2025-09-30 23:20:01,307.95,0.3216,230.88,0.4633,1.3901,232.33,234.88,225.45,401.29,401.5,396.84,399.9,0.0,1.3901,0.0,0,0.3216,0,0.052,0,0.052,0,0.3265,0,0.3265,0,0.9871,1,0.9871,1,50,385.59,225.44,0,1,2025-09-30 23:20:01,16.4,87.3,,0,0,,1
2025-09-30 23:20:46,307.96,0.3213,230.9,0.4632,1.3897,231.88,234.68,226.14,400.73,401.87,397.1,399.85,0.0,1.3897,0.0,0,0.3213,0,0.0504,0,0.0514,0,0.3261,0,0.3261,0,0.9879,1,0.9874,1,50,385.59,225.44,0,1,2025-09-30 23:20:46,16.7,88.6,,0,0,,1
2025-09-30 23:21:31,307.96,0.3215,230.84,0.4633,1.3901,231.76,234.8,225.96,401.12,401.51,396.78,399.78,0.0,1.3901,0.0,0,0.3215,0,0.0518,0,0.0518,0,0.3264,0,0.3264,0,0.9872,1,0.9872,1,50,385.6,225.44,0,1,2025-09-30 23:21:31,16.8,89.3,,0,0,,1
2025-09-30 23:22:16,307.96,0.3206,230.86,0.4625,1.3876,231.03,234.57,226.99,400.62,401.69,397.24,399.9,0.0,1.3876,0.0,0,0.3206,0,0.0518,0,0.0518,0,0.3255,0,0.3255,0,0.9872,1,0.9872,1,49.9,385.6,225.44,0,1,2025-09-30 23:22:16,17.0,90.4,,0,0,,1
2025-09-30 23:23:01,307.97,0.3204,230.94,0.4624,1.3874,231.06,234.72,227.05,400.15,402.13,397.66,400.02,0.0,1.3874,0.0,0,0.3204,0,0.0518,0,0.0518,0,0.3257,0,0.3257,0,0.9871,1,0.9871,1,49.9,385.61,225.44,0,1,2025-09-30 23:23:01,17.2,91,,0,0,,1
2025-09-30 23:23:46,307.97,0.3203,231.02,0.462,1.386,232.09,234.62,226.37,401.16,401.39,397.82,400.1,0.0,1.386,0.0,0,0.3203,0,0.0517,0,0.0517,0,0.3252,0,0.3252,0,0.9872,1,0.9872,1,49.9,385.61,225.44,0,1,2025-09-30 23:23:46,17.3,91.7,,0,0,,1
2025-09-30 23:24:31,307.98,0.3194,230.69,0.4615,1.3846,232.57,234.09,225.43,400.79,400.42,397.43,399.53,0.0,1.3846,0.0,0,0.3194,0,0.051,0,0.051,0,0.3241,0,0.3241,0,0.9875,1,0.9875,1,49.9,385.61,225.44,0,1,2025-09-30 23:24:31,17.5,92.1,,0,0,,1
2025-09-30 23:25:16,307.98,0.3194,230.4,0.4615,1.3847,232.3,234.09,224.82,400.2,400.29,396.61,399.02,0.0,1.3847,0.0,0,0.3194,0,0.0512,0,0.0512,0,0.3241,0,0.3241,0,0.9873,1,0.9873,1,49.9,385.62,225.44,0,1,2025-09-30 23:25:16,17.6,92.5,,0,0,,1
2025-09-30 23:26:01,307.98,0.3198,230.39,0.4615,1.3847,232.33,234.5,224.34,400.45,400.32,396.25,399.01,0.0,1.3847,0.0,0,0.3198,0,0.0517,0,0.0517,0,0.3247,0,0.3247,0,0.9871,1,0.9871,1,49.9,385.62,225.45,0,1,2025-09-30 23:26:01,17.7,92.8,,0,0,,1
2025-09-30 23:26:46,307.99,0.3213,230.66,0.4625,1.3876,231.48,235.09,225.43,400.86,401.05,396.59,399.46,0.0,1.3876,0.0,0,0.3213,0,0.0523,0,0.0523,0,0.3262,0,0.3262,0,0.987,1,0.987,1,50,385.63,225.45,0,1,2025-09-30 23:26:46,17.8,93,,0,0,,1
2025-09-30 23:27:31,307.99,0.3209,230.54,0.462,1.3861,230.57,235.39,225.66,400.28,402.38,395.18,399.28,0.0,1.3861,0.0,0,0.3209,0,0.0532,0,0.0532,0,0.3263,0,0.3263,0,0.9865,1,0.9866,1,49.9,385.63,225.45,0,1,2025-09-30 23:27:31,18.0,93.4,,0,0,,1
2025-09-30 23:28:16,308,0.3208,230.47,0.4617,1.3853,230.22,235.12,226.08,399.69,401.21,396.59,399.1,0.0,1.3853,0.0,0,0.3208,0,0.0519,0,0.0519,0,0.3257,0,0.3257,0,0.9871,1,0.9871,1,49.9,385.64,225.45,0,1,2025-09-30 23:28:16,18.1,93.7,,0,0,,1
2025-09-30 23:29:08,308.01,3.345,229.71,6.6516,19.9549,229.88,234.33,224.93,399.01,399.64,394.91,397.82,6.7631,7.5226,5.6692,1.2182,1.3016,0.8252,3.1142,0.9608,1.1834,0.97,4.5926,1.5547,1.7628,1.2752,0.7319,0.7858,0.7402,0.6486,49.9,385.66,225.46,1,1,2025-09-30 23:29:08,18.2,94,,1,0,,0
2025-09-30 23:30:38,308.1,3.4071,230.05,6.7104,20.1312,231.45,234.56,224.16,400.05,400.21,395.05,398.46,6.8585,7.6396,5.6331,1.2632,1.317,0.8269,3.1251,0.9599,1.2116,0.9537,4.6421,1.5874,1.7919,1.2627,0.7369,0.7962,0.7359,0.655,50,385.77,225.54,1,1,2025-09-30 23:30:38,18.2,89.8,,1,0,,0
2025-09-30 23:31:23,308.14,3.3965,230.1,6.7016,20.1049,231.39,235.01,223.91,399.7,401.01,394.81,398.53,6.7926,7.6457,5.6666,1.2496,1.3249,0.8221,3.1273,0.9517,1.2099,0.9656,4.6374,1.5717,1.7968,1.2688,0.7356,0.7955,0.7384,0.6482,50,385.83,225.58,1,1,2025-09-30 23:31:23,18.0,86.7,,1,0,,0
2025-09-30 23:32:08,308.18,3.3977,230.46,6.7055,20.116699999999998,231.04,235.91,224.43,400.05,401.63,395.68,399.09,6.7802,7.6381,5.6984,1.242,1.3317,0.8239,3.14,0.9529,1.2098,0.9774,4.6473,1.5665,1.8019,1.2789,0.7344,0.7934,0.7401,0.6445,50,385.89,225.62,1,1,2025-09-30 23:32:08,17.8,85.1,,1,0,,0
2025-09-30 23:33:39,308.27,3.4071,231.15,6.7281,20.1843,233.03,235.11,225.33,401.61,402.21,397.18,400.38,6.9145,7.6211,5.6487,1.2698,1.3041,0.8332,3.1773,0.9905,1.2252,0.9616,4.6759,1.6113,1.7918,1.2728,0.7313,0.7884,0.7288,0.6548,50,386.01,225.7,1,1,2025-09-30 23:33:39,17.4,80.6,,1,0,,0
2025-09-30 23:35:08,308.35,3.3789,231.37,6.7035,20.1107,232.36,235.27,226.5,402.34,402.24,397.63,400.87,6.8537,7.6122,5.6448,1.2481,1.306,0.8249,3.1852,0.9874,1.2217,0.976,4.662,1.5925,1.7909,1.2785,0.7276,0.7842,0.7302,0.6454,50,386.12,225.77,1,1,2025-09-30 23:35:08,17.0,77.2,,1,0,,0
2025-09-30 23:36:15,308.43,3.3692,231.35,6.6959,20.0879,231.32,235.44,227.3,402.03,402.43,397.64,400.75,6.8083,7.581,5.6986,1.2266,1.3113,0.8313,3.186,0.9863,1.2072,0.9925,4.6551,1.5749,1.7849,1.2953,0.7265,0.7793,0.7357,0.6421,50,386.23,225.85,1,1,2025-09-30 23:36:15,16.7,75,,1,0,,0
2025-09-30 23:37:00,308.47,3.371,231.47,6.7001,20.1003,232.73,234.81,226.89,402.82,402.43,397.49,400.97,6.8775,7.5922,5.6306,1.2498,1.2947,0.8265,3.1937,0.9984,1.222,0.9733,4.6609,1.6006,1.7827,1.2775,0.7259,0.7813,0.7272,0.6472,50,386.29,225.89,1,1,2025-09-30 23:37:00,16.5,73.5,,1,0,,0
2025-09-30 23:37:45,308.51,3.3619,231.29,6.687,20.0612,233.44,234.99,225.46,402.43,402.22,397.1,400.51,6.8389,7.6338,5.5885,1.2559,1.2969,0.8091,3.185,0.984,1.2358,0.9652,4.6503,1.5965,1.7939,1.26,0.7259,0.7871,0.7239,0.6424,50,386.35,225.93,1,1,2025-09-30 23:37:45,16.3,73,,1,0,,0
2025-09-30 23:38:30,308.56,3.349,231.26,6.6714,20.014200000000002,233.06,235.33,225.41,402.33,402.2,397.07,400.54,6.7898,7.6338,5.5906,1.2455,1.3017,0.8019,3.1812,0.9748,1.2347,0.9717,4.6391,1.5824,1.7965,1.2602,0.725,0.7874,0.7255,0.6365,50,386.4,225.97,1,1,2025-09-30 23:38:30,16.1,73.1,,1,0,,0
2025-09-30 23:40:00,308.64,3.3488,231.03,6.6634,19.9902,233.44,234.94,224.73,402.17,401.65,396.56,400.12,6.8022,7.631,5.557,1.2536,1.2955,0.7997,3.1669,0.973,1.2356,0.9583,4.6296,1.5879,1.7928,1.2488,0.7265,0.7899,0.7236,0.6406,50,386.52,226.05,1,1,2025-09-30 23:40:00,15.8,71.7,,1,0,,0
2025-09-30 23:40:45,308.66,0.3271,231.71,0.4692,1.4076,234.31,235.71,225.11,403.67,402.47,397.76,401.22,0.0,1.4076,0.0,0,0.3271,0,0.0506,0,0.0506,0,0.3318,0,0.3318,0,0.9882,1,0.9882,1,50,386.55,226.06,0,1,2025-09-30 23:40:45,15.6,71.5,,0,0,,1
2025-09-30 23:41:30,308.66,0.3241,232.05,0.4661,1.3984,235.83,235.1,225.23,403.61,402.95,399.04,401.8,0.0,1.3984,0.0,0,0.3241,0,0.0505,0,0.0505,0,0.3288,0,0.3288,0,0.988,1,0.988,1,50,386.55,226.06,0,1,2025-09-30 23:41:30,15.6,74.8,,0,0,,1
2025-09-30 23:42:15,308.67,0.3241,231.85,0.4657,1.3972,235.3,235.25,225,403.73,402.61,398.24,401.52,0.0,1.3972,0.0,0,0.3241,0,0.0505,0,0.0505,0,0.3287,0,0.3287,0,0.988,1,0.988,1,50,386.55,226.06,0,1,2025-09-30 23:42:15,15.7,77.4,,0,0,,1
2025-09-30 23:43:21,308.68,0.3232,232.11,0.4644,1.3934,235.71,235.44,225.2,403.89,403.59,398.45,401.93,0.0,1.3934,0.0,0,0.3232,0,0.0513,0,0.0513,0,0.3281,0,0.3281,0,0.9876,1,0.9876,1,50,386.56,226.07,0,1,2025-09-30 23:43:21,16.0,83.3,,0,0,,1
2025-09-30 23:44:06,308.68,0.3242,232.41,0.465,1.3952,235.73,235.87,225.63,404.3,404.15,399.01,402.43,0.0,1.3952,0.0,0,0.3242,0,0.0518,0,0.0518,0,0.3291,0,0.3291,0,0.9874,1,0.9874,1,50,386.57,226.07,0,1,2025-09-30 23:44:06,16.2,85.7,,0,0,,1
2025-09-30 23:44:51,308.68,0.326,232.36,0.4655,1.3966,234.92,236.31,225.87,403.9,404.13,399.23,402.43,0.0,1.3966,0.0,0,0.325,0,0.0525,0,0.0525,0,0.33,0,0.33,0,0.9872,1,0.9871,1,50,386.57,226.07,0,1,2025-09-30 23:44:51,16.4,87.4,,0,0,,1
2025-09-30 23:45:36,308.69,0.3241,232.2,0.4643,1.3931,234.32,236.34,225.96,403.44,403.93,399.07,402.09,0.0,1.3931,0.0,0,0.3241,0,0.053,0,0.053,0,0.3292,0,0.3292,0,0.9868,1,0.9868,1,50,386.57,226.07,0,1,2025-09-30 23:45:36,16.6,88.9,,0,0,,1
2025-09-30 23:46:21,308.69,0.3243,232.05,0.4644,1.3932,234.25,236.5,225.42,403.67,404.27,397.72,401.84,0.0,1.3932,0.0,0,0.3243,0,0.0533,0,0.0533,0,0.3295,0,0.3295,0,0.9867,1,0.9867,1,50,386.58,226.07,0,1,2025-09-30 23:46:21,16.9,90,,0,0,,1
2025-09-30 23:47:06,308.7,0.3247,232.89,0.4649,1.3949,235.89,236.47,226.32,405.05,404.41,400.55,403.33,0.0,1.3949,0.0,0,0.3247,0,0.0534,0,0.0534,0,0.3299,0,0.3299,0,0.9867,1,0.9867,1,50,386.58,226.07,0,1,2025-09-30 23:47:06,17.1,90.7,,0,0,,1
2025-09-30 23:47:51,308.7,0.3243,232.84,0.4644,1.3933,235.98,236.58,225.96,405.22,404.67,399.83,403.25,0.0,1.3933,0.0,0,0.3243,0,0.0539,0,0.0539,0,0.3296,0,0.3296,0,0.9864,1,0.9864,1,50,386.59,226.07,0,1,2025-09-30 23:47:51,17.2,91.5,,0,0,,1
2025-09-30 23:48:36,308.7,0.3232,232.72,0.4638,1.3914,236.07,235.94,226.15,405.5,403.82,399.81,403.02,0.0,1.3914,0.0,0,0.3232,0,0.0528,0,0.0528,0,0.3283,0,0.3283,0,0.9869,1,0.9869,1,50,386.59,226.07,0,1,2025-09-30 23:48:36,17.4,92.1,,0,0,,1
2025-09-30 23:49:21,308.71,0.3224,232.76,0.4628,1.3885,236.12,235.85,226.31,405.38,404.11,399.85,403.06,0.0,1.3885,0.0,0,0.3224,0,0.0527,0,0.0527,0,0.3275,0,0.3275,0,0.9869,1,0.9869,1,50,386.59,226.07,0,1,2025-09-30 23:49:21,17.5,92.6,,0,0,,1
2025-09-30 23:50:28,308.71,0.3218,232.23,0.4625,1.3877,235.85,235.52,225.33,405.13,402.71,398.77,402.18,0.0,1.3877,0.0,0,0.3218,0,0.0524,0,0.0524,0,0.3268,0,0.3268,0,0.9869,1,0.9869,1,49.9,386.6,226.07,0,1,2025-09-30 23:50:28,17.8,93.5,,0,0,,1
2025-09-30 23:51:13,308.72,0.323,232.53,0.4633,1.3899,235.95,236.08,225.57,405.06,403.97,399.09,402.66,0.0,1.3899,0.0,0,0.323,0,0.053,0,0.053,0,0.3281,0,0.3281,0,0.9868,1,0.9868,1,50,386.61,226.07,0,1,2025-09-30 23:51:13,17.9,93.7,,0,0,,1
2025-09-30 23:51:58,308.72,0.322,232.14,0.4626,1.388,236.1,235.6,224.74,404.42,403.33,398.34,401.96,0.0,1.388,0.0,0,0.322,0,0.0523,0,0.0523,0,0.327,0,0.327,0,0.987,1,0.987,1,50,386.61,226.07,0,1,2025-09-30 23:51:58,18.1,93.8,,0,0,,1
2025-09-30 23:52:43,308.73,0.323,232.13,0.4634,1.3902,235.68,235.99,224.74,404.57,403.17,398.32,402,0.0,1.3902,0.0,0,0.323,0,0.0525,0,0.0525,0,0.3281,0,0.3281,0,0.987,1,0.987,1,50,386.61,226.07,0,1,2025-09-30 23:52:43,18.2,94.1,,0,0,,1
2025-09-30 23:53:28,308.76,3.3795,231.47,6.7188,20.1566,234.77,235.56,224.09,403.21,403,396.37,400.82,6.846,7.7864,5.5242,1.2842,1.312,0.7833,3.2003,0.9647,1.2778,0.9578,4.6793,1.6072,1.8342,1.2379,0.726,0.7995,0.7163,0.633,50,386.66,226.11,1,1,2025-09-30 23:53:28,18.3,94.1,,1,0,,0
2025-09-30 23:54:58,308.85,3.3909,231.19,6.7202,20.160800000000002,233.88,235.53,224.18,402.37,402.14,396.67,400.39,6.8002,7.7302,5.6304,1.2643,1.3214,0.8052,3.1827,0.9632,1.2484,0.9711,4.6733,1.5904,1.8207,1.2622,0.7291,0.7954,0.7269,0.6382,50,386.78,226.19,1,1,2025-09-30 23:54:58,18.1,88.6,,1,0,,0
2025-09-30 23:55:43,308.89,3.38,231.69,6.7123,20.1371,234.4,235.73,224.94,402.89,402.92,397.92,401.22,6.8006,7.7195,5.617,1.2618,1.3155,0.8026,3.2016,0.9727,1.2537,0.9752,4.6773,1.5941,1.8197,1.2635,0.726,0.7919,0.7239,0.6354,50,386.84,226.23,1,1,2025-09-30 23:55:43,17.9,86.2,,1,0,,0
2025-09-30 23:56:28,308.93,3.3746,231.86,6.7093,20.128,234.38,235.56,225.65,403.63,403.17,397.88,401.55,6.8294,7.7074,5.5912,1.2638,1.3085,0.8024,3.2093,0.9811,1.2552,0.9731,4.6779,1.6007,1.8156,1.2617,0.7246,0.7899,0.7216,0.6361,50,386.9,226.27,1,1,2025-09-30 23:56:28,17.7,83.2,,1,0,,0
2025-09-30 23:57:13,308.97,3.3713,231.28,6.6919,20.0758,233.55,234.94,225.35,402.42,401.89,397.36,400.54,6.8065,7.6762,5.5931,1.2567,1.3085,0.8061,3.1774,0.972,1.2373,0.9682,4.6535,1.5897,1.8034,1.2604,0.7277,0.791,0.7266,0.6398,50,386.96,226.31,1,1,2025-09-30 23:57:13,17.5,81.7,,1,0,,0
2025-09-30 23:57:58,309.01,3.3789,231.41,6.7032,20.1097,233.49,235.39,225.35,402.78,402.48,397.08,400.74,6.8131,7.6919,5.6047,1.2587,1.3142,0.8059,3.1848,0.9713,1.2417,0.9718,4.6644,1.5908,1.8106,1.263,0.7276,0.7916,0.7268,0.6383,50,387.01,226.34,1,1,2025-09-30 23:57:58,17.2,79.5,,1,0,,0
2025-09-30 23:58:43,309.06,3.3553,231.16,6.6761,20.028399999999998,234.03,235.07,224.38,402.76,401.21,397.06,400.35,6.7993,7.6767,5.5524,1.2615,1.3005,0.7934,3.176,0.9685,1.2476,0.96,4.6416,1.5912,1.8046,1.2458,0.7262,0.7932,0.7216,0.637,50,387.07,226.39,1,1,2025-09-30 23:58:43,17.1,77.5,,1,0,,0
2025-09-30 23:59:28,309.1,3.3495,230.91,6.6698,20.0094,233.81,234.86,224.07,402.09,401.71,395.91,399.95,6.7717,7.6889,5.5488,1.2573,1.3033,0.7889,3.167,0.9608,1.2461,0.9601,4.6324,1.5833,1.8058,1.2433,0.7266,0.7945,0.7227,0.6348,50,387.13,226.42,1,1,2025-09-30 23:59:28,16.8,77.1,,1,0,,0
2025-10-01 00:00:13,309.14,3.3527,231.52,6.682,20.0462,234.13,235.72,224.73,403.1,402.81,396.99,400.92,6.7197,7.728,5.5985,1.2473,1.3185,0.7868,3.192,0.9575,1.2533,0.9812,4.6531,1.5733,1.8216,1.2582,0.7242,0.7932,0.7248,0.6255,50,387.19,226.47,1,1,2025-10-01 00:00:13,16.6,75.7,,1,0,,0
2025-10-01 00:00:58,309.18,3.3469,231.5,6.6755,20.0266,234.46,234.73,225.31,401.97,403.39,397.34,400.94,6.7713,7.6892,5.5661,1.2527,1.3007,0.7935,3.1921,0.9738,1.2477,0.9706,4.6466,1.5876,1.8049,1.2541,0.7236,0.7895,0.7216,0.6329,50,387.25,226.5,1,1,2025-10-01 00:00:58,16.5,75,,1,0,,0
2025-10-01 00:01:43,309.22,3.343,231.5,6.673,20.019,233.86,234.99,225.65,402.64,402.75,397.4,401.05,6.7735,7.672,5.5735,1.2474,1.3011,0.7945,3.1943,0.9751,1.2446,0.9745,4.6446,1.5841,1.8028,1.2577,0.723,0.7878,0.7226,0.6318,50,387.3,226.54,1,1,2025-10-01 00:01:43,16.3,73.9,,1,0,,0
2025-10-01 00:03:58,309.35,3.3431,231.67,6.6792,20.0377,234.52,234.73,225.78,403.7,401.49,398.58,401.25,6.9034,7.6253,5.509,1.2698,1.2746,0.7987,3.2091,1.0029,1.2534,0.9528,4.6527,1.619,1.7899,1.2438,0.7214,0.7847,0.713,0.6424,50,387.48,226.66,1,1,2025-10-01 00:03:58,15.8,72.4,,1,0,,0
2025-10-01 00:04:43,309.39,3.3393,231.5,6.6733,20.02,235.51,234.68,224.31,403.88,401.64,397.26,400.91,6.8877,7.6607,5.4716,1.2812,1.2724,0.7857,3.2026,0.9934,1.2669,0.9423,4.6473,1.6221,1.7978,1.2273,0.7217,0.7902,0.7086,0.6404,50,387.54,226.71,1,1,2025-10-01 00:04:43,15.6,72.8,,1,0,,0
2025-10-01 00:05:28,309.43,3.3372,231.65,6.6707,20.0123,235.23,235.19,224.54,403.71,402.24,397.61,401.17,6.9036,7.6506,5.4581,1.2822,1.2714,0.7836,3.2067,0.9951,1.2699,0.9416,4.6488,1.6239,1.7993,1.2256,0.721,0.79,0.7075,0.6396,49.9,387.59,226.74,1,1,2025-10-01 00:05:28,15.5,72.9,,1,0,,0
2025-10-01 00:06:13,309.48,3.3417,231.71,6.6801,20.0405,235.28,235.71,224.14,404.29,401.88,397.71,401.29,6.8682,7.6937,5.4786,1.28,1.2838,0.7779,3.2111,0.9848,1.2771,0.9493,4.6574,1.616,1.8135,1.228,0.721,0.7925,0.7089,0.6338,50,387.65,226.79,1,1,2025-10-01 00:06:13,15.4,71.8,,1,0,,0
2025-10-01 00:06:58,309.48,0.3279,232.52,0.4689,1.4069,236.45,236.63,224.49,405.6,403.74,398.72,402.66,0.0,1.4069,0.0,0,0.3279,0,0.0527,0,0.0527,0,0.3329,0,0.3329,0,0.9873,1,0.9873,1,50,387.66,226.79,0,1,2025-10-01 00:06:58,15.3,72.9,,0,0,,1
2025-10-01 00:07:43,309.48,0.3266,232.79,0.4672,1.4018,235.99,236.62,225.76,405.83,403.94,399.73,403.09,0.0,1.4018,0.0,0,0.3266,0,0.0532,0,0.0532,0,0.3317,0,0.3317,0,0.9869,1,0.9869,1,50,387.66,226.79,0,1,2025-10-01 00:07:43,15.3,74.9,,0,0,,1
2025-10-01 00:08:28,309.49,0.3267,232.93,0.4669,1.4009,235.93,236.98,225.9,406.45,403.54,400.31,403.41,0.0,1.4009,0.0,0,0.3267,0,0.0542,0,0.0542,0,0.332,0,0.332,0,0.9865,1,0.9865,1,50,387.67,226.79,0,1,2025-10-01 00:08:28,15.5,78.7,,0,0,,1
2025-10-01 00:09:13,309.49,0.3249,232.43,0.4658,1.3975,235.31,236.12,225.88,405.39,402.68,399.64,402.53,0.0,1.3975,0.0,0,0.3249,0,0.053,0,0.053,0,0.33,0,0.33,0,0.9869,1,0.9869,1,50,387.67,226.79,0,1,2025-10-01 00:09:13,15.7,82.6,,0,0,,1
2025-10-01 00:09:58,309.5,0.3259,233.13,0.4661,1.3984,236.28,236.75,226.38,405.92,404.76,400.6,403.78,0.0,1.3984,0.0,0,0.3259,0,0.0538,0,0.0538,0,0.3311,0,0.3311,0,0.9866,1,0.9866,1,50,387.68,226.79,0,1,2025-10-01 00:09:58,16.0,85.3,,0,0,,1
2025-10-01 00:10:43,309.5,0.3248,233.25,0.4651,1.3953,237.09,236.53,226.15,406.58,404.29,401.05,403.96,0.0,1.3953,0.0,0,0.3248,0,0.0537,0,0.0537,0,0.33,0,0.33,0,0.9865,1,0.9865,1,50,387.68,226.79,0,1,2025-10-01 00:10:43,16.2,86.4,,0,0,,1
2025-10-01 00:11:28,309.5,0.3253,233.29,0.4657,1.3973,236.41,236.58,226.89,406.25,404.75,401.12,404.04,0.0,1.3973,0.0,0,0.3253,0,0.0539,0,0.0539,0,0.3306,0,0.3306,0,0.9865,1,0.9865,1,50,387.68,226.79,0,1,2025-10-01 00:11:28,16.4,88.1,,0,0,,1
2025-10-01 00:12:13,309.51,0.3249,233.31,0.465,1.395,236.49,236.61,226.84,406.77,404.05,401.44,404.06,0.0,1.395,0.0,0,0.3249,0,0.0539,0,0.0539,0,0.3301,0,0.3301,0,0.9865,1,0.9865,1,50,387.69,226.79,0,1,2025-10-01 00:12:13,16.6,89.7,,0,0,,1
2025-10-01 00:12:58,309.51,0.3247,233.35,0.4646,1.3938,235.56,236.74,227.77,405.99,405.26,401.22,404.14,0.0,1.3938,0.0,0,0.3247,0,0.0537,0,0.0537,0,0.33,0,0.33,0,0.9866,1,0.9866,1,50,387.69,226.79,0,1,2025-10-01 00:12:58,16.9,90.5,,0,0,,1
2025-10-01 00:13:43,309.52,0.3253,233.22,0.4644,1.3933,236.17,236.53,226.98,406.18,404.39,401.22,404.01,0.0,1.3933,0.0,0,0.3243,0,0.0536,0,0.0536,0,0.3296,0,0.3296,0,0.9867,1,0.9866,1,49.9,387.7,226.79,0,1,2025-10-01 00:13:43,17.0,91.2,,0,0,,1
2025-10-01 00:14:28,309.52,0.3249,233.07,0.4639,1.3919,237.05,236.39,225.77,406.46,404.22,400.25,403.58,0.0,1.3919,0.0,0,0.3238,0,0.0534,0,0.0534,0,0.329,0,0.329,0,0.9867,1,0.9866,1,49.9,387.7,226.79,0,1,2025-10-01 00:14:28,17.2,92,,0,0,,1
2025-10-01 00:15:13,309.53,0.3252,233.06,0.4642,1.3928,236.14,236.52,226.54,405.76,404.56,400.61,403.65,0.0,1.3928,0.0,0,0.3242,0,0.0535,0,0.0535,0,0.3294,0,0.3294,0,0.9867,1,0.9866,1,50,387.7,226.79,0,1,2025-10-01 00:15:13,17.4,92.6,,0,0,,1
2025-10-01 00:15:58,309.53,0.3245,232.97,0.4643,1.393,236.6,236.71,225.62,406.62,403.45,400.42,403.52,0.0,1.393,0.0,0,0.3245,0,0.0537,0,0.0537,0,0.3297,0,0.3297,0,0.9865,1,0.9865,1,50,387.71,226.8,0,1,2025-10-01 00:15:58,17.5,93,,0,0,,1
2025-10-01 00:16:43,309.53,0.3241,232.72,0.4642,1.3927,236.75,236.43,225,406.05,403.17,399.94,403.04,0.0,1.3927,0.0,0,0.3241,0,0.0532,0,0.0532,0,0.3293,0,0.3293,0,0.9867,1,0.9867,1,50,387.71,226.8,0,1,2025-10-01 00:16:43,17.7,93.4,,0,0,,1
2025-10-01 00:17:28,309.54,0.3243,232.86,0.4642,1.3926,236.25,236.53,225.8,405.25,404.23,400.33,403.25,0.0,1.3926,0.0,0,0.3243,0,0.0529,0,0.0529,0,0.3294,0,0.3294,0,0.9869,1,0.9869,1,50,387.72,226.8,0,1,2025-10-01 00:17:28,17.8,93.7,,0,0,,1
2025-10-01 00:18:13,309.54,0.3247,233.58,0.4642,1.3927,237.58,236.94,226.22,407.2,404.29,402.11,404.51,0.0,1.3927,0.0,0,0.3247,0,0.0541,0,0.0541,0,0.33,0,0.33,0,0.9863,1,0.9863,1,50,387.72,226.8,0,1,2025-10-01 00:18:13,17.9,93.9,,0,0,,1
2025-10-01 00:18:58,309.55,0.3237,233.51,0.4634,1.3902,237.62,236.52,226.41,406.51,404.95,401.76,404.43,0.0,1.3902,0.0,0,0.3237,0,0.0531,0,0.0531,0,0.3288,0,0.3288,0,0.9867,1,0.9867,1,50,387.73,226.8,0,1,2025-10-01 00:18:58,18.0,94.1,,0,0,,1
2025-10-01 00:19:43,309.55,0.3237,233.68,0.4638,1.3915,237.07,236.31,227.67,406.74,405.52,401.87,404.64,0.0,1.3915,0.0,0,0.3237,0,0.0531,0,0.0531,0,0.3288,0,0.3288,0,0.9867,1,0.9867,1,50,387.73,226.8,0,1,2025-10-01 00:19:43,18.2,94.5,,0,0,,1
2025-10-01 00:20:28,309.55,0.3238,233.92,0.4637,1.3911,237.58,236.37,227.83,408.01,404.73,402.72,405.21,0.0,1.3911,0.0,0,0.3238,0,0.0527,0,0.0527,0,0.3288,0,0.3288,0,0.987,1,0.987,1,50,387.73,226.8,0,1,2025-10-01 00:20:28,18.3,94.6,,0,0,,1
2025-10-01 00:21:13,309.59,3.4037,233.49,6.787,20.3611,237.32,236.29,226.87,407.27,404.33,401.58,404.39,7.076,7.7034,5.5817,1.3101,1.2749,0.8187,3.3102,1.049,1.2958,0.9654,4.7658,1.6793,1.8202,1.2663,0.7168,0.7805,0.7013,0.6467,50,387.79,226.84,1,1,2025-10-01 00:21:13,18.4,94.3,,1,0,,0
2025-10-01 00:21:58,309.64,3.4079,233.86,6.7973,20.392,236.47,236.66,228.46,407.33,405.22,402.58,405.03,7.0694,7.6807,5.6419,1.2937,1.2829,0.8313,3.3252,1.057,1.2839,0.9842,4.7784,1.6717,1.8177,1.2889,0.7157,0.7743,0.7068,0.6452,50,387.85,226.88,1,1,2025-10-01 00:21:58,18.3,91.7,,1,0,,0
2025-10-01 00:22:43,309.68,3.4061,233.53,6.7821,20.3464,236.55,236.71,227.34,407.36,404.57,401.48,404.56,7.0283,7.687,5.6311,1.2943,1.2874,0.8244,3.3026,1.0417,1.2822,0.9786,4.7623,1.6625,1.8196,1.2802,0.7179,0.779,0.7085,0.6442,50,387.91,226.92,1,1,2025-10-01 00:22:43,18.1,88.7,,1,0,,0
2025-10-01 00:23:28,309.72,3.4041,233.23,6.7749,20.3249,236.13,236.11,227.45,405.88,404.68,401.24,403.91,7.0505,7.6492,5.6252,1.2932,1.2796,0.8314,3.2908,1.0473,1.2715,0.9721,4.7503,1.6648,1.8061,1.2795,0.7189,0.7771,0.7093,0.6499,50,387.97,226.96,1,1,2025-10-01 00:23:28,17.9,86.3,,1,0,,0
2025-10-01 00:24:58,309.81,3.4008,233,6.7633,20.2899,236.66,236.34,226,406.11,404.52,399.94,403.53,7.0276,7.6562,5.6061,1.2992,1.2792,0.8224,3.2758,1.0367,1.2761,0.963,4.7396,1.6632,1.8095,1.267,0.7202,0.7816,0.7079,0.6493,50,388.09,227.04,1,1,2025-10-01 00:24:58,17.5,82.1,,1,0,,0
2025-10-01 00:25:43,309.85,3.386,232.95,6.7519,20.2557,235.45,236.31,227.11,404.74,404.87,400.73,403.39,7.0011,7.5975,5.6571,1.276,1.2776,0.8324,3.2778,1.0421,1.2578,0.978,4.7286,1.6484,1.7954,1.2848,0.7184,0.7745,0.7126,0.6481,50,388.15,227.09,1,1,2025-10-01 00:25:43,17.3,80,,1,0,,0
2025-10-01 00:26:28,309.89,3.3764,233.14,6.7492,20.2478,235.63,236.2,227.59,405.32,404.43,401.59,403.84,7.0102,7.5852,5.6524,1.273,1.2714,0.832,3.2903,1.051,1.2588,0.9805,4.7299,1.6518,1.7916,1.2864,0.7161,0.7711,0.7106,0.647,49.9,388.21,227.13,1,1,2025-10-01 00:26:28,17.1,79,,1,0,,0
2025-10-01 00:27:13,309.94,3.3672,232.98,6.732,20.1961,235.22,236.31,227.42,405.51,403.67,401.37,403.56,6.981,7.5811,5.634,1.2682,1.2733,0.8257,3.2772,1.0414,1.2567,0.9791,4.7148,1.6421,1.7915,1.2813,0.7166,0.7728,0.7117,0.6446,50,388.27,227.17,1,1,2025-10-01 00:27:13,16.9,77.6,,1,0,,0
2025-10-01 00:28:43,310.02,3.3637,232,6.7038,20.1114,233.82,236.1,226.08,404.13,402.95,398.37,401.95,6.8624,7.6625,5.5865,1.2607,1.3008,0.8023,3.219,0.9908,1.2536,0.9746,4.6767,1.6046,1.8091,1.263,0.7224,0.7862,0.72,0.6355,50,388.39,227.25,1,1,2025-10-01 00:28:43,16.5,75.5,,1,0,,0
2025-10-01 00:29:28,310.06,3.3619,232.05,6.6995,20.0985,234.05,236.09,226.01,404.07,403.07,398.54,401.96,6.8945,7.6394,5.5646,1.2664,1.2921,0.8033,3.2207,0.9986,1.255,0.967,4.6749,1.6137,1.8036,1.2577,0.7221,0.7852,0.7173,0.6389,50,388.44,227.29,1,1,2025-10-01 00:29:28,16.4,75,,1,0,,0
2025-10-01 00:30:13,310.1,3.3548,231.95,6.6955,20.086599999999997,233.22,236.5,226.14,403.51,403.32,398.35,401.74,6.8411,7.6348,5.6107,1.2499,1.3012,0.8037,3.2202,0.9904,1.2484,0.9814,4.6699,1.5955,1.8056,1.2688,0.7214,0.7837,0.7215,0.6336,50,388.5,227.33,1,1,2025-10-01 00:30:13,16.2,73.6,,1,0,,0
2025-10-01 00:30:58,310.14,3.351,231.86,6.6892,20.0677,233.76,235.97,225.87,403.3,402.65,398.76,401.57,6.8748,7.6124,5.5805,1.2581,1.2881,0.8048,3.2161,0.9983,1.2484,0.9694,4.6638,1.6071,1.7963,1.2605,0.7214,0.7833,0.718,0.6387,50,388.56,227.37,1,1,2025-10-01 00:30:58,16.0,73.5,,1,0,,0
2025-10-01 00:31:43,310.18,3.35,232.22,6.6952,20.0856,234.96,235.51,226.19,404.06,403.34,399.14,402.18,6.9181,7.5795,5.588,1.2644,1.2723,0.8133,3.2353,1.0199,1.2487,0.9668,4.6745,1.6255,1.785,1.2639,0.7193,0.7783,0.7137,0.6437,50,388.62,227.41,1,1,2025-10-01 00:31:43,15.9,72.7,,1,0,,0
2025-10-01 00:32:35,310.25,3.3344,232.74,6.699,20.0972,234.54,236,227.7,404.66,404.23,400.42,403.1,6.8534,7.5999,5.6439,1.2394,1.283,0.812,3.2684,1.0219,1.2497,0.9969,4.6861,1.6074,1.7936,1.2851,0.7141,0.7712,0.7164,0.6324,49.9,388.7,227.47,1,1,2025-10-01 00:32:35,15.7,72.4,,1,0,,0
2025-10-01 00:33:20,310.28,0.3301,234.13,0.471,1.413,236.92,237.09,228.38,407.4,406.46,402.61,405.44,0.0,1.413,0.0,0,0.3301,0,0.0523,0,0.0523,0,0.335,0,0.335,0,0.9876,1,0.9876,1,50,388.74,227.5,0,1,2025-10-01 00:33:20,15.6,71.7,,0,0,,1
2025-10-01 00:34:05,310.28,0.3273,233.84,0.4688,1.4064,237.07,236.84,227.63,407.55,405.02,402.45,405,0.0,1.4064,0.0,0,0.3273,0,0.053,0,0.053,0,0.3331,0,0.3331,0,0.9871,1,0.9871,1,50,388.75,227.5,0,1,2025-10-01 00:34:05,15.5,72.9,,0,0,,1
2025-10-01 00:34:50,310.28,0.3279,233.8,0.468,1.404,236.58,237.39,227.43,406.85,405.84,402.05,404.91,0.0,1.404,0.0,0,0.3279,0,0.054,0,0.054,0,0.3333,0,0.3333,0,0.9867,1,0.9866,1,50,388.75,227.5,0,1,2025-10-01 00:34:50,15.5,76.8,,0,0,,1
2025-10-01 00:35:35,310.29,0.3274,233.79,0.4667,1.4001,236.36,237.39,227.64,407.12,405.15,402.5,404.91,0.0,1.4001,0.0,0,0.3274,0,0.0547,0,0.0547,0,0.3324,0,0.3324,0,0.9863,1,0.9863,1,49.9,388.76,227.5,0,1,2025-10-01 00:35:35,15.7,80.7,,0,0,,1
2025-10-01 00:36:20,310.29,0.3271,233.45,0.4666,1.3999,235.26,237.44,227.67,405.82,405.58,401.57,404.3,0.0,1.3999,0.0,0,0.3271,0,0.0548,0,0.0548,0,0.3324,0,0.3324,0,0.9862,1,0.9864,1,49.9,388.76,227.5,0,1,2025-10-01 00:36:20,15.9,83.2,,0,0,,1
2025-10-01 00:37:05,310.3,0.3263,233.34,0.4661,1.3985,235.02,237.13,227.89,406.13,404.74,401.58,404.16,0.0,1.3985,0.0,0,0.3263,0,0.0543,0,0.0543,0,0.3316,0,0.3316,0,0.9864,1,0.9864,1,49.9,388.76,227.5,0,1,2025-10-01 00:37:05,16.1,85.7,,0,0,,1
2025-10-01 00:37:50,310.3,0.3273,233.67,0.4667,1.4001,235.07,237.67,228.29,406.4,405.87,401.88,404.73,0.0,1.4001,0.0,0,0.3273,0,0.0552,0,0.0552,0,0.3328,0,0.3328,0,0.986,1,0.986,1,50,388.77,227.5,0,1,2025-10-01 00:37:50,16.3,87.2,,0,0,,1
2025-10-01 00:38:35,310.3,0.3259,233.78,0.4655,1.3965,234.78,237.34,229.24,406.05,406.72,401.96,404.9,0.0,1.3965,0.0,0,0.3259,0,0.055,0,0.055,0,0.3314,0,0.3314,0,0.986,1,0.986,1,49.9,388.77,227.5,0,1,2025-10-01 00:38:35,16.6,88.7,,0,0,,1
2025-10-01 00:39:41,310.31,0.3266,233.9,0.4657,1.3973,235.07,237.76,228.89,406.66,406.75,401.94,405.1,0.0,1.3973,0.0,0,0.3266,0,0.0556,0,0.0556,0,0.3322,0,0.3322,0,0.9858,1,0.9858,1,49.9,388.78,227.5,0,1,2025-10-01 00:39:41,16.9,90.7,,0,0,,1
2025-10-01 00:40:26,310.32,0.3265,233.81,0.4658,1.3975,235.53,237.48,228.43,406.54,406.34,401.97,404.96,0.0,1.3975,0.0,0,0.3265,0,0.0547,0,0.0547,0,0.3319,0,0.3319,0,0.9862,1,0.9862,1,50,388.78,227.51,0,1,2025-10-01 00:40:26,17.1,91.2,,0,0,,1
2025-10-01 00:41:11,310.32,0.3256,233.89,0.4652,1.3956,236.59,237.1,227.99,407.15,405.28,402.83,405.14,0.0,1.3956,0.0,0,0.3256,0,0.0541,0,0.0541,0,0.3309,0,0.3309,0,0.9864,1,0.9864,1,50,388.79,227.51,0,1,2025-10-01 00:41:11,17.2,91.9,,0,0,,1
2025-10-01 00:41:56,310.32,0.3252,234.12,0.4648,1.3944,236.99,237.08,228.3,406.91,406.86,402.63,405.48,0.0,1.3944,0.0,0,0.3252,0,0.0541,0,0.0541,0,0.3306,0,0.3306,0,0.9864,1,0.9864,1,50,388.79,227.51,0,1,2025-10-01 00:41:56,17.4,92.5,,0,0,,1
2025-10-01 00:42:41,310.33,0.3247,233.86,0.4643,1.393,237.02,236.93,227.64,407.92,405.45,401.75,405.02,0.0,1.393,0.0,0,0.3247,0,0.0539,0,0.0539,0,0.33,0,0.33,0,0.9865,1,0.9865,1,50,388.8,227.51,0,1,2025-10-01 00:42:41,17.5,92.9,,0,0,,1
2025-10-01 00:43:26,310.33,0.3251,234.38,0.4644,1.3932,236.42,237.2,229.53,407.88,406.53,403.43,405.9,0.0,1.3932,0.0,0,0.3251,0,0.0545,0,0.0545,0,0.3305,0,0.3305,0,0.9862,1,0.9862,1,50,388.8,227.51,0,1,2025-10-01 00:43:26,17.6,93.2,,0,0,,1
2025-10-01 00:44:11,310.34,0.3238,233.7,0.464,1.392,235.48,236.24,229.39,407.05,404.57,402.72,404.82,0.0,1.392,0.0,0,0.3238,0,0.0523,0,0.0523,0,0.3288,0,0.3288,0,0.9871,1,0.9871,1,50,388.81,227.51,0,1,2025-10-01 00:44:12,17.8,93.7,,0,0,,1
2025-10-01 00:44:56,310.34,0.3227,233.62,0.4626,1.388,236.26,236.06,228.56,406.85,405.03,402.02,404.65,0.0,1.388,0.0,0,0.3227,0,0.052,0,0.052,0,0.3277,0,0.3277,0,0.9872,1,0.9872,1,50,388.81,227.51,0,1,2025-10-01 00:44:56,17.9,94,,0,0,,1
2025-10-01 00:45:41,310.34,0.3238,233.47,0.4634,1.3902,235.69,236.58,228.15,406.17,405.9,401,404.23,0.0,1.3902,0.0,0,0.3238,0,0.0528,0,0.0528,0,0.3289,0,0.3289,0,0.9869,1,0.9869,1,50,388.81,227.51,0,1,2025-10-01 00:45:41,18.0,94.1,,0,0,,1
2025-10-01 00:46:47,310.35,0.3248,233.16,0.4641,1.3924,235.89,236.99,226.6,405.76,405.19,400.45,403.78,0.0,1.3924,0.0,0,0.3248,0,0.0535,0,0.0535,0,0.33,0,0.33,0,0.9866,1,0.9866,1,50,388.82,227.51,0,1,2025-10-01 00:46:47,18.2,94.5,,0,0,,1
2025-10-01 00:47:32,310.38,3.4056,232.66,6.7783,20.334899999999998,234.6,236.58,226.8,404.46,404.39,399.98,402.92,6.9158,7.6964,5.7227,1.2653,1.3115,0.8288,3.2716,1.0141,1.2593,0.9982,4.7412,1.6224,1.8208,1.2979,0.7211,0.7803,0.7213,0.6388,49.9,388.87,227.54,1,1,2025-10-01 00:47:32,18.3,94.6,,1,0,,0
2025-10-01 00:48:17,310.43,3.4169,233.22,6.8087,20.4262,235.57,237.3,226.81,406.12,405.31,400.35,403.85,6.9705,7.8021,5.6536,1.2895,1.3171,0.8103,3.3061,1.015,1.2976,0.9934,4.7758,1.642,1.8514,1.2823,0.7186,0.7857,0.7123,0.632,49.9,388.92,227.58,1,1,2025-10-01 00:48:17,18.2,93,,1,0,,0
2025-10-01 00:49:02,310.47,3.4086,233.22,6.7932,20.3796,235.31,237.27,227.08,405.9,405.18,400.67,403.91,6.9094,7.7925,5.6777,1.2751,1.3231,0.8104,3.2968,1.007,1.2877,1.0022,4.7641,1.6259,1.8489,1.2893,0.7187,0.7847,0.7166,0.6287,49.9,388.99,227.62,1,1,2025-10-01 00:49:02,18.1,89.7,,1,0,,0
2025-10-01 00:49:47,310.51,3.4154,233.32,6.8009,20.4028,235.42,237.1,227.46,406,404.99,401.32,404.15,6.9533,7.7796,5.6699,1.2814,1.3175,0.8166,3.3019,1.0171,1.2873,0.9976,4.7712,1.6369,1.8445,1.2897,0.7189,0.7832,0.7152,0.6333,49.9,389.04,227.66,1,1,2025-10-01 00:49:47,17.9,86.7,,1,0,,0
2025-10-01 00:50:32,310.55,3.41,233.37,6.7999,20.3998,235.35,236.96,227.8,406.09,405.5,400.95,404.18,6.9951,7.7511,5.6536,1.2839,1.3073,0.8188,3.3093,1.029,1.2866,0.9936,4.7709,1.6463,1.8367,1.2879,0.7176,0.7803,0.7127,0.6359,49.9,389.1,227.7,1,1,2025-10-01 00:50:32,17.7,84.4,,1,0,,0
2025-10-01 00:52:02,310.64,3.4124,234.13,6.8189,20.4567,235.75,237.06,229.6,407.39,406.04,403.14,405.52,7.0415,7.6725,5.7427,1.2729,1.2948,0.8448,3.3497,1.0639,1.2739,1.0118,4.7974,1.66,1.8188,1.3185,0.7136,0.7672,0.7128,0.6408,49.9,389.22,227.79,1,1,2025-10-01 00:52:02,17.3,80.3,,1,0,,0
2025-10-01 00:52:47,310.68,3.3899,234.03,6.7928,20.3786,235.81,236.83,229.45,406.91,406.08,403,405.34,7.0269,7.6459,5.7058,1.2685,1.2843,0.8371,3.3429,1.0641,1.2727,1.006,4.777,1.657,1.8108,1.3092,0.712,0.7661,0.7102,0.6396,49.9,389.28,227.83,1,1,2025-10-01 00:52:47,17.1,78.9,,1,0,,0
2025-10-01 00:53:53,310.76,3.3691,233.91,6.773,20.3191,236.48,237.68,227.59,407.53,405.87,401.99,405.17,6.9749,7.7179,5.6263,1.2777,1.2884,0.803,3.3403,1.0413,1.3022,0.9968,4.7643,1.6494,1.8344,1.2805,0.7101,0.7751,0.7033,0.6273,49.9,389.39,227.91,1,1,2025-10-01 00:53:53,16.7,76.1,,1,0,,0
2025-10-01 00:54:38,310.8,3.3722,233.81,6.7678,20.3034,236.78,237.84,226.82,407.2,406.16,401.44,404.93,6.9426,7.7185,5.6423,1.2767,1.2924,0.8031,3.3286,1.0334,1.2996,0.9956,4.7594,1.6439,1.8358,1.2798,0.7116,0.7772,0.7051,0.6278,49.9,389.45,227.95,1,1,2025-10-01 00:54:38,16.5,75.9,,1,0,,0
2025-10-01 00:55:23,310.84,3.3677,233.43,6.7517,20.255100000000002,235.59,237.38,227.33,405.54,406.31,400.96,404.24,6.8784,7.6821,5.6946,1.2548,1.3006,0.8123,3.3047,1.0233,1.2742,1.0072,4.7386,1.6205,1.8236,1.2946,0.7137,0.7749,0.7143,0.6277,49.9,389.51,227.99,1,1,2025-10-01 00:55:23,16.3,76.5,,1,0,,0
2025-10-01 00:56:09,310.88,3.3731,233.31,6.7538,20.261499999999998,235.05,237.25,227.64,405.69,405.82,400.73,404.28,6.8639,7.6896,5.708,1.2501,1.3078,0.8152,3.2971,1.0181,1.268,1.011,4.7371,1.6134,1.8244,1.2994,0.7151,0.7753,0.7179,0.6276,49.9,389.57,228.03,1,1,2025-10-01 00:56:09,16.2,76.2,,1,0,,0
2025-10-01 00:56:53,310.92,3.373,233.24,6.7558,20.2676,234.78,237.39,227.57,405.25,405.31,401.32,403.98,6.8433,7.6704,5.7539,1.2411,1.3104,0.8215,3.2977,1.0186,1.2603,1.0189,4.737,1.6067,1.8209,1.3094,0.715,0.7729,0.7207,0.6276,49.9,389.62,228.07,1,1,2025-10-01 00:56:53,16.1,76.1,,1,0,,0
2025-10-01 00:57:38,310.97,3.3654,233.39,6.7481,20.2443,235.81,237.01,227.35,406.32,405.24,401.08,404.16,6.9133,7.6911,5.6399,1.2657,1.2933,0.8065,3.303,1.0259,1.281,0.9961,4.7353,1.6302,1.8229,1.2822,0.7136,0.7768,0.7104,0.6292,49.9,389.69,228.11,1,1,2025-10-01 00:57:38,16.0,75.6,,1,0,,0
2025-10-01 00:58:24,311.01,3.3758,233.39,6.7567,20.2703,235.94,236.93,227.32,405.85,405.77,401.02,404.13,6.9391,7.6895,5.6417,1.2717,1.2928,0.8113,3.3018,1.0294,1.28,0.9924,4.7416,1.6372,1.8219,1.2825,0.7148,0.7772,0.7106,0.6329,49.9,389.74,228.15,1,1,2025-10-01 00:58:24,15.8,76.5,,1,0,,0
2025-10-01 00:59:08,311.05,3.3677,233.8,6.7514,20.2542,235.93,237.09,228.4,406.55,406.14,402.12,404.99,6.9526,7.5801,5.7215,1.2547,1.2789,0.8342,3.3189,1.0548,1.259,1.0051,4.7443,1.6403,1.7972,1.3068,0.7122,0.7654,0.7126,0.6386,50,389.8,228.19,1,1,2025-10-01 00:59:08,15.8,76.3,,1,0,,0
2025-10-01 00:59:53,311.09,3.3659,233.5,6.7526,20.258000000000003,235.73,237.43,227.34,406.37,405.71,401.12,404.4,6.9305,7.7153,5.6122,1.2714,1.2952,0.7993,3.3099,1.0243,1.2918,0.9937,4.7414,1.6337,1.8318,1.2759,0.713,0.7787,0.708,0.6267,49.9,389.86,228.24,1,1,2025-10-01 00:59:53,15.7,76.8,,1,0,,0
2025-10-01 01:00:38,311.14,3.3613,233.57,6.7477,20.2432,235.74,236.67,228.3,406.42,405.26,401.92,404.46,6.9647,7.5766,5.7019,1.2556,1.2736,0.832,3.3147,1.0561,1.2585,1.0002,4.7368,1.6419,1.7932,1.3017,0.712,0.7652,0.7113,0.6395,49.9,389.92,228.28,1,1,2025-10-01 01:00:38,15.6,76.5,,1,0,,0
2025-10-01 01:01:23,311.18,3.3573,234.33,6.7637,20.2913,236.08,237.42,229.51,407.77,406.59,403.23,405.96,7.0147,7.6217,5.6549,1.2641,1.2719,0.8214,3.3554,1.0679,1.2834,1.0041,4.7634,1.656,1.8095,1.2979,0.7073,0.7638,0.7039,0.6331,49.9,389.98,228.32,1,1,2025-10-01 01:01:23,15.6,76,,1,0,,0
2025-10-01 01:02:08,311.22,3.3618,234.24,6.7605,20.281499999999998,236.78,237.21,228.73,407.96,405.85,403.29,405.72,7.0009,7.6506,5.63,1.273,1.2739,0.8149,3.3458,1.0601,1.2892,0.9965,4.7602,1.6577,1.8148,1.2877,0.7087,0.7684,0.7028,0.633,50,390.04,228.36,1,1,2025-10-01 01:02:08,15.5,76.1,,1,0,,0
2025-10-01 01:02:53,311.26,3.36,234.23,6.7606,20.281799999999997,236.76,236.95,228.99,407.8,406.27,402.97,405.67,7.0051,7.6434,5.6333,1.2711,1.2712,0.8177,3.3477,1.0637,1.2868,0.9972,4.7596,1.6585,1.8111,1.29,0.7084,0.7668,0.7027,0.6341,49.9,390.1,228.4,1,1,2025-10-01 01:02:53,15.4,76.2,,1,0,,0
2025-10-01 01:03:38,311.3,3.3672,234.75,6.7798,20.339399999999998,236.44,237.38,230.44,408.56,407.51,403.71,406.6,6.9915,7.6565,5.6914,1.2592,1.2823,0.8258,3.3723,1.0693,1.2847,1.0182,4.7821,1.6531,1.8175,1.3115,0.7065,0.7622,0.7064,0.6298,50,390.16,228.45,1,1,2025-10-01 01:03:38,15.4,76.6,,1,0,,0
2025-10-01 01:04:23,311.35,3.3732,234.27,6.7694,20.3082,237.17,236.83,228.83,407.69,407.24,402.28,405.75,6.9755,7.7118,5.6209,1.2774,1.2847,0.811,3.3417,1.0495,1.2946,0.9976,4.767,1.6544,1.8264,1.2862,0.7104,0.7726,0.7043,0.6308,50,390.22,228.49,1,1,2025-10-01 01:04:23,15.4,76.6,,1,0,,0
2025-10-01 01:05:08,311.39,3.3646,233.86,6.7497,20.249200000000002,237,236.29,228.3,406.9,406.56,401.59,405.05,6.977,7.6668,5.6054,1.2763,1.2748,0.8135,3.3207,1.0496,1.2838,0.9872,4.7448,1.6535,1.8116,1.2797,0.7117,0.7723,0.7046,0.6359,50,390.28,228.53,1,1,2025-10-01 01:05:08,15.4,75.9,,1,0,,0
2025-10-01 01:05:53,311.4,0.3308,234.56,0.4716,1.4148,238.16,237.36,228.17,408.55,406.49,403.69,406.17,0.0,1.4148,0.0,0,0.3308,0,0.0529,0,0.0529,0,0.3358,0,0.3358,0,0.9874,1,0.9874,1,50,390.3,228.54,0,1,2025-10-01 01:05:53,15.4,77,,0,0,,1
2025-10-01 01:06:38,311.4,0.3287,234.21,0.4685,1.4056,238.03,237.7,226.91,408.45,406.14,402.29,405.59,0.0,1.4056,0.0,0,0.3287,0,0.0548,0,0.0548,0,0.3341,0,0.3341,0,0.9863,1,0.9863,1,49.9,390.3,228.54,0,1,2025-10-01 01:06:38,15.4,78.2,,0,0,,1
2025-10-01 01:07:23,311.41,0.3294,234.55,0.4687,1.4061,237.25,238.29,228.13,408.29,407.47,402.92,406.26,0.0,1.4061,0.0,0,0.3294,0,0.0556,0,0.0556,0,0.3351,0,0.3351,0,0.986,1,0.986,1,50,390.3,228.54,0,1,2025-10-01 01:07:23,15.6,82.1,,0,0,,1
2025-10-01 01:08:08,311.41,0.3288,234.82,0.4681,1.4044,237.74,238.14,228.59,408.89,407.08,404.12,406.71,0.0,1.4044,0.0,0,0.3288,0,0.0555,0,0.0555,0,0.3344,0,0.3344,0,0.986,1,0.986,1,50,390.31,228.54,0,1,2025-10-01 01:08:08,15.8,84.6,,0,0,,1
2025-10-01 01:08:53,311.42,0.3275,234.73,0.467,1.4012,237.93,237.65,228.62,409.2,406.82,403.61,406.56,0.0,1.4012,0.0,0,0.3275,0,0.0551,0,0.0551,0,0.333,0,0.333,0,0.9861,1,0.9861,1,50,390.31,228.54,0,1,2025-10-01 01:08:53,16.1,86.6,,0,0,,1
2025-10-01 01:09:38,311.42,0.3278,234.98,0.4668,1.4006,237.82,238.1,229.03,409.28,407.63,404.01,407.03,0.0,1.4006,0.0,0,0.3278,0,0.056,0,0.056,0,0.3335,0,0.3335,0,0.9857,1,0.9857,1,50,390.32,228.54,0,1,2025-10-01 01:09:38,16.3,88.7,,0,0,,1
2025-10-01 01:10:23,311.42,0.3275,234.54,0.4666,1.4,237.51,237.81,228.31,408.68,407.14,402.81,406.23,0.0,1.4,0.0,0,0.3275,0,0.0546,0,0.0546,0,0.3329,0,0.3329,0,0.9863,1,0.9863,1,50,390.32,228.54,0,1,2025-10-01 01:10:23,16.6,90.1,,0,0,,1
2025-10-01 01:11:08,311.43,0.3277,234.57,0.4668,1.4005,237.43,237.9,228.38,408.29,407.54,402.91,406.27,0.0,1.4005,0.0,0,0.3277,0,0.0548,0,0.0548,0,0.3332,0,0.3332,0,0.9863,1,0.9863,1,50,390.32,228.54,0,1,2025-10-01 01:11:08,16.8,90.7,,0,0,,1
2025-10-01 01:11:53,311.43,0.3281,234.96,0.4666,1.4,237.21,238.29,229.4,408.89,408.17,403.77,406.85,0.0,1.4,0.0,0,0.3281,0,0.0551,0,0.0551,0,0.3336,0,0.3336,0,0.9861,1,0.9861,1,50,390.33,228.54,0,1,2025-10-01 01:11:53,17.0,91.5,,0,0,,1
2025-10-01 01:12:38,311.44,0.328,234.86,0.4666,1.3998,236.86,238.34,229.4,408.27,408.02,404.02,406.78,0.0,1.3998,0.0,0,0.328,0,0.0554,0,0.0554,0,0.3336,0,0.3336,0,0.986,1,0.986,1,50,390.33,228.54,0,1,2025-10-01 01:12:38,17.3,92.3,,0,0,,1
2025-10-01 01:13:23,311.44,0.3293,234.86,0.4667,1.4003,236.67,238.33,229.6,408.13,407.75,404.43,406.8,0.0,1.4003,0.0,0,0.3281,0,0.0555,0,0.0555,0,0.3337,0,0.3337,0,0.986,1,0.9859,1,50,390.34,228.54,0,1,2025-10-01 01:13:23,17.5,93,,0,0,,1
2025-10-01 01:14:08,311.45,0.3288,234.79,0.4667,1.4002,237.06,238.98,228.34,409.3,407.32,403.34,406.65,0.0,1.4002,0.0,0,0.3288,0,0.0565,0,0.0565,0,0.3346,0,0.3346,0,0.9855,1,0.9855,1,50,390.34,228.54,0,1,2025-10-01 01:14:08,17.7,93.2,,0,0,,1
2025-10-01 01:14:53,311.45,0.328,234.47,0.4666,1.3998,236.02,238.32,229.08,408.11,407.32,402.87,406.01,0.0,1.3998,0.0,0,0.328,0,0.0552,0,0.0552,0,0.3336,0,0.3336,0,0.9861,1,0.9861,1,50,390.35,228.55,0,1,2025-10-01 01:14:53,17.8,93.7,,0,0,,1
2025-10-01 01:15:38,311.45,0.3273,234.83,0.4662,1.3987,236.97,238.02,229.52,408.82,407.27,404.1,406.72,0.0,1.3987,0.0,0,0.3273,0,0.0552,0,0.0552,0,0.3329,0,0.3329,0,0.986,1,0.986,1,50,390.35,228.55,0,1,2025-10-01 01:15:38,18.0,93.7,,0,0,,1
2025-10-01 01:16:23,311.46,0.3266,234.92,0.4655,1.3967,237.65,237.72,229.4,409.44,407.16,404.04,406.82,0.0,1.3967,0.0,0,0.3266,0,0.0545,0,0.0545,0,0.332,0,0.332,0,0.9863,1,0.9863,1,50,390.35,228.55,0,1,2025-10-01 01:16:23,18.1,93.8,,0,0,,1
2025-10-01 01:17:08,311.46,0.3252,234.93,0.4648,1.3944,237.87,236.99,229.93,408.88,407.15,404.63,406.88,0.0,1.3944,0.0,0,0.3252,0,0.0535,0,0.0535,0,0.3305,0,0.3305,0,0.9867,1,0.9867,1,50,390.36,228.55,0,1,2025-10-01 01:17:08,18.3,93.9,,0,0,,1
2025-10-01 01:17:53,311.47,3.3636,234.39,6.7777,20.3331,236.96,237.08,229.13,408.15,406.65,403.06,405.91,7.0022,7.6925,5.6384,1.2741,1.2764,0.8131,3.3632,1.061,1.299,1.0032,4.7749,1.6592,1.8237,1.2919,0.7071,0.7684,0.7008,0.6296,50,390.38,228.56,1,1,2025-10-01 01:17:53,18.4,93.9,,1,0,,0
2025-10-01 01:19:23,311.56,3.4932,234.28,6.8843,20.653000000000002,236.71,238.12,228.01,408.17,406.99,402.11,405.75,7.0505,7.8636,5.7389,1.3132,1.3414,0.8386,3.334,1.028,1.3025,1.0036,4.8499,1.6689,1.8725,1.3085,0.7233,0.7874,0.7174,0.6412,50,390.5,228.64,1,1,2025-10-01 01:19:23,18.3,89.9,,1,0,,0
2025-10-01 01:20:08,311.61,3.4932,233.92,6.8762,20.6288,236.8,237.39,227.58,406.77,406.34,402.26,405.09,7.0413,7.7683,5.8192,1.3015,1.3294,0.8623,3.3189,1.0403,1.2743,1.0044,4.8358,1.6674,1.8441,1.3243,0.7249,0.7811,0.7219,0.6514,50,390.56,228.69,1,1,2025-10-01 01:20:08,18.2,87.8,,1,0,,0
2025-10-01 01:20:53,311.65,3.4655,233.83,6.8543,20.563,236.72,237.5,227.27,407.07,405.74,402.09,404.92,7.0259,7.7913,5.7458,1.3017,1.3237,0.8401,3.3217,1.0334,1.2892,0.999,4.8195,1.6632,1.8504,1.3058,0.7219,0.7831,0.7163,0.6435,50,390.62,228.73,1,1,2025-10-01 01:20:53,18.0,85.5,,1,0,,0
2025-10-01 01:22:23,311.73,3.4301,233.65,6.814,20.442100000000003,236.48,236.74,227.74,406.54,405.82,401.62,404.66,7.0228,7.7205,5.6988,1.2915,1.3021,0.8365,3.3135,1.0424,1.2793,0.9917,4.7863,1.6608,1.8278,1.2978,0.7192,0.7781,0.7133,0.6447,50,390.74,228.81,1,1,2025-10-01 01:22:23,17.6,82.2,,1,0,,0
2025-10-01 01:23:08,311.78,3.4514,234.07,6.8415,20.5247,236.21,237.36,228.66,407.29,406.32,402.61,405.32,7.0664,7.7483,5.71,1.2981,1.3116,0.8417,3.3302,1.0475,1.2854,0.9973,4.8139,1.6692,1.8391,1.3056,0.7196,0.7782,0.7142,0.6449,50,390.8,228.85,1,1,2025-10-01 01:23:08,17.4,81.2,,1,0,,0
2025-10-01 01:23:53,311.82,3.3917,232.4,6.7341,20.2025,234.03,235.81,227.37,404.18,403.44,399.92,402.51,6.9312,7.5871,5.6842,1.2596,1.2938,0.8382,3.2355,1.0204,1.2322,0.983,4.7036,1.6221,1.7891,1.2924,0.7235,0.777,0.7241,0.6488,50,390.86,228.89,1,1,2025-10-01 01:23:53,17.2,79.2,,1,0,,0
2025-10-01 01:24:38,311.86,3.3871,232.35,6.7311,20.1935,235.28,235.59,226.2,404.88,402.97,399.43,402.33,6.9757,7.6797,5.5381,1.2917,1.2876,0.8078,3.235,1.0108,1.2676,0.9567,4.7032,1.6412,1.8093,1.2527,0.7231,0.7875,0.7126,0.6451,50,390.92,228.93,1,1,2025-10-01 01:24:38,17.0,76.7,,1,0,,0
2025-10-01 01:25:23,311.91,3.3798,232.44,6.7248,20.1744,235.47,235.54,226.32,404.25,403.93,399.49,402.52,6.9447,7.5999,5.6298,1.2731,1.2803,0.8264,3.2416,1.0246,1.2478,0.9692,4.6995,1.6353,1.7901,1.2741,0.7217,0.779,0.7161,0.6488,50,390.98,228.97,1,1,2025-10-01 01:25:23,16.8,76.2,,1,0,,0
2025-10-01 01:26:08,311.95,3.3759,232.29,6.7186,20.1558,235.65,235.39,225.83,404.55,403.12,399.23,402.18,6.9528,7.6214,5.5816,1.2816,1.2775,0.8168,3.2346,1.0191,1.2561,0.9594,4.6929,1.6384,1.794,1.2605,0.722,0.7827,0.713,0.6482,50,391.03,229.01,1,1,2025-10-01 01:26:08,16.6,76,,1,0,,0
2025-10-01 01:26:53,311.99,3.3668,232.17,6.7038,20.111600000000003,235.9,235.18,225.43,404.37,403.03,398.84,402.19,6.9298,7.611,5.5708,1.2797,1.2737,0.8134,3.2251,1.0153,1.2539,0.9558,4.6805,1.6347,1.79,1.2558,0.7221,0.7833,0.7126,0.648,50,391.09,229.05,1,1,2025-10-01 01:26:53,16.5,76.9,,1,0,,0
2025-10-01 01:27:38,312.03,3.362,231.99,6.6972,20.0918,235.65,235.21,225.13,404.57,402.27,398.54,401.79,6.9316,7.6008,5.5594,1.2795,1.2714,0.811,3.2202,1.0139,1.2536,0.9527,4.6728,1.6334,1.7878,1.2516,0.7221,0.7837,0.712,0.6482,50,391.15,229.09,1,1,2025-10-01 01:27:38,16.4,76.2,,1,0,,0
2025-10-01 01:28:23,312.07,3.362,232.01,6.6958,20.0874,235.82,234.78,225.45,404.47,402,399.02,401.82,6.9539,7.5745,5.559,1.2809,1.2638,0.8173,3.2203,1.0226,1.248,0.9497,4.6715,1.6399,1.7783,1.2533,0.7221,0.7815,0.7115,0.6522,50,391.21,229.13,1,1,2025-10-01 01:28:23,16.2,75.5,,1,0,,0
2025-10-01 01:29:08,312.12,3.3577,232.19,6.6966,20.09,234.95,235.65,225.97,403.66,403.55,399.14,402.14,6.8949,7.566,5.6291,1.2595,1.2775,0.8207,3.2288,1.0173,1.2402,0.9713,4.6749,1.62,1.7829,1.272,0.7208,0.7779,0.7174,0.6454,50,391.27,229.17,1,1,2025-10-01 01:29:08,16.1,74.7,,1,0,,0
2025-10-01 01:29:53,312.16,3.3473,232.07,6.689,20.067,234.55,235.29,226.39,403.58,403.01,399.21,401.89,6.8942,7.5317,5.6411,1.2507,1.2713,0.8254,3.2282,1.0233,1.231,0.9739,4.6663,1.617,1.7721,1.2771,0.7198,0.7739,0.7184,0.6465,50,391.33,229.21,1,1,2025-10-01 01:29:53,15.9,74.6,,1,0,,0
2025-10-01 01:31:23,312.24,3.3458,232.2,6.6818,20.0456,233.12,236.23,227.27,403.64,403.67,399.21,402.19,6.7839,7.5729,5.6888,1.2254,1.3008,0.8196,3.2214,0.998,1.2241,0.9993,4.6633,1.5815,1.7889,1.2929,0.7203,0.7753,0.7282,0.6341,50,391.44,229.3,1,1,2025-10-01 01:31:23,15.8,74.9,,1,0,,0
2025-10-01 01:32:08,312.28,3.3378,232.17,6.6735,20.020599999999998,234.29,236.04,226.19,404.12,403.33,398.87,402.07,6.8061,7.6187,5.5958,1.2457,1.2917,0.8004,3.2204,0.9936,1.2473,0.9796,4.6586,1.5946,1.7983,1.2657,0.7196,0.7817,0.7193,0.6327,50,391.5,229.34,1,1,2025-10-01 01:32:08,15.7,74.5,,1,0,,0
2025-10-01 01:32:53,312.32,3.3553,232.15,6.6885,20.0655,234.97,236.18,225.32,404.37,403.15,398.69,402.07,6.8222,7.6615,5.5818,1.2611,1.297,0.7973,3.2173,0.9876,1.2578,0.9718,4.6702,1.603,1.8095,1.2577,0.7218,0.7872,0.7178,0.6342,50,391.56,229.38,1,1,2025-10-01 01:32:53,15.7,74.4,,1,0,,0
2025-10-01 01:33:38,312.37,3.3569,232.86,6.7115,20.1346,236.74,236.65,225.19,406.14,403.67,400.03,403.28,6.951,7.6368,5.5468,1.287,1.2707,0.7993,3.2649,1.0239,1.2817,0.9592,4.7019,1.6456,1.8072,1.2491,0.7168,0.7825,0.704,0.6401,50,391.62,229.42,1,1,2025-10-01 01:33:38,15.6,74.4,,1,0,,0
2025-10-01 01:34:23,312.39,0.3308,233.45,0.4718,1.4154,237.77,237.17,225.42,406.98,404.91,400.99,404.27,0.0,1.4154,0.0,0,0.3308,0,0.0525,0,0.0525,0,0.3357,0,0.3357,0,0.9876,1,0.9876,1,50,391.65,229.43,0,1,2025-10-01 01:34:23,15.5,74.3,,0,0,,1
2025-10-01 01:35:08,312.39,0.3277,233.32,0.4677,1.4033,237.22,237.29,225.46,406.49,405.17,400.54,404.05,0.0,1.4033,0.0,0,0.3277,0,0.0543,0,0.0543,0,0.333,0,0.333,0,0.9865,1,0.9865,1,49.9,391.65,229.44,0,1,2025-10-01 01:35:08,15.4,75.6,,0,0,,1
2025-10-01 01:36:00,312.4,0.3292,233.83,0.4688,1.4066,237.62,237.96,225.91,407.35,405.92,401.56,404.93,0.0,1.4066,0.0,0,0.3292,0,0.0551,0,0.0551,0,0.3347,0,0.3347,0,0.9862,1,0.9862,1,50,391.66,229.44,0,1,2025-10-01 01:36:00,15.6,80.5,,0,0,,1
2025-10-01 01:36:45,312.4,0.3286,234.05,0.4678,1.4036,237.1,238.05,227.02,407.32,406.41,402.32,405.31,0.0,1.4036,0.0,0,0.3286,0,0.0554,0,0.0554,0,0.3341,0,0.3341,0,0.986,1,0.986,1,50,391.66,229.44,0,1,2025-10-01 01:36:45,15.8,83,,0,0,,1
2025-10-01 01:37:30,312.41,0.3285,233.61,0.4677,1.4031,236.18,238.11,226.56,406.55,406,401.21,404.58,0.0,1.4031,0.0,0,0.3285,0,0.0555,0,0.0555,0,0.3341,0,0.3341,0,0.986,1,0.986,1,50,391.67,229.44,0,1,2025-10-01 01:37:30,16.1,85.1,,0,0,,1
2025-10-01 01:38:15,312.41,0.3293,233.48,0.4674,1.4022,236.24,238.05,226.17,406.55,405.56,400.99,404.38,0.0,1.4022,0.0,0,0.3282,0,0.0552,0,0.0552,0,0.3338,0,0.3338,0,0.9862,1,0.9861,1,50,391.67,229.44,0,1,2025-10-01 01:38:15,16.3,87.2,,0,0,,1
2025-10-01 01:39:00,312.41,0.3283,233.8,0.4671,1.4015,236.63,238.14,226.64,406.62,406.27,401.82,404.89,0.0,1.4015,0.0,0,0.3283,0,0.0545,0,0.0545,0,0.3338,0,0.3338,0,0.9865,1,0.9865,1,50.1,391.67,229.44,0,1,2025-10-01 01:39:00,16.6,89,,0,0,,1
2025-10-01 01:39:45,312.42,0.3277,233.46,0.466,1.3981,237.41,237.32,225.66,406.25,405.42,401.22,404.39,0.0,1.3981,0.0,0,0.3265,0,0.0538,0,0.0538,0,0.3318,0,0.3318,0,0.9867,1,0.9866,1,50,391.68,229.44,0,1,2025-10-01 01:39:45,16.8,90.5,,0,0,,1
2025-10-01 01:40:31,312.42,0.3268,233.26,0.4653,1.396,237.23,237.17,225.4,406.7,404.7,400.53,403.97,0.0,1.396,0.0,0,0.3258,0,0.0538,0,0.0538,0,0.3311,0,0.3311,0,0.9866,1,0.9866,1,50,391.68,229.44,0,1,2025-10-01 01:40:31,17.0,91.4,,0,0,,1
2025-10-01 01:41:15,312.43,0.3259,233.59,0.4653,1.3959,236.75,237.28,226.74,406.87,405.32,401.46,404.53,0.0,1.3959,0.0,0,0.3259,0,0.0539,0,0.0539,0,0.3312,0,0.3312,0,0.9865,1,0.9867,1,50,391.69,229.44,0,1,2025-10-01 01:41:15,17.3,92.3,,0,0,,1
2025-10-01 01:42:00,312.43,0.3253,233.55,0.465,1.3951,235.37,236.87,228.41,405.85,405.61,402.01,404.49,0.0,1.3951,0.0,0,0.3253,0,0.0533,0,0.0533,0,0.3305,0,0.3305,0,0.9868,1,0.9869,1,50,391.69,229.44,0,1,2025-10-01 01:42:00,17.4,92.7,,0,0,,1
2025-10-01 01:43:07,312.44,0.3267,233.51,0.4656,1.3968,235.27,237.87,227.4,406.11,405.76,401.4,404.38,0.0,1.3968,0.0,0,0.3267,0,0.0551,0,0.0551,0,0.3323,0,0.3323,0,0.986,1,0.986,1,50,391.7,229.44,0,1,2025-10-01 01:43:07,17.7,93.4,,0,0,,1
2025-10-01 01:43:52,312.44,0.3262,233.46,0.4651,1.3954,235.08,237.7,227.61,406.04,405.25,401.73,404.68,0.0,1.3954,0.0,0,0.3262,0,0.0546,0,0.0546,0,0.3317,0,0.3317,0,0.9862,1,0.9862,1,50,391.7,229.44,0,1,2025-10-01 01:43:52,17.9,93.7,,0,0,,1
2025-10-01 01:44:37,312.45,0.3262,233.33,0.465,1.3951,235.96,237.78,226.27,406.11,405.6,400.6,404.15,0.0,1.3951,0.0,0,0.3262,0,0.0549,0,0.0549,0,0.3317,0,0.3317,0,0.9861,1,0.9861,1,50,391.71,229.44,0,1,2025-10-01 01:44:37,18.0,93.8,,0,0,,1
2025-10-01 01:45:22,312.45,3.4863,232.5,6.9591,20.8774,234.52,236.98,226.01,404.1,404.05,399.83,402.94,7.5847,7.6272,5.6655,1.3906,1.2919,0.8037,3.3636,1.1075,1.26,0.9961,4.8667,1.7788,1.8075,1.2805,0.7196,0.7822,0.7158,0.6279,49.9,391.71,229.45,1,1,2025-10-01 01:45:22,18.2,94.2,,1,0,,0
2025-10-01 01:47:37,312.58,3.4102,232.65,6.7661,20.2983,235.87,236.26,225.82,404.67,404.35,399.7,402.91,6.92,7.6882,5.6901,1.2785,1.3041,0.8276,3.2561,1.0129,1.2609,0.9823,4.7336,1.6322,1.8164,1.2849,0.7232,0.7838,0.7189,0.6443,50,391.89,229.57,1,1,2025-10-01 01:47:37,18.2,87.6,,1,0,,0
2025-10-01 01:49:07,312.67,3.4026,233.46,6.7856,20.3568,236.55,237.01,226.83,406.35,404.9,401.74,404.27,6.9896,7.6795,5.6877,1.2835,1.2917,0.8274,3.3081,1.0405,1.2786,0.989,4.7636,1.6534,1.8201,1.2901,0.7169,0.7768,0.7106,0.6416,50,392.01,229.65,1,1,2025-10-01 01:49:07,17.9,82.1,,1,0,,0
2025-10-01 01:50:15,312.74,3.4038,233.66,6.7806,20.3418,237.07,237.39,226.52,405.9,406.37,401.64,404.65,6.9377,7.6894,5.7147,1.2781,1.2991,0.8265,3.3064,1.0329,1.2781,0.9954,4.7646,1.6447,1.8254,1.2945,0.7172,0.7777,0.7128,0.6388,50,392.12,229.73,1,1,2025-10-01 01:50:15,17.6,78.7,,1,0,,0
2025-10-01 01:51:00,312.79,3.381,233.48,6.7533,20.2599,236.99,237.23,226.22,406.12,405.49,401.4,404.34,6.9066,7.6793,5.674,1.273,1.2929,0.8151,3.2969,1.0269,1.2794,0.9906,4.7421,1.6368,1.8218,1.2836,0.7159,0.7783,0.7108,0.6353,50,392.18,229.77,1,1,2025-10-01 01:51:00,17.4,77.1,,1,0,,0
2025-10-01 01:51:45,312.83,3.3748,232.85,6.7349,20.204700000000003,235.56,237,225.99,405.07,405.15,399.55,403.24,6.8459,7.6918,5.667,1.2607,1.3056,0.8085,3.265,1.0039,1.2685,0.9925,4.7163,1.6126,1.823,1.2807,0.7187,0.7822,0.7172,0.6315,50,392.24,229.81,1,1,2025-10-01 01:51:45,17.2,75.3,,1,0,,0
2025-10-01 01:52:30,312.87,3.377,232.66,6.7356,20.2068,234.71,237.35,225.92,404.73,404.67,399.41,402.96,6.8017,7.7163,5.6888,1.2519,1.3199,0.8052,3.256,0.989,1.2659,1.0011,4.7131,1.5964,1.8315,1.2852,0.7198,0.7846,0.7217,0.6267,50,392.3,229.85,1,1,2025-10-01 01:52:30,17.0,74.5,,1,0,,0
2025-10-01 01:54:45,313,3.3721,232.49,6.7201,20.1604,233.23,236.71,227.53,403.58,404.71,399.68,402.68,6.7987,7.6061,5.7556,1.2277,1.3138,0.8306,3.241,1.0018,1.2274,1.0118,4.6957,1.5857,1.8004,1.3096,0.7209,0.7747,0.7307,0.6345,50,392.48,229.97,1,1,2025-10-01 01:54:46,16.5,72.6,,1,0,,0
2025-10-01 01:55:30,313.04,3.374,232.85,6.7291,20.1873,233.11,237.49,227.97,404.11,405.55,400.21,403.22,6.7584,7.6249,5.804,1.2169,1.3263,0.8308,3.2567,0.9986,1.2289,1.0292,4.7094,1.5755,1.8108,1.3231,0.7195,0.773,0.7335,0.6281,50,392.53,230.01,1,1,2025-10-01 01:55:30,16.3,72.7,,1,0,,0
2025-10-01 01:56:15,313.08,3.3668,232.53,6.7213,20.164099999999998,233.35,237.19,227.07,403.76,405.1,399.33,402.73,6.738,7.6449,5.7812,1.2195,1.3252,0.8221,3.2467,0.9904,1.2335,1.0227,4.6983,1.5723,1.8133,1.3127,0.7198,0.7762,0.7319,0.6265,50,392.59,230.06,1,1,2025-10-01 01:56:15,16.2,72.3,,1,0,,0
2025-10-01 01:57:21,313.16,3.3544,232.24,6.698,20.094,233.41,236.6,226.73,403.61,403.95,399.14,402.2,6.7584,7.6115,5.7241,1.2249,1.3109,0.8185,3.2296,0.9923,1.2308,1.0066,4.6762,1.5775,1.8009,1.2978,0.7203,0.777,0.729,0.6309,50,392.7,230.13,1,1,2025-10-01 01:57:21,16.0,71.4,,1,0,,0
2025-10-01 01:58:06,313.2,3.3455,231.8,6.6817,20.0452,232.43,237.35,225.63,402.12,404.3,397.91,401.43,6.6281,7.6603,5.7568,1.2055,1.3363,0.8038,3.2052,0.9573,1.2283,1.0195,4.6576,1.5406,1.8182,1.2989,0.722,0.783,0.7362,0.6191,50,392.76,230.17,1,1,2025-10-01 01:58:06,15.9,71.1,,1,0,,0
2025-10-01 01:59:36,313.28,3.3386,231.57,6.6732,20.0196,232.74,236.8,225.17,402.3,403.34,397.5,401.05,6.6691,7.6345,5.716,1.2146,1.3213,0.8027,3.1992,0.9645,1.2295,1.0052,4.6471,1.5522,1.8078,1.2871,0.722,0.7831,0.732,0.624,49.9,392.87,230.25,1,1,2025-10-01 01:59:36,15.7,71,,1,0,,0
2025-10-01 02:00:21,313.32,3.3401,231.43,6.6709,20.012700000000002,233.57,236.3,224.44,402.46,402.6,397.36,400.76,6.6927,7.6401,5.6799,1.2271,1.313,0.8,3.1934,0.9667,1.2348,0.9919,4.6434,1.5632,1.8054,1.2748,0.7227,0.7855,0.7284,0.6277,49.9,392.93,230.29,1,1,2025-10-01 02:00:21,15.6,70.5,,1,0,,0
2025-10-01 02:01:06,313.37,3.3365,231.9,6.6807,20.042099999999998,234.8,236.13,224.77,403.76,402.88,398.21,401.63,6.7878,7.6383,5.616,1.2479,1.2924,0.7961,3.2225,0.9895,1.2541,0.979,4.6597,1.5938,1.8036,1.2623,0.7192,0.7835,0.7176,0.6309,49.9,392.99,230.33,1,1,2025-10-01 02:01:06,15.5,70,,1,0,,0
2025-10-01 02:01:52,313.37,0.3276,232.61,0.4684,1.4052,236.4,236.73,224.72,405.68,403.47,399.42,402.86,0.0,1.4052,0.0,0,0.3276,0,0.0527,0,0.0527,0,0.3327,0,0.3327,0,0.9873,1,0.9873,1,50,392.99,230.33,0,1,2025-10-01 02:01:52,15.4,71.3,,0,0,,1
2025-10-01 02:02:36,313.38,0.3264,232.55,0.4671,1.4014,236.56,236.52,224.59,405.12,403.9,399.19,402.7,0.0,1.4014,0.0,0,0.3264,0,0.053,0,0.053,0,0.3315,0,0.3315,0,0.987,1,0.987,1,49.9,393,230.33,0,1,2025-10-01 02:02:36,15.4,74.6,,0,0,,1
2025-10-01 02:03:21,313.38,0.3268,232.97,0.467,1.4012,236.71,236.94,225.28,405.54,404.92,399.91,403.33,0.0,1.4012,0.0,0,0.3268,0,0.0537,0,0.0537,0,0.332,0,0.332,0,0.9867,1,0.9867,1,50,393,230.33,0,1,2025-10-01 02:03:21,15.5,77.6,,0,0,,1
2025-10-01 02:04:06,313.38,0.3271,232.66,0.4672,1.4017,235.89,237.24,224.85,405.25,404.2,399.32,402.84,0.0,1.4017,0.0,0,0.3271,0,0.0546,0,0.0546,0,0.3325,0,0.3325,0,0.9863,1,0.9863,1,49.9,393.01,230.33,0,1,2025-10-01 02:04:06,15.8,80.6,,0,0,,1
2025-10-01 02:04:51,313.39,0.3272,232.93,0.4669,1.4009,235.66,237.44,225.71,405.56,404.54,400.14,403.36,0.0,1.4009,0.0,0,0.3272,0,0.0548,0,0.0548,0,0.3326,0,0.3326,0,0.9862,1,0.9862,1,49.9,393.01,230.33,0,1,2025-10-01 02:04:51,16.0,83.6,,0,0,,1
2025-10-01 02:05:36,313.39,0.3274,232.95,0.4666,1.3999,235.55,237.85,225.46,405.06,405.69,399.51,403.42,0.0,1.3999,0.0,0,0.3274,0,0.0554,0,0.0554,0,0.333,0,0.333,0,0.9859,1,0.9859,1,50,393.02,230.33,0,1,2025-10-01 02:05:36,16.2,85.3,,0,0,,1
2025-10-01 02:06:21,313.4,0.3266,232.88,0.4663,1.3989,236.11,237.39,225.15,405.51,404.79,399.62,403.24,0.0,1.3989,0.0,0,0.3266,0,0.0548,0,0.0548,0,0.3321,0,0.3321,0,0.9862,1,0.9862,1,50,393.02,230.33,0,1,2025-10-01 02:06:21,16.4,86.4,,0,0,,1
2025-10-01 02:07:06,313.4,0.3265,232.37,0.4649,1.3949,234.64,237.01,225.46,404.2,404.31,398.78,402.46,0.0,1.3949,0.0,0,0.3253,0,0.0539,0,0.0539,0,0.3306,0,0.3306,0,0.9866,1,0.9865,1,50,393.02,230.33,0,1,2025-10-01 02:07:06,16.6,88.2,,0,0,,1
2025-10-01 02:07:51,313.4,0.3266,232.38,0.4653,1.3959,234.65,237.1,225.4,404.22,404.3,398.82,402.48,0.0,1.3959,0.0,0,0.3256,0,0.0542,0,0.0542,0,0.331,0,0.331,0,0.9864,1,0.9864,1,49.9,393.03,230.33,0,1,2025-10-01 02:07:51,16.8,89.1,,0,0,,1
2025-10-01 02:08:36,313.41,0.3251,232.39,0.4651,1.3953,235.07,236.69,225.41,404.29,404.09,399,402.44,0.0,1.3953,0.0,0,0.3251,0,0.0533,0,0.0533,0,0.3303,0,0.3303,0,0.9868,1,0.9868,1,50,393.03,230.34,0,1,2025-10-01 02:08:36,17.0,90,,0,0,,1
2025-10-01 02:09:21,313.41,0.3238,232.21,0.464,1.392,234.68,236.36,225.6,403.46,404.11,398.88,402.13,0.0,1.392,0.0,0,0.3238,0,0.0532,0,0.0532,0,0.329,0,0.329,0,0.9867,1,0.9867,1,50,393.04,230.34,0,1,2025-10-01 02:09:21,17.2,90.9,,0,0,,1
2025-10-01 02:10:06,313.42,0.3238,232.12,0.4638,1.3916,234.74,236.38,225.24,403.86,403.2,398.93,401.94,0.0,1.3916,0.0,0,0.3238,0,0.053,0,0.053,0,0.3289,0,0.3289,0,0.9868,1,0.9868,1,50,393.04,230.34,0,1,2025-10-01 02:10:06,17.3,91.4,,0,0,,1
2025-10-01 02:10:51,313.42,0.3255,232.5,0.4652,1.3958,234.42,237.06,226.03,404.14,404.7,399.13,402.59,0.0,1.3958,0.0,0,0.3255,0,0.054,0,0.054,0,0.3309,0,0.3309,0,0.9865,1,0.9865,1,50,393.04,230.34,0,1,2025-10-01 02:10:51,17.5,91.7,,0,0,,1
2025-10-01 02:11:36,313.42,0.3243,232.57,0.4639,1.3919,234.63,236.82,226.28,404.36,404.48,399.53,402.78,0.0,1.3919,0.0,0,0.3243,0,0.0537,0,0.0537,0,0.3296,0,0.3296,0,0.9865,1,0.9865,1,50,393.05,230.34,0,1,2025-10-01 02:11:36,17.6,92,,0,0,,1
2025-10-01 02:12:21,313.43,0.3248,232.6,0.4642,1.3928,234.5,237.04,226.27,404.65,404.13,399.75,402.83,0.0,1.3928,0.0,0,0.3248,0,0.0537,0,0.0537,0,0.3301,0,0.3301,0,0.9865,1,0.9865,1,50,393.05,230.34,0,1,2025-10-01 02:12:21,17.8,92.3,,0,0,,1
2025-10-01 02:13:06,313.43,0.3251,232.68,0.4648,1.3946,235.02,236.91,226.13,405.01,403.87,400.09,402.7,0.0,1.3946,0.0,0,0.3251,0,0.0537,0,0.0537,0,0.3304,0,0.3304,0,0.9866,1,0.9866,1,50,393.06,230.34,0,1,2025-10-01 02:13:06,17.9,92.8,,0,0,,1
2025-10-01 02:13:51,313.44,0.3235,232.61,0.4636,1.3908,236.12,236.3,225.43,405.01,404.04,399.5,402.87,0.0,1.3908,0.0,0,0.3235,0,0.0532,0,0.0532,0,0.3286,0,0.3286,0,0.9867,1,0.9867,1,50,393.06,230.34,0,1,2025-10-01 02:13:51,18.0,93,,0,0,,1
2025-10-01 02:14:36,313.44,0.3225,232.4,0.4629,1.3888,236.06,235.91,225.25,404.65,403.6,399.2,402.55,0.0,1.3888,0.0,0,0.3225,0,0.0528,0,0.0528,0,0.3276,0,0.3276,0,0.9868,1,0.9868,1,49.9,393.07,230.34,0,1,2025-10-01 02:14:36,18.1,93.4,,0,0,,1
2025-10-01 02:15:21,313.44,0.3228,232.21,0.463,1.3891,235.84,236.12,224.67,404.25,403.28,398.89,402.17,0.0,1.3891,0.0,0,0.3228,0,0.0535,0,0.0535,0,0.328,0,0.328,0,0.9865,1,0.9865,1,49.9,393.07,230.34,0,1,2025-10-01 02:15:21,18.2,93.5,,0,0,,1
2025-10-01 02:16:06,313.45,0.3228,232.04,0.4629,1.3889,234.93,236.24,224.97,403.93,403.26,398.41,401.89,0.0,1.3889,0.0,0,0.3228,0,0.0536,0,0.0536,0,0.3281,0,0.3281,0,0.9865,1,0.9865,1,49.9,393.07,230.34,0,1,2025-10-01 02:16:06,18.4,93.6,,0,0,,1
2025-10-01 02:16:51,313.49,3.4004,231.32,6.7479,20.2438,233.79,235.4,224.78,402.27,402.16,397.42,400.64,6.9111,7.6839,5.6488,1.2741,1.3052,0.821,3.2082,0.9918,1.2485,0.9678,4.6943,1.6157,1.8088,1.2697,0.7273,0.7891,0.7226,0.6469,49.9,393.12,230.38,1,1,2025-10-01 02:16:51,18.4,93.5,,1,0,,0
2025-10-01 02:17:36,313.53,3.3989,231.46,6.7487,20.2463,233.33,235.47,225.58,402.65,401.85,398.11,400.88,6.8901,7.679,5.6772,1.2634,1.3102,0.8253,3.2133,0.9925,1.2423,0.9786,4.6965,1.6077,1.8082,1.2807,0.7266,0.7863,0.7256,0.6447,49.9,393.18,230.42,1,1,2025-10-01 02:17:36,18.4,90.6,,1,0,,0
2025-10-01 02:18:21,313.57,3.4018,232.02,6.7698,20.3096,233.35,236.22,226.5,403.17,403.42,398.95,401.88,6.9408,7.6696,5.6992,1.2644,1.3073,0.8301,3.2491,1.0106,1.2506,0.9879,4.7222,1.6196,1.8117,1.2909,0.7231,0.7811,0.7225,0.6433,49.8,393.24,230.46,1,1,2025-10-01 02:18:21,18.2,87.3,,1,0,,0
2025-10-01 02:19:06,313.61,3.4048,231.87,6.7682,20.3046,233.06,236.19,226.37,403.16,402.71,398.9,401.52,6.8838,7.6914,5.7294,1.2552,1.3199,0.8298,3.2382,0.9974,1.2446,0.9961,4.7179,1.6043,1.8166,1.297,0.7246,0.7829,0.7275,0.64,49.9,393.3,230.5,1,1,2025-10-01 02:19:06,18.0,85.2,,1,0,,0
2025-10-01 02:19:51,313.65,3.3974,231.95,6.76,20.280199999999997,232.92,235.72,227.23,402.79,403.21,399.2,401.79,6.9003,7.6202,5.7597,1.2454,1.3073,0.8446,3.2408,1.014,1.2277,0.9991,4.7122,1.6072,1.7962,1.3088,0.7235,0.7754,0.7289,0.6456,49.9,393.36,230.54,1,1,2025-10-01 02:19:51,17.9,83.2,,1,0,,0
2025-10-01 02:20:36,313.7,3.3964,231.34,6.741,20.2231,232.63,235.34,226.05,401.61,402.42,397.93,400.66,6.8636,7.6213,5.7382,1.2468,1.3109,0.8387,3.2053,0.996,1.2204,0.9889,4.6874,1.5967,1.7936,1.2971,0.7272,0.7813,0.7319,0.6468,49.9,393.42,230.58,1,1,2025-10-01 02:20:36,17.6,81.5,,1,0,,0
2025-10-01 02:21:21,313.74,3.3836,231.2,6.7264,20.179199999999998,233.55,235.08,224.98,401.67,402.22,397.33,400.42,6.8347,7.6458,5.6987,1.2518,1.3063,0.8256,3.2008,0.989,1.2311,0.9807,4.6757,1.5962,1.7974,1.2821,0.7264,0.7846,0.7277,0.644,49.9,393.48,230.62,1,1,2025-10-01 02:21:21,17.5,79.7,,1,0,,0
2025-10-01 02:22:06,313.78,3.3719,231.04,6.7116,20.134900000000002,233.97,235.08,224.09,402.18,401.33,396.9,400.1,6.8053,7.6643,5.6653,1.2542,1.305,0.8128,3.1923,0.979,1.2386,0.9746,4.6635,1.5922,1.8017,1.2695,0.7261,0.7882,0.7253,0.6404,49.8,393.54,230.66,1,1,2025-10-01 02:22:06,17.3,78.1,,1,0,,0
2025-10-01 02:22:51,313.82,3.3605,231.14,6.7011,20.1033,233.56,235.58,224.28,401.56,401.97,397.33,400.27,6.8218,7.6218,5.6597,1.2502,1.2978,0.8125,3.1977,0.9862,1.237,0.9746,4.6582,1.5933,1.7955,1.2694,0.7244,0.7851,0.7238,0.6403,49.9,393.59,230.7,1,1,2025-10-01 02:22:51,17.0,76.9,,1,0,,0
2025-10-01 02:24:21,313.91,3.3704,231.19,6.705,20.115099999999998,233.72,235.13,224.73,402.4,401.46,397.35,400.41,6.8631,7.6323,5.6197,1.2616,1.2954,0.8135,3.1921,0.9888,1.2382,0.9651,4.6615,1.604,1.7946,1.2629,0.726,0.787,0.7228,0.6444,49.9,393.71,230.78,1,1,2025-10-01 02:24:21,16.7,74.8,,1,0,,0
2025-10-01 02:25:06,313.95,3.3724,231.55,6.7195,20.158499999999997,233.91,235.18,225.57,403.11,401.73,398.26,401.01,6.8793,7.6305,5.6487,1.2595,1.2945,0.8185,3.2172,1.0007,1.2417,0.9748,4.6779,1.6091,1.7945,1.2742,0.7235,0.7827,0.7223,0.6438,49.9,393.77,230.82,1,1,2025-10-01 02:25:06,16.5,73.8,,1,0,,0
2025-10-01 02:25:51,313.99,3.3666,231.64,6.7123,20.137,235.6,235.93,223.4,403.94,401.21,398.36,401.12,6.9394,7.6345,5.5631,1.2881,1.2762,0.8023,3.2208,1.0049,1.2676,0.9484,4.6789,1.6349,1.8012,1.2428,0.7225,0.7884,0.7095,0.6458,49.9,393.83,230.86,1,1,2025-10-01 02:25:51,16.4,73.5,,1,0,,0
2025-10-01 02:26:36,314.03,3.3664,232.15,6.7229,20.1689,237,236.12,223.34,404.66,402.4,399.02,401.28,6.9644,7.6678,5.5367,1.3006,1.2704,0.7954,3.2471,1.0144,1.2865,0.9461,4.6977,1.6506,1.8105,1.2366,0.7197,0.7885,0.7026,0.6434,49.9,393.88,230.9,1,1,2025-10-01 02:26:36,16.2,72.7,,1,0,,0
2025-10-01 02:27:21,314.08,3.3601,232.22,6.7231,20.1694,236.05,237.29,223.33,404.88,403.35,398.23,402.21,6.8917,7.7047,5.573,1.2839,1.2899,0.7864,3.2527,0.9971,1.2917,0.9639,4.6997,1.6268,1.8282,1.2446,0.7184,0.7897,0.7066,0.6321,49.9,393.94,230.94,1,1,2025-10-01 02:27:21,16.0,72,,1,0,,0
2025-10-01 02:28:06,314.12,3.3557,231.83,6.706,20.1182,233.54,238.94,223.03,403.39,403.93,397.11,401.51,6.7184,7.7524,5.6474,1.2466,1.335,0.7742,3.2234,0.9508,1.2796,0.9929,4.6809,1.569,1.8524,1.2595,0.7211,0.7951,0.7219,0.6148,49.9,394,230.98,1,1,2025-10-01 02:28:06,15.9,71.3,,1,0,,0
2025-10-01 02:28:51,314.16,3.352,231.94,6.7019,20.1059,234.23,238.47,223.12,403.33,404.07,397.54,401.69,6.7641,7.745,5.5968,1.2591,1.3214,0.7715,3.2278,0.96,1.2864,0.9813,4.6801,1.5844,1.847,1.2488,0.7203,0.7952,0.7165,0.618,49.9,394.06,231.02,1,1,2025-10-01 02:28:51,15.8,71.4,,1,0,,0
2025-10-01 02:29:36,314.2,3.3486,231.7,6.6909,20.0727,233.69,238.31,223.1,403.44,403.32,396.99,401.23,6.7121,7.695,5.6656,1.2404,1.3244,0.7838,3.2125,0.9581,1.2638,0.9907,4.6663,1.5686,1.8338,1.264,0.7216,0.7914,0.7234,0.6204,49.9,394.12,231.06,1,1,2025-10-01 02:29:36,15.7,71.1,,1,0,,0
2025-10-01 02:30:21,314.24,3.3417,231.64,6.6805,20.041600000000003,234.06,237.5,223.38,403.06,402.52,397.9,401.27,6.7802,7.6434,5.618,1.2509,1.3022,0.7887,3.2111,0.9747,1.2609,0.9755,4.6572,1.587,1.8153,1.2549,0.721,0.7888,0.7183,0.6287,49.9,394.18,231.1,1,1,2025-10-01 02:30:21,15.5,70.7,,1,0,,0
2025-10-01 02:31:06,314.25,0.3303,232.39,0.47,1.4101,234.84,238.08,224.25,404.8,403.39,399.19,402.48,0.0,1.4101,0.0,0,0.3303,0,0.0547,0,0.0547,0,0.3357,0,0.3357,0,0.9865,1,0.9865,1,49.9,394.18,231.1,0,1,2025-10-01 02:31:06,15.4,71.4,,0,0,,1
2025-10-01 02:31:51,314.25,0.3289,232.24,0.4686,1.4058,234.97,237.81,223.95,404.68,402.72,399.21,402.17,0.0,1.4058,0.0,0,0.3289,0,0.0547,0,0.0547,0,0.3343,0,0.3343,0,0.9864,1,0.9864,1,49.9,394.19,231.1,0,1,2025-10-01 02:31:51,15.4,74.5,,0,0,,1
2025-10-01 02:32:36,314.26,0.3277,232.42,0.4672,1.4017,234.77,237.8,224.71,404.77,403.14,399.67,402.58,0.0,1.4017,0.0,0,0.3277,0,0.0555,0,0.0555,0,0.3333,0,0.3333,0,0.9859,1,0.9859,1,49.9,394.19,231.1,0,1,2025-10-01 02:32:36,15.6,77.8,,0,0,,1
2025-10-01 02:33:21,314.26,0.3264,232.61,0.4664,1.3992,235.95,237.21,224.67,405.46,403.46,399.61,402.85,0.0,1.3992,0.0,0,0.3264,0,0.0546,0,0.0546,0,0.3319,0,0.3319,0,0.9862,1,0.9862,1,49.9,394.2,231.1,0,1,2025-10-01 02:33:21,15.8,80.6,,0,0,,1
2025-10-01 02:34:06,314.27,0.3268,232.13,0.4664,1.3992,234.94,237.53,223.94,404.41,403,398.64,401.92,0.0,1.3992,0.0,0,0.3268,0,0.055,0,0.055,0,0.3324,0,0.3324,0,0.9861,1,0.9861,1,49.9,394.2,231.1,0,1,2025-10-01 02:34:06,16.0,83.3,,0,0,,1
2025-10-01 02:34:51,314.27,0.3281,232.48,0.4663,1.3991,234.6,237.76,225.1,404.44,404.09,399.34,402.66,0.0,1.3991,0.0,0,0.327,0,0.0554,0,0.0554,0,0.3327,0,0.3327,0,0.986,1,0.9859,1,49.9,394.2,231.1,0,1,2025-10-01 02:34:51,16.2,85.7,,0,0,,1
2025-10-01 02:35:36,314.27,0.3279,232.29,0.4658,1.3974,234.55,237.76,224.58,404.06,404.26,398.54,402.27,0.0,1.3974,0.0,0,0.3266,0,0.0554,0,0.0554,0,0.3322,0,0.3322,0,0.986,1,0.9859,1,49.9,394.21,231.11,0,1,2025-10-01 02:35:36,16.5,87.5,,0,0,,1
2025-10-01 02:36:21,314.28,0.3275,232.02,0.4666,1.3998,233.92,238.01,224.14,403.59,403.76,398.09,401.87,0.0,1.3998,0.0,0,0.3275,0,0.0559,0,0.0559,0,0.3332,0,0.3332,0,0.9857,1,0.9857,1,49.9,394.21,231.11,0,1,2025-10-01 02:36:21,16.7,88.5,,0,0,,1
2025-10-01 02:37:06,314.28,0.3261,232.04,0.4654,1.3964,234.18,237.52,224.42,403.05,404.02,398.42,401.87,0.0,1.3964,0.0,0,0.3261,0,0.0553,0,0.0553,0,0.3317,0,0.3317,0,0.9859,1,0.9859,1,49.9,394.22,231.11,0,1,2025-10-01 02:37:06,16.8,89.1,,0,0,,1
2025-10-01 02:37:51,314.29,0.3252,231.99,0.4648,1.3945,234.83,237.14,224.02,403.38,403.59,398.3,401.77,0.0,1.3945,0.0,0,0.3252,0,0.0545,0,0.0545,0,0.3307,0,0.3307,0,0.9862,1,0.9862,1,49.9,394.22,231.11,0,1,2025-10-01 02:37:51,17.0,90.3,,0,0,,1
2025-10-01 02:38:36,314.29,0.3246,231.84,0.4644,1.3932,235.53,236.89,223.12,404.61,401.95,398,401.47,0.0,1.3932,0.0,0,0.3246,0,0.0543,0,0.0543,0,0.33,0,0.33,0,0.9863,1,0.9863,1,49.9,394.23,231.11,0,1,2025-10-01 02:38:36,17.2,90.8,,0,0,,1
2025-10-01 02:39:28,314.3,0.3247,231.75,0.4642,1.3927,234.56,237.07,223.64,403.15,403,397.88,401.28,0.0,1.3927,0.0,0,0.3247,0,0.0547,0,0.0547,0,0.3302,0,0.3302,0,0.986,1,0.986,1,49.9,394.23,231.11,0,1,2025-10-01 02:39:28,17.4,91.6,,0,0,,1
2025-10-01 02:40:13,314.3,0.3258,231.76,0.465,1.3951,234.66,237.47,223.15,403.7,402.68,397.69,401.32,0.0,1.3951,0.0,0,0.3258,0,0.0548,0,0.0548,0,0.3313,0,0.3313,0,0.9861,1,0.9861,1,49.9,394.24,231.11,0,1,2025-10-01 02:40:13,17.6,91.8,,0,0,,1
2025-10-01 02:40:58,314.3,0.3264,232.54,0.4655,1.3965,235.06,237.74,224.83,405.18,403.76,399.26,402.72,0.0,1.3965,0.0,0,0.3264,0,0.0553,0,0.0553,0,0.332,0,0.332,0,0.9859,1,0.9859,1,49.9,394.24,231.11,0,1,2025-10-01 02:40:58,17.7,92.4,,0,0,,1
2025-10-01 02:41:43,314.31,0.328,233.05,0.4662,1.3988,235.16,238.7,225.29,405.79,404.66,400.37,403.63,0.0,1.3988,0.0,0,0.328,0,0.0566,0,0.0566,0,0.3339,0,0.3339,0,0.9854,1,0.9854,1,50,394.24,231.11,0,1,2025-10-01 02:41:43,17.8,92.9,,0,0,,1
2025-10-01 02:42:28,314.31,0.3284,233.08,0.4665,1.3997,235.6,238.77,224.87,405.8,405.29,399.85,403.6,0.0,1.3997,0.0,0,0.3284,0,0.0562,0,0.0562,0,0.3342,0,0.3342,0,0.9856,1,0.9856,1,50,394.25,231.11,0,1,2025-10-01 02:42:28,18.0,93,,0,0,,1
2025-10-01 02:43:13,314.32,0.3279,233.03,0.4661,1.3985,235.66,238.53,224.91,405.4,404.78,400.5,403.35,0.0,1.3985,0.0,0,0.3279,0,0.0557,0,0.0557,0,0.3336,0,0.3336,0,0.9858,1,0.9858,1,50,394.25,231.11,0,1,2025-10-01 02:43:13,18.1,93.3,,0,0,,1
2025-10-01 02:43:59,314.32,0.3268,232.65,0.4653,1.3961,235.49,238.06,224.4,405.03,403.64,400.03,402.9,0.0,1.3961,0.0,0,0.3268,0,0.0551,0,0.0551,0,0.3324,0,0.3324,0,0.986,1,0.986,1,50,394.26,231.11,0,1,2025-10-01 02:43:59,18.2,93.3,,0,0,,1
2025-10-01 02:44:43,314.32,0.3245,232.22,0.4637,1.3913,236.21,237,223.47,404.53,402.99,398.95,402.17,0.0,1.3913,0.0,0,0.3245,0,0.0535,0,0.0535,0,0.3297,0,0.3297,0,0.9866,1,0.9866,1,50,394.26,231.11,0,1,2025-10-01 02:44:43,18.3,93.5,,0,0,,1
2025-10-01 02:45:28,314.36,3.4086,231.67,6.7618,20.2856,233.99,236.33,224.71,403.21,402.5,397.99,401.23,6.8823,7.7112,5.6921,1.2706,1.3178,0.8202,3.2236,0.9876,1.2552,0.9809,4.7118,1.6104,1.8224,1.2791,0.7265,0.7895,0.7241,0.6414,49.9,394.32,231.15,1,1,2025-10-01 02:45:28,18.4,93.4,,1,0,,0
2025-10-01 02:46:35,314.44,3.4111,231.43,6.748,20.2441,233.25,236.05,224.99,402.27,402.35,397.79,400.87,6.8453,7.6608,5.738,1.2561,1.3218,0.8332,3.1999,0.9839,1.2304,0.9856,4.696,1.5967,1.8083,1.291,0.7293,0.7872,0.7319,0.6455,49.9,394.42,231.23,1,1,2025-10-01 02:46:35,18.1,87.7,,1,0,,0
2025-10-01 02:47:20,314.48,3.3949,230.62,6.7182,20.154600000000002,231.87,235.89,224.12,400.54,401.63,396.06,399.4,6.7668,7.6321,5.7557,1.2375,1.3278,0.8295,3.1618,0.9626,1.212,0.9872,4.6593,1.569,1.8003,1.29,0.7317,0.7893,0.7385,0.6425,49.9,394.48,231.26,1,1,2025-10-01 02:47:20,18.0,84.9,,1,0,,0
2025-10-01 02:48:05,314.52,3.3931,230.43,6.7113,20.1341,232.07,236.24,222.98,399.7,401.92,395.47,398.87,6.7272,7.6658,5.7411,1.2392,1.3358,0.8181,3.1498,0.9475,1.2185,0.9838,4.6523,1.5612,1.811,1.2802,0.7328,0.7938,0.7385,0.6393,49.9,394.54,231.3,1,1,2025-10-01 02:48:05,17.8,82.6,,1,0,,0
2025-10-01 02:48:50,314.57,3.3949,230.54,6.7126,20.1379,232.25,236.27,223.12,400.76,401.1,395.92,399.28,6.7558,7.6624,5.7197,1.2456,1.3312,0.8181,3.1559,0.9532,1.223,0.9798,4.6556,1.569,1.8104,1.2762,0.7324,0.7945,0.7362,0.6408,49.9,394.6,231.34,1,1,2025-10-01 02:48:50,17.5,81,,1,0,,0
2025-10-01 02:49:35,314.61,3.3931,230.55,6.7108,20.1324,232.23,236.41,223.01,400.38,401.71,395.66,399.29,6.7205,7.6715,5.7404,1.2393,1.3374,0.8164,3.1537,0.9469,1.2212,0.9856,4.6545,1.5607,1.8136,1.2802,0.7324,0.7945,0.7384,0.6379,49.9,394.65,231.38,1,1,2025-10-01 02:49:35,17.4,79.2,,1,0,,0
2025-10-01 02:50:20,314.65,3.3721,230.12,6.6861,20.0583,231.96,235.94,222.48,399.54,400.78,395.22,398.51,6.707,7.6304,5.7209,1.2322,1.3247,0.8152,3.1368,0.9473,1.2114,0.9781,4.6289,1.5558,1.8003,1.2728,0.7321,0.7934,0.7376,0.6395,49.9,394.71,231.42,1,1,2025-10-01 02:50:20,17.2,77.9,,1,0,,0
2025-10-01 02:51:06,314.69,3.3623,230.15,6.6699,20.0099,231.68,236.16,222.62,399.4,401.04,395.24,398.55,6.711,7.6202,5.6787,1.2339,1.3227,0.8057,3.1337,0.944,1.2162,0.9735,4.6186,1.5548,1.7996,1.2642,0.7315,0.7942,0.7361,0.6375,49.9,394.77,231.46,1,1,2025-10-01 02:51:06,17.0,76.6,,1,0,,0
2025-10-01 02:51:50,314.74,3.3695,230.03,6.6727,20.0183,231.9,236.18,222.03,400.12,400.3,394.7,398.4,6.7005,7.6278,5.69,1.2366,1.3261,0.8068,3.1261,0.9393,1.2154,0.9714,4.6187,1.5538,1.8015,1.2634,0.733,0.7963,0.7372,0.6389,49.9,394.83,231.5,1,1,2025-10-01 02:51:50,16.8,75.5,,1,0,,0
2025-10-01 02:52:35,314.78,3.3651,230.24,6.6753,20.0259,232.22,235.82,222.68,399.93,400.93,395.29,398.71,6.7246,7.6289,5.6724,1.239,1.3193,0.8068,3.1393,0.9488,1.2194,0.9711,4.6238,1.5616,1.799,1.2631,0.7312,0.7939,0.7343,0.639,49.9,394.89,231.54,1,1,2025-10-01 02:52:35,16.7,74.7,,1,0,,0
2025-10-01 02:53:42,314.85,3.3761,231.27,6.7045,20.1137,233.41,237.37,223.03,402.54,402.52,396.46,400.5,6.7675,7.7281,5.6181,1.2598,1.3284,0.788,3.1852,0.9509,1.261,0.9733,4.667,1.5796,1.8344,1.253,0.7273,0.7981,0.7252,0.6292,50,394.99,231.61,1,1,2025-10-01 02:53:42,16.4,73.4,,1,0,,0
2025-10-01 02:54:27,314.9,3.3707,231.29,6.7032,20.1096,233.34,237.72,222.83,402.02,402.96,396.62,400.56,6.7269,7.7245,5.6582,1.2495,1.3327,0.7885,3.1905,0.9482,1.2592,0.9832,4.6667,1.5697,1.8363,1.2608,0.7262,0.7966,0.7268,0.6256,49.9,395.05,231.65,1,1,2025-10-01 02:54:27,16.2,72.1,,1,0,,0
2025-10-01 02:55:12,314.94,3.3627,231.41,6.692,20.0762,232.47,236.93,224.85,402.27,402.27,397.8,400.78,6.717,7.6512,5.708,1.228,1.3269,0.8078,3.1912,0.9629,1.2314,0.997,4.6577,1.5615,1.8128,1.2834,0.7253,0.7869,0.733,0.6295,50,395.1,231.69,1,1,2025-10-01 02:55:12,16.1,72.4,,1,0,,0
2025-10-01 02:56:42,315.02,3.3546,230.9,6.6677,20.0032,232.35,235.66,224.69,401.23,401.97,396.46,399.78,6.7046,7.6366,5.662,1.2289,1.3195,0.8063,3.1593,0.9557,1.22,0.9835,4.6297,1.5578,1.7996,1.2722,0.7279,0.7893,0.7342,0.6339,50,395.22,231.77,1,1,2025-10-01 02:56:42,15.8,71.7,,1,0,,0
2025-10-01 02:57:27,315.06,3.3471,231.27,6.6622,19.9867,234.2,234.12,225.5,401.85,402.1,397.63,400.52,6.8183,7.5361,5.6323,1.2438,1.2782,0.8251,3.1776,0.9998,1.2128,0.965,4.6313,1.5968,1.7644,1.2701,0.7252,0.7794,0.7254,0.6498,50,395.28,231.81,1,1,2025-10-01 02:57:27,15.7,71.1,,1,0,,0
2025-10-01 02:58:12,315.11,3.3464,231.23,6.6633,19.9899,233.8,234.11,225.78,402.1,401.17,398.15,400.44,6.8076,7.5198,5.6625,1.2361,1.2797,0.8306,3.1775,1.0008,1.2054,0.9712,4.6306,1.5916,1.7605,1.2785,0.7251,0.7771,0.7279,0.6499,50,395.34,231.85,1,1,2025-10-01 02:58:12,15.6,71.6,,1,0,,0
2025-10-01 02:59:42,315.18,0.3256,231.69,0.4687,1.4063,234.8,234.69,225.59,403.16,401.76,398.89,401.3,0.0,1.4063,0.0,0,0.3256,0,0.049,0,0.049,0,0.33,0,0.33,0,0.9888,1,0.9888,1,50,395.43,231.91,0,1,2025-10-01 02:59:42,15.4,71.3,,0,0,,1
2025-10-01 03:00:48,315.18,0.3194,230.01,0.4627,1.3881,231.93,233.25,224.87,399.75,399.85,395.51,398.41,0.0,1.3881,0.0,0,0.3194,0,0.0485,0,0.0485,0,0.3238,0,0.3238,0,0.9886,1,0.9886,1,50,395.44,231.91,0,1,2025-10-01 03:00:48,15.4,75.2,,0,0,,1
2025-10-01 03:01:33,315.19,0.3189,229.96,0.4624,1.3873,232.57,232.96,224.37,400.08,399.18,395.58,398.3,0.0,1.3873,0.0,0,0.3189,0,0.0481,0,0.0481,0,0.3232,0,0.3232,0,0.9888,1,0.9888,1,50,395.45,231.91,0,1,2025-10-01 03:01:33,15.5,78.6,,0,0,,1
2025-10-01 03:02:18,315.19,0.3183,230.02,0.4619,1.3857,232.8,232.84,224.44,400.56,398.89,395.72,398.36,0.0,1.3857,0.0,0,0.3183,0,0.0481,0,0.0481,0,0.3226,0,0.3226,0,0.9887,1,0.9887,1,50,395.45,231.91,0,1,2025-10-01 03:02:18,15.8,81.5,,0,0,,1
2025-10-01 03:03:03,315.2,0.3191,230.38,0.4622,1.3866,232.46,233.34,225.36,400.52,399.68,396.85,398.62,0.0,1.3866,0.0,0,0.3191,0,0.0488,0,0.0488,0,0.3235,0,0.3235,0,0.9884,1,0.9884,1,50,395.45,231.91,0,1,2025-10-01 03:03:04,16.0,84,,0,0,,1
2025-10-01 03:03:48,315.2,0.3207,230.38,0.4633,1.39,232.45,234.01,224.69,400.29,400.3,396.4,398.98,0.0,1.39,0.0,0,0.3207,0,0.0498,0,0.0498,0,0.3253,0,0.3253,0,0.9881,1,0.9881,1,50,395.46,231.92,0,1,2025-10-01 03:03:48,16.2,85.2,,0,0,,1
2025-10-01 03:04:33,315.2,0.3208,230.61,0.4629,1.3887,232.23,234.42,225.18,400.96,400.33,396.92,399.35,0.0,1.3887,0.0,0,0.3208,0,0.0505,0,0.0505,0,0.3255,0,0.3255,0,0.9878,1,0.9878,1,50,395.46,231.92,0,1,2025-10-01 03:04:33,16.4,86.8,,0,0,,1
2025-10-01 03:05:18,315.21,0.3206,230.61,0.4627,1.3882,232.17,234.37,225.3,400.53,400.7,396.97,399.35,0.0,1.3882,0.0,0,0.3206,0,0.0505,0,0.0505,0,0.3254,0,0.3254,0,0.9878,1,0.9878,1,50,395.47,231.92,0,1,2025-10-01 03:05:19,16.6,88,,0,0,,1
2025-10-01 03:06:03,315.21,0.321,230.55,0.4628,1.3886,232.99,234.6,224.06,400.93,400.47,396.45,399.32,0.0,1.3886,0.0,0,0.321,0,0.0507,0,0.0507,0,0.3258,0,0.3258,0,0.9877,1,0.9877,1,50,395.47,231.92,0,1,2025-10-01 03:06:03,16.8,88.9,,0,0,,1
2025-10-01 03:06:48,315.22,0.3209,230.77,0.4627,1.3883,233.25,234.57,224.5,401.15,400.99,396.85,399.67,0.0,1.3883,0.0,0,0.3209,0,0.0503,0,0.0503,0,0.3257,0,0.3257,0,0.9879,1,0.9879,1,50,395.47,231.92,0,1,2025-10-01 03:06:48,17.0,89.8,,0,0,,1
2025-10-01 03:07:33,315.22,0.3203,231.14,0.4623,1.3871,234.26,234.34,224.82,401.91,401.43,397.55,400.31,0.0,1.3871,0.0,0,0.3203,0,0.0505,0,0.0505,0,0.3251,0,0.3251,0,0.9877,1,0.9877,1,50,395.48,231.92,0,1,2025-10-01 03:07:33,17.1,90.5,,0,0,,1
2025-10-01 03:08:18,315.22,0.3205,231.34,0.4628,1.3884,234.73,234.19,225.1,402.43,401.23,398.29,400.6,0.0,1.3884,0.0,0,0.3205,0,0.05,0,0.05,0,0.3251,0,0.3251,0,0.988,1,0.988,1,50,395.48,231.92,0,1,2025-10-01 03:08:18,17.3,91.1,,0,0,,1
2025-10-01 03:09:03,315.23,0.3201,231.75,0.4624,1.3873,235.02,234.07,226.17,403.23,401.89,399,401.36,0.0,1.3873,0.0,0,0.3201,0,0.0497,0,0.0497,0,0.3247,0,0.3247,0,0.9881,1,0.9881,1,50,395.49,231.92,0,1,2025-10-01 03:09:03,17.4,91.6,,0,0,,1
2025-10-01 03:09:48,315.23,0.3201,231.7,0.462,1.3861,234.01,234.32,226.78,402.52,402.72,398.62,401.27,0.0,1.3861,0.0,0,0.3201,0,0.05,0,0.05,0,0.3248,0,0.3248,0,0.988,1,0.988,1,50,395.49,231.92,0,1,2025-10-01 03:09:48,17.6,92.1,,0,0,,1
2025-10-01 03:10:33,315.24,0.3194,231.33,0.4613,1.3841,233.19,234.21,226.6,402.08,402.02,397.87,400.8,0.0,1.3841,0.0,0,0.3194,0,0.0504,0,0.0504,0,0.3242,0,0.3242,0,0.9877,1,0.9877,1,50,395.49,231.92,0,1,2025-10-01 03:10:33,17.7,92.6,,0,0,,1
2025-10-01 03:11:18,315.24,0.3199,231.4,0.4619,1.3859,233.25,234.27,226.68,401.97,402.06,398.27,400.7,0.0,1.3859,0.0,0,0.3199,0,0.0504,0,0.0504,0,0.3247,0,0.3247,0,0.9878,1,0.9878,1,50,395.5,231.92,0,1,2025-10-01 03:11:18,17.9,93,,0,0,,1
2025-10-01 03:12:03,315.24,0.3193,231.41,0.4614,1.3843,233.95,234.01,226.28,401.99,401.99,398.37,400.77,0.0,1.3843,0.0,0,0.3193,0,0.0497,0,0.0497,0,0.3239,0,0.3239,0,0.9881,1,0.9881,1,50,395.5,231.92,0,1,2025-10-01 03:12:03,18.0,93.1,,0,0,,1
2025-10-01 03:12:48,315.25,0.3198,231.45,0.462,1.386,234.73,234.07,225.56,403.04,401.19,398.34,400.9,0.0,1.386,0.0,0,0.3198,0,0.0496,0,0.0496,0,0.3244,0,0.3244,0,0.9881,1,0.9881,1,50,395.51,231.92,0,1,2025-10-01 03:12:48,18.1,93.1,,0,0,,1
2025-10-01 03:13:33,315.25,0.3201,230.82,0.4616,1.385,233.3,234.42,224.76,401.37,401.67,396.24,399.8,0.0,1.385,0.0,0,0.3201,0,0.0497,0,0.0497,0,0.3247,0,0.3247,0,0.9881,1,0.9881,1,50,395.51,231.92,0,1,2025-10-01 03:13:33,18.2,93.5,,0,0,,1
2025-10-01 03:14:18,315.27,3.3526,230.1,6.6512,19.9536,232.78,233.99,223.55,400.25,400.13,395.14,398.54,6.719,7.6404,5.5942,1.2438,1.3068,0.802,3.1212,0.9463,1.2162,0.9587,4.6024,1.564,1.7878,1.2506,0.7319,0.7958,0.732,0.6416,50,395.53,231.94,1,1,2025-10-01 03:14:18,18.3,93.6,,1,0,,0
2025-10-01 03:15:03,315.31,3.4037,230.09,6.7065,20.119500000000002,230.66,234.37,225.26,399.33,400.83,395.36,398.52,6.7239,7.6501,5.7455,1.2276,1.3392,0.837,3.1207,0.946,1.1883,0.9864,4.6381,1.5509,1.793,1.2942,0.737,0.792,0.7479,0.6469,50,395.59,231.98,1,1,2025-10-01 03:15:03,18.3,92,,1,0,,0
2025-10-01 03:15:48,315.35,3.4266,230.26,6.7276,20.183,231.03,233.93,225.82,399.45,400.73,396.2,398.69,6.7944,7.6387,5.7499,1.2403,1.3351,0.8513,3.124,0.9603,1.1839,0.9798,4.6551,1.5697,1.7869,1.2984,0.7389,0.7906,0.7481,0.6558,50,395.65,232.01,1,1,2025-10-01 03:15:48,18.2,88.7,,1,0,,0
2025-10-01 03:16:33,315.4,3.4119,230.26,6.7125,20.137700000000002,230.55,233.95,226.3,399.35,401.08,396,398.81,6.7424,7.6065,5.7888,1.2217,1.3359,0.8543,3.1222,0.9588,1.1712,0.9922,4.644,1.5545,1.7795,1.31,0.7377,0.7866,0.7519,0.6524,50,395.71,232.05,1,1,2025-10-01 03:16:33,18.0,85.6,,1,0,,0
2025-10-01 03:18:03,315.48,3.3932,229.95,6.6824,20.0472,231.76,233.5,224.61,399.05,400.53,395.17,398.27,6.7376,7.598,5.7116,1.2341,1.3203,0.8387,3.1064,0.9548,1.1814,0.9702,4.6185,1.5615,1.7741,1.2829,0.7375,0.7909,0.7452,0.6539,50,395.82,232.13,1,1,2025-10-01 03:18:03,17.6,80.7,,1,0,,0
2025-10-01 03:18:48,315.52,3.3813,229.6,6.6662,19.9986,230.45,233.63,224.74,398.19,399.95,394.82,397.62,6.712,7.5486,5.738,1.2183,1.32,0.8429,3.0925,0.9513,1.1658,0.9754,4.5999,1.5468,1.7636,1.2896,0.7379,0.7881,0.7495,0.6538,50,395.88,232.17,1,1,2025-10-01 03:18:48,17.4,79.5,,1,0,,0
2025-10-01 03:19:33,315.57,3.3735,229.55,6.6544,19.9633,230.19,234.03,224.44,398.25,399.82,394.61,397.58,6.6472,7.5461,5.77,1.2047,1.3281,0.8406,3.0849,0.9411,1.1596,0.9842,4.5912,1.5301,1.766,1.295,0.7379,0.788,0.7532,0.6494,50,395.94,232.21,1,1,2025-10-01 03:19:33,17.1,77.4,,1,0,,0
2025-10-01 03:20:18,315.61,3.3583,230.13,6.6462,19.9387,231.64,234.31,224.46,399.4,400.7,395.58,398.56,6.7071,7.5484,5.6832,1.2229,1.3092,0.8261,3.113,0.9564,1.1853,0.9714,4.5979,1.5536,1.7687,1.2757,0.7333,0.7877,0.7413,0.6478,50,396,232.25,1,1,2025-10-01 03:20:18,17.0,77,,1,0,,0
2025-10-01 03:21:03,315.65,3.3654,230.38,6.6585,19.9756,232,233.67,225.48,400.23,400.49,396.29,399.01,6.7788,7.544,5.6528,1.2342,1.2986,0.8326,3.1258,0.9729,1.1884,0.9644,4.6101,1.5727,1.7628,1.2746,0.7327,0.7853,0.7377,0.6534,50,396.05,232.29,1,1,2025-10-01 03:21:03,16.8,75.5,,1,0,,0
2025-10-01 03:21:48,315.69,3.3682,230.15,6.6616,19.985,231.92,233.52,225.02,399.68,400.1,396.03,398.6,6.7362,7.5798,5.669,1.2302,1.3086,0.8293,3.1172,0.961,1.1878,0.9685,4.6079,1.5623,1.77,1.2756,0.7339,0.788,0.7404,0.6504,50,396.11,232.33,1,1,2025-10-01 03:21:48,16.6,75.1,,1,0,,0
2025-10-01 03:22:33,315.73,3.366,230.42,6.6702,20.0106,231.67,233.94,225.66,399.94,401.42,395.85,398.93,6.7311,7.5915,5.688,1.224,1.313,0.829,3.1353,0.9642,1.1919,0.9792,4.6189,1.5594,1.776,1.2836,0.7317,0.7855,0.7404,0.6461,50,396.17,232.36,1,1,2025-10-01 03:22:33,16.5,74.5,,1,0,,0
2025-10-01 03:23:18,315.78,3.3634,230.69,6.6688,20.0064,231.22,233.35,227.5,400.03,401.77,396.84,399.53,6.7109,7.5382,5.7573,1.2034,1.3111,0.8489,3.1419,0.9772,1.1684,0.9963,4.6205,1.5517,1.759,1.3098,0.7307,0.7762,0.7465,0.6485,50,396.23,232.4,1,1,2025-10-01 03:23:18,16.3,73.4,,1,0,,0
2025-10-01 03:24:03,315.82,3.358,230.5,6.6583,19.974899999999998,231.65,232.73,227.12,400.15,400.87,396.63,399.1,6.7442,7.5336,5.6971,1.2151,1.2996,0.8433,3.1343,0.9801,1.1734,0.9808,4.6095,1.5623,1.7533,1.2939,0.731,0.7783,0.7422,0.6519,50,396.28,232.44,1,1,2025-10-01 03:24:03,16.2,73,,1,0,,0
2025-10-01 03:24:48,315.86,3.3802,230.56,6.689,20.0671,231.12,232.83,227.75,399.96,401.3,396.74,399.3,6.7167,7.5787,5.7717,1.2067,1.3196,0.854,3.1404,0.9744,1.1675,0.9985,4.6314,1.5524,1.7645,1.3145,0.7326,0.778,0.7489,0.6499,50,396.34,232.48,1,1,2025-10-01 03:24:48,16.0,72.3,,1,0,,0
2025-10-01 03:25:33,315.9,3.3972,230.52,6.7007,20.1023,231.8,232.88,226.89,400.35,401.02,396.39,399.31,6.7746,7.6056,5.7221,1.2301,1.3173,0.8498,3.1351,0.9741,1.1802,0.9808,4.6398,1.5704,1.7712,1.2983,0.7348,0.7839,0.7448,0.6547,50,396.4,232.52,1,1,2025-10-01 03:25:33,15.9,71.7,,1,0,,0
2025-10-01 03:27:03,315.99,3.3443,230.01,6.63,19.8902,231.22,232.16,226.65,399.29,399.85,395.97,398.47,6.7377,7.5142,5.6383,1.2169,1.2922,0.8352,3.1053,0.9707,1.1682,0.9664,4.5803,1.5579,1.7445,1.2779,0.7328,0.7817,0.7417,0.6539,50,396.52,232.6,1,1,2025-10-01 03:27:03,15.6,71.1,,1,0,,0
2025-10-01 03:27:48,316.02,0.3227,230.45,0.4676,1.4028,231.18,232.93,227.24,400.1,400.67,396.64,399.11,0.0,1.4028,0.0,0,0.3227,0,0.0467,0,0.0467,0,0.3268,0,0.3268,0,0.9897,1,0.9897,1,50,396.56,232.63,0,1,2025-10-01 03:27:48,15.5,71,,0,0,,1
2025-10-01 03:28:33,316.02,0.3203,230.82,0.4645,1.3935,231.84,232.89,227.75,400.81,400.65,397.91,399.77,0.0,1.3935,0.0,0,0.3203,0,0.0475,0,0.0475,0,0.3245,0,0.3245,0,0.9892,1,0.9892,1,50,396.56,232.63,0,1,2025-10-01 03:28:33,15.4,72.6,,0,0,,1
2025-10-01 03:29:18,316.02,0.3195,230.76,0.4636,1.391,232.02,232.78,227.48,400.81,401.17,397.03,399.66,0.0,1.391,0.0,0,0.3195,0,0.0479,0,0.0479,0,0.3238,0,0.3238,0,0.9889,1,0.9889,1,50,396.56,232.63,0,1,2025-10-01 03:29:18,15.5,75.7,,0,0,,1
2025-10-01 03:30:03,316.03,0.3204,230.72,0.4629,1.3888,232.43,232.92,226.81,400.75,401.07,396.96,399.61,0.0,1.3888,0.0,0,0.3191,0,0.0482,0,0.0482,0,0.3235,0,0.3235,0,0.9888,1,0.9887,1,50,396.57,232.63,0,1,2025-10-01 03:30:03,15.7,78.3,,0,0,,1
2025-10-01 03:30:48,316.03,0.3195,230.58,0.4631,1.3893,231.49,233.11,227.14,400.23,400.94,396.91,399.3,0.0,1.3893,0.0,0,0.3195,0,0.0484,0,0.0484,0,0.3239,0,0.3239,0,0.9887,1,0.9887,1,50,396.57,232.63,0,1,2025-10-01 03:30:48,15.8,80.7,,0,0,,1
2025-10-01 03:31:33,316.04,0.3199,230.46,0.4629,1.3889,230.77,233.59,227.02,399.61,400.88,396.95,399.19,0.0,1.3889,0.0,0,0.3199,0,0.0492,0,0.0492,0,0.3244,0,0.3244,0,0.9883,1,0.9883,1,50,396.58,232.63,0,1,2025-10-01 03:31:33,16.0,82.9,,0,0,,1
2025-10-01 03:32:18,316.04,0.3186,230.11,0.4619,1.3858,231.18,233.13,226.04,399.62,400.2,395.84,398.56,0.0,1.3858,0.0,0,0.3186,0,0.0488,0,0.0488,0,0.3231,0,0.3231,0,0.9884,1,0.9884,1,50,396.58,232.63,0,1,2025-10-01 03:32:18,16.2,85,,0,0,,1
2025-10-01 03:33:03,316.04,0.3184,230.06,0.4614,1.3843,230.56,233.28,226.34,399.34,400.48,395.56,398.45,0.0,1.3843,0.0,0,0.3184,0,0.0494,0,0.0494,0,0.3229,0,0.3229,0,0.9881,1,0.9881,1,50,396.58,232.63,0,1,2025-10-01 03:33:03,16.4,88,,0,0,,1
2025-10-01 03:33:48,316.05,0.3177,230.3,0.461,1.3831,231.39,232.97,226.56,400.02,400.37,396.27,398.9,0.0,1.3831,0.0,0,0.3177,0,0.0489,0,0.0489,0,0.3222,0,0.3222,0,0.9883,1,0.9883,1,50,396.59,232.63,0,1,2025-10-01 03:33:48,16.7,90.5,,0,0,,1
2025-10-01 03:34:33,316.05,0.3189,230.52,0.461,1.3831,231.25,233.15,227.18,400.41,400.72,396.68,399.19,0.0,1.3831,0.0,0,0.3179,0,0.0493,0,0.0493,0,0.3225,0,0.3225,0,0.9882,1,0.9881,1,50,396.59,232.63,0,1,2025-10-01 03:34:33,17.0,91.2,,0,0,,1
2025-10-01 03:35:18,316.06,0.3182,230.59,0.461,1.3831,231.3,233.41,227.06,400.5,400.93,396.71,399.39,0.0,1.3831,0.0,0,0.3182,0,0.0496,0,0.0496,0,0.3228,0,0.3228,0,0.988,1,0.988,1,50,396.6,232.63,0,1,2025-10-01 03:35:18,17.2,91.8,,0,0,,1
2025-10-01 03:36:03,316.06,0.3186,230.9,0.4613,1.3841,231.72,233.62,227.37,401.1,401.69,396.97,399.94,0.0,1.3841,0.0,0,0.3186,0,0.05,0,0.05,0,0.3234,0,0.3234,0,0.9878,1,0.9878,1,50,396.6,232.63,0,1,2025-10-01 03:36:03,17.5,92.3,,0,0,,1
2025-10-01 03:36:48,316.06,0.3206,230.87,0.462,1.386,231.72,234,226.91,400.9,401.91,396.8,399.87,0.0,1.386,0.0,0,0.3196,0,0.0501,0,0.0501,0,0.3243,0,0.3243,0,0.988,1,0.9879,1,50,396.6,232.63,0,1,2025-10-01 03:36:48,17.7,92.5,,0,0,,1
2025-10-01 03:37:33,316.07,0.3189,231.05,0.4613,1.384,231.53,233.72,227.9,400.76,402.33,397.43,400.08,0.0,1.384,0.0,0,0.3189,0,0.0493,0,0.0493,0,0.3235,0,0.3235,0,0.9882,1,0.9882,1,50,396.61,232.63,0,1,2025-10-01 03:37:33,17.9,92.5,,0,0,,1
2025-10-01 03:38:18,316.07,0.3188,230.99,0.4611,1.3835,231.98,233.8,227.19,400.95,401.86,397.38,400.06,0.0,1.3835,0.0,0,0.3188,0,0.0495,0,0.0495,0,0.3235,0,0.3235,0,0.9881,1,0.9881,1,50,396.61,232.64,0,1,2025-10-01 03:38:18,18.0,92.4,,0,0,,1
2025-10-01 03:39:03,316.08,0.3194,231.09,0.4617,1.3851,232.4,233.92,226.97,401.03,401.81,397.9,400.18,0.0,1.3851,0.0,0,0.3194,0,0.0493,0,0.0493,0,0.324,0,0.324,0,0.9882,1,0.9882,1,50.1,396.62,232.64,0,1,2025-10-01 03:39:03,18.1,92.7,,0,0,,1
2025-10-01 03:39:48,316.09,3.3418,230.46,6.6415,19.9246,231.02,233.77,226.59,400.51,400.33,396.63,399.14,6.689,7.5743,5.6613,1.2112,1.3096,0.821,3.1306,0.9576,1.1879,0.985,4.5987,1.5453,1.7706,1.2828,0.7297,0.7844,0.7406,0.6402,50.1,396.63,232.64,1,1,2025-10-01 03:39:48,18.3,92.9,,1,0,,0
2025-10-01 03:40:33,316.13,3.3851,230.18,6.6792,20.0376,230.06,233.46,227.03,398.83,401.34,395.83,398.61,6.7049,7.595,5.7377,1.2108,1.3304,0.8438,3.1138,0.9536,1.1684,0.9918,4.6183,1.5425,1.7731,1.3026,0.7359,0.7856,0.7513,0.6479,50.1,396.69,232.68,1,1,2025-10-01 03:40:33,18.3,91.4,,1,0,,0
2025-10-01 03:41:18,316.17,3.3806,230.2,6.6753,20.0261,230.81,233.41,226.38,399.58,400.48,396.04,398.72,6.7373,7.6201,5.6687,1.227,1.3228,0.8308,3.1162,0.9535,1.1853,0.9774,4.6169,1.555,1.7786,1.2833,0.7352,0.7896,0.7447,0.6476,50.1,396.74,232.72,1,1,2025-10-01 03:41:18,18.2,88.7,,1,0,,0
2025-10-01 03:42:03,316.21,3.3775,230.97,6.6759,20.0277,232.95,233.34,226.63,401.27,401.26,397.57,399.91,6.8281,7.5177,5.6819,1.2388,1.2896,0.8491,3.1485,0.9956,1.1855,0.9674,4.6325,1.5906,1.7542,1.2877,0.7314,0.7794,0.7362,0.6596,50.1,396.8,232.76,1,1,2025-10-01 03:42:03,18.1,86.4,,1,0,,0
2025-10-01 03:42:55,316.28,3.3869,231.06,6.6834,20.0504,232.9,233.47,226.83,401.19,401.85,397.52,400.19,6.8453,7.5169,5.6882,1.2417,1.292,0.8532,3.1502,0.9983,1.1844,0.9675,4.6395,1.5943,1.755,1.2903,0.7322,0.7793,0.7371,0.6613,50.1,396.89,232.82,1,1,2025-10-01 03:42:55,17.9,82.8,,1,0,,0
2025-10-01 03:43:40,316.32,3.3787,230.9,6.672,20.016199999999998,233.64,233.38,225.69,401.3,401.28,397.1,399.86,6.8081,7.5663,5.6418,1.2486,1.2943,0.8359,3.142,0.9838,1.1981,0.9601,4.6298,1.5906,1.7658,1.2733,0.7322,0.7854,0.7338,0.6566,50.1,396.95,232.86,1,1,2025-10-01 03:43:40,17.7,80.4,,1,0,,0
2025-10-01 03:44:25,316.36,3.3815,230.76,6.6784,20.0353,232.75,233.15,226.39,400.25,401.83,396.87,399.65,6.8048,7.5306,5.6999,1.2356,1.2958,0.85,3.14,0.9887,1.1812,0.9702,4.63,1.5838,1.7558,1.2904,0.7327,0.7807,0.739,0.6589,50.1,397.01,232.9,1,1,2025-10-01 03:44:25,17.4,79.5,,1,0,,0
2025-10-01 03:45:10,316.4,3.3682,231.17,6.6741,20.0223,233.62,233.92,225.97,401.66,401.92,397.5,400.41,6.7926,7.5742,5.6555,1.2414,1.2956,0.8312,3.1609,0.9864,1.2046,0.9699,4.6366,1.5869,1.7718,1.278,0.7291,0.7829,0.7323,0.6507,50.1,397.06,232.93,1,1,2025-10-01 03:45:11,17.3,78.4,,1,0,,0
2025-10-01 03:45:55,316.44,3.3619,231.26,6.6716,20.0148,234.26,233.88,225.66,401.91,402.42,397.21,400.5,6.7825,7.5877,5.6446,1.2438,1.2924,0.8256,3.168,0.9865,1.2123,0.9691,4.6372,1.5889,1.7746,1.2738,0.7277,0.7834,0.7293,0.6485,50,397.12,232.98,1,1,2025-10-01 03:45:55,17.2,77,,1,0,,0
2025-10-01 03:46:40,316.49,3.361,231.22,6.6669,20.0008,233.62,233.74,226.32,401.59,402.2,397.57,400.55,6.7426,7.5856,5.6726,1.2309,1.3004,0.8297,3.1616,0.9809,1.2016,0.979,4.6321,1.5752,1.7731,1.2838,0.7283,0.782,0.7344,0.6465,50.1,397.18,233.01,1,1,2025-10-01 03:46:40,17.0,76.5,,1,0,,0
2025-10-01 03:47:25,316.53,3.3632,230.87,6.6636,19.991,233.55,233.12,225.96,401.06,401.57,396.91,400.02,6.7374,7.5772,5.6764,1.2312,1.2987,0.8332,3.1459,0.9779,1.1936,0.9744,4.6226,1.5735,1.7664,1.2826,0.7303,0.783,0.7362,0.6498,50,397.24,233.06,1,1,2025-10-01 03:47:26,16.9,75.3,,1,0,,0
2025-10-01 03:48:10,316.57,3.3637,230.16,6.6531,19.9595,231.38,232.5,226.6,399.52,400.66,395.69,398.57,6.7486,7.5638,5.6471,1.2248,1.3038,0.8351,3.1126,0.9669,1.1767,0.969,4.5997,1.5615,1.7586,1.2796,0.7339,0.7848,0.7423,0.6528,50,397.3,233.09,1,1,2025-10-01 03:48:10,16.8,74.1,,1,0,,0
2025-10-01 03:48:55,316.61,3.3699,230.14,6.6633,19.9899,231.19,232.82,226.41,399.66,400.64,395.48,398.65,6.7519,7.5698,5.6682,1.2248,1.3085,0.8366,3.1162,0.9661,1.1774,0.9727,4.6067,1.561,1.7624,1.2833,0.7342,0.7851,0.7433,0.652,50,397.35,233.13,1,1,2025-10-01 03:48:55,16.6,73.2,,1,0,,0
2025-10-01 03:50:02,316.69,3.3555,229.96,6.6461,19.9384,231.6,232.74,225.55,399.8,400.24,394.81,398.25,6.7574,7.5773,5.6037,1.2331,1.3,0.8224,3.1084,0.9616,1.1879,0.9589,4.5925,1.565,1.7635,1.2639,0.7336,0.7885,0.7382,0.651,50,397.46,233.2,1,1,2025-10-01 03:50:02,16.3,72,,1,0,,0
2025-10-01 03:50:47,316.73,3.34,229.58,6.6245,19.8735,230.75,232.68,225.32,399.01,399.4,394.47,397.57,6.7228,7.5029,5.6478,1.2152,1.2941,0.8306,3.0945,0.9626,1.1683,0.9636,4.5696,1.5513,1.7458,1.2726,0.7335,0.7838,0.7422,0.6529,50,397.51,233.24,1,1,2025-10-01 03:50:47,16.2,72,,1,0,,0
2025-10-01 03:51:32,316.77,3.3334,229.5,6.6159,19.8477,230.33,232.98,225.2,398.09,400.09,394.26,397.5,6.6634,7.5255,5.6588,1.2048,1.3049,0.8237,3.088,0.949,1.1673,0.9717,4.5624,1.5348,1.7533,1.2744,0.7335,0.7855,0.7452,0.6466,50,397.57,233.28,1,1,2025-10-01 03:51:32,16.0,71.7,,1,0,,0
2025-10-01 03:52:17,316.81,3.3342,229.8,6.6189,19.8568,229.95,233.96,225.51,398.81,400.8,394.42,398.01,6.6261,7.5421,5.6886,1.1958,1.318,0.8203,3.0976,0.9424,1.1695,0.9857,4.5711,1.5237,1.7645,1.2828,0.7326,0.7854,0.748,0.6396,50,397.63,233.32,1,1,2025-10-01 03:52:17,15.9,70.8,,1,0,,0
2025-10-01 03:53:02,316.86,3.3277,229.54,6.6005,19.8017,229.85,233.32,225.46,397.55,400.08,395,397.54,6.625,7.4734,5.7033,1.1898,1.3064,0.8315,3.0803,0.9486,1.1513,0.9804,4.5523,1.5228,1.7437,1.2859,0.7338,0.7819,0.7502,0.6468,50,397.68,233.36,1,1,2025-10-01 03:53:02,15.7,71.4,,1,0,,0
2025-10-01 03:53:47,316.9,3.3253,229.54,6.5997,19.7993,230.21,232.98,225.45,398.46,399.13,395.11,397.52,6.676,7.4568,5.6665,1.1998,1.2938,0.8317,3.0825,0.9583,1.1554,0.9688,4.5517,1.5369,1.7373,1.2775,0.7333,0.7813,0.7461,0.6512,50,397.74,233.4,1,1,2025-10-01 03:53:47,15.6,71,,1,0,,0
2025-10-01 03:54:32,316.94,3.3267,229.37,6.5929,19.7789,230.49,232.62,225.01,397.89,399.78,394.09,397.28,6.6837,7.4558,5.6394,1.2066,1.2902,0.8299,3.0709,0.956,1.1556,0.9593,4.5438,1.5405,1.7344,1.2689,0.7347,0.7837,0.7449,0.6536,50,397.79,233.43,1,1,2025-10-01 03:54:33,15.5,70.4,,1,0,,0
2025-10-01 03:55:17,316.94,0.324,229.93,0.467,1.401,230.82,233.61,225.37,399.29,400.43,394.97,398.21,0.0,1.401,0.0,0,0.323,0,0.0479,0,0.0479,0,0.3273,0,0.3273,0,0.9892,1,0.9891,1,50,397.8,233.44,0,1,2025-10-01 03:55:17,15.5,72.5,,0,0,,1
2025-10-01 03:56:02,316.95,0.3224,230.91,0.4649,1.3948,232.23,234.2,226.3,400.5,402.12,397.12,399.52,0.0,1.3948,0.0,0,0.3224,0,0.0499,0,0.0499,0,0.3267,0,0.3267,0,0.9882,1,0.9882,1,50,397.81,233.44,0,1,2025-10-01 03:56:02,15.6,75,,0,0,,1
2025-10-01 03:57:08,316.95,0.3214,231.07,0.464,1.3922,233.26,234.13,225.84,401.29,401.66,397.64,400.23,0.0,1.3922,0.0,0,0.3214,0,0.0499,0,0.0499,0,0.326,0,0.326,0,0.9881,1,0.9881,1,50,397.81,233.44,0,1,2025-10-01 03:57:08,16.0,79.5,,0,0,,1
2025-10-01 03:57:53,316.96,0.3198,231.13,0.4628,1.3884,233.8,233.68,225.91,401.67,401.27,397.95,400.3,0.0,1.3884,0.0,0,0.3198,0,0.0497,0,0.0497,0,0.3244,0,0.3244,0,0.9881,1,0.9881,1,50,397.82,233.44,0,1,2025-10-01 03:57:53,16.2,81.7,,0,0,,1
2025-10-01 03:58:38,316.96,0.3192,231.02,0.4623,1.387,233.74,233.53,225.79,401.99,401.11,397.22,399.98,0.0,1.387,0.0,0,0.3192,0,0.0499,0,0.0499,0,0.3239,0,0.3239,0,0.9879,1,0.9879,1,50,397.82,233.44,0,1,2025-10-01 03:58:38,16.4,83.4,,0,0,,1
2025-10-01 03:59:23,316.97,0.3195,230.98,0.4625,1.3876,233.93,233.63,225.4,401.65,401.03,397.45,400.02,0.0,1.3876,0.0,0,0.3195,0,0.0499,0,0.0499,0,0.3242,0,0.3242,0,0.988,1,0.988,1,50,397.83,233.44,0,1,2025-10-01 03:59:24,16.6,85.3,,0,0,,1
2025-10-01 04:00:08,316.97,0.3199,231.07,0.4624,1.3873,234.17,234.06,225,401.95,401.39,397.23,400.19,0.0,1.3873,0.0,0,0.3199,0,0.0504,0,0.0504,0,0.3247,0,0.3247,0,0.9878,1,0.9878,1,50,397.83,233.44,0,1,2025-10-01 04:00:08,16.7,87.3,,0,0,,1
2025-10-01 04:00:53,316.97,0.3196,231.18,0.4624,1.3874,233.26,233.8,226.48,401.25,402.01,397.88,400.42,0.0,1.3874,0.0,0,0.3196,0,0.05,0,0.05,0,0.3244,0,0.3244,0,0.9879,1,0.9879,1,50,397.83,233.44,0,1,2025-10-01 04:00:53,17.0,88.7,,0,0,,1
2025-10-01 04:01:39,316.98,0.3186,230.82,0.4616,1.3849,232.37,233.42,226.69,400.25,402.08,396.97,399.75,0.0,1.3849,0.0,0,0.3186,0,0.0497,0,0.0497,0,0.3233,0,0.3233,0,0.988,1,0.988,1,50,397.84,233.44,0,1,2025-10-01 04:01:39,17.1,89.5,,0,0,,1
2025-10-01 04:02:23,316.98,0.3175,230.84,0.461,1.3831,232.94,232.78,226.82,401.04,401.13,397.26,399.8,0.0,1.3831,0.0,0,0.3175,0,0.0485,0,0.0485,0,0.322,0,0.322,0,0.9885,1,0.9885,1,50,397.84,233.44,0,1,2025-10-01 04:02:23,17.3,90,,0,0,,1
2025-10-01 04:03:08,316.99,0.3147,229.82,0.4588,1.3766,231,231.71,226.77,399.12,399.78,395.25,398.19,0.0,1.3766,0.0,0,0.3147,0,0.0472,0,0.0472,0,0.319,0,0.319,0,0.9889,1,0.9889,1,50,397.85,233.44,0,1,2025-10-01 04:03:08,17.4,90.7,,0,0,,1
2025-10-01 04:04:15,316.99,0.3154,229.42,0.4593,1.3781,231.29,231.99,225,399.56,398.99,393.52,397.4,0.0,1.3781,0.0,0,0.3154,0,0.0477,0,0.0477,0,0.3197,0,0.3197,0,0.9887,1,0.9887,1,50,397.85,233.44,0,1,2025-10-01 04:04:15,17.7,90.9,,0,0,,1
2025-10-01 04:05:00,317,0.3168,229.14,0.4597,1.3792,230.39,232.13,224.91,398.52,398.56,393.52,396.9,0.0,1.3792,0.0,0,0.3158,0,0.0478,0,0.0478,0,0.3202,0,0.3202,0,0.9888,1,0.9887,1,50,397.86,233.44,0,1,2025-10-01 04:05:00,17.8,91.7,,0,0,,1
2025-10-01 04:05:45,317,0.3172,229.51,0.4601,1.3805,230.34,233.05,225.16,398.72,399.73,394.09,397.48,0.0,1.3805,0.0,0,0.3172,0,0.0491,0,0.0491,0,0.3217,0,0.3217,0,0.9882,1,0.9882,1,50,397.86,233.45,0,1,2025-10-01 04:05:45,18.0,91.8,,0,0,,1
2025-10-01 04:06:30,317.01,0.3159,229.38,0.4595,1.3785,230.77,232.4,224.98,398.32,399.64,393.85,397.24,0.0,1.3785,0.0,0,0.3159,0,0.0483,0,0.0483,0,0.3204,0,0.3204,0,0.9885,1,0.9885,1,50,397.87,233.45,0,1,2025-10-01 04:06:30,18.1,92,,0,0,,1
2025-10-01 04:07:15,317.01,0.3167,229.3,0.4601,1.3804,230.39,232.64,224.89,398.35,399.33,393.76,397.15,0.0,1.3804,0.0,0,0.3167,0,0.0482,0,0.0482,0,0.3211,0,0.3211,0,0.9885,1,0.9885,1,50,397.87,233.45,0,1,2025-10-01 04:07:15,18.3,92.4,,0,0,,1
2025-10-01 04:08:00,317.02,3.4835,228.74,6.8221,20.4665,229.87,231.83,224.52,397.64,398.16,392.71,396.15,7.2714,7.5615,5.6336,1.3376,1.3077,0.8382,3.1117,1.0006,1.1643,0.9467,4.6893,1.6715,1.753,1.2649,0.7457,0.8007,0.7468,0.6628,50,397.88,233.45,1,1,2025-10-01 04:08:00,18.4,92.5,,1,0,,0
2025-10-01 04:08:46,317.06,3.3765,228.46,6.6409,19.922800000000002,229.76,231.22,224.42,397.08,397.78,392.21,395.68,6.7349,7.5163,5.6716,1.2241,1.305,0.8474,3.0387,0.9449,1.1447,0.9492,4.5582,1.5474,1.7379,1.2728,0.7433,0.7916,0.7517,0.666,50,397.94,233.49,1,1,2025-10-01 04:08:46,18.4,91.6,,1,0,,0
2025-10-01 04:09:30,317.1,3.3748,229.15,6.6439,19.9318,230.96,231,225.5,398.22,398.59,393.83,396.89,6.7961,7.4636,5.6721,1.2299,1.2855,0.8594,3.0661,0.9735,1.1459,0.9468,4.5728,1.5696,1.7241,1.2791,0.7401,0.7841,0.7464,0.6721,50,397.99,233.53,1,1,2025-10-01 04:09:30,18.3,87.8,,1,0,,0
2025-10-01 04:10:15,317.14,3.3643,228.46,6.6313,19.893900000000002,230.35,230.9,224.15,397.25,397.85,391.95,395.72,6.7293,7.5219,5.6427,1.2259,1.2978,0.8406,3.0415,0.9467,1.1506,0.9442,4.5517,1.5501,1.7368,1.2648,0.7417,0.7914,0.7482,0.6649,50,398.05,233.56,1,1,2025-10-01 04:10:15,18.1,84.8,,1,0,,0
2025-10-01 04:11:00,317.19,3.368,228.77,6.6327,19.8981,230.68,231.44,224.2,397.68,398.2,392.76,396.21,6.6939,7.5215,5.6827,1.2196,1.3045,0.8439,3.0481,0.9451,1.1491,0.9538,4.559,1.5441,1.7408,1.2741,0.7414,0.7904,0.7503,0.6626,50,398.11,233.6,1,1,2025-10-01 04:11:00,17.9,82.6,,1,0,,0
2025-10-01 04:11:45,317.23,3.3733,229.13,6.6405,19.9217,230.96,231.33,225.12,397.88,399.07,393.57,396.88,6.7145,7.5141,5.6931,1.2198,1.3027,0.8508,3.0618,0.956,1.1477,0.9581,4.5706,1.5508,1.7382,1.2816,0.7404,0.787,0.7503,0.664,50,398.17,233.64,1,1,2025-10-01 04:11:45,17.7,80.3,,1,0,,0
2025-10-01 04:12:30,317.27,3.3677,229.09,6.6382,19.9146,230.16,231.43,225.69,397.87,399.02,393.45,396.8,6.7342,7.4576,5.7228,1.2109,1.2966,0.8602,3.0646,0.9658,1.1359,0.9629,4.5674,1.5499,1.7259,1.2916,0.7396,0.7817,0.7521,0.6662,50,398.22,233.68,1,1,2025-10-01 04:12:30,17.5,79.2,,1,0,,0
2025-10-01 04:13:15,317.31,3.3615,229.24,6.6312,19.8937,229.96,230.93,226.84,397.9,398.94,394.29,397.09,6.7821,7.4116,5.7,1.2111,1.2831,0.8673,3.0693,0.981,1.1297,0.9585,4.5642,1.5596,1.7116,1.293,0.7384,0.777,0.7505,0.6709,50,398.28,233.72,1,1,2025-10-01 04:13:15,17.3,77.8,,1,0,,0
2025-10-01 04:14:00,317.35,3.3403,228.71,6.6007,19.8021,229.79,229.8,226.56,397.24,397.71,393.45,396.15,6.7771,7.3519,5.6731,1.2055,1.2662,0.8686,3.0461,0.984,1.1154,0.9467,4.5321,1.5573,1.6895,1.2853,0.7388,0.7746,0.7503,0.676,50,398.34,233.76,1,1,2025-10-01 04:14:00,17.0,76.4,,1,0,,0
2025-10-01 04:14:45,317.4,3.3382,228.37,6.5935,19.7805,230,229.41,225.71,396.31,397.32,392.95,395.55,6.7785,7.3634,5.6386,1.213,1.2629,0.8622,3.0329,0.978,1.1192,0.9357,4.521,1.5591,1.6892,1.2727,0.7401,0.7784,0.7484,0.6776,50,398.39,233.8,1,1,2025-10-01 04:14:45,16.9,75.5,,1,0,,0
2025-10-01 04:15:30,317.44,3.3437,228.48,6.6002,19.8006,230.19,230.18,225.09,397.31,396.71,393.19,395.74,6.7504,7.3959,5.6543,1.2134,1.2737,0.8566,3.0359,0.969,1.1263,0.9407,4.529,1.5539,1.7024,1.2727,0.7403,0.7814,0.7491,0.6732,50,398.45,233.83,1,1,2025-10-01 04:15:30,16.7,74.8,,1,0,,0
2025-10-01 04:16:15,317.48,3.3436,227.91,6.5919,19.7759,230.01,230.25,223.49,396.2,396.37,391.63,394.71,6.7398,7.455,5.5811,1.227,1.2806,0.836,3.0107,0.9457,1.14,0.925,4.5141,1.5502,1.7165,1.2473,0.7431,0.792,0.7469,0.6704,50,398.5,233.87,1,1,2025-10-01 04:16:15,16.6,74.3,,1,0,,0
2025-10-01 04:17:00,317.52,3.3452,228.47,6.5975,19.7925,230.63,230.17,224.61,396.84,397.64,392.58,395.68,6.7214,7.3791,5.692,1.2094,1.2743,0.8615,3.0322,0.968,1.1199,0.9442,4.5271,1.5502,1.6984,1.2785,0.7409,0.7807,0.7511,0.6739,50,398.56,233.91,1,1,2025-10-01 04:17:00,16.4,73.5,,1,0,,0
2025-10-01 04:17:45,317.56,3.3354,228.35,6.5869,19.7609,230.53,229.58,224.94,396.88,397.27,392.29,395.5,6.7813,7.3883,5.5913,1.2235,1.262,0.8498,3.0282,0.9713,1.1304,0.9264,4.5172,1.5633,1.6962,1.2577,0.7403,0.7831,0.7448,0.676,50,398.62,233.94,1,1,2025-10-01 04:17:45,16.3,72.8,,1,0,,0
2025-10-01 04:18:30,317.6,3.3279,228.23,6.5777,19.7331,230.13,229.26,225.3,396.58,396.69,392.57,395.23,6.7989,7.347,5.5872,1.2197,1.2538,0.8544,3.024,0.9783,1.122,0.9238,4.5078,1.5646,1.6844,1.2588,0.74,0.78,0.7451,0.679,50,398.68,233.98,1,1,2025-10-01 04:18:30,16.2,71.6,,1,0,,0
2025-10-01 04:19:15,317.65,3.328,228.13,6.5768,19.730600000000003,229.72,229.63,225.04,396.43,397.01,391.88,395.02,6.7535,7.4002,5.5769,1.2166,1.268,0.8434,3.0189,0.9613,1.1286,0.929,4.5057,1.5514,1.6993,1.255,0.7406,0.7846,0.7469,0.6721,50,398.73,234.02,1,1,2025-10-01 04:19:15,16.1,71.8,,1,0,,0
2025-10-01 04:20:00,317.69,3.3249,228.02,6.5665,19.6996,230.49,228.87,224.7,396.78,395.67,392.31,394.88,6.7775,7.3564,5.5657,1.2225,1.2527,0.8497,3.0105,0.971,1.1224,0.9171,4.4964,1.5621,1.6837,1.2506,0.7412,0.783,0.7447,0.6796,50,398.79,234.06,1,1,2025-10-01 04:20:00,15.9,71.1,,1,0,,0
2025-10-01 04:20:45,317.73,3.3172,227.9,6.5567,19.670199999999998,230.01,229.89,223.81,396.7,396.36,391.07,394.8,6.7147,7.4185,5.537,1.2191,1.2695,0.8286,3.0038,0.9467,1.1361,0.9211,4.4891,1.5444,1.7054,1.2392,0.7412,0.7898,0.7451,0.6687,50,398.84,234.1,1,1,2025-10-01 04:20:45,15.8,70.4,,1,0,,0
2025-10-01 04:21:30,317.77,3.3115,227.84,6.5437,19.631099999999996,230.43,229.24,223.85,396.21,396.13,391.44,394.59,6.6911,7.3767,5.5633,1.2121,1.2619,0.8376,2.9954,0.9514,1.1229,0.9211,4.4782,1.5418,1.691,1.2453,0.7416,0.7866,0.747,0.6727,50,398.9,234.13,1,1,2025-10-01 04:21:30,15.6,70.6,,1,0,,0
2025-10-01 04:22:15,317.81,3.3136,228.48,6.5573,19.672,231.18,230.07,224.2,397.6,397.38,392.13,395.7,6.7225,7.386,5.5635,1.2182,1.2598,0.8356,3.0261,0.9632,1.1375,0.9254,4.5007,1.5541,1.6993,1.2473,0.7384,0.7844,0.7422,0.6701,50,398.96,234.17,1,1,2025-10-01 04:22:15,15.5,71.6,,1,0,,0
2025-10-01 04:23:00,317.85,3.3149,228.06,6.5499,19.6499,231.11,229.42,223.66,396.72,396.21,392.01,394.98,6.7396,7.3339,5.5764,1.219,1.25,0.8459,3.0073,0.9679,1.1234,0.916,4.4874,1.5576,1.6825,1.2472,0.7406,0.7831,0.7437,0.6784,50,399.01,234.21,1,1,2025-10-01 04:23:00,15.5,71.2,,1,0,,0
2025-10-01 04:23:45,317.9,3.3125,228.14,6.5446,19.6338,231.15,229.54,223.74,396.48,396.82,392.03,395.12,6.6897,7.3566,5.5875,1.2118,1.2583,0.8424,3.0047,0.9587,1.123,0.923,4.4851,1.5463,1.6886,1.2501,0.7406,0.7842,0.746,0.6741,50,399.07,234.25,1,1,2025-10-01 04:23:45,15.4,71.8,,1,0,,0
2025-10-01 04:24:30,317.94,3.3154,228.49,6.5531,19.6593,231.5,229.63,224.35,397.65,397.07,392.45,395.7,6.7396,7.3479,5.5718,1.2189,1.2516,0.8448,3.0217,0.9722,1.1288,0.9207,4.4975,1.5602,1.6873,1.25,0.739,0.7817,0.7426,0.676,50.1,399.12,234.28,1,1,2025-10-01 04:24:30,15.4,72.2,,1,0,,0
2025-10-01 04:25:15,317.97,0.3197,229.13,0.468,1.4041,231.78,230.27,225.34,398.44,398.33,393.71,396.85,0.0,1.4041,0.0,0,0.3197,0,0.0435,0,0.0435,0,0.3233,0,0.3233,0,0.9908,1,0.9908,1,50.1,399.18,234.32,0,1,2025-10-01 04:25:15,15.4,72,,0,0,,1
2025-10-01 04:26:00,317.98,0.318,229.37,0.4651,1.3954,231.29,230.64,226.2,398.13,399.38,394.26,397.22,0.0,1.3954,0.0,0,0.318,0,0.0448,0,0.0448,0,0.3218,0,0.3218,0,0.9902,1,0.9902,1,50.1,399.18,234.32,0,1,2025-10-01 04:26:00,15.3,72.8,,0,0,,1
2025-10-01 04:26:45,317.98,0.3147,229.05,0.4621,1.3865,231.37,229.7,226.08,398.87,397.04,394.23,396.68,0.0,1.3865,0.0,0,0.3147,0,0.0445,0,0.0445,0,0.3185,0,0.3185,0,0.9901,1,0.9901,1,50,399.18,234.32,0,1,2025-10-01 04:26:45,15.4,74.9,,0,0,,1
2025-10-01 04:27:30,317.99,0.3142,229.22,0.4611,1.3834,231.95,229.95,225.76,398.49,398.42,394.05,396.98,0.0,1.3834,0.0,0,0.3142,0,0.0453,0,0.0453,0,0.3181,0,0.3181,0,0.9897,1,0.9897,1,50,399.19,234.32,0,1,2025-10-01 04:27:30,15.5,77.7,,0,0,,1
2025-10-01 04:28:15,317.99,0.3156,229.02,0.4616,1.3849,231.28,230.92,224.88,399.06,397.78,393.15,396.61,0.0,1.3849,0.0,0,0.3156,0,0.0468,0,0.0468,0,0.3198,0,0.3198,0,0.9891,1,0.9891,1,50,399.19,234.32,0,1,2025-10-01 04:28:15,15.7,80.4,,0,0,,1
2025-10-01 04:29:00,317.99,0.3132,228.23,0.4594,1.3783,230.42,230.18,224.09,397.42,396.67,391.75,395.26,0.0,1.3783,0.0,0,0.3132,0,0.0457,0,0.0457,0,0.3173,0,0.3173,0,0.9895,1,0.9895,1,50,399.2,234.32,0,1,2025-10-01 04:29:00,15.9,82.9,,0,0,,1
2025-10-01 04:29:45,318,0.3136,228.48,0.4597,1.3793,230.6,230.22,224.62,396.41,397.83,392.85,395.77,0.0,1.3793,0.0,0,0.3136,0,0.0456,0,0.0456,0,0.3175,0,0.3175,0,0.9895,1,0.9895,1,50.1,399.2,234.32,0,1,2025-10-01 04:29:45,16.1,84.6,,0,0,,1
2025-10-01 04:30:30,318,0.3127,228.65,0.4593,1.3781,231.57,229.67,224.72,397.42,397.49,393.09,396.02,0.0,1.3781,0.0,0,0.3127,0,0.0449,0,0.0449,0,0.3165,0,0.3165,0,0.9898,1,0.9898,1,50,399.2,234.32,0,1,2025-10-01 04:30:30,16.4,86.4,,0,0,,1
2025-10-01 04:31:15,318,0.3127,228.52,0.459,1.3771,231.66,230.03,223.89,397.87,396.83,392.66,395.82,0.0,1.3771,0.0,0,0.3127,0,0.0459,0,0.0459,0,0.3168,0,0.3168,0,0.9894,1,0.9894,1,50,399.21,234.32,0,1,2025-10-01 04:31:15,16.6,87.7,,0,0,,1
2025-10-01 04:32:00,318.01,0.3126,228.27,0.4588,1.3764,231.65,229.99,223.19,397.24,396.82,391.96,395.35,0.0,1.3764,0.0,0,0.3126,0,0.0456,0,0.0456,0,0.3166,0,0.3166,0,0.9895,1,0.9895,1,50,399.21,234.32,0,1,2025-10-01 04:32:00,16.8,88.7,,0,0,,1
2025-10-01 04:32:45,318.01,0.3125,228.2,0.4588,1.3765,230.86,229.98,223.76,397.1,396.4,392.17,395.19,0.0,1.3765,0.0,0,0.3125,0,0.0458,0,0.0458,0,0.3166,0,0.3166,0,0.9894,1,0.9894,1,50,399.22,234.32,0,1,2025-10-01 04:32:45,17.0,89.4,,0,0,,1
2025-10-01 04:33:30,318.02,0.3129,228.07,0.4588,1.3764,231.54,230.22,222.45,397.58,396.07,391.32,394.93,0.0,1.3764,0.0,0,0.3129,0,0.0457,0,0.0457,0,0.3169,0,0.3169,0,0.9894,1,0.9894,1,50.1,399.22,234.32,0,1,2025-10-01 04:33:30,17.2,90.4,,0,0,,1
2025-10-01 04:34:15,318.02,0.3119,228.02,0.4578,1.3736,231.88,229.02,223.18,396.95,395.76,392.01,394.98,0.0,1.3736,0.0,0,0.3108,0,0.0442,0,0.0442,0,0.3146,0,0.3146,0,0.9901,1,0.99,1,50.1,399.22,234.33,0,1,2025-10-01 04:34:15,17.4,90.8,,0,0,,1
2025-10-01 04:35:00,318.02,0.311,228.53,0.4579,1.3737,232.42,229.22,223.97,398.15,396.3,392.95,395.85,0.0,1.3737,0.0,0,0.311,0,0.045,0,0.045,0,0.3149,0,0.3149,0,0.9896,1,0.9896,1,50.1,399.23,234.33,0,1,2025-10-01 04:35:00,17.5,91.1,,0,0,,1
2025-10-01 04:35:45,318.03,0.3114,228.44,0.458,1.374,232.71,229.51,223.1,398.12,396.7,392.03,395.67,0.0,1.374,0.0,0,0.3114,0,0.0451,0,0.0451,0,0.3153,0,0.3153,0,0.9896,1,0.9896,1,50.1,399.23,234.33,0,1,2025-10-01 04:35:45,17.6,91.3,,0,0,,1
2025-10-01 04:36:30,318.03,0.3129,228.86,0.4587,1.3762,232.44,230.31,223.84,398.28,397.39,393.41,396.31,0.0,1.3762,0.0,0,0.3129,0,0.0461,0,0.0461,0,0.317,0,0.317,0,0.9893,1,0.9893,1,50.1,399.24,234.33,0,1,2025-10-01 04:36:30,17.8,91.6,,0,0,,1
2025-10-01 04:37:15,318.04,0.3143,229.05,0.4594,1.3783,232.63,231.1,223.43,398.92,397.92,393.22,396.69,0.0,1.3783,0.0,0,0.3143,0,0.0471,0,0.0471,0,0.3185,0,0.3185,0,0.9889,1,0.9889,1,50,399.24,234.33,0,1,2025-10-01 04:37:15,17.9,92,,0,0,,1
2025-10-01 04:38:00,318.04,0.3146,229.4,0.4594,1.3784,233.08,231.37,223.75,399.8,398.27,393.8,397.21,0.0,1.3784,0.0,0,0.3146,0,0.0476,0,0.0476,0,0.3189,0,0.3189,0,0.9887,1,0.9887,1,50,399.24,234.33,0,1,2025-10-01 04:38:00,18.0,92.3,,0,0,,1
2025-10-01 04:38:45,318.04,0.315,229.78,0.4595,1.3786,232.53,231.66,225.17,399.31,399.38,395.2,397.94,0.0,1.3786,0.0,0,0.315,0,0.0476,0,0.0476,0,0.3194,0,0.3194,0,0.9887,1,0.9887,1,50,399.25,234.33,0,1,2025-10-01 04:38:45,18.2,92.4,,0,0,,1
2025-10-01 04:39:30,318.05,3.2967,228.93,6.5554,19.6662,231.82,230.69,224.3,398.92,397.13,393.46,396.56,6.8551,7.3393,5.4718,1.242,1.2282,0.8264,3.0597,0.99,1.1628,0.9069,4.5096,1.5891,1.6931,1.2273,0.7329,0.7819,0.7261,0.6735,50.1,399.26,234.34,1,1,2025-10-01 04:39:30,18.3,92.7,,1,0,,0
2025-10-01 04:40:15,318.1,3.3801,229.02,6.6403,19.921,231.96,230.83,224.28,398.76,397.27,393.94,396.65,6.9098,7.414,5.5972,1.26,1.2611,0.8589,3.058,0.9889,1.1541,0.9149,4.5695,1.6028,1.7114,1.2553,0.7415,0.7866,0.7377,0.6844,50.1,399.32,234.37,1,1,2025-10-01 04:40:15,18.4,91.9,,1,0,,0
2025-10-01 04:41:00,318.14,3.3779,228.6,6.6254,19.876199999999997,230.5,231.12,224.18,397.07,397.82,392.85,396.82,6.7968,7.3575,5.7219,1.2258,1.2768,0.8753,3.0282,0.9732,1.119,0.936,4.5499,1.5667,1.7005,1.2827,0.7445,0.7831,0.752,0.683,50.1,399.38,234.41,1,1,2025-10-01 04:41:00,18.3,88.7,,1,0,,0
2025-10-01 04:41:45,318.18,3.3745,228.35,6.6097,19.8292,231.07,231.01,222.97,397.44,396.56,392.44,395.51,6.7892,7.4025,5.6375,1.241,1.2777,0.8558,3.0115,0.9579,1.1336,0.92,4.5358,1.5688,1.7101,1.257,0.7461,0.7916,0.748,0.6811,50.1,399.43,234.45,1,1,2025-10-01 04:41:45,18.2,85.7,,1,0,,0
2025-10-01 04:42:30,318.22,3.3767,228.62,6.6139,19.841900000000003,231.09,231.56,223.23,397.93,397.27,392.68,395.91,6.803,7.4299,5.609,1.2464,1.2818,0.8485,3.0212,0.9564,1.1447,0.92,4.5447,1.5721,1.7205,1.2521,0.7452,0.7933,0.7458,0.6779,50.1,399.49,234.49,1,1,2025-10-01 04:42:30,18.0,83.5,,1,0,,0
2025-10-01 04:44:00,318.31,3.3645,227.89,6.5885,19.765700000000002,230.5,230.74,222.45,396.95,395.32,391.84,394.6,6.8445,7.4142,5.507,1.2585,1.269,0.8369,2.9892,0.9502,1.1448,0.8943,4.5134,1.5777,1.7108,1.225,0.7475,0.798,0.7425,0.6832,50.1,399.6,234.56,1,1,2025-10-01 04:44:00,17.6,79.7,,1,0,,0
2025-10-01 04:44:45,318.35,3.3522,227.58,6.5722,19.7168,230.26,230.03,222.45,396.34,395.03,391.09,394.21,6.8145,7.3761,5.5262,1.2472,1.2629,0.8421,2.9759,0.9507,1.1303,0.895,4.4951,1.5691,1.6967,1.2293,0.7478,0.7953,0.7451,0.6852,50.1,399.66,234.6,1,1,2025-10-01 04:44:45,17.4,78.7,,1,0,,0
2025-10-01 04:45:30,318.39,3.3437,227.58,6.5638,19.6915,230.25,229.77,222.74,395.81,395.27,391.39,394.13,6.7997,7.3176,5.5742,1.2353,1.255,0.8533,2.9776,0.9603,1.116,0.9012,4.4886,1.5656,1.6814,1.2416,0.7468,0.7894,0.7472,0.6875,50.1,399.72,234.64,1,1,2025-10-01 04:45:30,17.2,77.8,,1,0,,0
2025-10-01 04:46:22,318.45,3.3448,228.04,6.5778,19.7335,232.17,230.06,221.91,398.33,395.49,391.03,394.95,6.9277,7.4346,5.3712,1.2858,1.2421,0.8169,3.0055,0.9648,1.1734,0.8673,4.5107,1.6084,1.7104,1.1919,0.7438,0.7998,0.7269,0.6856,50.1,399.8,234.69,1,1,2025-10-01 04:46:22,17.0,75.5,,1,0,,0
2025-10-01 04:47:07,318.49,3.3404,227.95,6.5705,19.7116,232.53,229.46,221.86,397.34,395.35,391.62,394.73,6.9247,7.4107,5.3762,1.2845,1.2345,0.8214,3.0011,0.9697,1.1671,0.8643,4.5034,1.6102,1.7005,1.1928,0.7438,0.7981,0.7266,0.6888,50.1,399.85,234.73,1,1,2025-10-01 04:47:07,16.8,75,,1,0,,0
2025-10-01 04:47:52,318.54,3.3408,228.29,6.577,19.7312,232.21,229.81,222.85,397.63,395.79,392.7,395.45,6.9013,7.3647,5.4652,1.2663,1.2368,0.8377,3.0159,0.9804,1.1524,0.8831,4.513,1.6026,1.6925,1.2179,0.7422,0.7907,0.7316,0.6882,50,399.91,234.77,1,1,2025-10-01 04:47:52,16.6,74.1,,1,0,,0
2025-10-01 04:48:37,318.58,3.3355,228.16,6.5747,19.7241,231.84,230.16,222.5,397.87,395.71,391.91,395.27,6.8954,7.357,5.4717,1.263,1.2371,0.8353,3.0161,0.9782,1.1532,0.8848,4.5094,1.5986,1.6933,1.2175,0.7417,0.7906,0.7314,0.6864,50,399.96,234.8,1,1,2025-10-01 04:48:37,16.5,74,,1,0,,0
2025-10-01 04:49:22,318.62,3.3309,227.78,6.5653,19.695999999999998,231.58,229.72,222.06,396.8,395.35,391.34,394.49,6.8378,7.3424,5.5158,1.2497,1.2409,0.8403,3.0009,0.9708,1.1397,0.8904,4.495,1.5835,1.6867,1.2248,0.7429,0.7897,0.7365,0.6863,50,400.02,234.84,1,1,2025-10-01 04:49:22,16.4,74.1,,1,0,,0
2025-10-01 04:50:07,318.66,3.3302,227.97,6.5687,19.7061,231.55,229.88,222.48,397.26,395.53,391.67,394.8,6.8709,7.3603,5.4749,1.257,1.239,0.8342,3.0094,0.9734,1.1493,0.8866,4.501,1.591,1.692,1.2181,0.7419,0.7906,0.7331,0.6852,50,400.08,234.88,1,1,2025-10-01 04:50:07,16.3,74.1,,1,0,,0
2025-10-01 04:50:52,318.7,3.3287,227.43,6.56,19.6801,230.95,229.91,221.44,396.42,395.36,389.86,393.88,6.8251,7.4163,5.4387,1.2579,1.2518,0.8189,2.9857,0.9483,1.155,0.8824,4.4857,1.5763,1.7051,1.2043,0.7444,0.7985,0.7349,0.6802,50,400.13,234.92,1,1,2025-10-01 04:50:52,16.2,74.3,,1,0,,0
2025-10-01 04:51:37,318.74,3.3325,227.78,6.5632,19.6896,231.36,229.48,222.51,396.96,395.23,391.3,394.49,6.8487,7.3632,5.4777,1.254,1.2427,0.8358,2.9957,0.9671,1.1421,0.8865,4.4931,1.5845,1.6897,1.2188,0.7436,0.7918,0.7362,0.686,50,400.19,234.95,1,1,2025-10-01 04:51:37,16.2,73.9,,1,0,,0
2025-10-01 04:52:22,318.79,3.3244,227.25,6.5449,19.634900000000002,229.82,229.23,222.7,395.74,394.76,390.24,393.66,6.838,7.3462,5.4507,1.2463,1.2455,0.8325,2.9695,0.9559,1.1307,0.8829,4.4693,1.5715,1.684,1.2139,0.7457,0.7934,0.7404,0.686,50,400.25,234.99,1,1,2025-10-01 04:52:22,16.1,73.3,,1,0,,0
2025-10-01 04:53:30,318.86,3.32,227.11,6.5452,19.6357,229.24,229.19,222.9,395.95,394.3,389.8,393.25,6.8025,7.3836,5.4496,1.2389,1.2548,0.8263,2.9676,0.9454,1.1326,0.8896,4.4664,1.5594,1.6922,1.2147,0.7455,0.7949,0.7423,0.6805,50,400.35,235.06,1,1,2025-10-01 04:53:30,15.9,72,,1,0,,0
2025-10-01 04:54:15,318.91,3.3195,227.12,6.5376,19.6129,228.38,229.41,223.58,395.43,394.92,389.78,393.33,6.7417,7.348,5.5232,1.2173,1.264,0.8382,2.9597,0.9411,1.1124,0.9062,4.4603,1.5397,1.6857,1.2349,0.7463,0.7911,0.7506,0.6789,50,400.41,235.1,1,1,2025-10-01 04:54:15,15.8,71.7,,1,0,,0
2025-10-01 04:55:00,318.95,3.3071,226.62,6.5148,19.5445,228.33,227.94,223.59,394.43,393,390.09,392.4,6.7287,7.2713,5.5445,1.2072,1.2482,0.8517,2.9371,0.9488,1.0879,0.9003,4.4335,1.5364,1.6574,1.2397,0.7476,0.7862,0.7538,0.6871,50,400.46,235.14,1,1,2025-10-01 04:55:00,15.8,71.3,,1,0,,0
2025-10-01 04:55:45,318.99,3.3088,226.19,6.5102,19.5308,228.18,227.29,223.12,393.91,392.52,388.87,391.91,6.7727,7.2918,5.4663,1.2229,1.243,0.843,2.9181,0.9435,1.0937,0.8809,4.4224,1.5454,1.6574,1.2196,0.75,0.7917,0.7507,0.6914,50,400.52,235.17,1,1,2025-10-01 04:55:45,15.6,70.4,,1,0,,0
2025-10-01 04:56:30,319,0.3143,227.22,0.4641,1.3924,229.52,228.1,224.06,396.03,393.94,390.69,393.58,0.0,1.3924,0.0,0,0.3143,0,0.0416,0,0.0416,0,0.3176,0,0.3176,0,0.9913,1,0.9913,1,50,400.53,235.18,0,1,2025-10-01 04:56:30,15.5,71.5,,0,0,,1
2025-10-01 04:57:15,319,0.3107,227.01,0.4598,1.3796,229.98,227.63,223.42,395.25,393.74,390.51,393.16,0.0,1.3796,0.0,0,0.3107,0,0.0418,0,0.0418,0,0.314,0,0.314,0,0.991,1,0.991,1,50,400.54,235.18,0,1,2025-10-01 04:57:15,15.5,74.7,,0,0,,1
2025-10-01 04:58:00,319.01,0.31,227.5,0.4592,1.3777,231.16,227.46,223.88,396.55,394.05,391.44,393.98,0.0,1.3777,0.0,0,0.31,0,0.0424,0,0.0424,0,0.3134,0,0.3134,0,0.9907,1,0.9907,1,50.1,400.54,235.18,0,1,2025-10-01 04:58:01,15.7,79,,0,0,,1
2025-10-01 04:58:45,319.01,0.3092,227.29,0.4587,1.3762,231.07,227.18,223.62,396.95,393.19,390.82,393.63,0.0,1.3762,0.0,0,0.3092,0,0.0422,0,0.0422,0,0.3126,0,0.3126,0,0.9908,1,0.9908,1,50,400.54,235.18,0,1,2025-10-01 04:58:45,15.9,81.3,,0,0,,1
2025-10-01 04:59:30,319.01,0.3078,227.27,0.4577,1.3731,231.65,226.61,223.56,396.33,392.53,392.02,393.66,0.0,1.3731,0.0,0,0.3078,0,0.0418,0,0.0418,0,0.3112,0,0.3112,0,0.9908,1,0.9908,1,50,400.55,235.18,0,1,2025-10-01 04:59:30,16.1,83.2,,0,0,,1
2025-10-01 05:00:37,319.02,0.3082,227.58,0.4576,1.3729,231.43,227.03,224.29,396.82,393.78,391.88,394.18,0.0,1.3729,0.0,0,0.3082,0,0.0424,0,0.0424,0,0.3117,0,0.3117,0,0.9906,1,0.9906,1,50.1,400.56,235.18,0,1,2025-10-01 05:00:37,16.4,86.4,,0,0,,1
2025-10-01 05:01:22,319.03,0.307,227.16,0.4563,1.3691,230.61,226.76,224.13,396.21,393.1,391,393.38,0.0,1.3691,0.0,0,0.307,0,0.0425,0,0.0425,0,0.3105,0,0.3105,0,0.9905,1,0.9905,1,50,400.56,235.18,0,1,2025-10-01 05:01:22,16.6,87.7,,0,0,,1
2025-10-01 05:02:07,319.03,0.3084,226.55,0.457,1.371,229.51,227.57,222.57,395.36,392.98,388.77,392.37,0.0,1.371,0.0,0,0.3084,0,0.0433,0,0.0433,0,0.312,0,0.312,0,0.9902,1,0.9902,1,50,400.56,235.18,0,1,2025-10-01 05:02:07,16.8,88.6,,0,0,,1
2025-10-01 05:02:52,319.03,0.3066,226.41,0.4562,1.3688,229.74,226.69,222.81,394.11,391.95,390.35,392.2,0.0,1.3688,0.0,0,0.3066,0,0.0419,0,0.0419,0,0.3103,0,0.3103,0,0.9907,1,0.9907,1,50,400.57,235.18,0,1,2025-10-01 05:02:52,17.0,89.5,,0,0,,1
2025-10-01 05:03:37,319.04,0.3061,226.51,0.4559,1.3678,230.4,226.44,222.7,395.01,392.56,389.31,392.3,0.0,1.3678,0.0,0,0.3061,0,0.0419,0,0.0419,0,0.3097,0,0.3097,0,0.9907,1,0.9909,1,50,400.57,235.19,0,1,2025-10-01 05:03:37,17.1,89.9,,0,0,,1
2025-10-01 05:04:22,319.04,0.3055,226.55,0.4546,1.3639,229.93,226.2,223.52,395,392.19,389.92,392.42,0.0,1.3639,0.0,0,0.3055,0,0.0417,0,0.0417,0,0.3085,0,0.3085,0,0.9908,1,0.9907,1,50,400.57,235.19,0,1,2025-10-01 05:04:22,17.3,90.8,,0,0,,1
2025-10-01 05:05:07,319.04,0.3037,226.36,0.4546,1.3639,229.87,225.08,224.13,393.78,391.77,390.56,392.02,0.0,1.3639,0.0,0,0.3037,0,0.0404,0,0.0404,0,0.307,0,0.307,0,0.9912,1,0.9912,1,50,400.58,235.19,0,1,2025-10-01 05:05:08,17.4,91.3,,0,0,,1
2025-10-01 05:05:52,319.05,0.3056,226.17,0.4543,1.3629,228.8,225.88,223.84,394.42,391.78,388.96,391.72,0.0,1.3629,0.0,0,0.3045,0,0.0418,0,0.0418,0,0.3079,0,0.3079,0,0.9907,1,0.9907,1,50,400.58,235.19,0,1,2025-10-01 05:05:52,17.6,91.9,,0,0,,1
2025-10-01 05:06:37,319.05,0.3059,226.68,0.455,1.3651,229.27,226.62,224.15,394.7,392.94,390.15,392.67,0.0,1.3651,0.0,0,0.3059,0,0.0425,0,0.0425,0,0.3094,0,0.3094,0,0.9904,1,0.9904,1,50,400.59,235.19,0,1,2025-10-01 05:06:37,17.7,92.3,,0,0,,1
2025-10-01 05:07:44,319.06,0.3074,226.81,0.4558,1.3674,229.45,227.38,223.61,394.83,392.95,390.73,392.82,0.0,1.3674,0.0,0,0.3074,0,0.0428,0,0.0428,0,0.3109,0,0.3109,0,0.9904,1,0.9904,1,50,400.59,235.19,0,1,2025-10-01 05:07:44,18.0,92.4,,0,0,,1
2025-10-01 05:08:29,319.06,0.3072,226.99,0.4547,1.3641,229.21,227.06,224.7,394.66,393.75,391,393.03,0.0,1.3641,0.0,0,0.3062,0,0.0423,0,0.0423,0,0.3097,0,0.3097,0,0.9906,1,0.9905,1,50.1,400.6,235.19,0,1,2025-10-01 05:08:29,18.1,92.5,,0,0,,1
2025-10-01 05:09:14,319.07,0.3061,226.51,0.4548,1.3645,229.44,226.88,223.21,394.48,392.38,390.06,392.28,0.0,1.3645,0.0,0,0.3061,0,0.0422,0,0.0422,0,0.3096,0,0.3096,0,0.9906,1,0.9906,1,50,400.6,235.19,0,1,2025-10-01 05:09:14,18.2,92.9,,0,0,,1
2025-10-01 05:10:44,319.12,3.3656,225.61,6.577,19.731,228.39,226.2,222.25,393.21,391.39,387.65,390.89,6.9173,7.4058,5.4079,1.2689,1.2508,0.8458,2.9052,0.9398,1.1119,0.8534,4.4569,1.5798,1.6752,1.2019,0.7569,0.8035,0.7473,0.7039,50,400.67,235.23,1,1,2025-10-01 05:10:44,18.3,92.2,,1,0,,0
2025-10-01 05:11:29,319.16,3.3653,226.05,6.575,19.725,229.64,225.41,223.1,393.44,391.6,389.45,391.48,6.9266,7.2941,5.5043,1.258,1.2303,0.8769,2.9199,0.9722,1.0883,0.8593,4.4628,1.5906,1.6442,1.228,0.7553,0.7912,0.749,0.7142,50,400.73,235.27,1,1,2025-10-01 05:11:29,18.2,88.8,,1,0,,0
2025-10-01 05:12:14,319.2,3.3654,226.61,6.5783,19.735,229.25,226.59,224.01,393.8,393.67,389.95,392.5,6.9154,7.2871,5.5325,1.2493,1.238,0.8781,2.9388,0.9746,1.0901,0.8741,4.4759,1.5854,1.6512,1.2393,0.7532,0.7884,0.7504,0.7087,50.1,400.78,235.31,1,1,2025-10-01 05:12:14,18.0,85.6,,1,0,,0
2025-10-01 05:13:44,319.29,3.3653,226.49,6.5819,19.7459,228.98,226.92,223.58,395.02,392.27,389.55,392.3,6.9531,7.3578,5.435,1.2666,1.2424,0.8563,2.9372,0.9632,1.1127,0.8614,4.4769,1.5921,1.6696,1.2152,0.7534,0.7959,0.7449,0.705,50,400.89,235.38,1,1,2025-10-01 05:13:44,17.6,81.4,,1,0,,0
2025-10-01 05:15:14,319.37,3.3529,226.17,6.5684,19.705399999999997,229.29,226.76,222.48,395.04,391.78,388.36,391.71,6.9249,7.4323,5.3482,1.2756,1.2467,0.8307,2.9274,0.9442,1.1318,0.8514,4.463,1.5878,1.6853,1.1899,0.7532,0.8037,0.7403,0.6983,50,401.01,235.45,1,1,2025-10-01 05:15:14,17.2,78.6,,1,0,,0
2025-10-01 05:16:44,319.45,3.3343,226.11,6.5441,19.6323,227.58,226.86,223.91,393.25,392.64,389,391.65,6.7952,7.3044,5.5327,1.2206,1.252,0.8617,2.9204,0.9481,1.0828,0.8895,4.4424,1.5465,1.6571,1.2388,0.7522,0.7897,0.7563,0.6957,50,401.12,235.53,1,1,2025-10-01 05:16:44,16.9,77.8,,1,0,,0
2025-10-01 05:17:29,319.5,3.3374,225.42,6.543,19.6292,225.79,227.33,223.16,392.89,391.6,386.84,390.57,6.7823,7.4228,5.4241,1.2305,1.2762,0.8307,2.8918,0.9104,1.1014,0.88,4.4292,1.5314,1.6874,1.2104,0.7557,0.8038,0.757,0.6864,50,401.17,235.56,1,1,2025-10-01 05:17:29,16.7,76.4,,1,0,,0
2025-10-01 05:18:14,319.54,3.335,225.48,6.5361,19.6084,225.61,227,223.83,392.48,391.53,387.6,390.47,6.7252,7.2668,5.6164,1.1956,1.2664,0.873,2.8908,0.9327,1.0541,0.904,4.424,1.5173,1.6496,1.2571,0.7556,0.7884,0.7686,0.6946,50,401.23,235.6,1,1,2025-10-01 05:18:14,16.6,74.8,,1,0,,0
2025-10-01 05:18:59,319.58,3.3377,225.66,6.5439,19.6318,225.39,228.04,223.56,392.57,392.48,387.52,390.8,6.6955,7.3828,5.5535,1.2026,1.2881,0.847,2.898,0.91,1.081,0.907,4.4342,1.5091,1.6836,1.2415,0.755,0.7974,0.7659,0.6825,50,401.29,235.64,1,1,2025-10-01 05:18:59,16.4,75,,1,0,,0
2025-10-01 05:19:44,319.62,3.3313,226.51,6.547,19.641,227.03,228.44,224.07,393.31,394.11,389.54,392.37,6.7486,7.3393,5.5531,1.2105,1.2692,0.8517,2.9375,0.938,1.0928,0.9068,4.453,1.5321,1.6766,1.2443,0.75,0.7904,0.7578,0.6846,50,401.34,235.67,1,1,2025-10-01 05:19:44,16.3,75.3,,1,0,,0
2025-10-01 05:20:29,319.66,3.3288,226.36,6.5411,19.6234,226.96,227.78,224.35,393.65,393.47,389.07,392.04,6.7617,7.3679,5.4938,1.217,1.268,0.8437,2.9277,0.9332,1.0967,0.8978,4.4454,1.5346,1.6783,1.2325,0.7508,0.7935,0.7563,0.6848,50,401.4,235.71,1,1,2025-10-01 05:20:29,16.3,75,,1,0,,0
2025-10-01 05:21:14,319.71,3.329,226.03,6.5377,19.6133,227.1,227.64,223.36,393.82,392.6,388.06,391.45,6.7838,7.438,5.3915,1.2365,1.2706,0.8219,2.9143,0.9178,1.1168,0.8797,4.438,1.5406,1.6932,1.2042,0.7524,0.8029,0.751,0.6826,50.1,401.45,235.74,1,1,2025-10-01 05:21:14,16.2,73.9,,1,0,,0
2025-10-01 05:21:59,319.75,3.3168,226.08,6.5138,19.5414,227.07,226.21,224.96,391.79,393.15,389.75,391.67,6.7273,7.1088,5.7053,1.1777,1.2357,0.9033,2.909,0.9713,1.0265,0.9112,4.4191,1.5276,1.6081,1.2835,0.7518,0.7714,0.7692,0.704,50,401.51,235.78,1,1,2025-10-01 05:21:59,16.0,72.7,,1,0,,0
2025-10-01 05:22:44,319.79,3.3207,226,6.5256,19.576999999999998,227.35,227.62,223.04,393.39,392.33,388.59,391.43,6.7506,7.3929,5.4335,1.2264,1.2657,0.8286,2.9112,0.9213,1.1061,0.8838,4.4294,1.5347,1.6828,1.2119,0.7519,0.7995,0.7529,0.6839,50,401.56,235.82,1,1,2025-10-01 05:22:44,15.9,72.1,,1,0,,0
2025-10-01 05:23:29,319.83,3.3125,225.94,6.5158,19.5475,227.18,228.08,222.57,394.1,392.24,387.67,391.26,6.7188,7.4389,5.3898,1.2275,1.2735,0.8115,2.9069,0.9057,1.1183,0.8829,4.4226,1.5264,1.6967,1.1996,0.7516,0.8046,0.7514,0.6766,50,401.62,235.85,1,1,2025-10-01 05:23:29,15.8,71.9,,1,0,,0
2025-10-01 05:24:14,319.87,3.3219,226.96,6.5425,19.6276,228.05,228.87,223.97,395.11,393.95,390.26,392.99,6.7968,7.4214,5.4094,1.2352,1.2648,0.8218,2.9562,0.9352,1.1311,0.8898,4.4601,1.55,1.6985,1.2115,0.747,0.7972,0.7454,0.6784,50.1,401.67,235.89,1,1,2025-10-01 05:24:14,15.7,71.7,,1,0,,0
2025-10-01 05:24:59,319.91,3.3175,227.2,6.5363,19.609099999999998,228.63,228.03,224.95,394.71,394.93,390.89,393.39,6.7386,7.3103,5.5602,1.2063,1.2554,0.8558,2.9634,0.9571,1.0943,0.912,4.4584,1.5406,1.667,1.2508,0.7457,0.7833,0.7537,0.6842,50.1,401.73,235.93,1,1,2025-10-01 05:24:59,15.6,71.7,,1,0,,0
2025-10-01 05:25:44,319.94,0.3177,228.28,0.466,1.3981,230.32,229.91,224.61,397.77,396.36,392,395.4,0.0,1.3981,0.0,0,0.3177,0,0.0442,0,0.0442,0,0.3214,0,0.3214,0,0.9904,1,0.9904,1,50,401.77,235.95,0,1,2025-10-01 05:25:44,15.5,70.8,,0,0,,1
2025-10-01 05:26:29,319.95,0.3128,227.92,0.4605,1.3817,229.66,229.16,224.94,397.86,395.68,390.7,394.82,0.0,1.3817,0.0,0,0.3128,0,0.0445,0,0.0445,0,0.3166,0,0.3166,0,0.99,1,0.99,1,50,401.77,235.96,0,1,2025-10-01 05:26:29,15.4,72.3,,0,0,,1
2025-10-01 05:27:14,319.95,0.3121,228.37,0.4602,1.3808,230.15,228.7,226.27,396.52,396.16,393.94,395.58,0.0,1.3808,0.0,0,0.3121,0,0.0439,0,0.0439,0,0.3158,0,0.3158,0,0.9902,1,0.9902,1,50.1,401.78,235.96,0,1,2025-10-01 05:27:14,15.4,75.5,,0,0,,1
2025-10-01 05:27:59,319.96,0.3132,228.65,0.4609,1.3828,230.71,229.28,225.97,398.05,396.66,393.36,395.96,0.0,1.3828,0.0,0,0.3132,0,0.0445,0,0.0445,0,0.317,0,0.317,0,0.99,1,0.99,1,50.1,401.78,235.96,0,1,2025-10-01 05:27:59,15.6,78.2,,0,0,,1
2025-10-01 05:28:44,319.96,0.3124,227.97,0.4597,1.3791,229.8,229.32,224.8,397.58,395.29,391.68,394.86,0.0,1.3791,0.0,0,0.3124,0,0.0446,0,0.0446,0,0.3163,0,0.3163,0,0.9899,1,0.9899,1,50.1,401.79,235.96,0,1,2025-10-01 05:28:44,15.8,82.1,,0,0,,1
2025-10-01 05:29:29,319.96,0.3141,228.23,0.4605,1.3817,229.5,230.23,224.96,397.85,396.11,391.93,395.35,0.0,1.3817,0.0,0,0.3141,0,0.0456,0,0.0456,0,0.3181,0,0.3181,0,0.9896,1,0.9896,1,50.1,401.79,235.96,0,1,2025-10-01 05:29:29,16.0,84.4,,0,0,,1
2025-10-01 05:30:14,319.97,0.3133,228.58,0.4597,1.3792,228.92,230.08,226.75,396.99,397.11,393.63,395.92,0.0,1.3792,0.0,0,0.3133,0,0.046,0,0.046,0,0.3173,0,0.3173,0,0.9893,1,0.9893,1,50.1,401.79,235.96,0,1,2025-10-01 05:30:14,16.3,86.5,,0,0,,1
2025-10-01 05:30:59,319.97,0.3148,228.51,0.4599,1.3798,229.15,230.39,226.01,398.58,396.45,392.36,396.01,0.0,1.3798,0.0,0,0.3138,0,0.0462,0,0.0462,0,0.3179,0,0.3179,0,0.9893,1,0.9893,1,50.1,401.8,235.96,0,1,2025-10-01 05:30:59,16.5,87.8,,0,0,,1
2025-10-01 05:31:44,319.98,0.3135,228.89,0.4592,1.3778,229.37,230.49,226.81,399.11,397.49,392.72,396.25,0.0,1.3778,0.0,0,0.3135,0,0.0462,0,0.0462,0,0.3176,0,0.3176,0,0.9893,1,0.9893,1,50.1,401.8,235.96,0,1,2025-10-01 05:31:44,16.7,88.4,,0,0,,1
2025-10-01 05:32:29,319.98,0.3141,228.72,0.4594,1.3784,228.85,230.9,226.43,396.49,397.12,394.86,396.15,0.0,1.3784,0.0,0,0.3141,0,0.0469,0,0.0469,0,0.3183,0,0.3183,0,0.989,1,0.989,1,50,401.81,235.96,0,1,2025-10-01 05:32:29,16.9,90,,0,0,,1
2025-10-01 05:33:14,319.98,0.316,228.25,0.4596,1.379,230.07,231.54,223.15,398.87,394.82,392.35,395.29,0.0,1.379,0.0,0,0.315,0,0.0475,0,0.0475,0,0.3193,0,0.3193,0,0.9888,1,0.9887,1,50.1,401.81,235.96,0,1,2025-10-01 05:33:14,17.1,90.6,,0,0,,1
2025-10-01 05:33:59,319.99,0.3151,228.39,0.4597,1.3792,230.19,231.54,223.46,397.87,396.95,391.9,395.47,0.0,1.3792,0.0,0,0.3151,0,0.0474,0,0.0474,0,0.3193,0,0.3193,0,0.9888,1,0.9888,1,50.1,401.81,235.96,0,1,2025-10-01 05:33:59,17.3,91.3,,0,0,,1
2025-10-01 05:34:44,319.99,0.3138,228.17,0.459,1.3771,230.06,230.9,223.56,396.83,396.98,391.73,395.23,0.0,1.3771,0.0,0,0.3138,0,0.0465,0,0.0465,0,0.318,0,0.318,0,0.9892,1,0.9892,1,50,401.82,235.96,0,1,2025-10-01 05:34:44,17.5,91.9,,0,0,,1
2025-10-01 05:35:29,320,0.3158,227.86,0.4594,1.3784,230.03,231.33,222.24,398.13,395.63,390.23,394.69,0.0,1.3784,0.0,0,0.3146,0,0.0471,0,0.0471,0,0.3189,0,0.3189,0,0.989,1,0.9889,1,50.1,401.82,235.96,0,1,2025-10-01 05:35:29,17.6,92.1,,0,0,,1
2025-10-01 05:36:14,320,0.313,228.58,0.458,1.374,229.87,229.92,225.95,396.63,397.11,393.94,395.84,0.0,1.374,0.0,0,0.3119,0,0.0453,0,0.0453,0,0.3159,0,0.3159,0,0.9896,1,0.9896,1,50.1,401.83,235.96,0,1,2025-10-01 05:36:14,17.8,92.4,,0,0,,1
2025-10-01 05:36:59,320,0.3154,228.87,0.4601,1.3805,231.08,231.57,223.96,399.57,396.75,392.9,396.27,0.0,1.3805,0.0,0,0.3154,0,0.0473,0,0.0473,0,0.3197,0,0.3197,0,0.9889,1,0.9889,1,50.1,401.83,235.96,0,1,2025-10-01 05:36:59,17.9,92.7,,0,0,,1
2025-10-01 05:37:44,320.01,0.3163,229.2,0.46,1.3802,231.53,232.45,223.64,400.37,398.3,392.27,396.86,0.0,1.3802,0.0,0,0.3163,0,0.0487,0,0.0487,0,0.3208,0,0.3208,0,0.9883,1,0.9883,1,50.1,401.83,235.96,0,1,2025-10-01 05:37:44,18.1,92.9,,0,0,,1
2025-10-01 05:38:29,320.01,0.3167,229.6,0.4607,1.3821,231.94,232.38,224.49,399.6,398.64,394.73,397.55,0.0,1.3821,0.0,0,0.3167,0,0.0484,0,0.0484,0,0.3212,0,0.3212,0,0.9885,1,0.9885,1,50.1,401.84,235.96,0,1,2025-10-01 05:38:29,18.2,93.2,,0,0,,1
2025-10-01 05:39:14,320.05,3.3792,228.27,6.6361,19.9085,231.19,231.77,221.85,398.64,396.31,391.1,395.35,6.8892,7.643,5.3763,1.2928,1.2914,0.795,3.0276,0.9289,1.2099,0.8887,4.5569,1.5927,1.7714,1.1927,0.7447,0.8121,0.7297,0.6666,50.1,401.89,236,1,1,2025-10-01 05:39:14,18.3,92.8,,1,0,,0
2025-10-01 05:39:59,320.09,3.3869,228.22,6.6411,19.9234,231.61,231.33,221.72,398.53,396.52,390.7,395.2,6.8709,7.629,5.4235,1.2893,1.2921,0.8056,3.0227,0.9312,1.1992,0.8923,4.5587,1.5914,1.7648,1.2025,0.746,0.8106,0.7329,0.6701,50.1,401.95,236.04,1,1,2025-10-01 05:39:59,18.2,89.2,,1,0,,0
2025-10-01 05:40:44,320.14,3.3765,228.07,6.6203,19.8609,230.45,230.97,222.79,396.99,397,390.98,395.03,6.7443,7.5141,5.6025,1.2403,1.2982,0.838,3.0079,0.9348,1.1486,0.9244,4.5379,1.5542,1.7355,1.2482,0.7466,0.7985,0.7489,0.6716,50.1,402.01,236.08,1,1,2025-10-01 05:40:44,18.1,85.6,,1,0,,0
2025-10-01 05:41:29,320.18,3.372,227.2,6.6121,19.836299999999998,228.82,230.51,222.27,396.87,395.07,388.58,393.28,6.8491,7.6499,5.3373,1.2789,1.3022,0.7908,2.9741,0.9043,1.1862,0.8836,4.5169,1.5672,1.7634,1.1863,0.7499,0.8165,0.7392,0.6669,50.1,402.06,236.11,1,1,2025-10-01 05:41:29,17.9,83.4,,1,0,,0
2025-10-01 05:42:14,320.22,3.371,227.75,6.6112,19.8337,228.41,230.32,224.53,396.18,396.09,391.13,394.58,6.7926,7.4786,5.5625,1.2345,1.2941,0.8425,2.9931,0.938,1.1337,0.9214,4.5229,1.5515,1.7225,1.2489,0.7477,0.7962,0.7521,0.6748,50.1,402.12,236.15,1,1,2025-10-01 05:42:14,17.7,81.2,,1,0,,0
2025-10-01 05:42:59,320.26,3.3713,227.62,6.6108,19.832500000000003,228.36,229.95,224.56,396.19,395.43,391.12,394.45,6.8613,7.4401,5.5311,1.244,1.2802,0.8471,2.9918,0.9513,1.1326,0.908,4.5198,1.5668,1.7109,1.2421,0.7479,0.7943,0.7489,0.6821,50.1,402.18,236.19,1,1,2025-10-01 05:42:59,17.4,79.3,,1,0,,0
2025-10-01 05:43:44,320.31,3.3682,226.98,6.6016,19.8049,227.42,230.04,223.48,395.03,394.41,389.97,393.09,6.8797,7.5477,5.3775,1.2645,1.2917,0.812,2.9635,0.9202,1.1578,0.8855,4.5026,1.5646,1.7363,1.2018,0.7507,0.8085,0.7446,0.6758,50.1,402.23,236.23,1,1,2025-10-01 05:43:44,17.2,78,,1,0,,0
2025-10-01 05:44:29,320.35,3.3507,227.28,6.5849,19.7547,228.41,229.59,223.84,396.33,394.44,390.2,393.68,6.9158,7.4911,5.3478,1.268,1.2686,0.8141,2.976,0.9405,1.1586,0.8769,4.4966,1.5796,1.7199,1.1971,0.7476,0.8031,0.7383,0.6803,50,402.29,236.26,1,1,2025-10-01 05:44:29,17.0,76.5,,1,0,,0
2025-10-01 05:45:14,320.39,3.3457,227.14,6.5703,19.711100000000002,228.3,229.1,224.03,394.34,395.34,390.52,393.43,6.754,7.3905,5.5666,1.2207,1.2766,0.8484,2.9635,0.9405,1.1094,0.9136,4.4822,1.5419,1.6932,1.2471,0.7485,0.7921,0.7548,0.6805,50,402.35,236.3,1,1,2025-10-01 05:45:14,16.8,75.6,,1,0,,0
2025-10-01 05:45:59,320.43,3.3432,226.79,6.5699,19.709699999999998,227.7,229.87,222.81,395.78,393.99,388.67,392.81,6.8416,7.49,5.3781,1.2571,1.2799,0.8063,2.9507,0.9184,1.1517,0.8806,4.4779,1.5578,1.7217,1.1983,0.7497,0.8063,0.7444,0.675,50,402.4,236.34,1,1,2025-10-01 05:45:59,16.6,74.4,,1,0,,0
2025-10-01 05:46:44,320.47,3.333,226.69,6.5471,19.6415,227.05,228.77,224.27,394.1,394.21,389.62,392.66,6.7008,7.2426,5.6981,1.1869,1.2676,0.8785,2.9418,0.9502,1.064,0.9276,4.4562,1.5214,1.6569,1.2779,0.7497,0.7806,0.7659,0.6876,50,402.46,236.37,1,1,2025-10-01 05:46:44,16.4,74.5,,1,0,,0
2025-10-01 05:47:29,320.51,3.3399,226.96,6.5592,19.677599999999998,226.2,229.4,225.28,393.48,395.13,390.69,393.11,6.6811,7.2217,5.7748,1.1708,1.2775,0.8915,2.9527,0.9539,1.0518,0.947,4.4689,1.5113,1.6567,1.3009,0.7491,0.7752,0.772,0.6854,50,402.51,236.41,1,1,2025-10-01 05:47:29,16.3,74.7,,1,0,,0
2025-10-01 05:48:14,320.55,3.345,227.18,6.575,19.725,226.75,230.71,224.1,396.78,394.29,389.44,393.67,6.8429,7.5102,5.3719,1.2487,1.2896,0.8067,2.9658,0.9193,1.154,0.8925,4.4881,1.5516,1.7327,1.2038,0.7482,0.8052,0.7452,0.6705,50.1,402.57,236.45,1,1,2025-10-01 05:48:14,16.2,73.5,,1,0,,0
2025-10-01 05:49:51,320.66,3.3341,226.95,6.5582,19.6748,228.25,230.08,222.52,396.78,393.36,389.13,393.09,6.9276,7.5305,5.2167,1.2835,1.2665,0.7841,2.957,0.9221,1.1797,0.8552,4.4747,1.5812,1.7326,1.1608,0.7481,0.8121,0.7317,0.6758,50.1,402.71,236.54,1,1,2025-10-01 05:49:51,15.9,72.8,,1,0,,0
2025-10-01 05:50:36,320.7,3.3235,227.6,6.5463,19.6389,229.14,229.39,224.28,396.38,395.2,391.04,394.22,6.7789,7.298,5.562,1.2173,1.2531,0.8531,2.9797,0.9632,1.1071,0.9095,4.4749,1.5533,1.6741,1.2474,0.7445,0.7842,0.7494,0.6841,50.1,402.77,236.58,1,1,2025-10-01 05:50:36,15.8,72,,1,0,,0
2025-10-01 05:51:21,320.74,3.3247,227.23,6.5499,19.649900000000002,229.01,230.03,222.67,395.76,395.39,389.54,393.67,6.8086,7.5307,5.3106,1.2597,1.2753,0.7897,2.9664,0.9173,1.1697,0.8794,4.474,1.5592,1.7323,1.1825,0.7461,0.8083,0.7369,0.6681,50.1,402.82,236.61,1,1,2025-10-01 05:51:21,15.7,71.9,,1,0,,0
2025-10-01 05:52:07,320.78,3.3247,227.52,6.5491,19.647399999999998,230.45,229.01,223.1,396.61,395.38,390.13,394.15,6.8326,7.4468,5.368,1.2539,1.2553,0.8155,2.9792,0.9458,1.1508,0.8826,4.4776,1.5746,1.7054,1.1976,0.7447,0.7992,0.7356,0.6789,50.1,402.88,236.65,1,1,2025-10-01 05:52:07,15.6,71.2,,1,0,,0
2025-10-01 05:52:51,320.83,3.3291,227.41,6.5509,19.6529,229.78,229.32,223.13,397.31,394.75,389.54,393.73,6.8263,7.4749,5.3517,1.2581,1.2633,0.8078,2.9706,0.9356,1.1562,0.8789,4.4768,1.5685,1.7141,1.1941,0.7461,0.8024,0.7376,0.6767,50.1,402.93,236.69,1,1,2025-10-01 05:52:51,15.5,71.1,,1,0,,0
2025-10-01 05:53:36,320.84,0.3198,228.17,0.4674,1.4022,229.66,230.68,224.17,398.29,396.23,391.05,395.08,0.0,1.4022,0.0,0,0.3198,0,0.0441,0,0.0441,0,0.3235,0,0.3235,0,0.9906,1,0.9906,1,50.1,402.95,236.7,0,1,2025-10-01 05:53:36,15.4,71.8,,0,0,,1
2025-10-01 05:54:22,320.85,0.3179,227.86,0.4631,1.3895,228.76,230.86,223.98,396.95,396.17,390.88,394.71,0.0,1.3895,0.0,0,0.3169,0,0.0451,0,0.0451,0,0.3208,0,0.3208,0,0.99,1,0.99,1,50.1,402.96,236.7,0,1,2025-10-01 05:54:22,15.4,72.9,,0,0,,1
2025-10-01 05:55:06,320.85,0.3163,227.9,0.4623,1.387,228.73,230.99,223.98,396.72,396.09,391.36,394.69,0.0,1.387,0.0,0,0.3163,0,0.046,0,0.046,0,0.3204,0,0.3204,0,0.9895,1,0.9895,1,50.1,402.96,236.7,0,1,2025-10-01 05:55:06,15.4,76.4,,0,0,,1
2025-10-01 05:55:51,320.85,0.3151,227.75,0.4611,1.3833,228.45,230.74,224.07,397.13,395.56,390.75,394.57,0.0,1.3833,0.0,0,0.3151,0,0.0458,0,0.0458,0,0.3192,0,0.3192,0,0.9895,1,0.9895,1,50.1,402.97,236.7,0,1,2025-10-01 05:55:51,15.6,80.9,,0,0,,1
2025-10-01 05:56:58,320.86,0.3131,227.46,0.4597,1.3792,229.41,229.86,223.13,396.45,395.2,390.26,393.97,0.0,1.3792,0.0,0,0.3131,0,0.045,0,0.045,0,0.317,0,0.317,0,0.9898,1,0.9898,1,50,402.97,236.7,0,1,2025-10-01 05:56:58,16.1,85.3,,0,0,,1
2025-10-01 05:57:43,320.87,0.3137,227.53,0.4594,1.3784,229.66,230.51,222.43,396.56,395.3,390.38,394.09,0.0,1.3784,0.0,0,0.3137,0,0.046,0,0.046,0,0.3177,0,0.3177,0,0.9894,1,0.9894,1,50.1,402.98,236.7,0,1,2025-10-01 05:57:43,16.3,86.6,,0,0,,1
2025-10-01 05:58:28,320.87,0.314,227.09,0.4595,1.3786,229.5,230.78,221.01,397.14,394.44,388.4,393.35,0.0,1.3786,0.0,0,0.314,0,0.0468,0,0.0468,0,0.3182,0,0.3182,0,0.989,1,0.989,1,50,402.98,236.71,0,1,2025-10-01 05:58:28,16.5,88.2,,0,0,,1
2025-10-01 05:59:14,320.87,0.3136,227.12,0.4593,1.3781,228.17,230.58,222.61,394.64,395.68,389.76,393.36,0.0,1.3781,0.0,0,0.3136,0,0.0465,0,0.0465,0,0.3178,0,0.3178,0,0.9891,1,0.9891,1,50,402.99,236.71,0,1,2025-10-01 05:59:58,17.0,90.4,,0,0,,1
2025-10-01 05:59:58,320.88,0.316,227.48,0.4605,1.3815,227.92,231.9,222.63,396.4,396.08,389.53,394,0.0,1.3815,0.0,0,0.316,0,0.0481,0,0.0481,0,0.3204,0,0.3204,0,0.9885,1,0.9885,1,50,402.99,236.71,0,1,2025-10-01 05:59:58,17.0,90.4,,0,0,,1
2025-10-01 06:00:43,320.88,0.3155,227.04,0.4601,1.3803,227.11,231.74,222.28,396.12,395.16,388.47,393.33,0.0,1.3803,0.0,0,0.3155,0,0.0478,0,0.0478,0,0.3199,0,0.3199,0,0.9887,1,0.9887,1,50,402.99,236.71,0,1,2025-10-01 06:00:43,17.2,91.1,,0,0,,1
2025-10-01 06:01:29,320.89,0.3144,228.04,0.4595,1.3786,228.97,231.11,224.05,396.77,395.86,392.28,395.05,0.0,1.3786,0.0,0,0.3144,0,0.0469,0,0.0469,0,0.3186,0,0.3186,0,0.989,1,0.989,1,50.1,403,236.71,0,1,2025-10-01 06:02:13,17.5,91.4,,0,0,,1
2025-10-01 06:02:13,320.89,0.316,227.74,0.4604,1.3813,228.66,231.98,222.59,397.34,396,390.02,394.5,0.0,1.3813,0.0,0,0.316,0,0.0482,0,0.0482,0,0.3204,0,0.3204,0,0.9885,1,0.9885,1,50.1,403,236.71,0,1,2025-10-01 06:02:13,17.5,91.4,,0,0,,1
2025-10-01 06:02:58,320.89,0.3173,228.5,0.4609,1.3828,230.31,232.74,222.47,398.72,396.96,391.64,395.77,0.0,1.3828,0.0,0,0.3173,0,0.0488,0,0.0488,0,0.3218,0,0.3218,0,0.9883,1,0.9883,1,50.1,403.01,236.71,0,1,2025-10-01 06:02:58,17.6,91.9,,0,0,,1
2025-10-01 06:04:05,320.9,0.3169,228.64,0.4605,1.3817,230.64,232.57,222.73,399.38,397.45,391.21,395.99,0.0,1.3817,0.0,0,0.3169,0,0.0485,0,0.0485,0,0.3213,0,0.3213,0,0.9885,1,0.9885,1,50.1,403.01,236.71,0,1,2025-10-01 06:04:05,17.9,92.6,,0,0,,1
2025-10-01 06:04:50,320.9,0.3157,229.1,0.46,1.3802,232.07,231.82,223.43,399.41,397.7,393.28,396.63,0.0,1.3802,0.0,0,0.3157,0,0.0473,0,0.0473,0,0.32,0,0.32,0,0.9889,1,0.9889,1,50.1,403.02,236.71,0,1,2025-10-01 06:04:50,18.0,92.7,,0,0,,1
2025-10-01 06:05:35,320.91,0.3157,229.08,0.46,1.3801,231.96,231.82,223.47,400.02,397.79,392.47,396.81,0.0,1.3801,0.0,0,0.3157,0,0.0471,0,0.0471,0,0.3199,0,0.3199,0,0.989,1,0.989,1,50.1,403.02,236.71,0,1,2025-10-01 06:05:35,18.1,92.9,,0,0,,1
2025-10-01 06:06:20,320.91,0.3168,228.41,0.4596,1.379,230.26,232.05,222.94,398.25,397.01,391.57,395.64,0.0,1.379,0.0,0,0.3157,0,0.0474,0,0.0474,0,0.32,0,0.32,0,0.9889,1,0.9889,1,50.1,403.03,236.71,0,1,2025-10-01 06:06:20,18.2,93.4,,0,0,,1
2025-10-01 06:07:05,320.93,3.3477,228.32,6.6011,19.8035,227.74,231.99,225.25,396.39,398.46,391.54,395.43,6.6743,7.446,5.6832,1.1962,1.3068,0.8447,3.0241,0.9363,1.1264,0.9614,4.5275,1.52,1.7274,1.2801,0.742,0.7874,0.7574,0.66,50.1,403.05,236.73,1,1,2025-10-01 06:07:05,18.4,93.7,,1,0,,0
2025-10-01 06:07:50,320.98,3.3972,227.94,6.6501,19.9503,227.28,232.07,224.48,396.12,397.16,391.13,394.8,6.7582,7.5985,5.5936,1.2338,1.3318,0.8316,3.0069,0.9135,1.153,0.9405,4.555,1.536,1.7634,1.2557,0.7488,0.8037,0.756,0.6623,50.1,403.11,236.77,1,1,2025-10-01 06:07:50,18.3,91.5,,1,0,,0
2025-10-01 06:08:35,321.02,3.3972,228.26,6.6526,19.958,228.33,232.58,223.89,397.49,397.26,391.34,395.3,6.7874,7.5848,5.5858,1.2439,1.3241,0.8292,3.0212,0.9229,1.1626,0.9357,4.5644,1.5498,1.7641,1.2506,0.7472,0.8031,0.7514,0.6632,50.1,403.16,236.8,1,1,2025-10-01 06:08:35,18.2,87.6,,1,0,,0
2025-10-01 06:09:20,321.06,3.3843,228.55,6.6402,19.9207,228.61,232.38,224.68,396.8,397.86,392.91,395.82,6.6673,7.5281,5.7253,1.2079,1.3279,0.8485,3.0296,0.9278,1.1356,0.9663,4.56,1.5242,1.7494,1.2864,0.745,0.793,0.7599,0.6589,50.1,403.23,236.84,1,1,2025-10-01 06:09:20,18.0,85.8,,1,0,,0
2025-10-01 06:10:05,321.1,3.3834,228.28,6.636,19.908,229.72,232.38,222.74,397.22,397.46,391.41,395.39,6.808,7.5801,5.5199,1.2562,1.309,0.8182,3.0229,0.9265,1.1761,0.9203,4.5549,1.5639,1.7615,1.2295,0.7457,0.8052,0.7431,0.6652,50,403.28,236.88,1,1,2025-10-01 06:10:05,17.8,83,,1,0,,0
2025-10-01 06:11:58,321.22,3.3666,227.78,6.6032,19.8096,229.51,231.79,222.04,395.74,397.34,390.34,394.46,6.7094,7.4571,5.6431,1.2268,1.3001,0.8397,2.9942,0.929,1.1357,0.9294,4.5213,1.5399,1.7285,1.253,0.7472,0.7972,0.7531,0.6703,50.1,403.44,236.99,1,1,2025-10-01 06:11:58,17.3,78.3,,1,0,,0
2025-10-01 06:12:43,321.27,3.3524,227.25,6.5883,19.7649,227.25,232.82,221.69,394.9,396.07,389.78,393.61,6.6124,7.5826,5.5699,1.2154,1.3341,0.8029,2.9722,0.882,1.1527,0.9375,4.5028,1.5027,1.7654,1.2348,0.7482,0.8093,0.7566,0.6504,50.1,403.5,237.02,1,1,2025-10-01 06:12:43,17.1,77.2,,1,0,,0
2025-10-01 06:13:28,321.3,3.3537,227.41,6.5863,19.7589,227.26,232.28,222.69,393.74,397.74,390.05,393.86,6.5055,7.4428,5.8106,1.1696,1.3329,0.8513,2.9739,0.9025,1.0973,0.974,4.5012,1.4784,1.7288,1.294,0.7482,0.7916,0.772,0.658,50,403.55,237.06,1,1,2025-10-01 06:13:29,16.8,75.7,,1,0,,0
2025-10-01 06:14:13,321.35,3.3657,227.7,6.6103,19.8309,227.56,233.43,222.12,395.72,397.7,389.67,394.43,6.5609,7.6103,5.6597,1.2038,1.35,0.8119,2.9919,0.8814,1.1511,0.9594,4.5266,1.493,1.7765,1.2571,0.7473,0.8068,0.7609,0.6459,50.1,403.61,237.1,1,1,2025-10-01 06:14:13,16.7,75.5,,1,0,,0
2025-10-01 06:14:58,321.39,3.3644,227.5,6.6057,19.8172,227.57,233.28,221.67,395.33,396.9,389.82,394.02,6.5876,7.656,5.5736,1.2181,1.3503,0.7961,2.9813,0.872,1.1652,0.9441,4.5206,1.4991,1.786,1.2355,0.7484,0.8131,0.757,0.6446,50.1,403.67,237.14,1,1,2025-10-01 06:14:58,16.5,75.6,,1,0,,0
2025-10-01 06:15:44,321.43,3.359,227.78,6.5999,19.7997,228.23,232.55,222.58,394.97,397.88,390.63,394.44,6.591,7.5866,5.6221,1.2097,1.3354,0.8138,2.9913,0.8921,1.1493,0.9499,4.5199,1.5043,1.7643,1.2514,0.7467,0.8048,0.7579,0.6506,50.1,403.73,237.17,1,1,2025-10-01 06:15:44,16.4,75.4,,1,0,,0
2025-10-01 06:16:28,321.47,3.3683,227.86,6.608,19.8241,228.58,232.47,222.55,396.18,397.12,390.65,394.62,6.6191,7.6148,5.5902,1.2211,1.3366,0.8106,2.9918,0.8914,1.1572,0.9432,4.5273,1.513,1.7702,1.2441,0.7476,0.8076,0.756,0.6517,50.1,403.78,237.21,1,1,2025-10-01 06:16:28,16.3,74.7,,1,0,,0
2025-10-01 06:17:13,321.52,3.3469,228.04,6.5845,19.753600000000002,228.93,231.98,223.22,396.06,398.02,390.77,395.01,6.6351,7.5884,5.5301,1.2224,1.3207,0.8038,2.9968,0.9001,1.1605,0.9362,4.5138,1.519,1.7604,1.2344,0.7449,0.8052,0.7512,0.6514,50.1,403.84,237.25,1,1,2025-10-01 06:17:13,16.1,74,,1,0,,0
2025-10-01 06:17:58,321.56,3.3577,229.34,6.6113,19.834,230.26,232.68,225.08,398.83,399.25,393.55,397.07,6.6899,7.4574,5.6867,1.2099,1.3026,0.8452,3.0547,0.9515,1.1427,0.9604,4.5556,1.5404,1.7352,1.28,0.7396,0.786,0.7517,0.6606,50.1,403.89,237.29,1,1,2025-10-01 06:17:58,16.0,73.4,,1,0,,0
2025-10-01 06:18:43,321.6,3.3578,229.31,6.6148,19.8444,229.96,233.51,224.46,399.08,399.1,393.3,397.22,6.6552,7.5894,5.5998,1.2205,1.3243,0.813,3.054,0.9216,1.1743,0.9581,4.5596,1.5304,1.7722,1.2569,0.7397,0.798,0.7482,0.647,50.1,403.95,237.32,1,1,2025-10-01 06:18:43,15.9,77.8,,1,0,,0
2025-10-01 06:19:28,321.64,3.3572,229.16,6.6082,19.8248,230.04,233.5,223.96,399.35,398.97,392.43,396.94,6.7204,7.5714,5.533,1.2365,1.3127,0.808,3.0461,0.9265,1.1807,0.9389,4.5531,1.546,1.7679,1.2392,0.7405,0.8002,0.7434,0.6523,50.1,404.01,237.36,1,1,2025-10-01 06:19:28,15.9,81.8,,1,0,,0
2025-10-01 06:20:13,321.68,3.3646,229.83,6.6257,19.877299999999998,230.41,233.64,225.45,398.81,401.41,393.92,398.02,6.6427,7.5183,5.7163,1.2046,1.3211,0.8389,3.0736,0.9421,1.1538,0.9777,4.5759,1.5305,1.7566,1.2887,0.7383,0.7877,0.7531,0.6512,50.2,404.06,237.4,1,1,2025-10-01 06:20:13,16.0,83.8,,1,0,,0
2025-10-01 06:20:58,321.73,3.3611,229.73,6.6153,19.846,230.91,233.34,224.96,399.19,400.67,393.79,397.93,6.6651,7.5509,5.63,1.22,1.3164,0.8248,3.0653,0.9366,1.1679,0.9608,4.5675,1.539,1.7619,1.2665,0.7388,0.7932,0.748,0.6513,50.2,404.12,237.44,1,1,2025-10-01 06:20:58,16.1,83.5,,1,0,,0
2025-10-01 06:21:43,321.77,3.3656,229.45,6.6151,19.8453,231.6,233.12,223.63,400.83,398.85,392.53,397.24,6.8208,7.661,5.3635,1.2788,1.3037,0.783,3.051,0.9258,1.2173,0.9079,4.5651,1.5797,1.7859,1.1994,0.7408,0.81,0.7309,0.6531,50.2,404.18,237.48,1,1,2025-10-01 06:21:43,16.2,82.2,,1,0,,0
2025-10-01 06:22:28,321.81,3.3589,229.42,6.6089,19.8267,231.54,232.55,224.17,400.11,399.21,392.71,397.3,6.7473,7.569,5.5104,1.2478,1.3,0.8111,3.0522,0.9381,1.1833,0.9308,4.5577,1.5623,1.7602,1.2353,0.74,0.7992,0.7395,0.6569,50.2,404.23,237.51,1,1,2025-10-01 06:22:28,16.2,82.6,,1,0,,0
2025-10-01 06:23:13,321.85,3.3638,229.09,6.6041,19.8125,231.07,232.38,223.83,399.27,398.54,392.52,396.74,6.7122,7.5735,5.5268,1.2424,1.3085,0.8129,3.0323,0.9266,1.1738,0.9319,4.548,1.551,1.7599,1.2371,0.7427,0.8016,0.7443,0.6573,50.2,404.29,237.55,1,1,2025-10-01 06:23:13,16.2,81,,1,0,,0
2025-10-01 06:23:58,321.89,3.3686,229.15,6.6084,19.8253,230.34,232.24,224.88,399.19,399.13,392.33,396.91,6.7825,7.5255,5.5173,1.2453,1.2994,0.8239,3.0335,0.9414,1.1654,0.9267,4.5507,1.5623,1.7477,1.2407,0.743,0.7977,0.7444,0.6644,50.2,404.35,237.59,1,1,2025-10-01 06:23:58,16.1,80.1,,1,0,,0
2025-10-01 06:24:43,321.94,3.3613,228.81,6.5994,19.7982,229.45,232.27,224.73,397.95,398.33,392.64,396.32,6.7068,7.5223,5.5691,1.2259,1.3101,0.8253,3.0204,0.9281,1.1523,0.94,4.5376,1.5389,1.7472,1.2515,0.7438,0.7972,0.7508,0.6597,50.2,404.41,237.63,1,1,2025-10-01 06:24:43,16.1,79.4,,1,0,,0
2025-10-01 06:25:28,321.98,3.3603,228.93,6.6019,19.8059,229.15,233.24,224.41,398.01,398.6,392.92,396.59,6.6734,7.5991,5.5334,1.2277,1.3269,0.8057,3.0257,0.9099,1.1716,0.9442,4.5434,1.5292,1.7724,1.2418,0.7431,0.8033,0.7496,0.6491,50.2,404.46,237.66,1,1,2025-10-01 06:25:28,16.1,79.7,,1,0,,0
2025-10-01 06:26:13,322.02,3.3583,228.4,6.5967,19.790300000000002,228.42,232.9,223.9,397.14,398.28,391.37,395.63,6.6121,7.6313,5.5469,1.2182,1.339,0.8012,3.0048,0.8911,1.1653,0.9483,4.5296,1.5103,1.7773,1.242,0.7452,0.8071,0.7543,0.6453,50.2,404.52,237.7,1,1,2025-10-01 06:26:13,16.0,79.2,,1,0,,0
2025-10-01 06:26:58,322.06,3.3648,228,6.6007,19.8021,228.58,232.92,222.52,398.49,396.41,389.86,394.8,6.7136,7.6876,5.4009,1.2537,1.3323,0.7789,2.9901,0.8833,1.1926,0.9142,4.527,1.5346,1.7906,1.2018,0.7475,0.8174,0.745,0.6485,50.2,404.58,237.74,1,1,2025-10-01 06:26:58,16.0,79.4,,1,0,,0
2025-10-01 06:27:43,322.11,3.3639,228.8,6.6019,19.8059,229.05,232.27,225.1,397.2,398.91,392.75,396.31,6.6326,7.5124,5.6609,1.2042,1.3221,0.8377,3.0188,0.9242,1.1351,0.9596,4.5384,1.5192,1.7449,1.2743,0.7442,0.7933,0.7587,0.6576,50.2,404.63,237.78,1,1,2025-10-01 06:27:43,16.0,80,,1,0,,0
2025-10-01 06:28:28,322.15,3.3636,228.84,6.6052,19.8158,228.41,232.07,226.04,397.12,399.32,392.61,396.27,6.6366,7.524,5.6552,1.2001,1.3253,0.8382,3.0216,0.9241,1.1331,0.9644,4.5403,1.5159,1.7461,1.2783,0.7439,0.7923,0.76,0.656,50.2,404.69,237.82,1,1,2025-10-01 06:28:28,16.0,79.8,,1,0,,0
2025-10-01 06:29:13,322.19,3.3573,228.65,6.5971,19.7914,228.06,232.36,225.54,398.34,398.13,391.65,396.32,6.7483,7.6243,5.4188,1.2403,1.3214,0.7957,3.013,0.9094,1.1767,0.9269,4.5328,1.539,1.7716,1.2222,0.7442,0.8064,0.7468,0.6513,50.2,404.74,237.85,1,1,2025-10-01 06:29:13,16.0,78.3,,1,0,,0
2025-10-01 06:29:58,322.23,3.3658,228.84,6.6086,19.826,227.52,232.48,226.54,397.72,399.13,392.27,396.45,6.6736,7.5671,5.5853,1.2091,1.3316,0.825,3.0215,0.9169,1.1461,0.9586,4.5429,1.5184,1.7592,1.2653,0.7441,0.7968,0.7579,0.6523,50.2,404.8,237.89,1,1,2025-10-01 06:29:58,15.9,78.8,,1,0,,0
2025-10-01 06:30:43,322.27,3.3849,229.39,6.632,19.896,227.99,232.13,228.07,397.04,399.44,395.48,397.19,6.6483,7.406,5.8417,1.1753,1.3231,0.8866,3.0425,0.955,1.0938,0.9937,4.5672,1.5157,1.7192,1.3323,0.7437,0.776,0.7707,0.6657,50.2,404.86,237.93,1,1,2025-10-01 06:30:43,15.9,79.4,,1,0,,0
2025-10-01 06:31:28,322.32,3.3813,229.35,6.6311,19.8935,228.71,232.62,226.73,399.44,399.14,393.18,397.25,6.7116,7.5789,5.603,1.2201,1.329,0.8321,3.0426,0.9294,1.1543,0.9589,4.5684,1.535,1.763,1.2704,0.7433,0.7955,0.7549,0.6554,50.2,404.92,237.97,1,1,2025-10-01 06:31:28,15.9,78.7,,1,0,,0
2025-10-01 06:32:13,322.36,3.3952,229.35,6.6503,19.950899999999997,228.9,232.99,226.18,400.39,399.24,392.15,397.15,6.7226,7.7367,5.4916,1.2442,1.3501,0.8009,3.0436,0.9039,1.1908,0.9489,4.5835,1.5388,1.8026,1.2421,0.7446,0.809,0.7499,0.645,50.2,404.97,238,1,1,2025-10-01 06:32:13,15.9,79.7,,1,0,,0
2025-10-01 06:32:58,322.4,3.4116,229.98,6.67,20.010199999999998,228.99,232.76,228.2,400.09,400.22,394.71,398.32,6.6899,7.6197,5.7006,1.2126,1.3485,0.8504,3.0668,0.9342,1.1487,0.9839,4.6064,1.5319,1.7736,1.3009,0.7436,0.7921,0.7612,0.6539,50.2,405.03,238.04,1,1,2025-10-01 06:32:58,15.9,79.6,,1,0,,0
2025-10-01 06:33:43,322.44,3.4045,230.19,6.6714,20.014400000000002,229.68,233.51,227.4,400.82,400.92,394.39,398.77,6.7906,7.7044,5.5194,1.2501,1.3408,0.8135,3.081,0.9307,1.1955,0.9548,4.6138,1.5597,1.7991,1.2551,0.7414,0.8021,0.7463,0.6485,50.2,405.09,238.08,1,1,2025-10-01 06:33:43,15.9,78.8,,1,0,,0
2025-10-01 06:35:13,322.53,3.3876,229.72,6.6344,19.9034,229.68,232.58,226.91,399.55,399.93,394.17,397.88,6.8359,7.5647,5.5028,1.2499,1.3096,0.8281,3.0537,0.9483,1.1717,0.9337,4.5781,1.5701,1.7594,1.2486,0.7427,0.7966,0.7452,0.6635,50.2,405.2,238.16,1,1,2025-10-01 06:35:13,15.8,78.6,,1,0,,0
2025-10-01 06:35:58,322.57,3.3959,229.89,6.6476,19.942800000000002,229.36,233.08,227.24,399.97,400.4,394.18,398.3,6.8402,7.5528,5.5498,1.2454,1.3143,0.8363,3.0642,0.9526,1.1682,0.9434,4.5904,1.5689,1.7604,1.2611,0.7424,0.7942,0.7474,0.6633,50.2,405.26,238.2,1,1,2025-10-01 06:35:58,15.9,82.4,,1,0,,0
2025-10-01 06:36:43,322.61,3.4051,229.58,6.6547,19.964100000000002,228.17,233,227.57,399.31,399.99,393.63,397.67,6.757,7.5066,5.7005,1.2147,1.3289,0.8615,3.0501,0.9474,1.1337,0.969,4.588,1.5417,1.749,1.2973,0.7448,0.7885,0.7607,0.6644,50.2,405.32,238.24,1,1,2025-10-01 06:36:43,16.0,83.6,,1,0,,0
2025-10-01 06:37:28,322.66,3.3972,230.51,6.6614,19.9844,230.22,233.37,227.96,400.79,401.45,395.54,399.21,6.864,7.506,5.6144,1.241,1.3041,0.852,3.0962,0.9763,1.1657,0.9542,4.6118,1.5802,1.7517,1.2799,0.739,0.7859,0.7455,0.666,50.2,405.38,238.27,1,1,2025-10-01 06:37:28,16.0,80.5,,1,0,,0
2025-10-01 06:38:13,322.7,3.4186,230.49,6.6829,20.0489,229.81,234.04,227.62,401.13,401.03,395.5,399.25,6.8765,7.5946,5.5778,1.2545,1.3241,0.8401,3.0929,0.9595,1.1824,0.951,4.6273,1.5803,1.7774,1.2696,0.7415,0.7943,0.7458,0.662,50.2,405.43,238.31,1,1,2025-10-01 06:38:13,15.9,79.4,,1,0,,0
2025-10-01 06:38:58,322.74,3.4122,230.38,6.6792,20.0377,230.54,233.89,226.71,402.1,400,395,399.01,6.9219,7.6774,5.4384,1.2811,1.3199,0.8112,3.0919,0.9499,1.2143,0.9277,4.6244,1.5958,1.7957,1.2329,0.741,0.8032,0.7359,0.6582,50.2,405.49,238.35,1,1,2025-10-01 06:38:58,15.8,78.9,,1,0,,0
2025-10-01 06:39:43,322.78,3.4052,230.91,6.6758,20.0275,231.74,233.99,227.01,402.84,401.17,395.84,399.86,6.9371,7.6314,5.459,1.2814,1.3059,0.8179,3.114,0.969,1.2148,0.9302,4.6325,1.6076,1.7857,1.2392,0.7379,0.7976,0.7321,0.6603,50.2,405.55,238.39,1,1,2025-10-01 06:39:43,15.7,79.1,,1,0,,0
2025-10-01 06:40:28,322.83,3.411,230.89,6.685,20.055,231.67,233.99,227.03,401.93,401.61,396.2,399.9,6.8596,7.6616,5.5338,1.2665,1.3217,0.8228,3.1149,0.9581,1.2081,0.9487,4.6382,1.5892,1.7927,1.2563,0.7384,0.7975,0.7381,0.6551,50.2,405.61,238.43,1,1,2025-10-01 06:40:28,15.7,79.2,,1,0,,0
2025-10-01 06:41:13,322.87,3.4176,230.45,6.695,20.0851,230.93,234.73,225.69,402.58,401.24,393.63,399.23,6.9428,7.7917,5.3506,1.3024,1.3318,0.7834,3.102,0.9335,1.2502,0.9184,4.6398,1.6033,1.8289,1.2076,0.7404,0.8127,0.729,0.6489,50.2,405.66,238.47,1,1,2025-10-01 06:41:13,15.6,78.9,,1,0,,0
2025-10-01 06:42:43,322.95,3.3914,231.09,6.6776,20.032999999999998,230.26,234.67,228.36,401.48,402.68,396.64,400.17,6.7777,7.5337,5.7216,1.2171,1.3219,0.8525,3.1346,0.9748,1.1703,0.9895,4.6352,1.5606,1.7679,1.3066,0.7343,0.7805,0.7487,0.6526,50.2,405.78,238.55,1,1,2025-10-01 06:42:43,15.6,80.5,,1,0,,0
2025-10-01 06:43:28,323,3.3957,230.08,6.6771,20.0315,230.82,234.84,224.58,403.57,399.16,392.84,398.6,7.0527,7.8059,5.1729,1.3318,1.3096,0.7544,3.098,0.9348,1.2802,0.883,4.6228,1.6279,1.8331,1.1617,0.7387,0.8184,0.715,0.6495,50.1,405.84,238.58,1,1,2025-10-01 06:43:28,15.5,79.8,,1,0,,0
2025-10-01 06:44:13,323.04,3.4179,230.71,6.6943,20.083,230.52,234.75,226.86,402.24,401.22,395.34,399.61,6.8053,7.6208,5.6569,1.2434,1.3353,0.8392,3.1108,0.9543,1.1868,0.9698,4.6411,1.5688,1.789,1.2833,0.7395,0.7932,0.7474,0.6543,50.2,405.9,238.62,1,1,2025-10-01 06:44:13,15.5,80.7,,1,0,,0
2025-10-01 06:44:58,323.08,3.4092,230.57,6.6832,20.049599999999998,230.3,234.54,226.89,400.91,402.08,395.09,399.4,6.7347,7.6061,5.7088,1.2255,1.3403,0.8434,3.1047,0.9487,1.1735,0.9825,4.6302,1.551,1.7839,1.2953,0.7393,0.7907,0.7523,0.6513,50.2,405.95,238.66,1,1,2025-10-01 06:44:58,15.5,81.3,,1,0,,0
2025-10-01 06:45:43,323.12,3.4139,230.28,6.6924,20.0774,230.82,235.13,224.91,402.72,400.46,393.44,398.85,6.9324,7.8021,5.3429,1.3037,1.3345,0.7756,3.0983,0.926,1.2553,0.917,4.6363,1.6001,1.8345,1.2017,0.7405,0.8152,0.7283,0.6458,50.2,406.01,238.7,1,1,2025-10-01 06:45:43,15.5,78.9,,1,0,,0
2025-10-01 06:46:28,323.17,3.4163,230.56,6.6912,20.0738,231.15,234.02,226.51,400.87,401.3,395.82,399.36,6.7633,7.6211,5.6894,1.2381,1.3347,0.8435,3.1056,0.9525,1.1796,0.9735,4.6355,1.5633,1.7835,1.2887,0.7399,0.7925,0.7493,0.6548,50.2,406.07,238.74,1,1,2025-10-01 06:46:28,15.5,77.7,,1,0,,0
2025-10-01 06:47:13,323.21,3.4221,229.98,6.6986,20.096,231.62,234.25,224.07,401.35,400.34,393.27,398.39,7.0027,7.8712,5.2221,1.3351,1.3281,0.7589,3.0839,0.9191,1.2755,0.8893,4.6359,1.622,1.8438,1.1701,0.7428,0.8236,0.7212,0.6491,50.2,406.13,238.78,1,1,2025-10-01 06:47:13,15.4,76.3,,1,0,,0
2025-10-01 06:47:58,323.23,0.3292,230.78,0.4718,1.4156,232.39,234.82,225.14,403.63,400.79,394.77,399.75,0.0,1.4156,0.0,0,0.3282,0,0.0476,0,0.0476,0,0.3324,0,0.3324,0,0.9896,1,0.9896,1,50.2,406.16,238.8,0,1,2025-10-01 06:47:58,15.4,77.1,,0,0,,1
2025-10-01 06:48:43,323.24,0.327,231.04,0.4704,1.4114,231.94,234.69,226.5,404.2,401.23,395.11,400.11,0.0,1.4114,0.0,0,0.327,0,0.0478,0,0.0478,0,0.3312,0,0.3312,0,0.9894,1,0.9894,1,50.2,406.16,238.8,0,1,2025-10-01 06:48:43,15.3,79.4,,0,0,,1
2025-10-01 06:49:28,323.24,0.3252,230.91,0.4663,1.399,231.52,234.96,226.25,403.46,401.16,395.22,399.91,0.0,1.399,0.0,0,0.3241,0,0.0495,0,0.0495,0,0.3287,0,0.3287,0,0.9885,1,0.9885,1,50.2,406.17,238.8,0,1,2025-10-01 06:49:28,15.4,82.8,,0,0,,1
2025-10-01 06:50:13,323.24,0.3229,230.82,0.4652,1.3956,230.98,234.68,226.81,403.45,401.15,394.81,399.76,0.0,1.3956,0.0,0,0.3229,0,0.0495,0,0.0495,0,0.3275,0,0.3275,0,0.9884,1,0.9884,1,50.2,406.17,238.8,0,1,2025-10-01 06:50:13,15.7,84.8,,0,0,,1
2025-10-01 06:50:58,323.25,0.3233,230.8,0.466,1.398,231,234.53,226.87,401.85,401.24,396.17,399.63,0.0,1.398,0.0,0,0.3233,0,0.0492,0,0.0492,0,0.3279,0,0.3279,0,0.9886,1,0.9886,1,50.2,406.18,238.8,0,1,2025-10-01 06:50:58,15.9,86.3,,0,0,,1
2025-10-01 06:51:43,323.25,0.3224,229.47,0.4651,1.3953,231,234.29,223.12,403.77,397.68,390.97,397.46,0.0,1.3953,0.0,0,0.3224,0,0.0489,0,0.0489,0,0.3269,0,0.3269,0,0.9886,1,0.9886,1,50.2,406.18,238.8,0,1,2025-10-01 06:51:43,16.2,87.7,,0,0,,1
2025-10-01 06:52:28,323.26,0.3208,230.39,0.4639,1.3917,230.97,233.74,226.47,400.5,400.99,395.62,399.13,0.0,1.3917,0.0,0,0.3208,0,0.0485,0,0.0485,0,0.3253,0,0.3253,0,0.9887,1,0.9887,1,50.1,406.18,238.8,0,1,2025-10-01 06:52:28,16.5,89.6,,0,0,,1
2025-10-01 06:53:20,323.26,0.32,229.34,0.4631,1.3894,231.67,233.6,222.75,401.04,398.62,391.98,397.14,0.0,1.3894,0.0,0,0.32,0,0.0489,0,0.0489,0,0.3246,0,0.3246,0,0.9885,1,0.9885,1,50.1,406.19,238.8,0,1,2025-10-01 06:53:20,16.9,91,,0,0,,1
2025-10-01 06:54:05,323.27,0.3198,229.38,0.4627,1.3883,231.79,233.61,222.74,401.21,398.4,392.24,397.35,0.0,1.3883,0.0,0,0.3198,0,0.0488,0,0.0488,0,0.3243,0,0.3243,0,0.9885,1,0.9885,1,50.1,406.19,238.8,0,1,2025-10-01 06:54:05,17.1,90.4,,0,0,,1
2025-10-01 06:54:50,323.27,0.3189,229.91,0.4628,1.3884,233.82,232.92,223,402.39,398.71,393.48,398.24,0.0,1.3884,0.0,0,0.3189,0,0.0486,0,0.0486,0,0.3234,0,0.3234,0,0.9886,1,0.9886,1,50.1,406.2,238.8,0,1,2025-10-01 06:54:50,17.2,90.1,,0,0,,1
2025-10-01 06:55:35,323.27,0.3195,229.77,0.4626,1.3879,233.14,233.48,222.71,402.47,398.73,392.7,398.06,0.0,1.3879,0.0,0,0.3195,0,0.049,0,0.049,0,0.324,0,0.324,0,0.9884,1,0.9884,1,50.1,406.2,238.8,0,1,2025-10-01 06:55:35,17.3,90.1,,0,0,,1
2025-10-01 06:56:20,323.28,0.3184,229.58,0.462,1.3862,233.75,232.93,222.08,403.22,397.53,392.17,397.76,0.0,1.3862,0.0,0,0.3184,0,0.0486,0,0.0486,0,0.3229,0,0.3229,0,0.9885,1,0.9885,1,50.1,406.21,238.8,0,1,2025-10-01 06:56:20,17.4,90.5,,0,0,,1
2025-10-01 06:57:05,323.28,0.3184,229.96,0.4618,1.3855,232.98,233.09,223.83,401.4,399.72,393.72,398.15,0.0,1.3855,0.0,0,0.3184,0,0.0488,0,0.0488,0,0.3229,0,0.3229,0,0.9884,1,0.9884,1,50.1,406.21,238.8,0,1,2025-10-01 06:57:05,17.5,91.1,,0,0,,1
2025-10-01 06:57:50,323.29,0.318,229.86,0.4616,1.3849,233.13,232.82,223.63,401.89,398.23,394.23,397.99,0.0,1.3849,0.0,0,0.318,0,0.0483,0,0.0483,0,0.3224,0,0.3224,0,0.9886,1,0.9886,1,50.1,406.21,238.81,0,1,2025-10-01 06:57:51,17.7,92.3,,0,0,,1
2025-10-01 06:58:35,323.29,0.3189,230.59,0.4623,1.3871,233.26,233.16,225.35,403,399.88,395.27,399.52,0.0,1.3871,0.0,0,0.3189,0,0.0489,0,0.0489,0,0.3234,0,0.3234,0,0.9884,1,0.9884,1,50.1,406.22,238.81,0,1,2025-10-01 06:58:35,17.8,92.4,,0,0,,1
2025-10-01 06:59:20,323.29,0.317,229.61,0.4606,1.3818,232.98,232.51,223.35,402.31,398.04,392.7,397.99,0.0,1.3818,0.0,0,0.317,0,0.0476,0,0.0476,0,0.3213,0,0.3213,0,0.9889,1,0.9889,1,50.1,406.22,238.81,0,1,2025-10-01 06:59:20,17.9,92.4,,0,0,,1
2025-10-01 07:00:27,323.3,0.317,229.81,0.461,1.3832,232.61,232.26,224.57,400.55,399.82,393.66,398.06,0.0,1.3832,0.0,0,0.317,0,0.0471,0,0.0471,0,0.3213,0,0.3213,0,0.9891,1,0.9891,1,50,406.23,238.81,0,1,2025-10-01 07:00:27,18.1,92.7,,0,0,,1
2025-10-01 07:01:12,323.3,0.3166,229.39,0.4606,1.382,233.09,232.14,222.95,402.15,397.62,392.14,397.35,0.0,1.382,0.0,0,0.3166,0,0.047,0,0.047,0,0.3208,0,0.3208,0,0.9891,1,0.9891,1,50.1,406.23,238.81,0,1,2025-10-01 07:01:12,18.2,93,,0,0,,1
2025-10-01 07:01:57,323.31,0.3156,229.42,0.4597,1.3791,233.1,231.9,223.26,400.39,398.61,392.96,397.37,0.0,1.3791,0.0,0,0.3156,0,0.0468,0,0.0468,0,0.3198,0,0.3198,0,0.9891,1,0.9891,1,50.1,406.24,238.81,0,1,2025-10-01 07:01:57,18.3,92.9,,0,0,,1
2025-10-01 07:02:42,323.31,0.317,229.4,0.46,1.38,232.45,232.02,223.73,401.66,397.36,392.95,397.24,0.0,1.38,0.0,0,0.316,0,0.0469,0,0.0469,0,0.3202,0,0.3202,0,0.9892,1,0.9891,1,50.1,406.24,238.81,0,1,2025-10-01 07:02:42,18.4,92.7,,0,0,,1
2025-10-01 07:03:27,323.32,0.315,229.05,0.4592,1.3777,231.69,231.57,223.89,400.65,396.71,392.8,396.71,0.0,1.3777,0.0,0,0.315,0,0.0461,0,0.0461,0,0.319,0,0.319,0,0.9894,1,0.9894,1,50.1,406.25,238.81,0,1,2025-10-01 07:03:27,18.4,92.5,,0,0,,1
2025-10-01 07:04:12,323.32,0.3149,229.03,0.4593,1.3779,230.76,231.51,224.82,399.67,398.28,392.07,396.63,0.0,1.3779,0.0,0,0.3149,0,0.0459,0,0.0459,0,0.319,0,0.319,0,0.9895,1,0.9895,1,50.1,406.25,238.81,0,1,2025-10-01 07:04:12,18.5,92.8,,0,0,,1
2025-10-01 07:04:58,323.34,3.4472,228.03,6.7075,20.122700000000002,230,231.4,222.71,399.47,395.57,389.86,394.96,7.0075,7.8062,5.309,1.3291,1.3246,0.7935,3.01,0.9098,1.2248,0.8754,4.6004,1.6117,1.8064,1.1824,0.7532,0.8251,0.7342,0.6716,50.1,406.28,238.83,1,1,2025-10-01 07:05:42,18.4,90.3,,1,0,,0
2025-10-01 07:05:42,323.39,3.4853,227.85,6.7426,20.228,230.08,230.84,222.65,399.4,394.89,389.68,394.56,7.0107,7.8207,5.3966,1.3307,1.3381,0.8165,2.9989,0.9099,1.2084,0.8807,4.6199,1.613,1.8053,1.2016,0.758,0.8254,0.7421,0.6798,50.1,406.34,238.87,1,1,2025-10-01 07:05:42,18.4,90.3,,1,0,,0
2025-10-01 07:06:27,323.43,3.4899,228.01,6.7374,20.2122,230.59,230.49,222.97,397.86,395.94,390.94,394.91,6.9752,7.719,5.518,1.3135,1.3304,0.846,2.9968,0.9264,1.178,0.8924,4.6179,1.6084,1.7792,1.2303,0.7586,0.8171,0.7486,0.688,50.1,406.4,238.91,1,1,2025-10-01 07:06:27,18.3,87.7,,1,0,,0
2025-10-01 07:07:34,323.51,3.5343,228.28,6.792,20.3761,229.49,230.54,224.81,397.65,397.42,391.05,395.37,6.9448,7.7327,5.6986,1.2922,1.3589,0.8832,3.009,0.9311,1.1505,0.9274,4.6576,1.5938,1.7827,1.2811,0.7614,0.8113,0.7631,0.6896,50.1,406.5,238.97,1,1,2025-10-01 07:07:34,17.9,83.2,,1,0,,0
2025-10-01 07:08:19,323.56,3.5312,228.38,6.79,20.37,229.75,230.23,225.17,397.72,397.29,391.64,395.49,6.9536,7.6912,5.7252,1.2884,1.3498,0.893,3.0149,0.9429,1.1429,0.9291,4.6575,1.5976,1.7707,1.2891,0.7605,0.8069,0.7631,0.6929,50.1,406.56,239.01,1,1,2025-10-01 07:08:19,17.7,81.5,,1,0,,0
2025-10-01 07:09:04,323.6,3.5222,227.55,6.7768,20.3304,229.02,229.88,223.77,397.79,395.58,389,394.02,7.0543,7.7839,5.4922,1.3261,1.3449,0.8513,2.9842,0.9212,1.1773,0.8857,4.6339,1.6156,1.7894,1.229,0.7629,0.8212,0.7524,0.6929,50.1,406.62,239.05,1,1,2025-10-01 07:09:04,17.5,80.2,,1,0,,0
2025-10-01 07:09:49,323.64,3.4666,227.64,6.7219,20.1658,228.55,230.04,224.35,397.61,395.75,389.5,394.36,6.9371,7.7099,5.5188,1.2885,1.3341,0.844,2.9924,0.922,1.1654,0.905,4.5972,1.5855,1.7736,1.2381,0.7569,0.8132,0.7531,0.682,50,406.68,239.08,1,1,2025-10-01 07:09:49,17.3,79.3,,1,0,,0
2025-10-01 07:10:34,323.69,3.4535,228.22,6.707,20.121,229.45,229.37,225.84,396.78,396.71,392.33,395.3,6.8982,7.5349,5.6879,1.2561,1.3107,0.8868,3.012,0.9609,1.1229,0.9282,4.5956,1.5828,1.7283,1.2846,0.7536,0.7942,0.7594,0.6907,50,406.73,239.12,1,1,2025-10-01 07:10:34,17.0,78.2,,1,0,,0
2025-10-01 07:11:19,323.73,3.4528,227.81,6.7078,20.1234,229.65,229.62,224.17,397.94,395.89,389.86,394.58,6.9738,7.7091,5.4405,1.3022,1.3178,0.8327,2.9982,0.9301,1.1783,0.8899,4.5913,1.6015,1.7702,1.2196,0.755,0.8137,0.7454,0.6832,50,406.79,239.16,1,1,2025-10-01 07:11:19,16.8,77.4,,1,0,,0
2025-10-01 07:12:04,323.77,3.5143,228.06,6.7843,20.3531,230.76,229.81,223.63,399.27,395.42,390.33,394.86,7.1336,7.8136,5.4059,1.3505,1.3264,0.8374,3.0172,0.9394,1.207,0.8708,4.6507,1.6461,1.7956,1.2089,0.7587,0.8209,0.7396,0.6931,50,406.85,239.2,1,1,2025-10-01 07:12:05,16.6,76.9,,1,0,,0
2025-10-01 07:12:49,323.82,3.5158,228.27,6.7746,20.3238,230.57,229.66,224.58,398.26,395.98,391.84,395.43,6.955,7.6494,5.7194,1.2881,1.3333,0.8944,3.014,0.9529,1.1403,0.9208,4.6448,1.6036,1.7568,1.2845,0.7592,0.8039,0.7599,0.6967,50,406.91,239.24,1,1,2025-10-01 07:12:49,16.5,75.9,,1,0,,0
2025-10-01 07:13:34,323.86,3.4891,227.64,6.7448,20.2344,231.02,230.39,221.53,398.93,394.77,389.13,394.24,7.0897,7.8364,5.3083,1.3576,1.3243,0.8072,2.9919,0.9142,1.2237,0.854,4.6192,1.6379,1.8054,1.1759,0.7591,0.8294,0.7344,0.6869,50,406.97,239.27,1,1,2025-10-01 07:13:34,16.3,74.5,,1,0,,0
2025-10-01 07:14:41,323.94,3.4766,227.97,6.7257,20.177100000000003,230.52,230,223.4,396.97,396.32,391.19,394.82,6.902,7.6388,5.6363,1.2837,1.3249,0.8681,2.9996,0.938,1.1504,0.9111,4.6071,1.591,1.7569,1.2591,0.7571,0.8074,0.755,0.6897,50,407.07,239.34,1,1,2025-10-01 07:14:41,16.1,74.8,,1,0,,0
2025-10-01 07:15:26,323.98,3.4697,227.75,6.7213,20.164099999999998,230.55,230.32,222.38,397.71,395.77,389.86,394.44,7.0306,7.7503,5.3832,1.3305,1.3181,0.821,2.995,0.9239,1.2007,0.8704,4.6031,1.6209,1.785,1.1971,0.7569,0.8213,0.7392,0.6861,50,407.13,239.38,1,1,2025-10-01 07:15:26,16.0,73.8,,1,0,,0
2025-10-01 07:16:11,324.03,3.4951,227.39,6.747,20.241,229.51,230.51,222.16,399.33,394.32,387.91,394.14,6.9987,7.8895,5.3528,1.3383,1.3536,0.8032,2.9724,0.8872,1.214,0.8711,4.6141,1.6063,1.8186,1.1892,0.7617,0.8327,0.7451,0.6786,50.1,407.19,239.42,1,1,2025-10-01 07:16:11,15.8,73.1,,1,0,,0
2025-10-01 07:16:56,324.07,3.461,227.66,6.7069,20.1209,230.12,229.81,223.07,396.93,395.18,390.82,394.31,6.9191,7.6704,5.5314,1.2951,1.3218,0.8441,2.9801,0.9243,1.1629,0.8929,4.5888,1.5922,1.7627,1.2339,0.7577,0.8121,0.7522,0.6875,50.1,407.24,239.45,1,1,2025-10-01 07:16:56,15.7,73.3,,1,0,,0
2025-10-01 07:17:41,324.11,3.4555,226.54,6.6912,20.073700000000002,229.55,229.83,220.25,398.04,392.81,386.28,392.39,7.1014,7.8372,5.1351,1.3651,1.3152,0.7751,2.9394,0.8892,1.2276,0.8226,4.5624,1.6301,1.8012,1.131,0.7616,0.8379,0.731,0.6857,50.1,407.3,239.49,1,1,2025-10-01 07:17:41,15.6,72.8,,1,0,,0
2025-10-01 07:18:26,324.16,3.4774,227.25,6.7107,20.1323,229.55,229.78,222.44,396.01,395.43,389.33,393.71,6.8759,7.7346,5.5218,1.2904,1.3422,0.8448,2.9589,0.903,1.1571,0.8989,4.5839,1.5784,1.7773,1.2283,0.7615,0.8208,0.7557,0.6842,50.1,407.36,239.53,1,1,2025-10-01 07:18:26,15.5,73.3,,1,0,,0
2025-10-01 07:19:11,324.19,0.3181,227.79,0.4661,1.3985,230.56,230,222.82,397.7,395.52,390.36,394.6,0.0,1.3985,0.0,0,0.3181,0,0.0429,0,0.0429,0,0.3217,0,0.3217,0,0.991,1,0.9911,1,50.1,407.4,239.55,0,1,2025-10-01 07:19:11,15.4,73.9,,0,0,,1
2025-10-01 07:19:56,324.19,0.3163,227.75,0.4626,1.3878,230.14,229.69,223.43,397.68,395.22,390.49,394.53,0.0,1.3878,0.0,0,0.3152,0,0.0432,0,0.0432,0,0.3188,0,0.3188,0,0.9907,1,0.9907,1,50.1,407.4,239.55,0,1,2025-10-01 07:19:56,15.4,76.8,,0,0,,1
2025-10-01 07:20:41,324.2,0.3154,227.73,0.4624,1.3872,229.67,229.97,223.56,396.68,395.89,390.71,394.34,0.0,1.3872,0.0,0,0.3154,0,0.0436,0,0.0436,0,0.319,0,0.319,0,0.9905,1,0.9905,1,50.1,407.4,239.55,0,1,2025-10-01 07:20:41,15.5,80.8,,0,0,,1
2025-10-01 07:21:26,324.2,0.316,227.15,0.4622,1.3866,229.08,230.67,221.72,397.15,394.49,388.68,393.33,0.0,1.3866,0.0,0,0.316,0,0.0448,0,0.0448,0,0.3198,0,0.3198,0,0.9901,1,0.9901,1,50.1,407.41,239.55,0,1,2025-10-01 07:21:26,15.8,83.8,,0,0,,1
2025-10-01 07:22:11,324.2,0.3154,227.29,0.4617,1.3853,229.43,230.39,222.06,397.01,394.62,389.38,393.66,0.0,1.3853,0.0,0,0.3154,0,0.0442,0,0.0442,0,0.3192,0,0.3192,0,0.9903,1,0.9903,1,50.2,407.41,239.56,0,1,2025-10-01 07:22:11,16.0,85.9,,0,0,,1
2025-10-01 07:22:56,324.21,0.3156,227.4,0.4615,1.3845,229.13,230.72,222.37,398.24,394.38,389.02,393.77,0.0,1.3845,0.0,0,0.3156,0,0.0446,0,0.0446,0,0.3194,0,0.3194,0,0.9901,1,0.9901,1,50.2,407.42,239.56,0,1,2025-10-01 07:22:56,16.3,87.5,,0,0,,1
2025-10-01 07:23:41,324.21,0.3155,226.82,0.4605,1.3816,229.04,230.45,220.97,396.61,393.73,388.22,393.15,0.0,1.3816,0.0,0,0.3145,0,0.0449,0,0.0449,0,0.3184,0,0.3184,0,0.99,1,0.9899,1,50.1,407.42,239.56,0,1,2025-10-01 07:23:41,16.5,88.4,,0,0,,1
2025-10-01 07:24:26,324.22,0.3135,226.99,0.46,1.3801,229.26,229.86,221.87,396.49,394.57,388.39,393.18,0.0,1.3801,0.0,0,0.3135,0,0.0443,0,0.0443,0,0.3172,0,0.3172,0,0.9901,1,0.9901,1,50.1,407.42,239.56,0,1,2025-10-01 07:24:26,16.7,90,,0,0,,1
2025-10-01 07:25:11,324.22,0.3131,226.32,0.4591,1.3775,228.78,229.22,220.98,395.47,393.07,387.44,392.03,0.0,1.3775,0.0,0,0.3121,0,0.0438,0,0.0438,0,0.3158,0,0.3158,0,0.9903,1,0.9902,1,50.1,407.43,239.56,0,1,2025-10-01 07:25:11,16.9,90.4,,0,0,,1
2025-10-01 07:25:56,324.22,0.3124,226.7,0.4593,1.378,228.73,229.35,222.04,394.75,394.13,389.04,392.71,0.0,1.378,0.0,0,0.3124,0,0.0436,0,0.0436,0,0.316,0,0.316,0,0.9903,1,0.9903,1,50.1,407.43,239.56,0,1,2025-10-01 07:25:56,17.1,91,,0,0,,1
2025-10-01 07:26:41,324.23,0.3116,226.19,0.4586,1.3758,228.04,229.19,221.35,396.49,392.6,386.23,391.63,0.0,1.3758,0.0,0,0.3116,0,0.0439,0,0.0439,0,0.3153,0,0.3153,0,0.9902,1,0.9902,1,50.1,407.44,239.56,0,1,2025-10-01 07:26:41,17.3,91.4,,0,0,,1
2025-10-01 07:27:26,324.23,0.3111,226.75,0.4586,1.3759,227.39,228.74,224.12,394.77,394.55,388.87,392.8,0.0,1.3759,0.0,0,0.3111,0,0.0431,0,0.0431,0,0.3147,0,0.3147,0,0.9905,1,0.9905,1,50.1,407.44,239.56,0,1,2025-10-01 07:27:26,17.4,91.8,,0,0,,1
2025-10-01 07:28:11,324.23,0.3126,227.24,0.4591,1.3773,228.05,229.78,223.91,396.27,395.42,389.09,393.62,0.0,1.3773,0.0,0,0.3126,0,0.0444,0,0.0444,0,0.3165,0,0.3165,0,0.99,1,0.99,1,50.1,407.44,239.56,0,1,2025-10-01 07:28:11,17.6,92.4,,0,0,,1
2025-10-01 07:28:56,324.24,0.3127,227.12,0.459,1.3771,229.17,229.93,222.26,398.22,393.42,388.5,393.36,0.0,1.3771,0.0,0,0.3127,0,0.0451,0,0.0451,0,0.3166,0,0.3166,0,0.9897,1,0.9897,1,50.1,407.45,239.56,0,1,2025-10-01 07:28:56,17.7,92.9,,0,0,,1
2025-10-01 07:29:41,324.24,0.3116,227.2,0.4584,1.3754,229.69,229.23,222.68,397.78,393.48,389.28,393.62,0.0,1.3754,0.0,0,0.3116,0,0.0439,0,0.0439,0,0.3153,0,0.3153,0,0.9902,1,0.9902,1,50.1,407.45,239.56,0,1,2025-10-01 07:29:41,17.9,93.2,,0,0,,1
2025-10-01 07:30:26,324.25,0.3111,227.36,0.4579,1.3738,229.97,229.21,222.91,396.72,394.24,390.41,393.83,0.0,1.3738,0.0,0,0.3111,0,0.044,0,0.044,0,0.3149,0,0.3149,0,0.9901,1,0.9901,1,50.1,407.46,239.56,0,1,2025-10-01 07:30:26,17.9,93.2,,0,0,,1
2025-10-01 07:31:11,324.25,0.3117,226.42,0.458,1.3742,229.62,229.52,220.13,399.08,391,386.47,392.14,0.0,1.3742,0.0,0,0.3117,0,0.0442,0,0.0442,0,0.3154,0,0.3154,0,0.9901,1,0.9901,1,50.1,407.46,239.56,0,1,2025-10-01 07:31:11,18.1,93.3,,0,0,,1
2025-10-01 07:31:56,324.25,0.3106,227.24,0.4583,1.3749,229.54,228.48,223.71,395.19,394.08,391.47,393.58,0.0,1.3749,0.0,0,0.3106,0,0.0426,0,0.0426,0,0.3141,0,0.3141,0,0.9907,1,0.9907,1,50.1,407.46,239.56,0,1,2025-10-01 07:31:56,18.2,93.5,,0,0,,1
2025-10-01 07:32:41,324.26,0.3117,226.99,0.4582,1.3748,228.09,229.46,223.44,396.14,394.14,389.21,393.22,0.0,1.3748,0.0,0,0.3117,0,0.0438,0,0.0438,0,0.3155,0,0.3155,0,0.9902,1,0.9902,1,50.1,407.47,239.56,0,1,2025-10-01 07:32:41,18.3,93.9,,0,0,,1
2025-10-01 07:33:26,324.26,0.3111,226.22,0.4577,1.3732,227.88,229.21,221.58,397.24,391.12,387.15,391.82,0.0,1.3732,0.0,0,0.3111,0,0.0436,0,0.0436,0,0.3148,0,0.3148,0,0.9903,1,0.9903,1,50.2,407.47,239.56,0,1,2025-10-01 07:33:26,18.3,93.7,,0,0,,1
2025-10-01 07:34:11,324.31,3.5283,226.54,6.7574,20.2722,227.39,228.74,223.51,396.04,392.35,388.78,392.19,7.0326,7.7046,5.535,1.313,1.3438,0.8714,2.925,0.9108,1.1371,0.8771,4.5986,1.5991,1.7624,1.2371,0.7698,0.8216,0.7633,0.7048,50.2,407.53,239.6,1,1,2025-10-01 07:34:11,18.4,93.6,,1,0,,0
2025-10-01 07:34:56,324.35,3.4922,226.47,6.7129,20.1388,227.21,228.26,223.95,393.97,393.37,389.43,392.3,6.9514,7.5751,5.6123,1.2799,1.3259,0.8864,2.921,0.9236,1.107,0.8904,4.5654,1.5794,1.7291,1.2569,0.767,0.8109,0.7676,0.7055,50.2,407.58,239.63,1,1,2025-10-01 07:34:56,18.3,90.7,,1,0,,0
2025-10-01 07:36:26,324.43,3.4721,225.44,6.672,20.0161,226.16,227.67,222.49,393.31,391.43,386.67,390.47,6.8601,7.5232,5.6328,1.2609,1.3262,0.885,2.8686,0.9018,1.0803,0.8865,4.5175,1.5515,1.7128,1.2532,0.7709,0.8133,0.7753,0.7065,50.1,407.7,239.71,1,1,2025-10-01 07:36:26,17.9,85.1,,1,0,,0
2025-10-01 07:37:11,324.48,3.5088,225.25,6.7149,20.1448,225.83,228.53,221.4,392.5,390.87,387.07,390.23,6.9186,7.6799,5.5463,1.2928,1.3536,0.8624,2.8631,0.8754,1.1142,0.8735,4.5455,1.5624,1.7551,1.228,0.7747,0.828,0.772,0.7025,50.2,407.75,239.74,1,1,2025-10-01 07:37:11,17.7,83.6,,1,0,,0
2025-10-01 07:37:56,324.52,3.5067,225.06,6.7092,20.1277,225.68,228.37,221.13,393.96,390.47,385.03,389.62,6.9252,7.6875,5.515,1.2965,1.3532,0.857,2.8527,0.8706,1.1152,0.8669,4.538,1.5629,1.7556,1.2195,0.7757,0.8301,0.7717,0.703,50.2,407.81,239.78,1,1,2025-10-01 07:37:56,17.5,81.8,,1,0,,0
2025-10-01 07:38:41,324.57,3.4949,225.04,6.692,20.076,224.65,228.41,222.06,391.15,391.53,386.65,389.69,6.8886,7.5863,5.6011,1.2705,1.3473,0.8771,2.8494,0.8818,1.0864,0.8812,4.5241,1.5475,1.7328,1.2438,0.775,0.8215,0.7784,0.7054,50.2,407.87,239.81,1,1,2025-10-01 07:38:41,17.3,80,,1,0,,0
2025-10-01 07:39:26,324.61,3.4553,224.71,6.6432,19.9298,225.47,227.6,221.08,391.92,389.95,385.79,389.38,6.9162,7.5293,5.4843,1.2805,1.3155,0.8593,2.838,0.8884,1.095,0.8545,4.4855,1.5594,1.7137,1.2125,0.7727,0.8216,0.7685,0.709,50.2,407.92,239.85,1,1,2025-10-01 07:39:26,17.1,78.8,,1,0,,0
2025-10-01 07:40:11,324.65,3.4527,224.03,6.638,19.913999999999998,225.03,227.18,219.9,391.2,388.95,383.97,387.99,6.9874,7.5421,5.3845,1.3006,1.3067,0.8453,2.8153,0.8819,1.1053,0.828,4.4698,1.5724,1.7134,1.1841,0.775,0.8276,0.7634,0.7143,50.1,407.98,239.88,1,1,2025-10-01 07:40:11,16.8,79,,1,0,,0
2025-10-01 07:40:56,324.7,3.4498,223.66,6.6312,19.893700000000003,225.48,226.54,218.98,390.27,388.22,383.68,387.34,6.928,7.5426,5.4231,1.2937,1.3085,0.8476,2.801,0.874,1.0961,0.8309,4.4584,1.5621,1.7087,1.1876,0.7763,0.8286,0.7665,0.714,50.1,408.04,239.92,1,1,2025-10-01 07:40:56,16.7,77.7,,1,0,,0
2025-10-01 07:41:41,324.74,3.481,223.29,6.6606,19.981900000000003,225.11,226.24,218.54,389.81,387.49,382.95,386.81,7.0126,7.551,5.4183,1.3125,1.3109,0.8576,2.7827,0.875,1.0923,0.8154,4.4711,1.5786,1.7083,1.1841,0.781,0.832,0.7682,0.7247,50.1,408.09,239.95,1,1,2025-10-01 07:41:41,16.5,77.1,,1,0,,0
2025-10-01 07:42:26,324.78,3.4248,223.26,6.5943,19.783,225.09,225.89,218.81,388.84,387.8,383.42,386.69,6.8211,7.4508,5.5111,1.2618,1.3017,0.8613,2.7806,0.873,1.0643,0.8434,4.4243,1.5354,1.6831,1.2059,0.7763,0.8223,0.7741,0.7145,50.1,408.15,239.99,1,1,2025-10-01 07:42:26,16.3,76,,1,0,,0
2025-10-01 07:43:11,324.83,3.4145,222.83,6.585,19.7552,223.76,226.15,218.6,387.09,387.71,383.03,385.86,6.7619,7.4714,5.5219,1.2462,1.3142,0.8541,2.768,0.8563,1.0592,0.8525,4.4098,1.513,1.6897,1.2071,0.7768,0.8241,0.7785,0.7077,50.1,408.21,240.03,1,1,2025-10-01 07:43:11,16.2,75.9,,1,0,,0
2025-10-01 07:43:56,324.87,3.4284,223.15,6.6052,19.8157,223.15,226.22,220.08,388.38,388.13,383,386.52,6.7325,7.4471,5.6361,1.227,1.3237,0.8777,2.7791,0.8647,1.0388,0.8756,4.4274,1.5024,1.6847,1.2404,0.7768,0.8174,0.7866,0.7079,50.1,408.26,240.06,1,1,2025-10-01 07:43:56,16.0,74.8,,1,0,,0
2025-10-01 07:45:26,324.95,3.4087,223.16,6.5831,19.7495,224.49,225.54,219.45,388.67,387.78,383.09,386.57,6.8444,7.4595,5.4456,1.2617,1.2954,0.8516,2.7827,0.8749,1.0705,0.8373,4.414,1.5365,1.6824,1.195,0.7746,0.8217,0.7708,0.713,50.1,408.37,240.13,1,1,2025-10-01 07:45:26,15.7,73.9,,1,0,,0
2025-10-01 07:46:11,325,3.4319,222.77,6.6109,19.832900000000002,224.47,225.25,218.6,389.22,386.3,382.03,385.76,6.9477,7.5437,5.3415,1.2954,1.2989,0.8376,2.7722,0.8667,1.0927,0.8128,4.4264,1.5596,1.6992,1.1677,0.7779,0.8311,0.7652,0.7176,50,408.42,240.16,1,1,2025-10-01 07:46:11,15.6,74.2,,1,0,,0
2025-10-01 07:47:41,325.08,3.4023,222.86,6.575,19.725,225.1,224.84,218.66,389.24,386.78,381.98,386.05,6.8597,7.5102,5.3551,1.2774,1.2907,0.8342,2.7723,0.8657,1.0858,0.8208,4.4037,1.5441,1.6886,1.1709,0.7752,0.8277,0.7652,0.7128,50,408.53,240.23,1,1,2025-10-01 07:47:41,15.5,76.6,,1,0,,0
2025-10-01 07:48:26,325.12,3.3943,222.7,6.565,19.6951,225.45,225.17,217.5,390.81,385.76,380.62,385.68,6.852,7.5378,5.3053,1.2852,1.2909,0.8182,2.7666,0.8552,1.0989,0.8126,4.396,1.5448,1.6973,1.1539,0.7751,0.8325,0.7614,0.7095,50,408.59,240.27,1,1,2025-10-01 07:48:26,15.5,77.4,,1,0,,0
2025-10-01 07:49:11,325.17,3.4125,222.75,6.5798,19.7395,225.87,224.96,217.43,386.96,387.34,383,385.87,6.7466,7.4439,5.549,1.252,1.2975,0.863,2.7647,0.8669,1.0556,0.8423,4.405,1.5239,1.6746,1.2065,0.7769,0.8221,0.7757,0.7156,50,408.64,240.3,1,1,2025-10-01 07:49:11,15.5,78.6,,1,0,,0
2025-10-01 07:49:56,325.21,3.4042,221.8,6.5719,19.7159,225.15,225.02,215.24,388.39,385.33,378.71,383.93,6.8978,7.6415,5.1766,1.3138,1.3001,0.7903,2.7325,0.8261,1.1221,0.7842,4.3867,1.553,1.7195,1.1142,0.7798,0.8465,0.757,0.7098,50,408.7,240.34,1,1,2025-10-01 07:49:56,15.5,77.3,,1,0,,0
2025-10-01 07:50:41,325.25,3.4084,221.09,6.5621,19.686500000000002,223.48,224.19,215.62,384.9,384.99,378.84,383.14,6.8215,7.5148,5.3502,1.2779,1.302,0.8285,2.6971,0.8293,1.0661,0.8017,4.3628,1.5245,1.6847,1.1536,0.7841,0.8388,0.7737,0.7186,50.1,408.75,240.37,1,1,2025-10-01 07:50:41,15.4,75.7,,1,0,,0
2025-10-01 07:51:26,325.28,0.3093,222.04,0.4631,1.3894,224.31,224.57,217.24,386.03,386.81,380.78,384.57,0.0,1.3894,0.0,0,0.3093,0,0.0379,0,0.0379,0,0.312,0,0.312,0,0.9925,1,0.9925,1,50.1,408.79,240.39,0,1,2025-10-01 07:51:26,15.4,73.9,,0,0,,1
2025-10-01 07:52:11,325.28,0.3077,221.06,0.4604,1.3813,224.4,224.83,213.95,387.47,383.28,377.88,382.73,0.0,1.3813,0.0,0,0.3077,0,0.0387,0,0.0387,0,0.3106,0,0.3106,0,0.9921,1,0.9921,1,50.1,408.79,240.39,0,1,2025-10-01 07:52:11,15.3,75.2,,0,0,,1
2025-10-01 07:52:56,325.29,0.3062,221.21,0.4587,1.3763,224.33,224.6,214.7,386.81,383.83,378.73,382.89,0.0,1.3763,0.0,0,0.3062,0,0.0389,0,0.0389,0,0.3091,0,0.3091,0,0.992,1,0.992,1,50.1,408.8,240.39,0,1,2025-10-01 07:52:56,15.4,78.6,,0,0,,1
2025-10-01 07:53:41,325.29,0.3044,220.48,0.4575,1.3727,223.38,223.83,214.24,384.45,383.42,377.68,381.76,0.0,1.3727,0.0,0,0.3044,0,0.0384,0,0.0384,0,0.3073,0,0.3073,0,0.9921,1,0.9921,1,50.1,408.8,240.39,0,1,2025-10-01 07:53:41,15.6,81.9,,0,0,,1
2025-10-01 07:54:26,325.29,0.3029,220.02,0.4565,1.3696,223.91,223.21,212.95,383.97,381.72,377.45,381.27,0.0,1.3696,0.0,0,0.3029,0,0.0381,0,0.0381,0,0.3057,0,0.3057,0,0.9921,1,0.9921,1,50.1,408.8,240.39,0,1,2025-10-01 07:54:26,15.8,84.4,,0,0,,1
2025-10-01 07:55:11,325.3,0.3036,220.82,0.4566,1.37,225.35,223.67,213.46,385.18,383.17,378.92,382.5,0.0,1.37,0.0,0,0.3036,0,0.0385,0,0.0385,0,0.3064,0,0.3064,0,0.992,1,0.992,1,50.1,408.81,240.39,0,1,2025-10-01 07:55:11,16.0,86,,0,0,,1
2025-10-01 07:55:56,325.3,0.3041,220.81,0.4567,1.3703,224.8,224.01,213.62,385.51,383.35,378.36,382.38,0.0,1.3703,0.0,0,0.3041,0,0.0388,0,0.0388,0,0.307,0,0.307,0,0.9919,1,0.9919,1,50.1,408.81,240.39,0,1,2025-10-01 07:55:56,16.3,87.7,,0,0,,1
2025-10-01 07:56:48,325.31,0.3036,220.24,0.4559,1.3679,224.28,223.21,213.23,384.92,381.99,377.38,381.56,0.0,1.3679,0.0,0,0.3026,0,0.0378,0,0.0378,0,0.3053,0,0.3053,0,0.9923,1,0.9922,1,50.1,408.82,240.39,0,1,2025-10-01 07:56:48,16.6,89.3,,0,0,,1
2025-10-01 07:57:33,325.31,0.3031,221.25,0.4556,1.3668,224.77,223.85,215.14,384.98,384.37,380.16,383.2,0.0,1.3668,0.0,0,0.3031,0,0.0383,0,0.0383,0,0.306,0,0.306,0,0.9921,1,0.9921,1,50.2,408.82,240.39,0,1,2025-10-01 07:57:33,16.8,90.6,,0,0,,1
2025-10-01 07:58:18,325.32,0.3034,220.89,0.4564,1.3694,224.42,223.62,214.65,384.08,384.17,379.38,382.8,0.0,1.3694,0.0,0,0.3034,0,0.038,0,0.038,0,0.3062,0,0.3062,0,0.9922,1,0.9922,1,50.1,408.83,240.39,0,1,2025-10-01 07:58:18,16.9,90.9,,0,0,,1
2025-10-01 07:59:03,325.32,0.3029,220.39,0.4554,1.3664,224.22,223.71,213.26,386.04,382.22,376.88,381.48,0.0,1.3664,0.0,0,0.3029,0,0.0381,0,0.0381,0,0.3057,0,0.3057,0,0.9921,1,0.9921,1,50.2,408.83,240.39,0,1,2025-10-01 07:59:03,17.1,91.5,,0,0,,1
2025-10-01 07:59:48,325.32,0.3026,221.35,0.4559,1.3677,226.16,223.29,214.6,385.29,384.33,380.32,383.23,0.0,1.3677,0.0,0,0.3026,0,0.0378,0,0.0378,0,0.3054,0,0.3054,0,0.9923,1,0.9923,1,50.2,408.83,240.4,0,1,2025-10-01 07:59:48,17.3,92.3,,0,0,,1
2025-10-01 08:00:33,325.33,0.3022,220.82,0.4552,1.3658,225.91,223.26,213.29,385.85,383.16,378.21,382.47,0.0,1.3658,0.0,0,0.3022,0,0.0378,0,0.0378,0,0.3049,0,0.3049,0,0.9922,1,0.9922,1,50.2,408.84,240.4,0,1,2025-10-01 08:00:33,17.5,92.8,,0,0,,1
2025-10-01 08:01:18,325.33,0.3023,220.68,0.4554,1.3663,226.12,223.26,212.67,385.43,382.57,378.5,382.26,0.0,1.3663,0.0,0,0.3023,0,0.0377,0,0.0377,0,0.305,0,0.305,0,0.9923,1,0.9923,1,50.2,408.84,240.4,0,1,2025-10-01 08:01:19,17.6,93,,0,0,,1
2025-10-01 08:02:03,325.33,0.3018,221.4,0.4552,1.3657,227.49,222.98,213.73,386.74,383.79,379.65,383.49,0.0,1.3657,0.0,0,0.3018,0,0.0374,0,0.0374,0,0.3045,0,0.3045,0,0.9924,1,0.9924,1,50.2,408.84,240.4,0,1,2025-10-01 08:02:03,17.7,93.1,,0,0,,1
2025-10-01 08:02:48,325.34,0.3012,220.44,0.4552,1.3658,226.96,222.44,211.92,387.14,381.29,376.84,381.75,0.0,1.3658,0.0,0,0.3012,0,0.0364,0,0.0364,0,0.3038,0,0.3038,0,0.9927,1,0.9927,1,50.2,408.85,240.4,0,1,2025-10-01 08:02:48,17.8,93.4,,0,0,,1
2025-10-01 08:03:55,325.35,0.3007,221.88,0.4549,1.3649,227.27,222.2,216.17,385.54,384.79,382.35,384.27,0.0,1.3649,0.0,0,0.3007,0,0.0359,0,0.0359,0,0.3033,0,0.3033,0,0.9929,1,0.9929,1,50.3,408.86,240.4,0,1,2025-10-01 08:03:55,18.1,94.3,,0,0,,1
2025-10-01 08:04:40,325.35,0.3017,221.2,0.455,1.3651,226.73,222.91,213.96,387,383.67,378.51,383.18,0.0,1.3651,0.0,0,0.3017,0,0.0367,0,0.0367,0,0.3043,0,0.3043,0,0.9926,1,0.9926,1,50.3,408.86,240.4,0,1,2025-10-01 08:04:40,18.3,94.4,,0,0,,1
2025-10-01 08:05:25,325.37,3.48,220.4,6.6338,19.901600000000002,225.4,221.79,214.01,385.83,382.2,377.04,381.58,7.1685,7.5831,5.15,1.3748,1.2744,0.8308,2.6642,0.847,1.0944,0.7228,4.3998,1.6158,1.6819,1.1022,0.794,0.8514,0.7586,0.7544,50.3,408.89,240.42,1,1,2025-10-01 08:05:25,18.4,94.5,,1,0,,0
2025-10-01 08:06:10,325.42,3.5296,220.86,6.6791,20.0374,225.46,221.47,215.67,384.24,383.61,379.6,382.32,6.9628,7.4362,5.6384,1.3065,1.3005,0.9226,2.6669,0.8681,1.0076,0.7911,4.4328,1.5698,1.6469,1.216,0.7978,0.8328,0.7905,0.7591,50.3,408.94,240.45,1,1,2025-10-01 08:06:10,18.4,92.4,,1,0,,0
2025-10-01 08:06:55,325.46,3.5217,218.49,6.6806,20.042,224.63,221.24,209.61,383.47,378.14,373.55,378.94,7.2946,7.7468,5.0006,1.4285,1.2936,0.7996,2.5993,0.8007,1.1221,0.6765,4.4007,1.6386,1.7139,1.0482,0.8045,0.8723,0.7554,0.7634,50.3,409,240.48,1,1,2025-10-01 08:06:55,18.3,89.9,,1,0,,0
2025-10-01 08:07:40,325.5,3.4954,219.78,6.6389,19.916800000000002,224.75,222.23,212.37,383.54,381.47,376.8,380.6,6.9145,7.5768,5.4255,1.3227,1.3144,0.8584,2.6306,0.8138,1.0494,0.7674,4.39,1.554,1.6838,1.1522,0.799,0.8517,0.7814,0.7455,50.2,409.06,240.51,1,1,2025-10-01 08:07:40,18.1,86.5,,1,0,,0
2025-10-01 08:08:25,325.55,3.5261,219.23,6.6758,20.0275,224.68,222.39,210.64,382.76,380.98,375.16,379.64,6.9878,7.7304,5.3093,1.3588,1.3347,0.8326,2.6119,0.7847,1.0812,0.7459,4.4075,1.57,1.7192,1.1184,0.8035,0.8659,0.777,0.7448,50.3,409.11,240.55,1,1,2025-10-01 08:08:26,17.9,84.9,,1,0,,0
2025-10-01 08:09:10,325.59,3.5094,218.96,6.6522,19.9566,225.01,221.77,210.11,382.97,379.67,374.88,379.17,7.108,7.6707,5.1779,1.3842,1.3037,0.8215,2.6009,0.799,1.0898,0.712,4.3884,1.5994,1.7011,1.0879,0.8034,0.866,0.7672,0.7556,50.3,409.16,240.58,1,1,2025-10-01 08:09:10,17.7,83.3,,1,0,,0
2025-10-01 08:09:55,325.64,3.5134,218.91,6.6597,19.9792,224.48,222.11,210.16,383.06,380.11,374.11,379.28,7.0707,7.6869,5.2216,1.3739,1.3151,0.8243,2.6017,0.7925,1.086,0.7232,4.3919,1.5872,1.7073,1.0974,0.8036,0.8662,0.771,0.7516,50.3,409.22,240.61,1,1,2025-10-01 08:09:55,17.5,82,,1,0,,0
2025-10-01 08:11:02,325.71,3.4584,218.64,6.5908,19.7724,223.2,221.76,210.98,383.28,379.28,373.44,378.62,7.0144,7.5922,5.1658,1.3478,1.2962,0.8145,2.5893,0.7947,1.0715,0.723,4.3391,1.5656,1.6836,1.0899,0.8004,0.8613,0.7707,0.7478,50.3,409.32,240.67,1,1,2025-10-01 08:11:02,17.1,79.4,,1,0,,0
2025-10-01 08:11:47,325.76,3.4608,219.37,6.583,19.749200000000002,222.92,221.66,213.54,380.71,381.81,377.15,379.8,6.8097,7.355,5.5845,1.2691,1.2967,0.895,2.6037,0.8313,0.9852,0.7872,4.3408,1.518,1.6303,1.1925,0.7991,0.8365,0.7962,0.7508,50.3,409.38,240.7,1,1,2025-10-01 08:11:47,16.9,78.2,,1,0,,0
2025-10-01 08:12:32,325.8,3.4662,218.56,6.5946,19.7838,222.11,221.58,212.01,381.42,380.17,373.95,378.65,6.8317,7.5491,5.403,1.2958,1.3205,0.8499,2.5785,0.7875,1.024,0.767,4.3356,1.5174,1.6727,1.1455,0.8023,0.8545,0.7902,0.7423,50.3,409.43,240.74,1,1,2025-10-01 08:12:32,16.7,77.7,,1,0,,0
2025-10-01 08:13:17,325.84,3.456,219.97,6.5893,19.767899999999997,222.97,221.96,214.98,384.01,381.99,376.91,381.05,6.8425,7.4216,5.5038,1.2762,1.3,0.8798,2.6335,0.8343,1.0088,0.7904,4.3562,1.5257,1.6473,1.1832,0.7953,0.837,0.79,0.7439,50.2,409.48,240.77,1,1,2025-10-01 08:13:17,16.5,77.1,,1,0,,0
2025-10-01 08:14:02,325.89,3.4735,220.41,6.6191,19.8575,222.4,223.62,215.23,382.66,384.33,378.17,381.7,6.9313,7.4842,5.442,1.2962,1.3111,0.8662,2.6577,0.8327,1.0373,0.7877,4.3864,1.5415,1.6736,1.1713,0.7941,0.8413,0.7842,0.7398,50.2,409.53,240.8,1,1,2025-10-01 08:14:02,16.4,77.1,,1,0,,0
2025-10-01 08:14:47,325.93,3.4728,221.18,6.617,19.8511,223.58,224.55,215.41,386.07,383.89,379.27,383.07,6.9565,7.5116,5.383,1.3098,1.3091,0.8539,2.6808,0.837,1.0604,0.7835,4.4016,1.5553,1.6867,1.1596,0.7915,0.8426,0.777,0.7368,50.3,409.59,240.83,1,1,2025-10-01 08:14:47,16.3,76.6,,1,0,,0
2025-10-01 08:15:33,325.97,3.4866,221.32,6.6368,19.9106,223.44,224.81,215.71,385.89,384.33,379.74,383.39,6.9227,7.5606,5.4273,1.3043,1.3254,0.857,2.6883,0.83,1.0612,0.7971,4.4172,1.5468,1.6997,1.1707,0.7919,0.8436,0.7806,0.7322,50.3,409.64,240.87,1,1,2025-10-01 08:15:33,16.1,75.3,,1,0,,0
2025-10-01 08:16:17,326.02,3.4887,221.21,6.6358,19.9074,222.79,224.24,216.61,386.47,383.75,379.23,383.24,6.9057,7.4669,5.5348,1.2845,1.3189,0.8853,2.6808,0.8447,1.0286,0.8075,4.4118,1.5385,1.6744,1.1989,0.7929,0.8355,0.7885,0.7388,50.2,409.7,240.9,1,1,2025-10-01 08:16:17,16.0,74.6,,1,0,,0
2025-10-01 08:17:02,326.06,3.4495,220.89,6.58,19.740099999999998,223.06,222.41,217.21,384.17,383.02,380.56,382.58,6.8984,7.29,5.5517,1.2669,1.2788,0.9038,2.6633,0.8717,0.9943,0.7973,4.366,1.5388,1.6214,1.2059,0.7915,0.8238,0.7894,0.7499,50.3,409.76,240.93,1,1,2025-10-01 08:17:02,15.9,75.2,,1,0,,0
2025-10-01 08:18:09,326.14,3.3989,219.8,6.5201,19.5603,222.08,222.55,214.78,384.31,380.31,377.51,380.66,6.9917,7.4057,5.1629,1.3091,1.2659,0.8239,2.6281,0.8336,1.053,0.7415,4.3097,1.5527,1.6481,1.1089,0.7911,0.8435,0.7688,0.7432,50.2,409.85,241,1,1,2025-10-01 08:18:09,15.8,74.5,,1,0,,0
2025-10-01 08:18:54,326.18,3.4076,219.38,6.5301,19.5903,222.27,222.2,213.69,385.86,378.82,375.31,380.02,7.0105,7.4996,5.0802,1.3274,1.2752,0.8051,2.613,0.8149,1.0706,0.7274,4.3102,1.5582,1.6664,1.0856,0.7935,0.8522,0.7658,0.7419,50.3,409.91,241.03,1,1,2025-10-01 08:18:54,15.7,73.8,,1,0,,0
2025-10-01 08:19:39,326.23,3.4446,220.15,6.5738,19.7214,220.06,222.83,217.58,382.03,382.21,379.7,381.39,6.6558,7.3459,5.7197,1.2068,1.3259,0.9119,2.6313,0.8284,0.9567,0.8462,4.3461,1.4647,1.6369,1.2445,0.7946,0.8244,0.8109,0.733,50.3,409.96,241.06,1,1,2025-10-01 08:19:39,15.6,73.1,,1,0,,0
2025-10-01 08:20:24,326.27,3.3994,217.95,6.5241,19.572300000000002,219.43,221.95,212.47,382.19,377.3,373.03,377.94,7.1039,7.4902,4.9782,1.3333,1.2745,0.7916,2.5253,0.7837,1.0527,0.6889,4.279,1.5588,1.6624,1.0577,0.8027,0.862,0.771,0.7543,50.3,410.01,241.09,1,1,2025-10-01 08:20:24,15.4,72.7,,1,0,,0
2025-10-01 08:21:09,326.27,0.3067,219.6,0.4612,1.3837,220.05,223.5,215.27,384.41,380.64,376.09,380.38,0.0,1.3837,0.0,0,0.3067,0,0.0364,0,0.0364,0,0.3093,0,0.3093,0,0.993,1,0.993,1,50.3,410.02,241.09,0,1,2025-10-01 08:21:09,15.3,74.3,,0,0,,1
2025-10-01 08:21:54,326.27,0.3047,220.24,0.4598,1.3796,220.46,222.73,217.55,380.8,384.21,379.34,381.45,0.0,1.3796,0.0,0,0.3047,0,0.0358,0,0.0358,0,0.3073,0,0.3073,0,0.9931,1,0.9931,1,50.3,410.02,241.09,0,1,2025-10-01 08:21:54,15.4,79.6,,0,0,,1
2025-10-01 08:22:39,326.28,0.305,219.63,0.4587,1.3761,220.96,223.59,214.35,384.16,380.63,376.47,380.05,0.0,1.3761,0.0,0,0.305,0,0.0371,0,0.0371,0,0.3077,0,0.3077,0,0.9926,1,0.9926,1,50.3,410.03,241.09,0,1,2025-10-01 08:22:40,15.7,82.2,,0,0,,1
2025-10-01 08:23:24,326.28,0.3028,219.51,0.4576,1.373,220.95,222.6,214.98,381.05,381.92,377.54,380.12,0.0,1.373,0.0,0,0.3028,0,0.0367,0,0.0367,0,0.3056,0,0.3056,0,0.9927,1,0.9926,1,50.2,410.03,241.09,0,1,2025-10-01 08:23:24,15.9,84.5,,0,0,,1
2025-10-01 08:24:09,326.28,0.3038,219.74,0.4571,1.3714,220.78,223.56,214.89,382.78,382.01,376.99,380.54,0.0,1.3714,0.0,0,0.3038,0,0.0377,0,0.0377,0,0.3066,0,0.3066,0,0.9923,1,0.9923,1,50.2,410.03,241.09,0,1,2025-10-01 08:24:09,16.2,86.3,,0,0,,1
2025-10-01 08:24:54,326.29,0.3043,219.43,0.4572,1.3717,219.88,224.12,214.3,382.09,382.05,376.03,380.02,0.0,1.3717,0.0,0,0.3043,0,0.0383,0,0.0383,0,0.3074,0,0.3074,0,0.9921,1,0.992,1,50.2,410.04,241.09,0,1,2025-10-01 08:24:54,16.4,87.1,,0,0,,1
2025-10-01 08:25:39,326.29,0.304,218.91,0.4561,1.3685,220.52,223.81,212.42,381.58,381.45,374.4,379.14,0.0,1.3685,0.0,0,0.304,0,0.0383,0,0.0383,0,0.3063,0,0.3063,0,0.9921,1,0.9922,1,50.2,410.04,241.1,0,1,2025-10-01 08:25:39,16.6,88.8,,0,0,,1
2025-10-01 08:26:24,326.3,0.3043,220.19,0.4556,1.367,221.19,223.7,215.7,380.2,384.7,379.05,381.5,0.0,1.367,0.0,0,0.3043,0,0.0388,0,0.0388,0,0.3058,0,0.3058,0,0.9919,1,0.992,1,50.2,410.05,241.1,0,1,2025-10-01 08:26:24,16.8,90.3,,0,0,,1
2025-10-01 08:27:09,326.3,0.3029,219.75,0.4553,1.366,221.8,223.88,213.58,381.54,382.99,377.16,380.83,0.0,1.366,0.0,0,0.3029,0,0.0387,0,0.0387,0,0.3058,0,0.3058,0,0.9919,1,0.9919,1,50.2,410.05,241.1,0,1,2025-10-01 08:27:09,17.0,91.1,,0,0,,1
2025-10-01 08:27:54,326.3,0.3049,220.09,0.4567,1.3701,222.71,224.76,212.82,384.99,382.39,376.21,381.13,0.0,1.3701,0.0,0,0.3049,0,0.0397,0,0.0397,0,0.3079,0,0.3079,0,0.9916,1,0.9916,1,50.2,410.05,241.1,0,1,2025-10-01 08:27:54,17.2,91.5,,0,0,,1
2025-10-01 08:28:39,326.31,0.3053,220.77,0.457,1.371,222.73,224.9,214.7,384.9,383.99,378.22,382.28,0.0,1.371,0.0,0,0.3053,0,0.0395,0,0.0395,0,0.3083,0,0.3083,0,0.9917,1,0.9917,1,50.2,410.06,241.1,0,1,2025-10-01 08:28:39,17.4,92,,0,0,,1
2025-10-01 08:29:24,326.31,0.3048,220.8,0.4569,1.3707,222.78,224.59,215.03,383.1,384.61,379.43,382.32,0.0,1.3707,0.0,0,0.3048,0,0.0392,0,0.0392,0,0.3078,0,0.3078,0,0.9918,1,0.9918,1,50.2,410.06,241.1,0,1,2025-10-01 08:29:24,17.6,91.9,,0,0,,1
2025-10-01 08:30:09,326.32,0.3028,219.14,0.4559,1.3679,222.66,223.36,211.4,384.7,379.56,374.41,379.12,0.0,1.3679,0.0,0,0.3028,0,0.0376,0,0.0376,0,0.3055,0,0.3055,0,0.9923,1,0.9923,1,50.2,410.06,241.1,0,1,2025-10-01 08:30:09,17.7,92.4,,0,0,,1
2025-10-01 08:30:54,326.32,0.3032,221.24,0.4556,1.3669,222.87,223.98,216.88,383.29,385.34,380.85,383.02,0.0,1.3669,0.0,0,0.3032,0,0.0385,0,0.0385,0,0.3062,0,0.3062,0,0.992,1,0.992,1,50.2,410.07,241.1,0,1,2025-10-01 08:30:54,17.9,92.7,,0,0,,1
2025-10-01 08:31:39,326.32,0.3042,220.74,0.4559,1.3677,223.15,224.64,214.45,383.34,383.97,379.55,382.35,0.0,1.3677,0.0,0,0.3042,0,0.0393,0,0.0393,0,0.3072,0,0.3072,0,0.9917,1,0.9917,1,50.2,410.07,241.1,0,1,2025-10-01 08:31:39,18.0,93.2,,0,0,,1
2025-10-01 08:32:24,326.33,0.3052,220.55,0.4566,1.3699,223.95,224.97,212.73,386.15,382.85,376.94,382.01,0.0,1.3699,0.0,0,0.3052,0,0.0391,0,0.0391,0,0.3082,0,0.3082,0,0.9918,1,0.9918,1,50.2,410.08,241.1,0,1,2025-10-01 08:32:24,18.1,93.8,,0,0,,1
2025-10-01 08:33:09,326.33,0.306,222.87,0.4565,1.3696,224.67,225.63,218.31,385.87,388.73,383.29,385.79,0.0,1.3696,0.0,0,0.306,0,0.0397,0,0.0397,0,0.309,0,0.309,0,0.9916,1,0.9916,1,50.2,410.08,241.1,0,1,2025-10-01 08:33:09,18.2,93.8,,0,0,,1
2025-10-01 08:33:54,326.37,3.5591,221.48,6.7382,20.2146,223.34,224.83,216.29,386.22,384.42,380.2,383.73,7.1262,7.6536,5.4348,1.3479,1.3369,0.8742,2.7109,0.8451,1.0807,0.7851,4.4878,1.5916,1.7208,1.1755,0.7955,0.8472,0.7776,0.744,50.2,410.13,241.13,1,1,2025-10-01 08:33:54,18.3,93.7,,1,0,,0
2025-10-01 08:34:39,326.42,3.5813,220.93,6.7629,20.288899999999998,222.09,224.65,216.06,386.95,382.93,378.15,382.55,7.2075,7.7279,5.3535,1.3677,1.3494,0.8642,2.687,0.83,1.0891,0.7679,4.4935,1.6007,1.7361,1.1567,0.7998,0.8548,0.7781,0.7475,50.3,410.19,241.17,1,1,2025-10-01 08:34:39,18.2,90.7,,1,0,,0
2025-10-01 08:35:24,326.46,3.5832,222,6.7613,20.2839,222.12,224.91,218.97,386.05,385.91,381.56,384.58,6.9426,7.5562,5.7851,1.2815,1.3636,0.9382,2.7165,0.8558,1.0106,0.8501,4.5083,1.5421,1.6995,1.2668,0.7968,0.8316,0.8033,0.741,50.3,410.25,241.2,1,1,2025-10-01 08:35:24,18.1,87.3,,1,0,,0
2025-10-01 08:36:54,326.55,3.6118,220.91,6.7915,20.3745,221.2,224.89,216.64,385.07,383.85,378.95,382.61,7.0706,7.7141,5.5898,1.3304,1.3804,0.901,2.6774,0.8211,1.0479,0.8085,4.5098,1.564,1.7348,1.211,0.8033,0.8509,0.7965,0.7442,50.3,410.36,241.27,1,1,2025-10-01 08:36:54,17.7,83.5,,1,0,,0
2025-10-01 08:37:39,326.6,3.5482,220.74,6.721,20.1631,220.88,225.68,215.66,383.64,384.78,378.5,382.56,6.9697,7.7405,5.4529,1.3164,1.3771,0.8547,2.6751,0.7964,1.0718,0.8069,4.4623,1.5395,1.7469,1.176,0.7984,0.8556,0.7891,0.7271,50.2,410.42,241.3,1,1,2025-10-01 08:37:39,17.5,82,,1,0,,0
2025-10-01 08:38:24,326.64,3.5458,221.15,6.7189,20.1568,221,224.9,217.57,382.65,385.4,381.02,383.08,6.8662,7.5293,5.7613,1.2636,1.3607,0.9215,2.6916,0.8381,1.0046,0.8489,4.4643,1.5174,1.6933,1.2535,0.7965,0.8333,0.8044,0.7355,50.2,410.47,241.34,1,1,2025-10-01 08:38:24,17.3,80.3,,1,0,,0
2025-10-01 08:39:09,326.69,3.5621,219.77,6.7433,20.2301,220.41,225.19,213.72,384.01,381.97,375.99,381.02,7.0541,7.8219,5.3541,1.3446,1.3809,0.8365,2.6486,0.7787,1.09,0.78,4.4605,1.5548,1.7614,1.1443,0.8024,0.8653,0.7849,0.7313,50.1,410.53,241.37,1,1,2025-10-01 08:39:09,17.1,79.5,,1,0,,0
2025-10-01 08:39:54,326.73,3.5438,220.79,6.7224,20.1672,220.71,225.16,216.52,383.16,385.12,378.94,382.29,6.7777,7.6344,5.7551,1.2571,1.384,0.9028,2.6838,0.8093,1.0162,0.8583,4.461,1.4959,1.719,1.2461,0.7971,0.8408,0.806,0.7247,50.1,410.58,241.4,1,1,2025-10-01 08:39:54,17.0,78.9,,1,0,,0
2025-10-01 08:40:39,326.77,3.5334,220.28,6.7092,20.1278,220.11,224.63,216.12,382.36,383.72,378.5,381.57,6.8982,7.6395,5.5901,1.2835,1.3675,0.8824,2.6671,0.8092,1.0335,0.8244,4.4426,1.5184,1.7161,1.2081,0.7981,0.8459,0.7977,0.7307,50.1,410.64,241.43,1,1,2025-10-01 08:40:39,16.8,77.5,,1,0,,0
2025-10-01 08:41:24,326.82,3.5322,219.66,6.7062,20.1186,220.93,224.04,214.01,383.21,381.38,376.77,380.57,7.0103,7.6864,5.4219,1.324,1.3525,0.8558,2.6475,0.8019,1.0628,0.7828,4.4312,1.5488,1.7221,1.1603,0.8001,0.8553,0.7862,0.7378,50.1,410.69,241.47,1,1,2025-10-01 08:41:24,16.6,76.7,,1,0,,0
2025-10-01 08:42:09,326.86,3.485,220.28,6.6543,19.9629,221.95,223.99,214.92,383.73,382.98,377.87,381.91,7.0434,7.6101,5.3094,1.3266,1.3183,0.8401,2.6745,0.8253,1.0778,0.7714,4.409,1.5633,1.7046,1.1411,0.7933,0.849,0.7741,0.7365,50.1,410.75,241.5,1,1,2025-10-01 08:42:09,16.5,76.1,,1,0,,0
2025-10-01 08:42:54,326.91,3.504,220.84,6.6747,20.0242,224.08,223.95,214.49,386.52,382.78,378.17,382.43,7.0655,7.6225,5.3362,1.3427,1.3139,0.8475,2.6915,0.8368,1.0866,0.7681,4.4349,1.5832,1.7071,1.1446,0.793,0.8486,0.7706,0.7409,50.1,410.8,241.53,1,1,2025-10-01 08:42:54,16.3,75.7,,1,0,,0
2025-10-01 08:43:39,326.95,3.5672,221.12,6.7507,20.2521,224.03,223.53,215.8,385.06,384.9,378.86,382.89,6.9604,7.5896,5.7021,1.3055,1.3443,0.9175,2.7022,0.8511,1.0319,0.8192,4.4864,1.5593,1.6965,1.2305,0.7971,0.8376,0.7932,0.7459,50.1,410.86,241.57,1,1,2025-10-01 08:43:39,16.2,75.4,,1,0,,0
2025-10-01 08:44:24,326.99,3.591,220.41,6.7849,20.3549,223.91,223.81,213.51,385.69,382.95,376.55,381.67,7.1819,7.8143,5.3587,1.3836,1.3529,0.8544,2.6828,0.8176,1.1053,0.7599,4.5012,1.6081,1.7489,1.1441,0.8011,0.8609,0.7744,0.7472,50.1,410.92,241.6,1,1,2025-10-01 08:44:24,16.1,74.9,,1,0,,0
2025-10-01 08:45:09,327.04,3.5218,220.79,6.6987,20.0961,223.78,224.23,214.36,386.05,383.79,377.33,382.24,6.9908,7.7411,5.3642,1.3363,1.3453,0.8402,2.6903,0.8118,1.0942,0.7843,4.4501,1.5644,1.7358,1.1499,0.7946,0.8546,0.7757,0.7309,50.1,410.97,241.64,1,1,2025-10-01 08:45:09,16.0,74.4,,1,0,,0
2025-10-01 08:45:54,327.08,3.5492,220.7,6.7353,20.2059,224.28,223.79,214.04,385.79,383.18,377.74,382.09,7.137,7.7745,5.2944,1.3722,1.3375,0.8395,2.6927,0.8223,1.1101,0.7603,4.4738,1.6007,1.7399,1.1332,0.7966,0.8577,0.7694,0.7412,50.1,411.03,241.67,1,1,2025-10-01 08:45:54,15.9,74.1,,1,0,,0
2025-10-01 08:46:39,327.13,3.5363,220.69,6.7191,20.1574,224.83,223.74,213.52,386.22,383.13,377.3,382.09,7.1285,7.7419,5.287,1.3721,1.327,0.8372,2.6925,0.8262,1.1101,0.7561,4.4638,1.6027,1.7322,1.1289,0.7956,0.8566,0.767,0.7421,50.1,411.08,241.7,1,1,2025-10-01 08:46:39,15.7,73.8,,1,0,,0
2025-10-01 08:47:24,327.17,3.5576,220.91,6.7421,20.2265,224.98,223.59,214.17,384.99,384.11,378.6,382.36,7.0111,7.7142,5.5012,1.3403,1.3445,0.8728,2.6983,0.8299,1.0776,0.7907,4.4804,1.5774,1.7248,1.1782,0.7967,0.8502,0.7802,0.7411,50,411.14,241.74,1,1,2025-10-01 08:47:24,15.6,73.4,,1,0,,0
2025-10-01 08:48:09,327.22,3.5624,221.05,6.7484,20.2452,224.98,224.24,213.94,385.32,384.7,378.4,382.86,6.9934,7.7457,5.5061,1.3403,1.3541,0.8679,2.7027,0.8221,1.0849,0.7957,4.4882,1.5734,1.7369,1.178,0.7966,0.8524,0.7804,0.7371,50.1,411.2,241.77,1,1,2025-10-01 08:48:09,15.5,73.8,,1,0,,0
2025-10-01 08:49:39,327.29,0.3074,220.59,0.4628,1.3885,224.18,223.26,214.34,383.53,384.18,378.3,382.11,0.0,1.3885,0.0,0,0.3074,0,0.0371,0,0.0371,0,0.31,0,0.31,0,0.9927,1,0.9927,1,50.1,411.29,241.83,0,1,2025-10-01 08:49:39,15.4,73.6,,0,0,,1
2025-10-01 08:50:24,327.3,0.3066,219.94,0.4591,1.3774,225.29,223.9,210.63,386.64,380.92,375.19,381.04,0.0,1.3774,0.0,0,0.3056,0,0.0386,0,0.0386,0,0.3084,0,0.3084,0,0.9921,1,0.9921,1,50.1,411.3,241.83,0,1,2025-10-01 08:50:24,15.3,74.9,,0,0,,1
2025-10-01 08:51:09,327.3,0.3035,220.18,0.4577,1.3731,225.93,223.03,211.58,385.64,381.23,377.05,381.42,0.0,1.3731,0.0,0,0.3035,0,0.0381,0,0.0381,0,0.3062,0,0.3062,0,0.9922,1,0.9922,1,50,411.3,241.83,0,1,2025-10-01 08:51:09,15.4,77.9,,0,0,,1
2025-10-01 08:51:54,327.31,0.3042,220.8,0.4575,1.3726,224.44,223.75,214.21,384.26,384.26,378.58,382.36,0.0,1.3726,0.0,0,0.3042,0,0.0389,0,0.0389,0,0.3071,0,0.3071,0,0.9919,1,0.9919,1,50,411.31,241.83,0,1,2025-10-01 08:51:54,15.6,80.6,,0,0,,1
2025-10-01 08:52:39,327.31,0.3053,220.16,0.4571,1.3714,225.18,224.93,210.38,386.25,382.26,375.32,381.23,0.0,1.3714,0.0,0,0.3053,0,0.0408,0,0.0408,0,0.3085,0,0.3085,0,0.9911,1,0.9911,1,50,411.31,241.83,0,1,2025-10-01 08:52:39,15.8,84.1,,0,0,,1
2025-10-01 08:53:24,327.31,0.3026,219.52,0.4549,1.3649,224.34,223.99,210.25,384.01,381.88,374.56,380.35,0.0,1.3649,0.0,0,0.3026,0,0.0404,0,0.0404,0,0.3057,0,0.3057,0,0.9912,1,0.9912,1,49.9,411.31,241.83,0,1,2025-10-01 08:53:24,16.0,85.7,,0,0,,1
2025-10-01 08:54:09,327.32,0.3065,220.09,0.4565,1.3695,223.53,225.6,211.14,384.29,383.36,375.76,381.14,0.0,1.3695,0.0,0,0.3055,0,0.0425,0,0.0425,0,0.309,0,0.309,0,0.9905,1,0.9904,1,49.9,411.32,241.83,0,1,2025-10-01 08:54:09,16.3,87.2,,0,0,,1
2025-10-01 08:54:54,327.32,0.3044,220.54,0.4556,1.3668,223.37,225.18,213.09,384.89,383.42,377.56,381.86,0.0,1.3668,0.0,0,0.3044,0,0.0419,0,0.0419,0,0.3078,0,0.3078,0,0.9906,1,0.9906,1,49.9,411.32,241.83,0,1,2025-10-01 08:54:54,16.5,89.1,,0,0,,1
2025-10-01 08:55:39,327.33,0.302,220.49,0.4542,1.3627,223.07,223.91,214.5,383.63,383.79,378.16,381.81,0.0,1.3627,0.0,0,0.302,0,0.0404,0,0.0404,0,0.3051,0,0.3051,0,0.9911,1,0.9911,1,50,411.32,241.83,0,1,2025-10-01 08:55:39,16.8,90.3,,0,0,,1
2025-10-01 08:56:24,327.33,0.3047,220.59,0.4557,1.3672,223.38,225.31,213.09,384.75,383.64,377.71,382.07,0.0,1.3672,0.0,0,0.3047,0,0.0419,0,0.0419,0,0.308,0,0.308,0,0.9906,1,0.9906,1,50,411.33,241.83,0,1,2025-10-01 08:56:24,17.0,90.6,,0,0,,1
2025-10-01 08:57:09,327.33,0.3049,221.04,0.456,1.3681,224.25,225.24,213.63,385.75,384.39,378.27,382.82,0.0,1.3681,0.0,0,0.3049,0,0.0415,0,0.0415,0,0.3082,0,0.3082,0,0.9908,1,0.9908,1,50,411.33,241.83,0,1,2025-10-01 08:57:09,17.2,91.4,,0,0,,1
2025-10-01 08:57:54,327.34,0.3061,220.5,0.4561,1.3684,224.65,226.22,210.63,387.68,382,376.03,381.93,0.0,1.3684,0.0,0,0.3061,0,0.0428,0,0.0428,0,0.3096,0,0.3096,0,0.9903,1,0.9903,1,50,411.34,241.83,0,1,2025-10-01 08:57:54,17.4,91.8,,0,0,,1
2025-10-01 08:58:39,327.34,0.3043,221.17,0.455,1.3651,224.62,225.41,213.49,386.33,384.63,378.15,382.99,0.0,1.3651,0.0,0,0.3043,0,0.0418,0,0.0418,0,0.3077,0,0.3077,0,0.9907,1,0.9907,1,50,411.34,241.83,0,1,2025-10-01 08:58:39,17.6,92.1,,0,0,,1
2025-10-01 08:59:24,327.34,0.3056,221.29,0.4553,1.3661,225.08,226.24,212.55,385.9,385.41,378.29,383.21,0.0,1.3661,0.0,0,0.3056,0,0.0426,0,0.0426,0,0.3091,0,0.3091,0,0.9904,1,0.9904,1,50,411.34,241.84,0,1,2025-10-01 08:59:24,17.7,92.1,,0,0,,1
2025-10-01 08:59:25,327.34,0.3056,221.29,0.4553,1.3661,225.08,226.24,212.55,385.9,385.41,378.29,383.21,0.0,1.3661,0.0,0,0.3056,0,0.0426,0,0.0426,0,0.3091,0,0.3091,0,0.9904,1,0.9904,1,50,411.34,241.84,0,0,,,,,0,0,,1
2025-10-01 10:23:42,327.35,0.3055,220.38,0.4557,1.3671,225.1,225.89,210.15,387.21,381.92,375.9,381.39,0.0,1.3671,0.0,0,0.3055,0,0.0419,0,0.0419,0,0.3088,0,0.3088,0,0.9907,1,0.9907,1,50,411.35,241.84,0,1,2025-10-01 10:23:42,17.9,92.2,,0,0,,1
2025-10-01 10:24:27,327.35,0.3056,221.39,0.4554,1.3663,222.91,226.21,215.06,384.46,385.93,379.84,383.52,0.0,1.3663,0.0,0,0.3056,0,0.0426,0,0.0426,0,0.3091,0,0.3091,0,0.9904,1,0.9904,1,50,411.35,241.84,0,1,2025-10-01 10:24:27,18.0,92.9,,0,0,,1
2025-10-01 10:25:12,327.38,3.494,220.76,6.6791,20.0373,221.43,226.2,214.66,384.05,384.86,378.12,382.28,6.8368,7.6773,5.5232,1.2839,1.3631,0.8471,2.7026,0.8007,1.073,0.8289,4.4361,1.5139,1.7366,1.1856,0.7909,0.8485,0.7857,0.7147,50,411.39,241.86,1,1,2025-10-01 10:25:12,18.2,93.3,,1,0,,0
2025-10-01 10:25:57,327.42,3.5663,220.59,6.7614,20.2844,221.33,226.34,214.11,384,384.18,377.96,381.92,7.0246,7.7815,5.4783,1.3328,1.3798,0.8536,2.6938,0.7987,1.0915,0.8036,4.489,1.5548,1.7613,1.173,0.7979,0.8577,0.7842,0.7281,50,411.44,241.89,1,1,2025-10-01 10:25:57,18.2,91.2,,1,0,,0
2025-10-01 10:26:42,327.47,3.5968,220.14,6.7989,20.3968,219.74,226.11,214.58,382.9,384.25,376.69,381.22,6.983,7.8548,5.559,1.3207,1.4113,0.8647,2.675,0.7792,1.075,0.8208,4.5033,1.5344,1.776,1.1929,0.8024,0.8612,0.7955,0.7252,50,411.5,241.92,1,1,2025-10-01 10:26:42,18.1,87.2,,1,0,,0
2025-10-01 10:27:27,327.51,3.5689,220.57,6.759,20.2772,221.61,224.74,215.37,383.6,383.92,378.54,381.94,6.9384,7.6442,5.6946,1.2969,1.3686,0.9034,2.6881,0.8242,1.0354,0.8285,4.482,1.5376,1.718,1.2264,0.7987,0.844,0.7974,0.7369,50,411.56,241.96,1,1,2025-10-01 10:27:27,17.9,85.2,,1,0,,0
2025-10-01 10:28:12,327.56,3.5459,219.99,6.7304,20.1914,222.04,225.35,212.58,385.23,381.69,376.16,380.82,7.0748,7.8179,5.2987,1.3594,1.3641,0.8224,2.6662,0.7854,1.112,0.7688,4.4591,1.5709,1.7618,1.1264,0.7992,0.8658,0.775,0.7305,50.1,411.61,241.99,1,1,2025-10-01 10:28:12,17.7,83.5,,1,0,,0
2025-10-01 10:28:57,327.6,3.5579,220.01,6.738,20.214,221.41,224.22,214.4,383.35,383.13,376.66,381.08,6.9011,7.6629,5.65,1.2962,1.3699,0.8919,2.6608,0.8075,1.0343,0.819,4.4575,1.528,1.7182,1.2114,0.8008,0.8487,0.798,0.7365,50.1,411.67,242.02,1,1,2025-10-01 10:28:57,17.6,83.1,,1,0,,0
2025-10-01 10:29:42,327.65,3.5613,219.69,6.7409,20.222900000000003,221.54,223.8,213.75,382.25,382.17,377.05,380.43,7.0274,7.6917,5.5038,1.3301,1.3573,0.8739,2.6496,0.8072,1.0557,0.7867,4.4547,1.5569,1.7214,1.1764,0.8023,0.8548,0.7893,0.7432,50.1,411.72,242.06,1,1,2025-10-01 10:29:42,17.4,80.7,,1,0,,0
2025-10-01 10:30:27,327.69,3.5292,219.19,6.7084,20.1252,221.34,223.68,212.55,383.73,380.6,374.6,379.44,7.1111,7.7582,5.2559,1.3589,1.344,0.8262,2.6385,0.7924,1.095,0.751,4.4265,1.574,1.7354,1.1171,0.8009,0.8638,0.7752,0.7399,50,411.78,242.09,1,1,2025-10-01 10:30:27,17.2,78.7,,1,0,,0
2025-10-01 10:31:12,327.74,3.5319,220.16,6.7097,20.1292,221.71,223.57,215.21,382.93,382.81,378.19,381.41,6.9862,7.5468,5.5962,1.3019,1.3337,0.8962,2.6724,0.8377,1.0309,0.8038,4.4405,1.5489,1.6872,1.2044,0.7974,0.8409,0.7912,0.7444,50,411.83,242.12,1,1,2025-10-01 10:31:12,17.0,77.5,,1,0,,0
2025-10-01 10:31:57,327.78,3.5198,220.72,6.7076,20.123,221.94,224.73,215.5,383.99,384.5,378.33,382.41,6.9717,7.6481,5.5032,1.3073,1.3464,0.8662,2.7004,0.8259,1.0654,0.8091,4.452,1.5473,1.7188,1.1859,0.7934,0.8454,0.7841,0.7307,50,411.89,242.16,1,1,2025-10-01 10:31:57,16.8,76.7,,1,0,,0
2025-10-01 10:32:42,327.82,3.566,220.79,6.7628,20.288600000000002,221.8,224.72,215.86,386.28,382.98,378.03,382.16,7.0826,7.6851,5.5209,1.3307,1.3546,0.8807,2.7038,0.8333,1.0686,0.802,4.4897,1.5709,1.727,1.1917,0.7968,0.8475,0.7851,0.7393,50,411.95,242.19,1,1,2025-10-01 10:32:42,16.6,75.5,,1,0,,0
2025-10-01 10:33:27,327.87,3.5718,220.45,6.774,20.322200000000002,220.16,225.51,215.7,384.04,383.28,378.18,381.85,7.0158,7.7355,5.5709,1.3132,1.3807,0.8779,2.6944,0.8115,1.0632,0.8197,4.4907,1.5446,1.7444,1.2016,0.7983,0.8506,0.7923,0.7309,50,412,242.22,1,1,2025-10-01 10:33:27,16.4,76.1,,1,0,,0
2025-10-01 10:34:12,327.91,3.5567,220.27,6.7533,20.2601,218.96,225.99,215.88,383.6,384.13,376.86,381.43,6.811,7.7034,5.7457,1.2609,1.4025,0.8932,2.6822,0.7944,1.028,0.8597,4.4726,1.4913,1.7409,1.2404,0.7984,0.846,0.8065,0.7204,49.9,412.06,242.26,1,1,2025-10-01 10:34:12,16.4,76.4,,1,0,,0
2025-10-01 10:34:57,327.96,3.5547,218.86,6.7524,20.2573,219.33,224.64,212.63,384,379.47,373.84,378.87,7.1869,7.8362,5.2342,1.3686,1.3658,0.8203,2.6397,0.7806,1.1078,0.7513,4.4496,1.5763,1.7603,1.1129,0.8028,0.8686,0.7766,0.7374,50,412.11,242.29,1,1,2025-10-01 10:34:57,16.3,75.6,,1,0,,0
2025-10-01 10:35:42,328,3.5216,220.22,6.7045,20.113599999999998,221.06,224.44,215.16,383.92,382.59,377.77,381.64,6.9894,7.67,5.4542,1.3123,1.35,0.8592,2.6777,0.8138,1.0653,0.7986,4.4401,1.5451,1.7215,1.1735,0.796,0.8498,0.785,0.7324,50,412.17,242.32,1,1,2025-10-01 10:35:42,16.2,75.8,,1,0,,0
2025-10-01 10:36:27,328.05,3.5239,219.78,6.7108,20.1325,221.39,224.25,213.71,384.29,381.97,375.74,380.79,7.0946,7.7362,5.3017,1.3476,1.3431,0.8332,2.6676,0.8052,1.0954,0.767,4.4385,1.5707,1.7348,1.133,0.7973,0.8584,0.7749,0.7357,50,412.22,242.36,1,1,2025-10-01 10:36:27,16.1,74.8,,1,0,,0
2025-10-01 10:37:12,328.09,3.511,220.54,6.6932,20.0797,222.07,224.36,215.2,384.07,383.09,378.76,381.97,6.9746,7.6236,5.4815,1.3085,1.3375,0.865,2.6909,0.8268,1.0631,0.801,4.4389,1.5488,1.7104,1.1796,0.7937,0.8453,0.7828,0.7337,50,412.28,242.39,1,1,2025-10-01 10:37:12,16.1,74.3,,1,0,,0
2025-10-01 10:37:57,328.13,3.5296,220.58,6.7155,20.1465,222.04,224.56,215.16,384.78,383.26,378.13,381.99,7.0236,7.6876,5.4353,1.3248,1.347,0.8578,2.6917,0.821,1.0768,0.7939,4.4553,1.5595,1.7263,1.1695,0.7951,0.85,0.781,0.7339,50,412.34,242.42,1,1,2025-10-01 10:37:57,16.0,75.1,,1,0,,0
2025-10-01 10:38:42,328.18,3.5216,221.13,6.7062,20.1188,221.68,224.23,217.5,384.49,385.27,379.25,383.06,6.864,7.5405,5.7143,1.2639,1.3475,0.9102,2.709,0.8455,1.0183,0.8452,4.4553,1.5216,1.6908,1.2429,0.7926,0.8311,0.7978,0.7327,50,412.39,242.46,1,1,2025-10-01 10:38:42,16.0,75.4,,1,0,,0
2025-10-01 10:39:27,328.22,3.5266,220.82,6.7149,20.1447,221.84,224.64,215.99,385.18,383.67,378.56,382.47,7.017,7.6982,5.4295,1.3203,1.3496,0.8567,2.702,0.823,1.0788,0.8002,4.4587,1.5567,1.7293,1.1727,0.7937,0.8486,0.7811,0.7307,50,412.45,242.49,1,1,2025-10-01 10:39:27,15.9,74.6,,1,0,,0
2025-10-01 10:40:12,328.27,3.5596,220.2,6.7556,20.2669,222.06,224.82,213.74,385.36,382.15,376.71,381.32,7.1685,7.8667,5.2317,1.3771,1.3621,0.8204,2.6808,0.7967,1.1253,0.7588,4.4787,1.5918,1.7686,1.1182,0.7988,0.8655,0.7709,0.7341,50,412.5,242.53,1,1,2025-10-01 10:40:12,15.9,74.5,,1,0,,0
2025-10-01 10:40:57,328.31,3.5306,221.26,6.7154,20.1463,222.44,224.96,216.39,385.35,384.57,379.75,383.42,6.9974,7.622,5.5269,1.31,1.3432,0.8775,2.7136,0.8389,1.0629,0.8118,4.4671,1.5565,1.7146,1.196,0.7928,0.8421,0.7841,0.734,50,412.56,242.56,1,1,2025-10-01 10:40:57,15.8,74.1,,1,0,,0
2025-10-01 10:41:42,328.35,3.5152,220.79,6.695,20.0851,222.63,224.6,215.16,383.67,384.47,379.03,382.49,6.9478,7.6689,5.4684,1.3105,1.3463,0.8584,2.6957,0.82,1.0719,0.8039,4.4458,1.5468,1.7224,1.1766,0.7935,0.8477,0.7823,0.7299,50,412.61,242.59,1,1,2025-10-01 10:41:42,15.8,73.2,,1,0,,0
2025-10-01 10:42:27,328.4,3.4987,220.05,6.6743,20.023,220.72,224.44,215.01,383.4,382.78,377.23,381.47,6.9222,7.6355,5.4653,1.2951,1.3475,0.8561,2.6685,0.8087,1.0559,0.804,4.4167,1.5279,1.7137,1.1751,0.7951,0.8482,0.7871,0.7289,50,412.67,242.63,1,1,2025-10-01 10:42:27,15.8,74.3,,1,0,,0
2025-10-01 10:43:12,328.44,3.5339,219.89,6.7179,20.1539,218.84,226.04,214.8,382.66,383.79,376.12,380.85,6.8874,7.7559,5.5106,1.2908,1.3925,0.8507,2.6605,0.7763,1.0621,0.8221,4.4441,1.5072,1.7531,1.1837,0.7989,0.8569,0.7951,0.719,50,412.73,242.66,1,1,2025-10-01 10:43:12,15.8,73,,1,0,,0
2025-10-01 10:43:57,328.49,3.5241,220.5,6.7074,20.1224,219.28,225.8,216.43,383.51,384.39,377.86,382,6.801,7.6648,5.6566,1.259,1.3862,0.879,2.6818,0.7974,1.0331,0.8512,4.4463,1.4913,1.7307,1.2243,0.7957,0.8447,0.8017,0.7183,50,412.78,242.69,1,1,2025-10-01 10:43:57,15.8,73,,1,0,,0
2025-10-01 10:44:42,328.53,3.4893,220.27,6.6617,19.9851,220.78,224.88,215.17,382.44,384.19,377.86,381.61,6.8773,7.6769,5.4309,1.2913,1.3559,0.8421,2.6716,0.7968,1.0656,0.8091,4.4133,1.5184,1.7264,1.1686,0.7939,0.851,0.7862,0.721,50,412.84,242.73,1,1,2025-10-01 10:44:42,15.7,72.5,,1,0,,0
2025-10-01 10:45:27,328.57,3.4977,221.2,6.6772,20.0318,220.83,223.83,218.95,383.73,385.93,379.71,383.18,6.9078,7.5376,5.5864,1.2671,1.3371,0.8935,2.7078,0.8476,1.0259,0.8343,4.4357,1.5254,1.6871,1.2231,0.7907,0.8311,0.7933,0.7309,50,412.89,242.76,1,1,2025-10-01 10:45:27,15.7,71.4,,1,0,,0
2025-10-01 10:46:12,328.62,3.5568,221.48,6.7488,20.246499999999997,222.1,224.98,217.38,385.87,385.25,379.73,383.51,7.0161,7.6769,5.5535,1.3128,1.3587,0.8853,2.7207,0.8376,1.0633,0.8197,4.4926,1.5583,1.7271,1.2072,0.7942,0.843,0.7875,0.7337,50,412.95,242.79,1,1,2025-10-01 10:46:12,15.6,72,,1,0,,0
2025-10-01 10:46:57,328.66,3.5354,220.56,6.7199,20.159799999999997,221.41,223.56,216.71,385.25,383.48,377.32,381.8,7.0018,7.6723,5.4857,1.3107,1.3502,0.8745,2.6863,0.8264,1.0554,0.8045,4.4543,1.5503,1.7152,1.1888,0.7962,0.8459,0.7878,0.7359,50,413,242.83,1,1,2025-10-01 10:46:57,15.5,71.7,,1,0,,0
2025-10-01 10:47:42,328.71,3.5328,220.4,6.7119,20.1357,221.86,223.05,216.31,383.24,383.41,378.55,381.73,7.081,7.6383,5.4164,1.3292,1.3318,0.8718,2.6783,0.836,1.0603,0.7819,4.4463,1.571,1.7037,1.1716,0.7968,0.8464,0.7823,0.7444,50,413.06,242.86,1,1,2025-10-01 10:47:42,15.4,71.2,,1,0,,0
2025-10-01 10:49:12,328.8,3.5041,219.97,6.6782,20.0346,224.15,221.83,213.93,384.75,381.96,376.14,381.22,7.1502,7.6417,5.2427,1.3644,1.2978,0.8418,2.6671,0.8391,1.0881,0.7399,4.4194,1.6027,1.6952,1.1216,0.7957,0.8518,0.7663,0.751,50,413.17,242.93,1,1,2025-10-01 10:49:12,15.4,71.1,,1,0,,0
2025-10-01 10:50:42,328.86,0.3083,220.42,0.4619,1.3857,223.74,223.69,213.83,385.58,382.86,376.81,381.8,0.0,1.3857,0.0,0,0.3071,0,0.039,0,0.039,0,0.31,0,0.31,0,0.992,1,0.992,1,50,413.25,242.98,0,1,2025-10-01 10:50:42,15.3,70.6,,0,0,,1
2025-10-01 10:51:27,328.87,0.3032,220.72,0.4584,1.3752,223.78,222.53,215.86,384.81,383.42,378.58,381.68,0.0,1.3752,0.0,0,0.3032,0,0.0386,0,0.0386,0,0.306,0,0.306,0,0.9919,1,0.9919,1,50,413.26,242.98,0,1,2025-10-01 10:51:27,15.2,72.4,,0,0,,1
2025-10-01 10:52:12,328.87,0.3014,220.66,0.4568,1.3705,223.75,221.98,216.27,383.15,383.87,379.44,382.33,0.0,1.3705,0.0,0,0.3014,0,0.0382,0,0.0382,0,0.3042,0,0.3042,0,0.992,1,0.992,1,50,413.26,242.98,0,1,2025-10-01 10:52:12,15.3,75.5,,0,0,,1
2025-10-01 10:52:57,328.87,0.3013,220.04,0.4563,1.3689,223.5,222.14,214.5,385.32,381.49,376.51,380.92,0.0,1.3689,0.0,0,0.3013,0,0.0384,0,0.0384,0,0.3041,0,0.3041,0,0.9919,1,0.9919,1,50,413.26,242.98,0,1,2025-10-01 10:52:57,15.4,78,,0,0,,1
2025-10-01 10:53:42,328.88,0.301,221.28,0.4562,1.3686,225.37,222,216.47,386.71,383.91,379.05,383.19,0.0,1.3686,0.0,0,0.301,0,0.0387,0,0.0387,0,0.3038,0,0.3038,0,0.9918,1,0.9918,1,50,413.27,242.98,0,1,2025-10-01 10:53:42,15.7,80.8,,0,0,,1
2025-10-01 10:54:27,328.88,0.2999,220.56,0.4554,1.3664,224.85,221.54,215.29,384.63,383.49,377.74,381.95,0.0,1.3664,0.0,0,0.2999,0,0.0384,0,0.0384,0,0.3027,0,0.3027,0,0.9919,1,0.9918,1,50,413.27,242.98,0,1,2025-10-01 10:54:27,16.0,83.1,,0,0,,1
2025-10-01 10:55:12,328.88,0.2993,220.8,0.4546,1.3639,225.03,221.58,215.79,385.38,383.78,377.95,382.21,0.0,1.3639,0.0,0,0.2993,0,0.0387,0,0.0387,0,0.3022,0,0.3022,0,0.9917,1,0.9917,1,50,413.28,242.98,0,1,2025-10-01 10:55:12,16.3,84.7,,0,0,,1
2025-10-01 10:55:57,328.89,0.2985,220.37,0.4535,1.3607,224.15,221.17,215.81,383.2,383.23,378.5,381.7,0.0,1.3607,0.0,0,0.2985,0,0.0383,0,0.0383,0,0.3009,0,0.3009,0,0.9918,1,0.9918,1,49.9,413.28,242.98,0,1,2025-10-01 10:55:57,16.5,85.8,,0,0,,1
2025-10-01 10:56:42,328.89,0.2972,220.24,0.4522,1.3566,223.78,220.65,216.29,383.42,382.9,377.92,381.41,0.0,1.3566,0.0,0,0.2972,0,0.0378,0,0.0378,0,0.2993,0,0.2993,0,0.992,1,0.992,1,49.9,413.28,242.98,0,1,2025-10-01 10:56:42,16.8,87.4,,0,0,,1
2025-10-01 10:57:27,328.9,0.2994,220.86,0.4538,1.3616,224.01,222.06,216.53,385.36,383.22,378.99,382.66,0.0,1.3616,0.0,0,0.2994,0,0.0392,0,0.0392,0,0.3024,0,0.3024,0,0.9915,1,0.9915,1,50,413.29,242.98,0,1,2025-10-01 10:57:27,17.1,89,,0,0,,1
2025-10-01 10:58:12,328.9,0.2993,220.43,0.4533,1.3599,224.13,222.25,214.92,385.49,382.19,377.64,381.91,0.0,1.3599,0.0,0,0.2993,0,0.0395,0,0.0395,0,0.3022,0,0.3022,0,0.9913,1,0.9913,1,50,413.29,242.98,0,1,2025-10-01 10:58:12,17.2,89.3,,0,0,,1
2025-10-01 10:58:57,328.9,0.2976,219.98,0.4528,1.3585,224.63,221.11,214.22,384.88,381.29,376.78,381.2,0.0,1.3585,0.0,0,0.2976,0,0.0379,0,0.0379,0,0.3004,0,0.3004,0,0.9919,1,0.9919,1,50,413.29,242.98,0,1,2025-10-01 10:58:57,17.4,90.3,,0,0,,1
2025-10-01 10:59:42,328.91,0.2971,220.53,0.4527,1.3581,224.24,220.85,216.51,382.23,383.64,379.85,382.28,0.0,1.3581,0.0,0,0.2971,0,0.0379,0,0.0379,0,0.2999,0,0.2999,0,0.9919,1,0.9919,1,49.9,413.3,242.98,0,1,2025-10-01 10:59:42,17.5,90.8,,0,0,,1
2025-10-01 11:00:27,328.91,0.2972,218.27,0.4519,1.3559,221.42,221.28,212.12,382.34,379.2,372.57,378.3,0.0,1.3559,0.0,0,0.2972,0,0.0384,0,0.0384,0,0.3,0,0.3,0,0.9917,1,0.9917,1,49.9,413.3,242.98,0,1,2025-10-01 11:00:27,17.6,91.5,,0,0,,1
2025-10-01 11:01:12,328.91,0.2971,219.26,0.452,1.3561,221.74,221.2,214.85,381.2,382,375.98,379.78,0.0,1.3561,0.0,0,0.2971,0,0.0381,0,0.0381,0,0.3,0,0.3,0,0.9918,1,0.9918,1,49.9,413.31,242.98,0,1,2025-10-01 11:01:12,17.7,91.8,,0,0,,1
2025-10-01 11:01:57,328.92,0.2955,219.6,0.4515,1.3547,223.75,220.09,214.98,381.22,380.87,378.86,380.41,0.0,1.3547,0.0,0,0.2955,0,0.0365,0,0.0365,0,0.2982,0,0.2982,0,0.9924,1,0.9924,1,50,413.31,242.98,0,1,2025-10-01 11:01:57,17.8,91.8,,0,0,,1
2025-10-01 11:02:42,328.92,0.2959,219.84,0.4509,1.3527,224.56,219.89,215.08,383.6,381.57,376.97,380.75,0.0,1.3527,0.0,0,0.2949,0,0.0363,0,0.0363,0,0.2974,0,0.2974,0,0.9925,1,0.9925,1,50,413.31,242.99,0,1,2025-10-01 11:02:42,17.9,91.9,,0,0,,1
2025-10-01 11:03:27,328.92,0.2964,220.29,0.4515,1.3545,225.74,220.84,214.31,385.86,381.6,377.05,381.31,0.0,1.3545,0.0,0,0.2964,0,0.0373,0,0.0373,0,0.2991,0,0.2991,0,0.9921,1,0.9921,1,50,413.32,242.99,0,1,2025-10-01 11:03:27,18.0,92.6,,0,0,,1
2025-10-01 11:04:12,328.93,0.2958,220.46,0.4515,1.3546,225.71,220.36,215.32,383.71,383.08,378.51,381.86,0.0,1.3546,0.0,0,0.2958,0,0.0368,0,0.0368,0,0.2985,0,0.2985,0,0.9923,1,0.9923,1,50,413.32,242.99,0,1,2025-10-01 11:04:12,18.1,93.4,,0,0,,1
2025-10-01 11:04:57,328.93,0.2958,219.87,0.4514,1.3542,225.21,220.4,214.01,383.59,381.16,377.55,380.88,0.0,1.3542,0.0,0,0.2958,0,0.0367,0,0.0367,0,0.2985,0,0.2985,0,0.9923,1,0.9923,1,50,413.32,242.99,0,1,2025-10-01 11:04:57,18.3,93.5,,0,0,,1
2025-10-01 11:05:42,328.94,0.2959,220.15,0.4517,1.3553,224.19,220.29,215.99,384.52,381.93,377.37,381.16,0.0,1.3553,0.0,0,0.2959,0,0.0366,0,0.0366,0,0.2986,0,0.2986,0,0.9924,1,0.9924,1,50,413.33,242.99,0,1,2025-10-01 11:05:42,18.3,93.5,,0,0,,1
2025-10-01 11:06:27,328.94,0.2952,220.14,0.4509,1.3529,224.15,220.17,216.11,383.63,382.87,377.18,381.3,0.0,1.3529,0.0,0,0.2952,0,0.0366,0,0.0366,0,0.2979,0,0.2979,0,0.9924,1,0.9924,1,50,413.33,242.99,0,1,2025-10-01 11:06:27,18.4,93.4,,0,0,,1
2025-10-01 11:07:12,328.97,3.5754,219.11,6.7704,20.3114,222.81,218.79,215.75,382.8,379.96,375.66,379.39,7.3199,7.5512,5.4403,1.3728,1.2873,0.9154,2.6454,0.8788,1.0332,0.7334,4.4568,1.6309,1.6521,1.1737,0.8038,0.8422,0.7798,0.7804,50,413.38,243.01,1,1,2025-10-01 11:07:12,18.5,93.3,,1,0,,0
2025-10-01 11:07:57,329.02,3.6025,218.64,6.8082,20.424599999999998,220.96,218.65,216.33,380.88,379.63,375.52,378.6,7.3027,7.5419,5.58,1.3543,1.3052,0.943,2.6341,0.8759,1.0056,0.7525,4.4698,1.6136,1.649,1.2071,0.8072,0.8396,0.7921,0.7816,49.9,413.43,243.05,1,1,2025-10-01 11:07:57,18.4,90.2,,1,0,,0
2025-10-01 11:08:42,329.06,3.5859,219.39,6.7797,20.3393,221.2,218.69,218.29,379.36,381.43,379.13,379.93,7.1319,7.3337,5.8737,1.2911,1.295,0.9998,2.6499,0.9049,0.9436,0.8014,4.4636,1.5776,1.6038,1.2822,0.8042,0.8189,0.8081,0.7802,49.9,413.49,243.08,1,1,2025-10-01 11:08:42,18.2,87.6,,1,0,,0
2025-10-01 11:09:27,329.11,3.6576,219.3,6.8753,20.625999999999998,223.11,219.66,215.14,382.76,380.77,375.85,379.83,7.428,7.6685,5.5295,1.405,1.318,0.9346,2.6585,0.8771,1.0466,0.7347,4.5313,1.6573,1.6845,1.1896,0.8089,0.8482,0.7831,0.7861,50,413.54,243.11,1,1,2025-10-01 11:09:27,18.1,85.7,,1,0,,0
2025-10-01 11:10:57,329.2,3.6549,219.14,6.8657,20.5973,224.3,218.17,214.97,382.01,379.96,376.54,379.43,7.4241,7.6463,5.5269,1.4095,1.3045,0.9409,2.6468,0.885,1.0377,0.7241,4.5215,1.6652,1.6682,1.1881,0.8099,0.8469,0.7826,0.7924,49.9,413.66,243.18,1,1,2025-10-01 11:10:57,17.7,82.3,,1,0,,0
2025-10-01 11:12:27,329.29,3.6188,219.01,6.8182,20.4548,224.33,219.12,213.6,382.1,380.06,375.65,379.32,7.2909,7.651,5.5129,1.3893,1.3109,0.9186,2.6401,0.8615,1.043,0.7356,4.4896,1.6356,1.6765,1.1776,0.8078,0.8498,0.7825,0.7805,50,413.77,243.25,1,1,2025-10-01 11:12:27,17.3,79.9,,1,0,,0
2025-10-01 11:13:12,329.34,3.5817,218.27,6.7742,20.322599999999998,223.7,217.99,213.12,382.5,378,373.46,377.72,7.4178,7.624,5.2808,1.4153,1.279,0.8874,2.6147,0.8644,1.0593,0.6909,4.4468,1.6594,1.662,1.1254,0.8076,0.8534,0.7701,0.789,49.9,413.83,243.28,1,1,2025-10-01 11:13:12,17.1,79.2,,1,0,,0
2025-10-01 11:13:57,329.38,3.5826,219.26,6.7696,20.308799999999998,223.75,218.77,215.27,380.37,381.29,377.41,379.65,7.1278,7.4749,5.7061,1.329,1.2991,0.9545,2.6439,0.8803,0.9914,0.7722,4.4585,1.5948,1.6353,1.2284,0.8046,0.8337,0.7949,0.7774,49.9,413.88,243.31,1,1,2025-10-01 11:13:57,17.0,78.6,,1,0,,0
2025-10-01 11:14:42,329.43,3.5827,219.31,6.7756,20.3268,223.75,219.24,214.96,382.96,380.27,376.22,379.42,7.2368,7.5491,5.5409,1.361,1.2968,0.9248,2.6513,0.8755,1.0263,0.7495,4.4654,1.6192,1.6551,1.1911,0.8038,0.841,0.7841,0.7768,49.9,413.94,243.34,1,1,2025-10-01 11:14:42,16.8,77,,1,0,,0
2025-10-01 11:15:27,329.47,3.6082,219.11,6.809,20.427,223.43,219.61,214.31,382.41,380.44,375.53,379.41,7.3346,7.6562,5.4362,1.3928,1.3089,0.9066,2.6453,0.8619,1.053,0.7304,4.4852,1.6388,1.6814,1.165,0.8064,0.8503,0.7791,0.7787,49.9,413.99,243.38,1,1,2025-10-01 11:15:27,16.7,76.5,,1,0,,0
2025-10-01 11:16:12,329.52,3.5699,219.65,6.7648,20.2945,222.12,218.95,217.89,381.04,382.1,378.08,380.27,7.1116,7.4133,5.7696,1.2998,1.2983,0.9717,2.6647,0.8962,0.9719,0.7965,4.4599,1.5796,1.6231,1.2571,0.8013,0.8232,0.8005,0.7733,49.9,414.05,243.41,1,1,2025-10-01 11:16:12,16.5,75.1,,1,0,,0
2025-10-01 11:16:57,329.56,3.5929,218.98,6.7969,20.3908,222.06,218.73,216.16,381.19,380.92,375.59,379.32,7.2751,7.5367,5.579,1.3529,1.2999,0.9402,2.6473,0.8814,1.0117,0.7542,4.47,1.6155,1.6485,1.206,0.805,0.8378,0.7891,0.78,49.9,414.1,243.44,1,1,2025-10-01 11:16:57,16.3,75.9,,1,0,,0
2025-10-01 11:17:42,329.61,3.5702,218.54,6.7654,20.2964,220.53,218.42,216.68,379.35,381.05,375.03,378.52,7.0822,7.5111,5.7031,1.3021,1.3172,0.9509,2.6246,0.8607,0.9758,0.7881,4.4382,1.5618,1.6406,1.2357,0.8057,0.8342,0.8035,0.7699,49.9,414.16,243.48,1,1,2025-10-01 11:17:42,16.2,75.4,,1,0,,0
2025-10-01 11:18:27,329.65,3.5575,218.02,6.7481,20.2444,220.78,217.78,215.5,378.49,379.8,374.4,377.7,7.153,7.5701,5.5213,1.3309,1.308,0.9186,2.6055,0.8486,1.0016,0.7553,4.4177,1.5792,1.6486,1.1898,0.8067,0.8431,0.7939,0.7724,49.9,414.22,243.51,1,1,2025-10-01 11:18:27,16.1,75.6,,1,0,,0
2025-10-01 11:19:12,329.7,3.4974,218.42,6.6708,20.0126,222.72,218.1,214.46,380.69,380.07,373.95,378.3,7.1875,7.5244,5.3007,1.3513,1.2704,0.8756,2.6179,0.8568,1.0371,0.724,4.3787,1.6008,1.6411,1.1368,0.8005,0.8445,0.7746,0.7706,49.9,414.27,243.54,1,1,2025-10-01 11:19:12,16.1,74.9,,1,0,,0
2025-10-01 11:19:57,329.74,3.4823,218.47,6.6539,19.961799999999997,222.24,218.21,214.97,380.07,380.72,374.17,378.13,7.0675,7.4895,5.4048,1.3177,1.2781,0.8865,2.6197,0.8532,1.0165,0.7501,4.3668,1.5707,1.6343,1.1619,0.7991,0.8394,0.7826,0.7633,49.9,414.33,243.57,1,1,2025-10-01 11:19:57,16.0,75.2,,1,0,,0
2025-10-01 11:20:42,329.78,3.4584,218.61,6.6185,19.8555,222.44,216.51,216.88,379.85,379.79,376.08,378.61,7.0195,7.2917,5.5443,1.2823,1.2468,0.9293,2.6178,0.8895,0.9663,0.762,4.3426,1.5614,1.5787,1.2024,0.7973,0.8216,0.7904,0.7733,49.9,414.38,243.61,1,1,2025-10-01 11:20:42,15.9,74.4,,1,0,,0
2025-10-01 11:21:27,329.83,3.4936,218.28,6.6658,19.997500000000002,222.19,217.61,215.04,380.78,380.05,373.11,377.96,7.0709,7.4851,5.4415,1.317,1.2789,0.8976,2.6109,0.8548,1.0064,0.7497,4.3701,1.5711,1.6288,1.1701,0.801,0.8388,0.7858,0.7675,49.9,414.44,243.64,1,1,2025-10-01 11:21:27,15.8,73.7,,1,0,,0
2025-10-01 11:22:12,329.87,3.5038,217.99,6.6807,20.0422,222.2,217.51,214.28,380.18,379.34,372.96,377.51,7.153,7.5561,5.3331,1.3442,1.2803,0.8793,2.6042,0.8465,1.0285,0.7292,4.3757,1.5894,1.6435,1.1428,0.8025,0.8461,0.7795,0.7697,49.9,414.49,243.67,1,1,2025-10-01 11:22:12,15.7,72.8,,1,0,,0
2025-10-01 11:22:57,329.91,3.521,217.85,6.7019,20.1058,222.19,217.4,213.98,380.32,378.8,372.64,377.16,7.2193,7.5804,5.3061,1.3609,1.2811,0.8791,2.5996,0.8475,1.0345,0.7175,4.3874,1.6041,1.648,1.1354,0.8044,0.8488,0.7779,0.7746,49.9,414.55,243.71,1,1,2025-10-01 11:22:57,15.6,73.8,,1,0,,0
2025-10-01 11:23:42,329.96,3.505,217.97,6.6832,20.0497,222.27,217.7,213.96,381.53,378.66,372.21,377.26,7.1436,7.5906,5.3155,1.3465,1.2863,0.8722,2.6036,0.8398,1.0349,0.729,4.3776,1.5878,1.6525,1.1373,0.8027,0.8485,0.7791,0.7672,49.9,414.6,243.74,1,1,2025-10-01 11:23:42,15.5,74.5,,1,0,,0
2025-10-01 11:24:27,330,3.507,218.52,6.6763,20.0289,222.99,217.44,215.14,379.58,381.01,374.54,378.41,7.0317,7.4378,5.5594,1.3068,1.2784,0.9217,2.6137,0.8647,0.9879,0.7611,4.3813,1.568,1.6173,1.196,0.8018,0.8339,0.7912,0.771,49.9,414.65,243.77,1,1,2025-10-01 11:24:27,15.4,73.3,,1,0,,0
2025-10-01 11:25:12,330.03,0.2994,219.74,0.4593,1.3781,224.58,219.01,215.65,379.99,385.13,376.11,380.6,0.0,1.3781,0.0,0,0.2994,0,0.0353,0,0.0353,0,0.3018,0,0.3018,0,0.9931,1,0.9931,1,49.9,414.7,243.79,0,1,2025-10-01 11:25:12,15.3,74.2,,0,0,,1
2025-10-01 11:25:57,330.04,0.2987,219.32,0.4562,1.3686,222.93,220.23,214.81,380.49,382.49,376.39,379.71,0.0,1.3686,0.0,0,0.2987,0,0.0372,0,0.0372,0,0.3014,0,0.3014,0,0.9923,1,0.9923,1,49.9,414.7,243.79,0,1,2025-10-01 11:25:57,15.3,75.9,,0,0,,1
2025-10-01 11:26:42,330.04,0.2993,218.96,0.4559,1.3677,222.3,220.82,213.77,380.96,381.84,374.74,379.48,0.0,1.3677,0.0,0,0.2993,0,0.0374,0,0.0374,0,0.302,0,0.302,0,0.9922,1,0.9922,1,49.9,414.7,243.79,0,1,2025-10-01 11:26:42,15.4,79.4,,0,0,,1
2025-10-01 11:27:27,330.05,0.2981,219.82,0.4545,1.3637,222.75,220.65,216.08,382.02,383.01,377.04,380.66,0.0,1.3637,0.0,0,0.2981,0,0.0381,0,0.0381,0,0.3009,0,0.3009,0,0.9919,1,0.9919,1,50,414.71,243.8,0,1,2025-10-01 11:27:27,15.6,82.3,,0,0,,1
2025-10-01 11:28:12,330.05,0.2951,219.6,0.4533,1.36,225.69,218.89,214.24,383.11,381.01,376.69,380.14,0.0,1.36,0.0,0,0.2951,0,0.0365,0,0.0365,0,0.2977,0,0.2977,0,0.9924,1,0.9924,1,49.9,414.71,243.8,0,1,2025-10-01 11:28:12,15.9,84.4,,0,0,,1
2025-10-01 11:28:57,330.05,0.2959,219.56,0.4532,1.3597,225.13,219.63,213.92,382.04,382.08,376.39,379.92,0.0,1.3597,0.0,0,0.2959,0,0.0373,0,0.0373,0,0.2986,0,0.2986,0,0.9921,1,0.9921,1,49.9,414.71,243.8,0,1,2025-10-01 11:28:57,16.1,86.1,,0,0,,1
2025-10-01 11:29:42,330.06,0.2965,219.39,0.4533,1.3601,224.21,220.01,213.95,381.29,382.69,375.62,379.86,0.0,1.3601,0.0,0,0.2965,0,0.0374,0,0.0374,0,0.2992,0,0.2992,0,0.9921,1,0.9921,1,50,414.72,243.8,0,1,2025-10-01 11:29:42,16.3,87,,0,0,,1
2025-10-01 11:30:27,330.06,0.2963,219.53,0.4533,1.3599,224.76,219.9,213.93,382.66,381.94,375.8,380.06,0.0,1.3599,0.0,0,0.2963,0,0.0373,0,0.0373,0,0.299,0,0.299,0,0.9921,1,0.9921,1,50,414.72,243.8,0,1,2025-10-01 11:30:27,16.5,88.3,,0,0,,1
2025-10-01 11:31:12,330.06,0.2956,219.68,0.4528,1.3584,224.83,219.54,214.69,381.62,382.9,376.62,380.44,0.0,1.3584,0.0,0,0.2956,0,0.0369,0,0.0369,0,0.2982,0,0.2982,0,0.9923,1,0.9923,1,49.9,414.73,243.8,0,1,2025-10-01 11:31:12,16.7,89.9,,0,0,,1
2025-10-01 11:31:57,330.07,0.2956,220.12,0.4528,1.3585,224.35,219.57,216.46,381.18,384.33,377.93,381.09,0.0,1.3585,0.0,0,0.2956,0,0.0369,0,0.0369,0,0.2983,0,0.2983,0,0.9922,1,0.9922,1,49.9,414.73,243.8,0,1,2025-10-01 11:31:57,17.0,91.1,,0,0,,1
2025-10-01 11:32:42,330.07,0.2935,219.9,0.4513,1.3539,224.19,218.73,216.8,380.38,383.86,378.06,380.92,0.0,1.3539,0.0,0,0.2935,0,0.0363,0,0.0363,0,0.2961,0,0.2961,0,0.9924,1,0.9924,1,50,414.73,243.8,0,1,2025-10-01 11:32:42,17.2,91.6,,0,0,,1
2025-10-01 11:33:27,330.07,0.2934,219.36,0.4513,1.3539,223.86,218.6,215.63,381.33,382.18,376.01,380.05,0.0,1.3539,0.0,0,0.2934,0,0.0362,0,0.0362,0,0.296,0,0.296,0,0.9924,1,0.9924,1,50,414.74,243.8,0,1,2025-10-01 11:33:27,17.4,91.6,,0,0,,1
2025-10-01 11:34:12,330.08,0.2957,219.62,0.4516,1.3548,222.47,220.3,216.09,381.06,382.92,377.01,380.46,0.0,1.3548,0.0,0,0.2957,0,0.0378,0,0.0378,0,0.2985,0,0.2985,0,0.9919,1,0.9919,1,50,414.74,243.8,0,1,2025-10-01 11:34:12,17.5,91.8,,0,0,,1
2025-10-01 11:34:57,330.08,0.293,218.35,0.4503,1.3509,219.95,218.82,216.28,376.72,382.02,375.63,377.88,0.0,1.3509,0.0,0,0.293,0,0.0363,0,0.0363,0,0.2956,0,0.2956,0,0.9924,1,0.9924,1,49.9,414.74,243.8,0,1,2025-10-01 11:34:57,17.7,91.9,,0,0,,1
2025-10-01 11:35:42,330.09,0.2935,218.3,0.4505,1.3517,220.45,219.09,215.36,378.86,381.19,374.08,377.9,0.0,1.3517,0.0,0,0.2935,0,0.0364,0,0.0364,0,0.2961,0,0.2961,0,0.9923,1,0.9923,1,49.9,414.75,243.8,0,1,2025-10-01 11:35:42,17.8,92.3,,0,0,,1
2025-10-01 11:36:27,330.09,0.2943,218.36,0.451,1.353,220.67,219.47,214.95,378.57,381.45,374.42,378.02,0.0,1.353,0.0,0,0.2943,0,0.0364,0,0.0364,0,0.2969,0,0.2969,0,0.9924,1,0.9924,1,50,414.75,243.8,0,1,2025-10-01 11:36:27,17.9,92.9,,0,0,,1
2025-10-01 11:37:12,330.09,0.2917,219.05,0.4507,1.3523,222.72,217.46,216.97,378.19,382.41,377.3,379.19,0.0,1.3523,0.0,0,0.2917,0,0.0347,0,0.0347,0,0.2941,0,0.2941,0,0.993,1,0.993,1,49.9,414.76,243.8,0,1,2025-10-01 11:37:12,18.0,93,,0,0,,1
2025-10-01 11:37:57,330.1,0.2937,219.7,0.4504,1.3514,222.59,219.28,217.23,380.62,383.25,377.5,380.46,0.0,1.3514,0.0,0,0.2937,0,0.0361,0,0.0361,0,0.2963,0,0.2963,0,0.9925,1,0.9925,1,49.9,414.76,243.8,0,1,2025-10-01 11:37:57,18.1,93,,0,0,,1
2025-10-01 11:38:42,330.13,3.5721,218.51,6.7668,20.3006,220.98,218.02,216.54,380.27,380.16,374.85,378.28,7.1027,7.5164,5.6815,1.3103,1.312,0.9498,2.6226,0.8623,0.9795,0.7808,4.4386,1.5696,1.6387,1.2303,0.806,0.8353,0.8013,0.7724,49.9,414.8,243.82,1,1,2025-10-01 11:38:42,18.3,93.5,,1,0,,0
2025-10-01 11:39:27,330.17,3.6078,218.63,6.8115,20.4345,221.39,216.96,217.54,377.73,381.85,376.19,378.64,7.1368,7.4025,5.8952,1.2992,1.3017,1.0068,2.6285,0.8972,0.9383,0.793,4.4685,1.58,1.606,1.2824,0.8082,0.8228,0.8112,0.7855,49.9,414.85,243.86,1,1,2025-10-01 11:39:27,18.3,90.8,,1,0,,0
2025-10-01 11:40:12,330.22,3.6495,217.44,6.8699,20.6098,220.69,219.07,212.57,381.77,376.88,371.13,376.58,7.4399,7.8286,5.3413,1.4214,1.3412,0.8869,2.5947,0.8202,1.0668,0.7078,4.4923,1.6419,1.715,1.1354,0.815,0.8661,0.7826,0.7815,49.9,414.91,243.89,1,1,2025-10-01 11:40:12,18.1,87.4,,1,0,,0
2025-10-01 11:40:57,330.26,3.6268,218.26,6.8349,20.5048,219.75,218.46,216.59,378.79,380.69,374.53,378,7.1179,7.5464,5.8405,1.3066,1.3392,0.9809,2.6149,0.8581,0.959,0.7978,4.4777,1.5642,1.6486,1.265,0.8111,0.8358,0.813,0.7758,49.9,414.96,243.92,1,1,2025-10-01 11:40:57,18.0,85.7,,1,0,,0
2025-10-01 11:41:42,330.31,3.6261,218.31,6.834,20.502200000000002,219.42,218.89,216.64,376.44,384.07,373.56,378.08,7.0597,7.5713,5.8712,1.295,1.3512,0.98,2.6161,0.8487,0.9573,0.8101,4.4783,1.549,1.6573,1.2719,0.8109,0.8363,0.8159,0.7707,49.9,415.02,243.95,1,1,2025-10-01 11:41:42,17.8,82.7,,1,0,,0
2025-10-01 11:42:27,330.35,3.6103,218.72,6.8153,20.4461,221.1,219.29,215.78,379.43,380.74,376.22,378.94,7.1896,7.5802,5.6763,1.3358,1.3262,0.9483,2.6335,0.8599,0.9995,0.7741,4.4767,1.5896,1.6623,1.2248,0.8078,0.8408,0.7985,0.7746,49.9,415.08,243.99,1,1,2025-10-01 11:42:27,17.6,82.6,,1,0,,0
2025-10-01 11:43:12,330.4,3.6471,218.7,6.8618,20.5856,220.62,219.68,215.8,379.93,380.97,375.38,378.76,7.2301,7.6381,5.7174,1.3453,1.3446,0.9572,2.6334,0.8549,1.001,0.7774,4.5069,1.5951,1.6779,1.2338,0.8107,0.8439,0.8021,0.7762,49.9,415.13,244.02,1,1,2025-10-01 11:43:12,17.5,82.3,,1,0,,0
2025-10-01 11:43:57,330.44,3.6311,218.2,6.8429,20.5289,218.94,220.59,215.07,378.91,380.68,374.13,377.94,7.0673,7.6787,5.7829,1.3101,1.3729,0.9481,2.6142,0.8212,0.9892,0.8038,4.4849,1.5473,1.6938,1.2437,0.8115,0.8472,0.8113,0.7627,49.9,415.19,244.05,1,1,2025-10-01 11:43:57,17.3,79.5,,1,0,,0
2025-10-01 11:44:42,330.49,3.6816,217.68,6.9082,20.7246,218.9,219.58,214.57,379.02,378.86,373.17,377.09,7.2432,7.7377,5.7437,1.3515,1.3733,0.9567,2.6001,0.8269,0.9976,0.7757,4.517,1.5855,1.699,1.2324,0.8168,0.853,0.809,0.7767,49.9,415.24,244.08,1,1,2025-10-01 11:44:42,17.1,77.8,,1,0,,0
2025-10-01 11:45:27,330.53,3.6643,218.26,6.887,20.661,218.51,219.63,216.64,375.9,381.76,376.31,378.07,6.9769,7.5532,6.1309,1.265,1.3772,1.022,2.6182,0.8492,0.9217,0.8473,4.5116,1.5245,1.6589,1.3282,0.8136,0.8302,0.831,0.7698,49.9,415.3,244.12,1,1,2025-10-01 11:45:27,16.9,77.2,,1,0,,0
2025-10-01 11:46:57,330.63,3.6887,218.01,6.9122,20.736800000000002,220.25,219.93,213.87,378.04,380.16,374.48,377.56,7.2187,7.7796,5.7385,1.3597,1.3787,0.9503,2.6081,0.8219,1.0106,0.7756,4.5282,1.5899,1.711,1.2273,0.8165,0.8557,0.8065,0.7747,49.9,415.41,244.18,1,1,2025-10-01 11:46:57,16.6,76.7,,1,0,,0
2025-10-01 11:47:42,330.67,3.6842,218.44,6.9034,20.7102,220.12,218.92,216.29,378.29,379.96,376.72,378.18,7.1483,7.5898,5.9721,1.3158,1.3602,1.0082,2.6187,0.861,0.9515,0.8062,4.5267,1.5735,1.6616,1.2917,0.815,0.8367,0.8194,0.781,49.9,415.47,244.22,1,1,2025-10-01 11:47:42,16.4,75.3,,1,0,,0
2025-10-01 11:48:27,330.72,3.6034,217.53,6.799,20.3972,220.6,218.55,213.45,378.75,378.73,372.69,376.43,7.2103,7.6428,5.5441,1.3552,1.3283,0.92,2.5847,0.8309,1.0104,0.7434,4.4443,1.5906,1.6703,1.1834,0.8125,0.8525,0.7959,0.7777,49.9,415.53,244.25,1,1,2025-10-01 11:48:27,16.3,75.7,,1,0,,0
2025-10-01 11:49:57,330.81,3.5877,217.71,6.7736,20.320899999999998,220.89,218.61,213.63,377.66,379.38,374.01,377.01,7.1427,7.5634,5.6148,1.3355,1.3204,0.9318,2.5847,0.8382,0.9923,0.7542,4.4307,1.5778,1.6534,1.1995,0.8113,0.8469,0.7994,0.7773,49.9,415.64,244.31,1,1,2025-10-01 11:49:57,16.0,74.7,,1,0,,0
2025-10-01 11:50:42,330.85,3.5289,217.5,6.7006,20.1019,219.86,218.68,213.96,378.91,378.51,372.63,376.68,7.0462,7.5212,5.5345,1.3093,1.3118,0.9079,2.5756,0.8265,0.9897,0.7594,4.3781,1.5492,1.6447,1.1842,0.8077,0.8456,0.7982,0.767,50,415.69,244.34,1,1,2025-10-01 11:50:42,15.9,75,,1,0,,0
2025-10-01 11:51:27,330.9,3.5737,218.13,6.753,20.259,219.8,218.86,215.74,375.98,381.21,376.06,377.78,6.9108,7.3736,5.9746,1.2534,1.3264,0.9939,2.5928,0.8566,0.9165,0.8197,4.4217,1.519,1.6138,1.289,0.8094,0.8256,0.8226,0.7714,49.9,415.75,244.38,1,1,2025-10-01 11:51:27,15.9,74,,1,0,,0
2025-10-01 11:52:12,330.94,3.5825,217.14,6.7684,20.3053,218.01,220.29,213.12,376.23,379.53,372.39,375.87,7.0259,7.6407,5.6387,1.3077,1.36,0.9148,2.5621,0.7955,0.9886,0.778,4.4166,1.5317,1.6832,1.2017,0.8133,0.8543,0.8088,0.7617,49.9,415.8,244.41,1,1,2025-10-01 11:52:12,15.8,74,,1,0,,0
2025-10-01 11:52:57,330.99,3.5482,217.27,6.7231,20.1693,217.75,219.64,214.43,375.62,379.97,373.26,376.28,6.8809,7.5335,5.7549,1.2625,1.351,0.9347,2.5626,0.8051,0.9526,0.8048,4.387,1.4983,1.6547,1.234,0.8106,0.8431,0.8172,0.7577,50,415.86,244.44,1,1,2025-10-01 11:52:57,15.7,73.2,,1,0,,0
2025-10-01 11:53:42,331.03,3.5624,217.2,6.7409,20.2227,217.84,219.71,214.07,375.34,379.72,373.44,376.17,6.9164,7.5956,5.7107,1.2776,1.3588,0.926,2.5602,0.7969,0.9662,0.7972,4.398,1.5067,1.6688,1.2225,0.812,0.8484,0.8149,0.7578,50,415.91,244.47,1,1,2025-10-01 11:53:42,15.6,72.6,,1,0,,0
2025-10-01 11:54:27,331.07,3.5401,217.3,6.712,20.1361,217.73,218.84,215.33,373.46,380.03,375.45,376.41,6.8436,7.4679,5.8246,1.2449,1.3417,0.9535,2.5612,0.8172,0.9302,0.8137,4.3785,1.4901,1.6343,1.2542,0.8101,0.8359,0.8217,0.7606,49.9,415.97,244.5,1,1,2025-10-01 11:54:27,15.5,73,,1,0,,0
2025-10-01 11:55:12,331.12,3.5428,217.23,6.7132,20.1396,220.31,218.25,213.13,377.46,378.52,372.58,376.24,7.1036,7.594,5.442,1.3344,1.3152,0.8932,2.5604,0.8157,1.0059,0.7388,4.3822,1.565,1.6574,1.1599,0.8104,0.8532,0.7943,0.7705,50,416.02,244.54,1,1,2025-10-01 11:55:12,15.4,73.2,,1,0,,0
2025-10-01 11:55:57,331.15,0.3015,218.21,0.4608,1.3824,221.07,219.83,213.74,379.11,380.55,374.01,377.74,0.0,1.3824,0.0,0,0.3015,0,0.0353,0,0.0353,0,0.3039,0,0.3039,0,0.9932,1,0.9932,1,50,416.05,244.56,0,1,2025-10-01 11:55:57,15.3,72.8,,0,0,,1
2025-10-01 11:56:42,331.15,0.2971,218.25,0.4559,1.3679,221.01,219.04,214.72,377.34,380.74,375.79,378.04,0.0,1.3679,0.0,0,0.2971,0,0.0353,0,0.0353,0,0.2996,0,0.2996,0,0.993,1,0.993,1,50,416.06,244.56,0,1,2025-10-01 11:56:42,15.3,73.7,,0,0,,1
2025-10-01 11:57:27,331.15,0.2985,217.82,0.4557,1.3673,220.22,220.22,213.03,378.24,380.12,373.3,377.15,0.0,1.3673,0.0,0,0.2985,0,0.0368,0,0.0368,0,0.3011,0,0.3011,0,0.9924,1,0.9924,1,50,416.06,244.56,0,1,2025-10-01 11:57:27,15.4,76.8,,0,0,,1
2025-10-01 11:58:12,331.16,0.3005,219.02,0.4557,1.3673,219.92,221.93,215.23,379.98,382.1,375.91,379.4,0.0,1.3673,0.0,0,0.3005,0,0.0391,0,0.0391,0,0.3034,0,0.3034,0,0.9916,1,0.9916,1,50,416.07,244.56,0,1,2025-10-01 11:58:12,15.7,79.9,,0,0,,1
2025-10-01 11:58:57,331.16,0.3005,219.16,0.4555,1.3665,220.18,222.12,215.2,379.89,381.66,377.17,379.53,0.0,1.3665,0.0,0,0.3005,0,0.0392,0,0.0392,0,0.3035,0,0.3035,0,0.9915,1,0.9915,1,49.9,416.07,244.56,0,1,2025-10-01 11:58:57,15.9,82.9,,0,0,,1
2025-10-01 11:59:42,331.16,0.2993,219.16,0.4542,1.3628,220.44,221.78,215.28,381.87,380.68,376.24,379.68,0.0,1.3628,0.0,0,0.2993,0,0.0389,0,0.0389,0,0.3022,0,0.3022,0,0.9916,1,0.9916,1,50,416.07,244.56,0,1,2025-10-01 11:59:42,16.2,84.9,,0,0,,1
2025-10-01 12:00:27,331.17,0.2994,219.72,0.4534,1.3603,220.35,222.36,216.46,381.37,382.75,377.54,380.64,0.0,1.3603,0.0,0,0.2994,0,0.0398,0,0.0398,0,0.3025,0,0.3025,0,0.9912,1,0.9912,1,49.9,416.08,244.56,0,1,2025-10-01 12:00:27,16.4,86.5,,0,0,,1
2025-10-01 12:01:12,331.17,0.303,219.98,0.4554,1.3664,218.58,224.17,217.2,380.82,384.03,378.16,381.02,0.0,1.3664,0.0,0,0.303,0,0.0416,0,0.0416,0,0.3063,0,0.3063,0,0.9907,1,0.9907,1,50,416.08,244.56,0,1,2025-10-01 12:01:12,16.6,87.4,,0,0,,1
2025-10-01 12:01:57,331.18,0.302,219.88,0.4545,1.3636,220.14,223.89,215.61,382.82,381.95,377.74,380.89,0.0,1.3636,0.0,0,0.302,0,0.041,0,0.041,0,0.3053,0,0.3053,0,0.9909,1,0.9909,1,50,416.08,244.56,0,1,2025-10-01 12:01:57,16.8,88.2,,0,0,,1
2025-10-01 12:02:42,331.18,0.3024,220.08,0.4547,1.3643,219.91,224.04,216.29,381.99,383.16,378.37,381.23,0.0,1.3643,0.0,0,0.3024,0,0.041,0,0.041,0,0.3057,0,0.3057,0,0.9909,1,0.9909,1,50,416.09,244.56,0,1,2025-10-01 12:02:42,17.0,89.3,,0,0,,1
2025-10-01 12:03:27,331.18,0.3019,220.13,0.4554,1.3664,220.47,223.26,216.66,382.67,382.82,378.3,381.17,0.0,1.3664,0.0,0,0.3019,0,0.04,0,0.04,0,0.3051,0,0.3051,0,0.9913,1,0.9913,1,50,416.09,244.56,0,1,2025-10-01 12:03:27,17.2,90.3,,0,0,,1
2025-10-01 12:04:12,331.19,0.2999,220.54,0.4532,1.3598,221.74,222.9,217,382.84,383.32,379.78,381.84,0.0,1.3598,0.0,0,0.2999,0,0.0403,0,0.0403,0,0.3031,0,0.3031,0,0.9911,1,0.9912,1,49.9,416.1,244.56,0,1,2025-10-01 12:04:12,17.3,91,,0,0,,1
2025-10-01 12:04:57,331.19,0.2979,221.07,0.4532,1.3596,222.92,221.23,219.07,381.45,384.65,382.51,382.87,0.0,1.3596,0.0,0,0.2979,0,0.0382,0,0.0382,0,0.3008,0,0.3008,0,0.9918,1,0.9918,1,49.9,416.1,244.56,0,1,2025-10-01 12:04:57,17.5,91.5,,0,0,,1
2025-10-01 12:05:42,331.19,0.2998,220.48,0.4531,1.3595,222.28,222.84,216.32,382.8,383.21,379.56,382.01,0.0,1.3595,0.0,0,0.2998,0,0.0399,0,0.0399,0,0.303,0,0.303,0,0.9912,1,0.9912,1,49.9,416.1,244.56,0,1,2025-10-01 12:05:42,17.7,91.7,,0,0,,1
2025-10-01 12:06:27,331.2,0.2984,220.17,0.4527,1.3581,222.06,222.04,216.42,382.43,382.7,378.85,381.15,0.0,1.3581,0.0,0,0.2984,0,0.0391,0,0.0391,0,0.3016,0,0.3016,0,0.9915,1,0.9915,1,49.9,416.11,244.56,0,1,2025-10-01 12:06:27,17.8,92.5,,0,0,,1
2025-10-01 12:07:12,331.2,0.2978,220.06,0.4524,1.3572,221.34,221.54,217.32,380.84,383.02,379.55,381.1,0.0,1.3572,0.0,0,0.2978,0,0.0379,0,0.0379,0,0.3007,0,0.3007,0,0.992,1,0.992,1,50,416.11,244.56,0,1,2025-10-01 12:07:12,18.0,92.6,,0,0,,1
2025-10-01 12:07:57,331.21,0.3017,220.7,0.4532,1.3596,222.09,223.37,216.64,382.95,384.38,379.36,382.28,0.0,1.3596,0.0,0,0.3005,0,0.0399,0,0.0399,0,0.3037,0,0.3037,0,0.9913,1,0.9912,1,50,416.12,244.56,0,1,2025-10-01 12:07:57,18.1,92.5,,0,0,,1
2025-10-01 12:08:42,331.21,0.3017,220.2,0.4533,1.36,221.64,223.36,215.61,382.41,383.5,378.2,381.22,0.0,1.36,0.0,0,0.3006,0,0.0398,0,0.0398,0,0.3038,0,0.3038,0,0.9914,1,0.9913,1,50,416.12,244.56,0,1,2025-10-01 12:08:42,18.2,92.4,,0,0,,1
2025-10-01 12:09:27,331.23,3.5896,218.67,6.7924,20.377299999999998,219.73,221.72,214.56,379.95,381.02,375.2,378.55,6.9694,7.6784,5.7295,1.298,1.3704,0.9213,2.6308,0.8108,1.0069,0.8131,4.4632,1.5314,1.7025,1.2293,0.8065,0.8481,0.8058,0.7497,49.9,416.15,244.58,1,1,2025-10-01 12:09:27,18.3,92.4,,1,0,,0
2025-10-01 12:10:12,331.28,3.6371,218.98,6.8467,20.5403,220.35,222.4,214.2,379.46,382.12,376.13,379.25,7.0255,7.7033,5.8115,1.314,1.3832,0.9398,2.6394,0.8166,1.0074,0.8154,4.5061,1.5481,1.7132,1.2448,0.8093,0.8493,0.8083,0.7553,50,416.2,244.61,1,1,2025-10-01 12:10:12,18.3,90.1,,1,0,,0
2025-10-01 12:10:57,331.32,3.6288,219.21,6.8379,20.5138,218.39,222.73,216.51,378.69,383.17,377.1,379.63,6.9035,7.5951,6.0152,1.2595,1.392,0.9772,2.6445,0.8268,0.9577,0.86,4.5017,1.5077,1.6917,1.3024,0.8081,0.8359,0.8238,0.7506,50,416.26,244.64,1,1,2025-10-01 12:10:57,18.2,88.1,,1,0,,0
2025-10-01 12:11:42,331.37,3.6124,219.58,6.8212,20.4637,217.63,223.61,217.51,380.95,382.86,377.17,380.19,6.8721,7.63,5.9616,1.2505,1.4017,0.9602,2.6582,0.8186,0.9692,0.8704,4.4984,1.4956,1.7061,1.2967,0.8054,0.8366,0.8225,0.7408,50,416.31,244.68,1,1,2025-10-01 12:11:42,18.0,85.5,,1,0,,0
2025-10-01 12:12:27,331.41,3.6152,219.83,6.8205,20.4615,217.98,223.71,217.8,380.92,383.47,377.86,380.39,6.9168,7.6374,5.9073,1.2625,1.3976,0.955,2.6629,0.8223,0.9794,0.8612,4.5029,1.5077,1.7086,1.2866,0.8051,0.8379,0.8189,0.7426,50,416.37,244.71,1,1,2025-10-01 12:12:27,17.9,83.8,,1,0,,0
2025-10-01 12:13:57,331.5,3.6925,220.11,6.9178,20.7534,220.22,223.63,216.48,381.99,383.13,378.56,381.37,7.1393,7.7634,5.8507,1.3317,1.4027,0.9581,2.6805,0.8338,1.0196,0.8271,4.5749,1.5722,1.7361,1.2666,0.8092,0.8475,0.8088,0.7569,50,416.48,244.78,1,1,2025-10-01 12:13:57,17.5,79.9,,1,0,,0
2025-10-01 12:14:42,331.55,3.6743,219.94,6.8939,20.6818,220.21,222.81,216.81,381.67,382.32,378.83,380.75,7.115,7.641,5.9258,1.3133,1.3819,0.9791,2.6742,0.8524,0.9911,0.8308,4.5541,1.5668,1.7025,1.2848,0.8085,0.8388,0.8126,0.7625,49.9,416.54,244.81,1,1,2025-10-01 12:14:42,17.2,78.4,,1,0,,0
2025-10-01 12:15:27,331.6,3.6954,219.96,6.9221,20.7665,220.08,223.59,216.22,381.1,383.16,378.62,380.84,7.0823,7.7342,5.95,1.3153,1.4071,0.973,2.6765,0.8344,1.0017,0.8405,4.5745,1.5587,1.7293,1.2865,0.8098,0.8444,0.8146,0.7567,49.9,416.6,244.84,1,1,2025-10-01 12:15:27,17.0,77.7,,1,0,,0
2025-10-01 12:16:57,331.69,3.6777,219.5,6.8958,20.6876,219.87,223.44,215.21,381.75,382.26,376.53,380.07,7.0763,7.78,5.8313,1.3243,1.4079,0.9455,2.6544,0.8145,1.0161,0.8239,4.5492,1.5559,1.7384,1.255,0.8108,0.8518,0.8108,0.7539,50,416.71,244.91,1,1,2025-10-01 12:16:57,16.6,76.4,,1,0,,0
2025-10-01 12:17:42,331.73,3.711,219.95,6.9351,20.805300000000003,220.05,222.83,216.98,379.6,383.35,379.84,380.88,6.9526,7.6036,6.2491,1.2692,1.4088,1.033,2.6675,0.8525,0.9376,0.8773,4.5802,1.5299,1.6943,1.3559,0.8119,0.8301,0.8324,0.7621,50,416.77,244.94,1,1,2025-10-01 12:17:42,16.5,75.9,,1,0,,0
2025-10-01 12:18:27,331.78,3.6564,219.5,6.8712,20.613599999999998,219.88,223.4,215.24,381.08,382.31,377.14,380.36,7.0518,7.7902,5.7716,1.3212,1.404,0.9311,2.6558,0.8096,1.0249,0.8214,4.5332,1.5505,1.7403,1.2423,0.809,0.8526,0.8077,0.7499,50,416.83,244.98,1,1,2025-10-01 12:18:27,16.4,75.3,,1,0,,0
2025-10-01 12:19:12,331.82,3.6074,219.2,6.8029,20.4089,219.72,221.56,216.32,380.42,381.82,376.7,379.62,6.9909,7.5905,5.8275,1.2881,1.3649,0.9545,2.6375,0.8352,0.9798,0.8225,4.4784,1.536,1.6818,1.2606,0.8072,0.839,0.8123,0.7575,50,416.88,245.01,1,1,2025-10-01 12:19:12,16.2,74.8,,1,0,,0
2025-10-01 12:19:57,331.87,3.6087,219.38,6.8048,20.414499999999997,220.49,221.14,216.52,379.34,381.81,378.69,380.05,6.9247,7.4997,5.9901,1.2654,1.3574,0.986,2.6441,0.8527,0.9499,0.8415,4.4823,1.5268,1.6585,1.297,0.8066,0.8292,0.8193,0.7606,50,416.94,245.04,1,1,2025-10-01 12:19:57,16.1,74.4,,1,0,,0
2025-10-01 12:20:42,331.91,3.5883,218.6,6.7812,20.3438,218.5,222.62,214.7,380.92,380.54,374.44,378.7,7.0766,7.7054,5.5618,1.321,1.3718,0.8956,2.6176,0.8019,1.0269,0.7889,4.4557,1.5462,1.7154,1.1941,0.8078,0.8548,0.8005,0.7503,50,416.99,245.07,1,1,2025-10-01 12:20:42,16.0,74.2,,1,0,,0
2025-10-01 12:21:27,331.96,3.5947,218.84,6.7805,20.3416,218.69,222.59,215.24,380.2,381.28,375.61,379.1,6.913,7.6143,5.8143,1.2762,1.3808,0.9377,2.6167,0.8089,0.9797,0.828,4.4581,1.5118,1.6949,1.2515,0.8084,0.8446,0.8155,0.7496,50,417.05,245.11,1,1,2025-10-01 12:21:27,15.9,73.1,,1,0,,0
2025-10-01 12:22:12,332,3.6212,218.93,6.8182,20.454800000000002,218.53,221.5,216.78,378.06,381.85,377.65,379.17,6.8741,7.5125,6.0682,1.2465,1.3784,0.9964,2.6236,0.8367,0.9291,0.8578,4.4817,1.5022,1.664,1.3155,0.8097,0.8302,0.8292,0.7578,50,417.11,245.14,1,1,2025-10-01 12:22:12,15.8,72.6,,1,0,,0
2025-10-01 12:22:57,332.05,3.5958,218.24,6.7838,20.3515,220.71,221.24,212.79,380.83,379.19,373.95,378.27,7.1531,7.7288,5.4696,1.3576,1.3523,0.8859,2.6017,0.8042,1.0437,0.7539,4.4526,1.5788,1.7099,1.1639,0.8101,0.8603,0.7916,0.7615,50,417.16,245.17,1,1,2025-10-01 12:22:57,15.6,72.5,,1,0,,0
2025-10-01 12:23:42,332.09,3.5924,218.72,6.778,20.3341,220.75,220.98,214.43,379.43,381.23,375.7,378.77,6.973,7.5626,5.7985,1.2949,1.3515,0.946,2.6168,0.8307,0.9801,0.8059,4.4538,1.5393,1.6712,1.2434,0.8082,0.8416,0.8095,0.7612,50,417.22,245.21,1,1,2025-10-01 12:23:42,15.5,73.9,,1,0,,0
2025-10-01 12:24:27,332.14,3.6205,218.65,6.8159,20.447699999999998,220.57,221.11,214.27,379.39,380.57,376.06,378.65,6.9938,7.6054,5.8485,1.3006,1.3646,0.9552,2.618,0.8278,0.9799,0.8103,4.4774,1.5426,1.6816,1.2532,0.8103,0.8436,0.8122,0.7625,50,417.27,245.24,1,1,2025-10-01 12:24:27,15.5,73.5,,1,0,,0
2025-10-01 12:25:12,332.16,0.3042,219.58,0.4602,1.3806,221.78,222.33,214.63,381.98,382.28,376.6,380.23,0.0,1.3806,0.0,0,0.3042,0,0.0375,0,0.0375,0,0.3069,0,0.3069,0,0.9924,1,0.9924,1,50,417.3,245.25,0,1,2025-10-01 12:25:12,15.4,73.3,,0,0,,1
2025-10-01 12:25:57,332.16,0.3029,220.4,0.4574,1.3723,221.65,222.89,216.66,383,383.12,379.05,381.63,0.0,1.3723,0.0,0,0.3029,0,0.0387,0,0.0387,0,0.3059,0,0.3059,0,0.9919,1,0.9919,1,50,417.3,245.25,0,1,2025-10-01 12:25:57,15.4,75.8,,0,0,,1
2025-10-01 12:26:42,332.17,0.3038,220.14,0.4572,1.3716,221.38,223.69,215.37,383.71,382.33,377.85,381.2,0.0,1.3716,0.0,0,0.3038,0,0.0394,0,0.0394,0,0.3068,0,0.3068,0,0.9917,1,0.9917,1,50,417.31,245.25,0,1,2025-10-01 12:26:42,15.5,79.3,,0,0,,1
2025-10-01 12:27:27,332.17,0.3045,220.91,0.4571,1.3714,222.62,224.38,215.73,384.41,384.21,379.18,382.4,0.0,1.3714,0.0,0,0.3045,0,0.0407,0,0.0407,0,0.3077,0,0.3077,0,0.9911,1,0.9911,1,50,417.31,245.25,0,1,2025-10-01 12:27:27,15.7,81.5,,0,0,,1
2025-10-01 12:28:12,332.18,0.3034,221.3,0.4562,1.3688,223.46,224.03,216.41,384.23,384.63,380.93,383.35,0.0,1.3688,0.0,0,0.3034,0,0.0405,0,0.0405,0,0.3067,0,0.3067,0,0.9912,1,0.9912,1,50,417.31,245.25,0,1,2025-10-01 12:28:12,15.9,83.9,,0,0,,1
2025-10-01 12:28:57,332.18,0.3055,221.11,0.4564,1.3694,221.44,225.65,216.24,383.98,385.01,379.85,382.9,0.0,1.3694,0.0,0,0.3055,0,0.0424,0,0.0424,0,0.309,0,0.309,0,0.9905,1,0.9905,1,50,417.32,245.25,0,1,2025-10-01 12:28:57,16.1,85.6,,0,0,,1
2025-10-01 12:29:42,332.18,0.3045,220.95,0.4559,1.3679,221.29,225.12,216.45,382.63,385.4,379.95,382.6,0.0,1.3679,0.0,0,0.3045,0,0.0419,0,0.0419,0,0.3079,0,0.3079,0,0.9906,1,0.9906,1,50,417.32,245.26,0,1,2025-10-01 12:29:42,16.4,87.4,,0,0,,1
2025-10-01 12:30:27,332.19,0.305,221.17,0.4559,1.3678,221.39,225.52,216.62,382.97,385.71,380.46,382.96,0.0,1.3678,0.0,0,0.305,0,0.0422,0,0.0422,0,0.3085,0,0.3085,0,0.9905,1,0.9905,1,50,417.33,245.26,0,1,2025-10-01 12:30:27,16.6,89.2,,0,0,,1
2025-10-01 12:31:12,332.19,0.3041,221.15,0.4557,1.3672,223.53,224.84,215.08,385.31,384.56,379.16,382.76,0.0,1.3672,0.0,0,0.3041,0,0.0411,0,0.0411,0,0.3074,0,0.3074,0,0.991,1,0.991,1,50,417.33,245.26,0,1,2025-10-01 12:31:12,16.9,90.4,,0,0,,1
2025-10-01 12:31:57,332.19,0.3035,221.25,0.4555,1.3667,222.89,224.42,216.45,383.82,385.43,380.28,383.18,0.0,1.3667,0.0,0,0.3035,0,0.0405,0,0.0405,0,0.3067,0,0.3067,0,0.9912,1,0.9912,1,50.1,417.33,245.26,0,1,2025-10-01 12:31:57,17.1,91.4,,0,0,,1
2025-10-01 12:32:42,332.2,0.3025,220.85,0.4544,1.3634,222.69,224.27,215.6,382.81,384.77,379.84,382.42,0.0,1.3634,0.0,0,0.3025,0,0.0408,0,0.0408,0,0.3058,0,0.3058,0,0.991,1,0.991,1,50,417.34,245.26,0,1,2025-10-01 12:32:42,17.3,91.8,,0,0,,1
2025-10-01 12:33:27,332.2,0.3018,220.68,0.454,1.3622,222.22,223.91,215.93,382.24,384.61,379.71,382.39,0.0,1.3622,0.0,0,0.3018,0,0.0403,0,0.0403,0,0.305,0,0.305,0,0.9911,1,0.9911,1,50,417.34,245.26,0,1,2025-10-01 12:33:27,17.5,92.1,,0,0,,1
2025-10-01 12:34:12,332.21,0.3016,220.65,0.4534,1.3603,222.42,224.04,215.51,382.92,384.36,379.14,382.32,0.0,1.3603,0.0,0,0.3016,0,0.0406,0,0.0406,0,0.3048,0,0.3048,0,0.991,1,0.991,1,50,417.34,245.26,0,1,2025-10-01 12:34:12,17.7,92.8,,0,0,,1
2025-10-01 12:34:57,332.21,0.3012,220.48,0.4538,1.3615,221.52,223.47,216.46,381.92,384.47,379.15,381.76,0.0,1.3615,0.0,0,0.3012,0,0.0394,0,0.0394,0,0.3043,0,0.3043,0,0.9915,1,0.9915,1,50,417.35,245.26,0,1,2025-10-01 12:34:57,17.8,93.3,,0,0,,1
2025-10-01 12:35:42,332.21,0.302,220.02,0.4535,1.3607,221.33,224.3,214.44,382.73,382.89,377.57,381.14,0.0,1.3607,0.0,0,0.302,0,0.0402,0,0.0402,0,0.3052,0,0.3052,0,0.9912,1,0.9912,1,50,417.35,245.26,0,1,2025-10-01 12:35:42,18.0,93.7,,0,0,,1
2025-10-01 12:36:27,332.22,0.3013,219.97,0.4527,1.3583,221.09,223.33,215.49,381.66,383.03,378.21,380.86,0.0,1.3583,0.0,0,0.3003,0,0.0393,0,0.0393,0,0.3033,0,0.3033,0,0.9915,1,0.9915,1,50,417.36,245.26,0,1,2025-10-01 12:36:27,18.1,93.9,,0,0,,1
2025-10-01 12:37:12,332.22,0.3015,219.96,0.4532,1.3596,221.01,224.03,214.85,380.99,384.02,377.78,380.91,0.0,1.3596,0.0,0,0.3015,0,0.0399,0,0.0399,0,0.3046,0,0.3046,0,0.9913,1,0.9913,1,50,417.36,245.26,0,1,2025-10-01 12:37:12,18.2,93.9,,0,0,,1
2025-10-01 12:37:57,332.26,3.6554,218.69,6.8707,20.612299999999998,220.31,223.84,211.93,380.97,381,374.28,378.88,7.0184,7.9147,5.6792,1.3406,1.4208,0.894,2.6283,0.7683,1.055,0.805,4.5214,1.5462,1.7716,1.2036,0.8119,0.8676,0.8028,0.7431,50,417.4,245.28,1,1,2025-10-01 12:37:57,18.3,93.9,,1,0,,0
2025-10-01 12:38:42,332.3,3.671,219.69,6.8854,20.6564,220.43,224.48,214.18,380.22,383.99,377.16,380.45,6.9211,7.7921,5.9432,1.2991,1.4257,0.9462,2.6587,0.798,1.01,0.8507,4.5477,1.5256,1.7492,1.2729,0.8099,0.852,0.8159,0.7436,50,417.46,245.32,1,1,2025-10-01 12:38:42,18.2,91.6,,1,0,,0
2025-10-01 12:39:27,332.35,3.7115,219.67,6.9369,20.8108,221.36,223.37,214.28,380.87,383.28,377.11,380.43,7.0272,7.8916,5.892,1.3328,1.4303,0.9484,2.6587,0.7999,1.0267,0.8322,4.5808,1.5555,1.7627,1.2625,0.8129,0.8574,0.8123,0.7516,50,417.52,245.35,1,1,2025-10-01 12:39:27,18.1,88.7,,1,0,,0
2025-10-01 12:40:12,332.39,3.7302,219.56,6.9607,20.8823,220.95,224.15,213.6,381.67,383.14,375.95,380.36,7.0723,7.9708,5.8392,1.3501,1.4462,0.9339,2.6562,0.7848,1.0457,0.8257,4.5965,1.5626,1.7867,1.2473,0.8145,0.8645,0.8103,0.7491,50,417.57,245.38,1,1,2025-10-01 12:40:12,17.9,87.3,,1,0,,0
2025-10-01 12:40:57,332.44,3.6865,219.71,6.9084,20.7254,221.07,223.46,214.61,380.5,383.09,377.9,380.3,6.9844,7.796,5.945,1.3121,1.4171,0.9573,2.6645,0.8121,1.0099,0.8425,4.562,1.544,1.7421,1.2759,0.8104,0.8503,0.8143,0.7506,50,417.63,245.42,1,1,2025-10-01 12:40:57,17.8,85.8,,1,0,,0
2025-10-01 12:41:42,332.49,3.7214,219,6.9524,20.8573,220.59,223.5,212.91,381.55,381.23,375.1,379.26,7.146,7.9509,5.7604,1.3645,1.4311,0.9258,2.6408,0.7873,1.0501,0.8034,4.5798,1.5763,1.777,1.2264,0.8155,0.8661,0.8062,0.7552,50,417.69,245.45,1,1,2025-10-01 12:41:42,17.6,84.3,,1,0,,0
2025-10-01 12:42:27,332.53,3.7859,219.4,7.0349,21.1049,220.82,223.95,213.45,380.13,383.07,376.65,380.08,7.1185,7.9885,5.9979,1.3555,1.4613,0.969,2.6578,0.7938,1.0284,0.8356,4.6412,1.5719,1.789,1.2803,0.8184,0.8629,0.8177,0.7573,50,417.74,245.48,1,1,2025-10-01 12:42:27,17.4,82.6,,1,0,,0
2025-10-01 12:43:12,332.58,3.7277,219.37,6.9566,20.869799999999998,220.84,222.88,214.41,378.28,383.54,377.79,379.79,6.9298,7.7275,6.2125,1.2885,1.4274,1.0118,2.6495,0.8238,0.9604,0.8653,4.5847,1.5304,1.7223,1.332,0.815,0.8425,0.8296,0.7599,50,417.8,245.52,1,1,2025-10-01 12:43:12,17.3,81.1,,1,0,,0
2025-10-01 12:43:57,332.63,3.6926,219.61,6.9072,20.721799999999998,221.3,223.59,213.96,380.46,383.14,377.35,380.28,7.0219,7.8523,5.8476,1.3317,1.4215,0.9393,2.6512,0.7988,1.027,0.8254,4.5608,1.5539,1.7557,1.2512,0.8123,0.8575,0.8105,0.7511,50,417.86,245.55,1,1,2025-10-01 12:43:57,17.1,79.7,,1,0,,0
2025-10-01 12:44:42,332.67,3.697,218.92,6.9192,20.7578,217.9,224.74,214.14,378.95,382.96,375.53,379.09,6.863,7.886,6.0088,1.2825,1.4644,0.95,2.629,0.7672,0.9948,0.867,4.5545,1.4954,1.7723,1.2867,0.8149,0.8581,0.8271,0.7386,50,417.92,245.58,1,1,2025-10-01 12:44:42,16.9,79.2,,1,0,,0
2025-10-01 12:45:27,332.72,3.6862,218.37,6.9045,20.7137,218.57,224.13,212.42,378.11,381.33,375.05,378.11,6.9224,7.9258,5.8655,1.3094,1.4531,0.9237,2.6093,0.756,1.0182,0.8351,4.5354,1.513,1.7764,1.2459,0.8162,0.866,0.8189,0.7417,50,417.97,245.61,1,1,2025-10-01 12:45:27,16.7,77.8,,1,0,,0
2025-10-01 12:46:12,332.76,3.6946,219.46,6.9149,20.7447,220.2,224.47,213.73,380.94,382.93,376.38,380.24,7.0076,7.9214,5.8157,1.3299,1.4402,0.9245,2.6502,0.7807,1.0395,0.8299,4.5642,1.5431,1.7781,1.243,0.8125,0.8623,0.8108,0.7441,50,418.03,245.65,1,1,2025-10-01 12:46:12,16.5,78.6,,1,0,,0
2025-10-01 12:46:57,332.81,3.6675,220.18,6.881,20.6431,221.3,223.96,215.3,381.38,384.48,378.1,381.24,6.9553,7.7987,5.8891,1.307,1.4159,0.9446,2.6752,0.8111,1.0193,0.8448,4.5537,1.5392,1.7466,1.2679,0.8079,0.8496,0.8115,0.7453,50,418.09,245.68,1,1,2025-10-01 12:46:57,16.4,77.9,,1,0,,0
2025-10-01 12:47:42,332.86,3.6684,220.67,6.8777,20.633200000000002,221.9,222.94,217.18,380.7,384.95,380.81,382.26,6.9284,7.6233,6.0815,1.2784,1.3928,0.9972,2.6881,0.8523,0.9707,0.8652,4.5577,1.5374,1.6995,1.3208,0.8066,0.832,0.8204,0.7553,50,418.14,245.72,1,1,2025-10-01 12:47:42,16.3,77.4,,1,0,,0
2025-10-01 12:48:27,332.9,3.6199,219.94,6.8202,20.4606,221.93,222.96,214.94,382.32,382.86,377.57,381,7.1361,7.7738,5.5507,1.3532,1.3695,0.8972,2.6662,0.8213,1.0595,0.7855,4.51,1.5837,1.7332,1.1931,0.8051,0.8548,0.7909,0.7523,50,418.2,245.75,1,1,2025-10-01 12:48:27,16.2,77.5,,1,0,,0
2025-10-01 12:49:12,332.95,3.6305,220.54,6.8347,20.5043,222,223.11,216.52,382.39,384.31,379.16,381.97,6.8705,7.6712,5.9626,1.2758,1.392,0.9627,2.6862,0.8342,0.9926,0.8595,4.5278,1.5253,1.7115,1.291,0.8038,0.8369,0.8141,0.7459,50,418.26,245.78,1,1,2025-10-01 12:49:12,16.1,76.5,,1,0,,0
2025-10-01 12:49:57,332.99,3.6367,220.47,6.8402,20.520699999999998,222.56,223.63,215.24,382.06,384.27,379.12,381.67,6.9556,7.7266,5.8385,1.3079,1.3905,0.9382,2.684,0.8262,1.0226,0.8352,4.5326,1.548,1.7279,1.2567,0.8045,0.8454,0.8056,0.7469,50,418.31,245.82,1,1,2025-10-01 12:49:57,16.1,77.5,,1,0,,0
2025-10-01 12:50:42,333.04,3.7062,220.19,6.9295,20.7885,222.48,223.51,214.58,382.69,383.09,378.23,381.48,7.1373,7.8728,5.7784,1.3592,1.4099,0.9371,2.6797,0.819,1.0498,0.811,4.5875,1.5879,1.7596,1.2399,0.8103,0.8565,0.802,0.7561,50,418.37,245.85,1,1,2025-10-01 12:50:42,16.1,76.5,,1,0,,0
2025-10-01 12:51:27,333.08,3.6838,220.51,6.9003,20.701,222.51,223.6,215.44,381.68,384.78,379.16,381.98,6.9198,7.7754,6.0058,1.2995,1.4159,0.9684,2.6868,0.8239,1.0056,0.8572,4.5722,1.5397,1.7386,1.2939,0.8079,0.8445,0.8153,0.7487,50,418.43,245.88,1,1,2025-10-01 12:51:27,16.0,75.4,,1,0,,0
2025-10-01 12:52:12,333.13,3.6751,220.58,6.8863,20.659,222.62,223.96,215.16,382.31,384.62,379.04,381.83,6.9619,7.7912,5.9059,1.3137,1.4113,0.9501,2.6863,0.8204,1.0229,0.843,4.5655,1.5499,1.7449,1.2707,0.8073,0.8482,0.8096,0.748,50,418.49,245.92,1,1,2025-10-01 12:52:12,16.0,76.1,,1,0,,0
2025-10-01 12:52:57,333.18,3.6551,220.11,6.8658,20.5976,221.04,224.31,214.98,381.34,384.32,377.89,381.13,6.864,7.7883,5.9453,1.2865,1.4234,0.9452,2.6714,0.8024,1.0095,0.8595,4.5423,1.5172,1.747,1.2781,0.8073,0.8484,0.8156,0.7398,50,418.54,245.95,1,1,2025-10-01 12:52:57,15.8,74.8,,1,0,,0
2025-10-01 12:53:42,333.22,3.6594,219.5,6.8724,20.6172,219.75,224.78,213.98,380.82,383.63,375.99,380.25,6.916,7.875,5.8262,1.3046,1.4365,0.9182,2.6512,0.7776,1.0311,0.8425,4.5366,1.5198,1.7701,1.2467,0.8097,0.8589,0.8124,0.7368,50,418.6,245.98,1,1,2025-10-01 12:53:42,15.7,73.8,,1,0,,0
2025-10-01 12:54:27,333.26,0.3097,220.51,0.4626,1.3878,220.84,225.42,215.29,382.01,384.88,378.8,381.79,0.0,1.3878,0.0,0,0.3097,0,0.0403,0,0.0403,0,0.3128,0,0.3128,0,0.9916,1,0.9916,1,50,418.64,246.01,0,1,2025-10-01 12:54:27,15.6,72.7,,0,0,,1
2025-10-01 12:55:12,333.26,0.3076,221.3,0.459,1.377,221.57,225.69,216.65,382.49,386.69,380.56,383.15,0.0,1.377,0.0,0,0.3076,0,0.0408,0,0.0408,0,0.3108,0,0.3108,0,0.9913,1,0.9913,1,50,418.65,246.01,0,1,2025-10-01 12:55:12,15.5,73.6,,0,0,,1
2025-10-01 12:55:57,333.27,0.3075,221.11,0.4589,1.3768,222.07,225.65,215.62,382.62,385.55,380.56,382.71,0.0,1.3768,0.0,0,0.3075,0,0.041,0,0.041,0,0.3107,0,0.3107,0,0.9912,1,0.9912,1,50,418.65,246.01,0,1,2025-10-01 12:55:57,15.5,76.9,,0,0,,1
2025-10-01 12:56:42,333.27,0.3039,221.47,0.457,1.3711,224.26,223.81,216.36,384.25,385.29,381.12,383.56,0.0,1.3711,0.0,0,0.3039,0,0.039,0,0.039,0,0.3069,0,0.3069,0,0.9918,1,0.9918,1,50.1,418.66,246.01,0,1,2025-10-01 12:56:42,15.6,81.6,,0,0,,1
2025-10-01 12:57:27,333.27,0.3057,221.92,0.4571,1.3715,224.71,225.2,215.86,384.75,386.53,381.63,384.28,0.0,1.3715,0.0,0,0.3057,0,0.0408,0,0.0408,0,0.3089,0,0.3089,0,0.9912,1,0.9912,1,50.1,418.66,246.01,0,1,2025-10-01 12:57:27,15.9,84.9,,0,0,,1
2025-10-01 12:58:12,333.28,0.3033,222.11,0.4555,1.3666,225.2,224.14,217,385.77,386.12,382.1,384.73,0.0,1.3666,0.0,0,0.3033,0,0.0394,0,0.0394,0,0.3063,0,0.3063,0,0.9916,1,0.9916,1,50.1,418.66,246.01,0,1,2025-10-01 12:58:12,16.1,86.6,,0,0,,1
2025-10-01 12:58:57,333.28,0.3056,222.99,0.4563,1.3689,226.02,224.75,218.2,385.75,387.94,384.79,386.12,0.0,1.3689,0.0,0,0.3046,0,0.0398,0,0.0398,0,0.3077,0,0.3077,0,0.9916,1,0.9915,1,50.1,418.67,246.01,0,1,2025-10-01 12:58:57,16.3,87.9,,0,0,,1
2025-10-01 12:59:42,333.29,0.3055,222.8,0.4562,1.3687,226.23,224.72,217.45,387.09,386.91,383.55,385.83,0.0,1.3687,0.0,0,0.3045,0,0.0399,0,0.0399,0,0.3076,0,0.3076,0,0.9915,1,0.9915,1,50.1,418.67,246.01,0,1,2025-10-01 12:59:42,16.5,88.8,,0,0,,1
2025-10-01 13:00:27,333.29,0.307,223.82,0.4572,1.3717,227.19,226.13,218.16,388.66,389.36,384.83,387.56,0.0,1.3717,0.0,0,0.307,0,0.0409,0,0.0409,0,0.3102,0,0.3102,0,0.9912,1,0.9912,1,50.1,418.67,246.01,0,1,2025-10-01 13:00:27,16.7,90,,0,0,,1
2025-10-01 13:01:12,333.29,0.3071,224.91,0.4572,1.3716,228.1,226.35,220.29,389.66,391.22,387.61,389.59,0.0,1.3716,0.0,0,0.3071,0,0.0414,0,0.0414,0,0.3105,0,0.3105,0,0.991,1,0.991,1,50.1,418.68,246.01,0,1,2025-10-01 13:01:12,16.9,90.6,,0,0,,1
2025-10-01 13:01:57,333.3,0.3071,224.73,0.4572,1.3718,228.14,226.32,219.75,389.61,390.78,387.19,389.09,0.0,1.3718,0.0,0,0.3071,0,0.0417,0,0.0417,0,0.3105,0,0.3105,0,0.9909,1,0.9909,1,50.1,418.68,246.01,0,1,2025-10-01 13:01:57,17.1,91.4,,0,0,,1
2025-10-01 13:02:42,333.3,0.306,225.02,0.4562,1.3688,228.65,225.94,220.49,390.25,390.79,388.07,389.62,0.0,1.3688,0.0,0,0.306,0,0.0409,0,0.0409,0,0.3093,0,0.3093,0,0.9911,1,0.9911,1,50.1,418.69,246.01,0,1,2025-10-01 13:02:42,17.3,92.1,,0,0,,1
2025-10-01 13:03:27,333.3,0.3085,224.67,0.4569,1.3707,227.05,227.68,219.29,389.69,390.71,386.87,389.1,0.0,1.3707,0.0,0,0.3085,0,0.0432,0,0.0432,0,0.3121,0,0.3121,0,0.9903,1,0.9903,1,50.1,418.69,246.01,0,1,2025-10-01 13:03:27,17.5,92.6,,0,0,,1
2025-10-01 13:04:12,333.31,0.3079,224.13,0.4568,1.3704,225.96,227.26,219.19,387.79,390.42,386.25,388.16,0.0,1.3704,0.0,0,0.3079,0,0.0431,0,0.0431,0,0.3114,0,0.3114,0,0.9903,1,0.9903,1,50.1,418.69,246.01,0,1,2025-10-01 13:04:12,17.6,92.7,,0,0,,1
2025-10-01 13:04:57,333.31,0.308,224.22,0.4568,1.3705,226.33,227.36,218.98,388.74,390.38,385.81,388.33,0.0,1.3705,0.0,0,0.308,0,0.0431,0,0.0431,0,0.3116,0,0.3116,0,0.9903,1,0.9903,1,50.1,418.7,246.02,0,1,2025-10-01 13:04:57,17.7,92.9,,0,0,,1
2025-10-01 13:05:42,333.32,0.3063,224.73,0.4556,1.367,228.33,226.59,219.28,390.35,390.12,387.12,389.17,0.0,1.367,0.0,0,0.3063,0,0.0424,0,0.0424,0,0.3097,0,0.3097,0,0.9905,1,0.9905,1,50.1,418.7,246.02,0,1,2025-10-01 13:05:42,17.8,93.3,,0,0,,1
2025-10-01 13:06:27,333.32,0.3052,224.05,0.4552,1.3656,228.08,225.97,218.12,389.03,388.89,386.12,388.03,0.0,1.3656,0.0,0,0.3052,0,0.0416,0,0.0416,0,0.3086,0,0.3086,0,0.9908,1,0.9908,1,50,418.71,246.02,0,1,2025-10-01 13:06:27,18.0,93.9,,0,0,,1
2025-10-01 13:07:12,333.32,0.3064,224,0.4555,1.3666,226.41,226.81,218.78,389.88,388.75,385.24,387.95,0.0,1.3666,0.0,0,0.3064,0,0.0429,0,0.0429,0,0.31,0,0.31,0,0.9903,1,0.9903,1,50,418.71,246.02,0,1,2025-10-01 13:07:12,18.2,94,,0,0,,1
2025-10-01 13:07:57,333.33,0.3051,224.37,0.4545,1.3635,225.9,226.34,220.87,387.79,390.09,387.84,388.51,0.0,1.3635,0.0,0,0.3051,0,0.0428,0,0.0428,0,0.3086,0,0.3086,0,0.9903,1,0.9903,1,50,418.71,246.02,0,1,2025-10-01 13:07:57,18.3,93.9,,0,0,,1
2025-10-01 13:08:42,333.37,3.7181,222.99,6.9691,20.9073,223.48,225.9,219.6,385.95,388.88,383.78,386.22,7.0728,7.8524,5.9821,1.3227,1.4254,0.97,2.8001,0.8632,1.0522,0.8848,4.6682,1.5806,1.7739,1.3137,0.7988,0.8374,0.8045,0.7388,50,418.77,246.05,1,1,2025-10-01 13:08:42,18.3,93.2,,1,0,,0
2025-10-01 13:09:27,333.42,3.7405,222.61,6.9892,20.967599999999997,223.4,225.5,218.94,386.36,387.38,382.92,385.57,7.1418,7.8904,5.9354,1.3442,1.4279,0.9684,2.7817,0.8576,1.0584,0.8657,4.6743,1.5955,1.7793,1.2995,0.8024,0.843,0.8033,0.7455,50,418.83,246.09,1,1,2025-10-01 13:09:27,18.2,90.4,,1,0,,0
2025-10-01 13:10:12,333.46,3.723,222.24,6.9623,20.8871,223.72,224.33,218.67,384.6,386.8,383.27,384.89,7.0813,7.7463,6.0595,1.3196,1.4062,0.9972,2.7643,0.8747,1.018,0.8716,4.647,1.5842,1.7377,1.325,0.8028,0.8335,0.81,0.7529,50,418.89,246.12,1,1,2025-10-01 13:10:12,18.1,86.9,,1,0,,0
2025-10-01 13:10:57,333.51,3.7512,221.96,6.996,20.988100000000003,223.48,223.8,218.6,383.11,387.08,382.98,384.47,7.1201,7.7422,6.1258,1.3243,1.4095,1.0174,2.7542,0.8802,1.0046,0.8695,4.663,1.5912,1.7327,1.3391,0.806,0.8328,0.8143,0.7602,49.9,418.94,246.15,1,1,2025-10-01 13:10:57,17.8,84.5,,1,0,,0
2025-10-01 13:11:42,333.56,3.766,221.74,7.0147,21.0441,222.77,226.15,216.3,385.35,387.01,379.72,384.02,7.151,7.9511,5.942,1.3581,1.448,0.9599,2.7471,0.8305,1.0629,0.8537,4.6764,1.593,1.7981,1.2853,0.8079,0.8531,0.8067,0.7464,50,419,246.19,1,1,2025-10-01 13:11:42,17.6,82.7,,1,0,,0
2025-10-01 13:12:27,333.6,3.7502,221.98,6.9822,20.9468,222.62,226.35,216.99,385.19,387.17,381,384.58,7.0652,7.8893,5.9923,1.3351,1.4468,0.9683,2.7521,0.8343,1.0474,0.8703,4.6589,1.5729,1.7857,1.3003,0.8062,0.8481,0.8099,0.7429,50,419.06,246.22,1,1,2025-10-01 13:12:27,17.4,82.2,,1,0,,0
2025-10-01 13:13:12,333.65,3.7047,222.36,6.9343,20.803,223.6,226.56,216.94,386.01,387.25,382.06,384.96,7.1064,7.8387,5.8579,1.345,1.4188,0.9409,2.7674,0.8439,1.0702,0.8533,4.6357,1.589,1.7759,1.2708,0.8011,0.8463,0.7981,0.742,50,419.12,246.26,1,1,2025-10-01 13:13:12,17.3,81.1,,1,0,,0
2025-10-01 13:13:57,333.7,3.744,222.11,6.9826,20.9478,223.62,225.64,217.09,385.87,386.5,381.69,384.68,7.1889,7.9207,5.8382,1.3676,1.4277,0.9486,2.7546,0.8416,1.0727,0.8403,4.6622,1.6076,1.7872,1.2674,0.8054,0.8518,0.7998,0.7493,50,419.18,246.29,1,1,2025-10-01 13:13:57,17.1,79.5,,1,0,,0
2025-10-01 13:14:42,333.74,3.7735,222.72,7.0178,21.053600000000003,225.15,225.93,217.08,387.29,387.63,382.24,385.61,7.174,7.9747,5.9049,1.3749,1.4397,0.959,2.775,0.8456,1.08,0.8495,4.6988,1.6152,1.8017,1.2818,0.8056,0.8518,0.7999,0.7485,50,419.23,246.33,1,1,2025-10-01 13:14:42,17.0,78.3,,1,0,,0
2025-10-01 13:15:27,333.79,3.7677,222.44,7.0084,21.0252,224.93,225.22,217.18,386.32,387.17,382.21,385.22,7.2893,7.9406,5.7953,1.397,1.4188,0.9519,2.7638,0.8561,1.0855,0.8221,4.6866,1.6396,1.7884,1.2586,0.8063,0.8526,0.7941,0.7568,50.1,419.29,246.36,1,1,2025-10-01 13:15:27,16.8,77.3,,1,0,,0
2025-10-01 13:16:12,333.84,3.7399,223.81,6.9743,20.923000000000002,226.08,225.12,220.25,388,389.46,385.41,387.51,7.2045,7.7862,5.9323,1.3572,1.3966,0.9861,2.8106,0.8985,1.056,0.8561,4.6882,1.6288,1.7528,1.3066,0.7994,0.8338,0.7976,0.7551,50.1,419.35,246.4,1,1,2025-10-01 13:16:12,16.7,76.1,,1,0,,0
2025-10-01 13:16:57,333.89,3.7558,223.86,6.9884,20.9653,226.15,225.23,220.22,388.92,389.5,384.71,387.59,7.233,7.817,5.9153,1.368,1.4025,0.9852,2.8075,0.8949,1.0614,0.8512,4.699,1.6357,1.7606,1.3027,0.8009,0.8368,0.7973,0.7567,50.1,419.41,246.43,1,1,2025-10-01 13:16:57,16.5,74.7,,1,0,,0
2025-10-01 13:17:42,333.93,3.7151,222.97,6.9325,20.7976,225.35,224.09,219.48,386.45,388.23,383.77,386.32,7.1689,7.7645,5.8642,1.352,1.389,0.9741,2.7675,0.8824,1.0449,0.8402,4.6425,1.6155,1.7399,1.2871,0.8019,0.8374,0.7991,0.7572,50.1,419.47,246.47,1,1,2025-10-01 13:17:42,16.4,76.4,,1,0,,0
2025-10-01 13:18:27,333.98,3.7882,222.75,7.0231,21.069499999999998,225.66,223.67,218.93,387.07,386.9,383.37,385.82,7.323,7.8633,5.8832,1.394,1.4045,0.9898,2.7643,0.8856,1.0556,0.8231,4.6993,1.6525,1.7588,1.288,0.8077,0.844,0.7993,0.7688,50.1,419.53,246.5,1,1,2025-10-01 13:18:27,16.3,75.9,,1,0,,0
2025-10-01 13:19:12,334.03,3.7013,222.81,6.9118,20.7354,225.74,224.61,218.09,387.61,387.37,382.67,385.58,7.1467,7.8088,5.7799,1.361,1.3918,0.9485,2.7577,0.8645,1.0641,0.8292,4.6278,1.6133,1.7539,1.2605,0.8018,0.8441,0.7944,0.7528,50.1,419.59,246.54,1,1,2025-10-01 13:19:12,16.2,75.3,,1,0,,0
2025-10-01 13:19:57,334.07,3.7028,222.53,6.9106,20.7318,224.27,224.32,219.01,384.78,387.62,383.77,385.41,6.9851,7.6785,6.0682,1.3005,1.4016,1.0007,2.7431,0.8716,0.9979,0.8736,4.618,1.5665,1.7224,1.329,0.8035,0.8306,0.8146,0.7533,50.2,419.64,246.57,1,1,2025-10-01 13:19:57,16.1,74.5,,1,0,,0
2025-10-01 13:20:42,334.12,3.7518,221.26,6.9767,20.9303,221.79,225.44,216.55,385.04,385.42,379.19,383.13,7.0802,7.8877,5.9624,1.3375,1.446,0.9683,2.705,0.8207,1.0314,0.8529,4.6397,1.5703,1.7782,1.2912,0.8111,0.8523,0.8141,0.7504,50.1,419.7,246.6,1,1,2025-10-01 13:20:42,16.0,73.8,,1,0,,0
2025-10-01 13:21:27,334.17,3.701,221.39,6.9141,20.7425,220.67,225.68,217.83,382.81,386.44,381.04,383.39,6.9349,7.8068,6.0008,1.2914,1.4423,0.9674,2.7053,0.819,1.0084,0.8779,4.5993,1.5303,1.7618,1.3072,0.8073,0.8444,0.8195,0.7405,50.1,419.76,246.64,1,1,2025-10-01 13:21:27,15.9,72.5,,1,0,,0
2025-10-01 13:22:12,334.21,3.7497,221.12,6.9721,20.9163,220.81,225.29,217.28,383.9,385.27,379.79,383.02,7.0355,7.9101,5.9707,1.324,1.4571,0.9686,2.6944,0.8105,1.0221,0.8618,4.6329,1.5535,1.7821,1.2973,0.812,0.8528,0.8186,0.7471,50.1,419.82,246.67,1,1,2025-10-01 13:22:12,15.7,72.5,,1,0,,0
2025-10-01 13:22:57,334.26,3.7283,220.65,6.9427,20.8281,219.74,224.94,217.29,382.34,385.54,378.62,382.25,6.9251,7.822,6.081,1.2881,1.4553,0.9849,2.6735,0.8082,0.9853,0.88,4.6025,1.5217,1.7595,1.3213,0.8126,0.847,0.828,0.7457,50.2,419.87,246.71,1,1,2025-10-01 13:22:57,15.6,72,,1,0,,0
2025-10-01 13:23:42,334.29,0.3089,221.54,0.4629,1.3888,222.22,224.35,218.07,383.9,385.46,381.75,383.67,0.0,1.3888,0.0,0,0.3089,0,0.0373,0,0.0373,0,0.3116,0,0.3116,0,0.9927,1,0.9927,1,50.2,419.91,246.73,0,1,2025-10-01 13:23:42,15.5,71.8,,0,0,,1
2025-10-01 13:24:27,334.29,0.3056,221.69,0.459,1.3772,223.11,223.87,218.09,384.76,385.68,381.42,384.02,0.0,1.3772,0.0,0,0.3056,0,0.0376,0,0.0376,0,0.3083,0,0.3083,0,0.9925,1,0.9925,1,50.2,419.92,246.73,0,1,2025-10-01 13:24:27,15.4,73,,0,0,,1
2025-10-01 13:25:12,334.3,0.3057,221.83,0.458,1.3742,223,224.52,217.98,385.88,385.04,381.72,384.34,0.0,1.3742,0.0,0,0.3057,0,0.0385,0,0.0385,0,0.3085,0,0.3085,0,0.9921,1,0.9921,1,50.2,419.92,246.73,0,1,2025-10-01 13:25:12,15.5,77.5,,0,0,,1
2025-10-01 13:25:57,334.3,0.3051,222.07,0.4574,1.3724,223.22,224.37,218.62,385.97,385.36,382.55,384.74,0.0,1.3724,0.0,0,0.3051,0,0.0385,0,0.0385,0,0.3079,0,0.3079,0,0.9921,1,0.9921,1,50.2,419.92,246.73,0,1,2025-10-01 13:25:57,15.7,80.9,,0,0,,1
2025-10-01 13:26:42,334.3,0.3036,221.95,0.4565,1.3696,224.07,223.72,218.07,386.4,385.37,381.48,384.25,0.0,1.3696,0.0,0,0.3036,0,0.0383,0,0.0383,0,0.3064,0,0.3064,0,0.9921,1,0.9921,1,50.1,419.93,246.73,0,1,2025-10-01 13:26:42,15.9,83.3,,0,0,,1
2025-10-01 13:27:27,334.31,0.304,221.75,0.4567,1.3702,223.62,223.98,217.66,385.53,385.32,381.35,384.2,0.0,1.3702,0.0,0,0.304,0,0.0384,0,0.0384,0,0.3069,0,0.3069,0,0.9921,1,0.9921,1,50.1,419.93,246.73,0,1,2025-10-01 13:27:27,16.1,84.6,,0,0,,1
2025-10-01 13:28:12,334.31,0.305,221.8,0.4561,1.3683,223.16,224.26,217.99,386.25,385.31,380.93,384.26,0.0,1.3683,0.0,0,0.3039,0,0.0388,0,0.0388,0,0.3069,0,0.3069,0,0.992,1,0.9919,1,50.1,419.93,246.73,0,1,2025-10-01 13:28:12,16.2,86.2,,0,0,,1
2025-10-01 13:28:57,334.32,0.3044,222.19,0.4563,1.3691,223.59,224.56,218.42,385.09,386.68,382.67,384.89,0.0,1.3691,0.0,0,0.3044,0,0.0395,0,0.0395,0,0.3074,0,0.3074,0,0.9916,1,0.9916,1,50.1,419.94,246.73,0,1,2025-10-01 13:28:57,16.4,88.1,,0,0,,1
2025-10-01 13:29:42,334.32,0.3072,221.91,0.4569,1.3709,221.45,226.53,217.76,385.38,386.96,380.71,384.36,0.0,1.3709,0.0,0,0.3072,0,0.0415,0,0.0415,0,0.3106,0,0.3106,0,0.9909,1,0.9909,1,50.1,419.94,246.73,0,1,2025-10-01 13:29:42,16.7,89.9,,0,0,,1
2025-10-01 13:30:27,334.32,0.3065,222.57,0.4569,1.3709,222.46,226,219.26,386.21,387.47,382.8,385.39,0.0,1.3709,0.0,0,0.3065,0,0.0414,0,0.0414,0,0.3098,0,0.3098,0,0.9909,1,0.9909,1,50.1,419.95,246.73,0,1,2025-10-01 13:30:27,16.8,90.5,,0,0,,1
2025-10-01 13:31:12,334.33,0.3067,222.4,0.4569,1.3707,222.9,226.18,218.13,386.15,386.9,382.53,385.03,0.0,1.3707,0.0,0,0.3067,0,0.0416,0,0.0416,0,0.31,0,0.31,0,0.9909,1,0.9909,1,50.1,419.95,246.73,0,1,2025-10-01 13:31:12,17.0,90.9,,0,0,,1
2025-10-01 13:31:57,334.33,0.3033,221.84,0.4552,1.3657,223.76,224.35,217.42,386.16,385.35,381.15,384.2,0.0,1.3657,0.0,0,0.3033,0,0.0397,0,0.0397,0,0.3064,0,0.3064,0,0.9915,1,0.9915,1,50.1,419.95,246.73,0,1,2025-10-01 13:31:57,17.2,91.3,,0,0,,1
2025-10-01 13:32:42,334.33,0.3029,221.65,0.4549,1.3649,223.52,224.18,217.27,384.73,385.02,381.92,383.95,0.0,1.3649,0.0,0,0.3029,0,0.0399,0,0.0399,0,0.306,0,0.306,0,0.9914,1,0.9914,1,50,419.96,246.73,0,1,2025-10-01 13:32:42,17.3,91.7,,0,0,,1
2025-10-01 13:33:27,334.34,0.3024,221.75,0.4546,1.364,223.08,223.99,218.2,384.96,385.26,382.01,383.83,0.0,1.364,0.0,0,0.3024,0,0.0399,0,0.0399,0,0.3055,0,0.3055,0,0.9913,1,0.9913,1,50,419.96,246.73,0,1,2025-10-01 13:33:27,17.4,91.9,,0,0,,1
2025-10-01 13:34:12,334.34,0.3019,221,0.454,1.3621,222.3,223.9,216.81,384.38,383.89,380.05,383.04,0.0,1.3621,0.0,0,0.3019,0,0.04,0,0.04,0,0.305,0,0.305,0,0.9913,1,0.9913,1,50,419.97,246.73,0,1,2025-10-01 13:34:12,17.5,92.5,,0,0,,1
2025-10-01 13:34:57,334.35,0.3004,221.17,0.453,1.3592,222.12,223.25,218.14,383.44,384.34,381.4,383.19,0.0,1.3592,0.0,0,0.3004,0,0.0396,0,0.0396,0,0.3034,0,0.3034,0,0.9914,1,0.9914,1,50,419.97,246.73,0,1,2025-10-01 13:34:57,17.7,92.8,,0,0,,1
2025-10-01 13:35:42,334.35,0.3014,221.32,0.4537,1.3613,222.81,223.62,217.53,384.38,384.78,380.78,383.29,0.0,1.3613,0.0,0,0.3014,0,0.0393,0,0.0393,0,0.3044,0,0.3044,0,0.9916,1,0.9916,1,50,419.97,246.73,0,1,2025-10-01 13:35:42,17.8,93.2,,0,0,,1
2025-10-01 13:36:27,334.35,0.3002,221.06,0.4531,1.3594,222.86,222.99,217.34,384.16,383.91,380.55,382.83,0.0,1.3594,0.0,0,0.3002,0,0.0389,0,0.0389,0,0.3031,0,0.3031,0,0.9917,1,0.9917,1,50,419.98,246.73,0,1,2025-10-01 13:36:27,17.9,93.4,,0,0,,1
2025-10-01 13:37:12,334.36,0.2997,220.83,0.4526,1.358,222.12,222.92,217.47,383.18,383.96,380.3,382.35,0.0,1.358,0.0,0,0.2997,0,0.0391,0,0.0391,0,0.3027,0,0.3027,0,0.9916,1,0.9916,1,50,419.98,246.73,0,1,2025-10-01 13:37:12,18.0,93.7,,0,0,,1
2025-10-01 13:37:57,334.36,0.2995,220.36,0.453,1.359,220.69,222.56,217.84,382.31,382.5,380.2,381.62,0.0,1.359,0.0,0,0.2995,0,0.0386,0,0.0386,0,0.3025,0,0.3025,0,0.9917,1,0.9917,1,50,419.98,246.73,0,1,2025-10-01 13:37:57,18.1,93.6,,0,0,,1
2025-10-01 13:38:42,334.36,0.2996,220.15,0.4524,1.3574,219.45,222.91,218.11,381.1,383.4,379.43,381.39,0.0,1.3574,0.0,0,0.2996,0,0.0387,0,0.0387,0,0.3026,0,0.3026,0,0.9917,1,0.9917,1,50,419.99,246.74,0,1,2025-10-01 13:38:42,18.2,94,,0,0,,1
2025-10-01 13:39:27,334.38,3.7175,219.51,6.9505,20.8515,218.78,221.57,218.18,378.47,382.77,379.29,380.21,7.0037,7.6234,6.2244,1.272,1.4073,1.0382,2.6578,0.8525,0.9309,0.8744,4.5794,1.5323,1.6891,1.358,0.8134,0.8306,0.834,0.7648,50,420.01,246.74,1,1,2025-10-01 13:39:27,18.3,94.1,,1,0,,0
2025-10-01 13:40:12,334.42,3.7929,218.7,7.0484,21.1453,220.06,221.34,214.7,380.77,379.85,375.74,378.81,7.3751,7.9628,5.8074,1.3999,1.4252,0.9678,2.6385,0.8192,1.0342,0.7851,4.6323,1.623,1.7625,1.2468,0.8209,0.863,0.8093,0.7765,50,420.06,246.78,1,1,2025-10-01 13:40:12,18.3,92.8,,1,0,,0
2025-10-01 13:40:57,334.47,3.8526,219.62,7.1196,21.3589,219.87,221.47,217.54,379.71,382.99,378.43,380.32,7.1685,7.832,6.3584,1.3253,1.4528,1.0745,2.6666,0.8516,0.9448,0.8702,4.6939,1.5761,1.7346,1.3832,0.8222,0.8412,0.8383,0.7771,50,420.12,246.81,1,1,2025-10-01 13:40:57,18.1,89.6,,1,0,,0
2025-10-01 13:41:42,334.52,3.7892,219.93,7.0386,21.1158,219.96,222.09,217.76,380.52,383.51,378.73,381.01,7.1564,7.8613,6.0981,1.3318,1.4399,1.0175,2.6735,0.8372,0.9842,0.8521,4.648,1.5741,1.7459,1.3279,0.817,0.8466,0.8255,0.7666,50,420.18,246.84,1,1,2025-10-01 13:41:42,18.0,87,,1,0,,0
2025-10-01 13:42:27,334.57,3.7884,219.04,7.0382,21.1148,219.01,221.65,216.48,380.69,381.1,376.39,379.38,7.204,7.8804,6.0304,1.3444,1.4391,1.0049,2.6435,0.8241,0.987,0.8324,4.6299,1.5777,1.7467,1.3055,0.82,0.8525,0.8246,0.77,50,420.24,246.88,1,1,2025-10-01 13:42:27,17.9,86.4,,1,0,,0
2025-10-01 13:43:12,334.61,3.7474,218.66,6.9846,20.9538,218.23,221.52,216.25,379.1,381.22,375.87,378.6,7.0949,7.8535,6.0054,1.319,1.4371,0.9913,2.6244,0.8091,0.9773,0.838,4.5867,1.5483,1.7397,1.2987,0.8191,0.8524,0.8269,0.7636,50,420.29,246.91,1,1,2025-10-01 13:43:12,17.7,84.1,,1,0,,0
2025-10-01 13:43:57,334.66,3.7378,218.96,6.9713,20.914,218.36,221.43,217.1,378.58,381.69,377.45,379.31,7.042,7.7774,6.0946,1.2981,1.4298,1.0099,2.6333,0.8226,0.9567,0.854,4.583,1.5377,1.7221,1.3231,0.8174,0.8446,0.8311,0.7635,50,420.35,246.94,1,1,2025-10-01 13:43:57,17.5,82.1,,1,0,,0
2025-10-01 13:44:42,334.71,3.7252,218.24,6.961,20.883,218.15,220.95,215.64,378.9,380.08,375.03,377.91,7.1161,7.8527,5.9142,1.326,1.4253,0.9738,2.6141,0.8053,0.9862,0.8225,4.5628,1.5524,1.7351,1.2753,0.8185,0.8547,0.8223,0.7639,50,420.41,246.97,1,1,2025-10-01 13:44:42,17.3,80.6,,1,0,,0
2025-10-01 13:45:27,334.76,3.7447,218.8,6.9794,20.938299999999998,218.47,221.56,216.38,378.78,381.77,376.33,379.08,7.0598,7.8145,6.064,1.3083,1.4347,1.0017,2.6275,0.8149,0.966,0.8466,4.5859,1.5424,1.7314,1.3121,0.8185,0.8488,0.8294,0.7637,50,420.47,247.01,1,1,2025-10-01 13:45:27,17.1,80,,1,0,,0
2025-10-01 13:46:12,334.8,3.6881,218.49,6.908,20.724,216.56,222.51,216.41,377.16,382.54,375.56,378.51,6.861,7.7517,6.1113,1.2551,1.4423,0.9907,2.6114,0.7935,0.9426,0.8753,4.5332,1.4858,1.7248,1.3225,0.8161,0.8452,0.837,0.7494,50,420.52,247.04,1,1,2025-10-01 13:46:12,17.0,78.5,,1,0,,0
2025-10-01 13:46:57,334.85,3.7028,218.63,6.9315,20.7946,217.75,223.31,214.83,378.64,381.96,375.36,378.76,7.0066,7.9426,5.8454,1.3147,1.4522,0.9359,2.6231,0.772,1.0148,0.8363,4.5551,1.5257,1.7737,1.2558,0.8159,0.8623,0.8197,0.7456,50,420.58,247.07,1,1,2025-10-01 13:46:57,16.8,77.6,,1,0,,0
2025-10-01 13:47:42,334.89,3.7699,218.26,7.0146,21.044,217.9,222.34,214.54,378.24,381.17,374.62,378.11,7.1462,7.9154,5.9824,1.3384,1.4506,0.9809,2.6141,0.7942,0.9933,0.8266,4.6005,1.5572,1.7599,1.2835,0.8217,0.8599,0.825,0.7646,50,420.64,247.11,1,1,2025-10-01 13:47:42,16.6,76.7,,1,0,,0
2025-10-01 13:48:27,334.94,3.8252,218.47,7.0866,21.259900000000002,217.94,221.87,215.62,378.07,380.82,376.29,378.19,7.1222,7.8439,6.2938,1.3163,1.46,1.0488,2.6244,0.8206,0.9438,0.86,4.6496,1.5522,1.7403,1.3571,0.8245,0.8486,0.8398,0.7732,50,420.7,247.14,1,1,2025-10-01 13:48:27,16.5,75.7,,1,0,,0
2025-10-01 13:49:12,334.99,3.8057,218.85,7.0584,21.1752,218.96,222.43,215.18,378.86,381.67,376.58,378.5,7.1619,7.9042,6.1091,1.3401,1.455,1.0106,2.6358,0.8125,0.9837,0.8395,4.6409,1.5682,1.7581,1.3146,0.822,0.855,0.8284,0.7692,50,420.75,247.17,1,1,2025-10-01 13:49:12,16.3,74.7,,1,0,,0
2025-10-01 13:49:57,335.04,3.7572,218.92,6.9985,20.9956,219.3,222.38,215.09,379.95,381.31,376.23,379.04,7.2122,7.8997,5.8837,1.3566,1.4315,0.9691,2.6387,0.8111,1.0149,0.8127,4.6039,1.5816,1.7567,1.2655,0.8183,0.8582,0.8157,0.7662,50,420.81,247.2,1,1,2025-10-01 13:49:57,16.2,73.9,,1,0,,0
2025-10-01 13:50:42,335.08,3.7514,219.54,6.9882,20.9648,219.65,221.3,217.67,378.82,382.42,379.44,380.3,7.0568,7.7023,6.2057,1.2948,1.4175,1.0392,2.6554,0.8501,0.9436,0.8618,4.6053,1.55,1.7045,1.3508,0.8162,0.8359,0.8324,0.7697,50,420.87,247.24,1,1,2025-10-01 13:50:42,16.0,73.7,,1,0,,0
2025-10-01 13:51:27,335.13,3.7923,219.55,7.0427,21.1283,219.84,221.94,216.88,379.7,382.64,378.41,380.18,7.1415,7.8461,6.1407,1.3282,1.4404,1.0237,2.6613,0.8351,0.9755,0.8508,4.6431,1.57,1.7414,1.3318,0.8185,0.8465,0.8279,0.769,50,420.93,247.27,1,1,2025-10-01 13:51:27,15.9,73.2,,1,0,,0
2025-10-01 13:52:12,335.18,3.731,219.08,6.9613,20.8841,219.96,221.62,215.67,380.14,381.92,376.24,379.42,7.1674,7.8457,5.871,1.3454,1.4157,0.97,2.6391,0.8199,1.0065,0.8127,4.5815,1.5765,1.7388,1.2662,0.8164,0.8539,0.815,0.7665,50,420.98,247.3,1,1,2025-10-01 13:52:12,15.8,73.6,,1,0,,0
2025-10-01 13:52:57,335.22,3.7159,219.39,6.9392,20.817800000000002,220.43,222.25,215.51,381.26,381.78,376.92,380.11,7.0941,7.8108,5.9129,1.3303,1.415,0.9706,2.6476,0.8202,1.0027,0.8247,4.574,1.5638,1.736,1.2743,0.8144,0.8512,0.8159,0.762,50,421.04,247.34,1,1,2025-10-01 13:52:57,15.7,74,,1,0,,0
2025-10-01 13:53:42,335.27,3.7763,219.29,7.0175,21.0525,220.15,221.68,216.04,379.12,382.22,378.01,379.77,7.1278,7.8083,6.1164,1.3283,1.4296,1.0184,2.6474,0.8336,0.9728,0.841,4.6215,1.5692,1.7309,1.3214,0.8188,0.847,0.8267,0.771,50,421.1,247.37,1,1,2025-10-01 13:53:42,15.6,73.3,,1,0,,0
2025-10-01 13:54:27,335.32,3.7534,218.1,6.9889,20.9667,219.05,221.77,213.49,378.31,379.95,374.93,377.82,7.205,7.9694,5.7923,1.3681,1.4385,0.9469,2.6026,0.7849,1.0235,0.7942,4.5822,1.5783,1.7674,1.2366,0.8217,0.8673,0.8148,0.7661,50,421.16,247.4,1,1,2025-10-01 13:54:27,15.6,73.4,,1,0,,0
2025-10-01 13:55:12,335.37,3.8309,219.07,7.0864,21.2593,218.66,222.25,216.31,379.1,382.42,376.76,379.5,7.1098,7.9425,6.207,1.326,1.4746,1.0303,2.6359,0.8094,0.9668,0.8597,4.6625,1.5546,1.7652,1.3426,0.8238,0.8535,0.8362,0.7678,50,421.21,247.44,1,1,2025-10-01 13:55:12,15.6,73,,1,0,,0
2025-10-01 13:55:57,335.41,3.6737,218.38,6.883,20.6491,216.81,222.51,215.84,377.71,381.08,375.93,378.18,6.8836,7.7487,6.0168,1.2661,1.4339,0.9737,2.6008,0.7884,0.9541,0.8583,4.5153,1.4924,1.7242,1.2987,0.8161,0.8488,0.8325,0.7501,50,421.27,247.47,1,1,2025-10-01 13:55:57,15.6,72.1,,1,0,,0
2025-10-01 13:56:42,335.45,0.307,218.41,0.4622,1.3868,218.08,223.4,213.75,379.62,380.51,374.71,378.51,0.0,1.3868,0.0,0,0.307,0,0.0381,0,0.0381,0,0.3098,0,0.3098,0,0.9923,1,0.9923,1,50,421.32,247.5,0,1,2025-10-01 13:56:42,15.4,71,,0,0,,1
2025-10-01 13:57:27,335.46,0.3034,218.65,0.4568,1.3705,217.94,223.58,214.45,378.27,382.45,375.33,378.96,0.0,1.3705,0.0,0,0.3034,0,0.0393,0,0.0393,0,0.3064,0,0.3064,0,0.9917,1,0.9917,1,50,421.32,247.5,0,1,2025-10-01 13:57:27,15.4,72.1,,0,0,,1
2025-10-01 13:58:12,335.46,0.3034,218.9,0.457,1.3711,218.62,223.42,214.68,378.4,382.48,376.44,379.1,0.0,1.3711,0.0,0,0.3034,0,0.0391,0,0.0391,0,0.3063,0,0.3063,0,0.9917,1,0.9917,1,50,421.33,247.5,0,1,2025-10-01 13:58:12,15.4,76.3,,0,0,,1
2025-10-01 13:58:57,335.46,0.3016,219.15,0.4547,1.3641,220.18,222.48,214.8,380.12,382.56,375.96,379.58,0.0,1.3641,0.0,0,0.3006,0,0.0385,0,0.0385,0,0.3035,0,0.3035,0,0.9919,1,0.9918,1,50,421.33,247.5,0,1,2025-10-01 13:58:57,15.7,78.7,,0,0,,1
2025-10-01 13:59:42,335.47,0.3004,219.79,0.4547,1.3643,220.66,222.28,216.44,380.24,383.54,378.17,380.36,0.0,1.3643,0.0,0,0.3004,0,0.0381,0,0.0381,0,0.3033,0,0.3033,0,0.992,1,0.992,1,50,421.34,247.5,0,1,2025-10-01 13:59:42,15.9,81.7,,0,0,,1
2025-10-01 14:00:27,335.47,0.3007,219.46,0.4539,1.3617,219.93,222.13,216.32,380.17,382.27,377.84,380.44,0.0,1.3617,0.0,0,0.2996,0,0.0381,0,0.0381,0,0.3025,0,0.3025,0,0.992,1,0.9919,1,50,421.34,247.5,0,1,2025-10-01 14:00:27,16.1,84.2,,0,0,,1
2025-10-01 14:01:12,335.48,0.3021,220.24,0.4553,1.3659,220.63,223.42,216.67,382.78,383.46,378.12,381.16,0.0,1.3659,0.0,0,0.3021,0,0.0395,0,0.0395,0,0.3052,0,0.3052,0,0.9915,1,0.9915,1,50.1,421.34,247.5,0,1,2025-10-01 14:01:12,16.4,87,,0,0,,1
2025-10-01 14:01:57,335.48,0.3022,220.96,0.4549,1.3649,221.29,223.66,217.94,383.05,384.66,380.39,382.6,0.0,1.3649,0.0,0,0.3022,0,0.0395,0,0.0395,0,0.3053,0,0.3053,0,0.9915,1,0.9915,1,50.1,421.35,247.5,0,1,2025-10-01 14:01:57,16.6,88.1,,0,0,,1
2025-10-01 14:02:42,335.48,0.3036,221.11,0.4555,1.3667,221.65,224.47,217.23,383.15,384.81,380.91,383.19,0.0,1.3667,0.0,0,0.3036,0,0.0404,0,0.0404,0,0.3068,0,0.3068,0,0.9912,1,0.9912,1,50.1,421.35,247.5,0,1,2025-10-01 14:02:42,16.7,88.8,,0,0,,1
2025-10-01 14:03:27,335.49,0.3029,220.37,0.4549,1.3647,222.36,224.31,214.45,384.07,383.7,377.22,381.52,0.0,1.3647,0.0,0,0.3029,0,0.0405,0,0.0405,0,0.3061,0,0.3061,0,0.9911,1,0.9911,1,50.1,421.35,247.5,0,1,2025-10-01 14:03:27,16.9,89.6,,0,0,,1
2025-10-01 14:04:12,335.49,0.3017,220.26,0.4545,1.3637,221.61,223.44,215.73,381.91,383.65,378.82,381.53,0.0,1.3637,0.0,0,0.3017,0,0.0394,0,0.0394,0,0.3047,0,0.3047,0,0.9915,1,0.9915,1,50,421.36,247.5,0,1,2025-10-01 14:04:12,17.0,90.1,,0,0,,1
2025-10-01 14:04:57,335.49,0.3022,221.01,0.4547,1.3641,222.42,223.77,216.84,382.4,384.99,380.86,382.74,0.0,1.3641,0.0,0,0.3022,0,0.0396,0,0.0396,0,0.3052,0,0.3052,0,0.9915,1,0.9915,1,50.1,421.36,247.5,0,1,2025-10-01 14:04:57,17.2,91.2,,0,0,,1
2025-10-01 14:05:42,335.5,0.3018,220.19,0.4543,1.3629,220.71,223.67,216.21,382.36,383.84,377.91,381.45,0.0,1.3629,0.0,0,0.3018,0,0.0397,0,0.0397,0,0.3048,0,0.3048,0,0.9914,1,0.9914,1,50.1,421.37,247.5,0,1,2025-10-01 14:05:42,17.3,91.8,,0,0,,1
2025-10-01 14:06:27,335.5,0.3022,220.65,0.4546,1.364,220.66,223.83,217.46,382.96,384.21,379.32,382.21,0.0,1.364,0.0,0,0.3022,0,0.0398,0,0.0398,0,0.3053,0,0.3053,0,0.9914,1,0.9914,1,50.1,421.37,247.5,0,1,2025-10-01 14:06:27,17.5,92.3,,0,0,,1
2025-10-01 14:07:12,335.51,0.3039,220.91,0.4551,1.3655,220.12,224.89,217.73,382.34,384.99,380.5,382.7,0.0,1.3655,0.0,0,0.3039,0,0.0407,0,0.0407,0,0.3071,0,0.3071,0,0.9911,1,0.9911,1,50.1,421.37,247.5,0,1,2025-10-01 14:07:12,17.7,93,,0,0,,1
2025-10-01 14:07:57,335.51,0.3021,220.58,0.4537,1.3613,220.1,224.24,217.42,381.93,384.91,379.29,382.01,0.0,1.3613,0.0,0,0.3021,0,0.0405,0,0.0405,0,0.3053,0,0.3053,0,0.9911,1,0.9911,1,50,421.38,247.5,0,1,2025-10-01 14:07:57,17.8,93.3,,0,0,,1
2025-10-01 14:08:42,335.51,0.3011,219.94,0.454,1.3621,220.49,223.2,216.15,382.61,382.55,377.69,381.24,0.0,1.3621,0.0,0,0.3011,0,0.0391,0,0.0391,0,0.304,0,0.304,0,0.9916,1,0.9916,1,50,421.38,247.5,0,1,2025-10-01 14:08:42,17.9,93.1,,0,0,,1
2025-10-01 14:09:27,335.52,0.299,220.58,0.4528,1.3584,222.21,222.31,217.22,381.97,383.66,380.43,382.05,0.0,1.3584,0.0,0,0.299,0,0.0387,0,0.0387,0,0.302,0,0.302,0,0.9917,1,0.9917,1,50,421.39,247.51,0,1,2025-10-01 14:09:27,18.0,93.4,,0,0,,1
2025-10-01 14:10:12,335.52,0.2978,219.52,0.4516,1.3548,220.95,221.88,215.74,380.74,381.68,378.17,380.13,0.0,1.3548,0.0,0,0.2978,0,0.038,0,0.038,0,0.3006,0,0.3006,0,0.9919,1,0.9919,1,50,421.39,247.51,0,1,2025-10-01 14:10:12,18.1,93.7,,0,0,,1
2025-10-01 14:10:57,335.52,0.2976,218.19,0.4517,1.3551,220.03,221.67,212.89,381.22,379.23,373.29,377.89,0.0,1.3551,0.0,0,0.2976,0,0.0378,0,0.0378,0,0.3004,0,0.3004,0,0.992,1,0.992,1,50,421.39,247.51,0,1,2025-10-01 14:10:57,18.2,93.7,,0,0,,1
2025-10-01 14:11:42,335.54,3.7462,218.46,6.9932,20.979599999999998,219.1,220.98,215.3,377.87,380.32,376.86,378.33,7.1347,7.7561,6.0888,1.3228,1.4127,1.0107,2.6324,0.8311,0.9675,0.8338,4.5881,1.5632,1.7139,1.3109,0.8181,0.8467,0.825,0.7714,50,421.41,247.51,1,1,2025-10-01 14:11:42,18.3,94,,1,0,,0
2025-10-01 14:12:27,335.58,3.7727,217.91,7.0263,21.078899999999997,218.88,220.73,214.14,377.16,379.28,375.77,377.38,7.2416,7.9312,5.9061,1.3646,1.4315,0.9766,2.6117,0.8043,1.0049,0.8025,4.6004,1.585,1.7507,1.2647,0.8222,0.8615,0.8184,0.7726,50,421.47,247.55,1,1,2025-10-01 14:12:27,18.3,93.4,,1,0,,0
2025-10-01 14:13:12,335.63,3.7218,217.83,6.9598,20.8794,218.63,220.88,214,378.36,379.4,374.09,377.28,7.1765,7.8757,5.8272,1.349,1.4169,0.956,2.6047,0.7992,1.006,0.7995,4.5556,1.569,1.7396,1.247,0.8192,0.8603,0.8153,0.7671,49.9,421.52,247.58,1,1,2025-10-01 14:13:12,18.2,90.2,,1,0,,0
2025-10-01 14:13:57,335.68,3.7268,217.89,6.9582,20.8748,218.97,220.85,213.87,377.37,379.36,375.38,377.37,7.1163,7.8028,5.9557,1.3318,1.4147,0.9803,2.5998,0.807,0.9808,0.8121,4.5553,1.5583,1.7232,1.2737,0.8201,0.8552,0.8218,0.7701,50,421.58,247.61,1,1,2025-10-01 14:13:57,18.1,87.4,,1,0,,0
2025-10-01 14:14:42,335.72,3.737,217.41,6.9766,20.93,218.86,220.63,212.76,376.92,379.05,373.62,376.66,7.2241,7.917,5.7889,1.3679,1.4195,0.9496,2.5896,0.7912,1.015,0.7835,4.5594,1.5811,1.7467,1.2316,0.8219,0.8656,0.8134,0.7713,49.9,421.64,247.64,1,1,2025-10-01 14:14:42,17.9,85.2,,1,0,,0
2025-10-01 14:15:27,335.77,3.7341,216.97,6.9743,20.923000000000002,217.3,220.69,212.94,375.86,378.68,372.8,375.88,7.1766,7.9008,5.8456,1.3479,1.429,0.9572,2.5728,0.7822,0.9959,0.7947,4.5479,1.5595,1.7436,1.2448,0.8234,0.8649,0.8204,0.7693,49.9,421.69,247.68,1,1,2025-10-01 14:15:27,17.7,84.3,,1,0,,0
2025-10-01 14:16:12,335.82,3.7603,216.7,7.0072,21.0218,217.12,220,212.99,374.24,378.49,373.14,375.22,7.1525,7.8993,5.97,1.3392,1.438,0.9831,2.5628,0.7841,0.9731,0.8056,4.5623,1.553,1.7378,1.2716,0.8263,0.8629,0.8282,0.7734,49.9,421.75,247.71,1,1,2025-10-01 14:16:12,17.6,82.7,,1,0,,0
2025-10-01 14:16:57,335.86,3.7149,217.03,6.9492,20.8477,218.02,221.45,211.63,377.46,377.61,372.59,376,7.2456,7.9577,5.6444,1.3777,1.422,0.9152,2.5743,0.7703,1.0376,0.7664,4.5364,1.5797,1.7622,1.1945,0.8219,0.8728,0.8078,0.7666,49.9,421.81,247.74,1,1,2025-10-01 14:16:57,17.4,81.5,,1,0,,0
2025-10-01 14:17:42,335.91,3.7471,217.7,6.9844,20.9533,220.18,220.14,212.78,378.36,377.98,374.76,377.03,7.3281,7.9018,5.7234,1.3949,1.4022,0.95,2.5961,0.8087,1.0264,0.761,4.5708,1.6135,1.7395,1.2178,0.8219,0.8651,0.8069,0.7804,50,421.86,247.77,1,1,2025-10-01 14:17:42,17.3,79.7,,1,0,,0
2025-10-01 14:18:27,335.96,3.8044,218.22,7.0571,21.171300000000002,220.41,221.07,213.2,377.83,380,375.92,377.96,7.293,7.9519,5.9264,1.3872,1.4335,0.9837,2.6171,0.8102,1.0147,0.7921,4.6289,1.6075,1.7579,1.2635,0.8238,0.8635,0.8162,0.7788,50,421.92,247.8,1,1,2025-10-01 14:18:27,17.1,78.3,,1,0,,0
2025-10-01 14:19:12,336,3.7498,218.19,6.9837,20.9513,220.96,220.47,213.14,379.62,379.03,374.99,377.88,7.3793,7.8912,5.6808,1.4087,1.3942,0.9469,2.6115,0.8193,1.0383,0.7538,4.5811,1.6305,1.7398,1.2108,0.8206,0.8644,0.802,0.7823,50,421.98,247.84,1,1,2025-10-01 14:19:12,17.0,77.2,,1,0,,0
2025-10-01 14:19:57,336.05,3.7137,218.42,6.9329,20.7987,220.24,220.06,214.97,377.75,381.23,375.8,378.26,7.2076,7.6649,5.9262,1.338,1.3795,0.9962,2.6122,0.8428,0.9713,0.7981,4.5481,1.5874,1.6867,1.274,0.8179,0.8456,0.8166,0.7827,50,422.04,247.87,1,1,2025-10-01 14:19:57,16.9,76.2,,1,0,,0
2025-10-01 14:20:42,336.1,3.8181,219.05,7.0739,21.2219,220.74,221.08,215.34,379.28,380.76,378.08,379.45,7.3446,7.8473,6.03,1.3796,1.4202,1.0182,2.6477,0.8467,0.9951,0.8059,4.6546,1.6212,1.7349,1.2985,0.8217,0.8526,0.819,0.7855,50,422.09,247.9,1,1,2025-10-01 14:20:42,16.7,75.5,,1,0,,0
2025-10-01 14:21:27,336.15,3.8107,218.28,7.0691,21.2075,220.47,220.65,213.73,380.67,378.32,375.21,378.07,7.5039,7.9128,5.7908,1.4296,1.4061,0.975,2.623,0.8343,1.035,0.7537,4.638,1.6544,1.746,1.2377,0.8237,0.863,0.8069,0.7916,50,422.15,247.93,1,1,2025-10-01 14:21:27,16.6,75.2,,1,0,,0
2025-10-01 14:22:12,336.19,3.7799,218.23,7.0276,21.0828,219.88,221.1,213.72,379.66,379.08,375.18,378.01,7.3457,7.9215,5.8156,1.3937,1.4181,0.9682,2.616,0.8151,1.0237,0.7772,4.6095,1.6152,1.7514,1.2429,0.8222,0.8627,0.8104,0.779,49.9,422.21,247.97,1,1,2025-10-01 14:22:12,16.5,74.8,,1,0,,0
2025-10-01 14:22:57,336.24,3.7825,218.39,7.0292,21.087600000000002,220.29,219.91,214.98,378.34,379.66,376.7,378.5,7.3079,7.8029,5.9768,1.3703,1.4027,1.0095,2.6218,0.8431,0.9851,0.7936,4.6107,1.6099,1.7159,1.2849,0.8218,0.8516,0.8183,0.7861,49.9,422.27,248,1,1,2025-10-01 14:22:57,16.5,74,,1,0,,0
2025-10-01 14:23:42,336.29,3.7215,218.6,6.9432,20.8296,220.38,219.69,215.75,377.64,380.17,377.98,378.6,7.1622,7.6397,6.0277,1.3264,1.3786,1.0164,2.6182,0.8537,0.9544,0.8101,4.5572,1.5784,1.6784,1.3005,0.8178,0.8408,0.8222,0.7819,50,422.33,248.03,1,1,2025-10-01 14:23:42,16.4,74.1,,1,0,,0
2025-10-01 14:24:27,336.33,3.7584,217.47,6.9998,20.9996,218.67,220.74,213.01,376.96,378.23,374.72,376.83,7.2854,7.878,5.8362,1.3747,1.4167,0.9669,2.5883,0.8028,1.0053,0.7802,4.5753,1.5931,1.739,1.2432,0.8235,0.8635,0.8155,0.7782,49.9,422.38,248.07,1,1,2025-10-01 14:24:27,16.3,73.3,,1,0,,0
2025-10-01 14:25:12,336.38,3.8098,217.88,7.0615,21.1846,218.66,220.54,214.44,377.15,379.22,375.68,377.42,7.249,7.8324,6.1032,1.3532,1.4311,1.0255,2.5995,0.8235,0.9641,0.8119,4.6212,1.5851,1.7274,1.3088,0.826,0.8542,0.8293,0.784,50,422.44,248.1,1,1,2025-10-01 14:25:12,16.2,72.7,,1,0,,0
2025-10-01 14:25:57,336.43,3.7155,217.34,6.9359,20.8079,218.72,219.28,214.04,375.05,378.19,375.98,376.41,7.1172,7.6618,6.0289,1.3178,1.3887,1.0089,2.5734,0.827,0.9428,0.8036,4.5272,1.5567,1.6801,1.2904,0.822,0.847,0.8273,0.7822,49.9,422.5,248.13,1,1,2025-10-01 14:25:57,16.1,71.8,,1,0,,0
2025-10-01 14:26:42,336.47,3.7362,216.15,6.9759,20.9279,216.76,220.14,211.56,376.15,376.26,370.71,374.44,7.2354,7.9421,5.7504,1.3668,1.4283,0.9411,2.543,0.7673,1.0058,0.7699,4.5333,1.5683,1.7484,1.2166,0.8266,0.8719,0.8176,0.7739,49.9,422.55,248.16,1,1,2025-10-01 14:26:42,16.0,71.9,,1,0,,0
2025-10-01 14:27:27,336.52,3.723,217.07,6.9495,20.8487,218.16,219.39,213.66,376.06,377.69,374.09,375.81,7.193,7.7773,5.8784,1.344,1.3998,0.9792,2.5664,0.8083,0.9728,0.7853,4.5315,1.5692,1.7063,1.256,0.8233,0.8569,0.8211,0.7801,49.9,422.61,248.19,1,1,2025-10-01 14:27:27,15.9,72.3,,1,0,,0
2025-10-01 14:28:12,336.57,3.8012,217.04,7.0582,21.1746,217.89,219.64,213.61,375.01,378.24,374.43,376.05,7.2278,7.8893,6.0575,1.3524,1.4369,1.012,2.5767,0.8054,0.9659,0.8054,4.6016,1.5749,1.7328,1.2939,0.8277,0.8591,0.8299,0.7824,49.9,422.67,248.23,1,1,2025-10-01 14:28:12,15.8,71.9,,1,0,,0
2025-10-01 14:28:57,336.62,3.7621,217.12,7.0058,21.0174,218.23,219.27,213.87,376.02,378.3,373.79,375.79,7.1853,7.8645,5.9676,1.3455,1.4228,0.9938,2.5751,0.8036,0.9716,0.7998,4.5688,1.568,1.7244,1.2763,0.8252,0.8585,0.8258,0.779,49.9,422.72,248.26,1,1,2025-10-01 14:28:57,15.7,73.1,,1,0,,0
2025-10-01 14:29:42,336.66,3.8149,216.92,7.0773,21.232,217.8,219.18,213.79,375.04,377.91,374.1,375.72,7.2801,7.9016,6.0503,1.3623,1.4354,1.0172,2.5741,0.8096,0.9662,0.7983,4.611,1.5856,1.7319,1.2935,0.8289,0.8596,0.8295,0.7866,49.9,422.78,248.29,1,1,2025-10-01 14:29:42,15.7,72.2,,1,0,,0
2025-10-01 14:30:27,336.71,3.8388,216.74,7.1103,21.3311,217.15,219.82,213.27,375.37,377.62,373.17,374.92,7.234,7.9904,6.1067,1.3573,1.4645,1.0171,2.5689,0.7892,0.9672,0.8126,4.6297,1.5709,1.7564,1.3024,0.831,0.8644,0.8344,0.7812,49.9,422.84,248.32,1,1,2025-10-01 14:30:27,15.6,72.9,,1,0,,0
2025-10-01 14:31:12,336.76,3.6873,217.21,6.9,20.700200000000002,217.95,218.22,215.46,374.15,378.92,375.46,376.28,7.0467,7.523,6.1305,1.2818,1.3702,1.0353,2.5652,0.8444,0.9015,0.8193,4.4984,1.5358,1.6417,1.3209,0.8208,0.835,0.8353,0.7841,49.9,422.9,248.35,1,1,2025-10-01 14:31:12,15.6,72.8,,1,0,,0
2025-10-01 14:31:57,336.8,3.6951,216.38,6.9159,20.747799999999998,217.69,219.39,212.06,376.24,376.3,371.73,374.81,7.2207,7.8254,5.7017,1.3596,1.3956,0.9398,2.5439,0.787,0.9972,0.7598,4.4978,1.5719,1.7168,1.2091,0.8236,0.8654,0.8136,0.7776,49.9,422.95,248.39,1,1,2025-10-01 14:31:57,15.5,72,,1,0,,0
2025-10-01 14:32:42,336.82,0.3002,217.8,0.4591,1.3775,218.93,219.75,214.72,377.51,378.82,375.32,377.34,0.0,1.3775,0.0,0,0.3002,0,0.0357,0,0.0357,0,0.3027,0,0.3027,0,0.993,1,0.993,1,49.9,422.98,248.4,0,1,2025-10-01 14:32:42,15.3,72.2,,0,0,,1
2025-10-01 14:33:27,336.83,0.2958,217.67,0.4534,1.3604,218.96,219.33,214.72,376.11,378.93,375.89,377.1,0.0,1.3604,0.0,0,0.2958,0,0.0363,0,0.0363,0,0.2984,0,0.2984,0,0.9925,1,0.9925,1,49.9,422.98,248.4,0,1,2025-10-01 14:33:27,15.3,73.7,,0,0,,1
2025-10-01 14:34:12,336.83,0.3007,218.45,0.4559,1.3679,218.66,221.99,214.7,378.28,380.28,376.44,377.25,0.0,1.3679,0.0,0,0.3007,0,0.039,0,0.039,0,0.3037,0,0.3037,0,0.9916,1,0.9916,1,49.9,422.98,248.4,0,1,2025-10-01 14:34:12,15.4,77.6,,0,0,,1
2025-10-01 14:34:57,336.84,0.2998,217.85,0.4546,1.364,218.2,221.97,213.39,379.05,378.89,374.02,377.5,0.0,1.364,0.0,0,0.2998,0,0.0391,0,0.0391,0,0.3028,0,0.3028,0,0.9915,1,0.9915,1,49.9,422.99,248.4,0,1,2025-10-01 14:34:57,15.7,82,,0,0,,1
2025-10-01 14:35:42,336.84,0.3001,218.62,0.4542,1.3628,218.25,222.46,215.15,378.02,381.19,376.66,378.74,0.0,1.3628,0.0,0,0.3001,0,0.0401,0,0.0401,0,0.3032,0,0.3032,0,0.9911,1,0.9911,1,49.9,422.99,248.4,0,1,2025-10-01 14:35:42,16.0,84,,0,0,,1
2025-10-01 14:36:27,336.84,0.2978,218.51,0.4534,1.3603,219.47,221.12,214.94,378.23,380.98,376.09,378.42,0.0,1.3603,0.0,0,0.2978,0,0.039,0,0.039,0,0.3008,0,0.3008,0,0.9915,1,0.9915,1,49.9,423,248.4,0,1,2025-10-01 14:36:27,16.2,86.1,,0,0,,1
2025-10-01 14:37:12,336.85,0.2983,217.85,0.4529,1.3588,219.58,221.77,212.21,380.37,378.15,373.45,376.83,0.0,1.3588,0.0,0,0.2983,0,0.0401,0,0.0401,0,0.3013,0,0.3013,0,0.991,1,0.991,1,49.9,423,248.4,0,1,2025-10-01 14:37:12,16.5,86.9,,0,0,,1
2025-10-01 14:37:57,336.85,0.2965,219.09,0.4524,1.3573,220.37,220.6,216.31,377.85,382.19,378.24,379.37,0.0,1.3573,0.0,0,0.2965,0,0.0388,0,0.0388,0,0.2994,0,0.2994,0,0.9915,1,0.9915,1,49.9,423,248.4,0,1,2025-10-01 14:37:57,16.6,87.6,,0,0,,1
2025-10-01 14:38:42,336.85,0.2988,218.65,0.453,1.3591,220.21,222.15,213.6,380.06,380.88,375.11,378.63,0.0,1.3591,0.0,0,0.2988,0,0.0401,0,0.0401,0,0.3019,0,0.3019,0,0.9911,1,0.9911,1,49.9,423.01,248.4,0,1,2025-10-01 14:38:42,16.8,88.5,,0,0,,1
2025-10-01 14:39:27,336.86,0.2973,218.15,0.4518,1.3556,219.96,221.55,212.95,379.86,379.18,374.45,377.76,0.0,1.3556,0.0,0,0.2973,0,0.0394,0,0.0394,0,0.3003,0,0.3003,0,0.9913,1,0.9913,1,49.9,423.01,248.4,0,1,2025-10-01 14:39:27,16.9,89.2,,0,0,,1
2025-10-01 14:40:12,336.86,0.2975,218.54,0.4519,1.3558,220.4,221.68,213.55,378.43,380.34,376.64,378.63,0.0,1.3558,0.0,0,0.2975,0,0.0397,0,0.0397,0,0.3006,0,0.3006,0,0.9912,1,0.9912,1,49.9,423.01,248.4,0,1,2025-10-01 14:40:12,17.1,90,,0,0,,1
2025-10-01 14:40:57,336.87,0.2986,218.51,0.452,1.3562,220.23,222.52,212.78,378.72,380.99,375.51,378.35,0.0,1.3562,0.0,0,0.2986,0,0.0407,0,0.0407,0,0.3018,0,0.3018,0,0.9908,1,0.9908,1,49.9,423.02,248.41,0,1,2025-10-01 14:40:57,17.2,90.7,,0,0,,1
2025-10-01 14:41:42,336.87,0.2998,219.62,0.4524,1.3572,220.65,223.31,214.91,380.12,382.72,378.2,380.22,0.0,1.3572,0.0,0,0.2998,0,0.0412,0,0.0412,0,0.3031,0,0.3031,0,0.9906,1,0.9906,1,49.9,423.02,248.41,0,1,2025-10-01 14:41:42,17.4,91.2,,0,0,,1
2025-10-01 14:42:27,336.87,0.3014,219.55,0.4533,1.3601,219.26,224.12,215.28,380.06,383,377.65,380.18,0.0,1.3601,0.0,0,0.3014,0,0.0418,0,0.0418,0,0.3048,0,0.3048,0,0.9905,1,0.9905,1,49.9,423.03,248.41,0,1,2025-10-01 14:42:27,17.5,91.7,,0,0,,1
2025-10-01 14:43:12,336.88,0.3007,218.95,0.4528,1.3586,217.89,223.79,215.17,379.37,381.65,376.6,379.27,0.0,1.3586,0.0,0,0.3007,0,0.0415,0,0.0415,0,0.304,0,0.304,0,0.9905,1,0.9905,1,49.9,423.03,248.41,0,1,2025-10-01 14:43:12,17.6,91.9,,0,0,,1
2025-10-01 14:43:57,336.88,0.3021,219.3,0.4534,1.3602,218.32,224.67,214.93,379.87,382.64,376.93,379.98,0.0,1.3602,0.0,0,0.3021,0,0.0424,0,0.0424,0,0.3056,0,0.3056,0,0.9903,1,0.9903,1,49.9,423.03,248.41,0,1,2025-10-01 14:43:57,17.7,92.2,,0,0,,1
2025-10-01 14:44:42,336.88,0.3025,219.04,0.4532,1.3597,218.23,225.02,213.89,380.84,382,375.31,379.44,0.0,1.3597,0.0,0,0.3025,0,0.0426,0,0.0426,0,0.306,0,0.306,0,0.9902,1,0.9902,1,49.9,423.04,248.41,0,1,2025-10-01 14:44:42,17.9,92.9,,0,0,,1
2025-10-01 14:45:27,336.89,0.2989,218.51,0.4511,1.3535,218.58,223.15,213.81,379.35,381.38,374.61,378.68,0.0,1.3535,0.0,0,0.2989,0,0.0406,0,0.0406,0,0.302,0,0.302,0,0.9909,1,0.9909,1,49.9,423.04,248.41,0,1,2025-10-01 14:45:27,18.0,93.1,,0,0,,1
2025-10-01 14:46:12,336.89,0.2983,218.83,0.4515,1.3546,219.04,222.45,215.01,378.35,381.36,377.25,379.08,0.0,1.3546,0.0,0,0.2983,0,0.0393,0,0.0393,0,0.3013,0,0.3013,0,0.9914,1,0.9914,1,49.9,423.04,248.41,0,1,2025-10-01 14:46:12,18.1,93,,0,0,,1
2025-10-01 14:46:57,336.9,1.6803,218.58,8.9455,26.8367,218.68,223.1,213.98,378.15,381.75,375.75,379.1,8.9331,9.7172,8.1864,0.5352,0.7643,0.3807,1.3648,0.4156,0.5159,0.4332,5.8731,1.9535,2.1679,1.7517,0.7762,0.7898,0.8288,0.66,49.9,423.05,248.41,1,1,2025-10-01 14:46:57,18.3,93.1,,1,0,,0
2025-10-01 14:47:42,336.94,3.7925,218.49,7.0517,21.1551,218.09,222.66,214.74,377.61,382.03,375.58,378.34,7.1059,7.9741,6.0751,1.3319,1.4693,0.9914,2.6316,0.7905,0.9938,0.8473,4.6298,1.5497,1.7755,1.3046,0.8215,0.8599,0.8283,0.7601,50,423.11,248.44,1,1,2025-10-01 14:47:42,18.3,92.5,,1,0,,0
2025-10-01 14:48:27,336.99,3.7779,218.7,7.0258,21.0775,218.8,223.03,214.29,378.84,381.62,375.86,378.79,7.0498,7.9439,6.0838,1.3244,1.4655,0.988,2.6313,0.789,0.9924,0.8499,4.6179,1.5425,1.7717,1.3037,0.8205,0.859,0.828,0.7581,50,423.17,248.48,1,1,2025-10-01 14:48:27,18.3,89.1,,1,0,,0
2025-10-01 14:49:12,337.04,3.7758,217.81,7.0268,21.080599999999997,218.07,221.97,213.39,377.93,379.59,374.18,377.21,7.1621,7.9878,5.9307,1.3524,1.4565,0.9669,2.6036,0.7796,1.0082,0.8158,4.6004,1.5618,1.7731,1.2656,0.8232,0.8663,0.8222,0.7643,49.9,423.22,248.51,1,1,2025-10-01 14:49:12,18.2,87.2,,1,0,,0
2025-10-01 14:49:57,337.08,3.7694,218.36,7.0168,21.0506,217.78,221.68,215.64,377.43,380.75,376.41,378.28,7.0503,7.796,6.2043,1.3001,1.4435,1.0258,2.6197,0.815,0.947,0.8577,4.6015,1.5354,1.7282,1.3379,0.8211,0.8472,0.8361,0.7671,49.9,423.28,248.54,1,1,2025-10-01 14:49:57,18.0,84.7,,1,0,,0
2025-10-01 14:50:42,337.13,3.765,218.02,7.0155,21.0467,217.36,221.94,214.78,378.74,379.85,374.28,377.65,7.0614,7.8947,6.0906,1.3131,1.4556,0.9963,2.6123,0.7929,0.9724,0.847,4.5952,1.5349,1.7521,1.3081,0.8216,0.856,0.8315,0.7618,49.9,423.34,248.57,1,1,2025-10-01 14:50:42,17.9,82.8,,1,0,,0
2025-10-01 14:51:27,337.18,3.8012,217.27,7.0724,21.217399999999998,214.39,223.47,213.96,378.08,378.86,372.06,376.16,7.0762,8.0735,6.0677,1.3181,1.5073,0.9759,2.5918,0.7491,0.9878,0.8549,4.6195,1.5171,1.8042,1.2982,0.8262,0.8693,0.8363,0.7521,49.9,423.4,248.61,1,1,2025-10-01 14:51:27,17.7,81,,1,0,,0
2025-10-01 14:52:12,337.23,3.763,218.02,7.0187,21.0563,214.63,223.15,216.3,375.31,381.28,376.2,377.61,6.8719,7.8341,6.3503,1.2471,1.4846,1.0314,2.6122,0.7857,0.92,0.9065,4.5967,1.4749,1.7482,1.3736,0.8214,0.846,0.85,0.7511,49.9,423.45,248.64,1,1,2025-10-01 14:52:12,17.5,79.9,,1,0,,0
2025-10-01 14:52:57,337.27,3.762,217.6,7.0166,21.05,214.15,223.14,215.52,375.62,380.13,374.86,376.9,6.9617,7.9084,6.1799,1.2755,1.4857,1.0008,2.5967,0.7702,0.9487,0.8778,4.5874,1.4908,1.7647,1.3319,0.8229,0.856,0.8428,0.7518,49.9,423.51,248.67,1,1,2025-10-01 14:52:57,17.3,78.4,,1,0,,0
2025-10-01 14:53:42,337.32,3.7833,217.99,7.0366,21.1098,216.2,222.14,215.65,378.23,379.4,375.1,377.38,7.0746,7.9044,6.1308,1.308,1.4676,1.0078,2.6068,0.7912,0.9609,0.8548,4.6075,1.5295,1.7559,1.3221,0.8234,0.8556,0.8366,0.7626,49.9,423.57,248.7,1,1,2025-10-01 14:53:42,17.1,77.1,,1,0,,0
2025-10-01 14:54:27,337.37,3.7697,218.44,7.0176,21.052899999999998,216.65,222.03,216.64,376.96,380.73,377.28,378.34,7.0549,7.7673,6.2307,1.2894,1.4462,1.0341,2.6224,0.8192,0.9364,0.8668,4.6028,1.5284,1.7246,1.3498,0.8209,0.844,0.8394,0.7663,49.9,423.63,248.74,1,1,2025-10-01 14:54:27,16.8,76,,1,0,,0
2025-10-01 14:55:12,337.41,3.7645,217.45,7.0143,21.0429,216.28,221.49,214.58,377.4,378.51,373.97,376.73,7.1805,7.8986,5.9638,1.3353,1.4461,0.983,2.5905,0.7911,0.9812,0.8182,4.5822,1.553,1.7495,1.2797,0.8237,0.8603,0.8275,0.7686,49.9,423.68,248.77,1,1,2025-10-01 14:55:12,16.7,76,,1,0,,0
2025-10-01 14:55:57,337.46,3.7382,218.89,6.9743,20.9231,218.19,221.84,216.66,378.93,381.07,377.38,378.86,7.0744,7.7545,6.0942,1.3025,1.4253,1.0103,2.6358,0.8265,0.9602,0.8491,4.5842,1.5436,1.7203,1.3204,0.8172,0.8443,0.8293,0.7655,49.9,423.74,248.8,1,1,2025-10-01 14:55:57,16.5,74.9,,1,0,,0
2025-10-01 14:56:42,337.51,3.7845,218.92,7.0388,21.1164,218.21,221.96,216.6,379.3,380.61,377.62,379.19,7.1251,7.8349,6.1564,1.3165,1.4449,1.023,2.644,0.8252,0.9646,0.8543,4.6273,1.5548,1.739,1.3335,0.8197,0.8473,0.8317,0.7675,49.9,423.8,248.83,1,1,2025-10-01 14:56:42,16.3,74.9,,1,0,,0
2025-10-01 14:57:27,337.56,3.8127,219.17,7.0742,21.2227,218.42,223.29,215.82,380.96,381.77,376.13,379.53,7.2036,7.955,6.0641,1.3477,1.4648,1.0002,2.6547,0.8102,1.0015,0.843,4.6584,1.5734,1.7763,1.3088,0.8206,0.857,0.8254,0.7646,49.9,423.86,248.87,1,1,2025-10-01 14:57:27,16.2,74.5,,1,0,,0
2025-10-01 14:58:12,337.6,3.8169,218.97,7.0807,21.2423,218.5,222.51,215.92,380.99,380.5,376.34,378.97,7.2523,7.9562,6.0338,1.3576,1.4573,1.002,2.6493,0.8157,1.0021,0.8316,4.6578,1.5846,1.7703,1.3028,0.8215,0.8571,0.824,0.7695,49.9,423.91,248.9,1,1,2025-10-01 14:58:12,16.0,73.3,,1,0,,0
2025-10-01 14:58:57,337.65,3.7846,219.17,7.0398,21.1194,218.23,222.77,216.51,379.01,381.67,378.09,379.51,7.0703,7.8284,6.2207,1.3036,1.453,1.028,2.6539,0.8237,0.9613,0.8689,4.6337,1.543,1.7439,1.3468,0.8187,0.8453,0.8339,0.7637,49.9,423.97,248.93,1,1,2025-10-01 14:58:57,15.9,73.2,,1,0,,0
2025-10-01 14:59:42,337.7,3.7214,218.27,6.9616,20.8848,216.55,222.86,215.42,378.71,379.94,375.52,378.19,7.0757,7.8631,5.946,1.3105,1.4435,0.9675,2.621,0.7921,0.9903,0.8385,4.5655,1.5322,1.7524,1.2809,0.8175,0.8558,0.8245,0.7556,49.9,424.03,248.97,1,1,2025-10-01 14:59:42,15.8,72.3,,1,0,,0
2025-10-01 15:00:27,337.75,3.7757,218.48,7.0313,21.0941,216.51,223.26,215.69,378.68,380.68,375.88,378.5,7.0422,7.9653,6.0866,1.3077,1.4793,0.9887,2.6281,0.7822,0.9834,0.8625,4.6159,1.5247,1.7783,1.3128,0.8207,0.8581,0.8327,0.7535,49.9,424.09,249,1,1,2025-10-01 15:00:27,15.7,72.9,,1,0,,0
2025-10-01 15:01:12,337.79,3.8305,219.44,7.0929,21.2788,217.53,223.53,217.28,378.36,382.84,378.98,380.11,6.972,7.8349,6.4719,1.2739,1.4856,1.071,2.6562,0.8213,0.9243,0.9105,4.6742,1.5166,1.7513,1.4062,0.8217,0.8404,0.849,0.7618,50,424.15,249.03,1,1,2025-10-01 15:01:12,15.6,72.8,,1,0,,0
2025-10-01 15:01:57,337.83,0.3091,219.4,0.462,1.3862,218.01,225.23,214.97,381.39,381.81,376.8,380.33,0.0,1.3862,0.0,0,0.3091,0,0.0405,0,0.0405,0,0.3122,0,0.3122,0,0.9915,1,0.9915,1,50,424.19,249.06,0,1,2025-10-01 15:01:57,15.5,72.1,,0,0,,1
2025-10-01 15:02:42,337.84,0.3056,220.7,0.4578,1.3736,219.64,224.82,217.65,382.29,384.86,379.61,382.22,0.0,1.3736,0.0,0,0.3056,0,0.0408,0,0.0408,0,0.3088,0,0.3088,0,0.9912,1,0.9912,1,50,424.2,249.06,0,1,2025-10-01 15:02:42,15.4,73.2,,0,0,,1
2025-10-01 15:03:27,337.84,0.3041,219.78,0.4562,1.3687,219.18,224.5,215.66,381.14,381.71,379.06,380.69,0.0,1.3687,0.0,0,0.3041,0,0.0412,0,0.0412,0,0.3073,0,0.3073,0,0.9909,1,0.9909,1,49.9,424.2,249.06,0,1,2025-10-01 15:03:27,15.4,76.6,,0,0,,1
2025-10-01 15:04:12,337.84,0.303,220.33,0.4561,1.3683,219.28,223.69,218.03,382.44,382.86,379.57,381.63,0.0,1.3683,0.0,0,0.303,0,0.04,0,0.04,0,0.3061,0,0.3061,0,0.9913,1,0.9913,1,50,424.21,249.06,0,1,2025-10-01 15:04:12,15.5,79.4,,0,0,,1
2025-10-01 15:04:57,337.85,0.3028,220.47,0.4556,1.3668,219.55,223.87,217.99,382.63,383.23,379.72,381.77,0.0,1.3668,0.0,0,0.3028,0,0.0405,0,0.0405,0,0.306,0,0.306,0,0.9911,1,0.9911,1,50,424.21,249.06,0,1,2025-10-01 15:04:57,15.8,82,,0,0,,1
2025-10-01 15:05:42,337.85,0.3022,220.69,0.4547,1.3642,220.09,223.82,218.17,382.58,383.75,380.4,382.21,0.0,1.3642,0.0,0,0.3022,0,0.0406,0,0.0406,0,0.3053,0,0.3053,0,0.991,1,0.991,1,50,424.21,249.06,0,1,2025-10-01 15:05:42,15.9,84,,0,0,,1
2025-10-01 15:06:27,337.86,0.3022,220.99,0.4546,1.3639,220.37,223.94,218.66,382.5,384.61,381.14,382.69,0.0,1.3639,0.0,0,0.3022,0,0.0406,0,0.0406,0,0.3054,0,0.3054,0,0.9911,1,0.9911,1,50,424.22,249.06,0,1,2025-10-01 15:06:27,16.2,85.9,,0,0,,1
2025-10-01 15:07:12,337.86,0.3032,219.98,0.4549,1.3649,219.24,224.46,216.24,382.68,382.51,377.85,380.99,0.0,1.3649,0.0,0,0.3032,0,0.0409,0,0.0409,0,0.3064,0,0.3064,0,0.991,1,0.991,1,50,424.22,249.06,0,1,2025-10-01 15:07:12,16.4,87.1,,0,0,,1
2025-10-01 15:07:57,337.86,0.3018,219.93,0.4538,1.3614,219.1,224.04,216.66,381.75,383.02,378.01,380.95,0.0,1.3614,0.0,0,0.3018,0,0.0406,0,0.0406,0,0.305,0,0.305,0,0.991,1,0.991,1,50,424.22,249.06,0,1,2025-10-01 15:07:57,16.5,88.1,,0,0,,1
2025-10-01 15:08:42,337.87,0.3035,220.46,0.4541,1.3623,217.36,225.31,218.73,380.79,385.04,379.69,381.9,0.0,1.3623,0.0,0,0.3035,0,0.0424,0,0.0424,0,0.3069,0,0.3069,0,0.9903,1,0.9903,1,49.9,424.23,249.06,0,1,2025-10-01 15:08:42,16.7,88.8,,0,0,,1
2025-10-01 15:09:27,337.87,0.3045,219.23,0.4545,1.3636,216.79,225.94,214.96,382.17,382.04,374.96,379.7,0.0,1.3636,0.0,0,0.3045,0,0.043,0,0.043,0,0.3081,0,0.3081,0,0.9901,1,0.9901,1,49.9,424.23,249.07,0,1,2025-10-01 15:09:27,16.9,90.1,,0,0,,1
2025-10-01 15:10:12,337.87,0.302,220.31,0.4532,1.3597,217.81,224.61,218.51,381.36,383.96,379.41,381.42,0.0,1.3597,0.0,0,0.302,0,0.0419,0,0.0419,0,0.3054,0,0.3054,0,0.9904,1,0.9904,1,49.9,424.24,249.07,0,1,2025-10-01 15:10:12,17.1,91.1,,0,0,,1
2025-10-01 15:10:57,337.88,0.3021,220.06,0.4528,1.3585,217.55,224.88,217.75,380.08,383.96,379.35,381.2,0.0,1.3585,0.0,0,0.3021,0,0.0419,0,0.0419,0,0.3055,0,0.3055,0,0.9905,1,0.9905,1,49.9,424.24,249.07,0,1,2025-10-01 15:10:57,17.2,91.6,,0,0,,1
2025-10-01 15:11:42,337.88,0.3002,219.2,0.452,1.3562,219.14,223.69,214.79,383.59,380.34,375.13,379.76,0.0,1.3562,0.0,0,0.3002,0,0.0404,0,0.0404,0,0.3034,0,0.3034,0,0.991,1,0.991,1,49.9,424.24,249.07,0,1,2025-10-01 15:11:42,17.4,92.1,,0,0,,1
2025-10-01 15:12:27,337.89,0.299,219.81,0.4519,1.3558,218.74,222.78,217.92,384.74,377.91,379.44,380.65,0.0,1.3558,0.0,0,0.299,0,0.0396,0,0.0396,0,0.302,0,0.302,0,0.9913,1,0.9913,1,49.9,424.25,249.07,0,1,2025-10-01 15:12:27,17.6,92.8,,0,0,,1
2025-10-01 15:13:12,337.89,0.3012,219.83,0.4526,1.3579,218.49,223.36,217.66,380.38,382.94,378.94,380.66,0.0,1.3579,0.0,0,0.3002,0,0.04,0,0.04,0,0.3033,0,0.3033,0,0.9912,1,0.9912,1,49.9,424.25,249.07,0,1,2025-10-01 15:13:12,17.8,92.7,,0,0,,1
2025-10-01 15:13:57,337.89,0.3027,219.86,0.4534,1.3603,218.28,224.98,216.33,382.42,383.28,376.74,380.72,0.0,1.3603,0.0,0,0.3027,0,0.0417,0,0.0417,0,0.306,0,0.306,0,0.9906,1,0.9906,1,49.9,424.26,249.07,0,1,2025-10-01 15:13:57,17.9,92.9,,0,0,,1
2025-10-01 15:14:42,337.9,0.301,220.37,0.4528,1.3586,219.34,223.97,217.8,381.98,384.27,378.8,381.66,0.0,1.3586,0.0,0,0.301,0,0.0409,0,0.0409,0,0.3043,0,0.3043,0,0.9908,1,0.9908,1,49.9,424.26,249.07,0,1,2025-10-01 15:14:42,18.0,93.1,,0,0,,1
2025-10-01 15:15:27,337.9,0.3015,220.84,0.4533,1.36,220.37,224.04,218.12,382.1,385.1,380.27,382.63,0.0,1.36,0.0,0,0.3015,0,0.0406,0,0.0406,0,0.3047,0,0.3047,0,0.991,1,0.991,1,50,424.26,249.07,0,1,2025-10-01 15:15:27,18.1,93.5,,0,0,,1
2025-10-01 15:16:12,337.9,3.6649,219.44,10.6094,31.828400000000002,218.69,224.06,215.58,382.03,382.05,376.18,381.48,10.8561,11.5526,9.4197,1.3536,1.4125,0.8988,2.915,0.9142,1.0941,0.9067,6.9933,2.3741,2.5885,2.0307,0.7826,0.8287,0.7905,0.7039,50,424.27,249.07,1,1,2025-10-01 15:16:12,18.2,93.4,,1,0,,0
2025-10-01 15:16:57,337.95,3.7489,220.05,6.998,20.994,218.02,223.9,218.25,381.01,384.3,378.13,381.16,6.9701,7.8825,6.1414,1.2842,1.4651,0.9996,2.6826,0.8103,0.9805,0.8918,4.6249,1.5196,1.7649,1.3404,0.8132,0.8457,0.831,0.7461,50,424.33,249.1,1,1,2025-10-01 15:16:57,18.3,92.8,,1,0,,0
2025-10-01 15:17:42,338,3.7839,219.58,7.0409,21.122700000000002,216.33,224.58,217.84,379.09,384.24,377.62,380.42,6.9968,7.926,6.1999,1.2857,1.4891,1.0091,2.665,0.7967,0.9716,0.8967,4.6442,1.5136,1.78,1.3506,0.8175,0.85,0.8375,0.7475,50,424.38,249.14,1,1,2025-10-01 15:17:42,18.2,89.3,,1,0,,0
2025-10-01 15:18:27,338.05,3.7234,219.6,6.962,20.8862,216.32,224.57,217.93,379.49,383.32,378.25,380.31,6.9237,7.853,6.1095,1.268,1.4685,0.9869,2.6612,0.7952,0.9731,0.8929,4.5927,1.4977,1.7635,1.3314,0.8135,0.8471,0.8336,0.7415,50,424.44,249.17,1,1,2025-10-01 15:18:27,18.0,86.5,,1,0,,0
2025-10-01 15:19:12,338.09,3.6934,219.93,6.9224,20.767200000000003,217.23,224.21,218.37,380.57,383.5,378.73,380.94,6.9461,7.6767,6.1444,1.2594,1.4295,1.0045,2.6728,0.8292,0.9552,0.8885,4.5718,1.5089,1.7212,1.3418,0.8101,0.8352,0.8314,0.749,49.9,424.5,249.2,1,1,2025-10-01 15:19:12,17.8,84.5,,1,0,,0
2025-10-01 15:19:57,338.14,3.7242,219.81,6.9604,20.8812,217.48,224.75,217.22,381.2,383.11,377.87,380.68,7.0393,7.8251,6.0168,1.2983,1.4485,0.9773,2.6698,0.8093,0.9937,0.8667,4.5966,1.5309,1.7587,1.307,0.8127,0.8486,0.8246,0.7481,50,424.56,249.24,1,1,2025-10-01 15:19:57,17.6,82.7,,1,0,,0
2025-10-01 15:20:42,338.18,3.7608,219.65,7.009,21.0272,217.56,224.88,216.53,381.07,383.45,376.83,380.3,7.0755,7.9526,5.9991,1.3182,1.4722,0.9703,2.6673,0.793,1.0116,0.8627,4.6267,1.5393,1.7884,1.299,0.8156,0.8569,0.8241,0.7473,49.9,424.61,249.27,1,1,2025-10-01 15:20:42,17.5,81.9,,1,0,,0
2025-10-01 15:21:27,338.23,3.7157,220.55,6.9503,20.851,219.39,223.35,218.92,380.84,384.51,380.63,381.78,6.9059,7.6293,6.3158,1.2491,1.4237,1.043,2.695,0.8554,0.9328,0.9068,4.6017,1.5151,1.704,1.3827,0.8094,0.825,0.8364,0.7546,50,424.67,249.3,1,1,2025-10-01 15:21:27,17.5,81.9,,1,0,,0
2025-10-01 15:22:12,338.28,3.7368,219.81,6.9799,20.939799999999998,219,223.11,217.34,380.91,383.34,377.92,380.94,7.0362,7.8785,6.0251,1.3071,1.4459,0.9838,2.6731,0.8139,0.996,0.8631,4.6082,1.5409,1.7578,1.3095,0.8133,0.8488,0.8235,0.7517,50,424.73,249.34,1,1,2025-10-01 15:22:12,17.5,81.4,,1,0,,0
2025-10-01 15:22:57,338.33,3.7574,220.09,7.0056,21.0169,218.97,223.31,217.99,382.01,383.53,378.07,381.2,7.0711,7.8428,6.103,1.3064,1.4459,1.0051,2.6856,0.8294,0.9852,0.871,4.6301,1.5484,1.7514,1.3304,0.8135,0.8442,0.8263,0.7557,49.9,424.79,249.37,1,1,2025-10-01 15:22:57,17.5,79.7,,1,0,,0
2025-10-01 15:23:42,338.37,3.8104,220.25,7.0765,21.2295,218.58,223.42,218.75,380.54,384.48,379.4,381.47,7.0934,7.8801,6.256,1.3047,1.467,1.0387,2.6959,0.8357,0.97,0.8902,4.6795,1.5505,1.7606,1.3685,0.8163,0.842,0.8341,0.7593,49.9,424.85,249.4,1,1,2025-10-01 15:23:42,17.5,78.8,,1,0,,0
2025-10-01 15:24:27,338.42,3.763,219.07,7.0163,21.0491,217.18,224.33,215.71,381.41,381.74,375.2,379.48,7.0986,8.0024,5.9481,1.3279,1.4759,0.9592,2.6511,0.7812,1.0186,0.8513,4.6199,1.5417,1.7952,1.2831,0.8174,0.8619,0.823,0.7479,49.9,424.9,249.44,1,1,2025-10-01 15:24:27,17.4,77.2,,1,0,,0
2025-10-01 15:25:12,338.47,3.7336,219.09,6.9764,20.9294,217.41,223.75,216.13,380.66,382.28,375.52,379.3,7.0492,7.9099,5.9703,1.3106,1.4567,0.9663,2.6481,0.7925,1.0016,0.854,4.5928,1.5326,1.7698,1.2904,0.8156,0.8557,0.824,0.7493,49.9,424.96,249.47,1,1,2025-10-01 15:25:12,17.3,75.9,,1,0,,0
2025-10-01 15:25:57,338.51,3.7486,219.15,6.9964,20.9892,217.04,222.18,218.23,377.79,382.67,378.23,379.54,6.9326,7.6876,6.369,1.2502,1.4421,1.0563,2.65,0.8356,0.9118,0.9026,4.6026,1.5047,1.708,1.3899,0.8165,0.8313,0.8452,0.7602,49.9,425.02,249.51,1,1,2025-10-01 15:25:57,17.1,76.4,,1,0,,0
2025-10-01 15:26:42,338.56,3.6841,218.94,6.9187,20.7561,216.78,222.77,217.28,379.41,382.28,375.97,379.22,6.8821,7.7835,6.0905,1.2571,1.4423,0.9848,2.644,0.8016,0.9593,0.8831,4.5492,1.4919,1.7339,1.3233,0.8124,0.8431,0.8326,0.7445,49.9,425.08,249.54,1,1,2025-10-01 15:26:42,17.0,77.3,,1,0,,0
2025-10-01 15:27:27,338.61,3.6733,218.2,6.902,20.706,216.65,222.48,215.48,378.38,380.55,374.86,378,6.9411,7.8229,5.942,1.2814,1.4359,0.956,2.6165,0.7852,0.9805,0.8507,4.5246,1.5038,1.7404,1.2804,0.8145,0.8526,0.8258,0.747,49.9,425.13,249.57,1,1,2025-10-01 15:27:27,17.0,77,,1,0,,0
2025-10-01 15:28:12,338.65,3.6927,218.12,6.9274,20.7823,215.13,222.7,216.54,376.8,380.98,375.58,377.88,6.8771,7.7504,6.1548,1.2479,1.4475,0.9972,2.6128,0.7928,0.9368,0.8832,4.5382,1.4795,1.726,1.3328,0.8163,0.844,0.8428,0.7509,49.9,425.19,249.6,1,1,2025-10-01 15:28:12,16.9,76.4,,1,0,,0
2025-10-01 15:28:57,338.7,3.6789,218.12,6.9029,20.7089,214.79,223.21,216.38,376.67,382.02,374.69,377.79,6.8417,7.8076,6.0596,1.2476,1.4588,0.9725,2.6118,0.7746,0.9542,0.8831,4.5234,1.4695,1.7427,1.3112,0.8153,0.8502,0.8367,0.7415,49.9,425.25,249.64,1,1,2025-10-01 15:28:57,16.8,75.5,,1,0,,0
2025-10-01 15:29:42,338.74,3.6782,217.94,6.9082,20.724800000000002,215.66,222.88,215.29,378.85,379.27,374.34,377.34,6.9853,7.8377,5.9018,1.2892,1.4397,0.9493,2.5996,0.7752,0.9814,0.8429,4.5239,1.5064,1.7469,1.2706,0.8166,0.8565,0.8258,0.7479,49.9,425.3,249.67,1,1,2025-10-01 15:29:42,16.7,75,,1,0,,0
2025-10-01 15:30:27,338.79,3.7347,218.75,6.9689,20.9068,217.32,222.07,216.86,378.35,380.66,377.6,378.77,6.9687,7.7882,6.1499,1.2797,1.4446,1.0104,2.6251,0.808,0.9476,0.8695,4.5776,1.5144,1.7295,1.3337,0.8181,0.8455,0.8361,0.7579,50,425.36,249.7,1,1,2025-10-01 15:30:27,16.6,74.6,,1,0,,0
2025-10-01 15:31:12,338.84,3.7024,219.25,6.9284,20.7852,219.4,221.78,216.58,380.05,381.73,377.44,379.74,7.0447,7.7682,5.9723,1.3008,1.4172,0.9844,2.6373,0.8205,0.9785,0.8383,4.5619,1.5456,1.7228,1.2935,0.8144,0.8472,0.8226,0.7613,50,425.42,249.73,1,1,2025-10-01 15:31:12,16.6,75.2,,1,0,,0
2025-10-01 15:31:57,338.88,3.7503,219.18,6.9829,20.9489,220.08,221.21,216.25,381.51,381.08,376.27,379.63,7.213,7.8741,5.8618,1.356,1.4185,0.9757,2.6399,0.8236,1.0081,0.8083,4.5969,1.5874,1.7418,1.2676,0.8177,0.8547,0.8151,0.77,50,425.47,249.77,1,1,2025-10-01 15:31:57,16.5,74.4,,1,0,,0
2025-10-01 15:32:42,338.93,3.723,219.58,6.9476,20.843,220.44,221.38,216.92,380.1,381.78,379.02,380.46,7.1114,7.7046,6.027,1.3174,1.3993,1.0063,2.6541,0.8479,0.9725,0.8337,4.5807,1.5676,1.7056,1.3074,0.8142,0.8409,0.8211,0.77,50,425.53,249.8,1,1,2025-10-01 15:32:42,16.4,74.9,,1,0,,0
2025-10-01 15:33:27,338.98,3.695,219.24,6.9188,20.7566,220.37,221.76,215.59,381.87,380.59,376.72,379.65,7.213,7.8062,5.7374,1.3561,1.3923,0.9466,2.6479,0.8272,1.0257,0.795,4.5576,1.5895,1.7311,1.2369,0.8128,0.8536,0.8051,0.7657,50,425.59,249.83,1,1,2025-10-01 15:33:27,16.3,74.7,,1,0,,0
2025-10-01 15:34:12,339.02,3.71,219.61,6.9331,20.7994,220.27,221.56,217.02,381.53,382.27,377.32,380.35,7.161,7.7425,5.8959,1.3322,1.3958,0.982,2.6568,0.8428,0.9946,0.8193,4.5723,1.5774,1.7154,1.2795,0.813,0.845,0.8143,0.7678,50,425.64,249.87,1,1,2025-10-01 15:34:12,16.2,75,,1,0,,0
2025-10-01 15:34:57,339.07,3.6862,220.02,6.9004,20.7014,220.52,220.81,218.75,380.12,382.55,380.56,381.1,7.0436,7.5084,6.1494,1.2781,1.3696,1.0384,2.6661,0.8808,0.9313,0.8539,4.5564,1.5533,1.6579,1.3452,0.8102,0.8234,0.8269,0.7723,50,425.7,249.9,1,1,2025-10-01 15:34:57,16.2,74.1,,1,0,,0
2025-10-01 15:35:42,339.11,3.699,219.35,6.9196,20.7588,220.74,222.18,215.15,381.77,381.64,376.33,380.07,7.1607,7.8062,5.7919,1.3485,1.3992,0.9513,2.6484,0.8228,1.0219,0.8037,4.5612,1.5807,1.7344,1.2461,0.813,0.8536,0.8075,0.7638,49.9,425.76,249.93,1,1,2025-10-01 15:35:42,16.1,73.4,,1,0,,0
2025-10-01 15:36:27,339.16,3.6915,220.23,6.9124,20.7372,221.2,221.75,217.74,382,383.25,379.04,381.57,7.0424,7.5987,6.0961,1.2921,1.3825,1.0169,2.6804,0.8683,0.9602,0.8519,4.5702,1.5578,1.685,1.3274,0.8091,0.83,0.8213,0.7665,49.9,425.82,249.97,1,1,2025-10-01 15:36:27,16.0,73.1,,1,0,,0
2025-10-01 15:37:12,339.21,3.6925,219.93,6.9143,20.743,218.85,223.71,217.25,380.66,383.7,378.41,381,6.9875,7.7323,6.0232,1.2869,1.4224,0.9832,2.6687,0.8244,0.9815,0.8628,4.5675,1.5292,1.7298,1.3085,0.8104,0.842,0.823,0.7516,49.9,425.87,250,1,1,2025-10-01 15:37:12,15.9,73.3,,1,0,,0
2025-10-01 15:37:57,339.25,3.6525,219.87,6.8652,20.5958,218.33,223.41,217.87,381.41,382.72,378.34,380.95,7.005,7.703,5.8878,1.2867,1.405,0.9607,2.6645,0.825,0.9904,0.849,4.5331,1.5294,1.7209,1.2828,0.8078,0.8418,0.8173,0.7493,49.9,425.93,250.03,1,1,2025-10-01 15:37:57,15.8,74.2,,1,0,,0
2025-10-01 15:38:42,339.3,3.6929,220.07,6.9212,20.7637,218.14,223.68,218.39,380.5,383.55,379.43,381.19,6.9981,7.678,6.0876,1.2744,1.4179,1.0006,2.6787,0.8386,0.9658,0.8743,4.5735,1.5266,1.7174,1.3295,0.8094,0.8353,0.8264,0.753,49.9,425.99,250.07,1,1,2025-10-01 15:38:42,15.7,73.2,,1,0,,0
2025-10-01 15:39:27,339.35,3.7002,219.41,6.9285,20.785600000000002,218.78,222.42,217.03,381.16,381.49,377.43,380.02,7.033,7.8109,5.9417,1.3041,1.4244,0.9718,2.6534,0.815,0.9917,0.8468,4.5655,1.5387,1.7373,1.2895,0.8126,0.848,0.8206,0.7539,49.9,426.05,250.1,1,1,2025-10-01 15:39:27,15.6,72.6,,1,0,,0
2025-10-01 15:40:12,339.39,3.6773,219.82,6.8959,20.6877,219.43,222.43,217.61,380.81,382.71,378.69,380.6,7.028,7.6584,6.0013,1.2903,1.3964,0.9905,2.6664,0.8432,0.9728,0.8503,4.5516,1.5422,1.7035,1.3059,0.8095,0.837,0.8205,0.7587,49.9,426.1,250.13,1,1,2025-10-01 15:40:12,15.5,72.4,,1,0,,0
2025-10-01 15:40:57,339.44,3.7211,218.73,6.9568,20.8706,218.51,221.54,216.15,379.53,380.93,376.08,378.96,7.1386,7.834,5.898,1.3284,1.4195,0.9733,2.634,0.8159,0.9955,0.8225,4.5703,1.5599,1.7355,1.2749,0.8162,0.852,0.8187,0.7637,49.9,426.16,250.17,1,1,2025-10-01 15:40:57,15.5,73,,1,0,,0
2025-10-01 15:41:42,339.48,3.6907,219.28,6.9156,20.7469,218.8,222.04,217.01,380.26,382.14,376.99,379.74,7.0088,7.6992,6.0389,1.2875,1.4086,0.9946,2.6497,0.8314,0.9657,0.8526,4.5536,1.5335,1.7095,1.3105,0.8123,0.84,0.8248,0.7592,49.9,426.21,250.2,1,1,2025-10-01 15:41:42,15.5,74.3,,1,0,,0
2025-10-01 15:42:27,339.53,3.6884,219.25,6.9144,20.7433,218.07,222.01,217.69,379.16,381.73,378.36,379.64,6.9591,7.644,6.1402,1.2647,1.4098,1.0139,2.6491,0.8373,0.9416,0.8702,4.5513,1.5176,1.697,1.3367,0.8122,0.8338,0.8315,0.7588,49.9,426.27,250.23,1,1,2025-10-01 15:42:27,15.4,73.6,,1,0,,0
2025-10-01 15:43:12,339.58,3.7422,218.26,6.9884,20.9652,218.15,221.2,215.43,380.27,378.83,375.01,378.15,7.2578,7.8536,5.8538,1.3542,1.4157,0.9724,2.6247,0.8188,1.0039,0.802,4.5816,1.5833,1.7372,1.2611,0.8187,0.8557,0.8157,0.7714,49.8,426.33,250.26,1,1,2025-10-01 15:43:12,15.4,72.6,,1,0,,0
2025-10-01 15:43:57,339.62,3.767,218.52,7.0174,21.0524,218.97,220.29,216.32,379.17,379.64,376.65,378.51,7.2175,7.7536,6.0813,1.3336,1.4087,1.0247,2.6334,0.8463,0.9631,0.8241,4.604,1.5804,1.708,1.3155,0.8195,0.8443,0.8255,0.7792,49.8,426.39,250.3,1,1,2025-10-01 15:43:57,15.3,74.1,,1,0,,0
2025-10-01 15:44:42,339.67,3.6914,218.77,6.922,20.766199999999998,218.98,220.64,216.71,378.4,381.12,377.22,378.88,7.0347,7.6671,6.0644,1.2895,1.3951,1.0068,2.6384,0.8408,0.9538,0.8438,4.5463,1.5405,1.6917,1.3142,0.8135,0.8376,0.8255,0.7664,49.8,426.44,250.33,1,1,2025-10-01 15:44:42,15.3,74.9,,1,0,,0
2025-10-01 15:45:27,339.72,3.7001,218.26,6.9315,20.7947,218.8,220.42,215.56,380.21,379.07,374.82,378.23,7.1593,7.753,5.8824,1.3293,1.3946,0.9763,2.6205,0.8271,0.9852,0.8083,4.5434,1.5665,1.7089,1.268,0.816,0.849,0.8167,0.7702,49.8,426.5,250.36,1,1,2025-10-01 15:45:27,15.3,74.4,,1,0,,0
2025-10-01 15:46:12,339.76,3.6774,218.92,6.9048,20.714599999999997,217.63,222.11,217.04,378.46,381.66,377.41,379.22,6.8908,7.6648,6.159,1.2522,1.418,1.0072,2.6404,0.8233,0.9391,0.878,4.5388,1.4996,1.7024,1.3367,0.8122,0.8355,0.8337,0.7537,49.9,426.56,250.4,1,1,2025-10-01 15:46:12,15.3,74.9,,1,0,,0
2025-10-01 15:46:57,339.81,3.6506,219.33,6.863,20.589,218.89,221.36,217.74,380.72,382.13,376.8,379.92,6.9211,7.5439,6.124,1.2529,1.3837,1.014,2.6468,0.85,0.9317,0.8651,4.5183,1.515,1.6699,1.3334,0.8095,0.8275,0.8294,0.7607,49.9,426.61,250.43,1,1,2025-10-01 15:46:57,15.3,73.7,,1,0,,0
2025-10-01 15:47:42,339.85,3.6866,219.06,6.9117,20.7353,218.62,221.72,216.84,380.11,381.42,376.72,379.23,7.0359,7.6662,6.0332,1.2896,1.3997,0.9974,2.6437,0.8366,0.9613,0.8458,4.5462,1.5382,1.6997,1.3082,0.8126,0.8389,0.8243,0.7626,49.9,426.67,250.46,1,1,2025-10-01 15:47:42,15.3,73.4,,1,0,,0
2025-10-01 15:48:27,339.88,0.3048,220.1,0.4602,1.3807,221.38,222.02,216.92,382.72,381.7,379.26,381.22,0.0,1.3807,0.0,0,0.3037,0,0.0383,0,0.0383,0,0.3065,0,0.3065,0,0.9922,1,0.9921,1,49.9,426.7,250.48,0,1,2025-10-01 15:48:27,15.2,71.6,,0,0,,1
2025-10-01 15:49:12,339.88,0.3039,221.17,0.459,1.377,222.91,222.93,217.69,384.97,383.81,380.46,383.05,0.0,1.377,0.0,0,0.3039,0,0.0399,0,0.0399,0,0.307,0,0.307,0,0.9914,1,0.9914,1,49.9,426.7,250.48,0,1,2025-10-01 15:49:12,15.2,74.1,,0,0,,1
2025-10-01 15:49:57,339.89,0.3007,221.17,0.4541,1.3625,222.07,223.11,218.35,384.79,383.89,380.57,383.1,0.0,1.3625,0.0,0,0.3007,0,0.0411,0,0.0411,0,0.304,0,0.304,0,0.9908,1,0.9908,1,49.9,426.71,250.48,0,1,2025-10-01 15:49:57,15.3,77.1,,0,0,,1
2025-10-01 15:50:42,339.89,0.3013,221.23,0.4548,1.3645,221.77,223.16,218.77,383.51,384.4,381.61,383.23,0.0,1.3645,0.0,0,0.3013,0,0.0411,0,0.0411,0,0.3045,0,0.3045,0,0.9908,1,0.9908,1,49.9,426.71,250.48,0,1,2025-10-01 15:50:42,15.5,80.2,,0,0,,1
2025-10-01 15:51:27,339.89,0.2994,220.47,0.454,1.3621,221.34,222.03,218.04,383.39,382.57,379.62,381.88,0.0,1.3621,0.0,0,0.2994,0,0.0399,0,0.0399,0,0.3024,0,0.3024,0,0.9912,1,0.9912,1,49.9,426.72,250.48,0,1,2025-10-01 15:51:27,15.7,82.5,,0,0,,1
2025-10-01 15:52:12,339.9,0.2998,221.14,0.4535,1.3607,221.55,222.69,219.2,383.42,384.31,381.35,383.09,0.0,1.3607,0.0,0,0.2998,0,0.0405,0,0.0405,0,0.303,0,0.303,0,0.9909,1,0.9909,1,49.9,426.72,250.48,0,1,2025-10-01 15:52:12,16.0,84.6,,0,0,,1
2025-10-01 15:52:57,339.9,0.301,221.18,0.4546,1.3638,223.19,223.07,217.3,384.37,383.59,381.3,382.81,0.0,1.3638,0.0,0,0.301,0,0.0411,0,0.0411,0,0.3042,0,0.3042,0,0.9907,1,0.9907,1,49.9,426.72,250.48,0,1,2025-10-01 15:52:57,16.3,85.8,,0,0,,1
2025-10-01 15:53:42,339.9,0.2998,220.55,0.4527,1.3583,223.75,223.19,214.72,385.18,381.62,379.18,382,0.0,1.3583,0.0,0,0.2998,0,0.0418,0,0.0418,0,0.3032,0,0.3032,0,0.9904,1,0.9904,1,49.9,426.73,250.48,0,1,2025-10-01 15:53:42,16.5,87.5,,0,0,,1
2025-10-01 15:54:27,339.91,0.2984,221.07,0.4526,1.3579,223.91,222.06,217.26,384.38,383.24,381.06,382.87,0.0,1.3579,0.0,0,0.2984,0,0.0403,0,0.0403,0,0.3015,0,0.3015,0,0.991,1,0.991,1,49.8,426.73,250.48,0,1,2025-10-01 15:54:27,16.8,88.1,,0,0,,1
2025-10-01 15:55:12,339.91,0.3005,220.51,0.4528,1.3586,221.49,223.72,216.33,381.82,383.8,380.08,381.93,0.0,1.3586,0.0,0,0.3005,0,0.0422,0,0.0422,0,0.3039,0,0.3039,0,0.9902,1,0.9902,1,49.9,426.73,250.48,0,1,2025-10-01 15:55:12,17.0,89.1,,0,0,,1
2025-10-01 15:55:57,339.92,0.2998,220.08,0.4525,1.3577,221.57,223.3,215.38,383.15,382.18,378.21,381.21,0.0,1.3577,0.0,0,0.2998,0,0.0415,0,0.0415,0,0.3032,0,0.3032,0,0.9905,1,0.9905,1,49.8,426.74,250.48,0,1,2025-10-01 15:55:57,17.2,90.2,,0,0,,1
2025-10-01 15:56:42,339.92,0.2985,219.81,0.4514,1.3544,219.7,222.83,216.92,380.77,383.35,378.02,380.59,0.0,1.3544,0.0,0,0.2985,0,0.0408,0,0.0408,0,0.3018,0,0.3018,0,0.9907,1,0.9907,1,49.9,426.74,250.48,0,1,2025-10-01 15:56:42,17.4,90.6,,0,0,,1
2025-10-01 15:57:27,339.92,0.2961,219.97,0.4498,1.3494,220.88,221.74,217.31,380.28,382.54,380.12,380.69,0.0,1.3494,0.0,0,0.2961,0,0.0401,0,0.0401,0,0.2992,0,0.2992,0,0.9909,1,0.9909,1,49.8,426.75,250.49,0,1,2025-10-01 15:57:27,17.5,91,,0,0,,1
2025-10-01 15:58:12,339.93,0.2975,219.45,0.4507,1.3522,220.42,222.33,215.62,382.3,381.94,376.05,380.05,0.0,1.3522,0.0,0,0.2975,0,0.0403,0,0.0403,0,0.3006,0,0.3006,0,0.9909,1,0.9909,1,49.8,426.75,250.49,0,1,2025-10-01 15:58:12,17.7,90.8,,0,0,,1
2025-10-01 15:58:57,339.93,0.2979,220.12,0.4508,1.3524,219.51,222.63,218.23,381.8,383.96,378,381.26,0.0,1.3524,0.0,0,0.2979,0,0.0406,0,0.0406,0,0.3011,0,0.3011,0,0.9908,1,0.9908,1,49.8,426.75,250.49,0,1,2025-10-01 15:58:57,17.9,91.1,,0,0,,1
2025-10-01 15:59:42,339.93,0.2968,220.3,0.4501,1.3503,220.14,222.08,218.68,381.12,383.55,380.01,381.65,0.0,1.3503,0.0,0,0.2968,0,0.04,0,0.04,0,0.2999,0,0.2999,0,0.991,1,0.991,1,49.8,426.76,250.49,0,1,2025-10-01 15:59:42,18.1,91.4,,0,0,,1
2025-10-01 16:00:27,339.94,3.9742,219.28,10.6957,32.0872,218.96,221.42,217.46,381.38,381.59,376.43,381.01,11.137,10.975,9.9752,1.4809,1.4422,1.051,3.1616,1.0706,1.1306,0.9603,7.0378,2.4386,2.4301,2.1692,0.7825,0.8103,0.787,0.7382,49.9,426.76,250.49,1,1,2025-10-01 16:00:27,18.2,91.7,,1,0,,0
2025-10-01 16:01:12,339.98,3.7433,220.29,6.9899,20.969700000000003,220.71,220.56,219.61,381.66,383.08,379.9,381.28,7.1326,7.6473,6.1898,1.3015,1.392,1.0498,2.6964,0.8841,0.9497,0.8626,4.6203,1.5742,1.6867,1.3593,0.8114,0.8272,0.826,0.7726,49.9,426.82,250.52,1,1,2025-10-01 16:01:12,18.3,91,,1,0,,0
2025-10-01 16:01:57,340.03,3.7578,220.73,7.0015,21.0045,221.15,221.1,219.96,383,384.02,379.91,382.27,7.1039,7.7043,6.1963,1.3024,1.4075,1.048,2.7041,0.8769,0.9567,0.8705,4.6374,1.571,1.7034,1.3629,0.8116,0.8294,0.827,0.7692,49.9,426.88,250.56,1,1,2025-10-01 16:01:57,18.3,87.5,,1,0,,0
2025-10-01 16:02:42,340.08,3.7341,220.26,6.9731,20.9193,220.93,221.96,217.89,383.56,382.67,378.25,381.37,7.2092,7.8413,5.8688,1.3495,1.4084,0.9762,2.6888,0.8443,1.0195,0.8251,4.6119,1.5927,1.7405,1.2788,0.8115,0.8477,0.81,0.7637,49.9,426.93,250.59,1,1,2025-10-01 16:02:42,18.1,85.3,,1,0,,0
2025-10-01 16:03:27,340.13,3.7723,220.82,7.0191,21.0575,220.7,221.82,219.94,382.49,384.63,380.26,382.4,7.1154,7.7057,6.2364,1.302,1.4159,1.0543,2.7071,0.8762,0.9545,0.8764,4.6513,1.5704,1.7093,1.3716,0.8124,0.8296,0.8291,0.769,49.9,426.99,250.62,1,1,2025-10-01 16:03:27,18.0,82.7,,1,0,,0
2025-10-01 16:04:12,340.17,3.7468,220.13,6.9972,20.991600000000002,218.41,223.35,218.64,381.01,386.88,375.89,381.2,7.0516,7.8216,6.1184,1.2954,1.4441,1.0073,2.6899,0.8312,0.9795,0.8792,4.6248,1.5401,1.747,1.3377,0.8123,0.8416,0.8275,0.7533,49.9,427.05,250.66,1,1,2025-10-01 16:04:12,17.8,81.4,,1,0,,0
2025-10-01 16:04:57,340.22,3.7434,220.28,6.99,20.97,218.91,223.27,218.68,381.48,384.04,379.11,381.51,7.0933,7.7504,6.1263,1.2998,1.4275,1.0161,2.695,0.8478,0.9749,0.8723,4.6229,1.5528,1.7304,1.3397,0.8115,0.8375,0.8257,0.7587,49.9,427.11,250.69,1,1,2025-10-01 16:04:57,17.6,79.9,,1,0,,0
2025-10-01 16:05:42,340.27,3.803,220.62,7.0663,21.198999999999998,219.87,223.8,218.2,382.59,384.39,379.39,382.15,7.2062,7.8868,6.106,1.3392,1.4488,1.015,2.7113,0.8447,1.0047,0.8619,4.6818,1.5844,1.7651,1.3323,0.8142,0.8458,0.8217,0.7622,49.9,427.17,250.72,1,1,2025-10-01 16:05:42,17.5,78.4,,1,0,,0
2025-10-01 16:06:27,340.31,3.7792,220.45,7.0345,21.1037,219.55,223.96,217.86,382.9,383.5,379.11,381.76,7.2073,7.9008,5.9956,1.3436,1.4447,0.991,2.7025,0.834,1.0186,0.8499,4.658,1.5824,1.7695,1.3062,0.8134,0.8496,0.8172,0.759,49.9,427.22,250.76,1,1,2025-10-01 16:06:27,17.3,77.6,,1,0,,0
2025-10-01 16:07:12,340.36,3.7835,220.97,7.0361,21.1085,221.86,222.35,218.7,383.81,384.31,380.03,382.78,7.1479,7.7423,6.2183,1.3201,1.4172,1.0462,2.7186,0.8767,0.9741,0.8678,4.6673,1.5858,1.7215,1.3599,0.812,0.833,0.8241,0.7696,49.9,427.28,250.79,1,1,2025-10-01 16:07:12,17.2,76.5,,1,0,,0
2025-10-01 16:07:57,340.41,3.777,220.36,7.032,21.0961,221.62,222.05,217.42,382.81,383.15,379.02,381.83,7.2626,7.8843,5.9492,1.3644,1.4187,0.9939,2.7016,0.8518,1.023,0.8268,4.6537,1.6095,1.7507,1.2935,0.8133,0.8482,0.8111,0.7687,49.9,427.34,250.83,1,1,2025-10-01 16:07:57,17.0,75.6,,1,0,,0
2025-10-01 16:08:42,340.46,3.7809,220.97,7.0346,21.1039,221.24,222.15,219.52,383.96,384.01,380.2,382.75,7.21,7.7627,6.1312,1.3306,1.4142,1.0361,2.7196,0.878,0.9837,0.8579,4.6655,1.5951,1.7245,1.3459,0.8118,0.8346,0.8209,0.7702,49.9,427.4,250.86,1,1,2025-10-01 16:08:42,16.9,74.7,,1,0,,0
2025-10-01 16:09:27,340.5,3.775,221.04,7.0321,21.096400000000003,220.36,221.93,220.85,382.29,384.84,381.44,382.66,7.07,7.6348,6.3916,1.2749,1.4156,1.0845,2.7238,0.8935,0.9279,0.9024,4.6639,1.5579,1.6944,1.4116,0.8109,0.8188,0.8363,0.7686,49.9,427.46,250.89,1,1,2025-10-01 16:09:27,16.7,73.4,,1,0,,0
2025-10-01 16:10:12,340.55,3.7904,220.76,7.0483,21.1451,220.62,221.55,220.11,381.66,384.41,381,382.38,7.1822,7.7221,6.2408,1.3133,1.4158,1.0612,2.7134,0.8848,0.9575,0.8712,4.669,1.5845,1.7108,1.3737,0.8131,0.8293,0.8283,0.7729,49.9,427.52,250.93,1,1,2025-10-01 16:10:12,16.6,73.7,,1,0,,0
2025-10-01 16:10:57,340.6,3.7459,220.69,6.9914,20.974400000000003,220.88,222,219.21,383.77,383.45,379.54,382.3,7.1087,7.7386,6.1271,1.3076,1.4119,1.0264,2.7079,0.8672,0.9756,0.8651,4.6313,1.5702,1.718,1.3431,0.8104,0.8333,0.822,0.765,49.9,427.57,250.96,1,1,2025-10-01 16:10:57,16.5,73.7,,1,0,,0
2025-10-01 16:11:42,340.64,3.758,220.69,7.005,21.015,221.21,221.39,219.49,382,383.94,380.78,382.3,7.1114,7.6884,6.2152,1.3023,1.4056,1.0501,2.7067,0.8802,0.9568,0.8697,4.6394,1.5731,1.7021,1.3642,0.8114,0.8284,0.8266,0.7701,49.9,427.63,250.99,1,1,2025-10-01 16:11:42,16.4,73,,1,0,,0
2025-10-01 16:12:27,340.69,3.7235,220.34,6.9641,20.892400000000002,221.1,222.71,217.21,383.58,383.01,378.31,381.59,7.1772,7.8342,5.881,1.3428,1.4117,0.969,2.6964,0.8401,1.0257,0.8306,4.609,1.5869,1.7448,1.2774,0.8099,0.847,0.8087,0.7599,49.9,427.69,251.03,1,1,2025-10-01 16:12:27,16.3,72.3,,1,0,,0
2025-10-01 16:13:12,340.74,3.7052,219.85,6.9435,20.8306,218.89,222.11,218.57,380.9,383.45,378.04,380.83,6.9846,7.6988,6.1472,1.2727,1.4161,1.0164,2.6778,0.8449,0.9552,0.8777,4.5824,1.5289,1.71,1.3436,0.8104,0.8331,0.829,0.7568,49.8,427.75,251.06,1,1,2025-10-01 16:13:12,16.1,71.6,,1,0,,0
2025-10-01 16:13:57,340.79,3.6939,219.2,6.9297,20.7891,217.6,221.46,218.55,378.87,382.73,377.4,379.88,7.0225,7.7282,6.0384,1.2802,1.4146,0.999,2.6542,0.8324,0.9602,0.8616,4.5593,1.5281,1.7115,1.3197,0.8121,0.8383,0.8274,0.7572,49.9,427.81,251.1,1,1,2025-10-01 16:13:57,16.0,72.3,,1,0,,0
2025-10-01 16:14:42,340.83,3.7547,218.5,7.0103,21.0309,217.66,222.02,215.82,382.06,379.36,373.94,378.29,7.2323,7.9309,5.8677,1.3505,1.4376,0.9666,2.6387,0.8071,1.0142,0.8174,4.6014,1.5742,1.7608,1.2664,0.8181,0.8583,0.8171,0.7635,49.8,427.86,251.13,1,1,2025-10-01 16:14:42,16.0,73.1,,1,0,,0
2025-10-01 16:15:27,340.88,3.7866,219.13,7.044,21.1321,217.9,221.33,218.17,379.18,382.04,377.41,379.61,7.0752,7.7773,6.2796,1.2916,1.4425,1.0526,2.6529,0.8402,0.9365,0.8762,4.6331,1.5417,1.7213,1.37,0.819,0.8382,0.8387,0.7685,49.9,427.92,251.16,1,1,2025-10-01 16:15:27,15.9,73,,1,0,,0
2025-10-01 16:16:12,340.93,3.7956,219.37,7.052,21.1562,219.77,221.11,217.25,380.41,382.08,377.38,379.99,7.1745,7.8529,6.1288,1.3328,1.4352,1.0276,2.6608,0.8405,0.9744,0.8459,4.6446,1.5767,1.7364,1.3315,0.8188,0.8458,0.8273,0.772,49.9,427.98,251.19,1,1,2025-10-01 16:16:12,15.9,72.5,,1,0,,0
2025-10-01 16:16:57,340.97,3.7736,219.88,7.0203,21.061,219.61,222.52,217.51,382.21,383.16,377.14,380.75,7.1073,7.8615,6.0922,1.321,1.4434,1.0092,2.6722,0.8293,0.9852,0.8577,4.6353,1.5608,1.7493,1.3251,0.8161,0.8469,0.8259,0.762,49.9,428.04,251.23,1,1,2025-10-01 16:16:57,15.8,72.7,,1,0,,0
2025-10-01 16:17:42,341.02,3.7019,220.13,6.9277,20.7831,220.28,221.84,218.27,381,383.65,379.12,381.29,6.9389,7.6657,6.1785,1.2694,1.4096,1.0229,2.676,0.8496,0.9483,0.8781,4.5776,1.5285,1.7006,1.3486,0.8104,0.831,0.8297,0.7587,49.9,428.09,251.26,1,1,2025-10-01 16:17:42,15.8,73.6,,1,0,,0
2025-10-01 16:18:27,341.07,3.7162,220.35,6.9413,20.824099999999998,220.61,222.22,218.22,381.98,383.57,379.39,381.64,6.9741,7.7231,6.1269,1.2854,1.4173,1.0134,2.6792,0.8435,0.9645,0.8712,4.5918,1.5386,1.7162,1.337,0.8111,0.836,0.8267,0.7583,50,428.15,251.3,1,1,2025-10-01 16:18:27,15.8,72.7,,1,0,,0
2025-10-01 16:19:12,341.11,3.724,220.14,6.9544,20.8632,220.69,222.29,217.46,382.52,383.29,378.06,381.42,7.0693,7.8388,5.9551,1.3209,1.423,0.9801,2.6757,0.828,1.0023,0.8454,4.5976,1.5601,1.7425,1.295,0.8121,0.8473,0.8175,0.7571,50,428.21,251.33,1,1,2025-10-01 16:19:12,15.7,73,,1,0,,0
2025-10-01 16:19:57,341.16,3.7007,220.27,6.9217,20.765300000000003,220.64,221.5,218.68,381.52,384.17,378.82,381.5,7.0228,7.6931,6.0494,1.293,1.4007,1.007,2.6761,0.8519,0.9673,0.857,4.5764,1.5495,1.704,1.3229,0.8103,0.835,0.8228,0.7615,50,428.27,251.36,1,1,2025-10-01 16:19:57,15.7,72.3,,1,0,,0
2025-10-01 16:20:42,341.2,3.7053,219.65,6.9274,20.7824,221.09,220.94,216.93,382.31,382.21,376.76,380.55,7.1356,7.7646,5.8822,1.3333,1.3936,0.9784,2.658,0.8417,0.9979,0.8185,4.5691,1.5776,1.7155,1.276,0.8125,0.8456,0.813,0.7669,50,428.32,251.39,1,1,2025-10-01 16:20:42,15.7,71.1,,1,0,,0
2025-10-01 16:21:27,341.25,3.6893,219.96,6.9054,20.7164,220.73,221.69,217.47,382.01,383.1,377.8,380.97,7.018,7.7395,5.9589,1.303,1.4031,0.9832,2.6634,0.8358,0.9843,0.8433,4.5607,1.5491,1.7158,1.2959,0.8107,0.8417,0.8186,0.759,50,428.38,251.43,1,1,2025-10-01 16:21:27,15.6,72,,1,0,,0
2025-10-01 16:22:12,341.3,3.7016,220.04,6.9272,20.781599999999997,218.65,223.07,218.42,381.25,384.27,377.86,381.1,6.8721,7.7731,6.1364,1.2599,1.4416,1.0001,2.6688,0.817,0.9602,0.8916,4.5768,1.5026,1.7339,1.3403,0.8111,0.839,0.8322,0.7464,50,428.44,251.46,1,1,2025-10-01 16:22:12,15.5,71.8,,1,0,,0
2025-10-01 16:22:57,341.34,3.733,219.85,6.9681,20.904400000000003,218.79,223,217.78,381.34,383.97,377.08,380.79,6.9422,7.8638,6.0984,1.2847,1.454,0.9943,2.6643,0.8082,0.9768,0.8793,4.6006,1.5189,1.7536,1.3281,0.8139,0.8464,0.83,0.749,49.9,428.5,251.5,1,1,2025-10-01 16:22:57,15.5,72.4,,1,0,,0
2025-10-01 16:23:42,341.39,3.7776,220,7.0273,21.081899999999997,218.83,222.87,218.31,380.76,384.67,377.71,381.04,6.9387,7.8519,6.2913,1.2751,1.4665,1.036,2.6746,0.8225,0.9512,0.9009,4.6418,1.5184,1.75,1.3735,0.8161,0.8403,0.8389,0.7545,49.9,428.55,251.53,1,1,2025-10-01 16:23:42,15.4,72.7,,1,0,,0
2025-10-01 16:24:27,341.44,3.6914,220.84,6.9137,20.741300000000003,220.61,222.4,219.53,382.44,385.16,379.91,382.5,6.8975,7.7014,6.1424,1.2625,1.4164,1.0124,2.6975,0.8477,0.9598,0.89,4.5829,1.5217,1.7128,1.3484,0.8073,0.8302,0.8278,0.751,50,428.61,251.56,1,1,2025-10-01 16:24:27,15.3,72.2,,1,0,,0
2025-10-01 16:25:12,341.48,3.677,220.42,6.8965,20.689700000000002,220.94,222.3,218.03,383.69,384.12,377.49,381.83,7.048,7.8086,5.8331,1.3159,1.4058,0.9554,2.6847,0.8308,1.0153,0.8387,4.5648,1.5572,1.7359,1.2718,0.8076,0.8455,0.8106,0.7515,50,428.67,251.6,1,1,2025-10-01 16:25:12,15.3,73.2,,1,0,,0
2025-10-01 16:25:57,341.51,0.3057,221.33,0.4608,1.3825,221.62,223.14,219.25,384.23,385.32,380.51,383.39,0.0,1.3825,0.0,0,0.3057,0,0.0384,0,0.0384,0,0.3085,0,0.3085,0,0.9922,1,0.9922,1,50,428.71,251.62,0,1,2025-10-01 16:25:57,15.2,73.7,,0,0,,1
2025-10-01 16:26:42,341.52,0.3051,221.25,0.4589,1.3769,222.14,223.73,217.9,386.03,384.8,378.83,383.23,0.0,1.3769,0.0,0,0.3051,0,0.0394,0,0.0394,0,0.3081,0,0.3081,0,0.9917,1,0.9917,1,50,428.71,251.62,0,1,2025-10-01 16:26:42,15.2,75.2,,0,0,,1
2025-10-01 16:27:27,341.52,0.3029,221.29,0.456,1.3681,221.9,223.65,218.34,385.22,385.46,379.17,383.3,0.0,1.3681,0.0,0,0.3029,0,0.0402,0,0.0402,0,0.306,0,0.306,0,0.9912,1,0.9912,1,50,428.71,251.62,0,1,2025-10-01 16:27:27,15.3,77.2,,0,0,,1
2025-10-01 16:28:12,341.53,0.301,221.68,0.4551,1.3653,221.87,222.67,220.52,383.56,386.55,381.74,383.92,0.0,1.3653,0.0,0,0.301,0,0.0394,0,0.0394,0,0.304,0,0.304,0,0.9915,1,0.9915,1,50,428.72,251.62,0,1,2025-10-01 16:28:12,15.5,79.4,,0,0,,1
2025-10-01 16:28:57,341.53,0.303,221.2,0.4559,1.3677,222.02,223.91,217.69,385.72,384.83,378.85,383.07,0.0,1.3677,0.0,0,0.303,0,0.0407,0,0.0407,0,0.3062,0,0.3062,0,0.9911,1,0.9911,1,50,428.72,251.62,0,1,2025-10-01 16:28:57,15.8,82.8,,0,0,,1
2025-10-01 16:29:42,341.53,0.3008,221.11,0.4535,1.3607,221.36,222.57,219.41,382.7,385.63,380.54,382.94,0.0,1.3607,0.0,0,0.2998,0,0.0396,0,0.0396,0,0.3029,0,0.3029,0,0.9914,1,0.9913,1,50,428.72,251.62,0,1,2025-10-01 16:29:42,16.1,84.2,,0,0,,1
2025-10-01 16:30:27,341.54,0.3053,221.2,0.4553,1.3659,220.05,225.33,218.22,383.28,386.2,379.86,383.2,0.0,1.3659,0.0,0,0.3042,0,0.0426,0,0.0426,0,0.3078,0,0.3078,0,0.9903,1,0.9903,1,50,428.73,251.62,0,1,2025-10-01 16:30:27,16.3,85.9,,0,0,,1
2025-10-01 16:31:12,341.54,0.3058,221.83,0.4564,1.3693,220.77,225.92,218.81,385.48,387.34,379.84,384.25,0.0,1.3693,0.0,0,0.3058,0,0.0431,0,0.0431,0,0.3094,0,0.3094,0,0.9902,1,0.9902,1,50,428.73,251.62,0,1,2025-10-01 16:31:12,16.5,86.5,,0,0,,1
2025-10-01 16:31:57,341.54,0.3064,221.93,0.4565,1.3697,220.08,226.33,219.4,384.12,387.99,381.07,384.46,0.0,1.3697,0.0,0,0.3064,0,0.0433,0,0.0433,0,0.31,0,0.31,0,0.9901,1,0.9901,1,50,428.74,251.62,0,1,2025-10-01 16:31:57,16.7,87.4,,0,0,,1
2025-10-01 16:32:42,341.55,0.3041,222.13,0.4556,1.3668,222.66,225,218.73,384.84,387.6,381.69,384.71,0.0,1.3668,0.0,0,0.3041,0,0.0417,0,0.0417,0,0.3075,0,0.3075,0,0.9907,1,0.9907,1,50,428.74,251.62,0,1,2025-10-01 16:32:42,16.8,88.3,,0,0,,1
2025-10-01 16:33:27,341.55,0.3022,221.27,0.454,1.3622,222.87,224.18,216.78,386.82,384.06,378.89,383.23,0.0,1.3622,0.0,0,0.3022,0,0.0406,0,0.0406,0,0.3054,0,0.3054,0,0.991,1,0.991,1,50,428.74,251.62,0,1,2025-10-01 16:33:27,17.0,89.4,,0,0,,1
2025-10-01 16:34:12,341.56,0.3,221.93,0.4535,1.3605,222.86,222.78,220.17,383.53,387.15,382.44,384.43,0.0,1.3605,0.0,0,0.3,0,0.0394,0,0.0394,0,0.3031,0,0.3031,0,0.9914,1,0.9914,1,50,428.75,251.62,0,1,2025-10-01 16:34:12,17.1,90.1,,0,0,,1
2025-10-01 16:34:57,341.56,0.301,221.42,0.4534,1.3603,222.24,223.64,218.39,384.52,385.74,380.23,383.46,0.0,1.3603,0.0,0,0.301,0,0.0404,0,0.0404,0,0.3042,0,0.3042,0,0.9911,1,0.9911,1,50,428.75,251.62,0,1,2025-10-01 16:34:57,17.3,90.6,,0,0,,1
2025-10-01 16:35:42,341.56,0.301,221.13,0.4534,1.3602,222.04,223.64,217.72,384.83,384.64,379.53,383.05,0.0,1.3602,0.0,0,0.301,0,0.0403,0,0.0403,0,0.3042,0,0.3042,0,0.9911,1,0.9911,1,50,428.75,251.62,0,1,2025-10-01 16:35:42,17.4,91,,0,0,,1
2025-10-01 16:36:27,341.57,0.3001,221.2,0.4531,1.3594,221.65,223.08,218.89,383.64,385.41,380.31,383.27,0.0,1.3594,0.0,0,0.3001,0,0.0399,0,0.0399,0,0.3033,0,0.3033,0,0.9912,1,0.9912,1,50,428.76,251.62,0,1,2025-10-01 16:36:27,17.6,91.5,,0,0,,1
2025-10-01 16:37:12,341.57,0.3022,221.23,0.4536,1.361,220.68,224.53,218.49,384.12,385.68,379.74,383.26,0.0,1.361,0.0,0,0.3022,0,0.0418,0,0.0418,0,0.3056,0,0.3056,0,0.9905,1,0.9905,1,49.9,428.76,251.63,0,1,2025-10-01 16:37:12,17.7,92,,0,0,,1
2025-10-01 16:37:57,341.57,0.3001,220.31,0.4522,1.3568,220.17,223.38,217.38,384.21,383.01,377.54,381.68,0.0,1.3568,0.0,0,0.3001,0,0.0401,0,0.0401,0,0.3031,0,0.3031,0,0.9912,1,0.9912,1,50,428.77,251.63,0,1,2025-10-01 16:37:57,17.8,92.1,,0,0,,1
2025-10-01 16:38:42,341.58,0.2993,220.97,0.4523,1.3571,220.3,222.7,219.93,381.62,385.66,380.9,382.72,0.0,1.3571,0.0,0,0.2993,0,0.0391,0,0.0391,0,0.3022,0,0.3022,0,0.9915,1,0.9915,1,50,428.77,251.63,0,1,2025-10-01 16:38:42,18.0,92.1,,0,0,,1
2025-10-01 16:39:27,341.58,0.3024,220.25,0.4531,1.3595,218.42,224.88,217.46,381.75,385.37,377.33,381.54,0.0,1.3595,0.0,0,0.3024,0,0.0416,0,0.0416,0,0.3057,0,0.3057,0,0.9906,1,0.9906,1,50,428.77,251.63,0,1,2025-10-01 16:39:27,18.1,92.2,,0,0,,1
2025-10-01 16:40:12,341.59,0.2998,219.08,0.4517,1.3552,218.78,223.51,214.96,380.14,382.64,375.53,379.52,0.0,1.3552,0.0,0,0.2998,0,0.0398,0,0.0398,0,0.3029,0,0.3029,0,0.9913,1,0.9913,1,50,428.78,251.63,0,1,2025-10-01 16:40:12,18.1,92.1,,0,0,,1
2025-10-01 16:40:57,341.59,0.2994,219.95,0.4519,1.3559,220.01,223.07,216.77,380.03,384.42,378.33,380.93,0.0,1.3559,0.0,0,0.2994,0,0.0393,0,0.0393,0,0.3025,0,0.3025,0,0.9914,1,0.9914,1,50,428.78,251.63,0,1,2025-10-01 16:40:57,18.3,92.3,,0,0,,1
2025-10-01 16:41:42,341.59,0.2999,219.53,0.452,1.356,219.2,223.39,216.02,380.4,383.78,376.49,380.24,0.0,1.356,0.0,0,0.2999,0,0.0395,0,0.0395,0,0.3029,0,0.3029,0,0.9914,1,0.9914,1,50,428.79,251.63,0,1,2025-10-01 16:41:42,18.3,92.1,,0,0,,1
2025-10-01 16:42:27,341.63,3.7009,218.48,6.9303,20.7909,219.66,221.39,214.4,380.3,380.11,374.81,378.48,7.1395,7.851,5.8004,1.3446,1.4086,0.9478,2.6249,0.8054,1.0153,0.8042,4.55,1.5683,1.7381,1.2436,0.8156,0.8578,0.8112,0.7624,50,428.83,251.65,1,1,2025-10-01 16:42:27,18.4,92,,1,0,,0
2025-10-01 16:43:12,341.67,3.7337,218.77,6.9716,20.915,219.52,222.13,214.68,380.29,382.2,374.22,378.67,7.0055,7.9396,5.9699,1.32,1.4483,0.9655,2.6317,0.7869,1.003,0.8419,4.5831,1.5378,1.7636,1.2816,0.8173,0.8589,0.8221,0.7537,50,428.88,251.68,1,1,2025-10-01 16:43:12,18.3,89.2,,1,0,,0
2025-10-01 16:43:57,341.72,3.7828,218.59,7.033,21.0991,219.3,222.28,214.21,379.28,381.36,375.12,378.67,7.1294,7.9912,5.9785,1.3486,1.4588,0.9754,2.6282,0.789,1.0103,0.8289,4.6204,1.5635,1.7763,1.2807,0.8212,0.8631,0.822,0.7619,50,428.94,251.72,1,1,2025-10-01 16:43:57,18.1,86.2,,1,0,,0
2025-10-01 16:44:42,341.77,3.7548,218.1,6.9995,20.9987,219.01,222.04,213.27,380.8,380.13,372.35,377.58,7.1777,7.9861,5.8349,1.3623,1.4442,0.9482,2.6128,0.7824,1.0255,0.8049,4.5896,1.572,1.7732,1.2444,0.8208,0.8671,0.8153,0.7623,50,429,251.75,1,1,2025-10-01 16:44:42,17.9,84.3,,1,0,,0
2025-10-01 16:45:27,341.82,3.7357,219.11,6.9734,20.9202,219.33,222.53,215.47,379.71,382.33,376.4,379.5,6.9432,7.8655,6.1115,1.2944,1.45,0.9913,2.6433,0.8002,0.9772,0.866,4.59,1.5229,1.7503,1.3168,0.8163,0.8506,0.8292,0.7531,50,429.06,251.78,1,1,2025-10-01 16:45:27,17.7,82.9,,1,0,,0
2025-10-01 16:46:12,341.86,3.7063,219.15,6.928,20.7841,219.1,222.8,215.56,379.61,382.7,376.36,379.65,6.9211,7.8079,6.0551,1.2874,1.4386,0.9803,2.6354,0.7994,0.975,0.861,4.5613,1.5164,1.7396,1.3052,0.8149,0.8495,0.8278,0.7513,50,429.11,251.82,1,1,2025-10-01 16:46:12,17.5,81,,1,0,,0
2025-10-01 16:46:57,341.91,3.7042,218.58,6.9286,20.7858,218.76,222.62,214.37,379.42,381.48,374.82,378.67,7.0248,7.8702,5.8908,1.3185,1.4344,0.9513,2.6209,0.7876,1.0033,0.8299,4.5516,1.5367,1.7521,1.2628,0.8163,0.8584,0.8194,0.7535,50,429.17,251.85,1,1,2025-10-01 16:46:57,17.3,79.9,,1,0,,0
2025-10-01 16:47:42,341.95,3.6883,218.62,6.9051,20.715400000000002,219.18,221.52,215.16,378.49,381.13,376.27,378.64,6.9827,7.7541,5.9786,1.2983,1.4139,0.9761,2.6173,0.8084,0.9721,0.8368,4.5345,1.5305,1.7177,1.2864,0.8155,0.8488,0.824,0.7592,50,429.23,251.88,1,1,2025-10-01 16:47:42,17.2,78.7,,1,0,,0
2025-10-01 16:48:27,342,3.6758,218.48,6.8863,20.6591,220.79,222.04,212.62,379.7,380.85,374.56,378.46,7.0522,7.797,5.8099,1.336,1.4013,0.9386,2.6145,0.798,1.0141,0.8025,4.5236,1.5571,1.7312,1.2353,0.8148,0.8585,0.8101,0.76,50,429.29,251.91,1,1,2025-10-01 16:48:27,17.0,77.3,,1,0,,0
2025-10-01 16:49:12,342.04,3.7052,218.57,6.9283,20.7849,219,222.8,213.93,378.76,381.47,375.4,378.48,6.9421,7.7745,6.0683,1.2928,1.4317,0.9807,2.6198,0.7981,0.972,0.8497,4.5507,1.5203,1.7322,1.2982,0.8165,0.8509,0.8273,0.7558,50,429.34,251.95,1,1,2025-10-01 16:49:12,16.8,75.1,,1,0,,0
2025-10-01 16:49:57,342.09,3.6936,218.24,6.9121,20.7363,218.54,222.95,213.23,379.51,380.68,373.75,378.05,7.023,7.8448,5.8685,1.3202,1.4299,0.9435,2.6066,0.7811,1.0043,0.8212,4.5351,1.5348,1.749,1.2513,0.817,0.8606,0.8183,0.7543,50,429.4,251.98,1,1,2025-10-01 16:49:57,16.6,75.6,,1,0,,0
2025-10-01 16:50:42,342.14,3.6768,218.74,6.8984,20.6954,216.99,224.48,214.76,379.73,382.22,374.64,378.76,6.856,7.8856,5.9538,1.2759,1.4614,0.9396,2.6256,0.7631,0.9959,0.8666,4.5365,1.4877,1.7702,1.2786,0.8138,0.8582,0.8263,0.735,50,429.45,252.01,1,1,2025-10-01 16:50:42,16.5,75,,1,0,,0
2025-10-01 16:51:27,342.18,3.6747,219.15,6.8995,20.6987,216.83,224.45,216.19,377.99,383.46,377.21,379.59,6.7776,7.808,6.1131,1.244,1.4604,0.9702,2.6425,0.7805,0.9655,0.8966,4.5437,1.4696,1.7525,1.3216,0.8118,0.847,0.8341,0.7344,50,429.51,252.05,1,1,2025-10-01 16:51:27,16.4,75,,1,0,,0
2025-10-01 16:52:12,342.23,3.7229,218.92,6.9571,20.8714,218.22,223.65,214.9,381.07,380.91,375.56,379.16,7.0731,7.91,5.8883,1.3258,1.447,0.9501,2.6378,0.7882,1.0147,0.8348,4.578,1.5435,1.7691,1.2654,0.8159,0.8595,0.8187,0.7512,50,429.57,252.08,1,1,2025-10-01 16:52:12,16.2,74.1,,1,0,,0
2025-10-01 16:52:57,342.28,3.7447,220.2,6.9849,20.9549,219.88,224.85,215.89,382.55,383.44,378.18,381.31,7.0252,7.8656,6.0641,1.3121,1.4516,0.9811,2.6863,0.8132,1.0071,0.866,4.6225,1.5447,1.7686,1.3092,0.8125,0.8499,0.8216,0.7497,50,429.63,252.11,1,1,2025-10-01 16:52:57,16.1,73.4,,1,0,,0
2025-10-01 16:53:42,342.32,3.7153,220.27,6.947,20.841099999999997,219.69,224.8,216.33,381.87,383.94,378.7,381.58,7.0898,7.8496,5.9017,1.3257,1.4338,0.9558,2.6864,0.8156,1.0253,0.8455,4.5989,1.5576,1.7646,1.2767,0.8103,0.8517,0.8134,0.7489,50,429.68,252.14,1,1,2025-10-01 16:53:42,15.9,72.6,,1,0,,0
2025-10-01 16:54:27,342.37,3.7021,219.31,6.9268,20.7806,219.06,224.4,214.48,381.88,382.37,375.31,379.94,7.1326,7.9048,5.7432,1.3466,1.4319,0.9236,2.6486,0.7906,1.044,0.8141,4.5681,1.5625,1.7738,1.2318,0.8132,0.8623,0.808,0.7502,50,429.74,252.18,1,1,2025-10-01 16:54:27,15.8,72.4,,1,0,,0
2025-10-01 16:55:12,342.42,3.7115,219.96,6.9425,20.8276,219.5,225.04,215.36,382.9,382.96,377.1,380.95,7.0771,7.8471,5.9034,1.3254,1.435,0.9512,2.677,0.8082,1.026,0.8427,4.5907,1.5534,1.7659,1.2714,0.811,0.8537,0.8134,0.7484,49.9,429.8,252.21,1,1,2025-10-01 16:55:12,15.7,72.9,,1,0,,0
2025-10-01 16:55:57,342.46,3.6894,220.12,6.9131,20.7395,219.46,224.97,215.94,382.1,384.1,377.54,381.23,6.9847,7.7637,5.9911,1.2964,1.4278,0.9652,2.6789,0.8159,1.0026,0.8603,4.5732,1.5329,1.7466,1.2937,0.8091,0.8463,0.8183,0.7465,50,429.86,252.24,1,1,2025-10-01 16:55:57,15.6,73.1,,1,0,,0
2025-10-01 16:56:42,342.51,3.723,219.58,6.954,20.862000000000002,218.95,225.37,214.44,382.49,382.08,376.41,380.23,7.1271,7.9164,5.8185,1.344,1.4452,0.9338,2.6608,0.791,1.0432,0.8266,4.5923,1.5605,1.7841,1.2477,0.8135,0.8618,0.8108,0.7487,50,429.91,252.28,1,1,2025-10-01 16:56:42,15.5,73.4,,1,0,,0
2025-10-01 16:57:27,342.55,3.6597,219.83,6.8715,20.6146,219.48,224.19,215.82,381.44,383.29,377.48,380.95,6.9829,7.7344,5.8973,1.2972,1.4112,0.9513,2.6621,0.814,1.0039,0.8443,4.5393,1.5326,1.734,1.2728,0.8086,0.847,0.8148,0.7479,50,429.97,252.31,1,1,2025-10-01 16:57:27,15.5,72.5,,1,0,,0
2025-10-01 16:58:12,342.58,0.3117,221.24,0.4627,1.3883,220.28,226.98,216.47,385.19,385.37,379.03,382.99,0.0,1.3883,0.0,0,0.3117,0,0.0423,0,0.0423,0,0.3151,0,0.3151,0,0.9909,1,0.9909,1,50,430,252.33,0,1,2025-10-01 16:58:12,15.4,71.3,,0,0,,1
2025-10-01 16:58:57,342.59,0.3114,221.36,0.4606,1.3818,219.28,228.07,216.74,385.11,386.31,378.8,383.3,0.0,1.3818,0.0,0,0.3114,0,0.0441,0,0.0441,0,0.3151,0,0.3151,0,0.9901,1,0.9901,1,50,430.01,252.33,0,1,2025-10-01 16:58:57,15.3,73.3,,0,0,,1
2025-10-01 16:59:42,342.59,0.3098,221.81,0.4597,1.3792,219.93,227.21,218.31,383.81,387.46,381.24,384.27,0.0,1.3792,0.0,0,0.3098,0,0.0429,0,0.0429,0,0.3134,0,0.3134,0,0.9905,1,0.9905,1,50,430.01,252.33,0,1,2025-10-01 16:59:42,15.3,76.3,,0,0,,1
2025-10-01 17:00:27,342.59,0.3091,220.1,0.4582,1.3746,218.54,227.53,214.24,384.69,384.01,375.03,381.61,0.0,1.3746,0.0,0,0.3091,0,0.0433,0,0.0433,0,0.3128,0,0.3128,0,0.9903,1,0.9903,1,50,430.01,252.33,0,1,2025-10-01 17:00:27,15.5,79.3,,0,0,,1
2025-10-01 17:01:12,342.6,0.3087,220.18,0.4584,1.3753,219.05,227.01,214.5,384.47,383.54,376.12,381.29,0.0,1.3753,0.0,0,0.3087,0,0.0423,0,0.0423,0,0.3122,0,0.3122,0,0.9907,1,0.9907,1,50.1,430.02,252.33,0,1,2025-10-01 17:01:12,15.7,81.5,,0,0,,1
2025-10-01 17:01:57,342.6,0.3069,221.03,0.4573,1.372,220.8,226.13,216.18,382.93,386.94,378.53,382.75,0.0,1.372,0.0,0,0.3069,0,0.0413,0,0.0413,0,0.3103,0,0.3103,0,0.991,1,0.991,1,50.1,430.02,252.33,0,1,2025-10-01 17:01:57,15.9,83.5,,0,0,,1
2025-10-01 17:02:42,342.6,0.3073,220.09,0.4572,1.3717,220.68,225.54,214.07,383.69,383.5,376.42,381.2,0.0,1.3717,0.0,0,0.3062,0,0.0406,0,0.0406,0,0.3094,0,0.3094,0,0.9913,1,0.9913,1,50.1,430.03,252.33,0,1,2025-10-01 17:02:42,16.1,85.1,,0,0,,1
2025-10-01 17:03:27,342.61,0.3066,220.58,0.4569,1.3708,219.99,226.07,215.69,385.28,384.09,376.83,382.2,0.0,1.3708,0.0,0,0.3066,0,0.0412,0,0.0412,0,0.3099,0,0.3099,0,0.991,1,0.991,1,50.1,430.03,252.33,0,1,2025-10-01 17:03:27,16.3,86.4,,0,0,,1
2025-10-01 17:04:12,342.61,0.3065,221.05,0.4559,1.3679,220.03,225.72,217.4,383.74,384.96,379.87,382.86,0.0,1.3679,0.0,0,0.3054,0,0.0411,0,0.0411,0,0.3088,0,0.3088,0,0.9911,1,0.991,1,50.1,430.03,252.33,0,1,2025-10-01 17:04:12,16.5,87.7,,0,0,,1
2025-10-01 17:04:57,342.62,0.3045,220.52,0.4548,1.3644,220,225.56,216.02,385.04,383.09,377.78,381.98,0.0,1.3644,0.0,0,0.3045,0,0.0408,0,0.0408,0,0.3078,0,0.3078,0,0.9911,1,0.9911,1,50.1,430.04,252.33,0,1,2025-10-01 17:04:57,16.7,89.2,,0,0,,1
2025-10-01 17:05:42,342.62,0.3039,220.46,0.4547,1.3641,220.07,224.17,217.15,383.62,383.42,378.52,381.74,0.0,1.3641,0.0,0,0.3027,0,0.0395,0,0.0395,0,0.3058,0,0.3058,0,0.9916,1,0.9915,1,50,430.04,252.34,0,1,2025-10-01 17:05:42,17.0,90.5,,0,0,,1
2025-10-01 17:06:27,342.62,0.3029,220.64,0.4546,1.3639,219.98,224.41,217.53,383.08,384.01,379.37,382.05,0.0,1.3639,0.0,0,0.3029,0,0.0399,0,0.0399,0,0.3061,0,0.3061,0,0.9914,1,0.9914,1,50,430.05,252.34,0,1,2025-10-01 17:06:27,17.2,90.9,,0,0,,1
2025-10-01 17:07:12,342.63,0.3019,219.96,0.4534,1.3604,219.86,224.2,215.84,384.24,382.02,376.74,380.9,0.0,1.3604,0.0,0,0.3019,0,0.0401,0,0.0401,0,0.305,0,0.305,0,0.9913,1,0.9913,1,50,430.05,252.34,0,1,2025-10-01 17:07:12,17.4,91.2,,0,0,,1
2025-10-01 17:07:57,342.63,0.3003,220.4,0.4525,1.3577,220.13,223.49,217.58,383.61,382.6,379.02,381.62,0.0,1.3577,0.0,0,0.3003,0,0.0397,0,0.0397,0,0.3034,0,0.3034,0,0.9913,1,0.9913,1,50,430.05,252.34,0,1,2025-10-01 17:07:57,17.6,91.5,,0,0,,1
2025-10-01 17:08:42,342.63,0.3046,220.74,0.4542,1.3627,218.15,226.16,217.92,383.81,384.53,378.68,382.24,0.0,1.3627,0.0,0,0.3046,0,0.0428,0,0.0428,0,0.3082,0,0.3082,0,0.9902,1,0.9902,1,49.9,430.06,252.34,0,1,2025-10-01 17:08:42,17.7,91.6,,0,0,,1
2025-10-01 17:09:27,342.64,0.3054,220.22,0.4544,1.3632,217.69,226.69,216.3,384.93,383.16,376.28,381.41,0.0,1.3632,0.0,0,0.3054,0,0.0433,0,0.0433,0,0.309,0,0.309,0,0.9901,1,0.9901,1,50,430.06,252.34,0,1,2025-10-01 17:09:27,17.8,91.6,,0,0,,1
2025-10-01 17:10:12,342.64,0.3042,221.03,0.4539,1.3619,219.05,225.88,218.16,384.17,384.41,379.92,382.86,0.0,1.3619,0.0,0,0.3042,0,0.0421,0,0.0421,0,0.3076,0,0.3076,0,0.9905,1,0.9905,1,50,430.06,252.34,0,1,2025-10-01 17:10:12,17.9,91.8,,0,0,,1
2025-10-01 17:10:57,342.65,0.3065,221.38,0.4553,1.3659,220.42,227.05,216.67,385.48,384.34,380.46,383.35,0.0,1.3659,0.0,0,0.3065,0,0.0433,0,0.0433,0,0.3101,0,0.3101,0,0.9901,1,0.9901,1,50,430.07,252.34,0,1,2025-10-01 17:10:57,18.0,91.9,,0,0,,1
2025-10-01 17:11:42,342.65,0.3055,221.32,0.4549,1.3649,220.52,226.42,217.02,385.95,384.73,379.34,383.22,0.0,1.3649,0.0,0,0.3055,0,0.0425,0,0.0425,0,0.309,0,0.309,0,0.9904,1,0.9904,1,50,430.07,252.34,0,1,2025-10-01 17:11:42,18.1,92.3,,0,0,,1
2025-10-01 17:12:27,342.65,0.3051,221.98,0.4544,1.3632,221,226.41,218.53,385.09,386.46,381.85,384.43,0.0,1.3632,0.0,0,0.3051,0,0.0424,0,0.0424,0,0.3086,0,0.3086,0,0.9905,1,0.9905,1,50,430.08,252.34,0,1,2025-10-01 17:12:27,18.2,92.5,,0,0,,1
2025-10-01 17:13:12,342.67,3.6845,221.16,6.9125,20.7375,219.97,226.57,216.96,384.74,384.78,379.67,382.9,7.0104,7.8311,5.896,1.3082,1.4359,0.9404,2.7194,0.8144,1.0389,0.8662,4.5956,1.5421,1.7743,1.2792,0.8045,0.8489,0.8101,0.7355,50,430.1,252.35,1,1,2025-10-01 17:13:12,18.3,92.7,,1,0,,0
2025-10-01 17:13:57,342.72,3.7523,220.43,6.9962,20.9887,219.74,226.67,214.89,386.09,382.7,376.66,381.96,7.1792,8.0401,5.7694,1.3676,1.4659,0.9188,2.6951,0.7843,1.0794,0.8314,4.6398,1.5776,1.8224,1.2398,0.8122,0.8674,0.8052,0.7414,50.1,430.16,252.39,1,1,2025-10-01 17:13:57,18.3,91.1,,1,0,,0
2025-10-01 17:14:42,342.77,3.7422,220.85,6.9768,20.930600000000002,220.14,225.32,217.09,383.52,384.18,379.83,382.54,7.0786,7.7884,6.0636,1.3152,1.4369,0.99,2.7055,0.8342,1.0045,0.8668,4.6295,1.5583,1.7549,1.3163,0.8103,0.8444,0.8196,0.7523,50,430.22,252.42,1,1,2025-10-01 17:14:42,18.2,88.1,,1,0,,0
2025-10-01 17:15:27,342.81,3.7079,221.07,6.9307,20.7922,220.17,225.8,217.26,382.54,385.24,380.86,382.96,6.9797,7.8263,5.9862,1.3013,1.4432,0.9634,2.7045,0.8154,1.0164,0.8727,4.6045,1.5367,1.7672,1.3006,0.8079,0.8473,0.8176,0.7411,50.1,430.27,252.45,1,1,2025-10-01 17:15:27,18.0,85.4,,1,0,,0
2025-10-01 17:16:12,342.86,3.7205,220.19,6.9475,20.8427,220.03,226.3,214.24,383.05,384.29,376.73,381.44,7.0187,7.9914,5.8326,1.3354,1.4649,0.9202,2.6753,0.7737,1.0571,0.8446,4.6024,1.5443,1.8085,1.2496,0.8118,0.8652,0.8109,0.7367,50,430.33,252.49,1,1,2025-10-01 17:16:12,17.9,83.5,,1,0,,0
2025-10-01 17:16:57,342.91,3.7211,220.09,6.952,20.856,219.24,226.68,214.35,383.08,384.01,376.48,381.11,7.0669,7.9599,5.8292,1.3378,1.4608,0.9224,2.6771,0.7796,1.0556,0.8419,4.6032,1.5493,1.8044,1.2495,0.8117,0.8639,0.8105,0.7386,50.1,430.39,252.52,1,1,2025-10-01 17:16:57,17.6,81.8,,1,0,,0
2025-10-01 17:17:42,342.95,3.6923,219.84,6.9135,20.7405,217.59,224.95,216.99,381.16,383.42,377.74,380.8,6.8953,7.7777,6.0675,1.2681,1.4495,0.9747,2.66,0.7998,0.9762,0.8839,4.5665,1.5003,1.7496,1.3166,0.8113,0.8458,0.8294,0.7407,50,430.45,252.55,1,1,2025-10-01 17:17:42,17.5,81.3,,1,0,,0
2025-10-01 17:18:27,343,3.7274,219.54,6.9678,20.9036,216.41,225.39,216.84,383.54,381.99,375.29,380.36,7.0665,7.9672,5.8699,1.3149,1.4722,0.9403,2.6609,0.7789,1.025,0.857,4.5978,1.5293,1.7957,1.2728,0.8138,0.8603,0.8206,0.7391,50,430.5,252.59,1,1,2025-10-01 17:18:27,17.4,80.1,,1,0,,0
2025-10-01 17:19:12,343.05,3.699,219.65,6.926,20.778200000000002,216.08,224.33,218.56,381.07,382.96,377.33,380.51,6.8895,7.7322,6.1565,1.2485,1.4505,1,2.6553,0.8088,0.9474,0.8991,4.5688,1.4887,1.7346,1.3456,0.8123,0.8392,0.8372,0.7436,50,430.56,252.62,1,1,2025-10-01 17:19:12,17.2,78.9,,1,0,,0
2025-10-01 17:19:57,343.09,3.6779,218.93,6.9031,20.7095,217.34,223.54,215.93,381.85,380.86,374.93,379.24,7.0471,7.882,5.7804,1.3138,1.4356,0.9284,2.6369,0.7853,1.0184,0.8333,4.5417,1.5316,1.7619,1.2482,0.8127,0.8583,0.8156,0.7442,50,430.62,252.65,1,1,2025-10-01 17:19:57,17.0,77.4,,1,0,,0
2025-10-01 17:20:42,343.14,3.6954,219.67,6.9179,20.7538,220.1,222.83,216.09,383.29,381.12,377.05,380.54,7.1121,7.8333,5.8084,1.3349,1.4129,0.9476,2.6591,0.8155,1.0217,0.8218,4.566,1.5654,1.7455,1.2551,0.8116,0.8533,0.8103,0.7554,50,430.68,252.69,1,1,2025-10-01 17:20:42,16.8,77.3,,1,0,,0
2025-10-01 17:21:27,343.18,3.7108,219.49,6.9383,20.8151,220.14,222.5,215.84,382.9,381.64,375.97,380.18,7.1797,7.8257,5.8097,1.348,1.4082,0.9547,2.6563,0.8234,1.021,0.8119,4.5757,1.5805,1.7412,1.254,0.8131,0.8533,0.8095,0.7617,50,430.73,252.72,1,1,2025-10-01 17:21:27,16.7,76.3,,1,0,,0
2025-10-01 17:22:12,343.23,3.6994,219.65,6.9236,20.770799999999998,220.03,222.61,216.32,381.59,382.55,377.16,380.44,7.0618,7.8077,5.9013,1.3192,1.4163,0.9639,2.6591,0.8189,1.0043,0.8359,4.5684,1.5538,1.7381,1.2766,0.8119,0.8496,0.8157,0.7554,50,430.79,252.76,1,1,2025-10-01 17:22:12,16.6,75,,1,0,,0
2025-10-01 17:22:57,343.28,3.6938,219.24,6.9186,20.755899999999997,219.18,222.95,215.59,383.12,381.63,374.46,379.72,7.1301,7.9146,5.7112,1.3442,1.4251,0.9245,2.6448,0.7952,1.0375,0.8121,4.5586,1.5628,1.7646,1.2313,0.813,0.8606,0.8084,0.7512,50,430.85,252.79,1,1,2025-10-01 17:22:57,16.4,73.8,,1,0,,0
2025-10-01 17:23:42,343.33,3.7022,218.11,6.9267,20.7803,217.74,220.78,215.83,379.72,379.24,374.4,377.76,7.0661,7.7681,5.9461,1.307,1.4141,0.9812,2.6036,0.8099,0.9675,0.8262,4.537,1.5386,1.715,1.2833,0.8179,0.85,0.8253,0.7649,49.9,430.91,252.82,1,1,2025-10-01 17:23:42,16.3,73.6,,1,0,,0
2025-10-01 17:24:27,343.37,3.6849,219.02,6.9059,20.7178,218.42,222.35,216.29,381.31,381.39,375.36,379.35,6.9951,7.8491,5.8736,1.3032,1.4303,0.9515,2.6332,0.7955,0.9969,0.8407,4.5435,1.5279,1.7452,1.2704,0.8136,0.8535,0.8203,0.7493,50,430.96,252.85,1,1,2025-10-01 17:24:27,16.2,73.3,,1,0,,0
2025-10-01 17:25:12,343.42,3.6666,218.8,6.8839,20.6517,218.85,221.57,215.99,381.42,381.04,374.46,378.97,7.0564,7.774,5.8213,1.3126,1.4031,0.9509,2.6293,0.8117,0.9962,0.8215,4.5241,1.5443,1.7225,1.2573,0.8126,0.8505,0.8153,0.7567,50,431.02,252.89,1,1,2025-10-01 17:25:12,16.1,73.7,,1,0,,0
2025-10-01 17:25:57,343.46,3.6587,219.66,6.8733,20.62,219.19,221.01,218.79,380.29,382.52,378.57,380.45,6.9179,7.5572,6.1449,1.2506,1.3868,1.0214,2.6564,0.8556,0.9277,0.8731,4.531,1.5163,1.6702,1.3444,0.8092,0.8253,0.8311,0.7601,50,431.07,252.92,1,1,2025-10-01 17:25:57,16.0,73.4,,1,0,,0
2025-10-01 17:26:42,343.51,3.6949,218.81,6.9199,20.759900000000002,218.51,221.94,215.99,382.38,380.42,374.19,379.07,7.0972,7.8704,5.7923,1.3276,1.4222,0.945,2.6289,0.7994,1.0109,0.8187,4.5486,1.5508,1.7468,1.2511,0.8148,0.8566,0.815,0.7558,50,431.13,252.95,1,1,2025-10-01 17:26:42,15.9,73.1,,1,0,,0
2025-10-01 17:27:27,343.55,3.7149,220.02,6.9494,20.848399999999998,218.67,223.3,218.11,381.38,383.87,378.02,381.14,6.9848,7.8208,6.0428,1.2879,1.4402,0.9867,2.676,0.819,0.9843,0.8727,4.5917,1.5274,1.7464,1.318,0.8114,0.8438,0.8256,0.749,50,431.19,252.99,1,1,2025-10-01 17:27:27,15.9,73,,1,0,,0
2025-10-01 17:28:12,343.6,3.6816,220.08,6.9061,20.7185,218.75,223.5,218.01,382.12,383.82,377.65,381.19,6.982,7.7986,5.9379,1.2892,1.4277,0.9647,2.6755,0.8168,0.9964,0.8622,4.5648,1.5273,1.743,1.2945,0.8089,0.8447,0.82,0.7455,50,431.25,253.02,1,1,2025-10-01 17:28:12,15.8,72,,1,0,,0
2025-10-01 17:28:57,343.65,3.6651,219.77,6.8846,20.654,218.6,223.48,217.23,383.3,382.86,375.81,380.56,7.1108,7.833,5.7102,1.325,1.4128,0.9273,2.6642,0.8108,1.0305,0.8229,4.5454,1.5544,1.7505,1.2404,0.8088,0.8529,0.8079,0.7479,50,431.3,253.05,1,1,2025-10-01 17:28:57,15.7,72.3,,1,0,,0
2025-10-01 17:29:42,343.69,3.6659,221.12,6.8757,20.627299999999998,220.95,222.45,219.98,383.69,384.62,380.68,382.85,6.9939,7.628,6.0054,1.2799,1.3884,0.9976,2.7008,0.8638,0.9722,0.8648,4.5632,1.5453,1.6968,1.3211,0.8051,0.8288,0.8191,0.7556,50,431.36,253.09,1,1,2025-10-01 17:29:42,15.6,71.8,,1,0,,0
2025-10-01 17:30:27,343.74,3.6937,221.31,6.9144,20.7434,220.23,224,219.7,384.44,386.19,379.31,383.37,7.0364,7.8366,5.8704,1.3069,1.4272,0.9595,2.7098,0.8307,1.0185,0.8606,4.5948,1.5496,1.7554,1.2897,0.8062,0.8439,0.8139,0.7444,50.1,431.42,253.12,1,1,2025-10-01 17:30:27,15.6,72.1,,1,0,,0
2025-10-01 17:31:12,343.78,3.7153,220.54,6.9389,20.8168,220.22,223.17,218.23,385.75,382.72,377.48,381.98,7.2285,7.9492,5.6391,1.3651,1.4234,0.9267,2.6808,0.8167,1.0557,0.8085,4.5965,1.5919,1.774,1.2306,0.8109,0.8581,0.8032,0.7535,50.1,431.47,253.15,1,1,2025-10-01 17:31:12,15.5,72.2,,1,0,,0
2025-10-01 17:31:57,343.83,3.6907,221.27,6.9059,20.7178,220.64,222.77,220.42,384.37,385.66,379.73,383.12,6.9591,7.7487,6.01,1.2808,1.418,0.9919,2.7023,0.8445,0.9809,0.8769,4.5864,1.5355,1.7262,1.3247,0.8068,0.8348,0.8224,0.7492,50.1,431.53,253.19,1,1,2025-10-01 17:31:57,15.5,71.4,,1,0,,0
2025-10-01 17:32:42,343.87,3.6729,221.53,6.8861,20.6583,220.86,223.7,220.03,384.48,386.62,379.97,383.75,6.9038,7.7679,5.9866,1.2744,1.4231,0.9754,2.7128,0.835,0.9937,0.8841,4.5797,1.5248,1.7377,1.3172,0.8043,0.8364,0.8198,0.7409,50.1,431.59,253.22,1,1,2025-10-01 17:32:42,15.4,71.2,,1,0,,0
2025-10-01 17:33:27,343.92,3.7014,220.82,6.9231,20.7694,220.81,223.62,218.03,386.62,383.24,377.54,382.46,7.1281,7.8972,5.7441,1.3418,1.4223,0.9374,2.6935,0.8208,1.0433,0.8294,4.5923,1.574,1.766,1.2524,0.8085,0.853,0.8063,0.7489,50.1,431.64,253.25,1,1,2025-10-01 17:33:27,15.4,72.9,,1,0,,0
2025-10-01 17:34:57,344.01,3.6523,220.71,6.8629,20.5888,220.2,223.34,218.59,382.93,384.87,379.02,382.25,6.9943,7.8045,5.79,1.3013,1.4115,0.9395,2.6878,0.8217,1.0193,0.8468,4.5488,1.5401,1.7431,1.2656,0.8054,0.8455,0.8107,0.7428,50,431.76,253.32,1,1,2025-10-01 17:34:57,15.4,71.6,,1,0,,0
2025-10-01 17:37:12,344.15,3.6383,219.95,6.8543,20.563,217.33,223.75,218.78,382.49,383.23,377.2,380.86,6.9552,7.7735,5.8343,1.2758,1.4212,0.9414,2.6694,0.809,0.9995,0.861,4.5273,1.5116,1.7393,1.2764,0.8062,0.8445,0.8179,0.7379,49.9,431.93,253.42,1,1,2025-10-01 17:37:12,15.2,71.6,,1,0,,0
2025-10-01 17:37:57,344.18,0.3077,220.57,0.4616,1.385,218.17,224.39,219.15,383.97,384.27,377.89,382.08,0.0,1.385,0.0,0,0.3077,0,0.0398,0,0.0398,0,0.3108,0,0.3108,0,0.9917,1,0.9917,1,50,431.97,253.45,0,1,2025-10-01 17:37:57,15.2,70.7,,0,0,,1
2025-10-01 17:38:42,344.19,0.3062,220.77,0.4592,1.3777,218.73,223.77,219.82,384.3,383.78,379.09,382.35,0.0,1.3777,0.0,0,0.3052,0,0.0396,0,0.0396,0,0.3083,0,0.3083,0,0.9917,1,0.9916,1,49.9,431.97,253.45,0,1,2025-10-01 17:38:42,15.2,72.6,,0,0,,1
2025-10-01 17:39:27,344.19,0.3031,221.2,0.4563,1.3691,220.45,223.51,219.66,383.76,385.67,379.97,383.08,0.0,1.3691,0.0,0,0.3031,0,0.0397,0,0.0397,0,0.306,0,0.306,0,0.9915,1,0.9915,1,50,431.98,253.45,0,1,2025-10-01 17:39:27,15.3,74.5,,0,0,,1
2025-10-01 17:40:12,344.19,0.3034,220.9,0.4557,1.3671,220.56,223.44,218.71,385.07,384.68,378.08,382.68,0.0,1.3671,0.0,0,0.3024,0,0.0396,0,0.0396,0,0.3055,0,0.3055,0,0.9915,1,0.9915,1,50,431.98,253.45,0,1,2025-10-01 17:40:12,15.5,77.5,,0,0,,1
2025-10-01 17:40:57,344.2,0.3008,220.91,0.4552,1.3657,220.35,222.81,219.59,382.88,385,380.01,382.79,0.0,1.3657,0.0,0,0.3008,0,0.0392,0,0.0392,0,0.3043,0,0.3043,0,0.9916,1,0.9916,1,50,431.99,253.45,0,1,2025-10-01 17:40:57,15.7,80.4,,0,0,,1
2025-10-01 17:41:42,344.2,0.3016,220.55,0.4548,1.3645,219.22,223.36,219.07,384.31,383.64,378.07,382.23,0.0,1.3645,0.0,0,0.3016,0,0.0399,0,0.0399,0,0.3048,0,0.3048,0,0.9913,1,0.9913,1,50,431.99,253.45,0,1,2025-10-01 17:41:42,15.9,83.2,,0,0,,1
2025-10-01 17:42:27,344.21,0.3014,221.33,0.4544,1.3633,219.51,223.48,221.02,384.64,384.6,380.86,383.19,0.0,1.3633,0.0,0,0.3014,0,0.0405,0,0.0405,0,0.3047,0,0.3047,0,0.991,1,0.991,1,50,431.99,253.45,0,1,2025-10-01 17:42:27,16.2,84.8,,0,0,,1
2025-10-01 17:43:12,344.21,0.3027,221.69,0.455,1.3652,220.21,224.07,220.79,386.41,384.96,380.54,383.94,0.0,1.3652,0.0,0,0.3027,0,0.0404,0,0.0404,0,0.3059,0,0.3059,0,0.9912,1,0.9912,1,50,432,253.45,0,1,2025-10-01 17:43:12,16.4,86.7,,0,0,,1
2025-10-01 17:43:57,344.21,0.303,222.65,0.4554,1.3664,221.23,224.11,222.63,385.32,387.98,383.65,385.63,0.0,1.3664,0.0,0,0.303,0,0.0404,0,0.0404,0,0.3062,0,0.3062,0,0.9912,1,0.9912,1,50.1,432,253.45,0,1,2025-10-01 17:43:57,16.7,88,,0,0,,1
2025-10-01 17:44:42,344.22,0.3043,222.1,0.4558,1.3676,221.1,224.92,220.3,386.24,385.33,382.52,384.73,0.0,1.3676,0.0,0,0.3043,0,0.0408,0,0.0408,0,0.3076,0,0.3076,0,0.9911,1,0.9911,1,50.1,432.01,253.45,0,1,2025-10-01 17:44:42,16.9,89.3,,0,0,,1
2025-10-01 17:45:27,344.22,0.3044,222.28,0.4562,1.3686,221.53,224.89,220.42,387.06,386.24,381.7,384.99,0.0,1.3686,0.0,0,0.3044,0,0.0411,0,0.0411,0,0.3078,0,0.3078,0,0.9909,1,0.991,1,50.1,432.01,253.45,0,1,2025-10-01 17:45:27,17.1,89.9,,0,0,,1
2025-10-01 17:46:12,344.23,0.3056,221.98,0.4561,1.3685,219.74,226.04,220.17,384.87,386.7,381.88,384.56,0.0,1.3685,0.0,0,0.3056,0,0.0426,0,0.0426,0,0.3093,0,0.3093,0,0.9904,1,0.9905,1,50.1,432.01,253.45,0,1,2025-10-01 17:46:12,17.3,89.9,,0,0,,1
2025-10-01 17:46:57,344.23,0.3066,221.76,0.456,1.3682,219.23,226.51,219.56,385.96,385.94,380.45,384.11,0.0,1.3682,0.0,0,0.3066,0,0.0428,0,0.0428,0,0.3099,0,0.3099,0,0.9904,1,0.9903,1,50.1,432.02,253.45,0,1,2025-10-01 17:46:57,17.4,89.8,,0,0,,1
2025-10-01 17:47:42,344.23,0.305,222.11,0.4553,1.3659,219.5,225.85,221,386.28,386.52,381.35,384.64,0.0,1.3659,0.0,0,0.305,0,0.0422,0,0.0422,0,0.3085,0,0.3085,0,0.9905,1,0.9905,1,50,432.02,253.45,0,1,2025-10-01 17:47:42,17.6,90.3,,0,0,,1
2025-10-01 17:48:27,344.24,0.3037,222.51,0.4544,1.3632,219.9,225.28,222.35,385.49,387.64,383.06,385.38,0.0,1.3632,0.0,0,0.3037,0,0.0418,0,0.0418,0,0.3071,0,0.3071,0,0.9906,1,0.9906,1,50,432.02,253.45,0,1,2025-10-01 17:48:27,17.7,90.8,,0,0,,1
2025-10-01 17:49:12,344.24,0.3037,222.12,0.4543,1.3629,221.52,225.33,219.53,388.04,385.94,380.22,384.8,0.0,1.3629,0.0,0,0.3037,0,0.0415,0,0.0415,0,0.3071,0,0.3071,0,0.9907,1,0.9907,1,50,432.03,253.45,0,1,2025-10-01 17:49:12,17.8,91.6,,0,0,,1
2025-10-01 17:49:57,344.24,0.3031,222.61,0.4544,1.3633,221.59,224.75,221.51,386.74,386.7,383.3,385.65,0.0,1.3633,0.0,0,0.3031,0,0.0407,0,0.0407,0,0.3064,0,0.3064,0,0.991,1,0.991,1,50,432.03,253.45,0,1,2025-10-01 17:49:57,18.0,91.9,,0,0,,1
2025-10-01 17:51:27,344.33,3.7178,221.25,6.9511,20.8535,219.3,223.5,220.95,384.44,384.89,380.31,383.25,7.0318,7.7794,6.0423,1.2882,1.4303,0.9993,2.7143,0.8455,0.9848,0.8839,4.6158,1.5421,1.7387,1.335,0.8076,0.8359,0.8236,0.749,50,432.14,253.52,1,1,2025-10-01 17:51:27,18.1,88,,1,0,,0
2025-10-01 17:53:42,344.47,3.6934,220.5,6.9214,20.7643,219.15,223.58,218.78,383.56,383.69,378.53,381.92,7.0236,7.8384,5.9023,1.3014,1.4308,0.9611,2.6896,0.8199,1.0085,0.8612,4.583,1.5392,1.7525,1.2913,0.8083,0.846,0.8173,0.7447,50,432.31,253.62,1,1,2025-10-01 17:53:42,17.7,80.6,,1,0,,0
2025-10-01 17:54:27,344.52,3.6835,220.42,6.9105,20.7316,217.25,224.25,219.77,383.3,383.74,378.32,381.54,6.93,7.7785,6.0231,1.2637,1.4417,0.9781,2.6851,0.8164,0.9781,0.8906,4.5736,1.5055,1.7443,1.3237,0.808,0.8399,0.8275,0.7394,50,432.37,253.65,1,1,2025-10-01 17:54:27,17.4,80,,1,0,,0
2025-10-01 17:55:12,344.56,3.6894,220.33,6.9165,20.7495,216.43,224.3,220.26,382.66,383.76,378.44,381.6,6.878,7.791,6.0805,1.2484,1.4549,0.9861,2.6795,0.8093,0.9647,0.9055,4.5754,1.4886,1.7475,1.3393,0.8091,0.8391,0.8334,0.7365,50,432.43,253.69,1,1,2025-10-01 17:55:12,17.2,78.6,,1,0,,0
2025-10-01 17:55:57,344.61,3.6843,220.44,6.9087,20.7261,217.24,224.56,219.54,383.12,384.12,378.24,381.82,6.9304,7.8156,5.9801,1.2695,1.4479,0.967,2.6829,0.8076,0.9882,0.887,4.5735,1.5056,1.7551,1.3129,0.8083,0.8437,0.8259,0.7369,50.1,432.48,253.72,1,1,2025-10-01 17:55:57,17.0,77,,1,0,,0
2025-10-01 17:56:42,344.65,3.6546,220.31,6.8657,20.5972,217.48,224.54,218.91,383.61,383.39,377.77,381.72,7.0025,7.7939,5.8008,1.2903,1.4265,0.9378,2.6718,0.8068,1.01,0.855,4.5428,1.5229,1.75,1.2699,0.8072,0.8479,0.8161,0.7389,50,432.54,253.75,1,1,2025-10-01 17:56:42,16.9,76.2,,1,0,,0
2025-10-01 17:58:12,344.74,3.6434,220.58,6.8519,20.5559,218.58,225.01,218.16,383.81,384.67,377.72,381.97,6.9513,7.8376,5.767,1.2921,1.4309,0.9203,2.6819,0.7976,1.0275,0.8568,4.5411,1.5194,1.7635,1.2581,0.8053,0.8509,0.8122,0.7318,50.1,432.66,253.82,1,1,2025-10-01 17:58:12,16.5,74.7,,1,0,,0
2025-10-01 17:59:42,344.84,3.6745,221.19,6.8835,20.6506,219.23,225.14,219.21,383.54,385.5,380.31,383.09,6.924,7.7944,5.9322,1.2797,1.4376,0.9571,2.6969,0.8146,1.0029,0.8794,4.5732,1.5179,1.7548,1.3004,0.8061,0.8435,0.8201,0.7363,50.1,432.77,253.89,1,1,2025-10-01 17:59:42,16.2,72.9,,1,0,,0
2025-10-01 18:00:27,344.88,3.6721,221.64,6.8815,20.6447,220.84,225.98,218.12,387.44,385.21,379.09,384.09,7.1383,7.8899,5.6165,1.3475,1.4204,0.9042,2.7152,0.8159,1.0739,0.8254,4.5845,1.5764,1.783,1.2251,0.804,0.8554,0.7976,0.7385,50.2,432.83,253.92,1,1,2025-10-01 18:00:27,16.0,73.1,,1,0,,0
2025-10-01 18:01:12,344.93,3.6636,222.8,6.8688,20.6066,221.47,226.17,220.77,386.98,387.6,383.14,385.94,6.9682,7.7888,5.8496,1.2944,1.4236,0.9455,2.751,0.8383,1.0341,0.8786,4.5963,1.5432,1.7616,1.2914,0.7996,0.8393,0.809,0.7325,50.2,432.89,253.96,1,1,2025-10-01 18:01:12,15.9,73.8,,1,0,,0
2025-10-01 18:01:57,344.97,3.6451,222.74,6.8537,20.5613,221.16,227.19,219.89,387.17,388.65,381.61,386.05,6.9382,7.8598,5.7633,1.2973,1.4343,0.9135,2.7545,0.8175,1.06,0.877,4.5874,1.5345,1.7857,1.2673,0.7978,0.846,0.8042,0.7213,50.2,432.94,253.99,1,1,2025-10-01 18:01:57,15.8,74.2,,1,0,,0
2025-10-01 18:02:42,345.02,3.645,222.85,6.8484,20.5454,221.03,226.67,220.87,387.17,388.76,382.07,386.03,6.912,7.7468,5.8866,1.276,1.4227,0.9464,2.7533,0.8378,1.0254,0.8901,4.5839,1.5278,1.756,1.3002,0.7979,0.8359,0.8112,0.7284,50.2,433,254.02,1,1,2025-10-01 18:02:42,15.7,72.6,,1,0,,0
2025-10-01 18:03:27,345.06,3.6352,222.34,6.8423,20.527,220.93,226.93,219.16,388.54,386.91,379.9,384.88,6.9711,7.9186,5.6373,1.3128,1.4344,0.888,2.7394,0.803,1.0787,0.8577,4.5726,1.5401,1.797,1.2355,0.7986,0.853,0.7992,0.7192,50.2,433.06,254.06,1,1,2025-10-01 18:03:27,15.6,71,,1,0,,0
2025-10-01 18:04:12,345.09,0.3145,222.52,0.465,1.395,220.93,227.82,218.82,388.08,387.31,380.9,385.49,0.0,1.395,0.0,0,0.3145,0,0.0415,0,0.0415,0,0.3178,0,0.3178,0,0.9913,1,0.9913,1,50.1,433.09,254.08,0,1,2025-10-01 18:04:12,15.5,71,,0,0,,1
2025-10-01 18:04:57,345.09,0.3093,222.74,0.4595,1.3787,220.81,226.76,220.66,385.82,388.63,382.93,385.94,0.0,1.3787,0.0,0,0.3093,0,0.0412,0,0.0412,0,0.3126,0,0.3126,0,0.9912,1,0.9912,1,50.1,433.09,254.08,0,1,2025-10-01 18:04:57,15.4,73.9,,0,0,,1
2025-10-01 18:05:42,345.1,0.31,222.01,0.4596,1.3789,220.07,227.27,218.69,386.56,386.71,380.34,384.5,0.0,1.3789,0.0,0,0.31,0,0.0419,0,0.0419,0,0.3134,0,0.3134,0,0.991,1,0.991,1,50.1,433.09,254.08,0,1,2025-10-01 18:05:42,15.5,78.2,,0,0,,1
2025-10-01 18:06:27,345.1,0.3069,223.05,0.4577,1.3733,222.51,225.91,220.73,386.8,388.25,383.92,386.25,0.0,1.3733,0.0,0,0.3069,0,0.0411,0,0.0411,0,0.3102,0,0.3102,0,0.9911,1,0.9911,1,50.1,433.1,254.08,0,1,2025-10-01 18:06:27,15.8,81.9,,0,0,,1
2025-10-01 18:07:12,345.1,0.3069,222.78,0.4578,1.3735,222.63,225.89,219.82,387.28,387.75,382.55,385.91,0.0,1.3735,0.0,0,0.3069,0,0.0415,0,0.0415,0,0.3103,0,0.3103,0,0.9909,1,0.9909,1,50.1,433.1,254.08,0,1,2025-10-01 18:07:12,16.0,83.4,,0,0,,1
2025-10-01 18:07:57,345.11,0.3067,221.58,0.457,1.3712,221.26,226.05,217.44,387.5,385.23,378.67,383.74,0.0,1.3712,0.0,0,0.3067,0,0.0413,0,0.0413,0,0.31,0,0.31,0,0.991,1,0.991,1,50.1,433.11,254.08,0,1,2025-10-01 18:07:57,16.2,84.9,,0,0,,1
2025-10-01 18:08:42,345.11,0.3073,221.88,0.457,1.3712,221.72,225.7,218.23,385.94,386.56,380.41,384.36,0.0,1.3712,0.0,0,0.3062,0,0.0409,0,0.0409,0,0.3095,0,0.3095,0,0.9912,1,0.9911,1,50.1,433.11,254.08,0,1,2025-10-01 18:08:42,16.4,85.9,,0,0,,1
2025-10-01 18:09:27,345.12,0.3062,222.16,0.4565,1.3695,221.85,226.04,218.61,387.53,387.33,379.55,384.9,0.0,1.3695,0.0,0,0.3062,0,0.0415,0,0.0415,0,0.3096,0,0.3096,0,0.9909,1,0.9909,1,50.1,433.11,254.08,0,1,2025-10-01 18:09:27,16.6,87.3,,0,0,,1
2025-10-01 18:10:12,345.12,0.3029,221.78,0.4545,1.3635,222.42,224.48,218.46,387.08,385.67,379.66,384.18,0.0,1.3635,0.0,0,0.3029,0,0.0398,0,0.0398,0,0.3061,0,0.3061,0,0.9914,1,0.9914,1,50.1,433.12,254.08,0,1,2025-10-01 18:10:12,16.7,88.4,,0,0,,1
2025-10-01 18:10:57,345.12,0.3024,222.14,0.4545,1.3635,222.75,224.02,219.67,386.55,386.8,380.9,384.7,0.0,1.3635,0.0,0,0.3024,0,0.0393,0,0.0393,0,0.3055,0,0.3055,0,0.9916,1,0.9916,1,50.1,433.12,254.08,0,1,2025-10-01 18:10:57,16.9,89.3,,0,0,,1
2025-10-01 18:11:42,345.13,0.3064,221.53,0.4559,1.3677,222.19,225.71,216.69,385.79,386.51,378.75,383.68,0.0,1.3677,0.0,0,0.3054,0,0.041,0,0.041,0,0.3087,0,0.3087,0,0.9911,1,0.9911,1,50.1,433.13,254.08,0,1,2025-10-01 18:11:42,17.0,90,,0,0,,1
2025-10-01 18:12:27,345.13,0.306,221.86,0.4556,1.3669,220.45,226.36,218.78,385.79,387.45,379.6,384.36,0.0,1.3669,0.0,0,0.306,0,0.0415,0,0.0415,0,0.3094,0,0.3094,0,0.9909,1,0.9909,1,50.1,433.13,254.08,0,1,2025-10-01 18:12:27,17.2,90.6,,0,0,,1
2025-10-01 18:13:12,345.13,0.3053,221.92,0.4556,1.3668,220.82,225.79,219.16,384.91,386.82,381.4,384.43,0.0,1.3668,0.0,0,0.3053,0,0.0408,0,0.0408,0,0.3086,0,0.3086,0,0.9911,1,0.9911,1,50.1,433.13,254.08,0,1,2025-10-01 18:13:12,17.3,91,,0,0,,1
2025-10-01 18:13:57,345.14,0.3058,221.59,0.4557,1.3672,220.91,226.09,217.78,387.18,386.02,378.25,383.72,0.0,1.3672,0.0,0,0.3058,0,0.0412,0,0.0412,0,0.3091,0,0.3091,0,0.991,1,0.991,1,50.1,433.14,254.08,0,1,2025-10-01 18:13:57,17.5,91.4,,0,0,,1
2025-10-01 18:14:42,345.14,0.3057,222.41,0.4557,1.3671,222.08,226.13,219.03,388.06,386.32,381.33,384.94,0.0,1.3671,0.0,0,0.3057,0,0.0416,0,0.0416,0,0.3091,0,0.3091,0,0.9908,1,0.9908,1,50.1,433.14,254.08,0,1,2025-10-01 18:14:42,17.6,91.7,,0,0,,1
2025-10-01 18:15:27,345.15,0.3054,223.38,0.4558,1.3675,224.31,225.74,220.1,390.01,387.95,382.76,386.96,0.0,1.3675,0.0,0,0.3054,0,0.0407,0,0.0407,0,0.3087,0,0.3087,0,0.9912,1,0.9912,1,50.1,433.14,254.08,0,1,2025-10-01 18:15:27,17.7,92.2,,0,0,,1
2025-10-01 18:16:12,345.15,0.3054,222.49,0.4558,1.3676,223.3,225.73,218.46,389.68,386.3,380.14,385.13,0.0,1.3676,0.0,0,0.3054,0,0.0408,0,0.0408,0,0.3087,0,0.3087,0,0.9911,1,0.9911,1,50.1,433.15,254.08,0,1,2025-10-01 18:16:12,17.8,92.6,,0,0,,1
2025-10-01 18:16:57,345.15,0.3048,223.56,0.4553,1.3661,223.66,225.52,221.51,388.05,388.95,384.65,387.21,0.0,1.3661,0.0,0,0.3048,0,0.0407,0,0.0407,0,0.3081,0,0.3081,0,0.9911,1,0.9911,1,50.1,433.15,254.08,0,1,2025-10-01 18:16:57,18.0,92.8,,0,0,,1
2025-10-01 18:17:42,345.16,0.3044,223.11,0.4553,1.3659,223.98,225.22,220.14,389.08,387.61,382.62,386.43,0.0,1.3659,0.0,0,0.3044,0,0.0402,0,0.0402,0,0.3076,0,0.3076,0,0.9914,1,0.9914,1,50.1,433.16,254.09,0,1,2025-10-01 18:17:42,18.1,92.9,,0,0,,1
2025-10-01 18:18:27,345.16,0.3042,222.55,0.4551,1.3655,223.9,225.06,218.69,390.15,385.99,380.24,385.31,0.0,1.3655,0.0,0,0.3042,0,0.0399,0,0.0399,0,0.3073,0,0.3073,0,0.9914,1,0.9914,1,50.1,433.16,254.09,0,1,2025-10-01 18:18:27,18.1,93,,0,0,,1
2025-10-01 18:19:12,345.17,0.3028,222.93,0.4543,1.3631,224.25,224.37,220.19,387.39,387.32,383.66,386.15,0.0,1.3631,0.0,0,0.3028,0,0.0395,0,0.0395,0,0.3058,0,0.3058,0,0.9916,1,0.9916,1,50.1,433.16,254.09,0,1,2025-10-01 18:19:12,18.2,93,,0,0,,1
2025-10-01 18:19:57,345.17,0.3035,222.19,0.4547,1.3643,224.12,224.7,217.76,388.72,385.14,380.67,384.82,0.0,1.3643,0.0,0,0.3035,0,0.0394,0,0.0394,0,0.3066,0,0.3066,0,0.9916,1,0.9916,1,50.1,433.17,254.09,0,1,2025-10-01 18:19:57,18.3,93.1,,0,0,,1
2025-10-01 18:20:42,345.18,3.5595,221.35,6.7574,20.272399999999998,222.86,224.25,216.95,387.1,384.64,378.41,383.28,7.069,7.7673,5.4361,1.339,1.3565,0.864,2.7185,0.8277,1.0894,0.8014,4.4966,1.5754,1.7418,1.1794,0.7947,0.8506,0.7796,0.7331,50.1,433.18,254.09,1,1,2025-10-01 18:20:42,18.4,93.4,,1,0,,0
2025-10-01 18:21:27,345.23,3.6564,221.8,6.8688,20.6065,222.37,223.95,219.09,385.1,386.13,381.25,384.35,6.9939,7.6856,5.927,1.2957,1.3914,0.9693,2.7303,0.8578,1.0097,0.8628,4.575,1.5552,1.7212,1.2985,0.8012,0.8338,0.8093,0.7469,50.1,433.24,254.13,1,1,2025-10-01 18:21:27,18.4,92.1,,1,0,,0
2025-10-01 18:22:12,345.27,3.7211,220.98,6.9557,20.8671,221.29,225.34,216.33,386.52,384.41,377.36,382.8,7.1959,8.0484,5.6228,1.3774,1.4434,0.9003,2.708,0.7968,1.0946,0.8166,4.6224,1.5924,1.8136,1.2164,0.8085,0.8655,0.7967,0.7407,50.1,433.3,254.16,1,1,2025-10-01 18:22:12,18.2,88.6,,1,0,,0
2025-10-01 18:22:57,345.32,3.6598,220.95,6.8805,20.6416,220.66,225.02,217.18,385.56,385.09,377.46,382.49,6.9646,7.9252,5.7518,1.313,1.436,0.9108,2.7037,0.7962,1.0538,0.8536,4.5693,1.5368,1.7833,1.2492,0.8043,0.855,0.8061,0.7296,50.1,433.36,254.2,1,1,2025-10-01 18:22:57,18.0,85.9,,1,0,,0
2025-10-01 18:23:42,345.37,3.6415,220.34,6.8516,20.5548,219.31,224.21,217.5,381.71,385.41,377.75,381.68,6.9574,7.7739,5.8235,1.2912,1.4152,0.9351,2.6777,0.8108,1.0139,0.853,4.5354,1.5258,1.743,1.2666,0.8056,0.8468,0.8129,0.7387,50.1,433.41,254.23,1,1,2025-10-01 18:23:42,17.8,84.1,,1,0,,0
2025-10-01 18:25:12,345.46,3.6833,220.39,6.9051,20.715400000000002,220.47,223.73,216.98,384.25,383.3,377.65,382.06,7.0997,7.8992,5.7165,1.3385,1.4214,0.9235,2.6829,0.8093,1.0469,0.8268,4.5729,1.5653,1.7673,1.2404,0.8083,0.8557,0.8051,0.745,50.1,433.53,254.3,1,1,2025-10-01 18:25:12,17.4,80.9,,1,0,,0
2025-10-01 18:26:42,345.55,3.6275,219.65,6.8338,20.5015,220.4,223.19,215.38,385.65,380.03,375.72,380.35,7.2414,7.8961,5.364,1.3794,1.384,0.8641,2.6539,0.8006,1.0879,0.7655,4.5136,1.596,1.7623,1.1553,0.807,0.8648,0.7861,0.7485,50.1,433.64,254.36,1,1,2025-10-01 18:26:42,17.0,78.6,,1,0,,0
2025-10-01 18:27:27,345.59,3.6645,220.88,6.8795,20.6385,220.38,223.45,218.81,384.62,383.6,379.51,382.6,7.1055,7.7674,5.7656,1.321,1.3986,0.9448,2.6971,0.8384,1.0241,0.8346,4.5631,1.5659,1.7356,1.2616,0.8053,0.8443,0.8068,0.7494,50.1,433.7,254.4,1,1,2025-10-01 18:27:27,16.9,77.8,,1,0,,0
2025-10-01 18:29:42,345.73,3.6587,221.71,6.8673,20.602,221.01,224.25,219.88,385.25,385,381.8,383.86,7.0736,7.7435,5.7849,1.3121,1.3984,0.9481,2.7195,0.8476,1.0254,0.8465,4.5718,1.5633,1.7365,1.272,0.8025,0.8399,0.8064,0.7459,50.1,433.87,254.5,1,1,2025-10-01 18:29:42,16.3,75.1,,1,0,,0
2025-10-01 18:30:27,345.78,3.6868,221.96,6.9053,20.715899999999998,220.12,225.82,219.96,387.12,385.15,381.1,384.45,7.0549,7.8523,5.8087,1.3131,1.4334,0.9403,2.7299,0.8264,1.0399,0.8636,4.6038,1.5529,1.7732,1.2777,0.8036,0.8463,0.8094,0.7365,50.2,433.93,254.53,1,1,2025-10-01 18:30:27,16.2,74.3,,1,0,,0
2025-10-01 18:31:12,345.82,3.6695,222.2,6.879,20.6371,220.5,224.87,221.24,386.1,385.91,382.59,384.83,7.0073,7.712,5.9178,1.2869,1.4114,0.9712,2.7333,0.853,1.0037,0.8766,4.5886,1.5451,1.7342,1.3093,0.8019,0.8335,0.8149,0.7423,50.2,433.98,254.57,1,1,2025-10-01 18:31:12,16.0,73.4,,1,0,,0
2025-10-01 18:31:57,345.87,3.6569,221.85,6.8579,20.5738,220.27,224.98,220.3,384.6,386.3,381.85,384.17,6.941,7.6878,5.945,1.2744,1.4126,0.9698,2.7156,0.8425,0.9941,0.8791,4.5682,1.5289,1.7296,1.3097,0.8028,0.8342,0.8178,0.7409,50.2,434.04,254.6,1,1,2025-10-01 18:31:57,15.9,74.7,,1,0,,0
2025-10-01 18:32:42,345.91,3.6296,220.96,6.8295,20.488500000000002,219.73,225.68,217.49,386.66,383.46,378.08,382.75,7.1124,7.8998,5.4763,1.3437,1.414,0.8719,2.6875,0.7956,1.0821,0.8098,4.5367,1.5628,1.7828,1.191,0.8036,0.8604,0.7941,0.7326,50.2,434.1,254.64,1,1,2025-10-01 18:32:42,15.8,73.9,,1,0,,0
2025-10-01 18:33:27,345.96,3.6365,222.11,6.8391,20.5175,221.5,224.92,219.92,386.09,386.5,381.54,384.43,6.959,7.7575,5.801,1.2929,1.4065,0.9372,2.7304,0.8372,1.0289,0.8643,4.562,1.5414,1.7448,1.2758,0.7996,0.8393,0.807,0.7351,50.2,434.15,254.67,1,1,2025-10-01 18:33:27,15.7,73.1,,1,0,,0
2025-10-01 18:34:12,346,3.6068,222.06,6.8,20.4,222.07,224.58,219.54,385.84,386.06,381.96,384.65,7.026,7.6822,5.6918,1.3063,1.3759,0.9245,2.7267,0.8506,1.037,0.8391,4.5351,1.5603,1.7253,1.2496,0.7977,0.838,0.7985,0.7404,50.1,434.21,254.7,1,1,2025-10-01 18:34:12,15.6,73.2,,1,0,,0
2025-10-01 18:34:57,346.05,3.6133,220.72,6.8145,20.4436,221.61,223.66,216.9,388.12,382.32,376.45,382.16,7.2388,7.8738,5.331,1.3784,1.3739,0.861,2.6869,0.8183,1.0984,0.7702,4.5215,1.6042,1.7611,1.1563,0.8024,0.8598,0.781,0.7453,50.1,434.27,254.74,1,1,2025-10-01 18:34:57,15.5,73.1,,1,0,,0
2025-10-01 18:35:42,346.09,3.5934,221.54,6.7845,20.3537,221.9,223.3,219.43,386.03,384.88,380.24,383.71,6.9623,7.6127,5.7787,1.2846,1.3657,0.9431,2.7106,0.8559,1.0085,0.8461,4.5129,1.5449,1.6999,1.268,0.7983,0.8321,0.8044,0.7443,50.1,434.32,254.77,1,1,2025-10-01 18:35:42,15.4,72.2,,1,0,,0
2025-10-01 18:36:27,346.14,3.6077,221.35,6.7989,20.3967,222.01,223.07,218.97,384.7,384.63,380.81,383.38,7.0013,7.6261,5.7693,1.2965,1.3661,0.9451,2.7018,0.8551,1.01,0.8367,4.5188,1.5544,1.7012,1.2633,0.8004,0.8347,0.8041,0.7487,50.1,434.38,254.8,1,1,2025-10-01 18:36:27,15.4,73.6,,1,0,,0
2025-10-01 18:37:12,346.18,3.5945,220.28,6.7891,20.3673,221.38,223.57,215.9,386.75,381.73,376.15,381.71,7.2279,7.8362,5.3032,1.3762,1.3642,0.8542,2.6712,0.8142,1.096,0.761,4.497,1.6001,1.7519,1.145,0.8026,0.8606,0.7795,0.7466,50.1,434.44,254.84,1,1,2025-10-01 18:37:12,15.3,73.3,,1,0,,0
2025-10-01 18:37:57,346.21,0.3076,221.93,0.4618,1.3856,221.52,224.1,220.18,384.36,386.34,382.48,384.45,0.0,1.3856,0.0,0,0.3076,0,0.0379,0,0.0379,0,0.3105,0,0.3105,0,0.9925,1,0.9925,1,50.1,434.47,254.85,0,1,2025-10-01 18:37:57,15.2,72.7,,0,0,,1
2025-10-01 18:38:42,346.21,0.3052,221.73,0.4582,1.3747,221.85,224.17,219.19,385.37,385.7,381.08,384.08,0.0,1.3747,0.0,0,0.3052,0,0.0389,0,0.0389,0,0.3082,0,0.3082,0,0.9919,1,0.9919,1,50.1,434.47,254.85,0,1,2025-10-01 18:38:42,15.2,74,,0,0,,1
2025-10-01 18:39:27,346.22,0.3065,221.07,0.4581,1.3744,220.09,225.37,217.75,386.43,384.22,378.09,383.13,0.0,1.3744,0.0,0,0.3065,0,0.0404,0,0.0404,0,0.3097,0,0.3097,0,0.9914,1,0.9914,1,50.1,434.47,254.86,0,1,2025-10-01 18:39:27,15.3,77.1,,0,0,,1
2025-10-01 18:40:12,346.22,0.3058,221.25,0.4574,1.3723,219.71,225.16,218.88,385.06,384.96,379.64,383.38,0.0,1.3723,0.0,0,0.3058,0,0.0403,0,0.0403,0,0.309,0,0.309,0,0.9914,1,0.9914,1,50.1,434.48,254.86,0,1,2025-10-01 18:40:12,15.5,80.8,,0,0,,1
2025-10-01 18:40:57,346.22,0.3064,221.51,0.4581,1.3745,219.2,225.28,220.07,385.41,385.39,380.23,383.71,0.0,1.3745,0.0,0,0.3064,0,0.0403,0,0.0403,0,0.3096,0,0.3096,0,0.9914,1,0.9914,1,50.1,434.48,254.86,0,1,2025-10-01 18:40:57,15.7,83.9,,0,0,,1
2025-10-01 18:41:42,346.23,0.3049,220.89,0.4564,1.3692,219.25,225,218.44,385.98,382.97,378.87,382.65,0.0,1.3692,0.0,0,0.3049,0,0.0403,0,0.0403,0,0.3081,0,0.3081,0,0.9913,1,0.9913,1,50.1,434.48,254.86,0,1,2025-10-01 18:41:42,16.0,86,,0,0,,1
2025-10-01 18:42:27,346.23,0.3041,221.6,0.4564,1.3693,220.55,224.38,219.89,386.1,385.23,380.17,383.97,0.0,1.3693,0.0,0,0.3041,0,0.0393,0,0.0393,0,0.3072,0,0.3072,0,0.9917,1,0.9917,1,50.1,434.49,254.86,0,1,2025-10-01 18:42:27,16.2,87.7,,0,0,,1
2025-10-01 18:43:12,346.23,0.3029,222.06,0.4555,1.3665,221.25,223.87,221.08,385.99,385.84,382.05,384.58,0.0,1.3665,0.0,0,0.3029,0,0.039,0,0.039,0,0.3059,0,0.3059,0,0.9917,1,0.9917,1,50.1,434.49,254.86,0,1,2025-10-01 18:43:12,16.4,88.7,,0,0,,1
2025-10-01 18:43:57,346.24,0.3049,221.64,0.4563,1.3689,221.37,225.11,218.45,388.44,383.66,379.61,384.03,0.0,1.3689,0.0,0,0.3049,0,0.0409,0,0.0409,0,0.3082,0,0.3082,0,0.9911,1,0.9911,1,50.1,434.5,254.86,0,1,2025-10-01 18:43:57,16.6,89.3,,0,0,,1
2025-10-01 18:44:42,346.24,0.3041,222.59,0.4554,1.3662,221.46,224.98,221.33,386.33,386.55,383.72,385.66,0.0,1.3662,0.0,0,0.3041,0,0.0406,0,0.0406,0,0.3074,0,0.3074,0,0.9911,1,0.9911,1,50.1,434.5,254.86,0,1,2025-10-01 18:44:42,16.8,90.3,,0,0,,1
2025-10-01 18:45:27,346.25,0.3026,221.53,0.455,1.365,220.97,223.99,219.64,387.11,384.21,379.79,384.05,0.0,1.365,0.0,0,0.3026,0,0.0397,0,0.0397,0,0.3057,0,0.3057,0,0.9915,1,0.9915,1,50.1,434.5,254.86,0,1,2025-10-01 18:45:27,17.0,91.4,,0,0,,1
2025-10-01 18:46:12,346.25,0.3035,222.33,0.4557,1.3673,221.05,224.29,221.67,386.43,386.44,382.42,385.04,0.0,1.3673,0.0,0,0.3035,0,0.04,0,0.04,0,0.3067,0,0.3067,0,0.9914,1,0.9914,1,50.1,434.51,254.86,0,1,2025-10-01 18:46:12,17.2,91.8,,0,0,,1
2025-10-01 18:46:57,346.25,0.3035,222.26,0.4554,1.3664,220.89,224.41,221.48,386.61,386.05,382.22,384.9,0.0,1.3664,0.0,0,0.3035,0,0.0399,0,0.0399,0,0.3066,0,0.3066,0,0.9914,1,0.9914,1,50.1,434.51,254.86,0,1,2025-10-01 18:46:57,17.4,92,,0,0,,1
2025-10-01 18:47:42,346.26,0.3054,222.61,0.456,1.3682,221.24,225.65,220.95,389.4,385.63,381.68,385.53,0.0,1.3682,0.0,0,0.3054,0,0.0411,0,0.0411,0,0.3087,0,0.3087,0,0.991,1,0.991,1,50.1,434.52,254.86,0,1,2025-10-01 18:47:42,17.5,92.4,,0,0,,1
2025-10-01 18:48:27,346.26,0.304,222.9,0.4552,1.3656,220.32,225.06,223.32,386.47,387.08,384.65,386.11,0.0,1.3656,0.0,0,0.304,0,0.0405,0,0.0405,0,0.3073,0,0.3073,0,0.9912,1,0.9912,1,50.1,434.52,254.86,0,1,2025-10-01 18:48:27,17.7,92.8,,0,0,,1
2025-10-01 18:49:12,346.26,0.3055,222.03,0.4555,1.3666,219.33,226.07,220.71,388.46,385.4,379.85,384.78,0.0,1.3666,0.0,0,0.3055,0,0.0418,0,0.0418,0,0.3089,0,0.3089,0,0.9907,1,0.9907,1,50.1,434.52,254.86,0,1,2025-10-01 18:49:12,17.8,93,,0,0,,1
2025-10-01 18:49:57,346.27,0.3029,222.24,0.4543,1.3631,219.66,224.52,222.56,386.49,386.15,382.15,384.95,0.0,1.3631,0.0,0,0.3029,0,0.0397,0,0.0397,0,0.306,0,0.306,0,0.9915,1,0.9915,1,50.1,434.53,254.86,0,1,2025-10-01 18:49:57,17.9,93,,0,0,,1
2025-10-01 18:50:42,346.27,0.3011,221.81,0.4535,1.3606,219.37,223.54,222.54,385.28,384.62,382.66,384.28,0.0,1.3606,0.0,0,0.3011,0,0.0389,0,0.0389,0,0.3041,0,0.3041,0,0.9917,1,0.9917,1,50.1,434.53,254.86,0,1,2025-10-01 18:50:42,18.1,93.3,,0,0,,1
2025-10-01 18:51:27,346.28,0.3021,221.76,0.4544,1.3633,220.44,223.82,221.02,387.05,383.83,381.38,383.98,0.0,1.3633,0.0,0,0.3021,0,0.0389,0,0.0389,0,0.3051,0,0.3051,0,0.9918,1,0.9918,1,50.1,434.53,254.86,0,1,2025-10-01 18:51:27,18.1,93.3,,0,0,,1
2025-10-01 18:52:12,346.28,0.3021,221.2,0.4539,1.3618,220.33,224.05,219.22,387.72,382.68,378.96,383.04,0.0,1.3618,0.0,0,0.3021,0,0.039,0,0.039,0,0.3051,0,0.3051,0,0.9917,1,0.9917,1,50.1,434.54,254.86,0,1,2025-10-01 18:52:12,18.3,93.5,,0,0,,1
2025-10-01 18:52:57,346.32,3.6036,220.76,6.8095,20.4287,219.08,222.97,220.25,384.94,382.35,379.82,382.43,7.078,7.6415,5.7092,1.295,1.3698,0.9388,2.6956,0.8508,1.0095,0.8353,4.5119,1.5506,1.7038,1.2575,0.8007,0.8357,0.8048,0.7463,50.1,434.59,254.9,1,1,2025-10-01 18:52:57,18.3,93.1,,1,0,,0
2025-10-01 18:53:42,346.37,3.6201,221.39,6.8313,20.4939,218.37,223.66,222.16,384.54,384.08,381.74,383.45,6.9266,7.6645,5.9028,1.2424,1.3982,0.9795,2.7139,0.8519,0.9682,0.8938,4.5382,1.5126,1.7142,1.3114,0.8001,0.8301,0.8185,0.7363,50.1,434.65,254.93,1,1,2025-10-01 18:53:42,18.1,89.8,,1,0,,0
2025-10-01 18:54:27,346.41,3.6442,221.06,6.8532,20.5596,218.47,223.7,221.01,384.96,383.32,380.33,382.9,7.0608,7.6999,5.7989,1.2824,1.402,0.9597,2.6994,0.842,0.9958,0.8616,4.5467,1.5426,1.7225,1.2816,0.8035,0.8372,0.8121,0.7455,50.1,434.7,254.96,1,1,2025-10-01 18:54:27,18.0,87.1,,1,0,,0
2025-10-01 18:55:12,346.46,3.6495,220.65,6.855,20.5651,218.37,222.7,220.88,385.61,381.76,379.06,381.97,7.0604,7.6182,5.8865,1.2905,1.3874,0.9715,2.6814,0.8512,0.9837,0.8465,4.5386,1.5418,1.6966,1.3002,0.8058,0.8319,0.8181,0.7542,50.1,434.76,255,1,1,2025-10-01 18:55:12,17.8,84.4,,1,0,,0
2025-10-01 18:55:57,346.5,3.6421,221.55,6.8453,20.5361,220.04,222.42,222.19,382.66,386.92,381.6,383.84,6.9543,7.5038,6.078,1.2497,1.3755,1.0169,2.7174,0.8852,0.945,0.8872,4.5497,1.5302,1.669,1.3505,0.8014,0.8153,0.8237,0.7535,50.1,434.82,255.03,1,1,2025-10-01 18:55:57,17.6,83.2,,1,0,,0
2025-10-01 18:56:42,346.55,3.6347,221.58,6.8405,20.5216,221.11,223.88,219.76,386.29,384.19,380.9,383.79,7.1173,7.7152,5.6891,1.3213,1.3793,0.9341,2.7177,0.8526,1.0357,0.8294,4.5512,1.5737,1.7273,1.2502,0.8008,0.8402,0.7996,0.7477,50.1,434.88,255.06,1,1,2025-10-01 18:56:42,17.4,82,,1,0,,0
2025-10-01 18:57:27,346.6,3.6678,221.13,6.8838,20.6514,221.58,222.52,219.29,387.18,382.57,379.23,382.83,7.2655,7.7667,5.6192,1.3591,1.3727,0.936,2.7081,0.8609,1.047,0.8002,4.5704,1.6099,1.7282,1.2322,0.8044,0.8447,0.7951,0.76,50.1,434.93,255.1,1,1,2025-10-01 18:57:27,17.2,80.3,,1,0,,0
2025-10-01 18:58:12,346.64,3.6104,222.2,6.809,20.427,220.6,223.38,222.62,384.83,386,383.74,384.89,6.9069,7.3505,6.1696,1.2223,1.3542,1.0339,2.7349,0.9077,0.9245,0.9027,4.5391,1.5237,1.642,1.3735,0.7971,0.8028,0.8258,0.7532,50.1,434.99,255.13,1,1,2025-10-01 18:58:12,17.0,79.1,,1,0,,0
2025-10-01 18:58:57,346.69,3.6389,221.15,6.847,20.5411,219.56,224.53,219.36,386.14,384.05,378.94,383.21,7.0922,7.7747,5.6742,1.3161,1.4004,0.9224,2.7029,0.8301,1.0386,0.8343,4.5475,1.5572,1.7457,1.2447,0.8027,0.8458,0.8032,0.7416,50.1,435.05,255.17,1,1,2025-10-01 18:58:57,16.8,78.2,,1,0,,0
2025-10-01 18:59:42,346.73,3.619,221.93,6.8247,20.4741,219.25,224.74,221.82,385.81,385.9,381.49,384.37,6.9191,7.6625,5.8925,1.2571,1.4029,0.959,2.7282,0.8468,0.9946,0.8868,4.5462,1.517,1.7221,1.3071,0.7985,0.8293,0.8157,0.7341,50.1,435.1,255.2,1,1,2025-10-01 18:59:42,16.6,77.2,,1,0,,0
2025-10-01 19:00:27,346.78,3.6344,222.04,6.8458,20.537499999999998,221.15,224.24,220.75,387.27,385.24,381.26,384.82,7.169,7.7448,5.6237,1.3311,1.379,0.9244,2.7384,0.8591,1.0522,0.8271,4.5636,1.5854,1.7367,1.2414,0.7986,0.8402,0.7949,0.7452,50.1,435.16,255.23,1,1,2025-10-01 19:00:27,16.4,75.8,,1,0,,0
2025-10-01 19:01:12,346.82,3.6029,222.38,6.8028,20.4085,221.18,223.98,221.99,387.31,385.89,382.3,385.24,7.0191,7.6135,5.7759,1.2833,1.3691,0.9505,2.7429,0.8714,1.0126,0.8588,4.5399,1.5525,1.7053,1.2822,0.7956,0.8272,0.8039,0.7419,50.1,435.22,255.27,1,1,2025-10-01 19:01:12,16.3,76.4,,1,0,,0
2025-10-01 19:01:57,346.87,3.5895,222.37,6.7904,20.3713,220.75,224.66,221.71,387.56,385.85,382.05,385.23,6.989,7.6706,5.7117,1.2821,1.3793,0.9281,2.7459,0.8562,1.0293,0.8604,4.5324,1.5428,1.7233,1.2663,0.7942,0.8316,0.8014,0.7333,50.1,435.27,255.3,1,1,2025-10-01 19:01:57,16.2,75.7,,1,0,,0
2025-10-01 19:02:42,346.91,3.5734,222.69,6.7678,20.3034,220.97,224.01,223.11,387.73,386.3,383.09,385.51,6.8804,7.4766,5.9464,1.2335,1.3611,0.9788,2.7532,0.8868,0.9721,0.8943,4.5219,1.5204,1.6748,1.3267,0.7921,0.8119,0.8137,0.7382,50.1,435.33,255.34,1,1,2025-10-01 19:02:42,16.0,74.9,,1,0,,0
2025-10-01 19:03:27,346.96,3.5649,222.42,6.7545,20.2635,221.22,223.71,222.34,387.9,385.26,382.53,385.11,6.9298,7.5264,5.8073,1.2562,1.3557,0.953,2.741,0.8764,0.9948,0.8697,4.5079,1.533,1.6837,1.2912,0.7927,0.8201,0.8062,0.7386,50.1,435.39,255.37,1,1,2025-10-01 19:03:27,15.9,74.7,,1,0,,0
2025-10-01 19:04:12,347,3.5645,222.27,6.7551,20.2655,221.29,223.44,222.1,387.35,385.22,382.38,384.74,6.9697,7.49,5.8058,1.2614,1.345,0.958,2.7391,0.8855,0.992,0.8616,4.5054,1.5423,1.6736,1.2895,0.7929,0.8184,0.8047,0.7435,50.1,435.44,255.41,1,1,2025-10-01 19:04:12,15.8,74.1,,1,0,,0
2025-10-01 19:04:57,347.05,3.547,221.53,6.73,20.190199999999997,220.82,223.17,220.61,386.73,383.94,380.41,383.67,7.0378,7.5768,5.5756,1.2925,1.3422,0.9123,2.7087,0.8607,1.0246,0.8233,4.475,1.5541,1.6909,1.23,0.7947,0.8323,0.7948,0.7423,50.1,435.5,255.44,1,1,2025-10-01 19:04:57,15.7,73.2,,1,0,,0
2025-10-01 19:05:42,347.09,3.5462,221.29,6.73,20.1902,219.37,223.98,220.54,385.17,384.56,380.15,383.34,6.9406,7.573,5.6766,1.2647,1.3619,0.9196,2.7012,0.8457,1.0074,0.8481,4.4707,1.5226,1.6962,1.2519,0.7954,0.8312,0.8039,0.7351,50.1,435.56,255.47,1,1,2025-10-01 19:05:42,15.6,73.3,,1,0,,0
2025-10-01 19:07:12,347.18,3.5449,221.78,6.7328,20.1984,219.56,224.84,220.94,386.22,384.92,381.24,383.91,6.9487,7.6157,5.634,1.2701,1.3682,0.9066,2.7207,0.8432,1.0259,0.8516,4.4827,1.5257,1.7123,1.2448,0.7932,0.8331,0.8,0.7288,50.1,435.67,255.54,1,1,2025-10-01 19:07:12,15.5,74.2,,1,0,,0
2025-10-01 19:08:42,347.27,3.5378,222.32,6.7194,20.158299999999997,220.46,223.91,222.59,386.22,386.13,382.84,385.03,6.8716,7.4049,5.8818,1.228,1.3436,0.9662,2.7354,0.8852,0.9681,0.8822,4.4822,1.5149,1.658,1.3092,0.7911,0.8112,0.8113,0.7384,50.1,435.78,255.61,1,1,2025-10-01 19:08:42,15.3,72.8,,1,0,,0
2025-10-01 19:09:27,347.31,3.5436,221.62,6.7291,20.1873,219.71,224.24,220.91,386.27,384.88,380.41,383.77,6.9566,7.6114,5.6193,1.2726,1.3635,0.9074,2.7129,0.8444,1.0229,0.8456,4.4766,1.5284,1.7068,1.2414,0.794,0.8332,0.7999,0.7315,50.1,435.84,255.64,1,1,2025-10-01 19:09:27,15.2,73.1,,1,0,,0
2025-10-01 19:10:12,347.33,0.31,222.5,0.4635,1.3906,221.23,225.07,221.2,388.75,385.65,381.72,385.4,0.0,1.3906,0.0,0,0.31,0,0.0388,0,0.0388,0,0.313,0,0.313,0,0.9922,1,0.9922,1,50.1,435.86,255.66,0,1,2025-10-01 19:10:12,15.1,73.8,,0,0,,1
2025-10-01 19:10:57,347.34,0.3075,223.57,0.4599,1.3799,222.64,225.14,222.93,389.04,387.54,385.1,387.21,0.0,1.3799,0.0,0,0.3075,0,0.04,0,0.04,0,0.3107,0,0.3107,0,0.9916,1,0.9916,1,50.1,435.87,255.66,0,1,2025-10-01 19:10:57,15.1,75.3,,0,0,,1
2025-10-01 19:11:42,347.34,0.3073,222.84,0.4589,1.3768,222.88,225.54,220.12,390.51,385.63,381.8,386.06,0.0,1.3768,0.0,0,0.3073,0,0.0406,0,0.0406,0,0.3105,0,0.3105,0,0.9913,1,0.9913,1,50.1,435.87,255.66,0,1,2025-10-01 19:11:42,15.2,78.3,,0,0,,1
2025-10-01 19:12:27,347.34,0.3072,223.54,0.4589,1.3769,222.93,225.44,222.25,390,387.47,384.06,387.2,0.0,1.3769,0.0,0,0.3072,0,0.0406,0,0.0406,0,0.3104,0,0.3104,0,0.9913,1,0.9913,1,50.1,435.87,255.66,0,1,2025-10-01 19:12:27,15.4,81.4,,0,0,,1
2025-10-01 19:13:12,347.35,0.3058,222.92,0.4579,1.3737,222.58,224.97,221.23,389.03,386.04,383.27,386.26,0.0,1.3737,0.0,0,0.3058,0,0.0403,0,0.0403,0,0.309,0,0.309,0,0.9914,1,0.9914,1,50.1,435.88,255.66,0,1,2025-10-01 19:13:12,15.6,83.9,,0,0,,1
2025-10-01 19:13:57,347.35,0.3067,222.68,0.4579,1.3737,221.28,225.66,221.11,390.45,385.02,381.57,385.32,0.0,1.3737,0.0,0,0.3067,0,0.0412,0,0.0412,0,0.31,0,0.31,0,0.991,1,0.991,1,50.1,435.88,255.66,0,1,2025-10-01 19:13:57,15.9,85.8,,0,0,,1
2025-10-01 19:14:42,347.36,0.3053,223.53,0.4575,1.3727,221.41,224.76,224.43,385.93,388.37,387.2,387.15,0.0,1.3727,0.0,0,0.3053,0,0.04,0,0.04,0,0.3085,0,0.3085,0,0.9915,1,0.9915,1,50.1,435.89,255.66,0,1,2025-10-01 19:14:42,16.1,87.5,,0,0,,1
2025-10-01 19:15:27,347.36,0.3072,222.48,0.4577,1.3731,220.97,226.17,220.3,388.57,385.3,382.16,385.51,0.0,1.3731,0.0,0,0.3072,0,0.0415,0,0.0415,0,0.3106,0,0.3106,0,0.9909,1,0.9909,1,50.1,435.89,255.66,0,1,2025-10-01 19:15:27,16.3,89,,0,0,,1
2025-10-01 19:16:12,347.36,0.3044,222.5,0.4566,1.37,222.81,224.49,220.21,390.16,383.6,382.37,385.27,0.0,1.37,0.0,0,0.3044,0,0.04,0,0.04,0,0.3076,0,0.3076,0,0.9914,1,0.9914,1,50.1,435.89,255.66,0,1,2025-10-01 19:16:12,16.5,89.8,,0,0,,1
2025-10-01 19:16:57,347.37,0.3034,222.7,0.4557,1.3673,221.37,224.19,222.54,386.51,386.38,384.28,385.67,0.0,1.3673,0.0,0,0.3034,0,0.0393,0,0.0393,0,0.3065,0,0.3065,0,0.9916,1,0.9916,1,50.1,435.9,255.66,0,1,2025-10-01 19:16:57,16.7,90.5,,0,0,,1
2025-10-01 19:17:42,347.37,0.3041,222,0.4554,1.3664,220.3,224.92,220.78,387.53,384.71,381.28,384.24,0.0,1.3664,0.0,0,0.3041,0,0.0402,0,0.0402,0,0.3073,0,0.3073,0,0.9913,1,0.9913,1,50.1,435.9,255.66,0,1,2025-10-01 19:17:42,16.9,91,,0,0,,1
2025-10-01 19:18:27,347.37,0.3047,221.78,0.4553,1.3659,220.53,224.54,220.29,388.3,384.52,379.58,383.99,0.0,1.3659,0.0,0,0.3036,0,0.0398,0,0.0398,0,0.3067,0,0.3067,0,0.9915,1,0.9915,1,50.1,435.91,255.66,0,1,2025-10-01 19:18:27,17.1,91.6,,0,0,,1
2025-10-01 19:19:12,347.38,0.3039,222.65,0.4554,1.3663,220.61,224.74,222.62,386.33,387.49,383.14,385.61,0.0,1.3663,0.0,0,0.3039,0,0.0399,0,0.0399,0,0.3071,0,0.3071,0,0.9914,1,0.9914,1,50.1,435.91,255.66,0,1,2025-10-01 19:19:12,17.2,92,,0,0,,1
2025-10-01 19:19:57,347.38,0.3039,222.45,0.4554,1.3664,220.86,224.72,221.77,388.09,385.81,381.95,385.24,0.0,1.3664,0.0,0,0.3039,0,0.0402,0,0.0402,0,0.3071,0,0.3071,0,0.9913,1,0.9913,1,50.1,435.91,255.67,0,1,2025-10-01 19:19:57,17.4,92.6,,0,0,,1
2025-10-01 19:20:42,347.39,0.3032,221.61,0.4549,1.3649,220.54,224.44,219.85,388.55,383.3,379.63,383.67,0.0,1.3649,0.0,0,0.3032,0,0.0397,0,0.0397,0,0.3063,0,0.3063,0,0.9915,1,0.9915,1,50.1,435.92,255.67,0,1,2025-10-01 19:20:42,17.5,92.8,,0,0,,1
2025-10-01 19:21:27,347.39,0.3027,222.81,0.4544,1.3632,220.78,224.43,223.22,386.23,386.34,385.16,385.96,0.0,1.3632,0.0,0,0.3027,0,0.04,0,0.04,0,0.3059,0,0.3059,0,0.9913,1,0.9913,1,50.1,435.92,255.67,0,1,2025-10-01 19:21:27,17.6,93,,0,0,,1
2025-10-01 19:22:12,347.39,0.3045,221.39,0.4552,1.3658,218.55,225.36,220.28,386.51,383.91,379.96,383.47,0.0,1.3658,0.0,0,0.3045,0,0.0412,0,0.0412,0,0.3078,0,0.3078,0,0.9909,1,0.9909,1,50.1,435.92,255.67,0,1,2025-10-01 19:22:12,17.7,93.3,,0,0,,1
2025-10-01 19:22:57,347.4,0.3049,221.46,0.4549,1.3648,218.36,224.96,221.06,386.05,384.34,380.31,383.58,0.0,1.3648,0.0,0,0.3038,0,0.0402,0,0.0402,0,0.307,0,0.307,0,0.9914,1,0.9913,1,50,435.93,255.67,0,1,2025-10-01 19:22:57,17.9,93.7,,0,0,,1
2025-10-01 19:23:42,347.4,0.3044,222.4,0.4554,1.3664,220.18,225.13,221.9,387.48,385.44,382.69,385.19,0.0,1.3664,0.0,0,0.3044,0,0.0406,0,0.0406,0,0.3076,0,0.3076,0,0.9912,1,0.9912,1,50.1,435.93,255.67,0,1,2025-10-01 19:23:42,18.0,93.8,,0,0,,1
2025-10-01 19:24:27,347.41,0.3035,223.08,0.4548,1.3644,222.1,224.84,222.3,389.03,386.82,383.28,386.26,0.0,1.3644,0.0,0,0.3035,0,0.0404,0,0.0404,0,0.3068,0,0.3068,0,0.9912,1,0.9912,1,50,435.94,255.67,0,1,2025-10-01 19:24:27,18.1,93.6,,0,0,,1
2025-10-01 19:25:12,347.41,0.3035,222.44,0.4544,1.3633,222.28,225.01,220.05,390.21,384.58,381.05,385.37,0.0,1.3633,0.0,0,0.3035,0,0.0407,0,0.0407,0,0.3068,0,0.3068,0,0.9911,1,0.9911,1,50.1,435.94,255.67,0,1,2025-10-01 19:25:12,18.2,94,,0,0,,1
2025-10-01 19:25:57,347.45,3.5983,222.13,6.8071,20.4213,221.58,223.99,220.83,387.59,385.43,381.2,384.6,7.1527,7.6494,5.6192,1.3205,1.3536,0.9242,2.7469,0.8741,1.0467,0.8262,4.5392,1.5849,1.7134,1.2409,0.7948,0.8338,0.791,0.7455,50.1,435.99,255.7,1,1,2025-10-01 19:25:57,18.3,93.8,,1,0,,0
2025-10-01 19:26:42,347.49,3.6266,222.24,6.8457,20.537100000000002,220.16,225.03,221.54,388.03,384.45,382.28,384.77,7.0431,7.6957,5.7983,1.2894,1.3918,0.9454,2.7537,0.859,1.0265,0.8681,4.5669,1.5506,1.7318,1.2846,0.7964,0.8322,0.8047,0.7365,50.1,436.04,255.73,1,1,2025-10-01 19:26:42,18.2,91.2,,1,0,,0
2025-10-01 19:27:27,347.54,3.6182,222.42,6.8292,20.4878,220.76,225.01,221.5,387,386.48,382.27,385.23,7.0381,7.6624,5.7873,1.2895,1.3834,0.9453,2.7534,0.8642,1.025,0.8642,4.5597,1.5537,1.7241,1.2819,0.7957,0.8306,0.8034,0.738,50.1,436.1,255.77,1,1,2025-10-01 19:27:27,18.0,88.2,,1,0,,0
2025-10-01 19:28:12,347.58,3.6085,222.53,6.8181,20.4545,220.54,225.58,221.48,388.54,385.83,381.92,385.46,7.0942,7.7048,5.6555,1.3066,1.3817,0.9202,2.7576,0.8586,1.0505,0.8485,4.5552,1.5646,1.738,1.2526,0.7945,0.8357,0.796,0.7351,50.1,436.16,255.8,1,1,2025-10-01 19:28:12,17.9,85.9,,1,0,,0
2025-10-01 19:28:57,347.63,3.6267,223.13,6.842,20.526,220.67,224.86,223.86,386.54,387.6,385.26,386.69,6.9632,7.5113,6.0515,1.2447,1.3779,1.0041,2.7783,0.8984,0.9723,0.9076,4.5802,1.5366,1.689,1.3547,0.7938,0.8108,0.817,0.7418,50.1,436.21,255.83,1,1,2025-10-01 19:28:57,17.7,84.1,,1,0,,0
2025-10-01 19:29:42,347.67,3.627,223.08,6.8432,20.5298,220.95,224.99,223.31,387.53,387.12,384.5,386.28,7.0328,7.566,5.931,1.2694,1.3757,0.9819,2.7806,0.8943,0.9989,0.8874,4.5806,1.5539,1.7023,1.3245,0.7936,0.8174,0.8091,0.7419,50.1,436.27,255.87,1,1,2025-10-01 19:29:42,17.5,82.3,,1,0,,0
2025-10-01 19:30:27,347.72,3.6297,222.41,6.8463,20.539,218.97,226.19,222.07,387.93,386.05,381.66,385.12,7.0472,7.6693,5.8225,1.281,1.3997,0.949,2.7556,0.8582,1.0207,0.8767,4.5708,1.5431,1.7347,1.293,0.7964,0.8308,0.8079,0.7345,50.1,436.33,255.9,1,1,2025-10-01 19:30:27,17.2,80.5,,1,0,,0
2025-10-01 19:31:12,347.76,3.5848,222.28,6.7913,20.374100000000002,217.72,226.13,223,385.04,386.57,383.35,385.01,6.8287,7.5487,5.9967,1.2152,1.4007,0.9688,2.7459,0.8543,0.9714,0.9202,4.531,1.4867,1.707,1.3373,0.7938,0.818,0.8217,0.725,50.1,436.39,255.94,1,1,2025-10-01 19:31:12,17.0,79.9,,1,0,,0
2025-10-01 19:31:57,347.81,3.5825,221.48,6.7881,20.3644,217.5,226.21,220.73,385.12,385.34,380.37,383.47,6.8872,7.712,5.7652,1.2537,1.4134,0.9154,2.7182,0.8173,1.0184,0.8825,4.5151,1.498,1.7445,1.2726,0.7966,0.8377,0.8113,0.7199,50.1,436.44,255.97,1,1,2025-10-01 19:31:57,16.9,78.9,,1,0,,0
2025-10-01 19:32:42,347.85,3.5685,222.03,6.7682,20.3048,220.38,224.74,220.97,387.56,384.69,381.43,384.6,6.9635,7.6475,5.6938,1.2763,1.374,0.9181,2.738,0.8499,1.029,0.859,4.5115,1.5346,1.7187,1.2582,0.7933,0.8323,0.8004,0.7302,50.1,436.5,256.01,1,1,2025-10-01 19:32:42,16.7,78.3,,1,0,,0
2025-10-01 19:33:27,347.9,3.5745,221.49,6.776,20.3282,220.2,224.51,219.76,386.3,384.57,380.03,383.8,7.0452,7.7505,5.5325,1.3086,1.3782,0.8877,2.72,0.8313,1.059,0.8296,4.5072,1.5514,1.7401,1.2158,0.7958,0.844,0.7929,0.7305,50.1,436.56,256.04,1,1,2025-10-01 19:33:27,16.6,77.1,,1,0,,0
2025-10-01 19:34:12,347.94,3.5645,221.47,6.7584,20.2752,220.28,223.96,220.19,386.19,383.85,380.78,383.54,7.0404,7.6576,5.5772,1.298,1.3623,0.9042,2.7147,0.8466,1.0384,0.8297,4.4939,1.5509,1.715,1.228,0.7955,0.8375,0.7953,0.7368,50.1,436.61,256.07,1,1,2025-10-01 19:34:12,16.4,75.8,,1,0,,0
2025-10-01 19:34:57,347.98,3.5569,222.01,6.7539,20.261699999999998,220.59,224.29,221.17,387.24,384.95,381.42,384.62,7.0178,7.6244,5.6195,1.2866,1.3585,0.9118,2.7369,0.8587,1.035,0.8432,4.501,1.5481,1.7101,1.2429,0.7925,0.8317,0.7954,0.7341,50,436.67,256.11,1,1,2025-10-01 19:34:57,16.2,75.2,,1,0,,0
2025-10-01 19:35:42,348.03,3.5596,221.27,6.7561,20.2684,220.28,223.84,219.69,385.67,383.4,380.67,383.43,7.0562,7.7036,5.5086,1.3075,1.3637,0.8885,2.7099,0.8382,1.0516,0.8201,4.4889,1.5543,1.7244,1.2102,0.7956,0.8418,0.7918,0.7347,50.1,436.72,256.14,1,1,2025-10-01 19:35:42,16.0,74.7,,1,0,,0
2025-10-01 19:36:27,348.07,3.5569,221.91,6.7522,20.2567,220.28,223.44,222.01,385.3,385.47,382.3,384.44,6.9275,7.5407,5.7885,1.2529,1.3576,0.9464,2.7317,0.8691,0.9944,0.8682,4.496,1.526,1.6849,1.2851,0.793,0.8216,0.8067,0.7368,50.1,436.78,256.18,1,1,2025-10-01 19:36:27,15.9,74.1,,1,0,,0
2025-10-01 19:37:12,348.12,3.5848,222.55,6.7833,20.349899999999998,222.56,222.87,222.23,387.14,385.36,383.9,385.42,7.0674,7.5546,5.7279,1.2922,1.3407,0.9519,2.7529,0.8946,1.0148,0.8435,4.5295,1.5729,1.6837,1.2729,0.7931,0.8221,0.7973,0.7484,50.1,436.84,256.21,1,1,2025-10-01 19:37:12,15.7,74.3,,1,0,,0
2025-10-01 19:37:57,348.16,3.5711,221.82,6.7688,20.3065,222.24,221.75,221.48,386.48,384.68,381.4,384.22,7.0742,7.6383,5.594,1.3049,1.3421,0.9242,2.7276,0.8744,1.0297,0.8235,4.5049,1.5722,1.6938,1.239,0.7947,0.8307,0.7933,0.7465,50.1,436.89,256.24,1,1,2025-10-01 19:37:57,15.6,73.6,,1,0,,0
2025-10-01 19:38:42,348.2,0.3077,222.39,0.4625,1.3877,221.77,223.73,221.68,387.72,385.55,382.29,385.2,0.0,1.3877,0.0,0,0.3077,0,0.038,0,0.038,0,0.3105,0,0.3105,0,0.9924,1,0.9924,1,50.1,436.94,256.27,0,1,2025-10-01 19:38:42,15.5,72.6,,0,0,,1
2025-10-01 19:39:27,348.2,0.3043,222.51,0.4587,1.3763,221.96,223.15,222.43,386.64,385.94,383.61,385.43,0.0,1.3763,0.0,0,0.3043,0,0.0378,0,0.0378,0,0.3071,0,0.3071,0,0.9923,1,0.9923,1,50.1,436.94,256.27,0,1,2025-10-01 19:39:27,15.4,75.8,,0,0,,1
2025-10-01 19:40:12,348.2,0.3043,222.48,0.4571,1.3713,221.24,224.12,222.08,388.03,385.76,382.21,385.37,0.0,1.3713,0.0,0,0.3043,0,0.0394,0,0.0394,0,0.3073,0,0.3073,0,0.9917,1,0.9917,1,50.1,436.94,256.27,0,1,2025-10-01 19:40:12,15.5,80.3,,0,0,,1
2025-10-01 19:40:57,348.21,0.3025,223.15,0.4568,1.3704,224.26,222.88,222.31,390.02,384.52,384.93,386.37,0.0,1.3704,0.0,0,0.3025,0,0.0384,0,0.0384,0,0.3054,0,0.3054,0,0.992,1,0.992,1,50.1,436.95,256.27,0,1,2025-10-01 19:40:57,15.8,83.7,,0,0,,1
2025-10-01 19:41:42,348.21,0.3038,223.78,0.457,1.3712,223.75,223.77,223.84,388.09,388.2,386.51,387.59,0.0,1.3712,0.0,0,0.3038,0,0.0389,0,0.0389,0,0.3068,0,0.3068,0,0.9919,1,0.9919,1,50.1,436.95,256.27,0,1,2025-10-01 19:41:42,16.0,85.5,,0,0,,1
2025-10-01 19:42:27,348.22,0.3035,222.85,0.4562,1.3688,222.99,223.97,221.61,388.27,386.56,383.14,386.1,0.0,1.3688,0.0,0,0.3035,0,0.0392,0,0.0392,0,0.3066,0,0.3066,0,0.9917,1,0.9917,1,50,436.96,256.27,0,1,2025-10-01 19:42:27,16.2,87,,0,0,,1
2025-10-01 19:43:12,348.22,0.3042,223.23,0.4561,1.3685,222.88,224.61,222.21,388.71,387.8,383.42,386.38,0.0,1.3685,0.0,0,0.3042,0,0.0401,0,0.0401,0,0.3074,0,0.3074,0,0.9914,1,0.9914,1,50.1,436.96,256.27,0,1,2025-10-01 19:43:12,16.5,88.3,,0,0,,1
2025-10-01 19:43:57,348.22,0.3043,223.06,0.456,1.3682,222.91,223.86,222.42,386.61,388.62,383.8,386.57,0.0,1.3682,0.0,0,0.3032,0,0.0392,0,0.0392,0,0.3063,0,0.3063,0,0.9917,1,0.9917,1,50.1,436.96,256.27,0,1,2025-10-01 19:43:57,16.6,89.5,,0,0,,1
2025-10-01 19:44:42,348.23,0.3038,222.41,0.4556,1.3669,222.51,224.56,220.18,388.15,386.41,381.13,385.32,0.0,1.3669,0.0,0,0.3038,0,0.0398,0,0.0398,0,0.307,0,0.307,0,0.9915,1,0.9915,1,50.1,436.97,256.27,0,1,2025-10-01 19:44:42,16.8,89.8,,0,0,,1
2025-10-01 19:45:27,348.23,0.304,222.76,0.4555,1.3665,221.67,224.85,221.78,387.7,387.19,382.63,385.77,0.0,1.3665,0.0,0,0.304,0,0.0405,0,0.0405,0,0.3073,0,0.3073,0,0.9912,1,0.9912,1,50,436.97,256.27,0,1,2025-10-01 19:45:27,17.0,90.7,,0,0,,1
2025-10-01 19:46:12,348.24,0.3037,223.09,0.455,1.3652,222.62,224.81,221.86,387.54,388.08,383.6,386.4,0.0,1.3652,0.0,0,0.3037,0,0.0403,0,0.0403,0,0.3069,0,0.3069,0,0.9912,1,0.9912,1,50,436.97,256.28,0,1,2025-10-01 19:46:12,17.1,91.4,,0,0,,1
2025-10-01 19:46:57,348.24,0.3056,222.71,0.4565,1.3695,220.97,225.55,221.63,386.96,388.8,381.5,386.02,0.0,1.3695,0.0,0,0.3056,0,0.0411,0,0.0411,0,0.3089,0,0.3089,0,0.991,1,0.991,1,50.1,436.98,256.28,0,1,2025-10-01 19:46:57,17.3,92.1,,0,0,,1
2025-10-01 19:47:42,348.24,0.3047,222.46,0.4552,1.3658,220.65,225.53,221.21,388.29,386.68,380.98,385.45,0.0,1.3658,0.0,0,0.3047,0,0.0413,0,0.0413,0,0.308,0,0.308,0,0.9909,1,0.9909,1,50,436.98,256.28,0,1,2025-10-01 19:47:42,17.4,92.4,,0,0,,1
2025-10-01 19:48:27,348.25,0.3042,223.4,0.4553,1.3661,222.2,225.06,222.96,387.12,389.12,384.61,387,0.0,1.3661,0.0,0,0.3042,0,0.0405,0,0.0405,0,0.3075,0,0.3075,0,0.9912,1,0.9912,1,50,436.99,256.28,0,1,2025-10-01 19:48:27,17.5,92.5,,0,0,,1
2025-10-01 19:49:12,348.25,0.3043,223.07,0.4549,1.3648,222.56,225.4,221.25,388.28,388.48,382.32,386.42,0.0,1.3648,0.0,0,0.3043,0,0.0409,0,0.0409,0,0.3076,0,0.3076,0,0.991,1,0.991,1,50,436.99,256.28,0,1,2025-10-01 19:49:12,17.6,92.9,,0,0,,1
2025-10-01 19:49:57,348.25,0.3037,223.81,0.4546,1.3639,225.19,225.12,221.13,391.13,389.09,382.67,387.63,0.0,1.3639,0.0,0,0.3037,0,0.041,0,0.041,0,0.307,0,0.307,0,0.9909,1,0.9909,1,50,436.99,256.28,0,1,2025-10-01 19:49:57,17.8,93.2,,0,0,,1
2025-10-01 19:50:42,348.26,0.3041,224.09,0.4556,1.3668,225.89,224.8,221.58,390.25,389.26,384.83,388.22,0.0,1.3668,0.0,0,0.3041,0,0.0403,0,0.0403,0,0.3073,0,0.3073,0,0.9913,1,0.9913,1,50,437,256.28,0,1,2025-10-01 19:50:42,17.9,93.5,,0,0,,1
2025-10-01 19:51:27,348.26,0.3044,223.78,0.4552,1.3656,224.89,225.29,221.16,389.95,389.59,383.18,387.72,0.0,1.3656,0.0,0,0.3044,0,0.0409,0,0.0409,0,0.3077,0,0.3077,0,0.9911,1,0.9911,1,50,437,256.28,0,1,2025-10-01 19:51:27,18.0,93.7,,0,0,,1
2025-10-01 19:52:12,348.27,0.3053,224.06,0.4551,1.3653,224.33,226.15,221.71,391.33,389.09,383.82,387.98,0.0,1.3653,0.0,0,0.3053,0,0.0419,0,0.0419,0,0.3088,0,0.3088,0,0.9907,1,0.9907,1,50,437.01,256.28,0,1,2025-10-01 19:52:12,18.1,94,,0,0,,1
2025-10-01 19:52:57,348.27,0.3044,224.3,0.455,1.3652,223.99,225.46,223.46,389.01,390.09,386.39,388.49,0.0,1.3652,0.0,0,0.3044,0,0.0412,0,0.0412,0,0.3078,0,0.3078,0,0.9909,1,0.9909,1,50,437.01,256.28,0,1,2025-10-01 19:52:57,18.2,94,,0,0,,1
2025-10-01 19:53:42,348.27,0.3052,224.3,0.4552,1.3656,223.39,225.99,223.52,389.99,390.1,385.39,388.37,0.0,1.3656,0.0,0,0.3052,0,0.0418,0,0.0418,0,0.3086,0,0.3086,0,0.9907,1,0.9907,1,50.1,437.01,256.28,0,1,2025-10-01 19:53:42,18.2,94.1,,0,0,,1
2025-10-01 19:54:27,348.3,3.6253,223.62,6.8634,20.5902,222.19,225.72,222.95,389.46,389.29,383.19,387.31,6.986,7.8107,5.7935,1.2885,1.406,0.9308,2.8176,0.8633,1.0598,0.8944,4.6069,1.5522,1.763,1.2917,0.7895,0.8307,0.7985,0.721,50.1,437.04,256.3,1,1,2025-10-01 19:54:27,18.3,94.2,,1,0,,0
2025-10-01 19:55:12,348.34,3.6456,223.59,6.8867,20.6601,222.54,225.37,222.86,388.96,389.16,383.66,387.14,6.9958,7.7968,5.8675,1.2887,1.4073,0.9497,2.8174,0.8712,1.0484,0.8978,4.6216,1.5568,1.7572,1.3076,0.7912,0.8284,0.8019,0.7266,50,437.1,256.33,1,1,2025-10-01 19:55:12,18.3,92.6,,1,0,,0
2025-10-01 19:55:57,348.39,3.6423,222.8,6.877,20.631,220.76,226.12,221.53,387.52,388.97,381.24,386.21,6.9524,7.8578,5.8208,1.2858,1.4292,0.9274,2.7825,0.8357,1.0519,0.8948,4.6011,1.5348,1.7768,1.2895,0.7946,0.8384,0.8053,0.7196,50,437.16,256.37,1,1,2025-10-01 19:55:57,18.1,89.5,,1,0,,0
2025-10-01 19:56:42,348.43,3.6428,222.98,6.875,20.6252,221.13,226.5,221.31,388.59,388.52,381.53,386.76,7.0292,7.9396,5.6564,1.3149,1.4304,0.8975,2.7848,0.8267,1.0864,0.8717,4.6045,1.5544,1.7983,1.2518,0.7944,0.8465,0.7963,0.7173,50.1,437.22,256.4,1,1,2025-10-01 19:56:42,17.9,86.5,,1,0,,0
2025-10-01 19:57:27,348.48,3.6667,223.73,6.9087,20.7262,221.6,226.43,223.17,388.18,389.91,384.47,387.52,6.9212,7.8407,5.9643,1.2715,1.4373,0.9579,2.8158,0.8551,1.0378,0.9228,4.6402,1.5337,1.7754,1.3311,0.7931,0.8298,0.8107,0.7201,50,437.27,256.44,1,1,2025-10-01 19:57:27,17.8,84.8,,1,0,,0
2025-10-01 19:58:12,348.52,3.6474,222.84,6.8832,20.6497,221.88,226.3,220.35,388.87,388.1,380.96,386.17,7.0767,8.0213,5.5517,1.3398,1.4321,0.8755,2.7803,0.8162,1.1112,0.8529,4.6087,1.5702,1.8152,1.2233,0.7952,0.854,0.79,0.7163,50.1,437.33,256.47,1,1,2025-10-01 19:58:12,17.6,83.8,,1,0,,0
2025-10-01 19:58:57,348.57,3.6471,223.96,6.8852,20.6557,223.46,225.69,222.73,388.45,390.49,384.77,388.01,6.9682,7.8852,5.8023,1.2984,1.4194,0.9294,2.8234,0.8572,1.0694,0.8968,4.6291,1.5571,1.7796,1.2923,0.7907,0.8345,0.7986,0.7196,50,437.39,256.51,1,1,2025-10-01 19:58:57,17.4,81.8,,1,0,,0
2025-10-01 19:59:42,348.62,3.6208,223.75,6.855,20.565,223.23,225.15,222.89,386.88,390.89,384.85,387.56,6.9359,7.7695,5.8596,1.2776,1.3994,0.9438,2.8202,0.8724,1.046,0.9018,4.6037,1.5483,1.7493,1.306,0.7889,0.8258,0.8009,0.7229,50,437.45,256.54,1,1,2025-10-01 19:59:42,17.2,80.4,,1,0,,0
2025-10-01 20:00:27,348.66,3.6127,222.95,6.8467,20.5403,223.21,225.1,220.56,390.6,386.85,381.02,386.31,7.1735,7.9335,5.4333,1.3573,1.3874,0.868,2.7927,0.8471,1.1208,0.8248,4.5854,1.6012,1.7858,1.1984,0.7911,0.8483,0.7778,0.7249,50,437.5,256.58,1,1,2025-10-01 20:00:27,17.0,79.3,,1,0,,0
2025-10-01 20:01:12,348.71,3.6274,224.43,6.8626,20.5879,223.42,224.66,225.23,388.47,391.02,386.69,388.78,6.8955,7.5447,6.1477,1.2323,1.379,1.0162,2.8418,0.9218,0.9813,0.9388,4.6202,1.5406,1.695,1.3846,0.7871,0.8007,0.8151,0.7331,50,437.56,256.61,1,1,2025-10-01 20:01:12,16.8,78,,1,0,,0
2025-10-01 20:01:57,348.75,3.6171,224.42,6.8521,20.5564,223.05,226.04,224.18,388.98,391.3,385.83,388.86,6.8567,7.7655,5.9342,1.2495,1.4109,0.9566,2.8395,0.8747,1.0318,0.933,4.615,1.5294,1.7553,1.3303,0.7865,0.8214,0.8056,0.7153,50.1,437.62,256.65,1,1,2025-10-01 20:01:57,16.6,77.1,,1,0,,0
2025-10-01 20:02:42,348.8,3.6008,223.85,6.8331,20.4993,223.75,226.21,221.59,392.4,388.6,382.11,387.3,7.1024,7.9017,5.4952,1.3377,1.3904,0.8727,2.8233,0.8555,1.1196,0.8482,4.5943,1.5892,1.7874,1.2177,0.7869,0.8424,0.7788,0.7171,50,437.68,256.68,1,1,2025-10-01 20:02:42,16.4,76.5,,1,0,,0
2025-10-01 20:03:27,348.84,3.5892,224.81,6.8126,20.4379,223.95,225.48,225,388.86,391.89,387.37,389.36,6.7991,7.6146,6.0242,1.2279,1.3865,0.9749,2.8473,0.898,1.0088,0.9406,4.595,1.5227,1.7169,1.3554,0.7834,0.8071,0.8086,0.7196,50.1,437.73,256.72,1,1,2025-10-01 20:03:27,16.3,75.5,,1,0,,0
2025-10-01 20:04:12,348.89,3.5924,223.87,6.8245,20.4737,223.88,225.99,221.74,390.22,389.94,383.06,387.89,7.0126,7.9437,5.5174,1.323,1.4016,0.8678,2.8186,0.8408,1.1167,0.861,4.5886,1.57,1.7952,1.2234,0.7867,0.8441,0.7822,0.7098,50.1,437.79,256.76,1,1,2025-10-01 20:04:12,16.1,75.4,,1,0,,0
2025-10-01 20:04:57,348.93,3.6131,224.98,6.8515,20.5545,224.78,226.2,223.97,391.82,391.57,385.61,389.79,7.0286,7.8762,5.6497,1.3126,1.3968,0.9036,2.863,0.8766,1.1019,0.8845,4.6268,1.5799,1.7816,1.2654,0.7837,0.8316,0.7851,0.7146,50.1,437.85,256.79,1,1,2025-10-01 20:04:57,16.0,75.1,,1,0,,0
2025-10-01 20:05:42,348.98,3.5823,225.2,6.8212,20.4636,222.43,227.72,225.45,390.41,393.48,386.28,390.02,6.7605,7.7921,5.911,1.2295,1.4245,0.9282,2.8708,0.8628,1.0533,0.9548,4.6108,1.5037,1.7744,1.3326,0.7803,0.8185,0.804,0.697,50,437.91,256.83,1,1,2025-10-01 20:05:42,15.9,75.1,,1,0,,0
2025-10-01 20:06:27,349.02,3.6037,224.79,6.8447,20.5343,222.42,227.67,224.29,390.83,391.95,385.27,389.48,6.9312,7.8599,5.7432,1.2782,1.4191,0.9064,2.8589,0.8592,1.0858,0.9139,4.6192,1.5416,1.7895,1.2881,0.7834,0.8299,0.7941,0.7041,50,437.97,256.86,1,1,2025-10-01 20:06:27,15.8,74,,1,0,,0
2025-10-01 20:07:12,349.07,3.6016,225.34,6.8453,20.5361,222.06,227.93,226.05,391.72,393.02,386.17,390.22,6.8923,7.7552,5.8886,1.2484,1.4141,0.9391,2.881,0.8828,1.0562,0.942,4.6293,1.5305,1.7676,1.3311,0.7808,0.8164,0.8011,0.706,50,438.02,256.9,1,1,2025-10-01 20:07:12,15.6,73.8,,1,0,,0
2025-10-01 20:07:57,349.11,3.6082,225.72,6.8559,20.567899999999998,222.09,228.31,226.77,391.36,393.52,388.01,390.92,6.8637,7.7465,5.9577,1.2374,1.4208,0.95,2.8948,0.8873,1.0485,0.959,4.644,1.5244,1.7686,1.351,0.78,0.8126,0.8046,0.7037,50,438.08,256.93,1,1,2025-10-01 20:07:57,15.6,73.6,,1,0,,0
2025-10-01 20:08:42,349.16,3.6088,225.52,6.8503,20.551000000000002,224.56,226.98,225.03,392.36,392.11,387.36,390.43,7.0429,7.7997,5.7084,1.3016,1.3891,0.9181,2.887,0.8962,1.0936,0.8972,4.6365,1.5816,1.7704,1.2846,0.7808,0.8236,0.7857,0.7152,50.1,438.14,256.97,1,1,2025-10-01 20:08:42,15.4,73.4,,1,0,,0
2025-10-01 20:09:27,349.17,0.3141,226.05,0.4642,1.3926,225.63,227.99,224.54,394.67,392.98,386.92,391.55,0.0,1.3926,0.0,0,0.3141,0,0.0425,0,0.0425,0,0.3175,0,0.3175,0,0.9909,1,0.9909,1,50,438.16,256.98,0,1,2025-10-01 20:09:27,15.4,73.1,,0,0,,1
2025-10-01 20:10:12,349.18,0.3106,225.72,0.4602,1.3808,224.83,227.49,224.85,392.54,392.84,387.49,391.02,0.0,1.3808,0.0,0,0.3106,0,0.0429,0,0.0429,0,0.3141,0,0.3141,0,0.9905,1,0.9905,1,50,438.16,256.98,0,1,2025-10-01 20:10:12,15.3,76.7,,0,0,,1
2025-10-01 20:10:57,349.18,0.31,225.75,0.4593,1.378,224.51,227.57,225.18,393.56,392.13,387.33,390.95,0.0,1.378,0.0,0,0.31,0,0.0433,0,0.0433,0,0.3136,0,0.3136,0,0.9904,1,0.9904,1,50,438.17,256.98,0,1,2025-10-01 20:10:57,15.5,80.2,,0,0,,1
2025-10-01 20:11:42,349.19,0.3093,225.2,0.4581,1.3743,224.02,226.88,224.7,393.3,391.56,385.24,389.93,0.0,1.3743,0.0,0,0.3083,0,0.0423,0,0.0423,0,0.3118,0,0.3118,0,0.9907,1,0.9907,1,50,438.17,256.98,0,1,2025-10-01 20:11:42,15.7,83.1,,0,0,,1
2025-10-01 20:12:27,349.19,0.3066,225.87,0.4573,1.3721,225.04,225.96,226.63,391.56,392.92,389.18,391.24,0.0,1.3721,0.0,0,0.3066,0,0.0415,0,0.0415,0,0.31,0,0.31,0,0.9909,1,0.9909,1,50,438.18,256.99,0,1,2025-10-01 20:12:27,15.9,85,,0,0,,1
2025-10-01 20:13:12,349.19,0.3081,225.29,0.4576,1.373,225.2,226.98,223.69,393.28,392.14,385.16,390.22,0.0,1.373,0.0,0,0.3081,0,0.0428,0,0.0428,0,0.3116,0,0.3116,0,0.9904,1,0.9904,1,50,438.18,256.99,0,1,2025-10-01 20:13:12,16.1,86.8,,0,0,,1
2025-10-01 20:13:57,349.2,0.3078,225.22,0.4572,1.3716,225.43,227.05,223.19,392.9,391.93,385.41,390.19,0.0,1.3716,0.0,0,0.3078,0,0.0432,0,0.0432,0,0.3114,0,0.3114,0,0.9903,1,0.9903,1,50,438.18,256.99,0,1,2025-10-01 20:13:57,16.4,89.1,,0,0,,1
2025-10-01 20:14:42,349.2,0.3088,225.35,0.4571,1.3714,225.27,226.94,223.84,391.01,392.18,387.74,390.32,0.0,1.3714,0.0,0,0.3076,0,0.0431,0,0.0431,0,0.3112,0,0.3112,0,0.9903,1,0.9903,1,50,438.19,256.99,0,1,2025-10-01 20:14:42,16.6,90.1,,0,0,,1
2025-10-01 20:15:27,349.2,0.3085,223.93,0.4572,1.3716,223.24,227.69,220.86,392,389.87,381.7,387.92,0.0,1.3716,0.0,0,0.3085,0,0.0447,0,0.0447,0,0.3123,0,0.3123,0,0.9896,1,0.9896,1,49.9,438.19,256.99,0,1,2025-10-01 20:15:27,16.8,90.4,,0,0,,1
2025-10-01 20:16:12,349.21,0.3069,224.53,0.456,1.3682,222.8,227.04,223.75,390.22,391.02,385.44,388.93,0.0,1.3682,0.0,0,0.3069,0,0.0437,0,0.0437,0,0.3106,0,0.3106,0,0.9899,1,0.9899,1,49.9,438.2,256.99,0,1,2025-10-01 20:16:12,17.0,90.9,,0,0,,1
2025-10-01 20:16:57,349.21,0.3068,224.44,0.4557,1.3671,222.48,227.12,223.72,389.12,391.85,385.25,388.76,0.0,1.3671,0.0,0,0.3068,0,0.0439,0,0.0439,0,0.3105,0,0.3105,0,0.9899,1,0.9899,1,49.9,438.2,256.99,0,1,2025-10-01 20:16:57,17.1,91.4,,0,0,,1
2025-10-01 20:17:42,349.22,0.307,223.3,0.4557,1.3673,220.47,227.27,222.16,389.71,389.43,381.17,386.84,0.0,1.3673,0.0,0,0.307,0,0.0444,0,0.0444,0,0.3107,0,0.3107,0,0.9896,1,0.9896,1,49.9,438.2,256.99,0,1,2025-10-01 20:17:42,17.3,92.1,,0,0,,1
2025-10-01 20:18:27,349.22,0.3049,224.62,0.4541,1.3623,223.01,225.69,225.17,388.67,389.73,388.76,388.9,0.0,1.3623,0.0,0,0.3039,0,0.0426,0,0.0426,0,0.3075,0,0.3075,0,0.9903,1,0.9903,1,49.9,438.21,256.99,0,1,2025-10-01 20:18:27,17.4,92.5,,0,0,,1
2025-10-01 20:19:12,349.22,0.305,224.28,0.4548,1.3645,222.67,226.17,224,389.52,390.79,385.07,388.43,0.0,1.3645,0.0,0,0.305,0,0.0429,0,0.0429,0,0.3086,0,0.3086,0,0.9902,1,0.9902,1,49.9,438.21,256.99,0,1,2025-10-01 20:19:12,17.6,92.9,,0,0,,1
2025-10-01 20:19:57,349.23,0.3053,224.05,0.4544,1.3632,223.54,226.67,221.95,391.85,389.28,383.06,388.01,0.0,1.3632,0.0,0,0.3053,0,0.0435,0,0.0435,0,0.309,0,0.309,0,0.9899,1,0.9899,1,49.9,438.22,256.99,0,1,2025-10-01 20:19:57,17.7,93.3,,0,0,,1
2025-10-01 20:20:42,349.23,0.3052,225.8,0.4548,1.3645,226.78,226.38,224.25,393.71,391.1,388.46,390.93,0.0,1.3645,0.0,0,0.3052,0,0.0433,0,0.0433,0,0.3089,0,0.3089,0,0.99,1,0.99,1,49.9,438.22,256.99,0,1,2025-10-01 20:20:42,17.8,93.6,,0,0,,1
2025-10-01 20:21:27,349.24,0.3054,225.77,0.4549,1.3649,226.55,226.42,224.34,393.63,392.11,387.33,391.02,0.0,1.3649,0.0,0,0.3054,0,0.0432,0,0.0432,0,0.309,0,0.309,0,0.9901,1,0.9901,1,49.9,438.22,256.99,0,1,2025-10-01 20:21:27,17.9,93.9,,0,0,,1
2025-10-01 20:22:12,349.24,0.3046,225.52,0.4547,1.3642,227.14,225.87,223.55,393.16,391.38,387.22,390.49,0.0,1.3642,0.0,0,0.3046,0,0.0426,0,0.0426,0,0.3081,0,0.3081,0,0.9903,1,0.9903,1,49.9,438.23,256.99,0,1,2025-10-01 20:22:12,18.1,94,,0,0,,1
2025-10-01 20:22:57,349.24,0.3049,225.59,0.4545,1.3635,226.79,226.26,223.74,393.65,391.47,387.06,390.61,0.0,1.3635,0.0,0,0.3049,0,0.0431,0,0.0431,0,0.3085,0,0.3085,0,0.9901,1,0.9901,1,49.9,438.23,256.99,0,1,2025-10-01 20:22:57,18.2,94.1,,0,0,,1
2025-10-01 20:23:42,349.25,0.3074,225.6,0.4558,1.3676,224.73,227.47,224.61,391.62,393.17,387.46,390.91,0.0,1.3676,0.0,0,0.3074,0,0.0439,0,0.0439,0,0.3111,0,0.3111,0,0.9899,1,0.9899,1,50,438.23,256.99,0,1,2025-10-01 20:23:42,18.3,94.3,,0,0,,1
2025-10-01 20:24:27,349.27,3.5543,224.75,6.7965,20.3897,224.86,225.62,223.79,391.8,390.63,385.38,389.33,7.0978,7.6643,5.6276,1.3049,1.3386,0.9108,2.8759,0.9169,1.0908,0.8682,4.5846,1.596,1.7292,1.2594,0.7773,0.8181,0.7751,0.7238,49.9,438.26,257.01,1,1,2025-10-01 20:24:27,18.3,94.4,,1,0,,0
2025-10-01 20:25:12,349.31,3.6161,225.25,6.8745,20.6237,224.28,225.84,225.63,391.96,392.17,386.23,390.09,7.0466,7.6706,5.9065,1.2778,1.3718,0.9665,2.8977,0.9278,1.0539,0.916,4.6454,1.5804,1.7323,1.3327,0.7803,0.8091,0.7929,0.7258,49.9,438.32,257.04,1,1,2025-10-01 20:25:12,18.3,93.1,,1,0,,0
2025-10-01 20:25:57,349.35,3.6334,225.19,6.8864,20.6594,224.67,225.79,225.11,390,392.42,387.66,390.03,7.0544,7.7226,5.8824,1.2907,1.3809,0.9619,2.8872,0.9177,1.0608,0.9087,4.6528,1.5849,1.7437,1.3242,0.7829,0.8149,0.793,0.7269,50,438.37,257.08,1,1,2025-10-01 20:25:57,18.2,90.1,,1,0,,0
2025-10-01 20:26:42,349.4,3.6259,224.93,6.8745,20.6237,224.82,225.46,224.51,391.18,390.81,386.74,389.72,7.1469,7.6639,5.8129,1.3084,1.3584,0.9591,2.8789,0.9307,1.0643,0.8839,4.6397,1.6068,1.7279,1.3051,0.7831,0.8148,0.7871,0.7353,50,438.43,257.11,1,1,2025-10-01 20:26:42,18.0,88,,1,0,,0
2025-10-01 20:27:27,349.45,3.6222,224.67,6.8751,20.6255,224.91,226.06,223.06,392.48,390.13,384.8,389,7.2326,7.8187,5.5742,1.3503,1.3658,0.9061,2.8728,0.9049,1.118,0.85,4.6376,1.6267,1.7675,1.2434,0.7834,0.8307,0.7738,0.7293,49.9,438.49,257.15,1,1,2025-10-01 20:27:27,17.8,85.4,,1,0,,0
2025-10-01 20:28:12,349.49,3.634,225.32,6.8882,20.6646,226.05,224.94,224.99,390.82,391.49,388.47,390.19,7.1449,7.5989,5.9208,1.3007,1.347,0.9863,2.8989,0.9556,1.0489,0.8943,4.6565,1.6151,1.7093,1.3321,0.7817,0.8058,0.7889,0.7408,49.9,438.55,257.19,1,1,2025-10-01 20:28:12,17.6,83.3,,1,0,,0
2025-10-01 20:28:57,349.54,3.6103,224.57,6.8603,20.5809,225.68,224.24,223.79,392.69,388.6,385.51,388.97,7.2934,7.7879,5.4996,1.3618,1.3413,0.9072,2.8675,0.9224,1.1149,0.8301,4.6231,1.646,1.7464,1.2308,0.783,0.8279,0.769,0.7377,49.9,438.61,257.22,1,1,2025-10-01 20:28:57,17.4,82.5,,1,0,,0
2025-10-01 20:29:42,349.58,3.6066,225.51,6.8575,20.5726,226.75,223.29,226.5,391.98,390.88,388.84,390.64,7.1898,7.497,5.8858,1.2968,1.3129,0.9969,2.9054,0.9861,1.0354,0.8839,4.6374,1.6303,1.674,1.3331,0.7787,0.796,0.7851,0.7482,49.9,438.66,257.26,1,1,2025-10-01 20:29:42,17.3,81.4,,1,0,,0
2025-10-01 20:30:27,349.62,3.5757,224.4,6.8093,20.4279,224.93,223.65,224.63,391.14,389.78,384.98,388.9,7.1786,7.5788,5.6705,1.3109,1.3209,0.9439,2.8533,0.9407,1.0588,0.8538,4.5834,1.6147,1.695,1.2738,0.7816,0.8124,0.7802,0.7415,49.9,438.72,257.29,1,1,2025-10-01 20:30:27,17.1,79.4,,1,0,,0
2025-10-01 20:31:12,349.67,3.617,224.74,6.8649,20.5948,224.78,224.65,224.81,391.71,391.08,384.89,389.16,7.1408,7.725,5.729,1.3135,1.361,0.9425,2.8704,0.9206,1.0734,0.8764,4.6285,1.6051,1.7354,1.2879,0.7833,0.8188,0.7851,0.7322,49.9,438.78,257.33,1,1,2025-10-01 20:31:12,16.9,79,,1,0,,0
2025-10-01 20:31:57,349.72,3.6135,224.84,6.8572,20.5716,224.38,224.82,225.34,390.02,390.83,387.44,389.34,7.0372,7.5959,5.9385,1.2725,1.3598,0.9812,2.8703,0.9328,1.0291,0.9084,4.6249,1.579,1.7077,1.3382,0.783,0.8065,0.7974,0.7337,49.9,438.84,257.37,1,1,2025-10-01 20:31:57,16.7,77.6,,1,0,,0
2025-10-01 20:32:42,349.76,3.6048,223.98,6.8467,20.5401,223.98,224.84,223.13,391.02,389.07,383.69,387.98,7.1292,7.7245,5.6864,1.3154,1.3614,0.928,2.8419,0.9031,1.0748,0.864,4.6024,1.5968,1.7368,1.2688,0.7853,0.8243,0.7848,0.7318,49.9,438.89,257.4,1,1,2025-10-01 20:32:42,16.5,76.6,,1,0,,0
2025-10-01 20:33:27,349.81,3.5758,224.08,6.8137,20.4411,224.18,225.64,222.43,390.48,389.93,383.91,387.88,7.0864,7.7776,5.5771,1.318,1.3643,0.8935,2.8438,0.8847,1.1001,0.859,4.5841,1.5886,1.7549,1.2405,0.7826,0.8302,0.7784,0.7208,49.9,438.95,257.44,1,1,2025-10-01 20:33:27,16.3,75.8,,1,0,,0
2025-10-01 20:34:12,349.85,3.562,224.77,6.7995,20.3985,224.31,225.53,224.49,390.44,390.99,386.51,389.33,6.9777,7.5809,5.8399,1.2638,1.3498,0.9485,2.8701,0.9212,1.0455,0.9034,4.5859,1.5652,1.7097,1.311,0.7786,0.808,0.7905,0.724,49.9,439.01,257.47,1,1,2025-10-01 20:34:12,16.2,75.5,,1,0,,0
2025-10-01 20:34:57,349.89,3.5613,224.35,6.8053,20.4159,223.83,225.57,223.67,391.08,390.42,384.22,388.47,7.0135,7.7634,5.639,1.293,1.3683,0.9,2.8592,0.8879,1.0892,0.8821,4.5823,1.5698,1.7512,1.2613,0.7797,0.8243,0.7823,0.7141,49.9,439.06,257.51,1,1,2025-10-01 20:34:57,16.0,74.8,,1,0,,0
2025-10-01 20:35:42,349.94,3.541,223.93,6.7747,20.3243,223.61,224.99,223.19,390.44,389.09,383.99,387.99,7.0599,7.6994,5.565,1.2999,1.3467,0.8945,2.8405,0.894,1.0861,0.8604,4.553,1.5787,1.7323,1.2421,0.78,0.8239,0.7783,0.7207,49.9,439.12,257.54,1,1,2025-10-01 20:35:42,15.9,74.9,,1,0,,0
2025-10-01 20:36:27,349.98,3.5731,224.59,6.8151,20.445500000000003,224.03,224.62,225.14,390.04,389.93,387.03,388.98,6.997,7.5636,5.8849,1.2602,1.3475,0.9653,2.8668,0.9299,1.0308,0.9062,4.5914,1.5675,1.6989,1.3249,0.7799,0.8046,0.7942,0.729,49.9,439.18,257.58,1,1,2025-10-01 20:36:27,15.8,75.6,,1,0,,0
2025-10-01 20:37:12,350.03,3.5952,224.1,6.8433,20.53,223.66,224.73,223.91,389.68,390.45,384.25,388.18,7.078,7.7641,5.6879,1.303,1.37,0.9222,2.8508,0.8969,1.0769,0.877,4.6015,1.5831,1.7448,1.2736,0.7835,0.8237,0.7861,0.7246,49.9,439.24,257.62,1,1,2025-10-01 20:37:12,15.7,75,,1,0,,0
2025-10-01 20:37:57,350.07,3.5415,224.1,6.7786,20.3359,223.68,224.68,223.95,391.3,389.31,383.76,387.99,7.0267,7.6905,5.6187,1.2878,1.3486,0.9051,2.8482,0.8988,1.0766,0.8727,4.5579,1.5717,1.7279,1.2583,0.7792,0.82,0.7815,0.7198,49.8,439.29,257.65,1,1,2025-10-01 20:37:57,15.6,74.5,,1,0,,0
2025-10-01 20:38:42,350.12,3.5651,224.81,6.8087,20.4263,223.74,225.3,225.4,390.61,391.36,386.14,389.35,6.9554,7.6311,5.8398,1.2573,1.3608,0.947,2.8748,0.9151,1.0471,0.9127,4.5918,1.5562,1.7193,1.3163,0.7784,0.8085,0.7925,0.72,49.9,439.35,257.69,1,1,2025-10-01 20:38:42,15.5,73.6,,1,0,,0
2025-10-01 20:39:27,350.16,3.6017,224.44,6.853,20.559,223.74,223.96,225.62,391.05,389.66,385.39,388.78,7.1293,7.6708,5.7589,1.2956,1.3526,0.9535,2.8655,0.9287,1.0556,0.8812,4.6124,1.5951,1.718,1.2993,0.7825,0.8127,0.7883,0.7344,49.9,439.41,257.72,1,1,2025-10-01 20:39:27,15.4,73.2,,1,0,,0
2025-10-01 20:40:12,350.17,0.3064,225.24,0.4593,1.378,225.46,224.72,225.55,393.95,390.12,386.16,389.99,0.0,1.378,0.0,0,0.3064,0,0.0411,0,0.0411,0,0.3097,0,0.3097,0,0.9911,1,0.9911,1,49.8,439.42,257.72,0,1,2025-10-01 20:40:12,15.3,74.1,,0,0,,1
2025-10-01 20:40:57,350.17,0.3047,225.81,0.4572,1.3716,225.38,224.52,227.53,390.94,392.73,389.62,391.1,0.0,1.3716,0.0,0,0.3047,0,0.0411,0,0.0411,0,0.308,0,0.308,0,0.991,1,0.991,1,49.9,439.42,257.73,0,1,2025-10-01 20:40:57,15.3,77.2,,0,0,,1
2025-10-01 20:41:42,350.18,0.3042,225.8,0.4569,1.3708,226.87,224.3,226.24,395.04,390.63,387.44,391,0.0,1.3708,0.0,0,0.3042,0,0.041,0,0.041,0,0.3075,0,0.3075,0,0.991,1,0.991,1,49.9,439.42,257.73,0,1,2025-10-01 20:41:42,15.5,80.5,,0,0,,1
2025-10-01 20:42:27,350.18,0.3034,225.64,0.4559,1.3677,226.74,224.19,225.99,395.51,389.96,386.76,390.8,0.0,1.3677,0.0,0,0.3034,0,0.0412,0,0.0412,0,0.3066,0,0.3066,0,0.9909,1,0.9909,1,49.9,439.43,257.73,0,1,2025-10-01 20:42:27,15.7,83.4,,0,0,,1
2025-10-01 20:43:12,350.18,0.3027,226.14,0.4551,1.3653,226.94,224.15,227.34,394.21,392.1,388.58,391.75,0.0,1.3653,0.0,0,0.3027,0,0.0413,0,0.0413,0,0.306,0,0.306,0,0.9908,1,0.9908,1,49.9,439.43,257.73,0,1,2025-10-01 20:43:12,15.9,85.4,,0,0,,1
2025-10-01 20:43:57,350.19,0.3033,225.81,0.4549,1.3649,227.17,224.68,225.59,394.46,390.9,387.87,391.39,0.0,1.3649,0.0,0,0.3033,0,0.0419,0,0.0419,0,0.3067,0,0.3067,0,0.9906,1,0.9906,1,49.9,439.43,257.73,0,1,2025-10-01 20:43:57,16.1,86.9,,0,0,,1
2025-10-01 20:44:42,350.19,0.3041,225.62,0.4556,1.3669,226.31,224.98,225.58,394.3,390.96,386.98,390.87,0.0,1.3669,0.0,0,0.3041,0,0.0423,0,0.0423,0,0.3075,0,0.3075,0,0.9904,1,0.9904,1,49.9,439.44,257.73,0,1,2025-10-01 20:44:42,16.3,88.3,,0,0,,1
2025-10-01 20:45:27,350.19,0.305,225.76,0.4556,1.3669,225.9,225.76,225.63,393.08,392.51,387.42,391.07,0.0,1.3669,0.0,0,0.305,0,0.043,0,0.043,0,0.3086,0,0.3086,0,0.9902,1,0.9902,1,49.9,439.44,257.73,0,1,2025-10-01 20:45:27,16.5,89.7,,0,0,,1
2025-10-01 20:46:12,350.2,0.3048,224.98,0.4548,1.3645,224.46,225.16,225.32,391.58,390.58,386.81,389.58,0.0,1.3645,0.0,0,0.3037,0,0.0426,0,0.0426,0,0.3072,0,0.3072,0,0.9903,1,0.9903,1,49.9,439.45,257.73,0,1,2025-10-01 20:46:12,16.7,90.9,,0,0,,1
2025-10-01 20:46:57,350.2,0.3032,224.98,0.4533,1.36,224.65,224.69,225.6,392.05,390.47,386.41,389.68,0.0,1.36,0.0,0,0.3021,0,0.0423,0,0.0423,0,0.3056,0,0.3056,0,0.9903,1,0.9903,1,49.8,439.45,257.73,0,1,2025-10-01 20:46:57,16.9,92,,0,0,,1
2025-10-01 20:47:42,350.21,0.3033,224.41,0.4535,1.3607,224.81,225.59,222.83,392.89,388.85,384.26,388.58,0.0,1.3607,0.0,0,0.3033,0,0.0435,0,0.0435,0,0.307,0,0.307,0,0.9898,1,0.9898,1,49.8,439.45,257.73,0,1,2025-10-01 20:47:42,17.1,92.7,,0,0,,1
2025-10-01 20:48:27,350.21,0.3009,224.69,0.4527,1.3582,224.53,224.07,225.48,390.28,388.91,388.32,389.23,0.0,1.3582,0.0,0,0.3009,0,0.0422,0,0.0422,0,0.3043,0,0.3043,0,0.9903,1,0.9903,1,49.8,439.46,257.73,0,1,2025-10-01 20:48:27,17.3,92.8,,0,0,,1
2025-10-01 20:49:12,350.21,0.3027,224.48,0.4538,1.3616,224.62,224.88,223.96,391.34,388.8,386.29,388.82,0.0,1.3616,0.0,0,0.3027,0,0.0428,0,0.0428,0,0.3062,0,0.3062,0,0.9901,1,0.9901,1,49.8,439.46,257.73,0,1,2025-10-01 20:49:12,17.4,93.1,,0,0,,1
2025-10-01 20:49:57,350.22,0.3029,224.14,0.4528,1.3585,224.57,224.82,223.04,391.6,388.51,384.52,388.32,0.0,1.3585,0.0,0,0.3018,0,0.043,0,0.043,0,0.3054,0,0.3054,0,0.99,1,0.99,1,49.8,439.47,257.73,0,1,2025-10-01 20:49:57,17.5,93.4,,0,0,,1
2025-10-01 20:50:42,350.22,0.3009,224.96,0.4527,1.3581,225.48,224.05,225.36,390.39,390.74,387.75,389.77,0.0,1.3581,0.0,0,0.3009,0,0.0416,0,0.0416,0,0.3043,0,0.3043,0,0.9905,1,0.9905,1,49.8,439.47,257.73,0,1,2025-10-01 20:50:42,17.7,93.5,,0,0,,1
2025-10-01 20:51:27,350.22,0.3022,224.36,0.4533,1.3601,224.67,224.77,223.66,393.06,388.27,384.39,388.67,0.0,1.3601,0.0,0,0.3022,0,0.0426,0,0.0426,0,0.3057,0,0.3057,0,0.9902,1,0.9902,1,49.8,439.47,257.73,0,1,2025-10-01 20:51:27,17.8,93.6,,0,0,,1
2025-10-01 20:52:12,350.23,0.3022,224.8,0.4532,1.3597,224.79,224.8,224.81,391.72,390.91,385.36,389.32,0.0,1.3597,0.0,0,0.3022,0,0.0422,0,0.0422,0,0.3057,0,0.3057,0,0.9903,1,0.9903,1,49.8,439.48,257.73,0,1,2025-10-01 20:52:12,17.9,94.3,,0,0,,1
2025-10-01 20:52:57,350.23,0.3012,224.88,0.4521,1.3563,225.04,223.72,225.89,390.94,389.86,387.65,389.51,0.0,1.3563,0.0,0,0.3001,0,0.0412,0,0.0412,0,0.3034,0,0.3034,0,0.9907,1,0.9906,1,49.8,439.48,257.73,0,1,2025-10-01 20:52:57,18.0,94.5,,0,0,,1
2025-10-01 20:53:42,350.24,0.3013,224.65,0.4523,1.3571,225.01,224.6,224.36,392.69,388.34,386.23,389.01,0.0,1.3571,0.0,0,0.3013,0,0.0425,0,0.0425,0,0.3048,0,0.3048,0,0.9902,1,0.9902,1,49.8,439.48,257.73,0,1,2025-10-01 20:53:42,18.2,94.6,,0,0,,1
2025-10-01 20:54:27,350.24,0.3032,225.7,0.4534,1.3603,225.96,225.49,225.65,393.67,390.9,388.12,390.94,0.0,1.3603,0.0,0,0.3032,0,0.0426,0,0.0426,0,0.3067,0,0.3067,0,0.9902,1,0.9902,1,49.8,439.49,257.73,0,1,2025-10-01 20:54:27,18.3,94.8,,0,0,,1
2025-10-01 20:55:12,350.24,0.303,226.44,0.4533,1.36,227.11,225.35,226.87,393.69,391.89,391,392.23,0.0,1.36,0.0,0,0.303,0,0.0425,0,0.0425,0,0.3065,0,0.3065,0,0.9903,1,0.9903,1,49.9,439.49,257.74,0,1,2025-10-01 20:55:12,18.3,94.7,,0,0,,1
2025-10-01 20:55:57,350.26,3.5481,225.22,6.7972,20.3917,226.08,224.05,225.55,392.13,389.76,388.34,390.08,7.2065,7.4508,5.7344,1.2992,1.2891,0.9598,2.9037,0.981,1.0573,0.8654,4.592,1.6292,1.6694,1.2934,0.7738,0.798,0.7731,0.7426,49.9,439.52,257.75,1,1,2025-10-01 20:55:57,18.4,94.6,,1,0,,0
2025-10-01 20:56:42,350.31,3.612,224.94,6.8735,20.6205,225.36,224.7,224.76,392.4,389.47,386.87,389.58,7.2289,7.6871,5.7045,1.3274,1.3406,0.9439,2.8937,0.9423,1.0854,0.866,4.6385,1.6291,1.7273,1.2821,0.7804,0.8154,0.7772,0.7368,49.9,439.57,257.78,1,1,2025-10-01 20:56:42,18.4,93.3,,1,0,,0
2025-10-01 20:58:12,350.4,3.5878,223.39,6.8192,20.4578,224.08,223.55,222.54,388.99,387.52,384.21,387.02,7.1321,7.6762,5.6495,1.3166,1.3436,0.9276,2.815,0.9038,1.0641,0.8471,4.5714,1.5982,1.716,1.2572,0.7867,0.8244,0.7839,0.7384,49.9,439.69,257.85,1,1,2025-10-01 20:58:12,18.1,88.1,,1,0,,0
2025-10-01 20:58:57,350.44,3.5863,223.83,6.8178,20.4536,224.26,223.75,223.5,390.04,387.64,385.36,387.5,7.1319,7.6197,5.702,1.307,1.337,0.9424,2.8306,0.9197,1.0543,0.8565,4.5787,1.5994,1.7049,1.2744,0.7849,0.8178,0.7852,0.74,50,439.75,257.89,1,1,2025-10-01 20:58:57,17.9,85.3,,1,0,,0
2025-10-01 20:59:42,350.49,3.5846,223.56,6.8146,20.4439,224.13,223.64,222.91,389.36,387.67,384.57,387.12,7.1833,7.6361,5.6245,1.3222,1.3322,0.9302,2.8213,0.9167,1.0653,0.8393,4.5715,1.61,1.7077,1.2538,0.7857,0.8217,0.781,0.7424,49.9,439.8,257.93,1,1,2025-10-01 20:59:42,17.6,83.7,,1,0,,0
2025-10-01 21:00:27,350.53,3.5859,224.24,6.8169,20.4507,224.85,224.02,223.87,390.35,388.92,385.9,388.45,7.1135,7.6022,5.735,1.3018,1.3361,0.948,2.8444,0.9273,1.0526,0.8645,4.5864,1.5995,1.703,1.2839,0.7834,0.8145,0.7854,0.7388,50,439.86,257.96,1,1,2025-10-01 21:00:27,17.4,82.2,,1,0,,0
2025-10-01 21:01:12,350.58,3.5784,224.35,6.8092,20.427799999999998,225.39,223.73,223.95,391.5,388.71,385.48,388.56,7.152,7.6072,5.6686,1.3132,1.3263,0.939,2.8487,0.9328,1.0631,0.8528,4.5834,1.612,1.702,1.2695,0.7823,0.8152,0.7802,0.7402,50,439.92,258,1,1,2025-10-01 21:01:12,17.3,80.7,,1,0,,0
2025-10-01 21:01:57,350.62,3.5575,223.81,6.7757,20.3271,225.5,223.3,222.63,390.76,387.19,384.94,387.52,7.1503,7.5339,5.6429,1.3137,1.3081,0.9357,2.8246,0.9329,1.0547,0.837,4.551,1.6124,1.6823,1.2563,0.7831,0.8153,0.7784,0.7453,50,439.97,258.03,1,1,2025-10-01 21:01:57,17.0,79.6,,1,0,,0
2025-10-01 21:02:42,350.66,3.5587,224.31,6.7793,20.3381,225.16,223.17,224.62,389.38,388.86,387.29,388.46,7.0997,7.4017,5.8367,1.2766,1.3016,0.9804,2.8425,0.9599,1.0136,0.869,4.5614,1.5986,1.6518,1.311,0.7813,0.7992,0.789,0.7483,50,440.03,258.07,1,1,2025-10-01 21:02:42,16.9,78.3,,1,0,,0
2025-10-01 21:04:12,350.75,3.5669,223.27,6.7816,20.345,223.64,223.41,222.76,389.8,386.54,383.73,386.84,7.1335,7.5597,5.6518,1.3057,1.3251,0.9361,2.7991,0.9147,1.0439,0.8405,4.5432,1.5953,1.6889,1.259,0.7866,0.819,0.7855,0.744,50,440.14,258.14,1,1,2025-10-01 21:04:12,16.5,77.2,,1,0,,0
2025-10-01 21:04:57,350.8,3.5751,223.17,6.7857,20.3572,223.07,223.9,222.54,388.64,386.8,384.15,386.42,7.1205,7.5613,5.6754,1.3031,1.3336,0.9385,2.7896,0.9063,1.0395,0.8439,4.5443,1.5884,1.693,1.263,0.7883,0.8209,0.7887,0.7435,50,440.2,258.17,1,1,2025-10-01 21:04:57,16.3,75.6,,1,0,,0
2025-10-01 21:05:42,350.85,3.5792,223.68,6.7967,20.3901,223.16,224.15,223.74,389.37,388.09,384.79,387.28,7.1162,7.6205,5.6534,1.3029,1.3438,0.9325,2.8104,0.9059,1.0512,0.8533,4.5611,1.5881,1.7081,1.2649,0.7865,0.821,0.7876,0.7377,50,440.26,258.21,1,1,2025-10-01 21:05:42,16.2,76.3,,1,0,,0
2025-10-01 21:06:27,350.89,3.5825,223.35,6.8022,20.4068,222.82,224.31,222.94,389.98,387.09,383.46,386.81,7.1494,7.6825,5.5749,1.3181,1.35,0.9143,2.8007,0.8926,1.0677,0.8405,4.5592,1.593,1.7233,1.2429,0.7878,0.828,0.7843,0.7362,50,440.32,258.24,1,1,2025-10-01 21:06:27,16.1,75.5,,1,0,,0
2025-10-01 21:07:12,350.93,3.574,223.77,6.792,20.376,223.05,223.97,224.29,389.75,388.38,384.54,387.55,7.0407,7.53,5.8053,1.2727,1.3406,0.9607,2.8157,0.9181,1.0199,0.8776,4.559,1.5704,1.6865,1.3021,0.7855,0.8109,0.7958,0.7383,50,440.38,258.28,1,1,2025-10-01 21:07:12,15.9,74.4,,1,0,,0
2025-10-01 21:07:57,350.98,3.5712,223.92,6.7903,20.3711,223.95,223.87,223.94,389.74,388.35,385.38,387.85,7.0697,7.5485,5.7529,1.2861,1.3339,0.9511,2.8231,0.9214,1.0342,0.8676,4.5614,1.5833,1.6899,1.2883,0.7844,0.8129,0.7903,0.7388,50,440.43,258.31,1,1,2025-10-01 21:07:57,15.9,74.5,,1,0,,0
2025-10-01 21:08:42,351.02,3.5294,223.65,6.7363,20.209,223.98,223.82,223.15,390.51,387.7,383.82,387.34,7.0309,7.5323,5.6458,1.2837,1.3215,0.9242,2.8081,0.91,1.0434,0.8548,4.5205,1.5748,1.6859,1.2599,0.7825,0.8158,0.7848,0.7341,50,440.49,258.35,1,1,2025-10-01 21:08:42,15.8,74.6,,1,0,,0
2025-10-01 21:09:27,351.07,3.5249,223.81,6.7294,20.188299999999998,224.22,223.23,223.98,390.48,388.3,384.05,387.51,7.0409,7.4829,5.6645,1.2787,1.3105,0.9358,2.8119,0.9239,1.0327,0.8553,4.5179,1.5787,1.6704,1.2687,0.7817,0.8105,0.7897,0.7417,50,440.54,258.38,1,1,2025-10-01 21:09:27,15.7,74,,1,0,,0
2025-10-01 21:10:12,351.11,3.5236,223.98,6.7321,20.1963,224.87,223.43,223.66,390.7,388.31,384.76,387.78,7.0279,7.5583,5.6101,1.2886,1.3163,0.9188,2.8194,0.9154,1.0525,0.8515,4.5239,1.5804,1.6888,1.2548,0.7808,0.8152,0.7812,0.7323,50,440.6,258.42,1,1,2025-10-01 21:10:12,15.5,73.5,,1,0,,0
2025-10-01 21:10:57,351.12,0.3067,224.51,0.4608,1.3824,226.1,223.99,223.44,393.17,388.68,384.59,388.84,0.0,1.3824,0.0,0,0.3067,0,0.0384,0,0.0384,0,0.3096,0,0.3096,0,0.9922,1,0.9923,1,50,440.62,258.43,0,1,2025-10-01 21:10:57,15.4,73,,0,0,,1
2025-10-01 21:11:42,351.13,0.306,224.62,0.459,1.3771,225.49,224.36,224.02,391.56,389.95,385.57,389.17,0.0,1.3771,0.0,0,0.306,0,0.0391,0,0.0391,0,0.309,0,0.309,0,0.9919,1,0.9919,1,50,440.62,258.43,0,1,2025-10-01 21:11:42,15.4,75.7,,0,0,,1
2025-10-01 21:12:27,351.13,0.3047,224.07,0.4573,1.372,224.8,224.39,223.04,391.56,388.24,384.46,388.19,0.0,1.372,0.0,0,0.3047,0,0.04,0,0.04,0,0.3079,0,0.3079,0,0.9914,1,0.9914,1,50,440.63,258.43,0,1,2025-10-01 21:12:27,15.5,79.6,,0,0,,1
2025-10-01 21:13:12,351.14,0.304,223.89,0.4565,1.3695,224.49,224.19,222.99,391.91,387.97,383.37,387.72,0.0,1.3695,0.0,0,0.304,0,0.0396,0,0.0396,0,0.307,0,0.307,0,0.9916,1,0.9916,1,50,440.63,258.43,0,1,2025-10-01 21:13:12,15.7,82.3,,0,0,,1
2025-10-01 21:13:57,351.14,0.3022,224.25,0.4554,1.3664,224.51,223.3,224.95,389.95,388.7,386.53,388.46,0.0,1.3664,0.0,0,0.3022,0,0.0389,0,0.0389,0,0.3051,0,0.3051,0,0.9918,1,0.9918,1,50,440.63,258.43,0,1,2025-10-01 21:13:57,15.8,84.3,,0,0,,1
2025-10-01 21:14:42,351.14,0.3039,223.31,0.455,1.3651,224.2,224.06,221.67,391.54,386.49,382.22,386.85,0.0,1.3651,0.0,0,0.3028,0,0.04,0,0.04,0,0.3059,0,0.3059,0,0.9914,1,0.9913,1,50,440.64,258.43,0,1,2025-10-01 21:14:42,16.1,86.5,,0,0,,1
2025-10-01 21:15:27,351.15,0.3038,225.04,0.4567,1.3702,225.78,223.93,225.43,392.54,389.92,386.8,389.68,0.0,1.3702,0.0,0,0.3038,0,0.0396,0,0.0396,0,0.3068,0,0.3068,0,0.9916,1,0.9916,1,50,440.64,258.43,0,1,2025-10-01 21:15:27,16.3,87.8,,0,0,,1
2025-10-01 21:16:12,351.15,0.3051,224.88,0.4563,1.369,225.18,225.27,224.19,391.39,390.12,386.97,389.55,0.0,1.369,0.0,0,0.3051,0,0.0414,0,0.0414,0,0.3084,0,0.3084,0,0.9909,1,0.9909,1,50,440.64,258.43,0,1,2025-10-01 21:16:12,16.5,88.9,,0,0,,1
2025-10-01 21:16:57,351.15,0.3052,224.36,0.4563,1.3689,225.06,225.33,222.71,393.67,388.08,384,388.41,0.0,1.3689,0.0,0,0.3052,0,0.0414,0,0.0414,0,0.3085,0,0.3085,0,0.9909,1,0.9909,1,50,440.65,258.43,0,1,2025-10-01 21:16:57,16.7,89.9,,0,0,,1
2025-10-01 21:17:42,351.16,0.3035,224.99,0.4552,1.3656,224.81,224.53,225.65,391.44,389.48,388.14,389.62,0.0,1.3656,0.0,0,0.3035,0,0.0403,0,0.0403,0,0.3066,0,0.3066,0,0.9912,1,0.9912,1,50,440.65,258.43,0,1,2025-10-01 21:17:42,16.9,90.8,,0,0,,1
2025-10-01 21:18:27,351.16,0.3051,224.5,0.4559,1.3678,224.45,225.42,223.63,391.71,389.17,385.6,388.94,0.0,1.3678,0.0,0,0.3051,0,0.0414,0,0.0414,0,0.3083,0,0.3083,0,0.9909,1,0.9909,1,50,440.66,258.43,0,1,2025-10-01 21:18:27,17.0,91.4,,0,0,,1
2025-10-01 21:19:12,351.17,0.305,224.56,0.4556,1.3668,225.46,225.6,222.64,393.41,388.45,384.97,388.89,0.0,1.3668,0.0,0,0.305,0,0.0416,0,0.0416,0,0.3084,0,0.3084,0,0.9908,1,0.9908,1,50,440.66,258.43,0,1,2025-10-01 21:19:12,17.2,92,,0,0,,1
2025-10-01 21:19:57,351.17,0.3044,225.15,0.4554,1.3663,226.54,225.19,223.74,392.14,390.73,387.01,389.97,0.0,1.3663,0.0,0,0.3044,0,0.0411,0,0.0411,0,0.3077,0,0.3077,0,0.9909,1,0.9909,1,50,440.66,258.44,0,1,2025-10-01 21:19:57,17.4,92.7,,0,0,,1
2025-10-01 21:20:42,351.17,0.304,224.26,0.455,1.3651,226.08,225.08,221.63,392.39,388.15,384.72,388.44,0.0,1.3651,0.0,0,0.304,0,0.0412,0,0.0412,0,0.3073,0,0.3073,0,0.9909,1,0.9909,1,50,440.67,258.44,0,1,2025-10-01 21:20:42,17.5,92.9,,0,0,,1
2025-10-01 21:21:27,351.18,0.3034,225.11,0.4547,1.3642,226.76,224.67,223.92,393.79,389.5,386.35,390.01,0.0,1.3642,0.0,0,0.3034,0,0.0403,0,0.0403,0,0.3065,0,0.3065,0,0.9912,1,0.9912,1,50.1,440.67,258.44,0,1,2025-10-01 21:21:27,17.6,93,,0,0,,1
2025-10-01 21:22:12,351.18,0.3033,224.94,0.455,1.3652,226.42,224.48,223.94,392.2,390.15,386.42,389.65,0.0,1.3652,0.0,0,0.3033,0,0.0403,0,0.0403,0,0.3065,0,0.3065,0,0.9912,1,0.9912,1,50,440.68,258.44,0,1,2025-10-01 21:22:12,17.8,93.3,,0,0,,1
2025-10-01 21:22:57,351.19,0.3026,224.43,0.4544,1.3632,226.68,224.18,222.44,393.57,387.68,384.84,388.82,0.0,1.3632,0.0,0,0.3026,0,0.0398,0,0.0398,0,0.3056,0,0.3056,0,0.9914,1,0.9914,1,50,440.68,258.44,0,1,2025-10-01 21:22:57,17.8,93.4,,0,0,,1
2025-10-01 21:23:42,351.19,0.302,225.26,0.454,1.362,227.54,223.91,224.33,392.45,390.13,387.8,390.14,0.0,1.362,0.0,0,0.302,0,0.0395,0,0.0395,0,0.305,0,0.305,0,0.9915,1,0.9915,1,50,440.68,258.44,0,1,2025-10-01 21:23:42,18.0,93.6,,0,0,,1
2025-10-01 21:24:27,351.19,0.3012,224.32,0.4538,1.3615,225.94,223.37,223.65,392.41,388.58,384.46,388.57,0.0,1.3615,0.0,0,0.3012,0,0.0386,0,0.0386,0,0.3041,0,0.3041,0,0.9919,1,0.9919,1,50,440.69,258.44,0,1,2025-10-01 21:24:27,18.1,93.8,,0,0,,1
2025-10-01 21:25:12,351.2,0.3009,223.81,0.4533,1.3601,225.68,223.33,222.43,392.06,387.34,383.42,387.55,0.0,1.3601,0.0,0,0.3009,0,0.0385,0,0.0385,0,0.3038,0,0.3038,0,0.9918,1,0.9918,1,50,440.69,258.44,0,1,2025-10-01 21:25:12,18.2,93.9,,0,0,,1
2025-10-01 21:25:57,351.2,0.3002,224.06,0.4535,1.3606,225.37,222.64,224.17,391.68,388.28,384.09,387.91,0.0,1.3606,0.0,0,0.3002,0,0.0376,0,0.0376,0,0.3029,0,0.3029,0,0.9922,1,0.9922,1,50,440.69,258.44,0,1,2025-10-01 21:25:57,18.2,94.1,,0,0,,1
2025-10-01 21:26:42,351.24,3.5862,223.19,6.8009,20.4028,223.53,221.42,224.62,387.68,387.34,384.61,386.43,7.064,7.3847,5.9541,1.2618,1.3132,1.0113,2.7916,0.9471,0.971,0.8735,4.5515,1.579,1.6351,1.3374,0.7891,0.7997,0.804,0.7567,50,440.75,258.47,1,1,2025-10-01 21:26:42,18.3,93.5,,1,0,,0
2025-10-01 21:27:27,351.28,3.5929,222.83,6.8114,20.4343,223.51,221.98,223.01,389.39,386.29,382.03,385.92,7.1995,7.5665,5.6683,1.3187,1.3216,0.9526,2.7833,0.9202,1.0337,0.8294,4.5529,1.6092,1.6796,1.2641,0.7905,0.82,0.7876,0.7541,50,440.8,258.5,1,1,2025-10-01 21:27:27,18.2,91,,1,0,,0
2025-10-01 21:28:12,351.33,3.5847,222.75,6.8056,20.4169,223.47,222,222.8,388.78,386.35,382.22,385.66,7.1405,7.5524,5.724,1.304,1.3244,0.9563,2.7847,0.9175,1.025,0.8422,4.5476,1.5957,1.6766,1.2753,0.7897,0.8178,0.7908,0.7504,50,440.86,258.54,1,1,2025-10-01 21:28:12,18.1,88.7,,1,0,,0
2025-10-01 21:28:57,351.37,3.5927,222.84,6.8114,20.4342,223.63,222.14,222.77,388.8,386.39,382.65,385.96,7.1292,7.5744,5.7306,1.3049,1.331,0.9569,2.7837,0.9139,1.0263,0.8435,4.5535,1.5943,1.6826,1.2766,0.7904,0.819,0.7919,0.7501,50,440.92,258.57,1,1,2025-10-01 21:28:57,17.9,85.6,,1,0,,0
2025-10-01 21:29:42,351.42,3.5886,222.5,6.8051,20.4155,223.37,221.57,222.56,387.91,385.98,382.13,385.18,7.1637,7.5867,5.6651,1.3144,1.3261,0.9481,2.77,0.9104,1.0301,0.8295,4.542,1.6002,1.681,1.2608,0.7916,0.822,0.7897,0.7526,50,440.97,258.61,1,1,2025-10-01 21:29:42,17.7,83.9,,1,0,,0
2025-10-01 21:30:27,351.46,3.5763,223.46,6.7889,20.3667,225.51,221.59,223.3,390.21,387.3,383.47,387.02,7.1804,7.5299,5.6564,1.3191,1.3049,0.9523,2.8018,0.9369,1.037,0.8279,4.5509,1.6193,1.6686,1.2631,0.7871,0.8152,0.7828,0.7546,50,441.03,258.64,1,1,2025-10-01 21:30:27,17.5,81.9,,1,0,,0
2025-10-01 21:31:12,351.51,3.5707,222.92,6.7834,20.3504,225.1,221.6,222.06,390.29,386.31,381.51,386.13,7.1935,7.654,5.5029,1.3397,1.3168,0.9143,2.782,0.9071,1.066,0.8089,4.5374,1.6193,1.6961,1.222,0.7888,0.828,0.7772,0.7489,50,441.08,258.68,1,1,2025-10-01 21:31:12,17.2,80.8,,1,0,,0
2025-10-01 21:31:57,351.55,3.5676,223.18,6.7816,20.3448,226.13,221.11,222.32,390.09,386.19,383.25,386.54,7.2498,7.5256,5.5694,1.3394,1.2878,0.9404,2.7976,0.943,1.0509,0.8037,4.5416,1.6394,1.664,1.2382,0.7869,0.8176,0.7747,0.7601,50,441.14,258.71,1,1,2025-10-01 21:31:57,17.1,79.2,,1,0,,0
2025-10-01 21:32:42,351.6,3.564,223,6.7728,20.3185,226.16,220.65,222.21,390.5,385.42,382.63,386.23,7.2762,7.5175,5.5248,1.3465,1.281,0.9365,2.7877,0.944,1.0514,0.7923,4.532,1.6456,1.6587,1.2277,0.7876,0.8188,0.7729,0.7634,50,441.2,258.75,1,1,2025-10-01 21:32:42,16.9,78.1,,1,0,,0
2025-10-01 21:33:27,351.64,3.5609,223.27,6.7703,20.3111,225.14,221.47,223.2,389.75,386.7,383.53,386.74,7.1586,7.5155,5.637,1.3122,1.3013,0.9474,2.7947,0.9336,1.0349,0.8262,4.5343,1.6117,1.6645,1.2582,0.7866,0.8148,0.7826,0.7536,50,441.25,258.78,1,1,2025-10-01 21:33:27,16.7,77.1,,1,0,,0
2025-10-01 21:34:12,351.69,3.5523,223.19,6.7576,20.273,224.99,221.55,223.03,390.5,386.48,382.53,386.66,7.224,7.5154,5.5336,1.3284,1.2918,0.932,2.7896,0.9344,1.0478,0.8073,4.5245,1.6253,1.665,1.2342,0.7864,0.8179,0.7766,0.7558,50,441.31,258.82,1,1,2025-10-01 21:34:12,16.5,76.2,,1,0,,0
2025-10-01 21:35:42,351.77,3.5719,223.29,6.7797,20.339199999999998,224.32,221.81,223.74,388.7,387.46,383.95,386.83,7.0451,7.417,5.8771,1.2696,1.3126,0.9897,2.7919,0.939,0.9888,0.8642,4.5405,1.5804,1.6452,1.3149,0.7878,0.804,0.7987,0.7532,50,441.42,258.89,1,1,2025-10-01 21:35:42,16.1,75.2,,1,0,,0
2025-10-01 21:37:12,351.86,3.5437,223.11,6.7475,20.2427,225.26,221.59,222.49,389.06,387.3,382.8,386.42,7.1159,7.4343,5.6925,1.298,1.2907,0.955,2.7898,0.9386,1.0208,0.8303,4.5168,1.6029,1.6474,1.2665,0.7857,0.8103,0.7843,0.7546,50,441.54,258.96,1,1,2025-10-01 21:37:12,15.9,74,,1,0,,0
2025-10-01 21:37:57,351.91,3.5735,223.1,6.786,20.357999999999997,225.56,221.62,222.12,390.03,386.9,382.13,386.27,7.1803,7.5839,5.5938,1.3297,1.3091,0.9347,2.7914,0.9227,1.0515,0.8172,4.5428,1.6196,1.6807,1.2425,0.788,0.8215,0.7796,0.7528,50,441.6,258.99,1,1,2025-10-01 21:37:57,15.8,73.6,,1,0,,0
2025-10-01 21:38:42,351.95,3.5253,222.57,6.7234,20.1703,226.19,221.25,220.29,390.48,385.73,380.07,385.35,7.1906,7.5744,5.4053,1.3452,1.2852,0.8949,2.7685,0.9119,1.0728,0.7838,4.493,1.6264,1.6758,1.1907,0.7864,0.8277,0.7676,0.7522,50,441.65,259.03,1,1,2025-10-01 21:38:42,15.6,73.3,,1,0,,0
2025-10-01 21:39:27,352,3.5561,222.55,6.7603,20.281,224.73,221.42,221.5,389.43,385.99,380.78,385.25,7.0992,7.5451,5.6367,1.3085,1.3107,0.937,2.7679,0.9108,1.0333,0.8238,4.5146,1.5954,1.6706,1.2485,0.7891,0.8207,0.7852,0.7509,50,441.71,259.06,1,1,2025-10-01 21:39:27,15.6,72.6,,1,0,,0
2025-10-01 21:40:12,352.03,0.3051,224.31,0.4617,1.3853,227.34,222.11,223.49,391.38,388.74,385.26,388.46,0.0,1.3853,0.0,0,0.3051,0,0.0368,0,0.0368,0,0.3077,0,0.3077,0,0.9927,1,0.9927,1,50,441.75,259.09,0,1,2025-10-01 21:40:12,15.5,72.5,,0,0,,1
2025-10-01 21:40:57,352.03,0.3054,224.5,0.4594,1.3782,227.16,223.69,222.65,391.93,389.57,384.88,388.73,0.0,1.3782,0.0,0,0.3054,0,0.0389,0,0.0389,0,0.3083,0,0.3083,0,0.9919,1,0.9919,1,50,441.76,259.09,0,1,2025-10-01 21:40:57,15.3,73.8,,0,0,,1
2025-10-01 21:41:42,352.04,0.3051,223.78,0.458,1.374,225.37,224.19,221.8,391.25,388.75,382.71,387.65,0.0,1.374,0.0,0,0.3051,0,0.0395,0,0.0395,0,0.308,0,0.308,0,0.9917,1,0.9917,1,50,441.76,259.09,0,1,2025-10-01 21:41:42,15.4,77.4,,0,0,,1
2025-10-01 21:42:27,352.04,0.3039,224.44,0.4569,1.3709,226.66,223.8,222.87,391.43,389.21,385.51,388.58,0.0,1.3709,0.0,0,0.3039,0,0.0393,0,0.0393,0,0.3068,0,0.3068,0,0.9917,1,0.9917,1,50,441.76,259.09,0,1,2025-10-01 21:42:27,15.6,81.3,,0,0,,1
2025-10-01 21:43:12,352.05,0.3034,223.85,0.4564,1.3693,226.34,223.79,221.43,390.94,389.03,383.05,387.77,0.0,1.3693,0.0,0,0.3034,0,0.0398,0,0.0398,0,0.3064,0,0.3064,0,0.9915,1,0.9915,1,50,441.77,259.09,0,1,2025-10-01 21:43:12,15.8,83.7,,0,0,,1
2025-10-01 21:43:57,352.05,0.304,224.12,0.4561,1.3685,225.84,224.38,222.14,391.33,389.43,383.69,388.06,0.0,1.3685,0.0,0,0.304,0,0.0402,0,0.0402,0,0.3071,0,0.3071,0,0.9913,1,0.9913,1,50,441.77,259.09,0,1,2025-10-01 21:43:57,16.0,84.9,,0,0,,1
2025-10-01 21:44:42,352.05,0.3029,224.11,0.4552,1.3657,226.45,223.23,222.66,390.61,389.02,384.77,388.14,0.0,1.3657,0.0,0,0.3019,0,0.0393,0,0.0393,0,0.3049,0,0.3049,0,0.9916,1,0.9916,1,50,441.77,259.09,0,1,2025-10-01 21:44:42,16.2,87.1,,0,0,,1
2025-10-01 21:45:27,352.06,0.301,223.97,0.4541,1.3624,226.62,223.12,222.18,390.58,388.66,384.42,387.85,0.0,1.3624,0.0,0,0.301,0,0.0398,0,0.0398,0,0.304,0,0.304,0,0.9913,1,0.9913,1,50,441.78,259.09,0,1,2025-10-01 21:45:27,16.4,88,,0,0,,1
2025-10-01 21:46:12,352.06,0.3017,223.82,0.4547,1.3642,226.08,223.37,222.02,390.38,388.93,383.56,387.67,0.0,1.3642,0.0,0,0.3017,0,0.0395,0,0.0395,0,0.3047,0,0.3047,0,0.9915,1,0.9915,1,50,441.78,259.09,0,1,2025-10-01 21:46:12,16.6,89,,0,0,,1
2025-10-01 21:46:57,352.07,0.3013,223.95,0.4543,1.363,226.27,223.25,222.35,390.17,389.28,384.12,387.9,0.0,1.363,0.0,0,0.3013,0,0.0394,0,0.0394,0,0.3043,0,0.3043,0,0.9915,1,0.9915,1,50,441.79,259.09,0,1,2025-10-01 21:46:57,16.7,89.9,,0,0,,1
2025-10-01 21:47:42,352.07,0.3002,223.67,0.4535,1.3607,226.44,222.76,221.82,389.44,388.49,384.16,387.28,0.0,1.3607,0.0,0,0.3002,0,0.0389,0,0.0389,0,0.3031,0,0.3031,0,0.9917,1,0.9917,1,50,441.79,259.09,0,1,2025-10-01 21:47:42,16.9,90.6,,0,0,,1
2025-10-01 21:48:27,352.07,0.302,223.86,0.4546,1.3639,227.28,223.62,220.68,390.21,388.82,384.03,387.68,0.0,1.3639,0.0,0,0.302,0,0.0399,0,0.0399,0,0.305,0,0.305,0,0.9913,1,0.9913,1,50,441.79,259.09,0,1,2025-10-01 21:48:27,17.1,91.7,,0,0,,1
2025-10-01 21:49:12,352.08,0.3019,224,0.4545,1.3635,228.27,223.62,220.12,391.95,388.59,383.22,387.91,0.0,1.3635,0.0,0,0.3019,0,0.0399,0,0.0399,0,0.3049,0,0.3049,0,0.9913,1,0.9913,1,50,441.8,259.09,0,1,2025-10-01 21:49:12,17.2,91.6,,0,0,,1
2025-10-01 21:49:57,352.08,0.2995,223.98,0.4535,1.3606,227.79,222.15,222,390.87,388.74,384,387.86,0.0,1.3606,0.0,0,0.2995,0,0.0382,0,0.0382,0,0.3023,0,0.3023,0,0.9919,1,0.9919,1,50,441.8,259.09,0,1,2025-10-01 21:49:57,17.3,91.8,,0,0,,1
2025-10-01 21:50:42,352.08,0.3004,223.71,0.4538,1.3616,228.19,222.72,220.23,391.88,387.39,382.98,387.45,0.0,1.3616,0.0,0,0.3004,0,0.0388,0,0.0388,0,0.3033,0,0.3033,0,0.9917,1,0.9917,1,50,441.8,259.1,0,1,2025-10-01 21:50:42,17.4,92.2,,0,0,,1
2025-10-01 21:51:27,352.09,0.3011,223.95,0.454,1.3622,228.1,223.18,220.57,392.25,388.31,382.9,387.89,0.0,1.3622,0.0,0,0.3011,0,0.0393,0,0.0393,0,0.304,0,0.304,0,0.9915,1,0.9915,1,50,441.81,259.1,0,1,2025-10-01 21:51:27,17.6,92.6,,0,0,,1
2025-10-01 21:52:12,352.09,0.3028,223.92,0.4547,1.3641,227.97,224.32,219.47,390.74,389.04,383.56,387.76,0.0,1.3641,0.0,0,0.3028,0,0.0407,0,0.0407,0,0.306,0,0.306,0,0.991,1,0.991,1,50,441.81,259.1,0,1,2025-10-01 21:52:12,17.7,92.9,,0,0,,1
2025-10-01 21:52:57,352.1,0.3041,224.26,0.4547,1.3642,227.79,225.34,219.65,391.21,389.53,384.42,388.28,0.0,1.3642,0.0,0,0.3041,0,0.042,0,0.042,0,0.3074,0,0.3074,0,0.9906,1,0.9906,1,50,441.82,259.1,0,1,2025-10-01 21:52:57,17.8,93.1,,0,0,,1
2025-10-01 21:53:42,352.1,0.3042,224.48,0.4547,1.3642,227.85,225.38,220.22,390.86,390.04,385.41,388.84,0.0,1.3642,0.0,0,0.3042,0,0.0417,0,0.0417,0,0.3075,0,0.3075,0,0.9907,1,0.9907,1,50,441.82,259.1,0,1,2025-10-01 21:53:42,17.9,93.2,,0,0,,1
2025-10-01 21:54:27,352.1,0.3033,224.21,0.4542,1.3626,227.62,224.98,220.04,390.23,389.74,384.92,388.22,0.0,1.3626,0.0,0,0.3033,0,0.0412,0,0.0412,0,0.3066,0,0.3066,0,0.9909,1,0.9909,1,50,441.82,259.1,0,1,2025-10-01 21:54:27,17.9,93.2,,0,0,,1
2025-10-01 21:55:12,352.11,0.3038,224.3,0.4541,1.3624,227.74,225.38,219.79,391.45,388.99,384.98,388.28,0.0,1.3624,0.0,0,0.3038,0,0.0417,0,0.0417,0,0.3071,0,0.3071,0,0.9907,1,0.9907,1,50,441.83,259.1,0,1,2025-10-01 21:55:12,18.0,93.4,,0,0,,1
2025-10-01 21:55:57,352.11,0.3035,224.31,0.4547,1.3641,228.33,224.82,219.78,391.05,389.43,384.91,388.61,0.0,1.3641,0.0,0,0.3035,0,0.0408,0,0.0408,0,0.3067,0,0.3067,0,0.991,1,0.991,1,50,441.83,259.1,0,1,2025-10-01 21:55:57,18.1,93.5,,0,0,,1
2025-10-01 21:56:42,352.11,0.303,224.68,0.4543,1.3629,229,224.6,220.44,391.79,389.87,385.65,389.05,0.0,1.3629,0.0,0,0.303,0,0.0403,0,0.0403,0,0.3061,0,0.3061,0,0.9912,1,0.9912,1,50,441.84,259.1,0,1,2025-10-01 21:56:42,18.2,93.7,,0,0,,1
2025-10-01 21:57:27,352.12,0.3028,224.07,0.4544,1.3634,227.7,224.3,220.22,390.29,389.38,384.49,388.02,0.0,1.3634,0.0,0,0.3028,0,0.0395,0,0.0395,0,0.3058,0,0.3058,0,0.9916,1,0.9916,1,50,441.84,259.1,0,1,2025-10-01 21:57:27,18.3,93.9,,0,0,,1
2025-10-01 21:58:12,352.13,3.4436,223.47,6.6386,19.9159,227.03,224.1,219.28,389.39,388.81,382.79,386.9,6.9154,7.5534,5.4471,1.2943,1.2914,0.8579,2.8078,0.8866,1.0914,0.8298,4.4572,1.57,1.6927,1.1944,0.775,0.825,0.7637,0.7188,50,441.86,259.11,1,1,2025-10-01 21:58:12,18.3,94.1,,1,0,,0
2025-10-01 21:58:57,352.18,3.5985,223.35,6.8224,20.4673,227.01,224.65,218.39,389.59,388.89,381.87,386.49,7.0671,7.7818,5.6184,1.3444,1.3556,0.8985,2.8079,0.8732,1.1006,0.8341,4.5795,1.6043,1.7482,1.227,0.7883,0.8386,0.7763,0.7328,50,441.91,259.14,1,1,2025-10-01 21:58:57,18.3,92.7,,1,0,,0
2025-10-01 21:59:42,352.22,3.6082,222.87,6.8288,20.486600000000003,225.75,224.7,218.17,388.12,388.35,381.45,385.85,7.0115,7.8051,5.67,1.3303,1.3746,0.9033,2.7857,0.8557,1.086,0.8439,4.5737,1.5828,1.7538,1.237,0.7915,0.841,0.7846,0.7307,50,441.97,259.18,1,1,2025-10-01 21:59:42,18.2,89.7,,1,0,,0
2025-10-01 22:00:27,352.27,3.5657,222.17,6.7748,20.3246,225.25,224.35,216.92,387.5,386.79,380.01,384.76,6.9974,7.7567,5.5705,1.3282,1.356,0.8815,2.76,0.8468,1.0877,0.8255,4.5247,1.5762,1.7402,1.2084,0.7907,0.8432,0.78,0.7299,50,442.03,259.21,1,1,2025-10-01 22:00:27,18.0,86.8,,1,0,,0
2025-10-01 22:01:12,352.31,3.5784,222.68,6.7922,20.3768,225.44,224.58,218.03,387.61,387.72,381.63,385.65,6.978,7.7267,5.6721,1.3154,1.3598,0.9032,2.7794,0.861,1.0748,0.8436,4.5451,1.5731,1.7353,1.2367,0.7897,0.8367,0.7845,0.7307,50,442.08,259.25,1,1,2025-10-01 22:01:12,17.8,84.7,,1,0,,0
2025-10-01 22:01:57,352.35,3.5931,222.45,6.8097,20.429299999999998,224.77,224.25,218.35,386.61,386.91,382.3,385.27,6.9891,7.7274,5.7128,1.3126,1.3655,0.915,2.7718,0.8613,1.0639,0.8467,4.5512,1.5709,1.7329,1.2474,0.7917,0.836,0.7888,0.7339,49.9,442.14,259.28,1,1,2025-10-01 22:01:57,17.6,82.2,,1,0,,0
2025-10-01 22:02:42,352.4,3.5448,222.19,6.753,20.259099999999997,225.38,224.22,216.99,387.7,386.02,380.74,384.87,6.9997,7.7356,5.5238,1.3272,1.345,0.8725,2.7635,0.8508,1.092,0.8207,4.5107,1.5776,1.7345,1.1986,0.7886,0.8418,0.7763,0.7283,50,442.19,259.32,1,1,2025-10-01 22:02:42,17.4,80.9,,1,0,,0
2025-10-01 22:03:27,352.44,3.5631,222.57,6.7788,20.3366,226.61,223.99,217.13,388.62,386.87,380.88,385.58,7.0972,7.7287,5.5107,1.3498,1.3322,0.8811,2.7837,0.8726,1.1027,0.8084,4.536,1.6083,1.7312,1.1965,0.788,0.8397,0.7703,0.7368,49.9,442.25,259.35,1,1,2025-10-01 22:03:27,17.2,79.1,,1,0,,0
2025-10-01 22:04:12,352.49,3.5431,222.54,6.7529,20.258699999999997,225.75,224.26,217.63,387.97,387.73,380.51,385.37,6.9515,7.6953,5.6119,1.3101,1.344,0.889,2.7782,0.862,1.0797,0.8365,4.5164,1.5693,1.7257,1.2213,0.7869,0.8353,0.7795,0.7282,49.9,442.31,259.38,1,1,2025-10-01 22:04:12,17.0,77.7,,1,0,,0
2025-10-01 22:04:57,352.53,3.5269,222.39,6.7329,20.1987,225.84,224.6,216.75,387.77,387.44,380.2,385.23,7.0126,7.7255,5.4606,1.3324,1.335,0.8595,2.7718,0.8541,1.1054,0.8123,4.5025,1.5837,1.7351,1.1836,0.7862,0.8418,0.7702,0.7267,49.9,442.37,259.42,1,1,2025-10-01 22:04:57,16.8,77.7,,1,0,,0
2025-10-01 22:05:42,352.57,3.5268,222.68,6.7324,20.1974,225.64,224.82,217.6,387.65,387.53,381.8,385.66,6.935,7.6407,5.6217,1.3015,1.3368,0.8885,2.7814,0.8666,1.0754,0.8395,4.5059,1.5648,1.7178,1.2233,0.7851,0.8323,0.7791,0.7268,49.9,442.42,259.45,1,1,2025-10-01 22:05:42,16.6,77.2,,1,0,,0
2025-10-01 22:06:27,352.62,3.5305,222.1,6.7346,20.2039,225.63,224.79,215.88,387.7,386.56,379.64,384.73,7.0105,7.7271,5.4663,1.3346,1.3376,0.8583,2.7609,0.8471,1.1052,0.8086,4.4988,1.5818,1.737,1.1801,0.7877,0.8442,0.7708,0.7278,49.9,442.48,259.49,1,1,2025-10-01 22:06:27,16.5,75.6,,1,0,,0
2025-10-01 22:07:12,352.66,3.5243,222.21,6.7254,20.1762,225.58,224.42,216.63,386.85,386.6,381.03,384.71,6.9315,7.5838,5.6609,1.2981,1.3281,0.8981,2.765,0.8699,1.0612,0.834,4.4919,1.5636,1.702,1.2263,0.7867,0.8307,0.7812,0.7327,49.9,442.53,259.52,1,1,2025-10-01 22:07:12,16.3,74.6,,1,0,,0
2025-10-01 22:07:57,352.71,3.5557,222.33,6.7677,20.3033,224.88,225.42,216.71,386.71,386.72,381.74,385.31,6.9262,7.734,5.6431,1.3074,1.3639,0.8844,2.7712,0.8448,1.0828,0.8436,4.5239,1.5576,1.7434,1.2229,0.7887,0.8399,0.7832,0.7235,49.9,442.59,259.56,1,1,2025-10-01 22:07:57,16.1,73.9,,1,0,,0
2025-10-01 22:08:42,352.75,3.5146,221.55,6.7112,20.1338,224.84,224.56,215.26,385.33,387.31,378.29,383.68,6.9516,7.6652,5.517,1.3154,1.3345,0.8647,2.739,0.8423,1.084,0.8127,4.4719,1.563,1.7213,1.1876,0.7887,0.8421,0.7761,0.7286,49.9,442.65,259.59,1,1,2025-10-01 22:08:42,16.0,74.2,,1,0,,0
2025-10-01 22:09:27,352.8,3.5124,221.82,6.7063,20.1191,223.73,224.56,217.17,384.23,386.9,381.3,384.07,6.8152,7.5523,5.7516,1.2614,1.3432,0.9078,2.7439,0.8549,1.032,0.857,4.4698,1.5248,1.6959,1.2491,0.788,0.8277,0.7929,0.7271,49.9,442.7,259.63,1,1,2025-10-01 22:09:27,15.8,74,,1,0,,0
2025-10-01 22:10:12,352.84,3.4974,220.75,6.6925,20.0775,222.43,224.9,214.94,384.04,384.73,378.2,382.32,6.8287,7.7633,5.4855,1.2913,1.3664,0.8397,2.7076,0.7978,1.0833,0.8265,4.4439,1.5189,1.746,1.1791,0.7907,0.8507,0.7836,0.7126,49.9,442.76,259.66,1,1,2025-10-01 22:10:12,15.7,73.4,,1,0,,0
2025-10-01 22:10:57,352.88,3.4741,220.88,6.6577,19.973200000000002,223.58,224.56,214.5,384.59,384.5,378.49,382.52,6.808,7.6749,5.4903,1.2869,1.3437,0.8435,2.7079,0.8113,1.076,0.8207,4.4233,1.5221,1.7235,1.1777,0.7887,0.8459,0.7805,0.7167,49.9,442.82,259.7,1,1,2025-10-01 22:10:57,15.6,73.1,,1,0,,0
2025-10-01 22:11:42,352.93,3.4544,221.21,6.6225,19.8675,223.77,223.76,216.12,382.75,385.49,381.01,383.08,6.7104,7.4315,5.7256,1.2367,1.3185,0.8992,2.7086,0.8498,1.0101,0.8487,4.4019,1.5016,1.6629,1.2374,0.7869,0.8241,0.7938,0.7272,49.9,442.87,259.73,1,1,2025-10-01 22:11:42,15.5,72.2,,1,0,,0
2025-10-01 22:12:27,352.94,0.3065,221.75,0.4593,1.3781,224.58,224.56,216.12,384.7,386.33,381.03,383.85,0.0,1.3781,0.0,0,0.3065,0,0.0398,0,0.0398,0,0.3095,0,0.3095,0,0.9916,1,0.9916,1,49.9,442.88,259.73,0,1,2025-10-01 22:12:27,15.4,72.2,,0,0,,1
2025-10-01 22:13:12,352.94,0.3063,221.85,0.458,1.3741,224.74,225.12,215.7,385.98,386.01,380.64,384.18,0.0,1.3741,0.0,0,0.3063,0,0.0405,0,0.0405,0,0.3093,0,0.3093,0,0.9913,1,0.9913,1,50,442.89,259.74,0,1,2025-10-01 22:13:12,15.4,75,,0,0,,1
2025-10-01 22:13:57,352.94,0.3053,221.98,0.4565,1.3695,224.48,225.26,216.22,386.02,386.29,381.03,384.48,0.0,1.3695,0.0,0,0.3053,0,0.0411,0,0.0411,0,0.3085,0,0.3085,0,0.991,1,0.991,1,50,442.89,259.74,0,1,2025-10-01 22:13:57,15.5,78.1,,0,0,,1
2025-10-01 22:14:42,352.95,0.3044,222.53,0.4565,1.3696,224.61,224.46,218.53,384.73,387.44,383.98,385.39,0.0,1.3696,0.0,0,0.3044,0,0.0402,0,0.0402,0,0.3074,0,0.3074,0,0.9913,1,0.9913,1,50,442.89,259.74,0,1,2025-10-01 22:14:42,15.6,81,,0,0,,1
2025-10-01 22:15:27,352.95,0.3038,221.99,0.4556,1.367,224.65,224.46,216.88,385.6,386.72,381.05,384.45,0.0,1.367,0.0,0,0.3038,0,0.0403,0,0.0403,0,0.3068,0,0.3068,0,0.9913,1,0.9913,1,50,442.9,259.74,0,1,2025-10-01 22:15:27,15.8,83.4,,0,0,,1
2025-10-01 22:16:12,352.96,0.3033,221.92,0.4557,1.3671,223.82,224.04,217.9,384.58,386.79,381.62,384.33,0.0,1.3671,0.0,0,0.3033,0,0.0402,0,0.0402,0,0.3063,0,0.3063,0,0.9913,1,0.9913,1,50,442.9,259.74,0,1,2025-10-01 22:16:12,16.1,85.7,,0,0,,1
2025-10-01 22:16:57,352.96,0.3018,221.92,0.4547,1.3641,224.75,223.43,217.59,384.54,386.24,382.19,384.37,0.0,1.3641,0.0,0,0.3018,0,0.0394,0,0.0394,0,0.3048,0,0.3048,0,0.9915,1,0.9915,1,50,442.9,259.74,0,1,2025-10-01 22:16:57,16.3,87.1,,0,0,,1
2025-10-01 22:17:42,352.96,0.3028,222.09,0.4546,1.3638,225.15,224.39,216.75,385.59,386.14,382.15,384.33,0.0,1.3638,0.0,0,0.3028,0,0.0406,0,0.0406,0,0.306,0,0.306,0,0.9911,1,0.991,1,50,442.91,259.74,0,1,2025-10-01 22:17:42,16.5,88.3,,0,0,,1
2025-10-01 22:18:27,352.97,0.3029,222.68,0.4549,1.3649,225.61,224.17,218.26,386.17,387.24,383.51,385.65,0.0,1.3649,0.0,0,0.3029,0,0.0404,0,0.0404,0,0.306,0,0.306,0,0.9912,1,0.9912,1,50,442.91,259.74,0,1,2025-10-01 22:18:27,16.7,89.2,,0,0,,1
2025-10-01 22:19:12,352.97,0.3026,222.57,0.4548,1.3644,225.85,224.05,217.83,386.65,386.31,383.46,385.45,0.0,1.3644,0.0,0,0.3026,0,0.0403,0,0.0403,0,0.3057,0,0.3057,0,0.9912,1,0.9913,1,50,442.92,259.74,0,1,2025-10-01 22:19:12,16.8,90.2,,0,0,,1
2025-10-01 22:19:57,352.98,0.3034,223.15,0.4544,1.3633,226.86,224.82,217.77,387.81,387.7,383.84,386.4,0.0,1.3633,0.0,0,0.3034,0,0.0415,0,0.0415,0,0.3065,0,0.3065,0,0.9907,1,0.9907,1,49.9,442.92,259.74,0,1,2025-10-01 22:19:57,17.0,91.1,,0,0,,1
2025-10-01 22:20:42,352.98,0.3027,223.05,0.4542,1.3626,226.73,224.08,218.34,387.32,387.5,384.02,386.39,0.0,1.3626,0.0,0,0.3027,0,0.0407,0,0.0407,0,0.3053,0,0.3053,0,0.991,1,0.991,1,49.9,442.92,259.74,0,1,2025-10-01 22:20:42,17.2,91.7,,0,0,,1
2025-10-01 22:21:27,352.98,0.302,223.07,0.4536,1.3608,226.59,224.23,218.39,387.44,387.94,383.55,386.53,0.0,1.3608,0.0,0,0.302,0,0.041,0,0.041,0,0.3051,0,0.3051,0,0.9909,1,0.9909,1,49.9,442.93,259.74,0,1,2025-10-01 22:21:27,17.4,91.9,,0,0,,1
2025-10-01 22:22:12,352.99,0.3031,223,0.4547,1.3642,226.56,224.51,217.93,387.6,387.46,383.52,386.27,0.0,1.3642,0.0,0,0.3031,0,0.0411,0,0.0411,0,0.3063,0,0.3063,0,0.9909,1,0.9909,1,50,442.93,259.74,0,1,2025-10-01 22:22:12,17.5,92.2,,0,0,,1
2025-10-01 22:22:57,352.99,0.3029,223.06,0.4543,1.3629,224.82,224.63,219.75,386.75,388.19,384.05,386.26,0.0,1.3629,0.0,0,0.3029,0,0.0412,0,0.0412,0,0.3061,0,0.3061,0,0.9908,1,0.9908,1,49.9,442.94,259.74,0,1,2025-10-01 22:22:57,17.6,92.4,,0,0,,1
2025-10-01 22:23:42,352.99,0.3031,222.96,0.4541,1.3625,225.3,224.85,218.75,386.09,388.1,384.22,386.13,0.0,1.3625,0.0,0,0.3031,0,0.0413,0,0.0413,0,0.3064,0,0.3064,0,0.9908,1,0.9908,1,50,442.94,259.74,0,1,2025-10-01 22:23:42,17.7,92.8,,0,0,,1
2025-10-01 22:24:27,353,0.3032,222.69,0.4541,1.3623,224.89,225,218.2,385.95,387.62,383.44,385.65,0.0,1.3623,0.0,0,0.3032,0,0.0418,0,0.0418,0,0.3065,0,0.3065,0,0.9906,1,0.9906,1,49.9,442.94,259.74,0,1,2025-10-01 22:24:27,17.8,93,,0,0,,1
2025-10-01 22:25:12,353,0.3031,222.6,0.4537,1.3612,225.51,225.08,217.23,387.24,386.9,382.43,385.55,0.0,1.3612,0.0,0,0.3031,0,0.0415,0,0.0415,0,0.3064,0,0.3064,0,0.9907,1,0.9907,1,50,442.95,259.74,0,1,2025-10-01 22:25:12,18.0,93.2,,0,0,,1
2025-10-01 22:25:57,353.01,0.3022,223,0.4533,1.3601,226.32,224.55,218.13,386.62,387.81,384.13,386.13,0.0,1.3601,0.0,0,0.3022,0,0.0409,0,0.0409,0,0.3054,0,0.3054,0,0.9909,1,0.9909,1,49.9,442.95,259.74,0,1,2025-10-01 22:25:57,18.0,93.3,,0,0,,1
2025-10-01 22:26:42,353.01,0.3033,222.71,0.4541,1.3624,226.23,224.99,216.93,386.8,387.1,383.19,385.67,0.0,1.3624,0.0,0,0.3033,0,0.0414,0,0.0414,0,0.3065,0,0.3065,0,0.9907,1,0.9907,1,49.9,442.95,259.74,0,1,2025-10-01 22:26:42,18.1,93.4,,0,0,,1
2025-10-01 22:27:27,353.01,0.3022,222.21,0.4529,1.3589,225.17,224.72,216.74,385.86,386.43,382.18,384.77,0.0,1.3589,0.0,0,0.3022,0,0.041,0,0.041,0,0.3054,0,0.3054,0,0.9909,1,0.9909,1,49.9,442.96,259.74,0,1,2025-10-01 22:27:27,18.3,94,,0,0,,1
2025-10-01 22:28:12,353.06,3.4929,221.1,6.682,20.0461,223.4,223.27,216.63,382.87,384.44,381.4,382.84,6.8458,7.4798,5.7205,1.2628,1.3204,0.9097,2.7213,0.8612,1.0196,0.8405,4.4386,1.5294,1.67,1.2392,0.7888,0.8261,0.7914,0.7344,49.9,443.01,259.78,1,1,2025-10-01 22:28:12,18.3,93.6,,1,0,,0
2025-10-01 22:28:57,353.1,3.5255,221.14,6.7217,20.1652,223.17,223.07,217.18,383.39,385.15,380.41,383.03,6.8643,7.5322,5.7687,1.2674,1.3359,0.9221,2.7216,0.8588,1.0159,0.8469,4.465,1.5319,1.6802,1.2528,0.7915,0.8278,0.7959,0.7365,49.9,443.07,259.81,1,1,2025-10-01 22:28:57,18.2,90.2,,1,0,,0
2025-10-01 22:29:42,353.14,3.5006,220.93,6.6939,20.081899999999997,223.13,223.25,216.41,383.4,384.58,379.88,382.66,6.8662,7.5913,5.6244,1.2787,1.3343,0.8875,2.715,0.8419,1.0415,0.8315,4.444,1.5321,1.6948,1.2172,0.7901,0.8352,0.7882,0.7297,49.9,443.13,259.85,1,1,2025-10-01 22:29:42,18.0,87.1,,1,0,,0
2025-10-01 22:30:27,353.19,3.537,220.66,6.7374,20.2124,222.32,223.44,216.22,383.37,383.94,379.18,382.16,6.9117,7.6296,5.6711,1.287,1.3502,0.8998,2.7077,0.8382,1.0376,0.8319,4.4676,1.5366,1.7048,1.2262,0.794,0.8379,0.7929,0.7342,49.9,443.18,259.88,1,1,2025-10-01 22:30:27,17.9,84.9,,1,0,,0
2025-10-01 22:31:12,353.23,3.5331,221.38,6.7264,20.1793,223.5,222.97,217.67,383.33,385.14,381.72,383.36,6.9216,7.4572,5.8005,1.2715,1.3222,0.9394,2.7281,0.8798,1.0056,0.8426,4.4723,1.547,1.6627,1.2626,0.7915,0.8223,0.7959,0.7444,49.9,443.24,259.91,1,1,2025-10-01 22:31:12,17.7,82.5,,1,0,,0
2025-10-01 22:31:57,353.28,3.5139,221.34,6.702,20.106,223.19,223.13,217.72,383.88,384.79,381.39,383.22,6.8745,7.4455,5.786,1.2603,1.3217,0.9319,2.7242,0.8737,1.0038,0.8467,4.4554,1.5343,1.6613,1.2597,0.7903,0.8218,0.7963,0.7401,49.9,443.3,259.95,1,1,2025-10-01 22:31:57,17.4,80.5,,1,0,,0
2025-10-01 22:32:42,353.32,3.4849,220.96,6.673,20.0192,223.16,223.16,216.57,383.29,384.75,379.99,382.66,6.8898,7.5627,5.5667,1.2821,1.3226,0.8802,2.7151,0.847,1.0453,0.8227,4.4308,1.5375,1.6877,1.2056,0.7888,0.8343,0.7845,0.7305,49.9,443.35,259.98,1,1,2025-10-01 22:32:42,17.2,79.8,,1,0,,0
2025-10-01 22:34:12,353.41,3.5036,221.54,6.6985,20.0955,224.17,223.05,217.4,384.63,384.81,381.6,383.67,6.9871,7.5034,5.605,1.2951,1.3064,0.9021,2.7398,0.8791,1.043,0.8177,4.4585,1.5663,1.6736,1.2185,0.7877,0.8273,0.7814,0.7409,49.9,443.46,260.05,1,1,2025-10-01 22:34:12,16.8,76.9,,1,0,,0
2025-10-01 22:34:57,353.45,3.4947,222,6.6891,20.0673,224.69,223.49,217.82,385.11,384.76,383.58,384.42,6.9491,7.4668,5.6514,1.2833,1.3036,0.9078,2.7571,0.8878,1.0391,0.8302,4.4611,1.5614,1.6688,1.231,0.785,0.8223,0.7819,0.7379,49.9,443.52,260.09,1,1,2025-10-01 22:34:57,16.6,75.6,,1,0,,0
2025-10-01 22:35:42,353.49,3.4902,222,6.6862,20.0586,224.9,224.4,216.72,386.3,385.41,381.76,384.52,6.9741,7.5967,5.4878,1.3088,1.315,0.8663,2.7582,0.8628,1.0816,0.8138,4.4625,1.5685,1.7047,1.1893,0.7845,0.8349,0.7723,0.7288,49.9,443.57,260.12,1,1,2025-10-01 22:35:42,16.4,75.1,,1,0,,0
2025-10-01 22:36:27,353.54,3.4804,222.13,6.6711,20.013299999999997,225.25,224.15,217.01,385.73,385.79,382.6,384.69,6.9171,7.515,5.5812,1.2888,1.3071,0.8845,2.7594,0.8738,1.0594,0.8261,4.4537,1.5581,1.6845,1.2112,0.7835,0.8276,0.7768,0.7308,49.9,443.63,260.15,1,1,2025-10-01 22:36:27,16.2,74.6,,1,0,,0
2025-10-01 22:37:12,353.58,3.4734,221.88,6.6624,19.9874,225.78,223.91,215.95,385.78,385.03,381.95,384.33,6.966,7.5292,5.4922,1.3076,1.2963,0.8695,2.7535,0.8727,1.0752,0.8057,4.4447,1.5728,1.6859,1.186,0.7836,0.8317,0.7696,0.7335,49.9,443.68,260.19,1,1,2025-10-01 22:37:12,16.0,74.6,,1,0,,0
2025-10-01 22:37:57,353.63,3.4733,221.96,6.6578,19.973499999999998,225.52,223.49,216.88,385.46,386.39,381.3,384.44,6.9254,7.4622,5.5859,1.2879,1.2942,0.8913,2.7515,0.8823,1.0494,0.8198,4.441,1.5618,1.6677,1.2115,0.7838,0.8249,0.7767,0.7359,49.9,443.74,260.22,1,1,2025-10-01 22:37:57,15.9,74.4,,1,0,,0
2025-10-01 22:38:42,353.67,3.4717,222.04,6.6572,19.971700000000002,225.64,223.41,217.09,385.89,385.02,382.75,384.51,6.9789,7.4686,5.5242,1.2999,1.2871,0.8847,2.7547,0.8872,1.059,0.8085,4.4425,1.5747,1.6686,1.1992,0.7833,0.8259,0.7721,0.7381,49.9,443.79,260.26,1,1,2025-10-01 22:38:42,15.8,73.4,,1,0,,0
2025-10-01 22:39:27,353.71,3.4589,221.94,6.6467,19.9401,225.35,223.79,216.69,385.74,385.72,381.63,384.37,6.9306,7.536,5.4735,1.2969,1.2985,0.8634,2.7538,0.8685,1.0734,0.8119,4.4343,1.5618,1.6865,1.1861,0.7823,0.8308,0.7707,0.7285,49.9,443.85,260.29,1,1,2025-10-01 22:39:27,15.7,72.8,,1,0,,0
2025-10-01 22:40:12,353.76,3.4591,221.61,6.6463,19.9391,225.32,223.72,215.8,386.22,384.65,380.54,383.77,7.0261,7.6052,5.3078,1.3294,1.294,0.8357,2.7413,0.8578,1.1017,0.7818,4.43,1.5831,1.7014,1.1454,0.7837,0.8402,0.7613,0.7302,49.9,443.91,260.33,1,1,2025-10-01 22:40:12,15.5,72.6,,1,0,,0
2025-10-01 22:40:57,353.79,0.3073,222.83,0.4615,1.3845,226.32,224.06,218.12,386.4,385.28,386.08,385.9,0.0,1.3845,0.0,0,0.3073,0,0.0395,0,0.0395,0,0.3102,0,0.3102,0,0.9918,1,0.9918,1,49.9,443.95,260.36,0,1,2025-10-01 22:40:57,15.4,72.3,,0,0,,1
2025-10-01 22:41:42,353.8,0.3051,223.05,0.4577,1.3733,226.78,224.4,217.99,388.04,385.89,385.02,386.34,0.0,1.3733,0.0,0,0.3051,0,0.0405,0,0.0405,0,0.3082,0,0.3082,0,0.9913,1,0.9913,1,49.9,443.96,260.36,0,1,2025-10-01 22:41:42,15.3,73.4,,0,0,,1
2025-10-01 22:42:27,353.8,0.3049,222.16,0.4568,1.3705,225.44,224.73,216.33,387.42,385.57,381.32,384.67,0.0,1.3705,0.0,0,0.3049,0,0.041,0,0.041,0,0.308,0,0.308,0,0.991,1,0.991,1,49.9,443.96,260.36,0,1,2025-10-01 22:42:27,15.3,76.2,,0,0,,1
2025-10-01 22:43:12,353.8,0.3042,222.36,0.4561,1.3683,225.07,224.57,217.45,386.28,386.38,382.65,385.03,0.0,1.3683,0.0,0,0.3042,0,0.0408,0,0.0408,0,0.3073,0,0.3073,0,0.9911,1,0.9911,1,49.9,443.96,260.36,0,1,2025-10-01 22:43:12,15.5,79.5,,0,0,,1
2025-10-01 22:43:57,353.81,0.3044,222.34,0.4558,1.3674,225.32,224.89,216.81,386.94,385.76,382.51,385.01,0.0,1.3674,0.0,0,0.3044,0,0.0412,0,0.0412,0,0.3075,0,0.3075,0,0.9909,1,0.9909,1,49.9,443.97,260.36,0,1,2025-10-01 22:43:57,15.7,82.8,,0,0,,1
2025-10-01 22:44:42,353.81,0.3029,221.82,0.455,1.365,224.67,224.14,216.67,385.88,384.92,381.74,384.15,0.0,1.365,0.0,0,0.3029,0,0.0404,0,0.0404,0,0.306,0,0.306,0,0.9912,1,0.9912,1,49.9,443.97,260.36,0,1,2025-10-01 22:44:42,16.0,85.5,,0,0,,1
2025-10-01 22:45:27,353.81,0.3023,221.89,0.4544,1.3633,225.23,223.97,216.48,385.3,385.09,382.45,384.29,0.0,1.3633,0.0,0,0.3023,0,0.0404,0,0.0404,0,0.3053,0,0.3053,0,0.9911,1,0.9911,1,49.9,443.97,260.36,0,1,2025-10-01 22:45:27,16.2,87.3,,0,0,,1
2025-10-01 22:46:12,353.82,0.3025,221.94,0.4545,1.3635,225.18,223.23,217.43,385.28,385.4,382.45,384.35,0.0,1.3635,0.0,0,0.3014,0,0.0397,0,0.0397,0,0.3044,0,0.3044,0,0.9914,1,0.9914,1,49.9,443.98,260.36,0,1,2025-10-01 22:46:12,16.4,88.3,,0,0,,1
2025-10-01 22:46:57,353.82,0.3019,221.56,0.4541,1.3625,224.28,223.84,216.58,385.29,385.06,380.83,383.75,0.0,1.3625,0.0,0,0.3019,0,0.0405,0,0.0405,0,0.305,0,0.305,0,0.9911,1,0.9911,1,49.9,443.98,260.36,0,1,2025-10-01 22:46:57,16.6,89.3,,0,0,,1
2025-10-01 22:47:42,353.83,0.3018,221.73,0.4537,1.3612,224.14,224.04,217.01,385.37,385.37,381.3,383.94,0.0,1.3612,0.0,0,0.3018,0,0.0408,0,0.0408,0,0.305,0,0.305,0,0.9909,1,0.9909,1,49.9,443.99,260.36,0,1,2025-10-01 22:47:42,16.8,89.9,,0,0,,1
2025-10-01 22:48:27,353.83,0.3025,222.27,0.4539,1.3619,225.52,224.49,216.81,386.66,385.48,382.71,385,0.0,1.3619,0.0,0,0.3025,0,0.0414,0,0.0414,0,0.3057,0,0.3057,0,0.9907,1,0.9907,1,49.9,443.99,260.36,0,1,2025-10-01 22:48:27,16.9,90.9,,0,0,,1
2025-10-01 22:49:12,353.83,0.3037,222.27,0.455,1.365,225.78,224.84,216.21,386.61,385.94,382.29,384.97,0.0,1.365,0.0,0,0.3037,0,0.0414,0,0.0414,0,0.3069,0,0.3069,0,0.9908,1,0.9908,1,49.9,443.99,260.36,0,1,2025-10-01 22:49:12,17.1,91.4,,0,0,,1
2025-10-01 22:49:57,353.84,0.3026,222.27,0.4545,1.3637,226.2,224.23,216.38,387.16,385.02,382.66,384.9,0.0,1.3637,0.0,0,0.3026,0,0.041,0,0.041,0,0.3058,0,0.3058,0,0.9909,1,0.9909,1,49.9,444,260.36,0,1,2025-10-01 22:49:57,17.2,91.8,,0,0,,1
2025-10-01 22:50:42,353.84,0.3023,222.3,0.4541,1.3624,226.05,224.13,216.73,385.97,385.9,383.08,385.09,0.0,1.3624,0.0,0,0.3023,0,0.0404,0,0.0404,0,0.3054,0,0.3054,0,0.9911,1,0.9911,1,50,444,260.36,0,1,2025-10-01 22:50:42,17.4,92.2,,0,0,,1
2025-10-01 22:51:27,353.85,0.302,222.31,0.4541,1.3623,226.3,223.9,216.74,386.56,385.39,383.08,385.02,0.0,1.3623,0.0,0,0.302,0,0.0404,0,0.0404,0,0.305,0,0.305,0,0.9911,1,0.9911,1,50,444.01,260.36,0,1,2025-10-01 22:51:27,17.5,92.7,,0,0,,1
2025-10-01 22:52:12,353.85,0.3017,222.31,0.4535,1.3606,226.27,224,216.68,386.97,386.11,381.95,385.12,0.0,1.3606,0.0,0,0.3017,0,0.0405,0,0.0405,0,0.3048,0,0.3048,0,0.9911,1,0.9911,1,50,444.01,260.36,0,1,2025-10-01 22:52:12,17.6,93.1,,0,0,,1
2025-10-01 22:52:57,353.85,0.3022,222.79,0.454,1.362,226.2,224.13,218.04,386.67,387.36,383.44,385.79,0.0,1.362,0.0,0,0.3022,0,0.0403,0,0.0403,0,0.3053,0,0.3053,0,0.9912,1,0.9912,1,50,444.01,260.36,0,1,2025-10-01 22:52:57,17.8,93.3,,0,0,,1
2025-10-01 22:53:42,353.86,0.3019,222.45,0.4539,1.3619,225.88,223.89,217.58,387.4,385.57,382.83,385.03,0.0,1.3619,0.0,0,0.3019,0,0.0401,0,0.0401,0,0.3049,0,0.3049,0,0.9912,1,0.9912,1,50,444.02,260.36,0,1,2025-10-01 22:53:42,17.9,93.5,,0,0,,1
2025-10-01 22:54:27,353.86,0.303,222.92,0.454,1.3622,225.87,224.77,218.12,386.82,387.46,383.89,386.08,0.0,1.3622,0.0,0,0.303,0,0.0413,0,0.0413,0,0.3062,0,0.3062,0,0.9908,1,0.9908,1,50,444.02,260.36,0,1,2025-10-01 22:54:27,18.1,94.5,,0,0,,1
2025-10-01 22:55:12,353.9,3.5122,221.92,6.715,20.1451,224.81,224.88,216.08,386.1,386.02,380.89,384.28,6.8783,7.6391,5.6277,1.2923,1.3402,0.8797,2.758,0.8476,1.0717,0.8386,4.4802,1.5463,1.7179,1.216,0.7864,0.8361,0.7809,0.7238,50,444.07,260.4,1,1,2025-10-01 22:55:12,18.3,95.1,,1,0,,0
2025-10-01 22:55:57,353.95,3.5286,222.04,6.7326,20.1978,225.12,225.18,215.84,386.01,386.58,381.01,384.46,6.9368,7.7049,5.5561,1.3141,1.3464,0.8682,2.7592,0.8419,1.091,0.8262,4.4958,1.5616,1.735,1.1992,0.7877,0.8419,0.7769,0.7243,50,444.13,260.43,1,1,2025-10-01 22:55:57,18.2,93.1,,1,0,,0
2025-10-01 22:56:42,353.99,3.541,222.09,6.7421,20.226300000000002,225.52,224.85,215.91,386.62,385.82,381.44,384.41,6.9681,7.7175,5.5407,1.3246,1.3458,0.8707,2.7555,0.8437,1.0924,0.8194,4.503,1.5714,1.7353,1.1963,0.7892,0.8434,0.7764,0.7282,50,444.18,260.46,1,1,2025-10-01 22:56:42,18.1,89.8,,1,0,,0
2025-10-01 22:58:12,354.08,3.5048,221.23,6.6883,20.0649,224.1,223.6,215.99,385.01,384.36,380.06,383.16,6.9898,7.6321,5.443,1.3191,1.3233,0.8624,2.7154,0.843,1.0746,0.7978,4.4486,1.5664,1.7065,1.1756,0.7905,0.8426,0.7762,0.734,50,444.3,260.53,1,1,2025-10-01 22:58:12,17.7,83.8,,1,0,,0
2025-10-01 22:58:57,354.12,3.4854,221.9,6.6641,19.9923,224.25,223.75,217.7,384.87,385.88,382.15,384.26,6.881,7.488,5.6233,1.2748,1.3142,0.8964,2.7369,0.8678,1.0363,0.8328,4.4427,1.5431,1.6754,1.2242,0.7864,0.8266,0.7852,0.7326,50,444.35,260.57,1,1,2025-10-01 22:58:57,17.4,81.5,,1,0,,0
2025-10-01 22:59:42,354.16,3.4718,221.47,6.6454,19.9364,224.23,223.74,216.45,384.39,385.02,381.25,383.58,6.8826,7.4817,5.5721,1.2803,1.3077,0.8838,2.7217,0.8601,1.0418,0.8197,4.4233,1.5433,1.674,1.2061,0.7869,0.83,0.7821,0.7331,50,444.41,260.6,1,1,2025-10-01 22:59:42,17.2,79.4,,1,0,,0
2025-10-01 23:00:27,354.21,3.4524,221.19,6.6236,19.871000000000002,224.05,223.79,215.74,384.56,384.13,380.54,383.05,6.8489,7.5198,5.5023,1.2803,1.3097,0.8624,2.7128,0.8442,1.0538,0.8148,4.4044,1.5345,1.6829,1.1871,0.7863,0.8348,0.7791,0.7268,50,444.46,260.64,1,1,2025-10-01 23:00:27,17.0,78.5,,1,0,,0
2025-10-01 23:01:12,354.25,3.4459,221.5,6.6159,19.8477,222.91,224.13,217.48,383.68,385.8,381.38,383.56,6.7237,7.3645,5.7595,1.224,1.3124,0.9095,2.722,0.8634,0.9981,0.8604,4.402,1.4988,1.6506,1.2526,0.7847,0.8171,0.7959,0.7264,50,444.52,260.67,1,1,2025-10-01 23:01:12,16.8,77.3,,1,0,,0
2025-10-01 23:01:57,354.29,3.4554,221.54,6.6271,19.8813,223.61,224.6,216.41,384.11,385.63,381.26,383.72,6.8382,7.4148,5.6283,1.2615,1.3057,0.8882,2.7258,0.8626,1.0306,0.8326,4.4125,1.5291,1.6654,1.218,0.7851,0.8254,0.7849,0.7295,50,444.57,260.7,1,1,2025-10-01 23:01:57,16.6,76.5,,1,0,,0
2025-10-01 23:02:42,354.34,3.5089,221.47,6.6994,20.0982,223.51,224.77,216.13,384.86,384.98,380.85,383.54,6.9186,7.6081,5.5715,1.2955,1.3374,0.876,2.7308,0.8428,1.0628,0.8252,4.4606,1.5464,1.7101,1.2042,0.7891,0.8382,0.7829,0.7278,50,444.63,260.74,1,1,2025-10-01 23:02:42,16.4,75.9,,1,0,,0
2025-10-01 23:03:27,354.38,3.4679,221.93,6.6486,19.9458,223.81,224.94,217.06,384.71,386.47,381.88,384.35,6.8228,7.4697,5.6533,1.2598,1.3189,0.8892,2.7446,0.8616,1.0381,0.845,4.4344,1.527,1.6802,1.2271,0.7841,0.8254,0.7857,0.7248,50,444.69,260.77,1,1,2025-10-01 23:03:27,16.2,75.4,,1,0,,0
2025-10-01 23:04:12,354.42,3.4775,221.91,6.6616,19.9848,223.74,225.38,216.61,385.18,385.56,382.22,384.28,6.8653,7.5157,5.6038,1.2747,1.3234,0.8794,2.7456,0.8555,1.0543,0.8357,4.4438,1.536,1.6939,1.2138,0.7848,0.8303,0.7821,0.7248,50,444.74,260.81,1,1,2025-10-01 23:04:12,16.1,75.1,,1,0,,0
2025-10-01 23:05:42,354.51,3.4544,222,6.6304,19.8913,223.6,224.79,217.61,384.32,386.74,382.34,384.46,6.7977,7.389,5.7046,1.2433,1.3089,0.9022,2.7446,0.873,1.0196,0.8519,4.4223,1.52,1.661,1.2414,0.7829,0.8183,0.7888,0.727,50,444.85,260.87,1,1,2025-10-01 23:05:42,15.8,73.3,,1,0,,0
2025-10-01 23:06:27,354.55,3.4415,222.49,6.6212,19.8637,223.91,225.5,218.06,385.54,386.95,383.49,385.33,6.8093,7.3677,5.6867,1.2424,1.3018,0.8973,2.7665,0.8821,1.0293,0.855,4.4261,1.5247,1.6614,1.24,0.7793,0.8153,0.7844,0.7239,49.9,444.9,260.91,1,1,2025-10-01 23:06:27,15.7,73.1,,1,0,,0
2025-10-01 23:07:12,354.59,0.3098,223.62,0.4626,1.388,226.52,225.34,219.02,388.39,387.99,385.51,387.3,0.0,1.388,0.0,0,0.3098,0,0.0401,0,0.0401,0,0.3128,0,0.3128,0,0.9917,1,0.9917,1,50,444.95,260.94,0,1,2025-10-01 23:07:12,15.5,72.6,,0,0,,1
2025-10-01 23:07:57,354.59,0.3083,223.5,0.4595,1.3785,226.22,226.02,218.26,388.14,388.14,384.93,387.03,0.0,1.3785,0.0,0,0.3083,0,0.0419,0,0.0419,0,0.3116,0,0.3116,0,0.9909,1,0.9909,1,49.9,444.95,260.94,0,1,2025-10-01 23:07:57,15.4,73.7,,0,0,,1
2025-10-01 23:08:42,354.6,0.3068,223.5,0.4574,1.3724,226.26,225.93,218.33,388.07,388.1,385.08,387.06,0.0,1.3724,0.0,0,0.3068,0,0.0422,0,0.0422,0,0.3101,0,0.3101,0,0.9906,1,0.9906,1,49.9,444.96,260.94,0,1,2025-10-01 23:08:42,15.5,77.7,,0,0,,1
2025-10-01 23:09:27,354.6,0.3055,223.65,0.4569,1.3707,226.85,225.17,218.95,388.33,387.16,386.57,387.37,0.0,1.3707,0.0,0,0.3055,0,0.0415,0,0.0415,0,0.3086,0,0.3086,0,0.9909,1,0.9909,1,50,444.96,260.94,0,1,2025-10-01 23:09:27,15.6,81.1,,0,0,,1
2025-10-01 23:10:12,354.6,0.3052,223.69,0.4567,1.3702,226.56,225.1,219.43,387.79,388.35,386.09,387.44,0.0,1.3702,0.0,0,0.3052,0,0.0415,0,0.0415,0,0.3084,0,0.3084,0,0.9909,1,0.9909,1,50,444.96,260.94,0,1,2025-10-01 23:10:12,15.8,83.7,,0,0,,1
2025-10-01 23:10:57,354.61,0.3044,223.33,0.4559,1.3678,226.45,224.83,218.73,387.86,387.34,385.17,386.85,0.0,1.3678,0.0,0,0.3044,0,0.0411,0,0.0411,0,0.3075,0,0.3075,0,0.991,1,0.991,1,50,444.97,260.94,0,1,2025-10-01 23:10:57,16.1,86,,0,0,,1
2025-10-01 23:11:42,354.61,0.3037,223.51,0.4552,1.3658,226.79,224.72,219.03,388.64,387.75,384.92,387.1,0.0,1.3658,0.0,0,0.3037,0,0.0412,0,0.0412,0,0.3069,0,0.3069,0,0.9909,1,0.9909,1,50,444.97,260.94,0,1,2025-10-01 23:11:42,16.3,87.7,,0,0,,1
2025-10-01 23:12:27,354.61,0.3032,223.72,0.4555,1.3666,227.17,224.07,219.93,387.89,387.24,387.28,387.48,0.0,1.3666,0.0,0,0.3032,0,0.0404,0,0.0404,0,0.3062,0,0.3062,0,0.9912,1,0.9912,1,50,444.98,260.94,0,1,2025-10-01 23:12:27,16.5,88.9,,0,0,,1
2025-10-01 23:13:12,354.62,0.3042,223.26,0.4551,1.3653,226.19,225.1,218.49,388.07,387.43,384.49,386.76,0.0,1.3653,0.0,0,0.3042,0,0.0415,0,0.0415,0,0.3073,0,0.3073,0,0.9908,1,0.9908,1,50,444.98,260.94,0,1,2025-10-01 23:13:12,16.7,90.1,,0,0,,1
2025-10-01 23:13:57,354.62,0.3029,223.4,0.4543,1.363,225.72,224.48,220.02,386.99,387.92,385.84,386.93,0.0,1.363,0.0,0,0.3029,0,0.0408,0,0.0408,0,0.306,0,0.306,0,0.991,1,0.991,1,50,444.98,260.94,0,1,2025-10-01 23:13:57,16.9,91.1,,0,0,,1
2025-10-01 23:14:42,354.63,0.3029,222.87,0.4546,1.3639,224.95,224.27,219.4,385.72,387.44,384.81,385.96,0.0,1.3639,0.0,0,0.3029,0,0.0403,0,0.0403,0,0.3059,0,0.3059,0,0.9912,1,0.9912,1,50,444.99,260.94,0,1,2025-10-01 23:14:42,17.1,91.9,,0,0,,1
2025-10-01 23:15:27,354.63,0.3024,222.69,0.4535,1.3607,225.08,224.49,218.51,387.05,386.72,383.29,385.83,0.0,1.3607,0.0,0,0.3024,0,0.0408,0,0.0408,0,0.3055,0,0.3055,0,0.991,1,0.991,1,50,444.99,260.94,0,1,2025-10-01 23:15:27,17.3,93,,0,0,,1
2025-10-01 23:16:12,354.63,0.3025,223.36,0.4538,1.3614,226.02,224.44,219.64,387.47,387.69,385.39,386.85,0.0,1.3614,0.0,0,0.3025,0,0.0408,0,0.0408,0,0.3056,0,0.3056,0,0.991,1,0.991,1,50,445,260.94,0,1,2025-10-01 23:16:12,17.5,93.7,,0,0,,1
2025-10-01 23:16:57,354.64,0.3015,223.42,0.4527,1.3582,226.21,224.25,219.82,387.07,388.21,385.54,386.96,0.0,1.3582,0.0,0,0.3015,0,0.0406,0,0.0406,0,0.3046,0,0.3046,0,0.991,1,0.991,1,49.9,445,260.94,0,1,2025-10-01 23:16:57,17.7,94,,0,0,,1
2025-10-01 23:17:42,354.64,0.3028,223.54,0.4537,1.3613,226.62,224.8,219.22,388.04,387.8,385.63,387.11,0.0,1.3613,0.0,0,0.3028,0,0.0411,0,0.0411,0,0.306,0,0.306,0,0.9909,1,0.9909,1,49.9,445,260.94,0,1,2025-10-01 23:17:42,17.9,94.2,,0,0,,1
2025-10-01 23:18:27,354.64,0.3027,223.49,0.4536,1.3609,226.45,224.75,219.29,388.28,387.84,385.1,387.06,0.0,1.3609,0.0,0,0.3027,0,0.041,0,0.041,0,0.3059,0,0.3059,0,0.9909,1,0.9909,1,49.9,445.01,260.94,0,1,2025-10-01 23:18:27,18.1,93.9,,0,0,,1
2025-10-01 23:19:12,354.66,3.4106,223.08,6.6002,19.800800000000002,225.77,223.89,219.6,386.36,387.71,385,386.3,6.9429,7.2841,5.5738,1.2634,1.2511,0.8961,2.8026,0.9263,1.0434,0.8329,4.4223,1.5675,1.6308,1.224,0.7726,0.8064,0.7679,0.7324,50,445.02,260.95,1,1,2025-10-01 23:19:12,18.2,94,,1,0,,0
2025-10-01 23:20:42,354.74,3.5443,222.82,6.7466,20.239900000000002,226.96,224.11,217.41,386.82,386.23,384.62,385.85,7.1062,7.3827,5.751,1.3165,1.2844,0.9434,2.7902,0.9302,1.0405,0.8195,4.5177,1.6128,1.6545,1.2503,0.7857,0.8166,0.777,0.7549,49.9,445.14,261.02,1,1,2025-10-01 23:20:42,18.1,89.2,,1,0,,0
2025-10-01 23:21:27,354.79,3.54,222.45,6.7421,20.2265,227.01,224.54,215.8,387,385.69,383.01,385.37,7.1221,7.5678,5.5366,1.3483,1.3017,0.8901,2.7769,0.891,1.0898,0.7961,4.5109,1.6168,1.6993,1.1948,0.7868,0.8342,0.7667,0.7453,50,445.19,261.06,1,1,2025-10-01 23:21:27,18.0,87.1,,1,0,,0
2025-10-01 23:22:12,354.83,3.5352,222.39,6.7366,20.2098,226.7,225.05,215.42,387.46,385.28,382.69,385.13,7.0859,7.5936,5.5303,1.343,1.3103,0.8819,2.7747,0.88,1.0945,0.8002,4.5067,1.6064,1.7089,1.1913,0.7866,0.8364,0.7674,0.7405,49.9,445.25,261.09,1,1,2025-10-01 23:22:12,17.8,85.2,,1,0,,0
2025-10-01 23:22:57,354.88,3.4922,222.28,6.6777,20.0333,226.31,224.56,215.98,384.52,386.26,383.93,384.97,6.957,7.4053,5.671,1.2939,1.2905,0.9077,2.7631,0.8956,1.0461,0.8214,4.4622,1.5744,1.6629,1.2248,0.7842,0.8222,0.7768,0.7415,49.9,445.3,261.13,1,1,2025-10-01 23:22:57,17.7,83.7,,1,0,,0
2025-10-01 23:23:42,354.92,3.5101,222.48,6.7093,20.128,224.02,227.58,215.84,386.35,386.82,382.7,385.29,6.9767,7.5942,5.5571,1.3078,1.3364,0.8659,2.7762,0.8544,1.0928,0.8289,4.4907,1.5629,1.7283,1.1994,0.7843,0.8371,0.7741,0.7223,50,445.36,261.16,1,1,2025-10-01 23:23:42,17.5,81.6,,1,0,,0
2025-10-01 23:24:27,354.96,3.5104,222.83,6.7097,20.1291,224.79,227.3,216.42,387.08,387.7,382.95,385.87,6.9466,7.6306,5.5519,1.3064,1.3405,0.8635,2.7861,0.854,1.0976,0.8346,4.4975,1.5615,1.7344,1.2015,0.7832,0.837,0.7775,0.7209,50,445.42,261.19,1,1,2025-10-01 23:24:27,17.3,80.5,,1,0,,0
2025-10-01 23:25:12,355.01,3.4972,223.05,6.6955,20.0865,224.84,227.17,217.14,386.96,388.1,383.78,386.24,6.9093,7.5272,5.65,1.2842,1.3284,0.8847,2.7958,0.8727,1.0739,0.8492,4.4903,1.5535,1.71,1.2268,0.781,0.827,0.7776,0.7214,50,445.47,261.23,1,1,2025-10-01 23:25:12,17.2,79.2,,1,0,,0
2025-10-01 23:25:57,355.05,3.4898,222.47,6.6894,20.0682,224.24,227.27,215.92,386.71,387.21,381.96,385.29,6.9765,7.631,5.4607,1.3134,1.3305,0.846,2.7737,0.8482,1.1066,0.8189,4.4778,1.5644,1.7343,1.1791,0.7828,0.8399,0.7686,0.7177,50,445.53,261.26,1,1,2025-10-01 23:25:57,17.0,77.8,,1,0,,0
2025-10-01 23:26:42,355.1,3.4724,222.94,6.6673,20.0021,225.04,226.62,217.17,387.21,387.67,383.43,385.96,6.9511,7.4909,5.5601,1.2901,1.3072,0.8752,2.79,0.8806,1.0767,0.8327,4.4694,1.5643,1.6976,1.2075,0.7795,0.8263,0.7712,0.724,49.9,445.58,261.3,1,1,2025-10-01 23:26:42,16.8,76.7,,1,0,,0
2025-10-01 23:27:27,355.14,3.4955,223.02,6.6921,20.0763,225.31,227,216.77,386.63,388.33,383.71,386.3,6.8978,7.5754,5.6031,1.2888,1.331,0.8757,2.7946,0.8663,1.0823,0.846,4.4883,1.5541,1.7196,1.2146,0.781,0.8312,0.7751,0.7183,50,445.64,261.33,1,1,2025-10-01 23:27:27,16.6,76,,1,0,,0
2025-10-01 23:28:12,355.18,3.4838,222.8,6.6803,20.0411,224.8,227.28,216.34,387.4,387.85,382.34,385.66,6.9467,7.6229,5.4715,1.3158,1.3255,0.8425,2.7874,0.8545,1.1137,0.8192,4.4779,1.5616,1.7325,1.1837,0.7808,0.8376,0.7687,0.7142,49.9,445.7,261.37,1,1,2025-10-01 23:28:12,16.5,75.7,,1,0,,0
2025-10-01 23:29:42,355.27,3.4818,222.69,6.6781,20.034399999999998,223.23,226.98,217.87,385.51,388.48,383,385.8,6.8142,7.5436,5.6766,1.2571,1.3436,0.8811,2.7809,0.8552,1.0585,0.8672,4.4701,1.5211,1.7122,1.2368,0.7813,0.8268,0.7855,0.7127,50,445.81,261.44,1,1,2025-10-01 23:29:42,16.2,75.9,,1,0,,0
2025-10-01 23:30:27,355.31,3.4759,223.08,6.6671,20.0014,224.3,227.07,217.87,387.14,388.1,383.8,386.33,6.8936,7.5338,5.574,1.2799,1.3263,0.8696,2.7897,0.8658,1.0772,0.8466,4.4713,1.5462,1.7107,1.2144,0.7798,0.8282,0.7762,0.7165,50,445.86,261.47,1,1,2025-10-01 23:30:27,16.1,76.8,,1,0,,0
2025-10-01 23:31:12,355.36,3.4704,222.98,6.6611,19.9835,224.07,227.49,217.4,386.37,388.71,383.41,386.18,6.8136,7.5038,5.6661,1.2595,1.3332,0.8777,2.7876,0.8613,1.0629,0.8634,4.4656,1.5267,1.707,1.2318,0.7796,0.8254,0.7819,0.7128,50,445.92,261.51,1,1,2025-10-01 23:31:12,16.1,76.2,,1,0,,0
2025-10-01 23:31:57,355.4,3.4845,222.54,6.6849,20.0549,223.46,227.97,216.19,386.29,387.85,382.05,385.41,6.7997,7.6957,5.5595,1.2772,1.3654,0.8419,2.7766,0.8214,1.0984,0.8567,4.4758,1.5195,1.7544,1.2019,0.782,0.841,0.7791,0.7009,49.9,445.98,261.54,1,1,2025-10-01 23:31:57,16.0,75.8,,1,0,,0
2025-10-01 23:32:42,355.44,3.4721,222.66,6.6663,19.9991,224.43,227.55,216.02,386.73,387.95,382.15,385.58,6.8386,7.6124,5.5481,1.2827,1.3406,0.8487,2.7809,0.8413,1.0941,0.8455,4.4655,1.5348,1.7322,1.1985,0.7805,0.8361,0.7747,0.7084,49.9,446.03,261.58,1,1,2025-10-01 23:32:42,15.9,74.7,,1,0,,0
2025-10-01 23:33:27,355.49,3.4625,222.51,6.6552,19.9657,223.5,227.63,216.41,386.5,387.79,381.79,385.41,6.8244,7.6041,5.5372,1.2744,1.3424,0.8458,2.7742,0.8366,1.0895,0.8481,4.4545,1.5253,1.7309,1.1983,0.7804,0.8359,0.7764,0.7061,49.9,446.09,261.61,1,1,2025-10-01 23:33:27,15.8,73.8,,1,0,,0
2025-10-01 23:34:12,355.53,3.4591,222.86,6.6449,19.9349,224.89,227.45,216.26,386.83,387.69,383.34,385.92,6.8375,7.5386,5.5588,1.2775,1.3256,0.856,2.782,0.8543,1.0845,0.8432,4.4545,1.5377,1.7147,1.2021,0.7792,0.8312,0.7739,0.7124,50,446.14,261.65,1,1,2025-10-01 23:34:12,15.7,73.4,,1,0,,0
2025-10-01 23:34:57,355.57,3.4593,223.01,6.6464,19.939400000000003,224.7,227.39,216.94,386.76,388.52,383.32,386.16,6.8364,7.5303,5.5727,1.273,1.3259,0.8604,2.7881,0.8584,1.0808,0.8488,4.4574,1.5361,1.7123,1.2089,0.7785,0.8291,0.7751,0.7118,50,446.2,261.68,1,1,2025-10-01 23:34:57,15.5,73.2,,1,0,,0
2025-10-01 23:35:42,355.62,3.4737,223.53,6.6722,20.0166,225.66,227.79,217.16,388.28,388.66,384.43,387.11,6.8425,7.5818,5.5923,1.2797,1.3333,0.8607,2.8136,0.8627,1.0949,0.8561,4.4856,1.5441,1.7271,1.2144,0.777,0.8291,0.7727,0.709,50,446.26,261.72,1,1,2025-10-01 23:35:42,15.4,72.6,,1,0,,0
2025-10-01 23:36:27,355.63,0.3139,224.22,0.4633,1.39,227.31,228.27,217.1,389.75,389.63,385.55,388.23,0.0,1.39,0.0,0,0.3139,0,0.0435,0,0.0435,0,0.3173,0,0.3173,0,0.9905,1,0.9905,1,50,446.27,261.72,0,1,2025-10-01 23:36:27,15.4,73.1,,0,0,,1
2025-10-01 23:37:12,355.63,0.3116,224.17,0.4603,1.381,227.42,228.21,216.88,389.82,389.57,385.23,388.11,0.0,1.381,0.0,0,0.3116,0,0.0442,0,0.0442,0,0.3152,0,0.3152,0,0.99,1,0.99,1,50,446.27,261.72,0,1,2025-10-01 23:37:12,15.3,75.7,,0,0,,1
2025-10-01 23:37:57,355.63,0.3109,224,0.4591,1.3773,227.55,228.42,216.04,390.2,389.24,384.32,387.87,0.0,1.3773,0.0,0,0.3109,0,0.0449,0,0.0449,0,0.3146,0,0.3146,0,0.9897,1,0.9897,1,50,446.28,261.73,0,1,2025-10-01 23:37:57,15.4,79,,0,0,,1
2025-10-01 23:38:42,355.64,0.3098,223.87,0.4586,1.376,227.74,227.7,216.17,389.16,389.33,384.51,387.66,0.0,1.376,0.0,0,0.3098,0,0.0441,0,0.0441,0,0.3133,0,0.3133,0,0.99,1,0.99,1,50,446.28,261.73,0,1,2025-10-01 23:38:42,15.6,81.8,,0,0,,1
2025-10-01 23:39:27,355.64,0.3099,223.41,0.4582,1.3747,227.92,228.08,214.25,390.02,387.97,382.69,386.82,0.0,1.3747,0.0,0,0.3099,0,0.0449,0,0.0449,0,0.3135,0,0.3135,0,0.9896,1,0.9896,1,50,446.28,261.73,0,1,2025-10-01 23:39:27,15.8,84.5,,0,0,,1
2025-10-01 23:40:12,355.65,0.3101,224.2,0.458,1.374,228.56,228.38,215.67,390.5,389.28,384.97,388.23,0.0,1.374,0.0,0,0.3101,0,0.0448,0,0.0448,0,0.3138,0,0.3138,0,0.9897,1,0.9897,1,50,446.29,261.73,0,1,2025-10-01 23:40:12,16.0,85.8,,0,0,,1
2025-10-01 23:40:57,355.65,0.3103,223.83,0.4582,1.3746,228.32,228.44,214.73,391.14,388.15,383.59,387.73,0.0,1.3746,0.0,0,0.3103,0,0.045,0,0.045,0,0.314,0,0.314,0,0.9896,1,0.9896,1,50,446.29,261.73,0,1,2025-10-01 23:40:57,16.3,87.6,,0,0,,1
2025-10-01 23:41:42,355.65,0.3117,224.17,0.4589,1.3767,227.24,229.13,216.14,390.75,389.66,384.25,388.3,0.0,1.3767,0.0,0,0.3117,0,0.0458,0,0.0458,0,0.3154,0,0.3154,0,0.9893,1,0.9893,1,50,446.3,261.73,0,1,2025-10-01 23:41:42,16.5,88.8,,0,0,,1
2025-10-01 23:42:27,355.66,0.3102,224.14,0.4577,1.3732,226.68,228.65,217.09,389.39,389.84,385.23,388.11,0.0,1.3732,0.0,0,0.3102,0,0.0455,0,0.0455,0,0.314,0,0.314,0,0.9894,1,0.9894,1,50,446.3,261.73,0,1,2025-10-01 23:42:27,16.7,90.3,,0,0,,1
2025-10-01 23:43:12,355.66,0.312,223.91,0.4585,1.3757,226.06,229.67,216.01,390.64,389.35,383.38,387.71,0.0,1.3757,0.0,0,0.312,0,0.0468,0,0.0468,0,0.316,0,0.316,0,0.9889,1,0.9889,1,50,446.3,261.73,0,1,2025-10-01 23:43:12,16.9,91.1,,0,0,,1
2025-10-01 23:43:57,355.67,0.3099,223.4,0.4575,1.3725,225.58,228.54,216.09,387.97,388.72,383.93,386.78,0.0,1.3725,0.0,0,0.3099,0,0.0454,0,0.0454,0,0.3137,0,0.3137,0,0.9894,1,0.9894,1,49.9,446.31,261.73,0,1,2025-10-01 23:43:57,17.1,92.1,,0,0,,1
2025-10-01 23:44:42,355.67,0.3098,223.32,0.4571,1.3714,226.88,228.63,214.45,389.07,388.68,382.4,386.79,0.0,1.3714,0.0,0,0.3098,0,0.0453,0,0.0453,0,0.3135,0,0.3135,0,0.9894,1,0.9894,1,50,446.31,261.73,0,1,2025-10-01 23:44:42,17.2,92.3,,0,0,,1
2025-10-01 23:45:27,355.67,0.3087,222.52,0.4562,1.3686,225.52,228.27,213.79,387.54,387.37,381.13,385.42,0.0,1.3686,0.0,0,0.3087,0,0.045,0,0.045,0,0.3124,0,0.3124,0,0.9895,1,0.9895,1,49.9,446.32,261.73,0,1,2025-10-01 23:45:27,17.4,92.4,,0,0,,1
2025-10-01 23:46:12,355.68,0.3081,222.41,0.4557,1.3673,225.67,228,213.57,386.85,387.81,380.72,385.07,0.0,1.3673,0.0,0,0.3081,0,0.0448,0,0.0448,0,0.3117,0,0.3117,0,0.9895,1,0.9895,1,49.9,446.32,261.73,0,1,2025-10-01 23:46:12,17.5,92.8,,0,0,,1
2025-10-01 23:46:57,355.68,0.3085,222.37,0.4558,1.3674,226.11,228.32,212.7,387.2,387.42,380.55,385.17,0.0,1.3674,0.0,0,0.3085,0,0.0449,0,0.0449,0,0.3122,0,0.3122,0,0.9895,1,0.9895,1,49.9,446.32,261.73,0,1,2025-10-01 23:46:57,17.7,93.3,,0,0,,1
2025-10-01 23:47:42,355.69,0.3085,222.73,0.456,1.3681,225.19,228.17,214.85,387.12,388.23,381.78,385.68,0.0,1.3681,0.0,0,0.3085,0,0.0448,0,0.0448,0,0.3122,0,0.3122,0,0.9896,1,0.9896,1,49.9,446.33,261.73,0,1,2025-10-01 23:47:42,17.7,93.4,,0,0,,1
2025-10-01 23:48:27,355.69,0.3116,223.02,0.4572,1.3716,225.21,229.2,214.66,388.37,388.68,381.61,386.25,0.0,1.3716,0.0,0,0.3106,0,0.0456,0,0.0456,0,0.3144,0,0.3144,0,0.9894,1,0.9894,1,49.9,446.33,261.73,0,1,2025-10-01 23:48:27,17.8,93.4,,0,0,,1
2025-10-01 23:49:12,355.69,0.311,223,0.4571,1.3713,225.58,229.58,213.86,388.57,388.4,381.57,386.23,0.0,1.3713,0.0,0,0.311,0,0.0461,0,0.0461,0,0.3148,0,0.3148,0,0.9892,1,0.9892,1,49.9,446.33,261.73,0,1,2025-10-01 23:49:12,17.9,93.7,,0,0,,1
2025-10-01 23:49:57,355.7,0.3094,222.91,0.4559,1.3677,225.35,229.07,214.32,387.73,388.35,381.96,386.06,0.0,1.3677,0.0,0,0.3094,0,0.0458,0,0.0458,0,0.3133,0,0.3133,0,0.9892,1,0.9892,1,49.9,446.34,261.73,0,1,2025-10-01 23:49:57,18.1,94,,0,0,,1
2025-10-01 23:50:42,355.7,0.311,223.57,0.4573,1.3721,225.66,229.45,215.62,389.06,389.95,382.53,386.63,0.0,1.3721,0.0,0,0.311,0,0.0458,0,0.0458,0,0.3148,0,0.3148,0,0.9893,1,0.9893,1,49.9,446.34,261.73,0,1,2025-10-01 23:50:42,18.1,94,,0,0,,1
2025-10-01 23:51:27,355.7,0.3093,223.04,0.4558,1.3674,224.27,228.91,215.95,387.06,388.65,383.04,386.96,0.0,1.3674,0.0,0,0.3093,0,0.0452,0,0.0452,0,0.313,0,0.313,0,0.9894,1,0.9894,1,50,446.35,261.74,0,1,2025-10-01 23:51:27,18.2,94.1,,0,0,,1
2025-10-01 23:52:12,355.71,0.3113,223.43,0.4569,1.3708,224.4,229.93,215.98,388.45,390.23,382.15,386.92,0.0,1.3708,0.0,0,0.3113,0,0.046,0,0.046,0,0.3152,0,0.3152,0,0.9892,1,0.9892,1,50,446.35,261.74,0,1,2025-10-01 23:52:12,18.3,94.3,,0,0,,1
2025-10-01 23:52:57,355.71,0.3092,223.4,0.4561,1.3684,224.49,228.63,217.08,387.44,389.6,383.59,386.83,0.0,1.3684,0.0,0,0.3092,0,0.0449,0,0.0449,0,0.3129,0,0.3129,0,0.9896,1,0.9896,1,50,446.35,261.74,0,1,2025-10-01 23:52:57,18.4,94.3,,0,0,,1
2025-10-01 23:53:42,355.75,3.5113,223.32,6.7212,20.1638,226.22,226.22,217.52,387.96,388.69,383.57,386.8,6.9886,7.6122,5.563,1.313,1.3236,0.8747,2.8133,0.8792,1.0987,0.8353,4.5131,1.581,1.722,1.2101,0.7804,0.8309,0.7694,0.7232,50,446.4,261.77,1,1,2025-10-01 23:53:42,18.4,94.1,,1,0,,0
2025-10-01 23:54:27,355.79,3.511,224.15,6.7172,20.1517,227.58,226.26,218.61,388.9,389.62,386,388.05,6.9566,7.5095,5.6856,1.2966,1.3111,0.9033,2.8378,0.907,1.0779,0.8529,4.5252,1.5832,1.6991,1.2429,0.7777,0.8194,0.7724,0.727,50,446.46,261.8,1,1,2025-10-01 23:54:27,18.2,91.2,,1,0,,0
2025-10-01 23:55:12,355.84,3.5411,223.91,6.7579,20.2738,227.43,227.15,217.15,389.77,389.16,384.36,387.75,7.0372,7.6958,5.5408,1.3376,1.3353,0.8682,2.8346,0.8774,1.1252,0.832,4.5518,1.6005,1.7481,1.2032,0.7806,0.8361,0.7647,0.722,50,446.52,261.84,1,1,2025-10-01 23:55:12,18.1,88.6,,1,0,,0
2025-10-01 23:55:57,355.88,3.5232,223.86,6.7337,20.2012,227.73,227.09,216.78,389.13,389.83,384.03,387.58,6.9253,7.6486,5.6273,1.3111,1.3362,0.8759,2.8307,0.8752,1.1069,0.8485,4.5339,1.5771,1.7369,1.2199,0.7795,0.8317,0.77,0.7182,50,446.57,261.87,1,1,2025-10-01 23:55:57,17.9,86.8,,1,0,,0
2025-10-01 23:56:42,355.93,3.5072,222.98,6.7083,20.1251,227.77,225.89,215.28,388.11,387.93,382.31,386.1,6.9401,7.6808,5.5042,1.3267,1.3267,0.8539,2.7938,0.8579,1.1151,0.8207,4.5007,1.5807,1.735,1.1849,0.7821,0.8397,0.7655,0.7209,50,446.63,261.91,1,1,2025-10-01 23:56:42,17.7,85,,1,0,,0
2025-10-01 23:57:27,355.97,3.5333,223.22,6.7392,20.2177,227.97,226.18,215.52,388.47,388.24,382.91,386.55,6.9338,7.7162,5.5677,1.3272,1.341,0.865,2.8011,0.8568,1.1136,0.8307,4.5259,1.5807,1.7453,1.2,0.7836,0.8401,0.7693,0.7212,50,446.69,261.94,1,1,2025-10-01 23:57:27,17.5,83,,1,0,,0
2025-10-01 23:58:12,356.01,3.5026,223.55,6.7015,20.1047,228.32,226.16,216.19,388.72,388.88,383.73,387.11,6.8946,7.6361,5.574,1.3111,1.325,0.8665,2.811,0.8698,1.1046,0.8366,4.5062,1.5742,1.727,1.205,0.7799,0.8333,0.7681,0.7194,50,446.74,261.98,1,1,2025-10-01 23:58:12,17.3,82.3,,1,0,,0
2025-10-01 23:58:57,356.06,3.4626,223.94,6.6567,19.970100000000002,227.89,226.54,217.4,389.32,389.67,384.42,387.75,6.8586,7.5795,5.532,1.2933,1.313,0.8563,2.8228,0.8761,1.1032,0.8435,4.4827,1.563,1.7171,1.2027,0.775,0.8279,0.7656,0.7124,50,446.8,262.01,1,1,2025-10-01 23:58:57,17.1,80.6,,1,0,,0
2025-10-01 23:59:42,356.1,3.4691,223.91,6.6642,19.9926,227.93,226.23,217.57,389.29,389.2,384.77,387.77,6.8754,7.5838,5.5334,1.2964,1.3128,0.8599,2.8232,0.8792,1.1019,0.8421,4.4867,1.5671,1.7157,1.2039,0.7756,0.8276,0.7659,0.7144,50,446.86,262.05,1,1,2025-10-01 23:59:42,16.9,78.7,,1,0,,0
2025-10-02 00:00:27,356.15,3.4529,223.2,6.6454,19.9364,226.92,225.7,217,387.89,388.37,383.35,386.5,6.8583,7.5661,5.512,1.2895,1.3091,0.8543,2.8004,0.8701,1.0937,0.8366,4.4601,1.5563,1.7077,1.1961,0.7766,0.8289,0.7674,0.7144,50,446.91,262.09,1,1,2025-10-02 00:00:27,16.7,78.1,,1,0,,0
2025-10-02 00:01:12,356.19,3.4853,223.13,6.6834,20.0504,227.37,225.09,216.93,388.21,387.74,383.26,386.5,6.9512,7.6005,5.4987,1.3138,1.3085,0.8629,2.7997,0.8773,1.0995,0.8229,4.4841,1.5805,1.7108,1.1928,0.7796,0.8316,0.7656,0.7236,50,446.97,262.12,1,1,2025-10-02 00:01:12,16.5,77.2,,1,0,,0
2025-10-02 00:01:57,356.23,3.5249,222.77,6.7328,20.1984,226.39,225.15,216.77,388.06,386.43,382.94,385.83,6.9705,7.6205,5.6074,1.3124,1.3269,0.8856,2.7918,0.875,1.085,0.8318,4.5093,1.5781,1.7158,1.2155,0.7839,0.832,0.7741,0.7288,49.9,447.02,262.15,1,1,2025-10-02 00:01:57,16.3,76.3,,1,0,,0
2025-10-02 00:02:42,356.28,3.4722,222.46,6.6697,20.0093,226.1,224.86,216.42,387.13,385.82,382.86,385.32,6.9429,7.5508,5.5156,1.3029,1.3037,0.8656,2.7807,0.8745,1.0849,0.8212,4.4613,1.5698,1.6979,1.1937,0.7805,0.8302,0.7686,0.7254,49.9,447.08,262.19,1,1,2025-10-02 00:02:42,16.2,75.9,,1,0,,0
2025-10-02 00:04:12,356.36,3.4592,222.47,6.6582,19.974800000000002,225.21,225.92,216.29,386.38,387.07,382.38,385.26,6.7998,7.541,5.634,1.266,1.3229,0.8703,2.7831,0.8604,1.0703,0.8524,4.4536,1.5314,1.7037,1.2186,0.7791,0.827,0.7774,0.7143,49.8,447.19,262.26,1,1,2025-10-02 00:04:12,15.9,75.3,,1,0,,0
2025-10-02 00:04:57,356.4,3.4268,222.44,6.6263,19.878999999999998,224.67,225.32,217.34,385.43,388.14,382.07,385.22,6.7606,7.5386,5.5798,1.2526,1.3167,0.8575,2.7843,0.8577,1.0698,0.8568,4.4302,1.5189,1.6986,1.2127,0.7761,0.8251,0.7761,0.7073,49.8,447.25,262.29,1,1,2025-10-02 00:04:57,15.8,74.6,,1,0,,0
2025-10-02 00:05:42,356.45,3.4129,222.09,6.6176,19.853,224.13,225.35,216.8,385.89,386.47,381.55,384.58,6.7128,7.5549,5.5853,1.2417,1.3212,0.85,2.7805,0.848,1.0706,0.8619,4.4179,1.5045,1.7025,1.2109,0.7752,0.8257,0.7769,0.7021,49.7,447.3,262.33,1,1,2025-10-02 00:05:42,15.7,74.6,,1,0,,0
2025-10-02 00:06:27,356.49,3.4165,222.06,6.6177,19.8531,224.29,224.83,217.06,385.15,386.38,382.19,384.62,6.778,7.493,5.5821,1.2497,1.3052,0.8616,2.778,0.8643,1.0624,0.8513,4.4165,1.5202,1.6847,1.2117,0.7758,0.8224,0.7755,0.7113,49.7,447.36,262.36,1,1,2025-10-02 00:06:27,15.6,74.5,,1,0,,0
2025-10-02 00:07:12,356.53,3.4364,222.22,6.6408,19.9226,224.56,225.68,216.43,386.97,385.93,381.72,384.87,6.827,7.577,5.5186,1.2726,1.3172,0.8466,2.7829,0.8535,1.0876,0.8418,4.4374,1.5331,1.71,1.1944,0.7771,0.8305,0.7711,0.7091,49.8,447.41,262.4,1,1,2025-10-02 00:07:12,15.6,73.9,,1,0,,0
2025-10-02 00:07:57,356.58,3.4345,222.52,6.632,19.896,224.94,225.47,217.17,386.77,386.66,382.74,385.36,6.8261,7.5033,5.5666,1.2644,1.3066,0.8635,2.7868,0.87,1.0715,0.8453,4.4361,1.5355,1.6918,1.2089,0.7765,0.8238,0.7732,0.7145,49.8,447.47,262.43,1,1,2025-10-02 00:07:57,15.5,73.7,,1,0,,0
2025-10-02 00:08:42,356.62,3.446,222.42,6.6457,19.9372,224.97,225.37,216.94,386.31,386.77,382.54,385.21,6.786,7.5227,5.6285,1.2578,1.3171,0.8711,2.7841,0.864,1.065,0.8551,4.4431,1.5266,1.6954,1.221,0.7778,0.8242,0.7775,0.7136,49.8,447.52,262.47,1,1,2025-10-02 00:08:42,15.4,73.3,,1,0,,0
2025-10-02 00:09:27,356.66,3.4066,223.07,6.605,19.8151,225.88,225.84,217.51,387.38,388.22,383.38,386.3,6.7844,7.4856,5.5451,1.2558,1.2973,0.8534,2.8092,0.8768,1.0809,0.8515,4.4291,1.5325,1.6905,1.2061,0.7715,0.8199,0.7682,0.7078,49.8,447.58,262.5,1,1,2025-10-02 00:09:27,15.3,73.3,,1,0,,0
2025-10-02 00:10:12,356.69,0.3123,223.91,0.4636,1.3908,226.92,226.92,217.9,389.19,389.05,385.09,387.73,0.0,1.3908,0.0,0,0.3123,0,0.0425,0,0.0425,0,0.3156,0,0.3156,0,0.9908,1,0.9908,1,49.9,447.62,262.53,0,1,2025-10-02 00:10:12,15.3,72.7,,0,0,,1
2025-10-02 00:10:57,356.7,0.3093,223.88,0.4591,1.3775,225.56,227.04,219.04,388.16,389.99,385.03,387.72,0.0,1.3775,0.0,0,0.3093,0,0.0436,0,0.0436,0,0.3127,0,0.3127,0,0.9901,1,0.9901,1,49.9,447.62,262.53,0,1,2025-10-02 00:10:57,15.2,74,,0,0,,1
2025-10-02 00:11:42,356.7,0.3094,224.14,0.4591,1.3775,225.41,227.18,219.85,389.08,389.67,385.87,388.21,0.0,1.3775,0.0,0,0.3094,0,0.0438,0,0.0438,0,0.3129,0,0.3129,0,0.9901,1,0.9901,1,49.9,447.63,262.53,0,1,2025-10-02 00:11:42,15.3,78.3,,0,0,,1
2025-10-02 00:12:27,356.71,0.3098,224.31,0.4584,1.3753,224.43,228.02,220.48,389.02,390.87,385.59,388.37,0.0,1.3753,0.0,0,0.3098,0,0.0453,0,0.0453,0,0.3136,0,0.3136,0,0.9894,1,0.9894,1,49.9,447.63,262.53,0,1,2025-10-02 00:12:27,15.5,81.5,,0,0,,1
2025-10-02 00:13:12,356.71,0.3102,224.85,0.4586,1.376,224.71,228.13,221.73,389.24,391.75,387.33,389.45,0.0,1.376,0.0,0,0.3102,0,0.0451,0,0.0451,0,0.3139,0,0.3139,0,0.9895,1,0.9895,1,49.9,447.64,262.53,0,1,2025-10-02 00:13:12,15.7,83.7,,0,0,,1
2025-10-02 00:13:57,356.71,0.3112,225.2,0.4587,1.3761,225.81,229.03,220.78,390.52,393.14,386.44,389.97,0.0,1.3761,0.0,0,0.3112,0,0.0464,0,0.0464,0,0.3152,0,0.3152,0,0.989,1,0.989,1,49.9,447.64,262.53,0,1,2025-10-02 00:13:57,16.0,85.6,,0,0,,1
2025-10-02 00:14:42,356.72,0.3103,225.06,0.4581,1.3743,227.23,228.54,219.43,391.4,391.35,386.62,389.8,0.0,1.3743,0.0,0,0.3103,0,0.0456,0,0.0456,0,0.3141,0,0.3141,0,0.9893,1,0.9893,1,49.9,447.64,262.53,0,1,2025-10-02 00:14:42,16.2,87.5,,0,0,,1
2025-10-02 00:15:27,356.72,0.3094,225.32,0.4576,1.373,228.14,228.1,219.73,390.78,392.19,387.64,390.21,0.0,1.373,0.0,0,0.3094,0,0.0451,0,0.0451,0,0.3132,0,0.3132,0,0.9895,1,0.9895,1,49.9,447.65,262.53,0,1,2025-10-02 00:15:27,16.4,88.5,,0,0,,1
2025-10-02 00:16:12,356.72,0.3096,225.08,0.4575,1.3727,227.73,228.3,219.23,391.28,390.47,387.72,389.84,0.0,1.3727,0.0,0,0.3096,0,0.0455,0,0.0455,0,0.3134,0,0.3134,0,0.9893,1,0.9893,1,49.9,447.65,262.53,0,1,2025-10-02 00:16:12,16.6,89.8,,0,0,,1
2025-10-02 00:16:57,356.73,0.3087,225.07,0.4569,1.3708,226.5,227.87,220.86,389.68,392.49,387.22,389.83,0.0,1.3708,0.0,0,0.3087,0,0.0442,0,0.0442,0,0.3124,0,0.3124,0,0.9898,1,0.9898,1,49.9,447.66,262.53,0,1,2025-10-02 00:16:57,16.8,90.7,,0,0,,1
2025-10-02 00:17:42,356.73,0.3081,225.3,0.4566,1.37,227.06,227.55,221.3,390.09,392.18,388.31,390.24,0.0,1.37,0.0,0,0.3081,0,0.044,0,0.044,0,0.3117,0,0.3117,0,0.9899,1,0.9899,1,49.9,447.66,262.53,0,1,2025-10-02 00:17:42,17.0,91.4,,0,0,,1
2025-10-02 00:18:27,356.74,0.3089,225.35,0.4572,1.3716,227.04,227.76,221.27,390.6,392.18,388.1,390.27,0.0,1.3716,0.0,0,0.3089,0,0.0438,0,0.0438,0,0.3124,0,0.3124,0,0.9901,1,0.9901,1,50,447.66,262.53,0,1,2025-10-02 00:18:27,17.2,91.8,,0,0,,1
2025-10-02 00:19:12,356.74,0.3075,225.34,0.4558,1.3675,227.51,227.49,221.04,390.54,391.98,388.28,390.26,0.0,1.3675,0.0,0,0.3075,0,0.0439,0,0.0439,0,0.3111,0,0.3111,0,0.9899,1,0.9899,1,49.9,447.67,262.53,0,1,2025-10-02 00:19:12,17.3,92.2,,0,0,,1
2025-10-02 00:19:57,356.74,0.3094,225.38,0.4564,1.3692,227.69,227.87,220.59,390.58,392.55,387.82,390.28,0.0,1.3692,0.0,0,0.3084,0,0.0442,0,0.0442,0,0.312,0,0.312,0,0.9899,1,0.9898,1,49.9,447.67,262.53,0,1,2025-10-02 00:19:57,17.5,92.6,,0,0,,1
2025-10-02 00:20:42,356.75,0.3089,225.71,0.4566,1.37,228.07,228.11,220.96,391.81,392.57,388.33,390.96,0.0,1.37,0.0,0,0.3089,0,0.0442,0,0.0442,0,0.3125,0,0.3125,0,0.9899,1,0.9899,1,50,447.67,262.54,0,1,2025-10-02 00:20:42,17.6,92.7,,0,0,,1
2025-10-02 00:21:27,356.75,0.3082,225.72,0.4558,1.3674,228.1,228.1,220.98,391.83,392.82,388.12,390.93,0.0,1.3674,0.0,0,0.3082,0,0.0443,0,0.0443,0,0.3119,0,0.3119,0,0.9898,1,0.9898,1,50,447.68,262.54,0,1,2025-10-02 00:21:27,17.7,93.3,,0,0,,1
2025-10-02 00:22:12,356.76,0.3086,225.64,0.4563,1.369,227.18,228.09,221.66,391.32,392.45,388.61,390.89,0.0,1.369,0.0,0,0.3086,0,0.0445,0,0.0445,0,0.3123,0,0.3123,0,0.9897,1,0.9897,1,49.9,447.68,262.54,0,1,2025-10-02 00:22:12,17.8,93.3,,0,0,,1
2025-10-02 00:22:57,356.76,0.309,225.61,0.4567,1.3703,226.27,228.2,222.37,390.64,393.05,388.54,390.89,0.0,1.3703,0.0,0,0.309,0,0.0443,0,0.0443,0,0.3127,0,0.3127,0,0.9899,1,0.9899,1,49.9,447.69,262.54,0,1,2025-10-02 00:22:57,17.9,93.4,,0,0,,1
2025-10-02 00:23:42,356.76,0.309,225.63,0.4561,1.3685,226.45,228.53,221.92,390.75,392.57,389.01,390.68,0.0,1.3685,0.0,0,0.309,0,0.0447,0,0.0447,0,0.3127,0,0.3127,0,0.9896,1,0.9896,1,49.9,447.69,262.54,0,1,2025-10-02 00:23:42,18.0,93.7,,0,0,,1
2025-10-02 00:24:27,356.77,0.3087,225.7,0.4554,1.3664,226.52,228.49,222.11,391.07,392.64,389.01,390.9,0.0,1.3664,0.0,0,0.3087,0,0.0449,0,0.0449,0,0.3122,0,0.3122,0,0.9895,1,0.9895,1,49.9,447.69,262.54,0,1,2025-10-02 00:24:27,18.1,94,,0,0,,1
2025-10-02 00:25:12,356.77,0.3089,225.96,0.456,1.3682,226.24,228.46,223.18,391.24,393.49,389.33,391.34,0.0,1.3682,0.0,0,0.3089,0,0.0446,0,0.0446,0,0.3126,0,0.3126,0,0.9897,1,0.9897,1,50,447.7,262.54,0,1,2025-10-02 00:25:12,18.2,94.1,,0,0,,1
2025-10-02 00:25:57,356.78,3.3726,225.01,6.5845,19.753700000000002,225.49,227.55,222,389.35,391.83,387.94,389.55,6.7208,7.3643,5.6686,1.2095,1.2908,0.8723,2.8831,0.9115,1.0654,0.9062,4.4496,1.5155,1.6757,1.2584,0.7601,0.7986,0.7712,0.6934,50,447.72,262.55,1,1,2025-10-02 00:25:57,18.3,94.4,,1,0,,0
2025-10-02 00:26:42,356.83,3.5228,225.18,6.7563,20.2691,225.62,227.76,222.18,390.1,391.87,388.07,390.01,6.8769,7.5683,5.8239,1.257,1.3483,0.9175,2.891,0.9083,1.0709,0.9118,4.5693,1.5516,1.7238,1.294,0.773,0.8105,0.783,0.7093,50,447.77,262.58,1,1,2025-10-02 00:26:42,18.3,93.2,,1,0,,0
2025-10-02 00:27:27,356.87,3.4835,225.3,6.7072,20.1217,225.93,227.78,222.2,389.9,392.84,387.88,390.17,6.811,7.5414,5.7693,1.2446,1.3385,0.9003,2.8883,0.9034,1.0732,0.9117,4.5385,1.5388,1.7178,1.2819,0.7698,0.8093,0.7801,0.7026,50,447.83,262.62,1,1,2025-10-02 00:27:27,18.2,90.2,,1,0,,0
2025-10-02 00:28:12,356.92,3.4747,225.03,6.695,20.0851,225.96,228.01,221.14,390.15,392.09,386.99,390.45,6.7646,7.5765,5.744,1.2432,1.345,0.8865,2.8761,0.8872,1.0803,0.9086,4.5263,1.5285,1.7275,1.2702,0.7703,0.8139,0.7796,0.6983,50,447.89,262.66,1,1,2025-10-02 00:28:12,18.0,87.4,,1,0,,0
2025-10-02 00:28:57,356.96,3.4743,225.85,6.7014,20.1042,226.74,228.51,222.3,391.25,393.57,388.64,390.61,6.8102,7.5762,5.7178,1.2503,1.3383,0.8857,2.9108,0.9047,1.095,0.911,4.5464,1.5441,1.7312,1.2711,0.7665,0.8101,0.7739,0.697,50,447.94,262.69,1,1,2025-10-02 00:28:57,17.8,85,,1,0,,0
2025-10-02 00:29:42,357,3.4832,225.71,6.7104,20.1312,226.63,228.25,222.27,390.9,393.2,388.66,390.87,6.8459,7.5147,5.7706,1.2498,1.3299,0.9035,2.9075,0.9178,1.08,0.9097,4.5493,1.5515,1.7152,1.2826,0.7676,0.806,0.7762,0.7046,50,448,262.73,1,1,2025-10-02 00:29:42,17.6,83.2,,1,0,,0
2025-10-02 00:30:27,357.05,3.4601,225.71,6.6889,20.0669,226.29,228.17,222.67,390.86,393.07,388.82,390.87,6.8216,7.4938,5.7515,1.2393,1.3237,0.8971,2.912,0.9191,1.0794,0.9135,4.5342,1.5437,1.7099,1.2807,0.7651,0.8031,0.7749,0.7006,49.9,448.06,262.77,1,1,2025-10-02 00:30:27,17.4,81.6,,1,0,,0
2025-10-02 00:31:12,357.09,3.4759,225.88,6.7074,20.1222,226.08,228.38,223.2,390.97,393.74,388.96,391.22,6.8435,7.4876,5.7911,1.2391,1.3283,0.9086,2.9168,0.9248,1.0735,0.9185,4.5498,1.5472,1.71,1.2926,0.766,0.8013,0.7777,0.7032,49.9,448.11,262.8,1,1,2025-10-02 00:31:12,17.1,80.7,,1,0,,0
2025-10-02 00:31:57,357.13,3.458,226.05,6.6899,20.0698,226.19,228.54,223.43,391.32,393.8,389.42,391.38,6.8193,7.4825,5.768,1.2334,1.3248,0.8998,2.9243,0.9247,1.078,0.9217,4.5413,1.5425,1.7101,1.2887,0.7635,0.8001,0.7756,0.6985,49.9,448.17,262.84,1,1,2025-10-02 00:31:57,16.9,79.9,,1,0,,0
2025-10-02 00:32:42,357.18,3.4654,226.15,6.6952,20.0858,225.7,228.8,223.97,391.15,394.33,389.6,391.74,6.8083,7.4581,5.8194,1.2247,1.3294,0.9113,2.9239,0.9265,1.0665,0.9309,4.5464,1.5366,1.7064,1.3034,0.7642,0.7975,0.78,0.6995,50,448.23,262.88,1,1,2025-10-02 00:32:42,16.7,78.3,,1,0,,0
2025-10-02 00:33:27,357.22,3.4821,226.37,6.7204,20.1612,226.38,228.99,223.74,391.53,394.88,389.77,392.13,6.8406,7.5592,5.7614,1.2446,1.34,0.8975,2.9365,0.9198,1.0922,0.9245,4.5686,1.5486,1.731,1.2891,0.7644,0.8042,0.7751,0.6965,50,448.29,262.91,1,1,2025-10-02 00:33:27,16.6,77.9,,1,0,,0
2025-10-02 00:34:12,357.26,3.4835,226.3,6.7172,20.151699999999998,225.78,228.87,224.26,391.14,394.9,389.81,391.95,6.8378,7.5043,5.8096,1.2345,1.3371,0.9119,2.9298,0.9255,1.0745,0.9298,4.5642,1.5438,1.7175,1.3029,0.7653,0.8001,0.7798,0.6997,50,448.34,262.95,1,1,2025-10-02 00:34:12,16.5,78.1,,1,0,,0
2025-10-02 00:35:42,357.35,3.4581,226.37,6.6889,20.0668,226.5,228.85,223.78,392.32,393.91,390.02,392.11,6.8109,7.5414,5.7145,1.2399,1.3328,0.8854,2.9311,0.916,1.0945,0.9207,4.5473,1.5427,1.7258,1.2788,0.7628,0.8042,0.773,0.6937,50,448.46,263.02,1,1,2025-10-02 00:35:42,16.2,75.6,,1,0,,0
2025-10-02 00:36:27,357.39,3.4734,226.65,6.7057,20.1173,226.44,228.53,225,392.1,394.91,390.68,392.62,6.826,7.494,5.7973,1.2312,1.331,0.9112,2.9403,0.9331,1.0745,0.9327,4.5627,1.5457,1.7126,1.3044,0.7632,0.7969,0.778,0.6988,50,448.51,263.06,1,1,2025-10-02 00:36:27,16.0,74.1,,1,0,,0
2025-10-02 00:37:12,357.44,3.4461,226.13,6.6719,20.015700000000002,226.16,227.73,224.5,392,393.3,389.67,391.63,6.8154,7.4844,5.7159,1.2322,1.3189,0.895,2.9212,0.9258,1.0765,0.9189,4.529,1.5414,1.7044,1.2832,0.7628,0.7992,0.7747,0.6977,50,448.57,263.1,1,1,2025-10-02 00:37:12,15.9,75.5,,1,0,,0
2025-10-02 00:38:42,357.52,3.4564,225.7,6.6759,20.0277,226.31,227.33,223.46,390.96,392.96,388.79,390.9,6.8533,7.4773,5.6971,1.2449,1.3144,0.8971,2.9013,0.9237,1.0749,0.9027,4.5239,1.551,1.6998,1.2731,0.7659,0.803,0.7741,0.7049,50,448.68,263.17,1,1,2025-10-02 00:38:42,15.7,75,,1,0,,0
2025-10-02 00:39:27,357.57,3.448,225.39,6.6644,19.993399999999998,226.02,227.39,222.76,390.64,392.44,388.02,390.36,6.8096,7.5095,5.6743,1.2419,1.3213,0.8848,2.8884,0.9076,1.0787,0.902,4.5107,1.5391,1.7076,1.264,0.7665,0.8073,0.7746,0.7002,50,448.74,263.2,1,1,2025-10-02 00:39:27,15.6,74.2,,1,0,,0
2025-10-02 00:40:12,357.61,3.4498,225.78,6.6633,19.9899,226.7,227.5,223.16,391.38,393.4,388.36,390.96,6.8409,7.511,5.638,1.2513,1.3164,0.8822,2.8971,0.9146,1.0864,0.8961,4.5178,1.5508,1.7088,1.2582,0.7657,0.8073,0.7712,0.7015,50,448.8,263.24,1,1,2025-10-02 00:40:12,15.5,74.4,,1,0,,0
2025-10-02 00:40:57,357.65,3.4364,225.63,6.6465,19.939500000000002,226.75,227.01,223.13,391.2,392.37,388.77,390.82,6.8238,7.4639,5.6518,1.2432,1.3062,0.8869,2.8917,0.9197,1.0763,0.8958,4.5028,1.5473,1.6944,1.2611,0.7651,0.8039,0.7717,0.7035,50,448.85,263.28,1,1,2025-10-02 00:40:57,15.4,73.9,,1,0,,0
2025-10-02 00:41:42,357.67,0.3145,226.28,0.4642,1.3927,227.16,228.12,223.56,392.17,393.99,389.56,391.86,0.0,1.3927,0.0,0,0.3145,0,0.0421,0,0.0421,0,0.3177,0,0.3177,0,0.9911,1,0.9911,1,50,448.87,263.29,0,1,2025-10-02 00:41:42,15.3,74.1,,0,0,,1
2025-10-02 00:42:27,357.67,0.3115,226.15,0.4595,1.3785,226.66,227.57,224.22,391.87,393.14,390.06,391.69,0.0,1.3785,0.0,0,0.3103,0,0.0428,0,0.0428,0,0.3137,0,0.3137,0,0.9906,1,0.9906,1,50,448.88,263.29,0,1,2025-10-02 00:42:27,15.3,77.4,,0,0,,1
2025-10-02 00:43:12,357.68,0.311,226.57,0.4597,1.3793,227.47,228.02,224.23,392.78,394.13,390.35,391.73,0.0,1.3793,0.0,0,0.311,0,0.0438,0,0.0438,0,0.3145,0,0.3145,0,0.9902,1,0.9902,1,50,448.88,263.29,0,1,2025-10-02 00:43:12,15.5,79.8,,0,0,,1
2025-10-02 00:43:57,357.68,0.3113,226.79,0.4592,1.3776,227.43,228.67,224.27,393.14,394.54,390.71,392.79,0.0,1.3776,0.0,0,0.3113,0,0.0446,0,0.0446,0,0.315,0,0.315,0,0.9898,1,0.9898,1,50,448.89,263.29,0,1,2025-10-02 00:43:57,15.7,82.3,,0,0,,1
2025-10-02 00:44:42,357.68,0.3123,227.23,0.4596,1.379,228.06,229.23,224.42,393.41,395.52,391.76,393.55,0.0,1.379,0.0,0,0.3123,0,0.0455,0,0.0455,0,0.3161,0,0.3161,0,0.9895,1,0.9895,1,50,448.89,263.29,0,1,2025-10-02 00:44:42,15.9,85,,0,0,,1
2025-10-02 00:45:27,357.69,0.3127,226.92,0.4594,1.3782,227.19,229.74,223.84,393.01,394.93,391.12,392.97,0.0,1.3782,0.0,0,0.3127,0,0.0462,0,0.0462,0,0.3166,0,0.3166,0,0.9892,1,0.9892,1,50,448.89,263.29,0,1,2025-10-02 00:45:27,16.1,86.9,,0,0,,1
2025-10-02 00:46:12,357.69,0.3123,226.86,0.4589,1.3769,226.8,229.64,224.14,392.85,394.94,390.95,392.91,0.0,1.3769,0.0,0,0.3123,0,0.0462,0,0.0462,0,0.3162,0,0.3162,0,0.9892,1,0.9892,1,50,448.9,263.29,0,1,2025-10-02 00:46:12,16.3,87.8,,0,0,,1
2025-10-02 00:46:57,357.7,0.3115,227.09,0.4587,1.3763,227.19,229.08,225,392.7,395.75,391.47,393.32,0.0,1.3763,0.0,0,0.3115,0,0.0454,0,0.0454,0,0.3153,0,0.3153,0,0.9895,1,0.9895,1,50,448.9,263.29,0,1,2025-10-02 00:46:57,16.5,88.5,,0,0,,1
2025-10-02 00:47:42,357.7,0.3103,226.44,0.4574,1.3724,227.06,228.8,223.46,392.73,394.25,389.58,393.04,0.0,1.3724,0.0,0,0.3103,0,0.0451,0,0.0451,0,0.314,0,0.314,0,0.9896,1,0.9896,1,50,448.91,263.29,0,1,2025-10-02 00:47:42,16.7,89.4,,0,0,,1
2025-10-02 00:48:27,357.7,0.3098,226.76,0.4575,1.3725,227.97,228.37,223.94,393.08,394.48,390.64,392.8,0.0,1.3725,0.0,0,0.3098,0,0.0444,0,0.0444,0,0.3134,0,0.3134,0,0.9898,1,0.9898,1,50,448.91,263.29,0,1,2025-10-02 00:48:27,16.8,90.2,,0,0,,1
2025-10-02 00:49:12,357.71,0.3094,226.82,0.4571,1.3714,228.63,228.26,223.57,393.5,394.01,391.01,392.89,0.0,1.3714,0.0,0,0.3094,0,0.0445,0,0.0445,0,0.313,0,0.313,0,0.9897,1,0.9897,1,50,448.91,263.29,0,1,2025-10-02 00:49:12,17.0,91.4,,0,0,,1
2025-10-02 00:49:57,357.71,0.3093,226.86,0.457,1.3711,230.16,228.18,222.26,393.96,393.84,390.9,392.94,0.0,1.3711,0.0,0,0.3093,0,0.0441,0,0.0441,0,0.3129,0,0.3129,0,0.9899,1,0.9899,1,50,448.92,263.3,0,1,2025-10-02 00:49:57,17.2,91.9,,0,0,,1
2025-10-02 00:50:42,357.72,0.3107,227.08,0.458,1.3742,229.2,228.71,223.33,393.77,394.58,391.5,393.29,0.0,1.3742,0.0,0,0.3107,0,0.0445,0,0.0445,0,0.3143,0,0.3143,0,0.9899,1,0.9899,1,50,448.92,263.3,0,1,2025-10-02 00:50:42,17.3,92.3,,0,0,,1
2025-10-02 00:51:27,357.72,0.3115,227.66,0.4579,1.3738,229.32,229.48,224.18,394.94,395.25,392.7,394.27,0.0,1.3738,0.0,0,0.3115,0,0.0453,0,0.0453,0,0.3153,0,0.3153,0,0.9895,1,0.9895,1,50,448.93,263.3,0,1,2025-10-02 00:51:27,17.5,92.7,,0,0,,1
2025-10-02 00:52:12,357.72,0.3109,227.71,0.4577,1.3733,230.08,229.19,223.86,395.14,395.22,392.77,394.41,0.0,1.3733,0.0,0,0.3109,0,0.0454,0,0.0454,0,0.3147,0,0.3147,0,0.9894,1,0.9894,1,50,448.93,263.3,0,1,2025-10-02 00:52:12,17.6,93,,0,0,,1
2025-10-02 00:52:57,357.73,0.3103,227.62,0.457,1.3712,230.2,229.04,223.62,395.03,395.15,392.47,394.19,0.0,1.3712,0.0,0,0.3103,0,0.0452,0,0.0452,0,0.3141,0,0.3141,0,0.9895,1,0.9895,1,50,448.93,263.3,0,1,2025-10-02 00:52:57,17.8,93.7,,0,0,,1
2025-10-02 00:53:42,357.73,0.31,227.43,0.4568,1.3706,230.47,228.93,222.9,394.78,394.87,392,393.88,0.0,1.3706,0.0,0,0.31,0,0.045,0,0.045,0,0.3138,0,0.3138,0,0.9896,1,0.9896,1,50,448.94,263.3,0,1,2025-10-02 00:53:42,17.9,94.2,,0,0,,1
2025-10-02 00:54:27,357.73,0.3097,226.42,0.4569,1.3709,229.26,228.49,221.51,392.96,393.87,389.53,392.15,0.0,1.3709,0.0,0,0.3097,0,0.0437,0,0.0437,0,0.3132,0,0.3132,0,0.9902,1,0.9902,1,50,448.94,263.3,0,1,2025-10-02 00:54:27,18.1,94.2,,0,0,,1
2025-10-02 00:55:12,357.74,0.311,226.68,0.4578,1.3735,229.05,229,222.01,393.54,394.35,389.89,392.51,0.0,1.3735,0.0,0,0.311,0,0.0438,0,0.0438,0,0.3145,0,0.3145,0,0.9902,1,0.9902,1,50.1,448.94,263.3,0,1,2025-10-02 00:55:12,18.2,94.4,,0,0,,1
2025-10-02 00:56:42,357.82,3.5075,226.17,6.7424,20.2273,227.69,228.36,222.46,392.05,393.87,389.18,391.8,6.8683,7.6184,5.7406,1.269,1.343,0.8955,2.9242,0.9122,1.1024,0.9096,4.5806,1.5638,1.7397,1.2771,0.768,0.8119,0.7729,0.7015,50,449.05,263.36,1,1,2025-10-02 00:56:42,18.2,91.7,,1,0,,0
2025-10-02 00:58:12,357.9,3.4765,226.48,6.7061,20.118299999999998,228.42,228.65,222.39,393.19,393.79,389.78,392.29,6.8585,7.5837,5.6761,1.2684,1.3278,0.8804,2.9338,0.918,1.1119,0.9039,4.5629,1.5666,1.734,1.2623,0.7642,0.81,0.7666,0.6977,50,449.16,263.44,1,1,2025-10-02 00:58:12,17.8,85.8,,1,0,,0
2025-10-02 00:58:57,357.95,3.4841,226.6,6.716,20.148,229.06,228.05,222.71,392.99,393.96,390.42,392.46,6.9012,7.5812,5.6656,1.2781,1.3198,0.8862,2.9403,0.929,1.1137,0.8976,4.5715,1.5808,1.7289,1.2618,0.7642,0.8088,0.7642,0.7025,50,449.22,263.48,1,1,2025-10-02 00:58:57,17.6,83.8,,1,0,,0
2025-10-02 00:59:42,357.99,3.4993,226.93,6.7408,20.2226,228.88,228.15,223.77,393.42,394.45,391.23,392.97,6.9574,7.5514,5.7138,1.2787,1.317,0.9036,2.9594,0.9477,1.1078,0.9039,4.5938,1.5924,1.7229,1.2786,0.7635,0.8034,0.7652,0.7069,50,449.27,263.51,1,1,2025-10-02 00:59:42,17.4,81.9,,1,0,,0
2025-10-02 01:00:27,358.03,3.5015,227.67,6.7517,20.2553,230.28,228.43,224.31,395.12,395.05,392.77,394.31,7.0376,7.5531,5.6646,1.2977,1.3029,0.9009,2.9922,0.9693,1.1278,0.8951,4.6166,1.6206,1.7254,1.2706,0.7602,0.8011,0.756,0.7094,50,449.33,263.55,1,1,2025-10-02 01:00:27,17.2,79.8,,1,0,,0
2025-10-02 01:01:12,358.08,3.4976,227.6,6.7494,20.2482,229.63,228.62,224.56,394.87,395.13,392.59,394.12,7.0085,7.5371,5.7026,1.2852,1.3071,0.9052,2.9907,0.9668,1.1192,0.9046,4.6131,1.6094,1.7231,1.2806,0.76,0.7991,0.7595,0.7073,50,449.39,263.58,1,1,2025-10-02 01:01:12,17.0,79.1,,1,0,,0
2025-10-02 01:01:57,358.12,3.4732,226.94,6.7145,20.1436,228.55,228.44,223.85,393.93,393.75,391.52,393.08,6.9681,7.4737,5.7018,1.2701,1.3002,0.9029,2.9637,0.9593,1.1032,0.9012,4.5762,1.5926,1.7073,1.2763,0.7606,0.7979,0.7625,0.7077,50,449.45,263.62,1,1,2025-10-02 01:01:57,16.8,78.2,,1,0,,0
2025-10-02 01:02:42,358.16,3.4551,226.34,6.6834,20.0503,227.53,228.84,222.66,392.38,393.23,390.42,392.04,6.8554,7.4636,5.7313,1.2484,1.3117,0.895,2.9341,0.934,1.0909,0.9092,4.5439,1.5598,1.708,1.2761,0.7622,0.8007,0.7688,0.7014,50,449.5,263.66,1,1,2025-10-02 01:02:42,16.6,77.4,,1,0,,0
2025-10-02 01:03:27,358.21,3.477,226.51,6.7104,20.1314,227.96,228.92,222.66,392.44,393.83,390.63,392.26,6.8986,7.4909,5.7419,1.2609,1.3155,0.9006,2.9421,0.9384,1.0969,0.9068,4.5659,1.5726,1.7148,1.2785,0.7633,0.8022,0.768,0.7046,50,449.56,263.7,1,1,2025-10-02 01:03:27,16.4,75.7,,1,0,,0
2025-10-02 01:04:12,358.25,3.4664,226.43,6.6948,20.084400000000002,228.28,229.22,221.8,392.98,393.62,389.88,392.14,6.8974,7.5154,5.6716,1.2701,1.3138,0.8825,2.9367,0.9295,1.1113,0.8959,4.5552,1.5745,1.7227,1.258,0.7629,0.8069,0.7634,0.7017,50,449.62,263.73,1,1,2025-10-02 01:04:12,16.3,73.9,,1,0,,0
2025-10-02 01:04:57,358.3,3.4874,226.47,6.715,20.145,228.26,229.47,221.7,392.85,393.72,390.12,392.24,6.8588,7.5632,5.723,1.2673,1.3323,0.8878,2.9326,0.9178,1.109,0.9058,4.5699,1.5656,1.7355,1.2688,0.7653,0.8099,0.7685,0.6999,50,449.68,263.77,1,1,2025-10-02 01:04:57,16.1,74.3,,1,0,,0
2025-10-02 01:05:42,358.34,3.4706,226.81,6.7055,20.1167,229.44,229.15,221.85,393.94,394.23,390.26,392.79,6.8952,7.5768,5.6447,1.2798,1.3167,0.8741,2.9536,0.9287,1.1287,0.8962,4.5705,1.582,1.7362,1.2523,0.7615,0.8093,0.7592,0.6982,50,449.73,263.81,1,1,2025-10-02 01:05:42,15.9,73.7,,1,0,,0
2025-10-02 01:06:27,358.38,3.4635,227.04,6.7,20.1,229.5,229.1,222.54,394.42,394.02,391.25,393.18,6.951,7.5208,5.6282,1.2829,1.3011,0.8796,2.9652,0.947,1.1269,0.8913,4.5708,1.5953,1.723,1.2525,0.7596,0.8045,0.7558,0.7024,50,449.79,263.84,1,1,2025-10-02 01:06:27,15.8,73.8,,1,0,,0
2025-10-02 01:07:12,358.42,3.4514,227.38,6.6879,20.063699999999997,230.02,229.13,222.99,394.8,394.6,392,393.84,6.925,7.4884,5.6503,1.2737,1.2948,0.8829,2.9767,0.9554,1.1229,0.8984,4.5687,1.5929,1.7158,1.26,0.7572,0.7999,0.7554,0.7009,50,449.85,263.88,1,1,2025-10-02 01:07:12,15.7,73.3,,1,0,,0
2025-10-02 01:07:57,358.46,0.3181,228.23,0.4664,1.3993,230.93,229.78,223.99,396.41,395.65,393.8,395.3,0.0,1.3993,0.0,0,0.3181,0,0.0439,0,0.0439,0,0.3215,0,0.3215,0,0.9906,1,0.9906,1,50,449.9,263.91,0,1,2025-10-02 01:07:57,15.6,72.8,,0,0,,1
2025-10-02 01:08:42,358.47,0.3142,227.8,0.4621,1.3863,230.45,229.2,223.75,395.17,395.07,393.34,394.48,0.0,1.3863,0.0,0,0.3142,0,0.0441,0,0.0441,0,0.3177,0,0.3177,0,0.9902,1,0.9902,1,50,449.91,263.92,0,1,2025-10-02 01:08:42,15.5,73,,0,0,,1
2025-10-02 01:09:27,358.47,0.3134,227.9,0.4608,1.3824,231.53,229.27,222.91,395.64,395.28,393.16,394.69,0.0,1.3824,0.0,0,0.3134,0,0.0443,0,0.0443,0,0.3169,0,0.3169,0,0.9901,1,0.9901,1,50,449.91,263.92,0,1,2025-10-02 01:09:27,15.5,77,,0,0,,1
2025-10-02 01:10:12,358.48,0.3136,227.63,0.4604,1.3812,231.19,229.76,221.95,395.56,395.02,392.1,394.29,0.0,1.3812,0.0,0,0.3136,0,0.0453,0,0.0453,0,0.3173,0,0.3173,0,0.9897,1,0.9897,1,50,449.91,263.92,0,1,2025-10-02 01:10:12,15.6,80.7,,0,0,,1
2025-10-02 01:10:57,358.48,0.3127,227.61,0.4596,1.379,231.5,229.42,221.93,395,395.05,392.49,394.2,0.0,1.379,0.0,0,0.3127,0,0.0452,0,0.0452,0,0.3164,0,0.3164,0,0.9897,1,0.9897,1,50,449.92,263.92,0,1,2025-10-02 01:10:57,15.8,83.8,,0,0,,1
2025-10-02 01:11:42,358.48,0.3131,227.07,0.4587,1.3763,230.19,229.31,221.73,394.49,394.73,390.56,393.27,0.0,1.3763,0.0,0,0.3119,0,0.0449,0,0.0449,0,0.3156,0,0.3156,0,0.9898,1,0.9897,1,50,449.92,263.92,0,1,2025-10-02 01:11:42,16.0,85.9,,0,0,,1
2025-10-02 01:12:27,358.49,0.3139,227.17,0.4598,1.3796,229.88,230.31,221.34,394.73,394.89,390.69,393.48,0.0,1.3796,0.0,0,0.3139,0,0.0459,0,0.0459,0,0.3177,0,0.3177,0,0.9894,1,0.9894,1,50,449.92,263.92,0,1,2025-10-02 01:12:27,16.2,87.9,,0,0,,1
2025-10-02 01:13:12,358.49,0.3123,227.21,0.4588,1.3764,230.02,229.62,221.99,395.02,394.3,391.2,393.53,0.0,1.3764,0.0,0,0.3123,0,0.0452,0,0.0452,0,0.316,0,0.316,0,0.9896,1,0.9896,1,50,449.93,263.92,0,1,2025-10-02 01:13:12,16.5,89.1,,0,0,,1
2025-10-02 01:13:57,358.5,0.3124,227.28,0.4582,1.3748,229.84,230.03,221.99,394.92,394.96,391.01,393.67,0.0,1.3748,0.0,0,0.3124,0,0.046,0,0.046,0,0.3162,0,0.3162,0,0.9893,1,0.9893,1,50,449.93,263.92,0,1,2025-10-02 01:13:57,16.6,89.9,,0,0,,1
2025-10-02 01:14:42,358.5,0.3134,227.62,0.459,1.377,229.96,230.45,222.46,395.15,395.74,391.75,394.19,0.0,1.377,0.0,0,0.3134,0,0.0464,0,0.0464,0,0.3173,0,0.3173,0,0.9892,1,0.9892,1,50,449.94,263.92,0,1,2025-10-02 01:14:42,16.8,90.8,,0,0,,1
2025-10-02 01:15:27,358.5,0.3143,227.64,0.4592,1.3776,229.78,230.15,223,394.86,395.78,392.11,394.28,0.0,1.3776,0.0,0,0.3132,0,0.0461,0,0.0461,0,0.3171,0,0.3171,0,0.9894,1,0.9893,1,50,449.94,263.92,0,1,2025-10-02 01:15:27,17.0,91.5,,0,0,,1
2025-10-02 01:16:12,358.51,0.3132,227.51,0.4588,1.3765,229.71,230.4,222.42,395.25,395.22,391.61,393.97,0.0,1.3765,0.0,0,0.3132,0,0.0464,0,0.0464,0,0.3171,0,0.3171,0,0.9891,1,0.9891,1,50,449.94,263.92,0,1,2025-10-02 01:16:12,17.1,92.1,,0,0,,1
2025-10-02 01:16:57,358.51,0.3139,228.36,0.4591,1.3775,231.72,230.83,222.53,397.17,395.91,393.4,395.51,0.0,1.3775,0.0,0,0.3139,0,0.0472,0,0.0472,0,0.318,0,0.318,0,0.9888,1,0.9888,1,50,449.95,263.92,0,1,2025-10-02 01:16:57,17.3,92.8,,0,0,,1
2025-10-02 01:17:42,358.52,0.3121,228.1,0.4581,1.3745,232.44,229.92,221.96,396.98,395.55,392.6,395,0.0,1.3745,0.0,0,0.3121,0,0.0464,0,0.0464,0,0.316,0,0.316,0,0.9891,1,0.9891,1,49.9,449.95,263.92,0,1,2025-10-02 01:17:42,17.5,93.2,,0,0,,1
2025-10-02 01:18:27,358.52,0.3126,228.11,0.4583,1.375,232.14,230.3,221.89,397.37,395.3,392.5,395.1,0.0,1.375,0.0,0,0.3126,0,0.047,0,0.047,0,0.3167,0,0.3167,0,0.9889,1,0.9889,1,50,449.96,263.92,0,1,2025-10-02 01:18:27,17.6,93.4,,0,0,,1
2025-10-02 01:19:12,358.52,0.3118,228.05,0.4574,1.3722,231.9,230.16,222.11,396.86,395.59,392.43,395.01,0.0,1.3722,0.0,0,0.3118,0,0.0468,0,0.0468,0,0.3158,0,0.3158,0,0.9889,1,0.9889,1,49.9,449.96,263.92,0,1,2025-10-02 01:19:12,17.7,93.8,,0,0,,1
2025-10-02 01:19:57,358.53,0.3139,228.08,0.4589,1.3769,231.56,230.94,221.74,396.65,396.58,391.73,394.97,0.0,1.3769,0.0,0,0.3139,0,0.0473,0,0.0473,0,0.318,0,0.318,0,0.9888,1,0.9888,1,50,449.96,263.92,0,1,2025-10-02 01:19:57,17.8,94,,0,0,,1
2025-10-02 01:20:42,358.53,0.3128,227.93,0.458,1.374,231.11,230.61,222.08,396.25,395.52,392.48,394.78,0.0,1.374,0.0,0,0.3128,0,0.0472,0,0.0472,0,0.3169,0,0.3169,0,0.9887,1,0.9887,1,50,449.97,263.92,0,1,2025-10-02 01:20:42,17.9,94.1,,0,0,,1
2025-10-02 01:21:27,358.54,0.3118,228.05,0.4575,1.3726,231.84,229.98,222.34,396.66,395.9,392.29,394.92,0.0,1.3726,0.0,0,0.3118,0,0.0459,0,0.0459,0,0.3157,0,0.3157,0,0.9893,1,0.9893,1,50,449.97,263.92,0,1,2025-10-02 01:21:27,18.1,94.2,,0,0,,1
2025-10-02 01:22:12,358.54,0.313,228.38,0.4585,1.3756,233.39,230.34,221.42,397.56,396.5,392.42,395.51,0.0,1.3756,0.0,0,0.313,0,0.0461,0,0.0461,0,0.3169,0,0.3169,0,0.9893,1,0.9893,1,50,449.98,263.93,0,1,2025-10-02 01:22:12,18.1,94.6,,0,0,,1
2025-10-02 01:22:57,358.54,0.3124,228.11,0.458,1.374,233.27,230.14,220.92,397.34,395.67,392.06,395.08,0.0,1.374,0.0,0,0.3124,0,0.0458,0,0.0458,0,0.3162,0,0.3162,0,0.9894,1,0.9894,1,50,449.98,263.93,0,1,2025-10-02 01:22:57,18.3,94.6,,0,0,,1
2025-10-02 01:23:42,358.55,3.3733,227.35,6.6188,19.8566,231.07,229.4,221.58,395.29,394.65,391.25,393.73,6.8602,7.5045,5.4919,1.2721,1.2696,0.8317,2.9928,0.9448,1.16,0.8881,4.5236,1.5852,1.7215,1.2169,0.748,0.8027,0.7382,0.6835,50,450,263.93,1,1,2025-10-02 01:23:42,18.4,94.6,,1,0,,0
2025-10-02 01:24:27,358.6,3.4938,227.48,6.7494,20.2484,231.45,229.63,221.36,395.58,395.28,390.97,393.88,6.9678,7.653,5.6276,1.3088,1.3158,0.8691,2.9937,0.9407,1.1614,0.8916,4.6158,1.6127,1.7574,1.2457,0.7593,0.812,0.7497,0.698,50,450.05,263.97,1,1,2025-10-02 01:24:27,18.4,94,,1,0,,0
2025-10-02 01:25:12,358.64,3.5151,227.52,6.7749,20.3249,231.11,230.1,221.36,395.9,394.99,391.21,393.98,6.9921,7.6914,5.6414,1.3158,1.328,0.8712,2.9969,0.9366,1.1665,0.8938,4.6345,1.6159,1.7698,1.2488,0.7609,0.8146,0.7513,0.6979,50,450.11,264.01,1,1,2025-10-02 01:25:12,18.3,92.5,,1,0,,0
2025-10-02 01:25:57,358.69,3.4994,226.83,6.7498,20.2495,229.71,229.62,221.16,394.17,394.29,390.04,392.88,6.9342,7.6752,5.6401,1.2994,1.333,0.867,2.9658,0.92,1.1497,0.8961,4.6026,1.5929,1.7624,1.2474,0.7628,0.8161,0.7572,0.6953,50,450.17,264.05,1,1,2025-10-02 01:25:57,18.3,90.7,,1,0,,0
2025-10-02 01:26:42,358.73,3.4947,226.97,6.7466,20.2398,229.63,229.93,221.35,394.28,395.02,389.91,393.05,6.9026,7.6663,5.6709,1.2899,1.3361,0.8687,2.971,0.9195,1.1463,0.9052,4.603,1.585,1.7627,1.2553,0.7618,0.8142,0.7589,0.6924,50,450.23,264.08,1,1,2025-10-02 01:26:42,18.2,88.9,,1,0,,0
2025-10-02 01:27:27,358.78,3.5177,226.89,6.7703,20.3111,229.23,229.46,221.99,393.38,394.73,390.71,392.94,6.9395,7.663,5.7086,1.2924,1.3397,0.8856,2.9679,0.9263,1.1358,0.9058,4.6163,1.5907,1.7584,1.2673,0.7643,0.8127,0.7627,0.6991,49.9,450.29,264.12,1,1,2025-10-02 01:27:27,18.1,88.6,,1,0,,0
2025-10-02 01:28:12,358.82,3.5058,226.97,6.7526,20.2579,229.34,229.6,221.98,394.15,394.57,390.54,393.11,6.9027,7.643,5.7122,1.2845,1.338,0.8833,2.9659,0.9242,1.1325,0.9092,4.6059,1.5831,1.7548,1.268,0.7634,0.8117,0.7632,0.6968,50,450.34,264.16,1,1,2025-10-02 01:28:12,18.0,87.1,,1,0,,0
2025-10-02 01:28:57,358.86,3.4778,226.97,6.7211,20.1635,229.37,229.56,221.99,394.12,394.41,390.74,393.03,6.8652,7.6146,5.6837,1.2747,1.3294,0.8737,2.9648,0.9233,1.1319,0.9096,4.5844,1.5747,1.748,1.2617,0.761,0.8098,0.7614,0.6927,50,450.4,264.19,1,1,2025-10-02 01:28:57,17.9,85.4,,1,0,,0
2025-10-02 01:29:42,358.9,3.4697,227.28,6.7121,20.1363,230.7,229.11,222.03,394.23,395.49,391.06,393.61,6.8983,7.6056,5.6324,1.2871,1.3139,0.8687,2.9752,0.9347,1.1415,0.8989,4.5845,1.5914,1.7425,1.2506,0.7591,0.8091,0.7549,0.6948,50,450.46,264.23,1,1,2025-10-02 01:29:42,17.8,84.4,,1,0,,0
2025-10-02 01:30:27,358.95,3.4825,227.34,6.7291,20.1873,230.74,229.77,221.53,394.97,395.09,391.09,393.71,6.8942,7.6385,5.6546,1.2901,1.3246,0.8678,2.9803,0.9294,1.1483,0.9026,4.5985,1.5908,1.7551,1.2527,0.7597,0.8113,0.7555,0.693,50,450.51,264.27,1,1,2025-10-02 01:30:27,17.6,82.7,,1,0,,0
2025-10-02 01:31:12,358.99,3.506,227.09,6.7561,20.2683,230.39,229.61,221.28,394.45,394.74,390.65,393.33,6.8959,7.6979,5.6745,1.2953,1.3399,0.8709,2.9717,0.9186,1.1494,0.9037,4.6119,1.5887,1.7675,1.2557,0.7628,0.8156,0.759,0.6939,50,450.57,264.31,1,1,2025-10-02 01:31:12,17.5,81.8,,1,0,,0
2025-10-02 01:31:57,359.04,3.5165,227.2,6.7711,20.313299999999998,230.12,228.68,222.81,394.27,395.06,391.11,393.51,7.0275,7.6381,5.6477,1.3093,1.3195,0.8878,2.9799,0.9477,1.1413,0.8909,4.6222,1.6172,1.7467,1.2584,0.7629,0.81,0.7563,0.7058,50,450.63,264.34,1,1,2025-10-02 01:31:57,17.3,81.2,,1,0,,0
2025-10-02 01:32:42,359.08,3.5238,227.41,6.7812,20.3437,230.41,228.9,222.94,395.09,395.29,391.19,393.85,7.0199,7.6362,5.6876,1.3071,1.3224,0.8944,2.9896,0.9514,1.14,0.8982,4.6334,1.6175,1.7479,1.268,0.7625,0.8085,0.7573,0.7055,50,450.69,264.38,1,1,2025-10-02 01:32:42,17.2,81.8,,1,0,,0
2025-10-02 01:33:27,359.13,3.4711,227.54,6.726,20.1782,230,229.49,223.14,395.07,395.92,391.23,394.08,6.9246,7.6104,5.6432,1.2828,1.3168,0.8716,2.995,0.9424,1.1444,0.9082,4.5984,1.5927,1.7465,1.2592,0.7571,0.8059,0.7547,0.6924,50,450.75,264.42,1,1,2025-10-02 01:33:27,17.1,81,,1,0,,0
2025-10-02 01:34:12,359.17,3.4751,227.39,6.7238,20.171599999999998,230.56,228.98,222.64,395.17,395.09,391.18,393.89,6.9327,7.6105,5.6284,1.2902,1.3126,0.8724,2.9847,0.9423,1.1434,0.899,4.5942,1.5984,1.7427,1.2531,0.7586,0.8075,0.754,0.6964,50,450.8,264.46,1,1,2025-10-02 01:34:12,17.0,80.2,,1,0,,0
2025-10-02 01:34:57,359.21,3.5014,228.25,6.7632,20.2896,231.83,230.36,222.57,396.92,396.79,392.16,395.41,6.94,7.7042,5.6454,1.3043,1.33,0.8671,3.0213,0.9405,1.172,0.9088,4.6401,1.6089,1.7747,1.2565,0.7571,0.8111,0.7502,0.6903,50,450.86,264.49,1,1,2025-10-02 01:34:57,16.9,80.6,,1,0,,0
2025-10-02 01:35:42,359.25,3.4991,228.17,6.7617,20.2851,231.78,230.06,222.68,396.68,395.94,392.87,395.12,6.9711,7.6598,5.6542,1.3045,1.3198,0.8748,3.0212,0.9519,1.1646,0.9048,4.6371,1.6158,1.7622,1.2591,0.7568,0.8078,0.7498,0.695,50,450.92,264.53,1,1,2025-10-02 01:35:42,16.8,78.9,,1,0,,0
2025-10-02 01:36:27,359.3,3.4615,228.21,6.7118,20.1354,232.19,229.42,223.02,396.63,395.98,393.06,395.26,6.9884,7.5673,5.5797,1.3023,1.2901,0.8692,3.0159,0.9669,1.1591,0.8899,4.6031,1.6226,1.7361,1.2444,0.7539,0.8028,0.7438,0.6987,50,450.98,264.57,1,1,2025-10-02 01:36:27,16.7,76.9,,1,0,,0
2025-10-02 01:37:12,359.34,3.4634,228.21,6.7214,20.1642,232.01,229.71,222.93,397.01,396.12,392.57,395.23,6.9817,7.5791,5.6034,1.2994,1.2945,0.8695,3.0227,0.9657,1.161,0.896,4.61,1.6198,1.741,1.2492,0.7534,0.8026,0.7444,0.6963,50,451.03,264.61,1,1,2025-10-02 01:37:12,16.5,73.7,,1,0,,0
2025-10-02 01:37:57,359.38,3.4588,228.22,6.7135,20.1405,232.41,229.86,222.4,397.11,396.09,392.52,395.24,6.9825,7.5829,5.5751,1.3045,1.2919,0.8625,3.0218,0.9641,1.1674,0.8903,4.6057,1.6228,1.743,1.2399,0.753,0.8042,0.7419,0.6957,50,451.09,264.64,1,1,2025-10-02 01:37:57,16.3,72.8,,1,0,,0
2025-10-02 01:38:42,359.43,3.4498,228.32,6.7047,20.1143,232.57,230.3,222.11,397.15,396.64,392.44,395.41,6.9453,7.609,5.56,1.3017,1.2966,0.8515,3.023,0.9544,1.1753,0.8933,4.6026,1.6153,1.7524,1.2349,0.752,0.8064,0.7409,0.6899,50,451.15,264.68,1,1,2025-10-02 01:38:42,16.1,72.4,,1,0,,0
2025-10-02 01:39:27,359.47,3.4603,228.07,6.7169,20.1508,231.78,230.35,222.08,396.95,395.81,392.18,394.97,6.9621,7.6158,5.5729,1.3024,1.3028,0.8551,3.0174,0.9513,1.172,0.894,4.6056,1.6137,1.7543,1.2376,0.7536,0.8075,0.7434,0.6911,50,451.21,264.72,1,1,2025-10-02 01:39:27,15.9,72.2,,1,0,,0
2025-10-02 01:40:12,359.51,3.4429,227.71,6.6892,20.0676,230.74,230.58,221.81,395.96,395.83,391.27,394.31,6.8672,7.6037,5.5967,1.2804,1.3132,0.8493,2.9953,0.932,1.1586,0.9047,4.5792,1.5845,1.7533,1.2414,0.7544,0.8084,0.7498,0.6844,50,451.26,264.76,1,1,2025-10-02 01:40:12,15.8,72.1,,1,0,,0
2025-10-02 01:40:57,359.56,3.4312,227.77,6.6753,20.0259,230.69,230.86,221.77,396.19,395.8,391.42,394.42,6.8458,7.5905,5.5896,1.2753,1.3109,0.8451,2.9961,0.9301,1.1598,0.9062,4.5712,1.5793,1.7523,1.2396,0.7532,0.8079,0.7489,0.682,50,451.32,264.79,1,1,2025-10-02 01:40:57,15.7,72.1,,1,0,,0
2025-10-02 01:41:42,359.58,0.3201,228.66,0.466,1.3981,231.99,231.68,222.31,397.92,397.15,392.93,396.01,0.0,1.3981,0.0,0,0.3201,0,0.046,0,0.046,0,0.3239,0,0.3239,0,0.9898,1,0.9898,1,50,451.35,264.81,0,1,2025-10-02 01:41:42,15.5,72.9,,0,0,,1
2025-10-02 01:42:27,359.58,0.3184,228.15,0.4622,1.3866,231.28,231.34,221.84,396.87,396.72,391.77,395.1,0.0,1.3866,0.0,0,0.3174,0,0.0462,0,0.0462,0,0.3208,0,0.3208,0,0.9896,1,0.9893,1,50,451.35,264.81,0,1,2025-10-02 01:42:27,15.5,76.1,,0,0,,1
2025-10-02 01:43:12,359.59,0.3151,227.98,0.4614,1.3844,231.62,230.46,221.87,396.56,396.08,391.84,394.81,0.0,1.3844,0.0,0,0.3151,0,0.0456,0,0.0456,0,0.319,0,0.319,0,0.9897,1,0.9897,1,50,451.36,264.81,0,1,2025-10-02 01:43:12,15.6,78.8,,0,0,,1
2025-10-02 01:43:57,359.59,0.3135,228.34,0.4598,1.3795,233.5,229.9,221.64,397.6,396.33,392.36,395.4,0.0,1.3795,0.0,0,0.3135,0,0.0453,0,0.0453,0,0.3171,0,0.3171,0,0.9897,1,0.9897,1,50,451.36,264.81,0,1,2025-10-02 01:43:57,15.9,82.7,,0,0,,1
2025-10-02 01:44:42,359.59,0.3138,228.59,0.4596,1.3789,233.61,230.14,222.04,398.2,396.41,393.03,395.9,0.0,1.3789,0.0,0,0.3138,0,0.0456,0,0.0456,0,0.3173,0,0.3173,0,0.9896,1,0.9895,1,50,451.36,264.81,0,1,2025-10-02 01:44:42,16.1,84.7,,0,0,,1
2025-10-02 01:45:27,359.6,0.3155,228.63,0.4603,1.381,233.52,230.53,221.86,398.22,397,392.59,395.99,0.0,1.381,0.0,0,0.3145,0,0.0459,0,0.0459,0,0.3184,0,0.3184,0,0.9895,1,0.9895,1,50,451.37,264.81,0,1,2025-10-02 01:45:27,16.3,86.4,,0,0,,1
2025-10-02 01:46:12,359.6,0.3158,228.96,0.4607,1.3821,232.84,231.38,222.67,398.13,397.97,393.44,396.5,0.0,1.3821,0.0,0,0.3158,0,0.0469,0,0.0469,0,0.3198,0,0.3198,0,0.9891,1,0.9891,1,50,451.37,264.81,0,1,2025-10-02 01:46:12,16.5,87.6,,0,0,,1
2025-10-02 01:46:57,359.6,0.3162,229.46,0.4607,1.3821,233.66,231.84,222.89,399.16,398.43,394.54,397.34,0.0,1.3821,0.0,0,0.3162,0,0.0483,0,0.0483,0,0.3204,0,0.3204,0,0.9885,1,0.9885,1,50,451.38,264.82,0,1,2025-10-02 01:46:57,16.7,88.8,,0,0,,1
2025-10-02 01:47:42,359.61,0.3159,229.33,0.4606,1.3819,233.55,231.66,222.78,399.33,397.74,394.41,397.14,0.0,1.3819,0.0,0,0.3159,0,0.0482,0,0.0482,0,0.3201,0,0.3201,0,0.9885,1,0.9885,1,50,451.38,264.82,0,1,2025-10-02 01:47:42,16.9,90.1,,0,0,,1
2025-10-02 01:48:27,359.61,0.3163,229.57,0.4606,1.382,234.13,231.92,222.67,399.43,398.66,394.59,397.55,0.0,1.382,0.0,0,0.3163,0,0.0482,0,0.0482,0,0.3205,0,0.3205,0,0.9885,1,0.9885,1,50,451.38,264.82,0,1,2025-10-02 01:48:27,17.1,90.7,,0,0,,1
2025-10-02 01:49:12,359.62,0.3169,229.59,0.4608,1.3826,233.46,232.35,222.97,399.67,398.65,394.52,397.6,0.0,1.3826,0.0,0,0.3169,0,0.0487,0,0.0487,0,0.3212,0,0.3212,0,0.9884,1,0.9884,1,50,451.39,264.82,0,1,2025-10-02 01:49:12,17.2,91.1,,0,0,,1
2025-10-02 01:49:57,359.62,0.3162,229.36,0.4604,1.3813,233.44,231.92,222.74,399.01,398.48,394.14,397.2,0.0,1.3813,0.0,0,0.3162,0,0.0479,0,0.0479,0,0.3204,0,0.3204,0,0.9887,1,0.9887,1,50,451.39,264.82,0,1,2025-10-02 01:49:57,17.4,91.7,,0,0,,1
2025-10-02 01:50:42,359.62,0.3149,229.18,0.4596,1.3788,233.58,231.39,222.59,398.95,397.39,394.39,396.95,0.0,1.3788,0.0,0,0.3149,0,0.0475,0,0.0475,0,0.319,0,0.319,0,0.9888,1,0.9888,1,50,451.4,264.82,0,1,2025-10-02 01:50:42,17.5,92.4,,0,0,,1
2025-10-02 01:51:27,359.63,0.3145,228.86,0.4594,1.3784,234.09,231.12,221.39,399.22,396.41,393.43,396.32,0.0,1.3784,0.0,0,0.3145,0,0.0473,0,0.0473,0,0.3186,0,0.3186,0,0.9888,1,0.9888,1,50,451.4,264.82,0,1,2025-10-02 01:51:27,17.7,92.8,,0,0,,1
2025-10-02 01:52:12,359.63,0.3144,229.07,0.4593,1.378,235.64,231.06,220.51,400.23,396.48,393.34,396.68,0.0,1.378,0.0,0,0.3144,0,0.0467,0,0.0467,0,0.3184,0,0.3184,0,0.9891,1,0.9891,1,50,451.4,264.82,0,1,2025-10-02 01:52:12,17.8,93.1,,0,0,,1
2025-10-02 01:52:57,359.64,0.3146,228.94,0.4591,1.3774,235.67,231.36,219.8,399.94,396.45,392.97,396.46,0.0,1.3774,0.0,0,0.3146,0,0.0475,0,0.0475,0,0.3187,0,0.3187,0,0.9888,1,0.9888,1,50,451.41,264.82,0,1,2025-10-02 01:52:57,17.9,93.3,,0,0,,1
2025-10-02 01:53:42,359.64,0.314,228.99,0.4583,1.375,236.01,231.32,219.65,400.08,396.47,393.05,396.49,0.0,1.375,0.0,0,0.314,0,0.0473,0,0.0473,0,0.3181,0,0.3181,0,0.9888,1,0.9888,1,50,451.41,264.82,0,1,2025-10-02 01:53:42,18.0,93.6,,0,0,,1
2025-10-02 01:54:27,359.64,0.3155,229.67,0.4597,1.3791,235.78,231.82,221.41,400.34,398.37,394.41,397.75,0.0,1.3791,0.0,0,0.3155,0,0.0476,0,0.0476,0,0.3197,0,0.3197,0,0.9887,1,0.9887,1,50,451.42,264.82,0,1,2025-10-02 01:54:27,18.1,93.8,,0,0,,1
2025-10-02 01:55:12,359.65,0.3144,229.45,0.4588,1.3765,235.95,231.37,221.05,400.19,398.01,393.79,397.35,0.0,1.3765,0.0,0,0.3144,0,0.0475,0,0.0475,0,0.3185,0,0.3185,0,0.9887,1,0.9887,1,50,451.42,264.82,0,1,2025-10-02 01:55:12,18.2,94,,0,0,,1
2025-10-02 01:55:57,359.68,3.49,228.9,6.7674,20.3022,235.42,230.66,220.63,399.07,397.12,392.91,396.39,7.0592,7.7552,5.4878,1.3561,1.298,0.8359,3.063,0.9593,1.2283,0.8754,4.6615,1.6619,1.7888,1.2108,0.7515,0.8163,0.7263,0.6906,50,451.47,264.85,1,1,2025-10-02 01:55:57,18.3,93.7,,1,0,,0
2025-10-02 01:56:42,359.73,3.5514,228.43,6.8279,20.4837,233.08,231.16,221.06,398.08,396.91,391.76,395.52,7.0656,7.8263,5.5918,1.3534,1.3417,0.8563,3.0362,0.9364,1.2096,0.8902,4.6921,1.6469,1.8091,1.2361,0.76,0.8223,0.7427,0.6932,50,451.52,264.89,1,1,2025-10-02 01:56:42,18.2,91.6,,1,0,,0
2025-10-02 01:57:27,359.77,3.5082,228.37,6.7777,20.333099999999998,232.62,231.58,220.93,397.75,396.93,391.79,395.52,6.991,7.7577,5.5844,1.33,1.3315,0.8467,3.0345,0.9346,1.2031,0.8968,4.6565,1.6262,1.7965,1.2338,0.7563,0.8182,0.7419,0.6865,50,451.59,264.93,1,1,2025-10-02 01:57:27,18.0,88.6,,1,0,,0
2025-10-02 01:58:12,359.82,3.5483,228.23,6.8158,20.447499999999998,231.93,231.74,221.03,397.3,396.48,391.98,395.31,7.0182,7.7734,5.6559,1.3339,1.3485,0.8659,3.0228,0.9312,1.1909,0.9007,4.6793,1.6277,1.8014,1.2501,0.7612,0.8199,0.7495,0.693,50,451.64,264.97,1,1,2025-10-02 01:58:12,17.9,85.7,,1,0,,0
2025-10-02 01:58:57,359.86,3.5228,228.18,6.7856,20.3568,231.51,231.58,221.46,396.89,396.71,391.9,395.21,6.9672,7.713,5.6766,1.3138,1.341,0.8679,3.0206,0.9346,1.177,0.909,4.6563,1.613,1.7862,1.2571,0.7591,0.8148,0.7515,0.6905,50,451.7,265,1,1,2025-10-02 01:58:57,17.7,84,,1,0,,0
2025-10-02 01:59:42,359.9,3.4992,228.1,6.7553,20.266,232.43,231.1,220.77,397.33,396.31,391.4,395,6.9651,7.7199,5.581,1.3234,1.3268,0.849,3.0124,0.9309,1.1893,0.8922,4.6351,1.6189,1.7841,1.2321,0.7578,0.8179,0.7446,0.6893,50,451.76,265.04,1,1,2025-10-02 01:59:42,17.5,82,,1,0,,0
2025-10-02 02:00:27,359.95,3.5263,227.97,6.7844,20.3532,232.74,230.99,220.19,397.2,396.27,390.86,394.77,6.9878,7.763,5.6024,1.3357,1.3367,0.854,3.0079,0.9263,1.1921,0.8895,4.6531,1.6263,1.7932,1.2336,0.7608,0.8217,0.7463,0.6925,50,451.82,265.08,1,1,2025-10-02 02:00:27,17.3,81.2,,1,0,,0
2025-10-02 02:01:12,359.99,3.5151,228,6.7757,20.3273,232.74,230.94,220.34,397.45,396.36,390.7,394.96,6.9572,7.7755,5.5946,1.3291,1.3373,0.8488,3.0124,0.9236,1.1954,0.8935,4.6476,1.6192,1.7957,1.2327,0.7593,0.8211,0.7455,0.6887,50,451.88,265.12,1,1,2025-10-02 02:01:12,17.1,79.1,,1,0,,0
2025-10-02 02:01:57,360.04,3.4801,228.78,6.7456,20.236900000000002,234.24,231.56,220.55,398.7,397.5,392.3,396.14,6.9644,7.7486,5.5239,1.3329,1.3157,0.8316,3.0452,0.939,1.2166,0.8896,4.6439,1.6313,1.7943,1.2183,0.7525,0.8175,0.7342,0.6828,50,451.93,265.15,1,1,2025-10-02 02:01:57,16.9,78.2,,1,0,,0
2025-10-02 02:02:42,360.08,3.4534,228.66,6.7155,20.1466,234.11,231.45,220.42,398.65,397.15,392.08,395.91,6.9511,7.6958,5.4997,1.3248,1.302,0.8266,3.0425,0.9437,1.2126,0.8861,4.6208,1.6273,1.7812,1.2122,0.7503,0.8144,0.7317,0.6821,50,451.99,265.19,1,1,2025-10-02 02:02:42,16.7,77.2,,1,0,,0
2025-10-02 02:03:27,360.12,3.4616,228.85,6.7275,20.1826,234.02,231.62,220.93,399.23,396.88,392.86,396.33,7.0216,7.6735,5.4875,1.3346,1.2946,0.8325,3.0533,0.9574,1.2151,0.8808,4.6329,1.6432,1.7773,1.2124,0.7499,0.8125,0.7291,0.6868,50,452.05,265.23,1,1,2025-10-02 02:03:27,16.5,76.6,,1,0,,0
2025-10-02 02:04:12,360.16,3.4634,229.18,6.7293,20.187900000000003,234.32,231.87,221.35,399.73,397.55,393.37,396.94,7.022,7.6558,5.5101,1.3319,1.2935,0.838,3.0622,0.9644,1.2124,0.8854,4.6402,1.6454,1.7752,1.2197,0.7491,0.8099,0.7296,0.6873,50,452.11,265.27,1,1,2025-10-02 02:04:12,16.4,75.6,,1,0,,0
2025-10-02 02:04:57,360.21,3.4683,229.02,6.7358,20.2074,234.24,231.68,221.14,399.67,397.25,392.89,396.66,7.0208,7.6685,5.5181,1.3332,1.2962,0.8388,3.0598,0.9617,1.2124,0.8858,4.6415,1.6446,1.7766,1.2203,0.7498,0.811,0.7303,0.6876,50,452.17,265.31,1,1,2025-10-02 02:04:57,16.2,74,,1,0,,0
2025-10-02 02:05:42,360.25,3.4618,229.05,6.7294,20.1882,234.64,231.28,221.23,399.08,397.44,393.4,396.68,7.0344,7.6628,5.491,1.3368,1.2883,0.8367,3.0621,0.9672,1.2146,0.8803,4.6376,1.6506,1.7723,1.2148,0.749,0.8101,0.7276,0.6889,50,452.22,265.35,1,1,2025-10-02 02:05:42,16.0,74.4,,1,0,,0
2025-10-02 02:06:27,360.29,3.4707,229.2,6.7406,20.2219,234.71,231.21,221.68,399.53,397.69,393.5,396.95,7.0359,7.6694,5.5166,1.3353,1.2923,0.8432,3.0658,0.97,1.211,0.8848,4.6476,1.6514,1.7732,1.2229,0.7494,0.809,0.7296,0.6898,50,452.28,265.38,1,1,2025-10-02 02:06:27,15.9,76.3,,1,0,,0
2025-10-02 02:07:12,360.34,3.5007,229.26,6.7784,20.3353,235.43,230.28,222.07,399.92,397.48,393.62,397.01,7.1412,7.6909,5.5032,1.36,1.2852,0.8555,3.0739,0.9867,1.2154,0.8717,4.6744,1.6813,1.7711,1.2221,0.7514,0.8093,0.7265,0.7004,50,452.34,265.42,1,1,2025-10-02 02:07:12,15.9,75,,1,0,,0
2025-10-02 02:07:57,360.38,3.4617,229.39,6.734,20.202199999999998,235.28,230.68,222.21,399.89,398.03,393.76,397.19,7.0622,7.6393,5.5007,1.3373,1.2782,0.8462,3.0765,0.9849,1.2103,0.8813,4.6461,1.6616,1.7622,1.2223,0.7474,0.8051,0.7261,0.6926,50,452.4,265.46,1,1,2025-10-02 02:07:57,15.8,74.6,,1,0,,0
2025-10-02 02:08:42,360.43,3.4554,229.34,6.7262,20.178600000000003,234.53,231.06,222.43,399.33,398.05,394.07,397.19,7.0201,7.6379,5.5206,1.3246,1.2863,0.8445,3.0718,0.9762,1.2051,0.8905,4.6392,1.6464,1.7648,1.2279,0.7473,0.805,0.7297,0.6881,50,452.46,265.5,1,1,2025-10-02 02:08:42,15.7,74.5,,1,0,,0
2025-10-02 02:09:27,360.47,3.4492,229.88,6.7268,20.180400000000002,235.58,231.51,222.55,401.1,398.28,394.92,398.06,7.0696,7.6143,5.4965,1.3349,1.2717,0.8425,3.0984,0.9944,1.2178,0.8861,4.6515,1.6655,1.7628,1.2232,0.7439,0.8019,0.7222,0.689,50,452.51,265.54,1,1,2025-10-02 02:09:27,15.6,73.9,,1,0,,0
2025-10-02 02:10:12,360.51,3.4555,229.25,6.7232,20.1697,233.92,231.89,221.96,399.25,398.23,393.54,397.03,6.9528,7.6507,5.5662,1.3115,1.3022,0.8418,3.0659,0.9604,1.2018,0.9037,4.636,1.6264,1.7741,1.2355,0.748,0.8068,0.7348,0.6816,50,452.57,265.58,1,1,2025-10-02 02:10:12,15.5,73.6,,1,0,,0
2025-10-02 02:10:57,360.54,0.3224,229.93,0.4674,1.4022,234.84,232.7,222.25,400.76,399.01,394.76,398.17,0.0,1.4022,0.0,0,0.3224,0,0.047,0,0.047,0,0.3263,0,0.3263,0,0.9895,1,0.9895,1,50,452.61,265.6,0,1,2025-10-02 02:10:57,15.4,72.7,,0,0,,1
2025-10-02 02:11:42,360.54,0.3206,230.08,0.4647,1.3941,235.02,232.95,222.27,400.98,399.63,394.68,398.42,0.0,1.3941,0.0,0,0.3206,0,0.0479,0,0.0479,0,0.3248,0,0.3248,0,0.989,1,0.989,1,50,452.62,265.6,0,1,2025-10-02 02:11:42,15.3,74.6,,0,0,,1
2025-10-02 02:12:27,360.55,0.3211,230.32,0.4638,1.3914,235.01,233.05,222.92,401.3,400.1,395.2,398.87,0.0,1.3914,0.0,0,0.32,0,0.0485,0,0.0485,0,0.3243,0,0.3243,0,0.9887,1,0.9886,1,50,452.62,265.6,0,1,2025-10-02 02:12:27,15.4,77.3,,0,0,,1
2025-10-02 02:13:12,360.55,0.3193,230.29,0.4628,1.3884,234,233.1,223.77,400.8,400.33,395.31,398.87,0.0,1.3884,0.0,0,0.3193,0,0.0488,0,0.0488,0,0.3236,0,0.3236,0,0.9885,1,0.9885,1,50,452.62,265.6,0,1,2025-10-02 02:13:12,15.5,80.2,,0,0,,1
2025-10-02 02:13:57,360.56,0.3196,229.8,0.4626,1.3878,233.24,232.44,223.73,399.76,399.36,394.81,397.98,0.0,1.3878,0.0,0,0.3184,0,0.0482,0,0.0482,0,0.3226,0,0.3226,0,0.9888,1,0.9887,1,50,452.63,265.6,0,1,2025-10-02 02:13:57,15.7,83.2,,0,0,,1
2025-10-02 02:14:42,360.56,0.3171,229.77,0.4611,1.3835,233.22,232.21,223.88,399.67,399.1,395.01,397.93,0.0,1.3835,0.0,0,0.3171,0,0.0481,0,0.0481,0,0.3213,0,0.3213,0,0.9886,1,0.9886,1,50,452.63,265.6,0,1,2025-10-02 02:14:42,15.9,85.2,,0,0,,1
2025-10-02 02:15:27,360.56,0.3177,230.32,0.4619,1.3858,235.24,232.27,223.45,401.79,398.72,396.14,398.95,0.0,1.3858,0.0,0,0.3177,0,0.0485,0,0.0485,0,0.3219,0,0.3219,0,0.9885,1,0.9885,1,50,452.64,265.6,0,1,2025-10-02 02:15:27,16.1,87,,0,0,,1
2025-10-02 02:16:12,360.57,0.3156,230.52,0.4602,1.3807,236.91,231.53,223.13,401.84,398.88,396.89,399.23,0.0,1.3807,0.0,0,0.3156,0,0.0474,0,0.0474,0,0.3197,0,0.3197,0,0.9889,1,0.9889,1,50,452.64,265.61,0,1,2025-10-02 02:16:12,16.4,88.3,,0,0,,1
2025-10-02 02:16:57,360.57,0.3152,230.26,0.4601,1.3805,237.12,231.27,222.39,402.13,398.25,395.86,398.78,0.0,1.3805,0.0,0,0.3152,0,0.0476,0,0.0476,0,0.3193,0,0.3193,0,0.9888,1,0.9888,1,50,452.64,265.61,0,1,2025-10-02 02:16:57,16.6,89.9,,0,0,,1
2025-10-02 02:17:42,360.58,0.3151,230.44,0.4599,1.3797,237.44,231.41,222.49,402.65,398.44,396.14,399.05,0.0,1.3797,0.0,0,0.3151,0,0.0479,0,0.0479,0,0.3193,0,0.3193,0,0.9886,1,0.9886,1,50,452.65,265.61,0,1,2025-10-02 02:17:42,16.8,90.8,,0,0,,1
2025-10-02 02:18:27,360.58,0.3154,230.4,0.4601,1.3803,237.02,231.54,222.64,402.16,398.98,395.81,399.01,0.0,1.3803,0.0,0,0.3154,0,0.0482,0,0.0482,0,0.3196,0,0.3196,0,0.9885,1,0.9885,1,50,452.65,265.61,0,1,2025-10-02 02:18:27,17.0,91.4,,0,0,,1
2025-10-02 02:19:12,360.58,0.3152,230.57,0.4598,1.3795,236.92,231.49,223.31,402.24,399.11,396.53,399.31,0.0,1.3795,0.0,0,0.3152,0,0.0476,0,0.0476,0,0.3193,0,0.3193,0,0.9887,1,0.9887,1,50,452.66,265.61,0,1,2025-10-02 02:19:12,17.1,91.8,,0,0,,1
2025-10-02 02:19:57,360.59,0.3154,230.79,0.4599,1.3797,237.08,231.57,223.72,403.01,399.3,396.72,399.63,0.0,1.3797,0.0,0,0.3154,0,0.0477,0,0.0477,0,0.3195,0,0.3195,0,0.9887,1,0.9887,1,50,452.66,265.61,0,1,2025-10-02 02:19:57,17.3,92.4,,0,0,,1
2025-10-02 02:20:42,360.59,0.3154,230.71,0.4597,1.3792,236.98,231.7,223.45,402.74,399.45,396.41,399.57,0.0,1.3792,0.0,0,0.3154,0,0.048,0,0.048,0,0.3196,0,0.3196,0,0.9886,1,0.9886,1,50,452.66,265.61,0,1,2025-10-02 02:20:42,17.4,92.7,,0,0,,1
2025-10-02 02:21:27,360.6,0.3157,230.69,0.4597,1.3792,236.38,231.96,223.75,402.38,399.67,396.49,399.57,0.0,1.3792,0.0,0,0.3157,0,0.0483,0,0.0483,0,0.3199,0,0.3199,0,0.9885,1,0.9885,1,50,452.67,265.61,0,1,2025-10-02 02:21:27,17.5,92.9,,0,0,,1
2025-10-02 02:22:12,360.6,0.3153,230.41,0.4594,1.3782,235.21,231.86,224.18,402.15,398.58,396.45,398.94,0.0,1.3782,0.0,0,0.3153,0,0.0485,0,0.0485,0,0.3195,0,0.3195,0,0.9883,1,0.9883,1,50,452.67,265.61,0,1,2025-10-02 02:22:12,17.7,93.3,,0,0,,1
2025-10-02 02:22:57,360.6,0.3162,230.42,0.4599,1.3797,235.58,232.33,223.36,401.92,398.97,396.27,399.09,0.0,1.3797,0.0,0,0.3162,0,0.0488,0,0.0488,0,0.3205,0,0.3205,0,0.9882,1,0.9882,1,50,452.68,265.61,0,1,2025-10-02 02:22:57,17.8,93.6,,0,0,,1
2025-10-02 02:23:42,360.61,0.3174,230.92,0.4603,1.3809,235.55,233.12,224.09,402.45,400.44,396.84,399.92,0.0,1.3809,0.0,0,0.3174,0,0.0496,0,0.0496,0,0.3219,0,0.3219,0,0.9879,1,0.9879,1,50,452.68,265.61,0,1,2025-10-02 02:23:42,17.9,93.9,,0,0,,1
2025-10-02 02:24:27,360.61,0.3171,231.17,0.4604,1.3814,236.57,232.6,224.35,402.65,400.51,397.87,400.37,0.0,1.3814,0.0,0,0.3171,0,0.0484,0,0.0484,0,0.3213,0,0.3213,0,0.9885,1,0.9885,1,50,452.68,265.61,0,1,2025-10-02 02:24:27,18.1,94.2,,0,0,,1
2025-10-02 02:25:12,360.63,3.425,229.87,6.7163,20.1489,235.02,231.65,222.96,400.53,399.25,394.46,398.07,6.9951,7.6603,5.4935,1.3185,1.279,0.8275,3.1094,0.9803,1.2269,0.9022,4.6433,1.644,1.7745,1.2248,0.7403,0.8024,0.7216,0.6759,50,452.7,265.62,1,1,2025-10-02 02:25:12,18.2,94.7,,1,0,,0
2025-10-02 02:25:57,360.67,3.5217,229.71,6.8168,20.450400000000002,234.69,230.93,223.52,400.31,398.39,394.74,397.84,7.1036,7.7343,5.6125,1.3435,1.309,0.8692,3.1017,0.9857,1.2122,0.9039,4.7077,1.6671,1.7861,1.2545,0.7504,0.8062,0.7337,0.6931,50,452.76,265.66,1,1,2025-10-02 02:25:57,18.2,94.4,,1,0,,0
2025-10-02 02:26:42,360.71,3.5247,229.56,6.8152,20.4456,235.4,230.7,222.59,400.19,397.95,394.48,397.52,7.1618,7.7321,5.5517,1.3637,1.2977,0.8633,3.0939,0.9896,1.221,0.8833,4.7054,1.6859,1.7838,1.2358,0.7515,0.8093,0.7282,0.6989,50,452.82,265.7,1,1,2025-10-02 02:26:42,18.2,91.6,,1,0,,0
2025-10-02 02:27:27,360.76,3.522,229.74,6.8116,20.4349,236.34,230.54,222.34,400.9,397.75,394.88,397.82,7.1853,7.726,5.5236,1.374,1.2877,0.8604,3.1008,0.9968,1.2283,0.8757,4.7074,1.6982,1.7812,1.2281,0.7505,0.8094,0.7235,0.7008,50,452.88,265.74,1,1,2025-10-02 02:27:27,18.0,88.4,,1,0,,0
2025-10-02 02:28:12,360.8,3.5325,229.16,6.815,20.4451,235.47,230.05,221.97,399.76,397.27,393.49,396.84,7.1882,7.7381,5.5188,1.3755,1.2948,0.8622,3.0733,0.9849,1.219,0.8694,4.6978,1.6926,1.7802,1.225,0.7544,0.813,0.728,0.7041,50,452.94,265.78,1,1,2025-10-02 02:28:12,17.8,85.7,,1,0,,0
2025-10-02 02:28:57,360.85,3.5304,229.11,6.8096,20.4288,235.8,230.47,221.07,399.86,397.09,393.27,396.71,7.1609,7.7649,5.503,1.3782,1.2999,0.8523,3.0689,0.9742,1.2274,0.8674,4.6947,1.6885,1.7896,1.2165,0.7547,0.8166,0.727,0.7008,50,453,265.82,1,1,2025-10-02 02:28:57,17.6,83.1,,1,0,,0
2025-10-02 02:29:42,360.89,3.5107,228.63,6.7822,20.3467,233.97,230.61,221.33,398.5,396.96,392.33,395.85,7.0665,7.7369,5.5433,1.3474,1.3109,0.8523,3.0463,0.9569,1.2076,0.8819,4.6645,1.6533,1.7842,1.2269,0.7552,0.8153,0.7354,0.6949,50,453.05,265.85,1,1,2025-10-02 02:29:42,17.4,82.2,,1,0,,0
2025-10-02 02:30:27,360.93,3.5166,229.27,6.8004,20.4012,234.89,231.48,221.44,400.3,397.61,393.2,397.5,7.0971,7.7784,5.5257,1.3591,1.3125,0.8449,3.0765,0.9634,1.2293,0.8838,4.6912,1.667,1.8005,1.2236,0.7526,0.8158,0.7298,0.691,50,453.11,265.89,1,1,2025-10-02 02:30:27,17.3,80.5,,1,0,,0
2025-10-02 02:31:12,360.98,3.5005,229.03,6.7754,20.3264,234.49,231.38,221.23,399.42,397.53,392.9,396.63,7.0353,7.7402,5.5509,1.3426,1.312,0.8459,3.064,0.9576,1.2166,0.8899,4.6687,1.6497,1.7909,1.228,0.7524,0.8141,0.7332,0.6889,50,453.17,265.93,1,1,2025-10-02 02:31:12,17.0,78.5,,1,0,,0
2025-10-02 02:31:57,361.02,3.4928,229.1,6.7648,20.294400000000003,233.97,231.09,222.25,399.15,397.67,393.43,396.74,7.0102,7.6921,5.5921,1.3261,1.3092,0.8575,3.0622,0.9637,1.1995,0.899,4.6606,1.6402,1.7776,1.2428,0.7519,0.8089,0.7373,0.6902,50,453.23,265.97,1,1,2025-10-02 02:31:57,16.8,78.2,,1,0,,0
2025-10-02 02:32:42,361.06,3.4963,229.38,6.7765,20.3295,234.84,230.84,222.46,399.86,397.74,394.08,397.22,7.0726,7.694,5.5629,1.3408,1.2979,0.8576,3.0802,0.9789,1.2098,0.8916,4.6745,1.6609,1.7761,1.2375,0.7503,0.8076,0.7315,0.6932,50,453.29,266.01,1,1,2025-10-02 02:32:42,16.7,77,,1,0,,0
2025-10-02 02:33:27,361.11,3.4776,228.98,6.7514,20.254199999999997,234.87,230.19,221.88,399.48,396.64,393.5,396.56,7.0592,7.6811,5.5139,1.3406,1.2883,0.8486,3.0628,0.9741,1.2082,0.8806,4.6495,1.658,1.7681,1.2234,0.7504,0.809,0.7294,0.6938,50,453.35,266.04,1,1,2025-10-02 02:33:27,16.5,76.3,,1,0,,0
2025-10-02 02:34:12,361.15,3.4814,228.83,6.7551,20.2655,235.03,229.87,221.6,399.25,396.41,393.17,396.27,7.0675,7.6934,5.5046,1.3454,1.288,0.848,3.0585,0.9729,1.2094,0.8762,4.6494,1.6611,1.7685,1.2198,0.7512,0.8103,0.729,0.6954,50,453.4,266.08,1,1,2025-10-02 02:34:12,16.3,75.9,,1,0,,0
2025-10-02 02:34:57,361.2,3.4743,228.89,6.7427,20.2283,235.42,229.6,221.65,399.33,396.4,393.37,396.37,7.1104,7.6439,5.474,1.3523,1.272,0.85,3.0565,0.985,1.2065,0.865,4.6423,1.6739,1.755,1.2133,0.7508,0.8082,0.7255,0.7009,50,453.46,266.12,1,1,2025-10-02 02:34:57,16.2,75.3,,1,0,,0
2025-10-02 02:35:42,361.24,3.4754,229.15,6.7496,20.248800000000003,236.35,229.68,221.44,399.96,396.72,393.77,397.17,7.1444,7.6829,5.4215,1.368,1.2674,0.8401,3.0712,0.9887,1.2255,0.857,4.6537,1.6886,1.7646,1.2005,0.7493,0.8104,0.7189,0.7,50,453.52,266.16,1,1,2025-10-02 02:35:42,16.1,75.3,,1,0,,0
2025-10-02 02:36:27,361.28,3.5122,229.44,6.7879,20.3639,236.61,230.21,221.5,400.52,397.24,394.16,397.3,7.1639,7.7201,5.4799,1.3763,1.2836,0.8523,3.0786,0.9882,1.2267,0.8636,4.6861,1.6951,1.7772,1.2138,0.752,0.8122,0.7229,0.7024,50,453.58,266.2,1,1,2025-10-02 02:36:27,16.0,75.2,,1,0,,0
2025-10-02 02:37:12,361.33,3.4605,229.47,6.7342,20.2027,236.52,230.3,221.61,400.46,397.73,393.89,397.36,7.0864,7.6743,5.442,1.3545,1.2703,0.8357,3.0807,0.9856,1.2261,0.8689,4.6495,1.6761,1.7674,1.206,0.7469,0.8085,0.7194,0.6932,50,453.64,266.24,1,1,2025-10-02 02:37:12,15.9,74.8,,1,0,,0
2025-10-02 02:37:57,361.37,3.4406,229.64,6.7194,20.1583,234.94,230.59,223.4,399.79,398.56,394.68,397.71,7.0476,7.6218,5.4889,1.3249,1.2726,0.8432,3.0908,0.9917,1.2095,0.8897,4.6395,1.6558,1.7575,1.2262,0.7439,0.8005,0.7248,0.6878,50,453.69,266.27,1,1,2025-10-02 02:37:57,15.8,74.7,,1,0,,0
2025-10-02 02:38:42,361.41,3.4283,229.5,6.7066,20.119799999999998,234.39,230.66,223.45,399.94,397.8,394.62,397.43,7.0146,7.6186,5.4866,1.3153,1.2745,0.8385,3.0856,0.985,1.207,0.8936,4.6274,1.6442,1.7573,1.226,0.7432,0.8004,0.726,0.6842,50,453.75,266.31,1,1,2025-10-02 02:38:42,15.7,74.3,,1,0,,0
2025-10-02 02:39:27,361.46,3.4281,229.39,6.6999,20.0997,234.23,230.77,223.19,400.04,397.34,394.46,397.29,7.0053,7.5937,5.5007,1.3123,1.2742,0.8416,3.0773,0.9837,1.2004,0.8932,4.621,1.6409,1.7524,1.2277,0.7441,0.8001,0.7278,0.6857,50,453.81,266.35,1,1,2025-10-02 02:39:27,15.6,73.3,,1,0,,0
2025-10-02 02:40:12,361.49,0.3209,229.73,0.4669,1.4009,234.04,231.75,223.42,400.04,398.78,394.75,397.55,0.0,1.4009,0.0,0,0.3209,0,0.046,0,0.046,0,0.3247,0,0.3247,0,0.9898,1,0.9898,1,50,453.86,266.38,0,1,2025-10-02 02:40:12,15.4,72,,0,0,,1
2025-10-02 02:40:57,361.49,0.3163,229.54,0.4623,1.387,235.97,230.73,221.94,401.01,397.54,393.98,397.54,0.0,1.387,0.0,0,0.3163,0,0.0454,0,0.0454,0,0.32,0,0.32,0,0.9898,1,0.9898,1,50,453.86,266.38,0,1,2025-10-02 02:40:57,15.3,72.8,,0,0,,1
2025-10-02 02:41:42,361.5,0.3155,229.7,0.4615,1.3845,235.88,230.55,222.67,400.78,397.97,394.58,397.69,0.0,1.3845,0.0,0,0.3155,0,0.0454,0,0.0454,0,0.3192,0,0.3192,0,0.9897,1,0.9897,1,50,453.86,266.38,0,1,2025-10-02 02:41:42,15.3,75.3,,0,0,,1
2025-10-02 02:42:27,361.5,0.3168,229.43,0.4613,1.3841,235.21,231.05,222.04,399.88,398.43,393.58,397.27,0.0,1.3841,0.0,0,0.3158,0,0.047,0,0.047,0,0.3198,0,0.3198,0,0.9891,1,0.9891,1,50,453.87,266.38,0,1,2025-10-02 02:42:27,15.5,78.5,,0,0,,1
2025-10-02 02:43:12,361.5,0.3162,229.7,0.4609,1.3829,235.54,231.59,221.99,400.6,398.81,393.91,397.82,0.0,1.3829,0.0,0,0.3162,0,0.0474,0,0.0474,0,0.3203,0,0.3203,0,0.9889,1,0.9889,1,50,453.87,266.38,0,1,2025-10-02 02:43:12,15.6,81.5,,0,0,,1
2025-10-02 02:43:57,361.51,0.3174,229.86,0.4611,1.3833,235.13,231.57,222.89,400.79,398.84,394.55,398.01,0.0,1.3833,0.0,0,0.3163,0,0.0474,0,0.0474,0,0.3203,0,0.3203,0,0.989,1,0.9889,1,50,453.88,266.38,0,1,2025-10-02 02:43:57,15.9,84.4,,0,0,,1
2025-10-02 02:44:42,361.51,0.3161,229.85,0.4611,1.3833,235.35,231.46,222.75,400.89,398.6,394.66,398.05,0.0,1.3833,0.0,0,0.3161,0,0.0471,0,0.0471,0,0.3202,0,0.3202,0,0.989,1,0.989,1,50,453.88,266.38,0,1,2025-10-02 02:44:42,16.1,86.5,,0,0,,1
2025-10-02 02:45:27,361.52,0.3151,230.43,0.4604,1.3814,237.37,231.04,222.9,402.39,398.93,395.81,399.01,0.0,1.3814,0.0,0,0.3151,0,0.0468,0,0.0468,0,0.3192,0,0.3192,0,0.9891,1,0.9891,1,50,453.88,266.38,0,1,2025-10-02 02:45:27,16.3,88.2,,0,0,,1
2025-10-02 02:46:12,361.52,0.3153,230.43,0.4601,1.3803,236.69,231.42,223.2,402.1,399.25,395.8,399.07,0.0,1.3803,0.0,0,0.3153,0,0.0476,0,0.0476,0,0.3194,0,0.3194,0,0.9887,1,0.9887,1,50,453.89,266.39,0,1,2025-10-02 02:46:12,16.5,89.7,,0,0,,1
2025-10-02 02:46:57,361.52,0.3149,230.42,0.46,1.3802,235.8,231.09,224.37,401.73,399.09,396.31,399.08,0.0,1.3802,0.0,0,0.3149,0,0.0472,0,0.0472,0,0.319,0,0.319,0,0.9889,1,0.9889,1,50,453.89,266.39,0,1,2025-10-02 02:46:57,16.7,91,,0,0,,1
2025-10-02 02:47:42,361.53,0.3141,230.35,0.459,1.3772,235.73,231.06,224.27,401.41,399.22,396.14,398.92,0.0,1.3772,0.0,0,0.3141,0,0.0474,0,0.0474,0,0.3182,0,0.3182,0,0.9888,1,0.9888,1,50,453.89,266.39,0,1,2025-10-02 02:47:42,16.9,91.7,,0,0,,1
2025-10-02 02:48:27,361.53,0.3142,229.96,0.4592,1.3776,235.24,231.09,223.55,400.89,398.94,394.86,398.18,0.0,1.3776,0.0,0,0.3142,0,0.0476,0,0.0476,0,0.3183,0,0.3183,0,0.9887,1,0.9887,1,50,453.9,266.39,0,1,2025-10-02 02:48:27,17.1,92.3,,0,0,,1
2025-10-02 02:49:12,361.54,0.3138,230.26,0.4591,1.3773,236.33,230.73,223.74,401.56,399.14,395.56,398.75,0.0,1.3773,0.0,0,0.3138,0,0.047,0,0.047,0,0.3178,0,0.3178,0,0.9889,1,0.9889,1,50,453.9,266.39,0,1,2025-10-02 02:49:12,17.3,93,,0,0,,1
2025-10-02 02:49:57,361.54,0.3141,230.17,0.4589,1.3767,236.14,231.15,223.24,401.72,398.56,395.56,398.58,0.0,1.3767,0.0,0,0.3141,0,0.0476,0,0.0476,0,0.3182,0,0.3182,0,0.9886,1,0.9886,1,50,453.91,266.39,0,1,2025-10-02 02:49:57,17.5,93.2,,0,0,,1
2025-10-02 02:50:42,361.54,0.3138,230.02,0.4589,1.3767,236.11,230.94,223.02,401.25,398.59,395.17,398.35,0.0,1.3767,0.0,0,0.3138,0,0.0475,0,0.0475,0,0.3179,0,0.3179,0,0.9887,1,0.9887,1,50,453.91,266.39,0,1,2025-10-02 02:50:42,17.6,93.6,,0,0,,1
2025-10-02 02:51:27,361.55,0.3133,230.07,0.4583,1.3749,236.57,230.77,222.89,401.71,398.41,395.17,398.37,0.0,1.3749,0.0,0,0.3133,0,0.047,0,0.047,0,0.3173,0,0.3173,0,0.9889,1,0.9889,1,50,453.91,266.39,0,1,2025-10-02 02:51:27,17.8,93.9,,0,0,,1
2025-10-02 02:52:12,361.55,0.3142,230.37,0.4583,1.3749,236.7,231.16,223.25,402.45,399.09,395.26,398.93,0.0,1.3749,0.0,0,0.3142,0,0.0469,0,0.0469,0,0.3178,0,0.3178,0,0.989,1,0.989,1,50,453.92,266.39,0,1,2025-10-02 02:52:12,17.9,93.9,,0,0,,1
2025-10-02 02:52:57,361.56,0.3131,230.09,0.4584,1.3754,236.7,230.47,223.11,401.5,398.63,395.2,398.42,0.0,1.3754,0.0,0,0.3131,0,0.0462,0,0.0462,0,0.317,0,0.317,0,0.9892,1,0.9892,1,50,453.92,266.39,0,1,2025-10-02 02:52:57,18.0,94.1,,0,0,,1
2025-10-02 02:53:42,361.56,0.3129,230.06,0.4579,1.3739,236.33,230.36,223.51,401.56,398.07,395.63,398.42,0.0,1.3739,0.0,0,0.3129,0,0.0463,0,0.0463,0,0.3165,0,0.3165,0,0.9892,1,0.9892,1,50,453.93,266.39,0,1,2025-10-02 02:53:42,18.1,94.4,,0,0,,1
2025-10-02 02:54:27,361.56,0.313,230.27,0.4583,1.3749,236.79,230.51,223.52,402.18,398.13,396.04,398.78,0.0,1.3749,0.0,0,0.313,0,0.0461,0,0.0461,0,0.3169,0,0.3169,0,0.9893,1,0.9893,1,50,453.93,266.39,0,1,2025-10-02 02:54:27,18.2,94.6,,0,0,,1
2025-10-02 02:55:57,361.64,3.5237,229.04,6.8079,20.4238,233.86,229.83,223.43,399.1,396.91,393.97,396.62,7.0968,7.7048,5.6222,1.338,1.3073,0.8784,3.0698,0.9807,1.1918,0.8974,4.6866,1.6597,1.7708,1.2562,0.7539,0.8065,0.739,0.6994,50,454.03,266.46,1,1,2025-10-02 02:55:57,18.2,92.4,,1,0,,0
2025-10-02 02:56:42,361.68,3.5281,229.07,6.8088,20.4266,234.6,229.78,222.84,399.34,397.09,393.67,396.74,7.1297,7.7146,5.5823,1.3525,1.3021,0.8735,3.0676,0.9827,1.1999,0.885,4.6892,1.6726,1.7727,1.244,0.7546,0.809,0.7353,0.7024,50,454.09,266.5,1,1,2025-10-02 02:56:42,18.0,89.2,,1,0,,0
2025-10-02 02:57:27,361.73,3.4944,229.58,6.7778,20.3335,235.37,230.12,223.25,400.17,397.66,394.9,397.52,7.1034,7.6569,5.5732,1.3416,1.285,0.8679,3.0903,0.9965,1.203,0.8908,4.6781,1.6719,1.762,1.2442,0.749,0.8027,0.7299,0.6978,50,454.15,266.53,1,1,2025-10-02 02:57:27,17.8,86.5,,1,0,,0
2025-10-02 02:58:57,361.81,3.5178,229.57,6.8013,20.4041,236.4,230.02,222.31,399.94,397.81,394.87,397.53,7.1499,7.7223,5.5319,1.3674,1.2886,0.8618,3.0886,0.9921,1.22,0.8765,4.6963,1.6902,1.7763,1.2298,0.7514,0.8093,0.7261,0.7011,50,454.27,266.61,1,1,2025-10-02 02:58:57,17.5,83.4,,1,0,,0
2025-10-02 03:00:27,361.9,3.4692,230.16,6.7582,20.2747,236.41,231.1,222.97,401.37,398.82,395.5,398.61,7.0786,7.6595,5.5366,1.3404,1.2778,0.851,3.1172,1.0008,1.2226,0.8938,4.6781,1.6735,1.7701,1.2345,0.7438,0.8013,0.7225,0.6895,50,454.38,266.69,1,1,2025-10-02 03:00:27,17.0,79.9,,1,0,,0
2025-10-02 03:01:57,361.99,3.4709,230.49,6.7606,20.2818,236.47,231.03,223.98,401.49,399.32,396.65,399.13,7.109,7.6366,5.5362,1.3407,1.2725,0.8576,3.1265,1.0126,1.2191,0.8948,4.6853,1.6811,1.7643,1.24,0.743,0.7979,0.722,0.6919,50,454.5,266.77,1,1,2025-10-02 03:01:57,16.7,80.2,,1,0,,0
2025-10-02 03:02:42,362.03,3.4625,230.31,6.7512,20.2536,236.4,231.02,223.53,401.36,399.05,396.12,398.86,7.0952,7.6275,5.5309,1.3383,1.2699,0.8543,3.1218,1.0098,1.2189,0.8931,4.6757,1.6773,1.7621,1.2363,0.7427,0.7982,0.7214,0.6912,50,454.56,266.81,1,1,2025-10-02 03:02:42,16.7,80.8,,1,0,,0
2025-10-02 03:03:27,362.07,3.4658,230.45,6.758,20.2742,236.21,231,224.14,401.74,399.05,396.47,399.11,7.1119,7.6247,5.5376,1.3375,1.2701,0.8581,3.1284,1.0149,1.2175,0.896,4.6824,1.6799,1.7613,1.2412,0.7423,0.7966,0.7219,0.6916,50,454.62,266.85,1,1,2025-10-02 03:03:27,16.7,78.8,,1,0,,0
2025-10-02 03:04:12,362.12,3.4636,230.3,6.7569,20.2708,236.17,230.55,224.19,401.32,398.81,396.36,398.83,7.144,7.6064,5.5204,1.3417,1.2615,0.8604,3.1264,1.0218,1.2158,0.8889,4.6785,1.6872,1.7537,1.2376,0.7423,0.7955,0.72,0.6955,50,454.68,266.89,1,1,2025-10-02 03:04:12,16.6,78,,1,0,,0
2025-10-02 03:04:57,362.16,3.4551,230.04,6.7463,20.2391,236.33,230.45,223.35,400.9,398.47,395.73,398.33,7.1203,7.6077,5.5111,1.3412,1.2595,0.8545,3.1177,1.015,1.2173,0.8854,4.6668,1.6827,1.7532,1.2309,0.7424,0.7974,0.719,0.6944,50,454.74,266.92,1,1,2025-10-02 03:04:57,16.6,77.9,,1,0,,0
2025-10-02 03:05:42,362.21,3.4575,230.08,6.7455,20.2365,236.41,230.74,223.09,401.13,398.75,395.4,398.42,7.0862,7.6605,5.4898,1.3423,1.2713,0.8439,3.1134,1.001,1.2255,0.8869,4.6676,1.6752,1.7676,1.2247,0.7431,0.8016,0.7199,0.6893,50,454.79,266.96,1,1,2025-10-02 03:05:42,16.6,76.9,,1,0,,0
2025-10-02 03:06:27,362.25,3.4647,230.14,6.7555,20.2666,236.76,231.35,222.32,401.65,398.56,395.4,398.49,7.047,7.716,5.5036,1.3441,1.2848,0.8359,3.1166,0.9871,1.2366,0.8929,4.6771,1.6684,1.7851,1.2236,0.7434,0.8059,0.7204,0.6834,50,454.85,267,1,1,2025-10-02 03:06:27,16.4,75.8,,1,0,,0
2025-10-02 03:07:12,362.29,3.471,230.12,6.7587,20.2762,236.55,231.51,222.3,401.22,398.9,395.34,398.53,7.0318,7.72,5.5244,1.3411,1.2911,0.8388,3.1113,0.9824,1.2328,0.8961,4.6787,1.6634,1.7873,1.2281,0.7446,0.8067,0.7232,0.6833,50,454.91,267.04,1,1,2025-10-02 03:07:12,16.3,75.7,,1,0,,0
2025-10-02 03:07:57,362.33,3.4495,230.09,6.7356,20.2069,236.02,231.51,222.76,401.57,398.87,394.96,398.49,7.0146,7.6675,5.5248,1.3277,1.2827,0.8391,3.1104,0.9873,1.2237,0.8994,4.6614,1.6556,1.7751,1.2307,0.7426,0.8024,0.7235,0.6821,50,454.97,267.08,1,1,2025-10-02 03:07:57,16.3,75.9,,1,0,,0
2025-10-02 03:08:42,362.38,3.4339,229.29,6.7064,20.1194,234.88,230.73,222.27,399.77,397.81,393.63,397.05,6.9629,7.6381,5.5184,1.3141,1.2826,0.8372,3.0741,0.9722,1.2059,0.896,4.6244,1.6354,1.7623,1.2266,0.745,0.8039,0.7285,0.6827,50,455.03,267.12,1,1,2025-10-02 03:08:42,16.2,73.5,,1,0,,0
2025-10-02 03:09:27,362.42,3.4235,229.21,6.6932,20.0798,235.29,229.9,222.46,399.35,397.32,394.12,396.97,7.0662,7.5821,5.4315,1.3326,1.2546,0.8364,3.0724,0.993,1.2079,0.8715,4.614,1.6626,1.7431,1.2083,0.7442,0.8018,0.7203,0.6924,50,455.08,267.16,1,1,2025-10-02 03:09:27,16.1,74.5,,1,0,,0
2025-10-02 03:10:12,362.46,3.4256,229.49,6.6918,20.0756,235.57,230.05,222.85,400.05,397.87,394.29,397.41,7.003,7.5837,5.4889,1.3191,1.2637,0.8427,3.0752,0.9891,1.2002,0.8859,4.6175,1.6497,1.7446,1.2232,0.7441,0.8,0.7251,0.6892,50,455.14,267.19,1,1,2025-10-02 03:10:12,16.1,74.6,,1,0,,0
2025-10-02 03:10:57,362.51,3.4344,229.67,6.7087,20.1262,234.81,230.49,223.72,399.74,398.56,394.9,397.65,6.9944,7.5759,5.5559,1.3072,1.2731,0.854,3.0867,0.9925,1.192,0.9022,4.6315,1.6424,1.7462,1.243,0.7437,0.7964,0.7299,0.6874,50,455.2,267.23,1,1,2025-10-02 03:10:57,16.1,75.3,,1,0,,0
2025-10-02 03:11:42,362.55,3.4249,229.64,6.6963,20.089,235.27,230.07,223.6,399.93,397.68,395.49,397.7,7.0165,7.5347,5.5378,1.3096,1.2588,0.8565,3.0866,1.0036,1.1893,0.8937,4.6225,1.6508,1.7335,1.2383,0.7428,0.7937,0.7268,0.6919,50,455.26,267.27,1,1,2025-10-02 03:11:42,16.1,74.9,,1,0,,0
2025-10-02 03:12:27,362.59,3.4357,229.72,6.7126,20.137800000000002,234.78,231.39,222.99,399.62,399.02,394.77,397.76,6.9877,7.5896,5.5605,1.3091,1.2783,0.8482,3.0932,0.9876,1.2016,0.904,4.6367,1.6406,1.7562,1.2399,0.7431,0.7983,0.7286,0.6842,50,455.32,267.31,1,1,2025-10-02 03:12:27,16.1,74.3,,1,0,,0
2025-10-02 03:13:12,362.64,3.424,229.06,6.6911,20.0733,233.86,231.06,222.28,399.17,397.1,393.82,397.54,6.9396,7.5683,5.5654,1.2975,1.2805,0.846,3.063,0.9733,1.1879,0.9018,4.6087,1.6229,1.7487,1.2371,0.7452,0.7999,0.7331,0.6841,50,455.37,267.35,1,1,2025-10-02 03:13:12,16.1,73.9,,1,0,,0
2025-10-02 03:13:57,362.68,3.4247,229.02,6.6892,20.067700000000002,233.83,230.97,222.27,399.16,396.66,394.07,396.81,6.981,7.5341,5.5526,1.3031,1.2714,0.8502,3.0602,0.9815,1.185,0.8938,4.6067,1.6324,1.7402,1.2342,0.7456,0.7987,0.7315,0.6892,50,455.43,267.39,1,1,2025-10-02 03:13:57,16.1,72.8,,1,0,,0
2025-10-02 03:15:27,362.76,3.4427,228.75,6.7061,20.1185,233.9,229.79,222.57,398.56,395.91,394.02,396.13,7.0246,7.5559,5.538,1.3145,1.2707,0.8575,3.0494,0.9844,1.1803,0.8847,4.6119,1.6431,1.7363,1.2326,0.7485,0.8004,0.7326,0.6959,49.9,455.55,267.46,1,1,2025-10-02 03:15:27,16.0,72.6,,1,0,,0
2025-10-02 03:16:12,362.81,3.4409,228.7,6.6988,20.0964,234.29,229.82,222,398.63,396.5,393.04,396.08,7.0129,7.5639,5.5196,1.3184,1.2702,0.8523,3.0434,0.9793,1.1843,0.8798,4.6067,1.6431,1.7383,1.2254,0.749,0.8027,0.7313,0.6957,50,455.6,267.5,1,1,2025-10-02 03:16:12,15.9,72.2,,1,0,,0
2025-10-02 03:16:57,362.85,3.4333,229.09,6.702,20.106,235.24,230.89,221.14,400.07,396.74,393.36,396.9,6.9913,7.638,5.4767,1.3269,1.2761,0.8302,3.0662,0.9703,1.2147,0.8812,4.6193,1.6446,1.7635,1.2111,0.7458,0.8072,0.7243,0.6857,50,455.66,267.54,1,1,2025-10-02 03:16:57,15.8,71.6,,1,0,,0
2025-10-02 03:17:42,362.89,3.4312,228.89,6.6888,20.066499999999998,234.39,230.71,221.59,398.59,397.3,393.23,396.32,6.9101,7.625,5.5314,1.3052,1.289,0.8371,3.0472,0.9578,1.1945,0.8949,4.6045,1.6197,1.7592,1.2257,0.7477,0.8062,0.7334,0.6831,50,455.72,267.58,1,1,2025-10-02 03:17:42,15.7,72,,1,0,,0
2025-10-02 03:18:27,362.94,3.4286,228.95,6.6898,20.0694,234.35,231.5,221.02,398.93,397.39,393.11,396.47,6.8832,7.6636,5.5226,1.305,1.2977,0.8258,3.0514,0.9466,1.2066,0.8982,4.6078,1.6131,1.7741,1.2206,0.747,0.8094,0.7323,0.6768,50,455.78,267.62,1,1,2025-10-02 03:18:27,15.7,72.6,,1,0,,0
2025-10-02 03:19:12,362.98,3.4321,229.1,6.6971,20.091299999999997,233.81,231.68,221.83,398.92,397.88,393.45,396.75,6.8942,7.6322,5.5649,1.2969,1.2983,0.8369,3.0594,0.9557,1.1971,0.9067,4.6146,1.6119,1.7682,1.2345,0.7464,0.805,0.7351,0.6782,50,455.83,267.65,1,1,2025-10-02 03:19:12,15.6,71.9,,1,0,,0
2025-10-02 03:19:57,363.02,3.4263,229.42,6.6979,20.0939,232.93,231.74,223.61,398.84,398.67,394.47,397.38,6.9145,7.5869,5.5925,1.2841,1.2944,0.8478,3.075,0.9705,1.1863,0.9182,4.6193,1.6106,1.7582,1.2505,0.7442,0.7977,0.7372,0.6783,50,455.89,267.69,1,1,2025-10-02 03:19:57,15.6,72,,1,0,,0
2025-10-02 03:20:42,363.06,3.4123,229.33,6.685,20.0551,233.41,231.1,223.48,398.7,398.4,394.34,397.19,6.9072,7.5871,5.5608,1.2849,1.2856,0.8418,3.075,0.9724,1.1891,0.9134,4.6083,1.6122,1.7534,1.2427,0.7428,0.7973,0.7341,0.6776,50,455.95,267.73,1,1,2025-10-02 03:20:42,15.5,72.2,,1,0,,0
2025-10-02 03:21:27,363.11,3.4075,229.34,6.6725,20.0176,233,230.89,224.15,398.88,397.92,394.79,397.19,6.91,7.5332,5.5744,1.2769,1.2796,0.851,3.0692,0.9794,1.1754,0.9145,4.5989,1.61,1.7393,1.2495,0.743,0.7934,0.7364,0.6812,50,456.01,267.77,1,1,2025-10-02 03:21:27,15.4,71.7,,1,0,,0
2025-10-02 03:22:57,363.19,3.4102,228.94,6.6704,20.011400000000002,233.55,230.36,222.93,398.87,396.86,393.76,396.49,6.9234,7.5807,5.5073,1.2939,1.2784,0.838,3.0515,0.9682,1.1867,0.8965,4.591,1.617,1.7463,1.2277,0.7452,0.8006,0.7329,0.6828,50,456.12,267.85,1,1,2025-10-02 03:22:57,15.3,72.7,,1,0,,0
2025-10-02 03:23:42,363.23,3.4022,228.88,6.6616,19.9848,233.21,231.23,222.21,398.37,397.52,393.22,396.38,6.867,7.5673,5.5505,1.2815,1.2852,0.8355,3.0498,0.959,1.1843,0.9066,4.5846,1.6015,1.7498,1.2334,0.7446,0.8006,0.7353,0.6776,50,456.18,267.88,1,1,2025-10-02 03:23:42,15.3,73.1,,1,0,,0
2025-10-02 03:24:27,363.28,3.3968,229.21,6.6583,19.975099999999998,234.49,231.31,221.83,399.39,397.69,393.7,396.98,6.9249,7.606,5.4442,1.3059,1.2736,0.8173,3.0623,0.9634,1.2106,0.8883,4.5909,1.6238,1.7593,1.2077,0.7427,0.8047,0.7247,0.677,50,456.24,267.92,1,1,2025-10-02 03:24:27,15.2,73.6,,1,0,,0
2025-10-02 03:25:12,363.32,3.3963,228.31,6.6438,19.9316,232.87,230.99,221.08,397.7,396.83,391.59,395.37,6.8721,7.6135,5.446,1.2957,1.287,0.8136,3.0202,0.9378,1.1955,0.8868,4.5629,1.6003,1.7586,1.204,0.7472,0.81,0.7326,0.676,50,456.3,267.96,1,1,2025-10-02 03:25:12,15.2,73.1,,1,0,,0
2025-10-02 03:25:57,363.33,0.3218,229.32,0.4684,1.4054,234.52,231.65,221.8,399.68,398.15,393.53,397.16,0.0,1.4054,0.0,0,0.3218,0,0.0458,0,0.0458,0,0.3256,0,0.3256,0,0.99,1,0.99,1,50,456.31,267.97,0,1,2025-10-02 03:25:57,15.2,72.6,,0,0,,1
2025-10-02 03:26:42,363.33,0.3178,229.21,0.4638,1.3914,234.8,231.19,221.66,399.53,397.76,393.51,396.92,0.0,1.3914,0.0,0,0.3178,0,0.0463,0,0.0463,0,0.3217,0,0.3217,0,0.9895,1,0.9895,1,50,456.31,267.97,0,1,2025-10-02 03:26:42,15.1,73.9,,0,0,,1
2025-10-02 03:27:27,363.34,0.3166,229.05,0.4627,1.3882,233.83,230.9,222.44,399.31,397.43,393.3,396.68,0.0,1.3882,0.0,0,0.3166,0,0.0466,0,0.0466,0,0.3205,0,0.3205,0,0.9893,1,0.9893,1,50,456.32,267.97,0,1,2025-10-02 03:27:27,15.3,77.4,,0,0,,1
2025-10-02 03:28:12,363.34,0.3156,229.12,0.4614,1.3843,233.7,230.93,222.73,399.13,397.95,393.26,396.74,0.0,1.3843,0.0,0,0.3156,0,0.047,0,0.047,0,0.3197,0,0.3197,0,0.989,1,0.989,1,50,456.32,267.97,0,1,2025-10-02 03:28:12,15.5,80.7,,0,0,,1
2025-10-02 03:28:57,363.35,0.3166,229.2,0.461,1.383,234.02,231.14,222.46,399.47,397.71,393.63,396.93,0.0,1.383,0.0,0,0.3156,0,0.0474,0,0.0474,0,0.3197,0,0.3197,0,0.9889,1,0.9888,1,50,456.32,267.97,0,1,2025-10-02 03:28:57,15.7,83.2,,0,0,,1
2025-10-02 03:29:42,363.35,0.3156,229.25,0.4609,1.3827,233.84,231.24,222.67,399.01,398.66,393.3,397.16,0.0,1.3827,0.0,0,0.3156,0,0.0477,0,0.0477,0,0.3197,0,0.3197,0,0.9887,1,0.9887,1,50,456.33,267.97,0,1,2025-10-02 03:29:42,16.0,85.1,,0,0,,1
2025-10-02 03:30:27,363.35,0.3164,229.23,0.4611,1.3833,234.45,231.72,221.54,399.89,397.69,393.36,396.9,0.0,1.3833,0.0,0,0.3164,0,0.048,0,0.048,0,0.3205,0,0.3205,0,0.9886,1,0.9886,1,50,456.33,267.97,0,1,2025-10-02 03:30:27,16.2,86.4,,0,0,,1
2025-10-02 03:31:12,363.36,0.3164,229.62,0.461,1.3831,235.59,231.84,221.43,400.82,398.35,393.71,397.65,0.0,1.3831,0.0,0,0.3164,0,0.0487,0,0.0487,0,0.3207,0,0.3207,0,0.9883,1,0.9883,1,50,456.34,267.97,0,1,2025-10-02 03:31:12,16.5,88.2,,0,0,,1
2025-10-02 03:31:57,363.36,0.3169,229.54,0.4613,1.384,234.68,232.06,221.89,400.2,399.22,393.05,397.46,0.0,1.384,0.0,0,0.3169,0,0.0487,0,0.0487,0,0.3212,0,0.3212,0,0.9883,1,0.9883,1,50,456.34,267.97,0,1,2025-10-02 03:31:57,16.7,89.4,,0,0,,1
2025-10-02 03:32:42,363.37,0.3155,229.17,0.4601,1.3803,234.44,231.72,221.35,399.46,398.15,392.93,396.7,0.0,1.3803,0.0,0,0.3155,0,0.0488,0,0.0488,0,0.3198,0,0.3198,0,0.9882,1,0.9882,1,50,456.34,267.97,0,1,2025-10-02 03:32:42,16.9,90.2,,0,0,,1
2025-10-02 03:33:27,363.37,0.315,229.18,0.4596,1.3788,234.41,231.56,221.57,399.75,397.98,392.89,397.03,0.0,1.3788,0.0,0,0.315,0,0.0484,0,0.0484,0,0.3193,0,0.3193,0,0.9884,1,0.9884,1,50,456.35,267.97,0,1,2025-10-02 03:33:27,17.0,90.7,,0,0,,1
2025-10-02 03:34:12,363.37,0.3159,229.24,0.4607,1.3822,234.2,231.6,221.93,399.72,398.03,393.22,396.97,0.0,1.3822,0.0,0,0.3159,0,0.0481,0,0.0481,0,0.3201,0,0.3201,0,0.9886,1,0.9886,1,50,456.35,267.97,0,1,2025-10-02 03:34:12,17.2,91,,0,0,,1
2025-10-02 03:34:57,363.38,0.3148,229.09,0.4597,1.3792,234.07,231.27,221.94,400.01,397.04,393.2,396.96,0.0,1.3792,0.0,0,0.3148,0,0.0475,0,0.0475,0,0.319,0,0.319,0,0.9887,1,0.9887,1,50,456.36,267.98,0,1,2025-10-02 03:34:57,17.4,91.6,,0,0,,1
2025-10-02 03:35:42,363.38,0.3143,229.21,0.4592,1.3777,234,231.17,222.48,399.66,397.94,393.25,396.89,0.0,1.3777,0.0,0,0.3143,0,0.0477,0,0.0477,0,0.3185,0,0.3185,0,0.9886,1,0.9886,1,50,456.36,267.98,0,1,2025-10-02 03:35:42,17.5,91.9,,0,0,,1
2025-10-02 03:36:27,363.38,0.3134,229.14,0.4587,1.3761,234.36,230.7,222.37,399.83,397,393.67,396.79,0.0,1.3761,0.0,0,0.3134,0,0.0472,0,0.0472,0,0.3175,0,0.3175,0,0.9888,1,0.9888,1,50,456.36,267.98,0,1,2025-10-02 03:36:27,17.6,92.3,,0,0,,1
2025-10-02 03:37:12,363.39,0.3147,229.24,0.4593,1.378,234.24,231.48,222.01,399.47,397.94,393.55,397,0.0,1.378,0.0,0,0.3147,0,0.0482,0,0.0482,0,0.319,0,0.319,0,0.9884,1,0.9884,1,50,456.37,267.98,0,1,2025-10-02 03:37:12,17.8,92.8,,0,0,,1
2025-10-02 03:37:57,363.39,0.3149,229.42,0.4591,1.3774,234.23,231.7,222.33,399.5,398.63,393.73,397.35,0.0,1.3774,0.0,0,0.3149,0,0.0484,0,0.0484,0,0.3191,0,0.3191,0,0.9883,1,0.9883,1,50,456.37,267.98,0,1,2025-10-02 03:37:57,17.9,93.1,,0,0,,1
2025-10-02 03:38:42,363.4,0.3147,229.42,0.4591,1.3774,234.28,231.49,222.49,399.46,398.4,394.02,397.3,0.0,1.3774,0.0,0,0.3147,0,0.0478,0,0.0478,0,0.3189,0,0.3189,0,0.9886,1,0.9886,1,50,456.38,267.98,0,1,2025-10-02 03:38:42,18.1,93.4,,0,0,,1
2025-10-02 03:39:27,363.4,0.3145,229.04,0.4587,1.3763,234.07,231.63,221.44,399.07,397.63,393.23,396.62,0.0,1.3763,0.0,0,0.3145,0,0.0484,0,0.0484,0,0.3188,0,0.3188,0,0.9883,1,0.9883,1,50,456.38,267.98,0,1,2025-10-02 03:39:27,18.2,93.4,,0,0,,1
2025-10-02 03:40:12,363.4,0.3135,228.61,0.4578,1.3736,233.17,231.19,221.47,398.19,397.27,392.21,395.88,0.0,1.3736,0.0,0,0.3135,0,0.0471,0,0.0471,0,0.3176,0,0.3176,0,0.9889,1,0.9889,1,50,456.38,267.98,0,1,2025-10-02 03:40:12,18.3,93.4,,0,0,,1
2025-10-02 03:40:57,363.43,3.4264,227.7,6.6842,20.052599999999998,232.23,230.7,220.18,396.39,396.12,390.41,394.32,6.8378,7.687,5.5278,1.2942,1.3102,0.822,3.0082,0.9189,1.1921,0.8972,4.5784,1.5879,1.7734,1.2171,0.7514,0.8153,0.7396,0.6755,50,456.42,268,1,1,2025-10-02 03:40:57,18.4,93.5,,1,0,,0
2025-10-02 03:41:42,363.47,3.4582,227.81,6.7144,20.1433,232.32,231.01,220.12,397.18,395.42,390.97,394.52,6.9002,7.7209,5.5222,1.3126,1.3188,0.8268,3.008,0.9192,1.1981,0.8907,4.6022,1.6031,1.7836,1.2155,0.7545,0.8191,0.7401,0.6803,50,456.47,268.04,1,1,2025-10-02 03:41:42,18.3,91.5,,1,0,,0
2025-10-02 03:42:27,363.51,3.4715,227.93,6.7254,20.1764,232.63,230.77,220.4,397.36,395.97,390.83,394.69,6.9267,7.7196,5.5301,1.3189,1.3187,0.8339,3.0081,0.9246,1.1951,0.8884,4.6116,1.6114,1.7815,1.2188,0.7557,0.8188,0.7409,0.6843,50,456.53,268.07,1,1,2025-10-02 03:42:27,18.2,88.2,,1,0,,0
2025-10-02 03:43:57,363.6,3.4739,228.44,6.7303,20.1909,233.12,230.94,221.26,397.33,397.03,392.39,395.62,6.9886,7.6221,5.5802,1.3183,1.3004,0.8552,3.0291,0.9558,1.1835,0.8898,4.6241,1.6292,1.7602,1.2347,0.7537,0.8095,0.7395,0.6929,50,456.65,268.15,1,1,2025-10-02 03:43:57,17.8,84.5,,1,0,,0
2025-10-02 03:44:42,363.64,3.4645,228.46,6.7202,20.160800000000002,233.03,231.08,221.29,397.61,396.83,392.48,395.61,6.9595,7.6345,5.5668,1.3131,1.303,0.8484,3.0288,0.9502,1.1862,0.8924,4.6178,1.6218,1.7642,1.2319,0.7528,0.8101,0.7394,0.689,50,456.7,268.19,1,1,2025-10-02 03:44:42,17.6,82.8,,1,0,,0
2025-10-02 03:45:27,363.69,3.4719,229.27,6.7376,20.213,235.14,231.65,221.03,399.97,397.4,393.73,397.03,7.056,7.6312,5.5258,1.3408,1.2846,0.8466,3.0675,0.9759,1.2117,0.8798,4.6483,1.6591,1.7678,1.2214,0.7494,0.8085,0.7274,0.6933,50.1,456.76,268.23,1,1,2025-10-02 03:45:27,17.4,80.6,,1,0,,0
2025-10-02 03:46:57,363.78,3.4541,229.44,6.7238,20.1716,234.52,231.43,222.39,399.91,397.88,394.26,397.34,7.0275,7.626,5.5181,1.3257,1.2847,0.8437,3.0759,0.9778,1.2074,0.8907,4.6401,1.6481,1.7649,1.2272,0.7468,0.8047,0.7286,0.6877,50,456.88,268.3,1,1,2025-10-02 03:46:57,17.0,77.9,,1,0,,0
2025-10-02 03:47:42,363.82,3.4337,229.5,6.7026,20.108,235.42,231.3,221.78,400.36,397.64,394.29,397.43,7.0265,7.6445,5.437,1.335,1.2738,0.8249,3.077,0.9752,1.2232,0.8786,4.6282,1.6542,1.7682,1.2058,0.7447,0.8074,0.7212,0.6844,50,456.94,268.34,1,1,2025-10-02 03:47:42,16.9,77.3,,1,0,,0
2025-10-02 03:48:27,363.86,3.4374,229.33,6.7043,20.113,234.44,231.14,222.42,399.74,397.92,393.78,397.17,7.0475,7.6073,5.4582,1.3288,1.2731,0.8355,3.0713,0.9808,1.2103,0.8802,4.6246,1.6522,1.7584,1.214,0.7457,0.8045,0.7247,0.6884,50,456.99,268.38,1,1,2025-10-02 03:48:27,16.7,76.3,,1,0,,0
2025-10-02 03:49:12,363.9,3.4349,229.1,6.6979,20.093899999999998,235.26,231.19,220.87,400.1,397.02,393.12,396.73,7.0241,7.6607,5.4091,1.3407,1.2756,0.8186,3.0608,0.965,1.2261,0.8696,4.6183,1.6525,1.7711,1.1947,0.7466,0.8116,0.7209,0.6854,50,457.05,268.42,1,1,2025-10-02 03:49:12,16.5,75.3,,1,0,,0
2025-10-02 03:49:57,363.95,3.4262,229.13,6.6893,20.0681,235.22,231.39,220.78,400.15,397.38,392.81,396.64,6.9888,7.6543,5.425,1.3319,1.2775,0.8168,3.0607,0.9619,1.2237,0.8751,4.6128,1.6439,1.7711,1.1977,0.7457,0.8106,0.7221,0.6823,50,457.11,268.46,1,1,2025-10-02 03:49:57,16.4,74.9,,1,0,,0
2025-10-02 03:50:42,363.99,3.4202,228.74,6.6813,20.044,234.58,230.83,220.81,399.39,396.4,392.56,396.14,7.0165,7.6176,5.4099,1.3318,1.2681,0.8203,3.0488,0.9658,1.2153,0.8678,4.5989,1.6459,1.7584,1.1946,0.7464,0.8095,0.7219,0.6869,50,457.17,268.49,1,1,2025-10-02 03:50:42,16.2,74.7,,1,0,,0
2025-10-02 03:51:27,364.03,3.4125,228.69,6.6707,20.0121,235.16,230.63,220.3,399.09,396.16,392.83,396,6.9975,7.6086,5.406,1.3312,1.2631,0.8183,3.0462,0.966,1.2155,0.8648,4.5912,1.6455,1.7548,1.1909,0.746,0.8093,0.7205,0.6873,50,457.23,268.53,1,1,2025-10-02 03:51:27,16.1,73.6,,1,0,,0
2025-10-02 03:52:12,364.08,3.41,228.52,6.6615,19.9845,234.91,230.52,220.14,398.87,395.92,392.39,396.17,6.9829,7.5945,5.4071,1.3277,1.2635,0.8187,3.0332,0.9616,1.2086,0.8629,4.5814,1.6404,1.7507,1.1903,0.7471,0.8098,0.7226,0.6882,50,457.28,268.57,1,1,2025-10-02 03:52:12,16.0,73.3,,1,0,,0
2025-10-02 03:52:57,364.12,3.4037,229,6.6614,19.984299999999998,235.28,231.05,220.67,399.85,396.61,393.22,396.48,6.9908,7.5902,5.4033,1.3274,1.2604,0.816,3.0545,0.9697,1.2163,0.8685,4.5909,1.6448,1.7537,1.1923,0.7442,0.8074,0.7195,0.6847,50,457.34,268.61,1,1,2025-10-02 03:52:57,15.8,73,,1,0,,0
2025-10-02 03:53:42,364.16,3.4064,228.87,6.6581,19.9743,234.84,231.39,220.4,399.28,397.32,392.38,396.34,6.8937,7.6365,5.4441,1.3124,1.2823,0.8117,3.0427,0.9466,1.2129,0.8832,4.5858,1.6189,1.767,1.1999,0.7457,0.811,0.7264,0.6766,50.1,457.4,268.65,1,1,2025-10-02 03:53:42,15.7,72.9,,1,0,,0
2025-10-02 03:54:27,364.2,3.4063,228.93,6.6634,19.9903,234.54,231.38,220.87,399.23,397.27,392.81,396.39,6.8997,7.646,5.4446,1.3105,1.2838,0.812,3.0481,0.9478,1.2141,0.8862,4.5899,1.6183,1.7691,1.2025,0.7452,0.8102,0.7265,0.6755,50,457.45,268.68,1,1,2025-10-02 03:54:27,15.6,72.8,,1,0,,0
2025-10-02 03:55:57,364.29,3.4027,228.31,6.6492,19.9478,233.65,231.07,220.23,397.72,396.78,391.57,395.34,6.8357,7.6617,5.4504,1.2998,1.2954,0.8074,3.0186,0.9269,1.204,0.8877,4.5679,1.5972,1.7704,1.2003,0.748,0.8141,0.7324,0.6728,50,457.57,268.76,1,1,2025-10-02 03:55:57,15.5,72.1,,1,0,,0
2025-10-02 03:57:27,364.37,3.4033,228.62,6.6545,19.9636,234.93,230.75,220.2,399.11,396.58,392,395.9,6.9345,7.6626,5.3665,1.3265,1.2756,0.8011,3.0352,0.9447,1.2221,0.8684,4.579,1.6291,1.7681,1.1817,0.7463,0.8145,0.722,0.678,50,457.68,268.84,1,1,2025-10-02 03:57:27,15.3,72.3,,1,0,,0
2025-10-02 03:58:12,364.41,0.3206,229.08,0.4669,1.4008,235.56,230.67,221.02,400.1,397.49,392.47,396.64,0.0,1.4008,0.0,0,0.3196,0,0.044,0,0.044,0,0.3231,0,0.3231,0,0.9907,1,0.9906,1,50,457.73,268.87,0,1,2025-10-02 03:58:12,15.3,72.6,,0,0,,1
2025-10-02 03:58:57,364.41,0.3179,229.24,0.4642,1.3928,235.48,230.78,221.46,400.09,397.47,393.35,396.96,0.0,1.3928,0.0,0,0.3179,0,0.0448,0,0.0448,0,0.3214,0,0.3214,0,0.9902,1,0.99,1,50,457.74,268.87,0,1,2025-10-02 03:58:57,15.3,73.4,,0,0,,1
2025-10-02 03:59:42,364.42,0.3173,229.07,0.4631,1.3894,235.29,231.41,220.53,399.99,397.21,392.86,396.75,0.0,1.3894,0.0,0,0.3173,0,0.0466,0,0.0466,0,0.3215,0,0.3215,0,0.9893,1,0.9894,1,50,457.74,268.87,0,1,2025-10-02 03:59:42,15.3,76.4,,0,0,,1
2025-10-02 04:00:27,364.42,0.3179,229.43,0.4621,1.3863,235.77,231.92,220.62,400.72,397.36,393.87,397.36,0.0,1.3863,0.0,0,0.3179,0,0.0474,0,0.0474,0,0.3215,0,0.3215,0,0.989,1,0.9889,1,50,457.74,268.87,0,1,2025-10-02 04:00:27,15.5,79.3,,0,0,,1
2025-10-02 04:01:12,364.43,0.3158,229.2,0.4614,1.3843,235.88,231.22,220.52,400.27,396.63,393.85,396.89,0.0,1.3843,0.0,0,0.3158,0,0.0471,0,0.0471,0,0.3201,0,0.3201,0,0.989,1,0.9891,1,50,457.75,268.87,0,1,2025-10-02 04:01:12,15.7,82.4,,0,0,,1
2025-10-02 04:01:57,364.43,0.3157,229.16,0.4608,1.3825,235.53,231.19,220.77,400.13,397.14,393.24,396.83,0.0,1.3825,0.0,0,0.3157,0,0.047,0,0.047,0,0.3196,0,0.3196,0,0.9891,1,0.989,1,50,457.75,268.87,0,1,2025-10-02 04:01:57,15.9,84.1,,0,0,,1
2025-10-02 04:02:42,364.43,0.315,229.02,0.4605,1.3817,234.7,230.88,221.49,399.77,396.82,393.25,396.61,0.0,1.3817,0.0,0,0.315,0,0.047,0,0.047,0,0.319,0,0.319,0,0.989,1,0.989,1,50,457.76,268.87,0,1,2025-10-02 04:02:42,16.1,85.4,,0,0,,1
2025-10-02 04:03:27,364.44,0.3141,228.84,0.4596,1.379,234.97,230.76,220.79,399.52,396.84,392.48,396.26,0.0,1.379,0.0,0,0.3141,0,0.0472,0,0.0472,0,0.3182,0,0.3182,0,0.9889,1,0.9889,1,49.9,457.76,268.87,0,1,2025-10-02 04:03:27,16.3,86.8,,0,0,,1
2025-10-02 04:04:12,364.44,0.3132,228.36,0.4594,1.3782,234.64,230.13,220.33,398.75,395.9,391.72,395.47,0.0,1.3782,0.0,0,0.3132,0,0.0465,0,0.0465,0,0.3172,0,0.3172,0,0.9891,1,0.9891,1,49.9,457.76,268.87,0,1,2025-10-02 04:04:12,16.5,88.1,,0,0,,1
2025-10-02 04:04:57,364.45,0.3124,228.14,0.4586,1.3759,234.48,229.94,220.01,398.21,395.96,390.99,395.04,0.0,1.3759,0.0,0,0.3124,0,0.0463,0,0.0463,0,0.3164,0,0.3164,0,0.9891,1,0.9891,1,49.9,457.77,268.87,0,1,2025-10-02 04:04:57,16.8,89.2,,0,0,,1
2025-10-02 04:05:42,364.45,0.3123,227.95,0.4583,1.375,234.58,230.05,219.24,398.48,395.55,390.16,394.69,0.0,1.375,0.0,0,0.3123,0,0.0466,0,0.0466,0,0.3163,0,0.3163,0,0.989,1,0.989,1,49.9,457.77,268.87,0,1,2025-10-02 04:05:42,17.0,90.4,,0,0,,1
2025-10-02 04:06:27,364.45,0.3124,228.12,0.4582,1.3747,234.13,230.15,220.08,398.51,395.49,391.12,395.1,0.0,1.3747,0.0,0,0.3124,0,0.0464,0,0.0464,0,0.3164,0,0.3164,0,0.9891,1,0.9891,1,50,457.78,268.88,0,1,2025-10-02 04:06:27,17.1,90.9,,0,0,,1
2025-10-02 04:07:12,364.46,0.3141,228.15,0.4589,1.3767,232.99,231.22,220.26,398.47,396.22,390.65,395.12,0.0,1.3767,0.0,0,0.3141,0,0.0477,0,0.0477,0,0.3183,0,0.3183,0,0.9886,1,0.9886,1,50,457.78,268.88,0,1,2025-10-02 04:07:12,17.3,91.3,,0,0,,1
2025-10-02 04:07:57,364.46,0.3155,228.25,0.4601,1.3804,231.81,231.55,221.39,397.71,397.08,391.05,395.21,0.0,1.3804,0.0,0,0.3155,0,0.0478,0,0.0478,0,0.3196,0,0.3196,0,0.9887,1,0.9887,1,50,457.78,268.88,0,1,2025-10-02 04:07:57,17.5,91.7,,0,0,,1
2025-10-02 04:08:42,364.46,0.3139,228.28,0.4587,1.3762,231.72,231.03,222.11,397.43,396.35,392.3,395.39,0.0,1.3762,0.0,0,0.3139,0,0.047,0,0.047,0,0.3179,0,0.3179,0,0.9889,1,0.9889,1,50,457.79,268.88,0,1,2025-10-02 04:08:42,17.6,91.6,,0,0,,1
2025-10-02 04:09:27,364.47,0.3139,228.16,0.4587,1.3762,232.03,231.03,221.43,397.37,396.5,391.53,395.17,0.0,1.3762,0.0,0,0.3139,0,0.0471,0,0.0471,0,0.3179,0,0.3179,0,0.9889,1,0.9889,1,50,457.79,268.88,0,1,2025-10-02 04:09:27,17.7,92.3,,0,0,,1
2025-10-02 04:10:12,364.47,0.3141,228.22,0.4587,1.3763,232.18,231.15,221.33,397.75,396.52,391.43,395.16,0.0,1.3763,0.0,0,0.3141,0,0.0471,0,0.0471,0,0.3181,0,0.3181,0,0.9889,1,0.9889,1,50,457.8,268.88,0,1,2025-10-02 04:10:12,17.9,92.5,,0,0,,1
2025-10-02 04:10:57,364.48,0.3133,228.22,0.4583,1.3751,232.6,230.77,221.3,397.4,396.72,391.54,395.19,0.0,1.3751,0.0,0,0.3133,0,0.0468,0,0.0468,0,0.3173,0,0.3173,0,0.989,1,0.989,1,50,457.8,268.88,0,1,2025-10-02 04:10:57,18.0,92.9,,0,0,,1
2025-10-02 04:11:42,364.48,0.3126,228.13,0.4578,1.3735,232.73,230.43,221.23,397.87,395.77,391.6,395.06,0.0,1.3735,0.0,0,0.3126,0,0.0463,0,0.0463,0,0.3165,0,0.3165,0,0.9892,1,0.9892,1,50,457.8,268.88,0,1,2025-10-02 04:11:42,18.1,93.3,,0,0,,1
2025-10-02 04:12:27,364.48,0.3124,228.06,0.4578,1.3736,233.36,230.24,220.59,397.77,395.39,391.68,394.92,0.0,1.3736,0.0,0,0.3124,0,0.046,0,0.046,0,0.3163,0,0.3163,0,0.9893,1,0.9893,1,50,457.81,268.88,0,1,2025-10-02 04:12:27,18.2,93.3,,0,0,,1
2025-10-02 04:13:12,364.52,3.4319,226.76,6.6715,20.0146,232.05,228.8,219.45,395.15,393.72,389.2,392.71,6.9121,7.6298,5.4727,1.3106,1.2904,0.8309,2.9626,0.9233,1.1729,0.8665,4.5506,1.604,1.7457,1.201,0.7569,0.8174,0.74,0.6921,50,457.85,268.91,1,1,2025-10-02 04:13:12,18.3,93.1,,1,0,,0
2025-10-02 04:13:57,364.56,3.4314,226.73,6.6655,19.9965,232.83,228.6,218.78,395.89,393.2,388.82,392.62,6.9655,7.6317,5.3993,1.3297,1.2787,0.823,2.9584,0.9273,1.1843,0.8469,4.5476,1.6218,1.7446,1.1813,0.7573,0.8202,0.7336,0.6969,50,457.91,268.95,1,1,2025-10-02 04:13:57,18.2,90.4,,1,0,,0
2025-10-02 04:14:42,364.6,3.4288,226.76,6.6604,19.9812,232.13,228.57,219.6,395.05,393.62,389.4,392.67,6.9332,7.5836,5.4644,1.3114,1.2807,0.8367,2.9564,0.9315,1.1654,0.8595,4.5428,1.6094,1.7334,1.2,0.7573,0.8152,0.7396,0.6975,50,457.97,268.98,1,1,2025-10-02 04:14:42,18.1,87.4,,1,0,,0
2025-10-02 04:15:27,364.65,3.43,226.48,6.6624,19.987199999999998,231.63,228.75,219.06,394.89,393.25,388.44,392.19,6.9026,7.6161,5.4685,1.3078,1.2913,0.8309,2.9476,0.9185,1.1668,0.8623,4.539,1.5988,1.7422,1.1979,0.7584,0.8183,0.7419,0.6938,50,458.02,269.02,1,1,2025-10-02 04:15:27,17.9,85.4,,1,0,,0
2025-10-02 04:16:12,364.69,3.4285,227.27,6.6757,20.0271,233.43,229.31,219.08,396.68,394.38,389.6,393.53,6.9622,7.6577,5.4072,1.3298,1.2807,0.818,2.9879,0.9329,1.1988,0.8562,4.5658,1.6252,1.756,1.1846,0.7538,0.8186,0.73,0.6908,49.9,458.08,269.06,1,1,2025-10-02 04:16:12,17.8,83.8,,1,0,,0
2025-10-02 04:16:57,364.73,3.427,227.13,6.6697,20.0091,232.67,229.52,219.21,396.3,394.23,389.45,393.36,6.89,7.6636,5.4555,1.3119,1.2949,0.8203,2.9771,0.9199,1.1877,0.8695,4.5579,1.6031,1.7589,1.1959,0.7549,0.8187,0.7369,0.6862,50,458.14,269.09,1,1,2025-10-02 04:16:57,17.6,81.6,,1,0,,0
2025-10-02 04:18:27,364.82,3.4164,227.39,6.6605,19.9816,233.09,230.04,219.04,397.1,394.67,389.53,393.83,6.8907,7.6783,5.4126,1.3162,1.2923,0.8079,2.9879,0.9192,1.2014,0.8673,4.558,1.6062,1.7663,1.1856,0.7527,0.8198,0.7323,0.6816,50,458.25,269.17,1,1,2025-10-02 04:18:27,17.2,79.2,,1,0,,0
2025-10-02 04:19:57,364.9,3.4118,227.61,6.6506,19.951999999999998,233.91,229.76,219.16,397.21,394.4,390.83,394.18,6.9776,7.5963,5.3781,1.3304,1.2658,0.8157,2.9925,0.9439,1.1987,0.85,4.5561,1.6321,1.7453,1.1787,0.7517,0.8155,0.726,0.6923,50,458.36,269.24,1,1,2025-10-02 04:19:57,16.8,77.3,,1,0,,0
2025-10-02 04:20:42,364.94,3.4111,228.03,6.6606,19.982,234.18,230.88,219.03,398.34,395.19,391.1,394.87,6.9568,7.6313,5.3939,1.3282,1.2746,0.8084,3.0165,0.942,1.2135,0.861,4.5725,1.6291,1.7619,1.1814,0.7491,0.8156,0.7242,0.6844,50,458.42,269.28,1,1,2025-10-02 04:20:42,16.7,76.4,,1,0,,0
2025-10-02 04:21:27,364.99,3.4147,227.89,6.6649,19.994799999999998,233.48,230.91,219.3,397.62,395.56,390.74,394.66,6.9151,7.6357,5.444,1.3149,1.2856,0.8142,3.0114,0.9354,1.2036,0.8724,4.5716,1.6145,1.7632,1.1939,0.75,0.8148,0.7299,0.6823,50,458.48,269.32,1,1,2025-10-02 04:21:27,16.5,75.4,,1,0,,0
2025-10-02 04:22:57,365.07,3.406,227.15,6.6466,19.939999999999998,232.03,230.17,219.26,395.92,395.03,389.11,393.31,6.8495,7.6399,5.4506,1.2982,1.2958,0.812,2.9775,0.9154,1.1858,0.8763,4.5429,1.5893,1.7585,1.1951,0.7528,0.8172,0.7377,0.6797,50,458.59,269.39,1,1,2025-10-02 04:22:57,16.2,74,,1,0,,0
2025-10-02 04:24:27,365.16,3.3944,227.37,6.6381,19.914299999999997,231.5,230.92,219.7,396.67,394.87,389.76,393.75,6.8103,7.6628,5.4412,1.2882,1.3046,0.8016,2.9856,0.9072,1.1922,0.8861,4.5415,1.5766,1.7695,1.1954,0.7508,0.8176,0.7381,0.6708,50,458.71,269.47,1,1,2025-10-02 04:24:27,15.9,73.5,,1,0,,0
2025-10-02 04:25:12,365.2,3.3959,227.47,6.6391,19.9174,231.5,231.01,219.92,396.66,395.06,390.12,393.94,6.8073,7.6364,5.4737,1.2835,1.303,0.8093,2.9893,0.9128,1.186,0.8905,4.5438,1.5759,1.7641,1.2038,0.7506,0.8149,0.7395,0.6725,50,458.76,269.5,1,1,2025-10-02 04:25:12,15.8,73.5,,1,0,,0
2025-10-02 04:25:57,365.24,3.3928,227.4,6.6336,19.901,231.4,231.11,219.69,396.33,395.38,389.69,393.77,6.8006,7.6492,5.4512,1.2855,1.3047,0.8026,2.9833,0.906,1.1894,0.8879,4.539,1.5737,1.7678,1.1976,0.7509,0.8173,0.739,0.6705,50,458.82,269.54,1,1,2025-10-02 04:25:57,15.7,73.7,,1,0,,0
2025-10-02 04:27:27,365.33,3.3885,227.27,6.6251,19.8755,231.17,231.52,219.12,396.34,395.16,389.23,393.6,6.7593,7.6389,5.4773,1.2768,1.3098,0.8019,2.9756,0.8988,1.1847,0.892,4.5313,1.5625,1.7686,1.2002,0.7514,0.8177,0.7416,0.6685,50,458.93,269.62,1,1,2025-10-02 04:27:27,15.6,73.8,,1,0,,0
2025-10-02 04:28:57,365.41,3.3944,227.76,6.64,19.92,231.35,231.36,220.58,396.65,396.19,390.47,394.46,6.7888,7.6357,5.4955,1.276,1.3076,0.8108,2.9982,0.9138,1.1843,0.9001,4.5494,1.5706,1.7666,1.2122,0.7494,0.813,0.7411,0.6692,50,459.05,269.69,1,1,2025-10-02 04:28:57,15.4,72.6,,1,0,,0
2025-10-02 04:29:42,365.46,3.3891,228.41,6.643,19.929000000000002,233.27,231.13,220.85,398.52,396.65,391.51,395.56,6.8476,7.6371,5.4443,1.294,1.2885,0.8065,3.0302,0.9352,1.2037,0.8913,4.5649,1.5973,1.7652,1.2024,0.7454,0.8104,0.7307,0.6709,50,459.1,269.73,1,1,2025-10-02 04:29:42,15.4,72.8,,1,0,,0
2025-10-02 04:30:27,365.5,0.3227,229.81,0.487,1.461,235.75,231.81,221.88,401.32,398.2,394.41,397.08,0.0516,1.4094,0.0,0,0.3227,0,0.0458,0,0.0458,0,0.3389,0.0122,0.3267,0,0.9901,1,0.9901,1,50,459.16,269.77,0,1,2025-10-02 04:30:27,15.3,72.4,,0,0,,1
2025-10-02 04:31:12,365.5,0.3206,229.59,0.4663,1.3991,235.89,232.1,220.79,401.33,397.56,393.89,397.63,0.0,1.3991,0.0,0,0.3206,0,0.0471,0,0.0471,0,0.3247,0,0.3247,0,0.9893,1,0.9893,1,50,459.16,269.77,0,1,2025-10-02 04:31:12,15.3,73.2,,0,0,,1
2025-10-02 04:31:57,365.5,0.3191,229.25,0.4639,1.3919,236.23,232.34,219.19,400.96,397.13,392.85,397,0.0,1.3919,0.0,0,0.3191,0,0.0484,0,0.0484,0,0.3234,0,0.3234,0,0.9886,1,0.9886,1,50,459.17,269.77,0,1,2025-10-02 04:31:57,15.3,75.8,,0,0,,1
2025-10-02 04:32:42,365.51,0.3187,229.08,0.4634,1.3903,235.57,232.34,219.33,400.24,396.99,392.82,396.63,0.0,1.3903,0.0,0,0.3187,0,0.0486,0,0.0486,0,0.323,0,0.323,0,0.9885,1,0.9885,1,50,459.17,269.77,0,1,2025-10-02 04:32:42,15.4,79.3,,0,0,,1
2025-10-02 04:33:27,365.51,0.3173,228.54,0.4623,1.3869,235.54,231.8,218.29,399.6,395.92,391.71,395.71,0.0,1.3869,0.0,0,0.3173,0,0.0478,0,0.0478,0,0.3215,0,0.3215,0,0.9888,1,0.9888,1,50,459.18,269.77,0,1,2025-10-02 04:33:27,15.7,82.3,,0,0,,1
2025-10-02 04:34:12,365.52,0.3171,228.44,0.462,1.3862,234.88,231.81,218.64,399.35,395.92,391.49,395.61,0.0,1.3862,0.0,0,0.3171,0,0.0482,0,0.0482,0,0.3213,0,0.3213,0,0.9886,1,0.9886,1,50,459.18,269.77,0,1,2025-10-02 04:34:12,15.9,84.6,,0,0,,1
2025-10-02 04:34:57,365.52,0.3168,228.49,0.4618,1.3854,234.25,231.76,219.48,398.97,396.66,391.4,395.63,0.0,1.3854,0.0,0,0.3168,0,0.0483,0,0.0483,0,0.3211,0,0.3211,0,0.9885,1,0.9885,1,50,459.18,269.77,0,1,2025-10-02 04:34:57,16.2,86.3,,0,0,,1
2025-10-02 04:35:42,365.52,0.3167,228.73,0.4609,1.3829,234.08,232.21,219.9,399.39,396.56,392.35,396.04,0.0,1.3829,0.0,0,0.3167,0,0.0489,0,0.0489,0,0.3211,0,0.3211,0,0.9882,1,0.9882,1,50,459.19,269.77,0,1,2025-10-02 04:35:42,16.4,87.6,,0,0,,1
2025-10-02 04:36:27,365.53,0.3179,228.39,0.4611,1.3833,233.06,232.05,220.07,399.07,396.27,391.26,395.53,0.0,1.3833,0.0,0,0.3167,0,0.048,0,0.048,0,0.321,0,0.321,0,0.9887,1,0.9886,1,50,459.19,269.77,0,1,2025-10-02 04:36:27,16.6,88.9,,0,0,,1
2025-10-02 04:37:12,365.53,0.3159,228.65,0.4605,1.3816,232.42,231.72,221.81,398.53,397.22,392.19,395.95,0.0,1.3816,0.0,0,0.3159,0,0.0477,0,0.0477,0,0.3201,0,0.3201,0,0.9888,1,0.9888,1,50,459.2,269.77,0,1,2025-10-02 04:37:12,16.8,89.8,,0,0,,1
2025-10-02 04:37:57,365.54,0.3163,228.3,0.4607,1.3823,232.02,231.87,221.03,398.02,396.89,391.24,395.35,0.0,1.3823,0.0,0,0.3163,0,0.0477,0,0.0477,0,0.3205,0,0.3205,0,0.9888,1,0.9888,1,50,459.2,269.77,0,1,2025-10-02 04:37:57,17.0,90.5,,0,0,,1
2025-10-02 04:38:42,365.54,0.315,228.49,0.4597,1.3793,232.89,231.4,221.19,398.6,396.59,391.93,395.64,0.0,1.3793,0.0,0,0.315,0,0.0475,0,0.0475,0,0.3192,0,0.3192,0,0.9888,1,0.9888,1,50,459.2,269.77,0,1,2025-10-02 04:38:42,17.2,91,,0,0,,1
2025-10-02 04:39:27,365.54,0.3158,228.35,0.4599,1.3797,232.57,232.07,220.41,398.4,396.42,391.55,395.41,0.0,1.3797,0.0,0,0.3158,0,0.0484,0,0.0484,0,0.3202,0,0.3202,0,0.9884,1,0.9884,1,50,459.21,269.77,0,1,2025-10-02 04:39:27,17.3,91.6,,0,0,,1
2025-10-02 04:40:12,365.55,0.3174,228.49,0.4602,1.3808,232.67,232.31,220.49,398.78,396.54,391.79,395.76,0.0,1.3808,0.0,0,0.3164,0,0.0485,0,0.0485,0,0.3208,0,0.3208,0,0.9885,1,0.9884,1,50,459.21,269.77,0,1,2025-10-02 04:40:12,17.5,92.1,,0,0,,1
2025-10-02 04:40:57,365.55,0.3159,228.44,0.4599,1.3797,232.73,232.08,220.51,398.27,396.76,391.78,395.6,0.0,1.3797,0.0,0,0.3159,0,0.0482,0,0.0482,0,0.3202,0,0.3202,0,0.9885,1,0.9885,1,50,459.22,269.77,0,1,2025-10-02 04:40:57,17.7,92.4,,0,0,,1
2025-10-02 04:41:42,365.56,0.3165,228.4,0.4604,1.3814,232.41,232.22,220.58,398.77,395.85,392.07,395.57,0.0,1.3814,0.0,0,0.3165,0,0.0482,0,0.0482,0,0.3208,0,0.3208,0,0.9885,1,0.9885,1,50,459.22,269.77,0,1,2025-10-02 04:41:42,17.8,92.6,,0,0,,1
2025-10-02 04:42:27,365.56,0.3161,228.46,0.4597,1.3792,232.46,232.37,220.55,398.29,397.13,391.49,395.57,0.0,1.3792,0.0,0,0.3161,0,0.0484,0,0.0484,0,0.3205,0,0.3205,0,0.9885,1,0.9885,1,50,459.22,269.78,0,1,2025-10-02 04:42:27,17.9,92.7,,0,0,,1
2025-10-02 04:43:12,365.56,0.3148,228.45,0.4591,1.3774,232.97,231.53,220.86,398.07,396.9,391.89,395.73,0.0,1.3774,0.0,0,0.3148,0,0.0471,0,0.0471,0,0.3189,0,0.3189,0,0.9889,1,0.9889,1,50,459.23,269.78,0,1,2025-10-02 04:43:12,18.0,93.1,,0,0,,1
2025-10-02 04:43:57,365.57,0.3146,228.72,0.4588,1.3766,233.23,231.5,221.43,398.71,397.08,392.49,396.08,0.0,1.3766,0.0,0,0.3146,0,0.0469,0,0.0469,0,0.3187,0,0.3187,0,0.989,1,0.989,1,50,459.23,269.78,0,1,2025-10-02 04:43:57,18.1,93.3,,0,0,,1
2025-10-02 04:44:42,365.59,3.4233,228.53,6.6885,20.0655,233.04,231.33,221.22,398.37,397.07,391.83,395.76,6.9174,7.6669,5.4812,1.3074,1.2962,0.8197,3.0424,0.9417,1.2077,0.893,4.5982,1.612,1.7736,1.2126,0.7474,0.8114,0.7316,0.6762,50,459.26,269.8,1,1,2025-10-02 04:44:42,18.3,93.5,,1,0,,0
2025-10-02 04:45:27,365.63,3.4489,228.51,6.7117,20.1353,232.44,231.02,222.09,398.07,396.85,392.34,395.72,6.9469,7.6366,5.5518,1.3036,1.3016,0.8436,3.0381,0.9516,1.1879,0.8987,4.6119,1.6147,1.7642,1.233,0.7503,0.8077,0.7386,0.6844,50,459.32,269.83,1,1,2025-10-02 04:45:27,18.3,91.7,,1,0,,0
2025-10-02 04:46:57,365.72,3.4471,228.31,6.7115,20.134700000000002,231.95,231.17,221.83,397.8,396.26,392.17,395.38,6.9419,7.6291,5.5637,1.2999,1.3034,0.8438,3.0343,0.9488,1.1853,0.9002,4.608,1.6102,1.7636,1.2342,0.7506,0.8077,0.7398,0.6839,50,459.44,269.91,1,1,2025-10-02 04:46:57,18.0,86.1,,1,0,,0
2025-10-02 04:47:42,365.76,3.4442,228.51,6.7095,20.128500000000003,232.75,230.91,221.88,398.21,396.24,392.8,395.71,6.9824,7.6192,5.5269,1.3108,1.2914,0.8421,3.0413,0.959,1.1916,0.8906,4.6108,1.6252,1.7593,1.2263,0.7495,0.807,0.7349,0.687,50,459.49,269.95,1,1,2025-10-02 04:47:42,17.9,83.9,,1,0,,0
2025-10-02 04:48:27,365.81,3.4447,228.53,6.7085,20.1257,233.39,231.47,220.73,398.35,396.68,392.23,395.79,6.9587,7.6681,5.4989,1.3187,1.2982,0.8278,3.0403,0.9463,1.2071,0.8868,4.6128,1.6241,1.7749,1.2138,0.7497,0.8124,0.7323,0.6823,50,459.55,269.99,1,1,2025-10-02 04:48:27,17.6,81.4,,1,0,,0
2025-10-02 04:49:12,365.85,3.4453,228.78,6.7063,20.119,234.57,231.21,220.58,398.75,396.86,392.93,396.14,7.0283,7.643,5.4477,1.3381,1.2799,0.8273,3.0481,0.9616,1.2156,0.8708,4.6174,1.6486,1.7671,1.2017,0.7489,0.812,0.725,0.6887,50,459.61,270.02,1,1,2025-10-02 04:49:12,17.4,80.3,,1,0,,0
2025-10-02 04:49:57,365.89,3.4414,228.92,6.7046,20.114,233.52,231.94,221.31,398.62,398.09,392.55,396.44,6.9492,7.6642,5.5006,1.3154,1.2998,0.8263,3.0514,0.9487,1.2095,0.8931,4.6177,1.6228,1.7776,1.2173,0.7482,0.811,0.732,0.679,50,459.67,270.06,1,1,2025-10-02 04:49:57,17.2,78.6,,1,0,,0
2025-10-02 04:50:42,365.93,3.4253,228.27,6.6749,20.0247,232.49,231.17,221.16,397.5,396.47,391.98,395.31,6.8899,7.6353,5.4995,1.2995,1.3005,0.8253,3.0177,0.9349,1.1902,0.8925,4.5832,1.6018,1.7651,1.2163,0.7503,0.8117,0.7376,0.6789,50,459.72,270.1,1,1,2025-10-02 04:50:42,17.0,78.4,,1,0,,0
2025-10-02 04:51:27,365.98,3.4173,227.6,6.6529,19.958800000000004,231.98,229.99,220.84,396.08,395.47,390.9,394.1,6.8935,7.5845,5.4808,1.2968,1.2897,0.8308,2.985,0.9341,1.1715,0.8794,4.5539,1.5992,1.7444,1.2104,0.7531,0.8113,0.7402,0.6867,50,459.78,270.14,1,1,2025-10-02 04:51:27,16.8,77.7,,1,0,,0
2025-10-02 04:52:57,366.07,3.4204,227.54,6.6615,19.9845,231.43,230.29,220.91,396.48,396.34,389.31,394,6.8524,7.6433,5.4888,1.2906,1.306,0.8238,2.9863,0.92,1.1772,0.8891,4.5586,1.5859,1.7602,1.2125,0.7532,0.8142,0.7427,0.6796,50,459.9,270.21,1,1,2025-10-02 04:52:57,16.6,75.7,,1,0,,0
2025-10-02 04:54:27,366.15,3.4145,227.86,6.658,19.9742,230.91,230.66,222.01,396.56,396.24,391.05,394.64,6.8656,7.5724,5.5362,1.2785,1.2988,0.8373,3.0015,0.9364,1.1656,0.8995,4.5611,1.5853,1.7466,1.2291,0.751,0.8067,0.7442,0.6813,50,460.01,270.29,1,1,2025-10-02 04:54:27,16.3,74.1,,1,0,,0
2025-10-02 04:55:12,366.19,3.4161,228.02,6.6596,19.9788,231.67,230.22,222.19,396.6,396.26,391.84,394.84,6.8988,7.5471,5.5329,1.2843,1.288,0.8438,3.0063,0.9497,1.1633,0.8933,4.5651,1.5982,1.7375,1.2294,0.7507,0.804,0.7421,0.6866,50,460.07,270.32,1,1,2025-10-02 04:55:12,16.1,73.9,,1,0,,0
2025-10-02 04:55:57,366.23,3.4218,227.94,6.6626,19.9879,231.03,230.66,222.15,396.4,396.42,391.48,394.81,6.877,7.545,5.5659,1.2777,1.2971,0.847,3,0.9427,1.1573,0.9,4.5656,1.5888,1.7403,1.2365,0.7519,0.8046,0.7461,0.6853,50,460.12,270.36,1,1,2025-10-02 04:55:57,16.0,73.3,,1,0,,0
2025-10-02 04:57:27,366.32,3.4091,227.69,6.6416,19.924799999999998,231.15,230.85,221.09,396.01,396.21,390.73,394.31,6.7989,7.5735,5.5524,1.2711,1.3051,0.8329,2.9849,0.923,1.1607,0.9012,4.5475,1.5716,1.7483,1.2276,0.7523,0.8091,0.7472,0.6787,50.1,460.24,270.44,1,1,2025-10-02 04:57:27,15.8,72.8,,1,0,,0
2025-10-02 04:58:12,366.36,3.4063,228.19,6.6486,19.945999999999998,231.86,231.13,221.6,397.4,396.84,391.33,395.21,6.8468,7.5926,5.5066,1.2822,1.2977,0.8264,3.0097,0.9344,1.1782,0.8971,4.5626,1.5875,1.7549,1.2203,0.7493,0.8081,0.7403,0.6775,50.1,460.29,270.47,1,1,2025-10-02 04:58:12,15.7,73.7,,1,0,,0
2025-10-02 04:58:57,366.4,3.4044,228.43,6.6484,19.9452,232.87,230.79,221.65,398.12,396.72,391.96,395.57,6.8904,7.5898,5.465,1.2952,1.2852,0.824,3.0204,0.9457,1.1874,0.8873,4.5675,1.6046,1.7516,1.2113,0.748,0.8076,0.7344,0.6804,50.1,460.35,270.51,1,1,2025-10-02 04:58:57,15.6,72.4,,1,0,,0
2025-10-02 05:00:27,366.49,3.4038,228.37,6.6482,19.9446,232.68,231.42,221.02,397.31,397.92,391.14,395.53,6.8569,7.6382,5.4495,1.2955,1.2971,0.8112,3.0169,0.9296,1.1978,0.8895,4.5675,1.5955,1.7676,1.2044,0.7483,0.8124,0.7346,0.6738,50.1,460.47,270.59,1,1,2025-10-02 05:00:27,15.4,73,,1,0,,0
2025-10-02 05:01:12,366.53,3.4021,228.45,6.6453,19.9361,232.78,231.43,221.15,397.91,397.2,391.74,395.65,6.8969,7.5929,5.4463,1.2991,1.286,0.8169,3.0211,0.9418,1.1947,0.8845,4.5671,1.6055,1.7572,1.2044,0.7477,0.8096,0.7326,0.6784,50.1,460.52,270.63,1,1,2025-10-02 05:01:12,15.4,72.9,,1,0,,0
2025-10-02 05:01:57,366.56,0.3225,229.35,0.4682,1.4046,233.56,232.36,222.15,400.06,398.54,392.99,397.21,0.0,1.4046,0.0,0,0.3225,0,0.0462,0,0.0462,0,0.3264,0,0.3264,0,0.9898,1,0.9898,1,50.1,460.56,270.65,0,1,2025-10-02 05:01:57,15.3,71.7,,0,0,,1
2025-10-02 05:02:42,366.57,0.3182,229.26,0.4633,1.39,233.29,231.89,222.6,399.54,398.03,393.54,397.02,0.0,1.39,0.0,0,0.3182,0,0.0471,0,0.0471,0,0.3223,0,0.3223,0,0.9892,1,0.9892,1,50.1,460.57,270.65,0,1,2025-10-02 05:02:42,15.3,73.4,,0,0,,1
2025-10-02 05:03:27,366.57,0.3177,229.45,0.4633,1.3901,233.26,231.46,223.63,400.01,398.27,393.85,397.32,0.0,1.3901,0.0,0,0.3177,0,0.0465,0,0.0465,0,0.3218,0,0.3218,0,0.9894,1,0.9894,1,50.1,460.57,270.65,0,1,2025-10-02 05:03:27,15.3,76.1,,0,0,,1
2025-10-02 05:04:12,366.57,0.3174,229.08,0.4623,1.3871,232.41,231.81,223.04,398.66,398.12,393.44,396.77,0.0,1.3871,0.0,0,0.3174,0,0.0469,0,0.0469,0,0.3215,0,0.3215,0,0.9892,1,0.9892,1,50.1,460.57,270.65,0,1,2025-10-02 05:04:12,15.5,79.1,,0,0,,1
2025-10-02 05:04:57,366.58,0.3152,228.92,0.4608,1.3826,233.03,230.79,222.95,398.41,397.8,393.13,396.46,0.0,1.3826,0.0,0,0.3152,0,0.0456,0,0.0456,0,0.3191,0,0.3191,0,0.9896,1,0.9896,1,50,460.58,270.65,0,1,2025-10-02 05:04:57,15.7,82.8,,0,0,,1
2025-10-02 05:05:42,366.58,0.3143,228.51,0.4602,1.3806,232.85,230.48,222.22,398.49,396.13,392.66,395.76,0.0,1.3806,0.0,0,0.3143,0,0.0458,0,0.0458,0,0.3182,0,0.3182,0,0.9895,1,0.9895,1,50.1,460.58,270.65,0,1,2025-10-02 05:05:42,15.9,85.1,,0,0,,1
2025-10-02 05:06:27,366.59,0.3157,228.52,0.461,1.3831,232.62,231.14,221.81,398.12,397.25,391.88,395.78,0.0,1.3831,0.0,0,0.3157,0,0.0464,0,0.0464,0,0.3197,0,0.3197,0,0.9893,1,0.9892,1,50.1,460.59,270.65,0,1,2025-10-02 05:06:27,16.1,86.9,,0,0,,1
2025-10-02 05:07:12,366.59,0.3159,228.38,0.4598,1.3795,232.2,230.89,222.05,397.33,397.32,391.84,395.48,0.0,1.3795,0.0,0,0.3148,0,0.0464,0,0.0464,0,0.3185,0,0.3185,0,0.9893,1,0.9892,1,50,460.59,270.65,0,1,2025-10-02 05:07:12,16.3,88.5,,0,0,,1
2025-10-02 05:07:57,366.59,0.316,228.34,0.4605,1.3815,231.7,231.17,222.15,397.15,397.19,391.97,395.43,0.0,1.3815,0.0,0,0.3149,0,0.0469,0,0.0469,0,0.3194,0,0.3194,0,0.9891,1,0.9891,1,50,460.59,270.66,0,1,2025-10-02 05:07:57,16.5,89.7,,0,0,,1
2025-10-02 05:08:42,366.6,0.3142,228.57,0.4598,1.3796,232.36,230.79,222.57,397.86,397.09,392.59,395.89,0.0,1.3796,0.0,0,0.3142,0,0.0463,0,0.0463,0,0.3184,0,0.3184,0,0.9893,1,0.9892,1,50,460.6,270.66,0,1,2025-10-02 05:08:42,16.7,90.3,,0,0,,1
2025-10-02 05:09:27,366.6,0.3143,228.9,0.4598,1.3796,232.66,230.95,223.1,398.05,397.64,393.57,396.42,0.0,1.3796,0.0,0,0.3143,0,0.0464,0,0.0464,0,0.3186,0,0.3186,0,0.9892,1,0.9892,1,50,460.6,270.66,0,1,2025-10-02 05:09:27,16.9,91.1,,0,0,,1
2025-10-02 05:10:12,366.61,0.3151,228.83,0.4599,1.3797,232.39,231.39,222.73,398.04,397.92,392.93,396.47,0.0,1.3797,0.0,0,0.3151,0,0.0471,0,0.0471,0,0.3192,0,0.3192,0,0.989,1,0.989,1,50.1,460.61,270.66,0,1,2025-10-02 05:10:12,17.0,91.6,,0,0,,1
2025-10-02 05:10:57,366.61,0.3145,228.81,0.4594,1.3782,232.87,231.2,222.36,398.47,397.13,393.17,396.22,0.0,1.3782,0.0,0,0.3145,0,0.0467,0,0.0467,0,0.3186,0,0.3186,0,0.9891,1,0.9891,1,50,460.61,270.66,0,1,2025-10-02 05:10:57,17.1,92.2,,0,0,,1
2025-10-02 05:11:42,366.61,0.3139,228.75,0.4591,1.3774,233.32,230.79,222.14,398.77,396.96,392.72,396.17,0.0,1.3774,0.0,0,0.3139,0,0.0461,0,0.0461,0,0.3179,0,0.3179,0,0.9893,1,0.9893,1,50,460.61,270.66,0,1,2025-10-02 05:11:42,17.3,92.7,,0,0,,1
2025-10-02 05:12:27,366.62,0.3148,229.51,0.4595,1.3787,234.42,231.37,222.74,400.31,398.24,393.84,397.46,0.0,1.3787,0.0,0,0.3148,0,0.0472,0,0.0472,0,0.319,0,0.319,0,0.9889,1,0.9889,1,50,460.62,270.66,0,1,2025-10-02 05:12:27,17.4,93,,0,0,,1
2025-10-02 05:13:12,366.62,0.3141,229.4,0.4594,1.3782,234.2,230.78,223.23,400.09,397.71,394.07,397.26,0.0,1.3782,0.0,0,0.3141,0,0.0462,0,0.0462,0,0.3181,0,0.3181,0,0.9893,1,0.9893,1,50.1,460.62,270.66,0,1,2025-10-02 05:13:12,17.5,93.3,,0,0,,1
2025-10-02 05:13:57,366.63,0.313,229.39,0.4582,1.3747,234.31,230.61,223.27,400.12,397.35,394.37,397.28,0.0,1.3747,0.0,0,0.313,0,0.0462,0,0.0462,0,0.317,0,0.317,0,0.9892,1,0.9892,1,50,460.63,270.66,0,1,2025-10-02 05:13:57,17.6,93.7,,0,0,,1
2025-10-02 05:14:42,366.63,0.3141,229.64,0.4589,1.3769,234.16,231.13,223.64,399.64,398.16,395.3,397.74,0.0,1.3769,0.0,0,0.3141,0,0.0469,0,0.0469,0,0.3182,0,0.3182,0,0.989,1,0.989,1,50,460.63,270.66,0,1,2025-10-02 05:14:42,17.7,93.9,,0,0,,1
2025-10-02 05:15:27,366.63,0.3161,229.86,0.4605,1.3817,234.21,231.79,223.58,400.34,398.74,395.15,398.07,0.0,1.3817,0.0,0,0.3161,0,0.0471,0,0.0471,0,0.3203,0,0.3203,0,0.989,1,0.989,1,50,460.63,270.66,0,1,2025-10-02 05:15:27,17.8,94.2,,0,0,,1
2025-10-02 05:16:12,366.64,0.3164,230.2,0.4605,1.3817,233.26,232.07,225.29,400.12,399.87,396.08,398.68,0.0,1.3817,0.0,0,0.3164,0,0.0475,0,0.0475,0,0.3207,0,0.3207,0,0.9889,1,0.9889,1,50.1,460.64,270.66,0,1,2025-10-02 05:16:12,17.9,94.5,,0,0,,1
2025-10-02 05:16:57,366.64,0.3168,230.17,0.4602,1.3807,232.79,232.61,225.12,400.56,399.08,396.3,398.65,0.0,1.3807,0.0,0,0.3168,0,0.0483,0,0.0483,0,0.3212,0,0.3212,0,0.9885,1,0.9885,1,50.1,460.64,270.66,0,1,2025-10-02 05:16:57,18.1,94.8,,0,0,,1
2025-10-02 05:17:42,366.64,0.3171,230.22,0.4605,1.3817,232.76,232.64,225.26,400.21,400.01,395.94,398.67,0.0,1.3817,0.0,0,0.3171,0,0.0483,0,0.0483,0,0.3214,0,0.3214,0,0.9885,1,0.9885,1,50.1,460.65,270.66,0,1,2025-10-02 05:17:42,18.2,94.9,,0,0,,1
2025-10-02 05:18:27,366.68,3.4639,228.93,6.7409,20.2227,230.47,231.78,224.54,397.82,398.46,393.19,396.43,6.8516,7.6742,5.6969,1.266,1.3381,0.8599,3.0568,0.942,1.1686,0.9462,4.637,1.5791,1.7787,1.2792,0.7497,0.8022,0.7531,0.6725,50,460.7,270.69,1,1,2025-10-02 05:18:27,18.3,94.7,,1,0,,0
2025-10-02 05:19:12,366.72,3.4715,228.44,6.7309,20.1929,232.14,230.42,222.76,397.41,396.74,392.71,395.67,6.9385,7.6402,5.6142,1.299,1.3119,0.8606,3.0284,0.9507,1.171,0.9067,4.6218,1.6107,1.7605,1.2506,0.7535,0.8069,0.746,0.6884,50.1,460.75,270.73,1,1,2025-10-02 05:19:12,18.1,91.9,,1,0,,0
2025-10-02 05:19:57,366.77,3.4591,228.02,6.715,20.1451,231.95,229.76,222.37,397.18,396.12,391.41,394.96,6.9385,7.6139,5.5927,1.2972,1.3026,0.8593,3.0135,0.9508,1.1646,0.8982,4.6024,1.6094,1.7494,1.2436,0.754,0.8065,0.7455,0.6913,50,460.81,270.77,1,1,2025-10-02 05:19:57,18.0,88.4,,1,0,,0
2025-10-02 05:21:27,366.85,3.4517,227.76,6.702,20.1062,232.42,229.13,221.75,396.61,395.35,391.37,394.55,6.9532,7.6,5.553,1.3048,1.2919,0.855,3.0019,0.9517,1.165,0.8852,4.5888,1.6161,1.7414,1.2314,0.7545,0.8079,0.7426,0.6947,50,460.93,270.85,1,1,2025-10-02 05:21:27,17.7,83.9,,1,0,,0
2025-10-02 05:22:12,366.9,3.4653,227.72,6.7163,20.1491,231.85,229.78,221.54,396.7,395.55,390.87,394.42,6.9028,7.6673,5.579,1.2998,1.3154,0.8502,2.9981,0.9321,1.1694,0.8965,4.5982,1.6004,1.7618,1.236,0.7562,0.8126,0.7473,0.688,50,460.98,270.88,1,1,2025-10-02 05:22:12,17.5,82.8,,1,0,,0
2025-10-02 05:22:57,366.94,3.4537,227.93,6.7038,20.1115,231.66,229.83,222.3,396.82,396.12,391.27,394.83,6.9187,7.6094,5.5834,1.2932,1.3047,0.8558,3.0046,0.9449,1.1617,0.8981,4.5928,1.6028,1.7489,1.2412,0.7544,0.8074,0.7468,0.6898,50,461.04,270.92,1,1,2025-10-02 05:22:57,17.3,80.6,,1,0,,0
2025-10-02 05:23:42,366.98,3.4433,228.08,6.6924,20.0772,231.64,229.6,223.02,397.39,396.08,391.58,395.07,6.9403,7.5962,5.5407,1.2947,1.2966,0.8521,3.0086,0.9512,1.1635,0.8939,4.5874,1.6077,1.7441,1.2357,0.753,0.8058,0.7442,0.6899,50,461.1,270.96,1,1,2025-10-02 05:23:42,17.1,79.2,,1,0,,0
2025-10-02 05:24:27,367.03,3.4391,227.93,6.6838,20.0514,231.61,229.35,222.84,398.17,394.85,391.28,394.88,6.9359,7.5688,5.5467,1.2917,1.2919,0.8554,3.0018,0.9534,1.157,0.8915,4.5784,1.6064,1.7359,1.236,0.7533,0.8045,0.7449,0.6923,50,461.16,271,1,1,2025-10-02 05:24:27,16.9,78.1,,1,0,,0
2025-10-02 05:25:12,367.07,3.4421,228,6.6869,20.0609,231.51,229.06,223.45,397.22,395.9,391.52,394.88,6.9179,7.5774,5.5656,1.286,1.2964,0.8597,3.0026,0.953,1.1515,0.898,4.5809,1.6016,1.7357,1.2436,0.7535,0.8034,0.7476,0.6915,50.1,461.21,271.03,1,1,2025-10-02 05:25:12,16.8,77.3,,1,0,,0
2025-10-02 05:25:57,367.11,3.4441,227.84,6.6855,20.0565,231.75,228.91,222.86,397.59,394.98,391.22,394.57,6.9302,7.5756,5.5507,1.2926,1.2929,0.8585,2.9957,0.952,1.1535,0.8902,4.5772,1.6061,1.7341,1.237,0.7545,0.8052,0.7461,0.6941,50.1,461.27,271.07,1,1,2025-10-02 05:25:57,16.7,77,,1,0,,0
2025-10-02 05:26:42,367.15,3.4358,227.99,6.6867,20.0601,231.56,229.39,223.03,397.64,395.58,391.37,394.88,6.9046,7.5604,5.5951,1.2806,1.294,0.8612,3.0095,0.9555,1.1517,0.9023,4.581,1.5988,1.7343,1.2479,0.7522,0.8014,0.747,0.6904,50,461.33,271.11,1,1,2025-10-02 05:26:42,16.5,76.2,,1,0,,0
2025-10-02 05:27:27,367.2,3.4281,227.95,6.6767,20.0302,231.95,229.07,222.83,397.29,394.98,392.09,394.78,6.9103,7.5505,5.5694,1.2839,1.2862,0.8581,3.0074,0.9579,1.1536,0.8959,4.5735,1.6028,1.7296,1.241,0.7517,0.8014,0.7444,0.6916,50,461.38,271.15,1,1,2025-10-02 05:27:27,16.4,74.8,,1,0,,0
2025-10-02 05:28:12,367.24,3.4152,227.71,6.6604,19.981299999999997,231.62,228.71,222.82,396.78,395.01,391.33,394.36,6.9009,7.5158,5.5646,1.2773,1.2793,0.8585,2.9983,0.9592,1.1452,0.8938,4.5572,1.5984,1.7189,1.2399,0.7514,0.7996,0.745,0.6927,50,461.44,271.18,1,1,2025-10-02 05:28:12,16.2,74.2,,1,0,,0
2025-10-02 05:28:57,367.28,3.4117,228.3,6.6615,19.9847,232.16,228.36,224.4,397.3,396.06,392.83,395.42,6.9564,7.4498,5.5785,1.2764,1.2616,0.8737,3.022,0.9877,1.1387,0.8956,4.5681,1.615,1.7012,1.2518,0.7485,0.7908,0.7423,0.6983,50,461.5,271.22,1,1,2025-10-02 05:28:57,16.1,73.6,,1,0,,0
2025-10-02 05:29:42,367.33,3.4137,228.15,6.6596,19.9788,231.94,227.99,224.54,397.34,395.53,392.56,395.17,6.9297,7.4705,5.5786,1.273,1.2679,0.8728,3.0121,0.9796,1.1348,0.8977,4.5631,1.6073,1.7032,1.2526,0.7498,0.7924,0.7451,0.6971,50,461.56,271.26,1,1,2025-10-02 05:29:42,16.0,72.8,,1,0,,0
