readable_time,Active Energy (kWh),mt_power,mvol,mcurr,tot_curr,mvol_r,mvol_y,mvol_b,mvol_ry,mvol_yb,mvol_br,mvolt_p,Phase Current L1 (A),Phase Current L2 (A),Phase Current L3 (A),L1 Active Power (kW),L2 Active Power (kW),L3 Active Power (kW),mr_power,mrpow_r,mrpow_y,mrpow_b,ma_power,mapow_r,mapow_y,mapow_b,mt_pf,mpf_r,mpf_y,mpf_b,mfreq,ma_energy,mr_energy,con_st,mc_st,temp_time,Temperature (°C),humidity,Door Status,compressor_on,heater_on,door_status,fan_status
2025-09-30 05:30:38,178.21,0.316,243.46,0.4576,1.3728,237.09,247.15,246.14,419.4,424.67,420.94,421.68,1.3728,0.0,0.0,0.316,0.0,0.0,0.0754,0.0754,0,0,0.3255,0.3255,0,0,0.9727,0.9727,1,1,50,234.71,138.9,0,1,2025-09-30 05:30:38,19.0,86,,0,0,,1
2025-09-30 05:31:23,178.21,0.3153,243.36,0.4569,1.3707,236.87,247.26,245.97,419.24,424.93,420.36,421.48,1.3707,0.0,0.0,0.3153,0.0,0.0,0.0752,0.0752,0,0,0.3247,0.3247,0,0,0.9726,0.9723,1,1,50,234.71,138.9,0,1,2025-09-30 05:31:24,19.0,86.7,,0,0,,1
2025-09-30 05:32:08,178.21,0.3161,243.25,0.4575,1.3727,237.2,247.54,245.01,419.29,424.65,419.98,421.31,1.3727,0.0,0.0,0.3161,0.0,0.0,0.0755,0.0755,0,0,0.3256,0.3256,0,0,0.9726,0.9726,1,1,50,234.72,138.9,0,1,2025-09-30 05:32:08,19.1,87.4,,0,0,,1
2025-09-30 05:32:53,178.22,0.3169,243.85,0.4575,1.3727,237.71,247.89,245.97,420.21,425.81,421.06,422.36,1.3727,0.0,0.0,0.3169,0.0,0.0,0.0763,0.0763,0,0,0.3263,0.3263,0,0,0.9722,0.9721,1,1,50,234.72,138.9,0,1,2025-09-30 05:32:53,19.5,87.8,,0,0,,1
2025-09-30 05:34:00,178.23,0.317,243.44,0.4571,1.3715,237.35,247.41,245.58,419.57,425.09,420.29,421.7,1.3715,0.0,0.0,0.3159,0.0,0.0,0.076,0.076,0,0,0.3255,0.3255,0,0,0.9724,0.9722,1,1,50,234.73,138.9,0,1,2025-09-30 05:34:00,19.5,88.7,,0,0,,1
2025-09-30 05:34:45,178.23,0.3162,243.4,0.4565,1.3696,236.9,246.92,246.39,418.97,425.03,420.73,421.64,1.3696,0.0,0.0,0.3149,0.0,0.0,0.0755,0.0755,0,0,0.3245,0.3245,0,0,0.9726,0.9724,1,1,50,234.73,138.9,0,1,2025-09-30 05:34:45,19.6,89.1,,0,0,,1
2025-09-30 05:35:30,178.23,0.3148,242.65,0.457,1.3712,236.25,246.39,245.31,418.04,423.7,419.07,420.22,1.3712,0.0,0.0,0.3148,0.0,0.0,0.0742,0.0742,0,0,0.3239,0.3239,0,0,0.9733,0.9733,1,1,50,234.74,138.9,0,1,2025-09-30 05:35:30,19.6,89.4,,0,0,,1
2025-09-30 05:36:15,178.24,0.315,242.55,0.4558,1.3675,236.2,246.32,245.15,418.15,423.29,418.89,420.07,1.3675,0.0,0.0,0.3138,0.0,0.0,0.0742,0.0742,0,0,0.323,0.323,0,0,0.9733,0.9731,1,1,50,234.74,138.9,0,1,2025-09-30 05:36:15,19.6,89.7,,0,0,,1
2025-09-30 05:37:00,178.24,0.3144,242.53,0.4554,1.3663,236.21,246.12,245.27,417.89,423.25,419.06,420.04,1.3663,0.0,0.0,0.3133,0.0,0.0,0.0749,0.0749,0,0,0.3227,0.3227,0,0,0.9728,0.9726,1,1,50,234.74,138.9,0,1,2025-09-30 05:37:00,19.7,89.9,,0,0,,1
2025-09-30 05:37:45,178.25,0.3145,242.37,0.4556,1.3669,236.04,245.92,245.15,417.54,422.85,418.96,419.72,1.3669,0.0,0.0,0.3133,0.0,0.0,0.0745,0.0745,0,0,0.3226,0.3226,0,0,0.973,0.9728,1,1,50,234.75,138.91,0,1,2025-09-30 05:37:45,19.7,90.1,,0,0,,1
2025-09-30 05:38:30,178.25,0.3154,242.65,0.4563,1.3689,236.15,246.13,245.68,417.97,423.89,418.98,420.32,1.3689,0.0,0.0,0.314,0.0,0.0,0.0743,0.0743,0,0,0.3233,0.3233,0,0,0.9733,0.9731,1,1,50,234.75,138.91,0,1,2025-09-30 05:38:30,19.7,90.3,,0,0,,1
2025-09-30 05:39:15,178.25,0.3119,242.05,0.4553,1.3661,234.75,245.91,245.49,416.81,422.79,418.08,419.19,1.3661,0.0,0.0,0.3119,0.0,0.0,0.0724,0.0724,0,0,0.3207,0.3207,0,0,0.974,0.974,1,1,50,234.76,138.91,0,1,2025-09-30 05:39:15,19.7,90.5,,0,0,,1
2025-09-30 05:40:00,178.26,0.3123,241.84,0.4545,1.3636,234.57,245.7,245.27,416.2,422.64,417.79,418.87,1.3636,0.0,0.0,0.3111,0.0,0.0,0.072,0.072,0,0,0.3199,0.3199,0,0,0.9744,0.9742,1,1,50,234.76,138.91,0,1,2025-09-30 05:40:00,19.8,90.6,,0,0,,1
2025-09-30 05:40:45,178.27,3.4345,240.4,7.2588,21.7764,233.05,244.53,243.63,413.76,420.5,414.89,416.29,8.2298,6.9277,6.6189,1.4516,1.0849,0.898,3.884,1.2495,1.2963,1.3381,5.2245,1.918,1.694,1.6126,0.6624,0.7578,0.6417,0.5572,50,234.77,138.92,1,1,2025-09-30 05:40:45,19.8,90.8,,1,0,,0
2025-09-30 05:41:30,178.31,3.6564,240.28,7.4365,22.3097,232.85,244.19,243.8,413.47,420.07,414.95,416.11,8.4226,7.0754,6.8117,1.5153,1.1603,0.9807,3.8545,1.2407,1.2751,1.3386,5.3496,1.9612,1.7277,1.6607,0.6882,0.7737,0.673,0.591,50,234.84,138.96,1,1,2025-09-30 05:41:30,19.8,87.9,,1,0,,0
2025-09-30 05:42:15,178.36,3.5907,240.25,7.3801,22.1405,232.78,244.24,243.75,413.33,419.98,415.05,416.16,8.3487,7.0322,6.7596,1.4935,1.141,0.9562,3.8582,1.2391,1.2788,1.3402,5.3086,1.9434,1.7175,1.6477,0.6812,0.7695,0.6657,0.5808,50,234.91,139.01,1,1,2025-09-30 05:42:15,19.7,83.1,,1,0,,0
2025-09-30 05:43:00,178.4,0.3176,241.11,0.462,1.3862,233.96,245.04,244.33,415.16,420.79,416.82,417.55,1.3862,0.0,0.0,0.3163,0.0,0.0,0.0697,0.0697,0,0,0.3243,0.3243,0,0,0.9767,0.9765,1,1,50,234.97,139.06,0,1,2025-09-30 05:43:00,19.5,78.7,,0,0,,1
2025-09-30 05:43:45,178.4,0.3133,241.64,0.456,1.3682,234.34,245.55,245.04,415.93,422.37,417.27,418.5,1.3682,0.0,0.0,0.3121,0.0,0.0,0.0712,0.0712,0,0,0.3206,0.3206,0,0,0.9751,0.9749,1,1,50,234.97,139.06,0,1,2025-09-30 05:43:45,19.0,78.5,,0,0,,1
2025-09-30 05:44:30,178.41,0.3132,241.5,0.4561,1.3684,234.24,245.35,244.93,415.85,421.89,417.12,418.31,1.3684,0.0,0.0,0.3119,0.0,0.0,0.0717,0.0717,0,0,0.3205,0.3205,0,0,0.9748,0.9746,1,1,50,234.98,139.06,0,1,2025-09-30 05:44:30,18.9,80.1,,0,0,,1
2025-09-30 05:45:15,178.41,0.3125,241.31,0.4558,1.3675,234.01,245.23,244.71,415.37,421.75,416.76,417.9,1.3675,0.0,0.0,0.3115,0.0,0.0,0.0713,0.0713,0,0,0.32,0.32,0,0,0.9749,0.9747,1,1,50,234.98,139.06,0,1,2025-09-30 05:45:15,18.9,81.7,,0,0,,1
2025-09-30 05:46:00,178.41,0.3118,241.09,0.4552,1.3656,233.84,244.99,244.44,415.11,421.28,416.31,417.5,1.3656,0.0,0.0,0.3108,0.0,0.0,0.0714,0.0714,0,0,0.3193,0.3193,0,0,0.9747,0.9746,1,1,50,234.98,139.06,0,1,2025-09-30 05:46:00,18.9,83,,0,0,,1
2025-09-30 05:46:45,178.42,0.3114,240.36,0.4554,1.3664,233.27,244.33,243.48,413.71,419.92,415.27,416.25,1.3664,0.0,0.0,0.3104,0.0,0.0,0.0705,0.0705,0,0,0.3187,0.3187,0,0,0.9753,0.9751,1,1,50,234.99,139.06,0,1,2025-09-30 05:46:45,18.9,84.3,,0,0,,1
2025-09-30 05:47:30,178.42,0.3105,240.13,0.4547,1.3642,233.08,244.13,243.19,413.55,419.37,414.79,415.89,1.3642,0.0,0.0,0.3095,0.0,0.0,0.0708,0.0708,0,0,0.318,0.318,0,0,0.9749,0.9747,1,1,50,234.99,139.06,0,1,2025-09-30 05:47:30,19.0,85.3,,0,0,,1
2025-09-30 05:48:15,178.43,0.3111,240,0.4555,1.3666,232.89,243.97,243.14,413.31,419.16,414.56,415.68,1.3666,0.0,0.0,0.31,0.0,0.0,0.0701,0.0701,0,0,0.3183,0.3183,0,0,0.9755,0.9753,1,1,50,235,139.06,0,1,2025-09-30 05:48:15,19.0,86.1,,0,0,,1
2025-09-30 05:49:00,178.43,0.3115,240.33,0.4557,1.3672,233.06,244.16,243.77,413.8,419.74,415.2,416.28,1.3672,0.0,0.0,0.3103,0.0,0.0,0.0705,0.0705,0,0,0.3186,0.3186,0,0,0.9753,0.9751,1,1,50,235,139.06,0,1,2025-09-30 05:49:00,19.0,86.8,,0,0,,1
2025-09-30 05:49:45,178.43,0.3108,240.36,0.4549,1.3649,233.1,244.25,243.74,413.76,420.04,415.12,416.36,1.3649,0.0,0.0,0.3098,0.0,0.0,0.0706,0.0706,0,0,0.3182,0.3182,0,0,0.9751,0.975,1,1,50,235,139.06,0,1,2025-09-30 05:49:45,19.0,87.5,,0,0,,1
2025-09-30 05:50:30,178.44,0.3108,240.21,0.455,1.3652,232.92,244.04,243.69,413.22,420.19,414.77,416.05,1.3652,0.0,0.0,0.3097,0.0,0.0,0.0702,0.0702,0,0,0.318,0.318,0,0,0.9754,0.9752,1,1,50,235.01,139.07,0,1,2025-09-30 05:50:30,19.1,87.9,,0,0,,1
2025-09-30 05:51:15,178.44,0.309,239.92,0.4545,1.3637,232.63,243.86,243.28,412.87,419.71,414.08,415.61,1.3637,0.0,0.0,0.309,0.0,0.0,0.0699,0.0699,0,0,0.3172,0.3172,0,0,0.9753,0.9753,1,1,50,235.01,139.07,0,1,2025-09-30 05:51:15,19.5,88.3,,0,0,,1
2025-09-30 05:52:00,178.44,0.3079,239.22,0.4539,1.3618,232.07,243.28,242.31,411.47,418.5,413.03,414.32,1.3618,0.0,0.0,0.3079,0.0,0.0,0.0695,0.0695,0,0,0.316,0.316,0,0,0.9754,0.9754,1,1,50,235.02,139.07,0,1,2025-09-30 05:52:00,19.5,88.7,,0,0,,1
2025-09-30 05:52:45,178.45,0.3088,239.21,0.4535,1.3605,232.07,243.27,242.29,411.61,418.01,413.31,414.23,1.3605,0.0,0.0,0.3076,0.0,0.0,0.0693,0.0693,0,0,0.3157,0.3157,0,0,0.9757,0.9755,1,1,50.1,235.02,139.07,0,1,2025-09-30 05:52:45,19.6,89,,0,0,,1
2025-09-30 05:53:30,178.45,0.3081,239.26,0.4541,1.3623,232.13,243.18,242.47,412.02,417.72,413.43,414.41,1.3623,0.0,0.0,0.3081,0.0,0.0,0.0692,0.0692,0,0,0.3162,0.3162,0,0,0.9757,0.9757,1,1,50.1,235.02,139.07,0,1,2025-09-30 05:53:30,19.6,89.2,,0,0,,1
2025-09-30 05:54:15,178.46,0.3115,240.01,0.4553,1.3659,233.58,243.44,243.03,413.08,419.5,414.56,414.9,1.3659,0.0,0.0,0.3104,0.0,0.0,0.0717,0.0717,0,0,0.319,0.319,0,0,0.9745,0.9743,1,1,50,235.03,139.07,0,1,2025-09-30 05:54:15,19.6,89.5,,0,0,,1
2025-09-30 05:55:00,178.46,0.3105,239.94,0.4541,1.3624,233.45,243.36,243.03,413.38,419.03,414.36,415.62,1.3624,0.0,0.0,0.3095,0.0,0.0,0.0714,0.0714,0,0,0.3181,0.3181,0,0,0.9745,0.9744,1,1,50,235.03,139.07,0,1,2025-09-30 05:55:00,19.7,89.8,,0,0,,1
2025-09-30 05:55:45,178.46,0.3106,239.67,0.4545,1.3637,233.16,243.01,242.84,412.52,419.03,413.8,415.14,1.3637,0.0,0.0,0.3095,0.0,0.0,0.0709,0.0709,0,0,0.318,0.318,0,0,0.9749,0.9747,1,1,50,235.04,139.07,0,1,2025-09-30 05:55:45,19.7,89.9,,0,0,,1
2025-09-30 05:56:30,178.47,0.3099,239.58,0.4538,1.3616,233.01,243.02,242.71,412.7,418.5,413.67,414.89,1.3616,0.0,0.0,0.3088,0.0,0.0,0.0708,0.0708,0,0,0.3173,0.3173,0,0,0.9749,0.9747,1,1,50,235.04,139.07,0,1,2025-09-30 05:56:30,19.7,90.2,,0,0,,1
2025-09-30 05:57:15,178.48,3.4304,237.47,7.1379,21.413899999999998,230,241.41,241.02,408.47,415.13,410.31,411.28,8.0997,6.7906,6.5236,1.4353,1.0884,0.9067,3.689,1.1841,1.2215,1.2835,5.0746,1.8629,1.6393,1.5723,0.6809,0.7713,0.6652,0.577,50,235.05,139.08,1,1,2025-09-30 05:57:15,19.8,90.4,,1,0,,0
2025-09-30 05:58:00,178.52,3.6529,237.31,7.3292,21.9878,229.83,241.27,240.85,408.06,415.08,409.96,411.01,8.3045,6.9781,6.7052,1.5038,1.1665,0.9826,3.6611,1.1715,1.2094,1.2802,5.2072,1.9086,1.6836,1.6149,0.7063,0.7888,0.6942,0.6088,50,235.11,139.12,1,1,2025-09-30 05:58:00,19.7,87.6,,1,0,,0
2025-09-30 05:58:45,178.57,3.5582,237.21,7.2304,21.691200000000002,230.08,240.42,241.14,408.08,414.23,410.23,410.81,8.215,6.8436,6.6326,1.4713,1.1236,0.9633,3.6554,1.1825,1.1974,1.2755,5.1348,1.8901,1.6453,1.5994,0.6975,0.7794,0.6842,0.6026,50.1,235.18,139.17,1,1,2025-09-30 05:58:45,19.7,82.9,,1,0,,0
2025-09-30 05:59:30,178.61,2.9193,237.3,6.483,19.449199999999998,230.2,240.47,241.23,407.73,415.05,410.24,410.66,7.3811,6.1122,5.9559,1.24,0.901,0.7783,2.9588,0.969,0.9598,1.03,4.6057,1.6991,1.4698,1.4367,0.7023,0.7879,0.6844,0.6028,50,235.24,139.22,1,1,2025-09-30 05:59:30,19.5,78.6,,1,0,,0
2025-09-30 06:00:15,178.61,0.31,238.36,0.4559,1.3679,231.52,241.21,242.37,409.69,416.43,412.44,412.84,1.3679,0.0,0.0,0.3089,0.0,0.0,0.0682,0.0682,0,0,0.3167,0.3167,0,0,0.9766,0.9765,1,1,50,235.25,139.22,0,1,2025-09-30 06:00:15,19.0,78.1,,0,0,,1
2025-09-30 06:01:00,178.62,0.3087,238.43,0.4548,1.3644,231.3,241.97,242.04,410.02,416.58,412.3,412.94,1.3644,0.0,0.0,0.3077,0.0,0.0,0.0683,0.0683,0,0,0.3156,0.3156,0,0,0.9764,0.9762,1,1,50,235.25,139.22,0,1,2025-09-30 06:01:00,18.9,79.8,,0,0,,1
2025-09-30 06:01:45,178.62,0.3082,238.34,0.4541,1.3625,231.05,242.11,241.88,410.01,416.9,411.54,412.7,1.3625,0.0,0.0,0.307,0.0,0.0,0.068,0.068,0,0,0.3148,0.3148,0,0,0.9765,0.9763,1,1,50.1,235.26,139.22,0,1,2025-09-30 06:01:45,18.9,81.5,,0,0,,1
2025-09-30 06:02:30,178.62,0.3068,237.8,0.4532,1.3596,230.62,241.77,241.02,409.14,415.99,410.5,411.89,1.3596,0.0,0.0,0.3057,0.0,0.0,0.0678,0.0678,0,0,0.3136,0.3136,0,0,0.9764,0.9762,1,1,50,235.26,139.22,0,1,2025-09-30 06:02:30,18.9,82.9,,0,0,,1
2025-09-30 06:03:15,178.63,0.3065,237.94,0.454,1.3621,230.74,241.97,241.11,409.95,415.39,410.98,412.13,1.3621,0.0,0.0,0.3065,0.0,0.0,0.0677,0.0677,0,0,0.3143,0.3143,0,0,0.9764,0.9764,1,1,50,235.26,139.22,0,1,2025-09-30 06:03:15,18.9,84.3,,0,0,,1
2025-09-30 06:04:00,178.63,0.3052,237.61,0.4527,1.3582,230.47,241.53,240.83,409.13,415.04,410.44,411.6,1.3582,0.0,0.0,0.3052,0.0,0.0,0.0677,0.0677,0,0,0.313,0.313,0,0,0.9762,0.9762,1,1,50,235.27,139.22,0,1,2025-09-30 06:04:00,19.0,85.3,,0,0,,1
2025-09-30 06:04:45,178.64,0.307,237.56,0.4537,1.3611,230.36,241.54,240.78,408.81,415.47,410.1,411.48,1.3611,0.0,0.0,0.3058,0.0,0.0,0.0675,0.0675,0,0,0.3135,0.3135,0,0,0.9766,0.9764,1,1,50,235.27,139.22,0,1,2025-09-30 06:04:45,19.0,86.1,,0,0,,1
2025-09-30 06:05:30,178.64,0.3057,238.17,0.453,1.3591,230.82,241.96,241.73,409.77,416.16,411.59,412.51,1.3591,0.0,0.0,0.3057,0.0,0.0,0.0683,0.0683,0,0,0.3137,0.3137,0,0,0.9759,0.9759,1,1,50,235.28,139.22,0,1,2025-09-30 06:05:30,19.1,86.8,,0,0,,1
2025-09-30 06:06:15,178.64,0.3051,237.8,0.4527,1.3582,230.48,241.6,241.34,409.2,415.88,410.58,411.89,1.3582,0.0,0.0,0.3051,0.0,0.0,0.0681,0.0681,0,0,0.313,0.313,0,0,0.9759,0.9759,1,1,50,235.28,139.22,0,1,2025-09-30 06:06:15,19.5,87.4,,0,0,,1
2025-09-30 06:07:00,178.65,0.3049,237.5,0.4527,1.3581,230.27,241.15,241.08,408.59,415.02,410.43,411.47,1.3581,0.0,0.0,0.3049,0.0,0.0,0.068,0.068,0,0,0.3127,0.3127,0,0,0.976,0.976,1,1,50,235.28,139.22,0,1,2025-09-30 06:07:00,19.5,87.8,,0,0,,1
2025-09-30 06:07:45,178.65,0.3063,237.39,0.4534,1.3603,230.04,241.27,240.87,408.85,414.67,409.96,411.12,1.3603,0.0,0.0,0.3051,0.0,0.0,0.0678,0.0678,0,0,0.3129,0.3129,0,0,0.9763,0.9762,1,1,50,235.29,139.22,0,1,2025-09-30 06:07:45,19.6,88.4,,0,0,,1
2025-09-30 06:08:30,178.66,0.304,236.64,0.4528,1.3584,229.47,240.6,239.86,407.45,413.01,409.1,409.87,1.3584,0.0,0.0,0.304,0.0,0.0,0.0672,0.0672,0,0,0.3117,0.3117,0,0,0.9764,0.9764,1,1,49.9,235.29,139.23,0,1,2025-09-30 06:08:30,19.6,88.8,,0,0,,1
2025-09-30 06:09:15,178.66,0.3041,236.87,0.4528,1.3584,229.6,240.98,240.05,408.04,413.96,408.8,410.32,1.3584,0.0,0.0,0.3041,0.0,0.0,0.0674,0.0674,0,0,0.3119,0.3119,0,0,0.9763,0.9763,1,1,50,235.3,139.23,0,1,2025-09-30 06:09:15,19.6,89.1,,0,0,,1
2025-09-30 06:10:00,178.66,0.3061,237.19,0.4525,1.3575,230.72,240.81,240.05,408.3,414.54,409.62,410.8,1.3575,0.0,0.0,0.3051,0.0,0.0,0.0692,0.0692,0,0,0.3132,0.3132,0,0,0.9753,0.9752,1,1,49.9,235.3,139.23,0,1,2025-09-30 06:10:00,19.7,89.3,,0,0,,1
2025-09-30 06:10:45,178.67,0.3069,237.62,0.4529,1.3587,231.12,241.14,240.62,409.17,414.98,410.56,411.64,1.3587,0.0,0.0,0.3058,0.0,0.0,0.0695,0.0695,0,0,0.314,0.314,0,0,0.9752,0.9751,1,1,49.9,235.3,139.23,0,1,2025-09-30 06:10:45,19.7,89.5,,0,0,,1
2025-09-30 06:11:30,178.67,0.3066,237.76,0.4535,1.3606,231.3,241.35,240.63,409.89,415.08,410.43,411.78,1.3606,0.0,0.0,0.3066,0.0,0.0,0.0692,0.0692,0,0,0.3147,0.3147,0,0,0.9754,0.9754,1,1,50,235.31,139.23,0,1,2025-09-30 06:11:30,19.7,89.6,,0,0,,1
2025-09-30 06:12:15,178.67,0.3081,237.75,0.4542,1.3626,231.27,241.4,240.58,409.58,415.63,410.16,411.86,1.3626,0.0,0.0,0.307,0.0,0.0,0.0692,0.0692,0,0,0.3151,0.3151,0,0,0.9757,0.9755,1,1,50,235.31,139.23,0,1,2025-09-30 06:12:15,19.8,89.7,,0,0,,1
2025-09-30 06:13:00,178.71,3.6275,236.94,7.3084,21.9253,230.61,240.87,239.35,408.35,413.75,409.06,410.37,8.3036,6.9903,6.6314,1.513,1.1515,0.963,3.655,1.1702,1.2242,1.2606,5.1859,1.9149,1.6838,1.5872,0.7044,0.791,0.6851,0.607,50,235.37,139.27,1,1,2025-09-30 06:13:00,19.8,87.3,,1,0,,0
2025-09-30 06:13:45,178.76,3.612,236.03,7.2572,21.7718,228.99,240.45,238.65,405.74,412.88,407.79,408.68,8.2254,6.9135,6.6329,1.4929,1.1541,0.965,3.5906,1.1448,1.1922,1.2536,5.1288,1.8835,1.6624,1.5829,0.7092,0.7935,0.6955,0.6099,50,235.44,139.32,1,1,2025-09-30 06:13:45,19.7,82.9,,1,0,,0
2025-09-30 06:14:30,178.81,3.5328,236.09,7.1724,21.517300000000002,228.58,240.16,239.55,405.49,413.31,407.97,408.9,8.1211,6.8022,6.594,1.4561,1.1275,0.9492,3.5869,1.1478,1.1777,1.2614,5.0695,1.8563,1.6336,1.5796,0.7017,0.7853,0.6915,0.6012,50,235.5,139.36,1,1,2025-09-30 06:14:30,19.6,79,,1,0,,0
2025-09-30 06:15:15,178.82,0.3057,236.7,0.4547,1.3642,229.57,240.71,239.82,407.2,413.68,409,409.96,1.3642,0.0,0.0,0.3057,0.0,0.0,0.0663,0.0663,0,0,0.3132,0.3132,0,0,0.9772,0.9772,1,1,50,235.52,139.38,0,1,2025-09-30 06:15:15,19.0,77,,0,0,,1
2025-09-30 06:16:07,178.83,0.3059,237.39,0.4531,1.3593,230.07,241.33,240.79,408.55,414.8,410.14,411.16,1.3593,0.0,0.0,0.3049,0.0,0.0,0.0678,0.0678,0,0,0.3127,0.3127,0,0,0.9763,0.9761,1,1,50,235.53,139.38,0,1,2025-09-30 06:16:07,18.9,79.3,,0,0,,1
2025-09-30 06:16:52,178.83,0.3059,237.21,0.4531,1.3593,229.88,241.19,240.57,408.47,414.28,409.79,410.85,1.3593,0.0,0.0,0.3048,0.0,0.0,0.0674,0.0674,0,0,0.3125,0.3125,0,0,0.9765,0.9764,1,1,50,235.53,139.38,0,1,2025-09-30 06:16:52,18.9,81.2,,0,0,,1
2025-09-30 06:17:37,178.83,0.3067,237.35,0.4538,1.3614,230.06,241.26,240.74,408.39,414.95,409.95,411.13,1.3614,0.0,0.0,0.3054,0.0,0.0,0.0676,0.0676,0,0,0.3132,0.3132,0,0,0.9765,0.9763,1,1,50,235.53,139.38,0,1,2025-09-30 06:17:37,18.9,82.6,,0,0,,1
2025-09-30 06:18:22,178.84,0.3065,237.24,0.4536,1.3609,230.13,240.88,240.72,408.44,414.08,410.16,410.88,1.3609,0.0,0.0,0.3053,0.0,0.0,0.0679,0.0679,0,0,0.3132,0.3132,0,0,0.9763,0.9761,1,1,50,235.54,139.38,0,1,2025-09-30 06:18:22,19.0,83.7,,0,0,,1
2025-09-30 06:19:07,178.84,0.3044,236.53,0.4531,1.3595,229.65,240.18,239.77,406.77,412.75,409.46,409.72,1.3595,0.0,0.0,0.3044,0.0,0.0,0.0674,0.0674,0,0,0.3122,0.3122,0,0,0.9763,0.9763,1,1,50,235.54,139.38,0,1,2025-09-30 06:19:07,19.0,84.8,,0,0,,1
2025-09-30 06:19:52,178.85,0.3055,236.79,0.453,1.3592,230.74,239.99,239.64,407.72,412.94,409.69,410.2,1.3592,0.0,0.0,0.3055,0.0,0.0,0.0693,0.0693,0,0,0.3136,0.3136,0,0,0.9752,0.9752,1,1,49.9,235.55,139.38,0,1,2025-09-30 06:19:52,19.0,85.5,,0,0,,1
2025-09-30 06:20:37,178.85,0.3068,236.93,0.4535,1.3607,230.63,240.5,239.66,408.07,413,409.98,410.31,1.3607,0.0,0.0,0.3057,0.0,0.0,0.069,0.069,0,0,0.3138,0.3138,0,0,0.9756,0.9754,1,1,50,235.55,139.38,0,1,2025-09-30 06:20:38,19.0,86.3,,0,0,,1
2025-09-30 06:21:22,178.85,0.3079,237.65,0.4541,1.3624,231.14,241.28,240.55,409.01,415.83,410.05,411.66,1.3624,0.0,0.0,0.3067,0.0,0.0,0.0694,0.0694,0,0,0.3149,0.3149,0,0,0.9755,0.9753,1,1,50,235.55,139.38,0,1,2025-09-30 06:21:22,19.1,86.9,,0,0,,1
2025-09-30 06:22:07,178.86,0.3066,237.52,0.4539,1.3619,231.11,241.06,240.41,409,415.25,409.96,411.37,1.3619,0.0,0.0,0.3066,0.0,0.0,0.0694,0.0694,0,0,0.3147,0.3147,0,0,0.9752,0.9752,1,1,50,235.56,139.38,0,1,2025-09-30 06:22:07,19.5,87.4,,0,0,,1
2025-09-30 06:23:14,178.86,0.307,237.22,0.4534,1.3603,230.85,240.69,240.12,408.54,414.32,409.74,410.78,1.3603,0.0,0.0,0.3059,0.0,0.0,0.0691,0.0691,0,0,0.314,0.314,0,0,0.9755,0.9754,1,1,49.9,235.57,139.39,0,1,2025-09-30 06:23:14,19.6,88.1,,0,0,,1
2025-09-30 06:23:59,178.87,0.3037,236.32,0.4522,1.3566,228.67,240.22,240.07,406.03,413.96,407.96,409.25,1.3566,0.0,0.0,0.3026,0.0,0.0,0.0667,0.0667,0,0,0.3102,0.3102,0,0,0.9767,0.9765,1,1,50,235.57,139.39,0,1,2025-09-30 06:23:59,19.6,88.5,,0,0,,1
2025-09-30 06:24:44,178.87,0.3042,236.36,0.4516,1.3548,229.48,240.21,239.39,406.51,412.94,408.66,409.39,1.3548,0.0,0.0,0.3031,0.0,0.0,0.0675,0.0675,0,0,0.3109,0.3109,0,0,0.9762,0.9761,1,1,50,235.57,139.39,0,1,2025-09-30 06:24:44,19.6,88.8,,0,0,,1
2025-09-30 06:25:29,178.88,0.3037,236.29,0.4528,1.3584,229.2,240.39,239.28,407.04,412.06,408.61,409.18,1.3584,0.0,0.0,0.3037,0.0,0.0,0.0669,0.0669,0,0,0.3113,0.3113,0,0,0.9765,0.9765,1,1,50,235.58,139.39,0,1,2025-09-30 06:25:30,19.7,89,,0,0,,1
2025-09-30 06:26:14,178.88,0.3046,236.27,0.4525,1.3576,229.15,240.35,239.31,407.02,412.2,408.39,409.17,1.3576,0.0,0.0,0.3034,0.0,0.0,0.0669,0.0669,0,0,0.3111,0.3111,0,0,0.9767,0.9765,1,1,50,235.58,139.39,0,1,2025-09-30 06:26:14,19.7,89.2,,0,0,,1
2025-09-30 06:26:59,178.88,0.3037,236.76,0.4522,1.3567,229.58,240.58,240.13,407.53,413.47,409.2,410.07,1.3567,0.0,0.0,0.3037,0.0,0.0,0.0674,0.0674,0,0,0.3115,0.3115,0,0,0.9762,0.9762,1,1,50,235.58,139.39,0,1,2025-09-30 06:26:59,19.7,89.4,,0,0,,1
2025-09-30 06:27:44,178.89,0.3042,236.67,0.4516,1.3549,229.32,240.68,240.03,407.37,413.44,408.94,409.98,1.3549,0.0,0.0,0.3031,0.0,0.0,0.0669,0.0669,0,0,0.3107,0.3107,0,0,0.9766,0.9764,1,1,50,235.59,139.39,0,1,2025-09-30 06:27:44,19.7,89.5,,0,0,,1
2025-09-30 06:28:29,178.92,3.661,235.79,7.3035,21.910600000000002,228.17,239.73,239.48,405.66,411.78,407.7,408.38,8.2969,6.9248,6.6889,1.5001,1.1664,0.9945,3.5835,1.1515,1.1771,1.2549,5.155,1.8931,1.6601,1.6019,0.7146,0.7932,0.7038,0.621,50,235.64,139.43,1,1,2025-09-30 06:28:29,19.8,87.9,,1,0,,0
2025-09-30 06:29:14,178.97,3.5894,235.13,7.2058,21.6174,228.36,238.77,238.27,404.61,410.37,406.74,407.2,8.2281,6.8011,6.5882,1.4849,1.1292,0.9753,3.5402,1.1481,1.163,1.2291,5.0726,1.879,1.6239,1.5698,0.7119,0.7911,0.6965,0.6215,50,235.71,139.47,1,1,2025-09-30 06:29:14,19.7,83.3,,1,0,,0
2025-09-30 06:30:21,179.02,0.3072,236.07,0.4553,1.366,229.64,239.77,238.81,406.67,412.12,407.84,408.88,1.366,0.0,0.0,0.3062,0.0,0.0,0.0665,0.0665,0,0,0.3137,0.3137,0,0,0.9773,0.9772,1,1,50,235.78,139.53,0,1,2025-09-30 06:30:21,19.1,77.6,,0,0,,1
2025-09-30 06:31:06,179.03,0.3063,236.17,0.4551,1.3654,229.88,239.58,239.05,406.83,412.11,408.2,409.1,1.3654,0.0,0.0,0.3063,0.0,0.0,0.0669,0.0669,0,0,0.3139,0.3139,0,0,0.9769,0.9769,1,1,50,235.79,139.53,0,1,2025-09-30 06:31:06,19.0,78.6,,0,0,,1
2025-09-30 06:31:51,179.03,0.3064,236.68,0.4545,1.3635,230.48,239.35,240.23,407.55,413.17,409.11,410,1.3635,0.0,0.0,0.3064,0.0,0.0,0.068,0.068,0,0,0.3143,0.3143,0,0,0.9762,0.9762,1,1,50,235.79,139.53,0,1,2025-09-30 06:31:51,18.9,80.1,,0,0,,1
2025-09-30 06:32:36,179.04,0.3062,236.64,0.4543,1.3631,230.37,239.42,240.15,407.49,412.88,409.24,409.94,1.3631,0.0,0.0,0.3062,0.0,0.0,0.0679,0.0679,0,0,0.314,0.314,0,0,0.9762,0.9762,1,1,50,235.8,139.53,0,1,2025-09-30 06:32:36,18.9,81.7,,0,0,,1
2025-09-30 06:33:21,179.04,0.3069,236.62,0.4545,1.3635,230.02,240.11,239.74,407.7,412.94,408.83,409.82,1.3635,0.0,0.0,0.3058,0.0,0.0,0.0681,0.0681,0,0,0.3136,0.3136,0,0,0.9762,0.976,1,1,50,235.8,139.53,0,1,2025-09-30 06:33:21,18.9,83,,0,0,,1
2025-09-30 06:34:06,179.04,0.3065,236.69,0.4537,1.3613,230.11,240.13,239.85,407.24,413.69,408.95,410.03,1.3613,0.0,0.0,0.3054,0.0,0.0,0.0682,0.0682,0,0,0.3132,0.3132,0,0,0.9761,0.9759,1,1,49.9,235.8,139.53,0,1,2025-09-30 06:34:06,19.0,84,,0,0,,1
2025-09-30 06:34:51,179.05,0.305,235.77,0.4529,1.3589,229.32,239.36,238.64,405.72,412.08,407.29,408.38,1.3589,0.0,0.0,0.3038,0.0,0.0,0.0675,0.0675,0,0,0.3116,0.3116,0,0,0.9764,0.9762,1,1,49.9,235.81,139.53,0,1,2025-09-30 06:34:51,19.0,84.9,,0,0,,1
2025-09-30 06:35:36,179.05,0.3039,235.4,0.452,1.3562,228.96,239.04,238.22,405.39,411.05,406.73,407.78,1.3562,0.0,0.0,0.3028,0.0,0.0,0.0672,0.0672,0,0,0.3105,0.3105,0,0,0.9764,0.9762,1,1,49.9,235.81,139.53,0,1,2025-09-30 06:35:36,19.0,85.7,,0,0,,1
2025-09-30 06:36:21,179.06,0.3027,235.42,0.4519,1.3557,229.05,238.99,238.23,405.4,411.37,406.5,407.74,1.3557,0.0,0.0,0.3027,0.0,0.0,0.0676,0.0676,0,0,0.3105,0.3105,0,0,0.9759,0.9759,1,1,49.9,235.82,139.53,0,1,2025-09-30 06:36:21,19.1,86.3,,0,0,,1
2025-09-30 06:37:27,179.06,0.3043,235.98,0.4524,1.3574,229.41,239.54,239.01,406.59,411.98,407.61,408.85,1.3574,0.0,0.0,0.3033,0.0,0.0,0.0679,0.0679,0,0,0.3114,0.3114,0,0,0.9759,0.9758,1,1,49.9,235.82,139.53,0,1,2025-09-30 06:37:27,19.5,87.3,,0,0,,1
2025-09-30 06:38:12,179.07,0.3031,235.76,0.452,1.356,229.13,239.26,238.89,405.96,411.57,407.46,408.28,1.356,0.0,0.0,0.3031,0.0,0.0,0.0678,0.0678,0,0,0.3107,0.3107,0,0,0.9758,0.9759,1,1,49.9,235.83,139.53,0,1,2025-09-30 06:38:12,19.6,87.8,,0,0,,1
2025-09-30 06:38:57,179.07,0.3055,236.6,0.453,1.3591,230.87,239.69,239.24,407.78,412.85,408.76,409.82,1.3591,0.0,0.0,0.3055,0.0,0.0,0.07,0.07,0,0,0.3138,0.3138,0,0,0.9747,0.9749,1,1,49.9,235.83,139.54,0,1,2025-09-30 06:38:57,19.6,88.1,,0,0,,1
2025-09-30 06:39:42,179.07,0.3054,236.59,0.4529,1.3589,230.77,239.75,239.25,407.1,413.84,408.42,409.77,1.3589,0.0,0.0,0.3054,0.0,0.0,0.0694,0.0694,0,0,0.3136,0.3136,0,0,0.9751,0.975,1,1,49.9,235.83,139.54,0,1,2025-09-30 06:39:42,19.6,88.5,,0,0,,1
2025-09-30 06:40:27,179.08,0.3044,235.78,0.4525,1.3576,230.16,238.97,238.21,406.27,411.46,407.39,408.39,1.3576,0.0,0.0,0.3044,0.0,0.0,0.0686,0.0686,0,0,0.3125,0.3125,0,0,0.9755,0.9755,1,1,49.9,235.84,139.54,0,1,2025-09-30 06:40:27,19.6,88.8,,0,0,,1
2025-09-30 06:41:12,179.08,0.3057,235.88,0.4524,1.3574,230.18,239.06,238.41,406.46,411.74,407.46,408.5,1.3574,0.0,0.0,0.3045,0.0,0.0,0.0684,0.0684,0,0,0.3124,0.3124,0,0,0.9758,0.9757,1,1,50,235.84,139.54,0,1,2025-09-30 06:41:12,19.7,89.2,,0,0,,1
2025-09-30 06:41:57,179.08,0.3061,236.07,0.4525,1.3577,230.53,239.02,238.66,406.23,412.37,408.04,408.85,1.3577,0.0,0.0,0.3049,0.0,0.0,0.0687,0.0687,0,0,0.313,0.313,0,0,0.9756,0.9755,1,1,50,235.85,139.54,0,1,2025-09-30 06:41:57,19.7,89.4,,0,0,,1
2025-09-30 06:42:42,179.1,3.5809,236.32,7.2412,21.7237,230.19,239.3,239.47,406.5,413.07,408.37,409.22,8.2525,6.8831,6.5881,1.4921,1.1255,0.9632,3.6196,1.1724,1.1986,1.2486,5.1244,1.8996,1.6471,1.5777,0.7032,0.7863,0.6845,0.6108,50,235.87,139.56,1,1,2025-09-30 06:42:42,19.7,89.4,,1,0,,0
2025-09-30 06:43:27,179.15,3.6565,235.64,7.2851,21.8555,228.8,239.02,239.1,405.29,411.85,407.25,408.14,8.2989,6.9127,6.6439,1.5076,1.1571,0.9918,3.5666,1.1511,1.1756,1.2399,5.1396,1.8988,1.6523,1.5886,0.7158,0.7947,0.7014,0.6246,50,235.94,139.6,1,1,2025-09-30 06:43:27,19.7,85.9,,1,0,,0
2025-09-30 06:44:12,179.19,3.5635,235.56,7.1919,21.5759,228.7,238.97,239.01,405.14,411.55,407.28,408.01,8.1981,6.8179,6.5599,1.478,1.1249,0.9605,3.5632,1.1504,1.1746,1.2382,5.0721,1.8749,1.6293,1.5679,0.7071,0.7891,0.6916,0.6129,50,236,139.65,1,1,2025-09-30 06:44:12,19.6,81.2,,1,0,,0
2025-09-30 06:44:57,179.23,0.3089,236.32,0.4587,1.3763,229.79,239.72,239.46,406.67,413.06,408.22,409.35,1.3763,0.0,0.0,0.3089,0.0,0.0,0.0662,0.0662,0,0,0.3163,0.3163,0,0,0.9777,0.9777,1,1,50,236.06,139.68,0,1,2025-09-30 06:44:57,19.5,77.7,,0,0,,1
2025-09-30 06:45:42,179.24,0.3065,235.75,0.4548,1.3645,229.32,239.25,238.7,405.71,411.7,407.58,408.3,1.3645,0.0,0.0,0.3054,0.0,0.0,0.0662,0.0662,0,0,0.3129,0.3129,0,0,0.9774,0.9773,1,1,50,236.06,139.69,0,1,2025-09-30 06:45:42,19.0,77.6,,0,0,,1
2025-09-30 06:46:27,179.24,0.3047,235.91,0.4536,1.3608,229.47,239.4,238.87,405.82,412.31,407.68,408.64,1.3608,0.0,0.0,0.3047,0.0,0.0,0.0668,0.0668,0,0,0.3123,0.3123,0,0,0.9768,0.9768,1,1,50,236.07,139.69,0,1,2025-09-30 06:46:27,18.9,79.3,,0,0,,1
2025-09-30 06:47:12,179.25,0.3047,235.88,0.4535,1.3607,229.49,239.33,238.84,405.92,412.13,407.62,408.6,1.3607,0.0,0.0,0.3047,0.0,0.0,0.0667,0.0667,0,0,0.3123,0.3123,0,0,0.9768,0.9768,1,1,50,236.07,139.69,0,1,2025-09-30 06:47:12,18.9,80.9,,0,0,,1
2025-09-30 06:47:57,179.25,0.3107,239.28,0.4553,1.366,232.79,242.48,242.59,411.74,417.87,413.73,414.51,1.366,0.0,0.0,0.3095,0.0,0.0,0.071,0.071,0,0,0.318,0.318,0,0,0.9748,0.9746,1,1,50,236.07,139.69,0,1,2025-09-30 06:47:57,19.0,82.3,,0,0,,1
2025-09-30 06:48:42,179.25,0.31,239.04,0.4549,1.3649,232.45,242.35,242.34,411.22,417.63,413.24,414.06,1.3649,0.0,0.0,0.3089,0.0,0.0,0.0706,0.0706,0,0,0.3173,0.3173,0,0,0.975,0.9748,1,1,50,236.08,139.69,0,1,2025-09-30 06:48:42,19.0,83.5,,0,0,,1
2025-09-30 06:49:27,179.26,0.3097,239.2,0.4542,1.3628,232.64,242.53,242.43,411.48,417.99,413.43,414.22,1.3628,0.0,0.0,0.3085,0.0,0.0,0.0713,0.0713,0,0,0.317,0.317,0,0,0.9745,0.9743,1,1,50,236.08,139.69,0,1,2025-09-30 06:49:27,19.0,84.5,,0,0,,1
2025-09-30 06:50:12,179.26,0.3128,238.58,0.4554,1.3663,234.86,243.59,237.31,411.7,416.28,411.69,413.36,1.3663,0.0,0.0,0.3117,0.0,0.0,0.0742,0.0742,0,0,0.3209,0.3209,0,0,0.973,0.9728,1,1,50,236.09,139.69,0,1,2025-09-30 06:50:12,19.1,85.5,,0,0,,1
2025-09-30 06:50:57,179.26,0.3126,238.08,0.4556,1.367,234.51,243.18,236.57,410.71,415.35,410.99,412.28,1.367,0.0,0.0,0.3115,0.0,0.0,0.0736,0.0736,0,0,0.3206,0.3206,0,0,0.9734,0.9732,1,1,50,236.09,139.69,0,1,2025-09-30 06:50:57,19.5,86.2,,0,0,,1
2025-09-30 06:51:42,179.27,0.3127,238.25,0.4557,1.3672,234.61,243.41,236.73,411.14,415.47,411.28,412.65,1.3672,0.0,0.0,0.3117,0.0,0.0,0.0737,0.0737,0,0,0.3208,0.3208,0,0,0.9733,0.9731,1,1,50,236.09,139.69,0,1,2025-09-30 06:51:42,19.6,86.8,,0,0,,1
2025-09-30 06:52:27,179.27,0.3139,238.61,0.4564,1.3694,234.94,243.8,237.09,411.25,416.9,411.62,413.26,1.3694,0.0,0.0,0.3128,0.0,0.0,0.0733,0.0733,0,0,0.3217,0.3217,0,0,0.9738,0.9736,1,1,50.1,236.1,139.69,0,1,2025-09-30 06:52:27,19.6,87.2,,0,0,,1
2025-09-30 06:53:12,179.28,0.3129,238.59,0.455,1.365,234.87,243.82,237.08,411.42,416.67,411.58,413.17,1.365,0.0,0.0,0.3116,0.0,0.0,0.0733,0.0733,0,0,0.3206,0.3206,0,0,0.9736,0.9734,1,1,50.1,236.1,139.69,0,1,2025-09-30 06:53:12,19.6,87.6,,0,0,,1
2025-09-30 06:53:57,179.28,0.3138,238.69,0.4564,1.3694,235,243.86,237.22,411.93,416.2,412.08,413.33,1.3694,0.0,0.0,0.3128,0.0,0.0,0.0735,0.0735,0,0,0.3218,0.3218,0,0,0.9736,0.9735,1,1,50.1,236.11,139.7,0,1,2025-09-30 06:53:57,19.7,87.9,,0,0,,1
2025-09-30 06:54:42,179.28,0.3148,239.73,0.4564,1.3692,235.88,244.83,238.49,413.64,418.5,413.49,415.2,1.3692,0.0,0.0,0.3137,0.0,0.0,0.0745,0.0745,0,0,0.323,0.323,0,0,0.973,0.9729,1,1,50.1,236.11,139.7,0,1,2025-09-30 06:54:42,19.7,88.2,,0,0,,1
2025-09-30 06:55:27,179.29,0.3165,240.47,0.4568,1.3705,237.07,245.95,238.41,414.92,419.82,414.72,416.46,1.3705,0.0,0.0,0.3152,0.0,0.0,0.0763,0.0763,0,0,0.3249,0.3249,0,0,0.9721,0.9719,1,1,50.1,236.11,139.7,0,1,2025-09-30 06:55:27,19.7,88.6,,0,0,,1
2025-09-30 06:56:12,179.32,3.7063,239.81,7.4685,22.4055,236.11,245.21,238.13,414.08,418.12,413.84,415.29,8.5321,7.2019,6.6715,1.5971,1.1576,0.9516,3.824,1.2239,1.3294,1.2706,5.3692,2.0145,1.766,1.5887,0.6959,0.7937,0.6567,0.5994,50.1,236.17,139.73,1,1,2025-09-30 06:56:12,19.7,87.4,,1,0,,0
2025-09-30 06:56:57,179.37,3.6869,239.29,7.4172,22.2516,235.24,244.42,238.21,412.74,416.75,413.78,414.43,8.4813,7.1122,6.6581,1.58,1.1496,0.9573,3.7776,1.2147,1.2998,1.2632,5.3195,1.9951,1.7384,1.586,0.6984,0.7928,0.6625,0.604,50.1,236.23,139.78,1,1,2025-09-30 06:56:57,19.7,83.3,,1,0,,0
2025-09-30 06:57:42,179.42,3.6479,239.29,7.3775,22.1326,235.21,244.45,238.22,412.71,417.39,413.22,414.42,8.4344,7.0761,6.6221,1.5675,1.137,0.9434,3.7744,1.2123,1.2992,1.2629,5.2911,1.9839,1.7298,1.5775,0.6949,0.791,0.6585,0.5984,50.1,236.3,139.83,1,1,2025-09-30 06:57:42,19.6,78.8,,1,0,,0
2025-09-30 06:58:27,179.44,0.3176,240.09,0.4594,1.3783,236.11,245.48,238.68,413.91,419.29,414.26,415.78,1.3783,0.0,0.0,0.3165,0.0,0.0,0.0736,0.0736,0,0,0.3254,0.3254,0,0,0.9742,0.974,1,1,50.1,236.34,139.85,0,1,2025-09-30 06:58:27,19.1,76.1,,0,0,,1
2025-09-30 06:59:12,179.45,0.3164,240.07,0.458,1.374,236.21,245.29,238.71,413.46,420.02,413.88,415.78,1.374,0.0,0.0,0.3153,0.0,0.0,0.0743,0.0743,0,0,0.3246,0.3246,0,0,0.9734,0.9733,1,1,50.1,236.34,139.86,0,1,2025-09-30 06:59:12,19.0,77.4,,0,0,,1
2025-09-30 06:59:57,179.45,0.3149,239.96,0.4574,1.3723,236.17,245.15,238.58,413.74,419.45,413.65,415.58,1.3723,0.0,0.0,0.3149,0.0,0.0,0.0744,0.0744,0,0,0.3241,0.3241,0,0,0.9731,0.9731,1,1,50.1,236.35,139.86,0,1,2025-09-30 06:59:57,18.9,79.3,,0,0,,1
2025-09-30 07:00:42,179.45,0.3166,239.92,0.4577,1.3733,236.46,244.39,238.93,413.85,418.7,414.09,415.6,1.3733,0.0,0.0,0.3154,0.0,0.0,0.0748,0.0748,0,0,0.3247,0.3247,0,0,0.9731,0.973,1,1,50.1,236.35,139.86,0,1,2025-09-30 07:00:42,18.9,80.8,,0,0,,1
2025-09-30 07:01:27,179.46,0.3158,239.73,0.457,1.371,236.23,244.21,238.76,413.1,418.49,414.03,415.28,1.371,0.0,0.0,0.3145,0.0,0.0,0.0748,0.0748,0,0,0.3239,0.3239,0,0,0.9731,0.9729,1,1,50,236.35,139.86,0,1,2025-09-30 07:01:27,18.9,82.1,,0,0,,1
2025-09-30 07:02:12,179.46,0.3158,239.79,0.4573,1.3721,235.99,245.01,238.37,413.46,419.21,413.25,415.32,1.3721,0.0,0.0,0.3145,0.0,0.0,0.0745,0.0745,0,0,0.3238,0.3238,0,0,0.9732,0.973,1,1,50,236.36,139.86,0,1,2025-09-30 07:02:12,19.0,83.1,,0,0,,1
2025-09-30 07:02:57,179.47,0.3156,239.64,0.4573,1.372,235.79,244.92,238.23,413.09,418.59,413.47,414.99,1.372,0.0,0.0,0.3143,0.0,0.0,0.0742,0.0742,0,0,0.3235,0.3235,0,0,0.9734,0.9732,1,1,50,236.36,139.86,0,1,2025-09-30 07:02:57,19.0,84.2,,0,0,,1
2025-09-30 07:03:42,179.47,0.3142,239.23,0.4561,1.3684,235.42,244.48,237.81,412.67,417.91,412.47,414.39,1.3684,0.0,0.0,0.3129,0.0,0.0,0.0744,0.0744,0,0,0.3221,0.3221,0,0,0.9731,0.9728,1,1,50,236.37,139.86,0,1,2025-09-30 07:03:42,19.0,84.9,,0,0,,1
2025-09-30 07:04:27,179.47,0.3123,238.78,0.4544,1.3634,234.95,244.04,237.37,411.61,417.62,411.47,413.62,1.3634,0.0,0.0,0.3111,0.0,0.0,0.0742,0.0742,0,0,0.3203,0.3203,0,0,0.9729,0.9727,1,1,49.9,236.37,139.86,0,1,2025-09-30 07:04:27,19.1,85.6,,0,0,,1
2025-09-30 07:05:12,179.48,0.3129,239,0.4548,1.3645,235.21,244.12,237.69,412.18,417.4,412.27,413.97,1.3645,0.0,0.0,0.3116,0.0,0.0,0.0746,0.0746,0,0,0.3209,0.3209,0,0,0.9727,0.9725,1,1,49.9,236.37,139.86,0,1,2025-09-30 07:05:12,19.5,86.2,,0,0,,1
2025-09-30 07:05:57,179.48,0.3139,238.87,0.4563,1.369,235.09,244.04,237.49,411.95,417.34,411.87,413.78,1.369,0.0,0.0,0.3126,0.0,0.0,0.0742,0.0742,0,0,0.3218,0.3218,0,0,0.9731,0.9729,1,1,49.9,236.38,139.86,0,1,2025-09-30 07:05:57,19.5,86.7,,0,0,,1
2025-09-30 07:06:42,179.49,0.3122,238.57,0.4549,1.3648,234.7,243.94,237.09,411.47,416.6,411.53,413.18,1.3648,0.0,0.0,0.3111,0.0,0.0,0.074,0.074,0,0,0.3203,0.3203,0,0,0.973,0.9728,1,1,49.9,236.38,139.87,0,1,2025-09-30 07:06:42,19.6,87.2,,0,0,,1
2025-09-30 07:07:27,179.49,0.3116,238.4,0.4543,1.3629,234.53,243.73,236.94,411.08,416.2,411.39,412.91,1.3629,0.0,0.0,0.3105,0.0,0.0,0.0738,0.0738,0,0,0.3196,0.3196,0,0,0.973,0.9728,1,1,49.9,236.39,139.87,0,1,2025-09-30 07:07:27,19.6,87.6,,0,0,,1
2025-09-30 07:08:12,179.49,0.3106,238.46,0.4544,1.3633,234.53,243.87,236.98,410.86,417.23,410.91,412.92,1.3633,0.0,0.0,0.3106,0.0,0.0,0.0737,0.0737,0,0,0.3197,0.3197,0,0,0.9729,0.9729,1,1,49.9,236.39,139.87,0,1,2025-09-30 07:08:12,19.7,87.9,,0,0,,1
2025-09-30 07:08:57,179.5,0.3118,238.36,0.4543,1.3629,234.44,243.77,236.87,410.95,416.24,411.28,412.92,1.3629,0.0,0.0,0.3104,0.0,0.0,0.0737,0.0737,0,0,0.3195,0.3195,0,0,0.9732,0.9729,1,1,49.9,236.39,139.87,0,1,2025-09-30 07:08:57,19.7,88.1,,0,0,,1
2025-09-30 07:09:42,179.5,0.3148,239.27,0.4565,1.3697,236.04,244.35,237.42,412.41,417.43,413.33,414.49,1.3697,0.0,0.0,0.3137,0.0,0.0,0.0758,0.0758,0,0,0.3233,0.3233,0,0,0.9721,0.9719,1,1,49.9,236.4,139.87,0,1,2025-09-30 07:09:42,19.7,88.4,,0,0,,1
2025-09-30 07:10:27,179.55,3.7345,237.84,7.4514,22.354300000000002,234.36,242.79,236.39,409.79,415.21,410.79,411.87,8.52,7.1535,6.6808,1.5949,1.1651,0.9745,3.7242,1.1983,1.2843,1.2416,5.3128,1.9967,1.7368,1.5793,0.708,0.7994,0.6718,0.6173,49.9,236.47,139.92,1,1,2025-09-30 07:10:27,19.7,86.2,,1,0,,0
2025-09-30 07:11:12,179.59,3.7008,237.71,7.4124,22.2374,234.28,242.71,236.16,409.86,414.85,410.41,411.64,8.4909,7.1198,6.6267,1.5886,1.1517,0.9604,3.7135,1.1941,1.2847,1.2346,5.2823,1.9892,1.728,1.565,0.7058,0.7993,0.6674,0.614,49.9,236.53,139.96,1,1,2025-09-30 07:11:12,19.7,82,,1,0,,0
2025-09-30 07:11:57,179.64,3.6577,237.46,7.3625,22.087699999999998,233.98,242.5,235.92,408.14,417.35,408.32,411.27,8.4239,7.0838,6.58,1.572,1.141,0.9447,3.6969,1.1859,1.2803,1.2307,5.2412,1.971,1.7178,1.5524,0.7033,0.7983,0.6653,0.6089,49.9,236.6,140.01,1,1,2025-09-30 07:11:57,19.6,78.3,,1,0,,0
2025-09-30 07:12:42,179.66,0.3145,238.22,0.4568,1.3705,235.14,243.07,236.47,411.85,416.18,409.81,412.65,1.3705,0.0,0.0,0.3131,0.0,0.0,0.0739,0.0739,0,0,0.3223,0.3223,0,0,0.9734,0.9732,1,1,49.9,236.63,140.03,0,1,2025-09-30 07:12:42,19.1,75.7,,0,0,,1
2025-09-30 07:13:27,179.67,0.3142,238.51,0.4565,1.3696,235.34,243.59,236.61,411.04,416.22,411.98,413.01,1.3696,0.0,0.0,0.313,0.0,0.0,0.0746,0.0746,0,0,0.3223,0.3223,0,0,0.9729,0.9727,1,1,49.9,236.63,140.03,0,1,2025-09-30 07:13:27,19.0,77.1,,0,0,,1
2025-09-30 07:14:12,179.67,0.3142,238.15,0.4568,1.3704,235.07,243.11,236.27,410.88,415.86,410.64,412.69,1.3704,0.0,0.0,0.313,0.0,0.0,0.0738,0.0738,0,0,0.3221,0.3221,0,0,0.9734,0.9733,1,1,49.9,236.64,140.03,0,1,2025-09-30 07:14:12,18.9,78.9,,0,0,,1
2025-09-30 07:14:57,179.67,0.3137,238.3,0.4559,1.3679,235.22,243.35,236.34,410.58,416.84,410.75,412.83,1.3679,0.0,0.0,0.3125,0.0,0.0,0.0745,0.0745,0,0,0.3218,0.3218,0,0,0.9729,0.9727,1,1,49.9,236.64,140.03,0,1,2025-09-30 07:14:57,18.9,80.8,,0,0,,1
2025-09-30 07:15:42,179.68,0.3097,237.33,0.4546,1.364,233.46,242.81,235.72,409.43,414.41,409.28,411.08,1.364,0.0,0.0,0.3097,0.0,0.0,0.0722,0.0722,0,0,0.3184,0.3184,0,0,0.9738,0.9738,1,1,49.9,236.65,140.03,0,1,2025-09-30 07:15:42,19.0,82.1,,0,0,,1
2025-09-30 07:16:27,179.68,0.3091,236.82,0.4541,1.3625,232.16,242.68,235.62,407.94,414.6,407.95,410.15,1.3625,0.0,0.0,0.3079,0.0,0.0,0.0707,0.0707,0,0,0.3163,0.3163,0,0,0.9748,0.9746,1,1,49.9,236.65,140.03,0,1,2025-09-30 07:16:27,19.0,83.2,,0,0,,1
2025-09-30 07:17:12,179.68,0.3071,236.86,0.4528,1.3584,232.45,242.56,235.59,408.47,413.51,408.71,410.11,1.3584,0.0,0.0,0.3071,0.0,0.0,0.0714,0.0714,0,0,0.3158,0.3158,0,0,0.9739,0.9739,1,1,49.9,236.65,140.04,0,1,2025-09-30 07:17:12,19.0,84.1,,0,0,,1
2025-09-30 07:17:57,179.69,0.3084,236.55,0.4534,1.3604,232.28,242.23,235.14,408.1,412.72,408.23,409.66,1.3604,0.0,0.0,0.3074,0.0,0.0,0.0712,0.0712,0,0,0.316,0.316,0,0,0.9743,0.9742,1,1,49.9,236.66,140.04,0,1,2025-09-30 07:17:57,19.1,84.8,,0,0,,1
2025-09-30 07:18:42,179.69,0.3066,236.27,0.4526,1.358,232.14,241.85,234.83,407.5,412.87,407.27,409.18,1.358,0.0,0.0,0.3066,0.0,0.0,0.0715,0.0715,0,0,0.3152,0.3152,0,0,0.9738,0.9738,1,1,49.8,236.66,140.04,0,1,2025-09-30 07:18:42,19.5,85.4,,0,0,,1
2025-09-30 07:19:33,179.7,0.3074,235.95,0.4526,1.3578,232.13,241.26,234.46,406.47,411.89,407.56,408.62,1.3578,0.0,0.0,0.3063,0.0,0.0,0.0723,0.0723,0,0,0.3152,0.3152,0,0,0.9734,0.9732,1,1,49.8,236.67,140.04,0,1,2025-09-30 07:19:34,19.5,86.4,,0,0,,1
2025-09-30 07:20:18,179.7,0.3046,236.39,0.4513,1.354,230.36,239.88,238.94,406.62,412.84,408.83,409.4,1.354,0.0,0.0,0.3035,0.0,0.0,0.0701,0.0701,0,0,0.3119,0.3119,0,0,0.9745,0.9743,1,1,49.7,236.67,140.04,0,1,2025-09-30 07:20:18,19.6,86.9,,0,0,,1
2025-09-30 07:21:03,179.71,0.3044,236.62,0.4518,1.3556,230.86,239.9,239.1,407.33,412.64,409.49,409.87,1.3556,0.0,0.0,0.3044,0.0,0.0,0.0709,0.0709,0,0,0.313,0.313,0,0,0.9739,0.9739,1,1,49.7,236.68,140.04,0,1,2025-09-30 07:21:03,19.6,87.4,,0,0,,1
2025-09-30 07:21:48,179.71,0.3043,236.5,0.4522,1.3566,230.64,239.94,238.93,406.97,413.46,408.46,409.52,1.3566,0.0,0.0,0.3043,0.0,0.0,0.0709,0.0709,0,0,0.3129,0.3129,0,0,0.9738,0.9738,1,1,49.7,236.68,140.04,0,1,2025-09-30 07:21:48,19.6,87.8,,0,0,,1
2025-09-30 07:22:33,179.71,0.3047,236.31,0.4512,1.3537,230.53,239.68,238.74,407.06,412.74,408.11,409.4,1.3537,0.0,0.0,0.3034,0.0,0.0,0.0711,0.0711,0,0,0.3121,0.3121,0,0,0.9738,0.9736,1,1,49.7,236.68,140.04,0,1,2025-09-30 07:22:33,19.7,88.1,,0,0,,1
2025-09-30 07:23:18,179.72,0.3028,236.22,0.4504,1.3513,230.42,239.65,238.6,407.06,411.9,408.44,409.21,1.3513,0.0,0.0,0.3028,0.0,0.0,0.0708,0.0708,0,0,0.3114,0.3114,0,0,0.9737,0.9737,1,1,49.7,236.69,140.04,0,1,2025-09-30 07:23:18,19.7,88.3,,0,0,,1
2025-09-30 07:24:03,179.73,3.4904,235,7.1867,21.560299999999998,229.02,238.33,237.67,404.36,410.65,406.1,407.07,8.2309,6.824,6.5054,1.4687,1.0891,0.9327,3.6144,1.1784,1.2038,1.2322,5.0575,1.885,1.6264,1.5461,0.6946,0.7799,0.6708,0.6035,49.6,236.7,140.05,1,1,2025-09-30 07:24:03,19.7,88.7,,1,0,,0
2025-09-30 07:24:48,179.77,3.7069,234.58,7.3884,22.1652,228.57,237.92,237.25,403.67,409.61,405.6,406.33,8.4496,7.0184,6.6972,1.5361,1.1645,1.0063,3.5893,1.1676,1.1929,1.2288,5.1901,1.9313,1.6698,1.5889,0.7184,0.7961,0.6985,0.6335,49.6,236.76,140.1,1,1,2025-09-30 07:24:48,19.7,85.7,,1,0,,0
2025-09-30 07:25:33,179.82,3.6929,234.67,7.3728,22.1185,228.77,238.05,237.21,404.19,409.57,405.62,406.41,8.4208,7.0275,6.6702,1.5339,1.1637,0.9953,3.5886,1.1619,1.1978,1.2289,5.1816,1.9264,1.6729,1.5822,0.7171,0.7971,0.6968,0.6293,49.6,236.83,140.14,1,1,2025-09-30 07:25:33,19.7,81.5,,1,0,,0
2025-09-30 07:26:39,179.87,0.3039,235.52,0.4522,1.3568,230.23,238.1,238.23,405.58,411.24,406.97,407.99,1.3568,0.0,0.0,0.3039,0.0,0.0,0.0704,0.0704,0,0,0.3124,0.3124,0,0,0.9741,0.9741,1,1,49.7,236.9,140.19,0,1,2025-09-30 07:26:39,19.0,76.7,,0,0,,1
2025-09-30 07:27:24,179.87,0.3075,235.75,0.4541,1.3625,232.11,233.5,241.64,405.42,410.89,408.65,408.31,1.3625,0.0,0.0,0.3074,0.0,0.0,0.0721,0.0721,0,0,0.3162,0.3162,0,0,0.9736,0.9735,1,1,49.7,236.9,140.19,0,1,2025-09-30 07:27:24,18.9,78.6,,0,0,,1
2025-09-30 07:28:09,179.88,0.3053,235.8,0.4532,1.3598,231.9,234.23,241.29,405.59,410.91,408.76,408.29,1.3598,0.0,0.0,0.3066,0.0,0.0,0.0719,0.0719,0,0,0.3153,0.3153,0,0,0.9733,0.9735,1,1,49.7,236.91,140.19,0,1,2025-09-30 07:28:09,18.9,80.5,,0,0,,1
2025-09-30 07:28:54,179.88,0.3041,235.57,0.4522,1.3568,231.64,233.99,241.1,405.04,411.25,407.78,407.99,1.3568,0.0,0.0,0.3054,0.0,0.0,0.0721,0.0721,0,0,0.3143,0.3143,0,0,0.973,0.9732,1,1,49.7,236.91,140.19,0,1,2025-09-30 07:28:54,18.9,81.9,,0,0,,1
2025-09-30 07:29:39,179.88,0.3059,235.32,0.4527,1.3582,231.84,234.04,240.08,405.34,409.73,407.66,407.65,1.3582,0.0,0.0,0.3059,0.0,0.0,0.0725,0.0725,0,0,0.3149,0.3149,0,0,0.973,0.973,1,1,49.7,236.92,140.19,0,1,2025-09-30 07:29:39,19.0,83.2,,0,0,,1
2025-09-30 07:30:24,179.89,0.3064,235.18,0.4533,1.3601,231.7,234,239.86,404.67,410.1,407.29,407.28,1.3601,0.0,0.0,0.3064,0.0,0.0,0.0719,0.0719,0,0,0.3151,0.3151,0,0,0.9735,0.9735,1,1,49.7,236.92,140.19,0,1,2025-09-30 07:30:24,19.0,84.2,,0,0,,1
2025-09-30 07:31:09,179.89,0.305,235.05,0.4518,1.3556,231.6,233.69,239.88,404.08,409.73,407.58,407.16,1.3556,0.0,0.0,0.305,0.0,0.0,0.0723,0.0723,0,0,0.314,0.314,0,0,0.973,0.973,1,1,49.7,236.92,140.19,0,1,2025-09-30 07:31:09,19.1,85.1,,0,0,,1
2025-09-30 07:31:54,179.9,0.3033,235.27,0.4514,1.3543,231.22,233.75,240.84,404.69,410.26,407.52,407.58,1.3543,0.0,0.0,0.3044,0.0,0.0,0.0717,0.0717,0,0,0.3131,0.3131,0,0,0.9731,0.9733,1,1,49.7,236.93,140.19,0,1,2025-09-30 07:31:54,19.1,85.8,,0,0,,1
2025-09-30 07:32:39,179.9,0.3027,234.27,0.4514,1.3542,229.61,233.12,240.09,402.91,408.89,405.49,405.88,1.3542,0.0,0.0,0.3027,0.0,0.0,0.0694,0.0694,0,0,0.3109,0.3109,0,0,0.9747,0.9747,1,1,49.7,236.93,140.19,0,1,2025-09-30 07:32:39,19.5,86.5,,0,0,,1
2025-09-30 07:33:45,179.91,0.3016,233.9,0.4505,1.3515,229.25,232.74,239.72,402.04,407.73,405.6,405.33,1.3515,0.0,0.0,0.3016,0.0,0.0,0.0692,0.0692,0,0,0.3098,0.3098,0,0,0.9746,0.9746,1,1,49.7,236.94,140.2,0,1,2025-09-30 07:33:45,19.6,87.4,,0,0,,1
2025-09-30 07:34:30,179.91,0.3042,234.63,0.4518,1.3556,230.78,233.05,240.06,403.73,408.89,406.53,406.51,1.3556,0.0,0.0,0.3042,0.0,0.0,0.0712,0.0712,0,0,0.3128,0.3128,0,0,0.9736,0.9736,1,1,49.7,236.94,140.2,0,1,2025-09-30 07:34:30,19.6,87.8,,0,0,,1
2025-09-30 07:35:15,179.91,0.3025,234.11,0.4504,1.3514,230.22,232.56,239.57,402.64,408.46,405.38,405.6,1.3514,0.0,0.0,0.3026,0.0,0.0,0.0705,0.0705,0,0,0.3111,0.3111,0,0,0.9739,0.9739,1,1,49.7,236.95,140.2,0,1,2025-09-30 07:35:15,19.7,88.2,,0,0,,1
2025-09-30 07:36:00,179.92,0.3028,233.94,0.4507,1.3521,230.18,232.15,239.49,402.51,407.41,405.63,405.24,1.3521,0.0,0.0,0.3028,0.0,0.0,0.0701,0.0701,0,0,0.3112,0.3112,0,0,0.9742,0.9742,1,1,49.8,236.95,140.2,0,1,2025-09-30 07:36:00,19.7,88.5,,0,0,,1
2025-09-30 07:36:45,179.92,0.3036,233.99,0.4518,1.3556,230.12,232.37,239.5,402.42,407.88,405.56,405.26,1.3556,0.0,0.0,0.3036,0.0,0.0,0.0698,0.0698,0,0,0.312,0.312,0,0,0.9746,0.9746,1,1,49.8,236.95,140.2,0,1,2025-09-30 07:36:45,19.7,88.7,,0,0,,1
2025-09-30 07:37:30,179.96,3.7198,232.93,7.3084,21.9252,228.74,231.35,238.72,400.56,406.18,403.61,403.38,8.4148,6.7784,6.732,1.5151,1.125,1.0797,3.4622,1.1842,1.0886,1.1894,5.1,1.9248,1.5682,1.6071,0.732,0.7878,0.7186,0.6721,49.8,237,140.23,1,1,2025-09-30 07:37:30,19.7,87.6,,1,0,,0
2025-09-30 07:38:15,180,3.7087,233.06,7.2891,21.8674,228.82,231.58,238.8,400.94,406.27,403.81,403.63,8.3868,6.7789,6.7017,1.5131,1.125,1.0706,3.4574,1.1775,1.0912,1.1887,5.0893,1.9191,1.5699,1.6004,0.7314,0.7891,0.7177,0.6692,49.8,237.07,140.27,1,1,2025-09-30 07:38:15,19.7,83.5,,1,0,,0
2025-09-30 07:39:00,180.05,3.6974,232.9,7.2663,21.7991,228.59,231.46,238.66,400.72,405.95,403.49,403.43,8.3426,6.7648,6.6917,1.5053,1.1253,1.0667,3.4413,1.168,1.0854,1.1879,5.0699,1.907,1.5658,1.597,0.7319,0.79,0.7197,0.6681,49.8,237.13,140.32,1,1,2025-09-30 07:39:00,19.6,79.1,,1,0,,0
2025-09-30 07:39:45,180.08,0.3055,233.7,0.4547,1.3643,229.69,232.16,239.25,401.89,407.51,404.92,404.93,1.3643,0.0,0.0,0.3056,0.0,0.0,0.0678,0.0678,0,0,0.3134,0.3134,0,0,0.9762,0.9762,1,1,49.8,237.17,140.35,0,1,2025-09-30 07:39:45,19.1,76,,0,0,,1
2025-09-30 07:40:53,180.09,0.3025,233.03,0.4527,1.3582,228.31,231.98,238.8,400.82,406.34,403.67,403.7,1.3582,0.0,0.0,0.3025,0.0,0.0,0.0664,0.0664,0,0,0.3101,0.3101,0,0,0.9767,0.9767,1,1,49.9,237.18,140.35,0,1,2025-09-30 07:40:53,18.9,78.8,,0,0,,1
2025-09-30 07:41:38,180.09,0.3039,233.02,0.453,1.3592,228.18,232.01,238.89,400.59,406.62,403.6,403.58,1.3592,0.0,0.0,0.3027,0.0,0.0,0.0658,0.0658,0,0,0.3101,0.3101,0,0,0.9773,0.9771,1,1,49.9,237.19,140.35,0,1,2025-09-30 07:41:38,18.9,80.2,,0,0,,1
2025-09-30 07:42:23,180.1,0.304,233.5,0.4533,1.3601,229.4,231.99,239.13,401.15,407.64,404.53,404.42,1.3601,0.0,0.0,0.3043,0.0,0.0,0.0674,0.0674,0,0,0.312,0.312,0,0,0.9763,0.9763,1,1,49.9,237.19,140.35,0,1,2025-09-30 07:42:23,18.9,81.7,,0,0,,1
2025-09-30 07:43:08,180.1,0.304,233.59,0.4529,1.3587,229.54,232.14,239.11,401.94,407.34,404.49,404.61,1.3587,0.0,0.0,0.304,0.0,0.0,0.068,0.068,0,0,0.3119,0.3119,0,0,0.9759,0.9758,1,1,49.9,237.19,140.35,0,1,2025-09-30 07:43:08,19.0,83,,0,0,,1
2025-09-30 07:43:53,180.1,0.3043,233.37,0.4518,1.3556,229.31,231.9,238.9,401.22,407.83,403.55,404.32,1.3556,0.0,0.0,0.303,0.0,0.0,0.0677,0.0677,0,0,0.3109,0.3109,0,0,0.9761,0.9759,1,1,49.9,237.2,140.35,0,1,2025-09-30 07:43:53,19.0,84,,0,0,,1
2025-09-30 07:44:38,180.11,0.3026,233.15,0.4516,1.3549,229.11,231.72,238.64,401.09,406.6,403.8,403.8,1.3549,0.0,0.0,0.3026,0.0,0.0,0.0675,0.0675,0,0,0.3104,0.3104,0,0,0.9759,0.976,1,1,49.9,237.2,140.35,0,1,2025-09-30 07:44:38,19.1,84.9,,0,0,,1
2025-09-30 07:45:23,180.11,0.3032,233.04,0.4518,1.3554,228.96,231.58,238.6,400.86,405.56,404.49,403.63,1.3554,0.0,0.0,0.3032,0.0,0.0,0.0673,0.0673,0,0,0.3103,0.3103,0,0,0.9762,0.9761,1,1,49.9,237.21,140.35,0,1,2025-09-30 07:45:23,19.5,85.6,,0,0,,1
2025-09-30 07:46:08,180.12,0.306,235.86,0.4526,1.3579,231.81,234.43,241.34,405.65,411.28,408.61,408.47,1.3579,0.0,0.0,0.3062,0.0,0.0,0.0709,0.0709,0,0,0.3148,0.3148,0,0,0.9741,0.9742,1,1,49.9,237.21,140.36,0,1,2025-09-30 07:46:08,19.5,86.3,,0,0,,1
2025-09-30 07:46:53,180.12,0.3047,235.18,0.4527,1.3582,230.46,234.12,240.96,404.3,410.41,407.3,407.33,1.3582,0.0,0.0,0.3047,0.0,0.0,0.0691,0.0691,0,0,0.313,0.313,0,0,0.9752,0.9754,1,1,50,237.21,140.36,0,1,2025-09-30 07:46:53,19.6,86.8,,0,0,,1
2025-09-30 07:47:38,180.12,0.3066,235.21,0.4534,1.3604,230.48,234.11,241.06,404.42,410.16,407.61,407.49,1.3604,0.0,0.0,0.3055,0.0,0.0,0.0685,0.0685,0,0,0.3135,0.3135,0,0,0.9759,0.9757,1,1,50,237.22,140.36,0,1,2025-09-30 07:47:38,19.6,87.3,,0,0,,1
2025-09-30 07:48:23,180.13,0.3065,234.96,0.4537,1.3611,230.13,233.96,240.81,403.99,409.76,407.15,406.67,1.3611,0.0,0.0,0.3054,0.0,0.0,0.0678,0.0678,0,0,0.3132,0.3132,0,0,0.9763,0.9762,1,1,50,237.22,140.36,0,1,2025-09-30 07:48:23,19.6,87.7,,0,0,,1
2025-09-30 07:49:08,180.13,0.3085,235.54,0.4543,1.3629,231.53,233.99,241.1,405.11,410.42,408.34,407.98,1.3629,0.0,0.0,0.3073,0.0,0.0,0.0696,0.0696,0,0,0.3156,0.3156,0,0,0.9754,0.9753,1,1,50,237.22,140.36,0,1,2025-09-30 07:49:08,19.7,88.1,,0,0,,1
2025-09-30 07:49:53,180.13,0.3076,235.29,0.4534,1.3604,231.27,233.76,240.86,404.86,409.84,407.91,407.58,1.3604,0.0,0.0,0.3065,0.0,0.0,0.0692,0.0692,0,0,0.3146,0.3146,0,0,0.9756,0.9754,1,1,50,237.23,140.36,0,1,2025-09-30 07:49:53,19.7,88.3,,0,0,,1
2025-09-30 07:50:38,180.14,0.3053,235.15,0.4535,1.3606,231.13,233.66,240.66,404.36,410.26,407.23,407.17,1.3606,0.0,0.0,0.3064,0.0,0.0,0.0687,0.0687,0,0,0.3145,0.3145,0,0,0.9755,0.9757,1,1,50,237.23,140.36,0,1,2025-09-30 07:50:38,19.7,88.6,,0,0,,1
2025-09-30 07:51:23,180.15,3.5268,234.16,7.0936,21.2808,229.86,232.64,240,402.68,408.28,405.77,405.62,8.2047,6.5575,6.5186,1.4579,1.0559,1.013,3.4817,1.1932,1.0972,1.1913,4.9759,1.8859,1.5255,1.5645,0.7116,0.7738,0.6934,0.6478,50,237.25,140.37,1,1,2025-09-30 07:51:23,19.7,89,,1,0,,0
2025-09-30 07:52:08,180.19,3.8173,234.16,7.3916,22.175,229.71,232.85,239.92,402.62,408.51,405.58,405.65,8.4919,6.8997,6.7834,1.5523,1.1645,1.1006,3.4795,1.1783,1.1031,1.198,5.1847,1.9507,1.6066,1.6275,0.739,0.7965,0.7259,0.6765,50,237.31,140.41,1,1,2025-09-30 07:52:08,19.7,86.7,,1,0,,0
2025-09-30 07:52:53,180.24,3.7537,234.08,7.3206,21.9618,229.53,232.84,239.87,402.69,408.25,405.35,405.46,8.394,6.843,6.7248,1.5277,1.1485,1.0775,3.4711,1.171,1.1006,1.1996,5.1331,1.9267,1.5933,1.6131,0.7342,0.7936,0.722,0.6682,50,237.37,140.45,1,1,2025-09-30 07:52:53,19.7,82.4,,1,0,,0
2025-09-30 07:53:38,180.29,3.7078,234.04,7.2691,21.807499999999997,229.49,232.89,239.75,402.47,408.72,404.91,405.34,8.3422,6.8075,6.6578,1.5161,1.1345,1.0571,3.4655,1.1664,1.1039,1.1952,5.0961,1.9145,1.5854,1.5962,0.7305,0.7925,0.7167,0.6625,50,237.44,140.5,1,1,2025-09-30 07:53:38,19.6,78.2,,1,0,,0
2025-09-30 07:54:23,180.29,0.3064,234.48,0.4547,1.3643,230.36,233.15,239.95,403.65,408.88,405.86,406.16,1.3643,0.0,0.0,0.3065,0.0,0.0,0.0676,0.0676,0,0,0.3143,0.3143,0,0,0.9765,0.9765,1,1,50,237.44,140.5,0,1,2025-09-30 07:54:23,19.0,76.9,,0,0,,1
2025-09-30 07:55:08,180.3,0.304,233.96,0.4546,1.3639,229.18,232.97,239.75,402.27,408.11,405.33,405.23,1.3639,0.0,0.0,0.3051,0.0,0.0,0.0664,0.0664,0,0,0.3126,0.3126,0,0,0.9769,0.9771,1,1,50,237.45,140.5,0,1,2025-09-30 07:55:08,18.9,78.6,,0,0,,1
2025-09-30 07:55:53,180.3,0.3039,233.92,0.4534,1.3603,228.96,233.13,239.67,402.44,408.2,404.8,405.11,1.3603,0.0,0.0,0.304,0.0,0.0,0.0662,0.0662,0,0,0.3115,0.3115,0,0,0.977,0.9771,1,1,50,237.45,140.5,0,1,2025-09-30 07:55:53,18.9,80.4,,0,0,,1
2025-09-30 07:56:38,180.31,0.3019,234.52,0.4526,1.3578,227.68,237.78,238.11,404.89,409.93,403.77,406.29,1.3578,0.0,0.0,0.3019,0.0,0.0,0.0647,0.0647,0,0,0.3091,0.3091,0,0,0.9778,0.9778,1,1,50,237.46,140.5,0,1,2025-09-30 07:56:38,18.9,81.9,,0,0,,1
2025-09-30 07:57:23,180.31,0.3028,234.56,0.4524,1.3573,227.61,237.98,238.11,403.94,409.83,405.04,406.3,1.3573,0.0,0.0,0.3018,0.0,0.0,0.0646,0.0646,0,0,0.3089,0.3089,0,0,0.9779,0.9778,1,1,50,237.46,140.5,0,1,2025-09-30 07:57:23,18.9,83.2,,0,0,,1
2025-09-30 07:58:08,180.31,0.3026,233.78,0.4527,1.3583,227.2,237.46,236.69,402.7,408.28,403.75,404.92,1.3583,0.0,0.0,0.3015,0.0,0.0,0.0645,0.0645,0,0,0.3086,0.3086,0,0,0.978,0.9779,1,1,50,237.46,140.5,0,1,2025-09-30 07:58:08,19.0,84.3,,0,0,,1
2025-09-30 07:58:53,180.32,0.3051,234.29,0.4535,1.3606,228.92,236.83,237.13,403.72,408.5,405.17,405.78,1.3606,0.0,0.0,0.304,0.0,0.0,0.0664,0.0664,0,0,0.3115,0.3115,0,0,0.9771,0.9769,1,1,50,237.47,140.51,0,1,2025-09-30 07:58:53,19.0,85.1,,0,0,,1
2025-09-30 07:59:38,180.32,0.3038,234.01,0.4522,1.3567,228.58,236.75,236.71,403.39,408.04,404.51,405.31,1.3567,0.0,0.0,0.3027,0.0,0.0,0.0659,0.0659,0,0,0.3101,0.3101,0,0,0.9772,0.977,1,1,50,237.47,140.51,0,1,2025-09-30 07:59:38,19.1,86,,0,0,,1
2025-09-30 08:00:23,180.32,0.3033,233.96,0.453,1.3592,228.62,236.65,236.62,403.3,407.85,404.52,405.17,1.3592,0.0,0.0,0.3033,0.0,0.0,0.0661,0.0661,0,0,0.3107,0.3107,0,0,0.977,0.977,1,1,50,237.48,140.51,0,1,2025-09-30 08:00:23,19.1,86.6,,0,0,,1
2025-09-30 08:01:08,180.33,0.3025,233.92,0.4525,1.3577,228.26,237.25,236.25,403.17,407.93,404.34,405.14,1.3577,0.0,0.0,0.3025,0.0,0.0,0.0658,0.0658,0,0,0.3099,0.3099,0,0,0.9771,0.9771,1,1,50,237.48,140.51,0,1,2025-09-30 08:01:08,19.5,87.1,,0,0,,1
2025-09-30 08:01:53,180.33,0.3004,233.24,0.4519,1.3558,226.74,237.01,235.97,402.03,407.15,402.73,403.97,1.3558,0.0,0.0,0.3004,0.0,0.0,0.064,0.064,0,0,0.3074,0.3074,0,0,0.978,0.978,1,1,50,237.48,140.51,0,1,2025-09-30 08:01:53,19.5,87.6,,0,0,,1
2025-09-30 08:02:38,180.34,0.2995,233.07,0.451,1.3532,226.49,236.98,235.75,401.67,406.94,402.43,403.74,1.3532,0.0,0.0,0.2995,0.0,0.0,0.0638,0.0638,0,0,0.3065,0.3065,0,0,0.978,0.978,1,1,50,237.49,140.51,0,1,2025-09-30 08:02:38,19.6,88,,0,0,,1
2025-09-30 08:03:23,180.34,0.299,232.61,0.4512,1.3538,225.99,236.56,235.28,400.73,406.2,401.7,402.83,1.3538,0.0,0.0,0.299,0.0,0.0,0.0635,0.0635,0,0,0.3059,0.3059,0,0,0.9782,0.9782,1,1,50,237.49,140.51,0,1,2025-09-30 08:03:23,19.6,88.3,,0,0,,1
2025-09-30 08:04:08,180.34,0.2994,232.48,0.4505,1.3517,225.85,236.29,235.31,400.69,405.27,401.97,402.6,1.3517,0.0,0.0,0.2983,0.0,0.0,0.0634,0.0634,0,0,0.3053,0.3053,0,0,0.9783,0.9781,1,1,50,237.5,140.51,0,1,2025-09-30 08:04:08,19.6,88.7,,0,0,,1
2025-09-30 08:04:53,180.35,0.3,232.45,0.4512,1.3537,226.01,236.08,235.26,400.24,405.26,402.26,402.65,1.3537,0.0,0.0,0.299,0.0,0.0,0.0636,0.0636,0,0,0.3059,0.3059,0,0,0.9782,0.9781,1,1,50,237.5,140.51,0,1,2025-09-30 08:04:53,19.7,88.9,,0,0,,1
2025-09-30 08:05:38,180.35,0.2989,232.18,0.45,1.35,225.69,235.8,235.06,399.64,405.45,401.33,402.16,1.35,0.0,0.0,0.2977,0.0,0.0,0.0633,0.0633,0,0,0.3047,0.3047,0,0,0.9783,0.9781,1,1,50,237.5,140.51,0,1,2025-09-30 08:05:38,19.7,89.2,,0,0,,1
2025-09-30 08:06:23,180.35,0.2991,231.86,0.4504,1.3514,225.76,235.96,233.88,399.38,404.54,400.84,401.59,1.3514,0.0,0.0,0.2981,0.0,0.0,0.0636,0.0636,0,0,0.3051,0.3051,0,0,0.9781,0.978,1,1,49.9,237.51,140.51,0,1,2025-09-30 08:06:23,19.7,89.4,,0,0,,1
2025-09-30 08:07:08,180.36,3.5847,232.22,7.1504,21.4512,226.49,236,234.18,399.95,405.22,401.45,402,8.2951,6.7427,6.4134,1.5158,1.1145,0.9544,3.3982,1.1071,1.1324,1.1587,4.9719,1.8788,1.5913,1.5019,0.7257,0.8075,0.7014,0.6357,50,237.52,140.52,1,1,2025-09-30 08:07:08,19.7,89.5,,1,0,,0
2025-09-30 08:07:53,180.41,3.8307,232,7.39,22.1702,225.68,235.56,234.77,398.87,405.94,400.7,401.86,8.4218,7.0313,6.7171,1.56,1.2203,1.0504,3.3745,1.0828,1.1163,1.1753,5.1339,1.9006,1.6563,1.577,0.7503,0.8215,0.7378,0.6663,50,237.58,140.56,1,1,2025-09-30 08:07:53,19.7,87.1,,1,0,,0
2025-09-30 08:08:38,180.46,3.7969,231.78,7.3427,22.028100000000002,225.48,235.34,234.53,399.31,404.47,400.54,401.37,8.377,6.9794,6.6717,1.5493,1.2078,1.0398,3.3547,1.0773,1.1093,1.1681,5.0961,1.8888,1.6425,1.5647,0.7493,0.821,0.7365,0.6648,50,237.65,140.6,1,1,2025-09-30 08:08:38,19.7,82.7,,1,0,,0
2025-09-30 08:09:23,180.5,3.736,231.52,7.2636,21.791,225.35,234.96,234.26,398.58,404.6,399.83,400.94,8.3247,6.8677,6.5986,1.5324,1.1783,1.0253,3.3339,1.0792,1.0989,1.1558,5.0354,1.876,1.6136,1.5458,0.7461,0.8175,0.7313,0.6636,50,237.71,140.65,1,1,2025-09-30 08:09:23,19.6,78.9,,1,0,,0
2025-09-30 08:10:08,180.52,0.2992,231.52,0.4531,1.3595,224.95,235.34,234.27,398.74,404.31,399.91,401.01,1.3595,0.0,0.0,0.2992,0.0,0.0,0.0618,0.0618,0,0,0.3058,0.3058,0,0,0.9793,0.9793,1,1,50,237.73,140.66,0,1,2025-09-30 08:10:08,19.0,76.7,,0,0,,1
2025-09-30 08:10:53,180.52,0.2996,231.33,0.4523,1.3571,224.78,235.08,234.14,398.06,404.15,399.79,400.66,1.3571,0.0,0.0,0.2984,0.0,0.0,0.062,0.062,0,0,0.305,0.305,0,0,0.9792,0.979,1,1,50,237.73,140.66,0,1,2025-09-30 08:10:53,18.9,78.3,,0,0,,1
2025-09-30 08:11:38,180.53,0.2976,231.13,0.4513,1.354,224.69,234.64,234.06,397.97,402.9,400.04,400.28,1.354,0.0,0.0,0.2976,0.0,0.0,0.0619,0.0619,0,0,0.3042,0.3042,0,0,0.979,0.979,1,1,50,237.74,140.66,0,1,2025-09-30 08:11:38,18.9,80,,0,0,,1
2025-09-30 08:12:23,180.53,0.2977,231.09,0.4516,1.3548,224.7,234.61,233.96,397.35,403.53,399.85,400.33,1.3548,0.0,0.0,0.2977,0.0,0.0,0.0622,0.0622,0,0,0.3044,0.3044,0,0,0.9788,0.9788,1,1,50,237.74,140.66,0,1,2025-09-30 08:12:23,18.9,81.5,,0,0,,1
2025-09-30 08:13:08,180.54,0.2987,231.17,0.4517,1.3552,224.51,235.03,233.98,398.04,403.7,399.42,400.31,1.3552,0.0,0.0,0.2976,0.0,0.0,0.0618,0.0618,0,0,0.3043,0.3043,0,0,0.9792,0.979,1,1,50,237.75,140.66,0,1,2025-09-30 08:13:08,18.9,82.9,,0,0,,1
2025-09-30 08:13:53,180.54,0.2987,231.01,0.4518,1.3556,224.32,234.81,233.9,397.48,403.89,398.96,400.05,1.3556,0.0,0.0,0.2976,0.0,0.0,0.0614,0.0614,0,0,0.3041,0.3041,0,0,0.9795,0.9793,1,1,50.1,237.75,140.66,0,1,2025-09-30 08:13:53,19.0,83.9,,0,0,,1
2025-09-30 08:14:38,180.54,0.2983,231.06,0.4512,1.3538,224.4,234.89,233.91,397.56,403.94,399.12,400.29,1.3538,0.0,0.0,0.2972,0.0,0.0,0.0616,0.0616,0,0,0.3038,0.3038,0,0,0.9793,0.9791,1,1,50.1,237.75,140.66,0,1,2025-09-30 08:14:38,19.0,84.9,,0,0,,1
2025-09-30 08:15:23,180.55,0.2975,230.99,0.4515,1.3546,224.42,234.73,233.83,397.33,403.61,399.29,400.24,1.3546,0.0,0.0,0.2975,0.0,0.0,0.0615,0.0615,0,0,0.304,0.304,0,0,0.9793,0.9793,1,1,50.1,237.76,140.66,0,1,2025-09-30 08:15:23,19.0,85.7,,0,0,,1
2025-09-30 08:16:08,180.55,0.2987,231.19,0.4514,1.3543,224.6,234.99,234,398.34,403.6,399.35,400.46,1.3543,0.0,0.0,0.2976,0.0,0.0,0.0617,0.0617,0,0,0.3042,0.3042,0,0,0.9793,0.9791,1,1,50.1,237.76,140.66,0,1,2025-09-30 08:16:08,19.1,86.4,,0,0,,1
2025-09-30 08:16:53,180.55,0.2973,231.25,0.4508,1.3525,224.74,235.12,233.9,398.54,403.77,399.27,400.58,1.3525,0.0,0.0,0.2973,0.0,0.0,0.0619,0.0619,0,0,0.304,0.304,0,0,0.979,0.979,1,1,50.1,237.77,140.66,0,1,2025-09-30 08:16:53,19.5,86.9,,0,0,,1
2025-09-30 08:17:38,180.56,0.3001,231.52,0.4513,1.354,225.89,234.83,233.86,398.96,404.17,399.89,401.11,1.354,0.0,0.0,0.2989,0.0,0.0,0.0635,0.0635,0,0,0.3059,0.3059,0,0,0.9783,0.9781,1,1,50,237.77,140.67,0,1,2025-09-30 08:17:38,19.5,87.3,,0,0,,1
2025-09-30 08:18:23,180.56,0.2982,231.59,0.4504,1.3512,225.86,235.13,233.8,399.23,404.41,399.75,401.07,1.3512,0.0,0.0,0.2982,0.0,0.0,0.0633,0.0633,0,0,0.3052,0.3052,0,0,0.9782,0.9782,1,1,50,237.77,140.67,0,1,2025-09-30 08:18:23,19.6,87.8,,0,0,,1
2025-09-30 08:19:08,180.57,0.2991,231.19,0.4506,1.3518,225.4,234.66,233.52,398.94,403.55,398.8,400.47,1.3518,0.0,0.0,0.2978,0.0,0.0,0.063,0.063,0,0,0.3047,0.3047,0,0,0.9785,0.9783,1,1,50,237.78,140.67,0,1,2025-09-30 08:19:08,19.6,88.1,,0,0,,1
2025-09-30 08:19:53,180.57,0.2995,231.05,0.4516,1.3549,225.17,234.58,233.4,398.67,403.08,398.78,400.12,1.3549,0.0,0.0,0.2983,0.0,0.0,0.0625,0.0625,0,0,0.3051,0.3051,0,0,0.9789,0.9787,1,1,50.1,237.78,140.67,0,1,2025-09-30 08:19:53,19.6,88.5,,0,0,,1
2025-09-30 08:20:38,180.57,0.2969,230.09,0.4505,1.3517,223.62,233.81,232.84,396.69,401.73,397.12,398.44,1.3517,0.0,0.0,0.2958,0.0,0.0,0.061,0.061,0,0,0.3023,0.3023,0,0,0.9795,0.9794,1,1,50,237.78,140.67,0,1,2025-09-30 08:20:38,19.7,88.8,,0,0,,1
2025-09-30 08:21:23,180.58,0.2958,229.97,0.4506,1.352,223.55,233.5,232.87,396.19,401.55,397.2,398.37,1.352,0.0,0.0,0.2958,0.0,0.0,0.0607,0.0607,0,0,0.3022,0.3022,0,0,0.9795,0.9795,1,1,50,237.79,140.67,0,1,2025-09-30 08:21:23,19.7,89,,0,0,,1
2025-09-30 08:22:08,180.58,0.2952,230.15,0.4496,1.349,223.69,233.74,233.03,396.49,401.48,397.88,398.63,1.349,0.0,0.0,0.2952,0.0,0.0,0.0611,0.0611,0,0,0.3018,0.3018,0,0,0.9792,0.9792,1,1,50,237.79,140.67,0,1,2025-09-30 08:22:08,19.7,89.3,,0,0,,1
2025-09-30 08:22:59,180.59,0.2962,230.47,0.4505,1.3517,224.04,234.11,233.27,397.23,401.97,398.31,399.18,1.3517,0.0,0.0,0.2962,0.0,0.0,0.0617,0.0617,0,0,0.3028,0.3028,0,0,0.9789,0.9789,1,1,50,237.8,140.67,0,1,2025-09-30 08:22:59,19.8,89.6,,0,0,,1
2025-09-30 08:23:44,180.6,3.7027,229.49,7.1991,21.5973,222.64,233.2,232.64,395.09,400.68,396.65,397.47,8.2563,6.8136,6.5274,1.5129,1.1754,1.0144,3.2344,1.0407,1.0652,1.1286,4.9456,1.8382,1.5889,1.5185,0.7531,0.8238,0.7409,0.6684,50,237.82,140.69,1,1,2025-09-30 08:23:44,19.8,89.5,,1,0,,0
2025-09-30 08:25:14,180.7,3.7984,230,7.3031,21.909299999999998,223.94,233.38,232.68,396.31,401.55,397.23,398.32,8.3734,6.9227,6.6132,1.5517,1.2022,1.0445,3.2549,1.0499,1.0759,1.129,5.0295,1.8751,1.6156,1.5388,0.7593,0.8282,0.7451,0.6791,50,237.95,140.77,1,1,2025-09-30 08:25:14,19.7,81.6,,1,0,,0
2025-09-30 08:25:59,180.74,0.303,230.88,0.4564,1.3693,225.19,234.09,233.38,397.8,402.7,399.17,399.82,1.3693,0.0,0.0,0.3018,0.0,0.0,0.0618,0.0618,0,0,0.3084,0.3084,0,0,0.9798,0.9796,1,1,50,238,140.8,0,1,2025-09-30 08:25:59,19.5,77.8,,0,0,,1
2025-09-30 08:26:44,180.74,0.2994,230.97,0.453,1.359,225.24,234.31,233.38,398.24,402.75,399.16,400,1.359,0.0,0.0,0.2994,0.0,0.0,0.0622,0.0622,0,0,0.3061,0.3061,0,0,0.9791,0.9791,1,1,50,238.01,140.8,0,1,2025-09-30 08:26:44,19.0,77.8,,0,0,,1
2025-09-30 08:27:29,180.75,0.3004,231.25,0.4525,1.3577,225.46,234.49,233.82,398.21,404.34,399.09,400.47,1.3577,0.0,0.0,0.2994,0.0,0.0,0.0625,0.0625,0,0,0.3061,0.3061,0,0,0.979,0.9788,1,1,50.1,238.01,140.8,0,1,2025-09-30 08:27:29,18.9,79.5,,0,0,,1
2025-09-30 08:28:14,180.75,0.2993,231.38,0.4524,1.3574,225.46,234.75,233.94,398.58,404.08,399.62,400.68,1.3574,0.0,0.0,0.2993,0.0,0.0,0.0626,0.0626,0,0,0.306,0.306,0,0,0.9788,0.9788,1,1,50.1,238.01,140.8,0,1,2025-09-30 08:28:14,18.9,81.3,,0,0,,1
2025-09-30 08:28:59,180.76,0.3011,232.07,0.4524,1.3572,226.18,235.43,234.6,400.17,405.3,400.39,401.97,1.3572,0.0,0.0,0.3,0.0,0.0,0.0635,0.0635,0,0,0.307,0.307,0,0,0.9784,0.9783,1,1,50,238.02,140.81,0,1,2025-09-30 08:28:59,18.9,82.6,,0,0,,1
2025-09-30 08:30:05,180.76,0.2985,231.58,0.4523,1.3569,224.87,235.38,234.49,398.77,404.77,399.76,401.07,1.3569,0.0,0.0,0.2985,0.0,0.0,0.0619,0.0619,0,0,0.3051,0.3051,0,0,0.9791,0.9791,1,1,50.1,238.02,140.81,0,1,2025-09-30 08:30:05,19.0,84.7,,0,0,,1
2025-09-30 08:30:50,180.77,0.3007,232.1,0.4528,1.3586,225.63,235.57,235.11,399.59,404.87,401.52,401.92,1.3586,0.0,0.0,0.2997,0.0,0.0,0.0628,0.0628,0,0,0.3065,0.3065,0,0,0.9788,0.9787,1,1,50.1,238.03,140.81,0,1,2025-09-30 08:30:50,19.0,85.6,,0,0,,1
2025-09-30 08:31:35,180.77,0.3002,232.92,0.4525,1.3576,226.26,236.37,236.13,400.39,407.4,402.48,403.44,1.3576,0.0,0.0,0.3002,0.0,0.0,0.0635,0.0635,0,0,0.3072,0.3072,0,0,0.9783,0.9783,1,1,50.1,238.03,140.81,0,1,2025-09-30 08:31:35,19.1,86.3,,0,0,,1
2025-09-30 08:32:20,180.77,0.3037,234.23,0.4529,1.3588,228.09,237.68,236.93,404.04,408.88,404.16,405.58,1.3588,0.0,0.0,0.3026,0.0,0.0,0.0657,0.0657,0,0,0.3099,0.3099,0,0,0.9774,0.9772,1,1,50.1,238.04,140.81,0,1,2025-09-30 08:32:20,19.5,86.9,,0,0,,1
2025-09-30 08:33:05,180.78,0.3049,234.12,0.4537,1.3612,228.47,237.8,236.09,404.03,408.95,403.53,405.58,1.3612,0.0,0.0,0.3037,0.0,0.0,0.0655,0.0655,0,0,0.311,0.311,0,0,0.9776,0.9775,1,1,50.1,238.04,140.81,0,1,2025-09-30 08:33:05,19.5,87.4,,0,0,,1
2025-09-30 08:33:50,180.78,0.304,234.33,0.4534,1.3604,228.88,238.09,236.03,404.12,408.79,404.69,405.84,1.3604,0.0,0.0,0.304,0.0,0.0,0.0659,0.0659,0,0,0.3114,0.3114,0,0,0.9773,0.9773,1,1,50.1,238.04,140.81,0,1,2025-09-30 08:33:50,19.5,87.8,,0,0,,1
2025-09-30 08:34:35,180.79,0.3074,235.79,0.4542,1.3627,230.4,239.53,237.45,406.53,411.71,406.96,408.44,1.3627,0.0,0.0,0.3061,0.0,0.0,0.0679,0.0679,0,0,0.314,0.314,0,0,0.9764,0.9762,1,1,50.1,238.05,140.81,0,1,2025-09-30 08:34:35,19.6,88.3,,0,0,,1
2025-09-30 08:35:20,180.79,0.3061,236.45,0.4539,1.3618,230.63,239.94,238.8,407.79,412.44,408.4,409.66,1.3618,0.0,0.0,0.3061,0.0,0.0,0.0685,0.0685,0,0,0.3141,0.3141,0,0,0.9758,0.9758,1,1,50.1,238.05,140.81,0,1,2025-09-30 08:35:20,19.6,88.6,,0,0,,1
2025-09-30 08:36:05,180.79,0.3067,236.27,0.4544,1.3632,230.82,239.04,238.95,407.63,411.74,408.29,409.3,1.3632,0.0,0.0,0.3067,0.0,0.0,0.0685,0.0685,0,0,0.3147,0.3147,0,0,0.9759,0.9759,1,1,50.1,238.06,140.81,0,1,2025-09-30 08:36:05,19.7,88.9,,0,0,,1
2025-09-30 08:37:12,180.8,0.305,236.2,0.4532,1.3596,230.05,239.34,239.21,407.09,412.25,407.96,409.16,1.3596,0.0,0.0,0.305,0.0,0.0,0.0675,0.0675,0,0,0.3128,0.3128,0,0,0.9763,0.9763,1,1,50.1,238.06,140.81,0,1,2025-09-30 08:37:12,19.7,89.3,,0,0,,1
2025-09-30 08:37:57,180.8,0.3055,236.16,0.453,1.359,229.54,240.08,238.87,406.59,413.2,407.34,409.07,1.359,0.0,0.0,0.3042,0.0,0.0,0.0672,0.0672,0,0,0.3119,0.3119,0,0,0.9766,0.9764,1,1,50.1,238.07,140.82,0,1,2025-09-30 08:37:57,19.7,89.5,,0,0,,1
2025-09-30 08:38:42,180.81,3.6381,236.02,7.2701,21.8104,229.02,239.82,239.24,406.62,412.14,407.62,408.84,8.2929,6.951,6.5665,1.5123,1.1563,0.9695,3.5769,1.1453,1.1967,1.2349,5.1372,1.8992,1.667,1.571,0.713,0.7971,0.6948,0.6175,50.1,238.08,140.82,1,1,2025-09-30 08:38:42,19.8,89.6,,1,0,,0
2025-09-30 08:39:27,180.86,3.9553,236.26,7.5992,22.797800000000002,229.96,239.63,239.19,406.74,412.36,408.5,409.2,8.6465,7.2772,6.8741,1.6176,1.2606,1.077,3.5942,1.1526,1.2005,1.241,5.3764,1.9883,1.7438,1.6442,0.74,0.8143,0.7241,0.6554,50.1,238.15,140.87,1,1,2025-09-30 08:39:27,19.7,86.6,,1,0,,0
2025-09-30 08:41:42,180.96,0.3086,236.83,0.4565,1.3697,230.94,240.3,239.26,408.08,413.48,409.04,410.19,1.3697,0.0,0.0,0.3086,0.0,0.0,0.0678,0.0678,0,0,0.3163,0.3163,0,0,0.9767,0.9767,1,1,50.1,238.29,140.96,0,1,2025-09-30 08:41:42,19.0,77.8,,0,0,,1
2025-09-30 08:42:27,180.97,0.3087,236.56,0.4555,1.3666,230.73,239.99,238.96,407.95,412.9,408.33,409.76,1.3666,0.0,0.0,0.3076,0.0,0.0,0.0673,0.0673,0,0,0.3153,0.3153,0,0,0.977,0.9768,1,1,50.1,238.29,140.96,0,1,2025-09-30 08:42:27,18.9,79.4,,0,0,,1
2025-09-30 08:43:12,180.97,0.3083,236.7,0.4561,1.3684,230.94,240.06,239.11,408.25,412.51,409.14,410.12,1.3684,0.0,0.0,0.3083,0.0,0.0,0.0674,0.0674,0,0,0.316,0.316,0,0,0.9769,0.9769,1,1,50.2,238.29,140.96,0,1,2025-09-30 08:43:12,18.9,81,,0,0,,1
2025-09-30 08:44:20,180.98,0.3061,236.32,0.4549,1.3649,229.68,240.25,239.05,407.09,412.65,408.2,409.41,1.3649,0.0,0.0,0.3061,0.0,0.0,0.0659,0.0659,0,0,0.3135,0.3135,0,0,0.9775,0.9775,1,1,50.2,238.3,140.96,0,1,2025-09-30 08:44:20,19.0,83.4,,0,0,,1
2025-09-30 08:45:05,180.98,0.3088,237.17,0.4559,1.3678,230.33,241.04,240.14,408.72,414.76,408.87,410.71,1.3678,0.0,0.0,0.3076,0.0,0.0,0.0661,0.0661,0,0,0.315,0.315,0,0,0.9778,0.9776,1,1,50.2,238.3,140.96,0,1,2025-09-30 08:45:05,19.0,84.6,,0,0,,1
2025-09-30 08:45:50,180.99,0.3072,237.14,0.4554,1.3664,230.36,240.98,240.08,408.73,414.23,409.22,410.72,1.3664,0.0,0.0,0.3072,0.0,0.0,0.0667,0.0667,0,0,0.3148,0.3148,0,0,0.9772,0.9772,1,1,50.2,238.31,140.96,0,1,2025-09-30 08:45:50,19.0,85.6,,0,0,,1
2025-09-30 08:46:35,180.99,0.3108,238.04,0.4558,1.3676,232.21,241.38,240.55,410.46,415.62,410.83,412.3,1.3676,0.0,0.0,0.3097,0.0,0.0,0.0685,0.0685,0,0,0.3176,0.3176,0,0,0.9765,0.9763,1,1,50.2,238.31,140.96,0,1,2025-09-30 08:46:36,19.1,86.4,,0,0,,1
2025-09-30 08:47:20,180.99,0.3087,237,0.4559,1.3677,231.31,240.52,239.18,408.53,413.82,409.14,410.55,1.3677,0.0,0.0,0.3087,0.0,0.0,0.0673,0.0673,0,0,0.3164,0.3164,0,0,0.977,0.977,1,1,50.3,238.32,140.97,0,1,2025-09-30 08:47:20,19.1,87,,0,0,,1
2025-09-30 08:48:05,181,0.3094,236.93,0.4556,1.3668,231.18,240.48,239.14,408.73,413.29,409.08,410.42,1.3668,0.0,0.0,0.3083,0.0,0.0,0.0673,0.0673,0,0,0.316,0.316,0,0,0.9771,0.9769,1,1,50.2,238.32,140.97,0,1,2025-09-30 08:48:05,19.5,87.6,,0,0,,1
2025-09-30 08:48:50,181,0.3088,237.04,0.4544,1.3632,231.38,240.5,239.26,408.78,413.35,409.56,410.65,1.3632,0.0,0.0,0.3076,0.0,0.0,0.068,0.068,0,0,0.3154,0.3154,0,0,0.9766,0.9764,1,1,50.2,238.32,140.97,0,1,2025-09-30 08:48:51,19.6,88,,0,0,,1
2025-09-30 08:49:35,181.01,0.309,237.01,0.455,1.365,231.33,240.5,239.21,408.64,413.85,409.04,410.56,1.365,0.0,0.0,0.308,0.0,0.0,0.0676,0.0676,0,0,0.3158,0.3158,0,0,0.9768,0.9767,1,1,50.2,238.33,140.97,0,1,2025-09-30 08:49:35,19.6,88.4,,0,0,,1
2025-09-30 08:50:20,181.01,0.3068,236.91,0.4543,1.363,230.63,240.76,239.35,408.33,413.87,408.82,410.3,1.363,0.0,0.0,0.3068,0.0,0.0,0.0668,0.0668,0,0,0.3143,0.3143,0,0,0.9771,0.977,1,1,50.2,238.33,140.97,0,1,2025-09-30 08:50:20,19.6,88.8,,0,0,,1
2025-09-30 08:51:05,181.01,0.3081,237.63,0.4549,1.3647,231.43,241.28,240.18,409.41,415.06,410.27,411.58,1.3647,0.0,0.0,0.3081,0.0,0.0,0.0678,0.0678,0,0,0.3158,0.3158,0,0,0.9766,0.9766,1,1,50.2,238.34,140.97,0,1,2025-09-30 08:51:05,19.6,89.1,,0,0,,1
2025-09-30 08:51:50,181.02,0.308,237.72,0.4549,1.3647,231.38,241.4,240.39,409.62,415.65,409.97,411.79,1.3647,0.0,0.0,0.308,0.0,0.0,0.0679,0.0679,0,0,0.3158,0.3158,0,0,0.9765,0.9765,1,1,50.2,238.34,140.97,0,1,2025-09-30 08:51:50,19.7,89.3,,0,0,,1
2025-09-30 08:52:35,181.02,0.306,236.85,0.454,1.362,229.76,240.92,239.88,407.57,414.4,408.73,410.24,1.362,0.0,0.0,0.306,0.0,0.0,0.0659,0.0659,0,0,0.3129,0.3129,0,0,0.9776,0.9775,1,1,50.2,238.34,140.97,0,1,2025-09-30 08:52:35,19.7,89.5,,0,0,,1
2025-09-30 08:53:20,181.02,0.3057,236.94,0.4543,1.3629,229.93,240.84,240.06,407.74,414.33,409.1,410.41,1.3629,0.0,0.0,0.3057,0.0,0.0,0.0663,0.0663,0,0,0.3134,0.3134,0,0,0.9772,0.9773,1,1,50.2,238.35,140.97,0,1,2025-09-30 08:53:20,19.7,89.7,,0,0,,1
2025-09-30 08:54:05,181.03,3.7747,235.28,7.443,22.329,227.7,239.61,238.53,405.1,411.29,406.11,407.46,8.796,6.9581,6.5749,1.6192,1.1784,0.9771,3.5758,1.1754,1.1752,1.2252,5.2384,2.0028,1.6672,1.5683,0.7259,0.8092,0.708,0.6235,50.2,238.36,140.97,1,1,2025-09-30 08:54:05,19.8,89.9,,1,0,,0
2025-09-30 08:54:50,181.08,4.0513,235.28,7.6631,22.9894,227.91,239.53,238.4,404.89,410.99,406.61,407.42,8.6943,7.3336,6.9615,1.6348,1.3061,1.1103,3.5195,1.1168,1.1707,1.2321,5.3978,1.9815,1.7566,1.6596,0.7549,0.8257,0.7446,0.6694,50.2,238.42,141.02,1,1,2025-09-30 08:54:50,19.7,87.2,,1,0,,0
2025-09-30 08:55:35,181.13,3.9899,235.09,7.5928,22.7785,227.8,239.28,238.2,404.72,410.57,406.22,407.16,8.6384,7.2398,6.9003,1.616,1.2792,1.0947,3.5084,1.1196,1.164,1.2247,5.3438,1.9678,1.7323,1.6437,0.7509,0.8219,0.7396,0.6664,50.1,238.49,141.06,1,1,2025-09-30 08:55:35,19.7,83,,1,0,,0
2025-09-30 08:56:20,181.18,3.969,235.92,7.5802,22.7406,229.4,239.7,238.66,406.23,411.9,407.7,408.58,8.6409,7.2328,6.8669,1.6203,1.2638,1.0849,3.5484,1.1384,1.1828,1.2272,5.3548,1.9822,1.7337,1.6389,0.7455,0.8182,0.7301,0.6623,50.2,238.56,141.11,1,1,2025-09-30 08:56:20,19.5,79,,1,0,,0
2025-09-30 08:57:05,181.19,0.3099,237.04,0.4568,1.3704,230.88,240.84,239.41,408.38,414.26,409.06,410.63,1.3704,0.0,0.0,0.3088,0.0,0.0,0.0671,0.0671,0,0,0.3164,0.3164,0,0,0.9773,0.9772,1,1,50.1,238.57,141.11,0,1,2025-09-30 08:57:05,19.0,78.2,,0,0,,1
2025-09-30 08:57:50,181.19,0.3093,237.36,0.4558,1.3676,231.05,241.03,240.01,409.6,414.55,409.21,410.99,1.3676,0.0,0.0,0.3083,0.0,0.0,0.0676,0.0676,0,0,0.316,0.316,0,0,0.9769,0.9767,1,1,50.2,238.57,141.11,0,1,2025-09-30 08:57:50,18.9,79.7,,0,0,,1
2025-09-30 08:58:35,181.2,0.3102,237.3,0.4564,1.3694,231.41,240.18,240.31,408.87,414.71,409.46,411.05,1.3694,0.0,0.0,0.3091,0.0,0.0,0.068,0.068,0,0,0.3169,0.3169,0,0,0.9767,0.9766,1,1,50.2,238.58,141.11,0,1,2025-09-30 08:58:35,18.9,81.1,,0,0,,1
2025-09-30 08:59:20,181.2,0.3086,237.22,0.456,1.368,231.27,240.17,240.23,408.98,413.29,410.32,410.82,1.368,0.0,0.0,0.3086,0.0,0.0,0.0679,0.0679,0,0,0.3164,0.3164,0,0,0.9766,0.9766,1,1,50.2,238.58,141.11,0,1,2025-09-30 08:59:20,18.9,82.6,,0,0,,1
2025-09-30 09:00:05,181.2,0.3068,236.53,0.4551,1.3655,230.18,240.48,238.94,407.75,413.42,407.87,409.63,1.3655,0.0,0.0,0.3068,0.0,0.0,0.0666,0.0666,0,0,0.3143,0.3143,0,0,0.9772,0.9772,1,1,50.2,238.58,141.12,0,1,2025-09-30 09:00:05,18.9,83.9,,0,0,,1
2025-09-30 09:00:50,181.21,0.3079,236.37,0.4551,1.3655,230.14,240.31,238.68,407.78,412.63,407.81,409.41,1.3655,0.0,0.0,0.3068,0.0,0.0,0.0663,0.0663,0,0,0.3143,0.3143,0,0,0.9775,0.9774,1,1,50.2,238.59,141.12,0,1,2025-09-30 09:00:50,19.0,84.9,,0,0,,1
2025-09-30 09:01:35,181.21,0.3062,235.93,0.4548,1.3646,228.88,240.24,238.69,406.69,411.82,407.39,408.7,1.3646,0.0,0.0,0.3052,0.0,0.0,0.0648,0.0648,0,0,0.3123,0.3123,0,0,0.9783,0.9781,1,1,50.2,238.59,141.12,0,1,2025-09-30 09:01:35,19.0,85.8,,0,0,,1
2025-09-30 09:02:20,181.22,0.3049,236.08,0.454,1.3622,229.07,240.31,238.87,406.71,412.12,407.82,408.89,1.3622,0.0,0.0,0.3049,0.0,0.0,0.0648,0.0648,0,0,0.312,0.312,0,0,0.9781,0.9781,1,1,50.2,238.6,141.12,0,1,2025-09-30 09:02:20,19.0,86.6,,0,0,,1
2025-09-30 09:03:05,181.22,0.3059,235.91,0.4545,1.3636,228.85,240.32,238.58,406.53,411.97,407.29,408.62,1.3636,0.0,0.0,0.3049,0.0,0.0,0.0649,0.0649,0,0,0.3121,0.3121,0,0,0.9782,0.978,1,1,50.2,238.6,141.12,0,1,2025-09-30 09:03:05,19.1,87.3,,0,0,,1
2025-09-30 09:03:50,181.22,0.3054,235.73,0.4542,1.3626,228.6,240.15,238.44,405.79,412.68,406.41,408.19,1.3626,0.0,0.0,0.3043,0.0,0.0,0.0648,0.0648,0,0,0.3115,0.3115,0,0,0.9782,0.978,1,1,50.2,238.6,141.12,0,1,2025-09-30 09:03:50,19.5,87.8,,0,0,,1
2025-09-30 09:04:35,181.23,0.3071,237.1,0.4549,1.3648,230.64,241.03,239.63,408.78,414.34,408.87,410.66,1.3648,0.0,0.0,0.3071,0.0,0.0,0.0673,0.0673,0,0,0.3148,0.3148,0,0,0.9768,0.9768,1,1,50.2,238.61,141.12,0,1,2025-09-30 09:04:35,19.5,88.2,,0,0,,1
2025-09-30 09:05:20,181.23,0.3078,237.16,0.4543,1.3631,230.66,240.99,239.83,408.64,414.99,408.69,410.68,1.3631,0.0,0.0,0.3066,0.0,0.0,0.0678,0.0678,0,0,0.3144,0.3144,0,0,0.9765,0.9764,1,1,50.2,238.61,141.12,0,1,2025-09-30 09:05:20,19.6,88.7,,0,0,,1
2025-09-30 09:06:05,181.23,0.3077,237.01,0.4542,1.3626,230.51,240.87,239.65,408.88,413.79,408.83,410.58,1.3626,0.0,0.0,0.3064,0.0,0.0,0.0674,0.0674,0,0,0.3141,0.3141,0,0,0.9768,0.9766,1,1,50.1,238.62,141.12,0,1,2025-09-30 09:06:05,19.6,89.1,,0,0,,1
2025-09-30 09:06:50,181.24,0.3069,236.51,0.4538,1.3616,230.26,240.32,238.96,407.83,413.06,408.04,409.44,1.3616,0.0,0.0,0.3059,0.0,0.0,0.0671,0.0671,0,0,0.3135,0.3135,0,0,0.9769,0.9767,1,1,50.1,238.62,141.12,0,1,2025-09-30 09:06:50,19.6,89.5,,0,0,,1
2025-09-30 09:07:35,181.24,0.3069,236.27,0.4541,1.3624,230,240.12,238.7,407.58,412.42,407.68,409.34,1.3624,0.0,0.0,0.3058,0.0,0.0,0.0667,0.0667,0,0,0.3134,0.3134,0,0,0.9771,0.9769,1,1,50.1,238.62,141.12,0,1,2025-09-30 09:07:35,19.7,89.9,,0,0,,1
2025-09-30 09:08:20,181.25,0.3067,236.07,0.4542,1.3626,229.79,239.93,238.49,406.94,412.26,407.43,408.86,1.3626,0.0,0.0,0.3056,0.0,0.0,0.0666,0.0666,0,0,0.3131,0.3131,0,0,0.9772,0.977,1,1,50.1,238.63,141.12,0,1,2025-09-30 09:08:20,19.7,90.3,,0,0,,1
2025-09-30 09:09:05,181.25,0.3051,236.37,0.453,1.3591,230.13,240.19,238.8,407.75,412.45,407.99,409.5,1.3591,0.0,0.0,0.3051,0.0,0.0,0.0673,0.0673,0,0,0.3128,0.3128,0,0,0.9765,0.9765,1,1,50.1,238.63,141.13,0,1,2025-09-30 09:09:05,19.7,90.7,,0,0,,1
2025-09-30 09:09:50,181.26,3.7869,235.35,7.4103,22.2311,228.76,239.23,238.08,405.88,411.33,405.72,407.67,8.4573,7.112,6.6618,1.5671,1.2074,1.0124,3.5458,1.1313,1.1949,1.2197,5.2221,1.9347,1.7014,1.586,0.7299,0.8108,0.7107,0.6387,50.1,238.65,141.13,1,1,2025-09-30 09:09:50,19.8,91.1,,1,0,,0
2025-09-30 09:10:35,181.31,4.0803,235.38,7.7125,23.137500000000003,227.91,239.45,238.78,405.69,411.37,405.97,407.75,8.7536,7.3886,6.9953,1.6446,1.3157,1.12,3.5436,1.1263,1.179,1.2383,5.4346,1.995,1.7692,1.6703,0.755,0.825,0.7447,0.6707,50.1,238.71,141.18,1,1,2025-09-30 09:10:35,19.7,88.7,,1,0,,0
2025-09-30 09:11:20,181.36,3.9915,235.24,7.6129,22.8388,227.74,239.36,238.64,404.97,411.02,406.33,407.4,8.6326,7.3022,6.904,1.6139,1.2892,1.0885,3.5317,1.1195,1.1764,1.2358,5.3614,1.966,1.7479,1.6476,0.7489,0.8216,0.7386,0.6609,50.1,238.78,141.22,1,1,2025-09-30 09:11:20,19.7,84.6,,1,0,,0
2025-09-30 09:12:05,181.41,3.9585,235.39,7.5777,22.7333,228.28,239.89,238.01,405.64,411.11,406.33,407.62,8.5974,7.2846,6.8513,1.6119,1.2781,1.0685,3.5347,1.1164,1.1877,1.2307,5.3408,1.9626,1.7475,1.6307,0.7459,0.822,0.7325,0.6555,50.1,238.85,141.27,1,1,2025-09-30 09:12:05,19.5,81.2,,1,0,,0
2025-09-30 09:12:50,181.42,0.3069,236.14,0.455,1.365,229.47,240.51,238.44,406.97,412.81,407.22,408.91,1.365,0.0,0.0,0.3058,0.0,0.0,0.0662,0.0662,0,0,0.3132,0.3132,0,0,0.9775,0.9773,1,1,50.1,238.86,141.27,0,1,2025-09-30 09:12:50,19.0,80.5,,0,0,,1
2025-09-30 09:13:35,181.42,0.3045,235.56,0.4539,1.3619,229.01,240.12,237.55,406.43,410.98,406.53,407.98,1.3619,0.0,0.0,0.3045,0.0,0.0,0.066,0.066,0,0,0.3119,0.3119,0,0,0.9773,0.9773,1,1,50,238.86,141.27,0,1,2025-09-30 09:13:35,18.9,82.3,,0,0,,1
2025-09-30 09:14:20,181.43,0.3071,236.62,0.4541,1.3624,230.34,240.46,239.08,408.02,413.01,408.48,409.75,1.3624,0.0,0.0,0.3061,0.0,0.0,0.0675,0.0675,0,0,0.3138,0.3138,0,0,0.9766,0.9765,1,1,50.1,238.87,141.27,0,1,2025-09-30 09:14:20,18.9,84.3,,0,0,,1
2025-09-30 09:15:05,181.43,0.3068,236.29,0.4541,1.3623,229.97,240.24,238.68,407.69,412.81,407.32,409.26,1.3623,0.0,0.0,0.3055,0.0,0.0,0.0676,0.0676,0,0,0.3133,0.3133,0,0,0.9765,0.9763,1,1,50,238.87,141.27,0,1,2025-09-30 09:15:05,18.9,85.8,,0,0,,1
2025-09-30 09:15:50,181.44,0.3066,236.18,0.4549,1.3648,230.38,239.11,239.05,407.2,411.94,408.05,409.04,1.3648,0.0,0.0,0.3066,0.0,0.0,0.0679,0.0679,0,0,0.3144,0.3144,0,0,0.9763,0.9763,1,1,50,238.88,141.28,0,1,2025-09-30 09:15:50,19.0,87,,0,0,,1
2025-09-30 09:16:35,181.44,0.308,237.07,0.4546,1.364,230.82,240.46,239.94,408.49,413.63,409.7,410.56,1.364,0.0,0.0,0.3069,0.0,0.0,0.0684,0.0684,0,0,0.3148,0.3148,0,0,0.9762,0.976,1,1,50,238.88,141.28,0,1,2025-09-30 09:16:35,19.0,88,,0,0,,1
2025-09-30 09:17:20,181.44,0.3043,236.06,0.4538,1.3614,229.01,239.84,239.34,406.25,413.03,407.32,408.89,1.3614,0.0,0.0,0.3043,0.0,0.0,0.066,0.066,0,0,0.3118,0.3118,0,0,0.9772,0.9772,1,1,50,238.88,141.28,0,1,2025-09-30 09:17:20,19.1,88.9,,0,0,,1
2025-09-30 09:18:05,181.45,0.3037,235.48,0.4539,1.3618,228.43,239.25,238.77,405.47,411.16,406.93,407.88,1.3618,0.0,0.0,0.3037,0.0,0.0,0.0657,0.0657,0,0,0.3111,0.3111,0,0,0.9774,0.9774,1,1,50,238.89,141.28,0,1,2025-09-30 09:18:05,19.5,89.5,,0,0,,1
2025-09-30 09:18:50,181.45,0.3039,235.77,0.4539,1.3618,228.6,239.74,238.98,405.95,412.06,407.06,408.28,1.3618,0.0,0.0,0.3039,0.0,0.0,0.0659,0.0659,0,0,0.3113,0.3113,0,0,0.9772,0.9772,1,1,50.1,238.89,141.28,0,1,2025-09-30 09:18:50,19.5,90.1,,0,0,,1
2025-09-30 09:19:35,181.45,0.3034,235.19,0.4537,1.3613,228.1,239.38,238.09,405.15,410.56,406.3,407.44,1.3613,0.0,0.0,0.3034,0.0,0.0,0.0647,0.0647,0,0,0.3105,0.3105,0,0,0.9779,0.9779,1,1,50.1,238.9,141.28,0,1,2025-09-30 09:19:35,19.6,90.7,,0,0,,1
2025-09-30 09:20:20,181.46,0.3033,235.05,0.4536,1.3609,228.19,239.01,237.97,404.7,410.38,406.25,407.22,1.3609,0.0,0.0,0.3033,0.0,0.0,0.0651,0.0651,0,0,0.3105,0.3105,0,0,0.9777,0.9777,1,1,50.1,238.9,141.28,0,1,2025-09-30 09:20:20,19.6,91.2,,0,0,,1
2025-09-30 09:21:05,181.46,0.3042,235.04,0.4535,1.3605,228.08,239.06,238,404.68,410.57,406.03,407.02,1.3605,0.0,0.0,0.3031,0.0,0.0,0.0647,0.0647,0,0,0.3103,0.3103,0,0,0.978,0.9779,1,1,50.1,238.9,141.28,0,1,2025-09-30 09:21:05,19.6,91.6,,0,0,,1
2025-09-30 09:21:50,181.47,0.3029,234.87,0.4535,1.3605,227.8,238.98,237.85,404.49,410.07,405.83,406.7,1.3605,0.0,0.0,0.3029,0.0,0.0,0.0642,0.0642,0,0,0.3099,0.3099,0,0,0.9782,0.9782,1,1,50.1,238.91,141.28,0,1,2025-09-30 09:21:50,19.7,92,,0,0,,1
2025-09-30 09:22:35,181.47,0.3037,235.41,0.4539,1.3619,228.28,239.19,238.76,405.26,411.1,406.82,407.75,1.3619,0.0,0.0,0.3037,0.0,0.0,0.0647,0.0647,0,0,0.3109,0.3109,0,0,0.978,0.978,1,1,50.1,238.91,141.28,0,1,2025-09-30 09:22:35,19.7,92.4,,0,0,,1
2025-09-30 09:23:20,181.47,0.3061,236.2,0.4546,1.3639,229.95,239.43,239.22,406.7,412.46,408.15,409.03,1.3639,0.0,0.0,0.3061,0.0,0.0,0.0666,0.0666,0,0,0.3136,0.3136,0,0,0.9771,0.9771,1,1,50.1,238.91,141.28,0,1,2025-09-30 09:23:20,19.7,92.6,,0,0,,1
2025-09-30 09:24:05,181.48,3.9009,235.73,7.6125,22.8375,228.71,239.35,239.14,406.32,411.74,406.8,408.35,9.1067,7.0669,6.6639,1.6842,1.2031,1.0135,3.6353,1.2219,1.1847,1.2287,5.3679,2.0828,1.6915,1.5936,0.7315,0.8094,0.7125,0.6363,50.2,238.92,141.29,1,1,2025-09-30 09:24:05,19.8,92.8,,1,0,,0
2025-09-30 09:24:50,181.53,4.0671,236.15,7.6975,23.0927,229.29,239.74,239.43,406.64,412.45,407.96,409.07,8.7354,7.3699,6.9874,1.6449,1.3051,1.1171,3.5702,1.1394,1.1867,1.244,5.4428,2.0029,1.7669,1.673,0.7515,0.822,0.7398,0.6681,50.1,238.99,141.33,1,1,2025-09-30 09:24:50,19.7,90.8,,1,0,,0
2025-09-30 09:25:35,181.58,4.0208,235.8,7.6329,22.8987,229.18,239.47,238.76,406.42,411.43,407.37,408.37,8.7024,7.2761,6.9202,1.6361,1.2802,1.1045,3.5418,1.1368,1.1778,1.2272,5.3891,1.9944,1.7424,1.6523,0.7503,0.8212,0.7359,0.6689,50.1,239.06,141.38,1,1,2025-09-30 09:25:35,19.7,86.8,,1,0,,0
2025-09-30 09:26:27,181.65,0.3089,236.6,0.4588,1.3766,229.54,240.73,239.54,408.3,412.54,408.5,409.76,1.3766,0.0,0.0,0.3089,0.0,0.0,0.0647,0.0647,0,0,0.316,0.316,0,0,0.9787,0.9787,1,1,50.2,239.15,141.43,0,1,2025-09-30 09:26:27,19.5,81.5,,0,0,,1
2025-09-30 09:27:12,181.65,0.3096,236.26,0.4574,1.3722,230.11,238.8,239.89,406.43,412.76,408.47,409.22,1.3722,0.0,0.0,0.3085,0.0,0.0,0.0656,0.0656,0,0,0.3158,0.3158,0,0,0.9782,0.9781,1,1,50.2,239.15,141.43,0,1,2025-09-30 09:27:12,19.0,81.8,,0,0,,1
2025-09-30 09:27:57,181.65,0.3064,236.31,0.4551,1.3653,229.81,239.5,239.64,407.08,412.27,408.54,409.2,1.3653,0.0,0.0,0.3064,0.0,0.0,0.0657,0.0657,0,0,0.3138,0.3138,0,0,0.9777,0.9777,1,1,50.2,239.16,141.44,0,1,2025-09-30 09:27:57,18.9,83.3,,0,0,,1
2025-09-30 09:28:42,181.66,0.307,236.9,0.4547,1.3641,229.72,240.89,240.11,407.86,414.48,408.64,410.33,1.3641,0.0,0.0,0.306,0.0,0.0,0.0658,0.0658,0,0,0.3134,0.3134,0,0,0.9777,0.9776,1,1,50.2,239.16,141.44,0,1,2025-09-30 09:28:42,18.9,84.9,,0,0,,1
2025-09-30 09:29:27,181.66,0.3057,236.79,0.4547,1.3641,229.6,240.82,239.96,407.79,413.71,408.87,410.09,1.3641,0.0,0.0,0.3057,0.0,0.0,0.0662,0.0662,0,0,0.3132,0.3132,0,0,0.9773,0.9773,1,1,50.1,239.16,141.44,0,1,2025-09-30 09:29:27,18.9,86.3,,0,0,,1
2025-09-30 09:30:12,181.67,0.3072,236.93,0.455,1.365,229.75,240.94,240.1,408.43,413.94,408.72,410.36,1.365,0.0,0.0,0.3061,0.0,0.0,0.0664,0.0664,0,0,0.3136,0.3136,0,0,0.9774,0.9772,1,1,50.1,239.17,141.44,0,1,2025-09-30 09:30:12,19.0,87.3,,0,0,,1
2025-09-30 09:30:57,181.67,0.3054,236.34,0.4544,1.3634,229.44,240.33,239.27,407.66,412.48,407.89,409.35,1.3634,0.0,0.0,0.3054,0.0,0.0,0.066,0.066,0,0,0.3128,0.3128,0,0,0.9774,0.9774,1,1,50.1,239.17,141.44,0,1,2025-09-30 09:30:57,19.0,88.2,,0,0,,1
2025-09-30 09:31:42,181.67,0.3079,236.7,0.4549,1.3648,230.46,240.43,239.23,408.3,412.81,408.8,409.94,1.3648,0.0,0.0,0.3068,0.0,0.0,0.0676,0.0676,0,0,0.3145,0.3145,0,0,0.9767,0.9765,1,1,50.1,239.17,141.44,0,1,2025-09-30 09:31:42,19.0,89,,0,0,,1
2025-09-30 09:32:27,181.68,0.3073,236.48,0.4545,1.3635,230.25,240.14,239.05,407.43,413.1,408.23,409.62,1.3635,0.0,0.0,0.3062,0.0,0.0,0.0673,0.0673,0,0,0.3139,0.3139,0,0,0.9768,0.9766,1,1,50.1,239.18,141.44,0,1,2025-09-30 09:32:27,19.1,89.7,,0,0,,1
2025-09-30 09:33:34,181.68,0.3064,236.38,0.4549,1.3647,230.16,239.99,239,407.19,412.6,408.45,409.45,1.3647,0.0,0.0,0.3064,0.0,0.0,0.0673,0.0673,0,0,0.3141,0.3141,0,0,0.9767,0.9767,1,1,50.1,239.19,141.44,0,1,2025-09-30 09:33:34,19.5,90.6,,0,0,,1
2025-09-30 09:34:19,181.69,0.307,236.76,0.454,1.3621,230.26,240.67,239.37,408.54,413.32,408.37,410.07,1.3621,0.0,0.0,0.3059,0.0,0.0,0.0677,0.0677,0,0,0.3136,0.3136,0,0,0.9765,0.9763,1,1,50,239.19,141.44,0,1,2025-09-30 09:34:19,19.6,91,,0,0,,1
2025-09-30 09:35:04,181.69,0.3083,237.13,0.4549,1.3649,230.62,241.09,239.69,409.08,414.38,408.7,410.64,1.3649,0.0,0.0,0.3069,0.0,0.0,0.068,0.068,0,0,0.3148,0.3148,0,0,0.9765,0.9763,1,1,50.1,239.19,141.44,0,1,2025-09-30 09:35:04,19.6,91.4,,0,0,,1
2025-09-30 09:35:49,181.7,0.3049,236.18,0.4531,1.3595,228.94,240.37,239.25,407.47,411.83,407.87,409.04,1.3595,0.0,0.0,0.3038,0.0,0.0,0.066,0.066,0,0,0.3112,0.3112,0,0,0.9773,0.9771,1,1,50,239.2,141.44,0,1,2025-09-30 09:35:49,19.6,91.8,,0,0,,1
2025-09-30 09:36:34,181.7,0.3042,236.2,0.4535,1.3607,229.04,240.34,239.23,407.03,412.37,407.89,409.08,1.3607,0.0,0.0,0.3042,0.0,0.0,0.0662,0.0662,0,0,0.3117,0.3117,0,0,0.9771,0.9771,1,1,50,239.2,141.45,0,1,2025-09-30 09:36:34,19.7,92,,0,0,,1
2025-09-30 09:37:19,181.7,0.3036,234.89,0.4539,1.3617,228.25,238.46,237.98,404.48,410.04,405.99,406.87,1.3617,0.0,0.0,0.3036,0.0,0.0,0.0651,0.0651,0,0,0.3108,0.3108,0,0,0.9777,0.9777,1,1,50,239.21,141.45,0,1,2025-09-30 09:37:19,19.7,92.2,,0,0,,1
2025-09-30 09:38:04,181.71,0.3036,235.09,0.4528,1.3584,228.07,239.36,237.85,405.02,410.55,405.95,407.11,1.3584,0.0,0.0,0.3026,0.0,0.0,0.065,0.065,0,0,0.3098,0.3098,0,0,0.9778,0.9777,1,1,50,239.21,141.45,0,1,2025-09-30 09:38:04,19.7,92.5,,0,0,,1
2025-09-30 09:38:49,181.75,4.1362,234.27,7.7609,23.282899999999998,226.77,238.77,237.27,403.71,409.03,404.49,405.73,8.7993,7.4453,7.0383,1.6605,1.3401,1.1357,3.492,1.1039,1.1646,1.2235,5.4431,1.9954,1.7777,1.67,0.7641,0.8327,0.7548,0.6803,50,239.27,141.48,1,1,2025-09-30 09:38:49,19.7,91.1,,1,0,,0
2025-09-30 09:39:34,181.8,4.1544,234.21,7.7758,23.3276,226.8,238.61,237.22,403.36,409.3,404.27,405.66,8.8373,7.4306,7.0597,1.6677,1.3389,1.1478,3.4848,1.1085,1.1582,1.2181,5.452,2.0043,1.773,1.6747,0.7661,0.8328,0.7563,0.6857,50,239.34,141.53,1,1,2025-09-30 09:39:34,19.7,87,,1,0,,0
2025-09-30 09:40:40,181.88,0.306,235.52,0.4558,1.3676,228.24,239.88,238.44,405.97,411.35,406.42,407.9,1.3676,0.0,0.0,0.3049,0.0,0.0,0.0652,0.0652,0,0,0.3121,0.3121,0,0,0.978,0.9779,1,1,50,239.44,141.59,0,1,2025-09-30 09:40:40,19.1,80.5,,0,0,,1
2025-09-30 09:41:25,181.88,0.3062,236.37,0.4547,1.3643,230.18,240.15,238.78,407.99,412.12,408.05,409.32,1.3643,0.0,0.0,0.3062,0.0,0.0,0.0679,0.0679,0,0,0.314,0.314,0,0,0.9762,0.9762,1,1,50,239.44,141.59,0,1,2025-09-30 09:41:25,19.0,81.1,,0,0,,1
2025-09-30 09:42:10,181.89,0.3073,237.01,0.454,1.3622,230.64,240.84,239.56,409.05,414.09,408.4,410.5,1.3622,0.0,0.0,0.3061,0.0,0.0,0.0688,0.0688,0,0,0.3142,0.3142,0,0,0.9758,0.9756,1,1,50,239.44,141.59,0,1,2025-09-30 09:42:10,18.9,82.6,,0,0,,1
2025-09-30 09:42:55,181.89,0.3062,235.92,0.4541,1.3625,229.64,239.86,238.28,407.01,411.71,407.14,408.72,1.3625,0.0,0.0,0.3051,0.0,0.0,0.0674,0.0674,0,0,0.3129,0.3129,0,0,0.9766,0.9764,1,1,50,239.45,141.6,0,1,2025-09-30 09:42:55,18.9,84,,0,0,,1
2025-09-30 09:43:40,181.89,0.3063,235.95,0.4542,1.3628,229.68,239.96,238.22,406.75,412.41,406.86,408.68,1.3628,0.0,0.0,0.3052,0.0,0.0,0.0677,0.0677,0,0,0.313,0.313,0,0,0.9764,0.9762,1,1,50,239.45,141.6,0,1,2025-09-30 09:43:40,18.9,85.3,,0,0,,1
2025-09-30 09:44:25,181.9,0.3024,234.92,0.4531,1.3594,227.88,239.24,237.64,404.81,410.02,405.77,406.65,1.3594,0.0,0.0,0.3024,0.0,0.0,0.0655,0.0655,0,0,0.3098,0.3098,0,0,0.9773,0.9773,1,1,50,239.46,141.6,0,1,2025-09-30 09:44:25,18.9,86.3,,0,0,,1
2025-09-30 09:45:10,181.9,0.3016,234.94,0.4519,1.3558,227.82,239.26,237.74,404.49,410.43,405.81,406.92,1.3558,0.0,0.0,0.3016,0.0,0.0,0.0652,0.0652,0,0,0.3089,0.3089,0,0,0.9774,0.9774,1,1,50,239.46,141.6,0,1,2025-09-30 09:45:11,19.0,87.2,,0,0,,1
2025-09-30 09:45:55,181.91,0.3032,234.92,0.4526,1.3579,227.82,239.21,237.73,404.47,410.74,405.43,406.83,1.3579,0.0,0.0,0.302,0.0,0.0,0.0654,0.0654,0,0,0.3094,0.3094,0,0,0.9775,0.9773,1,1,50,239.46,141.6,0,1,2025-09-30 09:45:55,19.0,88,,0,0,,1
2025-09-30 09:46:40,181.91,0.3032,235.34,0.4526,1.3578,228.08,239.51,238.44,405.16,411.07,406.59,407.64,1.3578,0.0,0.0,0.3022,0.0,0.0,0.0659,0.0659,0,0,0.3097,0.3097,0,0,0.9771,0.977,1,1,50,239.47,141.6,0,1,2025-09-30 09:46:40,19.0,88.7,,0,0,,1
2025-09-30 09:47:47,181.92,0.3033,235.31,0.4527,1.3581,228,239.66,238.28,405.31,411.84,405.55,407.5,1.3581,0.0,0.0,0.3023,0.0,0.0,0.0657,0.0657,0,0,0.3096,0.3096,0,0,0.9773,0.9772,1,1,50,239.47,141.6,0,1,2025-09-30 09:47:47,19.5,89.6,,0,0,,1
2025-09-30 09:48:32,181.92,0.3038,235.58,0.453,1.359,228.31,239.92,238.53,405.95,411.56,406.58,408.02,1.359,0.0,0.0,0.3028,0.0,0.0,0.0662,0.0662,0,0,0.3103,0.3103,0,0,0.977,0.9769,1,1,50,239.48,141.6,0,1,2025-09-30 09:48:32,19.5,90.1,,0,0,,1
2025-09-30 09:49:17,181.92,0.3041,235.42,0.4521,1.3565,229.11,239.33,237.83,405.8,411.93,405.57,407.52,1.3565,0.0,0.0,0.303,0.0,0.0,0.0673,0.0673,0,0,0.3108,0.3108,0,0,0.9763,0.9762,1,1,50,239.48,141.6,0,1,2025-09-30 09:49:17,19.6,90.4,,0,0,,1
2025-09-30 09:50:02,181.93,0.3057,235.63,0.4539,1.3617,229.34,239.61,237.96,406.42,411.1,406.83,408.04,1.3617,0.0,0.0,0.3047,0.0,0.0,0.067,0.067,0,0,0.3123,0.3123,0,0,0.9768,0.9766,1,1,50,239.49,141.6,0,1,2025-09-30 09:50:02,19.6,90.8,,0,0,,1
2025-09-30 09:50:47,181.93,0.3063,235.93,0.4538,1.3616,229.69,239.88,238.24,406.81,411.76,407.35,408.57,1.3616,0.0,0.0,0.305,0.0,0.0,0.0673,0.0673,0,0,0.3127,0.3127,0,0,0.9767,0.9765,1,1,50,239.49,141.6,0,1,2025-09-30 09:50:47,19.6,91.1,,0,0,,1
2025-09-30 09:51:32,181.93,0.3051,235.82,0.4536,1.3608,229.92,239.14,238.41,406.48,411.9,406.98,408.23,1.3608,0.0,0.0,0.3051,0.0,0.0,0.0675,0.0675,0,0,0.3129,0.3129,0,0,0.9763,0.9763,1,1,50,239.49,141.6,0,1,2025-09-30 09:51:32,19.6,91.4,,0,0,,1
2025-09-30 09:52:17,181.94,0.3071,236.2,0.4535,1.3607,230.64,238.48,239.5,406.55,411.85,408.93,409.14,1.3607,0.0,0.0,0.3058,0.0,0.0,0.0688,0.0688,0,0,0.3138,0.3138,0,0,0.9758,0.9756,1,1,50,239.5,141.61,0,1,2025-09-30 09:52:17,19.7,91.6,,0,0,,1
2025-09-30 09:53:02,181.94,0.3029,235.62,0.4527,1.3583,228.52,239.63,238.72,405.67,412.05,406.59,407.99,1.3583,0.0,0.0,0.3029,0.0,0.0,0.0662,0.0662,0,0,0.3104,0.3104,0,0,0.9769,0.9769,1,1,50,239.5,141.61,0,1,2025-09-30 09:53:02,19.7,91.8,,0,0,,1
2025-09-30 09:53:47,181.95,0.3041,235.65,0.4528,1.3586,228.52,239.65,238.8,405.84,411.46,407.14,408.11,1.3586,0.0,0.0,0.3029,0.0,0.0,0.0665,0.0665,0,0,0.3105,0.3105,0,0,0.9768,0.9767,1,1,49.9,239.51,141.61,0,1,2025-09-30 09:53:47,19.7,91.9,,0,0,,1
2025-09-30 09:54:32,181.95,0.3045,235.62,0.4532,1.3598,228.99,239.92,237.95,406.18,412.03,406.09,407.94,1.3598,0.0,0.0,0.3034,0.0,0.0,0.0673,0.0673,0,0,0.3114,0.3114,0,0,0.9764,0.9764,1,1,49.9,239.51,141.61,0,1,2025-09-30 09:54:32,19.7,92.1,,0,0,,1
2025-09-30 09:55:17,181.95,0.3038,234.94,0.4524,1.3572,228.56,239.31,236.97,404.73,410.51,405.55,406.91,1.3572,0.0,0.0,0.3027,0.0,0.0,0.0664,0.0664,0,0,0.3102,0.3102,0,0,0.9769,0.9768,1,1,49.9,239.51,141.61,0,1,2025-09-30 09:55:17,19.8,92.2,,0,0,,1
2025-09-30 09:56:02,181.97,3.9516,234.62,7.5746,22.7239,227.28,238.73,237.87,404.05,409.6,405.43,406.36,8.5916,7.2306,6.9017,1.5964,1.2711,1.0842,3.519,1.122,1.1647,1.2323,5.3206,1.9527,1.7262,1.6417,0.7468,0.8181,0.7372,0.6605,50,239.54,141.62,1,1,2025-09-30 09:56:02,19.8,92.3,,1,0,,0
2025-09-30 09:56:47,182.02,4.1359,234.68,7.7708,23.3125,227.36,238.76,237.92,404.26,409.79,405.31,406.6,8.8074,7.4159,7.0892,1.6557,1.3324,1.1477,3.5209,1.1235,1.1624,1.235,5.4597,2.0025,1.7706,1.6867,0.7614,0.8274,0.7535,0.6807,50,239.6,141.67,1,1,2025-09-30 09:56:47,19.7,88.9,,1,0,,0
2025-09-30 09:57:32,182.07,4.0152,234.45,7.6232,22.869799999999998,227.66,237.71,237.98,403.55,409.69,404.97,406.09,8.6623,7.2371,6.9704,1.6157,1.2803,1.1193,3.4977,1.1282,1.1458,1.2236,5.3512,1.9721,1.7203,1.6588,0.754,0.8198,0.7455,0.6745,50,239.67,141.71,1,1,2025-09-30 09:57:32,19.7,84.8,,1,0,,0
2025-09-30 09:58:17,182.12,3.9779,236.27,7.6176,22.853,230.17,238.94,239.71,407.01,412.06,408.59,408.34,8.6745,7.2357,6.9428,1.6172,1.2557,1.1049,3.5934,1.1689,1.1813,1.2433,5.3898,1.9966,1.7289,1.6643,0.742,0.8106,0.7284,0.6637,50,239.74,141.76,1,1,2025-09-30 09:58:17,19.5,80.9,,1,0,,0
2025-09-30 09:59:02,182.13,0.3083,237.12,0.4561,1.3685,231.03,240.45,239.89,409.05,414.06,409,410.82,1.3685,0.0,0.0,0.3083,0.0,0.0,0.0682,0.0682,0,0,0.3162,0.3162,0,0,0.9763,0.9763,1,1,50,239.75,141.76,0,1,2025-09-30 09:59:02,19.0,80.1,,0,0,,1
2025-09-30 09:59:47,182.13,0.3077,237.13,0.4561,1.3685,231.08,240.45,239.86,408.83,413.89,409.42,410.52,1.3685,0.0,0.0,0.3077,0.0,0.0,0.0686,0.0686,0,0,0.3162,0.3162,0,0,0.976,0.976,1,1,50,239.75,141.76,0,1,2025-09-30 09:59:47,18.9,81.4,,0,0,,1
2025-09-30 10:00:32,182.14,0.3075,236.93,0.4554,1.3662,230.8,240.39,239.62,408.47,413.54,409.12,410.26,1.3662,0.0,0.0,0.3075,0.0,0.0,0.0682,0.0682,0,0,0.3153,0.3153,0,0,0.9762,0.9761,1,1,50,239.76,141.76,0,1,2025-09-30 10:00:32,18.9,82.9,,0,0,,1
2025-09-30 10:01:17,182.14,0.3078,236.27,0.455,1.365,230.45,239.6,238.76,407.13,412.42,408.12,409.26,1.365,0.0,0.0,0.3067,0.0,0.0,0.0681,0.0681,0,0,0.3146,0.3146,0,0,0.9764,0.9762,1,1,50,239.76,141.76,0,1,2025-09-30 10:01:17,18.9,84.4,,0,0,,1
2025-09-30 10:02:02,182.15,0.3084,236.72,0.4553,1.3661,230.73,240.26,239.19,407.51,413.96,408.59,410.01,1.3661,0.0,0.0,0.3073,0.0,0.0,0.0685,0.0685,0,0,0.3152,0.3152,0,0,0.9762,0.976,1,1,50,239.76,141.76,0,1,2025-09-30 10:02:02,18.9,85.5,,0,0,,1
2025-09-30 10:02:47,182.15,0.3058,236.27,0.454,1.362,230.36,239.62,238.84,407.36,411.93,408.37,409.24,1.362,0.0,0.0,0.3058,0.0,0.0,0.0684,0.0684,0,0,0.3138,0.3138,0,0,0.9758,0.9758,1,1,50,239.77,141.76,0,1,2025-09-30 10:02:47,19.0,86.5,,0,0,,1
2025-09-30 10:03:32,182.15,0.3076,236.55,0.4543,1.3631,230.67,239.86,239.12,407.43,413.31,408.39,409.7,1.3631,0.0,0.0,0.3064,0.0,0.0,0.0689,0.0689,0,0,0.3144,0.3144,0,0,0.9758,0.9756,1,1,49.9,239.77,141.77,0,1,2025-09-30 10:03:32,19.0,87.4,,0,0,,1
2025-09-30 10:04:17,182.16,0.3063,236.37,0.454,1.3622,229.62,239.95,239.56,406.96,412.5,408.73,409.4,1.3622,0.0,0.0,0.305,0.0,0.0,0.0676,0.0676,0,0,0.3128,0.3128,0,0,0.9765,0.9763,1,1,50,239.78,141.77,0,1,2025-09-30 10:04:17,19.0,88.1,,0,0,,1
2025-09-30 10:05:02,182.16,0.3055,236.23,0.4533,1.36,229.43,239.87,239.41,406.49,413.18,407.83,409.19,1.36,0.0,0.0,0.3043,0.0,0.0,0.0673,0.0673,0,0,0.312,0.312,0,0,0.9765,0.9763,1,1,50,239.78,141.77,0,1,2025-09-30 10:05:02,19.1,88.7,,0,0,,1
2025-09-30 10:05:47,182.17,0.306,236.57,0.4536,1.3609,229.68,240.3,239.73,407.28,413.71,408.24,409.69,1.3609,0.0,0.0,0.3048,0.0,0.0,0.0677,0.0677,0,0,0.3126,0.3126,0,0,0.9763,0.9761,1,1,49.9,239.78,141.77,0,1,2025-09-30 10:05:47,19.5,89.3,,0,0,,1
2025-09-30 10:06:32,182.17,0.307,236.9,0.4537,1.3611,230.71,240.25,239.76,408.04,413.54,409.39,410.28,1.3611,0.0,0.0,0.3059,0.0,0.0,0.0692,0.0692,0,0,0.314,0.314,0,0,0.9754,0.9753,1,1,49.9,239.79,141.77,0,1,2025-09-30 10:06:32,19.5,89.7,,0,0,,1
2025-09-30 10:07:17,182.17,0.3064,236.33,0.4532,1.3596,230.36,239.7,238.94,407.08,412.93,408,409.33,1.3596,0.0,0.0,0.3051,0.0,0.0,0.069,0.069,0,0,0.3132,0.3132,0,0,0.9755,0.9753,1,1,49.9,239.79,141.77,0,1,2025-09-30 10:07:17,19.6,90.1,,0,0,,1
2025-09-30 10:08:02,182.18,0.306,236.41,0.4529,1.3587,230.41,239.85,238.97,407.52,413.06,407.83,409.41,1.3587,0.0,0.0,0.3049,0.0,0.0,0.069,0.069,0,0,0.3131,0.3131,0,0,0.9755,0.9753,1,1,49.9,239.8,141.77,0,1,2025-09-30 10:08:02,19.6,90.4,,0,0,,1
2025-09-30 10:08:47,182.18,0.3063,236.55,0.453,1.359,230.54,239.94,239.18,407.59,412.86,408.68,409.66,1.359,0.0,0.0,0.3052,0.0,0.0,0.069,0.069,0,0,0.3133,0.3133,0,0,0.9755,0.9753,1,1,49.9,239.8,141.77,0,1,2025-09-30 10:08:47,19.6,90.8,,0,0,,1
2025-09-30 10:09:32,182.18,0.3063,236.48,0.4531,1.3593,230.47,239.94,239.04,407.5,412.77,408.5,409.6,1.3593,0.0,0.0,0.3052,0.0,0.0,0.069,0.069,0,0,0.3133,0.3133,0,0,0.9755,0.9753,1,1,49.9,239.8,141.77,0,1,2025-09-30 10:09:32,19.7,91.1,,0,0,,1
2025-09-30 10:10:17,182.19,0.3051,236.18,0.4532,1.3598,230.22,239.61,238.71,407.06,412.5,407.64,409.1,1.3598,0.0,0.0,0.3051,0.0,0.0,0.0686,0.0686,0,0,0.3131,0.3131,0,0,0.9756,0.9756,1,1,49.9,239.81,141.77,0,1,2025-09-30 10:10:17,19.7,91.2,,0,0,,1
2025-09-30 10:11:02,182.19,0.3053,236.81,0.4531,1.3594,230.64,240.25,239.55,408.53,413.23,408.71,410.06,1.3594,0.0,0.0,0.3053,0.0,0.0,0.0695,0.0695,0,0,0.3135,0.3135,0,0,0.975,0.975,1,1,49.9,239.81,141.77,0,1,2025-09-30 10:11:02,19.7,91.4,,0,0,,1
2025-09-30 10:11:47,182.2,0.304,236.09,0.452,1.356,229.18,239.85,239.26,406.26,412.97,407.54,409,1.356,0.0,0.0,0.3029,0.0,0.0,0.0678,0.0678,0,0,0.3108,0.3108,0,0,0.9759,0.9758,1,1,49.9,239.81,141.77,0,1,2025-09-30 10:11:47,19.7,91.6,,0,0,,1
2025-09-30 10:12:32,182.2,0.3036,235.88,0.4518,1.3556,228.93,239.65,239.08,405.84,412.83,407.03,408.57,1.3556,0.0,0.0,0.3025,0.0,0.0,0.0676,0.0676,0,0,0.3103,0.3103,0,0,0.976,0.9758,1,1,49.9,239.82,141.78,0,1,2025-09-30 10:12:32,19.8,91.7,,0,0,,1
2025-09-30 10:13:17,182.22,3.9958,234.29,7.6322,22.8966,227.13,238.21,237.53,402.92,409.8,404.66,405.7,8.6404,7.2849,6.9713,1.607,1.2861,1.1026,3.5198,1.1238,1.1615,1.2345,5.3537,1.9625,1.7353,1.6559,0.7503,0.8194,0.7421,0.6661,49.9,239.85,141.79,1,1,2025-09-30 10:13:17,19.8,91.8,,1,0,,0
2025-09-30 10:14:02,182.27,4.1389,234.78,7.7946,23.383999999999997,228.32,238.28,237.74,404.24,409.37,406.27,406.59,8.8174,7.4426,7.124,1.658,1.3281,1.1528,3.551,1.1391,1.1717,1.2401,5.4803,2.0132,1.7734,1.6937,0.7589,0.8242,0.7498,0.6808,49.8,239.92,141.84,1,1,2025-09-30 10:14:02,19.7,88.3,,1,0,,0
2025-09-30 10:14:47,182.32,4.1283,234.91,7.7832,23.349600000000002,228.67,238.29,237.79,404.31,410.33,405.99,407.01,8.813,7.4201,7.1165,1.657,1.3207,1.1506,3.5554,1.1438,1.1718,1.2397,5.4756,2.0153,1.7681,1.6922,0.7577,0.8229,0.748,0.6802,49.9,239.98,141.88,1,1,2025-09-30 10:14:47,19.7,83.9,,1,0,,0
2025-09-30 10:15:32,182.37,0.3081,235.47,0.4569,1.3708,229.41,238.92,238.09,405.59,411.22,406.72,407.83,1.3708,0.0,0.0,0.3069,0.0,0.0,0.0672,0.0672,0,0,0.3145,0.3145,0,0,0.977,0.9768,1,1,49.9,240.05,141.92,0,1,2025-09-30 10:15:32,19.5,79.7,,0,0,,1
2025-09-30 10:16:17,182.37,0.3065,235.73,0.4548,1.3645,229.46,239.43,238.32,406.19,412.31,406.42,408.26,1.3645,0.0,0.0,0.3054,0.0,0.0,0.0674,0.0674,0,0,0.3131,0.3131,0,0,0.9766,0.9765,1,1,49.9,240.05,141.92,0,1,2025-09-30 10:16:17,19.0,80.3,,0,0,,1
2025-09-30 10:17:02,182.38,0.3063,236.31,0.4539,1.3617,229.88,239.96,239.1,407.45,412.81,407.63,409.21,1.3617,0.0,0.0,0.3051,0.0,0.0,0.0684,0.0684,0,0,0.313,0.313,0,0,0.9759,0.9757,1,1,49.9,240.05,141.92,0,1,2025-09-30 10:17:02,18.9,81.7,,0,0,,1
2025-09-30 10:17:47,182.38,0.3052,236.31,0.454,1.362,229.93,239.92,239.09,406.99,413.46,407.47,409.22,1.362,0.0,0.0,0.3052,0.0,0.0,0.0686,0.0686,0,0,0.3132,0.3132,0,0,0.9756,0.9756,1,1,49.9,240.06,141.92,0,1,2025-09-30 10:17:47,18.9,83.2,,0,0,,1
2025-09-30 10:18:32,182.39,0.3054,236.44,0.454,1.3622,230.04,240.01,239.29,407.34,413.5,407.76,409.46,1.3622,0.0,0.0,0.3054,0.0,0.0,0.0684,0.0684,0,0,0.3134,0.3134,0,0,0.9758,0.9758,1,1,49.9,240.06,141.93,0,1,2025-09-30 10:18:32,18.9,84.5,,0,0,,1
2025-09-30 10:19:17,182.39,0.3034,235.58,0.4524,1.3572,229.35,239.21,238.19,406.02,411.74,406.35,407.96,1.3572,0.0,0.0,0.3034,0.0,0.0,0.0678,0.0678,0,0,0.3113,0.3113,0,0,0.9759,0.9759,1,1,49.9,240.07,141.93,0,1,2025-09-30 10:19:17,19.0,85.6,,0,0,,1
2025-09-30 10:20:02,182.39,0.3017,234.9,0.452,1.356,228.09,238.78,237.84,404.85,409.65,406.02,406.89,1.356,0.0,0.0,0.3017,0.0,0.0,0.0665,0.0665,0,0,0.3093,0.3093,0,0,0.9765,0.9765,1,1,49.9,240.07,141.93,0,1,2025-09-30 10:20:02,19.0,86.6,,0,0,,1
2025-09-30 10:20:47,182.4,0.3033,234.91,0.4527,1.3583,227.95,239.09,237.71,404.91,409.8,405.87,406.82,1.3583,0.0,0.0,0.3021,0.0,0.0,0.0661,0.0661,0,0,0.3096,0.3096,0,0,0.977,0.9768,1,1,49.9,240.07,141.93,0,1,2025-09-30 10:20:47,19.0,87.4,,0,0,,1
2025-09-30 10:21:32,182.4,0.3022,234.78,0.4531,1.3594,227.81,239.01,237.53,404.29,410.37,405.27,406.65,1.3594,0.0,0.0,0.3022,0.0,0.0,0.066,0.066,0,0,0.3097,0.3097,0,0,0.9769,0.9769,1,1,49.9,240.08,141.93,0,1,2025-09-30 10:21:32,19.1,88.1,,0,0,,1
2025-09-30 10:22:17,182.4,0.3031,235.02,0.4524,1.3572,228.21,239.12,237.74,405.34,409.67,406.12,407.07,1.3572,0.0,0.0,0.3021,0.0,0.0,0.0668,0.0668,0,0,0.3097,0.3097,0,0,0.9765,0.9764,1,1,49.8,240.08,141.93,0,1,2025-09-30 10:22:17,19.1,88.6,,0,0,,1
2025-09-30 10:23:02,182.41,0.3058,236.49,0.4529,1.3588,230.19,240.14,239.16,407.67,412.96,408.21,409.61,1.3588,0.0,0.0,0.3046,0.0,0.0,0.0696,0.0696,0,0,0.3128,0.3128,0,0,0.975,0.9748,1,1,49.8,240.08,141.93,0,1,2025-09-30 10:23:02,19.5,89.1,,0,0,,1
2025-09-30 10:23:47,182.41,0.305,236.68,0.4521,1.3565,230.25,240.47,239.32,408.04,413.59,408.18,409.85,1.3565,0.0,0.0,0.304,0.0,0.0,0.0699,0.0699,0,0,0.3123,0.3123,0,0,0.9747,0.9745,1,1,49.8,240.09,141.93,0,1,2025-09-30 10:23:47,19.5,89.6,,0,0,,1
2025-09-30 10:24:32,182.42,0.3052,236.65,0.4521,1.3564,230.29,240.36,239.3,408.1,413.18,408.37,409.83,1.3564,0.0,0.0,0.3041,0.0,0.0,0.0698,0.0698,0,0,0.3124,0.3124,0,0,0.9748,0.9746,1,1,49.8,240.09,141.93,0,1,2025-09-30 10:24:32,19.6,90,,0,0,,1
2025-09-30 10:25:17,182.42,0.3059,236.88,0.4528,1.3584,230.37,240.74,239.53,408.32,414.16,408.38,410.27,1.3584,0.0,0.0,0.3047,0.0,0.0,0.0696,0.0696,0,0,0.3129,0.3129,0,0,0.975,0.9748,1,1,49.8,240.1,141.93,0,1,2025-09-30 10:25:17,19.6,90.4,,0,0,,1
2025-09-30 10:26:02,182.42,0.3036,236.06,0.452,1.3561,229.85,239.77,238.56,406.73,411.94,407.88,408.83,1.3561,0.0,0.0,0.3036,0.0,0.0,0.069,0.069,0,0,0.3117,0.3117,0,0,0.9751,0.9751,1,1,49.8,240.1,141.93,0,1,2025-09-30 10:26:02,19.7,90.6,,0,0,,1
2025-09-30 10:26:47,182.43,0.3026,235.67,0.4525,1.3575,228.59,239.94,238.49,405.97,411.93,406.65,408.2,1.3575,0.0,0.0,0.3026,0.0,0.0,0.067,0.067,0,0,0.3103,0.3103,0,0,0.9763,0.9763,1,1,49.9,240.1,141.93,0,1,2025-09-30 10:26:47,19.7,90.9,,0,0,,1
2025-09-30 10:27:32,182.43,0.3037,235.63,0.4521,1.3565,228.65,239.86,238.39,405.87,411.23,407.21,407.99,1.3565,0.0,0.0,0.3025,0.0,0.0,0.0668,0.0668,0,0,0.3102,0.3102,0,0,0.9766,0.9765,1,1,49.9,240.11,141.94,0,1,2025-09-30 10:27:32,19.7,91.1,,0,0,,1
2025-09-30 10:28:17,182.43,0.3036,235.61,0.4521,1.3564,228.51,239.93,238.41,405.9,411.46,406.88,408.12,1.3564,0.0,0.0,0.3024,0.0,0.0,0.0666,0.0666,0,0,0.31,0.31,0,0,0.9767,0.9765,1,1,49.9,240.11,141.94,0,1,2025-09-30 10:28:17,19.8,91.3,,0,0,,1
2025-09-30 10:29:02,182.47,4.0845,234.93,7.7294,23.188200000000002,227.62,239.06,238.12,404.31,410.46,405.91,406.85,8.7742,7.3565,7.0575,1.6404,1.3105,1.1336,3.5459,1.1367,1.1695,1.2398,5.4364,1.9972,1.7586,1.6805,0.7551,0.8219,0.7461,0.6748,49.9,240.16,141.97,1,1,2025-09-30 10:29:02,19.8,90.5,,1,0,,0
2025-09-30 10:29:53,182.54,4.0244,235.63,7.6638,22.991400000000002,228.09,239.77,239.05,405.22,412.24,406.91,408.04,8.6735,7.3138,7.0041,1.6174,1.2975,1.1095,3.5646,1.1361,1.1758,1.2527,5.4063,1.9783,1.7536,1.6743,0.7485,0.8183,0.7409,0.663,50,240.26,142.03,1,1,2025-09-30 10:29:53,19.7,84.5,,1,0,,0
2025-09-30 10:30:38,182.6,3.9633,235.63,7.5848,22.7544,228.93,238.46,239.52,405.27,411.73,407.38,408.23,8.6116,7.2027,6.9401,1.5994,1.2607,1.1032,3.5547,1.1497,1.1626,1.2425,5.3513,1.9715,1.7176,1.6623,0.7444,0.8119,0.7351,0.6639,50,240.33,142.08,1,1,2025-09-30 10:30:38,19.6,80.5,,1,0,,0
2025-09-30 10:31:23,182.61,0.307,236.71,0.4552,1.3656,229.55,240.81,239.77,407.76,413.17,408.97,409.81,1.3656,0.0,0.0,0.3059,0.0,0.0,0.0669,0.0669,0,0,0.3135,0.3135,0,0,0.977,0.9769,1,1,50,240.34,142.08,0,1,2025-09-30 10:31:23,19.0,79.2,,0,0,,1
2025-09-30 10:32:08,182.61,0.3045,235.61,0.4537,1.3613,229.31,239.54,238,405.72,412.25,406.32,408.07,1.3613,0.0,0.0,0.3045,0.0,0.0,0.0669,0.0669,0,0,0.3122,0.3122,0,0,0.9767,0.9767,1,1,50,240.35,142.09,0,1,2025-09-30 10:32:09,19.0,81.1,,0,0,,1
2025-09-30 10:33:38,182.61,0.3677,239.43,0.5253,1.5761,238.62,239.09,240.59,50.27,51.33,101.13,67.59,1.5761,0.0,0.0,0.3663,0.0,0.0,0.0814,0.0814,0,0,0.3761,0.3761,0,0,0.9763,0.9761,1,1,49.5,240.35,142.09,0,1,2025-09-30 10:33:38,18.9,84.5,,0,0,,1
2025-09-30 10:34:23,182.61,0.3186,240,0.46,1.3802,238.33,239.39,242.28,412.73,417.57,416.77,416.05,1.3802,0.0,0.0,0.3175,0.0,0.0,0.0826,0.0826,0,0,0.3289,0.3289,0,0,0.9679,0.9677,1,1,50,240.35,142.09,0,1,2025-09-30 10:34:24,19.0,84.4,,0,0,,1
2025-09-30 10:35:08,182.62,0.3145,239.88,0.4569,1.3709,237.17,240.43,242.05,412.39,418.63,415.45,415.51,1.3709,0.0,0.0,0.3134,0.0,0.0,0.0837,0.0837,0,0,0.3251,0.3251,0,0,0.9663,0.9661,1,1,49.5,240.35,142.09,0,1,2025-09-30 10:35:08,19.0,85.2,,0,0,,1
2025-09-30 10:35:53,182.62,0.3164,239.92,0.459,1.377,237.48,240.08,242.2,412,418.45,416.2,415.54,1.377,0.0,0.0,0.3164,0.0,0.0,0.0798,0.0798,0,0,0.327,0.327,0,0,0.9696,0.9696,1,1,49.9,240.36,142.09,0,1,2025-09-30 10:35:53,19.0,86.1,,0,0,,1
2025-09-30 10:37:00,182.63,0.3122,239.86,0.4561,1.3684,237.05,240.08,242.45,411.84,419.21,415.3,415.45,1.3684,0.0,0.0,0.3122,0.0,0.0,0.0852,0.0852,0,0,0.3244,0.3244,0,0,0.9646,0.9646,1,1,49.3,240.37,142.09,0,1,2025-09-30 10:37:00,19.5,87.4,,0,0,,1
2025-09-30 10:37:45,182.63,0.313,239.82,0.4556,1.3668,237.01,240.05,242.4,412.38,418.78,414.99,415.46,1.3668,0.0,0.0,0.3119,0.0,0.0,0.0846,0.0846,0,0,0.3239,0.3239,0,0,0.9653,0.9651,1,1,49.3,240.37,142.09,0,1,2025-09-30 10:37:45,19.5,88,,0,0,,1
2025-09-30 10:38:30,182.64,0.3182,240.31,0.459,1.3772,237.54,240.25,243.16,412.56,419.67,416.49,416.23,1.3772,0.0,0.0,0.317,0.0,0.0,0.0778,0.0778,0,0,0.3271,0.3271,0,0,0.9714,0.9711,1,1,50,240.37,142.09,0,1,2025-09-30 10:38:30,19.6,88.5,,0,0,,1
2025-09-30 10:39:16,182.64,0.318,240.31,0.4589,1.3769,237.53,240.23,243.18,412.32,420,416.38,416.22,1.3769,0.0,0.0,0.3169,0.0,0.0,0.0779,0.0779,0,0,0.3271,0.3271,0,0,0.9712,0.971,1,1,50,240.38,142.09,0,1,2025-09-30 10:39:16,19.6,89,,0,0,,1
2025-09-30 10:40:00,182.65,0.3187,240.3,0.4596,1.379,237.5,240.23,243.17,412.53,419.85,416.26,416.2,1.379,0.0,0.0,0.3175,0.0,0.0,0.0773,0.0773,0,0,0.3275,0.3275,0,0,0.9718,0.9716,1,1,50,240.38,142.09,0,1,2025-09-30 10:40:00,19.6,89.4,,0,0,,1
2025-09-30 10:40:45,182.65,0.3138,239.75,0.4562,1.3688,236.95,239.99,242.32,411.55,419.73,414.51,415.27,1.3688,0.0,0.0,0.3126,0.0,0.0,0.0836,0.0836,0,0,0.3243,0.3243,0,0,0.9663,0.966,1,1,49.3,240.39,142.09,0,1,2025-09-30 10:40:45,19.7,89.8,,0,0,,1
2025-09-30 10:41:30,182.65,0.3126,239.75,0.4547,1.3641,236.92,240.05,242.28,411.94,419.18,414.66,415.26,1.3641,0.0,0.0,0.3115,0.0,0.0,0.0831,0.0831,0,0,0.3232,0.3232,0,0,0.9664,0.9662,1,1,49.4,240.39,142.1,0,1,2025-09-30 10:41:30,19.7,90.1,,0,0,,1
2025-09-30 10:42:15,182.66,0.3134,239.74,0.4554,1.3663,236.93,240.03,242.28,412.02,419.52,414.22,415.23,1.3663,0.0,0.0,0.3122,0.0,0.0,0.0828,0.0828,0,0,0.3237,0.3237,0,0,0.9668,0.9665,1,1,49.4,240.39,142.1,0,1,2025-09-30 10:42:15,19.7,90.4,,0,0,,1
2025-09-30 10:43:00,182.66,3.8432,239.52,7.9104,23.7313,236.45,239.79,242.34,411.04,419.25,414.33,414.75,9.2742,7.1981,7.259,1.6382,1.1226,1.0824,4.1418,1.4522,1.3047,1.3849,5.6781,2.1929,1.726,1.7591,0.6801,0.7483,0.6522,0.6158,48.8,240.4,142.1,1,1,2025-09-30 10:43:00,19.8,90.6,,1,0,,0
2025-09-30 10:44:07,182.75,4.1143,239.84,8.0245,24.073700000000002,236.86,239.88,242.8,411.5,420.47,414.31,415.43,9.1554,7.3719,7.5464,1.6567,1.2353,1.2222,4.0164,1.3938,1.2589,1.3637,5.7692,2.1685,1.7684,1.8323,0.7155,0.7652,0.7003,0.6674,49.2,240.53,142.19,1,1,2025-09-30 10:44:07,19.7,84.9,,1,0,,0
2025-09-30 10:44:52,182.81,4.0356,239.85,7.9352,23.8056,236.88,239.87,242.82,411.33,420.5,414.49,415.38,9.0661,7.2802,7.4593,1.6322,1.2078,1.1956,4.0046,1.3906,1.255,1.359,5.7051,2.1476,1.7463,1.8113,0.7098,0.7611,0.6934,0.6605,49.2,240.6,142.24,1,1,2025-09-30 10:44:52,19.6,80.8,,1,0,,0
2025-09-30 10:45:37,182.83,0.3191,240.23,0.4596,1.3789,237.38,240.22,243.1,412.21,420.07,416.01,416.09,1.3789,0.0,0.0,0.3179,0.0,0.0,0.0749,0.0749,0,0,0.3273,0.3273,0,0,0.9735,0.9733,1,1,50.1,240.64,142.26,0,1,2025-09-30 10:45:37,19.1,78.9,,0,0,,1
2025-09-30 10:46:22,182.83,0.3099,238.93,0.4662,1.3988,236.12,239.11,241.57,410.35,417.75,413.44,416.03,1.3585,0.0403,0.0,0.3099,0.0,0.0,0.0795,0.0795,0,0,0.3304,0.3208,0.0096,0,0.9686,0.9686,1,1,49.6,240.64,142.26,0,1,2025-09-30 10:46:22,19.0,80.6,,0,0,,1
2025-09-30 10:47:07,182.84,0.3128,239.72,0.4558,1.3674,236.85,240.03,242.28,412.46,418.72,414.45,415.12,1.3674,0.0,0.0,0.3128,0.0,0.0,0.0812,0.0812,0,0,0.3239,0.3239,0,0,0.9678,0.9678,1,1,49.4,240.64,142.27,0,1,2025-09-30 10:47:07,18.9,82.2,,0,0,,1
2025-09-30 10:47:52,182.84,0.3125,239.68,0.4555,1.3667,236.82,239.99,242.23,412.19,418.82,414.41,415.2,1.3667,0.0,0.0,0.3125,0.0,0.0,0.0812,0.0812,0,0,0.3237,0.3237,0,0,0.9678,0.9678,1,1,49.4,240.65,142.27,0,1,2025-09-30 10:47:52,19.0,83.8,,0,0,,1
2025-09-30 10:48:37,182.84,0.314,239.56,0.4559,1.3677,236.71,239.98,242.01,411.88,418.98,413.97,415.04,1.3677,0.0,0.0,0.3127,0.0,0.0,0.081,0.081,0,0,0.3237,0.3237,0,0,0.9682,0.968,1,1,49.4,240.65,142.27,0,1,2025-09-30 10:48:37,19.0,85,,0,0,,1
2025-09-30 10:49:22,182.85,0.3132,239.76,0.4554,1.3662,236.68,240.16,242.46,411.77,419.91,414.19,415.28,1.3662,0.0,0.0,0.3121,0.0,0.0,0.0817,0.0817,0,0,0.3234,0.3234,0,0,0.9676,0.9674,1,1,49.4,240.66,142.27,0,1,2025-09-30 10:49:22,19.0,86,,0,0,,1
2025-09-30 10:50:07,182.85,0.3168,239.76,0.4586,1.3759,237.11,240.08,242.11,411.95,418.73,415.18,415.33,1.3759,0.0,0.0,0.3168,0.0,0.0,0.075,0.075,0,0,0.3262,0.3262,0,0,0.973,0.973,1,1,50.1,240.66,142.27,0,1,2025-09-30 10:50:07,19.1,86.8,,0,0,,1
2025-09-30 10:51:14,182.86,0.3206,240.22,0.4606,1.3819,237.62,240.18,242.86,412.17,419.47,416.57,416.03,1.3819,0.0,0.0,0.3196,0.0,0.0,0.0723,0.0723,0,0,0.3284,0.3284,0,0,0.9755,0.9753,1,1,50.5,240.67,142.27,0,1,2025-09-30 10:51:14,19.5,88,,0,0,,1
2025-09-30 10:51:59,182.86,0.321,240.19,0.461,1.383,237.6,240.16,242.81,412.35,418.99,416.72,416.1,1.383,0.0,0.0,0.3198,0.0,0.0,0.0723,0.0723,0,0,0.3286,0.3286,0,0,0.9755,0.9754,1,1,50.4,240.67,142.27,0,1,2025-09-30 10:51:59,19.6,88.5,,0,0,,1
2025-09-30 10:52:44,182.87,0.3199,240.19,0.4611,1.3833,237.6,240.15,242.82,412.82,418.78,416.46,415.99,1.3833,0.0,0.0,0.3199,0.0,0.0,0.0724,0.0724,0,0,0.3287,0.3287,0,0,0.9753,0.9753,1,1,50.5,240.68,142.27,0,1,2025-09-30 10:52:44,19.6,88.9,,0,0,,1
2025-09-30 10:53:29,182.87,0.3177,239.73,0.4584,1.3754,237.11,240.04,242.06,412.45,418.15,415.11,415.26,1.3754,0.0,0.0,0.3167,0.0,0.0,0.0751,0.0751,0,0,0.3261,0.3261,0,0,0.9732,0.973,1,1,50.1,240.68,142.27,0,1,2025-09-30 10:53:29,19.6,89.3,,0,0,,1
2025-09-30 10:54:14,182.87,0.3175,239.71,0.458,1.3741,237.12,240.02,241.99,411.84,418.85,414.88,415.12,1.3741,0.0,0.0,0.3164,0.0,0.0,0.075,0.075,0,0,0.3258,0.3258,0,0,0.9732,0.973,1,1,50.1,240.68,142.27,0,1,2025-09-30 10:54:14,19.7,89.7,,0,0,,1
2025-09-30 10:54:59,182.88,0.3101,239.31,0.4538,1.3614,233.19,242.58,242.17,411.76,419.27,412.5,414.38,1.3614,0.0,0.0,0.3089,0.0,0.0,0.0711,0.0711,0,0,0.3175,0.3175,0,0,0.9746,0.9744,1,1,50,240.69,142.27,0,1,2025-09-30 10:54:59,19.7,89.9,,0,0,,1
2025-09-30 10:55:44,182.88,0.3094,239.24,0.4543,1.363,233.24,242.23,242.25,412.21,418.49,412.44,414.45,1.363,0.0,0.0,0.3094,0.0,0.0,0.0712,0.0712,0,0,0.3179,0.3179,0,0,0.9745,0.9745,1,1,50,240.69,142.28,0,1,2025-09-30 10:55:44,19.7,90.3,,0,0,,1
2025-09-30 10:56:29,182.88,0.3093,239.57,0.4539,1.3618,233.36,242.92,242.43,413.12,418.01,413.67,415.04,1.3618,0.0,0.0,0.3093,0.0,0.0,0.0711,0.0711,0,0,0.3178,0.3178,0,0,0.9745,0.9745,1,1,50,240.69,142.28,0,1,2025-09-30 10:56:29,19.8,90.5,,0,0,,1
2025-09-30 10:57:14,182.89,0.3075,238.6,0.4534,1.3603,231.97,242.63,241.21,411.26,416.96,411.58,413.26,1.3603,0.0,0.0,0.3075,0.0,0.0,0.0692,0.0692,0,0,0.3155,0.3155,0,0,0.9756,0.9756,1,1,50,240.7,142.28,0,1,2025-09-30 10:57:14,19.8,90.7,,0,0,,1
2025-09-30 10:57:59,182.9,3.9089,236.83,7.5732,22.7198,229.13,241.07,240.29,407.31,415.07,408.23,410.22,8.5617,7.2448,6.9133,1.5831,1.261,1.0648,3.6344,1.1557,1.2046,1.2741,5.3694,1.9617,1.7465,1.6612,0.7323,0.8076,0.723,0.6412,50,240.72,142.29,1,1,2025-09-30 10:57:59,19.8,90.9,,1,0,,0
2025-09-30 10:58:44,182.95,4.1416,237.28,7.8137,23.4411,229.61,241.46,240.78,407.86,415.06,410,410.97,8.8024,7.4696,7.1691,1.6529,1.3411,1.1476,3.6503,1.16,1.2021,1.2882,5.5509,2.0211,1.8036,1.7262,0.7501,0.8185,0.7446,0.6652,50,240.79,142.33,1,1,2025-09-30 10:58:44,19.8,87.8,,1,0,,0
2025-09-30 10:59:29,183.01,4.047,237.7,7.7157,23.1473,229.94,241.95,241.21,408.83,415.02,411.18,411.68,8.7066,7.3697,7.071,1.6255,1.3073,1.1142,3.6639,1.1654,1.2085,1.29,5.4907,2.002,1.7831,1.7056,0.7413,0.8127,0.7343,0.6536,50.1,240.86,142.38,1,1,2025-09-30 10:59:29,19.7,83.6,,1,0,,0
2025-09-30 11:00:14,183.06,4.0213,237.99,7.6938,23.0816,230.52,242.01,241.45,409.29,416.11,411.2,412.28,8.6994,7.3202,7.062,1.6197,1.2905,1.1111,3.6823,1.1797,1.2101,1.2925,5.4821,2.0054,1.7716,1.7051,0.7375,0.8083,0.7294,0.6518,50,240.92,142.43,1,1,2025-09-30 11:00:14,19.6,79.9,,1,0,,0
2025-09-30 11:00:59,183.07,0.3113,239.52,0.4558,1.3676,232.67,242.38,243.53,411.67,418.1,414.8,414.73,1.3676,0.0,0.0,0.3101,0.0,0.0,0.0696,0.0696,0,0,0.3182,0.3182,0,0,0.9759,0.9757,1,1,50,240.94,142.43,0,1,2025-09-30 11:00:59,19.0,78.8,,0,0,,1
2025-09-30 11:01:44,183.07,0.3117,240.45,0.4557,1.3672,233.3,244.33,243.72,414.21,420.25,414.92,416.42,1.3672,0.0,0.0,0.3106,0.0,0.0,0.0706,0.0706,0,0,0.319,0.319,0,0,0.9752,0.9751,1,1,50,240.94,142.43,0,1,2025-09-30 11:01:44,19.0,80.5,,0,0,,1
2025-09-30 11:02:29,183.08,0.3117,240.31,0.4559,1.3677,233.23,244.15,243.55,413.49,420.32,414.86,416.24,1.3677,0.0,0.0,0.3107,0.0,0.0,0.0705,0.0705,0,0,0.319,0.319,0,0,0.9753,0.9752,1,1,50,240.95,142.44,0,1,2025-09-30 11:02:29,18.9,82.1,,0,0,,1
2025-09-30 11:03:14,183.08,0.3103,240.18,0.4557,1.3673,232.99,244.21,243.34,413.93,419.6,414.44,416.1,1.3673,0.0,0.0,0.3103,0.0,0.0,0.0703,0.0703,0,0,0.3186,0.3186,0,0,0.9753,0.9753,1,1,50,240.95,142.44,0,1,2025-09-30 11:03:14,18.9,83.5,,0,0,,1
2025-09-30 11:03:59,183.08,0.3101,239.41,0.4548,1.3645,232.6,243.38,242.27,412.37,418.21,413.43,414.82,1.3645,0.0,0.0,0.3091,0.0,0.0,0.0702,0.0702,0,0,0.3174,0.3174,0,0,0.9753,0.9751,1,1,50,240.96,142.44,0,1,2025-09-30 11:03:59,19.0,84.8,,0,0,,1
2025-09-30 11:04:44,183.09,0.3083,239.34,0.4542,1.3626,232.37,243.44,242.22,412.52,417.73,413.36,414.52,1.3626,0.0,0.0,0.3083,0.0,0.0,0.0703,0.0703,0,0,0.3166,0.3166,0,0,0.9749,0.9749,1,1,50,240.96,142.44,0,1,2025-09-30 11:04:44,19.0,85.8,,0,0,,1
2025-09-30 11:05:29,183.09,0.3092,239.25,0.4538,1.3616,232.27,243.34,242.16,412.25,417.68,413.22,414.28,1.3616,0.0,0.0,0.308,0.0,0.0,0.07,0.07,0,0,0.3163,0.3163,0,0,0.9753,0.9751,1,1,50,240.96,142.44,0,1,2025-09-30 11:05:29,19.0,86.7,,0,0,,1
2025-09-30 11:06:14,183.09,0.31,239.3,0.4547,1.3643,232.33,243.37,242.21,412.07,418.4,412.97,414.54,1.3643,0.0,0.0,0.3088,0.0,0.0,0.0697,0.0697,0,0,0.317,0.317,0,0,0.9756,0.9754,1,1,50,240.97,142.44,0,1,2025-09-30 11:06:14,19.1,87.4,,0,0,,1
2025-09-30 11:06:59,183.1,0.3098,239.8,0.4551,1.3653,233.04,243,243.37,412.83,419.14,414.07,415.34,1.3653,0.0,0.0,0.3098,0.0,0.0,0.0707,0.0707,0,0,0.3182,0.3182,0,0,0.9749,0.9749,1,1,50,240.97,142.44,0,1,2025-09-30 11:06:59,19.5,88.1,,0,0,,1
2025-09-30 11:07:44,183.1,0.3107,239.74,0.4549,1.3647,233.01,242.93,243.28,412.98,418.85,413.88,415.24,1.3647,0.0,0.0,0.3096,0.0,0.0,0.0707,0.0707,0,0,0.318,0.318,0,0,0.975,0.9748,1,1,50,240.98,142.44,0,1,2025-09-30 11:07:44,19.5,88.6,,0,0,,1
2025-09-30 11:08:29,183.11,0.3107,239.79,0.4554,1.3663,232.69,243.68,243.01,413.36,418.71,413.89,415.26,1.3663,0.0,0.0,0.3097,0.0,0.0,0.0701,0.0701,0,0,0.3179,0.3179,0,0,0.9754,0.9752,1,1,50,240.98,142.44,0,1,2025-09-30 11:08:29,19.6,89.1,,0,0,,1
2025-09-30 11:09:14,183.11,0.3071,239.21,0.4538,1.3614,231.42,243.51,242.7,411.7,418.08,413.13,414.34,1.3614,0.0,0.0,0.3071,0.0,0.0,0.0685,0.0685,0,0,0.3151,0.3151,0,0,0.9759,0.9759,1,1,50.1,240.98,142.44,0,1,2025-09-30 11:09:14,19.6,89.5,,0,0,,1
2025-09-30 11:09:59,183.11,0.3077,238.48,0.4548,1.3646,231.28,243.31,240.85,411.67,415.98,411.45,413.06,1.3646,0.0,0.0,0.3077,0.0,0.0,0.0679,0.0679,0,0,0.3156,0.3156,0,0,0.9765,0.9765,1,1,50.1,240.99,142.44,0,1,2025-09-30 11:09:59,19.6,90,,0,0,,1
2025-09-30 11:10:44,183.12,0.307,238.46,0.4539,1.3619,231.1,243.57,240.72,410.89,416.8,411.35,412.96,1.3619,0.0,0.0,0.307,0.0,0.0,0.0678,0.0678,0,0,0.3147,0.3147,0,0,0.9764,0.9764,1,1,50.1,240.99,142.45,0,1,2025-09-30 11:10:44,19.7,90.3,,0,0,,1
2025-09-30 11:11:29,183.12,0.307,238.49,0.4543,1.363,231.07,243.54,240.86,410.72,416.92,411.53,413.12,1.363,0.0,0.0,0.307,0.0,0.0,0.0679,0.0679,0,0,0.3149,0.3149,0,0,0.9764,0.9764,1,1,50.1,241,142.45,0,1,2025-09-30 11:11:29,19.7,90.6,,0,0,,1
2025-09-30 11:12:14,183.13,0.3068,238.7,0.454,1.3622,230.79,243.47,241.86,411.07,417.04,412.17,413.43,1.3622,0.0,0.0,0.3068,0.0,0.0,0.0673,0.0673,0,0,0.3144,0.3144,0,0,0.9767,0.9767,1,1,50.1,241,142.45,0,1,2025-09-30 11:12:14,19.7,90.8,,0,0,,1
2025-09-30 11:12:59,183.13,0.3107,240.08,0.455,1.3651,232.87,244.34,243.03,413.85,419.35,414.24,415.72,1.3651,0.0,0.0,0.3096,0.0,0.0,0.0703,0.0703,0,0,0.3179,0.3179,0,0,0.9753,0.9751,1,1,50.1,241,142.45,0,1,2025-09-30 11:12:59,19.7,91.1,,0,0,,1
2025-09-30 11:13:44,183.15,4.0662,238.62,7.7654,23.296299999999995,231.59,241.91,242.36,410.39,417.08,412.4,413.31,8.767,7.4247,7.1046,1.6384,1.3049,1.1228,3.7317,1.1964,1.2304,1.3049,5.5483,2.0303,1.7961,1.7219,0.7367,0.8075,0.7275,0.6522,50.1,241.04,142.47,1,1,2025-09-30 11:13:44,19.8,91.1,,1,0,,0
2025-09-30 11:14:29,183.2,4.1092,238.67,7.8025,23.4076,231.59,241.99,242.45,410.55,417.69,411.95,413.49,8.7919,7.4604,7.1553,1.6483,1.322,1.1388,3.724,1.1917,1.2249,1.3074,5.5763,2.0361,1.8053,1.7348,0.7409,0.8103,0.7335,0.6568,50.1,241.11,142.52,1,1,2025-09-30 11:14:29,19.7,87.7,,1,0,,0
2025-09-30 11:15:14,183.26,4.1017,238.72,7.7873,23.362,231.71,241.94,242.51,410.73,416.53,413.1,413.51,8.7906,7.4233,7.1481,1.6464,1.314,1.1413,3.7195,1.1959,1.2201,1.3035,5.5663,2.0369,1.796,1.7335,0.7407,0.809,0.7328,0.6587,50.1,241.18,142.56,1,1,2025-09-30 11:15:14,19.6,83.2,,1,0,,0
2025-09-30 11:15:59,183.3,0.313,239.13,0.4599,1.3799,232.48,242.84,242.07,411.85,417.08,413.55,414.25,1.3799,0.0,0.0,0.313,0.0,0.0,0.0685,0.0685,0,0,0.3208,0.3208,0,0,0.9768,0.9768,1,1,50.1,241.23,142.6,0,1,2025-09-30 11:15:59,19.5,79.5,,0,0,,1
2025-09-30 11:16:44,183.3,0.3109,239.24,0.4563,1.3689,232.2,243.46,242.06,411.94,418.16,412.98,414.38,1.3689,0.0,0.0,0.3099,0.0,0.0,0.0689,0.0689,0,0,0.3179,0.3179,0,0,0.9763,0.9761,1,1,50.1,241.24,142.6,0,1,2025-09-30 11:16:44,19.0,80.2,,0,0,,1
2025-09-30 11:17:29,183.3,0.3104,239.44,0.4555,1.3666,232.27,243.78,242.27,412.28,418.31,413.52,414.52,1.3666,0.0,0.0,0.3094,0.0,0.0,0.069,0.069,0,0,0.3174,0.3174,0,0,0.9761,0.976,1,1,50.1,241.24,142.6,0,1,2025-09-30 11:17:29,18.9,81.8,,0,0,,1
2025-09-30 11:18:14,183.31,0.309,239.33,0.4552,1.3657,232.17,243.65,242.19,412.35,417.91,413.3,414.51,1.3657,0.0,0.0,0.309,0.0,0.0,0.0691,0.0691,0,0,0.3171,0.3171,0,0,0.9758,0.9758,1,1,50.1,241.24,142.6,0,1,2025-09-30 11:18:14,18.9,83.4,,0,0,,1
2025-09-30 11:18:59,183.31,0.3109,239.83,0.4556,1.367,232.67,243.88,242.96,412.77,419.42,414,415.46,1.367,0.0,0.0,0.3098,0.0,0.0,0.0702,0.0702,0,0,0.3181,0.3181,0,0,0.9754,0.9753,1,1,50.1,241.25,142.6,0,1,2025-09-30 11:18:59,19.0,84.9,,0,0,,1
2025-09-30 11:19:44,183.32,0.3105,239.69,0.455,1.3652,232.55,243.8,242.74,412.81,419.13,413.53,415.17,1.3652,0.0,0.0,0.3092,0.0,0.0,0.0701,0.0701,0,0,0.3175,0.3175,0,0,0.9754,0.9752,1,1,50,241.25,142.6,0,1,2025-09-30 11:19:44,19.0,85.9,,0,0,,1
2025-09-30 11:20:29,183.32,0.3082,239.17,0.4538,1.3616,231.25,243.81,242.46,411.85,418.65,412.25,414.18,1.3616,0.0,0.0,0.3069,0.0,0.0,0.0685,0.0685,0,0,0.3149,0.3149,0,0,0.9761,0.9759,1,1,50,241.26,142.6,0,1,2025-09-30 11:20:29,19.0,87,,0,0,,1
2025-09-30 11:21:14,183.32,0.309,239.13,0.4546,1.3638,231.68,242.9,242.83,411.51,417.91,413.12,414.17,1.3638,0.0,0.0,0.3079,0.0,0.0,0.0691,0.0691,0,0,0.316,0.316,0,0,0.9758,0.9757,1,1,50,241.26,142.61,0,1,2025-09-30 11:21:14,19.1,87.8,,0,0,,1
2025-09-30 11:21:59,183.33,0.3073,239.13,0.4543,1.363,231.32,243.95,242.13,411.65,418.31,412.57,414.17,1.363,0.0,0.0,0.3073,0.0,0.0,0.0686,0.0686,0,0,0.3153,0.3153,0,0,0.9759,0.9759,1,1,50.1,241.26,142.61,0,1,2025-09-30 11:21:59,19.1,88.4,,0,0,,1
2025-09-30 11:22:44,183.33,0.3086,239.02,0.4539,1.3617,231.79,243.45,241.82,412.2,417.27,412.45,414.04,1.3617,0.0,0.0,0.3075,0.0,0.0,0.0691,0.0691,0,0,0.3156,0.3156,0,0,0.9758,0.9756,1,1,50.1,241.27,142.61,0,1,2025-09-30 11:22:44,19.5,89,,0,0,,1
2025-09-30 11:23:29,183.34,0.3112,240.08,0.4555,1.3666,233.08,244.47,242.71,414.06,419.25,414.17,415.74,1.3666,0.0,0.0,0.3101,0.0,0.0,0.0708,0.0708,0,0,0.3185,0.3185,0,0,0.975,0.9749,1,1,50.1,241.27,142.61,0,1,2025-09-30 11:23:29,19.6,89.6,,0,0,,1
2025-09-30 11:24:14,183.34,0.3104,239.75,0.4547,1.3642,232.69,244.13,242.45,413.34,418.95,413.49,415.25,1.3642,0.0,0.0,0.3091,0.0,0.0,0.0702,0.0702,0,0,0.3174,0.3174,0,0,0.9753,0.9751,1,1,50.1,241.28,142.61,0,1,2025-09-30 11:24:14,19.6,90.1,,0,0,,1
2025-09-30 11:24:59,183.34,0.3104,239.86,0.4547,1.3642,232.86,244.13,242.6,413.24,418.83,414.23,415.55,1.3642,0.0,0.0,0.3093,0.0,0.0,0.0707,0.0707,0,0,0.3177,0.3177,0,0,0.975,0.9748,1,1,50.1,241.28,142.61,0,1,2025-09-30 11:24:59,19.6,90.5,,0,0,,1
2025-09-30 11:25:44,183.35,0.3125,240.93,0.4562,1.3688,233.86,245.04,243.89,415.52,420.76,415.58,417.27,1.3688,0.0,0.0,0.3115,0.0,0.0,0.0717,0.0717,0,0,0.3201,0.3201,0,0,0.9746,0.9745,1,1,50.1,241.28,142.61,0,1,2025-09-30 11:25:44,19.7,90.8,,0,0,,1
2025-09-30 11:26:29,183.35,0.3126,240.96,0.4558,1.3675,233.97,244.94,243.99,415.05,421.41,415.62,417.45,1.3675,0.0,0.0,0.3114,0.0,0.0,0.0715,0.0715,0,0,0.32,0.32,0,0,0.9748,0.9746,1,1,50.1,241.29,142.61,0,1,2025-09-30 11:26:29,19.7,91.1,,0,0,,1
2025-09-30 11:27:14,183.36,0.3107,241.09,0.4548,1.3644,234.01,245.13,244.15,415.64,421.31,415.79,417.66,1.3644,0.0,0.0,0.3107,0.0,0.0,0.0716,0.0716,0,0,0.3193,0.3193,0,0,0.9744,0.9744,1,1,50.1,241.29,142.61,0,1,2025-09-30 11:27:14,19.7,91.4,,0,0,,1
2025-09-30 11:27:59,183.36,0.3122,241.05,0.4811,1.4434,234.63,244.14,244.4,415.81,419.89,416.78,417.81,1.368,0.0754,0.0,0.3122,0.0,0.0,0.0724,0.0724,0,0,0.3394,0.321,0.0184,0,0.9741,0.9741,1,1,50.1,241.3,142.61,0,1,2025-09-30 11:27:59,19.8,91.5,,0,0,,1
2025-09-30 11:28:44,183.36,0.3129,240.31,0.4562,1.3688,234.94,242.02,243.97,413.58,418.41,416.65,416.37,1.3688,0.0,0.0,0.3129,0.0,0.0,0.0723,0.0723,0,0,0.3216,0.3216,0,0,0.9743,0.9743,1,1,50.1,241.3,142.61,0,1,2025-09-30 11:28:44,19.8,91.8,,0,0,,1
2025-09-30 11:29:29,183.37,0.3134,240.81,0.4561,1.3684,234.45,244.02,243.98,415.26,419.99,416.03,416.99,1.3684,0.0,0.0,0.3123,0.0,0.0,0.0713,0.0713,0,0,0.3208,0.3208,0,0,0.975,0.9749,1,1,50.2,241.3,142.62,0,1,2025-09-30 11:29:29,19.8,92,,0,0,,1
2025-09-30 11:30:14,183.37,0.3149,241.19,0.457,1.3712,235.2,243.92,244.46,415.34,420.28,417.59,418.11,1.3712,0.0,0.0,0.3139,0.0,0.0,0.072,0.072,0,0,0.3225,0.3225,0,0,0.9748,0.9746,1,1,50.2,241.31,142.62,0,1,2025-09-30 11:30:14,19.9,92.1,,0,0,,1
2025-09-30 11:30:59,183.37,0.3135,241.28,0.4574,1.3722,234.67,245.13,244.06,415.64,421.26,416.82,417.9,1.3722,0.0,0.0,0.3135,0.0,0.0,0.0712,0.0712,0,0,0.322,0.322,0,0,0.9751,0.9751,1,1,50.2,241.31,142.62,0,1,2025-09-30 11:30:59,20.3,92.2,,0,0,,1
2025-09-30 11:31:44,183.38,0.3133,241.75,0.4571,1.3713,234.64,245.74,244.87,416.36,422.42,417.35,418.63,1.3713,0.0,0.0,0.3133,0.0,0.0,0.0713,0.0713,0,0,0.3218,0.3218,0,0,0.975,0.975,1,1,50.2,241.32,142.62,0,1,2025-09-30 11:31:44,20.3,92.3,,0,0,,1
2025-09-30 11:32:29,183.38,0.3146,241.8,0.4568,1.3705,234.83,245.71,244.86,416.91,422.2,417.27,418.66,1.3705,0.0,0.0,0.3133,0.0,0.0,0.0715,0.0715,0,0,0.3218,0.3218,0,0,0.9751,0.9749,1,1,50.2,241.32,142.62,0,1,2025-09-30 11:32:29,20.3,92.5,,0,0,,1
2025-09-30 11:33:21,183.39,0.3121,241.42,0.4559,1.3677,234.41,245.44,244.43,416.17,421.75,416.53,418.13,1.3677,0.0,0.0,0.3121,0.0,0.0,0.0713,0.0713,0,0,0.3206,0.3206,0,0,0.9748,0.9748,1,1,50.1,241.33,142.62,0,1,2025-09-30 11:33:21,20.4,92.6,,0,0,,1
2025-09-30 11:34:06,183.39,0.3108,240.04,0.4556,1.3668,233.4,244.27,242.45,413.5,419.5,414.25,415.78,1.3668,0.0,0.0,0.3108,0.0,0.0,0.0698,0.0698,0,0,0.319,0.319,0,0,0.9756,0.9756,1,1,50.2,241.33,142.62,0,1,2025-09-30 11:34:06,20.4,92.8,,0,0,,1
2025-09-30 11:34:51,183.4,0.3126,239.91,0.4558,1.3674,233.88,243.17,242.68,413.76,418.08,414.72,415.51,1.3674,0.0,0.0,0.3115,0.0,0.0,0.0705,0.0705,0,0,0.3198,0.3198,0,0,0.9755,0.9753,1,1,50.1,241.33,142.62,0,1,2025-09-30 11:34:51,20.4,92.8,,0,0,,1
2025-09-30 11:35:36,183.4,0.3119,240.09,0.4555,1.3665,233.48,244.13,242.67,414.37,418.86,414.28,415.7,1.3665,0.0,0.0,0.3108,0.0,0.0,0.07,0.07,0,0,0.3191,0.3191,0,0,0.9757,0.9755,1,1,50.2,241.34,142.62,0,1,2025-09-30 11:35:36,20.4,92.9,,0,0,,1
2025-09-30 11:36:21,183.4,0.3127,239.85,0.4562,1.3687,233.73,242.88,242.96,412.93,418.59,414.77,415.54,1.3687,0.0,0.0,0.3117,0.0,0.0,0.0701,0.0701,0,0,0.3199,0.3199,0,0,0.9758,0.9756,1,1,50.1,241.34,142.62,0,1,2025-09-30 11:36:21,20.4,93,,0,0,,1
2025-09-30 11:37:06,183.41,0.3127,240.7,0.4555,1.3665,234.08,244.12,243.92,414.55,421.16,415.03,416.9,1.3665,0.0,0.0,0.3115,0.0,0.0,0.0708,0.0708,0,0,0.3199,0.3199,0,0,0.9752,0.9751,1,1,50.2,241.35,142.62,0,1,2025-09-30 11:37:06,20.4,93.1,,0,0,,1
2025-09-30 11:37:51,183.41,0.3129,240.89,0.4555,1.3666,234.22,244.39,244.07,414.58,421.5,415.64,417.19,1.3666,0.0,0.0,0.3116,0.0,0.0,0.0711,0.0711,0,0,0.3201,0.3201,0,0,0.9751,0.9749,1,1,50.2,241.35,142.63,0,1,2025-09-30 11:37:51,20.4,93.1,,0,0,,1
2025-09-30 11:38:36,183.42,0.314,241.94,0.4561,1.3684,234.67,246.16,244.99,416.84,422.61,417.66,419,1.3684,0.0,0.0,0.3126,0.0,0.0,0.0712,0.0712,0,0,0.3211,0.3211,0,0,0.9752,0.975,1,1,50.2,241.35,142.63,0,1,2025-09-30 11:38:36,20.5,93.2,,0,0,,1
2025-09-30 11:39:21,183.42,0.3145,241.57,0.4564,1.3693,235.15,244.59,244.98,416.45,420.93,417.8,418.47,1.3693,0.0,0.0,0.3133,0.0,0.0,0.0721,0.0721,0,0,0.322,0.322,0,0,0.9747,0.9745,1,1,50.1,241.36,142.63,0,1,2025-09-30 11:39:21,20.5,93.2,,0,0,,1
2025-09-30 11:40:27,183.43,0.3131,241.53,0.4555,1.3667,234.3,245.69,244.6,416.86,421.93,416.2,418.28,1.3667,0.0,0.0,0.3118,0.0,0.0,0.071,0.071,0,0,0.3202,0.3202,0,0,0.9752,0.975,1,1,50.1,241.37,142.63,0,1,2025-09-30 11:40:27,20.5,93.3,,0,0,,1
2025-09-30 11:41:12,183.43,0.3113,240.94,0.4553,1.366,234.01,245.04,243.78,415.44,420.79,415.71,417.26,1.366,0.0,0.0,0.3113,0.0,0.0,0.0705,0.0705,0,0,0.3197,0.3197,0,0,0.9752,0.9752,1,1,50.2,241.37,142.63,0,1,2025-09-30 11:41:12,20.5,93.3,,0,0,,1
2025-09-30 11:41:57,183.43,0.3127,240.55,0.4554,1.3662,234.27,243.66,243.74,415.08,419.69,415.16,416.73,1.3662,0.0,0.0,0.3116,0.0,0.0,0.071,0.071,0,0,0.3201,0.3201,0,0,0.9751,0.9749,1,1,50.1,241.37,142.63,0,1,2025-09-30 11:41:57,20.5,93.4,,0,0,,1
2025-09-30 11:42:42,183.44,0.3117,240.66,0.4547,1.3643,233.65,244.8,243.54,415.07,420.56,414.86,416.62,1.3643,0.0,0.0,0.3105,0.0,0.0,0.0702,0.0702,0,0,0.3188,0.3188,0,0,0.9755,0.9753,1,1,50.1,241.38,142.63,0,1,2025-09-30 11:42:42,20.5,93.3,,0,0,,1
2025-09-30 11:43:27,183.44,0.3099,240.56,0.4541,1.3625,233.51,244.8,243.39,414.18,420.43,415.37,416.74,1.3625,0.0,0.0,0.3099,0.0,0.0,0.0701,0.0701,0,0,0.3182,0.3182,0,0,0.9753,0.9753,1,1,50.1,241.38,142.63,0,1,2025-09-30 11:43:27,20.5,93.3,,0,0,,1
2025-09-30 11:44:12,183.45,0.313,240.36,0.4554,1.3663,234.4,242.7,243.99,413.62,419.48,415.84,416.24,1.3663,0.0,0.0,0.3118,0.0,0.0,0.0712,0.0712,0,0,0.3203,0.3203,0,0,0.975,0.9748,1,1,50.1,241.39,142.63,0,1,2025-09-30 11:44:12,20.6,93.4,,0,0,,1
2025-09-30 11:44:57,183.45,0.3123,240.18,0.4553,1.3659,233.95,242.85,243.75,413.92,418.88,415.19,416,1.3659,0.0,0.0,0.3112,0.0,0.0,0.0704,0.0704,0,0,0.3196,0.3196,0,0,0.9755,0.9753,1,1,50.1,241.39,142.63,0,1,2025-09-30 11:44:57,20.6,93.4,,0,0,,1
2025-09-30 11:45:42,183.45,0.313,241.34,0.4552,1.3657,234.58,245.2,244.25,416.73,420.96,416.32,417.81,1.3657,0.0,0.0,0.3118,0.0,0.0,0.0714,0.0714,0,0,0.3204,0.3204,0,0,0.9749,0.9747,1,1,50.1,241.39,142.63,0,1,2025-09-30 11:45:42,20.6,93.3,,0,0,,1
2025-09-30 11:46:27,183.46,0.3117,241.27,0.4553,1.366,234.46,244.67,244.69,415.86,421.47,416.33,417.96,1.366,0.0,0.0,0.3117,0.0,0.0,0.0715,0.0715,0,0,0.3203,0.3203,0,0,0.9747,0.9747,1,1,50.1,241.4,142.64,0,1,2025-09-30 11:46:27,20.6,93.3,,0,0,,1
2025-09-30 11:47:33,183.46,0.3125,240.72,0.4546,1.3638,234.73,244.32,243.13,414.51,421.42,414.93,416.96,1.3638,0.0,0.0,0.3113,0.0,0.0,0.0724,0.0724,0,0,0.3201,0.3201,0,0,0.9742,0.974,1,1,50.1,241.4,142.64,0,1,2025-09-30 11:47:33,20.6,93.4,,0,0,,1
2025-09-30 11:48:18,183.47,0.3121,240.73,0.4544,1.3632,234.1,245.33,242.76,415,420.47,415.36,416.97,1.3632,0.0,0.0,0.3106,0.0,0.0,0.0711,0.0711,0,0,0.3191,0.3191,0,0,0.9749,0.9747,1,1,50.1,241.41,142.64,0,1,2025-09-30 11:48:18,20.6,93.3,,0,0,,1
2025-09-30 11:49:03,183.47,0.312,240.86,0.4545,1.3636,234.26,244.3,244.04,415.28,420.81,415.47,417.21,1.3636,0.0,0.0,0.3108,0.0,0.0,0.0717,0.0717,0,0,0.3194,0.3194,0,0,0.9746,0.9744,1,1,50.1,241.41,142.64,0,1,2025-09-30 11:49:03,20.6,93.3,,0,0,,1
2025-09-30 11:49:48,183.48,0.3105,240.82,0.454,1.362,234.41,243.93,244.13,414.52,420.6,416.21,416.88,1.362,0.0,0.0,0.3105,0.0,0.0,0.072,0.072,0,0,0.3193,0.3193,0,0,0.9741,0.9741,1,1,50.1,241.42,142.64,0,1,2025-09-30 11:49:48,20.6,93.2,,0,0,,1
2025-09-30 11:50:33,183.48,0.313,240.71,0.455,1.3651,234.84,242.85,244.44,414.93,419.78,416.03,417.02,1.3651,0.0,0.0,0.3119,0.0,0.0,0.0722,0.0722,0,0,0.3206,0.3206,0,0,0.9743,0.9742,1,1,50.1,241.42,142.64,0,1,2025-09-30 11:50:33,21.1,93.2,,0,0,,1
2025-09-30 11:51:18,183.48,0.3109,240.97,0.4544,1.3633,234.47,244.21,244.23,414.85,421.72,415.55,417.32,1.3633,0.0,0.0,0.3109,0.0,0.0,0.0721,0.0721,0,0,0.3197,0.3197,0,0,0.9741,0.9741,1,1,50.1,241.42,142.64,0,1,2025-09-30 11:51:18,21.1,93.2,,0,0,,1
2025-09-30 11:52:03,183.49,0.3116,241.83,0.4534,1.3602,234.53,246.08,244.9,416.83,422.9,416.87,418.84,1.3602,0.0,0.0,0.3102,0.0,0.0,0.0722,0.0722,0,0,0.319,0.319,0,0,0.9742,0.974,1,1,50.1,241.43,142.64,0,1,2025-09-30 11:52:03,21.1,93.1,,0,0,,1
2025-09-30 11:52:48,183.49,0.3121,241.71,0.4542,1.3627,234.44,246.11,244.6,417.28,421.63,417,418.71,1.3627,0.0,0.0,0.3108,0.0,0.0,0.072,0.072,0,0,0.3195,0.3195,0,0,0.9743,0.9741,1,1,50,241.43,142.64,0,1,2025-09-30 11:52:48,21.1,93.2,,0,0,,1
2025-09-30 11:53:33,183.5,0.3158,241.07,0.4564,1.3692,236.36,246.9,239.97,419,420.11,413.56,418.06,1.3692,0.0,0.0,0.3144,0.0,0.0,0.0744,0.0744,0,0,0.3236,0.3236,0,0,0.9733,0.9731,1,1,50.1,241.44,142.64,0,1,2025-09-30 11:53:33,21.1,93.1,,0,0,,1
2025-09-30 11:54:39,183.55,4.3708,238.75,8.1024,24.3074,234.17,244.06,238.03,412.09,416.4,412.03,413.57,9.2173,7.8302,7.2599,1.7975,1.3967,1.1766,3.757,1.1918,1.3008,1.2644,5.7975,2.1584,1.911,1.7281,0.7583,0.8334,0.7317,0.6812,50.1,241.51,142.69,1,1,2025-09-30 11:54:39,21.1,91.6,,1,0,,0
2025-09-30 11:55:24,183.6,4.3455,239.19,8.0758,24.227600000000002,234.06,245.51,238.02,412.65,418.08,412.1,414.27,9.1796,7.8199,7.2281,1.7907,1.3975,1.1573,3.767,1.1835,1.3122,1.2713,5.7889,2.1486,1.9199,1.7204,0.7556,0.8342,0.729,0.6731,50.1,241.58,142.73,1,1,2025-09-30 11:55:24,20.6,87.3,,1,0,,0
2025-09-30 11:56:09,183.65,4.2632,239.6,7.995,23.9852,234.25,246.24,238.32,413.53,418.61,412.79,414.95,9.0807,7.7669,7.1376,1.7659,1.3754,1.1219,3.785,1.1826,1.3253,1.2772,5.7407,2.1272,1.9125,1.701,0.7478,0.8308,0.72,0.6599,50.1,241.65,142.78,1,1,2025-09-30 11:56:09,20.5,83,,1,0,,0
2025-09-30 11:56:54,183.71,4.2339,239.64,7.9545,23.863599999999998,235.06,245.09,238.79,413.2,418.68,413.3,415.16,9.0464,7.6959,7.1213,1.7554,1.3524,1.1261,3.7805,1.1968,1.311,1.2726,5.7131,2.1264,1.8862,1.7005,0.7459,0.8262,0.7179,0.6626,50.1,241.72,142.83,1,1,2025-09-30 11:56:54,20.3,80,,1,0,,0
2025-09-30 11:57:39,183.76,4.2115,240.24,7.9429,23.8289,235.63,245.79,239.32,414.5,419.35,414.43,415.98,9.0438,7.6737,7.1114,1.7516,1.3411,1.1187,3.8127,1.2099,1.3219,1.2809,5.719,2.131,1.8861,1.7019,0.7413,0.8227,0.7122,0.6578,50.1,241.8,142.88,1,1,2025-09-30 11:57:39,19.8,77.7,,1,0,,0
2025-09-30 11:58:24,183.79,0.3183,241.91,0.4591,1.3773,236.91,248.51,240.33,417.93,422.18,416.83,418.91,1.3773,0.0,0.0,0.3172,0.0,0.0,0.074,0.074,0,0,0.3263,0.3263,0,0,0.974,0.9738,1,1,50.1,241.83,142.9,0,1,2025-09-30 11:58:24,19.6,76.4,,0,0,,1
2025-09-30 11:59:09,183.79,0.3202,242.57,0.4596,1.3789,238.35,247.45,241.91,418.27,423.39,418.71,420.08,1.3789,0.0,0.0,0.3191,0.0,0.0,0.0759,0.0759,0,0,0.3287,0.3287,0,0,0.973,0.9728,1,1,50.1,241.83,142.9,0,1,2025-09-30 11:59:09,19.5,78.3,,0,0,,1
2025-09-30 11:59:54,183.8,0.3183,243.01,0.4584,1.3752,238.41,248.54,242.09,419.42,424.79,418.48,420.79,1.3752,0.0,0.0,0.3183,0.0,0.0,0.0763,0.0763,0,0,0.3279,0.3279,0,0,0.9724,0.9724,1,1,50.1,241.84,142.9,0,1,2025-09-30 11:59:54,19.1,80.4,,0,0,,1
2025-09-30 12:00:39,183.8,0.3194,243.18,0.459,1.377,237.98,249.72,241.85,419.92,425.28,418.37,421.17,1.377,0.0,0.0,0.3182,0.0,0.0,0.0756,0.0756,0,0,0.3277,0.3277,0,0,0.9731,0.9729,1,1,50.1,241.84,142.9,0,1,2025-09-30 12:00:39,19.1,82,,0,0,,1
2025-09-30 12:01:24,183.8,0.317,241.99,0.4582,1.3746,237.44,247.73,240.82,418.26,421.93,417.2,419.26,1.3746,0.0,0.0,0.317,0.0,0.0,0.0753,0.0753,0,0,0.3264,0.3264,0,0,0.9729,0.9729,1,1,50.1,241.84,142.9,0,1,2025-09-30 12:01:24,19.5,83.5,,0,0,,1
2025-09-30 12:02:09,183.81,0.3163,242.02,0.4578,1.3734,237.13,248.47,240.46,417.93,422.93,416.65,419.21,1.3734,0.0,0.0,0.3163,0.0,0.0,0.0751,0.0751,0,0,0.3257,0.3257,0,0,0.9729,0.9729,1,1,50.1,241.85,142.9,0,1,2025-09-30 12:02:09,19.5,84.8,,0,0,,1
2025-09-30 12:02:54,183.81,0.3181,242.12,0.4577,1.3732,237.68,247.78,240.91,418.2,422.35,417.49,419.41,1.3732,0.0,0.0,0.3168,0.0,0.0,0.0762,0.0762,0,0,0.3264,0.3264,0,0,0.9724,0.9722,1,1,50,241.85,142.9,0,1,2025-09-30 12:02:54,19.6,85.9,,0,0,,1
2025-09-30 12:03:39,183.82,0.3216,242.94,0.4601,1.3804,239.39,248.08,241.37,419.55,424.23,418.56,420.82,1.3804,0.0,0.0,0.3203,0.0,0.0,0.0787,0.0787,0,0,0.3305,0.3305,0,0,0.9713,0.9711,1,1,50.1,241.86,142.91,0,1,2025-09-30 12:03:39,19.6,86.9,,0,0,,1
2025-09-30 12:04:24,183.82,0.3211,242.96,0.4594,1.3784,239.28,248.7,240.9,419.84,423.82,418.73,420.74,1.3784,0.0,0.0,0.3197,0.0,0.0,0.0784,0.0784,0,0,0.3298,0.3298,0,0,0.9714,0.9711,1,1,50,241.86,142.91,0,1,2025-09-30 12:04:24,19.6,87.6,,0,0,,1
2025-09-30 12:05:09,183.82,0.3209,243.06,0.4589,1.3769,239.53,248.27,241.4,419.93,424,419.03,420.94,1.3769,0.0,0.0,0.3195,0.0,0.0,0.0792,0.0792,0,0,0.3298,0.3298,0,0,0.9708,0.9706,1,1,50,241.86,142.91,0,1,2025-09-30 12:05:09,19.7,88.3,,0,0,,1
2025-09-30 12:05:54,183.83,0.3213,243.43,0.4597,1.3792,239.5,249.42,241.39,420.9,424.47,419.49,421.6,1.3792,0.0,0.0,0.3201,0.0,0.0,0.0791,0.0791,0,0,0.3303,0.3303,0,0,0.971,0.9708,1,1,50,241.87,142.91,0,1,2025-09-30 12:05:54,19.7,88.8,,0,0,,1
2025-09-30 12:06:39,183.83,0.3201,243.5,0.4581,1.3745,239.62,249.35,241.53,420.78,424.86,419.54,421.68,1.3745,0.0,0.0,0.3189,0.0,0.0,0.0795,0.0795,0,0,0.3294,0.3294,0,0,0.9705,0.9703,1,1,50,241.87,142.91,0,1,2025-09-30 12:06:39,19.7,89.3,,0,0,,1
2025-09-30 12:07:24,183.85,4.1916,242.06,8.0139,24.041700000000002,238.29,247.15,240.76,417.93,421.8,418.01,419.41,9.1376,7.7352,7.1689,1.7613,1.3189,1.1114,3.9759,1.2766,1.3801,1.3192,5.8151,2.1774,1.9118,1.726,0.7255,0.8096,0.6909,0.6443,50,241.9,142.93,1,1,2025-09-30 12:07:24,19.8,89.6,,1,0,,0
2025-09-30 12:08:09,183.9,4.298,241.53,8.0948,24.284599999999998,236.66,247.55,240.4,416.88,421.53,416.56,418.41,9.1749,7.8518,7.2579,1.7814,1.3789,1.1378,3.9255,1.238,1.3661,1.3214,5.8598,2.1713,1.9437,1.7448,0.7383,0.8211,0.7103,0.6524,50,241.97,142.98,1,1,2025-09-30 12:08:09,19.8,86.4,,1,0,,0
2025-09-30 12:08:54,183.96,4.2936,241.46,8.0815,24.2447,236.94,246.83,240.62,416.5,421.16,416.94,418.21,9.181,7.8082,7.2555,1.78,1.367,1.1467,3.9167,1.247,1.3548,1.3149,5.8485,2.1753,1.9273,1.7458,0.7387,0.819,0.7102,0.6572,50,242.05,143.02,1,1,2025-09-30 12:08:54,19.7,82.6,,1,0,,0
2025-09-30 12:09:39,184.01,4.2567,241.43,8.0403,24.121000000000002,236.84,246.86,240.61,416.62,421.54,416.32,418.18,9.1278,7.7775,7.2157,1.767,1.3573,1.1324,3.9105,1.2419,1.354,1.3145,5.818,2.1618,1.92,1.7362,0.7364,0.8181,0.7079,0.6526,50,242.12,143.07,1,1,2025-09-30 12:09:39,19.6,79,,1,0,,0
2025-09-30 12:10:24,184.02,0.3195,242.72,0.4591,1.3775,238.19,248.74,241.23,418.76,423.25,419.09,420.43,1.3775,0.0,0.0,0.3184,0.0,0.0,0.0764,0.0764,0,0,0.3281,0.3281,0,0,0.9725,0.9723,1,1,50,242.14,143.08,0,1,2025-09-30 12:10:24,19.0,78.3,,0,0,,1
2025-09-30 12:11:09,184.03,0.3182,242.73,0.4579,1.3739,237.83,249.25,241.13,419.29,424.46,417.49,420.48,1.3739,0.0,0.0,0.3171,0.0,0.0,0.0764,0.0764,0,0,0.3268,0.3268,0,0,0.9723,0.9721,1,1,50,242.14,143.08,0,1,2025-09-30 12:11:09,19.0,80,,0,0,,1
2025-09-30 12:11:54,184.03,0.3199,242.94,0.4586,1.376,239.06,248.47,241.3,419.67,423.84,418.8,420.98,1.376,0.0,0.0,0.3187,0.0,0.0,0.0785,0.0785,0,0,0.3289,0.3289,0,0,0.9712,0.971,1,1,50,242.14,143.09,0,1,2025-09-30 12:11:54,18.9,81.6,,0,0,,1
2025-09-30 12:12:39,184.04,0.3221,243.13,0.46,1.3802,240.12,247.38,241.9,419.38,423.62,420.27,421.14,1.3802,0.0,0.0,0.3209,0.0,0.0,0.0801,0.0801,0,0,0.3314,0.3314,0,0,0.9704,0.9702,1,1,50,242.15,143.09,0,1,2025-09-30 12:12:39,19.0,83.1,,0,0,,1
2025-09-30 12:13:24,184.04,0.3216,243.17,0.4597,1.3793,239.75,248.01,241.75,420.23,423.92,419.35,421.24,1.3793,0.0,0.0,0.3203,0.0,0.0,0.0795,0.0795,0,0,0.3307,0.3307,0,0,0.9707,0.9705,1,1,50,242.15,143.09,0,1,2025-09-30 12:13:24,19.0,84.4,,0,0,,1
2025-09-30 12:14:09,184.04,0.3216,243.19,0.4593,1.3781,240.14,247.57,241.88,419.78,423.77,420.07,421.55,1.3781,0.0,0.0,0.3205,0.0,0.0,0.0797,0.0797,0,0,0.3309,0.3309,0,0,0.9706,0.9704,1,1,50.1,242.16,143.09,0,1,2025-09-30 12:14:09,19.0,85.5,,0,0,,1
2025-09-30 12:14:54,184.05,0.3222,242.99,0.4595,1.3787,240.4,246.27,242.31,419.03,423.32,420.23,420.95,1.3787,0.0,0.0,0.321,0.0,0.0,0.0799,0.0799,0,0,0.3314,0.3314,0,0,0.9706,0.9703,1,1,50.1,242.16,143.09,0,1,2025-09-30 12:14:54,19.1,86.4,,0,0,,1
2025-09-30 12:15:39,184.05,0.322,243.05,0.4598,1.3796,240.07,247.07,242.01,419.72,423.94,419.23,421.08,1.3796,0.0,0.0,0.3208,0.0,0.0,0.0795,0.0795,0,0,0.3312,0.3312,0,0,0.9708,0.9706,1,1,50.1,242.17,143.09,0,1,2025-09-30 12:15:39,19.5,87.2,,0,0,,1
2025-09-30 12:16:24,184.06,0.3204,243.2,0.4589,1.3768,240.35,247.03,242.23,419.99,423.51,420.17,421.22,1.3768,0.0,0.0,0.3204,0.0,0.0,0.0799,0.0799,0,0,0.3309,0.3309,0,0,0.9702,0.9705,1,1,50.1,242.17,143.09,0,1,2025-09-30 12:16:24,19.6,87.9,,0,0,,1
2025-09-30 12:17:09,184.06,0.3213,243.38,0.4591,1.3773,239.83,248.71,241.61,420.01,425.11,419.47,421.5,1.3773,0.0,0.0,0.3201,0.0,0.0,0.0788,0.0788,0,0,0.3303,0.3303,0,0,0.9711,0.9709,1,1,50.1,242.17,143.09,0,1,2025-09-30 12:17:09,19.6,88.4,,0,0,,1
2025-09-30 12:17:54,184.06,0.3174,242.59,0.4579,1.3739,238.1,248.48,241.2,418.82,423.03,418.6,420.18,1.3739,0.0,0.0,0.3174,0.0,0.0,0.0766,0.0766,0,0,0.3271,0.3271,0,0,0.972,0.9722,1,1,50.1,242.18,143.09,0,1,2025-09-30 12:17:54,19.6,88.9,,0,0,,1
2025-09-30 12:18:39,184.07,0.3177,242.64,0.4577,1.3732,238.21,248.51,241.2,419.1,423.24,418.38,420.26,1.3732,0.0,0.0,0.3177,0.0,0.0,0.0768,0.0768,0,0,0.3271,0.3271,0,0,0.9719,0.972,1,1,50,242.18,143.09,0,1,2025-09-30 12:18:39,19.7,89.4,,0,0,,1
2025-09-30 12:19:24,184.07,0.3176,242.78,0.4582,1.3748,238.23,248.83,241.3,418.81,424,418.66,420.49,1.3748,0.0,0.0,0.3176,0.0,0.0,0.0767,0.0767,0,0,0.3275,0.3275,0,0,0.972,0.9718,1,1,50,242.19,143.1,0,1,2025-09-30 12:19:24,19.7,89.8,,0,0,,1
2025-09-30 12:20:09,184.08,0.3173,242.58,0.4576,1.373,238.01,248.62,241.12,418.56,423.78,418.08,420.11,1.373,0.0,0.0,0.3173,0.0,0.0,0.0764,0.0764,0,0,0.3268,0.3268,0,0,0.9722,0.9722,1,1,50,242.19,143.1,0,1,2025-09-30 12:20:09,19.7,90.1,,0,0,,1
2025-09-30 12:20:54,184.09,4.2117,242.48,8.0393,24.1179,238.3,248.11,241.03,418.46,423.54,417.9,419.94,9.142,7.8135,7.1624,1.77,1.3385,1.1032,3.992,1.2669,1.3985,1.3266,5.8435,2.1785,1.9386,1.7264,0.7257,0.8131,0.6914,0.6393,50,242.21,143.11,1,1,2025-09-30 12:20:54,19.8,90.4,,1,0,,0
2025-09-30 12:21:39,184.15,4.6923,242.26,8.5116,25.534999999999997,238.24,247.79,240.77,418.13,423.19,417.47,419.58,9.6608,8.264,7.6102,1.925,1.5024,1.2649,3.9704,1.2584,1.3878,1.3242,6.1816,2.3016,2.0477,1.8323,0.7633,0.837,0.7345,0.6907,50,242.28,143.16,1,1,2025-09-30 12:21:39,19.8,87.7,,1,0,,0
2025-09-30 12:22:24,184.2,4.6427,242.13,8.4412,25.3238,238.68,246.68,241.05,417.58,422.01,418.51,419.14,9.6466,8.1097,7.5675,1.9118,1.4599,1.2709,3.9505,1.2797,1.3637,1.3071,6.1271,2.3025,2.0005,1.8241,0.7616,0.831,0.7307,0.6971,50.1,242.36,143.21,1,1,2025-09-30 12:22:24,19.7,83.5,,1,0,,0
2025-09-30 12:23:09,184.26,4.5233,242.38,8.314,24.9422,238.54,247.71,240.89,418.13,423.16,418.07,419.82,9.4732,8.0289,7.4401,1.8706,1.4342,1.2186,3.9516,1.2645,1.3742,1.313,6.0408,2.2597,1.9888,1.7922,0.753,0.8284,0.722,0.6802,50.1,242.44,143.26,1,1,2025-09-30 12:23:09,19.6,80.3,,1,0,,0
2025-09-30 12:23:54,184.29,0.3202,244.29,0.4594,1.3784,238.46,247.83,246.6,421.11,426.3,421.96,423.02,1.3784,0.0,0.0,0.319,0.0,0.0,0.0764,0.0764,0,0,0.3287,0.3287,0,0,0.9726,0.9724,1,1,50.1,242.47,143.28,0,1,2025-09-30 12:23:54,19.1,78.7,,0,0,,1
2025-09-30 12:24:39,184.29,0.3184,244.03,0.4582,1.3746,237.85,247.9,246.35,420.4,426.37,421.25,422.64,1.3746,0.0,0.0,0.3173,0.0,0.0,0.0764,0.0764,0,0,0.3269,0.3269,0,0,0.9723,0.9721,1,1,50,242.47,143.28,0,1,2025-09-30 12:24:39,19.0,80.1,,0,0,,1
2025-09-30 12:25:24,184.29,0.3171,243.2,0.458,1.3742,237.75,245.64,246.23,418.53,423.75,421.41,421.31,1.3742,0.0,0.0,0.3171,0.0,0.0,0.0763,0.0763,0,0,0.3267,0.3267,0,0,0.9722,0.9722,1,1,50,242.48,143.28,0,1,2025-09-30 12:25:24,18.9,81.9,,0,0,,1
2025-09-30 12:26:09,184.3,0.3172,243.9,0.4571,1.3715,237.47,247.99,246.26,420.58,425.68,421.08,422.41,1.3715,0.0,0.0,0.3161,0.0,0.0,0.0758,0.0758,0,0,0.3257,0.3257,0,0,0.9725,0.9724,1,1,50,242.48,143.28,0,1,2025-09-30 12:26:09,19.0,83.4,,0,0,,1
2025-09-30 12:26:54,184.3,0.318,243.71,0.4576,1.3728,237.99,247.91,245.24,420.2,424.98,421.14,422.14,1.3728,0.0,0.0,0.3169,0.0,0.0,0.0771,0.0771,0,0,0.3267,0.3267,0,0,0.9718,0.9716,1,1,50,242.49,143.28,0,1,2025-09-30 12:26:54,19.0,84.7,,0,0,,1
2025-09-30 12:27:39,184.31,0.3151,242.87,0.4572,1.3718,236.42,247.38,244.81,418.48,423.69,419.75,420.67,1.3718,0.0,0.0,0.3151,0.0,0.0,0.0742,0.0742,0,0,0.3243,0.3243,0,0,0.9733,0.9733,1,1,50,242.49,143.28,0,1,2025-09-30 12:27:39,19.0,85.7,,0,0,,1
2025-09-30 12:28:24,184.31,0.3146,242.92,0.4567,1.3703,236.3,246.44,246.03,417.65,423.71,420.83,420.72,1.3703,0.0,0.0,0.3146,0.0,0.0,0.0744,0.0744,0,0,0.3238,0.3238,0,0,0.9731,0.9731,1,1,50,242.49,143.28,0,1,2025-09-30 12:28:24,19.1,86.6,,0,0,,1
2025-09-30 12:29:09,184.31,0.313,242.76,0.4558,1.3675,235.55,247.15,245.58,418.4,423.24,419.67,420.53,1.3675,0.0,0.0,0.313,0.0,0.0,0.0737,0.0737,0,0,0.3221,0.3221,0,0,0.9733,0.9733,1,1,50,242.5,143.28,0,1,2025-09-30 12:29:09,19.5,87.3,,0,0,,1
2025-09-30 12:29:54,184.32,0.3188,242.02,0.4588,1.3766,237.89,241.75,246.42,415.51,420.6,421.43,419.98,1.3766,0.0,0.0,0.3177,0.0,0.0,0.0771,0.0771,0,0,0.3275,0.3275,0,0,0.9719,0.9717,1,1,49.9,242.5,143.28,0,1,2025-09-30 12:29:54,19.5,87.9,,0,0,,1
2025-09-30 12:30:39,184.32,0.3175,243.85,0.457,1.3712,238.07,246.3,247.19,420.04,425.77,421.27,422.37,1.3712,0.0,0.0,0.3164,0.0,0.0,0.078,0.078,0,0,0.3264,0.3264,0,0,0.9711,0.9709,1,1,49.9,242.51,143.28,0,1,2025-09-30 12:30:39,19.6,88.4,,0,0,,1
2025-09-30 12:31:24,184.33,0.3205,243.93,0.4599,1.3797,240.12,241.23,250.44,419.39,425.06,423,422.51,1.3797,0.0,0.0,0.3206,0.0,0.0,0.0806,0.0806,0,0,0.3313,0.3313,0,0,0.9697,0.9697,1,1,49.9,242.51,143.29,0,1,2025-09-30 12:31:24,19.6,88.9,,0,0,,1
2025-09-30 12:32:09,184.33,0.3197,244.01,0.4589,1.3769,240.17,241.33,250.55,419.81,425.06,423.01,422.65,1.3769,0.0,0.0,0.3199,0.0,0.0,0.0812,0.0812,0,0,0.3307,0.3307,0,0,0.9692,0.9692,1,1,49.9,242.51,143.29,0,1,2025-09-30 12:32:09,19.6,89.3,,0,0,,1
2025-09-30 12:32:54,184.33,0.3195,243.83,0.4587,1.3761,239.89,241.13,250.49,419.13,424.96,422.88,422.35,1.3761,0.0,0.0,0.3194,0.0,0.0,0.0805,0.0805,0,0,0.3301,0.3301,0,0,0.9696,0.9696,1,1,49.9,242.52,143.29,0,1,2025-09-30 12:32:54,19.7,89.7,,0,0,,1
2025-09-30 12:33:39,184.34,0.319,243.56,0.4586,1.3758,239.52,241.09,250.07,418.92,424.56,422.04,421.77,1.3758,0.0,0.0,0.319,0.0,0.0,0.0799,0.0799,0,0,0.3295,0.3295,0,0,0.97,0.97,1,1,49.9,242.52,143.29,0,1,2025-09-30 12:33:39,19.7,90,,0,0,,1
2025-09-30 12:34:24,184.34,0.3219,243.28,0.46,1.3802,240.13,239.5,250.23,417.8,423.73,422.58,422.1,1.3802,0.0,0.0,0.3209,0.0,0.0,0.0802,0.0802,0,0,0.3314,0.3314,0,0,0.9703,0.9701,1,1,49.9,242.53,143.29,0,1,2025-09-30 12:34:24,19.8,90.4,,0,0,,1
2025-09-30 12:35:09,184.35,4.2208,242.47,8.1562,24.4688,238.22,239.51,249.68,416.12,422.68,421.08,419.94,9.8435,7.3531,7.2722,1.8049,1.2246,1.1913,4.1244,1.4939,1.2614,1.3691,5.9218,2.3449,1.7611,1.8157,0.7152,0.7703,0.6965,0.6564,49.9,242.53,143.29,1,1,2025-09-30 12:35:09,19.8,90.7,,1,0,,0
2025-09-30 12:35:54,184.4,4.4276,242.28,8.235,24.705199999999998,238.16,239.46,249.22,416.34,421.93,420.6,419.33,9.3802,7.7025,7.6225,1.7589,1.3497,1.319,3.9924,1.3737,1.253,1.3658,5.9781,2.234,1.8444,1.8997,0.7426,0.7881,0.7328,0.6946,49.9,242.61,143.34,1,1,2025-09-30 12:35:54,19.8,88.6,,1,0,,0
2025-09-30 12:36:45,184.48,4.3212,242.37,8.1191,24.357300000000002,237.96,240.01,249.14,416.71,422.58,420.05,419.73,9.2592,7.5971,7.501,1.7261,1.3181,1.277,3.983,1.3653,1.2551,1.3625,5.8955,2.2033,1.8234,1.8688,0.7352,0.7842,0.7242,0.6838,49.9,242.72,143.41,1,1,2025-09-30 12:36:45,19.7,82.7,,1,0,,0
2025-09-30 12:37:30,184.53,0.3214,242.87,0.4632,1.3898,238.11,240.94,249.56,417.86,423.06,421.01,420.96,1.3898,0.0,0.0,0.3214,0.0,0.0,0.0762,0.0762,0,0,0.3309,0.3309,0,0,0.973,0.973,1,1,49.9,242.79,143.46,0,1,2025-09-30 12:37:30,19.5,79.7,,0,0,,1
2025-09-30 12:38:15,184.54,0.3154,243.06,0.4579,1.3739,237.62,242.39,249.17,417.93,424.25,420.77,421.01,1.3739,0.0,0.0,0.3167,0.0,0.0,0.0768,0.0768,0,0,0.3265,0.3265,0,0,0.9716,0.9718,1,1,49.9,242.79,143.47,0,1,2025-09-30 12:38:15,19.0,79.4,,0,0,,1
2025-09-30 12:39:00,184.54,0.3176,243.01,0.4578,1.3734,237.52,242.51,249.01,418.01,424.49,420.21,420.92,1.3734,0.0,0.0,0.3165,0.0,0.0,0.0766,0.0766,0,0,0.3262,0.3262,0,0,0.9721,0.9719,1,1,49.9,242.8,143.47,0,1,2025-09-30 12:39:00,19.0,81.1,,0,0,,1
2025-09-30 12:39:45,184.55,0.3172,242.93,0.4581,1.3743,238.06,241.4,249.35,417.57,422.53,422.18,420.77,1.3743,0.0,0.0,0.3172,0.0,0.0,0.0778,0.0778,0,0,0.3272,0.3272,0,0,0.9712,0.9712,1,1,49.9,242.8,143.47,0,1,2025-09-30 12:39:45,18.9,82.7,,0,0,,1
2025-09-30 12:40:30,184.55,0.3189,243.74,0.4585,1.3757,239.43,241.81,249.98,419.06,424.33,423.09,422.1,1.3757,0.0,0.0,0.3189,0.0,0.0,0.0799,0.0799,0,0,0.3294,0.3294,0,0,0.9699,0.9699,1,1,49.9,242.81,143.47,0,1,2025-09-30 12:40:30,19.0,84.1,,0,0,,1
2025-09-30 12:41:15,184.55,0.3209,243.73,0.4592,1.3778,239.81,241.39,250.01,419.05,424.64,422.76,422.23,1.3778,0.0,0.0,0.3198,0.0,0.0,0.0804,0.0804,0,0,0.3304,0.3304,0,0,0.97,0.9698,1,1,49.9,242.81,143.47,0,1,2025-09-30 12:41:15,19.0,85.4,,0,0,,1
2025-09-30 12:42:00,184.56,0.3196,243.89,0.4592,1.3776,240.04,241.38,250.25,419.69,426.28,421.24,422.37,1.3776,0.0,0.0,0.32,0.0,0.0,0.0808,0.0808,0,0,0.3307,0.3307,0,0,0.9694,0.9695,1,1,49.9,242.81,143.47,0,1,2025-09-30 12:42:00,19.0,86.3,,0,0,,1
2025-09-30 12:42:45,184.56,0.3198,243.84,0.4589,1.3768,240.02,241.8,249.72,419.71,424.62,422.69,422.43,1.3768,0.0,0.0,0.3197,0.0,0.0,0.0807,0.0807,0,0,0.3305,0.3305,0,0,0.9696,0.9695,1,1,49.9,242.82,143.47,0,1,2025-09-30 12:42:45,19.1,87.2,,0,0,,1
2025-09-30 12:43:52,184.57,0.32,244.1,0.4586,1.3758,239.45,243.28,249.57,420.15,425.23,422.96,422.74,1.3758,0.0,0.0,0.3189,0.0,0.0,0.0798,0.0798,0,0,0.3294,0.3294,0,0,0.9703,0.9701,1,1,49.9,242.83,143.47,0,1,2025-09-30 12:43:52,19.5,88.4,,0,0,,1
2025-09-30 12:44:37,184.57,0.319,244.07,0.4586,1.376,239.46,243.12,249.64,420.14,425.44,422.63,422.87,1.376,0.0,0.0,0.319,0.0,0.0,0.0799,0.0799,0,0,0.3295,0.3295,0,0,0.97,0.97,1,1,49.9,242.83,143.47,0,1,2025-09-30 12:44:37,19.6,89,,0,0,,1
2025-09-30 12:45:22,184.58,0.3187,244.25,0.4582,1.3746,239.59,243.36,249.81,420.46,425.63,423.05,423.05,1.3746,0.0,0.0,0.3188,0.0,0.0,0.08,0.08,0,0,0.3293,0.3293,0,0,0.9698,0.9699,1,1,49.9,242.83,143.48,0,1,2025-09-30 12:45:22,19.6,89.4,,0,0,,1
2025-09-30 12:46:07,184.58,0.317,243.99,0.458,1.3742,239.3,243.19,249.49,419.97,425.92,421.9,422.64,1.3742,0.0,0.0,0.3184,0.0,0.0,0.0795,0.0795,0,0,0.3288,0.3288,0,0,0.9699,0.9702,1,1,49.9,242.84,143.48,0,1,2025-09-30 12:46:07,19.7,89.9,,0,0,,1
2025-09-30 12:46:52,184.59,0.3199,244.07,0.4593,1.3781,239.8,242.5,249.91,420.4,424.8,422.97,422.79,1.3781,0.0,0.0,0.32,0.0,0.0,0.08,0.08,0,0,0.3305,0.3305,0,0,0.9701,0.9701,1,1,50,242.84,143.48,0,1,2025-09-30 12:46:52,19.7,90.2,,0,0,,1
2025-09-30 12:47:37,184.59,0.317,243.63,0.4583,1.3749,238.67,242.41,249.81,419.22,424.41,422.26,422,1.3749,0.0,0.0,0.3182,0.0,0.0,0.0778,0.0778,0,0,0.3281,0.3281,0,0,0.9712,0.9714,1,1,50,242.85,143.48,0,1,2025-09-30 12:47:37,19.7,90.5,,0,0,,1
2025-09-30 12:48:22,184.6,4.1763,242.77,8.0016,24.005,237.02,242.39,248.91,417.53,423.99,419.94,420.45,9.0779,7.5478,7.3793,1.6758,1.2975,1.2031,4.019,1.3463,1.2858,1.3869,5.8179,2.1516,1.8295,1.8368,0.7205,0.7795,0.7102,0.6552,50,242.86,143.48,1,1,2025-09-30 12:48:22,19.8,90.8,,1,0,,0
2025-09-30 12:49:07,184.66,4.5562,242.64,8.3564,25.0692,237.35,241.34,249.23,416.78,423.18,420.8,420.18,9.4818,7.8079,7.7795,1.7908,1.4058,1.3596,3.9903,1.3593,1.2503,1.3807,6.0737,2.2505,1.8844,1.9389,0.7522,0.7965,0.7472,0.7016,50,242.93,143.54,1,1,2025-09-30 12:49:07,19.7,88.4,,1,0,,0
2025-09-30 12:50:58,184.79,0.3202,244.99,0.4604,1.3814,240.23,244.21,250.54,422,426.84,424.14,424.34,1.3814,0.0,0.0,0.3214,0.0,0.0,0.0797,0.0797,0,0,0.3319,0.3319,0,0,0.9703,0.9705,1,1,50,243.11,143.65,0,1,2025-09-30 12:50:58,19.1,79.4,,0,0,,1
2025-09-30 12:51:43,184.79,0.3219,245.05,0.4605,1.3816,240.77,244.68,249.71,421.86,427.86,423.6,424.43,1.3816,0.0,0.0,0.322,0.0,0.0,0.0806,0.0806,0,0,0.3326,0.3326,0,0,0.97,0.97,1,1,50,243.12,143.65,0,1,2025-09-30 12:51:43,19.0,80.5,,0,0,,1
2025-09-30 12:52:28,184.8,0.3219,245.27,0.4607,1.3822,240.95,244.89,249.97,422.53,427.74,424.17,424.73,1.3822,0.0,0.0,0.3223,0.0,0.0,0.0808,0.0808,0,0,0.333,0.333,0,0,0.9699,0.9699,1,1,50,243.12,143.65,0,1,2025-09-30 12:52:28,18.9,81.9,,0,0,,1
2025-09-30 12:53:13,184.8,0.323,245.2,0.4611,1.3835,240.91,244.87,249.84,422.72,427.14,424.24,424.65,1.3835,0.0,0.0,0.3227,0.0,0.0,0.0805,0.0805,0,0,0.3333,0.3333,0,0,0.9703,0.9702,1,1,50,243.12,143.65,0,1,2025-09-30 12:53:13,18.9,83.4,,0,0,,1
2025-09-30 12:53:58,184.8,0.3217,245.07,0.4609,1.3829,240.19,244.46,250.58,422.24,427.37,423.8,424.44,1.3829,0.0,0.0,0.3219,0.0,0.0,0.0794,0.0794,0,0,0.3322,0.3322,0,0,0.9708,0.9708,1,1,50,243.13,143.65,0,1,2025-09-30 12:53:58,19.0,84.8,,0,0,,1
2025-09-30 12:54:43,184.81,0.3211,245.08,0.4605,1.3815,240.18,244.44,250.63,422.18,427.37,423.9,424.5,1.3815,0.0,0.0,0.3215,0.0,0.0,0.0793,0.0793,0,0,0.3318,0.3318,0,0,0.9708,0.9708,1,1,50,243.13,143.66,0,1,2025-09-30 12:54:43,19.0,85.7,,0,0,,1
2025-09-30 12:55:28,184.81,0.3208,245.02,0.46,1.3801,240.1,244.42,250.56,421.98,427.48,423.71,424.4,1.3801,0.0,0.0,0.321,0.0,0.0,0.0792,0.0792,0,0,0.3314,0.3314,0,0,0.9708,0.9708,1,1,50,243.14,143.66,0,1,2025-09-30 12:55:28,19.0,86.7,,0,0,,1
2025-09-30 12:56:13,184.82,0.3226,245.03,0.4605,1.3817,240.17,244.34,250.6,422.15,426.88,424.17,424.21,1.3817,0.0,0.0,0.3215,0.0,0.0,0.0794,0.0794,0,0,0.3318,0.3318,0,0,0.971,0.9708,1,1,50,243.14,143.66,0,1,2025-09-30 12:56:13,19.1,87.3,,0,0,,1
2025-09-30 12:56:58,184.82,0.3199,245.21,0.4599,1.3799,240.26,244.65,250.74,422.32,427.83,424,424.68,1.3799,0.0,0.0,0.3212,0.0,0.0,0.0795,0.0795,0,0,0.3315,0.3315,0,0,0.9704,0.9706,1,1,50.1,243.14,143.66,0,1,2025-09-30 12:56:58,19.5,88,,0,0,,1
2025-09-30 12:58:07,184.83,0.3186,244.76,0.4594,1.3783,239.04,244.48,250.78,421.73,426.56,423.48,423.93,1.3783,0.0,0.0,0.3196,0.0,0.0,0.0773,0.0773,0,0,0.3295,0.3295,0,0,0.9718,0.972,1,1,50.1,243.15,143.66,0,1,2025-09-30 12:58:08,19.6,88.9,,0,0,,1
2025-09-30 12:58:52,184.83,0.3194,244.85,0.4602,1.3806,239.67,243.66,251.22,421.47,426.62,424.13,424.02,1.3806,0.0,0.0,0.3208,0.0,0.0,0.0783,0.0783,0,0,0.3309,0.3309,0,0,0.9712,0.9714,1,1,50.1,243.16,143.66,0,1,2025-09-30 12:58:52,19.6,89.4,,0,0,,1
2025-09-30 12:59:37,184.84,0.3177,244.37,0.4585,1.3755,238.97,243.71,250.44,420.64,426.29,422.82,423.26,1.3755,0.0,0.0,0.3188,0.0,0.0,0.0772,0.0772,0,0,0.3287,0.3287,0,0,0.9717,0.9719,1,1,50.1,243.16,143.66,0,1,2025-09-30 12:59:37,19.6,89.8,,0,0,,1
2025-09-30 13:00:22,184.84,0.3232,244.86,0.4607,1.3821,240.62,243.51,250.45,422.08,426.19,423.99,424.06,1.3821,0.0,0.0,0.3221,0.0,0.0,0.0798,0.0798,0,0,0.3326,0.3326,0,0,0.9708,0.9706,1,1,50.1,243.16,143.66,0,1,2025-09-30 13:00:22,19.7,90.3,,0,0,,1
2025-09-30 13:01:07,184.84,0.3201,245.58,0.459,1.3771,238.6,249.19,248.96,423.44,429.42,423.22,425.48,1.3771,0.0,0.0,0.3189,0.0,0.0,0.0766,0.0766,0,0,0.3286,0.3286,0,0,0.9725,0.9723,1,1,50.1,243.17,143.66,0,1,2025-09-30 13:01:07,19.7,90.5,,0,0,,1
2025-09-30 13:01:52,184.85,0.3178,244.51,0.4575,1.3725,237.68,248.68,247.18,421.6,427.41,421.5,423.45,1.3725,0.0,0.0,0.3167,0.0,0.0,0.0758,0.0758,0,0,0.3262,0.3262,0,0,0.9726,0.9725,1,1,50,243.17,143.67,0,1,2025-09-30 13:01:52,19.7,90.9,,0,0,,1
2025-09-30 13:02:37,184.88,4.4879,243.42,8.3402,25.0208,236.27,247.56,246.43,419.56,425.11,420.13,421.59,9.3773,8.0483,7.5952,1.7979,1.4524,1.2375,4.0423,1.2867,1.3556,1.4,6.0797,2.2156,1.9924,1.8717,0.743,0.8137,0.7319,0.6631,50,243.22,143.69,1,1,2025-09-30 13:02:37,19.8,90.6,,1,0,,0
2025-09-30 13:03:22,184.93,4.5317,243.3,8.3601,25.080299999999998,236.01,247.59,246.3,419.42,425.28,419.49,421.42,9.3607,8.0964,7.6232,1.8052,1.4781,1.2484,4.0212,1.2703,1.3498,1.4011,6.0914,2.2092,2.0046,1.8776,0.7479,0.8178,0.7384,0.6652,50,243.29,143.74,1,1,2025-09-30 13:03:22,19.7,87,,1,0,,0
2025-09-30 13:04:07,184.99,4.4273,243.03,8.2401,24.7203,235.78,247.31,246.02,419.13,424.76,418.93,421.02,9.2514,7.9635,7.5054,1.7738,1.4386,1.2149,3.9961,1.2661,1.3408,1.3891,5.9972,2.1813,1.9695,1.8465,0.7423,0.8139,0.7315,0.6583,50,243.37,143.79,1,1,2025-09-30 13:04:07,19.6,83.1,,1,0,,0
2025-09-30 13:04:52,185.04,0.3209,243.92,0.4622,1.3867,237.12,248.09,246.57,420.87,425.63,420.93,422.37,1.3867,0.0,0.0,0.3198,0.0,0.0,0.0742,0.0742,0,0,0.3288,0.3288,0,0,0.9742,0.9741,1,1,50,243.44,143.84,0,1,2025-09-30 13:04:52,19.5,79.8,,0,0,,1
2025-09-30 13:05:37,185.05,0.3171,243.95,0.4576,1.373,237.12,248.13,246.62,420.52,426.52,420.58,422.5,1.373,0.0,0.0,0.3161,0.0,0.0,0.0754,0.0754,0,0,0.3256,0.3256,0,0,0.9728,0.9726,1,1,50,243.44,143.84,0,1,2025-09-30 13:05:37,19.0,79.8,,0,0,,1
2025-09-30 13:06:22,185.05,0.3177,243.73,0.4576,1.373,237.65,246.76,246.78,419.81,425.35,421.27,422,1.373,0.0,0.0,0.3166,0.0,0.0,0.0765,0.0765,0,0,0.3263,0.3263,0,0,0.9721,0.972,1,1,50,243.45,143.84,0,1,2025-09-30 13:06:22,18.9,81.5,,0,0,,1
2025-09-30 13:07:07,185.06,0.3171,244.15,0.4571,1.3714,237.28,248.4,246.78,421.04,427.11,420.5,422.9,1.3714,0.0,0.0,0.3159,0.0,0.0,0.0758,0.0758,0,0,0.3254,0.3254,0,0,0.9725,0.9723,1,1,50,243.45,143.84,0,1,2025-09-30 13:07:07,18.9,83.1,,0,0,,1
2025-09-30 13:07:52,185.06,0.3152,243.39,0.4568,1.3705,235.76,248.02,246.39,419.34,425.54,419.77,421.49,1.3705,0.0,0.0,0.3141,0.0,0.0,0.0737,0.0737,0,0,0.3231,0.3231,0,0,0.9737,0.9735,1,1,50,243.46,143.84,0,1,2025-09-30 13:07:52,19.0,84.5,,0,0,,1
2025-09-30 13:08:37,185.06,0.3132,243.02,0.4559,1.3679,235.65,247.4,246.02,419.01,424.4,419.32,420.91,1.3679,0.0,0.0,0.3132,0.0,0.0,0.0741,0.0741,0,0,0.3223,0.3223,0,0,0.9731,0.9731,1,1,50,243.46,143.85,0,1,2025-09-30 13:08:37,19.0,85.7,,0,0,,1
2025-09-30 13:09:22,185.07,0.3145,243.22,0.4561,1.3683,235.87,247.43,246.38,419.64,424.49,419.65,421.24,1.3683,0.0,0.0,0.3135,0.0,0.0,0.0745,0.0745,0,0,0.3227,0.3227,0,0,0.973,0.9728,1,1,50,243.46,143.85,0,1,2025-09-30 13:09:22,19.0,86.6,,0,0,,1
2025-09-30 13:10:07,185.07,0.3138,243.18,0.4553,1.366,235.58,247.77,246.21,419.03,425.39,419.19,421.11,1.366,0.0,0.0,0.3126,0.0,0.0,0.0742,0.0742,0,0,0.3218,0.3218,0,0,0.9731,0.9729,1,1,49.9,243.47,143.85,0,1,2025-09-30 13:10:07,19.1,87.6,,0,0,,1
2025-09-30 13:10:52,185.07,0.3155,243.81,0.4572,1.3718,237.07,247.88,246.49,420.68,425.72,420.46,422.43,1.3718,0.0,0.0,0.3155,0.0,0.0,0.0763,0.0763,0,0,0.3252,0.3252,0,0,0.9719,0.9719,1,1,49.9,243.47,143.85,0,1,2025-09-30 13:10:52,19.5,88.4,,0,0,,1
2025-09-30 13:11:37,185.08,0.3156,244.02,0.4571,1.3713,237.31,248.08,246.67,420.73,426.27,420.94,422.54,1.3713,0.0,0.0,0.3156,0.0,0.0,0.0769,0.0769,0,0,0.3254,0.3254,0,0,0.9716,0.9716,1,1,49.9,243.48,143.85,0,1,2025-09-30 13:11:37,19.5,89.1,,0,0,,1
2025-09-30 13:12:22,185.08,0.3161,243.88,0.4566,1.37,237.17,248,246.49,420.69,425.67,420.87,422.47,1.37,0.0,0.0,0.3151,0.0,0.0,0.0767,0.0767,0,0,0.3249,0.3249,0,0,0.9717,0.9716,1,1,49.9,243.48,143.85,0,1,2025-09-30 13:12:22,19.6,89.6,,0,0,,1
2025-09-30 13:13:07,185.09,0.3165,243.44,0.457,1.3712,237.1,246.81,246.42,420.22,424.52,420.18,421.74,1.3712,0.0,0.0,0.3155,0.0,0.0,0.0763,0.0763,0,0,0.3251,0.3251,0,0,0.9721,0.9719,1,1,49.9,243.48,143.85,0,1,2025-09-30 13:13:07,19.6,90.1,,0,0,,1
2025-09-30 13:13:52,185.09,0.3159,243.36,0.4565,1.3695,236.96,246.81,246.31,419.98,424.93,419.61,421.5,1.3695,0.0,0.0,0.3149,0.0,0.0,0.0763,0.0763,0,0,0.3245,0.3245,0,0,0.972,0.9718,1,1,49.9,243.49,143.85,0,1,2025-09-30 13:13:52,19.7,90.6,,0,0,,1
2025-09-30 13:14:37,185.09,0.3171,243.57,0.4573,1.3721,237.4,246.82,246.5,420.34,425.41,419.88,421.87,1.3721,0.0,0.0,0.3161,0.0,0.0,0.0764,0.0764,0,0,0.3257,0.3257,0,0,0.9721,0.972,1,1,50,243.49,143.85,0,1,2025-09-30 13:14:37,19.7,91,,0,0,,1
2025-09-30 13:15:22,185.1,0.3162,243.44,0.4564,1.3692,237.17,246.69,246.46,419.79,424.42,420.69,421.71,1.3692,0.0,0.0,0.315,0.0,0.0,0.0764,0.0764,0,0,0.3247,0.3247,0,0,0.972,0.9718,1,1,50,243.5,143.85,0,1,2025-09-30 13:15:22,19.7,91.2,,0,0,,1
2025-09-30 13:16:07,185.15,4.5609,242.69,8.3772,25.1318,235.55,246.78,245.74,418.38,423.57,419.05,420.35,9.4156,8.0768,7.6394,1.8162,1.4785,1.2662,3.9867,1.2696,1.3324,1.3847,6.0883,2.2178,1.9932,1.8773,0.7529,0.8195,0.7428,0.6748,50,243.56,143.9,1,1,2025-09-30 13:16:07,19.8,89.9,,1,0,,0
2025-09-30 13:16:52,185.2,4.5668,242.64,8.3668,25.100500000000004,236.07,246.28,245.58,417.88,424.15,418.77,420.21,9.3872,8.0557,7.6576,1.8148,1.4766,1.2753,3.9707,1.2686,1.3212,1.3809,6.0805,2.216,1.984,1.8806,0.7546,0.8196,0.7452,0.6784,50,243.63,143.95,1,1,2025-09-30 13:16:52,19.7,85.9,,1,0,,0
2025-09-30 13:17:37,185.26,4.4913,242.73,8.2834,24.8504,235.56,246.82,245.81,418.3,424.13,418.79,420.4,9.3076,7.9775,7.5653,1.7908,1.4554,1.2451,3.9636,1.2617,1.322,1.3799,6.0211,2.1925,1.969,1.8596,0.7497,0.8174,0.7402,0.6699,50,243.71,144,1,1,2025-09-30 13:17:37,19.6,82.3,,1,0,,0
2025-09-30 13:18:22,185.3,0.3169,243.14,0.459,1.3772,235.5,247.69,246.24,418.95,424.87,419.53,421.18,1.3772,0.0,0.0,0.3158,0.0,0.0,0.0719,0.0719,0,0,0.3243,0.3243,0,0,0.9752,0.975,1,1,50.1,243.77,144.03,0,1,2025-09-30 13:18:22,19.1,79.5,,0,0,,1
2025-09-30 13:19:07,185.31,0.3154,242.9,0.4579,1.3739,235.92,246.5,246.3,418.81,423.68,419.62,420.57,1.3739,0.0,0.0,0.3154,0.0,0.0,0.0728,0.0728,0,0,0.3241,0.3241,0,0,0.9743,0.9743,1,1,50.1,243.77,144.03,0,1,2025-09-30 13:19:07,19.0,80.6,,0,0,,1
2025-09-30 13:19:52,185.31,0.3151,243.19,0.4568,1.3706,235.67,247.56,246.35,419.55,424.32,419.72,421.34,1.3706,0.0,0.0,0.3141,0.0,0.0,0.073,0.073,0,0,0.323,0.323,0,0,0.9742,0.974,1,1,50.1,243.78,144.03,0,1,2025-09-30 13:19:52,18.9,82.4,,0,0,,1
2025-09-30 13:20:37,185.31,0.3147,243.23,0.456,1.3681,235.74,247.63,246.34,419.08,424.43,420.3,421.36,1.3681,0.0,0.0,0.3135,0.0,0.0,0.0736,0.0736,0,0,0.3225,0.3225,0,0,0.9737,0.9735,1,1,50.1,243.78,144.03,0,1,2025-09-30 13:20:37,19.0,84.1,,0,0,,1
2025-09-30 13:21:22,185.32,0.3188,244.84,0.4584,1.3753,238.07,248.95,247.5,422.56,426.98,422.62,423.91,1.3753,0.0,0.0,0.3177,0.0,0.0,0.0767,0.0767,0,0,0.3274,0.3274,0,0,0.9722,0.972,1,1,50.1,243.78,144.04,0,1,2025-09-30 13:21:22,19.0,85.4,,0,0,,1
2025-09-30 13:22:07,185.32,0.3177,244.69,0.4572,1.3716,237.97,248.7,247.42,421.93,427.48,422.05,423.8,1.3716,0.0,0.0,0.3166,0.0,0.0,0.0769,0.0769,0,0,0.3264,0.3264,0,0,0.9719,0.9717,1,1,50.1,243.79,144.04,0,1,2025-09-30 13:22:07,19.0,86.6,,0,0,,1
2025-09-30 13:22:52,185.33,0.3177,244.81,0.4585,1.3757,237.95,249.22,247.26,422.64,427.03,422.34,424.03,1.3757,0.0,0.0,0.3177,0.0,0.0,0.0766,0.0766,0,0,0.3273,0.3273,0,0,0.9721,0.9721,1,1,50.1,243.79,144.04,0,1,2025-09-30 13:22:52,19.1,87.6,,0,0,,1
2025-09-30 13:23:37,185.33,0.3186,244.88,0.4592,1.3776,238.39,249.04,247.23,422.56,427.61,422.27,424.23,1.3776,0.0,0.0,0.3186,0.0,0.0,0.077,0.077,0,0,0.3284,0.3284,0,0,0.972,0.972,1,1,50.1,243.8,144.04,0,1,2025-09-30 13:23:37,19.5,88.4,,0,0,,1
2025-09-30 13:24:22,185.33,0.3188,244.94,0.4581,1.3743,238.32,249.12,247.39,422.66,427.03,423.01,424.23,1.3743,0.0,0.0,0.3177,0.0,0.0,0.0771,0.0771,0,0,0.3275,0.3275,0,0,0.9719,0.9717,1,1,50.1,243.8,144.04,0,1,2025-09-30 13:24:22,19.5,89,,0,0,,1
2025-09-30 13:25:07,185.34,0.3184,244.85,0.4585,1.3755,238.71,249.4,246.46,422.81,426.85,422.59,424.09,1.3755,0.0,0.0,0.3184,0.0,0.0,0.0776,0.0776,0,0,0.3283,0.3283,0,0,0.9715,0.9713,1,1,50.1,243.8,144.04,0,1,2025-09-30 13:25:07,19.6,89.6,,0,0,,1
2025-09-30 13:25:52,185.34,0.3168,244.57,0.4573,1.3719,238.15,249.2,246.36,421.76,426.97,422.05,423.68,1.3719,0.0,0.0,0.3168,0.0,0.0,0.0775,0.0775,0,0,0.3267,0.3267,0,0,0.9713,0.9714,1,1,50,243.81,144.04,0,1,2025-09-30 13:25:52,19.6,90.1,,0,0,,1
2025-09-30 13:26:37,185.34,0.318,244.71,0.4585,1.3756,238.33,249.33,246.47,422.15,427.17,422.18,423.79,1.3756,0.0,0.0,0.318,0.0,0.0,0.0774,0.0774,0,0,0.3278,0.3278,0,0,0.9716,0.9716,1,1,50,243.81,144.04,0,1,2025-09-30 13:26:37,19.7,90.5,,0,0,,1
2025-09-30 13:27:22,185.35,0.3163,244.43,0.4576,1.373,237.61,248.67,247.02,421.71,426.32,422.01,423.25,1.373,0.0,0.0,0.3163,0.0,0.0,0.0765,0.0765,0,0,0.3262,0.3262,0,0,0.972,0.9723,1,1,50,243.82,144.04,0,1,2025-09-30 13:27:22,19.7,90.8,,0,0,,1
2025-09-30 13:28:07,185.35,0.3136,243.44,0.4562,1.3687,235.78,248.12,246.44,419.72,425.45,419.77,421.68,1.3687,0.0,0.0,0.3136,0.0,0.0,0.0738,0.0738,0,0,0.3227,0.3227,0,0,0.9733,0.9733,1,1,50,243.82,144.04,0,1,2025-09-30 13:28:07,19.7,91.2,,0,0,,1
2025-09-30 13:28:52,185.39,4.2787,242.36,8.0734,24.2202,234.58,246.92,245.59,417.76,423.74,417.81,419.59,9.085,7.7568,7.3784,1.7182,1.3857,1.1748,3.9541,1.2576,1.318,1.3785,5.8585,2.1312,1.9153,1.8121,0.7344,0.8069,0.7245,0.6486,50,243.87,144.08,1,1,2025-09-30 13:28:52,19.8,90.9,,1,0,,0
2025-09-30 13:29:37,185.44,4.1722,242.42,7.9622,23.886599999999998,234.53,247.05,245.69,417.65,423.91,418.06,419.93,8.9673,7.6386,7.2807,1.683,1.3487,1.1404,3.9507,1.258,1.3157,1.3769,5.779,2.1031,1.8871,1.7888,0.7261,0.8009,0.7158,0.6378,50,243.94,144.13,1,1,2025-09-30 13:29:37,19.7,87.8,,1,0,,0
2025-09-30 13:30:22,185.49,3.9704,241.98,7.7314,23.1943,235.73,244.17,246.06,416.37,421.47,419.48,418.72,8.7748,7.3273,7.0922,1.6196,1.2461,1.1047,3.9146,1.284,1.2802,1.3504,5.6027,2.0685,1.7891,1.7451,0.712,0.7836,0.6974,0.6331,50,244.01,144.17,1,1,2025-09-30 13:30:22,19.7,85.4,,1,0,,0
2025-09-30 13:31:07,185.54,3.8348,242.78,7.627,22.881099999999996,237,245.01,246.33,417.78,423.27,420.43,421.1,8.6726,7.2366,6.9719,1.5878,1.1954,1.0516,3.9631,1.3018,1.3052,1.3561,5.5458,2.0554,1.773,1.7174,0.6953,0.7733,0.6754,0.6128,50,244.08,144.22,1,1,2025-09-30 13:31:07,19.6,83.9,,1,0,,0
2025-09-30 13:31:52,185.59,3.804,242.77,7.6001,22.8005,237.03,244.76,246.54,418.01,423.11,420.35,421.03,8.6414,7.198,6.9611,1.574,1.183,1.0469,3.9677,1.3074,1.3014,1.3589,5.5262,2.0483,1.7618,1.7162,0.692,0.7692,0.6726,0.6103,50,244.15,144.28,1,1,2025-09-30 13:31:52,19.5,82.8,,1,0,,0
2025-09-30 13:32:37,185.63,3.6706,242.96,7.4753,22.426000000000002,237.08,245.21,246.61,418.27,423.46,420.72,420.76,8.5112,7.0849,6.8299,1.5349,1.1384,0.9974,3.9713,1.3066,1.3083,1.3563,5.4394,2.0178,1.7373,1.6843,0.6787,0.7614,0.6564,0.5924,50.1,244.22,144.32,1,1,2025-09-30 13:32:37,19.1,82.2,,1,0,,0
2025-09-30 13:34:07,185.73,3.5421,243.13,7.3704,22.111400000000003,236.5,246.63,246.28,419.22,424.96,419.18,420.88,8.3613,7.03,6.7201,1.4947,1.1111,0.9363,3.9805,1.2909,1.3265,1.3632,5.3663,1.9774,1.7338,1.655,0.6647,0.7568,0.6421,0.5661,50,244.36,144.42,1,1,2025-09-30 13:34:07,19.0,81.8,,1,0,,0
2025-09-30 13:34:52,185.76,0.5177,244.04,0.7493,2.2481,237.29,247.96,246.87,421.15,425.96,420.92,422.7,2.2481,0.0,0.0,0.5165,0.0,0.0,0.1316,0.1316,0,0,0.5335,0.5335,0,0,0.9691,0.969,1,1,50.1,244.4,144.46,0,1,2025-09-30 13:34:52,19.0,82,,0,0,,1
2025-09-30 13:35:37,185.76,0.5217,243.51,0.7514,2.2544,238.56,244.34,247.65,419.17,423.74,422.4,422.34,2.2544,0.0,0.0,0.5204,0.0,0.0,0.1341,0.1341,0,0,0.5378,0.5378,0,0,0.9685,0.9683,1,1,50,244.41,144.46,0,1,2025-09-30 13:35:37,19.0,82.6,,0,0,,1
2025-09-30 13:36:22,185.77,0.5185,243.77,0.7488,2.2466,237.89,246.02,247.4,419.97,425.06,421.6,422.07,2.2466,0.0,0.0,0.5172,0.0,0.0,0.1329,0.1329,0,0,0.5344,0.5344,0,0,0.9686,0.9685,1,1,50,244.42,144.46,0,1,2025-09-30 13:36:22,19.0,83.9,,0,0,,1
2025-09-30 13:37:07,185.78,0.5168,243.9,0.7492,2.2476,236.88,248.19,246.64,420.7,426.74,419.92,422.44,2.2476,0.0,0.0,0.5156,0.0,0.0,0.1311,0.1311,0,0,0.5324,0.5324,0,0,0.9693,0.9691,1,1,50,244.42,144.46,0,1,2025-09-30 13:37:07,19.0,85.1,,0,0,,1
2025-09-30 13:37:52,185.78,0.5179,243.53,0.7494,2.2484,237.35,246.26,246.99,419.53,425.29,420.6,421.78,2.2484,0.0,0.0,0.5167,0.0,0.0,0.1319,0.1319,0,0,0.5337,0.5337,0,0,0.969,0.9689,1,1,50,244.43,144.46,0,1,2025-09-30 13:37:52,19.1,86.1,,0,0,,1
2025-09-30 13:38:37,185.79,0.5183,242.64,0.7514,2.2543,236.58,244.46,246.89,417.12,422.87,420.77,420.94,2.2543,0.0,0.0,0.517,0.0,0.0,0.1294,0.1294,0,0,0.5333,0.5333,0,0,0.9701,0.97,1,1,50,244.44,144.46,0,1,2025-09-30 13:38:37,19.5,87,,0,0,,1
2025-09-30 13:39:22,185.8,0.5144,243.06,0.7486,2.2459,235.69,246.8,246.71,418.37,424.16,420.4,420.95,2.2459,0.0,0.0,0.5132,0.0,0.0,0.1283,0.1283,0,0,0.5293,0.5293,0,0,0.9702,0.9701,1,1,50,244.44,144.47,0,1,2025-09-30 13:39:22,19.5,87.7,,0,0,,1
2025-09-30 13:40:15,185.8,0.5142,242.9,0.7474,2.2422,236.15,245.16,247.39,417.96,423.97,420.18,420.69,2.2422,0.0,0.0,0.5132,0.0,0.0,0.1289,0.1289,0,0,0.5295,0.5295,0,0,0.9699,0.9698,1,1,50.1,244.45,144.47,0,1,2025-09-30 13:40:15,19.6,88.8,,0,0,,1
2025-09-30 13:41:00,185.81,0.5163,243.72,0.7478,2.2435,237.12,246.59,247.47,420.04,424.95,421.39,422.02,2.2435,0.0,0.0,0.5152,0.0,0.0,0.131,0.131,0,0,0.532,0.532,0,0,0.9692,0.9691,1,1,50,244.46,144.47,0,1,2025-09-30 13:41:00,19.6,89.1,,0,0,,1
2025-09-30 13:41:45,185.82,0.517,243.71,0.7486,2.246,236.99,246.75,247.41,420.07,425.13,421.13,422.13,2.246,0.0,0.0,0.5156,0.0,0.0,0.1304,0.1304,0,0,0.5323,0.5323,0,0,0.9696,0.9694,1,1,50,244.47,144.47,0,1,2025-09-30 13:41:45,19.7,89.6,,0,0,,1
2025-09-30 13:42:30,185.82,0.5159,244.02,0.7484,2.2452,236.59,248.34,247.14,420.49,426.27,421.17,422.54,2.2452,0.0,0.0,0.5147,0.0,0.0,0.1296,0.1296,0,0,0.5312,0.5312,0,0,0.9698,0.9697,1,1,50.1,244.47,144.47,0,1,2025-09-30 13:42:30,19.7,90.1,,0,0,,1
2025-09-30 13:43:15,185.83,0.515,243.88,0.7475,2.2427,236.36,248.28,247.01,420.81,425.51,420.86,422.35,2.2427,0.0,0.0,0.5137,0.0,0.0,0.1291,0.1291,0,0,0.5301,0.5301,0,0,0.9699,0.9698,1,1,50.1,244.48,144.47,0,1,2025-09-30 13:43:15,19.7,90.3,,0,0,,1
2025-09-30 13:44:00,185.84,0.5154,243.92,0.7477,2.2431,236.42,248.29,247.05,420.42,426.37,420.62,422.58,2.2431,0.0,0.0,0.5139,0.0,0.0,0.1293,0.1293,0,0,0.5303,0.5303,0,0,0.9699,0.9697,1,1,50.1,244.48,144.48,0,1,2025-09-30 13:44:00,19.8,90.7,,0,0,,1
2025-09-30 13:44:45,185.84,0.516,243.79,0.7481,2.2443,236.64,247.41,247.32,419.54,426.16,421.05,422.45,2.2443,0.0,0.0,0.5145,0.0,0.0,0.1299,0.1299,0,0,0.5311,0.5311,0,0,0.9697,0.9695,1,1,50.1,244.49,144.48,0,1,2025-09-30 13:44:45,19.8,90.9,,0,0,,1
2025-09-30 13:45:30,185.85,0.5162,244,0.749,2.2471,237.14,247.48,247.38,420.51,425.86,421.44,422.62,2.2471,0.0,0.0,0.5162,0.0,0.0,0.1305,0.1305,0,0,0.5329,0.5329,0,0,0.9694,0.9694,1,1,50.1,244.5,144.48,0,1,2025-09-30 13:45:30,19.8,91.2,,0,0,,1
2025-09-30 13:46:15,185.86,0.5181,244.03,0.7493,2.2481,237.13,247.58,247.38,420.62,426.01,421.35,422.59,2.2481,0.0,0.0,0.5165,0.0,0.0,0.13,0.13,0,0,0.5331,0.5331,0,0,0.9699,0.9697,1,1,50.1,244.5,144.48,0,1,2025-09-30 13:46:15,19.9,91.5,,0,0,,1
2025-09-30 13:47:22,185.87,0.5161,244.22,0.7476,2.2429,236.92,248.61,247.15,421.28,426.32,421.38,423.01,2.2429,0.0,0.0,0.5148,0.0,0.0,0.13,0.13,0,0,0.5314,0.5314,0,0,0.9697,0.9695,1,1,50.1,244.52,144.48,0,1,2025-09-30 13:47:22,20.3,91.8,,0,0,,1
2025-09-30 13:48:07,185.87,0.5167,244.42,0.7477,2.2432,237.11,248.77,247.39,421.73,426.66,421.61,423.32,2.2432,0.0,0.0,0.5152,0.0,0.0,0.1302,0.1302,0,0,0.5319,0.5319,0,0,0.9696,0.9695,1,1,50.1,244.52,144.49,0,1,2025-09-30 13:48:07,20.3,91.9,,0,0,,1
2025-09-30 13:48:52,185.88,0.5176,244.14,0.7484,2.2452,237.33,247.7,247.4,420.65,426,421.89,422.78,2.2452,0.0,0.0,0.5163,0.0,0.0,0.1302,0.1302,0,0,0.5329,0.5329,0,0,0.9698,0.9696,1,1,50.1,244.53,144.49,0,1,2025-09-30 13:48:52,20.4,92.2,,0,0,,1
2025-09-30 13:49:37,185.89,0.5124,243.6,0.7462,2.2386,235.36,248.36,247.09,419.24,426.21,420.3,421.75,2.2386,0.0,0.0,0.5111,0.0,0.0,0.1263,0.1263,0,0,0.5269,0.5269,0,0,0.9709,0.9707,1,1,50.1,244.54,144.49,0,1,2025-09-30 13:49:37,20.4,92.2,,0,0,,1
2025-09-30 13:50:22,185.89,0.5155,244.21,0.7486,2.2458,235.98,248.71,247.95,420.8,426.3,421.77,423.07,2.2458,0.0,0.0,0.514,0.0,0.0,0.1276,0.1276,0,0,0.53,0.53,0,0,0.9707,0.9705,1,1,50.1,244.54,144.49,0,1,2025-09-30 13:50:22,20.4,92.4,,0,0,,1
2025-09-30 13:51:07,185.9,0.5142,244.15,0.748,2.244,235.66,248.87,247.92,420.78,427.3,420.52,422.91,2.244,0.0,0.0,0.513,0.0,0.0,0.1267,0.1267,0,0,0.5288,0.5288,0,0,0.9709,0.9708,1,1,50.1,244.55,144.49,0,1,2025-09-30 13:51:07,20.4,92.5,,0,0,,1
2025-09-30 13:51:52,185.91,0.5154,244.22,0.7488,2.2464,235.93,248.62,248.13,420.4,426.35,422.18,422.98,2.2464,0.0,0.0,0.5141,0.0,0.0,0.1272,0.1272,0,0,0.53,0.53,0,0,0.9708,0.9707,1,1,50.1,244.56,144.49,0,1,2025-09-30 13:51:52,20.4,92.6,,0,0,,1
2025-09-30 13:52:37,185.91,0.517,244.36,0.7488,2.2464,236.84,248.78,247.48,421.3,426.94,421.48,423.31,2.2464,0.0,0.0,0.5157,0.0,0.0,0.1292,0.1292,0,0,0.532,0.532,0,0,0.9701,0.97,1,1,50.1,244.56,144.49,0,1,2025-09-30 13:52:37,20.5,92.7,,0,0,,1
2025-09-30 13:53:22,185.92,0.519,244.21,0.7486,2.246,237.93,246.82,247.9,420.58,426.02,422.34,423.06,2.246,0.0,0.0,0.5175,0.0,0.0,0.1314,0.1314,0,0,0.5344,0.5344,0,0,0.9694,0.9692,1,1,50.1,244.57,144.5,0,1,2025-09-30 13:53:22,20.5,92.8,,0,0,,1
2025-09-30 13:54:28,185.93,0.5186,244.05,0.7493,2.248,237.5,246.94,247.71,420.32,426.43,421.36,422.69,2.248,0.0,0.0,0.5173,0.0,0.0,0.1303,0.1303,0,0,0.5339,0.5339,0,0,0.9698,0.9697,1,1,50.1,244.58,144.5,0,1,2025-09-30 13:54:28,20.5,92.9,,0,0,,1
2025-09-30 13:55:13,185.94,0.5199,243.89,0.75,2.2501,237.92,245.98,247.79,420.2,425.14,421.94,422.55,2.2501,0.0,0.0,0.5186,0.0,0.0,0.1309,0.1309,0,0,0.5353,0.5353,0,0,0.9697,0.9695,1,1,50.1,244.59,144.5,0,1,2025-09-30 13:55:13,20.5,93,,0,0,,1
2025-09-30 13:55:58,185.94,0.5179,243.97,0.748,2.2441,237.48,246.8,247.64,420.12,425.09,422.44,422.49,2.2441,0.0,0.0,0.5164,0.0,0.0,0.1299,0.1299,0,0,0.5329,0.5329,0,0,0.9699,0.9697,1,1,50.1,244.6,144.5,0,1,2025-09-30 13:55:58,20.6,93,,0,0,,1
2025-09-30 13:56:43,185.95,0.5176,244.49,0.7487,2.2461,237.12,248.69,247.67,421.04,427.18,422.16,423.42,2.2461,0.0,0.0,0.5163,0.0,0.0,0.129,0.129,0,0,0.5326,0.5326,0,0,0.9703,0.9701,1,1,50.1,244.6,144.5,0,1,2025-09-30 13:56:43,20.6,93.1,,0,0,,1
2025-09-30 13:57:28,185.96,0.519,244.76,0.7495,2.2486,237.51,248.93,247.86,421.85,427.46,422.48,423.92,2.2486,0.0,0.0,0.5177,0.0,0.0,0.1294,0.1294,0,0,0.5341,0.5341,0,0,0.9703,0.9701,1,1,50.1,244.61,144.51,0,1,2025-09-30 13:57:28,20.6,93.1,,0,0,,1
2025-09-30 13:58:13,185.96,0.5218,245.15,0.7502,2.2508,238.72,247.61,249.12,422.53,428.01,423.28,424.47,2.2508,0.0,0.0,0.5204,0.0,0.0,0.1317,0.1317,0,0,0.5373,0.5373,0,0,0.9695,0.9694,1,1,50.2,244.62,144.51,0,1,2025-09-30 13:58:13,20.6,93.2,,0,0,,1
2025-09-30 13:58:58,185.97,0.5228,245.05,0.7509,2.2528,238.9,246.89,249.36,422.32,427.75,423.22,424.42,2.2528,0.0,0.0,0.5214,0.0,0.0,0.1315,0.1315,0,0,0.5382,0.5382,0,0,0.9697,0.9696,1,1,50.2,244.62,144.51,0,1,2025-09-30 13:58:58,20.6,93.2,,0,0,,1
2025-09-30 13:59:43,185.98,0.5188,244.48,0.7492,2.2476,237.45,246.83,249.17,420.72,427.09,422.53,423.41,2.2476,0.0,0.0,0.5175,0.0,0.0,0.1288,0.1288,0,0,0.5337,0.5337,0,0,0.9705,0.9703,1,1,50.2,244.63,144.51,0,1,2025-09-30 13:59:43,20.6,93.2,,0,0,,1
2025-09-30 14:00:28,185.98,0.5169,243.86,0.7482,2.2448,236.77,246.9,247.91,419.77,425.94,421.38,422.44,2.2448,0.0,0.0,0.5157,0.0,0.0,0.1271,0.1271,0,0,0.5315,0.5315,0,0,0.971,0.9709,1,1,50.2,244.64,144.51,0,1,2025-09-30 14:00:28,20.6,93.2,,0,0,,1
2025-09-30 14:01:35,185.99,0.5143,243.98,0.7469,2.2409,235.94,248.55,247.46,420.32,426.19,421.19,422.63,2.2409,0.0,0.0,0.5131,0.0,0.0,0.126,0.126,0,0,0.5287,0.5287,0,0,0.9712,0.9711,1,1,50.2,244.65,144.52,0,1,2025-09-30 14:01:35,21.1,93.3,,0,0,,1
2025-09-30 14:02:20,186,0.5179,244.74,0.7482,2.2448,237.33,249.17,247.74,421.82,427.31,422.55,423.93,2.2448,0.0,0.0,0.5165,0.0,0.0,0.1289,0.1289,0,0,0.5328,0.5328,0,0,0.9704,0.9702,1,1,50.1,244.65,144.52,0,1,2025-09-30 14:02:20,21.1,93.3,,0,0,,1
2025-09-30 14:03:05,186.01,0.5181,244.65,0.7489,2.2468,237.2,249.06,247.7,421.88,427.21,422.1,423.71,2.2468,0.0,0.0,0.5167,0.0,0.0,0.1288,0.1288,0,0,0.5329,0.5329,0,0,0.9704,0.9703,1,1,50.1,244.66,144.52,0,1,2025-09-30 14:03:05,21.1,93.2,,0,0,,1
2025-09-30 14:03:50,186.01,0.5177,244.58,0.7485,2.2455,237.19,249.02,247.53,421.63,427.28,421.92,423.61,2.2455,0.0,0.0,0.5163,0.0,0.0,0.1288,0.1288,0,0,0.5326,0.5326,0,0,0.9704,0.9702,1,1,50.1,244.67,144.52,0,1,2025-09-30 14:03:50,21.1,93.2,,0,0,,1
2025-09-30 14:04:35,186.02,0.5171,244.37,0.7483,2.245,236.97,248.81,247.34,422.37,425.42,421.89,423.31,2.245,0.0,0.0,0.5157,0.0,0.0,0.1289,0.1289,0,0,0.532,0.532,0,0,0.9703,0.9701,1,1,50.1,244.67,144.52,0,1,2025-09-30 14:04:35,21.1,93.3,,0,0,,1
2025-09-30 14:05:20,186.03,0.5165,244.25,0.748,2.244,236.84,248.82,247.09,421.3,426.07,421.7,423.05,2.244,0.0,0.0,0.5152,0.0,0.0,0.1288,0.1288,0,0,0.5315,0.5315,0,0,0.9702,0.9701,1,1,50.1,244.68,144.52,0,1,2025-09-30 14:05:20,21.1,93.2,,0,0,,1
2025-09-30 14:06:05,186.03,0.5198,244.52,0.749,2.247,238.39,247.81,247.38,421.81,426.08,422.64,423.51,2.247,0.0,0.0,0.5187,0.0,0.0,0.1321,0.1321,0,0,0.5357,0.5357,0,0,0.9692,0.969,1,1,50.1,244.69,144.53,0,1,2025-09-30 14:06:05,21.1,93.2,,0,0,,1
2025-09-30 14:06:50,186.04,0.5201,244.41,0.7491,2.2473,238.46,247.47,247.32,421.46,426.33,422.2,423.33,2.2473,0.0,0.0,0.5189,0.0,0.0,0.132,0.132,0,0,0.5359,0.5359,0,0,0.9692,0.9691,1,1,50.1,244.69,144.53,0,1,2025-09-30 14:06:50,21.1,93.2,,0,0,,1
2025-09-30 14:07:35,186.05,0.5182,244.8,0.7484,2.2454,237.48,248.96,247.97,422.28,427.74,421.99,423.98,2.2454,0.0,0.0,0.5167,0.0,0.0,0.1301,0.1301,0,0,0.5332,0.5332,0,0,0.9698,0.9697,1,1,50.1,244.7,144.53,0,1,2025-09-30 14:07:35,21.2,93.2,,0,0,,1
2025-09-30 14:08:20,186.05,0.5153,243.98,0.747,2.2411,236.62,248.43,246.89,421.04,425.59,421.04,422.47,2.2411,0.0,0.0,0.5141,0.0,0.0,0.1284,0.1284,0,0,0.5303,0.5303,0,0,0.9703,0.9702,1,1,50.1,244.71,144.53,0,1,2025-09-30 14:08:20,21.2,93.1,,0,0,,1
2025-09-30 14:09:05,186.06,0.5159,243.59,0.7461,2.2384,237.24,246.32,247.22,419.64,424.16,421.87,422.02,2.2384,0.0,0.0,0.5144,0.0,0.0,0.13,0.13,0,0,0.531,0.531,0,0,0.9697,0.9695,1,1,50,244.71,144.53,0,1,2025-09-30 14:09:05,21.2,93.1,,0,0,,1
2025-09-30 14:09:50,186.07,0.5125,243.01,0.7456,2.237,235.56,246.64,246.85,418.71,424.43,419.56,420.87,2.237,0.0,0.0,0.5109,0.0,0.0,0.1274,0.1274,0,0,0.5269,0.5269,0,0,0.9704,0.9703,1,1,50,244.72,144.53,0,1,2025-09-30 14:09:50,21.2,93,,0,0,,1
2025-09-30 14:10:35,186.07,0.5114,242.85,0.745,2.235,235.37,246.51,246.69,418.17,424.68,419.04,420.63,2.235,0.0,0.0,0.51,0.0,0.0,0.1272,0.1272,0,0,0.5261,0.5261,0,0,0.9704,0.9702,1,1,50,244.73,144.53,0,1,2025-09-30 14:10:35,21.2,93.1,,0,0,,1
2025-09-30 14:11:20,186.08,0.5119,242.97,0.7454,2.2364,235.6,246.52,246.81,418.91,423.82,419.73,420.87,2.2364,0.0,0.0,0.5107,0.0,0.0,0.1279,0.1279,0,0,0.5269,0.5269,0,0,0.9701,0.97,1,1,50,244.73,144.54,0,1,2025-09-30 14:11:20,21.2,93.1,,0,0,,1
2025-09-30 14:12:05,186.08,0.5144,244.04,0.7459,2.2377,236.64,248.62,246.86,421.32,425.07,421.56,422.65,2.2377,0.0,0.0,0.5129,0.0,0.0,0.13,0.13,0,0,0.5295,0.5295,0,0,0.9695,0.9693,1,1,50,244.74,144.54,0,1,2025-09-30 14:12:05,21.2,93,,0,0,,1
2025-09-30 14:12:50,186.09,0.5149,244,0.7468,2.2406,236.55,248.57,246.88,420.98,425.61,421.18,422.65,2.2406,0.0,0.0,0.5135,0.0,0.0,0.1296,0.1296,0,0,0.53,0.53,0,0,0.9697,0.9695,1,1,50,244.75,144.54,0,1,2025-09-30 14:12:50,21.2,93,,0,0,,1
2025-09-30 14:13:35,186.1,0.515,244.52,0.7463,2.2389,237.07,248.84,247.67,421.61,426.96,421.96,423.46,2.2389,0.0,0.0,0.5139,0.0,0.0,0.1309,0.1309,0,0,0.5308,0.5308,0,0,0.9691,0.969,1,1,50,244.75,144.54,0,1,2025-09-30 14:13:35,21.3,92.9,,0,0,,1
2025-09-30 14:14:20,186.1,0.5157,244.86,0.7466,2.2399,237.19,249.41,247.99,422.21,428.05,422.05,424.04,2.2399,0.0,0.0,0.5144,0.0,0.0,0.1311,0.1311,0,0,0.5313,0.5313,0,0,0.9691,0.969,1,1,50,244.76,144.54,0,1,2025-09-30 14:14:20,21.3,92.8,,0,0,,1
2025-09-30 14:15:05,186.11,0.5168,244.75,0.7474,2.2422,237.19,249.25,247.81,422.43,427.06,422.19,423.92,2.2422,0.0,0.0,0.5152,0.0,0.0,0.1304,0.1304,0,0,0.5318,0.5318,0,0,0.9696,0.9694,1,1,50,244.77,144.54,0,1,2025-09-30 14:15:05,21.3,92.8,,0,0,,1
2025-09-30 14:15:50,186.12,0.5146,243.99,0.746,2.238,236.69,248.49,246.81,420.79,425.96,421.03,422.53,2.238,0.0,0.0,0.5132,0.0,0.0,0.1294,0.1294,0,0,0.5297,0.5297,0,0,0.9698,0.9696,1,1,50,244.77,144.55,0,1,2025-09-30 14:15:50,21.3,92.7,,0,0,,1
2025-09-30 14:16:35,186.12,0.5149,244.06,0.7464,2.2393,236.63,248.66,246.9,421.22,426.18,420.73,422.67,2.2393,0.0,0.0,0.5134,0.0,0.0,0.1292,0.1292,0,0,0.5299,0.5299,0,0,0.9699,0.9697,1,1,50,244.78,144.55,0,1,2025-09-30 14:16:35,21.3,92.8,,0,0,,1
2025-09-30 14:17:20,186.13,0.5148,243.86,0.7464,2.2392,236.77,248.11,246.72,420.53,425.9,420.69,422.43,2.2392,0.0,0.0,0.5136,0.0,0.0,0.1295,0.1295,0,0,0.5302,0.5302,0,0,0.9697,0.9696,1,1,50,244.79,144.55,0,1,2025-09-30 14:17:20,21.3,92.6,,0,0,,1
2025-09-30 14:18:05,186.14,0.5157,243.87,0.7462,2.2386,237.08,247.42,247.12,420.85,425.33,420.96,422.34,2.2386,0.0,0.0,0.5142,0.0,0.0,0.1297,0.1297,0,0,0.5307,0.5307,0,0,0.9698,0.9696,1,1,50,244.79,144.55,0,1,2025-09-30 14:18:05,21.3,92.6,,0,0,,1
2025-09-30 14:18:50,186.14,0.5107,242.86,0.7447,2.2343,234.94,247.11,246.53,418.62,424.12,419.13,420.62,2.2343,0.0,0.0,0.5092,0.0,0.0,0.126,0.126,0,0,0.5249,0.5249,0,0,0.9708,0.9707,1,1,50,244.8,144.55,0,1,2025-09-30 14:18:50,21.3,92.6,,0,0,,1
2025-09-30 14:19:35,186.15,0.5093,242.9,0.7441,2.2325,234.64,247.93,246.14,419.02,424.36,418.7,420.57,2.2325,0.0,0.0,0.5082,0.0,0.0,0.1256,0.1256,0,0,0.5238,0.5238,0,0,0.9709,0.9707,1,1,50,244.81,144.55,0,1,2025-09-30 14:19:35,21.3,92.5,,0,0,,1
2025-09-30 14:20:20,186.15,0.5085,242.79,0.7448,2.2346,234.56,247.73,246.1,418.15,424.66,418.74,420.57,2.2346,0.0,0.0,0.5085,0.0,0.0,0.1256,0.1256,0,0,0.5241,0.5241,0,0,0.9708,0.9708,1,1,50,244.81,144.56,0,1,2025-09-30 14:20:20,21.3,92.5,,0,0,,1
2025-09-30 14:21:05,186.16,0.5098,243.34,0.7439,2.2319,234.94,248.17,246.91,419.28,425.04,420.02,421.45,2.2319,0.0,0.0,0.5085,0.0,0.0,0.1266,0.1266,0,0,0.5244,0.5244,0,0,0.9705,0.9703,1,1,50,244.82,144.56,0,1,2025-09-30 14:21:05,21.4,92.4,,0,0,,1
2025-09-30 14:22:35,186.26,4.4974,242.86,8.34,25.02,235.14,247.14,246.31,418.49,424.68,418.75,420.64,9.3384,8.0703,7.6113,1.7898,1.4675,1.2401,4.02,1.2689,1.3463,1.4048,6.0651,2.1958,1.9945,1.8747,0.7455,0.8157,0.7368,0.6618,50,244.96,144.65,1,1,2025-09-30 14:22:35,21.3,86.5,,1,0,,0
2025-09-30 14:24:05,186.37,4.4589,242.16,8.2755,24.8265,235.1,245.66,245.74,416.95,422.79,418.54,419.44,9.2895,7.9733,7.5637,1.7764,1.4419,1.2406,3.9712,1.2672,1.3213,1.3827,6.0014,2.184,1.9587,1.8587,0.7467,0.814,0.7372,0.6678,50,245.11,144.75,1,1,2025-09-30 14:24:05,20.5,79.6,,1,0,,0
2025-09-30 14:25:35,186.48,4.3972,242.31,8.2157,24.6471,234.73,246.59,245.62,417.54,423.27,418.23,419.65,9.2149,7.938,7.4942,1.7576,1.4311,1.2085,3.9752,1.2572,1.3311,1.387,5.9612,2.163,1.9574,1.8407,0.7417,0.8133,0.7322,0.6569,50,245.26,144.85,1,1,2025-09-30 14:25:35,19.8,75.3,,1,0,,0
2025-09-30 14:26:20,186.51,0.3144,243.54,0.4565,1.3696,236.37,247.79,246.48,419.58,426.14,419.78,421.82,1.3696,0.0,0.0,0.3144,0.0,0.0,0.0746,0.0746,0,0,0.3237,0.3237,0,0,0.973,0.973,1,1,50,245.29,144.87,0,1,2025-09-30 14:26:20,19.7,74.4,,0,0,,1
2025-09-30 14:27:05,186.51,0.3133,243.47,0.4552,1.3657,236.28,247.69,246.45,419.89,425.08,420.09,421.58,1.3657,0.0,0.0,0.3133,0.0,0.0,0.0749,0.0749,0,0,0.3227,0.3227,0,0,0.9725,0.9725,1,1,50,245.3,144.87,0,1,2025-09-30 14:27:05,19.5,76.7,,0,0,,1
2025-09-30 14:27:50,186.52,0.3142,243.5,0.4558,1.3676,236.73,247.1,246.67,419.4,425.27,420.56,421.74,1.3676,0.0,0.0,0.3142,0.0,0.0,0.0756,0.0756,0,0,0.3238,0.3238,0,0,0.9722,0.9722,1,1,50,245.3,144.87,0,1,2025-09-30 14:27:50,19.5,79,,0,0,,1
2025-09-30 14:28:35,186.52,0.316,244.3,0.456,1.3681,237.06,248.36,247.49,421.48,426.65,421.26,422.95,1.3681,0.0,0.0,0.3147,0.0,0.0,0.076,0.076,0,0,0.3243,0.3243,0,0,0.9722,0.972,1,1,50,245.3,144.87,0,1,2025-09-30 14:28:35,19.5,81,,0,0,,1
2025-09-30 14:29:20,186.52,0.3163,244.3,0.4569,1.3707,237.02,248.42,247.48,421.56,426.25,421.58,423.12,1.3707,0.0,0.0,0.3153,0.0,0.0,0.076,0.076,0,0,0.3249,0.3249,0,0,0.9723,0.9721,1,1,50,245.31,144.87,0,1,2025-09-30 14:29:20,19.6,82.7,,0,0,,1
2025-09-30 14:30:05,186.53,0.3139,243.8,0.4551,1.3654,235.76,248.25,247.41,420.29,425.44,421.02,422.24,1.3654,0.0,0.0,0.3128,0.0,0.0,0.0739,0.0739,0,0,0.3219,0.3219,0,0,0.9734,0.9732,1,1,50,245.31,144.87,0,1,2025-09-30 14:30:05,19.6,84.1,,0,0,,1
2025-09-30 14:30:50,186.53,0.3122,243.02,0.4551,1.3654,235.17,247.59,246.31,418.73,424.56,419.43,420.88,1.3654,0.0,0.0,0.3122,0.0,0.0,0.0728,0.0728,0,0,0.3211,0.3211,0,0,0.9738,0.9738,1,1,50,245.32,144.88,0,1,2025-09-30 14:30:50,19.6,85.3,,0,0,,1
2025-09-30 14:31:35,186.54,0.313,242.96,0.4548,1.3645,235.01,247.61,246.26,418.76,424.25,419.36,420.79,1.3645,0.0,0.0,0.312,0.0,0.0,0.0732,0.0732,0,0,0.3207,0.3207,0,0,0.9737,0.9734,1,1,50,245.32,144.88,0,1,2025-09-30 14:31:35,19.7,86.3,,0,0,,1
2025-09-30 14:32:20,186.54,0.3114,242.86,0.4545,1.3636,234.97,247.44,246.19,418.67,423.67,419.53,420.64,1.3636,0.0,0.0,0.3114,0.0,0.0,0.0733,0.0733,0,0,0.3204,0.3204,0,0,0.9734,0.9733,1,1,50,245.32,144.88,0,1,2025-09-30 14:32:20,19.7,87.2,,0,0,,1
2025-09-30 14:33:05,186.55,4.1868,242.66,8.1348,24.4044,235.4,246.59,246.01,417.66,424.29,418.95,420.51,9.4639,7.6751,7.2654,1.7965,1.2982,1.092,4.1095,1.3776,1.342,1.3899,5.9078,2.2278,1.8926,1.7874,0.7136,0.8013,0.7033,0.6274,50,245.33,144.88,1,1,2025-09-30 14:33:05,19.8,88,,1,0,,0
2025-09-30 14:33:50,186.6,4.0751,242.82,7.9167,23.7501,235.56,246.9,246,418.4,423.99,419.28,420.47,8.917,7.6366,7.1965,1.6637,1.3123,1.0991,4.0144,1.2785,1.3493,1.3866,5.7563,2.1005,1.8855,1.7703,0.7123,0.7929,0.6972,0.6211,50,245.41,144.93,1,1,2025-09-30 14:33:50,19.8,86.8,,1,0,,0
2025-09-30 14:34:35,186.65,4.0972,242.82,7.9265,23.779700000000002,235.54,246.91,246.01,418.63,424.19,418.86,420.62,8.8998,7.654,7.2259,1.6648,1.3255,1.1068,4.0019,1.2701,1.3423,1.3894,5.7638,2.0963,1.8898,1.7776,0.7153,0.795,0.7026,0.623,50,245.48,144.98,1,1,2025-09-30 14:34:35,19.8,84.5,,1,0,,0
2025-09-30 14:35:20,186.7,3.9516,243.41,7.8054,23.416400000000003,235.94,247.36,246.93,419.46,424.96,420.31,421.22,8.7697,7.5204,7.1263,1.6169,1.2735,1.0612,4.0417,1.2876,1.3516,1.4024,5.6891,2.0691,1.8602,1.7597,0.699,0.7822,0.6857,0.6034,50,245.55,145.03,1,1,2025-09-30 14:35:20,19.7,82.4,,1,0,,0
2025-09-30 14:36:05,186.75,3.9411,243.45,7.7901,23.370400000000004,235.96,247.4,247.01,419.51,425.1,420.37,421.56,8.7335,7.5067,7.1302,1.6087,1.2732,1.0592,4.038,1.2843,1.3477,1.406,5.6791,2.0608,1.8572,1.7612,0.6984,0.7814,0.6867,0.6016,50,245.62,145.08,1,1,2025-09-30 14:36:05,19.6,80.8,,1,0,,0
2025-09-30 14:36:50,186.8,3.8764,243.18,7.7136,23.141,235.83,247.1,246.63,419.05,424.51,420.01,421.22,8.665,7.4315,7.0445,1.5915,1.2486,1.0363,4.0136,1.2783,1.3421,1.3932,5.6172,2.0435,1.8363,1.7374,0.6947,0.7796,0.6811,0.5968,50,245.69,145.13,1,1,2025-09-30 14:36:50,19.6,79.7,,1,0,,0
2025-09-30 14:37:35,186.84,3.8123,243.35,7.6555,22.9665,236,247.31,246.76,419.59,425.05,419.83,421.5,8.606,7.3719,6.9886,1.5722,1.2254,1.0147,4.02,1.2818,1.3453,1.393,5.5787,2.031,1.8231,1.7245,0.6881,0.775,0.6734,0.5887,50,245.76,145.18,1,1,2025-09-30 14:37:35,19.5,79.1,,1,0,,0
2025-09-30 14:38:20,186.89,3.7335,243.22,7.5709,22.712799999999998,235.92,247.24,246.51,419.1,424.81,419.87,421.31,8.5406,7.2557,6.9165,1.5489,1.1905,0.9942,4.0062,1.285,1.3374,1.3838,5.5138,2.0149,1.7939,1.705,0.6817,0.7696,0.6648,0.5834,50,245.83,145.23,1,1,2025-09-30 14:38:20,19.1,78.6,,1,0,,0
2025-09-30 14:39:05,186.94,3.6975,243.31,7.5264,22.5792,236.11,247.17,246.67,419.23,424.57,420.44,421.37,8.5248,7.1683,6.8861,1.5384,1.1678,0.9913,4.0008,1.2945,1.3281,1.3782,5.4832,2.0128,1.7718,1.6986,0.6787,0.7651,0.6603,0.5839,50,245.9,145.28,1,1,2025-09-30 14:39:05,19.0,78.2,,1,0,,0
2025-09-30 14:39:50,186.98,3.6792,243.31,7.5076,22.523,236.07,247.23,246.64,419.19,424.41,420.61,421.35,8.4961,7.1598,6.8671,1.5324,1.1642,0.9825,3.9978,1.2906,1.329,1.3783,5.4695,2.0057,1.7701,1.6937,0.6771,0.7648,0.6589,0.5804,50,245.97,145.33,1,1,2025-09-30 14:39:50,19.0,78,,1,0,,0
2025-09-30 14:40:35,187.02,0.5177,244.48,0.7486,2.2459,237.33,248.51,247.62,421.03,427.33,422,423.53,2.2459,0.0,0.0,0.5163,0.0,0.0,0.1307,0.1307,0,0,0.533,0.533,0,0,0.9695,0.9694,1,1,50,246.03,145.37,0,1,2025-09-30 14:40:35,19.0,77.9,,0,0,,1
2025-09-30 14:41:20,187.03,0.5128,243.6,0.747,2.2411,235.48,248.24,247.09,419.77,425.51,420.44,421.89,2.2411,0.0,0.0,0.5116,0.0,0.0,0.128,0.128,0,0,0.5277,0.5277,0,0,0.9702,0.9701,1,1,50,246.03,145.38,0,1,2025-09-30 14:41:20,18.9,78.7,,0,0,,1
2025-09-30 14:42:05,187.04,0.5134,243.74,0.7471,2.2415,235.7,248.33,247.19,419.8,426.11,420.54,422.17,2.2415,0.0,0.0,0.5122,0.0,0.0,0.128,0.128,0,0,0.5283,0.5283,0,0,0.9702,0.9701,1,1,50,246.04,145.38,0,1,2025-09-30 14:42:05,19.0,80.5,,0,0,,1
2025-09-30 14:42:50,187.04,0.5141,244.03,0.7476,2.243,235.98,248.37,247.76,420.17,426.73,421.1,422.18,2.243,0.0,0.0,0.513,0.0,0.0,0.1287,0.1287,0,0,0.5293,0.5293,0,0,0.97,0.9699,1,1,50,246.04,145.38,0,1,2025-09-30 14:42:50,19.0,82.1,,0,0,,1
2025-09-30 14:43:42,187.05,0.5182,245.21,0.7484,2.2454,237.79,249.29,248.56,422.86,428.28,422.98,424.75,2.2454,0.0,0.0,0.5169,0.0,0.0,0.1319,0.1319,0,0,0.5339,0.5339,0,0,0.969,0.9689,1,1,50,246.05,145.38,0,1,2025-09-30 14:43:42,19.0,83.9,,0,0,,1
2025-09-30 14:44:27,187.06,0.518,245.18,0.7484,2.2452,237.73,249.29,248.54,422.78,428.16,423.03,424.61,2.2452,0.0,0.0,0.5165,0.0,0.0,0.1326,0.1326,0,0,0.5338,0.5338,0,0,0.9687,0.9685,1,1,50,246.06,145.38,0,1,2025-09-30 14:44:27,19.5,85.1,,0,0,,1
2025-09-30 14:45:12,187.06,0.5173,245.28,0.7473,2.2419,237.82,249.38,248.66,422.6,428.72,423.18,424.85,2.2419,0.0,0.0,0.5158,0.0,0.0,0.133,0.133,0,0,0.5332,0.5332,0,0,0.9685,0.9683,1,1,50,246.07,145.38,0,1,2025-09-30 14:45:12,19.5,86,,0,0,,1
2025-09-30 14:45:57,187.07,0.5163,244.48,0.7467,2.2402,237.56,249.06,246.84,421.89,426.47,421.96,423.53,2.2402,0.0,0.0,0.515,0.0,0.0,0.1322,0.1322,0,0,0.5322,0.5322,0,0,0.9687,0.9685,1,1,50,246.07,145.39,0,1,2025-09-30 14:45:57,19.6,86.7,,0,0,,1
2025-09-30 14:46:42,187.08,0.5166,244.59,0.7471,2.2415,237.66,249.18,246.93,421.63,427.03,422.21,423.66,2.2415,0.0,0.0,0.5155,0.0,0.0,0.1326,0.1326,0,0,0.5327,0.5327,0,0,0.9685,0.9684,1,1,50,246.08,145.39,0,1,2025-09-30 14:46:42,19.6,87.5,,0,0,,1
2025-09-30 14:47:27,187.08,0.516,244.73,0.7471,2.2415,237.28,249.01,247.92,421.27,427.61,422.75,423.88,2.2415,0.0,0.0,0.5149,0.0,0.0,0.1314,0.1314,0,0,0.5319,0.5319,0,0,0.969,0.9689,1,1,50,246.09,145.39,0,1,2025-09-30 14:47:27,19.7,88.1,,0,0,,1
2025-09-30 14:48:12,187.09,0.5157,244.48,0.7466,2.24,237.17,248.7,247.59,421.42,427.03,421.89,423.42,2.24,0.0,0.0,0.5143,0.0,0.0,0.1314,0.1314,0,0,0.5313,0.5313,0,0,0.969,0.9688,1,1,50,246.09,145.39,0,1,2025-09-30 14:48:13,19.7,88.6,,0,0,,1
2025-09-30 14:48:57,187.1,0.5159,244.53,0.7467,2.2402,237.22,248.87,247.52,421.22,427.37,422.02,423.5,2.2402,0.0,0.0,0.5144,0.0,0.0,0.1317,0.1317,0,0,0.5314,0.5314,0,0,0.9689,0.9687,1,1,50,246.1,145.39,0,1,2025-09-30 14:48:57,19.7,89.1,,0,0,,1
2025-09-30 14:49:42,187.1,0.5156,244.53,0.7464,2.2394,237.07,249.04,247.5,421.84,426.55,422.17,423.57,2.2394,0.0,0.0,0.5141,0.0,0.0,0.1306,0.1306,0,0,0.5309,0.5309,0,0,0.9693,0.9691,1,1,50,246.11,145.39,0,1,2025-09-30 14:49:42,19.8,89.6,,0,0,,1
2025-09-30 14:50:49,187.11,0.5174,245.28,0.7471,2.2415,237.71,249.64,248.5,423.01,428.46,423.01,424.87,2.2415,0.0,0.0,0.5158,0.0,0.0,0.1319,0.1319,0,0,0.5328,0.5328,0,0,0.969,0.9688,1,1,50,246.12,145.4,0,1,2025-09-30 14:50:49,19.9,90.2,,0,0,,1
2025-09-30 14:51:34,187.12,0.5146,244.49,0.7472,2.2418,236.18,249.23,248.07,421.36,426.63,422.32,423.51,2.2418,0.0,0.0,0.5132,0.0,0.0,0.1285,0.1285,0,0,0.5295,0.5295,0,0,0.9702,0.97,1,1,50,246.13,145.4,0,1,2025-09-30 14:51:34,20.3,90.5,,0,0,,1
2025-09-30 14:52:19,187.13,0.5139,244.28,0.7465,2.2395,236.28,248.29,248.28,421.08,426.64,421.55,423.09,2.2395,0.0,0.0,0.5127,0.0,0.0,0.1294,0.1294,0,0,0.5291,0.5291,0,0,0.9697,0.9696,1,1,50,246.13,145.4,0,1,2025-09-30 14:52:19,20.3,90.8,,0,0,,1
2025-09-30 14:53:04,187.13,0.5119,243.51,0.745,2.2351,235.66,247.67,247.22,419.67,425.16,420.44,421.76,2.2351,0.0,0.0,0.5105,0.0,0.0,0.1282,0.1282,0,0,0.5267,0.5267,0,0,0.97,0.9698,1,1,50,246.14,145.4,0,1,2025-09-30 14:53:04,20.3,91,,0,0,,1
2025-09-30 14:53:49,187.14,0.5113,243.76,0.745,2.235,235.55,248.65,247.08,420.25,425.5,420.75,422.1,2.235,0.0,0.0,0.5101,0.0,0.0,0.1283,0.1283,0,0,0.5265,0.5265,0,0,0.9699,0.9697,1,1,49.9,246.15,145.4,0,1,2025-09-30 14:53:49,20.4,91.2,,0,0,,1
2025-09-30 14:54:34,187.15,0.5169,244.73,0.748,2.244,237.36,249.12,247.72,421.89,427.69,422.05,423.93,2.244,0.0,0.0,0.5158,0.0,0.0,0.1309,0.1309,0,0,0.5326,0.5326,0,0,0.9693,0.9692,1,1,50,246.15,145.41,0,1,2025-09-30 14:54:34,20.4,91.4,,0,0,,1
2025-09-30 14:55:19,187.15,0.5181,245.07,0.7476,2.2429,237.79,249.38,248.04,422.58,427.4,423.36,424.4,2.2429,0.0,0.0,0.5164,0.0,0.0,0.1316,0.1316,0,0,0.5333,0.5333,0,0,0.9692,0.969,1,1,50,246.16,145.41,0,1,2025-09-30 14:55:19,20.4,91.6,,0,0,,1
2025-09-30 14:56:04,187.16,0.519,245.44,0.7486,2.246,237.98,249.94,248.41,423.35,428.48,423.46,425.05,2.246,0.0,0.0,0.5176,0.0,0.0,0.1316,0.1316,0,0,0.5345,0.5345,0,0,0.9693,0.9691,1,1,50.1,246.17,145.41,0,1,2025-09-30 14:56:04,20.5,91.8,,0,0,,1
2025-09-30 14:56:49,187.17,0.5211,246.38,0.7496,2.2488,238.78,250.78,249.58,424.71,430.53,424.94,426.71,2.2488,0.0,0.0,0.5197,0.0,0.0,0.1331,0.1331,0,0,0.537,0.537,0,0,0.9689,0.9687,1,1,50.1,246.17,145.41,0,1,2025-09-30 14:56:49,20.5,91.9,,0,0,,1
2025-09-30 14:57:55,187.18,0.521,246.25,0.7493,2.2481,238.85,250.48,249.44,424.54,430.15,424.84,426.49,2.2481,0.0,0.0,0.5196,0.0,0.0,0.1335,0.1335,0,0,0.537,0.537,0,0,0.9687,0.9685,1,1,50,246.18,145.41,0,1,2025-09-30 14:57:55,20.5,92.1,,0,0,,1
2025-09-30 14:58:40,187.18,0.5201,246.28,0.7482,2.2447,238.85,250.45,249.54,424.82,429.67,425.14,426.59,2.2447,0.0,0.0,0.5187,0.0,0.0,0.1337,0.1337,0,0,0.5361,0.5361,0,0,0.9685,0.9683,1,1,50,246.19,145.42,0,1,2025-09-30 14:58:40,20.5,92.2,,0,0,,1
2025-09-30 14:59:25,187.19,0.5186,245.62,0.7478,2.2436,238.25,250.02,248.59,423.72,428.26,424.21,425.45,2.2436,0.0,0.0,0.5172,0.0,0.0,0.1332,0.1332,0,0,0.5345,0.5345,0,0,0.9685,0.9684,1,1,50,246.2,145.42,0,1,2025-09-30 14:59:25,20.6,92.3,,0,0,,1
2025-09-30 15:00:10,187.2,0.5199,245.73,0.749,2.2472,238.4,250.09,248.7,423.51,429.4,423.9,425.65,2.2472,0.0,0.0,0.5184,0.0,0.0,0.1332,0.1332,0,0,0.5357,0.5357,0,0,0.9687,0.9685,1,1,50,246.21,145.42,0,1,2025-09-30 15:00:10,20.6,92.4,,0,0,,1
2025-09-30 15:00:55,187.2,0.5198,245.83,0.7489,2.2469,238.41,250.39,248.71,424.15,428.97,424.21,425.77,2.2469,0.0,0.0,0.5183,0.0,0.0,0.1333,0.1333,0,0,0.5357,0.5357,0,0,0.9686,0.9684,1,1,50,246.21,145.42,0,1,2025-09-30 15:00:55,20.6,92.5,,0,0,,1
2025-09-30 15:01:40,187.21,0.5142,245.18,0.7467,2.2401,237,250.07,248.49,422.53,428.19,423.22,424.66,2.2401,0.0,0.0,0.5142,0.0,0.0,0.1303,0.1303,0,0,0.5309,0.5309,0,0,0.9693,0.9693,1,1,50,246.22,145.42,0,1,2025-09-30 15:01:40,20.6,92.5,,0,0,,1
2025-09-30 15:02:25,187.22,0.5151,245.34,0.7458,2.2376,237.19,250.16,248.69,422.56,429.07,423.17,424.94,2.2376,0.0,0.0,0.5138,0.0,0.0,0.1311,0.1311,0,0,0.5307,0.5307,0,0,0.9691,0.9689,1,1,50,246.22,145.42,0,1,2025-09-30 15:02:25,20.6,92.5,,0,0,,1
2025-09-30 15:03:10,187.22,0.5141,245.12,0.7452,2.2358,236.91,249.97,248.49,422.28,428.23,423.11,424.56,2.2358,0.0,0.0,0.5128,0.0,0.0,0.131,0.131,0,0,0.5297,0.5297,0,0,0.969,0.9688,1,1,49.9,246.23,145.42,0,1,2025-09-30 15:03:10,21.1,92.6,,0,0,,1
2025-09-30 15:03:55,187.23,0.5157,245.61,0.7458,2.2376,237.41,250.12,249.32,423.23,428.69,424.24,425.36,2.2376,0.0,0.0,0.5141,0.0,0.0,0.132,0.132,0,0,0.5312,0.5312,0,0,0.9687,0.9685,1,1,49.9,246.24,145.43,0,1,2025-09-30 15:03:55,21.1,92.7,,0,0,,1
2025-09-30 15:05:02,187.24,0.5183,246.24,0.7464,2.2392,238.75,250.51,249.48,424.57,429.86,425.03,426.55,2.2392,0.0,0.0,0.5168,0.0,0.0,0.135,0.135,0,0,0.5346,0.5346,0,0,0.9677,0.9675,1,1,49.9,246.25,145.43,0,1,2025-09-30 15:05:02,21.1,92.8,,0,0,,1
2025-09-30 15:05:47,187.25,0.5197,246.37,0.7477,2.2433,238.86,250.7,249.56,424.9,430.09,425.14,426.75,2.2433,0.0,0.0,0.5181,0.0,0.0,0.1349,0.1349,0,0,0.5358,0.5358,0,0,0.9679,0.9677,1,1,49.9,246.26,145.43,0,1,2025-09-30 15:05:47,21.1,92.8,,0,0,,1
2025-09-30 15:06:32,187.25,0.5178,245.56,0.747,2.241,238.19,249.86,248.63,423.04,428.89,423.98,425.33,2.241,0.0,0.0,0.5164,0.0,0.0,0.1333,0.1333,0,0,0.5338,0.5338,0,0,0.9683,0.9682,1,1,49.9,246.26,145.43,0,1,2025-09-30 15:06:32,21.1,92.8,,0,0,,1
2025-09-30 15:07:17,187.26,0.5183,245.41,0.7464,2.2392,238.93,248.39,248.92,422.45,427.97,424.73,425.02,2.2392,0.0,0.0,0.5171,0.0,0.0,0.1353,0.1353,0,0,0.535,0.535,0,0,0.9675,0.9674,1,1,49.9,246.27,145.43,0,1,2025-09-30 15:07:17,21.1,92.8,,0,0,,1
2025-09-30 15:08:02,187.27,0.5186,245.87,0.7474,2.2422,238.52,250.28,248.83,423.45,429.8,424.32,425.87,2.2422,0.0,0.0,0.5172,0.0,0.0,0.1341,0.1341,0,0,0.5348,0.5348,0,0,0.9681,0.9679,1,1,50,246.28,145.44,0,1,2025-09-30 15:08:02,21.2,92.9,,0,0,,1
2025-09-30 15:08:47,187.27,0.52,245.92,0.7478,2.2434,238.91,249.8,249.06,423.58,429.75,424.5,426.08,2.2434,0.0,0.0,0.5185,0.0,0.0,0.1338,0.1338,0,0,0.536,0.536,0,0,0.9684,0.9682,1,1,50,246.28,145.44,0,1,2025-09-30 15:08:47,21.2,92.9,,0,0,,1
2025-09-30 15:09:32,187.28,0.5206,246.24,0.7483,2.245,238.88,250.5,249.34,424.37,430.15,424.93,426.5,2.245,0.0,0.0,0.5189,0.0,0.0,0.1334,0.1334,0,0,0.5363,0.5363,0,0,0.9687,0.9685,1,1,50,246.29,145.44,0,1,2025-09-30 15:09:32,21.2,92.8,,0,0,,1
2025-09-30 15:10:17,187.29,0.5163,245.48,0.7465,2.2395,237.44,250.11,248.9,423.01,428.51,423.96,425.21,2.2395,0.0,0.0,0.515,0.0,0.0,0.1303,0.1303,0,0,0.5317,0.5317,0,0,0.9695,0.9694,1,1,50,246.3,145.44,0,1,2025-09-30 15:10:17,21.2,92.8,,0,0,,1
2025-09-30 15:11:02,187.29,0.52,246.6,0.7488,2.2464,238.37,251.06,250.38,424.79,430.92,425.61,427.09,2.2464,0.0,0.0,0.5184,0.0,0.0,0.1323,0.1323,0,0,0.5355,0.5355,0,0,0.9691,0.9689,1,1,50,246.3,145.44,0,1,2025-09-30 15:11:02,21.2,92.8,,0,0,,1
2025-09-30 15:11:47,187.3,0.5195,246.4,0.748,2.2442,238.49,250.33,250.39,424.01,430.46,425.82,426.9,2.2442,0.0,0.0,0.5181,0.0,0.0,0.1323,0.1323,0,0,0.5352,0.5352,0,0,0.969,0.9688,1,1,50,246.31,145.44,0,1,2025-09-30 15:11:47,21.3,92.8,,0,0,,1
2025-09-30 15:12:32,187.31,0.5184,246.37,0.7475,2.2426,238.13,250.85,250.15,424.34,430.44,425.35,426.65,2.2426,0.0,0.0,0.5171,0.0,0.0,0.1317,0.1317,0,0,0.534,0.534,0,0,0.9692,0.969,1,1,50,246.32,145.45,0,1,2025-09-30 15:12:32,21.2,92.8,,0,0,,1
2025-09-30 15:13:17,187.31,0.5197,246.32,0.7475,2.2425,239.02,250.51,249.44,424.2,430.49,425.2,426.66,2.2425,0.0,0.0,0.5184,0.0,0.0,0.1342,0.1342,0,0,0.536,0.536,0,0,0.9682,0.968,1,1,50,246.32,145.45,0,1,2025-09-30 15:13:17,21.3,92.7,,0,0,,1
2025-09-30 15:14:02,187.32,0.5205,246.44,0.7483,2.2449,239.09,250.67,249.57,424.64,430.43,425.44,426.83,2.2449,0.0,0.0,0.5191,0.0,0.0,0.1345,0.1345,0,0,0.5367,0.5367,0,0,0.9681,0.968,1,1,50,246.33,145.45,0,1,2025-09-30 15:14:02,21.3,92.7,,0,0,,1
2025-09-30 15:14:47,187.32,0.521,246.78,0.7478,2.2434,239.43,251.03,249.89,425.4,430.98,425.89,427.38,2.2434,0.0,0.0,0.5195,0.0,0.0,0.1347,0.1347,0,0,0.5371,0.5371,0,0,0.9681,0.9679,1,1,50,246.34,145.45,0,1,2025-09-30 15:14:47,21.3,92.7,,0,0,,1
2025-09-30 15:15:32,187.33,0.5211,246.79,0.7482,2.2447,239.44,251.07,249.87,425.6,430.52,426.18,427.31,2.2447,0.0,0.0,0.5198,0.0,0.0,0.1349,0.1349,0,0,0.5375,0.5375,0,0,0.968,0.9679,1,1,50,246.34,145.45,0,1,2025-09-30 15:15:32,21.3,92.6,,0,0,,1
2025-09-30 15:16:17,187.34,0.5207,246.5,0.7482,2.2448,239.25,250.65,249.62,425.07,429.82,425.92,427.01,2.2448,0.0,0.0,0.5194,0.0,0.0,0.1346,0.1346,0,0,0.5371,0.5371,0,0,0.9681,0.968,1,1,50,246.35,145.45,0,1,2025-09-30 15:16:17,21.3,92.7,,0,0,,1
2025-09-30 15:17:02,187.34,0.521,246.51,0.7483,2.2451,239.19,250.76,249.59,425.05,430.33,425.48,426.99,2.2451,0.0,0.0,0.5196,0.0,0.0,0.1337,0.1337,0,0,0.537,0.537,0,0,0.9686,0.9684,1,1,50,246.36,145.46,0,1,2025-09-30 15:17:02,21.3,92.7,,0,0,,1
2025-09-30 15:17:47,187.35,0.5224,247.06,0.7489,2.2469,239.74,251.05,250.4,425.99,431.28,426.45,427.97,2.2469,0.0,0.0,0.5209,0.0,0.0,0.1352,0.1352,0,0,0.5387,0.5387,0,0,0.968,0.9679,1,1,50,246.36,145.46,0,1,2025-09-30 15:17:47,21.3,92.7,,0,0,,1
2025-09-30 15:18:32,187.36,0.5215,246.81,0.748,2.2442,239.65,250.51,250.29,425.05,431.16,426.25,427.53,2.2442,0.0,0.0,0.5198,0.0,0.0,0.1359,0.1359,0,0,0.5378,0.5378,0,0,0.9676,0.9674,1,1,50,246.37,145.46,0,1,2025-09-30 15:18:32,21.3,92.6,,0,0,,1
2025-09-30 15:19:17,187.36,0.5233,247.21,0.7496,2.2489,240.04,250.93,250.68,426.36,430.93,427.2,428.18,2.2489,0.0,0.0,0.5219,0.0,0.0,0.1356,0.1356,0,0,0.5398,0.5398,0,0,0.968,0.9678,1,1,50,246.38,145.46,0,1,2025-09-30 15:19:17,21.4,92.6,,0,0,,1
2025-09-30 15:20:02,187.37,0.5155,245.69,0.7461,2.2385,237.1,250.34,249.64,423.16,429.76,423.69,426.67,2.2385,0.0,0.0,0.5143,0.0,0.0,0.1294,0.1294,0,0,0.5307,0.5307,0,0,0.9699,0.9697,1,1,50,246.38,145.46,0,1,2025-09-30 15:20:02,21.4,92.5,,0,0,,1
2025-09-30 15:20:47,187.38,0.517,245.75,0.7467,2.2402,237.66,250.4,249.19,423.54,429.42,423.93,425.59,2.2402,0.0,0.0,0.5154,0.0,0.0,0.1316,0.1316,0,0,0.5324,0.5324,0,0,0.969,0.9689,1,1,50,246.39,145.46,0,1,2025-09-30 15:20:47,21.4,92.5,,0,0,,1
2025-09-30 15:21:32,187.38,0.5178,245.92,0.7476,2.2428,237.82,250.61,249.35,423.95,429.33,424.5,425.86,2.2428,0.0,0.0,0.5165,0.0,0.0,0.1313,0.1313,0,0,0.5334,0.5334,0,0,0.9693,0.9691,1,1,50,246.4,145.47,0,1,2025-09-30 15:21:32,21.4,92.5,,0,0,,1
2025-09-30 15:22:17,187.39,0.516,245.65,0.7458,2.2374,237.68,250.24,249.05,423.39,428.78,424.21,425.61,2.2374,0.0,0.0,0.5147,0.0,0.0,0.1317,0.1317,0,0,0.5318,0.5318,0,0,0.9689,0.9687,1,1,49.9,246.4,145.47,0,1,2025-09-30 15:22:17,21.4,92.4,,0,0,,1
2025-09-30 15:23:02,187.4,0.5201,246.33,0.7479,2.2438,239.04,250.55,249.4,424.4,430.37,425.15,426.75,2.2438,0.0,0.0,0.5186,0.0,0.0,0.1347,0.1347,0,0,0.5364,0.5364,0,0,0.968,0.9678,1,1,50,246.41,145.47,0,1,2025-09-30 15:23:02,21.4,92.3,,0,0,,1
2025-09-30 15:23:47,187.4,0.5201,246.34,0.7475,2.2426,239.11,250.52,249.41,424.83,429.71,425.43,426.74,2.2426,0.0,0.0,0.5187,0.0,0.0,0.1341,0.1341,0,0,0.5362,0.5362,0,0,0.9683,0.9681,1,1,50,246.42,145.47,0,1,2025-09-30 15:23:47,21.4,92.3,,0,0,,1
2025-09-30 15:24:32,187.43,4.2672,245.88,8.2176,24.652900000000002,238.84,249.01,249.81,423.19,428.73,425.67,425.84,9.2498,7.9219,7.4812,1.7351,1.365,1.167,4.2393,1.363,1.4187,1.4577,6.0507,2.2092,1.9726,1.8689,0.7094,0.7863,0.6933,0.6249,50,246.46,145.5,1,1,2025-09-30 15:24:32,21.4,91.5,,1,0,,0
2025-09-30 15:25:17,187.49,4.4346,246.23,8.3768,25.1306,239.27,249.31,250.13,424.4,429.52,425.51,426.44,9.419,8.0717,7.6399,1.7875,1.4218,1.2253,4.2529,1.3687,1.4192,1.4649,6.177,2.2537,2.0124,1.911,0.7217,0.7939,0.7077,0.6415,50,246.54,145.55,1,1,2025-09-30 15:25:17,21.3,87.5,,1,0,,0
2025-09-30 15:26:02,187.54,4.3792,246.67,8.3387,25.0161,239.66,249.77,250.59,424.98,430.37,426.34,427.18,9.3903,8.02,7.6058,1.7722,1.3993,1.2078,4.2841,1.383,1.4283,1.4728,6.1596,2.2505,2.0032,1.9059,0.7148,0.7883,0.6998,0.6341,50,246.61,145.61,1,1,2025-09-30 15:26:02,21.2,83.3,,1,0,,0
2025-09-30 15:26:47,187.6,4.3559,246.95,8.3245,24.9735,239.62,250.77,250.46,425.25,431.66,426.25,427.71,9.3602,8.0239,7.5894,1.765,1.3988,1.192,4.301,1.3801,1.4416,1.4794,6.1559,2.2429,2.0122,1.9008,0.7115,0.7877,0.6963,0.6274,50,246.69,145.66,1,1,2025-09-30 15:26:47,21.1,79.9,,1,0,,0
2025-09-30 15:27:32,187.65,4.3041,246.29,8.2431,24.729300000000002,239.02,250.25,249.6,423.97,430.38,425.37,426.57,9.2847,7.9271,7.5175,1.7481,1.3788,1.1772,4.2441,1.3633,1.4213,1.4596,6.0794,2.2192,1.9838,1.8764,0.712,0.7885,0.6962,0.6277,50,246.77,145.71,1,1,2025-09-30 15:27:32,20.5,77.3,,1,0,,0
2025-09-30 15:28:17,187.7,4.3064,246.3,8.253,24.7591,239.66,250.51,248.73,424.75,429.73,425.28,426.63,9.3053,7.9553,7.4985,1.761,1.3764,1.169,4.2534,1.3647,1.4366,1.4521,6.0881,2.2301,1.9929,1.8651,0.7114,0.7904,0.6918,0.627,50,246.84,145.77,1,1,2025-09-30 15:28:17,20.3,75.6,,1,0,,0
2025-09-30 15:29:02,187.76,3.8879,245.59,7.7812,23.3436,238.4,250.22,248.17,423.32,428.07,424.65,425.21,8.7654,7.4805,7.0977,1.5992,1.2392,1.0495,3.8076,1.2223,1.2759,1.3093,5.7229,2.0897,1.8718,1.7614,0.7144,0.7945,0.6967,0.6254,50,246.92,145.82,1,1,2025-09-30 15:29:02,19.8,73.4,,1,0,,0
2025-09-30 15:29:47,187.76,0.3218,246.43,0.4601,1.3804,239.59,250.67,249.03,424.4,429.99,426.02,426.86,1.3804,0.0,0.0,0.3207,0.0,0.0,0.078,0.078,0,0,0.3307,0.3307,0,0,0.9718,0.9716,1,1,50,246.92,145.82,0,1,2025-09-30 15:29:47,19.6,74.2,,0,0,,1
2025-09-30 15:30:32,187.77,0.3194,246.87,0.4589,1.3768,239.24,251.23,250.15,425.32,430.93,426.46,427.62,1.3768,0.0,0.0,0.3194,0.0,0.0,0.0778,0.0778,0,0,0.3294,0.3294,0,0,0.9716,0.9716,1,1,50,246.93,145.82,0,1,2025-09-30 15:30:32,19.5,76.7,,0,0,,1
2025-09-30 15:31:17,187.77,0.322,247.72,0.4595,1.3787,240.18,251.67,251.31,426.55,432.21,428.35,428.33,1.3787,0.0,0.0,0.3208,0.0,0.0,0.0794,0.0794,0,0,0.3311,0.3311,0,0,0.9708,0.9706,1,1,50,246.93,145.82,0,1,2025-09-30 15:31:17,19.5,78.9,,0,0,,1
2025-09-30 15:32:02,187.77,0.3246,248.49,0.4608,1.3826,241.69,252.12,251.67,428.24,433.48,429.43,430.29,1.3826,0.0,0.0,0.3233,0.0,0.0,0.0816,0.0816,0,0,0.3342,0.3342,0,0,0.9698,0.9695,1,1,50,246.94,145.82,0,1,2025-09-30 15:32:02,19.5,80.8,,0,0,,1
2025-09-30 15:32:47,187.78,0.3238,248.43,0.4605,1.3815,241.43,252.27,251.59,427.93,434.15,428.78,430.2,1.3815,0.0,0.0,0.3228,0.0,0.0,0.0811,0.0811,0,0,0.3335,0.3335,0,0,0.97,0.9698,1,1,50.1,246.94,145.82,0,1,2025-09-30 15:32:47,19.6,82.6,,0,0,,1
2025-09-30 15:33:32,187.78,0.3224,247.67,0.4593,1.3781,240.78,251.59,250.64,426.93,432.49,427.47,428.96,1.3781,0.0,0.0,0.3212,0.0,0.0,0.0805,0.0805,0,0,0.3318,0.3318,0,0,0.9702,0.9699,1,1,50,246.94,145.83,0,1,2025-09-30 15:33:32,19.6,83.9,,0,0,,1
2025-09-30 15:34:17,187.79,0.3228,247.54,0.4601,1.3805,240.72,251.46,250.45,426.58,431.45,428.16,428.75,1.3805,0.0,0.0,0.3216,0.0,0.0,0.0805,0.0805,0,0,0.3323,0.3323,0,0,0.9702,0.9701,1,1,50,246.95,145.83,0,1,2025-09-30 15:34:17,19.7,85.1,,0,0,,1
2025-09-30 15:35:02,187.79,0.3213,247.09,0.4588,1.3765,240.18,251.09,250.01,425.58,431.26,427.03,427.94,1.3765,0.0,0.0,0.32,0.0,0.0,0.0801,0.0801,0,0,0.3306,0.3306,0,0,0.9702,0.97,1,1,50,246.95,145.83,0,1,2025-09-30 15:35:02,19.7,86.1,,0,0,,1
2025-09-30 15:35:47,187.79,0.3213,247.03,0.4589,1.3767,240.11,251.16,249.83,425.76,430.82,426.97,427.89,1.3767,0.0,0.0,0.3202,0.0,0.0,0.0795,0.0795,0,0,0.3306,0.3306,0,0,0.9707,0.9705,1,1,50,246.96,145.83,0,1,2025-09-30 15:35:47,19.8,87,,0,0,,1
2025-09-30 15:36:32,187.83,4.2966,245.9,8.2325,24.697499999999998,238.44,250.25,249.01,423.32,429.39,424.95,425.99,9.2301,7.9665,7.5009,1.7423,1.3912,1.163,4.2247,1.341,1.4233,1.4603,6.0622,2.2008,1.9936,1.8678,0.713,0.7924,0.6989,0.6229,50,247.01,145.87,1,1,2025-09-30 15:36:32,19.8,86.1,,1,0,,0
2025-09-30 15:38:02,187.94,4.3237,246.1,8.263,24.7892,238.6,250.16,249.55,423.38,430.35,425.02,426.41,9.2773,7.9534,7.5585,1.7463,1.393,1.1844,4.2387,1.3565,1.4156,1.4666,6.0894,2.2136,1.9896,1.8862,0.714,0.7897,0.7014,0.6282,49.9,247.17,145.97,1,1,2025-09-30 15:38:02,19.7,79.3,,1,0,,0
2025-09-30 15:38:47,188,2.2201,245.94,5.6994,17.098300000000002,238.38,249.79,249.67,423.41,428.74,425.72,425.11,6.4661,5.425,5.2072,0.9971,0.6559,0.5671,2.0697,0.695,0.6725,0.7022,4.1966,1.5414,1.3551,1.3001,0.7314,0.8203,0.6982,0.8422,49.9,247.24,146.03,1,1,2025-09-30 15:38:47,19.5,76.3,,1,0,,0
2025-09-30 15:39:32,188,0.3192,246.31,0.4583,1.3751,238.64,250.57,249.74,424.14,429.95,425.73,426.63,1.3751,0.0,0.0,0.3181,0.0,0.0,0.0779,0.0779,0,0,0.3282,0.3282,0,0,0.9714,0.9715,1,1,49.9,247.25,146.03,0,1,2025-09-30 15:39:32,19.0,76.7,,0,0,,1
2025-09-30 15:40:17,188,0.3198,245.55,0.4591,1.3774,239.8,247.37,249.48,422.01,427.86,426,425.12,1.3774,0.0,0.0,0.3198,0.0,0.0,0.0797,0.0797,0,0,0.3303,0.3303,0,0,0.9703,0.9705,1,1,49.9,247.25,146.03,0,1,2025-09-30 15:40:17,19.0,78.8,,0,0,,1
2025-09-30 15:41:02,188.01,0.3187,245.97,0.4576,1.373,238.71,250.1,249.1,423.48,429.09,425.44,426.07,1.373,0.0,0.0,0.3175,0.0,0.0,0.0787,0.0787,0,0,0.3277,0.3277,0,0,0.9708,0.9706,1,1,49.9,247.25,146.03,0,1,2025-09-30 15:41:02,19.0,80.7,,0,0,,1
2025-09-30 15:41:47,188.01,0.3222,247.05,0.4594,1.3782,240.69,250.68,249.8,425.81,430.41,427.44,427.87,1.3782,0.0,0.0,0.3208,0.0,0.0,0.0814,0.0814,0,0,0.3317,0.3317,0,0,0.9695,0.9693,1,1,49.9,247.26,146.03,0,1,2025-09-30 15:41:47,19.0,82.2,,0,0,,1
2025-09-30 15:42:32,188.02,0.3227,247.22,0.4602,1.3808,240.72,250.96,250,425.63,431.21,427.73,428.28,1.3808,0.0,0.0,0.3216,0.0,0.0,0.0811,0.0811,0,0,0.3324,0.3324,0,0,0.9698,0.9696,1,1,50,247.26,146.03,0,1,2025-09-30 15:42:32,19.1,83.6,,0,0,,1
2025-09-30 15:43:17,188.02,0.3229,247.62,0.4601,1.3805,240.95,251.57,250.35,426.85,431.87,427.91,428.91,1.3805,0.0,0.0,0.3219,0.0,0.0,0.0811,0.0811,0,0,0.3326,0.3326,0,0,0.9698,0.9696,1,1,50,247.27,146.03,0,1,2025-09-30 15:43:17,19.5,84.8,,0,0,,1
2025-09-30 15:44:02,188.02,0.3248,248.38,0.4615,1.3847,241.68,252.18,251.3,428.53,432.8,429.25,430.18,1.3847,0.0,0.0,0.3236,0.0,0.0,0.0823,0.0823,0,0,0.3347,0.3347,0,0,0.9694,0.9691,1,1,50,247.27,146.03,0,1,2025-09-30 15:44:02,19.5,85.8,,0,0,,1
2025-09-30 15:44:47,188.03,0.3247,248.61,0.4609,1.3827,242.18,252.11,251.56,428.47,433.22,430.09,430.76,1.3827,0.0,0.0,0.3237,0.0,0.0,0.0827,0.0827,0,0,0.3349,0.3349,0,0,0.969,0.9688,1,1,50,247.28,146.03,0,1,2025-09-30 15:44:47,19.6,86.7,,0,0,,1
2025-09-30 15:45:32,188.03,0.3242,248.47,0.4605,1.3817,241.82,252.2,251.41,428.54,433.13,429.38,430.24,1.3817,0.0,0.0,0.323,0.0,0.0,0.0825,0.0825,0,0,0.3341,0.3341,0,0,0.9691,0.9689,1,1,50,247.28,146.04,0,1,2025-09-30 15:45:32,19.6,87.4,,0,0,,1
2025-09-30 15:46:17,188.04,0.324,247.9,0.4608,1.3825,241.35,251.7,250.66,427.49,431.96,428.62,429.38,1.3825,0.0,0.0,0.3227,0.0,0.0,0.0817,0.0817,0,0,0.3337,0.3337,0,0,0.9696,0.9694,1,1,50,247.28,146.04,0,1,2025-09-30 15:46:17,19.7,88.1,,0,0,,1
2025-09-30 15:47:09,188.04,0.322,247.75,0.4603,1.3811,241.01,251.79,250.47,426.81,432.93,427.61,429.06,1.3811,0.0,0.0,0.322,0.0,0.0,0.0814,0.0814,0,0,0.3329,0.3329,0,0,0.9694,0.9694,1,1,50,247.29,146.04,0,1,2025-09-30 15:47:09,19.7,89,,0,0,,1
2025-09-30 15:47:54,188.09,4.3163,246.86,8.2803,24.8409,239.77,250.86,249.95,425.12,430.69,426.84,427.58,9.3306,7.9558,7.5545,1.7562,1.3798,1.1803,4.2919,1.3822,1.4372,1.4725,6.1212,2.2372,1.9958,1.8882,0.7091,0.7858,0.6925,0.6254,50,247.36,146.09,1,1,2025-09-30 15:47:54,19.8,87.3,,1,0,,0
2025-09-30 15:48:39,188.15,4.3516,246.09,8.278,24.834,238.72,250.14,249.42,423.16,430.1,425.43,426.29,9.3182,7.9141,7.6017,1.7541,1.3923,1.2051,4.228,1.3638,1.4021,1.462,6.1001,2.2244,1.9796,1.896,0.7172,0.7894,0.7046,0.636,50,247.44,146.14,1,1,2025-09-30 15:48:39,19.7,83.4,,1,0,,0
2025-09-30 15:49:24,188.2,4.2919,246.21,8.2203,24.661,238.42,250.66,249.57,423.94,429.75,425.6,426.5,9.2634,7.8887,7.5089,1.7402,1.3783,1.1734,4.2299,1.3566,1.4134,1.46,6.06,2.2086,1.9774,1.874,0.7122,0.7886,0.6981,0.6264,50,247.52,146.2,1,1,2025-09-30 15:49:24,19.6,80,,1,0,,0
2025-09-30 15:50:09,188.24,0.3242,247.98,0.462,1.386,240.46,252.25,251.25,427.54,432.56,428.39,429.44,1.386,0.0,0.0,0.3229,0.0,0.0,0.0795,0.0795,0,0,0.3333,0.3333,0,0,0.9712,0.971,1,1,50,247.57,146.24,0,1,2025-09-30 15:50:09,19.5,77.4,,0,0,,1
2025-09-30 15:50:54,188.24,0.3246,248.68,0.4622,1.3867,242.14,252.36,251.55,428.74,433.42,429.96,429.88,1.3867,0.0,0.0,0.3246,0.0,0.0,0.0826,0.0826,0,0,0.3358,0.3358,0,0,0.969,0.969,1,1,50,247.58,146.24,0,1,2025-09-30 15:50:54,19.0,78.6,,0,0,,1
2025-09-30 15:51:39,188.25,0.3252,248.7,0.4617,1.3851,242.13,252.4,251.59,428.43,434.45,429.41,430.7,1.3851,0.0,0.0,0.3241,0.0,0.0,0.0829,0.0829,0,0,0.3354,0.3354,0,0,0.9689,0.9687,1,1,50,247.58,146.24,0,1,2025-09-30 15:51:40,19.0,80.5,,0,0,,1
2025-09-30 15:52:24,188.25,0.3236,248.2,0.4615,1.3847,241.57,252.15,250.9,428.31,432.69,428.66,429.73,1.3847,0.0,0.0,0.3236,0.0,0.0,0.0818,0.0818,0,0,0.3345,0.3345,0,0,0.9695,0.9695,1,1,50,247.59,146.24,0,1,2025-09-30 15:52:24,19.0,82.2,,0,0,,1
2025-09-30 15:53:09,188.26,0.322,248.12,0.4599,1.3799,241.32,252.09,250.95,427.62,433.16,428.45,429.81,1.3799,0.0,0.0,0.322,0.0,0.0,0.0819,0.0819,0,0,0.333,0.333,0,0,0.9691,0.9691,1,1,50,247.59,146.24,0,1,2025-09-30 15:53:09,19.0,83.7,,0,0,,1
2025-09-30 15:54:15,188.26,0.3237,248.3,0.4604,1.3814,241.55,252.15,251.21,428.14,433.21,428.82,430.03,1.3814,0.0,0.0,0.3226,0.0,0.0,0.0822,0.0822,0,0,0.3337,0.3337,0,0,0.9692,0.969,1,1,50,247.6,146.24,0,1,2025-09-30 15:54:15,19.1,85.8,,0,0,,1
2025-09-30 15:55:00,188.27,0.3244,248.32,0.461,1.3832,241.62,252.14,251.22,428.26,432.82,429.19,430.06,1.3832,0.0,0.0,0.3232,0.0,0.0,0.0821,0.0821,0,0,0.3342,0.3342,0,0,0.9694,0.9692,1,1,50,247.6,146.24,0,1,2025-09-30 15:55:00,19.5,86.7,,0,0,,1
2025-09-30 15:55:45,188.27,0.3229,248.05,0.4603,1.3809,240.58,252.06,251.52,427.23,432.95,428.67,429.62,1.3809,0.0,0.0,0.3217,0.0,0.0,0.0801,0.0801,0,0,0.3322,0.3322,0,0,0.9705,0.9703,1,1,50,247.61,146.24,0,1,2025-09-30 15:55:45,19.6,87.7,,0,0,,1
2025-09-30 15:56:30,188.28,0.3216,248.1,0.4597,1.3793,240.9,251.36,252.04,427.35,432.83,428.92,429.6,1.3793,0.0,0.0,0.3216,0.0,0.0,0.0805,0.0805,0,0,0.3323,0.3323,0,0,0.97,0.97,1,1,50,247.61,146.24,0,1,2025-09-30 15:56:30,19.6,88.5,,0,0,,1
2025-09-30 15:57:15,188.28,0.3228,248.23,0.4601,1.3805,240.71,252.22,251.77,428.64,433.46,427.7,430.03,1.3805,0.0,0.0,0.3218,0.0,0.0,0.08,0.08,0,0,0.3323,0.3323,0,0,0.9706,0.9704,1,1,50,247.61,146.25,0,1,2025-09-30 15:57:15,19.7,89,,0,0,,1
2025-09-30 15:58:00,188.28,0.3236,248.23,0.4612,1.3837,240.57,252.34,251.8,427.5,433.62,428.7,429.93,1.3837,0.0,0.0,0.3224,0.0,0.0,0.0797,0.0797,0,0,0.3329,0.3329,0,0,0.9709,0.9707,1,1,50,247.62,146.25,0,1,2025-09-30 15:58:00,19.7,89.4,,0,0,,1
2025-09-30 15:58:45,188.33,4.3188,246.79,8.2679,24.8037,239.36,250.84,250.17,424.99,430.58,426.7,426.82,9.3172,7.9393,7.5472,1.753,1.3829,1.183,4.2735,1.375,1.4283,1.4701,6.1097,2.2302,1.9915,1.8881,0.7108,0.7868,0.6955,0.6269,50,247.69,146.29,1,1,2025-09-30 15:58:45,19.7,87.7,,1,0,,0
2025-09-30 15:59:30,188.39,4.3416,246.94,8.2935,24.880599999999998,239.79,250.88,250.15,425.55,430.63,426.88,427.65,9.3581,7.9749,7.5476,1.7671,1.3876,1.1869,4.2831,1.3794,1.4367,1.4669,6.1328,2.244,2.0007,1.888,0.7118,0.7882,0.6947,0.6289,50,247.76,146.35,1,1,2025-09-30 15:59:30,19.7,83.8,,1,0,,0
2025-09-30 16:00:15,188.44,4.2706,246.73,8.2257,24.677300000000002,239.65,250.61,249.95,425.01,430.86,426.16,427.35,9.2998,7.8856,7.4919,1.7446,1.3582,1.1678,4.2762,1.3832,1.4307,1.4623,6.0775,2.2287,1.9762,1.8726,0.7066,0.7835,0.6885,0.624,50,247.84,146.4,1,1,2025-09-30 16:00:15,19.6,79.9,,1,0,,0
2025-09-30 16:01:22,188.47,0.3257,247.7,0.4618,1.3855,241.98,249.15,251.97,426.57,430.93,429.52,428.99,1.3855,0.0,0.0,0.3242,0.0,0.0,0.0825,0.0825,0,0,0.3353,0.3353,0,0,0.9694,0.9691,1,1,50,247.89,146.43,0,1,2025-09-30 16:01:22,19.0,79.1,,0,0,,1
2025-09-30 16:02:07,188.48,0.3251,248.53,0.4622,1.3867,242.66,249.74,253.2,427.73,433.45,430.21,430.37,1.3867,0.0,0.0,0.3251,0.0,0.0,0.0838,0.0838,0,0,0.3365,0.3365,0,0,0.9683,0.9683,1,1,50,247.89,146.43,0,1,2025-09-30 16:02:07,19.0,80.8,,0,0,,1
2025-09-30 16:02:52,188.48,0.3264,248.65,0.4626,1.388,242.33,250.82,252.81,428.3,433.47,430.22,430.63,1.388,0.0,0.0,0.3251,0.0,0.0,0.0831,0.0831,0,0,0.3364,0.3364,0,0,0.969,0.9688,1,1,50,247.89,146.43,0,1,2025-09-30 16:02:52,19.0,82.4,,0,0,,1
2025-09-30 16:03:37,188.49,0.3277,248.3,0.4634,1.3902,243.24,247.65,254.02,426.89,432.69,430.62,430.09,1.3902,0.0,0.0,0.3266,0.0,0.0,0.0842,0.0842,0,0,0.3382,0.3382,0,0,0.9685,0.9683,1,1,50,247.9,146.43,0,1,2025-09-30 16:03:37,19.0,83.8,,0,0,,1
2025-09-30 16:04:22,188.49,0.3258,248.53,0.4618,1.3855,242.36,250.37,252.86,427.84,433.64,429.9,430.43,1.3855,0.0,0.0,0.3245,0.0,0.0,0.0833,0.0833,0,0,0.3358,0.3358,0,0,0.9688,0.9686,1,1,50,247.9,146.43,0,1,2025-09-30 16:04:22,19.0,85,,0,0,,1
2025-09-30 16:05:07,188.49,0.3214,247,0.4593,1.378,240.2,249.33,251.48,424.88,430.92,427.62,427.83,1.378,0.0,0.0,0.3204,0.0,0.0,0.0804,0.0804,0,0,0.331,0.331,0,0,0.9701,0.9699,1,1,49.9,247.91,146.44,0,1,2025-09-30 16:05:07,19.1,86,,0,0,,1
2025-09-30 16:05:52,188.5,0.3204,247.05,0.4593,1.3781,240.23,249.43,251.5,425.45,430.61,427.6,427.83,1.3781,0.0,0.0,0.3204,0.0,0.0,0.0804,0.0804,0,0,0.3311,0.3311,0,0,0.9699,0.9699,1,1,49.9,247.91,146.44,0,1,2025-09-30 16:05:52,19.5,86.9,,0,0,,1
2025-09-30 16:06:37,188.5,0.3211,246.91,0.459,1.3771,240.23,249.07,251.45,425.47,429.74,427.71,427.53,1.3771,0.0,0.0,0.3201,0.0,0.0,0.0807,0.0807,0,0,0.3308,0.3308,0,0,0.9698,0.9696,1,1,49.9,247.91,146.44,0,1,2025-09-30 16:06:37,19.5,87.5,,0,0,,1
2025-09-30 16:07:22,188.51,0.3212,246.9,0.4599,1.3798,240.67,249.72,250.32,425.99,430.19,426.7,427.25,1.3798,0.0,0.0,0.3212,0.0,0.0,0.0814,0.0814,0,0,0.3321,0.3321,0,0,0.9693,0.9693,1,1,49.9,247.92,146.44,0,1,2025-09-30 16:07:22,19.6,88.1,,0,0,,1
2025-09-30 16:08:29,188.51,0.3255,248.12,0.4616,1.385,242.35,250.5,251.52,427.7,432.91,428.66,429.77,1.385,0.0,0.0,0.3241,0.0,0.0,0.0841,0.0841,0,0,0.3357,0.3357,0,0,0.9682,0.9679,1,1,49.9,247.93,146.44,0,1,2025-09-30 16:08:29,19.7,89.1,,0,0,,1
2025-09-30 16:09:14,188.52,0.3249,248.57,0.4611,1.3835,242.34,250.48,252.9,428.43,433.1,430.04,430.47,1.3835,0.0,0.0,0.3239,0.0,0.0,0.0835,0.0835,0,0,0.3353,0.3353,0,0,0.9685,0.9683,1,1,50,247.93,146.44,0,1,2025-09-30 16:09:14,19.7,89.6,,0,0,,1
2025-09-30 16:09:59,188.52,0.3253,248.53,0.4614,1.3842,242.41,250.42,252.78,428.23,434.06,429.13,430.53,1.3842,0.0,0.0,0.3242,0.0,0.0,0.0835,0.0835,0,0,0.3355,0.3355,0,0,0.9686,0.9684,1,1,50,247.93,146.44,0,1,2025-09-30 16:09:59,19.7,90,,0,0,,1
2025-09-30 16:10:44,188.55,4.2558,247.51,8.25,24.75,240.9,249.37,252.26,426.1,431.88,428.08,428.71,9.3104,7.878,7.5616,1.7273,1.3419,1.1867,4.3488,1.4269,1.43,1.4919,6.1149,2.2429,1.9645,1.9075,0.6994,0.7709,0.6842,0.6224,50,247.97,146.47,1,1,2025-09-30 16:10:44,19.8,89.9,,1,0,,0
2025-09-30 16:11:29,188.61,4.3186,247.03,8.2775,24.8325,240.53,249.13,251.43,425.48,430.64,427.43,427.84,9.3593,7.9057,7.5675,1.7524,1.3621,1.2041,4.2988,1.4093,1.4179,1.4716,6.1234,2.2512,1.9695,1.9027,0.7087,0.7792,0.6927,0.6332,50,248.06,146.53,1,1,2025-09-30 16:11:29,19.7,86.2,,1,0,,0
2025-09-30 16:12:14,188.66,4.2549,247.03,8.2131,24.639499999999998,240.58,249.14,251.38,425.17,431.11,427.31,427.8,9.3012,7.8366,7.5017,1.7341,1.3373,1.1834,4.2949,1.4106,1.4176,1.4667,6.0759,2.2377,1.9524,1.8858,0.7037,0.7757,0.6862,0.6279,50,248.13,146.58,1,1,2025-09-30 16:12:14,19.6,82.3,,1,0,,0
2025-09-30 16:13:44,188.72,0.3257,247.8,0.4623,1.3869,241.86,249.79,251.76,427.23,432.16,428.2,429.3,1.3869,0.0,0.0,0.3245,0.0,0.0,0.0819,0.0819,0,0,0.3354,0.3354,0,0,0.9697,0.9695,1,1,50,248.22,146.64,0,1,2025-09-30 16:13:44,19.0,78.6,,0,0,,1
2025-09-30 16:14:29,188.73,0.3261,248.51,0.4624,1.3873,242.32,250.48,252.75,428.36,433.03,429.89,430.4,1.3873,0.0,0.0,0.325,0.0,0.0,0.0828,0.0828,0,0,0.3362,0.3362,0,0,0.9692,0.969,1,1,50,248.22,146.64,0,1,2025-09-30 16:14:29,19.0,80.6,,0,0,,1
2025-09-30 16:15:14,188.73,0.3192,247.61,0.4581,1.3744,239.82,249.9,253.11,425.08,433.7,427.84,429.4,1.3744,0.0,0.0,0.3192,0.0,0.0,0.0795,0.0795,0,0,0.3296,0.3296,0,0,0.9703,0.9703,1,1,50,248.23,146.64,0,1,2025-09-30 16:15:14,18.9,82.4,,0,0,,1
2025-09-30 16:15:59,188.73,0.323,247.7,0.4603,1.3809,240.73,249.98,252.4,426.97,431.57,428.49,428.95,1.3809,0.0,0.0,0.3217,0.0,0.0,0.0808,0.0808,0,0,0.3324,0.3324,0,0,0.9701,0.9698,1,1,49.9,248.23,146.64,0,1,2025-09-30 16:15:59,19.0,83.9,,0,0,,1
2025-09-30 16:16:44,188.74,0.3223,247.32,0.4601,1.3803,240.45,249.49,252.02,425.69,431.49,427.88,428.34,1.3803,0.0,0.0,0.3212,0.0,0.0,0.0806,0.0806,0,0,0.3319,0.3319,0,0,0.9701,0.9699,1,1,49.9,248.24,146.65,0,1,2025-09-30 16:16:44,19.0,85.2,,0,0,,1
2025-09-30 16:17:29,188.74,0.3206,246.68,0.4597,1.3791,240.09,248.75,251.21,424.77,429.49,427.47,427.21,1.3791,0.0,0.0,0.3206,0.0,0.0,0.08,0.08,0,0,0.3311,0.3311,0,0,0.9702,0.9702,1,1,49.9,248.24,146.65,0,1,2025-09-30 16:17:29,19.0,86.2,,0,0,,1
2025-09-30 16:18:14,188.75,0.3228,247.08,0.4609,1.3829,241.33,248.7,251.22,425.49,430.38,427.97,427.89,1.3829,0.0,0.0,0.3228,0.0,0.0,0.0819,0.0819,0,0,0.3337,0.3337,0,0,0.9692,0.9692,1,1,49.9,248.24,146.65,0,1,2025-09-30 16:18:14,19.5,87.2,,0,0,,1
2025-09-30 16:18:59,188.75,0.3182,244.09,0.4574,1.3723,238.11,246,248.16,420.59,424.69,422.96,422.71,1.3723,0.0,0.0,0.3168,0.0,0.0,0.0775,0.0775,0,0,0.3268,0.3268,0,0,0.9716,0.9713,1,1,49.9,248.25,146.65,0,1,2025-09-30 16:18:59,19.5,88,,0,0,,1
2025-09-30 16:19:44,188.75,0.3228,243.74,0.4602,1.3806,240.53,247.74,242.95,421,424.41,421.05,422.12,1.3806,0.0,0.0,0.3213,0.0,0.0,0.0809,0.0809,0,0,0.3321,0.3321,0,0,0.97,0.9697,1,1,49.9,248.25,146.65,0,1,2025-09-30 16:19:44,19.6,88.6,,0,0,,1
2025-09-30 16:20:29,188.76,0.3219,243.73,0.4591,1.3775,240.57,247.64,242.99,421.04,424.27,421.11,422.11,1.3775,0.0,0.0,0.3206,0.0,0.0,0.0811,0.0811,0,0,0.3314,0.3314,0,0,0.9697,0.9694,1,1,49.9,248.26,146.65,0,1,2025-09-30 16:20:29,19.6,89.1,,0,0,,1
2025-09-30 16:21:14,188.76,0.3222,243.31,0.4598,1.3796,240.38,246.58,242.97,420.05,423.18,420.99,421.42,1.3796,0.0,0.0,0.3211,0.0,0.0,0.0802,0.0802,0,0,0.3316,0.3316,0,0,0.9704,0.9702,1,1,50,248.26,146.65,0,1,2025-09-30 16:21:14,19.7,89.8,,0,0,,1
2025-09-30 16:21:59,188.77,0.3225,244.03,0.4593,1.378,240.88,247.18,244.03,421.49,424.86,421.64,422.72,1.378,0.0,0.0,0.3211,0.0,0.0,0.0813,0.0813,0,0,0.3319,0.3319,0,0,0.9696,0.9694,1,1,50,248.27,146.65,0,1,2025-09-30 16:21:59,19.7,90.1,,0,0,,1
2025-09-30 16:23:29,188.83,4.2689,242.42,8.074,24.2221,239.02,244.17,244.09,417.95,421.84,419.87,419.85,9.2906,7.6465,7.285,1.7731,1.3045,1.1914,3.9833,1.3333,1.3315,1.3185,5.8659,2.2206,1.867,1.7782,0.7311,0.7992,0.6998,0.6704,50,248.35,146.71,1,1,2025-09-30 16:23:29,19.8,88.4,,1,0,,0
2025-09-30 16:24:14,188.88,4.2446,242.69,8.0391,24.1175,239.14,244.66,244.29,418.54,422.62,419.91,420.4,9.2213,7.6566,7.2396,1.7641,1.3072,1.1733,3.9793,1.3196,1.3378,1.322,5.847,2.2052,1.8733,1.7686,0.7295,0.8007,0.6988,0.6637,50,248.42,146.76,1,1,2025-09-30 16:24:14,19.7,84.4,,1,0,,0
2025-09-30 16:24:59,188.93,4.1366,242.11,7.9131,23.739400000000003,238.66,244.26,243.41,417.72,421.73,418.58,419.33,9.1034,7.5316,7.1044,1.7329,1.2684,1.1354,3.939,1.3071,1.3287,1.3032,5.7416,2.1726,1.8397,1.7293,0.7241,0.7983,0.6905,0.6568,50,248.49,146.81,1,1,2025-09-30 16:24:59,19.6,80.7,,1,0,,0
2025-09-30 16:25:44,188.96,0.3208,242.97,0.46,1.38,239.87,245.06,243.98,419.24,423.07,420.18,420.91,1.38,0.0,0.0,0.3208,0.0,0.0,0.0787,0.0787,0,0,0.331,0.331,0,0,0.9711,0.9711,1,1,50,248.53,146.83,0,1,2025-09-30 16:25:44,19.1,78.6,,0,0,,1
2025-09-30 16:26:29,188.96,0.3224,242.96,0.4605,1.3816,239.85,245.11,243.93,419.09,423.31,420.06,420.87,1.3816,0.0,0.0,0.3212,0.0,0.0,0.0786,0.0786,0,0,0.3314,0.3314,0,0,0.9715,0.9713,1,1,50,248.53,146.83,0,1,2025-09-30 16:26:29,19.0,80.1,,0,0,,1
2025-09-30 16:27:14,188.96,0.3222,242.89,0.46,1.3802,239.8,244.96,243.91,419.01,423.05,420.03,420.75,1.3802,0.0,0.0,0.3208,0.0,0.0,0.0786,0.0786,0,0,0.331,0.331,0,0,0.9714,0.9712,1,1,50.1,248.54,146.83,0,1,2025-09-30 16:27:14,18.9,81.9,,0,0,,1
2025-09-30 16:27:59,188.97,0.3238,243.52,0.4607,1.3822,241.19,245.21,244.16,420.51,423.45,421.39,421.81,1.3822,0.0,0.0,0.3226,0.0,0.0,0.0812,0.0812,0,0,0.3334,0.3334,0,0,0.9699,0.9697,1,1,50,248.54,146.83,0,1,2025-09-30 16:27:59,19.0,83.5,,0,0,,1
2025-09-30 16:28:44,188.97,0.3234,243.51,0.4605,1.3815,241.15,245.22,244.17,420.46,423.83,421.03,421.7,1.3815,0.0,0.0,0.3223,0.0,0.0,0.0813,0.0813,0,0,0.3331,0.3331,0,0,0.9698,0.9696,1,1,50,248.55,146.83,0,1,2025-09-30 16:28:44,19.0,84.9,,0,0,,1
2025-09-30 16:29:29,188.98,0.3235,243.34,0.4606,1.3819,240.95,244.95,244.12,419.77,424.01,420.64,421.45,1.3819,0.0,0.0,0.3222,0.0,0.0,0.081,0.081,0,0,0.333,0.333,0,0,0.97,0.9697,1,1,50,248.55,146.83,0,1,2025-09-30 16:29:29,19.0,86,,0,0,,1
2025-09-30 16:30:14,188.98,0.3239,243.29,0.4611,1.3835,241.04,244.75,244.1,419.74,423.36,421.09,421.37,1.3835,0.0,0.0,0.3227,0.0,0.0,0.0809,0.0809,0,0,0.3335,0.3335,0,0,0.9701,0.9699,1,1,50,248.55,146.84,0,1,2025-09-30 16:30:14,19.1,87,,0,0,,1
2025-09-30 16:30:59,188.98,0.3206,242.82,0.4586,1.376,239.69,244.89,243.88,418.79,423.26,419.67,420.6,1.376,0.0,0.0,0.3195,0.0,0.0,0.0791,0.0791,0,0,0.3298,0.3298,0,0,0.9708,0.9706,1,1,50,248.56,146.84,0,1,2025-09-30 16:30:59,19.5,87.7,,0,0,,1
2025-09-30 16:31:44,188.99,0.3206,242.51,0.4589,1.3768,239.46,244.5,243.59,418.44,422.49,419.22,420.09,1.3768,0.0,0.0,0.3194,0.0,0.0,0.0789,0.0789,0,0,0.3297,0.3297,0,0,0.971,0.9708,1,1,50,248.56,146.84,0,1,2025-09-30 16:31:44,19.5,88.4,,0,0,,1
2025-09-30 16:32:29,188.99,0.3205,242.49,0.4588,1.3764,239.53,244.37,243.57,418.53,421.6,419.86,420.04,1.3764,0.0,0.0,0.3193,0.0,0.0,0.0792,0.0792,0,0,0.3297,0.3297,0,0,0.9707,0.9705,1,1,50,248.57,146.84,0,1,2025-09-30 16:32:29,19.6,89,,0,0,,1
2025-09-30 16:33:14,189,0.3195,242.56,0.459,1.3772,239.43,244.55,243.7,418.39,422.3,419.67,420.11,1.3772,0.0,0.0,0.3195,0.0,0.0,0.0786,0.0786,0,0,0.3297,0.3297,0,0,0.971,0.971,1,1,50,248.57,146.84,0,1,2025-09-30 16:33:14,19.6,89.5,,0,0,,1
2025-09-30 16:33:59,189,0.3202,242.4,0.4586,1.3758,239.4,244.32,243.49,418.35,422.28,418.93,419.93,1.3758,0.0,0.0,0.3191,0.0,0.0,0.0789,0.0789,0,0,0.3294,0.3294,0,0,0.9709,0.9707,1,1,50,248.57,146.84,0,1,2025-09-30 16:33:59,19.7,89.9,,0,0,,1
2025-09-30 16:34:44,189,0.319,242.29,0.4575,1.3726,239.23,244.28,243.37,417.68,422.29,419,419.64,1.3726,0.0,0.0,0.318,0.0,0.0,0.0792,0.0792,0,0,0.3284,0.3284,0,0,0.9705,0.9703,1,1,50,248.58,146.84,0,1,2025-09-30 16:34:44,19.7,90.2,,0,0,,1
2025-09-30 16:35:29,189.01,4.0285,241.01,7.8722,23.6166,237.72,242.39,242.93,415.38,419.58,417.37,417.44,9.3864,7.3015,6.9287,1.7644,1.1882,1.0759,3.9643,1.3627,1.3079,1.2936,5.6843,2.2313,1.7698,1.6832,0.7127,0.7914,0.6724,0.6394,49.9,248.59,146.85,1,1,2025-09-30 16:35:29,19.8,90.5,,1,0,,0
2025-09-30 16:36:59,189.12,4.1877,241.9,7.9807,23.9422,236.61,248.21,240.89,417.07,422.49,417.3,418.96,9.07,7.7028,7.1694,1.744,1.3364,1.1073,3.9344,1.2471,1.3632,1.3241,5.785,2.1461,1.9119,1.727,0.7288,0.8134,0.7,0.6415,50,248.73,146.94,1,1,2025-09-30 16:36:59,19.7,84.1,,1,0,,0
2025-09-30 16:37:44,189.17,4.1233,242.61,7.9406,23.8218,238.15,248.49,241.19,418.78,423.27,418.49,420.2,9.0554,7.6653,7.1011,1.7378,1.3021,1.0834,3.9843,1.2732,1.3859,1.3251,5.774,2.1565,1.9048,1.7127,0.7191,0.8066,0.6847,0.6329,50,248.8,146.99,1,1,2025-09-30 16:37:44,19.6,80.4,,1,0,,0
2025-09-30 16:38:29,189.19,0.3212,243.67,0.4595,1.3785,239.7,249.29,242.03,420.71,424.53,420.81,422.04,1.3785,0.0,0.0,0.3201,0.0,0.0,0.079,0.079,0,0,0.3304,0.3304,0,0,0.971,0.9708,1,1,50,248.83,147.01,0,1,2025-09-30 16:38:29,19.1,78.7,,0,0,,1
2025-09-30 16:39:14,189.19,0.3207,243.92,0.4599,1.3799,239.85,249.72,242.21,421.64,425.31,420.46,422.47,1.3799,0.0,0.0,0.3207,0.0,0.0,0.0789,0.0789,0,0,0.331,0.331,0,0,0.971,0.971,1,1,50,248.84,147.01,0,1,2025-09-30 16:39:14,19.0,80.5,,0,0,,1
2025-09-30 16:39:59,189.2,0.3226,243.96,0.4608,1.3826,239.84,249.71,242.33,421.25,425.59,420.73,422.53,1.3826,0.0,0.0,0.3214,0.0,0.0,0.0789,0.0789,0,0,0.3316,0.3316,0,0,0.9713,0.9711,1,1,50,248.84,147.01,0,1,2025-09-30 16:39:59,19.0,82.1,,0,0,,1
2025-09-30 16:40:44,189.2,0.3211,243.9,0.4591,1.3774,239.82,249.64,242.24,421.36,424.8,421.07,422.35,1.3774,0.0,0.0,0.3199,0.0,0.0,0.0794,0.0794,0,0,0.3303,0.3303,0,0,0.9707,0.9705,1,1,50,248.84,147.01,0,1,2025-09-30 16:40:44,19.0,83.7,,0,0,,1
2025-09-30 16:41:29,189.2,0.3215,243.92,0.4596,1.379,239.82,249.69,242.26,421.19,425.33,420.86,422.45,1.379,0.0,0.0,0.3204,0.0,0.0,0.079,0.079,0,0,0.3307,0.3307,0,0,0.971,0.9709,1,1,50,248.85,147.01,0,1,2025-09-30 16:41:29,19.0,85,,0,0,,1
2025-09-30 16:42:14,189.21,0.3187,243.12,0.4581,1.3744,238.34,249.14,241.88,419.88,424.03,419.29,421.14,1.3744,0.0,0.0,0.3177,0.0,0.0,0.0773,0.0773,0,0,0.3276,0.3276,0,0,0.9717,0.9716,1,1,50,248.85,147.02,0,1,2025-09-30 16:42:14,19.0,86.2,,0,0,,1
2025-09-30 16:42:59,189.21,0.3183,243.17,0.4573,1.3719,238.33,249.34,241.84,419.95,424.08,419.42,421.13,1.3719,0.0,0.0,0.3171,0.0,0.0,0.0772,0.0772,0,0,0.327,0.327,0,0,0.9718,0.9716,1,1,50,248.86,147.02,0,1,2025-09-30 16:42:59,19.1,87,,0,0,,1
2025-09-30 16:43:44,189.22,0.3189,243.03,0.4582,1.3747,238.33,248.99,241.78,419.77,423.5,419.46,420.99,1.3747,0.0,0.0,0.3177,0.0,0.0,0.0773,0.0773,0,0,0.3276,0.3276,0,0,0.9718,0.9716,1,1,50,248.86,147.02,0,1,2025-09-30 16:43:44,19.5,87.9,,0,0,,1
2025-09-30 16:44:29,189.22,0.3186,242.84,0.4582,1.3747,238.07,248.88,241.58,419.42,422.96,419.35,420.61,1.3747,0.0,0.0,0.3174,0.0,0.0,0.077,0.077,0,0,0.3273,0.3273,0,0,0.9719,0.9717,1,1,50,248.86,147.02,0,1,2025-09-30 16:44:29,19.6,88.7,,0,0,,1
2025-09-30 16:45:14,189.22,0.3208,243.83,0.4589,1.3769,239.67,249.68,242.14,421.39,424.66,420.82,422.24,1.3769,0.0,0.0,0.3197,0.0,0.0,0.079,0.079,0,0,0.33,0.33,0,0,0.9709,0.9708,1,1,50,248.87,147.02,0,1,2025-09-30 16:45:14,19.6,89.3,,0,0,,1
2025-09-30 16:45:59,189.23,0.3208,243.67,0.4591,1.3774,239.54,249.56,241.93,421.15,424.93,420.03,422.08,1.3774,0.0,0.0,0.3197,0.0,0.0,0.0791,0.0791,0,0,0.3299,0.3299,0,0,0.9709,0.9707,1,1,50,248.87,147.02,0,1,2025-09-30 16:45:59,19.7,89.9,,0,0,,1
2025-09-30 16:46:44,189.23,0.319,243.43,0.4584,1.3753,239.32,249.23,241.74,420.95,423.62,420.23,421.58,1.3753,0.0,0.0,0.319,0.0,0.0,0.0789,0.0789,0,0,0.3291,0.3291,0,0,0.9707,0.9705,1,1,50,248.88,147.02,0,1,2025-09-30 16:46:44,19.7,90.3,,0,0,,1
2025-09-30 16:47:29,189.26,4.1874,242.35,8.0168,24.0506,237.99,248.03,241.05,418.53,422.26,418.44,419.74,9.151,7.7423,7.1573,1.7612,1.322,1.1041,3.9762,1.2718,1.3851,1.3193,5.8234,2.1778,1.9203,1.7253,0.7251,0.8105,0.6905,0.6422,50,248.92,147.05,1,1,2025-09-30 16:47:29,19.7,90,,1,0,,0
2025-09-30 16:48:59,189.37,4.0776,242.1,7.8867,23.6601,237.76,247.77,240.79,417.8,422.55,417.6,419.38,9.0175,7.5997,7.0429,1.7246,1.2795,1.0734,3.9574,1.2719,1.3743,1.3112,5.7228,2.144,1.883,1.6959,0.7176,0.8051,0.6817,0.6328,50,249.07,147.15,1,1,2025-09-30 16:48:59,19.6,82.6,,1,0,,0
2025-09-30 16:49:44,189.41,0.3238,243.22,0.4632,1.3898,239.15,249,241.53,420.7,423.14,419.9,421.25,1.3898,0.0,0.0,0.3226,0.0,0.0,0.0774,0.0774,0,0,0.3324,0.3324,0,0,0.9726,0.9724,1,1,50,249.13,147.19,0,1,2025-09-30 16:49:44,19.5,79.1,,0,0,,1
2025-09-30 16:50:36,189.42,0.3183,243.6,0.4582,1.3748,237.81,247.71,245.28,420.05,424.94,420.75,421.82,1.3748,0.0,0.0,0.3172,0.0,0.0,0.0768,0.0768,0,0,0.3269,0.3269,0,0,0.9721,0.9719,1,1,50,249.14,147.2,0,1,2025-09-30 16:50:36,19.0,80.3,,0,0,,1
2025-09-30 16:51:21,189.42,0.3179,243.73,0.4581,1.3744,237.36,248.05,245.79,420.29,424.98,421.13,422.06,1.3744,0.0,0.0,0.3167,0.0,0.0,0.0756,0.0756,0,0,0.3262,0.3262,0,0,0.9728,0.9726,1,1,50,249.14,147.2,0,1,2025-09-30 16:51:21,19.0,81.8,,0,0,,1
2025-09-30 16:52:06,189.43,0.315,243.47,0.4565,1.3697,235.8,247.82,246.8,418.9,425.37,420.78,421.63,1.3697,0.0,0.0,0.314,0.0,0.0,0.0735,0.0735,0,0,0.323,0.323,0,0,0.9738,0.9736,1,1,50,249.15,147.2,0,1,2025-09-30 16:52:06,19.0,83.2,,0,0,,1
2025-09-30 16:52:51,189.43,0.3139,243.43,0.4564,1.3692,235.82,247.86,246.63,419.38,425.23,420.27,421.65,1.3692,0.0,0.0,0.3139,0.0,0.0,0.0735,0.0735,0,0,0.3229,0.3229,0,0,0.9736,0.9736,1,1,50.1,249.15,147.2,0,1,2025-09-30 16:52:51,19.0,84.4,,0,0,,1
2025-09-30 16:53:36,189.44,0.3157,243.51,0.4571,1.3713,235.92,247.92,246.7,419.48,425.18,420.59,421.74,1.3713,0.0,0.0,0.3146,0.0,0.0,0.0732,0.0732,0,0,0.3235,0.3235,0,0,0.9741,0.974,1,1,50.1,249.16,147.2,0,1,2025-09-30 16:53:36,19.0,85.5,,0,0,,1
2025-09-30 16:54:21,189.44,0.316,243.7,0.4571,1.3715,236.1,248.11,246.91,420.28,424.83,421.11,421.96,1.3715,0.0,0.0,0.3149,0.0,0.0,0.0729,0.0729,0,0,0.3238,0.3238,0,0,0.9744,0.9742,1,1,50.1,249.16,147.2,0,1,2025-09-30 16:54:21,19.1,86.6,,0,0,,1
2025-09-30 16:55:06,189.44,0.3195,244.83,0.4585,1.3756,238.1,248.83,247.57,422.21,427.15,422.77,424.02,1.3756,0.0,0.0,0.318,0.0,0.0,0.0758,0.0758,0,0,0.3275,0.3275,0,0,0.9729,0.9727,1,1,50.1,249.16,147.2,0,1,2025-09-30 16:55:07,19.5,87.4,,0,0,,1
2025-09-30 16:55:51,189.45,0.3189,244.87,0.4583,1.3749,238.11,248.85,247.66,422.57,426.49,423.24,424.01,1.3749,0.0,0.0,0.3178,0.0,0.0,0.076,0.076,0,0,0.3274,0.3274,0,0,0.9727,0.9725,1,1,50.1,249.17,147.2,0,1,2025-09-30 16:55:51,19.6,88.1,,0,0,,1
2025-09-30 16:56:36,189.45,0.3187,244.78,0.4581,1.3743,238.08,248.7,247.56,422.29,426.43,423.1,423.89,1.3743,0.0,0.0,0.3176,0.0,0.0,0.0761,0.0761,0,0,0.3272,0.3272,0,0,0.9726,0.9724,1,1,50.1,249.17,147.2,0,1,2025-09-30 16:56:36,19.6,88.7,,0,0,,1
2025-09-30 16:57:43,189.46,0.3201,244.6,0.4594,1.3782,239.81,243.67,250.33,421.6,425.63,423.69,423.66,1.3782,0.0,0.0,0.3203,0.0,0.0,0.0788,0.0788,0,0,0.3305,0.3305,0,0,0.971,0.971,1,1,50.1,249.18,147.2,0,1,2025-09-30 16:57:43,19.7,89.6,,0,0,,1
2025-09-30 16:58:28,189.46,0.3193,244.53,0.4598,1.3796,239.84,243.68,250.07,421.28,425.82,423.46,423.52,1.3796,0.0,0.0,0.3206,0.0,0.0,0.0788,0.0788,0,0,0.3309,0.3309,0,0,0.9708,0.971,1,1,50.1,249.18,147.21,0,1,2025-09-30 16:58:28,19.7,90.1,,0,0,,1
2025-09-30 16:59:13,189.48,3.9701,243.51,7.7978,23.3935,238.36,242.73,249.45,419.49,423.94,421.83,421.84,8.8844,7.3609,7.1482,1.6228,1.22,1.1274,4.0377,1.3569,1.3004,1.3804,5.6875,2.1177,1.7867,1.7831,0.7011,0.7671,0.6842,0.6325,50.1,249.2,147.22,1,1,2025-09-30 16:59:13,19.7,90.5,,1,0,,0
2025-09-30 16:59:58,189.53,4.1669,243.33,7.979,23.937,238.26,242.48,249.25,418.86,424.02,421.45,421.48,9.1009,7.5118,7.3243,1.6873,1.2802,1.1994,4.0242,1.3581,1.2909,1.3752,5.8154,2.1684,1.8215,1.8256,0.7193,0.779,0.7041,0.6572,50.1,249.28,147.27,1,1,2025-09-30 16:59:58,19.7,87.8,,1,0,,0
2025-09-30 17:00:43,189.58,4.0721,243,7.8723,23.6169,237.9,242.21,248.89,418.9,422.54,421.13,420.86,8.987,7.4098,7.2201,1.6564,1.2497,1.166,3.9968,1.348,1.2831,1.3658,5.7297,2.138,1.7947,1.797,0.7136,0.7756,0.6977,0.6492,50.1,249.35,147.32,1,1,2025-09-30 17:00:43,19.7,83.7,,1,0,,0
2025-09-30 17:01:28,189.63,3.9987,242.33,7.7806,23.342000000000002,236.34,242.06,248.61,417.03,422.33,419.79,419.69,8.8748,7.3092,7.158,1.6218,1.233,1.1439,3.9522,1.3264,1.2639,1.362,5.6463,2.0975,1.7693,1.7796,0.7112,0.774,0.6983,0.6431,50,249.42,147.37,1,1,2025-09-30 17:01:28,19.6,80.2,,1,0,,0
2025-09-30 17:02:13,189.65,0.3174,242.98,0.4589,1.3767,237.36,242.6,248.99,418.65,422.75,421.09,420.88,1.3767,0.0,0.0,0.3174,0.0,0.0,0.0751,0.0751,0,0,0.3268,0.3268,0,0,0.9731,0.9731,1,1,50,249.44,147.38,0,1,2025-09-30 17:02:13,19.0,78.6,,0,0,,1
2025-09-30 17:02:58,189.65,0.3158,242.66,0.4574,1.3722,236.98,242.31,248.7,417.66,422.59,420.6,420.32,1.3722,0.0,0.0,0.3157,0.0,0.0,0.0752,0.0752,0,0,0.3252,0.3252,0,0,0.9727,0.9727,1,1,50,249.45,147.38,0,1,2025-09-30 17:02:58,19.0,80,,0,0,,1
2025-09-30 17:03:43,189.66,0.3187,243.43,0.4589,1.3769,238.54,242.63,249.13,419.56,423.42,421.86,421.62,1.3769,0.0,0.0,0.3185,0.0,0.0,0.0774,0.0774,0,0,0.3284,0.3284,0,0,0.9717,0.9717,1,1,50,249.45,147.39,0,1,2025-09-30 17:03:43,18.9,81.8,,0,0,,1
2025-09-30 17:04:49,189.66,0.3191,243.36,0.4586,1.3759,238.31,242.83,248.96,419.27,423.82,421.42,421.4,1.3759,0.0,0.0,0.318,0.0,0.0,0.0774,0.0774,0,0,0.3279,0.3279,0,0,0.9718,0.9716,1,1,50,249.46,147.39,0,1,2025-09-30 17:04:49,19.0,84.5,,0,0,,1
2025-09-30 17:05:34,189.67,0.317,243.14,0.4576,1.373,238.04,242.66,248.73,419.09,423.35,420.9,421.21,1.373,0.0,0.0,0.3169,0.0,0.0,0.0774,0.0774,0,0,0.3268,0.3268,0,0,0.9714,0.9714,1,1,50,249.46,147.39,0,1,2025-09-30 17:05:34,19.0,85.6,,0,0,,1
2025-09-30 17:06:19,189.67,0.3179,243.41,0.4583,1.3751,238.4,242.86,248.99,419.49,423.44,421.83,421.58,1.3751,0.0,0.0,0.3179,0.0,0.0,0.0775,0.0775,0,0,0.3278,0.3278,0,0,0.9715,0.9715,1,1,50,249.47,147.39,0,1,2025-09-30 17:06:19,19.1,86.6,,0,0,,1
2025-09-30 17:07:04,189.68,0.3191,243.32,0.4584,1.3753,238.28,242.8,248.9,419.72,422.93,421.62,421.43,1.3753,0.0,0.0,0.3179,0.0,0.0,0.077,0.077,0,0,0.3277,0.3277,0,0,0.9721,0.9719,1,1,50,249.47,147.39,0,1,2025-09-30 17:07:04,19.1,87.6,,0,0,,1
2025-09-30 17:07:49,189.68,0.3179,243.36,0.4588,1.3765,238.36,242.83,248.9,419.23,423.99,421.29,421.51,1.3765,0.0,0.0,0.3183,0.0,0.0,0.0769,0.0769,0,0,0.3281,0.3281,0,0,0.9719,0.972,1,1,50.1,249.48,147.39,0,1,2025-09-30 17:07:49,19.5,88.3,,0,0,,1
2025-09-30 17:08:34,189.68,0.3188,243.08,0.4583,1.3751,238.08,242.52,248.66,419.12,422.64,421.27,420.93,1.3751,0.0,0.0,0.3177,0.0,0.0,0.0766,0.0766,0,0,0.3274,0.3274,0,0,0.9723,0.9721,1,1,50,249.48,147.39,0,1,2025-09-30 17:08:34,19.5,88.9,,0,0,,1
2025-09-30 17:09:19,189.69,0.3172,243.25,0.4579,1.3738,238.16,242.79,248.81,419.43,423.13,421.34,421.32,1.3738,0.0,0.0,0.3174,0.0,0.0,0.0768,0.0768,0,0,0.3272,0.3272,0,0,0.9719,0.9719,1,1,50.1,249.48,147.39,0,1,2025-09-30 17:09:19,19.6,89.4,,0,0,,1
2025-09-30 17:10:04,189.69,0.3176,243.2,0.4581,1.3745,238.18,242.6,248.83,419.31,423.08,421.26,421.21,1.3745,0.0,0.0,0.3176,0.0,0.0,0.0768,0.0768,0,0,0.3274,0.3274,0,0,0.9719,0.9719,1,1,50.1,249.49,147.39,0,1,2025-09-30 17:10:04,19.7,89.8,,0,0,,1
2025-09-30 17:10:49,189.7,0.3165,242.9,0.4575,1.3726,237.84,242.34,248.54,418.61,422.38,421.11,420.66,1.3726,0.0,0.0,0.3167,0.0,0.0,0.0765,0.0765,0,0,0.3265,0.3265,0,0,0.972,0.972,1,1,50,249.49,147.39,0,1,2025-09-30 17:10:49,19.7,90.3,,0,0,,1
2025-09-30 17:11:56,189.72,4.0007,240.48,7.7565,23.2695,234.4,240.35,246.69,413.5,419.42,416.6,416.52,8.8576,7.2601,7.1518,1.6143,1.2328,1.1535,3.8662,1.3022,1.23,1.3339,5.5855,2.0762,1.745,1.7643,0.719,0.7783,0.7079,0.6541,50,249.52,147.41,1,1,2025-09-30 17:11:56,19.8,90.8,,1,0,,0
2025-09-30 17:13:26,189.82,4.0761,240.41,7.8148,23.4444,233.97,240.54,246.73,413.65,419,416.5,416.43,8.8781,7.3442,7.2221,1.6311,1.2705,1.1745,3.8432,1.2824,1.2222,1.3386,5.6257,2.0772,1.7666,1.7819,0.7275,0.7861,0.7206,0.6595,50,249.66,147.51,1,1,2025-09-30 17:13:26,19.7,83.4,,1,0,,0
2025-09-30 17:14:56,189.89,0.3162,241.62,0.4572,1.3718,236.33,241.16,247.38,415.95,421.24,418.28,418.5,1.3718,0.0,0.0,0.3149,0.0,0.0,0.0749,0.0749,0,0,0.3242,0.3242,0,0,0.973,0.9728,1,1,50,249.76,147.57,0,1,2025-09-30 17:14:56,19.0,78.7,,0,0,,1
2025-09-30 17:15:41,189.89,0.3155,241.46,0.4569,1.3708,236.29,240.88,247.21,416.02,420.26,418.31,418.22,1.3708,0.0,0.0,0.3145,0.0,0.0,0.075,0.075,0,0,0.3239,0.3239,0,0,0.9729,0.9727,1,1,50,249.76,147.57,0,1,2025-09-30 17:15:41,19.0,80.6,,0,0,,1
2025-09-30 17:16:26,189.9,0.3122,241.14,0.4558,1.3675,236.15,240.07,247.22,415.48,419.61,417.87,417.68,1.3675,0.0,0.0,0.3135,0.0,0.0,0.0751,0.0751,0,0,0.3229,0.3229,0,0,0.9722,0.9724,1,1,50,249.76,147.57,0,1,2025-09-30 17:16:26,18.9,82.4,,0,0,,1
2025-09-30 17:17:11,189.9,0.3136,240.9,0.4573,1.372,236.07,239.64,247.01,414.71,419,418.01,417.25,1.372,0.0,0.0,0.3146,0.0,0.0,0.0747,0.0747,0,0,0.3239,0.3239,0,0,0.9727,0.9729,1,1,50,249.77,147.57,0,1,2025-09-30 17:17:11,19.0,83.9,,0,0,,1
2025-09-30 17:17:56,189.9,0.3136,240.96,0.4562,1.3687,235.75,240.44,246.71,415.02,419.33,417.69,417.29,1.3687,0.0,0.0,0.3134,0.0,0.0,0.0745,0.0745,0,0,0.3227,0.3227,0,0,0.9729,0.9729,1,1,50,249.77,147.57,0,1,2025-09-30 17:17:56,19.0,85.3,,0,0,,1
2025-09-30 17:18:41,189.91,0.3133,241.03,0.4564,1.3693,235.47,240.8,246.84,414.83,420.46,417.14,417.48,1.3693,0.0,0.0,0.3133,0.0,0.0,0.074,0.074,0,0,0.3224,0.3224,0,0,0.9731,0.9731,1,1,50,249.78,147.57,0,1,2025-09-30 17:18:41,19.0,86.3,,0,0,,1
2025-09-30 17:19:26,189.91,0.3135,241.17,0.4565,1.3697,235.57,241,246.95,415.29,420.39,417.44,417.66,1.3697,0.0,0.0,0.3136,0.0,0.0,0.0736,0.0736,0,0,0.3227,0.3227,0,0,0.9735,0.9735,1,1,50,249.78,147.58,0,1,2025-09-30 17:19:26,19.1,87.2,,0,0,,1
2025-09-30 17:20:11,189.91,0.3124,241.08,0.4565,1.3697,235.59,240.83,246.83,415.25,420.08,417.32,417.54,1.3697,0.0,0.0,0.3136,0.0,0.0,0.0737,0.0737,0,0,0.3227,0.3227,0,0,0.9733,0.9735,1,1,50,249.78,147.58,0,1,2025-09-30 17:20:11,19.5,87.9,,0,0,,1
2025-09-30 17:20:56,189.92,0.314,241.13,0.4567,1.3703,235.72,240.83,246.86,415.45,419.95,417.52,417.64,1.3703,0.0,0.0,0.3139,0.0,0.0,0.0738,0.0738,0,0,0.323,0.323,0,0,0.9734,0.9734,1,1,50,249.79,147.58,0,1,2025-09-30 17:20:56,19.5,88.6,,0,0,,1
2025-09-30 17:21:41,189.92,0.3133,241.14,0.4562,1.3686,235.66,240.91,246.87,415.79,419.62,417.54,417.69,1.3686,0.0,0.0,0.3134,0.0,0.0,0.0739,0.0739,0,0,0.3225,0.3225,0,0,0.9733,0.9733,1,1,50,249.79,147.58,0,1,2025-09-30 17:21:41,19.6,89.2,,0,0,,1
2025-09-30 17:22:26,189.93,0.3112,240.45,0.4553,1.3661,234.16,240.51,246.7,413.75,419.54,416.1,416.45,1.3661,0.0,0.0,0.3113,0.0,0.0,0.0715,0.0715,0,0,0.3199,0.3199,0,0,0.9746,0.9746,1,1,50.1,249.8,147.58,0,1,2025-09-30 17:22:26,19.6,89.8,,0,0,,1
2025-09-30 17:23:11,189.93,0.3099,240.32,0.4551,1.3654,234.07,240.28,246.62,413.48,418.71,416.49,416.29,1.3654,0.0,0.0,0.311,0.0,0.0,0.0715,0.0715,0,0,0.3196,0.3196,0,0,0.9743,0.9745,1,1,50.1,249.8,147.58,0,1,2025-09-30 17:23:11,19.7,90.5,,0,0,,1
2025-09-30 17:23:56,189.94,3.9107,239.33,7.6105,22.831699999999998,232.74,239.34,245.92,411.53,417.52,414.5,414.47,8.6365,7.1427,7.0525,1.5675,1.2199,1.1233,3.7662,1.2543,1.1921,1.3198,5.4539,2.0101,1.7095,1.7344,0.7202,0.7808,0.7151,0.6481,50.1,249.82,147.59,1,1,2025-09-30 17:23:56,19.7,91,,1,0,,0
2025-09-30 17:24:41,189.99,4.1152,239.29,7.81,23.4301,232.66,239.37,245.85,411.57,417.42,414.34,414.52,8.8495,7.3486,7.232,1.6343,1.2906,1.1904,3.7584,1.2488,1.1902,1.3194,5.5959,2.0589,1.759,1.778,0.7383,0.7945,0.7351,0.6698,50.1,249.89,147.64,1,1,2025-09-30 17:24:41,19.7,88.2,,1,0,,0
2025-09-30 17:25:26,190.05,4.0602,239.31,7.7488,23.2465,232.77,239.24,245.92,411.87,416.72,414.8,414.44,8.8117,7.2453,7.1895,1.6173,1.2626,1.1803,3.7556,1.2579,1.1825,1.3152,5.5525,2.0511,1.7334,1.768,0.7341,0.7893,0.7298,0.6679,50.1,249.96,147.68,1,1,2025-09-30 17:25:26,19.6,83.8,,1,0,,0
2025-09-30 17:26:56,190.11,0.3116,241.37,0.4563,1.3689,233.84,245.34,244.95,416.18,420.96,416.99,418.05,1.3689,0.0,0.0,0.3116,0.0,0.0,0.0711,0.0711,0,0,0.3201,0.3201,0,0,0.9749,0.9749,1,1,50,250.04,147.74,0,1,2025-09-30 17:26:56,19.0,79.4,,0,0,,1
2025-09-30 17:27:41,190.11,0.313,241.1,0.4559,1.3679,234.43,246.03,242.86,416.55,420.26,415.94,417.7,1.3679,0.0,0.0,0.3119,0.0,0.0,0.0725,0.0725,0,0,0.3207,0.3207,0,0,0.9742,0.974,1,1,50,250.05,147.74,0,1,2025-09-30 17:27:41,18.9,80.9,,0,0,,1
2025-09-30 17:28:26,190.12,0.3107,240.2,0.4542,1.3628,233.41,244.98,242.23,414.01,418.91,415.14,416,1.3628,0.0,0.0,0.3095,0.0,0.0,0.0713,0.0713,0,0,0.3181,0.3181,0,0,0.9746,0.9744,1,1,50,250.05,147.74,0,1,2025-09-30 17:28:26,18.9,82.7,,0,0,,1
2025-09-30 17:29:11,190.12,0.3111,240.34,0.4547,1.3643,233.58,245.08,242.36,414.63,419.2,414.94,416.23,1.3643,0.0,0.0,0.3101,0.0,0.0,0.0715,0.0715,0,0,0.3187,0.3187,0,0,0.9746,0.9744,1,1,50,250.05,147.74,0,1,2025-09-30 17:29:11,18.9,84.3,,0,0,,1
2025-09-30 17:29:56,190.12,0.3078,239.61,0.4542,1.3627,231.75,244.3,242.79,412.68,418.4,413.9,414.96,1.3627,0.0,0.0,0.3078,0.0,0.0,0.069,0.069,0,0,0.3158,0.3158,0,0,0.9757,0.9757,1,1,50,250.06,147.74,0,1,2025-09-30 17:29:56,19.0,85.4,,0,0,,1
2025-09-30 17:30:41,190.13,0.3071,239.8,0.4533,1.3599,231.93,244.47,243.01,412.95,418.55,414.45,415.34,1.3599,0.0,0.0,0.3071,0.0,0.0,0.0698,0.0698,0,0,0.3154,0.3154,0,0,0.9751,0.9751,1,1,50,250.06,147.74,0,1,2025-09-30 17:30:41,19.0,86.5,,0,0,,1
2025-09-30 17:31:26,190.13,0.3093,240.06,0.4543,1.3631,232.15,244.8,243.24,413.52,419,414.79,415.75,1.3631,0.0,0.0,0.3083,0.0,0.0,0.0695,0.0695,0,0,0.3164,0.3164,0,0,0.9757,0.9755,1,1,50,250.07,147.75,0,1,2025-09-30 17:31:26,19.1,87.4,,0,0,,1
2025-09-30 17:32:11,190.13,0.3079,240.17,0.4538,1.3616,232.2,244.97,243.35,413.89,419.11,414.87,416.03,1.3616,0.0,0.0,0.3079,0.0,0.0,0.0699,0.0699,0,0,0.3162,0.3162,0,0,0.9751,0.9751,1,1,50,250.07,147.75,0,1,2025-09-30 17:32:11,19.5,88.1,,0,0,,1
2025-09-30 17:32:56,190.14,0.308,240.16,0.454,1.3621,232.19,244.98,243.33,413.97,418.95,414.9,415.99,1.3621,0.0,0.0,0.308,0.0,0.0,0.0698,0.0698,0,0,0.3163,0.3163,0,0,0.9752,0.9752,1,1,50,250.07,147.75,0,1,2025-09-30 17:32:56,19.5,88.7,,0,0,,1
2025-09-30 17:33:41,190.14,0.31,239.94,0.4554,1.3664,231.93,244.74,243.17,413.3,418.73,414.65,415.63,1.3664,0.0,0.0,0.3089,0.0,0.0,0.0689,0.0689,0,0,0.3169,0.3169,0,0,0.9761,0.976,1,1,50.1,250.08,147.75,0,1,2025-09-30 17:33:41,19.6,89.4,,0,0,,1
2025-09-30 17:34:26,190.15,0.31,240.72,0.4548,1.3645,233.44,245.11,243.61,414.57,420.2,415.97,416.87,1.3645,0.0,0.0,0.31,0.0,0.0,0.0712,0.0712,0,0,0.3185,0.3185,0,0,0.9746,0.9746,1,1,50,250.08,147.75,0,1,2025-09-30 17:34:26,19.6,89.9,,0,0,,1
2025-09-30 17:35:11,190.15,0.3113,240.57,0.4551,1.3655,233.48,244.61,243.62,414.4,419.25,416.27,416.66,1.3655,0.0,0.0,0.3102,0.0,0.0,0.0716,0.0716,0,0,0.3188,0.3188,0,0,0.9745,0.9744,1,1,50,250.09,147.75,0,1,2025-09-30 17:35:11,19.7,90.2,,0,0,,1
2025-09-30 17:35:56,190.15,0.3117,240.63,0.4556,1.3668,233.47,244.78,243.65,414.43,419.64,416.21,416.75,1.3668,0.0,0.0,0.3105,0.0,0.0,0.0714,0.0714,0,0,0.3191,0.3191,0,0,0.9747,0.9745,1,1,50,250.09,147.75,0,1,2025-09-30 17:35:56,19.7,90.6,,0,0,,1
2025-09-30 17:36:41,190.16,3.8603,239.62,7.6224,22.8674,231.99,243.95,242.93,412.37,418.65,414.03,415,8.7577,7.2152,6.8945,1.6124,1.2222,1.0258,3.8164,1.2323,1.2613,1.3228,5.4667,2.0317,1.7601,1.6749,0.7111,0.7945,0.6958,0.6127,50,250.1,147.76,1,1,2025-09-30 17:36:41,19.8,90.9,,1,0,,0
2025-09-30 17:37:26,190.21,4.116,239.65,7.8366,23.509900000000002,232.11,243.87,242.98,412.37,418.29,414.53,414.95,8.8378,7.4794,7.1927,1.6538,1.3252,1.137,3.7842,1.2101,1.248,1.326,5.623,2.0513,1.824,1.7477,0.7361,0.807,0.7279,0.6509,50,250.17,147.8,1,1,2025-09-30 17:37:26,19.7,88.6,,1,0,,0
2025-09-30 17:38:11,190.26,4.0377,239.8,7.7517,23.2552,232.19,244.13,243.1,412.37,419.17,414.47,415.39,8.7345,7.411,7.1097,1.6287,1.3027,1.1063,3.7816,1.2048,1.2502,1.3266,5.5657,2.0281,1.8092,1.7284,0.7298,0.8039,0.7214,0.6404,50.1,250.24,147.85,1,1,2025-09-30 17:38:11,19.7,84.4,,1,0,,0
2025-09-30 17:38:56,190.31,3.9567,239.94,7.6713,23.0141,232.4,244.21,243.21,413.27,418.34,415.04,415.55,8.6708,7.3163,7.027,1.6071,1.2689,1.0807,3.7855,1.2116,1.2519,1.322,5.5108,2.0151,1.7867,1.709,0.7225,0.7984,0.7118,0.6329,50.1,250.31,147.9,1,1,2025-09-30 17:38:56,19.6,80.6,,1,0,,0
2025-09-30 17:39:41,190.33,0.3107,240.29,0.4556,1.3669,232.39,244.99,243.49,414.01,419.87,414.64,416.18,1.3669,0.0,0.0,0.3096,0.0,0.0,0.0691,0.0691,0,0,0.3177,0.3177,0,0,0.9761,0.9759,1,1,50.1,250.33,147.91,0,1,2025-09-30 17:39:41,19.0,79.2,,0,0,,1
2025-09-30 17:40:26,190.33,0.3099,240.26,0.4547,1.3641,232.3,245.02,243.46,413.63,419.62,415.08,416.13,1.3641,0.0,0.0,0.3088,0.0,0.0,0.0691,0.0691,0,0,0.3169,0.3169,0,0,0.976,0.9758,1,1,50.1,250.34,147.91,0,1,2025-09-30 17:40:26,19.0,80.6,,0,0,,1
2025-09-30 17:41:11,190.34,0.3097,240.28,0.4543,1.3631,232.3,245.08,243.48,414.13,419.26,415.07,416.21,1.3631,0.0,0.0,0.3085,0.0,0.0,0.0694,0.0694,0,0,0.3166,0.3166,0,0,0.9757,0.9756,1,1,50.1,250.34,147.91,0,1,2025-09-30 17:41:11,18.9,82.4,,0,0,,1
2025-09-30 17:41:56,190.34,0.3099,240.36,0.4548,1.3646,232.37,245.1,243.62,414.14,419.24,415.46,416.21,1.3646,0.0,0.0,0.3089,0.0,0.0,0.0696,0.0696,0,0,0.3171,0.3171,0,0,0.9757,0.9755,1,1,50.1,250.34,147.91,0,1,2025-09-30 17:41:56,18.9,83.8,,0,0,,1
2025-09-30 17:42:41,190.35,0.3097,240.13,0.4549,1.3647,232.14,244.87,243.39,413.89,418.65,415.09,415.83,1.3647,0.0,0.0,0.3087,0.0,0.0,0.0694,0.0694,0,0,0.3168,0.3168,0,0,0.9758,0.9756,1,1,50.1,250.35,147.92,0,1,2025-09-30 17:42:41,19.0,85.1,,0,0,,1
2025-09-30 17:43:26,190.35,0.3121,240.88,0.4556,1.3668,233.67,245.22,243.77,414.8,420.56,416.25,417.16,1.3668,0.0,0.0,0.3108,0.0,0.0,0.0717,0.0717,0,0,0.3194,0.3194,0,0,0.9746,0.9744,1,1,50.1,250.35,147.92,0,1,2025-09-30 17:43:26,19.0,86.2,,0,0,,1
2025-09-30 17:44:11,190.35,0.3126,241.06,0.456,1.3681,233.89,245.32,243.98,415.14,420.64,416.74,417.55,1.3681,0.0,0.0,0.3114,0.0,0.0,0.0716,0.0716,0,0,0.32,0.32,0,0,0.9747,0.9745,1,1,50.1,250.36,147.92,0,1,2025-09-30 17:44:11,19.1,87.2,,0,0,,1
2025-09-30 17:44:56,190.36,0.3121,241.35,0.4551,1.3654,234.1,245.72,244.23,415.94,421.36,416.73,418,1.3654,0.0,0.0,0.3109,0.0,0.0,0.0721,0.0721,0,0,0.3196,0.3196,0,0,0.9743,0.9741,1,1,50.1,250.36,147.92,0,1,2025-09-30 17:44:56,19.5,87.9,,0,0,,1
2025-09-30 17:45:41,190.36,0.3118,241.33,0.4547,1.3643,234.11,245.68,244.22,415.85,421.03,417.06,418.03,1.3643,0.0,0.0,0.3105,0.0,0.0,0.0725,0.0725,0,0,0.3194,0.3194,0,0,0.974,0.9738,1,1,50,250.36,147.92,0,1,2025-09-30 17:45:41,19.5,88.6,,0,0,,1
2025-09-30 17:46:26,190.36,0.3121,241.38,0.4551,1.3655,234.17,245.72,244.27,415.97,421.11,417.12,418.03,1.3655,0.0,0.0,0.3109,0.0,0.0,0.0725,0.0725,0,0,0.3198,0.3198,0,0,0.974,0.9738,1,1,50,250.37,147.92,0,1,2025-09-30 17:46:26,19.6,89.2,,0,0,,1
2025-09-30 17:47:11,190.37,0.311,241.47,0.4552,1.3658,234.19,245.85,244.39,416.04,421.35,417.27,418.23,1.3658,0.0,0.0,0.311,0.0,0.0,0.0726,0.0726,0,0,0.3199,0.3199,0,0,0.9737,0.9737,1,1,50,250.37,147.92,0,1,2025-09-30 17:47:11,19.6,89.7,,0,0,,1
2025-09-30 17:47:56,190.37,0.3101,240.88,0.4543,1.3629,232.85,245.59,244.22,414.66,420.55,416.37,417.15,1.3629,0.0,0.0,0.3089,0.0,0.0,0.0706,0.0706,0,0,0.3174,0.3174,0,0,0.975,0.9749,1,1,50,250.38,147.92,0,1,2025-09-30 17:47:56,19.7,90.1,,0,0,,1
2025-09-30 17:48:41,190.38,0.3088,240.76,0.4543,1.363,232.76,245.62,243.92,414.88,419.88,416.18,416.99,1.363,0.0,0.0,0.3088,0.0,0.0,0.0707,0.0707,0,0,0.3173,0.3173,0,0,0.9747,0.9747,1,1,50,250.38,147.92,0,1,2025-09-30 17:48:41,19.7,90.6,,0,0,,1
2025-09-30 17:49:26,190.38,0.3098,240.76,0.4537,1.3613,233.08,244.87,244.33,414.29,419.59,417.02,416.96,1.3613,0.0,0.0,0.3086,0.0,0.0,0.0715,0.0715,0,0,0.3173,0.3173,0,0,0.9743,0.9741,1,1,50,250.38,147.92,0,1,2025-09-30 17:49:26,19.7,90.9,,0,0,,1
2025-09-30 17:50:11,190.4,4.0141,239.95,7.7497,23.249100000000002,232.03,244.11,243.73,412.84,418.51,415.38,415.47,8.7529,7.3869,7.1093,1.6199,1.2896,1.1045,3.8104,1.2215,1.2551,1.3338,5.5669,2.0309,1.8032,1.7327,0.7252,0.7984,0.7166,0.6378,50,250.42,147.94,1,1,2025-09-30 17:50:11,19.7,90.8,,1,0,,0
2025-09-30 17:50:56,190.42,0.3128,241.66,0.4566,1.3698,234.85,245.36,244.77,416.54,420.95,418.12,418.46,1.3698,0.0,0.0,0.3128,0.0,0.0,0.0729,0.0729,0,0,0.3217,0.3217,0,0,0.9738,0.9738,1,1,50,250.44,147.96,0,1,2025-09-30 17:50:56,19.7,88.5,,0,0,,1
2025-09-30 17:51:41,190.42,0.3136,241.62,0.4561,1.3685,234.86,245.36,244.65,416.22,421.44,417.79,418.52,1.3685,0.0,0.0,0.3125,0.0,0.0,0.073,0.073,0,0,0.3214,0.3214,0,0,0.9739,0.9737,1,1,50,250.44,147.96,0,1,2025-09-30 17:51:41,19.7,88.5,,0,0,,1
2025-09-30 17:52:26,190.43,0.3137,241.92,0.4564,1.3692,234.75,246.42,244.59,416.96,421.7,418.29,419.07,1.3692,0.0,0.0,0.3126,0.0,0.0,0.0726,0.0726,0,0,0.3214,0.3214,0,0,0.9742,0.974,1,1,50.1,250.45,147.96,0,1,2025-09-30 17:52:26,19.7,89.1,,0,0,,1
2025-09-30 17:53:11,190.43,0.3138,242.2,0.456,1.3682,235.03,246.74,244.85,417.57,422.11,418.76,419.48,1.3682,0.0,0.0,0.3127,0.0,0.0,0.0729,0.0729,0,0,0.3216,0.3216,0,0,0.974,0.9738,1,1,50.1,250.45,147.96,0,1,2025-09-30 17:53:11,19.7,89.7,,0,0,,1
2025-09-30 17:54:03,190.44,0.3129,242.25,0.4563,1.369,235.27,246.43,245.07,417.44,421.9,419.33,419.69,1.369,0.0,0.0,0.3129,0.0,0.0,0.0731,0.0731,0,0,0.3221,0.3221,0,0,0.9737,0.9739,1,1,50.1,250.46,147.96,0,1,2025-09-30 17:54:03,19.8,90.5,,0,0,,1
2025-09-30 17:54:48,190.44,0.3133,242.53,0.456,1.368,235.41,246.91,245.29,418.01,422.57,419.56,420.04,1.368,0.0,0.0,0.3133,0.0,0.0,0.0734,0.0734,0,0,0.322,0.322,0,0,0.9736,0.9735,1,1,50.1,250.46,147.96,0,1,2025-09-30 17:54:48,19.8,91,,0,0,,1
2025-09-30 17:55:33,190.45,0.3146,242.53,0.4566,1.3699,235.33,247.07,245.2,417.03,424.29,418.88,419.95,1.3699,0.0,0.0,0.3133,0.0,0.0,0.0734,0.0734,0,0,0.3224,0.3224,0,0,0.9738,0.9736,1,1,50.1,250.47,147.96,0,1,2025-09-30 17:55:33,19.8,91.4,,0,0,,1
2025-09-30 17:56:18,190.45,0.3131,242.43,0.4556,1.3668,235.55,246.15,245.59,417.35,423.27,419.03,419.81,1.3668,0.0,0.0,0.3131,0.0,0.0,0.0736,0.0736,0,0,0.3219,0.3219,0,0,0.9734,0.9732,1,1,50.1,250.47,147.97,0,1,2025-09-30 17:56:18,19.9,91.8,,0,0,,1
2025-09-30 17:57:03,190.45,0.3142,242.54,0.4558,1.3676,235.63,246.36,245.65,417.81,423.03,419.39,420.2,1.3676,0.0,0.0,0.3131,0.0,0.0,0.0736,0.0736,0,0,0.3222,0.3222,0,0,0.9736,0.9734,1,1,50.1,250.47,147.97,0,1,2025-09-30 17:57:03,20.3,92.1,,0,0,,1
2025-09-30 17:57:48,190.46,0.3151,242.38,0.4571,1.3713,235.58,246.08,245.5,417.91,422.54,418.95,419.85,1.3713,0.0,0.0,0.314,0.0,0.0,0.0734,0.0734,0,0,0.3231,0.3231,0,0,0.9739,0.9737,1,1,50.1,250.48,147.97,0,1,2025-09-30 17:57:48,20.3,92.4,,0,0,,1
2025-09-30 17:58:33,190.46,0.3147,242.31,0.4562,1.3686,235.66,245.85,245.43,417.81,421.59,419.58,419.73,1.3686,0.0,0.0,0.3134,0.0,0.0,0.074,0.074,0,0,0.3225,0.3225,0,0,0.9734,0.9732,1,1,50.1,250.48,147.97,0,1,2025-09-30 17:58:33,20.3,92.5,,0,0,,1
2025-09-30 17:59:18,190.47,0.3136,242.53,0.4568,1.3704,235.48,247,245.13,418.15,422.6,419.39,420.03,1.3704,0.0,0.0,0.3136,0.0,0.0,0.0737,0.0737,0,0,0.3227,0.3227,0,0,0.9734,0.9734,1,1,50,250.49,147.97,0,1,2025-09-30 17:59:18,20.4,92.6,,0,0,,1
2025-09-30 18:00:03,190.47,0.3144,242.55,0.4563,1.3691,235.5,246.94,245.22,418.21,422.5,419.52,420.04,1.3691,0.0,0.0,0.3133,0.0,0.0,0.0735,0.0735,0,0,0.3224,0.3224,0,0,0.9737,0.9735,1,1,50,250.49,147.97,0,1,2025-09-30 18:00:03,20.4,92.8,,0,0,,1
2025-09-30 18:01:09,190.48,0.3139,242.45,0.4556,1.367,235.34,246.92,245.09,418.29,422.37,419.03,419.88,1.367,0.0,0.0,0.3127,0.0,0.0,0.0733,0.0733,0,0,0.3217,0.3217,0,0,0.9737,0.9736,1,1,50.1,250.5,147.97,0,1,2025-09-30 18:01:09,20.5,93,,0,0,,1
2025-09-30 18:01:54,190.48,0.3148,242.61,0.4564,1.3692,235.48,247.11,245.25,418.55,422.83,419.18,420.24,1.3692,0.0,0.0,0.3134,0.0,0.0,0.0733,0.0733,0,0,0.3224,0.3224,0,0,0.9739,0.9737,1,1,50.1,250.5,147.97,0,1,2025-09-30 18:01:54,20.5,93.1,,0,0,,1
2025-09-30 18:02:39,190.48,0.3139,242.71,0.4556,1.3668,235.48,247.29,245.36,418.13,423.4,419.54,420.32,1.3668,0.0,0.0,0.3128,0.0,0.0,0.0736,0.0736,0,0,0.3219,0.3219,0,0,0.9735,0.9733,1,1,50,250.51,147.97,0,1,2025-09-30 18:02:39,20.5,93.2,,0,0,,1
2025-09-30 18:03:24,190.49,0.3142,242.6,0.4559,1.3677,235.44,247.15,245.22,418.28,423.28,418.97,420.31,1.3677,0.0,0.0,0.313,0.0,0.0,0.0733,0.0733,0,0,0.322,0.322,0,0,0.9738,0.9736,1,1,50.1,250.51,147.97,0,1,2025-09-30 18:03:24,20.5,93.3,,0,0,,1
2025-09-30 18:04:09,190.49,0.3144,242.72,0.4559,1.3677,235.54,247.32,245.3,418.3,423.68,419.15,420.28,1.3677,0.0,0.0,0.3131,0.0,0.0,0.0735,0.0735,0,0,0.3221,0.3221,0,0,0.9737,0.9735,1,1,50.1,250.51,147.98,0,1,2025-09-30 18:04:09,20.5,93.4,,0,0,,1
2025-09-30 18:04:54,190.5,0.3135,242.54,0.4553,1.366,235.33,247.17,245.12,418.32,422.99,418.87,420.08,1.366,0.0,0.0,0.3124,0.0,0.0,0.0734,0.0734,0,0,0.3215,0.3215,0,0,0.9736,0.9735,1,1,50.1,250.52,147.98,0,1,2025-09-30 18:04:54,20.5,93.5,,0,0,,1
2025-09-30 18:05:39,190.5,0.3143,242.52,0.4559,1.3677,235.43,246.96,245.19,418.07,422.9,419.14,420.06,1.3677,0.0,0.0,0.313,0.0,0.0,0.0735,0.0735,0,0,0.322,0.322,0,0,0.9737,0.9735,1,1,50,250.52,147.98,0,1,2025-09-30 18:05:40,20.6,93.6,,0,0,,1
2025-09-30 18:06:24,190.5,0.3137,242.65,0.4551,1.3653,235.59,247.08,245.3,418.5,422.69,419.58,420.27,1.3653,0.0,0.0,0.3125,0.0,0.0,0.0738,0.0738,0,0,0.3217,0.3217,0,0,0.9734,0.9732,1,1,50,250.53,147.98,0,1,2025-09-30 18:06:24,20.6,93.6,,0,0,,1
2025-09-30 18:07:09,190.51,0.3135,242.67,0.4561,1.3685,235.62,247.05,245.35,418.35,423.21,419.33,420.25,1.3685,0.0,0.0,0.3135,0.0,0.0,0.0731,0.0731,0,0,0.3224,0.3224,0,0,0.9738,0.9738,1,1,50.1,250.53,147.98,0,1,2025-09-30 18:07:09,20.6,93.7,,0,0,,1
2025-09-30 18:08:15,190.51,0.313,242.68,0.4557,1.3671,235.61,247.03,245.42,418.86,422.91,419.17,420.32,1.3671,0.0,0.0,0.313,0.0,0.0,0.0734,0.0734,0,0,0.3221,0.3221,0,0,0.9735,0.9735,1,1,50.1,250.54,147.98,0,1,2025-09-30 18:08:15,20.6,93.8,,0,0,,1
2025-09-30 18:09:00,190.52,0.3149,242.79,0.4556,1.367,236.18,247.53,244.66,419.13,423.13,419.24,420.51,1.367,0.0,0.0,0.3137,0.0,0.0,0.0739,0.0739,0,0,0.3229,0.3229,0,0,0.9735,0.9733,1,1,50.1,250.54,147.98,0,1,2025-09-30 18:09:00,20.6,93.9,,0,0,,1
2025-09-30 18:09:45,190.52,0.3147,242.63,0.4558,1.3676,236.03,247.38,244.5,419.05,422.48,419.14,420.17,1.3676,0.0,0.0,0.3136,0.0,0.0,0.0739,0.0739,0,0,0.3228,0.3228,0,0,0.9735,0.9733,1,1,50.1,250.54,147.98,0,1,2025-09-30 18:09:45,21.0,93.9,,0,0,,1
2025-09-30 18:10:30,190.53,0.3142,242.69,0.4564,1.3692,236.11,247.37,244.59,418.56,423.52,418.91,420.31,1.3692,0.0,0.0,0.3142,0.0,0.0,0.0738,0.0738,0,0,0.3233,0.3233,0,0,0.9734,0.9734,1,1,50.1,250.55,147.98,0,1,2025-09-30 18:10:30,21.1,93.8,,0,0,,1
2025-09-30 18:11:15,190.53,0.3142,242.88,0.4556,1.3668,235.81,247.19,245.65,418.75,423.87,419.37,420.6,1.3668,0.0,0.0,0.3132,0.0,0.0,0.0736,0.0736,0,0,0.3223,0.3223,0,0,0.9736,0.9734,1,1,50.1,250.55,147.98,0,1,2025-09-30 18:11:15,21.1,93.9,,0,0,,1
2025-09-30 18:12:00,190.53,0.3143,242.95,0.4552,1.3658,236.06,247.2,245.59,419,423.77,419.56,420.62,1.3658,0.0,0.0,0.3132,0.0,0.0,0.0742,0.0742,0,0,0.3224,0.3224,0,0,0.9732,0.973,1,1,50,250.56,147.99,0,1,2025-09-30 18:12:00,21.1,93.9,,0,0,,1
2025-09-30 18:12:45,190.54,0.314,242.76,0.4551,1.3654,235.82,246.98,245.49,418.64,423.52,419.21,420.49,1.3654,0.0,0.0,0.3128,0.0,0.0,0.0738,0.0738,0,0,0.322,0.322,0,0,0.9734,0.9732,1,1,50,250.56,147.99,0,1,2025-09-30 18:12:46,21.1,93.9,,0,0,,1
2025-09-30 18:13:30,190.54,0.3148,242.82,0.4561,1.3684,236,246.93,245.55,418.57,423.5,419.62,420.53,1.3684,0.0,0.0,0.3138,0.0,0.0,0.0738,0.0738,0,0,0.3229,0.3229,0,0,0.9735,0.9734,1,1,50,250.56,147.99,0,1,2025-09-30 18:13:30,21.1,94,,0,0,,1
2025-09-30 18:14:15,190.55,0.3138,242.97,0.4559,1.3679,236.06,247.19,245.67,419.39,423.26,419.78,420.7,1.3679,0.0,0.0,0.3138,0.0,0.0,0.0739,0.0739,0,0,0.3229,0.3229,0,0,0.9734,0.9734,1,1,50.1,250.57,147.99,0,1,2025-09-30 18:14:15,21.1,94,,0,0,,1
2025-09-30 18:15:21,190.55,0.3146,243.56,0.4563,1.3689,236.6,247.69,246.41,420.2,424.8,420.54,421.97,1.3689,0.0,0.0,0.3146,0.0,0.0,0.0745,0.0745,0,0,0.3239,0.3239,0,0,0.973,0.973,1,1,50.1,250.58,147.99,0,1,2025-09-30 18:15:21,21.1,94,,0,0,,1
2025-09-30 18:16:06,190.56,0.3139,242.87,0.4542,1.3627,236.33,246.91,245.38,419.37,422.74,419.79,422.41,1.3627,0.0,0.0,0.3126,0.0,0.0,0.0742,0.0742,0,0,0.322,0.322,0,0,0.9732,0.9729,1,1,50.1,250.58,147.99,0,1,2025-09-30 18:16:06,21.2,93.9,,0,0,,1
2025-09-30 18:16:51,190.56,0.3148,243.3,0.455,1.365,236.55,247.28,246.08,419.74,423.37,421.01,421.32,1.365,0.0,0.0,0.3135,0.0,0.0,0.0746,0.0746,0,0,0.3229,0.3229,0,0,0.973,0.9728,1,1,50.1,250.58,147.99,0,1,2025-09-30 18:16:51,21.2,94,,0,0,,1
2025-09-30 18:17:36,190.56,0.3149,243.28,0.4555,1.3666,236.39,247.37,246.09,419.29,424.19,420.58,421.31,1.3666,0.0,0.0,0.3138,0.0,0.0,0.0743,0.0743,0,0,0.3231,0.3231,0,0,0.9732,0.973,1,1,50,250.59,147.99,0,1,2025-09-30 18:17:36,21.2,94,,0,0,,1
2025-09-30 18:18:21,190.57,0.3144,243.07,0.455,1.365,236.29,247.08,245.84,419.25,423.38,420.31,421.03,1.365,0.0,0.0,0.3132,0.0,0.0,0.0747,0.0747,0,0,0.3225,0.3225,0,0,0.9728,0.9726,1,1,50,250.59,147.99,0,1,2025-09-30 18:18:21,21.2,94,,0,0,,1
2025-09-30 18:19:06,190.57,0.3147,243.37,0.4552,1.3658,236.54,247.37,246.21,419.72,424.1,420.7,421.49,1.3658,0.0,0.0,0.3137,0.0,0.0,0.0749,0.0749,0,0,0.3231,0.3231,0,0,0.9728,0.9726,1,1,50,250.6,147.99,0,1,2025-09-30 18:19:06,21.2,93.9,,0,0,,1
2025-09-30 18:19:51,190.59,3.9204,241.99,7.7347,23.2043,234.04,246.44,245.49,416.54,422.56,418.23,419.08,8.7302,7.4059,7.0682,1.6029,1.259,1.0585,3.9518,1.263,1.3154,1.3733,5.6035,2.0432,1.8251,1.7352,0.7042,0.7854,0.6914,0.6104,50.1,250.62,148.01,1,1,2025-09-30 18:19:51,21.2,93.9,,1,0,,0
2025-09-30 18:20:36,190.64,4.0817,242.08,7.8791,23.637300000000003,234.29,246.27,245.69,416.79,422.05,418.94,419.22,8.9174,7.4825,7.2374,1.6514,1.3014,1.1288,3.9468,1.2757,1.2986,1.3724,5.7101,2.0893,1.8427,1.7782,0.7188,0.7913,0.7078,0.6352,50.1,250.7,148.06,1,1,2025-09-30 18:20:36,21.2,90.9,,1,0,,0
2025-09-30 18:22:06,190.74,4.0573,242.83,7.8774,23.632199999999997,234.72,247.1,246.69,417.59,424.41,419.75,420.54,8.8562,7.5363,7.2397,1.6384,1.3089,1.11,3.9923,1.2755,1.3191,1.3978,5.7269,2.0787,1.8622,1.786,0.7127,0.789,0.7043,0.6218,50.1,250.84,148.16,1,1,2025-09-30 18:22:06,20.5,82.5,,1,0,,0
2025-09-30 18:22:51,190.79,3.9918,242.79,7.8121,23.4363,234.62,247.12,246.65,417.88,423.54,420.07,420.58,8.7779,7.4767,7.1817,1.6166,1.2885,1.0867,3.9875,1.2719,1.3183,1.3974,5.6785,2.0595,1.8476,1.7714,0.7074,0.7859,0.6989,0.6138,50.1,250.91,148.21,1,1,2025-09-30 18:22:51,20.4,79.3,,1,0,,0
2025-09-30 18:23:36,190.85,3.988,242.27,7.7939,23.381700000000002,234.35,246.81,245.67,417.34,423.06,418.42,419.57,8.7981,7.4425,7.1411,1.6235,1.2794,1.085,3.9549,1.2666,1.3118,1.3766,5.6531,2.0618,1.8369,1.7544,0.71,0.7884,0.6982,0.619,50,250.98,148.26,1,1,2025-09-30 18:23:36,19.8,76.7,,1,0,,0
2025-09-30 18:24:21,190.88,0.3176,243.32,0.4597,1.3792,235.72,247.65,246.6,418.99,424.42,420.83,421.33,1.3792,0.0,0.0,0.3164,0.0,0.0,0.0723,0.0723,0,0,0.3251,0.3251,0,0,0.975,0.9748,1,1,50,251.03,148.29,0,1,2025-09-30 18:24:21,19.6,74.7,,0,0,,1
2025-09-30 18:25:06,190.88,0.3154,243.44,0.4569,1.3709,235.82,247.76,246.74,419.05,424.7,421.1,421.61,1.3709,0.0,0.0,0.3143,0.0,0.0,0.0734,0.0734,0,0,0.3233,0.3233,0,0,0.9739,0.9737,1,1,50,251.03,148.29,0,1,2025-09-30 18:25:06,19.5,76.4,,0,0,,1
2025-09-30 18:25:51,190.89,0.3149,243.58,0.4574,1.3722,236.02,247.89,246.83,419.45,424.86,421.27,421.83,1.3722,0.0,0.0,0.3149,0.0,0.0,0.0735,0.0735,0,0,0.3239,0.3239,0,0,0.9738,0.9738,1,1,50.1,251.04,148.3,0,1,2025-09-30 18:25:51,19.1,78.7,,0,0,,1
2025-09-30 18:26:36,190.89,0.3147,243.54,0.4572,1.3717,236.04,247.79,246.81,419.41,424.28,421.68,421.79,1.3717,0.0,0.0,0.3147,0.0,0.0,0.0738,0.0738,0,0,0.3238,0.3238,0,0,0.9735,0.9735,1,1,50,251.04,148.3,0,1,2025-09-30 18:26:36,19.1,80.7,,0,0,,1
2025-09-30 18:27:21,190.89,0.3155,243.65,0.4566,1.37,236.08,247.94,246.94,419.7,424.93,421.33,421.95,1.37,0.0,0.0,0.3143,0.0,0.0,0.074,0.074,0,0,0.3234,0.3234,0,0,0.9735,0.9733,1,1,50.1,251.05,148.3,0,1,2025-09-30 18:27:21,19.5,82.2,,0,0,,1
2025-09-30 18:28:06,190.9,0.314,243.76,0.4564,1.3694,236,248.2,247.09,419.98,424.81,421.71,422.14,1.3694,0.0,0.0,0.314,0.0,0.0,0.0742,0.0742,0,0,0.3232,0.3232,0,0,0.9732,0.9732,1,1,50,251.05,148.3,0,1,2025-09-30 18:28:06,19.5,83.7,,0,0,,1
2025-09-30 18:28:51,190.9,0.3143,243.39,0.456,1.3682,235.39,248.04,246.75,419.37,424.29,420.91,421.49,1.3682,0.0,0.0,0.3132,0.0,0.0,0.0729,0.0729,0,0,0.3221,0.3221,0,0,0.9741,0.9739,1,1,50.1,251.05,148.3,0,1,2025-09-30 18:28:51,19.6,85,,0,0,,1
2025-09-30 18:29:36,190.91,0.3156,243.89,0.4566,1.3699,236.1,247.68,247.89,420.12,425.97,421.14,422.39,1.3699,0.0,0.0,0.3143,0.0,0.0,0.0738,0.0738,0,0,0.3234,0.3234,0,0,0.9737,0.9735,1,1,50.1,251.06,148.3,0,1,2025-09-30 18:29:36,19.6,86,,0,0,,1
2025-09-30 18:30:21,190.91,0.315,243.92,0.4562,1.3688,236.16,247.61,247.99,420.08,425.58,421.7,422.45,1.3688,0.0,0.0,0.314,0.0,0.0,0.0744,0.0744,0,0,0.3233,0.3233,0,0,0.9732,0.973,1,1,50,251.06,148.3,0,1,2025-09-30 18:30:21,19.7,87,,0,0,,1
2025-09-30 18:31:06,190.91,0.3143,243.83,0.4567,1.3703,236.14,247.58,247.79,420.15,425.38,421.39,422.29,1.3703,0.0,0.0,0.3143,0.0,0.0,0.0746,0.0746,0,0,0.3236,0.3236,0,0,0.9729,0.9729,1,1,50,251.07,148.3,0,1,2025-09-30 18:31:06,19.7,87.7,,0,0,,1
2025-09-30 18:31:51,190.92,0.3118,242.7,0.4553,1.3661,234.76,247.33,246.02,418.09,423.43,419.49,420.37,1.3661,0.0,0.0,0.3118,0.0,0.0,0.0727,0.0727,0,0,0.3207,0.3207,0,0,0.9738,0.9738,1,1,50,251.07,148.3,0,1,2025-09-30 18:31:51,19.8,88.4,,0,0,,1
2025-09-30 18:32:36,190.96,4.0064,241.77,7.8107,23.4322,233.55,246.36,245.42,416.44,421.7,418.03,418.76,8.8032,7.4815,7.1475,1.6255,1.2927,1.0881,3.9375,1.2549,1.3081,1.3746,5.6533,2.056,1.8431,1.7541,0.7132,0.7915,0.7029,0.6206,50,251.13,148.34,1,1,2025-09-30 18:32:36,19.8,87.6,,1,0,,0
2025-09-30 18:34:06,191.05,3.9678,241.95,7.7637,23.2913,233.68,246.82,245.36,416.03,423.68,417.48,419,8.7649,7.4346,7.0918,1.618,1.2788,1.071,3.9317,1.2517,1.3102,1.3699,5.6232,2.0482,1.835,1.74,0.7103,0.7909,0.6984,0.6159,50,251.26,148.44,1,1,2025-09-30 18:34:06,19.6,80.1,,1,0,,0
2025-09-30 18:34:51,191.1,0.3175,243.16,0.4604,1.3813,235.23,247.98,246.29,418.76,424.03,420.6,421.11,1.3813,0.0,0.0,0.3163,0.0,0.0,0.072,0.072,0,0,0.3249,0.3249,0,0,0.9752,0.975,1,1,50,251.33,148.48,0,1,2025-09-30 18:34:51,19.5,77,,0,0,,1
2025-09-30 18:35:36,191.1,0.3149,243.12,0.4572,1.3716,235.22,247.91,246.24,418.96,423.8,420.41,421.03,1.3716,0.0,0.0,0.3138,0.0,0.0,0.0727,0.0727,0,0,0.3226,0.3226,0,0,0.9743,0.9742,1,1,50,251.33,148.48,0,1,2025-09-30 18:35:36,19.0,77.6,,0,0,,1
2025-09-30 18:36:21,191.11,0.3145,243.78,0.4574,1.3723,235.76,248.47,247.12,419.95,425.42,421.27,422.24,1.3723,0.0,0.0,0.3145,0.0,0.0,0.0735,0.0735,0,0,0.3235,0.3235,0,0,0.9737,0.9737,1,1,50.1,251.33,148.48,0,1,2025-09-30 18:36:21,19.0,79.5,,0,0,,1
2025-09-30 18:37:06,191.11,0.3153,243.76,0.4572,1.3716,235.72,248.41,247.15,420.04,425.01,421.43,422.2,1.3716,0.0,0.0,0.3143,0.0,0.0,0.0735,0.0735,0,0,0.3233,0.3233,0,0,0.9738,0.9736,1,1,50,251.34,148.48,0,1,2025-09-30 18:37:06,19.0,81.4,,0,0,,1
2025-09-30 18:37:51,191.12,0.3138,243.87,0.4566,1.3698,235.81,248.6,247.21,420.31,425.57,421.21,422.29,1.3698,0.0,0.0,0.3138,0.0,0.0,0.074,0.074,0,0,0.323,0.323,0,0,0.9733,0.9733,1,1,50,251.34,148.48,0,1,2025-09-30 18:37:51,19.0,83.1,,0,0,,1
2025-09-30 18:38:36,191.12,0.3143,243.21,0.4565,1.3695,235.29,248.03,246.31,419.46,423.77,420.38,421.17,1.3695,0.0,0.0,0.3132,0.0,0.0,0.0734,0.0734,0,0,0.3222,0.3222,0,0,0.9737,0.9736,1,1,50,251.35,148.49,0,1,2025-09-30 18:38:36,19.0,84.3,,0,0,,1
2025-09-30 18:39:21,191.12,0.3146,243.2,0.4569,1.3708,235.28,248.05,246.29,419.02,424.6,420.03,421.22,1.3708,0.0,0.0,0.3136,0.0,0.0,0.0732,0.0732,0,0,0.3225,0.3225,0,0,0.9739,0.9738,1,1,50.1,251.35,148.49,0,1,2025-09-30 18:39:21,19.1,85.4,,0,0,,1
2025-09-30 18:40:06,191.13,0.3141,243.24,0.456,1.3682,235.33,248.08,246.32,419.15,424.14,420.51,421.23,1.3682,0.0,0.0,0.313,0.0,0.0,0.0732,0.0732,0,0,0.322,0.322,0,0,0.9738,0.9736,1,1,50.1,251.35,148.49,0,1,2025-09-30 18:40:06,19.5,86.3,,0,0,,1
2025-09-30 18:40:51,191.13,0.3172,243.82,0.458,1.3742,236.73,248.13,246.61,420.03,425.44,421.39,422.32,1.3742,0.0,0.0,0.316,0.0,0.0,0.0749,0.0749,0,0,0.3253,0.3253,0,0,0.9732,0.973,1,1,50.1,251.36,148.49,0,1,2025-09-30 18:40:51,19.6,87,,0,0,,1
2025-09-30 18:41:36,191.13,0.3167,243.95,0.4573,1.3721,236.88,248.36,246.63,420.66,425.37,421.51,422.49,1.3721,0.0,0.0,0.3156,0.0,0.0,0.0753,0.0753,0,0,0.325,0.325,0,0,0.9728,0.9726,1,1,50.1,251.36,148.49,0,1,2025-09-30 18:41:36,19.6,87.7,,0,0,,1
2025-09-30 18:42:21,191.14,0.3154,243.98,0.4571,1.3715,236.91,248.42,246.62,420.89,425.01,421.76,422.53,1.3715,0.0,0.0,0.3154,0.0,0.0,0.0754,0.0754,0,0,0.3249,0.3249,0,0,0.9726,0.9726,1,1,50,251.37,148.49,0,1,2025-09-30 18:42:21,19.7,88.3,,0,0,,1
2025-09-30 18:43:06,191.14,0.3172,244.63,0.4574,1.3722,237.36,248.95,247.58,421.68,426.79,422.58,423.64,1.3722,0.0,0.0,0.316,0.0,0.0,0.0764,0.0764,0,0,0.3257,0.3257,0,0,0.9722,0.972,1,1,50,251.37,148.49,0,1,2025-09-30 18:43:06,19.7,88.8,,0,0,,1
2025-09-30 18:43:51,191.15,0.3174,244.58,0.4575,1.3727,237.37,248.83,247.56,421.62,426.77,422.45,423.67,1.3727,0.0,0.0,0.3162,0.0,0.0,0.0762,0.0762,0,0,0.3258,0.3258,0,0,0.9723,0.9721,1,1,50.1,251.38,148.49,0,1,2025-09-30 18:43:51,19.7,89.4,,0,0,,1
2025-09-30 18:44:36,191.17,3.9833,243.5,7.8418,23.525599999999997,235.9,247.74,246.86,419.34,424.85,420.98,421.67,8.8466,7.5288,7.1502,1.6325,1.2775,1.0733,4.0493,1.2961,1.3532,1.4,5.7172,2.0869,1.8652,1.7651,0.7012,0.7831,0.6864,0.6084,50.1,251.4,148.51,1,1,2025-09-30 18:44:36,19.8,89.6,,1,0,,0
2025-09-30 18:45:21,191.22,4.0839,242.83,7.9067,23.7201,235.39,247.19,245.91,418.15,423.81,419.74,420.51,8.9413,7.5757,7.2031,1.6674,1.3077,1.1087,3.9949,1.2803,1.3347,1.3799,5.7486,2.1047,1.8726,1.7713,0.7148,0.7931,0.6998,0.6263,50,251.48,148.56,1,1,2025-09-30 18:45:21,19.7,86.4,,1,0,,0
2025-09-30 18:46:06,191.27,3.9906,242.91,7.813,23.439100000000003,235.49,247.27,245.99,418.82,422.97,420.3,420.69,8.8442,7.4722,7.1227,1.6378,1.2733,1.0795,3.9941,1.2825,1.333,1.3786,5.6825,2.0827,1.8477,1.7521,0.7067,0.7873,0.6907,0.6165,50.1,251.55,148.61,1,1,2025-09-30 18:46:06,19.7,82.3,,1,0,,0
2025-09-30 18:46:51,191.32,3.9598,242.96,7.7781,23.334500000000002,235.58,247.25,246.06,418.88,423.27,420.21,420.84,8.8123,7.4218,7.1004,1.6259,1.2597,1.0743,3.9911,1.2866,1.3284,1.3762,5.6582,2.076,1.835,1.7471,0.7043,0.7841,0.688,0.6153,50.1,251.62,148.66,1,1,2025-09-30 18:46:51,19.5,78.8,,1,0,,0
2025-09-30 18:47:36,191.33,0.3159,243.64,0.458,1.374,236.71,247.8,246.41,420.21,424.42,421.26,421.94,1.374,0.0,0.0,0.3159,0.0,0.0,0.0748,0.0748,0,0,0.3252,0.3252,0,0,0.973,0.973,1,1,50.1,251.63,148.67,0,1,2025-09-30 18:47:36,19.0,78.3,,0,0,,1
2025-09-30 18:48:21,191.33,0.3115,242.72,0.4553,1.3661,234.35,247.2,246.61,417.68,423.92,419.51,420.19,1.3661,0.0,0.0,0.3115,0.0,0.0,0.0717,0.0717,0,0,0.3201,0.3201,0,0,0.9745,0.9745,1,1,50,251.63,148.67,0,1,2025-09-30 18:48:21,19.0,79.9,,0,0,,1
2025-09-30 18:49:06,191.33,0.3151,243.33,0.4579,1.3739,235.92,248.14,245.95,419.4,423.72,421.14,421.34,1.3739,0.0,0.0,0.3151,0.0,0.0,0.0737,0.0737,0,0,0.3241,0.3241,0,0,0.9737,0.9737,1,1,50.1,251.64,148.67,0,1,2025-09-30 18:49:06,18.9,81.6,,0,0,,1
2025-09-30 18:49:51,191.34,0.3133,241.86,0.4558,1.3675,234.27,246.86,244.47,416.87,422.26,417.56,418.9,1.3675,0.0,0.0,0.3117,0.0,0.0,0.0718,0.0718,0,0,0.3204,0.3204,0,0,0.9747,0.9745,1,1,50.1,251.64,148.67,0,1,2025-09-30 18:49:51,19.0,83.3,,0,0,,1
2025-09-30 18:50:36,191.34,0.3117,242.22,0.456,1.3681,234.18,246.9,245.6,416.95,423.14,418.47,419.44,1.3681,0.0,0.0,0.3117,0.0,0.0,0.0718,0.0718,0,0,0.3204,0.3204,0,0,0.9744,0.9744,1,1,50.1,251.64,148.67,0,1,2025-09-30 18:50:36,19.0,84.8,,0,0,,1
2025-09-30 18:51:21,191.34,0.3128,241.85,0.456,1.3681,233.99,246.52,245.04,417.43,420.66,418.4,418.74,1.3681,0.0,0.0,0.3116,0.0,0.0,0.0712,0.0712,0,0,0.3201,0.3201,0,0,0.975,0.9748,1,1,50.1,251.65,148.67,0,1,2025-09-30 18:51:21,19.1,86,,0,0,,1
2025-09-30 18:52:06,191.35,0.3124,241.75,0.4557,1.3673,233.93,246.33,244.99,416.53,421.59,417.93,418.61,1.3673,0.0,0.0,0.3114,0.0,0.0,0.0711,0.0711,0,0,0.3199,0.3199,0,0,0.975,0.9749,1,1,50.1,251.65,148.67,0,1,2025-09-30 18:52:06,19.5,86.8,,0,0,,1
2025-09-30 18:52:51,191.35,0.3114,241.86,0.4558,1.3675,233.98,246.49,245.12,416.86,421.59,418.17,418.81,1.3675,0.0,0.0,0.3114,0.0,0.0,0.0713,0.0713,0,0,0.32,0.32,0,0,0.9747,0.9747,1,1,50.1,251.66,148.67,0,1,2025-09-30 18:52:51,19.5,87.4,,0,0,,1
2025-09-30 18:53:36,191.36,0.3145,242.61,0.4564,1.3694,235.44,246.9,245.51,418.3,423.31,418.99,420.2,1.3694,0.0,0.0,0.3134,0.0,0.0,0.0732,0.0732,0,0,0.3224,0.3224,0,0,0.9739,0.9737,1,1,50.1,251.66,148.67,0,1,2025-09-30 18:53:36,19.6,88,,0,0,,1
2025-09-30 18:54:21,191.36,0.3149,242.76,0.4566,1.3699,235.63,246.99,245.67,418.66,423.12,419.56,420.48,1.3699,0.0,0.0,0.3137,0.0,0.0,0.0735,0.0735,0,0,0.3228,0.3228,0,0,0.9738,0.9736,1,1,50.1,251.66,148.67,0,1,2025-09-30 18:54:21,19.6,88.6,,0,0,,1
2025-09-30 18:55:06,191.36,0.3161,243.62,0.4572,1.3718,236.34,247.68,246.84,419.75,425.22,420.84,421.93,1.3718,0.0,0.0,0.315,0.0,0.0,0.0742,0.0742,0,0,0.3242,0.3242,0,0,0.9735,0.9733,1,1,50.1,251.67,148.68,0,1,2025-09-30 18:55:06,19.7,89,,0,0,,1
2025-09-30 18:55:51,191.37,0.3161,243.64,0.4572,1.3716,236.35,247.74,246.83,420.09,424.98,420.84,422.02,1.3716,0.0,0.0,0.315,0.0,0.0,0.0742,0.0742,0,0,0.3242,0.3242,0,0,0.9735,0.9733,1,1,50.1,251.67,148.68,0,1,2025-09-30 18:55:51,19.7,89.6,,0,0,,1
2025-09-30 18:56:36,191.37,0.3151,243.68,0.4572,1.3718,236.42,247.79,246.83,420.37,424.74,420.99,421.99,1.3718,0.0,0.0,0.3151,0.0,0.0,0.0745,0.0745,0,0,0.3243,0.3243,0,0,0.9731,0.9731,1,1,50.1,251.68,148.68,0,1,2025-09-30 18:56:36,19.7,90.1,,0,0,,1
2025-09-30 18:57:28,191.44,4.0162,241.43,7.7802,23.340799999999998,233.22,246.06,245.03,415.95,421.3,417.17,418.14,8.7751,7.4493,7.1164,1.628,1.2967,1.0916,3.8841,1.2362,1.2897,1.3583,5.6232,2.0465,1.833,1.7437,0.7188,0.7964,0.709,0.6264,50.1,251.77,148.74,1,1,2025-09-30 18:57:28,19.7,87.2,,1,0,,0
2025-09-30 18:58:13,191.49,3.9683,241.61,7.7323,23.197000000000003,233.43,246.22,245.18,416.12,421.69,417.51,418.41,8.733,7.3808,7.0832,1.6131,1.2756,1.0796,3.8892,1.2422,1.2883,1.3587,5.5925,2.0385,1.8173,1.7367,0.7141,0.7922,0.7036,0.6221,50.1,251.84,148.79,1,1,2025-09-30 18:58:13,19.7,82.7,,1,0,,0
2025-09-30 18:59:43,191.55,0.3136,242.59,0.4575,1.3727,234.74,247.09,245.94,418.01,422.9,419.49,420.11,1.3727,0.0,0.0,0.3136,0.0,0.0,0.0718,0.0718,0,0,0.3222,0.3222,0,0,0.9747,0.9747,1,1,50.1,251.93,148.85,0,1,2025-09-30 18:59:43,19.0,78,,0,0,,1
2025-09-30 19:00:28,191.55,0.3153,242.73,0.4575,1.3727,235,247.17,246.02,418.37,423.13,419.64,420.39,1.3727,0.0,0.0,0.3138,0.0,0.0,0.0723,0.0723,0,0,0.3226,0.3226,0,0,0.9746,0.9744,1,1,50.1,251.93,148.85,0,1,2025-09-30 19:00:28,19.0,79.7,,0,0,,1
2025-09-30 19:01:13,191.56,0.3141,243.28,0.4572,1.3718,235.45,247.59,246.8,419,424.48,420.54,421.29,1.3718,0.0,0.0,0.3141,0.0,0.0,0.0733,0.0733,0,0,0.323,0.323,0,0,0.9738,0.9738,1,1,50.1,251.93,148.85,0,1,2025-09-30 19:01:13,18.9,81.5,,0,0,,1
2025-09-30 19:01:58,191.56,0.3152,243.26,0.4577,1.3731,235.26,247.71,246.81,419.33,423.74,420.79,421.17,1.3731,0.0,0.0,0.3142,0.0,0.0,0.0728,0.0728,0,0,0.323,0.323,0,0,0.9743,0.9741,1,1,50.1,251.94,148.85,0,1,2025-09-30 19:01:58,19.0,83,,0,0,,1
2025-09-30 19:02:43,191.57,0.3152,243.85,0.4573,1.3719,236.64,247.91,247,419.94,425.62,421.45,422.26,1.3719,0.0,0.0,0.3152,0.0,0.0,0.0752,0.0752,0,0,0.3246,0.3246,0,0,0.9727,0.9727,1,1,50.1,251.94,148.85,0,1,2025-09-30 19:02:43,19.0,84.3,,0,0,,1
2025-09-30 19:03:28,191.57,0.3165,243.42,0.4577,1.3731,236.24,247.65,246.37,419.88,424.32,420.55,421.67,1.3731,0.0,0.0,0.3152,0.0,0.0,0.0745,0.0745,0,0,0.3244,0.3244,0,0,0.9734,0.9731,1,1,50.1,251.95,148.85,0,1,2025-09-30 19:03:28,19.0,85.6,,0,0,,1
2025-09-30 19:04:35,191.58,0.3162,243.74,0.4569,1.3709,236.64,247.91,246.67,420.27,425.05,421.1,422.05,1.3709,0.0,0.0,0.315,0.0,0.0,0.0748,0.0748,0,0,0.3244,0.3244,0,0,0.9731,0.9729,1,1,50.1,251.95,148.86,0,1,2025-09-30 19:04:35,19.5,87.2,,0,0,,1
2025-09-30 19:05:20,191.58,0.3147,243.12,0.4571,1.3714,235.27,247.64,246.45,419.16,424.03,419.99,420.92,1.3714,0.0,0.0,0.3137,0.0,0.0,0.0732,0.0732,0,0,0.3226,0.3226,0,0,0.974,0.9738,1,1,50.1,251.96,148.86,0,1,2025-09-30 19:05:20,19.6,88,,0,0,,1
2025-09-30 19:06:05,191.58,0.315,242.96,0.4569,1.3709,235.48,246.75,246.65,418.56,424.01,419.81,420.83,1.3709,0.0,0.0,0.3139,0.0,0.0,0.0729,0.0729,0,0,0.3228,0.3228,0,0,0.9742,0.974,1,1,50.1,251.96,148.86,0,1,2025-09-30 19:06:05,19.6,88.7,,0,0,,1
2025-09-30 19:06:50,191.59,0.3149,242.84,0.4569,1.3709,235.47,246.52,246.55,418.29,423.06,420.4,420.65,1.3709,0.0,0.0,0.3139,0.0,0.0,0.0731,0.0731,0,0,0.3228,0.3228,0,0,0.9741,0.9739,1,1,50.1,251.97,148.86,0,1,2025-09-30 19:06:50,19.7,89.2,,0,0,,1
2025-09-30 19:07:35,191.59,0.3155,243.82,0.4569,1.3707,236,248.12,247.36,420.09,424.65,422.07,422.28,1.3707,0.0,0.0,0.3143,0.0,0.0,0.0743,0.0743,0,0,0.3235,0.3235,0,0,0.9734,0.9732,1,1,50.1,251.97,148.86,0,1,2025-09-30 19:07:35,19.7,89.6,,0,0,,1
2025-09-30 19:08:20,191.6,0.3147,243.68,0.4562,1.3688,235.85,247.9,247.31,420.15,424.1,421.8,421.99,1.3688,0.0,0.0,0.3136,0.0,0.0,0.0741,0.0741,0,0,0.3228,0.3228,0,0,0.9734,0.9732,1,1,50.1,251.97,148.86,0,1,2025-09-30 19:08:20,19.7,90.1,,0,0,,1
2025-09-30 19:09:05,191.62,3.9723,243.38,7.8175,23.4526,235.87,247.33,246.96,419.01,424.36,421.19,421.43,8.8177,7.4842,7.1507,1.6239,1.2709,1.0775,4.0308,1.2945,1.3393,1.3971,5.6968,2.0798,1.8511,1.7659,0.7019,0.7819,0.6883,0.6106,50.1,252.01,148.88,1,1,2025-09-30 19:09:05,19.8,90.2,,1,0,,0
2025-09-30 19:09:50,191.67,4.0341,242.71,7.8441,23.532300000000003,235.39,246.64,246.11,417.82,423.2,420.06,420.41,8.8856,7.4595,7.1872,1.644,1.281,1.1091,3.9788,1.2885,1.3142,1.3761,5.7002,2.0916,1.8398,1.7688,0.7119,0.787,0.698,0.6275,50.1,252.08,148.93,1,1,2025-09-30 19:09:50,19.7,87.1,,1,0,,0
2025-09-30 19:10:35,191.72,3.9777,242.67,7.7928,23.3786,235.31,246.72,245.98,417.67,423.47,419.73,420.38,8.822,7.4308,7.1258,1.6279,1.266,1.0838,3.9794,1.2836,1.3199,1.3759,5.662,2.0759,1.8333,1.7528,0.7069,0.7852,0.6922,0.6187,50,252.15,148.98,1,1,2025-09-30 19:10:35,19.7,82.6,,1,0,,0
2025-09-30 19:11:41,191.78,0.3183,243.77,0.4598,1.3794,236.59,247.99,246.74,420.18,425.59,420.85,422.15,1.3794,0.0,0.0,0.3172,0.0,0.0,0.0743,0.0743,0,0,0.3264,0.3264,0,0,0.9738,0.9736,1,1,50.1,252.24,149.04,0,1,2025-09-30 19:11:41,19.0,77.5,,0,0,,1
2025-09-30 19:12:26,191.79,0.3164,243.61,0.4575,1.3726,236.47,247.7,246.66,420.15,424.45,421.12,421.96,1.3726,0.0,0.0,0.3153,0.0,0.0,0.0747,0.0747,0,0,0.3246,0.3246,0,0,0.9732,0.973,1,1,50,252.24,149.04,0,1,2025-09-30 19:12:26,19.0,79,,0,0,,1
2025-09-30 19:13:11,191.79,0.317,244.28,0.4576,1.373,237.11,248.13,247.61,420.78,425.89,422.57,423.04,1.373,0.0,0.0,0.3159,0.0,0.0,0.076,0.076,0,0,0.3256,0.3256,0,0,0.9724,0.9722,1,1,50,252.25,149.04,0,1,2025-09-30 19:13:11,18.9,80.7,,0,0,,1
2025-09-30 19:13:56,191.79,0.3157,244.31,0.4573,1.3721,237.04,248.26,247.65,420.74,426.04,422.63,423.06,1.3721,0.0,0.0,0.3157,0.0,0.0,0.0758,0.0758,0,0,0.3252,0.3252,0,0,0.9723,0.9723,1,1,50,252.25,149.05,0,1,2025-09-30 19:13:56,18.9,82.3,,0,0,,1
2025-09-30 19:14:41,191.8,0.3156,243.65,0.4578,1.3735,235.65,248,247.3,419.68,425.01,421.24,421.84,1.3735,0.0,0.0,0.3145,0.0,0.0,0.0739,0.0739,0,0,0.3237,0.3237,0,0,0.9736,0.9734,1,1,50,252.26,149.05,0,1,2025-09-30 19:14:41,19.0,83.7,,0,0,,1
2025-09-30 19:15:26,191.8,0.3139,243.64,0.4569,1.3709,235.65,247.94,247.35,419.63,425,421.28,421.87,1.3709,0.0,0.0,0.3139,0.0,0.0,0.074,0.074,0,0,0.3231,0.3231,0,0,0.9732,0.9732,1,1,50,252.26,149.05,0,1,2025-09-30 19:15:26,19.0,85,,0,0,,1
2025-09-30 19:16:11,191.81,0.3146,243.06,0.4569,1.3709,235.26,247.46,246.47,418.69,423.71,420.47,420.92,1.3709,0.0,0.0,0.3135,0.0,0.0,0.0733,0.0733,0,0,0.3225,0.3225,0,0,0.9739,0.9737,1,1,50,252.26,149.05,0,1,2025-09-30 19:16:11,19.0,86.3,,0,0,,1
2025-09-30 19:16:56,191.81,0.3142,243.12,0.4563,1.3689,235.35,247.51,246.5,419.02,423.52,420.6,421,1.3689,0.0,0.0,0.3131,0.0,0.0,0.0734,0.0734,0,0,0.3222,0.3222,0,0,0.9737,0.9735,1,1,50,252.27,149.05,0,1,2025-09-30 19:16:56,19.5,87.3,,0,0,,1
2025-09-30 19:17:41,191.81,0.3161,243.94,0.4567,1.3702,236.99,247.92,246.92,420.37,425.31,421.8,422.55,1.3702,0.0,0.0,0.3151,0.0,0.0,0.0759,0.0759,0,0,0.3247,0.3247,0,0,0.9723,0.9721,1,1,50.1,252.27,149.05,0,1,2025-09-30 19:17:41,19.5,88.2,,0,0,,1
2025-09-30 19:18:47,191.82,0.318,244.48,0.4586,1.3759,237.3,248.55,247.6,421.64,425.42,423.17,423.36,1.3759,0.0,0.0,0.3169,0.0,0.0,0.076,0.076,0,0,0.3265,0.3265,0,0,0.9726,0.9724,1,1,50.1,252.28,149.05,0,1,2025-09-30 19:18:47,19.6,89.4,,0,0,,1
2025-09-30 19:19:32,191.82,0.3171,244.52,0.4573,1.3719,237.29,248.61,247.67,421.63,426.01,422.84,423.52,1.3719,0.0,0.0,0.3158,0.0,0.0,0.0763,0.0763,0,0,0.3255,0.3255,0,0,0.9722,0.972,1,1,50,252.28,149.05,0,1,2025-09-30 19:19:32,19.7,90,,0,0,,1
2025-09-30 19:20:17,191.86,4.0228,243.71,7.883,23.6492,236.13,247.82,247.18,420.09,424.53,421.61,422,8.89,7.5379,7.2213,1.6406,1.2871,1.0951,4.0603,1.305,1.3475,1.4078,5.7522,2.0992,1.868,1.785,0.7038,0.7826,0.6906,0.6139,50,252.34,149.09,1,1,2025-09-30 19:20:17,19.7,89.1,,1,0,,0
2025-09-30 19:21:02,191.92,3.9668,242.89,7.7954,23.386200000000002,234.6,247.36,246.73,418.28,423.91,419.83,420.65,8.7866,7.4296,7.17,1.6105,1.274,1.0823,3.9988,1.2824,1.3184,1.398,5.6682,2.0613,1.8378,1.7691,0.7042,0.7823,0.6948,0.6121,50,252.41,149.14,1,1,2025-09-30 19:21:02,19.7,85.2,,1,0,,0
2025-09-30 19:21:47,191.96,3.9448,242.05,7.7515,23.254500000000004,233.86,246.79,245.5,416.87,422.27,418.46,419.32,8.7504,7.404,7.1001,1.6081,1.2681,1.0686,3.9453,1.261,1.3093,1.3751,5.6167,2.0464,1.8272,1.7431,0.707,0.7869,0.6957,0.6136,50,252.48,149.19,1,1,2025-09-30 19:21:47,19.6,81.4,,1,0,,0
2025-09-30 19:22:32,192,0.3165,242.94,0.4596,1.379,235.05,247.75,246.04,418.92,423.3,420.02,420.81,1.379,0.0,0.0,0.3154,0.0,0.0,0.0723,0.0723,0,0,0.3241,0.3241,0,0,0.9748,0.9747,1,1,50,252.53,149.23,0,1,2025-09-30 19:22:32,19.1,78.4,,0,0,,1
2025-09-30 19:23:17,192,0.315,243.05,0.4572,1.3718,235.56,248.24,245.35,419.39,424.08,419.36,420.84,1.3718,0.0,0.0,0.314,0.0,0.0,0.0739,0.0739,0,0,0.3231,0.3231,0,0,0.9735,0.9733,1,1,50,252.54,149.23,0,1,2025-09-30 19:23:17,19.0,78.9,,0,0,,1
2025-09-30 19:24:02,192.01,0.3146,243.17,0.4575,1.3726,235.9,248.24,245.38,419.11,424.17,420.18,421.13,1.3726,0.0,0.0,0.3146,0.0,0.0,0.0742,0.0742,0,0,0.3238,0.3238,0,0,0.9733,0.9733,1,1,50,252.54,149.23,0,1,2025-09-30 19:24:02,18.9,80.2,,0,0,,1
2025-09-30 19:24:47,192.01,0.3159,243.85,0.4584,1.3754,236.48,248.76,246.32,420.37,425.17,421.45,422.21,1.3754,0.0,0.0,0.3159,0.0,0.0,0.0749,0.0749,0,0,0.3253,0.3253,0,0,0.9729,0.9729,1,1,50,252.55,149.23,0,1,2025-09-30 19:24:47,18.9,81.9,,0,0,,1
2025-09-30 19:25:32,192.01,0.3158,243.99,0.4574,1.3724,236.11,248.55,247.33,420.71,425.16,421.84,422.59,1.3724,0.0,0.0,0.3148,0.0,0.0,0.0745,0.0745,0,0,0.324,0.324,0,0,0.9732,0.973,1,1,50,252.55,149.23,0,1,2025-09-30 19:25:32,18.9,83.4,,0,0,,1
2025-09-30 19:26:17,192.02,0.3171,244.92,0.4582,1.3748,237.79,249.08,247.9,422.26,426.86,423.44,424.14,1.3748,0.0,0.0,0.3171,0.0,0.0,0.077,0.077,0,0,0.3269,0.3269,0,0,0.9717,0.9717,1,1,50,252.55,149.23,0,1,2025-09-30 19:26:17,19.0,84.7,,0,0,,1
2025-09-30 19:27:02,192.02,0.3183,244.9,0.4583,1.375,237.8,249.01,247.9,422.29,426.9,423.27,424.21,1.375,0.0,0.0,0.3171,0.0,0.0,0.0769,0.0769,0,0,0.327,0.327,0,0,0.972,0.9718,1,1,50,252.56,149.23,0,1,2025-09-30 19:27:02,19.0,85.7,,0,0,,1
2025-09-30 19:27:47,192.03,0.3173,244.31,0.4578,1.3734,237.32,248.51,247.11,420.93,426.04,422.43,423.19,1.3734,0.0,0.0,0.3162,0.0,0.0,0.0763,0.0763,0,0,0.3259,0.3259,0,0,0.9722,0.972,1,1,50,252.56,149.23,0,1,2025-09-30 19:27:47,19.1,86.5,,0,0,,1
2025-09-30 19:28:32,192.03,0.3167,244.11,0.4572,1.3716,237.19,248.3,246.85,420.88,425.32,422.15,422.9,1.3716,0.0,0.0,0.3156,0.0,0.0,0.0763,0.0763,0,0,0.3253,0.3253,0,0,0.9721,0.972,1,1,50,252.57,149.24,0,1,2025-09-30 19:28:32,19.1,87.3,,0,0,,1
2025-09-30 19:29:17,192.03,0.3172,244.14,0.4575,1.3725,237.27,248.33,246.84,421.09,425.24,422.18,422.92,1.3725,0.0,0.0,0.3159,0.0,0.0,0.0764,0.0764,0,0,0.3257,0.3257,0,0,0.9721,0.9719,1,1,50,252.57,149.24,0,1,2025-09-30 19:29:17,19.5,87.9,,0,0,,1
2025-09-30 19:30:02,192.04,0.313,243.59,0.4554,1.3663,235.93,248.16,246.68,419.82,424.36,421.41,421.92,1.3663,0.0,0.0,0.313,0.0,0.0,0.0748,0.0748,0,0,0.3224,0.3224,0,0,0.9726,0.9726,1,1,50,252.57,149.24,0,1,2025-09-30 19:30:02,19.6,88.4,,0,0,,1
2025-09-30 19:30:47,192.04,0.3157,244.36,0.4565,1.3697,236.54,248.81,247.74,420.76,426.14,422.72,423.18,1.3697,0.0,0.0,0.3144,0.0,0.0,0.0755,0.0755,0,0,0.324,0.324,0,0,0.9725,0.9723,1,1,50,252.58,149.24,0,1,2025-09-30 19:30:47,19.6,88.9,,0,0,,1
2025-09-30 19:31:32,192.05,0.3159,244.26,0.4568,1.3706,236.39,248.74,247.65,420.81,425.88,422.39,423.11,1.3706,0.0,0.0,0.3146,0.0,0.0,0.0751,0.0751,0,0,0.324,0.324,0,0,0.9728,0.9726,1,1,50,252.58,149.24,0,1,2025-09-30 19:31:32,19.6,89.4,,0,0,,1
2025-09-30 19:32:17,192.05,0.3157,244.29,0.4567,1.3702,236.45,248.82,247.62,421.09,425.86,422.33,423.09,1.3702,0.0,0.0,0.3145,0.0,0.0,0.0753,0.0753,0,0,0.324,0.324,0,0,0.9726,0.9724,1,1,50,252.59,149.24,0,1,2025-09-30 19:32:17,19.7,89.9,,0,0,,1
2025-09-30 19:33:02,192.05,0.3157,244.31,0.4566,1.3699,236.48,248.77,247.68,420.89,425.33,423.09,423.11,1.3699,0.0,0.0,0.3145,0.0,0.0,0.0752,0.0752,0,0,0.324,0.324,0,0,0.9728,0.9726,1,1,50,252.59,149.24,0,1,2025-09-30 19:33:02,19.7,90.2,,0,0,,1
2025-09-30 19:33:47,192.1,4.0387,242.72,7.868,23.6042,234.78,247.26,246.13,417.93,423.12,420.04,420.4,8.891,7.506,7.2072,1.6428,1.2932,1.1027,3.9973,1.2837,1.3254,1.3881,5.7173,2.0874,1.8559,1.7739,0.7107,0.7879,0.6983,0.622,50,252.65,149.28,1,1,2025-09-30 19:33:47,19.7,88.7,,1,0,,0
2025-09-30 19:34:32,192.15,4.0173,242.56,7.8373,23.512,234.69,246.98,246.03,417.66,422.41,420.17,420.17,8.8875,7.4351,7.1894,1.6364,1.2767,1.1042,3.9831,1.2889,1.3139,1.3803,5.6909,2.0858,1.8363,1.7688,0.7101,0.7855,0.6968,0.6247,50,252.72,149.33,1,1,2025-09-30 19:34:32,19.7,84.8,,1,0,,0
2025-09-30 19:35:17,192.2,3.9501,242.71,7.769,23.307,234.72,247.2,246.21,417.88,423.26,419.89,420.34,8.7848,7.4018,7.1204,1.6132,1.2623,1.0747,3.9822,1.28,1.3187,1.3836,5.6448,2.062,1.8297,1.7531,0.7042,0.7833,0.6914,0.6134,50,252.79,149.38,1,1,2025-09-30 19:35:17,19.6,80.9,,1,0,,0
2025-09-30 19:36:02,192.23,0.3163,243.67,0.4593,1.3781,236.04,248,246.99,419.57,424.96,421.54,422.12,1.3781,0.0,0.0,0.3163,0.0,0.0,0.0735,0.0735,0,0,0.3253,0.3253,0,0,0.974,0.974,1,1,50,252.84,149.41,0,1,2025-09-30 19:36:02,19.1,78.1,,0,0,,1
2025-09-30 19:36:47,192.23,0.3189,244.74,0.4593,1.378,237.69,248.6,247.94,421.93,426.17,423.51,423.97,1.378,0.0,0.0,0.3178,0.0,0.0,0.0767,0.0767,0,0,0.3275,0.3275,0,0,0.9722,0.972,1,1,50,252.84,149.41,0,1,2025-09-30 19:36:47,19.0,79.3,,0,0,,1
2025-09-30 19:37:32,192.23,0.3172,244.55,0.4578,1.3734,237.31,248.5,247.84,421.49,426.57,422.59,423.55,1.3734,0.0,0.0,0.3161,0.0,0.0,0.0768,0.0768,0,0,0.3259,0.3259,0,0,0.9719,0.9717,1,1,50,252.84,149.41,0,1,2025-09-30 19:37:32,18.9,80.8,,0,0,,1
2025-09-30 19:38:17,192.24,0.3173,244.55,0.4578,1.3734,237.34,248.52,247.79,421.56,426.45,422.63,423.6,1.3734,0.0,0.0,0.3161,0.0,0.0,0.0771,0.0771,0,0,0.326,0.326,0,0,0.9717,0.9715,1,1,49.9,252.85,149.41,0,1,2025-09-30 19:38:17,18.9,82.4,,0,0,,1
2025-09-30 19:39:02,192.24,0.3168,243.84,0.4579,1.3738,236.81,247.96,246.75,420.73,425.01,421.2,422.28,1.3738,0.0,0.0,0.3157,0.0,0.0,0.076,0.076,0,0,0.3253,0.3253,0,0,0.9724,0.9722,1,1,49.9,252.85,149.42,0,1,2025-09-30 19:39:02,19.0,83.8,,0,0,,1
2025-09-30 19:39:47,192.25,0.3168,243.99,0.4586,1.3759,237.24,247.42,247.31,420.93,424.96,421.83,422.49,1.3759,0.0,0.0,0.3168,0.0,0.0,0.0761,0.0761,0,0,0.3264,0.3264,0,0,0.9723,0.9723,1,1,50,252.86,149.42,0,1,2025-09-30 19:39:47,19.0,85.1,,0,0,,1
2025-09-30 19:40:32,192.25,0.3173,244.18,0.4577,1.3731,237.39,247.61,247.55,420.96,425.39,422.37,422.86,1.3731,0.0,0.0,0.3162,0.0,0.0,0.0765,0.0765,0,0,0.326,0.326,0,0,0.9721,0.9719,1,1,50,252.86,149.42,0,1,2025-09-30 19:40:32,19.0,86,,0,0,,1
2025-09-30 19:41:17,192.25,0.3137,243.71,0.4565,1.3695,235.76,248.26,247.11,419.79,425,421.43,422.03,1.3695,0.0,0.0,0.3137,0.0,0.0,0.0741,0.0741,0,0,0.3229,0.3229,0,0,0.9731,0.9731,1,1,50,252.86,149.42,0,1,2025-09-30 19:41:17,19.1,86.9,,0,0,,1
2025-09-30 19:42:02,192.26,0.3152,243.78,0.4569,1.3709,235.84,248.38,247.13,420.18,425,421.43,422.16,1.3709,0.0,0.0,0.3141,0.0,0.0,0.074,0.074,0,0,0.3233,0.3233,0,0,0.9735,0.9733,1,1,50,252.87,149.42,0,1,2025-09-30 19:42:02,19.5,87.7,,0,0,,1
2025-09-30 19:42:47,192.26,0.316,244.29,0.4572,1.3718,236.24,248.78,247.87,420.75,426.39,422.16,423.12,1.3718,0.0,0.0,0.3148,0.0,0.0,0.0743,0.0743,0,0,0.3241,0.3241,0,0,0.9734,0.9732,1,1,50,252.87,149.42,0,1,2025-09-30 19:42:47,19.5,88.3,,0,0,,1
2025-09-30 19:43:32,192.27,0.3151,244.29,0.4577,1.3731,236.26,248.76,247.85,421.05,425.85,422.34,423.04,1.3731,0.0,0.0,0.3151,0.0,0.0,0.0746,0.0746,0,0,0.3244,0.3244,0,0,0.9731,0.9731,1,1,50,252.88,149.42,0,1,2025-09-30 19:43:32,19.6,88.8,,0,0,,1
2025-09-30 19:44:17,192.27,0.3146,244.36,0.4569,1.3709,236.29,248.93,247.86,421.2,426.38,422.05,423.25,1.3709,0.0,0.0,0.3146,0.0,0.0,0.0745,0.0745,0,0,0.3239,0.3239,0,0,0.973,0.973,1,1,50.1,252.88,149.42,0,1,2025-09-30 19:44:17,19.6,89.3,,0,0,,1
2025-09-30 19:45:02,192.27,0.3141,243.83,0.4568,1.3704,235.92,248.44,247.13,420.21,425.46,421.21,422.32,1.3704,0.0,0.0,0.3141,0.0,0.0,0.0741,0.0741,0,0,0.3233,0.3233,0,0,0.9732,0.9732,1,1,50.1,252.88,149.42,0,1,2025-09-30 19:45:02,19.7,89.7,,0,0,,1
2025-09-30 19:45:47,192.28,0.3174,244.44,0.4576,1.3728,237.26,248.71,247.36,421.45,426.46,422.18,423.32,1.3728,0.0,0.0,0.3161,0.0,0.0,0.0758,0.0758,0,0,0.3257,0.3257,0,0,0.9726,0.9724,1,1,50.1,252.89,149.42,0,1,2025-09-30 19:45:47,19.7,90.1,,0,0,,1
2025-09-30 19:46:32,192.28,0.3172,244.37,0.4576,1.3729,237.16,248.65,247.32,421.4,426.31,422.03,423.23,1.3729,0.0,0.0,0.3161,0.0,0.0,0.0757,0.0757,0,0,0.3256,0.3256,0,0,0.9726,0.9724,1,1,50,252.89,149.42,0,1,2025-09-30 19:46:32,19.7,90.5,,0,0,,1
2025-09-30 19:47:17,192.3,3.9012,243.4,7.7663,23.298900000000003,235.96,247.59,246.65,419.68,423.88,421.06,421.54,8.7734,7.4548,7.0707,1.6099,1.2467,1.0447,4.0472,1.2971,1.3551,1.395,5.6599,2.0702,1.8457,1.744,0.694,0.7786,0.677,0.5994,50,252.92,149.44,1,1,2025-09-30 19:47:17,19.8,90.6,,1,0,,0
2025-09-30 19:48:47,192.4,3.9535,243.5,7.7974,23.3923,235.41,247.63,247.48,419.33,424.46,421.37,421.72,8.8275,7.3962,7.1686,1.6121,1.2563,1.0851,4.0352,1.3068,1.3264,1.4019,5.6837,2.0781,1.8315,1.7741,0.6998,0.7768,0.6876,0.612,50.1,253.06,149.54,1,1,2025-09-30 19:48:47,19.7,83,,1,0,,0
2025-09-30 19:49:32,192.44,0.32,244.25,0.4621,1.3863,236.41,248.4,247.95,420.95,425.18,422.88,423.02,1.3863,0.0,0.0,0.3189,0.0,0.0,0.0732,0.0732,0,0,0.3277,0.3277,0,0,0.9748,0.9746,1,1,50,253.12,149.59,0,1,2025-09-30 19:49:32,19.5,79.2,,0,0,,1
2025-09-30 19:50:17,192.45,0.3173,244.29,0.4584,1.3753,236.47,248.39,248.01,420.79,425.51,422.93,423.05,1.3753,0.0,0.0,0.316,0.0,0.0,0.0743,0.0743,0,0,0.3252,0.3252,0,0,0.9736,0.9734,1,1,50,253.13,149.59,0,1,2025-09-30 19:50:17,19.0,79,,0,0,,1
2025-09-30 19:51:02,192.45,0.3157,243.78,0.4574,1.3724,235.94,248.3,247.12,420.22,424.73,421.66,422.3,1.3724,0.0,0.0,0.3147,0.0,0.0,0.0738,0.0738,0,0,0.3238,0.3238,0,0,0.9737,0.9735,1,1,50,253.13,149.59,0,1,2025-09-30 19:51:02,18.9,80.5,,0,0,,1
2025-09-30 19:51:47,192.45,0.3162,243.92,0.4579,1.3738,236.08,248.47,247.22,420.19,425.25,421.9,422.42,1.3738,0.0,0.0,0.3151,0.0,0.0,0.0742,0.0742,0,0,0.3243,0.3243,0,0,0.9735,0.9734,1,1,50.1,253.14,149.59,0,1,2025-09-30 19:51:47,18.9,81.9,,0,0,,1
2025-09-30 19:52:32,192.46,0.3155,243.66,0.4574,1.3724,235.8,248.26,246.94,420.07,424.32,421.58,421.84,1.3724,0.0,0.0,0.3144,0.0,0.0,0.074,0.074,0,0,0.3236,0.3236,0,0,0.9735,0.9733,1,1,50,253.14,149.59,0,1,2025-09-30 19:52:32,18.9,83.2,,0,0,,1
2025-09-30 19:53:17,192.46,0.3163,243.77,0.458,1.3741,235.92,248.33,247.06,420.17,424.96,421.41,422.14,1.3741,0.0,0.0,0.315,0.0,0.0,0.0739,0.0739,0,0,0.3242,0.3242,0,0,0.9737,0.9735,1,1,50,253.14,149.59,0,1,2025-09-30 19:53:17,19.0,84.5,,0,0,,1
2025-09-30 19:54:02,192.47,0.3178,244.39,0.4581,1.3745,237.39,248.48,247.32,421.75,425.34,422.71,423.35,1.3745,0.0,0.0,0.3165,0.0,0.0,0.0766,0.0766,0,0,0.3263,0.3263,0,0,0.9721,0.9719,1,1,50,253.15,149.59,0,1,2025-09-30 19:54:02,19.0,85.5,,0,0,,1
2025-09-30 19:54:47,192.47,0.3181,244.9,0.4583,1.3751,237.73,248.86,248.11,422.34,426.73,423.37,424.08,1.3751,0.0,0.0,0.3171,0.0,0.0,0.077,0.077,0,0,0.3269,0.3269,0,0,0.9719,0.9717,1,1,50,253.15,149.59,0,1,2025-09-30 19:54:47,19.0,86.3,,0,0,,1
2025-09-30 19:55:32,192.47,0.3197,245.25,0.4595,1.3785,238.05,249.28,248.42,422.78,427.83,423.68,424.74,1.3785,0.0,0.0,0.3184,0.0,0.0,0.0768,0.0768,0,0,0.3282,0.3282,0,0,0.9723,0.9721,1,1,50,253.16,149.59,0,1,2025-09-30 19:55:32,19.1,87,,0,0,,1
2025-09-30 19:56:17,192.48,0.3179,245.15,0.4589,1.3767,238.04,249.13,248.28,422.91,427.26,423.58,424.69,1.3767,0.0,0.0,0.3179,0.0,0.0,0.0769,0.0769,0,0,0.3277,0.3277,0,0,0.972,0.972,1,1,50,253.16,149.6,0,1,2025-09-30 19:56:17,19.5,87.7,,0,0,,1
2025-09-30 19:57:02,192.48,0.3173,244.41,0.4576,1.373,237.46,248.52,247.26,421.96,425.67,422.27,424.36,1.373,0.0,0.0,0.3163,0.0,0.0,0.0764,0.0764,0,0,0.326,0.326,0,0,0.9722,0.972,1,1,50,253.16,149.6,0,1,2025-09-30 19:57:02,19.5,88.2,,0,0,,1
2025-09-30 19:57:47,192.49,0.3153,243.89,0.4566,1.37,236.11,248.39,247.19,420.3,425.25,421.66,422.34,1.37,0.0,0.0,0.3142,0.0,0.0,0.0744,0.0744,0,0,0.3235,0.3235,0,0,0.9732,0.973,1,1,50,253.17,149.6,0,1,2025-09-30 19:57:47,19.6,88.7,,0,0,,1
2025-09-30 19:58:32,192.49,0.3142,243.84,0.4568,1.3706,236.01,248.41,247.11,420.23,424.91,421.77,422.29,1.3706,0.0,0.0,0.3142,0.0,0.0,0.0743,0.0743,0,0,0.3235,0.3235,0,0,0.9731,0.9731,1,1,50,253.17,149.6,0,1,2025-09-30 19:58:32,19.6,89.3,,0,0,,1
2025-09-30 19:59:17,192.49,0.3156,243.82,0.4569,1.3708,236.03,248.38,247.07,420.43,425.07,421.34,422.32,1.3708,0.0,0.0,0.3143,0.0,0.0,0.0742,0.0742,0,0,0.3235,0.3235,0,0,0.9734,0.9732,1,1,50,253.18,149.6,0,1,2025-09-30 19:59:17,19.7,89.8,,0,0,,1
2025-09-30 20:00:02,192.5,0.3137,243.76,0.4561,1.3683,236.03,248.23,247.03,420.27,424.81,421.42,422.14,1.3683,0.0,0.0,0.3137,0.0,0.0,0.0743,0.0743,0,0,0.323,0.323,0,0,0.973,0.973,1,1,50,253.18,149.6,0,1,2025-09-30 20:00:02,19.7,90.1,,0,0,,1
2025-09-30 20:00:54,192.5,0.3142,244.31,0.4562,1.3686,236.46,248.7,247.79,421.02,425.87,422.49,423.21,1.3686,0.0,0.0,0.3142,0.0,0.0,0.0749,0.0749,0,0,0.3236,0.3236,0,0,0.9727,0.9727,1,1,50.1,253.19,149.6,0,1,2025-09-30 20:00:54,19.7,90.6,,0,0,,1
2025-09-30 20:01:39,192.52,3.8292,243.54,7.7046,23.1138,235.29,247.92,247.41,419.63,424.53,421.17,421.77,8.68,7.3745,7.0593,1.5731,1.2288,1.0273,4.0558,1.2976,1.3475,1.4107,5.6171,2.0423,1.8283,1.7465,0.6865,0.7714,0.6738,0.5886,50,253.21,149.61,1,1,2025-09-30 20:01:39,19.8,90.8,,1,0,,0
2025-09-30 20:02:24,192.57,4.0197,244.35,7.8957,23.6872,236.83,248.3,247.94,420.78,426.26,422.59,423.28,8.8953,7.5551,7.2368,1.6401,1.2861,1.0935,4.0972,1.3172,1.3593,1.4207,5.7769,2.1067,1.8759,1.7943,0.7003,0.7796,0.6872,0.6099,50.1,253.28,149.67,1,1,2025-09-30 20:02:24,19.8,88.1,,1,0,,0
2025-09-30 20:03:09,192.61,3.9712,243.53,7.8237,23.4711,236.62,247.93,246.04,419.49,424.59,421.24,421.76,8.8548,7.4747,7.1416,1.6372,1.2614,1.0726,4.0434,1.3025,1.3512,1.3896,5.7055,2.0952,1.8532,1.7571,0.7007,0.7825,0.6823,0.611,50,253.35,149.71,1,1,2025-09-30 20:03:09,19.7,83.5,,1,0,,0
2025-09-30 20:03:54,192.67,3.9253,243.51,7.7797,23.339100000000002,236.68,247.81,246.06,419.35,424.73,421.19,421.75,8.8251,7.4034,7.1106,1.6228,1.2392,1.0632,4.0439,1.31,1.3464,1.3874,5.673,2.0887,1.8346,1.7496,0.6965,0.7781,0.6772,0.6082,50,253.42,149.77,1,1,2025-09-30 20:03:54,19.6,79.9,,1,0,,0
2025-09-30 20:04:39,192.68,0.3198,244.58,0.4599,1.3799,237.58,248.71,247.46,421.66,426.04,423.08,423.56,1.3799,0.0,0.0,0.3183,0.0,0.0,0.0758,0.0758,0,0,0.3278,0.3278,0,0,0.973,0.9727,1,1,50,253.44,149.78,0,1,2025-09-30 20:04:39,19.0,78,,0,0,,1
2025-09-30 20:05:24,192.69,0.3184,244.78,0.4598,1.3794,237.74,249.07,247.53,421.96,426.66,423.19,423.83,1.3794,0.0,0.0,0.3184,0.0,0.0,0.076,0.076,0,0,0.3279,0.3279,0,0,0.9726,0.9726,1,1,50,253.45,149.78,0,1,2025-09-30 20:05:25,18.9,79.3,,0,0,,1
2025-09-30 20:06:09,192.69,0.3167,244.57,0.4575,1.3726,236.57,249.19,247.96,421.45,426.5,422.76,423.7,1.3726,0.0,0.0,0.3154,0.0,0.0,0.0746,0.0746,0,0,0.3247,0.3247,0,0,0.9733,0.9731,1,1,50.1,253.45,149.78,0,1,2025-09-30 20:06:09,18.9,81.1,,0,0,,1
2025-09-30 20:06:54,192.69,0.3151,244.4,0.4575,1.3725,236.31,249.1,247.8,421.33,426.09,422.4,423.27,1.3725,0.0,0.0,0.3151,0.0,0.0,0.0745,0.0745,0,0,0.3243,0.3243,0,0,0.9731,0.9731,1,1,50,253.46,149.78,0,1,2025-09-30 20:06:54,18.9,82.6,,0,0,,1
2025-09-30 20:08:00,192.7,0.3146,244.42,0.4569,1.3709,236.4,249.02,247.84,421.31,426.41,422.22,423.3,1.3709,0.0,0.0,0.3146,0.0,0.0,0.075,0.075,0,0,0.3241,0.3241,0,0,0.9727,0.9729,1,1,50,253.46,149.78,0,1,2025-09-30 20:08:00,19.0,85,,0,0,,1
2025-09-30 20:08:45,192.71,0.3142,243.75,0.457,1.3711,235.85,248.53,246.89,420.14,424.73,421.58,422.16,1.3711,0.0,0.0,0.3142,0.0,0.0,0.0742,0.0742,0,0,0.3234,0.3234,0,0,0.9732,0.9732,1,1,50,253.47,149.79,0,1,2025-09-30 20:08:45,19.0,85.8,,0,0,,1
2025-09-30 20:09:30,192.71,0.3157,243.99,0.4573,1.3721,236.14,248.71,247.12,420.3,425.49,421.89,422.66,1.3721,0.0,0.0,0.3146,0.0,0.0,0.0746,0.0746,0,0,0.324,0.324,0,0,0.9732,0.973,1,1,50,253.47,149.79,0,1,2025-09-30 20:09:30,19.0,86.6,,0,0,,1
2025-09-30 20:10:15,192.71,0.3143,243.94,0.4569,1.3707,236.04,248.72,247.07,420.5,425.05,421.88,422.49,1.3707,0.0,0.0,0.3143,0.0,0.0,0.0745,0.0745,0,0,0.3235,0.3235,0,0,0.973,0.9731,1,1,50,253.48,149.79,0,1,2025-09-30 20:10:15,19.1,87.4,,0,0,,1
2025-09-30 20:11:00,192.72,0.3171,244.34,0.4577,1.3733,237.1,248.74,247.18,421.27,425.89,422.36,423.07,1.3733,0.0,0.0,0.316,0.0,0.0,0.0759,0.0759,0,0,0.3256,0.3256,0,0,0.9724,0.9723,1,1,50,253.48,149.79,0,1,2025-09-30 20:11:00,19.5,88,,0,0,,1
2025-09-30 20:11:45,192.72,0.3174,244.91,0.4574,1.3723,237.47,249.26,248.01,422.17,427.27,423.08,424.29,1.3723,0.0,0.0,0.3162,0.0,0.0,0.0764,0.0764,0,0,0.3259,0.3259,0,0,0.9722,0.972,1,1,50,253.48,149.79,0,1,2025-09-30 20:11:45,19.5,88.6,,0,0,,1
2025-09-30 20:12:30,192.73,0.318,245.06,0.4582,1.3747,237.63,249.38,248.17,422.59,427.35,423.33,424.38,1.3747,0.0,0.0,0.317,0.0,0.0,0.0765,0.0765,0,0,0.3267,0.3267,0,0,0.9722,0.972,1,1,50,253.49,149.79,0,1,2025-09-30 20:12:30,19.6,89,,0,0,,1
2025-09-30 20:13:15,192.73,0.3172,245.08,0.458,1.374,238.05,248.67,248.52,422.42,427.23,423.74,424.38,1.374,0.0,0.0,0.3172,0.0,0.0,0.0773,0.0773,0,0,0.3271,0.3271,0,0,0.9715,0.9715,1,1,50,253.49,149.79,0,1,2025-09-30 20:13:15,19.6,89.5,,0,0,,1
2025-09-30 20:14:00,192.73,0.3177,244.36,0.4578,1.3734,237.52,248.1,247.48,421.35,426.16,422.19,423.14,1.3734,0.0,0.0,0.3165,0.0,0.0,0.0763,0.0763,0,0,0.3262,0.3262,0,0,0.9723,0.9721,1,1,50,253.5,149.79,0,1,2025-09-30 20:14:00,19.7,89.9,,0,0,,1
2025-09-30 20:15:06,192.74,0.3154,243.99,0.4565,1.3695,236.17,248.7,247.11,420.38,425.54,421.79,422.54,1.3695,0.0,0.0,0.3143,0.0,0.0,0.0741,0.0741,0,0,0.3234,0.3234,0,0,0.9735,0.9733,1,1,50.1,253.5,149.79,0,1,2025-09-30 20:15:06,19.7,90.5,,0,0,,1
2025-09-30 20:15:51,192.74,0.3154,244.16,0.4564,1.3694,236.34,248.83,247.32,420.88,425.48,422.21,422.91,1.3694,0.0,0.0,0.3143,0.0,0.0,0.0746,0.0746,0,0,0.3236,0.3236,0,0,0.9731,0.9729,1,1,50,253.51,149.79,0,1,2025-09-30 20:15:51,19.8,90.7,,0,0,,1
2025-09-30 20:16:36,192.78,3.9723,243.34,7.8244,23.4732,235.01,248.18,246.84,419.2,424.45,420.66,421.37,8.788,7.5096,7.1756,1.6165,1.286,1.0698,4.0342,1.281,1.3431,1.4101,5.7002,2.0653,1.8637,1.7712,0.7016,0.7837,0.6915,0.6044,50.1,253.56,149.83,1,1,2025-09-30 20:16:36,19.8,90.1,,1,0,,0
2025-09-30 20:17:21,192.83,3.9926,243.94,7.8568,23.5706,235.47,248.64,247.71,420.03,425.91,421.5,422.37,8.8075,7.5368,7.2263,1.6192,1.2944,1.0789,4.0665,1.2911,1.3488,1.4266,5.7379,2.0739,1.8739,1.79,0.7005,0.7818,0.6924,0.6032,50.1,253.63,149.88,1,1,2025-09-30 20:17:21,19.7,86.2,,1,0,,0
2025-09-30 20:18:06,192.88,3.9553,243.94,7.8193,23.4579,235.43,248.7,247.7,419.65,426.46,421.37,422.39,8.7564,7.511,7.1905,1.6061,1.2846,1.0646,4.0638,1.2876,1.35,1.4262,5.7106,2.0615,1.868,1.7811,0.6974,0.7802,0.6893,0.5981,50.1,253.7,149.93,1,1,2025-09-30 20:18:06,19.6,81.9,,1,0,,0
2025-09-30 20:18:51,192.91,0.3216,245.49,0.4617,1.3853,238.21,249.72,248.55,423.18,427.97,424.38,425.13,1.3853,0.0,0.0,0.3204,0.0,0.0,0.0763,0.0763,0,0,0.33,0.33,0,0,0.973,0.9728,1,1,50,253.75,149.96,0,1,2025-09-30 20:18:51,19.1,78.5,,0,0,,1
2025-09-30 20:19:36,192.91,0.3198,244.98,0.4597,1.3793,237.76,249.4,247.8,422.48,426.64,423.74,424.24,1.3793,0.0,0.0,0.3183,0.0,0.0,0.0762,0.0762,0,0,0.3279,0.3279,0,0,0.9727,0.9725,1,1,50,253.75,149.96,0,1,2025-09-30 20:19:36,19.0,79.3,,0,0,,1
2025-09-30 20:20:21,192.92,0.3195,244.99,0.4598,1.3794,237.75,249.42,247.81,422.1,427.58,423.27,424.28,1.3794,0.0,0.0,0.3184,0.0,0.0,0.076,0.076,0,0,0.328,0.328,0,0,0.9728,0.9726,1,1,50.1,253.76,149.96,0,1,2025-09-30 20:20:21,18.9,80.7,,0,0,,1
2025-09-30 20:21:06,192.92,0.3194,244.99,0.4594,1.3784,237.81,249.35,247.83,422.02,427.7,423.25,424.32,1.3784,0.0,0.0,0.3182,0.0,0.0,0.076,0.076,0,0,0.3278,0.3278,0,0,0.9728,0.9726,1,1,50.1,253.76,149.97,0,1,2025-09-30 20:21:06,18.9,82.3,,0,0,,1
2025-09-30 20:22:14,192.93,0.3168,244.41,0.4578,1.3735,236.56,248.94,247.73,421.26,425.99,422.61,423.31,1.3735,0.0,0.0,0.3156,0.0,0.0,0.0745,0.0745,0,0,0.3249,0.3249,0,0,0.9734,0.9732,1,1,50,253.77,149.97,0,1,2025-09-30 20:22:14,19.0,84.7,,0,0,,1
2025-09-30 20:22:59,192.93,0.3157,245,0.4575,1.3726,236.95,249.44,248.61,421.85,427.65,423.46,424.31,1.3726,0.0,0.0,0.3157,0.0,0.0,0.0755,0.0755,0,0,0.3252,0.3252,0,0,0.9725,0.9725,1,1,50,253.77,149.97,0,1,2025-09-30 20:22:59,19.0,85.7,,0,0,,1
2025-09-30 20:23:44,192.94,0.3158,244.92,0.4577,1.3733,236.9,249.35,248.52,421.85,427.4,423.31,424.19,1.3733,0.0,0.0,0.3158,0.0,0.0,0.0757,0.0757,0,0,0.3253,0.3253,0,0,0.9724,0.9724,1,1,50,253.78,149.97,0,1,2025-09-30 20:23:44,19.0,86.6,,0,0,,1
2025-09-30 20:24:29,192.94,0.3163,245.17,0.4579,1.3739,237.15,249.57,248.79,422.59,427.31,423.91,424.54,1.3739,0.0,0.0,0.3163,0.0,0.0,0.0758,0.0758,0,0,0.3258,0.3258,0,0,0.9724,0.9724,1,1,50,253.78,149.97,0,1,2025-09-30 20:24:29,19.1,87.4,,0,0,,1
2025-09-30 20:25:14,192.95,0.3158,244.74,0.4577,1.3731,236.89,249.23,248.12,421.67,426.45,423.48,423.83,1.3731,0.0,0.0,0.3158,0.0,0.0,0.0754,0.0754,0,0,0.3253,0.3253,0,0,0.9726,0.9726,1,1,50,253.78,149.97,0,1,2025-09-30 20:25:14,19.5,87.9,,0,0,,1
2025-09-30 20:25:59,192.95,0.3173,244.67,0.4579,1.3737,236.83,249.17,248.03,421.27,426.99,423.02,423.81,1.3737,0.0,0.0,0.3159,0.0,0.0,0.0753,0.0753,0,0,0.3253,0.3253,0,0,0.9729,0.9727,1,1,50,253.79,149.97,0,1,2025-09-30 20:25:59,19.5,88.5,,0,0,,1
2025-09-30 20:26:44,192.95,0.3159,244.5,0.4568,1.3704,236.58,249.1,247.84,421.26,426.38,422.73,423.57,1.3704,0.0,0.0,0.3148,0.0,0.0,0.0749,0.0749,0,0,0.3242,0.3242,0,0,0.973,0.9728,1,1,50,253.79,149.97,0,1,2025-09-30 20:26:44,19.6,89,,0,0,,1
2025-09-30 20:27:29,192.96,0.3191,245.3,0.4587,1.3763,238.14,249.48,248.3,422.94,427.68,423.95,424.92,1.3763,0.0,0.0,0.3178,0.0,0.0,0.0774,0.0774,0,0,0.3278,0.3278,0,0,0.9718,0.9716,1,1,50,253.8,149.97,0,1,2025-09-30 20:27:29,19.6,89.5,,0,0,,1
2025-09-30 20:28:14,192.96,0.3201,246.09,0.4593,1.3781,238.75,250.2,249.33,424.33,428.99,425.32,426.23,1.3781,0.0,0.0,0.3189,0.0,0.0,0.0782,0.0782,0,0,0.329,0.329,0,0,0.9714,0.9712,1,1,50,253.8,149.98,0,1,2025-09-30 20:28:14,19.6,89.8,,0,0,,1
2025-09-30 20:28:59,192.96,0.3201,246.01,0.4593,1.3779,238.65,250.1,249.3,424.31,429.1,424.85,426.12,1.3779,0.0,0.0,0.3188,0.0,0.0,0.078,0.078,0,0,0.3288,0.3288,0,0,0.9715,0.9713,1,1,50,253.8,149.98,0,1,2025-09-30 20:28:59,19.7,90.1,,0,0,,1
2025-09-30 20:29:44,192.97,0.3192,246.18,0.458,1.374,238.83,250.28,249.43,424.38,429.33,425.39,426.37,1.374,0.0,0.0,0.318,0.0,0.0,0.0782,0.0782,0,0,0.3282,0.3282,0,0,0.9712,0.971,1,1,50,253.81,149.98,0,1,2025-09-30 20:29:44,19.7,90.5,,0,0,,1
2025-09-30 20:30:29,192.97,0.3201,246.28,0.4591,1.3774,238.94,250.38,249.54,425.02,429.1,425.52,426.49,1.3774,0.0,0.0,0.319,0.0,0.0,0.0781,0.0781,0,0,0.3291,0.3291,0,0,0.9714,0.9712,1,1,50,253.81,149.98,0,1,2025-09-30 20:30:29,19.7,90.7,,0,0,,1
2025-09-30 20:31:14,193.01,3.9841,244.98,7.9062,23.7188,237.46,249.17,248.31,421.93,427.48,423.46,424.26,8.8788,7.598,7.242,1.6317,1.2803,1.072,4.16,1.3302,1.388,1.4418,5.7998,2.1084,1.8932,1.7983,0.6916,0.775,0.678,0.5966,50,253.87,150.02,1,1,2025-09-30 20:31:14,19.8,89.5,,1,0,,0
2025-09-30 20:31:59,193.06,3.9634,244.94,7.8787,23.636300000000002,237.47,249.07,248.28,422.15,426.48,423.97,424.2,8.8639,7.5503,7.2221,1.6256,1.2687,1.0691,4.152,1.3324,1.3818,1.4378,5.7786,2.1049,1.8806,1.7931,0.6904,0.7734,0.6763,0.5967,50,253.94,150.07,1,1,2025-09-30 20:31:59,19.7,85.7,,1,0,,0
2025-09-30 20:32:44,193.11,3.9067,244.27,7.7938,23.3816,236.04,248.82,247.95,420.4,426.43,422.33,423.18,8.7541,7.454,7.1735,1.5954,1.2576,1.0537,4.096,1.3081,1.3568,1.4311,5.6997,2.0663,1.8547,1.7787,0.6901,0.7732,0.6797,0.5929,50,254.01,150.12,1,1,2025-09-30 20:32:44,19.6,81.5,,1,0,,0
2025-09-30 20:33:29,193.14,0.3195,245.27,0.46,1.3802,237.39,249.85,248.57,422.65,427.59,424.1,424.75,1.3802,0.0,0.0,0.3182,0.0,0.0,0.0756,0.0756,0,0,0.3276,0.3276,0,0,0.9731,0.9729,1,1,50,254.06,150.15,0,1,2025-09-30 20:33:29,19.1,78.4,,0,0,,1
2025-09-30 20:34:14,193.15,0.3199,245.98,0.4598,1.3795,237.94,250.45,249.57,423.85,428.83,425.37,425.97,1.3795,0.0,0.0,0.3187,0.0,0.0,0.0759,0.0759,0,0,0.3282,0.3282,0,0,0.9729,0.9727,1,1,50,254.06,150.16,0,1,2025-09-30 20:34:14,18.9,79.1,,0,0,,1
2025-09-30 20:34:59,193.15,0.3191,246.11,0.459,1.377,238.08,250.61,249.65,424.33,429.2,425.2,426.15,1.377,0.0,0.0,0.318,0.0,0.0,0.0769,0.0769,0,0,0.3278,0.3278,0,0,0.9721,0.9719,1,1,50,254.07,150.16,0,1,2025-09-30 20:34:59,18.9,81,,0,0,,1
2025-09-30 20:35:44,193.15,0.3181,246.02,0.4592,1.3777,237.99,250.55,249.53,423.96,429.21,425.11,426.09,1.3777,0.0,0.0,0.3181,0.0,0.0,0.0767,0.0767,0,0,0.3279,0.3279,0,0,0.9721,0.9721,1,1,50,254.07,150.16,0,1,2025-09-30 20:35:44,18.9,82.6,,0,0,,1
2025-09-30 20:36:29,193.16,0.3206,245.99,0.4595,1.3786,239.11,250.3,248.57,424.64,428.61,424.88,426.75,1.3786,0.0,0.0,0.3195,0.0,0.0,0.0783,0.0783,0,0,0.3296,0.3296,0,0,0.9714,0.9712,1,1,50,254.08,150.16,0,1,2025-09-30 20:36:29,18.9,84.1,,0,0,,1
2025-09-30 20:37:14,193.16,0.3203,246.1,0.4592,1.3776,239.19,250.12,248.99,424.25,428.85,425.58,426.14,1.3776,0.0,0.0,0.3193,0.0,0.0,0.0786,0.0786,0,0,0.3295,0.3295,0,0,0.9711,0.9709,1,1,50,254.08,150.16,0,1,2025-09-30 20:37:14,19.0,85.2,,0,0,,1
2025-09-30 20:37:59,193.17,0.3214,246.15,0.4601,1.3804,239.34,250.14,248.97,424.27,429.14,425.54,426.31,1.3804,0.0,0.0,0.3202,0.0,0.0,0.0784,0.0784,0,0,0.3304,0.3304,0,0,0.9715,0.9713,1,1,50,254.08,150.16,0,1,2025-09-30 20:37:59,19.0,86.1,,0,0,,1
2025-09-30 20:38:44,193.17,0.3215,246.1,0.4603,1.3809,239.33,249.98,249,424.03,428.61,426.04,426.26,1.3809,0.0,0.0,0.3203,0.0,0.0,0.0787,0.0787,0,0,0.3305,0.3305,0,0,0.9713,0.9711,1,1,50,254.09,150.16,0,1,2025-09-30 20:38:44,19.0,87,,0,0,,1
2025-09-30 20:39:29,193.17,0.3219,246.92,0.46,1.3801,239.98,250.71,250.08,425.72,430.45,426.8,427.68,1.3801,0.0,0.0,0.3206,0.0,0.0,0.0801,0.0801,0,0,0.3312,0.3312,0,0,0.9704,0.9702,1,1,50,254.09,150.16,0,1,2025-09-30 20:39:29,19.1,87.7,,0,0,,1
2025-09-30 20:40:14,193.18,0.3218,246.99,0.4598,1.3795,240,250.83,250.15,425.72,430.62,427,427.76,1.3795,0.0,0.0,0.3206,0.0,0.0,0.0798,0.0798,0,0,0.3311,0.3311,0,0,0.9705,0.9703,1,1,50,254.1,150.16,0,1,2025-09-30 20:40:14,19.5,88.4,,0,0,,1
2025-09-30 20:40:59,193.18,0.3209,247.07,0.4601,1.3805,239.95,251.04,250.22,426.01,430.38,427.32,427.86,1.3805,0.0,0.0,0.3209,0.0,0.0,0.0793,0.0793,0,0,0.3313,0.3313,0,0,0.9707,0.9707,1,1,50,254.1,150.16,0,1,2025-09-30 20:40:59,19.6,88.9,,0,0,,1
2025-09-30 20:41:44,193.19,0.3224,247.13,0.4607,1.3821,240.02,251.1,250.27,426.06,431.3,426.7,428.13,1.3821,0.0,0.0,0.3213,0.0,0.0,0.0794,0.0794,0,0,0.3317,0.3317,0,0,0.9709,0.9707,1,1,50.1,254.1,150.17,0,1,2025-09-30 20:41:44,19.6,89.3,,0,0,,1
2025-09-30 20:42:29,193.19,0.3185,245.96,0.4579,1.3737,238.26,250.46,249.18,423.68,429.21,425.09,425.96,1.3737,0.0,0.0,0.3174,0.0,0.0,0.0771,0.0771,0,0,0.3273,0.3273,0,0,0.9719,0.9717,1,1,50,254.11,150.17,0,1,2025-09-30 20:42:29,19.6,89.7,,0,0,,1
2025-09-30 20:43:14,193.19,0.3188,245.93,0.4583,1.3749,238.24,250.39,249.16,423.97,428.33,425.44,425.94,1.3749,0.0,0.0,0.3176,0.0,0.0,0.0771,0.0771,0,0,0.3276,0.3276,0,0,0.9719,0.9717,1,1,50,254.11,150.17,0,1,2025-09-30 20:43:14,19.7,90.1,,0,0,,1
2025-09-30 20:43:59,193.2,0.3189,246.03,0.4581,1.3743,238.31,250.54,249.25,423.68,429.37,425.29,426.06,1.3743,0.0,0.0,0.3177,0.0,0.0,0.077,0.077,0,0,0.3275,0.3275,0,0,0.972,0.9718,1,1,50,254.12,150.17,0,1,2025-09-30 20:43:59,19.7,90.4,,0,0,,1
2025-09-30 20:44:44,193.2,0.3176,246.13,0.4579,1.3738,238.4,250.64,249.36,424.02,429.17,425.64,426.07,1.3738,0.0,0.0,0.3176,0.0,0.0,0.0773,0.0773,0,0,0.3275,0.3275,0,0,0.9716,0.9716,1,1,50,254.12,150.17,0,1,2025-09-30 20:44:44,19.7,90.7,,0,0,,1
2025-09-30 20:45:29,193.21,0.3228,247.43,0.4603,1.381,240.4,251.35,250.55,426.91,430.74,427.94,428.54,1.381,0.0,0.0,0.3215,0.0,0.0,0.0799,0.0799,0,0,0.332,0.332,0,0,0.9707,0.9704,1,1,50.1,254.13,150.17,0,1,2025-09-30 20:45:29,19.8,90.9,,0,0,,1
2025-09-30 20:46:14,193.25,3.9827,246.04,7.9521,23.8564,241.55,251.67,244.9,424.66,428.51,425.17,426.12,9.0034,7.7178,7.1352,1.6981,1.2576,1.0271,4.2389,1.3535,1.474,1.4114,5.8645,2.1748,1.9423,1.7474,0.6847,0.7819,0.649,0.5884,50,254.19,150.22,1,1,2025-09-30 20:46:14,19.8,89.3,,1,0,,0
2025-09-30 20:46:59,193.3,3.9875,246.15,7.9544,23.8634,241.73,251.72,245.01,424.86,428.9,425.19,426.25,9.024,7.6993,7.1401,1.7015,1.2536,1.0324,4.2422,1.3598,1.472,1.4103,5.8688,2.1814,1.9381,1.7494,0.6848,0.7811,0.6483,0.5906,50,254.26,150.27,1,1,2025-09-30 20:46:59,19.7,85.6,,1,0,,0
2025-09-30 20:48:29,193.37,0.329,246.56,0.4652,1.3958,242.97,252.74,243.99,426.21,429.28,425.59,426.98,1.3958,0.0,0.0,0.328,0.0,0.0,0.083,0.083,0,0,0.3391,0.3391,0,0,0.9696,0.9694,1,1,50,254.36,150.34,0,1,2025-09-30 20:48:29,19.1,78.7,,0,0,,1
2025-09-30 20:49:14,193.37,0.328,246.82,0.4639,1.3919,242.88,252.55,245.03,426.06,429.51,426.8,427.3,1.3919,0.0,0.0,0.3269,0.0,0.0,0.083,0.083,0,0,0.3381,0.3381,0,0,0.9694,0.9692,1,1,50.1,254.37,150.34,0,1,2025-09-30 20:49:14,19.0,79.9,,0,0,,1
2025-09-30 20:49:59,193.38,0.3272,246.49,0.4632,1.3897,242.61,251.83,245.05,425.93,429.34,425.49,426.98,1.3897,0.0,0.0,0.326,0.0,0.0,0.0828,0.0828,0,0,0.3372,0.3372,0,0,0.9694,0.9692,1,1,50,254.37,150.34,0,1,2025-09-30 20:49:59,18.9,81.7,,0,0,,1
2025-09-30 20:50:44,193.38,0.3245,246.03,0.4612,1.3836,241.33,251.7,245.08,424.84,428.34,425.14,426.16,1.3836,0.0,0.0,0.3231,0.0,0.0,0.0811,0.0811,0,0,0.3339,0.3339,0,0,0.9701,0.9699,1,1,50,254.38,150.34,0,1,2025-09-30 20:50:44,18.9,83.4,,0,0,,1
2025-09-30 20:51:29,193.38,0.3242,246.1,0.4614,1.3843,240.92,252.65,244.74,424.94,428.53,425.16,426.29,1.3843,0.0,0.0,0.3229,0.0,0.0,0.0804,0.0804,0,0,0.3335,0.3335,0,0,0.9705,0.9703,1,1,50,254.38,150.35,0,1,2025-09-30 20:51:29,19.0,84.7,,0,0,,1
2025-09-30 20:52:14,193.39,0.3246,246.31,0.4616,1.3849,241.16,252.83,244.94,425.21,429.11,425.4,426.49,1.3849,0.0,0.0,0.3233,0.0,0.0,0.0806,0.0806,0,0,0.334,0.334,0,0,0.9705,0.9703,1,1,50.1,254.39,150.35,0,1,2025-09-30 20:52:14,19.0,85.6,,0,0,,1
2025-09-30 20:52:59,193.39,0.3241,246.39,0.4612,1.3836,241.25,252.89,245.03,425.09,429.33,425.7,426.78,1.3836,0.0,0.0,0.3231,0.0,0.0,0.0807,0.0807,0,0,0.3338,0.3338,0,0,0.9703,0.9701,1,1,50,254.39,150.35,0,1,2025-09-30 20:52:59,19.0,86.6,,0,0,,1
2025-09-30 20:53:44,193.4,0.3269,247.09,0.4627,1.3882,242.73,253.2,245.34,426.71,430.49,426.59,427.89,1.3882,0.0,0.0,0.3256,0.0,0.0,0.0833,0.0833,0,0,0.337,0.337,0,0,0.969,0.9688,1,1,50.1,254.39,150.35,0,1,2025-09-30 20:53:44,19.1,87.2,,0,0,,1
2025-09-30 20:54:29,193.4,0.3276,247.42,0.4629,1.3889,242.95,253.48,245.83,427.52,431.16,426.85,428.36,1.3889,0.0,0.0,0.326,0.0,0.0,0.0837,0.0837,0,0,0.3374,0.3374,0,0,0.9688,0.9686,1,1,50,254.4,150.35,0,1,2025-09-30 20:54:29,19.5,87.8,,0,0,,1
2025-09-30 20:55:14,193.4,0.3267,247.24,0.4627,1.3882,242.81,253.31,245.61,427.26,430.6,426.75,428.22,1.3882,0.0,0.0,0.3257,0.0,0.0,0.0836,0.0836,0,0,0.3371,0.3371,0,0,0.9687,0.9686,1,1,50,254.4,150.35,0,1,2025-09-30 20:55:14,19.5,88.4,,0,0,,1
2025-09-30 20:55:59,193.41,0.3269,246.94,0.4625,1.3876,242.64,252.76,245.44,426.66,429.79,426.6,427.72,1.3876,0.0,0.0,0.3253,0.0,0.0,0.0834,0.0834,0,0,0.3367,0.3367,0,0,0.9689,0.9686,1,1,50,254.41,150.35,0,1,2025-09-30 20:55:59,19.6,88.9,,0,0,,1
2025-09-30 20:56:44,193.41,0.3257,246.34,0.4619,1.3858,242.07,252.38,244.59,425.41,428.89,425.62,426.66,1.3858,0.0,0.0,0.3243,0.0,0.0,0.0824,0.0824,0,0,0.3355,0.3355,0,0,0.9694,0.9692,1,1,50,254.41,150.35,0,1,2025-09-30 20:56:44,19.6,89.3,,0,0,,1
2025-09-30 20:57:29,193.42,0.3248,246.27,0.4613,1.3839,241.9,252.38,244.55,425.45,429.29,424.85,426.58,1.3839,0.0,0.0,0.3236,0.0,0.0,0.0826,0.0826,0,0,0.3348,0.3348,0,0,0.9691,0.9689,1,1,50,254.42,150.35,0,1,2025-09-30 20:57:29,19.6,89.8,,0,0,,1
2025-09-30 20:58:14,193.42,0.3252,246.29,0.4615,1.3847,241.97,252.3,244.61,425.35,428.71,425.58,426.45,1.3847,0.0,0.0,0.324,0.0,0.0,0.0822,0.0822,0,0,0.3351,0.3351,0,0,0.9694,0.9692,1,1,50,254.42,150.35,0,1,2025-09-30 20:58:14,19.7,90.1,,0,0,,1
2025-09-30 20:58:59,193.42,0.3244,246.32,0.4605,1.3817,242.01,252.38,244.58,425.55,429.04,425.24,426.65,1.3817,0.0,0.0,0.3233,0.0,0.0,0.0823,0.0823,0,0,0.3344,0.3344,0,0,0.9693,0.969,1,1,50,254.42,150.36,0,1,2025-09-30 20:58:59,19.7,90.4,,0,0,,1
2025-09-30 20:59:44,193.43,0.3224,245.69,0.4596,1.3789,240.68,251.98,244.42,423.78,428.8,423.97,425.48,1.3789,0.0,0.0,0.3213,0.0,0.0,0.0801,0.0801,0,0,0.3319,0.3319,0,0,0.9704,0.9703,1,1,50,254.43,150.36,0,1,2025-09-30 20:59:44,19.7,90.7,,0,0,,1
2025-09-30 21:00:29,193.43,0.3223,245.2,0.46,1.3801,240.1,251.67,243.85,423.14,427.67,423.19,424.67,1.3801,0.0,0.0,0.3211,0.0,0.0,0.0788,0.0788,0,0,0.3314,0.3314,0,0,0.9714,0.9711,1,1,50,254.43,150.36,0,1,2025-09-30 21:00:29,19.8,90.9,,0,0,,1
2025-09-30 21:01:14,193.45,3.8491,244.27,7.7762,23.3286,238.83,250.7,243.28,421.44,425.78,421.91,422.96,8.8128,7.5319,6.9839,1.6435,1.2208,0.9848,4.128,1.3101,1.4352,1.3828,5.6921,2.1048,1.8882,1.699,0.6819,0.7819,0.6479,0.58,50,254.46,150.38,1,1,2025-09-30 21:01:14,19.8,91,,1,0,,0
2025-09-30 21:01:59,193.5,3.9619,244.26,7.8722,23.6167,238.86,250.65,243.28,421.23,425.64,422.19,423.02,8.9291,7.6071,7.0805,1.6785,1.257,1.0264,4.1207,1.311,1.4281,1.3815,5.7621,2.1328,1.9067,1.7225,0.693,0.788,0.6607,0.5963,50,254.53,150.43,1,1,2025-09-30 21:01:59,19.7,87.6,,1,0,,0
2025-09-30 21:02:44,193.55,3.9123,244.3,7.8256,23.4768,239,250.58,243.33,421.23,425.53,422.51,422.98,8.9021,7.5309,7.0438,1.6643,1.2318,1.0162,4.1234,1.3207,1.4242,1.3786,5.7287,2.1276,1.8871,1.714,0.6882,0.7833,0.6541,0.5933,50,254.6,150.48,1,1,2025-09-30 21:02:44,19.7,83.1,,1,0,,0
2025-09-30 21:03:29,193.59,0.3283,245.99,0.4657,1.3972,241.77,251.91,244.3,424.62,427.95,425.49,425.96,1.3972,0.0,0.0,0.3272,0.0,0.0,0.0808,0.0808,0,0,0.3378,0.3378,0,0,0.971,0.9708,1,1,50,254.67,150.53,0,1,2025-09-30 21:03:29,19.5,79.3,,0,0,,1
2025-09-30 21:04:21,193.6,0.3264,246.05,0.463,1.3891,241.84,251.94,244.37,425.02,428.38,424.99,426.12,1.3891,0.0,0.0,0.325,0.0,0.0,0.0818,0.0818,0,0,0.3359,0.3359,0,0,0.97,0.9697,1,1,50,254.67,150.53,0,1,2025-09-30 21:04:21,19.0,79.9,,0,0,,1
2025-09-30 21:05:06,193.6,0.3245,245.9,0.4611,1.3833,241.59,251.96,244.16,424.38,428.62,424.62,425.92,1.3833,0.0,0.0,0.3232,0.0,0.0,0.0818,0.0818,0,0,0.3342,0.3342,0,0,0.9696,0.9694,1,1,50,254.68,150.53,0,1,2025-09-30 21:05:06,18.9,81.7,,0,0,,1
2025-09-30 21:05:51,193.61,0.325,246,0.4615,1.3845,241.68,252.15,244.17,425.47,428.27,424.41,426.04,1.3845,0.0,0.0,0.3236,0.0,0.0,0.082,0.082,0,0,0.3346,0.3346,0,0,0.9696,0.9693,1,1,50,254.68,150.53,0,1,2025-09-30 21:05:51,18.9,83.3,,0,0,,1
2025-09-30 21:06:36,193.61,0.3243,245.76,0.4609,1.3829,241.36,251.9,244.04,424.64,427.84,424.43,425.6,1.3829,0.0,0.0,0.3229,0.0,0.0,0.0816,0.0816,0,0,0.3338,0.3338,0,0,0.9697,0.9695,1,1,50,254.69,150.53,0,1,2025-09-30 21:06:36,19.0,84.5,,0,0,,1
2025-09-30 21:07:21,193.62,0.3251,245.84,0.4619,1.3859,241.53,251.9,244.1,424.5,428.8,424.04,425.77,1.3859,0.0,0.0,0.3238,0.0,0.0,0.0816,0.0816,0,0,0.3347,0.3347,0,0,0.9698,0.9696,1,1,50,254.69,150.53,0,1,2025-09-30 21:07:21,19.0,85.7,,0,0,,1
2025-09-30 21:08:06,193.62,0.3241,245.66,0.4607,1.3823,241.48,251.43,244.08,424.49,427.75,424.16,425.53,1.3823,0.0,0.0,0.3228,0.0,0.0,0.0818,0.0818,0,0,0.3338,0.3338,0,0,0.9695,0.9693,1,1,50,254.7,150.53,0,1,2025-09-30 21:08:06,19.0,86.4,,0,0,,1
2025-09-30 21:08:52,193.62,0.322,245.1,0.46,1.38,239.98,251.41,243.92,423.38,427.25,422.86,424.46,1.38,0.0,0.0,0.3208,0.0,0.0,0.0795,0.0795,0,0,0.3312,0.3312,0,0,0.9708,0.9706,1,1,50,254.7,150.53,0,1,2025-09-30 21:09:36,19.5,88.1,,0,0,,1
2025-09-30 21:09:36,193.63,0.3216,244.95,0.4597,1.3791,239.94,251.09,243.82,422.88,426.45,423.32,424.24,1.3791,0.0,0.0,0.3205,0.0,0.0,0.0792,0.0792,0,0,0.3309,0.3309,0,0,0.9709,0.9707,1,1,50,254.7,150.53,0,1,2025-09-30 21:09:36,19.5,88.1,,0,0,,1
2025-09-30 21:10:21,193.63,0.32,244.53,0.4594,1.3784,239.43,250.73,243.45,421.94,426.57,422.03,423.45,1.3784,0.0,0.0,0.32,0.0,0.0,0.0781,0.0781,0,0,0.33,0.33,0,0,0.9714,0.9711,1,1,50,254.71,150.54,0,1,2025-09-30 21:10:21,19.5,88.6,,0,0,,1
2025-09-30 21:11:28,193.64,0.323,245.36,0.4613,1.3841,241.04,251.09,243.95,423.57,427,424.22,424.93,1.3841,0.0,0.0,0.323,0.0,0.0,0.0807,0.0807,0,0,0.3336,0.3336,0,0,0.9701,0.9701,1,1,50,254.72,150.54,0,1,2025-09-30 21:11:28,19.6,89.4,,0,0,,1
2025-09-30 21:12:13,193.64,0.3224,245.18,0.4596,1.3788,240.76,251.11,243.69,423.5,427.01,423.4,424.7,1.3788,0.0,0.0,0.3211,0.0,0.0,0.081,0.081,0,0,0.332,0.332,0,0,0.9698,0.9696,1,1,50,254.72,150.54,0,1,2025-09-30 21:12:13,19.6,89.9,,0,0,,1
2025-09-30 21:12:58,193.65,0.323,245.21,0.4602,1.3806,240.76,251.26,243.62,423.44,427.58,423.04,424.72,1.3806,0.0,0.0,0.3216,0.0,0.0,0.0809,0.0809,0,0,0.3324,0.3324,0,0,0.97,0.9697,1,1,50,254.72,150.54,0,1,2025-09-30 21:12:58,19.7,90.2,,0,0,,1
2025-09-30 21:13:43,193.65,0.3235,245.3,0.461,1.3831,240.88,251.3,243.74,423.61,427.84,423.1,424.71,1.3831,0.0,0.0,0.3225,0.0,0.0,0.0806,0.0806,0,0,0.3332,0.3332,0,0,0.9703,0.9701,1,1,50,254.73,150.54,0,1,2025-09-30 21:13:43,19.7,90.6,,0,0,,1
2025-09-30 21:14:28,193.66,3.7209,244.55,7.694,23.0822,239.86,250.39,243.41,422.11,426.24,422.28,423.55,8.7224,7.4553,6.9045,1.6071,1.1689,0.9449,4.1633,1.3303,1.4473,1.3857,5.6395,2.0922,1.8667,1.6806,0.6663,0.7716,0.6303,0.5654,50,254.74,150.55,1,1,2025-09-30 21:14:28,19.7,91,,1,0,,0
2025-09-30 21:15:13,193.71,3.9579,244.49,7.8831,23.6495,239.82,250.35,243.32,421.67,426.32,422.34,423.46,8.9324,7.6349,7.0822,1.6832,1.2522,1.0226,4.1406,1.3195,1.4384,1.3826,5.7768,2.1422,1.9114,1.7232,0.6909,0.7865,0.6566,0.5947,50,254.82,150.6,1,1,2025-09-30 21:15:13,19.7,88.3,,1,0,,0
2025-09-30 21:16:43,193.81,3.8604,244.56,7.7674,23.3023,237.28,249.14,247.27,421.78,426.44,422.48,423.56,8.7724,7.4381,7.0918,1.6028,1.2291,1.0284,4.1242,1.3237,1.3824,1.4181,5.6882,2.0815,1.8531,1.7536,0.6833,0.7709,0.6647,0.5877,50,254.96,150.7,1,1,2025-09-30 21:16:43,19.5,79.9,,1,0,,0
2025-09-30 21:17:28,193.83,0.318,245.11,0.4598,1.3794,237.38,249.75,248.22,421.91,427.84,423.81,424.5,1.3794,0.0,0.0,0.318,0.0,0.0,0.0746,0.0746,0,0,0.3274,0.3274,0,0,0.9735,0.9737,1,1,50,254.98,150.72,0,1,2025-09-30 21:17:28,19.0,78.1,,0,0,,1
2025-09-30 21:18:34,193.83,0.3186,245.15,0.459,1.3772,237.37,249.95,248.14,422.2,427.72,423.82,424.62,1.3772,0.0,0.0,0.3175,0.0,0.0,0.0751,0.0751,0,0,0.3269,0.3269,0,0,0.9733,0.9731,1,1,50,254.99,150.72,0,1,2025-09-30 21:18:34,18.9,80.9,,0,0,,1
2025-09-30 21:19:19,193.84,0.3163,245,0.4578,1.3736,237.2,249.76,248.04,422.16,427.15,423.62,424.34,1.3736,0.0,0.0,0.3163,0.0,0.0,0.0755,0.0755,0,0,0.3258,0.3258,0,0,0.9726,0.9726,1,1,50,255,150.73,0,1,2025-09-30 21:19:19,18.9,82.5,,0,0,,1
2025-09-30 21:20:04,193.84,0.317,245,0.4572,1.3717,237.13,249.81,248.07,422.02,427.54,423.4,424.27,1.3717,0.0,0.0,0.3156,0.0,0.0,0.0761,0.0761,0,0,0.3253,0.3253,0,0,0.9723,0.9721,1,1,49.9,255,150.73,0,1,2025-09-30 21:20:04,18.9,83.9,,0,0,,1
2025-09-30 21:20:49,193.85,0.3166,244.92,0.4573,1.3719,237.08,249.7,248,421.95,427.13,423.48,424.24,1.3719,0.0,0.0,0.3155,0.0,0.0,0.0763,0.0763,0,0,0.3253,0.3253,0,0,0.9721,0.972,1,1,49.9,255,150.73,0,1,2025-09-30 21:20:49,19.0,85,,0,0,,1
2025-09-30 21:21:34,193.85,0.3198,245.83,0.4589,1.3769,238.82,250.13,248.55,422.11,431.13,424.16,425.74,1.3769,0.0,0.0,0.3185,0.0,0.0,0.0789,0.0789,0,0,0.3288,0.3288,0,0,0.9709,0.9706,1,1,49.9,255.01,150.73,0,1,2025-09-30 21:21:34,19.0,86,,0,0,,1
2025-09-30 21:22:19,193.85,0.3183,245.81,0.4585,1.3755,238.85,250.09,248.5,424.08,427.99,425.1,425.76,1.3755,0.0,0.0,0.3183,0.0,0.0,0.0788,0.0788,0,0,0.3285,0.3285,0,0,0.9707,0.9707,1,1,49.9,255.01,150.73,0,1,2025-09-30 21:22:19,19.0,86.9,,0,0,,1
2025-09-30 21:23:04,193.86,0.3227,246.45,0.4614,1.3844,241.03,245.71,252.62,424.15,429.08,427.31,426.86,1.3844,0.0,0.0,0.3227,0.0,0.0,0.0818,0.0818,0,0,0.3337,0.3337,0,0,0.9693,0.9693,1,1,49.9,255.02,150.73,0,1,2025-09-30 21:23:04,19.1,87.5,,0,0,,1
2025-09-30 21:23:49,193.86,0.3238,246.58,0.4622,1.3867,241.23,245.88,252.63,424.23,430.15,426.85,427.03,1.3867,0.0,0.0,0.3236,0.0,0.0,0.0817,0.0817,0,0,0.3345,0.3345,0,0,0.9696,0.9695,1,1,50,255.02,150.73,0,1,2025-09-30 21:23:49,19.5,88.2,,0,0,,1
2025-09-30 21:24:34,193.87,0.3237,246.76,0.4615,1.3847,241.71,245.42,253.15,424.43,430.33,427.4,427.24,1.3847,0.0,0.0,0.3236,0.0,0.0,0.0824,0.0824,0,0,0.3347,0.3347,0,0,0.969,0.969,1,1,50,255.02,150.73,0,1,2025-09-30 21:24:34,19.5,88.8,,0,0,,1
2025-09-30 21:25:41,193.87,0.3218,246.34,0.4606,1.382,240.72,245.08,253.24,423.69,428.83,427.47,426.55,1.382,0.0,0.0,0.322,0.0,0.0,0.0807,0.0807,0,0,0.3327,0.3327,0,0,0.9699,0.9699,1,1,50,255.03,150.73,0,1,2025-09-30 21:25:41,19.6,89.5,,0,0,,1
2025-09-30 21:26:26,193.88,0.3224,246.81,0.4606,1.3818,240.78,246.29,253.36,424.47,430.12,427.81,427.35,1.3818,0.0,0.0,0.3222,0.0,0.0,0.0801,0.0801,0,0,0.3327,0.3327,0,0,0.9704,0.9704,1,1,50.1,255.04,150.74,0,1,2025-09-30 21:26:26,19.6,90,,0,0,,1
2025-09-30 21:27:11,193.88,0.3214,246.47,0.4613,1.3839,240.5,246.26,252.65,424.26,428.82,427.53,426.85,1.3839,0.0,0.0,0.3225,0.0,0.0,0.0794,0.0794,0,0,0.3328,0.3328,0,0,0.9708,0.971,1,1,50,255.04,150.74,0,1,2025-09-30 21:27:11,19.7,90.3,,0,0,,1
2025-09-30 21:27:56,193.88,0.3225,246.37,0.4602,1.3806,240.31,246.23,252.59,423.62,429.34,427.19,426.7,1.3806,0.0,0.0,0.3213,0.0,0.0,0.0795,0.0795,0,0,0.3318,0.3318,0,0,0.9709,0.9707,1,1,50,255.04,150.74,0,1,2025-09-30 21:27:56,19.7,90.6,,0,0,,1
2025-09-30 21:28:41,193.89,0.3203,246.44,0.4601,1.3804,240.45,246.21,252.67,423.91,429.3,427.29,426.91,1.3804,0.0,0.0,0.3214,0.0,0.0,0.08,0.08,0,0,0.3319,0.3319,0,0,0.9701,0.9703,1,1,50,255.05,150.74,0,1,2025-09-30 21:28:41,19.7,90.8,,0,0,,1
2025-09-30 21:29:26,193.91,3.8479,246.26,7.8336,23.5009,240.8,245.6,252.4,423.5,428.83,427.26,426.53,8.8982,7.3636,7.2391,1.5817,1.1758,1.0903,4.2722,1.4402,1.3678,1.4643,5.7783,2.1427,1.8085,1.8271,0.6692,0.7394,0.6518,0.5972,50,255.08,150.76,1,1,2025-09-30 21:29:26,19.8,91,,1,0,,0
2025-09-30 21:30:11,193.95,3.9584,246.76,7.9383,23.814999999999998,241.49,246.41,252.39,424.59,429.45,428.12,427.38,8.9797,7.4982,7.3371,1.6198,1.2199,1.1187,4.2905,1.4362,1.3809,1.4734,5.868,2.1685,1.8476,1.8518,0.678,0.7482,0.662,0.6046,50,255.15,150.81,1,1,2025-09-30 21:30:11,19.7,87.9,,1,0,,0
2025-09-30 21:30:56,194,3.8863,246.73,7.8738,23.6216,241.37,246.51,252.32,424.52,430.17,427.34,427.37,8.8878,7.4605,7.2733,1.5961,1.2022,1.088,4.2892,1.428,1.3852,1.4759,5.8195,2.1452,1.8391,1.8352,0.6714,0.7452,0.6554,0.5933,50,255.22,150.86,1,1,2025-09-30 21:30:56,19.6,83.1,,1,0,,0
2025-09-30 21:31:41,194.05,0.3297,247.54,0.482,1.4461,242.13,246.84,253.67,425.74,431.18,429.33,427.82,1.4049,0.0,0.0412,0.3297,0.0,-0.0014,0.0802,0.0802,0,0,0.3506,0.3402,0,0.0105,0.9716,0.9716,1,1,50,255.29,150.91,0,1,2025-09-30 21:31:41,19.5,79.7,,0,0,,1
2025-09-30 21:32:26,194.05,0.3234,247.02,0.462,1.3862,240.85,246.73,253.5,424.89,430.65,427.99,427.76,1.3862,0.0,0.0,0.3234,0.0,0.0,0.0798,0.0798,0,0,0.3339,0.3339,0,0,0.9709,0.9709,1,1,50,255.29,150.91,0,1,2025-09-30 21:32:26,19.0,78.8,,0,0,,1
2025-09-30 21:33:11,194.06,0.3234,246.97,0.4621,1.3863,240.9,246.56,253.46,424.75,430.38,428.12,427.71,1.3863,0.0,0.0,0.3234,0.0,0.0,0.0802,0.0802,0,0,0.334,0.334,0,0,0.9706,0.9706,1,1,50,255.3,150.91,0,1,2025-09-30 21:33:11,18.9,80.4,,0,0,,1
2025-09-30 21:33:56,194.06,0.3224,247.18,0.462,1.3861,240.99,246.89,253.66,425.36,430.36,428.59,428.06,1.3861,0.0,0.0,0.3235,0.0,0.0,0.0801,0.0801,0,0,0.334,0.334,0,0,0.9705,0.9707,1,1,50,255.3,150.92,0,1,2025-09-30 21:33:56,18.9,82,,0,0,,1
2025-09-30 21:34:41,194.07,0.3227,247.15,0.4612,1.3837,240.89,246.92,253.64,424.82,431.25,428.11,428.13,1.3837,0.0,0.0,0.3227,0.0,0.0,0.0804,0.0804,0,0,0.3333,0.3333,0,0,0.9703,0.9703,1,1,50,255.31,150.92,0,1,2025-09-30 21:34:41,18.9,83.4,,0,0,,1
2025-09-30 21:35:26,194.07,0.3208,246.93,0.4607,1.3821,240.67,246.91,253.23,424.98,430.26,427.81,427.65,1.3821,0.0,0.0,0.322,0.0,0.0,0.0804,0.0804,0,0,0.3326,0.3326,0,0,0.9699,0.9702,1,1,50,255.31,150.92,0,1,2025-09-30 21:35:26,18.9,84.8,,0,0,,1
2025-09-30 21:36:11,194.07,0.3219,247.03,0.461,1.3831,240.72,246.93,253.45,424.83,430.78,427.96,427.78,1.3831,0.0,0.0,0.3223,0.0,0.0,0.0804,0.0804,0,0,0.3329,0.3329,0,0,0.9701,0.9702,1,1,50,255.31,150.92,0,1,2025-09-30 21:36:11,19.0,85.7,,0,0,,1
2025-09-30 21:36:56,194.08,0.3238,247.14,0.4613,1.3839,240.81,247.09,253.54,424.99,430.97,428.21,427.91,1.3839,0.0,0.0,0.3226,0.0,0.0,0.0804,0.0804,0,0,0.3333,0.3333,0,0,0.9705,0.9703,1,1,50,255.32,150.92,0,1,2025-09-30 21:36:56,19.0,86.6,,0,0,,1
2025-09-30 21:37:41,194.08,0.3256,247.86,0.462,1.386,242.28,247.4,253.9,426.56,431.92,429.38,429.23,1.386,0.0,0.0,0.3245,0.0,0.0,0.0829,0.0829,0,0,0.3358,0.3358,0,0,0.969,0.9688,1,1,50,255.32,150.92,0,1,2025-09-30 21:37:41,19.0,87.3,,0,0,,1
2025-09-30 21:38:26,194.09,0.3243,247.91,0.4619,1.3858,242.39,247.45,253.9,426.79,431.78,429.57,429.31,1.3858,0.0,0.0,0.3246,0.0,0.0,0.0831,0.0831,0,0,0.3359,0.3359,0,0,0.9686,0.9687,1,1,50,255.33,150.92,0,1,2025-09-30 21:38:26,19.1,88.1,,0,0,,1
2025-09-30 21:39:11,194.09,0.3252,248.05,0.4625,1.3875,242.54,247.55,254.08,426.74,432.05,430.1,429.59,1.3875,0.0,0.0,0.3253,0.0,0.0,0.0829,0.0829,0,0,0.3365,0.3365,0,0,0.969,0.969,1,1,50,255.33,150.92,0,1,2025-09-30 21:39:11,19.5,88.6,,0,0,,1
2025-09-30 21:39:56,194.09,0.3236,248.03,0.4619,1.3859,242.5,247.47,254.13,426.79,432.06,429.92,429.65,1.3859,0.0,0.0,0.3247,0.0,0.0,0.0842,0.0832,0,0,0.3361,0.3361,0,0,0.9677,0.9687,1,1,50,255.34,150.92,0,1,2025-09-30 21:39:56,19.6,89.1,,0,0,,1
2025-09-30 21:40:41,194.1,0.326,247.94,0.462,1.3862,242.43,247.38,254.03,426.71,431.73,429.87,429.49,1.3862,0.0,0.0,0.3248,0.0,0.0,0.0831,0.0831,0,0,0.3361,0.3361,0,0,0.969,0.9687,1,1,50,255.34,150.93,0,1,2025-09-30 21:40:41,19.6,89.5,,0,0,,1
2025-09-30 21:41:26,194.1,0.3227,247.34,0.4609,1.3829,241.14,247.24,253.66,425.41,430.91,428.87,428.42,1.3829,0.0,0.0,0.3228,0.0,0.0,0.0807,0.0807,0,0,0.3335,0.3335,0,0,0.9701,0.9701,1,1,50,255.34,150.93,0,1,2025-09-30 21:41:26,19.6,89.9,,0,0,,1
2025-09-30 21:42:11,194.11,0.3235,247.49,0.4618,1.3854,241.29,247.4,253.78,425.77,430.96,429.2,428.49,1.3854,0.0,0.0,0.3235,0.0,0.0,0.0811,0.0811,0,0,0.3343,0.3343,0,0,0.97,0.97,1,1,50,255.35,150.93,0,1,2025-09-30 21:42:11,19.7,90.3,,0,0,,1
2025-09-30 21:42:56,194.11,0.3247,247.67,0.4614,1.3842,241.44,247.6,253.98,426.04,431.75,429.1,429.02,1.3842,0.0,0.0,0.3235,0.0,0.0,0.0806,0.0806,0,0,0.3342,0.3342,0,0,0.9705,0.9703,1,1,50,255.35,150.93,0,1,2025-09-30 21:42:56,19.7,90.5,,0,0,,1
2025-09-30 21:43:41,194.11,0.3226,247.6,0.4604,1.3813,241.45,247.4,253.96,425.75,431.24,429.52,428.81,1.3813,0.0,0.0,0.3226,0.0,0.0,0.0814,0.0814,0,0,0.3335,0.3335,0,0,0.9695,0.9695,1,1,50,255.36,150.93,0,1,2025-09-30 21:43:41,19.7,90.8,,0,0,,1
2025-09-30 21:44:26,194.12,0.3234,247.74,0.4611,1.3834,241.78,247.4,254.06,426.25,431.46,429.55,428.98,1.3834,0.0,0.0,0.3236,0.0,0.0,0.0815,0.0815,0,0,0.3345,0.3345,0,0,0.9696,0.9697,1,1,50,255.36,150.93,0,1,2025-09-30 21:44:26,19.8,91,,0,0,,1
2025-09-30 21:45:11,194.15,3.9232,246.92,7.932,23.7961,240.59,246.66,253.51,424.24,430.25,428.48,427.69,8.9661,7.4655,7.3645,1.5954,1.2126,1.1152,4.3219,1.4468,1.3796,1.4955,5.8656,2.1572,1.8414,1.867,0.6721,0.7407,0.6601,0.5977,50,255.41,150.96,1,1,2025-09-30 21:45:11,19.8,90.4,,1,0,,0
2025-09-30 21:45:56,194.2,3.9412,247.41,7.9681,23.904400000000003,241.76,246.86,253.62,426,431.03,428.5,428.46,9.0022,7.5369,7.3653,1.6117,1.2171,1.1124,4.356,1.4571,1.4007,1.4983,5.9049,2.1764,1.8606,1.868,0.6709,0.7417,0.6559,0.5961,50,255.48,151.02,1,1,2025-09-30 21:45:56,19.7,86.6,,1,0,,0
2025-09-30 21:46:41,194.25,3.8839,247.72,7.9154,23.7464,242.25,246.97,253.96,426.01,431.57,429.59,429.05,8.9906,7.4326,7.3232,1.5969,1.1832,1.1038,4.3656,1.475,1.3962,1.4943,5.8734,2.178,1.8356,1.8598,0.6646,0.7345,0.6465,0.5941,50,255.56,151.07,1,1,2025-09-30 21:46:41,19.6,82.1,,1,0,,0
2025-09-30 21:47:26,194.28,0.3304,248.47,0.4661,1.3983,243.44,247.52,254.46,427.74,432.26,431.05,430.3,1.3983,0.0,0.0,0.3292,0.0,0.0,0.0832,0.0832,0,0,0.3404,0.3404,0,0,0.9697,0.9695,1,1,50,255.6,151.11,0,1,2025-09-30 21:47:26,19.1,78.6,,0,0,,1
2025-09-30 21:48:11,194.28,0.3274,248.4,0.464,1.3921,243.34,247.41,254.46,427.37,432.7,430.62,430.16,1.3921,0.0,0.0,0.3274,0.0,0.0,0.0837,0.0837,0,0,0.3388,0.3388,0,0,0.9688,0.9688,1,1,50,255.61,151.11,0,1,2025-09-30 21:48:11,19.0,79.4,,0,0,,1
2025-09-30 21:48:56,194.29,0.3275,248.58,0.4638,1.3914,243.3,247.95,254.49,428.32,432.62,430.65,430.6,1.3914,0.0,0.0,0.327,0.0,0.0,0.084,0.084,0,0,0.3385,0.3385,0,0,0.9686,0.9685,1,1,50,255.61,151.11,0,1,2025-09-30 21:48:56,18.9,81,,0,0,,1
2025-09-30 21:49:41,194.29,0.3243,247.83,0.4621,1.3865,242,247.42,254.08,426.28,432.25,429.2,429.26,1.3865,0.0,0.0,0.3244,0.0,0.0,0.0824,0.0824,0,0,0.3355,0.3355,0,0,0.9691,0.9692,1,1,49.9,255.62,151.11,0,1,2025-09-30 21:49:41,18.9,82.6,,0,0,,1
2025-09-30 21:50:26,194.3,0.3263,247.88,0.4628,1.3886,242.01,247.56,254.07,426.74,431.12,430.07,429.3,1.3886,0.0,0.0,0.3251,0.0,0.0,0.082,0.082,0,0,0.3361,0.3361,0,0,0.9698,0.9696,1,1,50,255.62,151.11,0,1,2025-09-30 21:50:26,18.9,83.9,,0,0,,1
2025-09-30 21:51:11,194.3,0.3226,247.88,0.4616,1.3849,242.01,247.61,254.04,426.42,431.94,429.64,429.39,1.3849,0.0,0.0,0.3239,0.0,0.0,0.0827,0.0827,0,0,0.3352,0.3352,0,0,0.9686,0.9689,1,1,49.9,255.63,151.11,0,1,2025-09-30 21:51:11,19.0,85.1,,0,0,,1
2025-09-30 21:51:56,194.31,0.3244,248.06,0.4619,1.3857,242.12,247.75,254.32,427.03,431.6,430.26,429.61,1.3857,0.0,0.0,0.3244,0.0,0.0,0.0826,0.0826,0,0,0.3355,0.3355,0,0,0.969,0.969,1,1,50,255.63,151.11,0,1,2025-09-30 21:51:56,19.0,86.1,,0,0,,1
2025-09-30 21:52:41,194.31,0.3238,247.81,0.4616,1.3849,241.87,247.44,254.13,426.09,431.87,429.66,429.13,1.3849,0.0,0.0,0.3238,0.0,0.0,0.0824,0.0824,0,0,0.335,0.335,0,0,0.9691,0.9691,1,1,49.9,255.63,151.12,0,1,2025-09-30 21:52:41,19.0,86.9,,0,0,,1
2025-09-30 21:53:26,194.31,0.3254,249.26,0.4619,1.3859,242.04,252.81,252.94,429.33,435.2,430.64,431.71,1.3859,0.0,0.0,0.3243,0.0,0.0,0.0826,0.0826,0,0,0.3354,0.3354,0,0,0.9692,0.969,1,1,49.9,255.64,151.12,0,1,2025-09-30 21:53:26,19.1,87.5,,0,0,,1
2025-09-30 21:54:11,194.32,0.3236,248.72,0.4613,1.384,241.73,252.71,251.73,428.79,433.59,429.94,430.83,1.384,0.0,0.0,0.3236,0.0,0.0,0.0817,0.0817,0,0,0.3346,0.3346,0,0,0.9695,0.9695,1,1,50,255.64,151.12,0,1,2025-09-30 21:54:11,19.5,88.2,,0,0,,1
2025-09-30 21:54:56,194.32,0.3243,248.72,0.4618,1.3854,242.11,251.97,252.09,428.53,433.65,430.16,430.78,1.3854,0.0,0.0,0.3243,0.0,0.0,0.0824,0.0824,0,0,0.3354,0.3354,0,0,0.9691,0.9691,1,1,50,255.65,151.12,0,1,2025-09-30 21:54:56,19.5,88.7,,0,0,,1
2025-09-30 21:55:41,194.33,0.3258,248.82,0.462,1.3861,242.2,252.06,252.22,428.66,433.87,430.36,430.97,1.3861,0.0,0.0,0.3246,0.0,0.0,0.0825,0.0825,0,0,0.3357,0.3357,0,0,0.9693,0.9691,1,1,50,255.65,151.12,0,1,2025-09-30 21:55:41,19.6,89.3,,0,0,,1
2025-09-30 21:56:26,194.33,0.3262,248.88,0.4623,1.3869,242.31,252.08,252.27,428.46,434.41,430.34,431.07,1.3869,0.0,0.0,0.3249,0.0,0.0,0.0827,0.0827,0,0,0.3361,0.3361,0,0,0.9693,0.969,1,1,50,255.65,151.12,0,1,2025-09-30 21:56:26,19.6,89.6,,0,0,,1
2025-09-30 21:57:11,194.33,0.3253,249.13,0.4615,1.3845,242.19,253.08,252.12,429.11,434.73,430.62,431.42,1.3845,0.0,0.0,0.3241,0.0,0.0,0.0827,0.0827,0,0,0.3353,0.3353,0,0,0.9691,0.9689,1,1,50,255.66,151.12,0,1,2025-09-30 21:57:11,19.6,90,,0,0,,1
2025-09-30 21:57:56,194.34,0.325,249.12,0.4612,1.3836,241.98,253.32,252.07,429.63,434.05,430.7,431.42,1.3836,0.0,0.0,0.3238,0.0,0.0,0.0819,0.0819,0,0,0.3348,0.3348,0,0,0.9696,0.9694,1,1,50,255.66,151.12,0,1,2025-09-30 21:57:56,19.7,90.3,,0,0,,1
2025-09-30 21:58:41,194.34,0.3237,249.22,0.4608,1.3825,242.15,253.41,252.12,429.42,434.69,430.83,431.62,1.3825,0.0,0.0,0.3237,0.0,0.0,0.0822,0.0822,0,0,0.3348,0.3348,0,0,0.9692,0.9692,1,1,50,255.67,151.12,0,1,2025-09-30 21:58:41,19.7,90.6,,0,0,,1
2025-09-30 21:59:26,194.35,0.3235,248.51,0.4606,1.3819,240.79,252.99,251.77,428.01,433,430.19,430.35,1.3819,0.0,0.0,0.3222,0.0,0.0,0.08,0.08,0,0,0.3327,0.3327,0,0,0.9707,0.9705,1,1,50,255.67,151.12,0,1,2025-09-30 21:59:26,19.7,90.9,,0,0,,1
2025-09-30 22:00:11,194.35,3.7401,247.59,7.8479,23.5439,239.54,252.09,251.14,426.12,432.17,428.13,428.75,8.8132,7.5436,7.1871,1.5641,1.1935,0.9824,4.3986,1.4126,1.474,1.5121,5.8177,2.1111,1.9017,1.805,0.6477,0.7421,0.6292,0.5448,50,255.68,151.13,1,1,2025-09-30 22:00:11,19.8,91.1,,1,0,,0
2025-09-30 22:00:56,194.4,3.972,247.71,8.0201,24.060299999999998,239.5,252.34,251.29,426.52,432.06,428.44,429.09,8.9653,7.729,7.366,1.6309,1.2834,1.0576,4.3693,1.391,1.4617,1.5166,5.9485,2.1472,1.9503,1.851,0.6726,0.7608,0.6597,0.572,50,255.76,151.19,1,1,2025-09-30 22:00:56,19.8,88.9,,1,0,,0
2025-09-30 22:01:41,194.45,3.9284,248,7.9903,23.9709,239.81,252.64,251.56,426.74,432.9,428.91,429.5,8.9399,7.6954,7.3356,1.6198,1.266,1.0426,4.3872,1.3987,1.4685,1.5199,5.9334,2.1439,1.9442,1.8453,0.667,0.7568,0.6529,0.5656,50,255.83,151.24,1,1,2025-09-30 22:01:41,19.7,84.5,,1,0,,0
2025-09-30 22:02:26,194.5,3.8698,248.61,7.9711,23.9135,241.2,252.86,251.79,428.31,433.68,429.78,430.54,8.9382,7.6848,7.2905,1.6141,1.2362,1.0196,4.4398,1.4235,1.4924,1.5239,5.9347,2.1559,1.9432,1.8357,0.657,0.75,0.6378,0.556,50,255.91,151.3,1,1,2025-09-30 22:02:26,19.6,80.1,,1,0,,0
2025-09-30 22:03:11,194.51,0.3272,249.63,0.4633,1.3901,242.63,253.82,252.44,429.88,435.8,431.38,432.38,1.3901,0.0,0.0,0.3261,0.0,0.0,0.0829,0.0829,0,0,0.3373,0.3373,0,0,0.9693,0.9691,1,1,50,255.92,151.3,0,1,2025-09-30 22:03:11,19.0,78.9,,0,0,,1
2025-09-30 22:03:56,194.51,0.3272,249.66,0.4634,1.3904,242.66,253.85,252.49,430.43,435.42,431.38,432.37,1.3904,0.0,0.0,0.3261,0.0,0.0,0.0832,0.0832,0,0,0.3374,0.3374,0,0,0.9691,0.9689,1,1,49.9,255.92,151.3,0,1,2025-09-30 22:03:56,19.0,80.2,,0,0,,1
2025-09-30 22:04:41,194.52,0.3283,249.58,0.4641,1.3924,243.07,254.16,251.53,430.71,435.31,430.81,432.37,1.3924,0.0,0.0,0.3271,0.0,0.0,0.0838,0.0838,0,0,0.3385,0.3385,0,0,0.9689,0.9687,1,1,50,255.93,151.31,0,1,2025-09-30 22:04:41,18.9,81.6,,0,0,,1
2025-09-30 22:05:26,194.52,0.3274,249.53,0.4631,1.3895,242.99,254.16,251.45,430.55,434.28,431.66,432.18,1.3895,0.0,0.0,0.3262,0.0,0.0,0.084,0.084,0,0,0.3376,0.3376,0,0,0.9686,0.9684,1,1,49.9,255.93,151.31,0,1,2025-09-30 22:05:26,18.9,83.2,,0,0,,1
2025-09-30 22:06:11,194.53,0.3274,249.58,0.4633,1.3901,243.03,254.19,251.52,430.64,434.91,431.22,432.25,1.3901,0.0,0.0,0.3263,0.0,0.0,0.0842,0.0842,0,0,0.3378,0.3378,0,0,0.9685,0.9682,1,1,50,255.94,151.31,0,1,2025-09-30 22:06:11,18.9,84.5,,0,0,,1
2025-09-30 22:06:56,194.53,0.3269,249.89,0.4628,1.3886,242.79,254.2,252.7,430.82,436.16,431.47,432.76,1.3886,0.0,0.0,0.3258,0.0,0.0,0.0835,0.0835,0,0,0.3371,0.3371,0,0,0.9689,0.9687,1,1,50,255.94,151.31,0,1,2025-09-30 22:06:56,19.0,85.5,,0,0,,1
2025-09-30 22:07:48,194.54,0.3273,250.01,0.4631,1.3894,242.91,254.28,252.85,431.17,435.68,432.16,432.93,1.3894,0.0,0.0,0.3262,0.0,0.0,0.0834,0.0834,0,0,0.3375,0.3375,0,0,0.969,0.9688,1,1,50,255.95,151.31,0,1,2025-09-30 22:07:48,19.0,87,,0,0,,1
2025-09-30 22:08:33,194.54,0.3271,249.98,0.4628,1.3885,242.87,254.25,252.83,430.99,435.67,432.2,432.88,1.3885,0.0,0.0,0.3258,0.0,0.0,0.0837,0.0837,0,0,0.3372,0.3372,0,0,0.9687,0.9685,1,1,50,255.95,151.31,0,1,2025-09-30 22:08:34,19.1,87.8,,0,0,,1
2025-09-30 22:09:18,194.54,0.3225,249.18,0.4604,1.3813,241.39,253.71,252.44,429.15,434.16,431.33,431.47,1.3813,0.0,0.0,0.3225,0.0,0.0,0.0816,0.0816,0,0,0.3334,0.3334,0,0,0.9694,0.9694,1,1,50,255.95,151.31,0,1,2025-09-30 22:09:18,19.5,88.5,,0,0,,1
2025-09-30 22:10:03,194.55,0.3231,249.27,0.4608,1.3825,241.52,253.75,252.56,429.36,434.75,431.06,431.83,1.3825,0.0,0.0,0.3231,0.0,0.0,0.0812,0.0812,0,0,0.3339,0.3339,0,0,0.9698,0.9698,1,1,50,255.96,151.31,0,1,2025-09-30 22:10:03,19.5,89,,0,0,,1
2025-09-30 22:10:48,194.55,0.3235,249.25,0.4614,1.3844,241.5,253.71,252.54,429.4,434.37,431.24,431.69,1.3844,0.0,0.0,0.3235,0.0,0.0,0.0815,0.0815,0,0,0.3343,0.3343,0,0,0.9697,0.9697,1,1,50,255.96,151.31,0,1,2025-09-30 22:10:48,19.6,89.4,,0,0,,1
2025-09-30 22:11:33,194.56,0.3247,249.33,0.4615,1.3847,241.52,253.85,252.63,428.93,435.41,431.15,431.91,1.3847,0.0,0.0,0.3233,0.0,0.0,0.0819,0.0819,0,0,0.3344,0.3344,0,0,0.9695,0.9693,1,1,50,255.97,151.31,0,1,2025-09-30 22:11:33,19.6,89.8,,0,0,,1
2025-09-30 22:12:18,194.56,0.3273,250.17,0.4627,1.3883,243.18,254.19,253.16,431.17,435.61,433.06,433.21,1.3883,0.0,0.0,0.3261,0.0,0.0,0.084,0.084,0,0,0.3376,0.3376,0,0,0.9686,0.9683,1,1,50,255.97,151.32,0,1,2025-09-30 22:12:18,19.7,90.2,,0,0,,1
2025-09-30 22:13:03,194.56,0.3258,250.13,0.4623,1.3871,243.28,254.03,253.09,431,435.47,433.14,433.2,1.3871,0.0,0.0,0.3258,0.0,0.0,0.0844,0.0844,0,0,0.3375,0.3375,0,0,0.968,0.968,1,1,50,255.97,151.32,0,1,2025-09-30 22:13:03,19.7,90.5,,0,0,,1
2025-09-30 22:13:48,194.57,0.3272,250.19,0.4627,1.3881,243.28,254.16,253.15,431.23,435.44,433.26,433.25,1.3881,0.0,0.0,0.3261,0.0,0.0,0.0844,0.0844,0,0,0.3377,0.3377,0,0,0.9682,0.968,1,1,50,255.98,151.32,0,1,2025-09-30 22:13:48,19.7,90.8,,0,0,,1
2025-09-30 22:14:55,194.6,3.8905,249.14,8.0339,24.101799999999997,241.86,253.2,252.38,429.08,434.02,431.38,431.49,9.0275,7.7246,7.3497,1.6245,1.2347,1.0313,4.5028,1.4533,1.5101,1.5394,5.9942,2.1834,1.9559,1.8549,0.6537,0.7453,0.6329,0.5565,50,256.03,151.35,1,1,2025-09-30 22:14:55,19.8,90.7,,1,0,,0
2025-09-30 22:15:40,194.65,3.9311,249.05,8.0585,24.1755,241.63,253.26,252.27,429.24,434.01,430.75,431.33,9.0194,7.7769,7.3792,1.6329,1.2591,1.0391,4.4869,1.4374,1.5076,1.5419,6.0105,2.1794,1.9696,1.8616,0.6589,0.7506,0.641,0.5588,49.9,256.1,151.41,1,1,2025-09-30 22:15:40,19.7,86.9,,1,0,,0
2025-09-30 22:16:25,194.7,3.8887,249.13,8.0282,24.0848,241.69,253.34,252.37,428.66,435.1,430.71,431.41,8.9827,7.7417,7.3604,1.6181,1.2443,1.0264,4.4959,1.4416,1.5088,1.5455,5.9899,2.171,1.9613,1.8575,0.6541,0.7466,0.6362,0.5532,50,256.18,151.46,1,1,2025-09-30 22:16:25,19.6,82.3,,1,0,,0
2025-09-30 22:17:10,194.73,0.3294,249.99,0.4656,1.3968,242.91,254.2,252.88,430.39,436.09,432.46,432.95,1.3968,0.0,0.0,0.3282,0.0,0.0,0.0826,0.0826,0,0,0.3393,0.3393,0,0,0.9699,0.9697,1,1,50,256.23,151.5,0,1,2025-09-30 22:17:10,19.5,78.8,,0,0,,1
2025-09-30 22:17:55,194.74,0.3274,250.23,0.4642,1.3927,243.18,254.38,253.14,430.94,436.59,432.65,433.36,1.3927,0.0,0.0,0.3274,0.0,0.0,0.0833,0.0833,0,0,0.3387,0.3387,0,0,0.9691,0.9691,1,1,50,256.23,151.5,0,1,2025-09-30 22:17:55,19.0,79.6,,0,0,,1
2025-09-30 22:18:40,194.74,0.3253,249.35,0.462,1.3861,241.5,253.97,252.58,429.57,434.5,431.45,431.84,1.3861,0.0,0.0,0.324,0.0,0.0,0.081,0.081,0,0,0.3347,0.3347,0,0,0.9703,0.9701,1,1,50,256.24,151.5,0,1,2025-09-30 22:18:40,18.9,81.3,,0,0,,1
2025-09-30 22:19:25,194.74,0.3237,249.14,0.4605,1.3817,241.31,253.73,252.38,429.04,434.83,430.6,431.58,1.3817,0.0,0.0,0.3226,0.0,0.0,0.0812,0.0812,0,0,0.3334,0.3334,0,0,0.9699,0.9697,1,1,49.9,256.24,151.5,0,1,2025-09-30 22:19:25,18.9,82.8,,0,0,,1
2025-09-30 22:20:10,194.75,0.3247,249.21,0.4618,1.3855,241.33,253.83,252.48,429.27,434.39,431.16,431.71,1.3855,0.0,0.0,0.3236,0.0,0.0,0.0812,0.0812,0,0,0.3344,0.3344,0,0,0.97,0.9699,1,1,49.9,256.25,151.5,0,1,2025-09-30 22:20:10,18.9,84.3,,0,0,,1
2025-09-30 22:20:55,194.75,0.3243,249.29,0.4611,1.3833,241.42,253.89,252.57,429.21,435.1,430.96,431.78,1.3833,0.0,0.0,0.323,0.0,0.0,0.0816,0.0816,0,0,0.334,0.334,0,0,0.9697,0.9695,1,1,50,256.25,151.51,0,1,2025-09-30 22:20:55,19.0,85.5,,0,0,,1
2025-09-30 22:22:02,194.76,0.3262,249.98,0.4631,1.3894,243.2,253.47,253.29,430.59,436.04,432.28,432.92,1.3894,0.0,0.0,0.3262,0.0,0.0,0.0846,0.0846,0,0,0.3379,0.3379,0,0,0.9679,0.9679,1,1,49.9,256.26,151.51,0,1,2025-09-30 22:22:02,19.0,87.1,,0,0,,1
2025-09-30 22:22:47,194.76,0.3259,250.12,0.4627,1.3881,242.98,254.59,252.81,431.1,436.68,431.85,433.26,1.3881,0.0,0.0,0.3259,0.0,0.0,0.0839,0.0839,0,0,0.3373,0.3373,0,0,0.9684,0.9684,1,1,49.9,256.26,151.51,0,1,2025-09-30 22:22:47,19.1,87.9,,0,0,,1
2025-09-30 22:23:32,194.77,0.3267,250.03,0.4622,1.3867,242.94,254.44,252.71,430.69,435.7,432.7,433.12,1.3867,0.0,0.0,0.3253,0.0,0.0,0.0841,0.0841,0,0,0.3369,0.3369,0,0,0.9684,0.9681,1,1,50,256.27,151.51,0,1,2025-09-30 22:23:32,19.5,88.5,,0,0,,1
2025-09-30 22:24:17,194.77,0.3253,249.94,0.4628,1.3884,242.82,254.35,252.66,431.07,435.22,432.34,432.93,1.3884,0.0,0.0,0.3253,0.0,0.0,0.0843,0.0843,0,0,0.3371,0.3371,0,0,0.968,0.968,1,1,49.9,256.27,151.51,0,1,2025-09-30 22:24:17,19.5,89.1,,0,0,,1
2025-09-30 22:25:02,194.78,0.325,250.05,0.4615,1.3846,242.92,254.47,252.78,430.76,436.04,432.44,433.12,1.3846,0.0,0.0,0.325,0.0,0.0,0.0842,0.0842,0,0,0.3363,0.3363,0,0,0.968,0.9679,1,1,49.9,256.27,151.51,0,1,2025-09-30 22:25:02,19.6,89.5,,0,0,,1
2025-09-30 22:25:47,194.78,0.3273,250.18,0.4629,1.3887,243.06,254.58,252.9,431.07,436.33,432.48,433.26,1.3887,0.0,0.0,0.326,0.0,0.0,0.0844,0.0844,0,0,0.3375,0.3375,0,0,0.9683,0.9681,1,1,49.9,256.28,151.51,0,1,2025-09-30 22:25:47,19.6,89.9,,0,0,,1
2025-09-30 22:26:32,194.78,0.3263,250.11,0.4618,1.3854,243.04,254.47,252.83,431.05,436.08,432.41,433.09,1.3854,0.0,0.0,0.3251,0.0,0.0,0.0844,0.0844,0,0,0.3367,0.3367,0,0,0.9681,0.9679,1,1,49.9,256.28,151.51,0,1,2025-09-30 22:26:32,19.6,90.3,,0,0,,1
2025-09-30 22:27:17,194.79,0.3262,250.15,0.4619,1.3858,243.09,254.54,252.84,431.22,435.73,432.79,433.2,1.3858,0.0,0.0,0.3252,0.0,0.0,0.0847,0.0847,0,0,0.3369,0.3369,0,0,0.9679,0.9677,1,1,49.9,256.29,151.51,0,1,2025-09-30 22:27:17,19.7,90.6,,0,0,,1
2025-09-30 22:28:02,194.79,0.327,250.3,0.4624,1.3872,243.21,254.69,253.01,431.76,435.71,433.01,433.52,1.3872,0.0,0.0,0.3257,0.0,0.0,0.0845,0.0845,0,0,0.3374,0.3374,0,0,0.9681,0.9679,1,1,49.9,256.29,151.52,0,1,2025-09-30 22:28:02,19.7,90.9,,0,0,,1
2025-09-30 22:29:08,194.81,3.6974,249.35,7.9022,23.7066,241.12,253.89,253.04,428.71,435.31,431.53,431.87,8.8442,7.6045,7.2579,1.5521,1.1809,0.9645,4.5373,1.4566,1.5204,1.5603,5.8998,2.1325,1.9307,1.8365,0.6317,0.7291,0.6134,0.5257,49.9,256.31,151.53,1,1,2025-09-30 22:29:08,19.8,91.3,,1,0,,0
2025-09-30 22:30:38,194.91,3.8657,249.4,8.0243,24.0731,241.23,253.87,253.12,429.46,434.42,431.9,431.97,8.9973,7.6935,7.3823,1.6046,1.234,1.0271,4.5204,1.4554,1.5069,1.5582,5.9922,2.1704,1.9531,1.8686,0.6499,0.7407,0.6335,0.5503,49.9,256.46,151.64,1,1,2025-09-30 22:30:38,19.7,84.2,,1,0,,0
2025-09-30 22:31:23,194.95,3.8693,249.51,8.0252,24.075599999999998,242.24,253.73,252.56,429.47,435.18,431.75,432.15,9.0414,7.6969,7.3373,1.6226,1.2216,1.0251,4.5228,1.4651,1.5167,1.541,5.9962,2.1902,1.9529,1.8531,0.65,0.7422,0.6272,0.5538,50,256.54,151.7,1,1,2025-09-30 22:31:23,19.5,80.3,,1,0,,0
2025-09-30 22:32:08,194.96,0.3288,250.54,0.4642,1.3928,243.47,254.96,253.19,432.19,436.29,433.25,433.87,1.3928,0.0,0.0,0.3276,0.0,0.0,0.084,0.084,0,0,0.3391,0.3391,0,0,0.9688,0.9686,1,1,50,256.55,151.7,0,1,2025-09-30 22:32:08,19.0,79.2,,0,0,,1
2025-09-30 22:32:53,194.96,0.3285,250.57,0.464,1.3921,243.5,254.97,253.25,431.82,437.16,432.96,434.05,1.3921,0.0,0.0,0.3275,0.0,0.0,0.0842,0.0842,0,0,0.339,0.339,0,0,0.9687,0.9685,1,1,50,256.55,151.7,0,1,2025-09-30 22:32:53,18.9,80.8,,0,0,,1
2025-09-30 22:33:38,194.97,0.3288,250.49,0.4644,1.3932,243.44,254.87,253.16,431.77,436.61,433.1,433.83,1.3932,0.0,0.0,0.3276,0.0,0.0,0.0844,0.0844,0,0,0.3392,0.3392,0,0,0.9685,0.9683,1,1,49.9,256.56,151.71,0,1,2025-09-30 22:33:39,18.9,82.3,,0,0,,1
2025-09-30 22:34:23,194.97,0.3293,250.72,0.4643,1.3929,243.75,255.04,253.38,432.5,436.33,433.84,434.21,1.3929,0.0,0.0,0.3279,0.0,0.0,0.0847,0.0847,0,0,0.3395,0.3395,0,0,0.9684,0.9682,1,1,50,256.56,151.71,0,1,2025-09-30 22:34:23,18.9,83.6,,0,0,,1
2025-09-30 22:35:08,194.98,0.3294,250.9,0.4644,1.3933,243.97,255.27,253.46,432.95,436.73,433.92,434.45,1.3933,0.0,0.0,0.3281,0.0,0.0,0.0853,0.0853,0,0,0.3399,0.3399,0,0,0.968,0.9678,1,1,50,256.57,151.71,0,1,2025-09-30 22:35:08,18.9,84.9,,0,0,,1
2025-09-30 22:35:53,194.98,0.3275,250.95,0.4637,1.3911,243.96,255.36,253.55,432.87,437.37,433.68,434.59,1.3911,0.0,0.0,0.3275,0.0,0.0,0.0854,0.0854,0,0,0.3394,0.3394,0,0,0.9676,0.9676,1,1,50,256.57,151.71,0,1,2025-09-30 22:35:53,19.0,85.8,,0,0,,1
2025-09-30 22:36:38,194.99,0.33,251.83,0.4654,1.3962,245.05,255.57,254.89,434.21,439.22,435.1,436.15,1.3962,0.0,0.0,0.33,0.0,0.0,0.0868,0.0868,0,0,0.3421,0.3421,0,0,0.9671,0.9671,1,1,50,256.57,151.71,0,1,2025-09-30 22:36:38,19.0,86.7,,0,0,,1
2025-09-30 22:37:23,194.99,0.3222,246.81,0.4602,1.3806,239.97,250.61,249.87,425.41,430.28,426.73,427.39,1.3806,0.0,0.0,0.321,0.0,0.0,0.0789,0.0789,0,0,0.3313,0.3313,0,0,0.9713,0.9711,1,1,50,256.58,151.71,0,1,2025-09-30 22:37:23,19.1,87.4,,0,0,,1
2025-09-30 22:38:08,194.99,0.3174,245.87,0.4577,1.3732,238.22,250.09,249.3,423.69,428.68,425.1,425.84,1.3732,0.0,0.0,0.3174,0.0,0.0,0.0766,0.0766,0,0,0.3271,0.3271,0,0,0.972,0.972,1,1,49.9,256.58,151.71,0,1,2025-09-30 22:38:08,19.5,88.1,,0,0,,1
2025-09-30 22:38:53,195,0.3181,245.86,0.4587,1.3762,238.26,250.01,249.32,423.65,428.66,425.13,425.82,1.3762,0.0,0.0,0.3181,0.0,0.0,0.0766,0.0766,0,0,0.3279,0.3279,0,0,0.9721,0.9721,1,1,50,256.59,151.71,0,1,2025-09-30 22:38:53,19.5,88.5,,0,0,,1
2025-09-30 22:39:38,195,0.3197,245.88,0.4585,1.3757,238.65,250.41,248.58,423.82,429.1,424.64,425.88,1.3757,0.0,0.0,0.3184,0.0,0.0,0.0772,0.0772,0,0,0.3283,0.3283,0,0,0.972,0.9718,1,1,50,256.59,151.71,0,1,2025-09-30 22:39:38,19.6,89,,0,0,,1
2025-09-30 22:40:23,195.01,0.3195,245.97,0.4586,1.376,238.8,250.33,248.8,423.37,430.01,424.72,426.06,1.376,0.0,0.0,0.3185,0.0,0.0,0.0778,0.0778,0,0,0.3286,0.3286,0,0,0.9716,0.9714,1,1,50,256.59,151.71,0,1,2025-09-30 22:40:23,19.6,89.5,,0,0,,1
2025-09-30 22:41:08,195.01,0.3229,247.03,0.4607,1.3821,240.28,250.52,250.31,425.57,431.06,426.96,427.93,1.3821,0.0,0.0,0.3217,0.0,0.0,0.0796,0.0796,0,0,0.3321,0.3321,0,0,0.9709,0.9707,1,1,50,256.6,151.72,0,1,2025-09-30 22:41:08,19.6,89.8,,0,0,,1
2025-09-30 22:41:53,195.01,0.3216,247.25,0.4601,1.3803,240.6,250.73,250.44,426.24,431.19,427.29,428.19,1.3803,0.0,0.0,0.3216,0.0,0.0,0.0798,0.0798,0,0,0.3321,0.3321,0,0,0.9705,0.9705,1,1,50,256.6,151.72,0,1,2025-09-30 22:41:53,19.7,90.2,,0,0,,1
2025-09-30 22:42:38,195.02,0.3228,247.46,0.4599,1.3799,240.83,250.9,250.66,426.58,431.75,427.47,428.61,1.3799,0.0,0.0,0.3218,0.0,0.0,0.0801,0.0801,0,0,0.3323,0.3323,0,0,0.9705,0.9703,1,1,50,256.61,151.72,0,1,2025-09-30 22:42:38,19.7,90.4,,0,0,,1
2025-09-30 22:43:23,195.02,0.3234,247.5,0.4605,1.3815,240.83,250.9,250.79,426.31,432.12,427.62,428.84,1.3815,0.0,0.0,0.3221,0.0,0.0,0.0801,0.0801,0,0,0.3327,0.3327,0,0,0.9706,0.9704,1,1,50,256.61,151.72,0,1,2025-09-30 22:43:23,19.7,90.8,,0,0,,1
2025-09-30 22:44:08,195.03,0.3226,247.61,0.4608,1.3824,241.01,250.94,250.88,426.41,432.17,428,428.84,1.3824,0.0,0.0,0.3226,0.0,0.0,0.08,0.08,0,0,0.3332,0.3332,0,0,0.9706,0.9706,1,1,50.1,256.62,151.72,0,1,2025-09-30 22:44:08,19.7,91,,0,0,,1
2025-09-30 22:44:53,195.03,0.3234,247.64,0.4603,1.3809,241.09,250.96,250.88,426.77,431.36,428.58,428.89,1.3809,0.0,0.0,0.3223,0.0,0.0,0.0804,0.0804,0,0,0.3329,0.3329,0,0,0.9704,0.9702,1,1,50.1,256.62,151.72,0,1,2025-09-30 22:44:53,19.8,91.3,,0,0,,1
2025-09-30 22:45:38,195.06,3.8853,246.77,7.8932,23.6797,239.93,250.04,250.34,425.3,429.75,427.11,427.38,8.9071,7.553,7.2196,1.6139,1.2259,1.0455,4.2979,1.3957,1.4302,1.4721,5.833,2.1371,1.8886,1.8074,0.6706,0.7563,0.6508,0.579,50,256.67,151.76,1,1,2025-09-30 22:45:38,19.8,90.7,,1,0,,0
2025-09-30 22:46:23,195.11,3.8894,246.95,7.8945,23.6835,240.01,250.27,250.58,425.08,431.17,426.91,427.77,8.885,7.558,7.2405,1.6103,1.2316,1.0475,4.3008,1.3927,1.4289,1.4791,5.8384,2.1325,1.8915,1.8143,0.6707,0.7563,0.6528,0.5779,50.1,256.74,151.81,1,1,2025-09-30 22:46:23,19.7,86.5,,1,0,,0
2025-09-30 22:47:08,195.16,3.8392,247.02,7.847,23.5411,240.16,250.33,250.57,425.42,430.99,427.09,427.8,8.8568,7.5077,7.1766,1.6003,1.2098,1.029,4.3006,1.396,1.432,1.4727,5.8047,2.127,1.8794,1.7982,0.6659,0.7535,0.6453,0.5727,50.1,256.81,151.86,1,1,2025-09-30 22:47:08,19.6,82.1,,1,0,,0
2025-09-30 22:47:53,195.19,0.3269,248.24,0.4634,1.3902,241.61,251.7,251.41,427.92,432.96,428.96,429.91,1.3902,0.0,0.0,0.3255,0.0,0.0,0.0799,0.0799,0,0,0.3359,0.3359,0,0,0.9713,0.9711,1,1,50.1,256.86,151.89,0,1,2025-09-30 22:47:53,19.5,79.2,,0,0,,1
2025-09-30 22:48:38,195.19,0.3261,248.3,0.463,1.3891,241.55,251.78,251.57,427.82,433.55,428.8,430.08,1.3891,0.0,0.0,0.325,0.0,0.0,0.0804,0.0804,0,0,0.3355,0.3355,0,0,0.9708,0.9706,1,1,50.1,256.86,151.89,0,1,2025-09-30 22:48:38,19.0,79.6,,0,0,,1
2025-09-30 22:49:23,195.19,0.3222,247.48,0.4603,1.3811,239.97,251.24,251.23,426.08,432.12,427.68,428.64,1.3811,0.0,0.0,0.3212,0.0,0.0,0.0788,0.0788,0,0,0.3314,0.3314,0,0,0.9713,0.9711,1,1,50,256.86,151.9,0,1,2025-09-30 22:49:23,18.9,81,,0,0,,1
2025-09-30 22:50:08,195.2,0.3207,247.14,0.4602,1.3807,239.68,250.8,250.95,425.32,431.57,427.25,428.04,1.3807,0.0,0.0,0.3207,0.0,0.0,0.0786,0.0786,0,0,0.3309,0.3309,0,0,0.9712,0.9712,1,1,50,256.87,151.9,0,1,2025-09-30 22:50:08,18.9,82.5,,0,0,,1
2025-09-30 22:50:53,195.2,0.321,246.82,0.4596,1.3788,239.37,250.5,250.59,424.83,430.9,426.72,427.42,1.3788,0.0,0.0,0.3199,0.0,0.0,0.0784,0.0784,0,0,0.33,0.33,0,0,0.9714,0.9712,1,1,50,256.87,151.9,0,1,2025-09-30 22:50:53,18.9,83.9,,0,0,,1
2025-09-30 22:51:38,195.21,0.3237,247.44,0.4614,1.3843,240.69,250.81,250.82,426.32,431.91,427.46,428.5,1.3843,0.0,0.0,0.3225,0.0,0.0,0.0807,0.0807,0,0,0.3332,0.3332,0,0,0.9702,0.97,1,1,50,256.88,151.9,0,1,2025-09-30 22:51:38,18.9,85.1,,0,0,,1
2025-09-30 22:52:23,195.21,0.3223,247.17,0.4602,1.3807,240.39,250.59,250.53,426.06,430.9,427.31,428.17,1.3807,0.0,0.0,0.3213,0.0,0.0,0.0805,0.0805,0,0,0.3319,0.3319,0,0,0.9702,0.97,1,1,50,256.88,151.9,0,1,2025-09-30 22:52:23,19.0,86.2,,0,0,,1
2025-09-30 22:53:08,195.21,0.3231,247.21,0.4605,1.3815,240.43,250.59,250.63,426.12,431.01,427.37,428.21,1.3815,0.0,0.0,0.3216,0.0,0.0,0.08,0.08,0,0,0.3322,0.3322,0,0,0.9706,0.9704,1,1,50,256.89,151.9,0,1,2025-09-30 22:53:08,19.0,87,,0,0,,1
2025-09-30 22:53:53,195.22,0.322,247,0.4598,1.3794,240.22,250.35,250.44,425.76,430.77,426.87,427.77,1.3794,0.0,0.0,0.3209,0.0,0.0,0.0798,0.0798,0,0,0.3314,0.3314,0,0,0.9706,0.9704,1,1,50,256.89,151.9,0,1,2025-09-30 22:53:53,19.0,87.7,,0,0,,1
2025-09-30 22:54:38,195.22,0.3213,246.65,0.4591,1.3775,239.88,249.98,250.09,424.72,430.76,426.12,427.21,1.3775,0.0,0.0,0.3199,0.0,0.0,0.0799,0.0799,0,0,0.3304,0.3304,0,0,0.9704,0.9701,1,1,49.9,256.89,151.9,0,1,2025-09-30 22:54:38,19.1,88.3,,0,0,,1
2025-09-30 22:55:23,195.23,0.319,245.92,0.4584,1.3752,238.47,249.41,249.89,422.89,429.4,425.51,425.85,1.3752,0.0,0.0,0.3179,0.0,0.0,0.0777,0.0777,0,0,0.3279,0.3279,0,0,0.9715,0.9713,1,1,49.9,256.9,151.9,0,1,2025-09-30 22:55:23,19.5,88.8,,0,0,,1
2025-09-30 22:56:08,195.23,0.3195,245.92,0.4582,1.3748,238.81,248.72,250.24,422.91,429.01,425.87,425.88,1.3748,0.0,0.0,0.3181,0.0,0.0,0.0784,0.0784,0,0,0.3283,0.3283,0,0,0.9711,0.9709,1,1,49.9,256.9,151.9,0,1,2025-09-30 22:56:08,19.5,89.3,,0,0,,1
2025-09-30 22:56:53,195.23,0.3182,245.91,0.4574,1.3723,238.55,248.98,250.21,423.43,428.89,425.41,425.88,1.3723,0.0,0.0,0.3172,0.0,0.0,0.0783,0.0783,0,0,0.3274,0.3274,0,0,0.971,0.9708,1,1,49.9,256.91,151.91,0,1,2025-09-30 22:56:53,19.6,89.7,,0,0,,1
2025-09-30 22:57:38,195.24,0.3191,246.1,0.4584,1.3754,238.37,249.91,250.02,423.69,429.33,425.66,426.16,1.3754,0.0,0.0,0.3178,0.0,0.0,0.0777,0.0777,0,0,0.3279,0.3279,0,0,0.9716,0.9714,1,1,49.9,256.91,151.91,0,1,2025-09-30 22:57:38,19.6,90.1,,0,0,,1
2025-09-30 22:58:23,195.24,0.3184,246.28,0.4588,1.3766,238.57,250.08,250.19,423.71,430.2,425.74,426.55,1.3766,0.0,0.0,0.3184,0.0,0.0,0.0776,0.0776,0,0,0.3284,0.3284,0,0,0.9715,0.9715,1,1,50,256.91,151.91,0,1,2025-09-30 22:58:23,19.6,90.4,,0,0,,1
2025-09-30 22:59:08,195.25,0.3199,246.33,0.4588,1.3765,238.57,250.23,250.21,423.84,430.53,425.58,426.73,1.3765,0.0,0.0,0.3184,0.0,0.0,0.0776,0.0776,0,0,0.3284,0.3284,0,0,0.9717,0.9715,1,1,50,256.92,151.91,0,1,2025-09-30 22:59:08,19.7,90.7,,0,0,,1
2025-09-30 22:59:53,195.25,0.3221,247.04,0.46,1.38,240.15,250.42,250.55,425.82,430.74,427.03,427.81,1.38,0.0,0.0,0.3209,0.0,0.0,0.0799,0.0799,0,0,0.3314,0.3314,0,0,0.9705,0.9703,1,1,50,256.92,151.91,0,1,2025-09-30 22:59:53,19.7,90.9,,0,0,,1
2025-09-30 23:00:38,195.25,0.3202,246.98,0.4593,1.3779,240.08,250.41,250.47,425.39,431.36,426.6,427.82,1.3779,0.0,0.0,0.3202,0.0,0.0,0.0802,0.0802,0,0,0.3308,0.3308,0,0,0.97,0.97,1,1,50,256.93,151.91,0,1,2025-09-30 23:00:38,19.7,91.2,,0,0,,1
2025-09-30 23:02:08,195.31,3.8745,246.17,7.8734,23.6203,238.86,249.55,250.12,423.65,429.2,426.23,426.35,8.832,7.5321,7.2562,1.5927,1.2345,1.0474,4.2693,1.3781,1.4109,1.4802,5.8042,2.1096,1.8796,1.8149,0.672,0.7561,0.6584,0.5776,50,257.02,151.97,1,1,2025-09-30 23:02:08,19.7,88.8,,1,0,,0
2025-09-30 23:03:38,195.41,3.7847,245.62,7.7636,23.2908,237.48,249.51,249.89,422.61,428.49,425.1,425.44,8.6847,7.4267,7.1794,1.5527,1.2157,1.0163,4.2207,1.3521,1.3922,1.4764,5.7095,2.0624,1.853,1.7941,0.6676,0.7541,0.6577,0.567,50,257.16,152.08,1,1,2025-09-30 23:03:38,19.5,80.3,,1,0,,0
2025-09-30 23:04:23,195.42,0.3207,246.53,0.4598,1.3795,238.83,250.26,250.52,424.45,429.93,426.55,427.01,1.3795,0.0,0.0,0.3195,0.0,0.0,0.0774,0.0774,0,0,0.3295,0.3295,0,0,0.972,0.9718,1,1,50,257.17,152.09,0,1,2025-09-30 23:04:23,19.0,78.8,,0,0,,1
2025-09-30 23:05:08,195.42,0.3204,246.5,0.4596,1.379,238.83,250.21,250.47,424.29,430.17,426.33,427,1.379,0.0,0.0,0.3194,0.0,0.0,0.0775,0.0775,0,0,0.3293,0.3293,0,0,0.9719,0.9718,1,1,50,257.18,152.09,0,1,2025-09-30 23:05:08,18.9,80.3,,0,0,,1
2025-09-30 23:05:53,195.43,0.3198,246.56,0.4589,1.3769,238.87,250.29,250.54,424.21,429.98,426.9,427.04,1.3769,0.0,0.0,0.3188,0.0,0.0,0.078,0.078,0,0,0.3289,0.3289,0,0,0.9715,0.9713,1,1,50,257.18,152.09,0,1,2025-09-30 23:05:53,18.9,81.9,,0,0,,1
2025-09-30 23:06:38,195.43,0.3204,246.67,0.4595,1.3787,238.81,250.6,250.61,424.67,430.18,426.79,427.16,1.3787,0.0,0.0,0.3192,0.0,0.0,0.0777,0.0777,0,0,0.3292,0.3292,0,0,0.9718,0.9716,1,1,50,257.18,152.09,0,1,2025-09-30 23:06:38,18.9,83.6,,0,0,,1
2025-09-30 23:07:23,195.44,0.32,246.71,0.4591,1.3773,238.85,250.67,250.61,424.65,430.72,426.5,427.26,1.3773,0.0,0.0,0.3189,0.0,0.0,0.0779,0.0779,0,0,0.329,0.329,0,0,0.9716,0.9714,1,1,50,257.19,152.09,0,1,2025-09-30 23:07:23,18.9,84.8,,0,0,,1
2025-09-30 23:08:08,195.44,0.3229,247.55,0.4606,1.3818,240.53,251.06,251.07,426.74,431.48,428.03,428.74,1.3818,0.0,0.0,0.3218,0.0,0.0,0.0803,0.0803,0,0,0.3324,0.3324,0,0,0.9704,0.9702,1,1,50,257.19,152.09,0,1,2025-09-30 23:08:08,19.0,86,,0,0,,1
2025-09-30 23:08:53,195.44,0.3238,247.8,0.4614,1.3842,240.79,251.33,251.28,426.83,432.31,428.4,429.21,1.3842,0.0,0.0,0.3226,0.0,0.0,0.0807,0.0807,0,0,0.3333,0.3333,0,0,0.9703,0.9701,1,1,50,257.2,152.09,0,1,2025-09-30 23:08:53,19.0,87,,0,0,,1
2025-09-30 23:09:38,195.45,0.3237,247.82,0.4611,1.3834,240.74,251.34,251.4,426.83,432.39,428.47,429.27,1.3834,0.0,0.0,0.3224,0.0,0.0,0.0804,0.0804,0,0,0.333,0.333,0,0,0.9705,0.9702,1,1,50,257.2,152.09,0,1,2025-09-30 23:09:38,19.0,87.7,,0,0,,1
2025-09-30 23:10:23,195.45,0.3238,247.99,0.4608,1.3824,240.97,251.51,251.5,427.3,432.52,428.72,429.47,1.3824,0.0,0.0,0.3224,0.0,0.0,0.0807,0.0807,0,0,0.3331,0.3331,0,0,0.9702,0.97,1,1,50,257.21,152.1,0,1,2025-09-30 23:10:23,19.1,88.5,,0,0,,1
2025-09-30 23:11:15,195.46,0.3218,247.43,0.4603,1.381,239.61,251.35,251.34,425.9,431.89,427.83,428.53,1.381,0.0,0.0,0.3208,0.0,0.0,0.0783,0.0783,0,0,0.3309,0.3309,0,0,0.9716,0.9714,1,1,50,257.21,152.1,0,1,2025-09-30 23:11:15,19.5,89.1,,0,0,,1
2025-09-30 23:12:00,195.46,0.3213,247.44,0.4596,1.379,239.61,251.36,251.37,425.78,432.28,427.64,428.63,1.379,0.0,0.0,0.3202,0.0,0.0,0.0785,0.0785,0,0,0.3304,0.3304,0,0,0.9714,0.9712,1,1,50,257.22,152.1,0,1,2025-09-30 23:12:00,19.6,89.7,,0,0,,1
2025-09-30 23:12:45,195.47,0.3209,247.3,0.4595,1.3785,239.44,251.27,251.19,425.71,431.89,427.34,428.29,1.3785,0.0,0.0,0.3198,0.0,0.0,0.0786,0.0786,0,0,0.3301,0.3301,0,0,0.9712,0.971,1,1,50,257.22,152.1,0,1,2025-09-30 23:12:45,19.6,90.1,,0,0,,1
2025-09-30 23:13:30,195.47,0.3209,247.19,0.459,1.3771,239.44,251.02,251.13,425.31,430.66,428.36,428.09,1.3771,0.0,0.0,0.3195,0.0,0.0,0.0787,0.0787,0,0,0.3297,0.3297,0,0,0.9712,0.9709,1,1,50,257.22,152.1,0,1,2025-09-30 23:13:31,19.6,90.4,,0,0,,1
2025-09-30 23:14:15,195.47,0.3228,247.76,0.4603,1.3809,240.7,251.25,251.35,426.93,432.36,428.09,429.12,1.3809,0.0,0.0,0.3216,0.0,0.0,0.0808,0.0808,0,0,0.3324,0.3324,0,0,0.97,0.9698,1,1,50,257.23,152.1,0,1,2025-09-30 23:14:15,19.7,90.7,,0,0,,1
2025-09-30 23:15:00,195.48,0.323,247.99,0.4603,1.3809,240.92,251.53,251.53,427.3,432.4,428.83,429.49,1.3809,0.0,0.0,0.3219,0.0,0.0,0.0807,0.0807,0,0,0.3327,0.3327,0,0,0.9701,0.97,1,1,50,257.23,152.1,0,1,2025-09-30 23:15:00,19.7,91.1,,0,0,,1
2025-09-30 23:15:45,195.48,0.3226,248.05,0.4594,1.3783,241.01,251.57,251.57,427.17,432.76,428.91,429.61,1.3783,0.0,0.0,0.3213,0.0,0.0,0.0811,0.0811,0,0,0.3322,0.3322,0,0,0.9698,0.9695,1,1,50,257.24,152.1,0,1,2025-09-30 23:15:46,19.7,91.3,,0,0,,1
2025-09-30 23:16:30,195.51,3.8646,247,7.9039,23.7118,239.61,250.52,250.88,424.93,431.36,427.12,427.87,8.8551,7.5978,7.2589,1.5962,1.2354,1.033,4.3321,1.3926,1.4417,1.4978,5.8463,2.1218,1.9034,1.8211,0.6656,0.7535,0.6506,0.5677,50,257.28,152.14,1,1,2025-09-30 23:16:30,19.8,90.9,,1,0,,0
2025-09-30 23:17:15,195.56,3.8553,246.94,7.8817,23.6453,239.5,250.48,250.86,424.92,431.05,427.13,427.73,8.8181,7.5702,7.257,1.5884,1.2345,1.0324,4.3147,1.3859,1.4322,1.4967,5.8286,2.1119,1.8962,1.8205,0.6662,0.7535,0.6528,0.5678,50,257.36,152.19,1,1,2025-09-30 23:17:15,19.7,87,,1,0,,0
2025-09-30 23:18:21,195.64,0.3262,247.8,0.4645,1.3935,240.74,251.32,251.35,426.35,432.9,428.33,429.27,1.3935,0.0,0.0,0.3251,0.0,0.0,0.0797,0.0797,0,0,0.3355,0.3355,0,0,0.9714,0.9712,1,1,50,257.48,152.28,0,1,2025-09-30 23:18:21,19.5,79.2,,0,0,,1
2025-09-30 23:19:06,195.64,0.3238,247.77,0.4613,1.3841,240.79,251.21,251.32,426.82,432.3,428.29,429.12,1.3841,0.0,0.0,0.3226,0.0,0.0,0.0807,0.0807,0,0,0.3333,0.3333,0,0,0.9703,0.97,1,1,50,257.48,152.28,0,1,2025-09-30 23:19:06,19.0,79,,0,0,,1
2025-09-30 23:19:51,195.65,0.3224,247.95,0.461,1.383,240.96,251.43,251.48,426.85,433.07,428.45,429.55,1.383,0.0,0.0,0.3224,0.0,0.0,0.0812,0.0812,0,0,0.3332,0.3332,0,0,0.9696,0.9696,1,1,50,257.49,152.28,0,1,2025-09-30 23:19:51,18.9,80.7,,0,0,,1
2025-09-30 23:20:36,195.65,0.3221,247.83,0.4607,1.3823,240.83,251.18,251.5,426.77,432.17,428.78,429.22,1.3823,0.0,0.0,0.3221,0.0,0.0,0.081,0.081,0,0,0.3329,0.3329,0,0,0.9697,0.9697,1,1,49.9,257.49,152.28,0,1,2025-09-30 23:20:36,18.9,82.4,,0,0,,1
2025-09-30 23:21:21,195.66,0.3211,247.36,0.4595,1.3785,239.55,251.24,251.29,426.05,431.56,427.61,428.4,1.3785,0.0,0.0,0.3198,0.0,0.0,0.0793,0.0793,0,0,0.3302,0.3302,0,0,0.9708,0.9706,1,1,50,257.49,152.28,0,1,2025-09-30 23:21:21,18.9,84,,0,0,,1
2025-09-30 23:22:06,195.66,0.3206,247.31,0.4604,1.3812,239.61,251.01,251.31,425.54,431.1,428.31,428.34,1.3812,0.0,0.0,0.3206,0.0,0.0,0.0789,0.0789,0,0,0.3309,0.3309,0,0,0.971,0.971,1,1,49.9,257.5,152.28,0,1,2025-09-30 23:22:06,18.9,85.3,,0,0,,1
2025-09-30 23:22:51,195.66,0.3212,247.37,0.4594,1.3784,239.61,251.14,251.37,425.93,431.36,428,428.39,1.3784,0.0,0.0,0.3199,0.0,0.0,0.0792,0.0792,0,0,0.3303,0.3303,0,0,0.9709,0.9706,1,1,50,257.5,152.29,0,1,2025-09-30 23:22:51,19.0,86.4,,0,0,,1
2025-09-30 23:23:36,195.67,0.3234,248,0.4606,1.3819,241.04,251.36,251.61,427.32,431.65,429.57,429.53,1.3819,0.0,0.0,0.3221,0.0,0.0,0.0816,0.0816,0,0,0.3331,0.3331,0,0,0.9696,0.9693,1,1,50,257.51,152.29,0,1,2025-09-30 23:23:36,19.0,87.2,,0,0,,1
2025-09-30 23:24:21,195.67,0.3231,247.88,0.4606,1.3818,240.85,251.43,251.38,426.88,432.51,428.6,429.33,1.3818,0.0,0.0,0.3218,0.0,0.0,0.0818,0.0818,0,0,0.3328,0.3328,0,0,0.9694,0.9691,1,1,49.9,257.51,152.29,0,1,2025-09-30 23:24:21,19.1,88,,0,0,,1
2025-09-30 23:25:28,195.68,0.3228,247.91,0.4598,1.3796,240.99,251.34,251.42,427.29,432.31,428.55,429.33,1.3796,0.0,0.0,0.3214,0.0,0.0,0.0821,0.0821,0,0,0.3325,0.3325,0,0,0.9691,0.969,1,1,49.9,257.52,152.29,0,1,2025-09-30 23:25:28,19.5,89,,0,0,,1
2025-09-30 23:26:13,195.68,0.3218,247.97,0.4604,1.3814,240.89,251.56,251.47,427.24,432.73,428.48,429.47,1.3814,0.0,0.0,0.3218,0.0,0.0,0.0815,0.0815,0,0,0.3328,0.3328,0,0,0.9693,0.9693,1,1,49.9,257.52,152.29,0,1,2025-09-30 23:26:13,19.6,89.5,,0,0,,1
2025-09-30 23:26:58,195.69,0.3208,247.81,0.4594,1.3782,240.74,251.42,251.28,427.17,432.29,428.15,429.2,1.3782,0.0,0.0,0.3208,0.0,0.0,0.0814,0.0814,0,0,0.3318,0.3318,0,0,0.9693,0.9693,1,1,49.9,257.53,152.29,0,1,2025-09-30 23:26:58,19.6,89.9,,0,0,,1
2025-09-30 23:27:43,195.69,0.3221,247.86,0.4595,1.3787,240.74,251.52,251.33,427.11,432.32,428.44,429.31,1.3787,0.0,0.0,0.3209,0.0,0.0,0.0816,0.0816,0,0,0.3319,0.3319,0,0,0.9693,0.9691,1,1,49.9,257.53,152.29,0,1,2025-09-30 23:27:43,19.7,90.3,,0,0,,1
2025-09-30 23:28:28,195.7,0.3227,247.96,0.4602,1.3807,240.93,251.45,251.5,427.21,432.73,428.45,429.45,1.3807,0.0,0.0,0.3217,0.0,0.0,0.0815,0.0815,0,0,0.3327,0.3327,0,0,0.9695,0.9693,1,1,49.9,257.53,152.29,0,1,2025-09-30 23:28:28,19.7,90.7,,0,0,,1
2025-09-30 23:29:13,195.7,0.3224,247.72,0.4596,1.379,240.98,250.49,251.69,426.96,431.68,428.47,429.01,1.379,0.0,0.0,0.3212,0.0,0.0,0.0821,0.0821,0,0,0.3323,0.3323,0,0,0.969,0.9688,1,1,49.9,257.54,152.29,0,1,2025-09-30 23:29:13,19.7,90.9,,0,0,,1
2025-09-30 23:29:58,195.7,0.3227,247.91,0.4603,1.3811,241.22,250.68,251.83,426.94,432.7,428.5,429.34,1.3811,0.0,0.0,0.3227,0.0,0.0,0.0816,0.0816,0,0,0.3331,0.3331,0,0,0.9694,0.969,1,1,49.9,257.54,152.3,0,1,2025-09-30 23:29:59,19.7,91.1,,0,0,,1
2025-09-30 23:30:43,195.73,3.8266,247.15,7.8996,23.698900000000002,239.78,250.63,251.04,425.75,430.73,427.65,428,8.8521,7.5883,7.2585,1.5849,1.2201,1.0216,4.3613,1.4053,1.45,1.506,5.8466,2.1226,1.9019,1.8222,0.6595,0.7484,0.6441,0.5619,50,257.58,152.32,1,1,2025-09-30 23:30:43,19.8,90.9,,1,0,,0
2025-09-30 23:31:28,195.78,3.8594,246.44,7.8769,23.630900000000004,238.34,250.39,250.61,423.75,430.31,426.42,426.9,8.8133,7.5654,7.2522,1.5851,1.2418,1.0326,4.2893,1.3726,1.4237,1.493,5.8123,2.1006,1.8943,1.8175,0.6688,0.7559,0.6573,0.5688,49.9,257.66,152.38,1,1,2025-09-30 23:31:28,19.7,86.9,,1,0,,0
2025-09-30 23:32:35,195.86,0.3257,247.51,0.4649,1.3949,239.8,251.47,251.28,426.38,431.56,428.09,428.68,1.3949,0.0,0.0,0.3245,0.0,0.0,0.0781,0.0781,0,0,0.3345,0.3345,0,0,0.9724,0.9722,1,1,50,257.78,152.47,0,1,2025-09-30 23:32:35,19.5,79.5,,0,0,,1
2025-09-30 23:33:20,195.86,0.3221,247.55,0.4605,1.3817,239.81,251.51,251.33,425.9,432.76,427.6,428.79,1.3817,0.0,0.0,0.321,0.0,0.0,0.079,0.079,0,0,0.3313,0.3313,0,0,0.9712,0.971,1,1,50,257.78,152.47,0,1,2025-09-30 23:33:20,19.0,79.5,,0,0,,1
2025-09-30 23:34:05,195.87,0.3246,248.25,0.4618,1.3856,241.31,251.79,251.66,427.5,433.54,428.88,429.98,1.3856,0.0,0.0,0.3235,0.0,0.0,0.0813,0.0813,0,0,0.3344,0.3344,0,0,0.97,0.9698,1,1,50,257.79,152.47,0,1,2025-09-30 23:34:05,18.9,81,,0,0,,1
2025-09-30 23:34:50,195.87,0.3232,248.25,0.4615,1.3847,241.31,251.79,251.67,427.74,433.61,428.59,429.92,1.3847,0.0,0.0,0.3232,0.0,0.0,0.0815,0.0815,0,0,0.3341,0.3341,0,0,0.9696,0.9696,1,1,50,257.79,152.47,0,1,2025-09-30 23:34:50,18.9,82.5,,0,0,,1
2025-09-30 23:35:35,195.87,0.3251,248.23,0.4622,1.3866,241.31,251.72,251.66,427.99,432.68,429.1,429.95,1.3866,0.0,0.0,0.3238,0.0,0.0,0.0814,0.0814,0,0,0.3346,0.3346,0,0,0.97,0.9698,1,1,50,257.8,152.47,0,1,2025-09-30 23:35:35,18.9,84.1,,0,0,,1
2025-09-30 23:36:20,195.88,0.3236,248.25,0.4606,1.3818,241.4,251.78,251.59,427.6,433.15,429.17,429.98,1.3818,0.0,0.0,0.3225,0.0,0.0,0.0821,0.0821,0,0,0.3336,0.3336,0,0,0.9692,0.969,1,1,50,257.8,152.47,0,1,2025-09-30 23:36:20,19.0,85.2,,0,0,,1
2025-09-30 23:37:05,195.88,0.3242,248.35,0.4611,1.3835,241.56,251.86,251.65,428.42,432.89,429.12,430.2,1.3835,0.0,0.0,0.3231,0.0,0.0,0.082,0.082,0,0,0.3342,0.3342,0,0,0.9694,0.9693,1,1,50,257.8,152.47,0,1,2025-09-30 23:37:05,19.0,86.2,,0,0,,1
2025-09-30 23:37:50,195.89,0.324,248.23,0.4609,1.3829,241.43,251.63,251.63,428.2,432.26,429.29,429.94,1.3829,0.0,0.0,0.3228,0.0,0.0,0.0819,0.0819,0,0,0.3339,0.3339,0,0,0.9695,0.9693,1,1,50,257.81,152.47,0,1,2025-09-30 23:37:50,19.0,87.1,,0,0,,1
2025-09-30 23:38:35,195.89,0.3242,248.37,0.4609,1.3828,241.56,251.83,251.74,427.72,433.48,429.35,430.11,1.3828,0.0,0.0,0.323,0.0,0.0,0.082,0.082,0,0,0.334,0.334,0,0,0.9694,0.9692,1,1,50,257.81,152.48,0,1,2025-09-30 23:38:35,19.1,87.8,,0,0,,1
2025-09-30 23:39:20,195.89,0.3238,248.28,0.4609,1.3828,241.38,251.84,251.62,427.6,433.23,429.21,430.01,1.3828,0.0,0.0,0.3227,0.0,0.0,0.0819,0.0819,0,0,0.3338,0.3338,0,0,0.9694,0.9692,1,1,49.9,257.82,152.48,0,1,2025-09-30 23:39:20,19.5,88.5,,0,0,,1
2025-09-30 23:40:05,195.9,0.3249,248.44,0.4615,1.3846,241.62,251.9,251.81,428.35,432.84,429.68,430.23,1.3846,0.0,0.0,0.3235,0.0,0.0,0.082,0.082,0,0,0.3345,0.3345,0,0,0.9695,0.9693,1,1,50,257.82,152.48,0,1,2025-09-30 23:40:05,19.5,89,,0,0,,1
2025-09-30 23:40:50,195.9,0.3245,248.48,0.4612,1.3836,241.55,252.09,251.82,428.27,433.62,429.23,430.33,1.3836,0.0,0.0,0.3232,0.0,0.0,0.0819,0.0819,0,0,0.3342,0.3342,0,0,0.9695,0.9693,1,1,50,257.82,152.48,0,1,2025-09-30 23:40:50,19.6,89.5,,0,0,,1
2025-09-30 23:41:35,195.91,0.325,248.55,0.4616,1.3849,241.59,252.19,251.87,428.37,433.65,429.43,430.43,1.3849,0.0,0.0,0.3236,0.0,0.0,0.0818,0.0818,0,0,0.3346,0.3346,0,0,0.9697,0.9695,1,1,50,257.83,152.48,0,1,2025-09-30 23:41:35,19.6,90,,0,0,,1
2025-09-30 23:42:20,195.91,0.3209,247.9,0.4598,1.3796,240.2,251.92,251.58,426.63,433.26,428.19,429.4,1.3796,0.0,0.0,0.3209,0.0,0.0,0.0797,0.0797,0,0,0.3314,0.3314,0,0,0.9705,0.9705,1,1,50,257.83,152.48,0,1,2025-09-30 23:42:20,19.6,90.3,,0,0,,1
2025-09-30 23:43:05,195.91,0.3206,247.99,0.4594,1.3783,240.28,252.01,251.69,427.36,432.6,428.56,429.48,1.3783,0.0,0.0,0.3206,0.0,0.0,0.08,0.08,0,0,0.3312,0.3312,0,0,0.9702,0.9702,1,1,50,257.84,152.48,0,1,2025-09-30 23:43:05,19.7,90.6,,0,0,,1
2025-09-30 23:43:50,195.92,0.3219,248.01,0.4594,1.3782,240.29,252.02,251.72,427.07,432.86,428.69,429.5,1.3782,0.0,0.0,0.3206,0.0,0.0,0.08,0.08,0,0,0.3312,0.3312,0,0,0.9704,0.9702,1,1,50,257.84,152.48,0,1,2025-09-30 23:43:50,19.7,90.9,,0,0,,1
2025-09-30 23:44:35,195.92,0.3253,248.73,0.4615,1.3845,241.88,252.34,251.97,428.93,433.93,429.53,430.85,1.3845,0.0,0.0,0.3238,0.0,0.0,0.0823,0.0823,0,0,0.3349,0.3349,0,0,0.9694,0.9691,1,1,50,257.85,152.48,0,1,2025-09-30 23:44:35,19.7,91.2,,0,0,,1
2025-09-30 23:45:20,195.93,0.3242,248.65,0.4607,1.3822,241.79,252.25,251.92,428.68,433.52,429.77,430.69,1.3822,0.0,0.0,0.3231,0.0,0.0,0.0822,0.0822,0,0,0.3342,0.3342,0,0,0.9693,0.9691,1,1,50,257.85,152.48,0,1,2025-09-30 23:45:20,19.8,91.4,,0,0,,1
2025-09-30 23:46:50,196.01,3.913,247.95,7.9745,23.9236,240.69,251.51,251.67,426.84,432.57,428.93,429.52,8.9467,7.6683,7.3086,1.6199,1.2479,1.0452,4.3866,1.4125,1.4635,1.5105,5.9214,2.1534,1.9287,1.8394,0.6656,0.7537,0.6488,0.569,50,257.98,152.58,1,1,2025-09-30 23:46:50,19.7,86,,1,0,,0
2025-09-30 23:48:20,196.09,0.3268,248.89,0.4633,1.3901,242.03,252.44,252.22,429.09,434.13,430.03,431.09,1.3901,0.0,0.0,0.3255,0.0,0.0,0.0817,0.0817,0,0,0.3364,0.3364,0,0,0.9701,0.9698,1,1,50,258.09,152.66,0,1,2025-09-30 23:48:20,19.1,79,,0,0,,1
2025-09-30 23:49:05,196.09,0.327,248.85,0.4638,1.3915,242.01,252.37,252.17,428.58,434.16,430.27,431.05,1.3915,0.0,0.0,0.3258,0.0,0.0,0.0821,0.0821,0,0,0.3368,0.3368,0,0,0.9699,0.9697,1,1,50,258.1,152.66,0,1,2025-09-30 23:49:05,19.0,79.9,,0,0,,1
2025-09-30 23:49:50,196.09,0.3257,248.79,0.4621,1.3865,241.88,252.38,252.12,429.12,433.61,429.96,430.91,1.3865,0.0,0.0,0.3243,0.0,0.0,0.082,0.082,0,0,0.3354,0.3354,0,0,0.9697,0.9694,1,1,50,258.1,152.67,0,1,2025-09-30 23:49:50,18.9,81.4,,0,0,,1
2025-09-30 23:50:35,196.1,0.3241,248.67,0.4621,1.3863,241.75,252.3,251.97,428.81,433.28,429.96,430.65,1.3863,0.0,0.0,0.3241,0.0,0.0,0.0821,0.0821,0,0,0.3351,0.3351,0,0,0.9694,0.9694,1,1,50,258.1,152.67,0,1,2025-09-30 23:50:35,18.9,83.2,,0,0,,1
2025-09-30 23:51:20,196.1,0.3257,248.88,0.462,1.3861,241.94,252.51,252.2,429.1,434.11,429.96,431.08,1.3861,0.0,0.0,0.3242,0.0,0.0,0.0824,0.0824,0,0,0.3354,0.3354,0,0,0.9694,0.9692,1,1,50,258.11,152.67,0,1,2025-09-30 23:51:20,18.9,84.4,,0,0,,1
2025-09-30 23:52:05,196.11,0.3253,248.95,0.4617,1.3852,242.02,252.57,252.28,429.28,434.1,430.16,431.22,1.3852,0.0,0.0,0.3241,0.0,0.0,0.0825,0.0825,0,0,0.3352,0.3352,0,0,0.9693,0.9691,1,1,50,258.11,152.67,0,1,2025-09-30 23:52:05,18.9,85.6,,0,0,,1
2025-09-30 23:52:50,196.11,0.325,248.73,0.4617,1.3853,241.87,252.28,252.04,429.08,433.2,430.06,430.69,1.3853,0.0,0.0,0.3238,0.0,0.0,0.0827,0.0827,0,0,0.3351,0.3351,0,0,0.9691,0.9688,1,1,50,258.12,152.67,0,1,2025-09-30 23:52:50,19.0,86.5,,0,0,,1
2025-09-30 23:53:35,196.11,0.3227,248.13,0.4601,1.3803,240.49,252.07,251.84,427.25,433.49,428.55,429.75,1.3803,0.0,0.0,0.3213,0.0,0.0,0.0802,0.0802,0,0,0.3319,0.3319,0,0,0.9704,0.9702,1,1,50,258.12,152.67,0,1,2025-09-30 23:53:35,19.0,87.3,,0,0,,1
2025-09-30 23:54:20,196.12,0.3225,248.18,0.4601,1.3805,240.57,252.12,251.87,427.64,433.04,428.85,429.85,1.3805,0.0,0.0,0.3214,0.0,0.0,0.0805,0.0805,0,0,0.3321,0.3321,0,0,0.9702,0.97,1,1,50,258.13,152.67,0,1,2025-09-30 23:54:20,19.1,88.1,,0,0,,1
2025-09-30 23:55:05,196.12,0.323,248.32,0.4605,1.3817,240.66,252.25,252.05,427.28,433.82,429.15,430.06,1.3817,0.0,0.0,0.3219,0.0,0.0,0.0802,0.0802,0,0,0.3325,0.3325,0,0,0.9705,0.9703,1,1,50,258.13,152.67,0,1,2025-09-30 23:55:05,19.5,88.7,,0,0,,1
2025-09-30 23:55:50,196.13,0.3239,248.95,0.4615,1.3845,242.05,252.52,252.29,428.71,434.81,430.05,431.17,1.3845,0.0,0.0,0.3239,0.0,0.0,0.0827,0.0827,0,0,0.3351,0.3351,0,0,0.9689,0.9689,1,1,50,258.13,152.67,0,1,2025-09-30 23:55:50,19.5,89.2,,0,0,,1
2025-09-30 23:56:35,196.13,0.3249,248.96,0.4614,1.3843,242.03,252.57,252.29,429.11,434.15,430.33,431.14,1.3843,0.0,0.0,0.3238,0.0,0.0,0.0827,0.0827,0,0,0.335,0.335,0,0,0.969,0.9689,1,1,50,258.14,152.67,0,1,2025-09-30 23:56:35,19.6,89.7,,0,0,,1
2025-09-30 23:57:20,196.13,0.3244,248.97,0.462,1.3861,242.07,252.54,252.32,429.24,434.34,430.09,431.11,1.3861,0.0,0.0,0.3244,0.0,0.0,0.0825,0.0825,0,0,0.3355,0.3355,0,0,0.9691,0.9691,1,1,50,258.14,152.68,0,1,2025-09-30 23:57:20,19.6,90.1,,0,0,,1
2025-09-30 23:58:05,196.14,0.3248,249.22,0.461,1.383,242.28,252.84,252.56,429.31,435.25,430.42,431.66,1.383,0.0,0.0,0.3237,0.0,0.0,0.0833,0.0833,0,0,0.3351,0.3351,0,0,0.9686,0.9684,1,1,50,258.15,152.68,0,1,2025-09-30 23:58:05,19.6,90.5,,0,0,,1
2025-09-30 23:58:50,196.14,0.3254,249.32,0.4612,1.3836,242.45,252.82,252.69,429.57,434.54,431.32,431.8,1.3836,0.0,0.0,0.3242,0.0,0.0,0.0829,0.0829,0,0,0.3355,0.3355,0,0,0.969,0.9688,1,1,50,258.15,152.68,0,1,2025-09-30 23:58:50,19.7,90.8,,0,0,,1
2025-09-30 23:59:35,196.15,0.3261,249.18,0.4621,1.3865,242.3,252.76,252.49,429.57,434.48,430.68,431.55,1.3865,0.0,0.0,0.3248,0.0,0.0,0.0824,0.0824,0,0,0.3359,0.3359,0,0,0.9695,0.9692,1,1,50,258.15,152.68,0,1,2025-09-30 23:59:35,19.7,91.1,,0,0,,1
2025-10-01 00:00:20,196.15,0.3256,249.29,0.4614,1.3844,242.59,252.8,252.5,429.82,434.68,430.82,431.79,1.3844,0.0,0.0,0.3246,0.0,0.0,0.0829,0.0829,0,0,0.3358,0.3358,0,0,0.9691,0.9689,1,1,50,258.16,152.68,0,1,2025-10-01 00:00:20,19.7,91.4,,0,0,,1
2025-10-01 00:01:05,196.15,0.325,249.07,0.4607,1.3823,242.32,252.58,252.32,429.43,434.24,430.49,431.25,1.3823,0.0,0.0,0.3236,0.0,0.0,0.0831,0.0831,0,0,0.335,0.335,0,0,0.9688,0.9686,1,1,50,258.16,152.68,0,1,2025-10-01 00:01:05,19.7,91.7,,0,0,,1
2025-10-01 00:01:50,196.19,3.8731,247.92,7.9633,23.8899,241.19,250.5,252.07,426.64,432.81,428.75,429.4,8.948,7.6122,7.3297,1.6029,1.2211,1.049,4.4158,1.4393,1.4579,1.5185,5.9126,2.1582,1.9069,1.8476,0.6593,0.744,0.6421,0.5683,50,258.23,152.73,1,1,2025-10-01 00:01:50,19.8,90.4,,1,0,,0
2025-10-01 00:02:35,196.24,3.8795,248.09,7.9607,23.882299999999997,241.4,250.67,252.21,426.75,433.3,429.05,429.69,8.956,7.6027,7.3236,1.6072,1.2204,1.0518,4.4118,1.4398,1.4567,1.5154,5.9148,2.162,1.9058,1.8471,0.6603,0.7448,0.6421,0.5701,50,258.3,152.78,1,1,2025-10-01 00:02:35,19.7,86.1,,1,0,,0
2025-10-01 00:03:20,196.29,3.8334,248.18,7.9289,23.7867,241.19,251.51,251.86,427.34,432.64,429.56,429.87,8.9194,7.5885,7.2788,1.5975,1.2098,1.0261,4.4218,1.4352,1.4697,1.5169,5.8931,2.1513,1.9086,1.8332,0.655,0.7438,0.6355,0.5602,50,258.37,152.84,1,1,2025-10-01 00:03:20,19.6,81.7,,1,0,,0
2025-10-01 00:04:05,196.31,0.3246,248.43,0.4617,1.3853,240.95,252.27,252.09,428.1,432.98,429.74,430.21,1.3853,0.0,0.0,0.3233,0.0,0.0,0.0801,0.0801,0,0,0.3338,0.3338,0,0,0.9708,0.9706,1,1,50,258.4,152.85,0,1,2025-10-01 00:04:05,19.1,79.3,,0,0,,1
2025-10-01 00:04:50,196.31,0.3233,248.31,0.4607,1.3823,240.71,252.22,252.02,427.63,433.36,429.23,430.06,1.3823,0.0,0.0,0.3222,0.0,0.0,0.0801,0.0801,0,0,0.3327,0.3327,0,0,0.9706,0.9704,1,1,50,258.4,152.86,0,1,2025-10-01 00:04:50,19.0,80.7,,0,0,,1
2025-10-01 00:05:35,196.32,0.3236,248.29,0.461,1.3831,240.71,252.2,251.96,427.65,433.25,429.17,430.03,1.3831,0.0,0.0,0.3223,0.0,0.0,0.0801,0.0801,0,0,0.3329,0.3329,0,0,0.9707,0.9704,1,1,50,258.41,152.86,0,1,2025-10-01 00:05:35,18.9,82.3,,0,0,,1
2025-10-01 00:06:20,196.32,0.3253,248.8,0.4619,1.3859,242.05,252.2,252.15,428.8,433.35,430.56,430.92,1.3859,0.0,0.0,0.3243,0.0,0.0,0.0827,0.0827,0,0,0.3355,0.3355,0,0,0.9691,0.9689,1,1,49.9,258.41,152.86,0,1,2025-10-01 00:06:20,18.9,83.7,,0,0,,1
2025-10-01 00:07:05,196.32,0.3263,248.91,0.4625,1.3877,242.26,252.2,252.29,428.43,434.47,430.47,431.13,1.3877,0.0,0.0,0.3249,0.0,0.0,0.083,0.083,0,0,0.3362,0.3362,0,0,0.9691,0.9688,1,1,50,258.42,152.86,0,1,2025-10-01 00:07:05,19.0,85.1,,0,0,,1
2025-10-01 00:07:50,196.33,0.326,248.98,0.4618,1.3856,242.37,252.23,252.34,428.64,433.83,431.18,431.25,1.3856,0.0,0.0,0.3245,0.0,0.0,0.0833,0.0833,0,0,0.3358,0.3358,0,0,0.9688,0.9685,1,1,50,258.42,152.86,0,1,2025-10-01 00:07:50,19.0,86.2,,0,0,,1
2025-10-01 00:08:35,196.33,0.3243,248.89,0.4616,1.385,242.33,252.07,252.27,428.62,433.95,430.63,431.01,1.385,0.0,0.0,0.3243,0.0,0.0,0.083,0.083,0,0,0.3356,0.3356,0,0,0.9687,0.9687,1,1,50,258.42,152.86,0,1,2025-10-01 00:08:35,19.0,87.1,,0,0,,1
2025-10-01 00:09:20,196.34,0.3261,249.06,0.4621,1.3864,242.4,252.4,252.4,428.91,434.45,430.78,431.37,1.3864,0.0,0.0,0.3247,0.0,0.0,0.0833,0.0833,0,0,0.3361,0.3361,0,0,0.9689,0.9686,1,1,49.9,258.43,152.86,0,1,2025-10-01 00:09:20,19.1,87.9,,0,0,,1
2025-10-01 00:10:05,196.34,0.3262,249.1,0.4622,1.3866,242.43,252.46,252.42,428.77,434.96,430.61,431.41,1.3866,0.0,0.0,0.3249,0.0,0.0,0.083,0.083,0,0,0.3362,0.3362,0,0,0.9691,0.9688,1,1,50,258.43,152.86,0,1,2025-10-01 00:10:05,19.1,88.6,,0,0,,1
2025-10-01 00:10:50,196.34,0.3246,249.04,0.462,1.3861,242.33,252.43,252.37,429.24,434.06,430.69,431.27,1.3861,0.0,0.0,0.3246,0.0,0.0,0.083,0.083,0,0,0.3359,0.3359,0,0,0.9688,0.9688,1,1,50,258.44,152.86,0,1,2025-10-01 00:10:50,19.5,89.1,,0,0,,1
2025-10-01 00:11:35,196.35,0.3248,248.91,0.461,1.3832,242.16,252.32,252.26,428.88,434.48,429.99,431.12,1.3832,0.0,0.0,0.3236,0.0,0.0,0.0833,0.0833,0,0,0.335,0.335,0,0,0.9686,0.9684,1,1,49.9,258.44,152.86,0,1,2025-10-01 00:11:35,19.6,89.6,,0,0,,1
2025-10-01 00:12:20,196.35,0.3259,249.15,0.4618,1.3856,242.43,252.57,252.46,429.05,435.03,430.52,431.48,1.3856,0.0,0.0,0.3247,0.0,0.0,0.0829,0.0829,0,0,0.3359,0.3359,0,0,0.9691,0.9688,1,1,50,258.45,152.87,0,1,2025-10-01 00:12:20,19.6,90.1,,0,0,,1
2025-10-01 00:13:05,196.36,0.326,249.12,0.4623,1.3869,242.39,252.49,252.48,428.86,435.23,430.35,431.45,1.3869,0.0,0.0,0.3249,0.0,0.0,0.0829,0.0829,0,0,0.3362,0.3362,0,0,0.9691,0.9689,1,1,50,258.45,152.87,0,1,2025-10-01 00:13:05,19.6,90.5,,0,0,,1
2025-10-01 00:13:50,196.36,0.3255,249.09,0.4616,1.3848,242.35,252.49,252.44,429.22,434.88,430.19,431.43,1.3848,0.0,0.0,0.3243,0.0,0.0,0.0829,0.0829,0,0,0.3356,0.3356,0,0,0.969,0.9688,1,1,50,258.45,152.87,0,1,2025-10-01 00:13:50,19.7,90.9,,0,0,,1
2025-10-01 00:14:42,196.37,0.3216,248.47,0.4599,1.3797,240.87,252.3,252.24,428.03,433.36,429.62,430.33,1.3797,0.0,0.0,0.3216,0.0,0.0,0.0808,0.0808,0,0,0.3323,0.3323,0,0,0.9698,0.9698,1,1,50,258.46,152.87,0,1,2025-10-01 00:14:42,19.7,91.3,,0,0,,1
2025-10-01 00:15:27,196.37,0.3222,248.58,0.4604,1.3814,240.94,252.43,252.37,427.86,434.38,429.37,430.54,1.3814,0.0,0.0,0.3222,0.0,0.0,0.0804,0.0804,0,0,0.3328,0.3328,0,0,0.9702,0.9702,1,1,50,258.46,152.87,0,1,2025-10-01 00:15:27,19.7,91.6,,0,0,,1
2025-10-01 00:16:12,196.37,0.3251,249.07,0.4615,1.3847,242.17,252.65,252.41,429.45,433.93,430.77,431.39,1.3847,0.0,0.0,0.3241,0.0,0.0,0.0829,0.0829,0,0,0.3353,0.3353,0,0,0.9689,0.9687,1,1,49.9,258.47,152.87,0,1,2025-10-01 00:16:12,19.8,91.9,,0,0,,1
2025-10-01 00:16:57,196.38,0.325,249.19,0.4609,1.3827,242.34,252.73,252.51,429.3,434.57,430.91,431.58,1.3827,0.0,0.0,0.3238,0.0,0.0,0.083,0.083,0,0,0.3351,0.3351,0,0,0.9689,0.9686,1,1,49.9,258.47,152.87,0,1,2025-10-01 00:16:57,19.8,92,,0,0,,1
2025-10-01 00:17:42,196.38,0.3258,249.15,0.4618,1.3856,242.29,252.69,252.49,429.1,434.77,430.73,431.61,1.3856,0.0,0.0,0.3244,0.0,0.0,0.083,0.083,0,0,0.3357,0.3357,0,0,0.969,0.9688,1,1,50,258.48,152.87,0,1,2025-10-01 00:17:42,19.8,92.3,,0,0,,1
2025-10-01 00:18:27,196.39,0.3257,249.3,0.4618,1.3854,242.46,252.78,252.66,429.85,434.35,431.12,431.78,1.3854,0.0,0.0,0.3246,0.0,0.0,0.0829,0.0829,0,0,0.3359,0.3359,0,0,0.9691,0.9689,1,1,50,258.48,152.87,0,1,2025-10-01 00:18:27,19.9,92.4,,0,0,,1
2025-10-01 00:19:12,196.39,0.3249,249.37,0.462,1.386,242.5,252.92,252.69,429.57,435.37,430.78,431.85,1.386,0.0,0.0,0.3249,0.0,0.0,0.0827,0.0827,0,0,0.3361,0.3361,0,0,0.969,0.969,1,1,50,258.48,152.88,0,1,2025-10-01 00:19:13,20.3,92.5,,0,0,,1
2025-10-01 00:19:57,196.39,0.3267,249.41,0.4627,1.3883,242.52,253.01,252.7,430.07,434.72,431.11,431.9,1.3883,0.0,0.0,0.3255,0.0,0.0,0.0826,0.0826,0,0,0.3367,0.3367,0,0,0.9695,0.9693,1,1,50,258.49,152.88,0,1,2025-10-01 00:19:57,20.3,92.6,,0,0,,1
2025-10-01 00:20:42,196.4,0.3249,249.42,0.4619,1.3859,242.55,252.94,252.78,429.36,435.62,431.03,431.91,1.3859,0.0,0.0,0.3249,0.0,0.0,0.0828,0.0828,0,0,0.3362,0.3362,0,0,0.969,0.969,1,1,50,258.49,152.88,0,1,2025-10-01 00:20:42,20.3,92.7,,0,0,,1
2025-10-01 00:21:48,196.41,0.3254,249.3,0.4611,1.3835,242.4,252.81,252.7,429.54,434.7,431.1,431.78,1.3835,0.0,0.0,0.3241,0.0,0.0,0.0829,0.0829,0,0,0.3354,0.3354,0,0,0.969,0.9688,1,1,50,258.5,152.88,0,1,2025-10-01 00:21:48,20.3,92.9,,0,0,,1
2025-10-01 00:22:33,196.41,0.3262,249.44,0.4615,1.3847,242.6,252.97,252.77,429.95,434.74,431.4,432.03,1.3847,0.0,0.0,0.3246,0.0,0.0,0.0828,0.0828,0,0,0.3359,0.3359,0,0,0.9692,0.9689,1,1,50,258.51,152.88,0,1,2025-10-01 00:22:33,20.4,93,,0,0,,1
2025-10-01 00:23:18,196.41,0.3253,249.41,0.4609,1.3828,242.53,252.95,252.75,429.9,435.03,430.98,432.03,1.3828,0.0,0.0,0.3241,0.0,0.0,0.0829,0.0829,0,0,0.3354,0.3354,0,0,0.969,0.9688,1,1,50,258.51,152.88,0,1,2025-10-01 00:23:18,20.4,93.1,,0,0,,1
2025-10-01 00:24:03,196.42,0.3262,249.48,0.4618,1.3856,242.6,253,252.84,429.48,436.01,430.82,432.11,1.3856,0.0,0.0,0.3249,0.0,0.0,0.0828,0.0828,0,0,0.3361,0.3361,0,0,0.9692,0.969,1,1,50,258.51,152.88,0,1,2025-10-01 00:24:03,20.4,93.2,,0,0,,1
2025-10-01 00:24:48,196.42,0.3263,249.53,0.4618,1.3855,242.67,253.07,252.87,429.97,435.23,431.36,432.2,1.3855,0.0,0.0,0.3251,0.0,0.0,0.0824,0.0824,0,0,0.3362,0.3362,0,0,0.9695,0.9693,1,1,50,258.52,152.88,0,1,2025-10-01 00:24:48,20.4,93.2,,0,0,,1
2025-10-01 00:25:33,196.43,0.3258,249.38,0.4615,1.3845,242.54,252.92,252.7,429.85,434.7,431.22,431.93,1.3845,0.0,0.0,0.3245,0.0,0.0,0.0831,0.0831,0,0,0.3358,0.3358,0,0,0.969,0.9687,1,1,50,258.52,152.88,0,1,2025-10-01 00:25:33,20.5,93.3,,0,0,,1
2025-10-01 00:26:18,196.43,0.3259,249.51,0.4614,1.3842,242.68,253.07,252.8,430.07,435.24,431.16,432.18,1.3842,0.0,0.0,0.3246,0.0,0.0,0.083,0.083,0,0,0.3359,0.3359,0,0,0.9691,0.9688,1,1,50,258.53,152.89,0,1,2025-10-01 00:26:18,20.5,93.3,,0,0,,1
2025-10-01 00:27:03,196.43,0.3257,249.56,0.4611,1.3834,242.71,253.1,252.88,430.13,435.11,431.47,432.23,1.3834,0.0,0.0,0.3244,0.0,0.0,0.0831,0.0831,0,0,0.3358,0.3358,0,0,0.9689,0.9686,1,1,50,258.53,152.89,0,1,2025-10-01 00:27:03,20.5,93.3,,0,0,,1
2025-10-01 00:27:48,196.44,0.3263,249.41,0.4621,1.3864,242.6,252.87,252.77,429.98,434.53,431.4,431.9,1.3864,0.0,0.0,0.3251,0.0,0.0,0.0828,0.0828,0,0,0.3363,0.3363,0,0,0.9692,0.969,1,1,50,258.53,152.89,0,1,2025-10-01 00:27:48,20.5,93.4,,0,0,,1
2025-10-01 00:28:56,196.45,0.3249,249.17,0.4608,1.3824,242.33,252.67,252.53,429.33,434.44,430.92,431.57,1.3824,0.0,0.0,0.3238,0.0,0.0,0.0826,0.0826,0,0,0.335,0.335,0,0,0.9691,0.9689,1,1,50,258.54,152.89,0,1,2025-10-01 00:28:56,20.5,93.4,,0,0,,1
2025-10-01 00:29:41,196.45,0.3249,249.41,0.4617,1.3853,242.57,252.91,252.75,430.05,434.58,431.26,432.06,1.3853,0.0,0.0,0.3249,0.0,0.0,0.0825,0.0825,0,0,0.336,0.336,0,0,0.9692,0.9692,1,1,50,258.55,152.89,0,1,2025-10-01 00:29:41,20.5,93.4,,0,0,,1
2025-10-01 00:30:26,196.45,0.3257,249.45,0.461,1.3832,242.61,252.96,252.8,429.64,435.08,431.43,432.07,1.3832,0.0,0.0,0.3244,0.0,0.0,0.0825,0.0825,0,0,0.3356,0.3356,0,0,0.9693,0.9691,1,1,50,258.55,152.89,0,1,2025-10-01 00:30:26,20.5,93.4,,0,0,,1
2025-10-01 00:31:11,196.46,0.3256,249.57,0.4612,1.3837,242.73,253.1,252.9,430.05,435.13,431.59,432.17,1.3837,0.0,0.0,0.3245,0.0,0.0,0.0831,0.0831,0,0,0.3359,0.3359,0,0,0.9689,0.9687,1,1,50,258.55,152.89,0,1,2025-10-01 00:31:11,20.6,93.4,,0,0,,1
2025-10-01 00:31:56,196.46,0.3256,249.55,0.4611,1.3834,242.73,253.04,252.89,429.81,435.39,431.46,432.2,1.3834,0.0,0.0,0.3244,0.0,0.0,0.0833,0.0833,0,0,0.3358,0.3358,0,0,0.9688,0.9686,1,1,50,258.56,152.89,0,1,2025-10-01 00:31:56,20.6,93.5,,0,0,,1
2025-10-01 00:32:41,196.47,0.3258,249.62,0.4612,1.3838,242.82,253.07,252.99,429.79,435.63,431.63,432.24,1.3838,0.0,0.0,0.3246,0.0,0.0,0.0834,0.0834,0,0,0.336,0.336,0,0,0.9687,0.9685,1,1,50,258.56,152.89,0,1,2025-10-01 00:32:41,20.6,93.4,,0,0,,1
2025-10-01 00:33:26,196.47,0.3266,249.46,0.4619,1.3857,242.99,252.17,253.24,429.65,435.13,431.45,432.13,1.3857,0.0,0.0,0.3254,0.0,0.0,0.0832,0.0832,0,0,0.3367,0.3367,0,0,0.969,0.9688,1,1,50,258.57,152.9,0,1,2025-10-01 00:33:26,20.6,93.4,,0,0,,1
2025-10-01 00:34:11,196.47,0.3261,249.3,0.4615,1.3847,242.93,251.93,253.04,429.81,434.02,431.49,431.83,1.3847,0.0,0.0,0.3249,0.0,0.0,0.0837,0.0837,0,0,0.3364,0.3364,0,0,0.9686,0.9684,1,1,49.9,258.57,152.9,0,1,2025-10-01 00:34:11,20.6,93.4,,0,0,,1
2025-10-01 00:34:56,196.48,0.326,249.41,0.4614,1.3842,242.68,252.83,252.73,430.51,434.55,430.85,431.96,1.3842,0.0,0.0,0.3246,0.0,0.0,0.0831,0.0831,0,0,0.3359,0.3359,0,0,0.9689,0.9687,1,1,49.9,258.58,152.9,0,1,2025-10-01 00:34:56,20.6,93.4,,0,0,,1
2025-10-01 00:36:03,196.49,0.3259,249.65,0.4613,1.3839,242.92,253.07,252.98,430.65,434.78,431.74,432.38,1.3839,0.0,0.0,0.3248,0.0,0.0,0.0833,0.0833,0,0,0.3362,0.3362,0,0,0.9688,0.9686,1,1,49.9,258.58,152.9,0,1,2025-10-01 00:36:04,20.6,93.3,,0,0,,1
2025-10-01 00:36:48,196.49,0.3244,249.6,0.4609,1.3827,242.85,252.97,252.98,429.83,435.21,431.86,432.33,1.3827,0.0,0.0,0.3244,0.0,0.0,0.0833,0.0833,0,0,0.3358,0.3358,0,0,0.9685,0.9688,1,1,50,258.59,152.9,0,1,2025-10-01 00:36:48,21.1,93.3,,0,0,,1
2025-10-01 00:37:33,196.49,0.3244,249.57,0.4612,1.3836,242.78,252.99,252.95,430.34,435.07,431.35,432.21,1.3836,0.0,0.0,0.3244,0.0,0.0,0.0833,0.0833,0,0,0.3359,0.3359,0,0,0.9685,0.9687,1,1,49.9,258.59,152.9,0,1,2025-10-01 00:37:33,21.1,93.3,,0,0,,1
2025-10-01 00:38:18,196.5,0.3243,249.55,0.4614,1.3842,242.76,252.95,252.96,430.28,434.66,431.7,432.21,1.3842,0.0,0.0,0.3243,0.0,0.0,0.0832,0.0832,0,0,0.336,0.336,0,0,0.9686,0.9686,1,1,49.9,258.6,152.9,0,1,2025-10-01 00:38:19,21.1,93.2,,0,0,,1
2025-10-01 00:39:03,196.5,0.3246,249.64,0.4613,1.384,242.8,253.03,253.09,430.17,435.39,431.55,432.33,1.384,0.0,0.0,0.3246,0.0,0.0,0.0832,0.0832,0,0,0.336,0.336,0,0,0.9686,0.9687,1,1,50,258.6,152.9,0,1,2025-10-01 00:39:03,21.1,93.2,,0,0,,1
2025-10-01 00:39:48,196.51,0.3258,249.75,0.4611,1.3834,242.89,253.2,253.17,430.06,436.18,431.48,432.55,1.3834,0.0,0.0,0.3247,0.0,0.0,0.083,0.083,0,0,0.336,0.336,0,0,0.969,0.9688,1,1,50,258.6,152.9,0,1,2025-10-01 00:39:48,21.1,93.1,,0,0,,1
2025-10-01 00:40:33,196.51,0.3253,249.67,0.4604,1.3814,242.83,253.05,253.15,429.85,435.84,431.62,432.46,1.3814,0.0,0.0,0.324,0.0,0.0,0.0835,0.0835,0,0,0.3354,0.3354,0,0,0.9686,0.9683,1,1,49.9,258.61,152.91,0,1,2025-10-01 00:40:33,21.1,93.1,,0,0,,1
2025-10-01 00:41:18,196.51,0.3254,249.62,0.4608,1.3826,242.83,252.95,253.1,429.98,435.23,431.82,432.34,1.3826,0.0,0.0,0.3242,0.0,0.0,0.0838,0.0838,0,0,0.3357,0.3357,0,0,0.9684,0.9681,1,1,49.9,258.61,152.91,0,1,2025-10-01 00:41:18,21.1,93.1,,0,0,,1
2025-10-01 00:42:03,196.52,0.3262,249.81,0.4613,1.3841,242.98,253.23,253.22,430.16,435.87,431.97,432.66,1.3841,0.0,0.0,0.325,0.0,0.0,0.0831,0.0831,0,0,0.3363,0.3363,0,0,0.969,0.9688,1,1,50,258.62,152.91,0,1,2025-10-01 00:42:03,21.1,93,,0,0,,1
2025-10-01 00:42:48,196.52,0.3253,249.7,0.4602,1.3807,242.96,253.01,253.13,430.32,434.96,432.11,432.46,1.3807,0.0,0.0,0.3239,0.0,0.0,0.0837,0.0837,0,0,0.3355,0.3355,0,0,0.9684,0.9682,1,1,50,258.62,152.91,0,1,2025-10-01 00:42:48,21.1,92.9,,0,0,,1
2025-10-01 00:43:33,196.53,0.3253,249.81,0.4603,1.381,243.08,253.12,253.23,430.18,435.75,432.06,432.66,1.381,0.0,0.0,0.3242,0.0,0.0,0.0836,0.0836,0,0,0.3357,0.3357,0,0,0.9685,0.9683,1,1,50,258.63,152.91,0,1,2025-10-01 00:43:33,21.2,92.9,,0,0,,1
2025-10-01 00:44:18,196.53,0.3256,249.76,0.4608,1.3825,242.98,253.15,253.15,430.65,434.83,432.21,432.61,1.3825,0.0,0.0,0.3245,0.0,0.0,0.0834,0.0834,0,0,0.3359,0.3359,0,0,0.9687,0.9685,1,1,50,258.63,152.91,0,1,2025-10-01 00:44:18,21.2,92.8,,0,0,,1
2025-10-01 00:45:03,196.53,0.3261,249.9,0.4612,1.3836,243.14,253.26,253.31,430.48,435.62,432.37,432.73,1.3836,0.0,0.0,0.325,0.0,0.0,0.0834,0.0834,0,0,0.3364,0.3364,0,0,0.9688,0.9686,1,1,50,258.63,152.91,0,1,2025-10-01 00:45:03,21.2,92.8,,0,0,,1
2025-10-01 00:45:48,196.58,3.9034,248.29,8.0124,24.037300000000002,240.44,252,252.43,426.63,433.78,429.68,430.02,8.9896,7.6806,7.3671,1.6118,1.244,1.0476,4.4445,1.4344,1.476,1.5341,5.9566,2.1615,1.9355,1.8597,0.6598,0.747,0.6444,0.5639,50,258.7,152.96,1,1,2025-10-01 00:45:48,21.1,91,,1,0,,0
2025-10-01 00:46:33,196.63,3.8424,248.4,7.9674,23.902300000000004,240.53,252.1,252.59,427.04,433.93,429.72,430.18,8.9357,7.623,7.3436,1.5898,1.2222,1.0304,4.4562,1.4403,1.4761,1.5397,5.926,2.1493,1.9218,1.8549,0.653,0.741,0.6377,0.5561,50,258.78,153.02,1,1,2025-10-01 00:46:33,21.1,86.5,,1,0,,0
2025-10-01 00:47:18,196.67,3.8245,248.59,7.9508,23.8524,240.8,252.26,252.73,427.5,434.42,429.78,430.49,8.9339,7.6009,7.3176,1.5877,1.212,1.0248,4.4601,1.4451,1.4784,1.5365,5.9181,2.1513,1.9174,1.8494,0.6509,0.7395,0.6339,0.5548,50,258.85,153.07,1,1,2025-10-01 00:47:18,20.5,81.9,,1,0,,0
2025-10-01 00:48:03,196.72,3.789,248.8,7.9326,23.798000000000002,240.99,252.52,252.91,428.17,433.96,430.61,430.92,8.9118,7.5913,7.2949,1.5782,1.2006,1.0101,4.4794,1.4506,1.4875,1.5412,5.9096,2.1477,1.917,1.845,0.6458,0.7362,0.628,0.5481,50,258.92,153.13,1,1,2025-10-01 00:48:03,20.4,78.7,,1,0,,0
2025-10-01 00:48:48,196.77,3.7382,248.75,7.8934,23.6802,241.17,252.33,252.75,428.22,433.63,430.6,430.77,8.8597,7.5547,7.2658,1.5619,1.1825,0.9937,4.4817,1.4519,1.4882,1.5416,5.8794,2.1367,1.9063,1.8364,0.6405,0.7324,0.6221,0.5417,50,259,153.18,1,1,2025-10-01 00:48:48,19.8,75.7,,1,0,,0
2025-10-01 00:49:33,196.77,0.3261,249.5,0.4621,1.3864,242.28,253.06,253.17,429.57,435.23,431.59,432.09,1.3864,0.0,0.0,0.3249,0.0,0.0,0.082,0.082,0,0,0.3359,0.3359,0,0,0.9698,0.9696,1,1,49.9,259,153.19,0,1,2025-10-01 00:49:33,19.6,75.6,,0,0,,1
2025-10-01 00:50:18,196.78,0.3266,249.4,0.4626,1.3879,242.61,253.2,252.41,429.85,434.37,431.63,431.97,1.3879,0.0,0.0,0.3255,0.0,0.0,0.0827,0.0827,0,0,0.3367,0.3367,0,0,0.9694,0.9692,1,1,49.9,259.01,153.19,0,1,2025-10-01 00:50:18,19.5,77.6,,0,0,,1
2025-10-01 00:51:03,196.78,0.3268,249.5,0.4627,1.3882,242.75,253.48,252.28,429.97,434.76,431.64,432.07,1.3882,0.0,0.0,0.3257,0.0,0.0,0.0829,0.0829,0,0,0.337,0.337,0,0,0.9692,0.969,1,1,49.9,259.01,153.19,0,1,2025-10-01 00:51:03,19.5,79.5,,0,0,,1
2025-10-01 00:51:48,196.78,0.3261,249.47,0.4617,1.3851,242.79,253.42,252.2,429.83,434.61,431.76,432.05,1.3851,0.0,0.0,0.3249,0.0,0.0,0.0831,0.0831,0,0,0.3363,0.3363,0,0,0.969,0.9688,1,1,49.9,259.02,153.19,0,1,2025-10-01 00:51:48,19.5,81.3,,0,0,,1
2025-10-01 00:52:33,196.79,0.3256,249.38,0.4614,1.3844,242.68,253.32,252.14,429.37,434.73,431.64,431.88,1.3844,0.0,0.0,0.3246,0.0,0.0,0.0832,0.0832,0,0,0.336,0.336,0,0,0.9688,0.9686,1,1,49.9,259.02,153.19,0,1,2025-10-01 00:52:33,19.5,82.9,,0,0,,1
2025-10-01 00:53:18,196.79,0.3265,249.42,0.4622,1.3868,242.67,253.35,252.25,429.69,434.88,431.4,432.07,1.3868,0.0,0.0,0.3253,0.0,0.0,0.0827,0.0827,0,0,0.3365,0.3365,0,0,0.9693,0.9691,1,1,50,259.02,153.19,0,1,2025-10-01 00:53:18,19.6,84.2,,0,0,,1
2025-10-01 00:54:03,196.8,0.3264,249.26,0.4621,1.3864,242.64,252.99,252.16,429.11,434.72,431.32,431.76,1.3864,0.0,0.0,0.3251,0.0,0.0,0.0831,0.0831,0,0,0.3364,0.3364,0,0,0.969,0.9688,1,1,49.9,259.03,153.19,0,1,2025-10-01 00:54:03,19.6,85.3,,0,0,,1
2025-10-01 00:54:48,196.8,0.3263,249.21,0.4621,1.3863,242.61,252.93,252.1,429.21,433.91,431.72,431.61,1.3863,0.0,0.0,0.325,0.0,0.0,0.0831,0.0831,0,0,0.3363,0.3363,0,0,0.969,0.9688,1,1,49.9,259.03,153.19,0,1,2025-10-01 00:54:48,19.6,86.2,,0,0,,1
2025-10-01 00:55:33,196.81,0.3254,249.08,0.4616,1.3849,242.36,252.98,251.92,429.23,432.5,432.37,431.38,1.3849,0.0,0.0,0.3243,0.0,0.0,0.083,0.083,0,0,0.3356,0.3356,0,0,0.9689,0.9687,1,1,49.9,259.04,153.2,0,1,2025-10-01 00:55:33,19.7,86.9,,0,0,,1
2025-10-01 00:56:18,196.81,0.3243,249.14,0.4616,1.3848,242.36,253.12,251.95,429.13,434.2,431.17,431.51,1.3848,0.0,0.0,0.3243,0.0,0.0,0.083,0.083,0,0,0.3356,0.3356,0,0,0.9687,0.9687,1,1,49.9,259.04,153.2,0,1,2025-10-01 00:56:18,19.7,87.6,,0,0,,1
2025-10-01 00:57:03,196.81,0.3241,249.16,0.4613,1.3839,242.29,253.3,251.9,429.08,434.86,430.7,431.53,1.3839,0.0,0.0,0.3241,0.0,0.0,0.0827,0.0827,0,0,0.3353,0.3353,0,0,0.9689,0.9689,1,1,49.9,259.04,153.2,0,1,2025-10-01 00:57:03,19.7,88.2,,0,0,,1
2025-10-01 00:57:48,196.82,0.3259,249.16,0.4619,1.3859,242.29,253.24,251.96,429.05,434.95,430.63,431.53,1.3859,0.0,0.0,0.3245,0.0,0.0,0.083,0.083,0,0,0.3358,0.3358,0,0,0.969,0.9687,1,1,49.9,259.05,153.2,0,1,2025-10-01 00:57:48,19.8,88.7,,0,0,,1
2025-10-01 00:58:33,196.86,3.8316,248.29,7.9583,23.8749,241.22,252.17,251.49,427.26,433.02,429.8,429.99,8.9438,7.6138,7.3173,1.5975,1.2109,1.0232,4.4543,1.4441,1.4833,1.5269,5.9176,2.1574,1.92,1.8402,0.6521,0.7418,0.6323,0.5566,49.9,259.12,153.25,1,1,2025-10-01 00:58:33,19.8,86.9,,1,0,,0
2025-10-01 01:00:03,196.96,3.7492,248.3,7.886,23.658099999999997,241.17,252.22,251.52,427.26,433.05,429.82,430.02,8.8447,7.557,7.2564,1.5693,1.1873,0.9926,4.4512,1.4385,1.4841,1.5286,5.8642,2.1331,1.906,1.8251,0.6442,0.7371,0.6247,0.5445,49.9,259.27,153.37,1,1,2025-10-01 01:00:48,19.1,76.1,,1,0,,0
2025-10-01 01:00:48,196.98,0.3271,249.13,0.4635,1.3907,242.38,252.97,252.06,428.83,434.48,431.16,431.5,1.3907,0.0,0.0,0.326,0.0,0.0,0.0823,0.0823,0,0,0.3371,0.3371,0,0,0.9698,0.9696,1,1,49.9,259.3,153.39,0,1,2025-10-01 01:00:48,19.1,76.1,,0,0,,1
2025-10-01 01:01:33,196.98,0.327,249.29,0.4631,1.3895,242.55,253.15,252.18,428.92,434.77,431.59,431.78,1.3895,0.0,0.0,0.3258,0.0,0.0,0.0827,0.0827,0,0,0.337,0.337,0,0,0.9694,0.9692,1,1,50,259.31,153.39,0,1,2025-10-01 01:01:33,19.0,77.4,,0,0,,1
2025-10-01 01:02:18,196.99,0.3262,249.32,0.4624,1.3872,242.55,253.23,252.19,429.24,434.76,431.45,431.78,1.3872,0.0,0.0,0.3251,0.0,0.0,0.0833,0.0833,0,0,0.3365,0.3365,0,0,0.9688,0.9686,1,1,49.9,259.31,153.39,0,1,2025-10-01 01:02:18,18.9,79.2,,0,0,,1
2025-10-01 01:03:03,196.99,0.3267,249.29,0.4631,1.3893,242.54,253.14,252.21,429.15,434.37,431.76,431.73,1.3893,0.0,0.0,0.3256,0.0,0.0,0.0832,0.0832,0,0,0.337,0.337,0,0,0.969,0.9688,1,1,49.9,259.32,153.39,0,1,2025-10-01 01:03:03,18.9,80.9,,0,0,,1
2025-10-01 01:03:48,197,0.3269,249.36,0.463,1.3891,242.63,253.23,252.23,429.46,434.5,431.67,431.86,1.3891,0.0,0.0,0.3256,0.0,0.0,0.0833,0.0833,0,0,0.337,0.337,0,0,0.9689,0.9687,1,1,49.9,259.32,153.39,0,1,2025-10-01 01:03:48,19.0,82.4,,0,0,,1
2025-10-01 01:04:33,197,0.3267,249.54,0.4627,1.3881,242.75,253.5,252.37,429.65,435.34,431.6,432.27,1.3881,0.0,0.0,0.3256,0.0,0.0,0.0834,0.0834,0,0,0.337,0.337,0,0,0.9689,0.9687,1,1,50,259.32,153.39,0,1,2025-10-01 01:04:33,19.0,83.6,,0,0,,1
2025-10-01 01:05:18,197.01,0.3269,249.52,0.4627,1.3883,242.73,253.51,252.34,429.39,435.45,431.68,432.15,1.3883,0.0,0.0,0.3256,0.0,0.0,0.0836,0.0836,0,0,0.337,0.337,0,0,0.9688,0.9686,1,1,49.9,259.33,153.4,0,1,2025-10-01 01:05:18,19.0,84.7,,0,0,,1
2025-10-01 01:06:03,197.01,0.3263,249.62,0.462,1.3862,242.85,253.53,252.5,429.97,434.86,432.16,432.33,1.3862,0.0,0.0,0.3252,0.0,0.0,0.0835,0.0835,0,0,0.3366,0.3366,0,0,0.9687,0.9685,1,1,50,259.33,153.4,0,1,2025-10-01 01:06:03,19.1,85.6,,0,0,,1
2025-10-01 01:06:48,197.01,0.3269,249.69,0.4627,1.3882,242.91,253.58,252.59,429.7,435.82,431.87,432.47,1.3882,0.0,0.0,0.3258,0.0,0.0,0.0834,0.0834,0,0,0.3372,0.3372,0,0,0.9689,0.9687,1,1,50,259.34,153.4,0,1,2025-10-01 01:06:48,19.5,86.4,,0,0,,1
2025-10-01 01:07:33,197.02,0.3265,249.5,0.4632,1.3898,243.16,252.46,252.88,428.91,435.17,432.31,432.09,1.3898,0.0,0.0,0.3265,0.0,0.0,0.0839,0.0839,0,0,0.3379,0.3379,0,0,0.9685,0.9685,1,1,50,259.34,153.4,0,1,2025-10-01 01:07:33,19.5,87.1,,0,0,,1
2025-10-01 01:08:18,197.02,0.3264,249.54,0.4633,1.3899,243.13,252.64,252.87,429.22,435.12,432.28,432.22,1.3899,0.0,0.0,0.3264,0.0,0.0,0.0839,0.0839,0,0,0.3379,0.3379,0,0,0.9684,0.9684,1,1,50,259.35,153.4,0,1,2025-10-01 01:08:18,19.6,87.6,,0,0,,1
2025-10-01 01:09:03,197.03,0.3274,249.66,0.4633,1.39,242.96,253.43,252.6,429.73,435.67,431.83,432.38,1.39,0.0,0.0,0.3263,0.0,0.0,0.0837,0.0837,0,0,0.3377,0.3377,0,0,0.9688,0.9686,1,1,50,259.35,153.4,0,1,2025-10-01 01:09:03,19.6,88.2,,0,0,,1
2025-10-01 01:09:48,197.03,0.3272,249.72,0.4627,1.3881,243.05,253.46,252.66,429.53,435.74,432.27,432.44,1.3881,0.0,0.0,0.3259,0.0,0.0,0.0838,0.0838,0,0,0.3374,0.3374,0,0,0.9687,0.9684,1,1,50,259.35,153.4,0,1,2025-10-01 01:09:48,19.7,88.6,,0,0,,1
2025-10-01 01:10:33,197.03,0.3275,249.8,0.4632,1.3897,243.03,253.71,252.66,430.04,435.19,432.67,432.59,1.3897,0.0,0.0,0.3263,0.0,0.0,0.0836,0.0836,0,0,0.3377,0.3377,0,0,0.9689,0.9686,1,1,50,259.36,153.4,0,1,2025-10-01 01:10:33,19.7,89,,0,0,,1
2025-10-01 01:11:18,197.04,0.3268,249.74,0.4623,1.3871,243.01,253.64,252.59,430.24,435.07,432.32,432.55,1.3871,0.0,0.0,0.3257,0.0,0.0,0.0836,0.0836,0,0,0.3371,0.3371,0,0,0.9687,0.9685,1,1,50,259.36,153.4,0,1,2025-10-01 01:11:18,19.7,89.4,,0,0,,1
2025-10-01 01:13:33,197.14,3.8319,249.04,7.9761,23.9285,241.97,252.94,252.21,428.58,434.33,431.06,431.33,8.9669,7.6338,7.3278,1.6021,1.2094,1.0204,4.4919,1.4565,1.4978,1.5376,5.9488,2.1697,1.9309,1.8481,0.649,0.7399,0.6282,0.5529,50,259.52,153.52,1,1,2025-10-01 01:13:33,19.7,82.8,,1,0,,0
2025-10-01 01:14:18,197.19,3.8031,249.18,7.9445,23.8335,242.09,253.14,252.33,428.73,434.28,431.69,431.57,8.9261,7.6121,7.2953,1.5941,1.2011,1.0079,4.4911,1.4529,1.5002,1.538,5.9287,2.1609,1.9269,1.8408,0.6462,0.739,0.6249,0.5481,50,259.59,153.58,1,1,2025-10-01 01:14:18,19.6,78.7,,1,0,,0
2025-10-01 01:15:03,197.2,0.3284,250.11,0.4652,1.3956,243.33,254.14,252.88,430.67,436,432.88,433.15,1.3956,0.0,0.0,0.3284,0.0,0.0,0.083,0.083,0,0,0.3396,0.3396,0,0,0.9695,0.9695,1,1,50,259.61,153.59,0,1,2025-10-01 01:15:03,19.0,77.5,,0,0,,1
2025-10-01 01:15:48,197.2,0.3291,250.08,0.4648,1.3946,243.3,254.12,252.84,430.57,436.34,432.52,433.15,1.3946,0.0,0.0,0.3281,0.0,0.0,0.0832,0.0832,0,0,0.3393,0.3393,0,0,0.9695,0.9693,1,1,50,259.61,153.59,0,1,2025-10-01 01:15:48,19.0,78.9,,0,0,,1
2025-10-01 01:16:33,197.21,0.3282,250.13,0.4637,1.3911,243.38,254.13,252.88,430.83,435.96,432.83,433.23,1.3911,0.0,0.0,0.3271,0.0,0.0,0.0839,0.0839,0,0,0.3386,0.3386,0,0,0.9688,0.9686,1,1,50,259.62,153.59,0,1,2025-10-01 01:16:33,18.9,80.6,,0,0,,1
2025-10-01 01:17:18,197.21,0.3288,250.12,0.4643,1.393,243.35,254.18,252.83,430.88,435.74,432.95,433.14,1.393,0.0,0.0,0.3276,0.0,0.0,0.0834,0.0834,0,0,0.339,0.339,0,0,0.9692,0.969,1,1,50,259.62,153.59,0,1,2025-10-01 01:17:18,18.9,82.2,,0,0,,1
2025-10-01 01:18:10,197.22,0.3272,250.03,0.464,1.392,243.25,254.1,252.74,430.85,436.07,432.21,433.02,1.392,0.0,0.0,0.3272,0.0,0.0,0.0836,0.0836,0,0,0.3386,0.3386,0,0,0.9689,0.9689,1,1,50,259.63,153.59,0,1,2025-10-01 01:18:10,19.0,84.2,,0,0,,1
2025-10-01 01:18:55,197.22,0.3283,249.89,0.4637,1.3912,243.3,253.74,252.64,430.42,435.71,432.28,432.83,1.3912,0.0,0.0,0.327,0.0,0.0,0.0838,0.0838,0,0,0.3385,0.3385,0,0,0.9689,0.9687,1,1,50,259.63,153.59,0,1,2025-10-01 01:18:55,19.0,85.3,,0,0,,1
2025-10-01 01:19:40,197.23,0.3266,249.91,0.4631,1.3894,243.38,253.69,252.66,430.2,435.59,432.7,432.85,1.3894,0.0,0.0,0.3266,0.0,0.0,0.0842,0.0842,0,0,0.3382,0.3382,0,0,0.9683,0.9683,1,1,50,259.64,153.59,0,1,2025-10-01 01:19:40,19.0,86.1,,0,0,,1
2025-10-01 01:20:25,197.23,0.3285,250.18,0.4637,1.3913,243.56,254.09,252.89,430.98,436.1,432.82,433.25,1.3913,0.0,0.0,0.3275,0.0,0.0,0.0836,0.0836,0,0,0.3389,0.3389,0,0,0.9691,0.9689,1,1,50,259.64,153.59,0,1,2025-10-01 01:20:25,19.1,86.9,,0,0,,1
2025-10-01 01:21:10,197.23,0.3287,250.17,0.4638,1.3915,243.52,254.15,252.85,431.22,436.11,432.54,433.28,1.3915,0.0,0.0,0.3275,0.0,0.0,0.0835,0.0835,0,0,0.3389,0.3389,0,0,0.9691,0.9689,1,1,50,259.65,153.6,0,1,2025-10-01 01:21:10,19.5,87.5,,0,0,,1
2025-10-01 01:21:55,197.24,0.3278,250,0.4631,1.3895,243.32,254.01,252.69,430.46,436.31,432.25,433.01,1.3895,0.0,0.0,0.3267,0.0,0.0,0.0837,0.0837,0,0,0.3381,0.3381,0,0,0.9689,0.9687,1,1,50,259.65,153.6,0,1,2025-10-01 01:21:55,19.6,88.1,,0,0,,1
2025-10-01 01:22:40,197.24,0.3296,250.33,0.4641,1.3925,244.47,253.9,252.63,431.54,435.77,433.38,433.57,1.3925,0.0,0.0,0.3285,0.0,0.0,0.0858,0.0858,0,0,0.3404,0.3404,0,0,0.9677,0.9675,1,1,50,259.65,153.6,0,1,2025-10-01 01:22:40,19.6,88.6,,0,0,,1
2025-10-01 01:23:25,197.25,0.3301,250.34,0.4646,1.3939,244.51,253.86,252.65,431.1,437.04,432.64,433.58,1.3939,0.0,0.0,0.3289,0.0,0.0,0.0859,0.0859,0,0,0.3408,0.3408,0,0,0.9677,0.9675,1,1,50,259.66,153.6,0,1,2025-10-01 01:23:25,19.6,89,,0,0,,1
2025-10-01 01:24:10,197.25,0.3299,250.32,0.4644,1.3932,244.51,253.82,252.64,431.72,436.1,432.84,433.61,1.3932,0.0,0.0,0.3286,0.0,0.0,0.086,0.086,0,0,0.3407,0.3407,0,0,0.9676,0.9674,1,1,50,259.66,153.6,0,1,2025-10-01 01:24:10,19.7,89.4,,0,0,,1
2025-10-01 01:25:16,197.26,0.3303,250.48,0.4646,1.394,244.68,253.9,252.88,431.28,436.95,433.29,433.84,1.394,0.0,0.0,0.3292,0.0,0.0,0.0858,0.0858,0,0,0.3411,0.3411,0,0,0.9678,0.9676,1,1,50,259.67,153.6,0,1,2025-10-01 01:25:16,19.7,90,,0,0,,1
2025-10-01 01:26:01,197.26,0.3303,250.5,0.4644,1.3933,244.71,253.96,252.84,431.64,436.62,433.35,433.81,1.3933,0.0,0.0,0.329,0.0,0.0,0.0859,0.0859,0,0,0.341,0.341,0,0,0.9678,0.9675,1,1,50,259.67,153.6,0,1,2025-10-01 01:26:01,19.8,90.3,,0,0,,1
2025-10-01 01:26:46,197.3,3.8512,249.49,8.0169,24.0507,243.39,252.89,252.21,429.29,435.31,431.77,432.11,9.0152,7.6977,7.3378,1.6201,1.209,1.022,4.5309,1.4731,1.5184,1.5394,5.9915,2.1942,1.9467,1.8507,0.6476,0.7398,0.6229,0.5531,50,259.74,153.65,1,1,2025-10-01 01:26:46,19.8,89,,1,0,,0
2025-10-01 01:27:31,197.35,3.8277,248.89,7.9677,23.9032,242,252.76,251.93,428.17,434.13,430.93,431.16,8.9396,7.6456,7.318,1.6013,1.2119,1.0145,4.4823,1.4481,1.4982,1.5361,5.9395,2.1634,1.9325,1.8436,0.6493,0.7417,0.6289,0.551,50,259.81,153.7,1,1,2025-10-01 01:27:31,19.7,84.5,,1,0,,0
2025-10-01 01:28:16,197.39,3.7768,248.82,7.9211,23.763400000000004,241.9,252.73,251.84,428.24,433.7,430.88,430.99,8.8846,7.6037,7.2751,1.5847,1.1951,0.997,4.4779,1.4456,1.4981,1.5342,5.903,2.1492,1.9217,1.8322,0.6447,0.7387,0.6236,0.5448,50,259.88,153.76,1,1,2025-10-01 01:28:16,19.6,80.6,,1,0,,0
2025-10-01 01:29:01,197.42,0.3295,249.85,0.4651,1.3953,243.26,253.8,252.49,430.31,435.6,432.27,432.75,1.3953,0.0,0.0,0.3282,0.0,0.0,0.0829,0.0829,0,0,0.3394,0.3394,0,0,0.9697,0.9695,1,1,50,259.93,153.79,0,1,2025-10-01 01:29:01,19.1,77.7,,0,0,,1
2025-10-01 01:29:46,197.43,0.3285,249.69,0.4641,1.3923,243.11,253.65,252.31,429.96,435.86,431.56,432.52,1.3923,0.0,0.0,0.3272,0.0,0.0,0.0833,0.0833,0,0,0.3385,0.3385,0,0,0.9693,0.9691,1,1,50,259.93,153.79,0,1,2025-10-01 01:29:46,19.0,78.2,,0,0,,1
2025-10-01 01:30:31,197.43,0.3285,249.81,0.4641,1.3924,243.24,253.77,252.42,430.46,435.8,431.73,432.69,1.3924,0.0,0.0,0.3274,0.0,0.0,0.0834,0.0834,0,0,0.3387,0.3387,0,0,0.9692,0.969,1,1,50,259.94,153.8,0,1,2025-10-01 01:30:31,18.9,79.9,,0,0,,1
2025-10-01 01:31:16,197.44,0.3286,249.92,0.4642,1.3927,243.36,253.86,252.56,429.83,436.67,432.11,432.91,1.3927,0.0,0.0,0.3276,0.0,0.0,0.0836,0.0836,0,0,0.3389,0.3389,0,0,0.9691,0.9689,1,1,50,259.94,153.8,0,1,2025-10-01 01:31:16,18.9,81.6,,0,0,,1
2025-10-01 01:32:22,197.44,0.3288,250.07,0.4641,1.3924,243.51,253.99,252.73,430.94,435.94,432.48,432.87,1.3924,0.0,0.0,0.3276,0.0,0.0,0.084,0.084,0,0,0.3391,0.3391,0,0,0.9689,0.9686,1,1,50,259.95,153.8,0,1,2025-10-01 01:32:22,18.9,84,,0,0,,1
2025-10-01 01:33:07,197.45,0.3287,249.99,0.4639,1.3918,243.44,253.81,252.73,430.39,435.88,432.66,433.02,1.3918,0.0,0.0,0.3274,0.0,0.0,0.0838,0.0838,0,0,0.3388,0.3388,0,0,0.969,0.9687,1,1,50,259.95,153.8,0,1,2025-10-01 01:33:07,19.0,85.3,,0,0,,1
2025-10-01 01:33:52,197.45,0.3278,249.97,0.4634,1.3902,243.21,253.93,252.78,430.32,435.87,432.63,432.92,1.3902,0.0,0.0,0.3267,0.0,0.0,0.0835,0.0835,0,0,0.3381,0.3381,0,0,0.969,0.9688,1,1,50,259.96,153.8,0,1,2025-10-01 01:34:37,19.1,86.8,,0,0,,1
2025-10-01 01:34:37,197.46,0.3281,250.05,0.4635,1.3905,243.4,253.94,252.82,430.62,435.68,432.92,433.09,1.3905,0.0,0.0,0.327,0.0,0.0,0.0839,0.0839,0,0,0.3384,0.3384,0,0,0.9688,0.9686,1,1,50,259.96,153.8,0,1,2025-10-01 01:34:37,19.1,86.8,,0,0,,1
2025-10-01 01:35:22,197.46,0.3288,249.71,0.464,1.3922,243.49,252.82,252.84,430.03,434.87,432.59,432.48,1.3922,0.0,0.0,0.3274,0.0,0.0,0.0842,0.0842,0,0,0.339,0.339,0,0,0.9687,0.9684,1,1,50,259.97,153.8,0,1,2025-10-01 01:35:22,19.5,87.6,,0,0,,1
2025-10-01 01:36:07,197.46,0.3264,249.82,0.4629,1.3889,243.31,253.3,252.86,430.32,436.07,431.69,432.69,1.3889,0.0,0.0,0.3264,0.0,0.0,0.0841,0.0841,0,0,0.3379,0.3379,0,0,0.9683,0.9683,1,1,49.9,259.97,153.8,0,1,2025-10-01 01:36:07,19.5,88.1,,0,0,,1
2025-10-01 01:36:52,197.47,0.3275,249.77,0.463,1.3891,243.06,253.83,252.42,431.03,435.18,431.55,432.57,1.3891,0.0,0.0,0.3262,0.0,0.0,0.0837,0.0837,0,0,0.3376,0.3376,0,0,0.9688,0.9685,1,1,50,259.98,153.8,0,1,2025-10-01 01:36:52,19.6,88.6,,0,0,,1
2025-10-01 01:37:37,197.47,0.3255,249.77,0.4622,1.3868,243.04,253.86,252.41,430.46,435.1,432.19,432.58,1.3868,0.0,0.0,0.3255,0.0,0.0,0.0839,0.0839,0,0,0.337,0.337,0,0,0.9683,0.9683,1,1,49.9,259.98,153.81,0,1,2025-10-01 01:37:37,19.6,89,,0,0,,1
2025-10-01 01:38:22,197.48,0.3283,249.93,0.4635,1.3907,243.3,253.82,252.67,430.24,435.9,432.46,432.91,1.3907,0.0,0.0,0.3269,0.0,0.0,0.0839,0.0839,0,0,0.3384,0.3384,0,0,0.9688,0.9686,1,1,50,259.98,153.81,0,1,2025-10-01 01:38:22,19.7,89.4,,0,0,,1
2025-10-01 01:39:30,197.48,0.3277,250.15,0.4628,1.3886,243.48,254.13,252.84,431.07,435.38,433.25,433.24,1.3886,0.0,0.0,0.3266,0.0,0.0,0.0841,0.0841,0,0,0.3381,0.3381,0,0,0.9686,0.9684,1,1,50,259.99,153.81,0,1,2025-10-01 01:39:30,19.7,89.9,,0,0,,1
2025-10-01 01:40:15,197.51,3.8227,250.06,8.0106,24.032,243.78,253.62,252.78,430.42,435.98,432.88,433.09,9.0211,7.7028,7.3081,1.6177,1.1983,1.0066,4.5652,1.4833,1.5359,1.546,6.0001,2.1992,1.9536,1.8473,0.642,0.737,0.6151,0.5456,50,260.03,153.84,1,1,2025-10-01 01:40:15,19.8,89.8,,1,0,,0
2025-10-01 01:41:00,197.56,3.8556,250.15,8.0308,24.0926,243.79,253.79,252.87,430.98,435.66,433.09,433.24,9.0234,7.7324,7.3368,1.6252,1.2144,1.016,4.5599,1.4761,1.5346,1.5493,6.0175,2.1998,1.9624,1.8553,0.6456,0.7402,0.6205,0.5483,50.1,260.11,153.89,1,1,2025-10-01 01:41:00,19.7,86.1,,1,0,,0
2025-10-01 01:41:45,197.61,3.805,250.07,7.999,23.997200000000003,243.78,253.68,252.75,430.78,435.75,432.8,433.07,9.0012,7.6896,7.3064,1.611,1.1931,1.0009,4.5686,1.4833,1.5363,1.549,5.9917,2.1943,1.9507,1.8467,0.6399,0.7356,0.6133,0.5425,50,260.18,153.95,1,1,2025-10-01 01:41:45,19.6,81.6,,1,0,,0
2025-10-01 01:42:30,197.64,0.3338,251.01,0.468,1.4041,245.07,254.61,253.37,432.7,437.25,434.3,434.75,1.4041,0.0,0.0,0.3324,0.0,0.0,0.0852,0.0852,0,0,0.3441,0.3441,0,0,0.9689,0.9687,1,1,50,260.24,153.99,0,1,2025-10-01 01:42:30,19.5,78,,0,0,,1
2025-10-01 01:43:15,197.65,0.3311,251.02,0.4665,1.3995,245.07,254.64,253.36,432.67,437.33,434.3,434.78,1.3995,0.0,0.0,0.3311,0.0,0.0,0.0857,0.0857,0,0,0.343,0.343,0,0,0.9681,0.9681,1,1,50,260.24,154,0,1,2025-10-01 01:43:15,19.0,78.3,,0,0,,1
2025-10-01 01:44:00,197.65,0.3277,250.28,0.464,1.392,243.59,254.31,252.94,430.95,436.78,432.71,433.48,1.392,0.0,0.0,0.3277,0.0,0.0,0.0837,0.0837,0,0,0.3391,0.3391,0,0,0.9688,0.9688,1,1,50,260.25,154,0,1,2025-10-01 01:44:00,18.9,79.9,,0,0,,1
2025-10-01 01:44:45,197.65,0.3276,250.22,0.4643,1.3929,243.57,254.22,252.89,430.92,436.21,433.01,433.31,1.3929,0.0,0.0,0.3276,0.0,0.0,0.0841,0.0841,0,0,0.3393,0.3393,0,0,0.9686,0.9686,1,1,50,260.25,154,0,1,2025-10-01 01:44:45,18.9,81.5,,0,0,,1
2025-10-01 01:45:30,197.66,0.3294,250.31,0.4647,1.3943,243.6,254.33,253,431.01,436.56,433.01,433.46,1.3943,0.0,0.0,0.3281,0.0,0.0,0.0843,0.0843,0,0,0.3397,0.3397,0,0,0.9688,0.9685,1,1,50,260.26,154,0,1,2025-10-01 01:45:30,18.9,83,,0,0,,1
2025-10-01 01:46:15,197.66,0.3278,250.62,0.4639,1.3918,243.87,254.64,253.37,431.38,437.02,433.81,434.11,1.3918,0.0,0.0,0.3278,0.0,0.0,0.0845,0.0845,0,0,0.3394,0.3394,0,0,0.9683,0.9684,1,1,50,260.26,154,0,1,2025-10-01 01:46:15,19.0,84.2,,0,0,,1
2025-10-01 01:47:00,197.67,0.3286,250.58,0.4636,1.3908,243.73,254.65,253.38,431.55,436.84,433.61,433.98,1.3908,0.0,0.0,0.3273,0.0,0.0,0.0848,0.0848,0,0,0.339,0.339,0,0,0.9682,0.968,1,1,49.9,260.27,154,0,1,2025-10-01 01:47:00,19.0,85.3,,0,0,,1
2025-10-01 01:47:45,197.67,0.3285,250.52,0.4636,1.3908,243.82,254.4,253.34,431.32,436.43,433.89,433.9,1.3908,0.0,0.0,0.3273,0.0,0.0,0.0851,0.0851,0,0,0.3391,0.3391,0,0,0.968,0.9677,1,1,49.9,260.27,154,0,1,2025-10-01 01:47:45,19.0,86.2,,0,0,,1
2025-10-01 01:48:30,197.67,0.3284,250.55,0.4635,1.3906,243.89,254.43,253.33,431.93,436.09,433.76,433.94,1.3906,0.0,0.0,0.3273,0.0,0.0,0.0852,0.0852,0,0,0.3392,0.3392,0,0,0.9679,0.9677,1,1,50,260.27,154,0,1,2025-10-01 01:48:30,19.1,87,,0,0,,1
2025-10-01 01:49:15,197.68,0.3272,250.43,0.4636,1.391,243.54,254.57,253.19,431.29,437.06,432.88,433.73,1.391,0.0,0.0,0.3272,0.0,0.0,0.0843,0.0843,0,0,0.3388,0.3388,0,0,0.9683,0.9683,1,1,50,260.28,154,0,1,2025-10-01 01:49:15,19.5,87.7,,0,0,,1
2025-10-01 01:50:00,197.68,0.3282,250.41,0.4635,1.3906,243.53,254.52,253.18,430.86,437.04,433.2,433.73,1.3906,0.0,0.0,0.3271,0.0,0.0,0.0844,0.0844,0,0,0.3387,0.3387,0,0,0.9685,0.9683,1,1,50,260.28,154,0,1,2025-10-01 01:50:00,19.6,88.3,,0,0,,1
2025-10-01 01:50:45,197.69,0.3262,250.02,0.4626,1.388,243.31,254.06,252.7,430.4,436.1,432.59,433.03,1.388,0.0,0.0,0.3262,0.0,0.0,0.084,0.084,0,0,0.3377,0.3377,0,0,0.9683,0.9683,1,1,50,260.29,154.01,0,1,2025-10-01 01:50:45,19.6,88.6,,0,0,,1
2025-10-01 01:51:30,197.69,0.3271,249.85,0.4626,1.3879,243.35,253.62,252.59,430.3,435.27,432.62,432.73,1.3879,0.0,0.0,0.3261,0.0,0.0,0.0846,0.0846,0,0,0.3377,0.3377,0,0,0.9681,0.9679,1,1,49.9,260.29,154.01,0,1,2025-10-01 01:51:30,19.6,89,,0,0,,1
2025-10-01 01:52:15,197.7,0.3259,249.81,0.4623,1.3869,243.31,253.48,252.64,430.51,434.78,432.65,432.65,1.3869,0.0,0.0,0.3259,0.0,0.0,0.0839,0.0839,0,0,0.3374,0.3374,0,0,0.9684,0.9684,1,1,50,260.3,154.01,0,1,2025-10-01 01:52:15,19.7,89.3,,0,0,,1
2025-10-01 01:53:00,197.7,0.3259,249.89,0.4623,1.3869,243.28,253.58,252.81,430.23,435.01,433.11,432.76,1.3869,0.0,0.0,0.3259,0.0,0.0,0.0839,0.0839,0,0,0.3374,0.3374,0,0,0.9684,0.9684,1,1,50,260.3,154.01,0,1,2025-10-01 01:53:00,19.7,89.6,,0,0,,1
2025-10-01 01:53:45,197.7,0.3269,249.86,0.4622,1.3866,243.08,253.78,252.74,430.05,435.48,432.72,432.74,1.3866,0.0,0.0,0.3257,0.0,0.0,0.0833,0.0833,0,0,0.3371,0.3371,0,0,0.969,0.9688,1,1,50,260.3,154.01,0,1,2025-10-01 01:53:45,19.7,89.9,,0,0,,1
2025-10-01 01:54:30,197.73,3.8248,248.97,7.9792,23.9378,241.88,253.01,252.03,428.41,434.65,430.58,431.22,8.9558,7.6713,7.3107,1.6029,1.2123,1.0096,4.4974,1.4505,1.5087,1.5382,5.9497,2.1662,1.9409,1.8425,0.6478,0.7414,0.6263,0.5487,50,260.35,154.05,1,1,2025-10-01 01:54:30,19.8,89.5,,1,0,,0
2025-10-01 01:55:15,197.78,3.8123,248.98,7.9598,23.8796,241.9,253.08,251.98,428.61,434.38,430.7,431.23,8.9409,7.6571,7.2816,1.6013,1.208,1.003,4.4881,1.447,1.5081,1.533,5.9355,2.1628,1.9379,1.8348,0.6473,0.7419,0.6251,0.5474,50,260.42,154.1,1,1,2025-10-01 01:55:15,19.7,85.2,,1,0,,0
2025-10-01 01:56:00,197.83,3.7429,248.99,7.8955,23.6866,241.98,253.01,252,428.68,434.08,430.97,431.21,8.8913,7.5739,7.2214,1.5816,1.1778,0.9835,4.4844,1.452,1.5046,1.5278,5.8876,2.1515,1.9163,1.8198,0.6407,0.7366,0.6163,0.5412,50,260.5,154.15,1,1,2025-10-01 01:56:00,19.6,81,,1,0,,0
2025-10-01 01:56:45,197.86,0.3301,249.99,0.4658,1.3976,243.19,254.18,252.62,430.46,436.49,432.02,432.92,1.3976,0.0,0.0,0.3289,0.0,0.0,0.0824,0.0824,0,0,0.3399,0.3399,0,0,0.9702,0.97,1,1,50,260.55,154.19,0,1,2025-10-01 01:56:45,19.5,77.9,,0,0,,1
2025-10-01 01:57:30,197.86,0.3312,250.55,0.4654,1.3964,244.67,254.18,252.81,431.95,436.33,433.56,434.01,1.3964,0.0,0.0,0.3299,0.0,0.0,0.0854,0.0854,0,0,0.3417,0.3417,0,0,0.9683,0.9681,1,1,50,260.55,154.19,0,1,2025-10-01 01:57:30,19.0,78.2,,0,0,,1
2025-10-01 01:58:15,197.87,0.3304,250.52,0.4645,1.3935,244.59,254.23,252.74,432.02,436.31,433.34,433.84,1.3935,0.0,0.0,0.3289,0.0,0.0,0.0858,0.0858,0,0,0.3408,0.3408,0,0,0.9678,0.9675,1,1,50,260.56,154.2,0,1,2025-10-01 01:58:15,18.9,79.6,,0,0,,1
2025-10-01 01:59:00,197.87,0.33,250.29,0.4647,1.3941,244.3,254.03,252.54,431.56,436.2,432.73,433.56,1.3941,0.0,0.0,0.3287,0.0,0.0,0.0856,0.0856,0,0,0.3406,0.3406,0,0,0.9679,0.9677,1,1,50,260.56,154.2,0,1,2025-10-01 01:59:00,18.9,81.2,,0,0,,1
2025-10-01 01:59:45,197.88,0.33,250.27,0.4647,1.3943,244.24,254.06,252.51,431.85,435.97,432.56,433.52,1.3943,0.0,0.0,0.3287,0.0,0.0,0.0852,0.0852,0,0,0.3405,0.3405,0,0,0.9682,0.9679,1,1,50,260.56,154.2,0,1,2025-10-01 01:59:45,18.9,82.7,,0,0,,1
2025-10-01 02:00:30,197.88,0.33,250.24,0.4647,1.3942,244.22,254,252.5,431.5,436.62,432.14,433.4,1.3942,0.0,0.0,0.3287,0.0,0.0,0.0853,0.0853,0,0,0.3405,0.3405,0,0,0.9681,0.9679,1,1,50,260.57,154.2,0,1,2025-10-01 02:00:30,19.0,83.9,,0,0,,1
2025-10-01 02:01:15,197.88,0.3296,250.16,0.4645,1.3935,244.15,253.89,252.46,431.31,436.29,432.25,433.31,1.3935,0.0,0.0,0.3283,0.0,0.0,0.0856,0.0856,0,0,0.3402,0.3402,0,0,0.9678,0.9676,1,1,49.9,260.57,154.2,0,1,2025-10-01 02:01:15,19.0,85,,0,0,,1
2025-10-01 02:02:00,197.89,0.3291,250.13,0.4638,1.3915,244.09,253.88,252.42,431.53,435.77,432.35,433.24,1.3915,0.0,0.0,0.3278,0.0,0.0,0.0853,0.0853,0,0,0.3397,0.3397,0,0,0.968,0.9677,1,1,49.9,260.58,154.2,0,1,2025-10-01 02:02:00,19.0,85.9,,0,0,,1
2025-10-01 02:02:45,197.89,0.3284,250.13,0.4629,1.3888,244.1,253.88,252.41,431.39,435.86,432.41,433.25,1.3888,0.0,0.0,0.327,0.0,0.0,0.0858,0.0858,0,0,0.339,0.339,0,0,0.9675,0.9672,1,1,50,260.58,154.2,0,1,2025-10-01 02:02:45,19.1,86.7,,0,0,,1
2025-10-01 02:03:30,197.9,0.3285,249.92,0.4629,1.3889,244.24,252.86,252.66,430.96,435.39,432.23,432.84,1.3889,0.0,0.0,0.3271,0.0,0.0,0.0861,0.0861,0,0,0.3392,0.3392,0,0,0.9672,0.967,1,1,49.9,260.59,154.2,0,1,2025-10-01 02:03:30,19.5,87.4,,0,0,,1
2025-10-01 02:04:15,197.9,0.3272,249.45,0.4626,1.388,243.1,252.7,252.57,429.47,435.3,431.41,432.01,1.388,0.0,0.0,0.326,0.0,0.0,0.0837,0.0837,0,0,0.3374,0.3374,0,0,0.9687,0.9685,1,1,50,260.59,154.2,0,1,2025-10-01 02:04:15,19.5,87.9,,0,0,,1
2025-10-01 02:05:00,197.9,0.3252,249.48,0.4622,1.3867,242.71,253.52,252.21,429.88,435.18,431.21,432.09,1.3867,0.0,0.0,0.3252,0.0,0.0,0.0833,0.0833,0,0,0.3366,0.3366,0,0,0.9687,0.9687,1,1,49.9,260.59,154.2,0,1,2025-10-01 02:05:00,19.6,88.3,,0,0,,1
2025-10-01 02:05:45,197.91,0.3256,249.56,0.4621,1.3863,243.17,253.41,252.1,429.96,435.15,431.58,432.21,1.3863,0.0,0.0,0.3256,0.0,0.0,0.0839,0.0839,0,0,0.3371,0.3371,0,0,0.9683,0.9683,1,1,50,260.6,154.21,0,1,2025-10-01 02:05:45,19.6,88.8,,0,0,,1
2025-10-01 02:06:30,197.91,0.3266,249.39,0.4622,1.3868,243.09,253.18,251.91,429.78,434.57,431.46,431.9,1.3868,0.0,0.0,0.3255,0.0,0.0,0.0843,0.0843,0,0,0.3371,0.3371,0,0,0.9682,0.968,1,1,49.9,260.6,154.21,0,1,2025-10-01 02:06:30,19.7,89.2,,0,0,,1
2025-10-01 02:07:15,197.92,0.3264,249.56,0.462,1.3861,243.12,253.49,252.08,429.77,435.62,431.33,432.22,1.3861,0.0,0.0,0.3254,0.0,0.0,0.0841,0.0841,0,0,0.337,0.337,0,0,0.9683,0.9681,1,1,49.9,260.61,154.21,0,1,2025-10-01 02:07:15,19.7,89.5,,0,0,,1
2025-10-01 02:08:00,197.92,0.3273,249.57,0.4627,1.3883,243.17,253.44,252.12,430.33,434.59,431.84,432.25,1.3883,0.0,0.0,0.3261,0.0,0.0,0.0838,0.0838,0,0,0.3376,0.3376,0,0,0.9687,0.9685,1,1,50,260.61,154.21,0,1,2025-10-01 02:08:00,19.7,89.7,,0,0,,1
2025-10-01 02:08:45,197.93,3.6495,248.64,7.8308,23.4924,241.92,252.46,251.55,428.3,433.57,430.04,430.67,8.8075,7.5391,7.1458,1.5539,1.148,0.9477,4.4878,1.4518,1.5115,1.5245,5.8316,2.1307,1.9033,1.7975,0.6309,0.7307,0.6048,0.5279,50,260.62,154.22,1,1,2025-10-01 02:08:45,19.8,90,,1,0,,0
2025-10-01 02:09:30,197.97,3.8602,249.3,8.0267,24.080099999999998,243.36,252.71,251.83,429.51,434.61,431.23,431.83,9.0444,7.7336,7.3021,1.6326,1.2106,1.017,4.5266,1.4701,1.5276,1.529,5.9943,2.201,1.9544,1.8389,0.6488,0.7431,0.621,0.5538,50,260.7,154.27,1,1,2025-10-01 02:09:30,19.8,87.6,,1,0,,0
2025-10-01 02:10:15,198.02,3.8055,249.27,7.9693,23.908,243.3,252.74,251.79,429.36,434.82,431.05,431.74,8.9672,7.6856,7.2552,1.613,1.1954,0.9971,4.515,1.4628,1.5245,1.5277,5.951,2.1817,1.9425,1.8268,0.6444,0.7407,0.617,0.5465,50,260.77,154.33,1,1,2025-10-01 02:10:15,19.7,83.3,,1,0,,0
2025-10-01 02:11:00,198.07,3.7702,249.4,7.9411,23.8235,243.41,252.91,251.89,429.85,434.32,431.69,431.98,8.9354,7.6641,7.224,1.6035,1.184,0.9826,4.5195,1.463,1.528,1.5285,5.9329,2.175,1.9383,1.8197,0.6405,0.7387,0.6125,0.5407,50,260.84,154.38,1,1,2025-10-01 02:11:00,19.6,79.1,,1,0,,0
2025-10-01 02:11:45,198.08,0.3308,250.26,0.4654,1.3964,244.67,253.7,252.41,431.81,435.32,433.18,433.42,1.3964,0.0,0.0,0.3297,0.0,0.0,0.0859,0.0859,0,0,0.3417,0.3417,0,0,0.9679,0.9677,1,1,49.9,260.85,154.39,0,1,2025-10-01 02:11:45,19.0,78,,0,0,,1
2025-10-01 02:12:30,198.08,0.331,250.27,0.4652,1.3958,244.68,253.76,252.38,431.56,436.05,432.79,433.44,1.3958,0.0,0.0,0.3296,0.0,0.0,0.0858,0.0858,0,0,0.3415,0.3415,0,0,0.9679,0.9677,1,1,50,260.86,154.39,0,1,2025-10-01 02:12:30,18.9,79.4,,0,0,,1
2025-10-01 02:13:15,198.08,0.3306,250.24,0.4651,1.3954,244.63,253.77,252.32,431.44,436.52,432.3,433.42,1.3954,0.0,0.0,0.3294,0.0,0.0,0.0857,0.0857,0,0,0.3414,0.3414,0,0,0.9679,0.9677,1,1,50,260.86,154.39,0,1,2025-10-01 02:13:15,18.9,80.9,,0,0,,1
2025-10-01 02:14:00,198.09,0.3311,250.27,0.4656,1.3968,244.61,253.75,252.45,431.74,436.07,432.58,433.49,1.3968,0.0,0.0,0.3298,0.0,0.0,0.0855,0.0855,0,0,0.3417,0.3417,0,0,0.9682,0.9679,1,1,50,260.87,154.39,0,1,2025-10-01 02:14:00,18.9,82.4,,0,0,,1
2025-10-01 02:14:45,198.09,0.3316,250.4,0.4658,1.3975,244.77,253.89,252.56,431.85,436.48,432.79,433.64,1.3975,0.0,0.0,0.3303,0.0,0.0,0.0855,0.0855,0,0,0.3421,0.3421,0,0,0.9683,0.9681,1,1,50,260.87,154.39,0,1,2025-10-01 02:14:45,18.9,83.7,,0,0,,1
2025-10-01 02:15:30,198.1,0.3305,250.42,0.4647,1.3942,244.8,253.91,252.56,431.61,436.59,433,433.72,1.3942,0.0,0.0,0.3292,0.0,0.0,0.0863,0.0863,0,0,0.3413,0.3413,0,0,0.9675,0.9673,1,1,50,260.87,154.39,0,1,2025-10-01 02:15:30,19.0,84.8,,0,0,,1
2025-10-01 02:16:15,198.1,0.3301,250.32,0.4646,1.394,244.68,253.8,252.48,431.26,437.19,432.24,433.56,1.394,0.0,0.0,0.329,0.0,0.0,0.0863,0.0863,0,0,0.3411,0.3411,0,0,0.9674,0.9672,1,1,50,260.88,154.39,0,1,2025-10-01 02:16:15,19.0,85.7,,0,0,,1
2025-10-01 02:17:00,198.11,0.3298,250.23,0.4641,1.3925,244.63,253.69,252.38,431.43,435.89,432.87,433.42,1.3925,0.0,0.0,0.3285,0.0,0.0,0.0864,0.0864,0,0,0.3406,0.3406,0,0,0.9673,0.9671,1,1,49.9,260.88,154.39,0,1,2025-10-01 02:17:00,19.0,86.4,,0,0,,1
2025-10-01 02:17:45,198.11,0.3291,250.02,0.4639,1.3917,244.39,253.46,252.22,431.02,436.07,432.04,433.13,1.3917,0.0,0.0,0.3279,0.0,0.0,0.0865,0.0865,0,0,0.3401,0.3401,0,0,0.9671,0.9668,1,1,49.9,260.89,154.4,0,1,2025-10-01 02:17:45,19.0,87.1,,0,0,,1
2025-10-01 02:18:30,198.11,0.3279,249.96,0.4639,1.3918,244.32,253.41,252.15,431.1,435.55,432.13,432.91,1.3918,0.0,0.0,0.3279,0.0,0.0,0.0865,0.0865,0,0,0.34,0.34,0,0,0.9669,0.9669,1,1,49.9,260.89,154.4,0,1,2025-10-01 02:18:30,19.5,87.7,,0,0,,1
2025-10-01 02:19:15,198.12,0.3262,249.32,0.4618,1.3856,242.92,253.17,251.87,429.72,434.88,430.85,431.86,1.3856,0.0,0.0,0.325,0.0,0.0,0.084,0.084,0,0,0.3366,0.3366,0,0,0.9683,0.9681,1,1,49.9,260.9,154.4,0,1,2025-10-01 02:19:15,19.5,88.2,,0,0,,1
2025-10-01 02:20:00,198.12,0.3249,249.31,0.4617,1.3853,242.95,253.15,251.84,429.26,435.31,430.85,431.83,1.3853,0.0,0.0,0.3249,0.0,0.0,0.0842,0.0842,0,0,0.3366,0.3366,0,0,0.9679,0.9679,1,1,49.9,260.9,154.4,0,1,2025-10-01 02:20:00,19.6,88.6,,0,0,,1
2025-10-01 02:20:45,198.13,0.3261,249.09,0.4619,1.3857,242.71,252.9,251.67,429.09,434.22,430.95,431.41,1.3857,0.0,0.0,0.3248,0.0,0.0,0.0841,0.0841,0,0,0.3363,0.3363,0,0,0.9683,0.968,1,1,49.9,260.9,154.4,0,1,2025-10-01 02:20:45,19.6,89.1,,0,0,,1
2025-10-01 02:21:37,198.13,0.3249,249.18,0.462,1.386,242.82,252.99,251.73,429.11,435.18,430.46,431.54,1.386,0.0,0.0,0.3249,0.0,0.0,0.0844,0.0844,0,0,0.3365,0.3365,0,0,0.9678,0.9678,1,1,49.9,260.91,154.4,0,1,2025-10-01 02:21:37,19.6,89.5,,0,0,,1
2025-10-01 02:22:22,198.14,0.3255,249.09,0.4615,1.3845,242.74,252.92,251.62,429.35,434.13,430.78,431.47,1.3845,0.0,0.0,0.3244,0.0,0.0,0.0844,0.0844,0,0,0.3361,0.3361,0,0,0.9679,0.9677,1,1,49.8,260.91,154.4,0,1,2025-10-01 02:22:22,19.7,89.9,,0,0,,1
2025-10-01 02:23:07,198.14,0.326,249.06,0.4617,1.3853,242.76,252.87,251.56,428.95,434.83,430.35,431.36,1.3853,0.0,0.0,0.3247,0.0,0.0,0.0843,0.0843,0,0,0.3363,0.3363,0,0,0.9681,0.9678,1,1,49.9,260.92,154.4,0,1,2025-10-01 02:23:07,19.7,90.1,,0,0,,1
2025-10-01 02:23:52,198.14,0.3281,249.67,0.4628,1.3886,244.23,252.91,251.88,430.16,435.43,431.72,432.46,1.3886,0.0,0.0,0.3269,0.0,0.0,0.0868,0.0868,0,0,0.3391,0.3391,0,0,0.9667,0.9665,1,1,49.8,260.92,154.4,0,1,2025-10-01 02:23:52,19.7,90.3,,0,0,,1
2025-10-01 02:24:37,198.15,0.3272,249.95,0.4629,1.3889,244.53,253.16,252.17,431.07,434.81,432.85,432.9,1.3889,0.0,0.0,0.3272,0.0,0.0,0.0872,0.0872,0,0,0.3396,0.3396,0,0,0.9662,0.9662,1,1,49.9,260.93,154.41,0,1,2025-10-01 02:24:37,19.7,90.6,,0,0,,1
2025-10-01 02:25:22,198.15,0.3293,249.98,0.4638,1.3916,244.56,253.24,252.15,430.79,435.79,432.34,432.99,1.3916,0.0,0.0,0.3281,0.0,0.0,0.0868,0.0868,0,0,0.3403,0.3403,0,0,0.967,0.9667,1,1,49.9,260.93,154.41,0,1,2025-10-01 02:25:22,19.8,90.7,,0,0,,1
2025-10-01 02:26:07,198.19,3.8025,249,7.9996,23.998900000000003,243.09,252.41,251.52,429.05,433.67,431.09,431.25,9.0074,7.7129,7.2786,1.6132,1.1923,0.997,4.5384,1.4739,1.5323,1.5322,5.9671,2.1896,1.9468,1.8307,0.6422,0.7382,0.614,0.5454,49.9,260.98,154.45,1,1,2025-10-01 02:26:07,19.8,89.9,,1,0,,0
2025-10-01 02:27:37,198.28,3.7813,248.97,7.9612,23.8836,243.17,252.28,251.46,428.91,434.43,430.32,431.2,9.0006,7.6453,7.2377,1.6099,1.1759,0.9954,4.519,1.4762,1.5223,1.5205,5.9374,2.1887,1.9288,1.82,0.6417,0.737,0.6113,0.5477,49.9,261.13,154.56,1,1,2025-10-01 02:27:37,19.6,81.3,,1,0,,0
2025-10-01 02:28:43,198.31,0.3301,250,0.465,1.3951,244.54,253.44,252.02,431.38,435.46,432.15,432.98,1.3951,0.0,0.0,0.3291,0.0,0.0,0.086,0.086,0,0,0.3412,0.3412,0,0,0.9677,0.9675,1,1,49.9,261.18,154.59,0,1,2025-10-01 02:28:43,19.0,78.7,,0,0,,1
2025-10-01 02:29:28,198.31,0.3301,250.05,0.4651,1.3953,244.49,253.51,252.16,430.81,436.35,432.13,433.1,1.3953,0.0,0.0,0.329,0.0,0.0,0.0862,0.0862,0,0,0.3411,0.3411,0,0,0.9675,0.9673,1,1,49.9,261.18,154.59,0,1,2025-10-01 02:29:28,18.9,80.3,,0,0,,1
2025-10-01 02:30:13,198.32,0.3298,250.36,0.4654,1.3964,244.79,253.79,252.51,430.15,438.35,432.42,433.62,1.3964,0.0,0.0,0.3298,0.0,0.0,0.0862,0.0862,0,0,0.3418,0.3418,0,0,0.9674,0.9674,1,1,49.9,261.18,154.59,0,1,2025-10-01 02:30:13,18.9,81.8,,0,0,,1
2025-10-01 02:30:58,198.32,0.3284,249.62,0.4635,1.3906,243.3,253.34,252.22,430.04,435.13,431.82,432.32,1.3906,0.0,0.0,0.3268,0.0,0.0,0.084,0.084,0,0,0.3383,0.3383,0,0,0.9688,0.9685,1,1,49.9,261.19,154.59,0,1,2025-10-01 02:30:58,18.9,83.4,,0,0,,1
2025-10-01 02:31:43,198.33,0.3273,249.53,0.4629,1.3889,243.25,253.26,252.09,428.03,437.94,430.66,432.17,1.3889,0.0,0.0,0.3262,0.0,0.0,0.0842,0.0842,0,0,0.3378,0.3378,0,0,0.9684,0.9682,1,1,49.9,261.19,154.59,0,1,2025-10-01 02:31:43,18.9,84.8,,0,0,,1
2025-10-01 02:32:28,198.33,0.3277,249.59,0.4634,1.3902,243.29,253.35,252.13,430.38,434.68,431.77,432.27,1.3902,0.0,0.0,0.3267,0.0,0.0,0.0842,0.0842,0,0,0.3382,0.3382,0,0,0.9685,0.9683,1,1,49.9,261.2,154.59,0,1,2025-10-01 02:32:28,19.0,85.9,,0,0,,1
2025-10-01 02:33:13,198.33,0.3269,249.53,0.4623,1.3869,243.17,253.38,252.06,430.27,434.97,431.33,432.23,1.3869,0.0,0.0,0.3256,0.0,0.0,0.0843,0.0843,0,0,0.3373,0.3373,0,0,0.9683,0.968,1,1,49.9,261.2,154.59,0,1,2025-10-01 02:33:14,19.0,86.8,,0,0,,1
2025-10-01 02:33:58,198.34,0.3277,249.67,0.463,1.3892,243.33,253.47,252.22,430.15,435.5,431.64,432.41,1.3892,0.0,0.0,0.3265,0.0,0.0,0.0841,0.0841,0,0,0.338,0.338,0,0,0.9686,0.9683,1,1,49.9,261.21,154.6,0,1,2025-10-01 02:33:58,19.1,87.5,,0,0,,1
2025-10-01 02:34:43,198.34,0.3301,250.21,0.4647,1.3942,244.85,253.48,252.3,431.34,436.22,432.54,433.39,1.3942,0.0,0.0,0.329,0.0,0.0,0.0873,0.0873,0,0,0.3414,0.3414,0,0,0.9667,0.9665,1,1,49.9,261.21,154.6,0,1,2025-10-01 02:34:43,19.5,88.3,,0,0,,1
2025-10-01 02:35:49,198.35,0.3303,250.02,0.4646,1.3938,245.03,252.49,252.54,430.94,435.7,432.47,433.11,1.3938,0.0,0.0,0.3291,0.0,0.0,0.0876,0.0876,0,0,0.3415,0.3415,0,0,0.9665,0.9663,1,1,49.9,261.22,154.6,0,1,2025-10-01 02:35:49,19.6,89.2,,0,0,,1
2025-10-01 02:36:34,198.35,0.3294,250.09,0.4637,1.3913,244.61,253.49,252.19,431.3,435.91,432.29,433.22,1.3913,0.0,0.0,0.3281,0.0,0.0,0.0868,0.0868,0,0,0.3403,0.3403,0,0,0.967,0.9667,1,1,49.9,261.22,154.6,0,1,2025-10-01 02:36:34,19.7,89.5,,0,0,,1
2025-10-01 02:37:19,198.36,0.3303,250.12,0.4646,1.3939,244.76,253.4,252.22,431.47,435.57,432.6,433.24,1.3939,0.0,0.0,0.3289,0.0,0.0,0.0869,0.0869,0,0,0.3412,0.3412,0,0,0.9671,0.9668,1,1,49.9,261.23,154.6,0,1,2025-10-01 02:37:19,19.7,89.8,,0,0,,1
2025-10-01 02:38:04,198.38,3.7464,249.22,7.953,23.8592,243.58,252.37,251.72,429.22,434.25,431.48,431.65,8.9788,7.6364,7.244,1.597,1.1631,0.9863,4.5482,1.4878,1.5297,1.5307,5.9377,2.1871,1.9272,1.8235,0.6357,0.7316,0.6052,0.5416,49.9,261.26,154.62,1,1,2025-10-01 02:38:04,19.7,90,,1,0,,0
2025-10-01 02:38:49,198.43,3.8063,249.25,7.9966,23.990000000000002,243.69,252.3,251.77,429.38,434.36,431.37,431.66,9.0433,7.6477,7.299,1.615,1.1778,1.0135,4.545,1.4932,1.5216,1.5302,5.9709,2.2038,1.9295,1.8377,0.642,0.7342,0.6121,0.5521,49.9,261.33,154.68,1,1,2025-10-01 02:38:49,19.7,86.3,,1,0,,0
2025-10-01 02:39:34,198.47,3.7624,249.24,7.9491,23.847299999999997,243.6,252.48,251.66,429.52,434.23,431.32,431.72,8.9713,7.6435,7.2325,1.6041,1.1707,0.9876,4.5319,1.478,1.5277,1.5261,5.9354,2.1854,1.9298,1.8201,0.6387,0.7354,0.6082,0.5432,49.9,261.4,154.73,1,1,2025-10-01 02:39:34,19.6,82.1,,1,0,,0
2025-10-01 02:40:19,198.51,0.3335,250.2,0.4683,1.4051,244.82,253.6,252.2,426.97,441.16,431.93,433.38,1.4051,0.0,0.0,0.3322,0.0,0.0,0.0855,0.0855,0,0,0.344,0.344,0,0,0.9686,0.9684,1,1,49.9,261.47,154.78,0,1,2025-10-01 02:40:19,19.5,78.4,,0,0,,1
2025-10-01 02:41:04,198.52,0.3308,250.12,0.4653,1.3961,244.83,253.4,252.13,431.5,435.75,432.37,433.23,1.3961,0.0,0.0,0.3296,0.0,0.0,0.0868,0.0868,0,0,0.3418,0.3418,0,0,0.9672,0.967,1,1,49.9,261.47,154.79,0,1,2025-10-01 02:41:04,19.0,78.2,,0,0,,1
2025-10-01 02:41:49,198.52,0.3306,250.14,0.4648,1.3945,244.85,253.4,252.17,432.73,433.59,433.31,433.21,1.3945,0.0,0.0,0.3292,0.0,0.0,0.0868,0.0868,0,0,0.3414,0.3414,0,0,0.9671,0.9669,1,1,49.9,261.48,154.79,0,1,2025-10-01 02:41:49,18.9,79.8,,0,0,,1
2025-10-01 02:42:55,198.53,0.33,250.26,0.4654,1.3962,245.04,253.41,252.35,431.41,435.88,433.08,433.42,1.3962,0.0,0.0,0.33,0.0,0.0,0.0866,0.0866,0,0,0.3421,0.3421,0,0,0.9672,0.9672,1,1,50,261.49,154.79,0,1,2025-10-01 02:42:55,18.9,82.9,,0,0,,1
2025-10-01 02:43:40,198.53,0.3276,249.72,0.4639,1.3917,243.73,253.22,252.22,430.09,435.92,431.56,432.52,1.3917,0.0,0.0,0.3276,0.0,0.0,0.0844,0.0844,0,0,0.3392,0.3392,0,0,0.9683,0.9683,1,1,50,261.49,154.79,0,1,2025-10-01 02:43:40,18.9,84.3,,0,0,,1
2025-10-01 02:44:25,198.54,0.3286,249.64,0.4637,1.3913,243.72,253.07,252.15,429.7,435.77,431.7,432.38,1.3913,0.0,0.0,0.3275,0.0,0.0,0.0842,0.0842,0,0,0.3391,0.3391,0,0,0.9686,0.9684,1,1,50,261.49,154.79,0,1,2025-10-01 02:44:25,19.0,85.4,,0,0,,1
2025-10-01 02:45:10,198.54,0.3272,249.64,0.4634,1.3904,243.62,253.16,252.14,429.85,435.2,432.06,432.4,1.3904,0.0,0.0,0.3272,0.0,0.0,0.0842,0.0842,0,0,0.3387,0.3387,0,0,0.9684,0.9684,1,1,50,261.5,154.79,0,1,2025-10-01 02:45:10,19.0,86.3,,0,0,,1
2025-10-01 02:45:55,198.54,0.3268,249.54,0.4633,1.3899,243.39,253.24,252,429.91,434.99,431.71,432.27,1.3899,0.0,0.0,0.3268,0.0,0.0,0.0838,0.0838,0,0,0.3383,0.3383,0,0,0.9686,0.9686,1,1,50,261.5,154.79,0,1,2025-10-01 02:45:55,19.0,87.1,,0,0,,1
2025-10-01 02:46:40,198.55,0.3297,250.1,0.4643,1.3929,244.79,253.33,252.2,430.88,436.42,432.28,433.15,1.3929,0.0,0.0,0.3287,0.0,0.0,0.087,0.087,0,0,0.341,0.341,0,0,0.9668,0.9666,1,1,49.9,261.51,154.79,0,1,2025-10-01 02:46:40,19.1,87.7,,0,0,,1
2025-10-01 02:47:25,198.55,0.33,250.03,0.4645,1.3936,244.67,253.27,252.17,430.94,435.92,432.33,433.04,1.3936,0.0,0.0,0.3288,0.0,0.0,0.0865,0.0865,0,0,0.341,0.341,0,0,0.9672,0.967,1,1,49.9,261.51,154.79,0,1,2025-10-01 02:47:26,19.5,88.3,,0,0,,1
2025-10-01 02:48:10,198.56,0.3299,250.05,0.4646,1.3939,244.62,253.33,252.2,431.23,435.27,432.74,433.03,1.3939,0.0,0.0,0.3288,0.0,0.0,0.0865,0.0865,0,0,0.341,0.341,0,0,0.9673,0.9671,1,1,49.9,261.52,154.8,0,1,2025-10-01 02:48:10,19.5,88.8,,0,0,,1
2025-10-01 02:48:55,198.56,0.3287,249.73,0.4632,1.3897,244.28,252.88,252.04,430.73,435.13,431.75,432.6,1.3897,0.0,0.0,0.3274,0.0,0.0,0.0861,0.0861,0,0,0.3395,0.3395,0,0,0.9673,0.9671,1,1,49.9,261.52,154.8,0,1,2025-10-01 02:48:55,19.6,89.3,,0,0,,1
2025-10-01 02:49:40,198.56,0.3277,249.73,0.4636,1.391,244.28,252.94,251.98,430.29,434.9,432.4,432.57,1.391,0.0,0.0,0.3277,0.0,0.0,0.0861,0.0861,0,0,0.3398,0.3398,0,0,0.9671,0.9671,1,1,49.9,261.52,154.8,0,1,2025-10-01 02:49:40,19.6,89.6,,0,0,,1
2025-10-01 02:50:25,198.57,0.3292,249.65,0.464,1.392,244.23,252.73,251.99,431.39,433.41,432.31,432.37,1.392,0.0,0.0,0.328,0.0,0.0,0.0857,0.0857,0,0,0.34,0.34,0,0,0.9677,0.9674,1,1,49.9,261.53,154.8,0,1,2025-10-01 02:50:25,19.6,90,,0,0,,1
2025-10-01 02:51:10,198.57,0.3293,249.69,0.4639,1.3917,244.37,252.72,251.98,430.17,434.49,432.69,432.4,1.3917,0.0,0.0,0.3281,0.0,0.0,0.086,0.086,0,0,0.3401,0.3401,0,0,0.9675,0.9672,1,1,49.9,261.53,154.8,0,1,2025-10-01 02:51:10,19.7,90.3,,0,0,,1
2025-10-01 02:51:55,198.58,0.3276,249.64,0.4632,1.3897,244.28,252.84,251.8,429.7,435.52,431.91,432.35,1.3897,0.0,0.0,0.3276,0.0,0.0,0.086,0.086,0,0,0.3395,0.3395,0,0,0.9672,0.9672,1,1,49.9,261.54,154.8,0,1,2025-10-01 02:51:55,19.7,90.5,,0,0,,1
2025-10-01 02:52:40,198.58,0.3288,249.59,0.4636,1.3908,244.24,252.78,251.75,429.96,435.14,431.77,432.29,1.3908,0.0,0.0,0.3277,0.0,0.0,0.0861,0.0861,0,0,0.3397,0.3397,0,0,0.9673,0.9671,1,1,49.9,261.54,154.8,0,1,2025-10-01 02:52:40,19.7,90.8,,0,0,,1
2025-10-01 02:53:25,198.6,3.6561,248.65,7.8674,23.6024,242.87,251.86,251.23,428.07,433.8,430.13,430.65,8.895,7.5383,7.1691,1.5657,1.1311,0.9593,4.5023,1.4746,1.5129,1.5149,5.86,2.1603,1.8986,1.8011,0.6303,0.7289,0.601,0.5375,49.9,261.56,154.82,1,1,2025-10-01 02:53:25,19.8,90.9,,1,0,,0
2025-10-01 02:54:10,198.64,3.874,248.56,8.0034,24.010199999999998,242.75,251.77,251.16,428.11,433.41,430,430.44,9.0467,7.6627,7.3008,1.6324,1.207,1.0346,4.4722,1.4629,1.4983,1.511,5.959,2.1961,1.9292,1.8337,0.6547,0.7447,0.6273,0.5649,49.9,261.64,154.87,1,1,2025-10-01 02:54:10,19.7,87.9,,1,0,,0
2025-10-01 02:54:55,198.69,3.7879,247.97,7.8988,23.6966,241.35,251.74,250.84,426.97,432.54,428.96,429.54,8.9009,7.5794,7.2163,1.5952,1.1919,1.0008,4.4228,1.4331,1.484,1.5057,5.8664,2.1482,1.908,1.8101,0.6504,0.7439,0.6261,0.5535,49.9,261.71,154.93,1,1,2025-10-01 02:54:55,19.7,83.4,,1,0,,0
2025-10-01 02:55:40,198.73,0.3296,249.06,0.4657,1.3972,242.9,252.7,251.6,429.02,434.3,430.81,431.3,1.3972,0.0,0.0,0.3285,0.0,0.0,0.082,0.082,0,0,0.3394,0.3394,0,0,0.9704,0.9702,1,1,49.9,261.77,154.97,0,1,2025-10-01 02:55:40,19.5,79.4,,0,0,,1
2025-10-01 02:56:25,198.73,0.3262,249.02,0.463,1.3892,242.83,252.72,251.53,428.73,434.61,430.6,431.32,1.3892,0.0,0.0,0.3262,0.0,0.0,0.0827,0.0827,0,0,0.3373,0.3373,0,0,0.9693,0.9693,1,1,50,261.78,154.97,0,1,2025-10-01 02:56:25,19.0,78.9,,0,0,,1
2025-10-01 02:57:10,198.74,0.3283,249.76,0.4643,1.3929,244.2,253.24,251.84,430.88,435.14,431.72,432.53,1.3929,0.0,0.0,0.3283,0.0,0.0,0.0855,0.0855,0,0,0.3401,0.3401,0,0,0.9677,0.9677,1,1,50,261.78,154.98,0,1,2025-10-01 02:57:10,18.9,80.6,,0,0,,1
2025-10-01 02:57:55,198.74,0.3302,249.89,0.4649,1.3949,244.29,253.38,252.01,430.9,435.85,431.71,432.8,1.3949,0.0,0.0,0.329,0.0,0.0,0.0852,0.0852,0,0,0.3408,0.3408,0,0,0.9682,0.968,1,1,50,261.78,154.98,0,1,2025-10-01 02:57:55,18.9,82.3,,0,0,,1
2025-10-01 02:58:40,198.75,0.3296,249.81,0.4644,1.3933,244.25,253.27,251.93,430.77,435.72,431.57,432.8,1.3933,0.0,0.0,0.3286,0.0,0.0,0.0851,0.0851,0,0,0.3403,0.3403,0,0,0.9682,0.968,1,1,50,261.79,154.98,0,1,2025-10-01 02:58:40,18.9,83.8,,0,0,,1
2025-10-01 02:59:25,198.75,0.33,249.79,0.4644,1.3933,244.26,253.24,251.88,430.81,435.55,431.57,432.67,1.3933,0.0,0.0,0.3286,0.0,0.0,0.0851,0.0851,0,0,0.3403,0.3403,0,0,0.9683,0.968,1,1,50,261.79,154.98,0,1,2025-10-01 02:59:25,19.0,85.1,,0,0,,1
2025-10-01 03:00:10,198.75,0.3295,249.62,0.4642,1.3928,244.07,253.09,251.7,430.42,434.98,431.61,432.34,1.3928,0.0,0.0,0.3282,0.0,0.0,0.085,0.085,0,0,0.3399,0.3399,0,0,0.9682,0.968,1,1,50,261.8,154.98,0,1,2025-10-01 03:00:10,19.0,86.1,,0,0,,1
2025-10-01 03:00:55,198.76,0.3293,249.56,0.4641,1.3925,244.06,253,251.63,430.06,435.45,431.24,432.23,1.3925,0.0,0.0,0.3281,0.0,0.0,0.0851,0.0851,0,0,0.3399,0.3399,0,0,0.9681,0.9679,1,1,50,261.8,154.98,0,1,2025-10-01 03:00:55,19.0,87.1,,0,0,,1
2025-10-01 03:01:40,198.76,0.3292,249.62,0.4639,1.3919,244.08,253.06,251.74,430.56,434.89,431.59,432.34,1.3919,0.0,0.0,0.328,0.0,0.0,0.0849,0.0849,0,0,0.3397,0.3397,0,0,0.9683,0.968,1,1,50,261.81,154.98,0,1,2025-10-01 03:01:40,19.1,87.8,,0,0,,1
2025-10-01 03:02:25,198.77,0.3288,249.46,0.4638,1.3914,243.91,252.9,251.58,429.9,435.29,431.03,432.11,1.3914,0.0,0.0,0.3276,0.0,0.0,0.0851,0.0851,0,0,0.3394,0.3394,0,0,0.9681,0.9679,1,1,50,261.81,154.98,0,1,2025-10-01 03:02:25,19.5,88.4,,0,0,,1
2025-10-01 03:03:10,198.77,0.3291,249.54,0.464,1.392,244.08,252.93,251.63,430.35,434.66,431.62,432.24,1.392,0.0,0.0,0.328,0.0,0.0,0.0851,0.0851,0,0,0.3398,0.3398,0,0,0.9681,0.9679,1,1,50,261.81,154.98,0,1,2025-10-01 03:03:10,19.5,89,,0,0,,1
2025-10-01 03:03:55,198.77,0.3282,249.61,0.4642,1.3927,244.1,253.03,251.7,430.15,435.63,431.21,432.23,1.3927,0.0,0.0,0.3282,0.0,0.0,0.0852,0.0852,0,0,0.34,0.34,0,0,0.9678,0.9678,1,1,50,261.82,154.98,0,1,2025-10-01 03:03:55,19.6,89.5,,0,0,,1
2025-10-01 03:04:40,198.78,0.3253,248.85,0.4624,1.3872,242.48,252.67,251.4,428.32,434.55,430.15,431.06,1.3872,0.0,0.0,0.3253,0.0,0.0,0.0825,0.0825,0,0,0.3364,0.3364,0,0,0.9693,0.9693,1,1,50,261.82,154.99,0,1,2025-10-01 03:04:40,19.6,89.9,,0,0,,1
2025-10-01 03:05:25,198.78,0.3267,248.95,0.4621,1.3864,242.6,252.79,251.47,428.59,434.75,430.23,431.14,1.3864,0.0,0.0,0.3252,0.0,0.0,0.0824,0.0824,0,0,0.3363,0.3363,0,0,0.9696,0.9694,1,1,50,261.83,154.99,0,1,2025-10-01 03:05:25,19.6,90.2,,0,0,,1
2025-10-01 03:06:10,198.79,0.3265,248.9,0.4623,1.3871,242.62,252.65,251.43,428.79,434.08,430.39,431.07,1.3871,0.0,0.0,0.3254,0.0,0.0,0.0824,0.0824,0,0,0.3365,0.3365,0,0,0.9695,0.9694,1,1,50,261.83,154.99,0,1,2025-10-01 03:06:10,19.6,90.5,,0,0,,1
2025-10-01 03:06:55,198.79,0.3291,249.63,0.4637,1.3913,244.11,253.04,251.75,430.6,434.89,431.6,432.36,1.3913,0.0,0.0,0.3279,0.0,0.0,0.0851,0.0851,0,0,0.3396,0.3396,0,0,0.9681,0.9679,1,1,50,261.84,154.99,0,1,2025-10-01 03:06:55,19.7,90.8,,0,0,,1
2025-10-01 03:07:40,198.79,0.3283,249.53,0.4643,1.393,244.02,252.92,251.66,430.39,434.83,431.35,432.14,1.393,0.0,0.0,0.3283,0.0,0.0,0.0846,0.0846,0,0,0.3399,0.3399,0,0,0.9683,0.9683,1,1,50,261.84,154.99,0,1,2025-10-01 03:07:40,19.7,91,,0,0,,1
2025-10-01 03:08:25,198.8,0.3294,249.63,0.4638,1.3916,244.2,252.9,251.8,430.28,434.97,431.84,432.36,1.3916,0.0,0.0,0.3281,0.0,0.0,0.0848,0.0848,0,0,0.3398,0.3398,0,0,0.9683,0.9681,1,1,50,261.84,154.99,0,1,2025-10-01 03:08:25,19.7,91.3,,0,0,,1
2025-10-01 03:09:10,198.83,3.8141,248.96,7.9465,23.8395,243.14,252.26,251.49,428.81,433.77,431.02,431.19,8.9844,7.6265,7.2286,1.6187,1.1876,1.0078,4.4774,1.4605,1.5068,1.51,5.9262,2.1845,1.9239,1.8179,0.6484,0.7424,0.619,0.5551,50,261.9,155.03,1,1,2025-10-01 03:09:10,19.7,90.6,,1,0,,0
2025-10-01 03:09:55,198.88,3.8011,248.79,7.9286,23.785800000000002,242.98,252.03,251.37,428.41,433.66,430.65,430.91,8.9667,7.5892,7.2299,1.6109,1.1812,1.0091,4.4672,1.4607,1.4978,1.5088,5.9088,2.1787,1.9127,1.8174,0.648,0.7408,0.6192,0.5559,50,261.97,155.08,1,1,2025-10-01 03:09:55,19.7,86.6,,1,0,,0
2025-10-01 03:10:40,198.93,3.7274,248.8,7.8604,23.5813,243.36,251.28,251.76,428.39,433.66,430.71,430.87,8.9137,7.4946,7.173,1.587,1.1456,0.9948,4.4656,1.4728,1.4883,1.5046,5.8584,2.1692,1.8832,1.8059,0.6407,0.7329,0.6099,0.5515,50,262.04,155.14,1,1,2025-10-01 03:10:40,19.6,81.9,,1,0,,0
2025-10-01 03:11:25,198.95,0.3305,249.69,0.4661,1.3983,244.64,252.14,252.3,430.06,435.16,432.2,432.5,1.3983,0.0,0.0,0.3305,0.0,0.0,0.0847,0.0847,0,0,0.3421,0.3421,0,0,0.9687,0.9687,1,1,50,262.08,155.17,0,1,2025-10-01 03:11:25,19.1,78.9,,0,0,,1
2025-10-01 03:12:10,198.95,0.3307,249.67,0.4653,1.396,244.26,252.94,251.81,430.77,434.82,431.69,432.42,1.396,0.0,0.0,0.3295,0.0,0.0,0.0842,0.0842,0,0,0.341,0.341,0,0,0.9691,0.9689,1,1,50,262.08,155.17,0,1,2025-10-01 03:12:10,19.0,80,,0,0,,1
2025-10-01 03:12:55,198.96,0.3294,249.51,0.4642,1.3926,244.11,252.79,251.65,430.35,434.71,431.42,432.17,1.3926,0.0,0.0,0.3283,0.0,0.0,0.0846,0.0846,0,0,0.3399,0.3399,0,0,0.9685,0.9684,1,1,50,262.09,155.17,0,1,2025-10-01 03:12:55,18.9,81.6,,0,0,,1
2025-10-01 03:13:40,198.96,0.3297,249.51,0.4643,1.3931,243.91,253.01,251.61,430.25,434.87,431.33,432.16,1.3931,0.0,0.0,0.3283,0.0,0.0,0.0841,0.0841,0,0,0.3398,0.3398,0,0,0.9689,0.9687,1,1,50,262.09,155.17,0,1,2025-10-01 03:13:40,18.9,83.4,,0,0,,1
2025-10-01 03:14:25,198.97,0.3278,248.96,0.4637,1.3911,242.61,252.8,251.48,428.95,434.8,429.88,431.24,1.3911,0.0,0.0,0.3267,0.0,0.0,0.0816,0.0816,0,0,0.3375,0.3375,0,0,0.9703,0.9701,1,1,50,262.09,155.17,0,1,2025-10-01 03:14:25,18.9,84.7,,0,0,,1
2025-10-01 03:15:10,198.97,0.3275,248.93,0.4631,1.3894,242.56,252.74,251.49,428.67,434.21,430.54,431.13,1.3894,0.0,0.0,0.3262,0.0,0.0,0.0815,0.0815,0,0,0.337,0.337,0,0,0.9704,0.9701,1,1,50,262.1,155.17,0,1,2025-10-01 03:15:10,19.0,85.8,,0,0,,1
2025-10-01 03:15:55,198.97,0.3276,248.93,0.4633,1.3901,242.59,252.71,251.5,428.6,434,430.82,431.15,1.3901,0.0,0.0,0.3263,0.0,0.0,0.0819,0.0819,0,0,0.3372,0.3372,0,0,0.9701,0.9699,1,1,50.1,262.1,155.17,0,1,2025-10-01 03:15:55,19.0,86.7,,0,0,,1
2025-10-01 03:16:40,198.98,0.3272,248.94,0.463,1.3892,242.62,252.75,251.46,428.51,434.71,430.3,431.1,1.3892,0.0,0.0,0.326,0.0,0.0,0.0823,0.0823,0,0,0.337,0.337,0,0,0.9697,0.9695,1,1,50,262.11,155.17,0,1,2025-10-01 03:16:40,19.0,87.5,,0,0,,1
2025-10-01 03:17:25,198.98,0.3292,249.34,0.4639,1.3918,243.81,252.79,251.44,429.81,434.75,431.04,431.83,1.3918,0.0,0.0,0.3278,0.0,0.0,0.0843,0.0843,0,0,0.3393,0.3393,0,0,0.9687,0.9684,1,1,50,262.11,155.17,0,1,2025-10-01 03:17:25,19.1,88.1,,0,0,,1
2025-10-01 03:18:10,198.99,0.3281,249.36,0.4629,1.3888,243.81,252.76,251.52,429.73,434.99,430.98,431.92,1.3888,0.0,0.0,0.3269,0.0,0.0,0.0847,0.0847,0,0,0.3386,0.3386,0,0,0.9682,0.968,1,1,50,262.12,155.17,0,1,2025-10-01 03:18:10,19.5,88.7,,0,0,,1
2025-10-01 03:18:55,198.99,0.3272,249.27,0.4633,1.3901,243.69,252.76,251.36,429.69,434.69,430.83,431.73,1.3901,0.0,0.0,0.3272,0.0,0.0,0.0842,0.0842,0,0,0.3388,0.3388,0,0,0.9684,0.9684,1,1,50,262.12,155.18,0,1,2025-10-01 03:18:55,19.5,89.3,,0,0,,1
2025-10-01 03:19:40,198.99,0.3286,249.37,0.4635,1.3905,243.78,252.87,251.48,428.43,435.49,431.83,431.91,1.3905,0.0,0.0,0.3274,0.0,0.0,0.0842,0.0842,0,0,0.339,0.339,0,0,0.9686,0.9684,1,1,50,262.12,155.18,0,1,2025-10-01 03:19:40,19.6,89.7,,0,0,,1
2025-10-01 03:20:25,199,0.3289,249.34,0.4636,1.3909,243.78,252.82,251.44,430.25,434.4,430.95,431.79,1.3909,0.0,0.0,0.3275,0.0,0.0,0.0843,0.0843,0,0,0.3391,0.3391,0,0,0.9686,0.9684,1,1,50,262.13,155.18,0,1,2025-10-01 03:20:25,19.6,90.1,,0,0,,1
2025-10-01 03:21:10,199,0.3273,249.18,0.4635,1.3906,243.73,252.46,251.36,429.55,434.24,430.96,431.55,1.3906,0.0,0.0,0.3273,0.0,0.0,0.0845,0.0845,0,0,0.3389,0.3389,0,0,0.9682,0.9682,1,1,50,262.13,155.18,0,1,2025-10-01 03:21:10,19.6,90.4,,0,0,,1
2025-10-01 03:21:55,199.01,0.3283,249.14,0.4631,1.3894,243.73,252.33,251.36,429.53,433.91,431.08,431.57,1.3894,0.0,0.0,0.3271,0.0,0.0,0.0841,0.0841,0,0,0.3386,0.3386,0,0,0.9686,0.9684,1,1,50,262.14,155.18,0,1,2025-10-01 03:21:55,19.7,90.7,,0,0,,1
2025-10-01 03:22:40,199.01,0.3286,249.36,0.4631,1.3895,243.84,252.73,251.53,429.88,434.56,431.26,431.84,1.3895,0.0,0.0,0.3273,0.0,0.0,0.0841,0.0841,0,0,0.3388,0.3388,0,0,0.9687,0.9685,1,1,50,262.14,155.18,0,1,2025-10-01 03:22:40,19.7,91,,0,0,,1
2025-10-01 03:23:25,199.01,0.3284,249.26,0.4631,1.3894,243.91,252.37,251.51,429.54,434.2,431.43,431.6,1.3894,0.0,0.0,0.3273,0.0,0.0,0.0843,0.0843,0,0,0.3389,0.3389,0,0,0.9685,0.9683,1,1,50,262.15,155.18,0,1,2025-10-01 03:23:25,19.7,91.2,,0,0,,1
2025-10-01 03:24:10,199.02,0.3278,249.19,0.4625,1.3876,243.58,252.66,251.35,429.69,434.21,430.91,431.66,1.3876,0.0,0.0,0.3265,0.0,0.0,0.084,0.084,0,0,0.338,0.338,0,0,0.9686,0.9684,1,1,50,262.15,155.18,0,1,2025-10-01 03:24:10,19.8,91.4,,0,0,,1
2025-10-01 03:25:02,199.08,3.8172,247.45,7.892,23.6762,240.77,251.24,250.36,425.79,432.3,427.7,428.59,8.8827,7.5734,7.2201,1.5995,1.206,1.0117,4.3743,1.4137,1.4653,1.4953,5.8491,2.1387,1.9027,1.8076,0.6574,0.7492,0.6354,0.5603,50,262.25,155.26,1,1,2025-10-01 03:25:02,19.7,88,,1,0,,0
2025-10-01 03:25:47,199.13,3.7432,247.54,7.8252,23.4758,240.83,251.36,250.44,426.04,432.02,428.15,428.73,8.8086,7.5066,7.1606,1.5761,1.18,0.9871,4.3743,1.4139,1.4659,1.4945,5.8015,2.1214,1.8869,1.7933,0.6501,0.7443,0.627,0.5511,50,262.32,155.31,1,1,2025-10-01 03:25:47,19.6,83.3,,1,0,,0
2025-10-01 03:26:32,199.17,0.3287,248.33,0.4653,1.396,242.03,252.12,250.84,428.13,432.51,429.63,430.02,1.396,0.0,0.0,0.3274,0.0,0.0,0.0805,0.0805,0,0,0.3379,0.3379,0,0,0.9712,0.971,1,1,50,262.38,155.36,0,1,2025-10-01 03:26:32,19.5,79.2,,0,0,,1
2025-10-01 03:27:17,199.17,0.3288,249.06,0.4638,1.3914,243.5,252.5,251.18,429.26,434.5,430.36,431.38,1.3914,0.0,0.0,0.3274,0.0,0.0,0.0835,0.0835,0,0,0.3388,0.3388,0,0,0.9691,0.9689,1,1,50,262.39,155.36,0,1,2025-10-01 03:27:17,19.0,79.3,,0,0,,1
2025-10-01 03:28:02,199.18,0.3276,249.04,0.4641,1.3923,243.48,252.52,251.14,429.36,434.14,430.55,431.37,1.3923,0.0,0.0,0.3276,0.0,0.0,0.0836,0.0836,0,0,0.339,0.339,0,0,0.9689,0.9689,1,1,50,262.39,155.36,0,1,2025-10-01 03:28:02,18.9,81.1,,0,0,,1
2025-10-01 03:28:47,199.18,0.3274,249.22,0.4635,1.3907,243.67,252.66,251.33,429.55,434.55,430.85,431.68,1.3907,0.0,0.0,0.3274,0.0,0.0,0.0842,0.0842,0,0,0.3389,0.3389,0,0,0.9684,0.9684,1,1,50,262.39,155.36,0,1,2025-10-01 03:28:47,18.9,82.9,,0,0,,1
2025-10-01 03:29:32,199.18,0.3272,249.16,0.4637,1.3911,243.41,252.5,251.59,429.4,434.67,430.61,431.6,1.3911,0.0,0.0,0.3272,0.0,0.0,0.0837,0.0837,0,0,0.3386,0.3386,0,0,0.9688,0.9688,1,1,50,262.4,155.36,0,1,2025-10-01 03:29:33,18.9,84.2,,0,0,,1
2025-10-01 03:30:17,199.19,0.328,249.09,0.4632,1.3896,243.4,252.39,251.5,429.39,434.46,430.46,431.46,1.3896,0.0,0.0,0.3268,0.0,0.0,0.0836,0.0836,0,0,0.3382,0.3382,0,0,0.9689,0.9687,1,1,50,262.4,155.36,0,1,2025-10-01 03:30:17,18.9,85.3,,0,0,,1
2025-10-01 03:31:02,199.19,0.3276,249.11,0.4629,1.3888,243.36,252.36,251.61,429.39,434.18,430.8,431.43,1.3888,0.0,0.0,0.3265,0.0,0.0,0.084,0.084,0,0,0.338,0.338,0,0,0.9687,0.9684,1,1,50,262.41,155.36,0,1,2025-10-01 03:31:02,19.0,86.4,,0,0,,1
2025-10-01 03:32:08,199.2,0.328,248.98,0.4632,1.3897,243.22,252.28,251.44,428.27,435.17,430.28,431.27,1.3897,0.0,0.0,0.3266,0.0,0.0,0.0836,0.0836,0,0,0.338,0.338,0,0,0.969,0.9687,1,1,50,262.41,155.36,0,1,2025-10-01 03:32:08,19.0,87.9,,0,0,,1
2025-10-01 03:32:53,199.2,0.3262,248.9,0.4626,1.388,243.23,252.17,251.3,428.9,433.97,430.41,431.1,1.388,0.0,0.0,0.3262,0.0,0.0,0.0834,0.0834,0,0,0.3376,0.3376,0,0,0.9688,0.9688,1,1,50,262.42,155.37,0,1,2025-10-01 03:32:53,19.1,88.5,,0,0,,1
2025-10-01 03:33:38,199.21,0.3273,248.95,0.4624,1.3872,243.24,252.28,251.34,429.37,433.85,430.33,431.18,1.3872,0.0,0.0,0.326,0.0,0.0,0.0836,0.0836,0,0,0.3374,0.3374,0,0,0.9688,0.9686,1,1,50,262.42,155.37,0,1,2025-10-01 03:33:38,19.5,89,,0,0,,1
2025-10-01 03:34:23,199.21,0.3265,248.79,0.4633,1.3899,243.02,252.19,251.17,428.92,433.94,429.87,430.86,1.3899,0.0,0.0,0.3265,0.0,0.0,0.0832,0.0832,0,0,0.3378,0.3378,0,0,0.969,0.969,1,1,50,262.43,155.37,0,1,2025-10-01 03:34:23,19.5,89.5,,0,0,,1
2025-10-01 03:35:08,199.22,0.3252,248.09,0.4616,1.3848,241.51,251.89,250.89,427.51,433,428.59,429.65,1.3848,0.0,0.0,0.3238,0.0,0.0,0.0807,0.0807,0,0,0.3344,0.3344,0,0,0.9705,0.9702,1,1,50,262.43,155.37,0,1,2025-10-01 03:35:08,19.6,89.9,,0,0,,1
2025-10-01 03:35:53,199.22,0.3247,248.07,0.4613,1.384,241.43,251.86,250.92,426.8,433.6,428.58,429.59,1.384,0.0,0.0,0.3234,0.0,0.0,0.0808,0.0808,0,0,0.3341,0.3341,0,0,0.9703,0.9701,1,1,50,262.44,155.37,0,1,2025-10-01 03:35:53,19.6,90.3,,0,0,,1
2025-10-01 03:36:38,199.22,0.3247,248.02,0.4613,1.3841,241.41,251.81,250.85,427.24,432.8,428.68,429.63,1.3841,0.0,0.0,0.3234,0.0,0.0,0.0808,0.0808,0,0,0.3341,0.3341,0,0,0.9703,0.9701,1,1,50,262.44,155.37,0,1,2025-10-01 03:36:38,19.6,90.7,,0,0,,1
2025-10-01 03:37:23,199.23,0.327,248.66,0.4628,1.3886,242.91,251.98,251.1,428.74,433.51,429.81,430.74,1.3886,0.0,0.0,0.326,0.0,0.0,0.0833,0.0833,0,0,0.3373,0.3373,0,0,0.969,0.9688,1,1,50,262.44,155.37,0,1,2025-10-01 03:37:23,19.7,90.9,,0,0,,1
2025-10-01 03:38:08,199.23,0.3269,248.62,0.4626,1.3878,242.9,251.91,251.06,428.51,433.89,429.46,430.55,1.3878,0.0,0.0,0.3257,0.0,0.0,0.0834,0.0834,0,0,0.3371,0.3371,0,0,0.9689,0.9687,1,1,50,262.45,155.37,0,1,2025-10-01 03:38:08,19.7,91.2,,0,0,,1
2025-10-01 03:39:15,199.24,0.3275,248.82,0.4629,1.3888,243.02,252.03,251.41,428.87,433.66,430.33,430.95,1.3888,0.0,0.0,0.3263,0.0,0.0,0.0828,0.0828,0,0,0.3375,0.3375,0,0,0.9694,0.9692,1,1,50,262.46,155.37,0,1,2025-10-01 03:39:15,19.8,91.5,,0,0,,1
2025-10-01 03:40:00,199.28,3.8,247.73,7.8782,23.6347,241.93,250.17,251.09,426.41,432.07,428.74,429.07,8.8949,7.5457,7.1941,1.5984,1.1851,1.0165,4.3879,1.4347,1.4629,1.4903,5.846,2.1519,1.8877,1.8064,0.6546,0.7442,0.6294,0.5634,50,262.52,155.42,1,1,2025-10-01 03:40:00,19.7,90.2,,1,0,,0
2025-10-01 03:40:45,199.33,3.8041,247.88,7.8623,23.5871,242.08,250.26,251.32,426.8,431.77,429.43,429.37,8.8806,7.5083,7.1982,1.5967,1.1843,1.023,4.3744,1.4334,1.452,1.489,5.8379,2.1498,1.879,1.8091,0.6562,0.7441,0.632,0.5662,50.1,262.59,155.48,1,1,2025-10-01 03:40:45,19.7,85.9,,1,0,,0
2025-10-01 03:41:30,199.37,3.7274,248.01,7.8055,23.4167,242.3,250.3,251.44,425.82,433.4,429.49,429.5,8.8426,7.4304,7.1437,1.5756,1.1501,1.0016,4.3897,1.446,1.4553,1.4884,5.7986,2.1426,1.8598,1.7962,0.6472,0.7367,0.62,0.5583,50.1,262.66,155.53,1,1,2025-10-01 03:41:30,19.6,81.6,,1,0,,0
2025-10-01 03:42:15,199.39,0.3295,248.92,0.4651,1.3954,243.18,251.99,251.61,428.67,434.15,430.61,431.22,1.3954,0.0,0.0,0.3284,0.0,0.0,0.0821,0.0821,0,0,0.3393,0.3393,0,0,0.9703,0.9701,1,1,50.1,262.69,155.55,0,1,2025-10-01 03:42:15,19.1,78.7,,0,0,,1
2025-10-01 03:43:00,199.4,0.3287,248.92,0.464,1.392,243.15,252.05,251.56,428.51,434.6,430.3,431.06,1.392,0.0,0.0,0.3275,0.0,0.0,0.0822,0.0822,0,0,0.3385,0.3385,0,0,0.9701,0.9699,1,1,50.1,262.7,155.55,0,1,2025-10-01 03:43:00,18.9,79.9,,0,0,,1
2025-10-01 03:43:45,199.4,0.3283,248.82,0.4635,1.3907,243.05,251.95,251.47,428.65,433.74,430.5,430.91,1.3907,0.0,0.0,0.327,0.0,0.0,0.0824,0.0824,0,0,0.338,0.338,0,0,0.9699,0.9696,1,1,50.1,262.7,155.55,0,1,2025-10-01 03:43:45,18.9,81.7,,0,0,,1
2025-10-01 03:44:30,199.4,0.3262,248.21,0.4626,1.388,241.67,251.59,251.37,428,432.58,429.09,429.89,1.388,0.0,0.0,0.325,0.0,0.0,0.0799,0.0799,0,0,0.3354,0.3354,0,0,0.9713,0.9711,1,1,50.1,262.7,155.55,0,1,2025-10-01 03:44:30,18.9,83.3,,0,0,,1
2025-10-01 03:45:15,199.41,0.3256,248.16,0.4635,1.3906,241.67,251.49,251.32,426.97,432.73,429.71,429.8,1.3906,0.0,0.0,0.3256,0.0,0.0,0.08,0.08,0,0,0.3361,0.3361,0,0,0.9711,0.9711,1,1,50.1,262.71,155.55,0,1,2025-10-01 03:45:15,18.9,84.6,,0,0,,1
2025-10-01 03:46:21,199.42,0.3251,247.69,0.462,1.3861,241.21,251.09,250.78,426.13,432.27,428.6,429.01,1.3861,0.0,0.0,0.3239,0.0,0.0,0.0797,0.0797,0,0,0.3343,0.3343,0,0,0.9712,0.971,1,1,50.1,262.72,155.56,0,1,2025-10-01 03:46:21,19.0,86.6,,0,0,,1
2025-10-01 03:47:06,199.42,0.3251,248.26,0.4622,1.3868,242.4,251.54,250.85,427.79,433.14,429.06,429.94,1.3868,0.0,0.0,0.3251,0.0,0.0,0.0822,0.0822,0,0,0.3362,0.3362,0,0,0.9694,0.9694,1,1,50,262.72,155.56,0,1,2025-10-01 03:47:06,19.0,87.3,,0,0,,1
2025-10-01 03:47:51,199.42,0.3267,248.17,0.4624,1.3874,242.31,251.41,250.79,427.57,433.1,428.84,429.83,1.3874,0.0,0.0,0.3252,0.0,0.0,0.0818,0.0818,0,0,0.3362,0.3362,0,0,0.97,0.9697,1,1,50,262.72,155.56,0,1,2025-10-01 03:47:51,19.1,88.1,,0,0,,1
2025-10-01 03:48:36,199.43,0.3271,248.2,0.463,1.3892,242.52,251.32,250.77,427.43,433.29,428.97,429.8,1.3892,0.0,0.0,0.3259,0.0,0.0,0.0821,0.0821,0,0,0.3369,0.3369,0,0,0.9698,0.9696,1,1,50,262.73,155.56,0,1,2025-10-01 03:48:36,19.5,88.7,,0,0,,1
2025-10-01 03:49:21,199.43,0.3267,248.03,0.4627,1.3883,242.32,251.14,250.63,427.16,432.92,428.7,429.66,1.3883,0.0,0.0,0.3253,0.0,0.0,0.0821,0.0821,0,0,0.3364,0.3364,0,0,0.9698,0.9697,1,1,50,262.73,155.56,0,1,2025-10-01 03:49:21,19.5,89.2,,0,0,,1
2025-10-01 03:50:06,199.44,0.3255,248.02,0.4627,1.3881,242.36,251.04,250.68,427.32,432.37,429.06,429.58,1.3881,0.0,0.0,0.3255,0.0,0.0,0.0818,0.0818,0,0,0.3364,0.3364,0,0,0.9698,0.9698,1,1,50,262.74,155.56,0,1,2025-10-01 03:50:06,19.6,89.7,,0,0,,1
2025-10-01 03:50:51,199.44,0.3263,247.9,0.4626,1.3879,242.24,250.96,250.5,427.02,432.46,428.61,429.43,1.3879,0.0,0.0,0.3252,0.0,0.0,0.082,0.082,0,0,0.3362,0.3362,0,0,0.9698,0.9696,1,1,50,262.74,155.56,0,1,2025-10-01 03:50:51,19.6,90.1,,0,0,,1
2025-10-01 03:51:36,199.44,0.3255,247.88,0.4615,1.3847,242.2,251,250.44,427.09,432.47,428.43,429.41,1.3847,0.0,0.0,0.3243,0.0,0.0,0.0824,0.0824,0,0,0.3354,0.3354,0,0,0.9694,0.9692,1,1,50,262.75,155.56,0,1,2025-10-01 03:51:36,19.6,90.4,,0,0,,1
2025-10-01 03:52:21,199.45,0.3242,247.78,0.4616,1.385,242.06,250.89,250.41,426.99,432.1,428.41,429.11,1.385,0.0,0.0,0.3242,0.0,0.0,0.0822,0.0822,0,0,0.3353,0.3353,0,0,0.9693,0.9693,1,1,50,262.75,155.56,0,1,2025-10-01 03:52:21,19.7,90.7,,0,0,,1
2025-10-01 03:53:06,199.45,0.3246,247.84,0.462,1.3861,242.17,250.9,250.46,427.04,432.12,428.64,429.26,1.3861,0.0,0.0,0.3246,0.0,0.0,0.0824,0.0824,0,0,0.3357,0.3357,0,0,0.9692,0.9692,1,1,50,262.75,155.57,0,1,2025-10-01 03:53:06,19.7,91.1,,0,0,,1
2025-10-01 03:53:51,199.46,0.3256,247.82,0.462,1.386,242.09,250.87,250.5,427.12,432.16,428.39,429.28,1.386,0.0,0.0,0.3245,0.0,0.0,0.082,0.082,0,0,0.3355,0.3355,0,0,0.9697,0.9695,1,1,50,262.76,155.57,0,1,2025-10-01 03:53:51,19.7,91.3,,0,0,,1
2025-10-01 03:54:36,199.46,0.3234,247.27,0.4605,1.3816,240.69,250.74,250.38,425.59,431.72,427.5,428.23,1.3816,0.0,0.0,0.3221,0.0,0.0,0.0796,0.0796,0,0,0.3325,0.3325,0,0,0.971,0.9708,1,1,50,262.76,155.57,0,1,2025-10-01 03:54:36,19.7,91.5,,0,0,,1
2025-10-01 03:55:21,199.48,3.7322,246.22,7.7554,23.266400000000004,239.4,249.66,249.62,423.45,430.2,425.75,426.39,8.7276,7.433,7.1058,1.562,1.1797,0.9904,4.2784,1.3825,1.4266,1.4693,5.7189,2.0894,1.8557,1.7737,0.6573,0.7488,0.6372,0.5589,50,262.8,155.59,1,1,2025-10-01 03:55:21,19.8,91.4,,1,0,,0
2025-10-01 03:56:06,199.53,3.7935,246.16,7.7901,23.3704,239.32,249.59,249.58,423.44,429.76,425.85,426.39,8.7694,7.452,7.149,1.5789,1.1996,1.015,4.2582,1.3774,1.4156,1.4652,5.7429,2.0987,1.8599,1.7842,0.6651,0.7535,0.6465,0.5694,50,262.87,155.65,1,1,2025-10-01 03:56:06,19.7,87.6,,1,0,,0
2025-10-01 03:56:51,199.58,3.7579,246.2,7.7667,23.3002,239.34,249.63,249.65,423.37,430.08,425.84,426.41,8.7455,7.4189,7.1358,1.5666,1.1859,1.0054,4.2664,1.3823,1.416,1.4681,5.7266,2.0931,1.852,1.7815,0.6609,0.7498,0.642,0.565,50,262.94,155.7,1,1,2025-10-01 03:56:51,19.6,83.1,,1,0,,0
2025-10-01 03:57:36,199.61,0.328,247.65,0.4645,1.3935,241.9,250.74,250.31,426.76,431.7,428.33,428.9,1.3935,0.0,0.0,0.3265,0.0,0.0,0.0805,0.0805,0,0,0.3371,0.3371,0,0,0.9711,0.9709,1,1,50,262.99,155.74,0,1,2025-10-01 03:57:36,19.5,79.2,,0,0,,1
2025-10-01 03:58:21,199.62,0.325,247.58,0.4625,1.3877,241.87,250.59,250.29,426.17,432.31,427.99,428.83,1.3877,0.0,0.0,0.325,0.0,0.0,0.0807,0.0807,0,0,0.3356,0.3356,0,0,0.9705,0.9705,1,1,50.1,262.99,155.74,0,1,2025-10-01 03:58:21,19.0,79.8,,0,0,,1
2025-10-01 03:59:06,199.62,0.3247,247.54,0.4622,1.3868,241.79,250.6,250.23,426.26,432.01,427.96,428.69,1.3868,0.0,0.0,0.3247,0.0,0.0,0.0809,0.0809,0,0,0.3353,0.3353,0,0,0.9703,0.9702,1,1,50,263,155.74,0,1,2025-10-01 03:59:06,18.9,81.4,,0,0,,1
2025-10-01 03:59:51,199.62,0.3248,247.53,0.4621,1.3864,241.72,250.58,250.29,426.18,432.14,427.86,428.63,1.3864,0.0,0.0,0.3248,0.0,0.0,0.0809,0.0809,0,0,0.3351,0.3351,0,0,0.9703,0.9702,1,1,50,263,155.74,0,1,2025-10-01 03:59:51,18.9,83.1,,0,0,,1
2025-10-01 04:00:36,199.63,0.3241,247.31,0.4618,1.3856,241.55,250.3,250.08,426.04,431.18,427.8,428.34,1.3856,0.0,0.0,0.3241,0.0,0.0,0.0812,0.0812,0,0,0.3347,0.3347,0,0,0.97,0.97,1,1,50,263.01,155.74,0,1,2025-10-01 04:00:36,18.9,84.6,,0,0,,1
2025-10-01 04:01:21,199.63,0.3244,247.36,0.4622,1.3868,241.66,250.31,250.13,425.99,431.58,427.76,428.37,1.3868,0.0,0.0,0.3244,0.0,0.0,0.081,0.081,0,0,0.3351,0.3351,0,0,0.9701,0.9701,1,1,50,263.01,155.74,0,1,2025-10-01 04:01:21,19.0,85.7,,0,0,,1
2025-10-01 04:02:06,199.64,0.3262,247.39,0.4625,1.3876,241.81,250.09,250.29,425.93,430.96,428.57,428.43,1.3876,0.0,0.0,0.3248,0.0,0.0,0.0811,0.0811,0,0,0.3355,0.3355,0,0,0.9704,0.9702,1,1,50,263.02,155.74,0,1,2025-10-01 04:02:06,19.0,86.7,,0,0,,1
2025-10-01 04:02:51,199.64,0.3252,247.51,0.4617,1.3852,241.84,250.35,250.34,426,431.42,428.64,428.66,1.3852,0.0,0.0,0.3241,0.0,0.0,0.0818,0.0818,0,0,0.335,0.335,0,0,0.9698,0.9696,1,1,50,263.02,155.74,0,1,2025-10-01 04:02:51,19.0,87.4,,0,0,,1
2025-10-01 04:03:36,199.64,0.3253,247.58,0.4619,1.3858,241.76,250.64,250.34,426.36,431.95,428.12,428.77,1.3858,0.0,0.0,0.3242,0.0,0.0,0.0815,0.0815,0,0,0.335,0.335,0,0,0.9699,0.9697,1,1,50,263.02,155.74,0,1,2025-10-01 04:03:36,19.1,88.2,,0,0,,1
2025-10-01 04:04:21,199.65,0.3252,247.73,0.4617,1.3851,241.82,250.79,250.59,426.76,432.01,428.45,429.07,1.3851,0.0,0.0,0.324,0.0,0.0,0.0818,0.0818,0,0,0.3349,0.3349,0,0,0.9698,0.9696,1,1,50,263.03,155.74,0,1,2025-10-01 04:04:21,19.5,88.9,,0,0,,1
2025-10-01 04:05:06,199.65,0.3236,247.16,0.4612,1.3837,240.4,250.63,250.47,425.4,431.48,427.39,428.03,1.3837,0.0,0.0,0.3223,0.0,0.0,0.0793,0.0793,0,0,0.3326,0.3326,0,0,0.9712,0.971,1,1,50,263.03,155.75,0,1,2025-10-01 04:05:06,19.5,89.4,,0,0,,1
2025-10-01 04:05:51,199.66,0.3231,247.17,0.4609,1.3828,240.36,250.7,250.46,425.4,431.54,427.37,428.08,1.3828,0.0,0.0,0.3221,0.0,0.0,0.0792,0.0792,0,0,0.3324,0.3324,0,0,0.9712,0.971,1,1,50,263.04,155.75,0,1,2025-10-01 04:05:51,19.6,89.8,,0,0,,1
2025-10-01 04:06:36,199.66,0.3228,246.97,0.4606,1.3819,240.18,250.51,250.23,425.04,431.3,426.93,427.76,1.3819,0.0,0.0,0.3216,0.0,0.0,0.0793,0.0793,0,0,0.3319,0.3319,0,0,0.9711,0.9709,1,1,50,263.04,155.75,0,1,2025-10-01 04:06:36,19.6,90.2,,0,0,,1
2025-10-01 04:07:21,199.66,0.3242,247.51,0.4606,1.382,241.45,250.62,250.48,426.2,431.96,427.94,428.71,1.382,0.0,0.0,0.3228,0.0,0.0,0.0815,0.0815,0,0,0.3337,0.3337,0,0,0.9697,0.9695,1,1,50,263.04,155.75,0,1,2025-10-01 04:07:21,19.6,90.5,,0,0,,1
2025-10-01 04:08:06,199.67,0.3246,247.24,0.4612,1.3836,241.56,249.57,250.59,425.87,431.53,427.28,428.23,1.3836,0.0,0.0,0.3233,0.0,0.0,0.0816,0.0816,0,0,0.3342,0.3342,0,0,0.9698,0.9696,1,1,50,263.05,155.75,0,1,2025-10-01 04:08:06,19.7,90.8,,0,0,,1
2025-10-01 04:08:51,199.67,0.3249,247.32,0.4617,1.3851,241.66,249.65,250.66,425.97,431.25,427.89,428.26,1.3851,0.0,0.0,0.3238,0.0,0.0,0.0816,0.0816,0,0,0.3347,0.3347,0,0,0.9698,0.9696,1,1,50,263.05,155.75,0,1,2025-10-01 04:08:51,19.7,91.2,,0,0,,1
2025-10-01 04:09:36,199.68,0.3244,247.52,0.4611,1.3833,241.46,250.64,250.47,426.66,431.46,428,428.64,1.3833,0.0,0.0,0.3232,0.0,0.0,0.0814,0.0814,0,0,0.334,0.334,0,0,0.9699,0.9697,1,1,50,263.06,155.75,0,1,2025-10-01 04:09:36,19.7,91.4,,0,0,,1
2025-10-01 04:10:21,199.68,0.3243,247.52,0.4611,1.3834,241.46,250.66,250.46,426.37,431.76,428.02,428.7,1.3834,0.0,0.0,0.3232,0.0,0.0,0.0813,0.0813,0,0,0.334,0.334,0,0,0.9699,0.9697,1,1,50,263.06,155.75,0,1,2025-10-01 04:10:21,19.7,91.6,,0,0,,1
2025-10-01 04:11:06,199.7,3.6587,246.54,7.7136,23.140900000000002,240.14,249.58,249.91,424.35,430,426.67,426.95,8.6865,7.3816,7.0728,1.5404,1.1481,0.9702,4.3111,1.4012,1.4347,1.4753,5.6958,2.086,1.8423,1.7676,0.647,0.7397,0.6248,0.5494,50,263.09,155.77,1,1,2025-10-01 04:11:06,19.8,91.8,,1,0,,0
2025-10-01 04:11:51,199.74,3.7981,246.64,7.818,23.454099999999997,240.21,249.73,249.98,424.39,430.54,426.61,427.2,8.7981,7.4893,7.1667,1.5847,1.1981,1.0154,4.2971,1.393,1.4302,1.4739,5.7752,2.1134,1.8703,1.7915,0.6622,0.751,0.6421,0.5673,50,263.16,155.82,1,1,2025-10-01 04:11:51,19.7,88.7,,1,0,,0
2025-10-01 04:12:36,199.79,3.7343,246.34,7.7607,23.282300000000003,239.94,249.37,249.73,424.24,429.54,426.22,426.7,8.7474,7.4134,7.1215,1.5633,1.1722,0.9988,4.2866,1.3948,1.423,1.4689,5.726,2.0989,1.8487,1.7785,0.6568,0.7461,0.6358,0.5622,50,263.23,155.88,1,1,2025-10-01 04:12:36,19.6,83.9,,1,0,,0
2025-10-01 04:13:21,199.83,0.3289,247.39,0.4666,1.3999,241.41,250.3,250.48,425.89,431.37,428.21,428.5,1.3999,0.0,0.0,0.3277,0.0,0.0,0.0794,0.0794,0,0,0.3379,0.3379,0,0,0.972,0.9718,1,1,50,263.29,155.92,0,1,2025-10-01 04:13:21,19.5,79.8,,0,0,,1
2025-10-01 04:14:06,199.84,0.3257,247.62,0.4624,1.3873,241.62,250.56,250.7,426.3,431.78,428.58,428.89,1.3873,0.0,0.0,0.3246,0.0,0.0,0.0807,0.0807,0,0,0.3352,0.3352,0,0,0.9706,0.9704,1,1,50,263.3,155.93,0,1,2025-10-01 04:14:06,19.0,79.4,,0,0,,1
2025-10-01 04:14:51,199.84,0.3238,247.53,0.4618,1.3854,241.54,250.5,250.57,426.39,431.59,428.22,428.8,1.3854,0.0,0.0,0.3238,0.0,0.0,0.0812,0.0812,0,0,0.3346,0.3346,0,0,0.9699,0.9699,1,1,50,263.3,155.93,0,1,2025-10-01 04:14:51,18.9,80.9,,0,0,,1
2025-10-01 04:15:36,199.84,0.323,246.89,0.461,1.383,240.09,250.31,250.28,424.88,430.85,427.1,427.68,1.383,0.0,0.0,0.3218,0.0,0.0,0.079,0.079,0,0,0.332,0.332,0,0,0.9714,0.9711,1,1,50,263.31,155.93,0,1,2025-10-01 04:15:36,18.9,82.6,,0,0,,1
2025-10-01 04:16:21,199.85,0.3208,246.74,0.46,1.3801,239.91,250.16,250.15,424.69,430.74,426.62,427.28,1.3801,0.0,0.0,0.3208,0.0,0.0,0.079,0.079,0,0,0.3311,0.3311,0,0,0.9709,0.9709,1,1,50,263.31,155.93,0,1,2025-10-01 04:16:21,18.9,84.1,,0,0,,1
2025-10-01 04:17:06,199.85,0.3213,246.7,0.4592,1.3778,239.87,250.19,250.06,424.77,430.53,426.57,427.26,1.3778,0.0,0.0,0.3201,0.0,0.0,0.0793,0.0793,0,0,0.3305,0.3305,0,0,0.9708,0.9706,1,1,50,263.31,155.93,0,1,2025-10-01 04:17:06,18.9,85.3,,0,0,,1
2025-10-01 04:17:51,199.86,0.3241,247.19,0.4612,1.3838,241.14,250.35,250.1,425.55,431.59,427.31,428.2,1.3838,0.0,0.0,0.3229,0.0,0.0,0.0812,0.0812,0,0,0.3337,0.3337,0,0,0.97,0.9697,1,1,50,263.32,155.93,0,1,2025-10-01 04:17:51,19.0,86.3,,0,0,,1
2025-10-01 04:18:36,199.86,0.3246,247.28,0.4618,1.3855,241.21,250.45,250.18,425.91,431.59,427.38,428.27,1.3855,0.0,0.0,0.3235,0.0,0.0,0.0809,0.0809,0,0,0.3342,0.3342,0,0,0.9703,0.9701,1,1,50,263.32,155.93,0,1,2025-10-01 04:18:36,19.0,87.3,,0,0,,1
2025-10-01 04:19:21,199.86,0.3248,247.2,0.4619,1.3859,241.22,250.31,250.08,425.83,431.32,427.33,428.18,1.3859,0.0,0.0,0.3236,0.0,0.0,0.0809,0.0809,0,0,0.3343,0.3343,0,0,0.9703,0.9701,1,1,50,263.33,155.93,0,1,2025-10-01 04:19:21,19.0,88,,0,0,,1
2025-10-01 04:20:06,199.87,0.3243,247.11,0.4617,1.3851,241.1,250.28,249.96,425.91,431.09,427,427.99,1.3851,0.0,0.0,0.3232,0.0,0.0,0.0811,0.0811,0,0,0.3339,0.3339,0,0,0.9701,0.9699,1,1,50,263.33,155.93,0,1,2025-10-01 04:20:06,19.1,88.6,,0,0,,1
2025-10-01 04:20:51,199.87,0.3241,247.07,0.4613,1.384,241.03,249.99,250.2,425.69,431.24,426.88,427.85,1.384,0.0,0.0,0.3229,0.0,0.0,0.0807,0.0807,0,0,0.3336,0.3336,0,0,0.9703,0.9701,1,1,50,263.34,155.93,0,1,2025-10-01 04:20:51,19.5,89.2,,0,0,,1
2025-10-01 04:21:36,199.88,0.322,247,0.4605,1.3816,240.91,250.06,250.05,425.98,430.54,426.92,427.83,1.3816,0.0,0.0,0.322,0.0,0.0,0.0811,0.0811,0,0,0.3328,0.3328,0,0,0.9697,0.9697,1,1,50,263.34,155.94,0,1,2025-10-01 04:21:36,19.5,89.7,,0,0,,1
2025-10-01 04:22:21,199.88,0.3229,247.15,0.4613,1.3841,241.03,250.27,250.17,425.75,431.3,427.19,428.14,1.3841,0.0,0.0,0.3229,0.0,0.0,0.0809,0.0809,0,0,0.3336,0.3336,0,0,0.9699,0.9699,1,1,50,263.34,155.94,0,1,2025-10-01 04:22:21,19.6,90.1,,0,0,,1
2025-10-01 04:23:06,199.88,0.3235,247.22,0.4604,1.3813,241.14,250.28,250.25,426.16,431.41,427.02,428.12,1.3813,0.0,0.0,0.3223,0.0,0.0,0.081,0.081,0,0,0.3331,0.3331,0,0,0.97,0.9698,1,1,50,263.35,155.94,0,1,2025-10-01 04:23:06,19.6,90.5,,0,0,,1
2025-10-01 04:23:51,199.89,0.324,247.14,0.4607,1.3823,241.14,250.06,250.24,425.54,431.18,427.46,428.06,1.3823,0.0,0.0,0.3227,0.0,0.0,0.0806,0.0806,0,0,0.3333,0.3333,0,0,0.9704,0.9702,1,1,50,263.35,155.94,0,1,2025-10-01 04:23:51,19.6,90.8,,0,0,,1
2025-10-01 04:24:36,199.89,0.324,247.2,0.4609,1.3829,241.18,250.14,250.28,425.95,430.74,427.75,428.11,1.3829,0.0,0.0,0.3229,0.0,0.0,0.0805,0.0805,0,0,0.3335,0.3335,0,0,0.9704,0.9702,1,1,50,263.36,155.94,0,1,2025-10-01 04:24:36,19.7,91.1,,0,0,,1
2025-10-01 04:25:21,199.9,0.3216,246.52,0.4597,1.3793,239.69,249.93,249.96,424.63,430.41,425.91,426.93,1.3793,0.0,0.0,0.3204,0.0,0.0,0.0785,0.0785,0,0,0.3306,0.3306,0,0,0.9715,0.9713,1,1,50,263.36,155.94,0,1,2025-10-01 04:25:21,19.7,91.4,,0,0,,1
2025-10-01 04:26:06,199.9,0.3219,246.62,0.4602,1.3806,239.7,250.06,250.11,424.45,430.94,426.08,427.15,1.3806,0.0,0.0,0.3209,0.0,0.0,0.0781,0.0781,0,0,0.3309,0.3309,0,0,0.9718,0.9716,1,1,50,263.36,155.94,0,1,2025-10-01 04:26:06,19.7,91.6,,0,0,,1
2025-10-01 04:26:51,199.9,0.3218,246.66,0.4599,1.3798,239.7,250.13,250.15,424.63,430.68,426.32,427.24,1.3798,0.0,0.0,0.3207,0.0,0.0,0.078,0.078,0,0,0.3307,0.3307,0,0,0.9718,0.9716,1,1,50.1,263.37,155.94,0,1,2025-10-01 04:26:51,19.8,91.8,,0,0,,1
2025-10-01 04:27:36,199.95,3.7756,245.73,7.7472,23.2416,238.45,249.19,249.57,422.71,429.5,424.64,425.65,8.7135,7.42,7.1081,1.5672,1.1998,1.0086,4.2181,1.3593,1.4012,1.4576,5.7007,2.0777,1.849,1.774,0.6669,0.7554,0.6504,0.569,50.1,263.43,155.99,1,1,2025-10-01 04:27:36,19.8,90.2,,1,0,,0
2025-10-01 04:28:28,200.01,3.7311,246.26,7.7321,23.1964,239.79,249.23,249.77,423.74,429.64,426.19,426.55,8.7309,7.3888,7.0767,1.5654,1.1698,0.9959,4.2599,1.3851,1.4164,1.4584,5.7026,2.0936,1.8415,1.7675,0.6588,0.7489,0.6367,0.5639,50.1,263.53,156.06,1,1,2025-10-01 04:28:28,19.6,83.8,,1,0,,0
2025-10-01 04:29:13,200.05,0.3279,246.97,0.4656,1.3968,240.89,249.94,250.1,425.49,430.48,427.31,427.75,1.3968,0.0,0.0,0.3264,0.0,0.0,0.0786,0.0786,0,0,0.3365,0.3365,0,0,0.9724,0.9721,1,1,50.1,263.6,156.11,0,1,2025-10-01 04:29:13,19.5,80.1,,0,0,,1
2025-10-01 04:29:58,200.06,0.3235,246.89,0.4621,1.3865,240.81,249.89,249.98,425.26,430.84,426.77,427.65,1.3865,0.0,0.0,0.3235,0.0,0.0,0.0795,0.0795,0,0,0.3339,0.3339,0,0,0.9711,0.9711,1,1,50,263.6,156.11,0,1,2025-10-01 04:29:58,19.0,79.5,,0,0,,1
2025-10-01 04:30:43,200.06,0.3244,246.86,0.4621,1.3864,240.77,249.88,249.94,425.31,430.92,426.49,427.59,1.3864,0.0,0.0,0.3234,0.0,0.0,0.0798,0.0798,0,0,0.3338,0.3338,0,0,0.971,0.9708,1,1,50,263.61,156.11,0,1,2025-10-01 04:30:43,18.9,81,,0,0,,1
2025-10-01 04:31:28,200.07,0.3233,247.05,0.4618,1.3856,240.93,250.09,250.14,425.84,430.96,426.89,427.92,1.3856,0.0,0.0,0.3233,0.0,0.0,0.08,0.08,0,0,0.3338,0.3338,0,0,0.9707,0.9707,1,1,50.1,263.61,156.12,0,1,2025-10-01 04:31:28,18.9,82.7,,0,0,,1
2025-10-01 04:32:13,200.07,0.3243,246.96,0.4616,1.3849,240.91,249.9,250.07,425.26,431.52,426.45,427.74,1.3849,0.0,0.0,0.3231,0.0,0.0,0.0801,0.0801,0,0,0.3336,0.3336,0,0,0.9707,0.9705,1,1,50,263.62,156.12,0,1,2025-10-01 04:32:13,18.9,84.3,,0,0,,1
2025-10-01 04:32:58,200.07,0.3225,246.88,0.461,1.3831,240.77,249.91,249.96,425.18,431.56,426.08,427.66,1.3831,0.0,0.0,0.3225,0.0,0.0,0.08,0.08,0,0,0.333,0.333,0,0,0.9705,0.9705,1,1,50,263.62,156.12,0,1,2025-10-01 04:32:58,19.0,86,,0,0,,1
2025-10-01 04:33:43,200.08,0.3239,246.93,0.4611,1.3833,240.88,249.93,249.98,425.75,430.52,426.77,427.7,1.3833,0.0,0.0,0.3226,0.0,0.0,0.0803,0.0803,0,0,0.3332,0.3332,0,0,0.9706,0.9704,1,1,50,263.62,156.12,0,1,2025-10-01 04:33:43,19.0,87.2,,0,0,,1
2025-10-01 04:34:28,200.08,0.3224,246.73,0.4611,1.3834,240.67,249.73,249.81,425.46,430.36,426.23,427.34,1.3834,0.0,0.0,0.3224,0.0,0.0,0.08,0.08,0,0,0.3329,0.3329,0,0,0.9705,0.9705,1,1,50,263.63,156.12,0,1,2025-10-01 04:34:28,19.0,88.3,,0,0,,1
2025-10-01 04:35:34,200.09,0.3218,246.34,0.4597,1.3793,239.78,249.06,250.2,424.13,430,425.89,426.67,1.3793,0.0,0.0,0.3206,0.0,0.0,0.0785,0.0785,0,0,0.3307,0.3307,0,0,0.9714,0.9712,1,1,50,263.64,156.12,0,1,2025-10-01 04:35:34,19.5,89.3,,0,0,,1
2025-10-01 04:36:19,200.09,0.3222,246.33,0.4606,1.3818,239.72,249.07,250.22,423.73,430.53,425.74,426.66,1.3818,0.0,0.0,0.3211,0.0,0.0,0.0784,0.0784,0,0,0.3312,0.3312,0,0,0.9716,0.9714,1,1,50.1,263.64,156.12,0,1,2025-10-01 04:36:19,19.6,89.7,,0,0,,1
2025-10-01 04:37:04,200.1,0.3203,246.19,0.4596,1.3789,239.64,248.87,250.07,423.85,429.81,425.57,426.38,1.3789,0.0,0.0,0.3203,0.0,0.0,0.0785,0.0785,0,0,0.3304,0.3304,0,0,0.9712,0.9712,1,1,50,263.64,156.12,0,1,2025-10-01 04:37:04,19.6,90,,0,0,,1
2025-10-01 04:37:49,200.1,0.3238,247.11,0.461,1.383,241.06,250.11,250.18,425.51,431.58,426.95,428.05,1.383,0.0,0.0,0.3227,0.0,0.0,0.0809,0.0809,0,0,0.3334,0.3334,0,0,0.9702,0.97,1,1,50,263.65,156.12,0,1,2025-10-01 04:37:49,19.6,90.5,,0,0,,1
2025-10-01 04:38:34,200.11,0.3245,247.18,0.4618,1.3855,241.09,250.19,250.28,425.58,431.95,426.88,428.2,1.3855,0.0,0.0,0.3235,0.0,0.0,0.0804,0.0804,0,0,0.334,0.334,0,0,0.9706,0.9704,1,1,50.1,263.65,156.12,0,1,2025-10-01 04:38:34,19.7,90.8,,0,0,,1
2025-10-01 04:39:19,200.11,0.3232,247.27,0.4613,1.3839,241.25,250.24,250.33,426.34,430.87,427.61,428.3,1.3839,0.0,0.0,0.3232,0.0,0.0,0.0805,0.0805,0,0,0.3339,0.3339,0,0,0.9703,0.9703,1,1,50.1,263.66,156.13,0,1,2025-10-01 04:39:19,19.7,91.1,,0,0,,1
2025-10-01 04:40:04,200.11,0.3243,247.28,0.4612,1.3837,241.28,250.16,250.4,426.24,430.99,427.63,428.22,1.3837,0.0,0.0,0.3232,0.0,0.0,0.0809,0.0809,0,0,0.3339,0.3339,0,0,0.9702,0.97,1,1,50,263.66,156.13,0,1,2025-10-01 04:40:04,19.7,91.3,,0,0,,1
2025-10-01 04:40:49,200.13,3.6227,246.56,7.6702,23.0106,240.27,249.4,250.03,424.37,430.14,426.65,427.01,8.7024,7.3125,6.9957,1.5386,1.1218,0.9622,4.3023,1.411,1.4322,1.4591,5.6638,2.0909,1.8237,1.7491,0.6441,0.737,0.6166,0.5505,50,263.68,156.14,1,1,2025-10-01 04:40:49,19.8,91.5,,1,0,,0
2025-10-01 04:41:34,200.17,3.7981,246.37,7.7995,23.398600000000002,240.13,249.15,249.85,424.09,429.93,426.16,426.76,8.8616,7.4143,7.1227,1.5941,1.1777,1.0262,4.274,1.4046,1.4174,1.452,5.7548,2.1279,1.8473,1.7796,0.6642,0.7503,0.639,0.5771,50.1,263.75,156.19,1,1,2025-10-01 04:41:34,19.7,88.9,,1,0,,0
2025-10-01 04:42:40,200.26,3.6784,246.83,7.695,23.0852,240.77,249.41,250.31,425.32,429.82,427.36,427.46,8.7981,7.2615,7.0256,1.5608,1.1214,0.9962,4.2904,1.4269,1.4162,1.4474,5.688,2.1183,1.8111,1.7586,0.6508,0.738,0.6207,0.5669,50.1,263.88,156.29,1,1,2025-10-01 04:42:40,19.6,81.3,,1,0,,0
2025-10-01 04:43:25,200.28,0.3291,248.63,0.4651,1.3955,242.76,251.44,251.7,428.47,433.05,430.36,430.59,1.3955,0.0,0.0,0.328,0.0,0.0,0.0817,0.0817,0,0,0.3388,0.3388,0,0,0.9705,0.9703,1,1,50.1,263.91,156.31,0,1,2025-10-01 04:43:25,19.0,78.7,,0,0,,1
2025-10-01 04:44:10,200.28,0.329,249.31,0.4641,1.3923,243.42,252.03,252.48,430.11,433.78,431.49,431.77,1.3923,0.0,0.0,0.3278,0.0,0.0,0.0828,0.0828,0,0,0.3389,0.3389,0,0,0.9697,0.9695,1,1,50.1,263.92,156.31,0,1,2025-10-01 04:44:10,19.0,79.9,,0,0,,1
2025-10-01 04:44:55,200.29,0.3293,249.45,0.4644,1.3932,243.55,252.25,252.57,430.08,434.5,431.59,432.06,1.3932,0.0,0.0,0.3282,0.0,0.0,0.0828,0.0828,0,0,0.3393,0.3393,0,0,0.9698,0.9696,1,1,50.2,263.92,156.32,0,1,2025-10-01 04:44:55,18.9,82,,0,0,,1
2025-10-01 04:45:40,200.29,0.3261,248.7,0.4634,1.3904,242.14,251.75,252.22,428.21,433.86,430.18,430.73,1.3904,0.0,0.0,0.3261,0.0,0.0,0.0807,0.0807,0,0,0.3367,0.3367,0,0,0.9707,0.9707,1,1,50.1,263.93,156.32,0,1,2025-10-01 04:45:40,18.9,83.7,,0,0,,1
2025-10-01 04:46:25,200.3,0.327,248.42,0.4632,1.3898,242.17,251.08,252.01,427.41,433.01,430.36,430.19,1.3898,0.0,0.0,0.3258,0.0,0.0,0.0811,0.0811,0,0,0.3366,0.3366,0,0,0.9705,0.9703,1,1,50.1,263.93,156.32,0,1,2025-10-01 04:46:25,19.0,85.1,,0,0,,1
2025-10-01 04:47:10,200.3,0.3257,248.4,0.462,1.386,242.01,251.21,251.99,427.41,432.88,430.38,430.17,1.386,0.0,0.0,0.3246,0.0,0.0,0.0812,0.0812,0,0,0.3354,0.3354,0,0,0.9703,0.9701,1,1,50.1,263.94,156.32,0,1,2025-10-01 04:47:10,19.0,86.4,,0,0,,1
2025-10-01 04:47:55,200.3,0.3282,248.92,0.4635,1.3906,243.19,251.48,252.11,428.76,433.72,430.93,431.12,1.3906,0.0,0.0,0.327,0.0,0.0,0.083,0.083,0,0,0.3382,0.3382,0,0,0.9694,0.9692,1,1,50.1,263.94,156.32,0,1,2025-10-01 04:47:55,19.0,87.4,,0,0,,1
2025-10-01 04:48:40,200.31,0.328,248.86,0.4636,1.3908,243.16,251.4,252.03,428.82,433.49,430.78,431.03,1.3908,0.0,0.0,0.3269,0.0,0.0,0.0832,0.0832,0,0,0.3382,0.3382,0,0,0.9692,0.969,1,1,50.1,263.94,156.32,0,1,2025-10-01 04:48:40,19.1,88.3,,0,0,,1
2025-10-01 04:49:46,200.32,0.3268,248.47,0.4625,1.3876,242.6,251.18,251.65,428.2,433.07,429.81,430.38,1.3876,0.0,0.0,0.3255,0.0,0.0,0.0826,0.0826,0,0,0.3366,0.3366,0,0,0.9695,0.9693,1,1,50,263.95,156.32,0,1,2025-10-01 04:49:46,19.6,89.6,,0,0,,1
2025-10-01 04:50:31,200.32,0.3262,248.14,0.4624,1.3872,242.26,250.89,251.28,427.38,432.95,429.04,429.74,1.3872,0.0,0.0,0.325,0.0,0.0,0.0825,0.0825,0,0,0.3361,0.3361,0,0,0.9694,0.9692,1,1,50,263.96,156.32,0,1,2025-10-01 04:50:31,19.6,90.1,,0,0,,1
2025-10-01 04:51:16,200.32,0.3258,248.06,0.462,1.3861,242.19,250.8,251.21,427.43,432.81,428.73,429.63,1.3861,0.0,0.0,0.3246,0.0,0.0,0.0823,0.0823,0,0,0.3357,0.3357,0,0,0.9695,0.9693,1,1,50,263.96,156.32,0,1,2025-10-01 04:51:16,19.7,90.5,,0,0,,1
2025-10-01 04:52:01,200.33,0.3259,247.94,0.4624,1.3874,242.08,250.71,251.05,427.25,432.5,428.59,429.44,1.3874,0.0,0.0,0.3249,0.0,0.0,0.082,0.082,0,0,0.3359,0.3359,0,0,0.9697,0.9695,1,1,50,263.96,156.33,0,1,2025-10-01 04:52:01,19.7,90.8,,0,0,,1
2025-10-01 04:52:46,200.33,1.4627,246.9,9.7153,29.145899999999997,240.21,249.97,250.52,425.39,430.26,427.21,428.17,10.4239,9.7779,8.9441,0.7495,0.3934,0.3198,1.4905,0.5154,0.4957,0.4794,7.1888,2.5039,2.4442,2.2407,0.7004,0.8239,0.6216,0.5549,50,263.97,156.33,1,1,2025-10-01 04:52:46,19.7,91.1,,0,0,,0
2025-10-01 04:53:31,200.38,3.7864,246.28,7.7893,23.367900000000002,239.35,249.32,250.19,423.35,430.12,426.23,426.55,8.8161,7.3862,7.1656,1.5747,1.1828,1.0289,4.2729,1.4,1.4062,1.4667,5.7444,2.1101,1.8415,1.7928,0.6632,0.7473,0.6436,0.5742,50,264.04,156.38,1,1,2025-10-01 04:53:31,19.7,89.1,,1,0,,0
2025-10-01 04:54:16,200.43,3.7342,246.35,7.7454,23.2363,239.43,249.44,250.2,423.47,430.07,426.52,426.68,8.7672,7.3451,7.124,1.5595,1.1647,1.0099,4.2765,1.4004,1.4089,1.4672,5.7137,2.0991,1.8322,1.7824,0.6577,0.744,0.6371,0.5669,50,264.11,156.43,1,1,2025-10-01 04:54:16,19.7,84.3,,1,0,,0
2025-10-01 04:55:01,200.47,3.6843,246.14,7.6968,23.0906,239.23,249.11,250.09,423.13,429.63,426.19,426.35,8.7197,7.2749,7.096,1.5397,1.1445,1.0001,4.2658,1.4023,1.3993,1.4642,5.6729,2.086,1.8123,1.7746,0.6536,0.7393,0.6331,0.564,50,264.19,156.49,1,1,2025-10-01 04:55:01,19.5,80.4,,1,0,,0
2025-10-01 04:55:46,200.48,0.3234,246.98,0.4612,1.3837,240.39,249.96,250.61,424.71,431.03,427.59,427.73,1.3837,0.0,0.0,0.3224,0.0,0.0,0.0791,0.0791,0,0,0.3326,0.3326,0,0,0.9713,0.9711,1,1,50,264.2,156.5,0,1,2025-10-01 04:55:46,19.0,78.8,,0,0,,1
2025-10-01 04:56:31,200.49,0.3233,247.08,0.4608,1.3826,240.44,250.26,250.54,425.42,431.45,426.97,427.96,1.3826,0.0,0.0,0.3222,0.0,0.0,0.0791,0.0791,0,0,0.3324,0.3324,0,0,0.9713,0.9711,1,1,50.1,264.21,156.5,0,1,2025-10-01 04:56:31,19.0,80.8,,0,0,,1
2025-10-01 04:57:16,200.49,0.3233,246.92,0.461,1.3832,240.34,249.87,250.55,424.75,431.18,427.07,427.64,1.3832,0.0,0.0,0.3222,0.0,0.0,0.0788,0.0788,0,0,0.3324,0.3324,0,0,0.9715,0.9713,1,1,50,264.21,156.5,0,1,2025-10-01 04:57:16,18.9,82.5,,0,0,,1
2025-10-01 04:58:01,200.5,0.3236,246.83,0.4616,1.3848,240.17,249.87,250.47,424.9,430.8,426.86,427.45,1.3848,0.0,0.0,0.3224,0.0,0.0,0.0788,0.0788,0,0,0.3326,0.3326,0,0,0.9716,0.9714,1,1,50,264.21,156.5,0,1,2025-10-01 04:58:01,19.0,83.9,,0,0,,1
2025-10-01 04:58:46,200.5,0.3229,246.72,0.4607,1.3822,240.07,249.73,250.36,424.73,430.52,426.7,427.34,1.3822,0.0,0.0,0.3216,0.0,0.0,0.079,0.079,0,0,0.3318,0.3318,0,0,0.9713,0.9711,1,1,50,264.22,156.5,0,1,2025-10-01 04:58:46,19.0,85.2,,0,0,,1
2025-10-01 04:59:31,200.5,0.3218,246.56,0.4598,1.3795,239.86,249.63,250.2,424.61,430.11,426.41,427.01,1.3795,0.0,0.0,0.3208,0.0,0.0,0.0785,0.0785,0,0,0.3309,0.3309,0,0,0.9715,0.9713,1,1,50.1,264.22,156.5,0,1,2025-10-01 04:59:31,19.0,86.2,,0,0,,1
2025-10-01 05:00:16,200.51,0.3213,246.54,0.4605,1.3817,239.79,249.67,250.16,424.43,430.42,426.17,427.04,1.3817,0.0,0.0,0.3213,0.0,0.0,0.0783,0.0783,0,0,0.3313,0.3313,0,0,0.9715,0.9715,1,1,50.1,264.23,156.51,0,1,2025-10-01 05:00:16,19.1,87,,0,0,,1
2025-10-01 05:01:01,200.51,0.3211,246.07,0.4608,1.3826,239.74,249.64,248.85,423.72,428.92,425.94,426.2,1.3826,0.0,0.0,0.3211,0.0,0.0,0.0783,0.0783,0,0,0.3315,0.3315,0,0,0.9715,0.9715,1,1,50,264.23,156.51,0,1,2025-10-01 05:01:01,19.5,87.8,,0,0,,1
2025-10-01 05:01:46,200.52,0.3217,245.83,0.4603,1.381,239.42,249.55,248.54,423.19,429.27,424.91,425.77,1.381,0.0,0.0,0.3206,0.0,0.0,0.0781,0.0781,0,0,0.3306,0.3306,0,0,0.9717,0.9715,1,1,50,264.23,156.51,0,1,2025-10-01 05:01:46,19.5,88.6,,0,0,,1
2025-10-01 05:02:31,200.52,0.3194,245.75,0.4587,1.3763,239.42,249.38,248.47,423.1,428.69,425.15,425.64,1.3763,0.0,0.0,0.3194,0.0,0.0,0.0784,0.0784,0,0,0.3295,0.3295,0,0,0.9711,0.9711,1,1,50,264.24,156.51,0,1,2025-10-01 05:02:31,19.6,89.1,,0,0,,1
2025-10-01 05:03:16,200.52,0.3214,245.52,0.4602,1.3806,239.3,248.97,248.29,422.55,428.4,424.76,425.12,1.3806,0.0,0.0,0.3204,0.0,0.0,0.078,0.078,0,0,0.3304,0.3304,0,0,0.9717,0.9715,1,1,50,264.24,156.51,0,1,2025-10-01 05:03:16,19.6,89.5,,0,0,,1
2025-10-01 05:04:01,200.53,0.3196,245.22,0.4594,1.3784,239.08,248.58,248.01,422.29,427.35,424.51,424.71,1.3784,0.0,0.0,0.3196,0.0,0.0,0.0779,0.0779,0,0,0.3295,0.3295,0,0,0.9715,0.9715,1,1,50,264.25,156.51,0,1,2025-10-01 05:04:01,19.7,90,,0,0,,1
2025-10-01 05:04:46,200.53,0.3205,245.05,0.4593,1.378,239.05,247.99,248.12,422.03,427.44,423.83,424.5,1.378,0.0,0.0,0.3194,0.0,0.0,0.0778,0.0778,0,0,0.3294,0.3294,0,0,0.9717,0.9715,1,1,50,264.25,156.51,0,1,2025-10-01 05:04:46,19.7,90.2,,0,0,,1
2025-10-01 05:05:31,200.56,3.714,244.35,7.6409,22.922800000000002,237.93,247.37,247.75,420.28,426.84,422.54,423.17,8.6789,7.2522,6.9917,1.5553,1.1561,1.0026,4.1335,1.3541,1.3672,1.4122,5.5911,2.065,1.794,1.7322,0.6683,0.7552,0.6467,0.5799,50,264.29,156.54,1,1,2025-10-01 05:05:31,19.7,90,,1,0,,0
2025-10-01 05:06:16,200.61,3.6957,244.25,7.6217,22.865099999999998,237.58,247.84,247.35,420.15,426.4,422.6,423.04,8.6602,7.2088,6.9961,1.5476,1.1499,0.9982,4.1259,1.3514,1.3623,1.4122,5.5746,2.0575,1.7866,1.7305,0.6672,0.7532,0.645,0.5771,50,264.36,156.59,1,1,2025-10-01 05:06:16,19.7,86,,1,0,,0
2025-10-01 05:07:01,200.65,3.6776,244.24,7.5968,22.790399999999998,236.99,247.58,248.15,420.08,426.39,422.58,423.05,8.5967,7.1953,6.9984,1.5287,1.1536,0.9953,4.1177,1.3426,1.3527,1.4224,5.5554,2.0373,1.7814,1.7367,0.6661,0.7516,0.6489,0.5734,50,264.43,156.64,1,1,2025-10-01 05:07:01,19.6,81.6,,1,0,,0
2025-10-01 05:07:46,200.68,0.3199,244.86,0.4606,1.3819,237.99,248.1,248.49,421.18,427.54,423.57,424.08,1.3819,0.0,0.0,0.3199,0.0,0.0,0.0757,0.0757,0,0,0.3289,0.3289,0,0,0.9731,0.9729,1,1,50,264.48,156.68,0,1,2025-10-01 05:07:46,19.5,78.1,,0,0,,1
2025-10-01 05:08:31,200.69,0.3176,244.65,0.4588,1.3765,237.73,248.1,248.14,420.96,427.11,423.16,423.66,1.3765,0.0,0.0,0.3176,0.0,0.0,0.0761,0.0761,0,0,0.3272,0.3272,0,0,0.9724,0.9724,1,1,50,264.48,156.68,0,1,2025-10-01 05:08:31,19.0,79.1,,0,0,,1
2025-10-01 05:09:16,200.69,0.3185,244.54,0.4586,1.376,237.68,247.94,248,420.98,426.85,422.78,423.47,1.376,0.0,0.0,0.3174,0.0,0.0,0.0761,0.0761,0,0,0.327,0.327,0,0,0.9726,0.9724,1,1,50,264.49,156.68,0,1,2025-10-01 05:09:16,18.9,81.2,,0,0,,1
2025-10-01 05:10:01,200.7,0.3197,244.72,0.4599,1.3798,237.79,248.28,248.11,421.19,427.65,422.76,423.67,1.3798,0.0,0.0,0.3186,0.0,0.0,0.0759,0.0759,0,0,0.3281,0.3281,0,0,0.9729,0.9728,1,1,50,264.49,156.68,0,1,2025-10-01 05:10:01,19.0,82.7,,0,0,,1
2025-10-01 05:10:46,200.7,0.319,244.74,0.4586,1.376,238.03,248.06,248.13,421.33,427.23,423.11,423.88,1.376,0.0,0.0,0.3178,0.0,0.0,0.0766,0.0766,0,0,0.3275,0.3275,0,0,0.9723,0.9721,1,1,50,264.5,156.68,0,1,2025-10-01 05:10:46,19.0,84.1,,0,0,,1
2025-10-01 05:11:31,200.7,0.3178,244.56,0.4588,1.3764,237.89,247.85,247.94,420.97,427.04,422.73,423.57,1.3764,0.0,0.0,0.3178,0.0,0.0,0.0764,0.0764,0,0,0.3274,0.3274,0,0,0.9722,0.9722,1,1,50,264.5,156.68,0,1,2025-10-01 05:11:31,19.0,85.3,,0,0,,1
2025-10-01 05:12:16,200.71,0.3185,244.42,0.4585,1.3756,237.72,247.71,247.84,420.73,426.64,422.65,423.31,1.3756,0.0,0.0,0.3174,0.0,0.0,0.0762,0.0762,0,0,0.327,0.327,0,0,0.9725,0.9723,1,1,50,264.5,156.68,0,1,2025-10-01 05:12:16,19.1,86.3,,0,0,,1
2025-10-01 05:13:01,200.71,0.3169,244.16,0.4583,1.3751,237.45,247.45,247.59,420.39,426.2,422.07,422.96,1.3751,0.0,0.0,0.3169,0.0,0.0,0.076,0.076,0,0,0.3265,0.3265,0,0,0.9724,0.9724,1,1,50,264.51,156.68,0,1,2025-10-01 05:13:01,19.5,87.1,,0,0,,1
2025-10-01 05:13:46,200.72,0.3182,244.11,0.4579,1.3737,237.4,247.5,247.43,420.06,426.39,421.95,422.78,1.3737,0.0,0.0,0.3166,0.0,0.0,0.0757,0.0757,0,0,0.3261,0.3261,0,0,0.9728,0.9725,1,1,50,264.51,156.69,0,1,2025-10-01 05:13:46,19.5,87.8,,0,0,,1
2025-10-01 05:14:31,200.72,0.3185,244.15,0.4584,1.3752,237.45,247.53,247.49,420.67,425.75,422.2,422.88,1.3752,0.0,0.0,0.3171,0.0,0.0,0.0752,0.0752,0,0,0.3265,0.3265,0,0,0.9732,0.973,1,1,50.1,264.52,156.69,0,1,2025-10-01 05:14:31,19.6,88.4,,0,0,,1
2025-10-01 05:15:16,200.72,0.3189,244.65,0.4592,1.3777,238.65,247.68,247.63,421.38,427.22,422.64,423.73,1.3777,0.0,0.0,0.3189,0.0,0.0,0.0774,0.0774,0,0,0.3288,0.3288,0,0,0.9718,0.9718,1,1,50.1,264.52,156.69,0,1,2025-10-01 05:15:16,19.6,88.9,,0,0,,1
2025-10-01 05:16:01,200.73,0.3199,244.6,0.459,1.3771,238.67,247.52,247.61,421.29,427.06,422.61,423.62,1.3771,0.0,0.0,0.3187,0.0,0.0,0.0777,0.0777,0,0,0.3287,0.3287,0,0,0.9717,0.9715,1,1,50,264.52,156.69,0,1,2025-10-01 05:16:01,19.6,89.4,,0,0,,1
2025-10-01 05:16:46,200.73,0.3188,244.31,0.458,1.3742,238.36,247.25,247.33,420.64,426.75,422.1,423.17,1.3742,0.0,0.0,0.3177,0.0,0.0,0.0772,0.0772,0,0,0.3276,0.3276,0,0,0.9718,0.9716,1,1,50,264.53,156.69,0,1,2025-10-01 05:16:46,19.7,89.9,,0,0,,1
2025-10-01 05:17:31,200.74,0.3181,244.28,0.4587,1.3761,238.37,247.21,247.27,420.94,426.19,422.17,423.08,1.3761,0.0,0.0,0.3181,0.0,0.0,0.0774,0.0774,0,0,0.328,0.328,0,0,0.9716,0.9716,1,1,50,264.53,156.69,0,1,2025-10-01 05:17:31,19.7,90.3,,0,0,,1
2025-10-01 05:18:16,200.77,3.7272,243.19,7.611,22.8331,236.88,246.09,246.61,418.44,424.78,420.43,421.17,8.6294,7.233,6.9707,1.5535,1.1658,1.0079,4.0549,1.3241,1.3398,1.391,5.5431,2.0441,1.78,1.719,0.6767,0.761,0.6564,0.5867,50,264.59,156.73,1,1,2025-10-01 05:18:16,19.7,89.3,,1,0,,0
2025-10-01 05:19:01,200.82,3.6998,242.07,7.5347,22.6042,240.19,242.48,243.56,417.13,421.69,419.04,419.36,8.7141,7.0809,6.8092,1.5903,1.0931,1.0164,3.9852,1.3566,1.3196,1.309,5.4685,2.093,1.717,1.6584,0.6803,0.7607,0.6379,0.6132,50,264.66,156.78,1,1,2025-10-01 05:19:01,19.7,84.7,,1,0,,0
2025-10-01 05:20:31,200.89,0.3263,242.93,0.4635,1.3906,241.34,243.28,244.18,418.88,423.19,420.24,420.8,1.3906,0.0,0.0,0.3249,0.0,0.0,0.081,0.081,0,0,0.3356,0.3356,0,0,0.9705,0.9703,1,1,50,264.76,156.86,0,1,2025-10-01 05:20:31,19.1,77.8,,0,0,,1
2025-10-01 05:21:16,200.9,0.3241,243.07,0.4621,1.3865,241.55,243.41,244.25,418.99,423.3,420.72,421,1.3865,0.0,0.0,0.324,0.0,0.0,0.0816,0.0816,0,0,0.3349,0.3349,0,0,0.9697,0.9697,1,1,50,264.77,156.86,0,1,2025-10-01 05:21:16,19.0,79.7,,0,0,,1
2025-10-01 05:22:01,200.9,0.3232,242.89,0.4616,1.3848,241.34,243.27,244.07,418.75,423.05,420.3,420.7,1.3848,0.0,0.0,0.3233,0.0,0.0,0.0816,0.0816,0,0,0.3342,0.3342,0,0,0.9695,0.9695,1,1,50,264.77,156.86,0,1,2025-10-01 05:22:01,18.9,81.8,,0,0,,1
2025-10-01 05:22:46,200.9,0.3213,243.47,0.4609,1.3828,240.01,242.4,248.01,416.64,426.03,422.48,421.64,1.3828,0.0,0.0,0.3216,0.0,0.0,0.0791,0.0791,0,0,0.3319,0.3319,0,0,0.971,0.971,1,1,50,264.78,156.86,0,1,2025-10-01 05:22:46,18.9,83.2,,0,0,,1
2025-10-01 05:23:31,200.91,0.3217,243.58,0.4605,1.3816,240.28,242.18,248.28,419.32,424.16,422.18,421.92,1.3816,0.0,0.0,0.3215,0.0,0.0,0.0797,0.0797,0,0,0.332,0.332,0,0,0.9706,0.9706,1,1,50,264.78,156.86,0,1,2025-10-01 05:23:31,19.0,84.6,,0,0,,1
2025-10-01 05:24:16,200.91,0.3176,242.2,0.459,1.377,237.83,241.64,247.13,416.55,422.57,419.38,419.58,1.377,0.0,0.0,0.3179,0.0,0.0,0.0759,0.0759,0,0,0.3275,0.3275,0,0,0.9726,0.9726,1,1,50,264.79,156.86,0,1,2025-10-01 05:24:16,19.0,85.8,,0,0,,1
2025-10-01 05:25:01,200.92,0.315,242.28,0.4577,1.3733,237.06,241.79,248,416.25,423.02,419.66,419.71,1.3733,0.0,0.0,0.3162,0.0,0.0,0.075,0.075,0,0,0.3256,0.3256,0,0,0.9728,0.973,1,1,50,264.79,156.86,0,1,2025-10-01 05:25:01,19.1,86.8,,0,0,,1
2025-10-01 05:25:46,200.92,0.316,242.19,0.4576,1.373,236.99,241.65,247.95,416.62,422.21,419.62,419.45,1.373,0.0,0.0,0.3161,0.0,0.0,0.0748,0.0748,0,0,0.3254,0.3254,0,0,0.973,0.9731,1,1,50,264.79,156.86,0,1,2025-10-01 05:25:46,19.5,87.7,,0,0,,1
2025-10-01 05:26:31,200.92,0.3178,243.21,0.4588,1.3764,238.04,242.71,248.88,418.4,424.33,421,421.23,1.3764,0.0,0.0,0.3179,0.0,0.0,0.0766,0.0766,0,0,0.3276,0.3276,0,0,0.9721,0.9721,1,1,50,264.8,156.87,0,1,2025-10-01 05:26:31,19.6,88.4,,0,0,,1
2025-10-01 05:27:16,200.93,0.3194,243.16,0.4596,1.3789,238.8,242.1,248.58,418.53,423.21,421.72,421.13,1.3789,0.0,0.0,0.3194,0.0,0.0,0.0774,0.0774,0,0,0.3293,0.3293,0,0,0.9718,0.9718,1,1,50.1,264.8,156.87,0,1,2025-10-01 05:27:16,19.6,89,,0,0,,1
2025-10-01 05:28:01,200.93,0.3191,243.02,0.4595,1.3785,238.63,241.95,248.49,418.25,423.28,421.23,420.94,1.3785,0.0,0.0,0.3191,0.0,0.0,0.0771,0.0771,0,0,0.329,0.329,0,0,0.972,0.972,1,1,50,264.81,156.87,0,1,2025-10-01 05:28:01,19.7,89.5,,0,0,,1
2025-10-01 05:29:31,201,3.6808,242.04,7.4903,22.4711,237.38,241.01,247.75,416.58,421.74,419.36,419.29,8.6248,6.9603,6.886,1.5322,1.0997,1.0489,3.96,1.3539,1.262,1.3441,5.4309,2.0474,1.6775,1.706,0.6808,0.7493,0.6569,0.6152,50.1,264.91,156.94,1,1,2025-10-01 05:29:31,19.7,85.2,,1,0,,0
2025-10-01 05:30:16,201.05,3.6499,241.92,7.4507,22.3521,237.31,240.84,247.61,416.11,421.75,419.17,419,8.6012,6.908,6.8429,1.5243,1.0848,1.0407,3.9465,1.3537,1.2569,1.3359,5.3992,2.0412,1.6637,1.6944,0.6789,0.7477,0.6533,0.6145,50.1,264.98,156.99,1,1,2025-10-01 05:30:16,19.6,81.4,,1,0,,0
2025-10-01 05:31:01,201.09,0.323,242.92,0.4626,1.3878,238.56,241.74,248.46,418.39,422.24,421.57,420.7,1.3878,0.0,0.0,0.3216,0.0,0.0,0.0759,0.0759,0,0,0.3311,0.3311,0,0,0.9734,0.9732,1,1,50.1,265.04,157.04,0,1,2025-10-01 05:31:01,19.5,77.9,,0,0,,1
2025-10-01 05:31:53,201.1,0.3186,243.22,0.4598,1.3795,238.89,242.01,248.78,418.2,424.11,421.52,421.27,1.3795,0.0,0.0,0.3197,0.0,0.0,0.0774,0.0774,0,0,0.3295,0.3295,0,0,0.9717,0.9719,1,1,50.1,265.05,157.04,0,1,2025-10-01 05:31:53,19.0,79,,0,0,,1
2025-10-01 05:32:38,201.1,0.3193,243.4,0.4592,1.3777,238.97,242.34,248.89,418.62,424.11,421.99,421.58,1.3777,0.0,0.0,0.3192,0.0,0.0,0.0778,0.0778,0,0,0.3292,0.3292,0,0,0.9715,0.9715,1,1,50.1,265.05,157.04,0,1,2025-10-01 05:32:38,18.9,80.9,,0,0,,1
2025-10-01 05:33:23,201.1,0.3179,243.11,0.4592,1.3776,238.71,242.04,248.59,418.58,422.92,421.72,421.09,1.3776,0.0,0.0,0.319,0.0,0.0,0.0773,0.0773,0,0,0.3288,0.3288,0,0,0.9717,0.9719,1,1,50.1,265.05,157.04,0,1,2025-10-01 05:33:23,19.0,82.4,,0,0,,1
2025-10-01 05:34:08,201.11,0.3169,242.48,0.4579,1.3738,237.56,241.33,248.56,416.84,422.34,420.76,419.83,1.3738,0.0,0.0,0.3169,0.0,0.0,0.0756,0.0756,0,0,0.3264,0.3264,0,0,0.9727,0.9727,1,1,50.1,265.06,157.04,0,1,2025-10-01 05:34:08,19.0,83.6,,0,0,,1
2025-10-01 05:34:53,201.11,0.3168,242.57,0.4582,1.3747,237.4,242.08,248.25,417.18,423.46,419.81,420.17,1.3747,0.0,0.0,0.3169,0.0,0.0,0.0754,0.0754,0,0,0.3264,0.3264,0,0,0.9727,0.9728,1,1,50.1,265.06,157.04,0,1,2025-10-01 05:34:53,19.0,84.8,,0,0,,1
2025-10-01 05:35:38,201.12,0.3151,242.46,0.4581,1.3745,237.25,241.97,248.18,417.28,423.03,419.56,419.87,1.3745,0.0,0.0,0.3167,0.0,0.0,0.0754,0.0754,0,0,0.3261,0.3261,0,0,0.9725,0.9728,1,1,50.1,265.07,157.04,0,1,2025-10-01 05:35:38,19.1,85.8,,0,0,,1
2025-10-01 05:36:23,201.12,0.3175,243.06,0.459,1.3772,238.54,242.25,248.4,418.73,423.37,420.86,421.03,1.3772,0.0,0.0,0.3186,0.0,0.0,0.0772,0.0772,0,0,0.3285,0.3285,0,0,0.9716,0.9718,1,1,50.1,265.07,157.04,0,1,2025-10-01 05:36:23,19.5,86.5,,0,0,,1
2025-10-01 05:37:08,201.12,0.3169,242.96,0.4584,1.3753,238.53,241.96,248.4,418.73,422.9,420.79,420.83,1.3753,0.0,0.0,0.3181,0.0,0.0,0.0774,0.0774,0,0,0.3281,0.3281,0,0,0.9714,0.9716,1,1,50,265.07,157.04,0,1,2025-10-01 05:37:08,19.5,87.2,,0,0,,1
2025-10-01 05:37:53,201.13,0.3185,242.82,0.4587,1.3762,238.48,241.7,248.3,418.17,422.99,420.57,420.54,1.3762,0.0,0.0,0.3184,0.0,0.0,0.0771,0.0771,0,0,0.3282,0.3282,0,0,0.9719,0.9718,1,1,50.1,265.08,157.05,0,1,2025-10-01 05:37:53,19.6,87.9,,0,0,,1
2025-10-01 05:39:00,201.13,0.3192,242.92,0.4596,1.3788,238.7,240.92,249.15,418.61,422.57,421,420.75,1.3788,0.0,0.0,0.3192,0.0,0.0,0.0776,0.0776,0,0,0.3291,0.3291,0,0,0.9717,0.9717,1,1,50,265.09,157.05,0,1,2025-10-01 05:39:00,19.7,88.9,,0,0,,1
2025-10-01 05:39:45,201.14,0.3182,243.07,0.4588,1.3764,238.42,241.88,248.91,418.54,424.11,420.34,420.96,1.3764,0.0,0.0,0.3183,0.0,0.0,0.077,0.077,0,0,0.3282,0.3282,0,0,0.9719,0.9719,1,1,50.1,265.09,157.05,0,1,2025-10-01 05:39:45,19.7,89.4,,0,0,,1
2025-10-01 05:40:30,201.14,0.3191,242.92,0.4586,1.3758,238.3,241.72,248.76,418.12,423.62,420.5,420.8,1.3758,0.0,0.0,0.3181,0.0,0.0,0.0768,0.0768,0,0,0.3279,0.3279,0,0,0.9722,0.972,1,1,50.1,265.09,157.05,0,1,2025-10-01 05:40:30,19.7,89.7,,0,0,,1
2025-10-01 05:41:15,201.15,3.6723,242.55,10.3273,30.982100000000003,235.56,245.34,246.77,416.89,423.78,419.66,421.41,11.7279,9.7885,9.4657,1.6522,1.0878,0.9323,4.5577,1.5702,1.477,1.5106,7.5,2.7626,2.4015,2.3359,0.6274,0.7248,0.593,0.5252,50.1,265.1,157.05,1,1,2025-10-01 05:41:15,19.7,90.2,,1,0,,0
2025-10-01 05:42:00,201.19,3.7406,241.6,7.5425,22.627499999999998,235.15,244.81,244.84,415.54,421.81,418,418.38,8.629,7.0972,6.9013,1.559,1.1571,1.0245,3.9285,1.2947,1.2913,1.3425,5.4563,2.0291,1.7375,1.6897,0.6895,0.7693,0.6673,0.6066,50.1,265.17,157.1,1,1,2025-10-01 05:42:00,19.7,88.4,,1,0,,0
2025-10-01 05:42:45,201.24,3.7104,241.04,7.4879,22.4638,233.69,244.9,244.54,415.11,420.85,416.48,417.54,8.5054,7.0986,6.8598,1.5367,1.1703,1.0034,3.8807,1.2567,1.2809,1.3431,5.4036,1.9876,1.7384,1.6775,0.691,0.7741,0.6745,0.5985,50.1,265.24,157.15,1,1,2025-10-01 05:42:45,19.7,84,,1,0,,0
2025-10-01 05:44:15,201.3,0.3152,241.82,0.4579,1.3737,234.93,245.67,244.88,416.85,421.43,418.2,418.78,1.3737,0.0,0.0,0.3141,0.0,0.0,0.0719,0.0719,0,0,0.3227,0.3227,0,0,0.9749,0.9747,1,1,50,265.33,157.21,0,1,2025-10-01 05:44:15,19.0,77.6,,0,0,,1
2025-10-01 05:45:00,201.31,0.3141,241.7,0.4581,1.3744,234.81,245.5,244.8,416.09,421.87,417.91,418.58,1.3744,0.0,0.0,0.3141,0.0,0.0,0.0717,0.0717,0,0,0.3227,0.3227,0,0,0.9749,0.9749,1,1,50,265.33,157.21,0,1,2025-10-01 05:45:00,19.0,79,,0,0,,1
2025-10-01 05:46:06,201.31,0.3145,242.21,0.4573,1.3721,235.87,245.82,244.94,417.79,422.58,418.15,419.55,1.3721,0.0,0.0,0.3145,0.0,0.0,0.0738,0.0738,0,0,0.3236,0.3236,0,0,0.9735,0.9735,1,1,50,265.34,157.22,0,1,2025-10-01 05:46:06,18.9,82.1,,0,0,,1
2025-10-01 05:46:51,201.32,0.316,242.24,0.4573,1.3721,235.95,245.8,244.98,417.72,422.35,418.61,419.64,1.3721,0.0,0.0,0.3146,0.0,0.0,0.0738,0.0738,0,0,0.3237,0.3237,0,0,0.9737,0.9735,1,1,50,265.34,157.22,0,1,2025-10-01 05:46:51,18.9,83.8,,0,0,,1
2025-10-01 05:47:36,201.32,0.3161,242.16,0.4579,1.3737,235.85,245.69,244.94,417.09,423.18,418.02,419.39,1.3737,0.0,0.0,0.315,0.0,0.0,0.0736,0.0736,0,0,0.324,0.324,0,0,0.9739,0.9737,1,1,50,265.35,157.22,0,1,2025-10-01 05:47:36,19.0,85,,0,0,,1
2025-10-01 05:48:21,201.33,0.3154,242.14,0.457,1.3712,235.81,245.75,244.87,417.43,422.65,418.1,419.51,1.3712,0.0,0.0,0.3142,0.0,0.0,0.074,0.074,0,0,0.3233,0.3233,0,0,0.9735,0.9733,1,1,50,265.35,157.22,0,1,2025-10-01 05:48:21,19.0,86.1,,0,0,,1
2025-10-01 05:49:06,201.33,0.315,242.02,0.4565,1.3696,235.7,245.61,244.76,417.01,422.77,417.79,419.28,1.3696,0.0,0.0,0.3137,0.0,0.0,0.0739,0.0739,0,0,0.3228,0.3228,0,0,0.9735,0.9733,1,1,50,265.36,157.22,0,1,2025-10-01 05:49:06,19.1,87,,0,0,,1
2025-10-01 05:49:51,201.33,0.3147,242.18,0.4562,1.3687,235.84,245.74,244.97,417.24,423.1,418.06,419.49,1.3687,0.0,0.0,0.3136,0.0,0.0,0.0741,0.0741,0,0,0.3228,0.3228,0,0,0.9734,0.9732,1,1,50.1,265.36,157.22,0,1,2025-10-01 05:49:51,19.1,87.8,,0,0,,1
2025-10-01 05:50:36,201.34,0.3135,241.87,0.4563,1.369,235.63,245.26,244.73,416.85,422.29,417.64,419.41,1.369,0.0,0.0,0.3135,0.0,0.0,0.0736,0.0736,0,0,0.3226,0.3226,0,0,0.9735,0.9735,1,1,50.1,265.36,157.22,0,1,2025-10-01 05:50:36,19.5,88.4,,0,0,,1
2025-10-01 05:51:21,201.34,0.3117,241.4,0.4555,1.3667,234.41,245.18,244.62,415.37,421.88,417.08,418.17,1.3667,0.0,0.0,0.3117,0.0,0.0,0.0717,0.0717,0,0,0.3204,0.3204,0,0,0.9745,0.9745,1,1,50.1,265.37,157.22,0,1,2025-10-01 05:51:21,19.6,88.9,,0,0,,1
2025-10-01 05:52:06,201.34,0.3133,241.36,0.4561,1.3685,234.3,245.26,244.53,415.77,421.12,417.2,418.04,1.3685,0.0,0.0,0.3121,0.0,0.0,0.0715,0.0715,0,0,0.3206,0.3206,0,0,0.9749,0.9747,1,1,50.1,265.37,157.22,0,1,2025-10-01 05:52:06,19.6,89.4,,0,0,,1
2025-10-01 05:53:12,201.35,0.3124,241.32,0.4555,1.3665,234.13,245.29,244.56,415.38,421.42,417.11,418,1.3665,0.0,0.0,0.3113,0.0,0.0,0.0715,0.0715,0,0,0.3199,0.3199,0,0,0.9747,0.9745,1,1,50.1,265.38,157.22,0,1,2025-10-01 05:53:12,19.7,90.1,,0,0,,1
2025-10-01 05:53:57,201.36,0.3132,241.27,0.4563,1.3691,234.14,245.15,244.52,415.77,420.77,417.05,417.79,1.3691,0.0,0.0,0.312,0.0,0.0,0.0713,0.0713,0,0,0.3206,0.3206,0,0,0.975,0.9748,1,1,50.1,265.38,157.23,0,1,2025-10-01 05:53:57,19.7,90.4,,0,0,,1
2025-10-01 05:54:42,201.36,0.3149,241.55,0.457,1.371,235.21,244.99,244.47,416.61,420.9,417.58,418.34,1.371,0.0,0.0,0.3136,0.0,0.0,0.0729,0.0729,0,0,0.3225,0.3225,0,0,0.9742,0.974,1,1,50.1,265.39,157.23,0,1,2025-10-01 05:54:42,19.7,90.7,,0,0,,1
2025-10-01 05:55:27,201.4,3.716,240.49,7.4787,22.4361,233.9,243.9,243.68,413.85,419.84,415.9,416.62,8.5141,7.0902,6.8318,1.5448,1.1647,1.0066,3.8512,1.2529,1.2736,1.3247,5.3855,1.9914,1.7293,1.6648,0.6943,0.7766,0.6748,0.6049,50.1,265.44,157.26,1,1,2025-10-01 05:55:27,19.7,89.6,,1,0,,0
2025-10-01 05:56:12,201.44,3.6822,240.3,7.4338,22.301499999999997,233.7,243.75,243.45,413.43,419.7,415.47,416.18,8.4713,7.0475,6.7827,1.5353,1.1531,0.9937,3.8326,1.2462,1.2688,1.3177,5.3488,1.9797,1.7178,1.6512,0.6928,0.7764,0.6725,0.6021,50.1,265.51,157.31,1,1,2025-10-01 05:56:12,19.7,85.5,,1,0,,0
2025-10-01 05:56:57,201.49,3.6604,240.18,7.4057,22.217200000000002,233.61,243.54,243.39,413.61,419.1,415.25,416.03,8.4486,6.9947,6.7739,1.5255,1.1417,0.9932,3.8234,1.2486,1.2597,1.3151,5.3259,1.9737,1.7035,1.6487,0.6915,0.7738,0.6715,0.6026,50.1,265.57,157.36,1,1,2025-10-01 05:56:57,19.6,81.9,,1,0,,0
2025-10-01 05:57:42,201.52,0.3148,240.42,0.4595,1.3786,233.38,244.19,243.69,414.31,419.2,415.67,416.4,1.3786,0.0,0.0,0.3137,0.0,0.0,0.0696,0.0696,0,0,0.3217,0.3217,0,0,0.9764,0.9762,1,1,50.1,265.62,157.39,0,1,2025-10-01 05:57:42,19.1,78,,0,0,,1
2025-10-01 05:58:27,201.53,0.3115,240.31,0.4567,1.3702,233.35,244.03,243.56,413.52,419.23,415.88,416.14,1.3702,0.0,0.0,0.3115,0.0,0.0,0.0701,0.0701,0,0,0.3197,0.3197,0,0,0.9756,0.9756,1,1,50.1,265.63,157.39,0,1,2025-10-01 05:58:27,19.0,78.4,,0,0,,1
2025-10-01 05:59:12,201.53,0.3127,240.74,0.4565,1.3697,233.64,244.66,243.94,414.82,419.98,416.08,416.97,1.3697,0.0,0.0,0.3116,0.0,0.0,0.0707,0.0707,0,0,0.32,0.32,0,0,0.9753,0.9751,1,1,50.1,265.63,157.4,0,1,2025-10-01 05:59:12,18.9,80.1,,0,0,,1
2025-10-01 05:59:57,201.53,0.313,240.52,0.4566,1.3699,233.82,244.85,242.91,414.4,420.09,415.28,416.66,1.3699,0.0,0.0,0.3118,0.0,0.0,0.0712,0.0712,0,0,0.3203,0.3203,0,0,0.975,0.9748,1,1,50,265.63,157.4,0,1,2025-10-01 05:59:57,18.9,81.9,,0,0,,1
2025-10-01 06:00:42,201.54,0.3123,240.22,0.456,1.3681,233.68,244.37,242.61,413.77,419.33,415.07,416.03,1.3681,0.0,0.0,0.3111,0.0,0.0,0.0715,0.0715,0,0,0.3197,0.3197,0,0,0.9747,0.9745,1,1,50,265.64,157.4,0,1,2025-10-01 06:00:42,18.9,83.6,,0,0,,1
2025-10-01 06:01:27,201.54,0.3124,240.26,0.4561,1.3683,233.77,244.3,242.71,413.7,419.23,415.44,416.11,1.3683,0.0,0.0,0.3112,0.0,0.0,0.0719,0.0719,0,0,0.3199,0.3199,0,0,0.9745,0.9743,1,1,50,265.64,157.4,0,1,2025-10-01 06:01:27,19.0,84.9,,0,0,,1
2025-10-01 06:02:12,201.54,0.3145,241.03,0.4567,1.3703,235.27,244.61,243.21,415.08,420.7,416.62,417.51,1.3703,0.0,0.0,0.3134,0.0,0.0,0.0733,0.0733,0,0,0.3224,0.3224,0,0,0.9738,0.9737,1,1,50,265.65,157.4,0,1,2025-10-01 06:02:12,19.0,86.1,,0,0,,1
2025-10-01 06:02:57,201.55,0.3144,241.18,0.4573,1.3719,234.89,244.51,244.15,415.47,420.56,417.14,417.75,1.3719,0.0,0.0,0.3134,0.0,0.0,0.0727,0.0727,0,0,0.3222,0.3222,0,0,0.9743,0.9741,1,1,50,265.65,157.4,0,1,2025-10-01 06:02:57,19.0,87,,0,0,,1
2025-10-01 06:03:42,201.55,0.3127,241.22,0.4564,1.3694,234.87,244.57,244.23,415.03,421.51,416.87,417.8,1.3694,0.0,0.0,0.3127,0.0,0.0,0.0729,0.0729,0,0,0.3216,0.3216,0,0,0.9739,0.9739,1,1,50.1,265.65,157.4,0,1,2025-10-01 06:03:42,19.1,87.8,,0,0,,1
2025-10-01 06:04:27,201.56,0.3143,241.28,0.4568,1.3706,234.84,244.79,244.22,415.79,421.2,416.72,417.91,1.3706,0.0,0.0,0.3131,0.0,0.0,0.0725,0.0725,0,0,0.3219,0.3219,0,0,0.9744,0.9742,1,1,50.1,265.66,157.4,0,1,2025-10-01 06:04:27,19.5,88.4,,0,0,,1
2025-10-01 06:05:12,201.56,0.3106,240.6,0.4555,1.3667,233.42,244.53,243.87,414.43,420.46,415.3,416.68,1.3667,0.0,0.0,0.3106,0.0,0.0,0.0706,0.0706,0,0,0.319,0.319,0,0,0.9751,0.9751,1,1,50.1,265.66,157.4,0,1,2025-10-01 06:05:12,19.5,88.9,,0,0,,1
2025-10-01 06:05:57,201.56,0.3118,240.31,0.4559,1.3679,233.09,244.29,243.56,413.55,420.17,414.95,416.13,1.3679,0.0,0.0,0.3106,0.0,0.0,0.0703,0.0703,0,0,0.3188,0.3188,0,0,0.9755,0.9753,1,1,50.1,265.67,157.4,0,1,2025-10-01 06:05:57,19.6,89.4,,0,0,,1
2025-10-01 06:06:42,201.57,0.3114,240.31,0.4555,1.3667,233.12,244.31,243.51,413.83,419.62,415.2,416.27,1.3667,0.0,0.0,0.3103,0.0,0.0,0.0704,0.0704,0,0,0.3186,0.3186,0,0,0.9753,0.9752,1,1,50.1,265.67,157.4,0,1,2025-10-01 06:06:42,19.6,89.7,,0,0,,1
2025-10-01 06:07:27,201.57,0.3111,240.15,0.4552,1.3657,232.99,244.1,243.37,413.24,419.9,414.7,415.99,1.3657,0.0,0.0,0.31,0.0,0.0,0.07,0.07,0,0,0.3182,0.3182,0,0,0.9756,0.9754,1,1,50.1,265.67,157.41,0,1,2025-10-01 06:07:27,19.6,90.1,,0,0,,1
2025-10-01 06:08:12,201.58,0.3097,240.01,0.4551,1.3654,232.9,243.92,243.22,412.92,419.9,414.31,415.81,1.3654,0.0,0.0,0.3097,0.0,0.0,0.0702,0.0702,0,0,0.318,0.318,0,0,0.9752,0.9752,1,1,50.1,265.68,157.41,0,1,2025-10-01 06:08:12,19.7,90.4,,0,0,,1
2025-10-01 06:08:57,201.58,0.3126,240.7,0.4556,1.3669,234.27,244.48,243.37,414.91,420.42,415.4,416.82,1.3669,0.0,0.0,0.3115,0.0,0.0,0.072,0.072,0,0,0.3202,0.3202,0,0,0.9744,0.9742,1,1,50.1,265.68,157.41,0,1,2025-10-01 06:08:57,19.7,90.6,,0,0,,1
2025-10-01 06:09:42,201.58,0.3123,240.42,0.4554,1.3664,234.15,244.1,243.03,414.33,419.3,415.61,416.38,1.3664,0.0,0.0,0.3112,0.0,0.0,0.0722,0.0722,0,0,0.3199,0.3199,0,0,0.9742,0.9741,1,1,50.1,265.69,157.41,0,1,2025-10-01 06:09:42,19.7,90.9,,0,0,,1
2025-10-01 06:10:27,201.61,3.7132,239.62,7.4532,22.3596,233.28,242.6,242.98,412.3,418.61,414.17,414.99,8.5037,7.0691,6.7868,1.5452,1.161,1.0069,3.8024,1.2401,1.2578,1.3045,5.3478,1.9837,1.715,1.6491,0.6986,0.7799,0.6782,0.611,50.1,265.73,157.44,1,1,2025-10-01 06:10:27,19.7,90.6,,1,0,,0
2025-10-01 06:11:12,201.66,3.7325,239.52,7.4613,22.384100000000004,233.07,242.55,242.95,412.08,418.3,414.2,414.83,8.4906,7.0743,6.8192,1.545,1.1718,1.0157,3.7888,1.2326,1.2488,1.3073,5.3515,1.9789,1.7159,1.6567,0.7018,0.7817,0.6842,0.6135,50.1,265.79,157.48,1,1,2025-10-01 06:11:12,19.7,86.9,,1,0,,0
2025-10-01 06:11:57,201.7,3.682,239.56,7.4181,22.2545,232.71,243.45,242.53,412.61,418.28,413.87,414.95,8.4193,7.0765,6.7587,1.5318,1.1667,0.9835,3.7914,1.218,1.2633,1.3101,5.3212,1.9593,1.7228,1.6392,0.6966,0.7827,0.6784,0.6003,50.1,265.86,157.53,1,1,2025-10-01 06:11:57,19.6,82.2,,1,0,,0
2025-10-01 06:12:42,201.73,0.3151,240.34,0.4595,1.3785,233.89,244.2,242.95,413.86,420,414.99,416.29,1.3785,0.0,0.0,0.3141,0.0,0.0,0.0707,0.0707,0,0,0.3224,0.3224,0,0,0.9757,0.9755,1,1,50,265.9,157.56,0,1,2025-10-01 06:12:42,19.5,78.7,,0,0,,1
2025-10-01 06:13:27,201.74,0.3123,240.22,0.4573,1.3719,233.81,244.03,242.84,413.94,419.54,414.74,416.07,1.3719,0.0,0.0,0.3123,0.0,0.0,0.071,0.071,0,0,0.3208,0.3208,0,0,0.9751,0.9751,1,1,50.1,265.91,157.56,0,1,2025-10-01 06:13:27,19.0,79.3,,0,0,,1
2025-10-01 06:14:12,201.74,0.3102,239.61,0.4567,1.3701,232.5,243.73,242.6,412.59,418.46,413.95,415.01,1.3701,0.0,0.0,0.3102,0.0,0.0,0.0696,0.0696,0,0,0.3185,0.3185,0,0,0.9757,0.9759,1,1,50,265.91,157.56,0,1,2025-10-01 06:14:12,18.9,81.1,,0,0,,1
2025-10-01 06:14:57,201.74,0.3092,239.4,0.4559,1.3678,232.29,243.44,242.48,412.3,418.04,413.58,414.61,1.3678,0.0,0.0,0.3092,0.0,0.0,0.0696,0.0696,0,0,0.3177,0.3177,0,0,0.9756,0.9757,1,1,50,265.91,157.56,0,1,2025-10-01 06:14:57,18.9,82.8,,0,0,,1
2025-10-01 06:15:42,201.75,0.3104,239.36,0.4554,1.3662,232.27,243.3,242.53,411.72,417.97,414.04,414.57,1.3662,0.0,0.0,0.3092,0.0,0.0,0.0694,0.0694,0,0,0.3173,0.3173,0,0,0.9758,0.9757,1,1,50,265.92,157.56,0,1,2025-10-01 06:15:42,18.9,84.4,,0,0,,1
2025-10-01 06:16:27,201.75,0.3098,239.24,0.4551,1.3655,232.04,243.33,242.35,411.75,418.18,413.16,414.32,1.3655,0.0,0.0,0.3087,0.0,0.0,0.0695,0.0695,0,0,0.3169,0.3169,0,0,0.9757,0.9755,1,1,50.1,265.92,157.56,0,1,2025-10-01 06:16:27,19.0,85.6,,0,0,,1
2025-10-01 06:17:12,201.76,0.3119,239.79,0.4557,1.3672,233.43,243.4,242.54,413.13,417.84,414.93,415.33,1.3672,0.0,0.0,0.3107,0.0,0.0,0.0711,0.0711,0,0,0.3191,0.3191,0,0,0.9749,0.9747,1,1,50.1,265.93,157.56,0,1,2025-10-01 06:17:12,19.0,86.6,,0,0,,1
2025-10-01 06:17:57,201.76,0.3116,239.94,0.4568,1.3705,233.52,243.64,242.68,413.12,419.1,414.55,415.55,1.3705,0.0,0.0,0.3116,0.0,0.0,0.0712,0.0712,0,0,0.32,0.32,0,0,0.9748,0.9748,1,1,50.1,265.93,157.56,0,1,2025-10-01 06:17:57,19.1,87.4,,0,0,,1
2025-10-01 06:18:42,201.76,0.312,239.83,0.4561,1.3683,233.4,243.44,242.66,413.14,418.88,414.17,415.38,1.3683,0.0,0.0,0.311,0.0,0.0,0.0708,0.0708,0,0,0.3194,0.3194,0,0,0.9752,0.975,1,1,50.1,265.93,157.57,0,1,2025-10-01 06:18:42,19.1,88.1,,0,0,,1
2025-10-01 06:19:27,201.77,0.3126,239.92,0.4565,1.3695,233.42,243.61,242.74,413.18,418.72,414.72,415.49,1.3695,0.0,0.0,0.3114,0.0,0.0,0.0705,0.0705,0,0,0.3197,0.3197,0,0,0.9755,0.9753,1,1,50.1,265.94,157.57,0,1,2025-10-01 06:19:27,19.5,88.7,,0,0,,1
2025-10-01 06:20:12,201.77,0.3125,239.99,0.4565,1.3697,233.46,243.74,242.77,413.3,419.26,414.43,415.69,1.3697,0.0,0.0,0.3115,0.0,0.0,0.0704,0.0704,0,0,0.3198,0.3198,0,0,0.9755,0.9754,1,1,50.1,265.94,157.57,0,1,2025-10-01 06:20:12,19.6,89.2,,0,0,,1
2025-10-01 06:20:57,201.78,0.3121,239.98,0.456,1.3681,233.46,243.75,242.74,413.4,419.49,414.09,415.61,1.3681,0.0,0.0,0.3111,0.0,0.0,0.0704,0.0704,0,0,0.3194,0.3194,0,0,0.9754,0.9753,1,1,50.1,265.95,157.57,0,1,2025-10-01 06:20:57,19.6,89.6,,0,0,,1
2025-10-01 06:21:42,201.78,0.3121,239.92,0.4559,1.3677,233.31,243.75,242.71,413.06,419.37,414.22,415.61,1.3677,0.0,0.0,0.3108,0.0,0.0,0.0704,0.0704,0,0,0.3191,0.3191,0,0,0.9755,0.9753,1,1,50.1,265.95,157.57,0,1,2025-10-01 06:21:42,19.6,90.1,,0,0,,1
2025-10-01 06:22:27,201.78,0.3127,240,0.4567,1.3702,233.4,243.79,242.82,413.65,418.64,414.75,415.68,1.3702,0.0,0.0,0.3115,0.0,0.0,0.0701,0.0701,0,0,0.3198,0.3198,0,0,0.9757,0.9755,1,1,50.2,265.95,157.57,0,1,2025-10-01 06:22:27,19.7,90.4,,0,0,,1
2025-10-01 06:23:12,201.79,0.3106,239.33,0.4558,1.3675,231.95,243.51,242.53,411.89,418.82,412.86,414.48,1.3675,0.0,0.0,0.3094,0.0,0.0,0.068,0.068,0,0,0.3172,0.3172,0,0,0.9768,0.9767,1,1,50.2,265.96,157.57,0,1,2025-10-01 06:23:12,19.7,90.7,,0,0,,1
2025-10-01 06:23:57,201.79,0.3109,239.56,0.456,1.3682,232.16,243.88,242.66,411.98,418.92,413.88,414.85,1.3682,0.0,0.0,0.3098,0.0,0.0,0.068,0.068,0,0,0.3176,0.3176,0,0,0.9768,0.9767,1,1,50.2,265.96,157.57,0,1,2025-10-01 06:23:57,19.7,91,,0,0,,1
2025-10-01 06:24:42,201.8,0.3101,239.42,0.4551,1.3655,232.09,243.69,242.48,412.14,418.26,413.61,414.66,1.3655,0.0,0.0,0.309,0.0,0.0,0.0686,0.0686,0,0,0.3169,0.3169,0,0,0.9764,0.9762,1,1,50.2,265.97,157.57,0,1,2025-10-01 06:24:42,19.7,91.2,,0,0,,1
2025-10-01 06:25:27,201.82,3.7009,238.75,7.382,22.1462,231.24,242.86,242.17,411.01,417.06,412.48,413.54,8.3927,6.9973,6.7562,1.5262,1.1735,1.0011,3.7126,1.1949,1.2248,1.2928,5.2762,1.9407,1.6994,1.6361,0.7059,0.7873,0.6918,0.6122,50.2,266,157.59,1,1,2025-10-01 06:25:27,19.8,91.2,,1,0,,0
2025-10-01 06:26:57,201.91,3.7412,239.1,7.4317,22.2951,232.77,243.09,241.44,411.93,417,413.4,414.07,8.471,7.0452,6.7789,1.5549,1.176,1.0104,3.7358,1.2089,1.2406,1.2862,5.3211,1.9718,1.7126,1.6367,0.7076,0.7894,0.6879,0.6177,50.2,266.13,157.69,1,1,2025-10-01 06:26:57,19.6,82.7,,1,0,,0
2025-10-01 06:27:42,201.95,0.3173,240.11,0.4614,1.3844,234.19,244.17,241.98,413.74,419.35,414.55,415.89,1.3844,0.0,0.0,0.3162,0.0,0.0,0.0696,0.0696,0,0,0.3242,0.3242,0,0,0.9767,0.9766,1,1,50.2,266.19,157.72,0,1,2025-10-01 06:27:42,19.5,79.1,,0,0,,1
2025-10-01 06:28:27,201.95,0.314,239.89,0.4577,1.3732,233.99,243.9,241.8,413.36,418.72,414.42,415.42,1.3732,0.0,0.0,0.313,0.0,0.0,0.0704,0.0704,0,0,0.3213,0.3213,0,0,0.9757,0.9755,1,1,50.1,266.19,157.73,0,1,2025-10-01 06:28:27,19.0,79.3,,0,0,,1
2025-10-01 06:29:12,201.96,0.3122,239.96,0.4573,1.372,233.54,243.48,242.87,412.22,420.38,414.3,415.61,1.372,0.0,0.0,0.3122,0.0,0.0,0.0701,0.0701,0,0,0.3204,0.3204,0,0,0.9756,0.9756,1,1,50.1,266.19,157.73,0,1,2025-10-01 06:29:12,18.9,80.9,,0,0,,1
2025-10-01 06:29:57,201.96,0.3118,239.94,0.4567,1.3703,233.56,243.44,242.82,412.95,420.03,413.8,415.58,1.3703,0.0,0.0,0.3118,0.0,0.0,0.07,0.07,0,0,0.32,0.32,0,0,0.9756,0.9756,1,1,50.2,266.2,157.73,0,1,2025-10-01 06:29:57,18.9,82.4,,0,0,,1
2025-10-01 06:30:42,201.96,0.3094,239.23,0.4557,1.3672,232.05,243.16,242.5,411.58,418.56,412.95,414.44,1.3672,0.0,0.0,0.3094,0.0,0.0,0.0683,0.0683,0,0,0.3173,0.3173,0,0,0.9764,0.9764,1,1,50.2,266.2,157.73,0,1,2025-10-01 06:30:42,18.9,84,,0,0,,1
2025-10-01 06:31:27,201.97,0.3087,239.1,0.4562,1.3686,231.13,243.43,242.75,410.97,418.76,412.66,414.15,1.3686,0.0,0.0,0.3087,0.0,0.0,0.0671,0.0671,0,0,0.3163,0.3163,0,0,0.9771,0.9771,1,1,50.2,266.21,157.73,0,1,2025-10-01 06:31:27,19.0,85.4,,0,0,,1
2025-10-01 06:32:12,201.97,0.31,239.1,0.4563,1.369,231.18,243.38,242.74,411.29,418.49,412.58,414.14,1.369,0.0,0.0,0.3089,0.0,0.0,0.0671,0.0671,0,0,0.3165,0.3165,0,0,0.9773,0.9771,1,1,50.2,266.21,157.73,0,1,2025-10-01 06:32:12,19.0,86.4,,0,0,,1
2025-10-01 06:32:57,201.98,0.3094,238.94,0.4557,1.3672,231,243.25,242.58,410.94,418.34,412.29,413.91,1.3672,0.0,0.0,0.3083,0.0,0.0,0.0669,0.0669,0,0,0.3158,0.3158,0,0,0.9774,0.9772,1,1,50.2,266.21,157.73,0,1,2025-10-01 06:32:57,19.0,87.3,,0,0,,1
2025-10-01 06:33:42,201.98,0.3098,239.17,0.4559,1.3677,231.24,243.44,242.85,411.28,418.55,412.93,414.24,1.3677,0.0,0.0,0.3086,0.0,0.0,0.0672,0.0672,0,0,0.3163,0.3163,0,0,0.9772,0.977,1,1,50.2,266.22,157.73,0,1,2025-10-01 06:33:42,19.1,87.9,,0,0,,1
2025-10-01 06:34:27,201.98,0.3087,239.06,0.4545,1.3637,231.16,243.24,242.79,411.21,417.7,413.22,414,1.3637,0.0,0.0,0.3076,0.0,0.0,0.0672,0.0672,0,0,0.3152,0.3152,0,0,0.977,0.9769,1,1,50.2,266.22,157.73,0,1,2025-10-01 06:34:27,19.5,88.5,,0,0,,1
2025-10-01 06:35:18,201.99,0.31,239.09,0.456,1.368,231.33,243.08,242.87,410.92,418.04,413.35,414.14,1.368,0.0,0.0,0.3088,0.0,0.0,0.0672,0.0672,0,0,0.3165,0.3165,0,0,0.9772,0.9771,1,1,50.2,266.23,157.73,0,1,2025-10-01 06:35:18,19.5,89.2,,0,0,,1
2025-10-01 06:36:03,201.99,0.3124,239.65,0.4569,1.3708,232.73,243.18,243.04,412.18,418.92,414.13,415.15,1.3708,0.0,0.0,0.3111,0.0,0.0,0.0689,0.0689,0,0,0.319,0.319,0,0,0.9764,0.9763,1,1,50.2,266.23,157.73,0,1,2025-10-01 06:36:03,19.6,89.7,,0,0,,1
2025-10-01 06:36:48,202,0.3118,239.51,0.4565,1.3695,232.63,242.95,242.96,411.69,418.03,414.76,414.9,1.3695,0.0,0.0,0.3107,0.0,0.0,0.0685,0.0685,0,0,0.3186,0.3186,0,0,0.9766,0.9765,1,1,50.2,266.24,157.74,0,1,2025-10-01 06:36:48,19.6,90,,0,0,,1
2025-10-01 06:37:33,202,0.3118,239.65,0.4564,1.3694,232.68,243.28,243.01,412.08,419.13,414.06,415,1.3694,0.0,0.0,0.3107,0.0,0.0,0.0687,0.0687,0,0,0.3186,0.3186,0,0,0.9765,0.9764,1,1,50.2,266.24,157.74,0,1,2025-10-01 06:37:33,19.6,90.4,,0,0,,1
2025-10-01 06:38:18,202.01,0.3112,239.46,0.4557,1.3673,232.38,243.32,242.7,411.89,419.05,413.35,414.72,1.3673,0.0,0.0,0.3099,0.0,0.0,0.0682,0.0682,0,0,0.3177,0.3177,0,0,0.9768,0.9766,1,1,50.2,266.24,157.74,0,1,2025-10-01 06:38:18,19.7,90.7,,0,0,,1
2025-10-01 06:39:03,202.01,0.3115,239.44,0.4564,1.3693,232.36,243.29,242.68,412.2,418.39,413.55,414.69,1.3693,0.0,0.0,0.3103,0.0,0.0,0.0685,0.0685,0,0,0.3182,0.3182,0,0,0.9766,0.9764,1,1,50.2,266.25,157.74,0,1,2025-10-01 06:39:03,19.7,90.9,,0,0,,1
2025-10-01 06:39:48,202.01,0.3116,239.43,0.4568,1.3704,232.28,243.29,242.72,412.04,418.64,413.4,414.71,1.3704,0.0,0.0,0.3106,0.0,0.0,0.068,0.068,0,0,0.3183,0.3183,0,0,0.977,0.9768,1,1,50.2,266.25,157.74,0,1,2025-10-01 06:39:48,19.7,91.2,,0,0,,1
2025-10-01 06:41:18,202.05,0.3129,239.49,0.4582,1.3746,232.43,243.21,242.85,411.83,419.06,413.55,414.85,1.3746,0.0,0.0,0.3118,0.0,0.0,0.0681,0.0681,0,0,0.3195,0.3195,0,0,0.9771,0.9769,1,1,50.2,266.3,157.77,0,1,2025-10-01 06:41:18,19.7,89.2,,0,0,,1
2025-10-01 06:42:25,202.06,0.3108,238.87,0.4565,1.3695,231.65,242.77,242.2,410.93,417.9,412.37,413.8,1.3695,0.0,0.0,0.3096,0.0,0.0,0.0673,0.0673,0,0,0.3172,0.3172,0,0,0.9773,0.9771,1,1,50.2,266.31,157.77,0,1,2025-10-01 06:42:25,19.7,88.7,,0,0,,1
2025-10-01 06:43:10,202.06,0.3099,238.56,0.4558,1.3676,231.35,242.36,241.97,410.37,416.89,412.29,413.28,1.3676,0.0,0.0,0.3087,0.0,0.0,0.0673,0.0673,0,0,0.3164,0.3164,0,0,0.9771,0.977,1,1,50.2,266.32,157.78,0,1,2025-10-01 06:43:10,19.7,89.3,,0,0,,1
2025-10-01 06:43:55,202.07,0.3098,238.31,0.4556,1.3668,231.47,241.32,242.15,409.45,416.85,412,412.75,1.3668,0.0,0.0,0.3087,0.0,0.0,0.0674,0.0674,0,0,0.3164,0.3164,0,0,0.9771,0.9769,1,1,50.2,266.32,157.78,0,1,2025-10-01 06:43:55,19.7,89.9,,0,0,,1
2025-10-01 06:44:40,202.07,0.308,237.96,0.4553,1.3661,231.09,241.06,241.74,409.54,415.82,411.11,412.14,1.3661,0.0,0.0,0.308,0.0,0.0,0.0676,0.0676,0,0,0.3157,0.3157,0,0,0.9767,0.9767,1,1,50.1,266.32,157.78,0,1,2025-10-01 06:44:40,19.7,90.4,,0,0,,1
2025-10-01 06:45:25,202.07,0.3084,237.8,0.4547,1.3641,230.74,241.6,241.07,409.21,415.58,410.83,411.86,1.3641,0.0,0.0,0.3071,0.0,0.0,0.067,0.067,0,0,0.3148,0.3148,0,0,0.9772,0.977,1,1,50.1,266.33,157.78,0,1,2025-10-01 06:45:25,19.8,90.8,,0,0,,1
2025-10-01 06:46:10,202.08,0.3126,240.51,0.4567,1.3701,233.43,244.26,243.85,413.94,419.87,415.88,416.52,1.3701,0.0,0.0,0.3116,0.0,0.0,0.0702,0.0702,0,0,0.3198,0.3198,0,0,0.9756,0.9755,1,1,50.2,266.33,157.78,0,1,2025-10-01 06:46:10,19.8,91.1,,0,0,,1
2025-10-01 06:46:55,202.08,0.3162,242.93,0.4578,1.3736,235.88,246.61,246.32,417.88,424.7,419.72,420.8,1.3736,0.0,0.0,0.3151,0.0,0.0,0.0733,0.0733,0,0,0.324,0.324,0,0,0.9741,0.9739,1,1,50.2,266.34,157.78,0,1,2025-10-01 06:46:55,19.8,91.4,,0,0,,1
2025-10-01 06:47:40,202.08,0.3166,242.86,0.4585,1.3757,235.68,246.72,246.2,417.93,424.72,419.3,420.72,1.3757,0.0,0.0,0.3154,0.0,0.0,0.0729,0.0729,0,0,0.3242,0.3242,0,0,0.9745,0.9743,1,1,50.2,266.34,157.78,0,1,2025-10-01 06:47:40,19.9,91.6,,0,0,,1
2025-10-01 06:48:25,202.09,0.3157,242.47,0.4579,1.3739,235.24,246.41,245.78,417.31,424,418.61,420.05,1.3739,0.0,0.0,0.3145,0.0,0.0,0.0723,0.0723,0,0,0.3232,0.3232,0,0,0.9747,0.9745,1,1,50.2,266.34,157.78,0,1,2025-10-01 06:48:25,20.3,91.8,,0,0,,1
2025-10-01 06:49:33,202.1,0.3159,242.64,0.458,1.3741,235.47,246.62,245.84,417.69,424.36,418.74,420.21,1.3741,0.0,0.0,0.3149,0.0,0.0,0.0722,0.0722,0,0,0.3236,0.3236,0,0,0.9748,0.9746,1,1,50.2,266.35,157.78,0,1,2025-10-01 06:49:33,20.3,92,,0,0,,1
2025-10-01 06:50:18,202.1,0.3157,242.52,0.4581,1.3743,235.25,246.59,245.73,417.6,424.02,418.54,420.01,1.3743,0.0,0.0,0.3147,0.0,0.0,0.072,0.072,0,0,0.3233,0.3233,0,0,0.9749,0.9748,1,1,50.2,266.36,157.78,0,1,2025-10-01 06:50:18,20.3,92.1,,0,0,,1
2025-10-01 06:51:03,202.1,0.3151,242.31,0.4572,1.3716,235.11,246.32,245.5,417.45,422.99,418.58,419.72,1.3716,0.0,0.0,0.3139,0.0,0.0,0.0718,0.0718,0,0,0.3225,0.3225,0,0,0.9749,0.9747,1,1,50.2,266.36,157.78,0,1,2025-10-01 06:51:03,20.4,92.3,,0,0,,1
2025-10-01 06:51:48,202.11,0.3155,242.17,0.458,1.3741,234.93,246.21,245.37,417.08,423.19,418.04,419.56,1.3741,0.0,0.0,0.3143,0.0,0.0,0.0714,0.0714,0,0,0.3228,0.3228,0,0,0.9753,0.9751,1,1,50.2,266.36,157.79,0,1,2025-10-01 06:51:48,20.4,92.3,,0,0,,1
2025-10-01 06:52:33,202.11,0.3147,242.06,0.4571,1.3715,234.79,246.03,245.36,416.65,422.87,418.21,419.24,1.3715,0.0,0.0,0.3135,0.0,0.0,0.0715,0.0715,0,0,0.322,0.322,0,0,0.9751,0.9749,1,1,50.2,266.37,157.79,0,1,2025-10-01 06:52:33,20.4,92.5,,0,0,,1
2025-10-01 06:53:18,202.12,0.3141,242.08,0.4565,1.3696,234.84,246.15,245.25,416.98,422.79,418.06,419.28,1.3696,0.0,0.0,0.313,0.0,0.0,0.0718,0.0718,0,0,0.3216,0.3216,0,0,0.9748,0.9746,1,1,50.2,266.37,157.79,0,1,2025-10-01 06:53:18,20.4,92.5,,0,0,,1
2025-10-01 06:54:03,202.12,0.3129,241.9,0.4567,1.3701,234.61,246.03,245.07,416.65,422.81,417.47,418.9,1.3701,0.0,0.0,0.3129,0.0,0.0,0.0717,0.0717,0,0,0.3214,0.3214,0,0,0.9747,0.9747,1,1,50.1,266.38,157.79,0,1,2025-10-01 06:54:03,20.4,92.6,,0,0,,1
2025-10-01 06:54:48,202.12,0.3136,241.83,0.456,1.368,234.65,245.79,245.07,416.47,422.54,417.57,418.84,1.368,0.0,0.0,0.3124,0.0,0.0,0.0718,0.0718,0,0,0.321,0.321,0,0,0.9747,0.9745,1,1,50.1,266.38,157.79,0,1,2025-10-01 06:54:48,20.5,92.6,,0,0,,1
2025-10-01 06:55:33,202.13,0.3138,241.6,0.4564,1.3694,234.47,245.6,244.74,416.03,422.41,416.94,418.39,1.3694,0.0,0.0,0.3126,0.0,0.0,0.0715,0.0715,0,0,0.3211,0.3211,0,0,0.975,0.9748,1,1,50.1,266.38,157.79,0,1,2025-10-01 06:55:33,20.5,92.7,,0,0,,1
2025-10-01 06:56:40,202.13,0.3129,241.26,0.4559,1.3677,234.24,245.19,244.37,415.59,421.45,416.57,417.91,1.3677,0.0,0.0,0.3119,0.0,0.0,0.0712,0.0712,0,0,0.3204,0.3204,0,0,0.975,0.9749,1,1,50.1,266.39,157.79,0,1,2025-10-01 06:56:40,20.5,92.8,,0,0,,1
2025-10-01 06:57:25,202.14,0.313,241.31,0.4557,1.3671,234.31,245.21,244.42,415.49,421.86,416.53,417.92,1.3671,0.0,0.0,0.3118,0.0,0.0,0.0713,0.0713,0,0,0.3203,0.3203,0,0,0.9749,0.9748,1,1,50.1,266.39,157.79,0,1,2025-10-01 06:57:25,20.5,92.9,,0,0,,1
2025-10-01 06:58:10,202.14,0.3123,241.14,0.4561,1.3685,234.52,245.54,243.37,415.48,421.76,415.76,417.65,1.3685,0.0,0.0,0.3123,0.0,0.0,0.072,0.072,0,0,0.3209,0.3209,0,0,0.9744,0.9744,1,1,50.1,266.4,157.79,0,1,2025-10-01 06:58:10,20.5,92.9,,0,0,,1
2025-10-01 06:58:55,202.15,0.3131,241.23,0.4557,1.3672,234.55,245.54,243.6,415.15,422.18,416.13,417.86,1.3672,0.0,0.0,0.312,0.0,0.0,0.0719,0.0719,0,0,0.3207,0.3207,0,0,0.9746,0.9744,1,1,50.1,266.4,157.79,0,1,2025-10-01 06:58:56,20.5,93,,0,0,,1
2025-10-01 06:59:40,202.15,0.3126,241.07,0.4552,1.3656,234.39,245.37,243.45,415.25,421,416.33,417.63,1.3656,0.0,0.0,0.3114,0.0,0.0,0.072,0.072,0,0,0.3201,0.3201,0,0,0.9744,0.9742,1,1,50.1,266.41,157.8,0,1,2025-10-01 06:59:40,20.6,93,,0,0,,1
2025-10-01 07:00:25,202.15,0.3111,240.73,0.4552,1.3658,234.04,243.91,244.26,413.92,421.03,415.95,416.91,1.3658,0.0,0.0,0.3111,0.0,0.0,0.0714,0.0714,0,0,0.3197,0.3197,0,0,0.9746,0.9746,1,1,50.1,266.41,157.8,0,1,2025-10-01 07:00:25,20.6,93,,0,0,,1
2025-10-01 07:01:10,202.16,0.3121,240.92,0.4552,1.3656,234.04,244.17,244.55,414.11,421.66,416.08,417.26,1.3656,0.0,0.0,0.3111,0.0,0.0,0.0712,0.0712,0,0,0.3196,0.3196,0,0,0.9749,0.9748,1,1,50.1,266.42,157.8,0,1,2025-10-01 07:01:11,20.6,92.9,,0,0,,1
2025-10-01 07:01:55,202.16,0.3103,240.62,0.4546,1.3638,233.78,244.08,244,413.96,421.01,415.32,416.78,1.3638,0.0,0.0,0.3103,0.0,0.0,0.0713,0.0713,0,0,0.3188,0.3188,0,0,0.9746,0.9746,1,1,50.1,266.42,157.8,0,1,2025-10-01 07:01:55,20.6,93,,0,0,,1
2025-10-01 07:02:40,202.17,0.3105,240.53,0.4549,1.3648,233.69,244.04,243.87,414.24,420.31,415.27,416.63,1.3648,0.0,0.0,0.3105,0.0,0.0,0.0709,0.0709,0,0,0.3189,0.3189,0,0,0.9748,0.9748,1,1,50.1,266.42,157.8,0,1,2025-10-01 07:02:40,20.6,93,,0,0,,1
2025-10-01 07:03:25,202.17,0.3113,240.66,0.4549,1.3648,233.47,244.91,243.6,414.3,421.23,414.96,416.69,1.3648,0.0,0.0,0.3103,0.0,0.0,0.0705,0.0705,0,0,0.3186,0.3186,0,0,0.9752,0.9751,1,1,50.1,266.43,157.8,0,1,2025-10-01 07:03:25,20.6,93,,0,0,,1
2025-10-01 07:04:10,202.17,0.3099,240.59,0.4545,1.3636,233.38,244.88,243.52,414.55,420.7,414.87,416.69,1.3636,0.0,0.0,0.3099,0.0,0.0,0.0704,0.0704,0,0,0.3182,0.3182,0,0,0.9751,0.9751,1,1,50.1,266.43,157.8,0,1,2025-10-01 07:04:10,20.6,93,,0,0,,1
2025-10-01 07:04:55,202.18,0.3118,240.5,0.4555,1.3665,233.41,244.74,243.36,414.52,419.83,415.29,416.62,1.3665,0.0,0.0,0.3106,0.0,0.0,0.0704,0.0704,0,0,0.319,0.319,0,0,0.9754,0.9752,1,1,50.1,266.43,157.8,0,1,2025-10-01 07:04:55,20.6,93,,0,0,,1
2025-10-01 07:05:40,202.18,0.3108,240.53,0.4541,1.3625,233.54,244.66,243.39,414.53,419.91,415.34,416.59,1.3625,0.0,0.0,0.3097,0.0,0.0,0.0708,0.0708,0,0,0.3182,0.3182,0,0,0.975,0.9748,1,1,50.1,266.44,157.8,0,1,2025-10-01 07:05:40,21.1,93,,0,0,,1
2025-10-01 07:06:25,202.18,0.3112,240.39,0.4544,1.3634,233.47,244.45,243.26,414.11,419.74,415.22,416.37,1.3634,0.0,0.0,0.31,0.0,0.0,0.0703,0.0703,0,0,0.3183,0.3183,0,0,0.9754,0.9752,1,1,50.1,266.44,157.8,0,1,2025-10-01 07:06:25,21.1,93,,0,0,,1
2025-10-01 07:07:10,202.19,0.3109,240.29,0.4542,1.3628,233.31,244.41,243.17,414.26,419.25,415.03,416.26,1.3628,0.0,0.0,0.3096,0.0,0.0,0.0703,0.0703,0,0,0.318,0.318,0,0,0.9753,0.9751,1,1,50.1,266.45,157.8,0,1,2025-10-01 07:07:10,21.1,93,,0,0,,1
2025-10-01 07:07:55,202.19,0.3102,240.31,0.4533,1.36,233.17,244.6,243.17,414.37,419.64,414.65,416.27,1.36,0.0,0.0,0.3088,0.0,0.0,0.07,0.07,0,0,0.3171,0.3171,0,0,0.9754,0.9752,1,1,50.1,266.45,157.81,0,1,2025-10-01 07:07:55,21.1,93,,0,0,,1
2025-10-01 07:08:40,202.2,0.3108,240.31,0.4542,1.3626,233.37,244.44,243.13,414.37,419.31,414.96,416.17,1.3626,0.0,0.0,0.3096,0.0,0.0,0.0703,0.0703,0,0,0.318,0.318,0,0,0.9753,0.9751,1,1,50.1,266.45,157.81,0,1,2025-10-01 07:08:40,21.1,93,,0,0,,1
2025-10-01 07:09:25,202.2,0.3115,240.34,0.4545,1.3636,233.46,244.4,243.16,414.23,419.52,415.04,416.18,1.3636,0.0,0.0,0.31,0.0,0.0,0.0701,0.0701,0,0,0.3183,0.3183,0,0,0.9755,0.9753,1,1,50.1,266.46,157.81,0,1,2025-10-01 07:09:25,21.1,93,,0,0,,1
2025-10-01 07:10:10,202.2,0.3111,240.18,0.4546,1.364,233.37,244.24,242.95,413.78,419.75,414.48,416.04,1.364,0.0,0.0,0.31,0.0,0.0,0.0703,0.0703,0,0,0.3183,0.3183,0,0,0.9754,0.9752,1,1,50.1,266.46,157.81,0,1,2025-10-01 07:10:10,21.1,92.9,,0,0,,1
2025-10-01 07:11:40,202.28,3.8078,237.93,7.5092,22.5278,230.03,242.47,241.31,409.36,415.74,411.17,412.07,8.51,7.169,6.8488,1.5586,1.2224,1.0268,3.7057,1.1807,1.2313,1.2937,5.3485,1.9576,1.7383,1.6527,0.7166,0.7971,0.7045,0.6216,50,266.57,157.88,1,1,2025-10-01 07:11:40,20.6,88.1,,1,0,,0
2025-10-01 07:12:25,202.33,3.7866,237.75,7.4753,22.4259,229.86,242.25,241.14,409.35,415.25,410.7,411.83,8.495,7.1196,6.8113,1.5539,1.2107,1.022,3.6873,1.1789,1.2238,1.2845,5.3199,1.9527,1.7247,1.6425,0.7164,0.7966,0.7032,0.6226,50,266.63,157.93,1,1,2025-10-01 07:12:25,20.5,83.5,,1,0,,0
2025-10-01 07:13:10,202.37,3.7243,237.34,7.3983,22.195,229.44,241.88,240.7,408.84,414.25,410.07,411.14,8.4114,7.0508,6.7328,1.5336,1.1907,0.9999,3.6582,1.1678,1.2165,1.274,5.2559,1.9299,1.7054,1.6206,0.7134,0.7956,0.6995,0.6174,50,266.7,157.97,1,1,2025-10-01 07:13:10,20.3,79.8,,1,0,,0
2025-10-01 07:13:55,202.42,3.7152,237,7.3861,22.1584,229.09,241.52,240.4,408.11,413.9,409.41,410.51,8.3922,7.0312,6.735,1.5266,1.1881,1.0004,3.6456,1.165,1.2088,1.2718,5.2398,1.9226,1.6982,1.6191,0.7137,0.7949,0.7009,0.6182,50,266.77,158.02,1,1,2025-10-01 07:13:55,19.8,76.9,,1,0,,0
2025-10-01 07:14:40,202.43,0.3092,238.05,0.456,1.3682,230.48,242.63,241.05,410.18,415.53,411.16,412.04,1.3682,0.0,0.0,0.3079,0.0,0.0,0.0664,0.0664,0,0,0.3153,0.3153,0,0,0.9777,0.9775,1,1,50,266.79,158.03,0,1,2025-10-01 07:14:40,19.6,76.2,,0,0,,1
2025-10-01 07:15:25,202.44,0.3078,237.84,0.4549,1.3648,230.2,242.38,240.94,409.84,414.67,411.22,411.96,1.3648,0.0,0.0,0.3067,0.0,0.0,0.0666,0.0666,0,0,0.3142,0.3142,0,0,0.9774,0.9772,1,1,50,266.79,158.03,0,1,2025-10-01 07:15:25,19.5,78.3,,0,0,,1
2025-10-01 07:16:10,202.44,0.3073,237.58,0.4548,1.3646,229.85,242.29,240.61,409.14,415.32,410,411.43,1.3646,0.0,0.0,0.3062,0.0,0.0,0.0663,0.0663,0,0,0.3137,0.3137,0,0,0.9775,0.9773,1,1,50,266.79,158.03,0,1,2025-10-01 07:16:10,19.1,80.4,,0,0,,1
2025-10-01 07:16:55,202.45,0.3074,237.47,0.4551,1.3654,229.83,242.12,240.48,408.94,415.34,409.64,411.29,1.3654,0.0,0.0,0.3063,0.0,0.0,0.0664,0.0664,0,0,0.3138,0.3138,0,0,0.9774,0.9773,1,1,50,266.8,158.03,0,1,2025-10-01 07:16:55,19.1,82.2,,0,0,,1
2025-10-01 07:17:40,202.45,0.3053,237.38,0.4538,1.3616,229.76,242,240.38,408.78,414.88,409.75,411.13,1.3616,0.0,0.0,0.3053,0.0,0.0,0.0666,0.0666,0,0,0.3128,0.3128,0,0,0.977,0.977,1,1,50,266.8,158.03,0,1,2025-10-01 07:17:40,19.5,83.8,,0,0,,1
2025-10-01 07:18:25,202.45,0.306,237.4,0.4547,1.3643,229.74,242,240.47,408.79,415.14,409.61,411.2,1.3643,0.0,0.0,0.306,0.0,0.0,0.0662,0.0662,0,0,0.3134,0.3134,0,0,0.9774,0.9774,1,1,50.1,266.81,158.03,0,1,2025-10-01 07:18:25,19.5,85,,0,0,,1
2025-10-01 07:19:10,202.46,0.3057,237.22,0.4533,1.3599,229.52,241.84,240.31,408.76,414.37,409.45,410.76,1.3599,0.0,0.0,0.3047,0.0,0.0,0.0661,0.0661,0,0,0.3121,0.3121,0,0,0.9774,0.9771,1,1,50.1,266.81,158.03,0,1,2025-10-01 07:19:10,19.6,86.1,,0,0,,1
2025-10-01 07:19:55,202.46,0.3051,237.04,0.4541,1.3624,229.38,241.62,240.13,408.5,413.69,409.43,410.57,1.3624,0.0,0.0,0.3051,0.0,0.0,0.0659,0.0659,0,0,0.3125,0.3125,0,0,0.9774,0.9774,1,1,50.1,266.81,158.04,0,1,2025-10-01 07:19:55,19.6,87,,0,0,,1
2025-10-01 07:20:40,202.46,0.3056,237.11,0.4543,1.3631,229.38,241.69,240.27,408.33,414.18,409.49,410.61,1.3631,0.0,0.0,0.3056,0.0,0.0,0.0659,0.0659,0,0,0.3127,0.3127,0,0,0.9775,0.9777,1,1,50.1,266.82,158.04,0,1,2025-10-01 07:20:40,19.6,87.7,,0,0,,1
2025-10-01 07:21:25,202.47,0.3052,237.16,0.4539,1.3617,229.38,241.74,240.36,408.37,414.63,409.26,410.75,1.3617,0.0,0.0,0.3052,0.0,0.0,0.0658,0.0658,0,0,0.3123,0.3123,0,0,0.9775,0.9774,1,1,50.1,266.82,158.04,0,1,2025-10-01 07:21:25,19.7,88.5,,0,0,,1
2025-10-01 07:22:10,202.47,0.3054,237.13,0.454,1.3622,229.43,241.57,240.39,408.5,414.15,409.44,410.71,1.3622,0.0,0.0,0.3054,0.0,0.0,0.0659,0.0659,0,0,0.3125,0.3125,0,0,0.9775,0.9774,1,1,50.1,266.82,158.04,0,1,2025-10-01 07:22:10,19.7,89,,0,0,,1
2025-10-01 07:22:55,202.48,0.305,236.99,0.455,1.3651,229.27,241.44,240.26,408.51,413.68,409.16,410.46,1.3651,0.0,0.0,0.305,0.0,0.0,0.0655,0.0655,0,0,0.313,0.313,0,0,0.9777,0.9778,1,1,50.1,266.83,158.04,0,1,2025-10-01 07:22:55,19.8,89.4,,0,0,,1
2025-10-01 07:23:40,202.5,3.7572,235.87,7.38,22.1401,227.52,240.5,239.61,406.18,412.07,407.3,408.56,8.3557,7.0515,6.7329,1.5301,1.2151,1.0119,3.558,1.1244,1.1786,1.2551,5.2102,1.9011,1.6959,1.6133,0.726,0.8058,0.7178,0.6276,50.1,266.87,158.07,1,1,2025-10-01 07:23:40,19.8,89,,1,0,,0
2025-10-01 07:24:25,202.55,3.753,236.12,7.3697,22.1092,227.85,240.7,239.82,406.73,412.51,407.6,408.95,8.3519,7.0309,6.7264,1.5302,1.2105,1.0123,3.561,1.1278,1.1784,1.2548,5.2084,1.903,1.6923,1.6131,0.7254,0.8049,0.7165,0.6279,50.2,266.93,158.11,1,1,2025-10-01 07:24:25,19.7,85.4,,1,0,,0
2025-10-01 07:25:10,202.6,3.7601,236.09,7.3701,22.110500000000002,227.82,240.77,239.68,406.74,412.42,407.51,408.87,8.3556,7.0346,6.7203,1.5342,1.2134,1.0126,3.5524,1.1235,1.1775,1.2514,5.208,1.9036,1.6937,1.6107,0.7269,0.8068,0.7176,0.629,50.2,267,158.15,1,1,2025-10-01 07:25:10,19.6,80.9,,1,0,,0
2025-10-01 07:25:55,202.64,0.3101,237.46,0.4593,1.3779,229.36,241.94,241.09,408.76,414.85,410.2,411,1.3779,0.0,0.0,0.309,0.0,0.0,0.0649,0.0649,0,0,0.316,0.316,0,0,0.9787,0.9786,1,1,50.1,267.05,158.19,0,1,2025-10-01 07:25:55,19.5,77.6,,0,0,,1
2025-10-01 07:26:40,202.64,0.3061,237.02,0.4545,1.3636,228.93,241.52,240.63,408.17,414.37,409.02,410.59,1.3636,0.0,0.0,0.3049,0.0,0.0,0.0651,0.0651,0,0,0.3122,0.3122,0,0,0.978,0.9779,1,1,50.1,267.06,158.19,0,1,2025-10-01 07:26:40,19.0,77.9,,0,0,,1
2025-10-01 07:27:25,202.65,0.3066,236.78,0.4548,1.3645,229.12,240.42,240.82,407.64,413.62,409.06,410.06,1.3645,0.0,0.0,0.3053,0.0,0.0,0.0657,0.0657,0,0,0.3126,0.3126,0,0,0.9778,0.9776,1,1,50.1,267.06,158.19,0,1,2025-10-01 07:27:25,18.9,79.5,,0,0,,1
2025-10-01 07:28:10,202.65,0.3042,235.99,0.4544,1.3634,228.43,239.79,239.76,406.37,412.04,407.77,408.78,1.3634,0.0,0.0,0.3042,0.0,0.0,0.0649,0.0649,0,0,0.3114,0.3114,0,0,0.9779,0.9779,1,1,50.1,267.07,158.19,0,1,2025-10-01 07:28:10,18.9,81.1,,0,0,,1
2025-10-01 07:28:55,202.65,0.3046,235.87,0.4539,1.3617,228.24,239.72,239.66,405.92,412.26,407.4,408.51,1.3617,0.0,0.0,0.3035,0.0,0.0,0.0652,0.0652,0,0,0.3108,0.3108,0,0,0.9778,0.9777,1,1,50.1,267.07,158.19,0,1,2025-10-01 07:28:55,18.9,82.7,,0,0,,1
2025-10-01 07:29:40,202.66,0.3065,236.5,0.4547,1.3643,229.28,240.72,239.52,407.34,412.85,408.66,409.66,1.3643,0.0,0.0,0.3054,0.0,0.0,0.0661,0.0661,0,0,0.3128,0.3128,0,0,0.9775,0.9773,1,1,50.1,267.07,158.19,0,1,2025-10-01 07:29:40,19.0,84,,0,0,,1
2025-10-01 07:30:25,202.66,0.3044,236.47,0.4536,1.3608,229.17,240.77,239.47,407.37,413.07,408.24,409.66,1.3608,0.0,0.0,0.3044,0.0,0.0,0.0663,0.0663,0,0,0.3119,0.3119,0,0,0.9771,0.9771,1,1,50.1,267.08,158.2,0,1,2025-10-01 07:30:25,19.0,85.1,,0,0,,1
2025-10-01 07:31:10,202.66,0.3055,236.59,0.4533,1.3599,229.34,240.92,239.53,407.88,413.15,408.29,409.85,1.3599,0.0,0.0,0.3043,0.0,0.0,0.0665,0.0665,0,0,0.3119,0.3119,0,0,0.9771,0.9769,1,1,50.1,267.08,158.2,0,1,2025-10-01 07:31:10,19.0,86.1,,0,0,,1
2025-10-01 07:31:55,202.67,0.3061,236.42,0.4545,1.3636,229.13,240.74,239.41,407.52,413.2,407.75,409.49,1.3636,0.0,0.0,0.305,0.0,0.0,0.066,0.066,0,0,0.3124,0.3124,0,0,0.9775,0.9774,1,1,50.1,267.08,158.2,0,1,2025-10-01 07:31:55,19.1,86.9,,0,0,,1
2025-10-01 07:32:40,202.67,0.3062,236.34,0.4544,1.3634,229.21,240.41,239.4,407.47,412.54,407.98,409.35,1.3634,0.0,0.0,0.3051,0.0,0.0,0.0661,0.0661,0,0,0.3125,0.3125,0,0,0.9774,0.9773,1,1,50.1,267.09,158.2,0,1,2025-10-01 07:32:40,19.5,87.7,,0,0,,1
2025-10-01 07:33:25,202.68,0.3051,236.42,0.4545,1.3635,229.18,240.64,239.45,407.21,412.97,408.26,409.42,1.3635,0.0,0.0,0.3051,0.0,0.0,0.0658,0.0658,0,0,0.3125,0.3125,0,0,0.9775,0.9775,1,1,50.1,267.09,158.2,0,1,2025-10-01 07:33:25,19.6,88.3,,0,0,,1
2025-10-01 07:34:10,202.68,0.3058,236.29,0.454,1.362,229.12,240.47,239.3,407.24,412.57,407.96,409.11,1.362,0.0,0.0,0.3047,0.0,0.0,0.0657,0.0657,0,0,0.3121,0.3121,0,0,0.9776,0.9775,1,1,50.1,267.1,158.2,0,1,2025-10-01 07:34:10,19.6,88.7,,0,0,,1
2025-10-01 07:34:55,202.68,0.3044,235.71,0.4533,1.36,228.24,240.69,238.2,406.85,411.42,406.43,408.28,1.36,0.0,0.0,0.3033,0.0,0.0,0.0648,0.0648,0,0,0.3104,0.3104,0,0,0.9781,0.9779,1,1,50.1,267.1,158.2,0,1,2025-10-01 07:34:55,19.6,89.1,,0,0,,1
2025-10-01 07:35:40,202.69,0.3036,235.72,0.4538,1.3616,228.18,240.81,238.19,406.21,412.15,406.46,408.17,1.3616,0.0,0.0,0.3036,0.0,0.0,0.0646,0.0646,0,0,0.3107,0.3107,0,0,0.978,0.978,1,1,50.2,267.1,158.2,0,1,2025-10-01 07:35:40,19.7,89.6,,0,0,,1
2025-10-01 07:36:25,202.69,0.3058,236.08,0.4547,1.3641,228.46,241.09,238.7,406.66,412.47,407.52,408.23,1.3641,0.0,0.0,0.3045,0.0,0.0,0.0648,0.0648,0,0,0.3116,0.3116,0,0,0.9782,0.978,1,1,50.2,267.11,158.2,0,1,2025-10-01 07:36:25,19.7,90,,0,0,,1
2025-10-01 07:37:10,202.69,0.3047,236.36,0.4538,1.3614,228.27,241.02,239.8,407.37,413.41,407.35,409.41,1.3614,0.0,0.0,0.3036,0.0,0.0,0.0647,0.0647,0,0,0.3108,0.3108,0,0,0.9782,0.978,1,1,50.1,267.11,158.2,0,1,2025-10-01 07:37:10,19.7,90.3,,0,0,,1
2025-10-01 07:37:55,202.7,0.3044,236.29,0.4548,1.3646,228.28,240.79,239.81,407.15,412.64,407.94,409.22,1.3646,0.0,0.0,0.3044,0.0,0.0,0.0648,0.0648,0,0,0.3115,0.3115,0,0,0.978,0.978,1,1,50.1,267.12,158.2,0,1,2025-10-01 07:37:55,19.8,90.6,,0,0,,1
2025-10-01 07:38:47,202.77,3.8969,235.8,7.5089,22.5269,228.36,240.02,239.02,405.96,411.73,407.48,408.4,8.536,7.1725,6.8184,1.5876,1.2508,1.0586,3.5434,1.1275,1.1783,1.2377,5.3006,1.9493,1.7215,1.6297,0.7398,0.8153,0.7278,0.6499,50.2,267.21,158.27,1,1,2025-10-01 07:38:47,19.7,86.9,,1,0,,0
2025-10-01 07:40:17,202.85,0.3099,236.64,0.459,1.377,229.37,240.84,239.72,407.84,413.16,408.57,409.88,1.377,0.0,0.0,0.3088,0.0,0.0,0.0646,0.0646,0,0,0.3158,0.3158,0,0,0.9789,0.9788,1,1,50.2,267.33,158.35,0,1,2025-10-01 07:40:17,19.5,78.9,,0,0,,1
2025-10-01 07:41:02,202.86,0.3074,236.43,0.4561,1.3684,229.14,240.68,239.47,407.3,412.99,408.18,409.57,1.3684,0.0,0.0,0.3064,0.0,0.0,0.065,0.065,0,0,0.3136,0.3136,0,0,0.9783,0.9782,1,1,50.2,267.33,158.35,0,1,2025-10-01 07:41:02,19.0,79.2,,0,0,,1
2025-10-01 07:41:47,202.86,0.3062,236.17,0.4548,1.3644,228.92,240.39,239.21,406.48,413.24,407.45,409.08,1.3644,0.0,0.0,0.3051,0.0,0.0,0.0652,0.0652,0,0,0.3123,0.3123,0,0,0.978,0.9779,1,1,50.2,267.34,158.35,0,1,2025-10-01 07:41:47,18.9,80.8,,0,0,,1
2025-10-01 07:42:32,202.86,0.3064,236.08,0.4552,1.3656,228.81,240.26,239.17,406.65,412.58,407.43,408.8,1.3656,0.0,0.0,0.3052,0.0,0.0,0.0653,0.0653,0,0,0.3125,0.3125,0,0,0.978,0.9778,1,1,50.1,267.34,158.35,0,1,2025-10-01 07:42:32,18.9,82.2,,0,0,,1
2025-10-01 07:43:17,202.87,0.3002,235.11,0.4522,1.3567,226.21,239.8,239.32,403.95,412.53,405.18,407.7,1.3567,0.0,0.0,0.3002,0.0,0.0,0.0624,0.0624,0,0,0.3069,0.3069,0,0,0.979,0.979,1,1,50.1,267.34,158.35,0,1,2025-10-01 07:43:17,18.9,83.6,,0,0,,1
2025-10-01 07:44:02,202.87,0.3038,234.94,0.4545,1.3637,226.92,239.49,238.42,404.18,411.21,405.37,406.91,1.3637,0.0,0.0,0.3026,0.0,0.0,0.0633,0.0633,0,0,0.3095,0.3095,0,0,0.9789,0.9787,1,1,50.1,267.35,158.35,0,1,2025-10-01 07:44:02,19.0,84.9,,0,0,,1
2025-10-01 07:44:47,202.88,0.3022,235.13,0.4527,1.3582,226.84,239.74,238.81,404.53,411.37,405.81,407.22,1.3582,0.0,0.0,0.3011,0.0,0.0,0.0636,0.0636,0,0,0.3081,0.3081,0,0,0.9785,0.9784,1,1,50.1,267.35,158.35,0,1,2025-10-01 07:44:47,19.0,85.9,,0,0,,1
2025-10-01 07:45:53,202.88,0.3022,234.36,0.4538,1.3616,226.19,238.87,238.03,403.07,410.53,404.17,405.87,1.3616,0.0,0.0,0.3012,0.0,0.0,0.063,0.063,0,0,0.308,0.308,0,0,0.9789,0.9788,1,1,50.1,267.36,158.35,0,1,2025-10-01 07:45:53,19.1,87.5,,0,0,,1
2025-10-01 07:46:38,202.89,0.302,234.38,0.4534,1.3603,227.19,238.56,237.39,403.65,409.89,404.3,406.04,1.3603,0.0,0.0,0.302,0.0,0.0,0.0642,0.0642,0,0,0.309,0.309,0,0,0.9781,0.9781,1,1,50.1,267.36,158.35,0,1,2025-10-01 07:46:38,19.5,88.1,,0,0,,1
2025-10-01 07:47:23,202.89,0.3013,233.7,0.4522,1.3566,226.44,237.92,236.74,402.59,408.18,403.51,404.69,1.3566,0.0,0.0,0.3002,0.0,0.0,0.0635,0.0635,0,0,0.3072,0.3072,0,0,0.9785,0.9783,1,1,50.1,267.37,158.35,0,1,2025-10-01 07:47:23,19.5,88.8,,0,0,,1
2025-10-01 07:48:08,202.89,0.301,233.78,0.4531,1.3594,226.58,237.88,236.88,402.62,408.47,403.61,404.91,1.3594,0.0,0.0,0.301,0.0,0.0,0.0637,0.0637,0,0,0.308,0.308,0,0,0.9783,0.9783,1,1,50,267.37,158.35,0,1,2025-10-01 07:48:08,19.6,89.3,,0,0,,1
2025-10-01 07:48:53,202.9,0.302,233.94,0.4526,1.3578,226.8,237.94,237.08,402.4,408.94,404.2,405.22,1.3578,0.0,0.0,0.3009,0.0,0.0,0.0641,0.0641,0,0,0.3079,0.3079,0,0,0.9781,0.978,1,1,50,267.37,158.35,0,1,2025-10-01 07:48:53,19.6,89.7,,0,0,,1
2025-10-01 07:49:38,202.9,0.3026,234.13,0.4532,1.3596,226.98,238.25,237.18,403.12,409.56,403.91,405.4,1.3596,0.0,0.0,0.3015,0.0,0.0,0.0643,0.0643,0,0,0.3086,0.3086,0,0,0.9781,0.978,1,1,50.1,267.38,158.36,0,1,2025-10-01 07:49:38,19.6,90.2,,0,0,,1
2025-10-01 07:50:23,202.9,0.303,234.3,0.4533,1.3599,227.14,238.29,237.47,403.49,409.42,404.5,405.77,1.3599,0.0,0.0,0.3018,0.0,0.0,0.0643,0.0643,0,0,0.3089,0.3089,0,0,0.9782,0.978,1,1,50,267.38,158.36,0,1,2025-10-01 07:50:23,19.7,90.5,,0,0,,1
2025-10-01 07:51:08,202.91,0.3026,235.1,0.453,1.3592,228.01,239.05,238.26,404.73,410.7,406.17,407.2,1.3592,0.0,0.0,0.3026,0.0,0.0,0.0654,0.0654,0,0,0.3099,0.3099,0,0,0.9774,0.9774,1,1,50,267.39,158.36,0,1,2025-10-01 07:51:08,19.7,90.8,,0,0,,1
2025-10-01 07:51:53,202.91,0.2999,234.82,0.4497,1.3493,226.72,239.03,238.73,403.28,411.69,405.21,407.87,1.3493,0.0,0.0,0.2987,0.0,0.0,0.0643,0.0643,0,0,0.3059,0.3059,0,0,0.9777,0.9776,1,1,50.1,267.39,158.36,0,1,2025-10-01 07:51:53,19.7,91.1,,0,0,,1
2025-10-01 07:52:59,202.96,3.9094,234.38,7.5085,22.5256,225.85,239,238.29,403.23,410.16,404.42,405.85,8.4311,7.1876,6.9069,1.558,1.2804,1.0711,3.4802,1.0911,1.1407,1.2484,5.2678,1.9042,1.7178,1.6458,0.7469,0.8191,0.7466,0.6511,50.1,267.45,158.4,1,1,2025-10-01 07:52:59,19.8,89.8,,1,0,,0
2025-10-01 07:53:44,203.01,3.88,234.35,7.4694,22.4084,225.84,239.01,238.22,403.26,409.87,404.55,405.93,8.3967,7.1454,6.8663,1.5503,1.2693,1.0604,3.4696,1.0878,1.1378,1.2439,5.2398,1.8963,1.7078,1.6357,0.7454,0.8185,0.7446,0.6487,50.1,267.52,158.44,1,1,2025-10-01 07:53:44,19.7,85.5,,1,0,,0
2025-10-01 07:55:14,203.08,0.305,235.16,0.4563,1.3691,227.96,239.38,238.15,404.89,410.46,406.52,407.3,1.3691,0.0,0.0,0.305,0.0,0.0,0.0645,0.0645,0,0,0.3121,0.3121,0,0,0.9783,0.9783,1,1,50.1,267.62,158.51,0,1,2025-10-01 07:55:14,19.1,78.4,,0,0,,1
2025-10-01 07:55:59,203.09,0.3051,234.67,0.4549,1.3648,227.82,238.24,237.97,404.21,410.05,405.13,406.53,1.3648,0.0,0.0,0.3039,0.0,0.0,0.0643,0.0643,0,0,0.3109,0.3109,0,0,0.9785,0.9783,1,1,50.1,267.63,158.51,0,1,2025-10-01 07:55:59,19.0,79.4,,0,0,,1
2025-10-01 07:56:44,203.09,0.3057,235.27,0.455,1.3651,228.47,238.83,238.51,405.28,411.09,406.1,407.59,1.3651,0.0,0.0,0.3046,0.0,0.0,0.0655,0.0655,0,0,0.3119,0.3119,0,0,0.9778,0.9776,1,1,50.1,267.63,158.51,0,1,2025-10-01 07:56:44,18.9,81.1,,0,0,,1
2025-10-01 07:57:29,203.09,0.3042,235.94,0.4539,1.3618,228.8,240.29,238.73,406.99,412.23,406.72,408.61,1.3618,0.0,0.0,0.3042,0.0,0.0,0.0656,0.0656,0,0,0.3116,0.3116,0,0,0.9775,0.9775,1,1,50.1,267.63,158.51,0,1,2025-10-01 07:57:30,18.9,82.6,,0,0,,1
2025-10-01 07:58:14,203.1,0.305,236,0.4538,1.3614,228.71,240.49,238.8,406.91,412.25,407.08,408.72,1.3614,0.0,0.0,0.304,0.0,0.0,0.0658,0.0658,0,0,0.3114,0.3114,0,0,0.9775,0.9773,1,1,50.1,267.64,158.51,0,1,2025-10-01 07:58:14,18.9,84,,0,0,,1
2025-10-01 07:58:59,203.1,0.3049,236.17,0.4548,1.3644,228.82,240.69,239,406.97,412.9,407.26,408.87,1.3644,0.0,0.0,0.3049,0.0,0.0,0.0655,0.0655,0,0,0.3122,0.3122,0,0,0.9777,0.9776,1,1,50.1,267.64,158.51,0,1,2025-10-01 07:58:59,19.0,85.2,,0,0,,1
2025-10-01 08:00:05,203.11,0.3063,236.88,0.4547,1.3642,229.15,241.4,240.11,407.99,414.37,408.49,410.36,1.3642,0.0,0.0,0.3052,0.0,0.0,0.0659,0.0659,0,0,0.3126,0.3126,0,0,0.9776,0.9774,1,1,50.1,267.65,158.52,0,1,2025-10-01 08:00:05,19.0,86.9,,0,0,,1
2025-10-01 08:00:50,203.11,0.3065,236.9,0.455,1.3652,229.12,241.47,240.11,408.32,413.51,409.04,410.26,1.3652,0.0,0.0,0.3055,0.0,0.0,0.0656,0.0656,0,0,0.3128,0.3128,0,0,0.9778,0.9776,1,1,50.2,267.65,158.52,0,1,2025-10-01 08:00:50,19.5,87.6,,0,0,,1
2025-10-01 08:01:35,203.12,0.3059,236.85,0.4557,1.3672,229.08,241.34,240.13,408.03,413.94,408.68,410.24,1.3672,0.0,0.0,0.3059,0.0,0.0,0.0655,0.0655,0,0,0.3132,0.3132,0,0,0.9778,0.9778,1,1,50.2,267.66,158.52,0,1,2025-10-01 08:01:35,19.5,88.4,,0,0,,1
2025-10-01 08:02:20,203.12,0.3083,236.94,0.4559,1.3677,230.12,241.09,239.62,408.41,413.81,408.93,410.34,1.3677,0.0,0.0,0.3072,0.0,0.0,0.0665,0.0665,0,0,0.3147,0.3147,0,0,0.9774,0.9773,1,1,50.2,267.66,158.52,0,1,2025-10-01 08:02:20,19.6,89,,0,0,,1
2025-10-01 08:03:05,203.12,0.3079,236.99,0.4551,1.3653,230.12,241.13,239.74,408.12,414.49,408.83,410.38,1.3653,0.0,0.0,0.3067,0.0,0.0,0.0667,0.0667,0,0,0.3142,0.3142,0,0,0.9773,0.9771,1,1,50.2,267.66,158.52,0,1,2025-10-01 08:03:05,19.6,89.4,,0,0,,1
2025-10-01 08:03:50,203.13,0.3079,236.98,0.4554,1.3664,230.08,241.24,239.63,408.54,414,408.82,410.42,1.3664,0.0,0.0,0.3069,0.0,0.0,0.0665,0.0665,0,0,0.3144,0.3144,0,0,0.9774,0.9773,1,1,50.2,267.67,158.52,0,1,2025-10-01 08:03:50,19.6,90,,0,0,,1
2025-10-01 08:04:35,203.13,0.3081,237.11,0.4549,1.3648,230.34,241.03,239.98,407.96,414.52,409.58,410.75,1.3648,0.0,0.0,0.3069,0.0,0.0,0.0665,0.0665,0,0,0.3144,0.3144,0,0,0.9774,0.9772,1,1,50.2,267.67,158.52,0,1,2025-10-01 08:04:35,19.7,90.4,,0,0,,1
2025-10-01 08:05:20,203.14,0.3075,236.19,0.4554,1.3664,229.39,240.22,238.96,406.88,412.06,408.27,409.12,1.3664,0.0,0.0,0.3062,0.0,0.0,0.0654,0.0654,0,0,0.3134,0.3134,0,0,0.9781,0.9779,1,1,50.3,267.68,158.52,0,1,2025-10-01 08:05:20,19.7,90.7,,0,0,,1
2025-10-01 08:06:05,203.14,0.3073,236.57,0.4549,1.3647,229.76,240.5,239.47,407.12,413.5,408.63,409.74,1.3647,0.0,0.0,0.3063,0.0,0.0,0.0655,0.0655,0,0,0.3136,0.3136,0,0,0.978,0.9778,1,1,50.2,267.68,158.52,0,1,2025-10-01 08:06:05,19.7,91,,0,0,,1
2025-10-01 08:06:50,203.17,3.8991,236.37,7.5086,22.5259,229.41,239.91,239.81,406.1,413.5,408.63,409.39,8.498,7.1184,6.9095,1.5743,1.2452,1.0796,3.5656,1.1459,1.1642,1.2555,5.3143,1.9495,1.7078,1.657,0.7379,0.8084,0.7304,0.6519,50.3,267.72,158.55,1,1,2025-10-01 08:06:50,19.8,90.6,,1,0,,0
2025-10-01 08:07:35,203.22,3.9264,236.54,7.5299,22.5897,229.51,240.24,239.88,406.76,413.6,408.72,409.64,8.5092,7.1668,6.9137,1.5848,1.2601,1.0815,3.5633,1.1375,1.1692,1.2566,5.3332,1.9529,1.7218,1.6585,0.7405,0.8123,0.733,0.6523,50.3,267.78,158.59,1,1,2025-10-01 08:07:35,19.7,86.9,,1,0,,0
2025-10-01 08:08:20,203.27,3.8795,236.47,7.4845,22.453699999999998,229.16,240.57,239.68,407.31,413.84,407.58,409.59,8.4122,7.2055,6.836,1.5701,1.263,1.0465,3.5565,1.1144,1.1826,1.2595,5.2996,1.9277,1.7334,1.6385,0.7371,0.8154,0.7299,0.639,50.3,267.85,158.64,1,1,2025-10-01 08:08:20,19.6,82.2,,1,0,,0
2025-10-01 08:09:05,203.3,0.3077,235.94,0.459,1.377,228.38,240.4,239.04,405.67,413.62,406.69,408.75,1.377,0.0,0.0,0.3077,0.0,0.0,0.0632,0.0632,0,0,0.3145,0.3145,0,0,0.9795,0.9795,1,1,50.2,267.9,158.67,0,1,2025-10-01 08:09:05,19.5,79.1,,0,0,,1
2025-10-01 08:09:50,203.31,0.3057,235.91,0.456,1.3681,228.5,240.27,238.96,405.78,412.77,407.24,408.59,1.3681,0.0,0.0,0.3057,0.0,0.0,0.0636,0.0636,0,0,0.3126,0.3126,0,0,0.979,0.979,1,1,50.3,267.9,158.67,0,1,2025-10-01 08:09:50,19.0,79.7,,0,0,,1
2025-10-01 08:10:35,203.31,0.3048,235.77,0.4548,1.3645,228.45,239.97,238.91,405.85,411.99,407.24,408.45,1.3645,0.0,0.0,0.3048,0.0,0.0,0.0637,0.0637,0,0,0.3117,0.3117,0,0,0.9788,0.9788,1,1,50.3,267.91,158.67,0,1,2025-10-01 08:10:35,18.9,81.4,,0,0,,1
2025-10-01 08:11:20,203.31,0.3061,235.43,0.4556,1.3668,228.21,239.55,238.55,405.28,411.32,406.71,407.75,1.3668,0.0,0.0,0.3051,0.0,0.0,0.0635,0.0635,0,0,0.3119,0.3119,0,0,0.9791,0.979,1,1,50.3,267.91,158.67,0,1,2025-10-01 08:11:20,18.9,83.2,,0,0,,1
2025-10-01 08:12:05,203.32,0.3077,235.9,0.4559,1.3677,229.39,239.64,238.69,406.02,412.6,407.17,408.59,1.3677,0.0,0.0,0.3066,0.0,0.0,0.0649,0.0649,0,0,0.3137,0.3137,0,0,0.9784,0.9783,1,1,50.3,267.91,158.67,0,1,2025-10-01 08:12:05,18.9,84.7,,0,0,,1
2025-10-01 08:12:50,203.32,0.3074,235.8,0.4553,1.366,229.35,239.48,238.57,406.28,411.91,407.03,408.46,1.366,0.0,0.0,0.3061,0.0,0.0,0.0651,0.0651,0,0,0.3133,0.3133,0,0,0.9783,0.9781,1,1,50.3,267.92,158.67,0,1,2025-10-01 08:12:50,19.0,85.9,,0,0,,1
2025-10-01 08:13:35,203.32,0.307,235.7,0.4561,1.3685,229.56,239.81,237.75,406.58,411.7,406.47,408.15,1.3685,0.0,0.0,0.307,0.0,0.0,0.0652,0.0652,0,0,0.3142,0.3142,0,0,0.9781,0.9781,1,1,50.3,267.92,158.67,0,1,2025-10-01 08:13:35,19.0,86.9,,0,0,,1
2025-10-01 08:14:20,203.33,0.3086,236.35,0.4559,1.3679,230.21,240.24,238.62,407.54,412.3,408.25,409.41,1.3679,0.0,0.0,0.3075,0.0,0.0,0.0659,0.0659,0,0,0.3149,0.3149,0,0,0.9779,0.9777,1,1,50.3,267.93,158.67,0,1,2025-10-01 08:14:20,19.0,87.6,,0,0,,1
2025-10-01 08:15:05,203.33,0.308,236.15,0.4553,1.3659,230.04,240.04,238.38,407.1,412.71,407.26,409.13,1.3659,0.0,0.0,0.3068,0.0,0.0,0.0662,0.0662,0,0,0.3142,0.3142,0,0,0.9776,0.9774,1,1,50.2,267.93,158.67,0,1,2025-10-01 08:15:05,19.1,88.4,,0,0,,1
2025-10-01 08:15:50,203.34,0.3043,235.36,0.455,1.3651,227.98,239.29,238.83,405.09,411.45,406.42,407.63,1.3651,0.0,0.0,0.3043,0.0,0.0,0.0639,0.0639,0,0,0.3112,0.3112,0,0,0.9786,0.9786,1,1,50.2,267.93,158.67,0,1,2025-10-01 08:15:50,19.5,89.1,,0,0,,1
2025-10-01 08:16:35,203.34,0.3052,235.06,0.4551,1.3655,227.79,239.24,238.17,404.85,410.63,405.9,407.07,1.3655,0.0,0.0,0.3042,0.0,0.0,0.0634,0.0634,0,0,0.311,0.311,0,0,0.979,0.9789,1,1,50.2,267.94,158.67,0,1,2025-10-01 08:16:35,19.6,89.7,,0,0,,1
2025-10-01 08:17:20,203.34,0.3045,235.25,0.4553,1.3659,227.89,239.48,238.4,404.8,411.55,406.05,407.26,1.3659,0.0,0.0,0.3045,0.0,0.0,0.0631,0.0631,0,0,0.3113,0.3113,0,0,0.9791,0.9791,1,1,50.3,267.94,158.68,0,1,2025-10-01 08:17:20,19.6,90,,0,0,,1
2025-10-01 08:18:05,203.35,0.3044,235.3,0.4548,1.3646,228.09,239.26,238.56,404.75,411.11,406.76,407.42,1.3646,0.0,0.0,0.3044,0.0,0.0,0.0635,0.0635,0,0,0.3113,0.3113,0,0,0.9789,0.9789,1,1,50.3,267.94,158.68,0,1,2025-10-01 08:18:05,19.6,90.3,,0,0,,1
2025-10-01 08:18:50,203.35,0.3043,235.22,0.455,1.3652,227.92,239.35,238.4,405.23,410.47,406.47,407.42,1.3652,0.0,0.0,0.3043,0.0,0.0,0.0635,0.0635,0,0,0.3112,0.3112,0,0,0.9789,0.9789,1,1,50.3,267.95,158.68,0,1,2025-10-01 08:18:50,19.7,90.6,,0,0,,1
2025-10-01 08:19:35,203.35,0.3046,235.18,0.4544,1.3632,227.81,239.32,238.42,404.62,411.43,405.97,407.41,1.3632,0.0,0.0,0.3036,0.0,0.0,0.0638,0.0638,0,0,0.3106,0.3106,0,0,0.9787,0.9786,1,1,50.2,267.95,158.68,0,1,2025-10-01 08:19:35,19.7,90.9,,0,0,,1
2025-10-01 08:20:20,203.36,0.3051,235.31,0.4547,1.3641,227.96,239.42,238.56,404.72,411.49,406.48,407.36,1.3641,0.0,0.0,0.304,0.0,0.0,0.0636,0.0636,0,0,0.311,0.311,0,0,0.9789,0.9788,1,1,50.2,267.96,158.68,0,1,2025-10-01 08:20:20,19.7,91.2,,0,0,,1
2025-10-01 08:21:05,203.36,0.3048,234.99,0.4547,1.3641,227.65,239.06,238.26,404.34,410.58,406.06,407.16,1.3641,0.0,0.0,0.3037,0.0,0.0,0.0633,0.0633,0,0,0.3105,0.3105,0,0,0.9791,0.9789,1,1,50.2,267.96,158.68,0,1,2025-10-01 08:21:05,19.8,91.4,,0,0,,1
2025-10-01 08:21:50,203.38,3.7787,235.12,7.3502,22.050600000000003,228.25,238.7,238.43,404.13,411.24,406.36,407.19,8.3375,6.979,6.7341,1.5376,1.206,1.0351,3.488,1.1177,1.1446,1.2258,5.1745,1.903,1.6659,1.6056,0.7348,0.8088,0.7253,0.6451,50.3,267.98,158.69,1,1,2025-10-01 08:21:50,19.8,91.5,,1,0,,0
2025-10-01 08:22:35,203.43,3.9907,235.28,7.5736,22.7208,228.43,238.95,238.47,404.36,411.64,406.55,407.48,8.5835,7.2154,6.9219,1.6096,1.2799,1.1012,3.4941,1.1155,1.1505,1.2281,5.3355,1.9607,1.7241,1.6507,0.7523,0.8219,0.7436,0.6676,50.3,268.05,158.74,1,1,2025-10-01 08:22:35,19.7,88.3,,1,0,,0
2025-10-01 08:23:20,203.48,3.897,235.32,7.4722,22.416600000000003,228.46,239.04,238.47,404.79,411.62,406.35,407.48,8.4801,7.1218,6.8147,1.5826,1.2479,1.0665,3.4924,1.1138,1.1537,1.2249,5.2649,1.9374,1.7024,1.6251,0.7447,0.8177,0.7342,0.6566,50.3,268.11,158.78,1,1,2025-10-01 08:23:20,19.7,84.1,,1,0,,0
2025-10-01 08:24:50,203.53,0.3089,236.59,0.4565,1.3697,230.04,240.01,239.74,407.43,413.59,408.36,409.84,1.3697,0.0,0.0,0.3078,0.0,0.0,0.0654,0.0654,0,0,0.3151,0.3151,0,0,0.9783,0.9781,1,1,50.3,268.18,158.82,0,1,2025-10-01 08:24:50,19.0,79.2,,0,0,,1
2025-10-01 08:25:35,203.53,0.3053,235.66,0.4561,1.3684,228.12,239.74,239.12,405.95,411.66,406.85,408.15,1.3684,0.0,0.0,0.3053,0.0,0.0,0.0635,0.0635,0,0,0.3122,0.3122,0,0,0.979,0.979,1,1,50.2,268.19,158.82,0,1,2025-10-01 08:25:35,18.9,80.7,,0,0,,1
2025-10-01 08:26:20,203.53,0.3042,235.66,0.4546,1.3638,228.17,239.7,239.12,405.67,411.9,406.92,408.24,1.3638,0.0,0.0,0.3042,0.0,0.0,0.0641,0.0641,0,0,0.3112,0.3112,0,0,0.9784,0.9784,1,1,50.2,268.19,158.82,0,1,2025-10-01 08:26:20,18.9,82.4,,0,0,,1
2025-10-01 08:27:05,203.54,0.3039,235.04,0.4548,1.3646,227.73,239.16,238.25,404.76,410.54,405.98,407.08,1.3646,0.0,0.0,0.3039,0.0,0.0,0.0636,0.0636,0,0,0.3108,0.3108,0,0,0.9787,0.9787,1,1,50.2,268.19,158.82,0,1,2025-10-01 08:27:05,18.9,84,,0,0,,1
2025-10-01 08:27:50,203.54,0.3037,234.95,0.4547,1.3641,227.7,239.03,238.13,404.56,410.11,406.1,406.88,1.3641,0.0,0.0,0.3037,0.0,0.0,0.0636,0.0636,0,0,0.3106,0.3106,0,0,0.9787,0.9786,1,1,50.2,268.2,158.83,0,1,2025-10-01 08:27:50,19.0,85.3,,0,0,,1
2025-10-01 08:28:35,203.55,0.3034,235.09,0.4537,1.3611,227.96,238.95,238.38,404.66,410.23,406.63,407.26,1.3611,0.0,0.0,0.3034,0.0,0.0,0.064,0.064,0,0,0.3103,0.3103,0,0,0.9784,0.9783,1,1,50.2,268.2,158.83,0,1,2025-10-01 08:28:35,19.0,86.4,,0,0,,1
2025-10-01 08:29:20,203.55,0.305,235.98,0.454,1.3621,229.5,239.79,238.67,406.83,412.47,406.9,408.83,1.3621,0.0,0.0,0.305,0.0,0.0,0.0664,0.0664,0,0,0.3126,0.3126,0,0,0.9771,0.9772,1,1,50.2,268.2,158.83,0,1,2025-10-01 08:29:20,19.0,87.1,,0,0,,1
2025-10-01 08:30:05,203.55,0.3061,235.89,0.4552,1.3658,229.47,239.52,238.68,406.34,412.07,407.29,408.61,1.3658,0.0,0.0,0.3061,0.0,0.0,0.0663,0.0663,0,0,0.3134,0.3134,0,0,0.9773,0.9772,1,1,50.1,268.21,158.83,0,1,2025-10-01 08:30:05,19.1,87.9,,0,0,,1
2025-10-01 08:30:50,203.56,0.3071,235.96,0.455,1.3652,229.58,239.58,238.72,406.72,411.82,407.5,408.58,1.3652,0.0,0.0,0.306,0.0,0.0,0.066,0.066,0,0,0.3134,0.3134,0,0,0.9776,0.9775,1,1,50.2,268.21,158.83,0,1,2025-10-01 08:30:50,19.5,88.6,,0,0,,1
2025-10-01 08:31:35,203.56,0.3064,235.77,0.4544,1.3634,229.31,239.44,238.58,406.19,411.76,407.15,408.46,1.3634,0.0,0.0,0.3053,0.0,0.0,0.0658,0.0658,0,0,0.3126,0.3126,0,0,0.9776,0.9775,1,1,50.2,268.22,158.83,0,1,2025-10-01 08:31:35,19.5,89.1,,0,0,,1
2025-10-01 08:32:20,203.57,0.3053,236.09,0.4543,1.3629,229.36,239.81,239.1,406.87,412.53,407.33,409.06,1.3629,0.0,0.0,0.3053,0.0,0.0,0.0654,0.0654,0,0,0.3126,0.3126,0,0,0.9777,0.9777,1,1,50.2,268.22,158.83,0,1,2025-10-01 08:32:20,19.6,89.6,,0,0,,1
2025-10-01 08:33:05,203.57,0.3083,236.33,0.4561,1.3683,229.77,239.78,239.46,407.02,412.69,408.29,409.12,1.3683,0.0,0.0,0.307,0.0,0.0,0.0659,0.0659,0,0,0.3144,0.3144,0,0,0.9778,0.9777,1,1,50.2,268.22,158.83,0,1,2025-10-01 08:33:05,19.6,89.9,,0,0,,1
2025-10-01 08:33:50,203.57,0.3068,236.29,0.4542,1.3627,229.75,239.71,239.41,406.98,412.95,407.85,409.24,1.3627,0.0,0.0,0.3057,0.0,0.0,0.066,0.066,0,0,0.3131,0.3131,0,0,0.9776,0.9774,1,1,50.2,268.23,158.83,0,1,2025-10-01 08:33:50,19.6,90.4,,0,0,,1
2025-10-01 08:34:35,203.58,0.3069,235.67,0.4547,1.3641,229.42,238.56,239.05,405.92,411.38,407.28,408,1.3641,0.0,0.0,0.3057,0.0,0.0,0.0652,0.0652,0,0,0.313,0.313,0,0,0.9781,0.9779,1,1,50.2,268.23,158.83,0,1,2025-10-01 08:34:35,19.6,90.7,,0,0,,1
2025-10-01 08:35:20,203.58,0.3044,234.77,0.454,1.3622,227.72,238.09,238.52,403.87,410.28,405.75,406.61,1.3622,0.0,0.0,0.3033,0.0,0.0,0.0635,0.0635,0,0,0.3102,0.3102,0,0,0.9789,0.9787,1,1,50.2,268.24,158.83,0,1,2025-10-01 08:35:20,19.7,90.9,,0,0,,1
2025-10-01 08:36:05,203.58,0.304,234.69,0.4539,1.3617,227.42,238.08,238.57,403.49,410.61,405.36,406.56,1.3617,0.0,0.0,0.3029,0.0,0.0,0.0631,0.0631,0,0,0.3097,0.3097,0,0,0.9791,0.979,1,1,50.3,268.24,158.83,0,1,2025-10-01 08:36:05,19.7,91.2,,0,0,,1
2025-10-01 08:36:50,203.59,0.3043,235.09,0.4539,1.3619,227.63,239.18,238.46,404.37,411.34,405.82,407.16,1.3619,0.0,0.0,0.3032,0.0,0.0,0.063,0.063,0,0,0.31,0.31,0,0,0.9792,0.979,1,1,50.3,268.24,158.84,0,1,2025-10-01 08:36:50,19.7,91.4,,0,0,,1
2025-10-01 08:37:35,203.6,3.7958,234.29,7.3549,22.064799999999998,226.56,238.41,237.9,403.07,409.81,404.49,405.58,8.3391,6.9924,6.7333,1.5363,1.2211,1.0384,3.4442,1.0955,1.1304,1.2184,5.1582,1.8893,1.6671,1.6019,0.7405,0.8142,0.7338,0.6486,50.2,268.26,158.85,1,1,2025-10-01 08:37:35,19.8,91.6,,1,0,,0
2025-10-01 08:38:20,203.65,4.0773,234.71,7.6623,22.9869,227.65,238.54,237.94,403.71,410.59,405.27,406.45,8.6549,7.336,6.996,1.6334,1.3191,1.1248,3.4687,1.0978,1.1455,1.2254,5.3848,1.9703,1.7499,1.6646,0.7616,0.8299,0.755,0.6762,50.3,268.33,158.89,1,1,2025-10-01 08:38:20,19.7,88.6,,1,0,,0
2025-10-01 08:39:05,203.7,3.9926,234.69,7.5622,22.686600000000002,227.65,238.91,237.52,404.33,410.63,404.53,406.46,8.5464,7.2397,6.9005,1.6083,1.2917,1.0926,3.4563,1.0905,1.1458,1.2201,5.3142,1.9456,1.7296,1.639,0.756,0.8276,0.7481,0.6671,50.3,268.4,158.93,1,1,2025-10-01 08:39:05,19.7,84.3,,1,0,,0
2025-10-01 08:40:35,203.76,0.3072,236.22,0.4556,1.3668,229.23,240.18,239.26,406.65,413.41,407.39,409.09,1.3668,0.0,0.0,0.3061,0.0,0.0,0.0654,0.0654,0,0,0.3133,0.3133,0,0,0.978,0.9779,1,1,50.2,268.47,158.98,0,1,2025-10-01 08:40:35,19.0,79.2,,0,0,,1
2025-10-01 08:41:20,203.76,0.3068,236.09,0.4552,1.3656,229.21,240.02,239.05,406.64,413.72,406.43,408.93,1.3656,0.0,0.0,0.3057,0.0,0.0,0.0654,0.0654,0,0,0.313,0.313,0,0,0.978,0.9778,1,1,50.2,268.48,158.98,0,1,2025-10-01 08:41:20,18.9,80.6,,0,0,,1
2025-10-01 08:41:21,203.76,0.3068,236.09,0.4552,1.3656,229.21,240.02,239.05,406.64,413.72,406.43,408.93,1.3656,0.0,0.0,0.3057,0.0,0.0,0.0654,0.0654,0,0,0.313,0.313,0,0,0.978,0.9778,1,1,50.2,268.48,158.98,0,0,,,,,0,0,,1
2025-10-01 10:03:24,203.77,0.305,235.63,0.4549,1.3649,228.82,239.7,238.37,406.14,411.71,406.48,408.1,1.3649,0.0,0.0,0.305,0.0,0.0,0.0656,0.0656,0,0,0.3123,0.3123,0,0,0.9776,0.9776,1,1,50.1,268.48,158.98,0,1,2025-10-01 10:03:24,18.9,83.2,,0,0,,1
2025-10-01 10:04:09,203.77,0.3054,235.47,0.454,1.362,228.65,239.48,238.29,405.71,411.64,406.18,407.74,1.362,0.0,0.0,0.3041,0.0,0.0,0.0657,0.0657,0,0,0.3114,0.3114,0,0,0.9776,0.9774,1,1,50.1,268.49,158.98,0,1,2025-10-01 10:04:09,18.9,84.6,,0,0,,1
2025-10-01 10:04:54,203.78,0.3025,234.49,0.4529,1.3587,227,238.65,237.83,403.31,409.86,405.23,406.25,1.3587,0.0,0.0,0.3014,0.0,0.0,0.0639,0.0639,0,0,0.3084,0.3084,0,0,0.9784,0.9782,1,1,50.1,268.49,158.98,0,1,2025-10-01 10:04:54,19.0,85.8,,0,0,,1
2025-10-01 10:05:39,203.78,0.303,234.51,0.4539,1.3617,226.92,238.73,237.89,403.48,410.1,404.93,406.17,1.3617,0.0,0.0,0.302,0.0,0.0,0.0641,0.0641,0,0,0.309,0.309,0,0,0.9783,0.9782,1,1,50,268.49,158.99,0,1,2025-10-01 10:05:39,19.0,86.8,,0,0,,1
2025-10-01 10:06:24,203.78,0.3018,234.63,0.4535,1.3605,227.01,238.96,237.92,403.3,410.9,404.95,406.43,1.3605,0.0,0.0,0.3018,0.0,0.0,0.0643,0.0643,0,0,0.3088,0.3088,0,0,0.978,0.978,1,1,50,268.5,158.99,0,1,2025-10-01 10:06:24,19.1,87.6,,0,0,,1
2025-10-01 10:07:09,203.79,0.3038,235.45,0.4535,1.3605,227.68,239.73,238.95,405.18,411.45,406.75,407.63,1.3605,0.0,0.0,0.3026,0.0,0.0,0.0648,0.0648,0,0,0.3098,0.3098,0,0,0.9779,0.9777,1,1,50.1,268.5,158.99,0,1,2025-10-01 10:07:09,19.1,88.3,,0,0,,1
2025-10-01 10:07:54,203.79,0.3052,236,0.4533,1.3601,229.09,239.88,239.05,406.47,412.33,407.48,408.78,1.3601,0.0,0.0,0.304,0.0,0.0,0.0668,0.0668,0,0,0.3116,0.3116,0,0,0.9768,0.9766,1,1,50,268.51,158.99,0,1,2025-10-01 10:07:54,19.5,88.9,,0,0,,1
2025-10-01 10:08:39,203.8,0.305,235.79,0.4536,1.3608,228.9,239.67,238.8,406.09,412.48,406.61,408.55,1.3608,0.0,0.0,0.304,0.0,0.0,0.0664,0.0664,0,0,0.3115,0.3115,0,0,0.9771,0.9769,1,1,50.1,268.51,158.99,0,1,2025-10-01 10:08:39,19.6,89.4,,0,0,,1
2025-10-01 10:09:24,203.8,0.3045,235.34,0.4533,1.36,228.56,239.31,238.16,405.54,411.41,405.9,407.61,1.36,0.0,0.0,0.3034,0.0,0.0,0.0658,0.0658,0,0,0.3108,0.3108,0,0,0.9774,0.9772,1,1,50.1,268.51,158.99,0,1,2025-10-01 10:09:24,19.6,89.8,,0,0,,1
2025-10-01 10:10:09,203.8,0.3038,235.25,0.4538,1.3614,228.64,239.02,238.1,404.89,411.38,406.12,407.49,1.3614,0.0,0.0,0.3038,0.0,0.0,0.0661,0.0661,0,0,0.3113,0.3113,0,0,0.9771,0.9771,1,1,50,268.52,158.99,0,1,2025-10-01 10:10:09,19.6,90.2,,0,0,,1
2025-10-01 10:10:54,203.81,0.3048,235.3,0.4535,1.3607,228.61,239.18,238.12,405.24,411.17,406.23,407.5,1.3607,0.0,0.0,0.3037,0.0,0.0,0.0657,0.0657,0,0,0.3111,0.3111,0,0,0.9775,0.9774,1,1,50.1,268.52,158.99,0,1,2025-10-01 10:10:54,19.7,90.6,,0,0,,1
2025-10-01 10:11:39,203.81,0.303,234.54,0.4528,1.3584,227.59,239.08,236.95,403.96,410.02,404.69,406.18,1.3584,0.0,0.0,0.3019,0.0,0.0,0.0649,0.0649,0,0,0.3092,0.3092,0,0,0.9777,0.9776,1,1,50,268.53,158.99,0,1,2025-10-01 10:11:39,19.7,90.9,,0,0,,1
2025-10-01 10:12:24,203.82,0.3028,234.55,0.4525,1.3575,227.52,239.24,236.89,403.66,410.47,404.6,406.22,1.3575,0.0,0.0,0.3017,0.0,0.0,0.0646,0.0646,0,0,0.3089,0.3089,0,0,0.978,0.9778,1,1,50.1,268.53,158.99,0,1,2025-10-01 10:12:24,19.7,91.2,,0,0,,1
2025-10-01 10:13:09,203.84,4.0373,233.48,7.6362,22.9086,226.1,238.2,236.16,401.59,408.49,403.1,404.4,8.6248,7.3085,6.9753,1.6173,1.3107,1.1092,3.4439,1.0857,1.1415,1.2166,5.3382,1.9501,1.7409,1.6473,0.7608,0.8302,0.754,0.6737,50.1,268.57,159.02,1,1,2025-10-01 10:13:09,19.7,91.2,,1,0,,0
2025-10-01 10:13:54,203.9,4.0421,233.71,7.642,22.9262,225.93,238.14,237.08,402.09,408.69,403.59,404.77,8.6354,7.3056,6.9852,1.6148,1.3121,1.1152,3.4517,1.091,1.1379,1.2228,5.3468,1.951,1.7398,1.6561,0.7604,0.8286,0.7554,0.6738,50,268.64,159.06,1,1,2025-10-01 10:13:54,19.7,87.1,,1,0,,0
2025-10-01 10:14:39,203.95,3.9946,234.57,7.5986,22.796,226.73,238.7,238.29,403.38,410.48,404.98,406.26,8.5936,7.2329,6.9695,1.5978,1.2899,1.1069,3.4897,1.1108,1.1427,1.2362,5.3357,1.9484,1.7265,1.6608,0.7531,0.821,0.7485,0.667,50,268.7,159.11,1,1,2025-10-01 10:14:39,19.6,83.5,,1,0,,0
2025-10-01 10:15:24,203.99,0.4329,235.21,1.5587,4.6763,227.63,239.37,238.64,404.91,410.63,406.58,405.79,2.0567,1.34,1.2796,0.3509,0.0461,0.0359,0.1794,0.0973,0.0391,0.0429,1.0943,0.4682,0.3208,0.3054,0.9238,0.9636,0.7626,0.6413,50,268.77,159.15,1,1,2025-10-01 10:15:24,19.5,80.7,,0,0,,1
2025-10-01 10:16:09,204,0.3038,235.08,0.4542,1.3626,227.45,239.41,238.39,404.88,410.6,405.97,407.17,1.3626,0.0,0.0,0.3027,0.0,0.0,0.0649,0.0649,0,0,0.3099,0.3099,0,0,0.9779,0.9778,1,1,50,268.77,159.15,0,1,2025-10-01 10:16:09,19.0,81.1,,0,0,,1
2025-10-01 10:16:54,204,0.3009,233.89,0.4519,1.3557,226.48,238.18,237.02,402.51,408.76,404.02,405.18,1.3557,0.0,0.0,0.2999,0.0,0.0,0.0646,0.0646,0,0,0.307,0.307,0,0,0.9777,0.9776,1,1,49.9,268.77,159.15,0,1,2025-10-01 10:16:54,18.9,83.7,,0,0,,1
2025-10-01 10:17:39,204,0.302,234.61,0.4525,1.3576,227.99,238.51,237.34,403.95,409.98,405.12,406.3,1.3576,0.0,0.0,0.302,0.0,0.0,0.0662,0.0662,0,0,0.3095,0.3095,0,0,0.9767,0.9767,1,1,49.9,268.78,159.15,0,1,2025-10-01 10:17:39,18.9,85.8,,0,0,,1
2025-10-01 10:18:24,204.01,0.3033,234.65,0.4527,1.3582,228.07,238.54,237.36,404.1,410.18,405.01,406.36,1.3582,0.0,0.0,0.3022,0.0,0.0,0.0662,0.0662,0,0,0.3098,0.3098,0,0,0.9769,0.9768,1,1,50,268.78,159.15,0,1,2025-10-01 10:18:24,19.0,87.4,,0,0,,1
2025-10-01 10:19:09,204.01,0.3044,234.75,0.4543,1.363,227.95,238.77,237.55,404.08,410.27,405.44,406.51,1.363,0.0,0.0,0.3033,0.0,0.0,0.0658,0.0658,0,0,0.3107,0.3107,0,0,0.9774,0.9772,1,1,49.9,268.79,159.15,0,1,2025-10-01 10:19:09,19.0,88.6,,0,0,,1
2025-10-01 10:19:54,204.02,0.3047,234.95,0.4543,1.3629,228.18,238.79,237.89,404.56,410.49,405.77,406.95,1.3629,0.0,0.0,0.3035,0.0,0.0,0.0662,0.0662,0,0,0.311,0.311,0,0,0.9772,0.977,1,1,50,268.79,159.15,0,1,2025-10-01 10:19:54,19.0,89.6,,0,0,,1
2025-10-01 10:20:39,204.02,0.3052,235.18,0.4545,1.3635,228.52,239.04,238,405.13,410.89,406.01,407.36,1.3635,0.0,0.0,0.3041,0.0,0.0,0.0662,0.0662,0,0,0.3116,0.3116,0,0,0.9772,0.9771,1,1,50,268.79,159.15,0,1,2025-10-01 10:20:39,19.5,90.4,,0,0,,1
2025-10-01 10:21:24,204.02,0.3054,235.56,0.4543,1.3631,228.8,239.29,238.61,406.02,411.42,406.56,408.12,1.3631,0.0,0.0,0.3043,0.0,0.0,0.0668,0.0668,0,0,0.3119,0.3119,0,0,0.9769,0.9767,1,1,50,268.8,159.15,0,1,2025-10-01 10:21:24,19.5,91.2,,0,0,,1
2025-10-01 10:22:09,204.03,0.3049,235.4,0.4548,1.3646,228.98,238.66,238.56,405.72,410.59,406.82,407.79,1.3646,0.0,0.0,0.3049,0.0,0.0,0.0668,0.0668,0,0,0.3125,0.3125,0,0,0.9768,0.9768,1,1,50,268.8,159.15,0,1,2025-10-01 10:22:09,19.6,91.8,,0,0,,1
2025-10-01 10:22:54,204.03,0.3059,235.81,0.454,1.3622,229.36,239.19,238.9,405.95,411.7,407.64,408.53,1.3622,0.0,0.0,0.3048,0.0,0.0,0.0671,0.0671,0,0,0.3124,0.3124,0,0,0.9767,0.9766,1,1,50,268.81,159.15,0,1,2025-10-01 10:22:54,19.6,92.3,,0,0,,1
2025-10-01 10:23:39,204.03,0.3037,234.59,0.4542,1.3627,227.29,238.7,237.8,403.89,409.88,405.17,406.27,1.3627,0.0,0.0,0.3026,0.0,0.0,0.0643,0.0643,0,0,0.3097,0.3097,0,0,0.9782,0.9781,1,1,50,268.81,159.15,0,1,2025-10-01 10:23:39,19.6,92.6,,0,0,,1
2025-10-01 10:24:24,204.04,0.3017,234.48,0.4529,1.3587,227.37,238.4,237.68,403.38,409.43,405.54,406.08,1.3587,0.0,0.0,0.3017,0.0,0.0,0.0649,0.0649,0,0,0.3089,0.3089,0,0,0.9776,0.9776,1,1,50,268.81,159.16,0,1,2025-10-01 10:24:24,19.7,92.9,,0,0,,1
2025-10-01 10:25:09,204.04,0.3016,234.36,0.453,1.359,227.22,238.31,237.56,403.35,409.25,405.13,405.99,1.359,0.0,0.0,0.3016,0.0,0.0,0.0647,0.0647,0,0,0.3088,0.3088,0,0,0.9777,0.9777,1,1,50,268.82,159.16,0,1,2025-10-01 10:25:09,19.7,93.2,,0,0,,1
2025-10-01 10:25:54,204.05,0.3028,234.47,0.4544,1.3633,227.22,238.51,237.69,403.52,409.8,404.99,406.03,1.3633,0.0,0.0,0.3028,0.0,0.0,0.0639,0.0639,0,0,0.3098,0.3098,0,0,0.9784,0.9784,1,1,50.1,268.82,159.16,0,1,2025-10-01 10:25:54,19.7,93.5,,0,0,,1
2025-10-01 10:26:39,204.07,4.0666,233.91,7.6685,23.0055,227.24,237.36,237.14,402.33,408.82,404.27,405.03,8.7147,7.273,7.0178,1.6317,1.2969,1.138,3.4654,1.1181,1.1346,1.2126,5.3708,1.9803,1.7263,1.6642,0.7611,0.8249,0.7526,0.6843,50.1,268.85,159.18,1,1,2025-10-01 10:26:39,19.8,93.6,,1,0,,0
2025-10-01 10:27:24,204.12,4.1982,234.39,7.8206,23.462,227.65,237.6,237.92,403.21,409.25,405.42,405.89,8.8695,7.4023,7.1902,1.6694,1.3393,1.1895,3.4948,1.1316,1.1352,1.228,5.4886,2.0191,1.7588,1.7107,0.7685,0.8277,0.7628,0.6957,50,268.92,159.22,1,1,2025-10-01 10:27:24,19.7,90.6,,1,0,,0
2025-10-01 10:28:09,204.17,4.0878,234.49,7.6925,23.0775,227.57,237.97,237.93,403.67,409.51,405.22,406.11,8.7043,7.3337,7.0395,1.6349,1.3142,1.1388,3.4843,1.1143,1.1435,1.2265,5.4009,1.9808,1.7452,1.6749,0.761,0.8263,0.7544,0.6804,50.1,268.99,159.26,1,1,2025-10-01 10:28:09,19.6,86.3,,1,0,,0
2025-10-01 10:28:54,204.22,0.3108,235.84,0.4604,1.3814,229.23,239.34,238.95,406.15,411.57,407.69,408.39,1.3814,0.0,0.0,0.3095,0.0,0.0,0.0654,0.0654,0,0,0.3167,0.3167,0,0,0.9785,0.9784,1,1,50.1,269.05,159.3,0,1,2025-10-01 10:28:54,19.5,82.5,,0,0,,1
2025-10-01 10:29:39,204.23,0.3056,235.4,0.4541,1.3624,228.89,239.09,238.24,405.75,410.65,406.74,407.72,1.3624,0.0,0.0,0.3044,0.0,0.0,0.066,0.066,0,0,0.3118,0.3118,0,0,0.9774,0.9772,1,1,50.1,269.06,159.31,0,1,2025-10-01 10:29:39,19.0,82.3,,0,0,,1
2025-10-01 10:30:24,204.23,0.3054,235.19,0.4543,1.363,228.65,238.94,237.98,405.12,410.81,406.11,407.43,1.363,0.0,0.0,0.3042,0.0,0.0,0.0659,0.0659,0,0,0.3116,0.3116,0,0,0.9775,0.9773,1,1,50,269.06,159.31,0,1,2025-10-01 10:30:24,18.9,83.8,,0,0,,1
2025-10-01 10:31:09,204.23,0.3053,235.12,0.4543,1.3629,228.63,238.87,237.86,405.16,410.62,405.9,407.27,1.3629,0.0,0.0,0.3042,0.0,0.0,0.0661,0.0661,0,0,0.3116,0.3116,0,0,0.9773,0.9771,1,1,50,269.06,159.31,0,1,2025-10-01 10:31:09,18.9,85.4,,0,0,,1
2025-10-01 10:31:54,204.24,0.3042,234.95,0.4533,1.3599,228.52,238.65,237.69,404.41,411.1,405.34,407.01,1.3599,0.0,0.0,0.3032,0.0,0.0,0.0667,0.0667,0,0,0.3108,0.3108,0,0,0.9768,0.9766,1,1,50,269.07,159.31,0,1,2025-10-01 10:31:54,18.9,86.8,,0,0,,1
2025-10-01 10:32:39,204.24,0.3042,234.97,0.4529,1.3589,228.47,238.72,237.74,404.84,410.42,405.69,406.99,1.3589,0.0,0.0,0.3029,0.0,0.0,0.0664,0.0664,0,0,0.3105,0.3105,0,0,0.977,0.9768,1,1,50,269.07,159.31,0,1,2025-10-01 10:32:39,19.0,88.1,,0,0,,1
2025-10-01 10:33:24,204.24,0.3047,235.08,0.4537,1.3613,228.68,238.77,237.79,405.12,410.29,406.05,407.06,1.3613,0.0,0.0,0.3037,0.0,0.0,0.0665,0.0665,0,0,0.3113,0.3113,0,0,0.9769,0.9768,1,1,50,269.08,159.31,0,1,2025-10-01 10:33:24,19.0,89.1,,0,0,,1
2025-10-01 10:34:09,204.25,0.3017,234.79,0.4528,1.3586,227.52,238.75,238.1,404.59,410.06,405.29,406.81,1.3586,0.0,0.0,0.3017,0.0,0.0,0.0655,0.0655,0,0,0.3091,0.3091,0,0,0.9772,0.9772,1,1,49.9,269.08,159.31,0,1,2025-10-01 10:34:09,19.1,89.8,,0,0,,1
2025-10-01 10:34:54,204.25,0.3019,234.93,0.4529,1.3587,227.59,238.86,238.34,404.29,410.72,405.68,406.64,1.3587,0.0,0.0,0.3019,0.0,0.0,0.0654,0.0654,0,0,0.3092,0.3092,0,0,0.9773,0.9773,1,1,50,269.08,159.31,0,1,2025-10-01 10:34:54,19.5,90.4,,0,0,,1
2025-10-01 10:35:39,204.26,0.3041,235.27,0.4539,1.3617,227.96,239.19,238.66,404.84,411.1,406.51,407.42,1.3617,0.0,0.0,0.303,0.0,0.0,0.0658,0.0658,0,0,0.3104,0.3104,0,0,0.9774,0.9772,1,1,50,269.09,159.31,0,1,2025-10-01 10:35:39,19.5,91,,0,0,,1
2025-10-01 10:36:24,204.26,0.3037,235.13,0.4536,1.3608,228.8,238.69,237.9,404.98,410.47,406.28,407.29,1.3608,0.0,0.0,0.3037,0.0,0.0,0.0668,0.0668,0,0,0.3114,0.3114,0,0,0.9766,0.9766,1,1,50,269.09,159.31,0,1,2025-10-01 10:36:24,19.6,91.4,,0,0,,1
2025-10-01 10:37:09,204.26,0.3045,235.16,0.4546,1.3638,228.84,238.73,237.92,404.99,410.73,406.19,407.22,1.3638,0.0,0.0,0.3045,0.0,0.0,0.067,0.067,0,0,0.3121,0.3121,0,0,0.9766,0.9766,1,1,49.9,269.1,159.31,0,1,2025-10-01 10:37:09,19.6,91.8,,0,0,,1
2025-10-01 10:37:54,204.27,0.3046,234.96,0.4535,1.3605,228.58,238.61,237.69,405.04,409.95,405.85,406.38,1.3605,0.0,0.0,0.3035,0.0,0.0,0.0662,0.0662,0,0,0.311,0.311,0,0,0.9771,0.9769,1,1,50,269.1,159.31,0,1,2025-10-01 10:37:54,19.6,92.2,,0,0,,1
2025-10-01 10:38:39,204.27,0.3042,234.61,0.4532,1.3597,228.43,237.72,237.68,404.13,409.78,405.14,406.43,1.3597,0.0,0.0,0.3031,0.0,0.0,0.0663,0.0663,0,0,0.3106,0.3106,0,0,0.977,0.9769,1,1,50,269.1,159.32,0,1,2025-10-01 10:38:39,19.7,92.6,,0,0,,1
2025-10-01 10:39:24,204.27,0.3051,234.66,0.4541,1.3623,228.49,237.73,237.76,404.65,409.37,405.26,406.28,1.3623,0.0,0.0,0.3038,0.0,0.0,0.066,0.066,0,0,0.3113,0.3113,0,0,0.9773,0.9771,1,1,50,269.11,159.32,0,1,2025-10-01 10:39:24,19.7,92.8,,0,0,,1
2025-10-01 10:40:09,204.28,0.3048,235.54,0.4543,1.363,229.18,238.5,238.95,405.84,410.91,407.13,407.85,1.363,0.0,0.0,0.3048,0.0,0.0,0.0668,0.0668,0,0,0.3124,0.3124,0,0,0.9767,0.9767,1,1,50,269.11,159.32,0,1,2025-10-01 10:40:09,19.7,93,,0,0,,1
2025-10-01 10:40:54,204.29,3.92,234.42,7.5319,22.5958,230.41,239.32,233.54,404.52,409.17,404.35,405.99,8.6042,7.2539,6.7377,1.6384,1.2432,1.0384,3.5005,1.1123,1.2075,1.1808,5.292,1.9825,1.736,1.5735,0.7458,0.8273,0.7173,0.6603,50,269.13,159.33,1,1,2025-10-01 10:40:54,19.8,93.2,,1,0,,0
2025-10-01 10:41:39,204.34,4.1964,234.08,7.8198,23.4595,229.81,239.42,233.02,403.83,408.72,403.71,405.42,8.9062,7.5379,7.0154,1.7246,1.3434,1.1284,3.4804,1.0983,1.2009,1.1811,5.4862,2.0467,1.8047,1.6347,0.7697,0.8434,0.7455,0.6907,50,269.2,159.37,1,1,2025-10-01 10:41:39,19.7,90.8,,1,0,,0
2025-10-01 10:42:24,204.4,4.1073,233.4,7.7154,23.1464,229.29,238.93,231.99,403.37,406.97,402.39,405.37,8.8185,7.403,6.9249,1.6971,1.3059,1.1042,3.4419,1.0929,1.186,1.1629,5.3973,2.022,1.7688,1.6065,0.7664,0.8407,0.7402,0.6885,50,269.27,159.41,1,1,2025-10-01 10:42:24,19.7,86.3,,1,0,,0
2025-10-01 10:43:09,204.44,4.079,233.32,7.6614,22.984199999999998,229.99,237.49,232.5,402.19,406.6,403.53,404.43,8.8111,7.2858,6.8873,1.6912,1.2741,1.1136,3.4285,1.1125,1.1668,1.1492,5.3581,2.0265,1.7303,1.6013,0.7655,0.8354,0.7375,0.6958,50,269.33,159.46,1,1,2025-10-01 10:43:09,19.5,82.5,,1,0,,0
2025-10-01 10:43:54,204.46,0.3044,233.57,0.4537,1.3613,229.12,239.28,232.32,403.09,407.64,402.87,404.68,1.3613,0.0,0.0,0.3044,0.0,0.0,0.0664,0.0664,0,0,0.3119,0.3119,0,0,0.977,0.977,1,1,50,269.35,159.47,0,1,2025-10-01 10:43:54,19.0,81.3,,0,0,,1
2025-10-01 10:44:39,204.46,0.3058,233.41,0.4539,1.3617,229.44,238.23,232.56,402.33,406.94,403.47,404.16,1.3617,0.0,0.0,0.3048,0.0,0.0,0.067,0.067,0,0,0.3124,0.3124,0,0,0.9768,0.9766,1,1,50,269.35,159.47,0,1,2025-10-01 10:44:39,19.0,82.9,,0,0,,1
2025-10-01 10:45:24,204.47,0.3049,233.42,0.4542,1.3626,229.34,238.49,232.44,402.74,407.21,402.88,404.36,1.3626,0.0,0.0,0.3049,0.0,0.0,0.067,0.067,0,0,0.3125,0.3125,0,0,0.9766,0.9766,1,1,50,269.36,159.47,0,1,2025-10-01 10:45:24,18.9,84.6,,0,0,,1
2025-10-01 10:46:09,204.47,0.3062,233.48,0.4538,1.3615,229.63,238.21,232.62,402.54,407.56,403.07,404.48,1.3615,0.0,0.0,0.305,0.0,0.0,0.0671,0.0671,0,0,0.3126,0.3126,0,0,0.9768,0.9766,1,1,50,269.36,159.47,0,1,2025-10-01 10:46:09,18.9,86,,0,0,,1
2025-10-01 10:46:54,204.48,0.3072,234.16,0.4536,1.361,230.68,239.26,232.54,403.9,408.2,404.53,405.9,1.361,0.0,0.0,0.3059,0.0,0.0,0.0688,0.0688,0,0,0.314,0.314,0,0,0.9758,0.9756,1,1,50,269.36,159.47,0,1,2025-10-01 10:46:54,19.0,87.1,,0,0,,1
2025-10-01 10:47:39,204.48,0.3073,234.06,0.455,1.365,231.12,239.4,231.68,404.45,408.31,403.4,405.29,1.365,0.0,0.0,0.3073,0.0,0.0,0.0693,0.0693,0,0,0.3155,0.3155,0,0,0.9754,0.9754,1,1,50,269.37,159.47,0,1,2025-10-01 10:47:39,19.0,88.2,,0,0,,1
2025-10-01 10:48:24,204.48,0.3079,233.78,0.4546,1.3638,230.83,239.08,231.44,403.81,407.45,403.42,404.85,1.3638,0.0,0.0,0.3067,0.0,0.0,0.0692,0.0692,0,0,0.3148,0.3148,0,0,0.9756,0.9754,1,1,50,269.37,159.47,0,1,2025-10-01 10:48:24,19.0,89.1,,0,0,,1
2025-10-01 10:49:09,204.49,0.3072,233.72,0.4536,1.3609,230.9,238.78,231.48,403.88,407.63,402.87,404.97,1.3609,0.0,0.0,0.3061,0.0,0.0,0.0692,0.0692,0,0,0.3142,0.3142,0,0,0.9755,0.9753,1,1,50,269.38,159.47,0,1,2025-10-01 10:49:09,19.1,89.8,,0,0,,1
2025-10-01 10:49:54,204.49,0.3072,233.97,0.4541,1.3623,230.51,239.01,232.39,403.95,408.32,403.41,405.25,1.3623,0.0,0.0,0.306,0.0,0.0,0.0686,0.0686,0,0,0.314,0.314,0,0,0.9759,0.9758,1,1,50,269.38,159.47,0,1,2025-10-01 10:49:54,19.5,90.3,,0,0,,1
2025-10-01 10:50:39,204.49,0.3068,234.07,0.4538,1.3615,230.23,239.85,232.14,404.59,408.01,403.59,405.32,1.3615,0.0,0.0,0.3055,0.0,0.0,0.0685,0.0685,0,0,0.3135,0.3135,0,0,0.9759,0.9757,1,1,50,269.38,159.47,0,1,2025-10-01 10:50:39,19.5,90.8,,0,0,,1
2025-10-01 10:51:24,204.5,0.3056,234.22,0.4538,1.3616,230.39,239.92,232.37,404.64,408.48,403.88,405.71,1.3616,0.0,0.0,0.3056,0.0,0.0,0.0688,0.0688,0,0,0.3137,0.3137,0,0,0.9755,0.9755,1,1,50,269.39,159.47,0,1,2025-10-01 10:51:24,19.6,91.3,,0,0,,1
2025-10-01 10:52:09,204.5,0.3064,234.23,0.4537,1.3613,230.36,240.03,232.32,404.62,409.09,403.35,405.65,1.3613,0.0,0.0,0.3054,0.0,0.0,0.0687,0.0687,0,0,0.3136,0.3136,0,0,0.9757,0.9759,1,1,50,269.39,159.48,0,1,2025-10-01 10:52:09,19.6,91.7,,0,0,,1
2025-10-01 10:52:54,204.51,0.3068,234.1,0.4537,1.3611,230.33,239.78,232.19,404.17,408.53,403.64,405.46,1.3611,0.0,0.0,0.3056,0.0,0.0,0.0683,0.0683,0,0,0.3135,0.3135,0,0,0.976,0.9758,1,1,50,269.4,159.48,0,1,2025-10-01 10:52:54,19.7,92.1,,0,0,,1
2025-10-01 10:53:39,204.51,0.3033,233.21,0.4525,1.3576,228.03,239.2,232.41,401.97,408.06,401.72,404.27,1.3576,0.0,0.0,0.3021,0.0,0.0,0.0657,0.0657,0,0,0.3096,0.3096,0,0,0.9773,0.9771,1,1,50,269.4,159.48,0,1,2025-10-01 10:53:39,19.7,92.3,,0,0,,1
2025-10-01 10:54:24,204.51,0.3048,233.47,0.4532,1.3596,228.86,239.64,231.91,403.18,407.69,402.2,404.37,1.3596,0.0,0.0,0.3035,0.0,0.0,0.0667,0.0667,0,0,0.3112,0.3112,0,0,0.9768,0.9766,1,1,50,269.4,159.48,0,1,2025-10-01 10:54:24,19.7,92.6,,0,0,,1
2025-10-01 10:55:09,204.52,0.3044,233.55,0.4526,1.358,229,239.63,232.02,403.02,408.04,402.41,404.46,1.358,0.0,0.0,0.3032,0.0,0.0,0.0672,0.0672,0,0,0.311,0.311,0,0,0.9765,0.9763,1,1,49.9,269.41,159.48,0,1,2025-10-01 10:55:09,19.8,92.7,,0,0,,1
2025-10-01 10:55:54,204.54,4.1318,232.35,7.7344,23.2034,227.53,238.34,231.19,400.59,405.53,401.1,402.34,8.853,7.4217,6.9287,1.701,1.32,1.1108,3.4018,1.0753,1.1737,1.1528,5.3851,2.0143,1.7689,1.6018,0.772,0.8452,0.7473,0.6944,50,269.44,159.5,1,1,2025-10-01 10:55:54,19.8,92.6,,1,0,,0
2025-10-01 10:56:39,204.6,4.2929,233.09,7.9228,23.7686,228.91,238.86,231.52,402.46,406.38,402.26,403.7,9.0522,7.6512,7.0652,1.7625,1.3758,1.1546,3.4485,1.0859,1.1991,1.1636,5.5354,2.0721,1.8276,1.6357,0.7796,0.8514,0.753,0.703,49.9,269.51,159.54,1,1,2025-10-01 10:56:39,19.7,89,,1,0,,0
2025-10-01 10:57:24,204.65,4.2567,233.36,7.8785,23.6355,229.23,239.1,231.76,403.17,406.74,402.58,404.33,9.015,7.5878,7.0327,1.7542,1.36,1.1425,3.4495,1.0887,1.1996,1.1612,5.5107,2.0665,1.8142,1.6299,0.7769,0.8495,0.75,0.7021,50,269.58,159.58,1,1,2025-10-01 10:57:24,19.6,84.7,,1,0,,0
2025-10-01 10:58:09,204.7,0.3394,234.15,0.9245,2.7737,230.53,239.8,232.14,404.53,408.32,403.77,403.62,1.5675,0.6176,0.5886,0.3212,0.0104,0.0077,0.0905,0.0746,0.008,0.0079,0.6461,0.3614,0.1481,0.1366,0.9662,0.974,0.7922,0.6995,50,269.65,159.63,1,1,2025-10-01 10:58:09,19.5,81.5,,0,0,,1
2025-10-01 10:58:54,204.7,0.3096,234.42,0.4546,1.3639,232.44,235.27,235.57,404.7,408.12,405.29,406.09,1.3639,0.0,0.0,0.3085,0.0,0.0,0.071,0.071,0,0,0.317,0.317,0,0,0.9746,0.9744,1,1,50,269.65,159.63,0,1,2025-10-01 10:58:54,19.0,81.3,,0,0,,1
2025-10-01 10:59:39,204.71,0.3106,234.61,0.4556,1.3669,232.59,235.55,235.7,404.84,408.68,405.56,406.43,1.3669,0.0,0.0,0.3093,0.0,0.0,0.0715,0.0715,0,0,0.3179,0.3179,0,0,0.9745,0.9743,1,1,50,269.65,159.63,0,1,2025-10-01 10:59:39,18.9,82.8,,0,0,,1
2025-10-01 11:00:24,204.71,0.3087,234.79,0.4546,1.3639,232.66,235.82,235.91,405.43,409.3,405.31,406.75,1.3639,0.0,0.0,0.3087,0.0,0.0,0.0716,0.0716,0,0,0.3173,0.3173,0,0,0.9741,0.9741,1,1,49.9,269.66,159.63,0,1,2025-10-01 11:00:24,18.9,84.4,,0,0,,1
2025-10-01 11:01:09,204.72,0.3076,235.85,0.4549,1.3648,231.58,234.92,241.07,406.34,411.26,407.91,408.44,1.3648,0.0,0.0,0.3077,0.0,0.0,0.0701,0.0701,0,0,0.3161,0.3161,0,0,0.975,0.975,1,1,49.9,269.66,159.63,0,1,2025-10-01 11:01:09,18.9,86,,0,0,,1
2025-10-01 11:01:54,204.72,0.3053,235.84,0.4539,1.3617,231.11,235.01,241.41,406.35,410.76,408.31,408.45,1.3617,0.0,0.0,0.3065,0.0,0.0,0.0695,0.0695,0,0,0.3147,0.3147,0,0,0.975,0.9752,1,1,50,269.67,159.63,0,1,2025-10-01 11:01:54,19.0,87.1,,0,0,,1
2025-10-01 11:02:39,204.72,0.3087,236.43,0.4557,1.3673,231.71,235.65,241.95,407.35,412.2,408.97,409.46,1.3673,0.0,0.0,0.3086,0.0,0.0,0.0696,0.0696,0,0,0.3168,0.3168,0,0,0.9755,0.9754,1,1,50,269.67,159.63,0,1,2025-10-01 11:02:39,19.0,88.1,,0,0,,1
2025-10-01 11:03:24,204.73,0.3078,236.88,0.4555,1.3665,232.2,236.05,242.39,408.38,412.32,410.1,410.26,1.3665,0.0,0.0,0.3089,0.0,0.0,0.0705,0.0705,0,0,0.3173,0.3173,0,0,0.9747,0.9749,1,1,50,269.67,159.63,0,1,2025-10-01 11:03:24,19.0,88.9,,0,0,,1
2025-10-01 11:04:09,204.73,0.3103,237.04,0.4558,1.3676,232.32,236.26,242.56,408.81,412.98,409.87,410.62,1.3676,0.0,0.0,0.3093,0.0,0.0,0.0707,0.0707,0,0,0.3177,0.3177,0,0,0.975,0.9748,1,1,50,269.68,159.63,0,1,2025-10-01 11:04:09,19.1,89.7,,0,0,,1
2025-10-01 11:04:54,204.73,0.3085,236.53,0.4553,1.3661,230.93,236.21,242.47,407.56,412.19,409.26,409.73,1.3661,0.0,0.0,0.3074,0.0,0.0,0.0689,0.0689,0,0,0.3155,0.3155,0,0,0.9759,0.9757,1,1,50,269.68,159.63,0,1,2025-10-01 11:04:54,19.5,90.2,,0,0,,1
2025-10-01 11:05:39,204.74,0.306,236.23,0.4542,1.3627,230.6,235.94,242.16,406.49,412.45,408.52,409.21,1.3627,0.0,0.0,0.3063,0.0,0.0,0.0685,0.0685,0,0,0.3142,0.3142,0,0,0.9758,0.9758,1,1,50,269.69,159.64,0,1,2025-10-01 11:05:39,19.5,90.7,,0,0,,1
2025-10-01 11:06:24,204.74,0.306,236.51,0.4536,1.361,230.8,236.26,242.48,406.95,413.12,408.86,409.64,1.361,0.0,0.0,0.306,0.0,0.0,0.0689,0.0689,0,0,0.3141,0.3141,0,0,0.9755,0.9755,1,1,50,269.69,159.64,0,1,2025-10-01 11:06:24,19.6,91.2,,0,0,,1
2025-10-01 11:07:09,204.75,0.3071,236.55,0.4551,1.3653,231.72,235.68,242.27,407.21,412.02,409.91,409.63,1.3653,0.0,0.0,0.3081,0.0,0.0,0.07,0.07,0,0,0.3164,0.3164,0,0,0.975,0.9751,1,1,50,269.69,159.64,0,1,2025-10-01 11:07:09,19.6,91.5,,0,0,,1
2025-10-01 11:07:54,204.75,0.3085,236.44,0.4545,1.3636,231.6,235.66,242.08,406.97,412.5,409.1,409.57,1.3636,0.0,0.0,0.3075,0.0,0.0,0.0701,0.0701,0,0,0.3158,0.3158,0,0,0.9751,0.9749,1,1,49.9,269.7,159.64,0,1,2025-10-01 11:07:54,19.7,91.9,,0,0,,1
2025-10-01 11:08:39,204.75,0.3086,236.32,0.4548,1.3645,231.54,235.4,242.02,406.78,412.1,409.03,409.3,1.3645,0.0,0.0,0.3076,0.0,0.0,0.0701,0.0701,0,0,0.3159,0.3159,0,0,0.9751,0.975,1,1,49.9,269.7,159.64,0,1,2025-10-01 11:08:39,19.7,92.1,,0,0,,1
2025-10-01 11:09:24,204.76,0.3061,236.34,0.4543,1.3629,231.56,235.52,241.96,406.82,412.45,408.79,409.4,1.3629,0.0,0.0,0.3074,0.0,0.0,0.0697,0.0697,0,0,0.3156,0.3156,0,0,0.975,0.9752,1,1,50,269.7,159.64,0,1,2025-10-01 11:09:24,19.7,92.4,,0,0,,1
2025-10-01 11:10:09,204.76,0.3075,236.16,0.4546,1.3638,231.35,235.3,241.83,406.56,411.46,409.06,409.15,1.3638,0.0,0.0,0.3073,0.0,0.0,0.0695,0.0695,0,0,0.3155,0.3155,0,0,0.9753,0.9753,1,1,49.9,269.71,159.64,0,1,2025-10-01 11:10:09,19.8,92.6,,0,0,,1
2025-10-01 11:10:54,204.8,4.3179,235.56,7.9761,23.9285,230.42,234.73,241.54,405.73,410.45,407.77,407.84,9.0922,7.478,7.3583,1.7084,1.339,1.2705,3.5803,1.2085,1.1305,1.2413,5.6277,2.095,1.7553,1.7773,0.7697,0.8163,0.764,0.7152,49.9,269.76,159.67,1,1,2025-10-01 11:10:54,19.8,91.8,,1,0,,0
2025-10-01 11:11:39,204.85,4.29,235.75,7.9394,23.8183,230.53,235.05,241.68,405.74,411.45,407.78,408.33,9.0374,7.468,7.3129,1.6996,1.3355,1.2549,3.5783,1.2009,1.1345,1.2429,5.6061,2.0834,1.7554,1.7674,0.7679,0.8167,0.7621,0.7104,50,269.83,159.72,1,1,2025-10-01 11:11:39,19.7,88,,1,0,,0
2025-10-01 11:12:24,204.91,4.2787,235.78,7.9249,23.774900000000002,230.55,235.1,241.71,405.6,411.34,408.21,408.25,9.0225,7.4515,7.3009,1.6956,1.3315,1.2517,3.5763,1.2005,1.1336,1.2422,5.5967,2.0801,1.7518,1.7647,0.7672,0.8161,0.7614,0.7098,50,269.9,159.76,1,1,2025-10-01 11:12:24,19.6,83.9,,1,0,,0
2025-10-01 11:13:09,204.94,0.3056,235.83,0.4557,1.3672,230.15,235.54,241.82,406.46,410.69,408.2,408.43,1.3672,0.0,0.0,0.3069,0.0,0.0,0.0676,0.0676,0,0,0.3147,0.3147,0,0,0.9764,0.9766,1,1,49.9,269.95,159.79,0,1,2025-10-01 11:13:09,19.5,80.6,,0,0,,1
2025-10-01 11:13:54,204.95,0.3052,235.59,0.4539,1.3619,229.87,235.27,241.65,405.27,411.25,407.63,408,1.3619,0.0,0.0,0.3052,0.0,0.0,0.0677,0.0677,0,0,0.3131,0.3131,0,0,0.9762,0.9762,1,1,49.9,269.95,159.79,0,1,2025-10-01 11:13:54,19.0,81.7,,0,0,,1
2025-10-01 11:14:39,204.95,0.3058,235.51,0.4535,1.3605,229.74,235.16,241.63,405.12,410.53,408.03,407.98,1.3605,0.0,0.0,0.3048,0.0,0.0,0.0675,0.0675,0,0,0.3126,0.3126,0,0,0.9764,0.9763,1,1,49.9,269.96,159.79,0,1,2025-10-01 11:14:39,19.0,83.5,,0,0,,1
2025-10-01 11:15:24,204.96,0.304,235.65,0.4523,1.3571,229.88,235.36,241.72,405.59,411.24,407.61,408.18,1.3571,0.0,0.0,0.304,0.0,0.0,0.068,0.068,0,0,0.312,0.312,0,0,0.9758,0.9758,1,1,49.9,269.96,159.8,0,1,2025-10-01 11:15:24,19.0,85.1,,0,0,,1
2025-10-01 11:16:09,204.96,0.3067,235.63,0.4535,1.3605,230.6,234.92,241.39,405.46,410.84,408.06,408.2,1.3605,0.0,0.0,0.3056,0.0,0.0,0.0692,0.0692,0,0,0.3137,0.3137,0,0,0.9754,0.9752,1,1,49.9,269.96,159.8,0,1,2025-10-01 11:16:09,19.0,86.5,,0,0,,1
2025-10-01 11:16:54,204.96,0.3057,235.58,0.4537,1.3612,230.6,234.9,241.25,405.44,411.27,407.38,408.07,1.3612,0.0,0.0,0.3057,0.0,0.0,0.0696,0.0696,0,0,0.3139,0.3139,0,0,0.975,0.975,1,1,49.9,269.97,159.8,0,1,2025-10-01 11:16:54,19.0,87.7,,0,0,,1
2025-10-01 11:17:39,204.97,0.3073,235.7,0.4536,1.361,231.04,234.29,241.79,405.95,410.77,407.99,408.26,1.361,0.0,0.0,0.3061,0.0,0.0,0.0699,0.0699,0,0,0.3144,0.3144,0,0,0.975,0.9748,1,1,49.9,269.97,159.8,0,1,2025-10-01 11:17:39,19.1,88.5,,0,0,,1
2025-10-01 11:18:24,204.97,0.3055,235.34,0.4534,1.3602,230.58,234.04,241.41,405.33,410.52,406.96,407.62,1.3602,0.0,0.0,0.3054,0.0,0.0,0.0697,0.0697,0,0,0.3136,0.3136,0,0,0.9749,0.9749,1,1,49.9,269.98,159.8,0,1,2025-10-01 11:18:24,19.5,89.2,,0,0,,1
2025-10-01 11:19:09,204.98,0.3052,235.53,0.4528,1.3585,230.55,234.61,241.44,405.8,410.47,407.53,407.97,1.3585,0.0,0.0,0.305,0.0,0.0,0.0695,0.0695,0,0,0.3132,0.3132,0,0,0.975,0.9749,1,1,49.9,269.98,159.8,0,1,2025-10-01 11:19:09,19.5,89.8,,0,0,,1
2025-10-01 11:19:54,204.98,0.3047,235.33,0.453,1.3591,230.28,234.48,241.23,405.05,411.11,406.61,407.67,1.3591,0.0,0.0,0.3048,0.0,0.0,0.0692,0.0692,0,0,0.313,0.313,0,0,0.9751,0.9751,1,1,49.9,269.98,159.8,0,1,2025-10-01 11:19:54,19.6,90.3,,0,0,,1
2025-10-01 11:20:39,204.98,0.3047,235.59,0.454,1.3622,230.62,234.71,241.44,405.69,410.83,407.59,408.09,1.3622,0.0,0.0,0.306,0.0,0.0,0.0695,0.0695,0,0,0.3142,0.3142,0,0,0.9749,0.9751,1,1,49.9,269.99,159.8,0,1,2025-10-01 11:20:39,19.6,90.8,,0,0,,1
2025-10-01 11:21:24,204.99,0.3047,234.95,0.4528,1.3586,229.32,234.4,241.13,404.04,410.41,406.35,407.03,1.3586,0.0,0.0,0.3037,0.0,0.0,0.0679,0.0679,0,0,0.3116,0.3116,0,0,0.976,0.9759,1,1,49.9,269.99,159.8,0,1,2025-10-01 11:21:24,19.6,91.2,,0,0,,1
2025-10-01 11:22:09,204.99,0.3022,234.6,0.4525,1.3577,229.39,234.4,240.02,403.98,408.82,406.18,406.86,1.3577,0.0,0.0,0.3035,0.0,0.0,0.068,0.068,0,0,0.3114,0.3114,0,0,0.9755,0.9757,1,1,49.9,270,159.8,0,1,2025-10-01 11:22:09,19.7,91.5,,0,0,,1
2025-10-01 11:22:54,204.99,0.3024,234.79,0.4522,1.3566,229.46,234.69,240.23,403.81,410.09,406.1,406.74,1.3566,0.0,0.0,0.3034,0.0,0.0,0.0678,0.0678,0,0,0.3113,0.3113,0,0,0.9757,0.9759,1,1,49.9,270,159.8,0,1,2025-10-01 11:22:54,19.7,91.9,,0,0,,1
2025-10-01 11:23:39,205,0.304,234.95,0.4529,1.3588,229.68,234.73,240.44,404.24,409.92,406.65,406.91,1.3588,0.0,0.0,0.3041,0.0,0.0,0.0684,0.0684,0,0,0.3121,0.3121,0,0,0.9755,0.9756,1,1,49.9,270,159.8,0,1,2025-10-01 11:23:39,19.7,92.1,,0,0,,1
2025-10-01 11:24:24,205,0.3026,234.92,0.453,1.3592,229.09,234.5,241.17,404.01,410.11,406.52,406.92,1.3592,0.0,0.0,0.3036,0.0,0.0,0.0673,0.0673,0,0,0.3114,0.3114,0,0,0.9761,0.9763,1,1,49.9,270.01,159.81,0,1,2025-10-01 11:24:24,19.8,92.4,,0,0,,1
2025-10-01 11:25:09,205.02,4.2389,233.81,7.8692,23.6078,227.75,233.33,240.36,402.1,408.2,404.57,404.93,8.912,7.3905,7.3053,1.659,1.3313,1.2486,3.4893,1.1651,1.0913,1.2328,5.51,2.0297,1.7244,1.7559,0.772,0.8183,0.7733,0.7115,49.9,270.04,159.82,1,1,2025-10-01 11:25:09,19.8,92.4,,1,0,,0
2025-10-01 11:25:54,205.08,4.3405,234.23,7.9872,23.9616,228.87,233.42,240.42,403.18,408.66,405.23,405.75,9.0379,7.5293,7.3944,1.7003,1.3623,1.2778,3.513,1.1736,1.1055,1.234,5.6038,2.0685,1.7575,1.7778,0.7773,0.8229,0.7764,0.7193,49.9,270.11,159.87,1,1,2025-10-01 11:25:54,19.7,89.2,,1,0,,0
2025-10-01 11:26:39,205.13,4.2263,234.41,7.8481,23.5445,229.04,233.6,240.59,403.23,409.23,405.53,406.08,8.9037,7.3848,7.256,1.666,1.3215,1.2389,3.505,1.1722,1.1045,1.2284,5.5101,2.0393,1.7251,1.7457,0.7697,0.8178,0.7672,0.7101,49.9,270.18,159.91,1,1,2025-10-01 11:26:39,19.7,85,,1,0,,0
2025-10-01 11:27:24,205.18,4.1969,234.59,7.8116,23.435,229.21,233.84,240.74,403.68,409.41,405.86,406.19,8.8606,7.3606,7.2138,1.6572,1.3139,1.2259,3.5052,1.1699,1.1071,1.2282,5.4888,2.0309,1.7212,1.7367,0.7675,0.8169,0.7647,0.7064,49.9,270.25,159.95,1,1,2025-10-01 11:27:24,19.5,81.4,,1,0,,0
2025-10-01 11:28:09,205.19,0.3065,235.72,0.4547,1.3642,230.58,234.95,241.65,405.84,411.25,407.74,408.23,1.3642,0.0,0.0,0.3065,0.0,0.0,0.0687,0.0687,0,0,0.3146,0.3146,0,0,0.9758,0.9758,1,1,50,270.25,159.96,0,1,2025-10-01 11:28:09,19.0,81,,0,0,,1
2025-10-01 11:28:54,205.2,0.3049,236.36,0.453,1.3592,229.23,239.91,239.96,408.73,414.45,405.02,408.87,1.3592,0.0,0.0,0.3038,0.0,0.0,0.0672,0.0672,0,0,0.3116,0.3116,0,0,0.9765,0.9764,1,1,49.9,270.26,159.96,0,1,2025-10-01 11:28:54,18.9,82.5,,0,0,,1
2025-10-01 11:29:39,205.2,0.3025,235.66,0.452,1.3562,227.66,239.68,239.64,405.73,411.88,406.85,408.23,1.3562,0.0,0.0,0.3014,0.0,0.0,0.0654,0.0654,0,0,0.3088,0.3088,0,0,0.9773,0.9772,1,1,50,270.26,159.96,0,1,2025-10-01 11:29:39,18.9,84.2,,0,0,,1
2025-10-01 11:30:24,205.2,0.3023,234.92,0.4526,1.3578,227.23,239.4,238.14,404.71,410.96,404.99,406.86,1.3578,0.0,0.0,0.3013,0.0,0.0,0.0648,0.0648,0,0,0.3085,0.3085,0,0,0.9777,0.9776,1,1,49.9,270.27,159.96,0,1,2025-10-01 11:30:24,18.9,85.6,,0,0,,1
2025-10-01 11:31:09,205.21,0.3022,235.07,0.4522,1.3568,227.37,239.57,238.28,404.69,411.43,405.32,407.18,1.3568,0.0,0.0,0.3012,0.0,0.0,0.0651,0.0651,0,0,0.3085,0.3085,0,0,0.9775,0.9774,1,1,50,270.27,159.96,0,1,2025-10-01 11:31:09,19.0,86.8,,0,0,,1
2025-10-01 11:31:54,205.21,0.3026,235.1,0.4526,1.3578,227.43,239.57,238.3,404.86,411.15,405.56,407.2,1.3578,0.0,0.0,0.3015,0.0,0.0,0.0653,0.0653,0,0,0.3088,0.3088,0,0,0.9774,0.9773,1,1,49.9,270.27,159.96,0,1,2025-10-01 11:31:54,19.0,87.9,,0,0,,1
2025-10-01 11:32:39,205.21,0.3031,234.96,0.4534,1.3603,227.24,239.46,238.2,404.77,410.82,405.28,406.91,1.3603,0.0,0.0,0.3019,0.0,0.0,0.065,0.065,0,0,0.3091,0.3091,0,0,0.9777,0.9776,1,1,49.9,270.28,159.96,0,1,2025-10-01 11:32:39,19.1,88.6,,0,0,,1
2025-10-01 11:33:24,205.22,0.3007,235.06,0.4517,1.3552,227.31,239.61,238.26,404.99,411.21,405.17,406.95,1.3552,0.0,0.0,0.3007,0.0,0.0,0.0652,0.0652,0,0,0.3081,0.3081,0,0,0.9772,0.9772,1,1,49.9,270.28,159.96,0,1,2025-10-01 11:33:24,19.5,89.2,,0,0,,1
2025-10-01 11:34:09,205.22,0.3017,235.06,0.4529,1.3589,227.42,239.41,238.35,404.97,410.84,405.54,407.21,1.3589,0.0,0.0,0.3017,0.0,0.0,0.0654,0.0654,0,0,0.309,0.309,0,0,0.9773,0.9773,1,1,49.9,270.28,159.96,0,1,2025-10-01 11:34:09,19.5,89.8,,0,0,,1
2025-10-01 11:34:54,205.23,0.3046,235.88,0.4528,1.3584,229.13,239.73,238.8,406.55,412.05,407.07,408.62,1.3584,0.0,0.0,0.3034,0.0,0.0,0.0677,0.0677,0,0,0.3113,0.3113,0,0,0.9762,0.976,1,1,49.9,270.29,159.97,0,1,2025-10-01 11:34:54,19.6,90.2,,0,0,,1
2025-10-01 11:35:39,205.23,0.3043,235.68,0.4528,1.3584,228.93,239.6,238.52,406.14,411.64,406.82,408.19,1.3584,0.0,0.0,0.3032,0.0,0.0,0.0674,0.0674,0,0,0.311,0.311,0,0,0.9763,0.9761,1,1,49.9,270.29,159.97,0,1,2025-10-01 11:35:39,19.6,90.7,,0,0,,1
2025-10-01 11:36:24,205.23,0.3045,235.92,0.4527,1.3581,229.15,239.88,238.73,406.46,412.42,406.97,408.64,1.3581,0.0,0.0,0.3034,0.0,0.0,0.0674,0.0674,0,0,0.3112,0.3112,0,0,0.9763,0.9762,1,1,50,270.3,159.97,0,1,2025-10-01 11:36:24,19.6,91,,0,0,,1
2025-10-01 11:37:09,205.24,0.3056,236.27,0.4535,1.3605,229.52,240.27,239.04,407.21,412.93,407.56,409.23,1.3605,0.0,0.0,0.3044,0.0,0.0,0.0681,0.0681,0,0,0.3123,0.3123,0,0,0.976,0.9758,1,1,49.9,270.3,159.97,0,1,2025-10-01 11:37:09,19.7,91.3,,0,0,,1
2025-10-01 11:37:54,205.24,0.3051,236.64,0.4525,1.3575,229.76,240.69,239.49,408.02,413.65,407.96,409.83,1.3575,0.0,0.0,0.3039,0.0,0.0,0.0682,0.0682,0,0,0.3119,0.3119,0,0,0.9758,0.9757,1,1,49.9,270.3,159.97,0,1,2025-10-01 11:37:54,19.7,91.7,,0,0,,1
2025-10-01 11:38:39,205.24,0.3021,235.87,0.4519,1.3559,228.43,240.13,239.05,406.47,412,407.09,408.54,1.3559,0.0,0.0,0.3021,0.0,0.0,0.0666,0.0666,0,0,0.3097,0.3097,0,0,0.9765,0.9765,1,1,49.9,270.31,159.97,0,1,2025-10-01 11:38:39,19.7,91.9,,0,0,,1
2025-10-01 11:39:24,205.25,0.3036,235.87,0.4526,1.3579,228.44,240.14,239.05,407.04,411,407.49,408.56,1.3579,0.0,0.0,0.3026,0.0,0.0,0.0666,0.0666,0,0,0.3102,0.3102,0,0,0.9767,0.9766,1,1,49.9,270.31,159.97,0,1,2025-10-01 11:39:24,19.8,92.1,,0,0,,1
2025-10-01 11:40:09,205.28,4.3327,234.61,7.995,23.985,226.85,238.93,238.07,402.96,411.4,404.75,406.3,8.981,7.6779,7.3261,1.705,1.4163,1.2115,3.5257,1.1113,1.1613,1.2531,5.6159,2.0373,1.8345,1.7441,0.7756,0.8377,0.7732,0.695,49.9,270.36,160,1,1,2025-10-01 11:40:09,19.8,91.5,,1,0,,0
2025-10-01 11:40:54,205.34,4.4009,234.65,8.0633,24.1901,226.86,239.03,238.06,404.04,410.3,404.89,406.41,9.0577,7.7508,7.3816,1.7281,1.4401,1.2328,3.5199,1.108,1.1612,1.2507,5.6648,2.0548,1.8527,1.7573,0.7809,0.8418,0.7784,0.7019,49.9,270.43,160.05,1,1,2025-10-01 11:40:54,19.7,87.4,,1,0,,0
2025-10-01 11:41:39,205.4,4.3983,234.8,8.06,24.1802,227.03,239.13,238.25,404.33,410.18,405.49,406.77,9.0531,7.732,7.3951,1.7251,1.4369,1.2362,3.5264,1.1133,1.1592,1.2539,5.6662,2.0553,1.849,1.7619,0.7801,0.8402,0.7783,0.702,49.9,270.51,160.09,1,1,2025-10-01 11:41:39,19.6,83.4,,1,0,,0
2025-10-01 11:42:24,205.44,0.3089,236.51,0.4572,1.3718,229.91,240.37,239.27,407.75,413.16,408.04,409.61,1.3718,0.0,0.0,0.3076,0.0,0.0,0.0677,0.0677,0,0,0.3154,0.3154,0,0,0.9768,0.9766,1,1,49.9,270.56,160.13,0,1,2025-10-01 11:42:24,19.5,80.3,,0,0,,1
2025-10-01 11:43:09,205.44,0.3062,237.09,0.4545,1.3637,230.49,241.14,239.66,408.66,413.94,409.34,410.6,1.3637,0.0,0.0,0.3062,0.0,0.0,0.0691,0.0691,0,0,0.3143,0.3143,0,0,0.9755,0.9755,1,1,49.9,270.57,160.13,0,1,2025-10-01 11:43:09,19.0,81,,0,0,,1
2025-10-01 11:43:54,205.45,0.3067,237.09,0.4539,1.3618,230.42,241.12,239.75,408.23,414.61,409.13,410.64,1.3618,0.0,0.0,0.3056,0.0,0.0,0.0692,0.0692,0,0,0.3138,0.3138,0,0,0.9754,0.9752,1,1,49.9,270.57,160.13,0,1,2025-10-01 11:43:54,18.9,82.7,,0,0,,1
2025-10-01 11:44:39,205.45,0.3058,236.93,0.4527,1.3582,230.29,240.95,239.56,408.02,414.24,408.85,410.36,1.3582,0.0,0.0,0.3046,0.0,0.0,0.0694,0.0694,0,0,0.3128,0.3128,0,0,0.9752,0.975,1,1,49.9,270.57,160.13,0,1,2025-10-01 11:44:39,18.9,84.4,,0,0,,1
2025-10-01 11:45:24,205.46,0.3055,237.08,0.4536,1.361,230.55,240.99,239.7,408.37,414.67,408.85,410.7,1.361,0.0,0.0,0.3055,0.0,0.0,0.0696,0.0696,0,0,0.3138,0.3138,0,0,0.975,0.975,1,1,49.9,270.58,160.13,0,1,2025-10-01 11:45:24,19.0,85.8,,0,0,,1
2025-10-01 11:46:09,205.46,0.3052,237.07,0.4532,1.3596,230.55,241,239.67,408.53,414.14,409.17,410.59,1.3596,0.0,0.0,0.3052,0.0,0.0,0.0696,0.0696,0,0,0.3135,0.3135,0,0,0.9749,0.9749,1,1,49.9,270.58,160.13,0,1,2025-10-01 11:46:09,19.0,86.9,,0,0,,1
2025-10-01 11:46:54,205.46,0.3068,237.24,0.4537,1.3612,230.67,241.24,239.82,408.78,414.23,409.7,410.92,1.3612,0.0,0.0,0.3058,0.0,0.0,0.0696,0.0696,0,0,0.314,0.314,0,0,0.9752,0.975,1,1,49.9,270.59,160.13,0,1,2025-10-01 11:46:54,19.0,87.8,,0,0,,1
2025-10-01 11:47:39,205.47,0.3063,237.03,0.4533,1.36,230.5,240.97,239.63,408.69,413.41,409.5,410.49,1.36,0.0,0.0,0.3052,0.0,0.0,0.0695,0.0695,0,0,0.3135,0.3135,0,0,0.9752,0.975,1,1,49.9,270.59,160.13,0,1,2025-10-01 11:47:39,19.1,88.6,,0,0,,1
2025-10-01 11:48:24,205.47,0.3034,236.23,0.453,1.3592,228.89,240.62,239.2,407.38,412.12,407.93,409.11,1.3592,0.0,0.0,0.3034,0.0,0.0,0.0671,0.0671,0,0,0.3111,0.3111,0,0,0.9763,0.9763,1,1,49.9,270.59,160.13,0,1,2025-10-01 11:48:24,19.5,89.2,,0,0,,1
2025-10-01 11:49:09,205.47,0.3052,236.46,0.4534,1.3602,229.11,240.85,239.43,407.3,413.1,408.24,409.62,1.3602,0.0,0.0,0.3039,0.0,0.0,0.0672,0.0672,0,0,0.3116,0.3116,0,0,0.9766,0.9764,1,1,49.9,270.6,160.13,0,1,2025-10-01 11:49:09,19.5,89.7,,0,0,,1
2025-10-01 11:49:54,205.48,0.304,236.65,0.4532,1.3598,229.27,241.04,239.65,407.52,413.64,408.48,409.78,1.3598,0.0,0.0,0.304,0.0,0.0,0.0673,0.0673,0,0,0.3118,0.3118,0,0,0.9763,0.9763,1,1,49.9,270.6,160.13,0,1,2025-10-01 11:49:54,19.6,90.2,,0,0,,1
2025-10-01 11:50:39,205.48,0.3045,236.69,0.454,1.362,229.24,241.12,239.71,407.65,413.51,408.65,410.02,1.362,0.0,0.0,0.3045,0.0,0.0,0.0673,0.0673,0,0,0.3122,0.3122,0,0,0.9764,0.9764,1,1,49.9,270.61,160.13,0,1,2025-10-01 11:50:39,19.6,90.6,,0,0,,1
2025-10-01 11:51:24,205.49,0.3057,237.34,0.4535,1.3606,230.65,241.31,240.06,408.68,414.53,410.01,411.21,1.3606,0.0,0.0,0.3057,0.0,0.0,0.0692,0.0692,0,0,0.3138,0.3138,0,0,0.9753,0.9753,1,1,50,270.61,160.14,0,1,2025-10-01 11:51:24,19.6,91,,0,0,,1
2025-10-01 11:52:09,205.49,0.3061,237.32,0.4542,1.3627,230.61,241.29,240.06,408.74,414.26,410.09,410.94,1.3627,0.0,0.0,0.3061,0.0,0.0,0.0693,0.0693,0,0,0.3143,0.3143,0,0,0.9753,0.9753,1,1,50,270.61,160.14,0,1,2025-10-01 11:52:09,19.7,91.4,,0,0,,1
2025-10-01 11:52:54,205.49,0.3074,237.52,0.4541,1.3624,230.78,241.6,240.2,409.28,415.29,409.63,411.36,1.3624,0.0,0.0,0.3063,0.0,0.0,0.0692,0.0692,0,0,0.3144,0.3144,0,0,0.9755,0.9753,1,1,49.9,270.62,160.14,0,1,2025-10-01 11:52:54,19.7,91.6,,0,0,,1
2025-10-01 11:53:39,205.5,0.3084,237.94,0.4549,1.3647,230.96,242.22,240.66,409.83,415.7,410.83,412.04,1.3647,0.0,0.0,0.3071,0.0,0.0,0.0692,0.0692,0,0,0.3152,0.3152,0,0,0.9757,0.9755,1,1,50,270.62,160.14,0,1,2025-10-01 11:53:39,19.7,92,,0,0,,1
2025-10-01 11:54:24,205.52,4.2617,236.95,7.9574,23.872300000000003,229.62,241.17,240.07,407.99,413.83,409.35,410.39,8.9375,7.6474,7.2874,1.6926,1.3874,1.1818,3.6558,1.1567,1.2105,1.2886,5.646,2.0522,1.8443,1.7495,0.759,0.8256,0.7535,0.6759,50,270.65,160.15,1,1,2025-10-01 11:54:24,19.8,92.1,,1,0,,0
2025-10-01 11:55:09,205.57,4.3602,237.09,8.0472,24.1416,229.73,241.4,240.15,408.08,414.68,409.17,410.64,9.0324,7.7489,7.3603,1.7257,1.4235,1.2109,3.6431,1.1483,1.2089,1.2859,5.7132,2.075,1.8706,1.7676,0.7673,0.8325,0.7622,0.6855,50,270.72,160.2,1,1,2025-10-01 11:55:09,19.7,88.9,,1,0,,0
2025-10-01 11:55:54,205.62,4.324,236.84,8.0042,24.0126,229.45,241.1,239.97,407.67,414.08,408.86,410.18,8.9774,7.693,7.3422,1.7091,1.411,1.2039,3.6289,1.1455,1.1988,1.2846,5.6766,2.0599,1.8548,1.7619,0.7659,0.8306,0.762,0.6838,50,270.79,160.24,1,1,2025-10-01 11:55:54,19.7,84.8,,1,0,,0
2025-10-01 11:56:39,205.68,4.242,237.11,7.9181,23.754400000000004,229.67,241.43,240.24,407.97,414.88,409.2,410.64,8.8693,7.6177,7.2674,1.681,1.3866,1.1745,3.64,1.1463,1.2035,1.2902,5.6221,2.037,1.8391,1.7459,0.7589,0.8261,0.7551,0.6731,50,270.86,160.29,1,1,2025-10-01 11:56:39,19.5,81.6,,1,0,,0
2025-10-01 11:57:24,205.69,0.3052,237.44,0.4545,1.3637,229.41,242.19,240.74,408.88,415.69,409.21,411.26,1.3637,0.0,0.0,0.3052,0.0,0.0,0.067,0.067,0,0,0.3128,0.3128,0,0,0.9767,0.9767,1,1,50,270.87,160.3,0,1,2025-10-01 11:57:24,19.0,80.6,,0,0,,1
2025-10-01 11:58:09,205.69,0.3062,237.72,0.4551,1.3654,229.99,242.39,240.79,409.55,415.32,410.31,411.73,1.3654,0.0,0.0,0.3062,0.0,0.0,0.0677,0.0677,0,0,0.314,0.314,0,0,0.9763,0.9763,1,1,50,270.88,160.3,0,1,2025-10-01 11:58:09,18.9,82.2,,0,0,,1
2025-10-01 11:58:54,205.7,0.3052,237.53,0.454,1.3621,229.81,242.2,240.59,409.03,415.01,410.15,411.4,1.3621,0.0,0.0,0.3052,0.0,0.0,0.0679,0.0679,0,0,0.313,0.313,0,0,0.9761,0.9761,1,1,49.9,270.88,160.3,0,1,2025-10-01 11:58:54,18.9,84,,0,0,,1
2025-10-01 11:59:39,205.7,0.3057,237.7,0.4544,1.3634,229.97,242.45,240.68,409.26,415.58,410.22,411.67,1.3634,0.0,0.0,0.3057,0.0,0.0,0.0681,0.0681,0,0,0.3135,0.3135,0,0,0.976,0.976,1,1,50,270.89,160.3,0,1,2025-10-01 11:59:39,18.9,85.4,,0,0,,1
2025-10-01 12:00:24,205.71,0.3084,238.61,0.4541,1.3625,231.75,242.98,241.12,411.32,416.6,411.92,413.24,1.3625,0.0,0.0,0.3073,0.0,0.0,0.0706,0.0706,0,0,0.3158,0.3158,0,0,0.9747,0.9746,1,1,50,270.89,160.3,0,1,2025-10-01 12:00:24,19.0,86.7,,0,0,,1
2025-10-01 12:01:09,205.71,0.3086,239.07,0.4547,1.3641,232.2,243.43,241.58,412.48,417.23,412.48,413.98,1.3641,0.0,0.0,0.3086,0.0,0.0,0.0706,0.0706,0,0,0.3167,0.3167,0,0,0.9747,0.9745,1,1,50,270.89,160.3,0,1,2025-10-01 12:01:09,19.0,87.7,,0,0,,1
2025-10-01 12:01:54,205.71,0.31,239.43,0.4547,1.3643,232.55,243.77,241.97,412.81,418.29,412.98,414.72,1.3643,0.0,0.0,0.3087,0.0,0.0,0.0713,0.0713,0,0,0.3173,0.3173,0,0,0.9745,0.9743,1,1,50,270.9,160.3,0,1,2025-10-01 12:01:54,19.0,88.4,,0,0,,1
2025-10-01 12:02:39,205.72,0.3118,239.46,0.4563,1.369,233.44,243.15,241.81,412.29,418.87,413.14,414.77,1.369,0.0,0.0,0.3108,0.0,0.0,0.0723,0.0723,0,0,0.3196,0.3196,0,0,0.9741,0.9739,1,1,50,270.9,160.3,0,1,2025-10-01 12:02:39,19.1,89.2,,0,0,,1
2025-10-01 12:03:24,205.72,0.311,239.38,0.4552,1.3657,233.39,243.11,241.64,413.17,417.74,412.92,414.67,1.3657,0.0,0.0,0.3099,0.0,0.0,0.0723,0.0723,0,0,0.3187,0.3187,0,0,0.974,0.9741,1,1,50,270.91,160.3,0,1,2025-10-01 12:03:24,19.5,89.8,,0,0,,1
2025-10-01 12:04:09,205.72,0.31,239.19,0.4544,1.3633,232.82,243.67,241.1,412.48,418.31,412.1,414.25,1.3633,0.0,0.0,0.3089,0.0,0.0,0.0718,0.0718,0,0,0.3174,0.3174,0,0,0.9742,0.9741,1,1,50,270.91,160.31,0,1,2025-10-01 12:04:09,19.6,90.4,,0,0,,1
2025-10-01 12:04:54,205.73,0.3082,238.97,0.4546,1.3639,232.22,243.01,241.69,412.04,417.49,412.18,413.9,1.3639,0.0,0.0,0.3082,0.0,0.0,0.071,0.071,0,0,0.3167,0.3167,0,0,0.9744,0.9744,1,1,49.9,270.91,160.31,0,1,2025-10-01 12:04:54,19.6,90.9,,0,0,,1
2025-10-01 12:05:39,205.73,0.3078,238.83,0.4534,1.3602,232.08,242.82,241.6,411.87,416.69,412.39,413.7,1.3602,0.0,0.0,0.3078,0.0,0.0,0.0708,0.0708,0,0,0.3157,0.3157,0,0,0.9745,0.9743,1,1,49.9,270.92,160.31,0,1,2025-10-01 12:05:39,19.6,91.2,,0,0,,1
2025-10-01 12:06:24,205.74,0.3088,238.86,0.4547,1.3641,232.13,242.85,241.6,411.59,417.58,411.97,413.64,1.3641,0.0,0.0,0.3077,0.0,0.0,0.0707,0.0707,0,0,0.3166,0.3166,0,0,0.9747,0.9746,1,1,49.9,270.92,160.31,0,1,2025-10-01 12:06:24,19.7,91.6,,0,0,,1
2025-10-01 12:07:09,205.74,0.3083,239.05,0.455,1.365,232.34,243,241.81,412.14,417.52,412.45,414.05,1.365,0.0,0.0,0.3083,0.0,0.0,0.0708,0.0708,0,0,0.3171,0.3171,0,0,0.9746,0.9747,1,1,50,270.92,160.31,0,1,2025-10-01 12:07:09,19.7,91.8,,0,0,,1
2025-10-01 12:07:54,205.74,0.3095,239.1,0.4542,1.3627,232.45,243.08,241.79,412.06,417.82,412.53,414.18,1.3627,0.0,0.0,0.3083,0.0,0.0,0.0709,0.0709,0,0,0.3168,0.3168,0,0,0.9747,0.9745,1,1,50,270.93,160.31,0,1,2025-10-01 12:07:54,19.7,92.1,,0,0,,1
2025-10-01 12:08:39,205.76,4.1448,237.52,7.8345,23.503700000000002,229.82,241.79,240.95,409.09,414.82,410.21,411.28,8.8472,7.4939,7.1626,1.6597,1.3401,1.145,3.6751,1.1705,1.2149,1.2898,5.571,2.0333,1.812,1.7258,0.7482,0.8172,0.7408,0.6638,50,270.95,160.32,1,1,2025-10-01 12:08:39,19.8,92.3,,1,0,,0
2025-10-01 12:09:24,205.81,4.2414,237.58,7.9411,23.8234,229.8,241.93,241.03,409.16,414.97,410.32,411.48,8.9284,7.6113,7.2837,1.6842,1.3794,1.1777,3.6836,1.1677,1.2152,1.3006,5.6487,2.0517,1.8414,1.7556,0.755,0.8218,0.7503,0.6712,50,271.02,160.37,1,1,2025-10-01 12:09:24,19.7,89.2,,1,0,,0
2025-10-01 12:10:09,205.86,4.2784,237.7,7.9753,23.925900000000002,229.79,242.14,241.18,408.99,415.5,410.59,411.75,8.9422,7.6623,7.3214,1.6928,1.3983,1.1874,3.681,1.1608,1.2147,1.3055,5.676,2.0548,1.8553,1.7658,0.758,0.8247,0.7549,0.6728,50,271.09,160.41,1,1,2025-10-01 12:10:09,19.7,85.4,,1,0,,0
2025-10-01 12:10:54,205.92,4.1939,238.2,7.8948,23.6844,231.1,242.19,241.31,410.48,415.22,411.92,412.52,8.8822,7.5831,7.2191,1.6783,1.3589,1.1567,3.7093,1.1778,1.2306,1.3009,5.6313,2.0527,1.8366,1.742,0.749,0.8185,0.7412,0.6644,50,271.16,160.46,1,1,2025-10-01 12:10:54,19.5,81.5,,1,0,,0
2025-10-01 12:11:39,205.93,0.3108,239.28,0.4559,1.3679,232.59,243.28,241.98,412.71,417.72,412.87,414.43,1.3679,0.0,0.0,0.3097,0.0,0.0,0.071,0.071,0,0,0.3182,0.3182,0,0,0.9748,0.9747,1,1,50,271.18,160.47,0,1,2025-10-01 12:11:39,19.0,80.5,,0,0,,1
2025-10-01 12:12:24,205.94,0.3093,239.13,0.4555,1.3666,232.44,243.13,241.84,412.36,417.84,412.36,414.22,1.3666,0.0,0.0,0.3093,0.0,0.0,0.0706,0.0706,0,0,0.3177,0.3177,0,0,0.9749,0.9749,1,1,50,271.18,160.47,0,1,2025-10-01 12:12:24,18.9,82.3,,0,0,,1
2025-10-01 12:13:09,205.94,0.3095,239.34,0.4557,1.3673,232.59,243.39,242.04,412.45,418.45,412.72,414.51,1.3673,0.0,0.0,0.3095,0.0,0.0,0.071,0.071,0,0,0.318,0.318,0,0,0.9746,0.9746,1,1,50,271.19,160.47,0,1,2025-10-01 12:13:09,18.9,84.1,,0,0,,1
2025-10-01 12:13:54,205.94,0.3101,239.52,0.4548,1.3644,232.84,243.63,242.09,413.38,417.9,413.24,414.88,1.3644,0.0,0.0,0.309,0.0,0.0,0.0717,0.0717,0,0,0.3177,0.3177,0,0,0.9743,0.9741,1,1,50,271.19,160.47,0,1,2025-10-01 12:13:54,18.9,85.6,,0,0,,1
2025-10-01 12:14:39,205.95,0.3107,239.55,0.4555,1.3665,232.74,243.72,242.19,413.08,418.37,413.24,414.91,1.3665,0.0,0.0,0.3095,0.0,0.0,0.0713,0.0713,0,0,0.318,0.318,0,0,0.9746,0.9744,1,1,50,271.2,160.47,0,1,2025-10-01 12:14:39,19.0,87.1,,0,0,,1
2025-10-01 12:15:24,205.95,0.3098,239.43,0.4545,1.3637,232.61,243.55,242.13,412.91,418.05,413.11,414.78,1.3637,0.0,0.0,0.3086,0.0,0.0,0.0716,0.0716,0,0,0.3172,0.3172,0,0,0.9743,0.9741,1,1,49.9,271.2,160.47,0,1,2025-10-01 12:15:24,19.0,88.1,,0,0,,1
2025-10-01 12:16:09,205.96,0.31,239.76,0.4558,1.3674,232.99,243.81,242.5,413.14,418.84,413.85,415.19,1.3674,0.0,0.0,0.31,0.0,0.0,0.0715,0.0715,0,0,0.3186,0.3186,0,0,0.9744,0.9744,1,1,50,271.2,160.48,0,1,2025-10-01 12:16:09,19.1,88.9,,0,0,,1
2025-10-01 12:16:54,205.96,0.3109,239.68,0.4557,1.3671,232.89,243.71,242.45,413.29,418.44,413.66,415.18,1.3671,0.0,0.0,0.3098,0.0,0.0,0.0713,0.0713,0,0,0.3184,0.3184,0,0,0.9747,0.9745,1,1,50,271.21,160.48,0,1,2025-10-01 12:16:54,19.5,89.6,,0,0,,1
2025-10-01 12:17:39,205.96,0.3109,239.95,0.4553,1.366,233.16,244.06,242.64,413.53,419.3,413.97,415.57,1.366,0.0,0.0,0.3098,0.0,0.0,0.0718,0.0718,0,0,0.3185,0.3185,0,0,0.9743,0.9741,1,1,50,271.21,160.48,0,1,2025-10-01 12:17:39,19.5,90.1,,0,0,,1
2025-10-01 12:18:24,205.97,0.3081,239.16,0.4537,1.3613,231.58,243.62,242.29,411.85,418.07,412.77,414.24,1.3613,0.0,0.0,0.307,0.0,0.0,0.0699,0.0699,0,0,0.3152,0.3152,0,0,0.9752,0.975,1,1,50,271.22,160.48,0,1,2025-10-01 12:18:24,19.6,90.6,,0,0,,1
2025-10-01 12:19:09,205.97,0.3082,239.12,0.4539,1.3619,231.55,243.62,242.2,411.82,417.87,412.78,414.11,1.3619,0.0,0.0,0.307,0.0,0.0,0.07,0.07,0,0,0.3153,0.3153,0,0,0.9751,0.975,1,1,50,271.22,160.48,0,1,2025-10-01 12:19:09,19.6,91.1,,0,0,,1
2025-10-01 12:19:54,205.97,0.3084,238.95,0.4545,1.3635,231.37,243.43,242.05,411.62,417.29,412.63,413.86,1.3635,0.0,0.0,0.3073,0.0,0.0,0.0694,0.0694,0,0,0.3155,0.3155,0,0,0.9755,0.9754,1,1,49.9,271.22,160.48,0,1,2025-10-01 12:19:54,19.7,91.5,,0,0,,1
2025-10-01 12:20:39,205.98,0.3115,239.74,0.4563,1.3689,233.02,243.75,242.45,413.55,417.76,414.33,414.32,1.3689,0.0,0.0,0.3105,0.0,0.0,0.0711,0.0711,0,0,0.319,0.319,0,0,0.9749,0.9747,1,1,50,271.23,160.48,0,1,2025-10-01 12:20:39,19.7,91.8,,0,0,,1
2025-10-01 12:21:24,205.98,0.3106,239.64,0.4552,1.3657,232.85,243.64,242.43,413.02,418.45,413.7,415.1,1.3657,0.0,0.0,0.3095,0.0,0.0,0.0712,0.0712,0,0,0.318,0.318,0,0,0.9747,0.9745,1,1,50,271.23,160.48,0,1,2025-10-01 12:21:24,19.7,92.1,,0,0,,1
2025-10-01 12:22:09,205.99,0.3095,239.85,0.455,1.3652,232.94,244.03,242.6,413.46,419.03,413.81,415.45,1.3652,0.0,0.0,0.3095,0.0,0.0,0.0713,0.0713,0,0,0.318,0.318,0,0,0.9744,0.9744,1,1,50,271.23,160.48,0,1,2025-10-01 12:22:09,19.8,92.4,,0,0,,1
2025-10-01 12:22:54,206.03,4.3748,238.75,8.1023,24.3071,231.58,242.85,241.84,411.2,417.45,411.94,413.55,9.0922,7.8253,7.3896,1.7399,1.4269,1.208,3.7482,1.1821,1.2506,1.3155,5.793,2.1056,1.9004,1.7871,0.7593,0.8271,0.752,0.6763,50,271.29,160.52,1,1,2025-10-01 12:22:54,19.8,91.5,,1,0,,0
2025-10-01 12:23:39,206.08,4.3862,238.8,8.1147,24.3443,231.62,242.93,241.87,411.31,417.63,411.91,413.67,9.0994,7.8353,7.4096,1.7415,1.4315,1.2132,3.7503,1.183,1.2498,1.3176,5.8032,2.1076,1.9034,1.7922,0.76,0.8271,0.7533,0.6773,50,271.37,160.57,1,1,2025-10-01 12:23:39,19.7,87.4,,1,0,,0
2025-10-01 12:24:24,206.14,4.3816,239.03,8.1108,24.3325,231.92,243.11,242.06,412.11,417.52,412.36,413.95,9.1163,7.8153,7.4009,1.744,1.4246,1.213,3.7602,1.1912,1.2524,1.3166,5.8057,2.1143,1.9,1.7915,0.7588,0.8257,0.751,0.6775,50,271.43,160.61,1,1,2025-10-01 12:24:24,19.6,83.3,,1,0,,0
2025-10-01 12:25:09,206.18,0.3119,240.09,0.4577,1.3733,233.3,244.21,242.78,414.23,418.81,414.48,415.85,1.3733,0.0,0.0,0.3119,0.0,0.0,0.0713,0.0713,0,0,0.3204,0.3204,0,0,0.9748,0.9748,1,1,50,271.49,160.64,0,1,2025-10-01 12:25:09,19.1,80.4,,0,0,,1
2025-10-01 12:25:54,206.18,0.3108,240.19,0.4563,1.3689,233.31,244.3,242.96,414.34,419.6,414.09,416.01,1.3689,0.0,0.0,0.3108,0.0,0.0,0.0713,0.0713,0,0,0.3194,0.3194,0,0,0.9746,0.9746,1,1,50,271.49,160.65,0,1,2025-10-01 12:25:54,19.0,81.5,,0,0,,1
2025-10-01 12:26:39,206.18,0.3046,238.97,0.4518,1.3556,230.58,243.33,243.02,410.79,419.03,411.93,415.31,1.3556,0.0,0.0,0.3046,0.0,0.0,0.0682,0.0682,0,0,0.3126,0.3126,0,0,0.9758,0.9758,1,1,50,271.5,160.65,0,1,2025-10-01 12:26:39,18.9,83.3,,0,0,,1
2025-10-01 12:27:24,206.19,0.3086,238.95,0.4548,1.3646,231.28,243.42,242.16,411.53,417.47,412.57,413.79,1.3646,0.0,0.0,0.3076,0.0,0.0,0.0689,0.0689,0,0,0.3156,0.3156,0,0,0.9759,0.9757,1,1,50,271.5,160.65,0,1,2025-10-01 12:27:24,18.9,85,,0,0,,1
2025-10-01 12:28:09,206.19,0.3077,239.18,0.4545,1.3635,231.63,243.61,242.31,412.23,417.55,412.97,414.26,1.3635,0.0,0.0,0.3077,0.0,0.0,0.0692,0.0692,0,0,0.3158,0.3158,0,0,0.9756,0.9756,1,1,50,271.5,160.65,0,1,2025-10-01 12:28:09,19.0,86.3,,0,0,,1
2025-10-01 12:28:54,206.2,0.3094,239.86,0.4549,1.3647,232.04,244.21,243.35,412.96,419.55,413.83,415.31,1.3647,0.0,0.0,0.3084,0.0,0.0,0.07,0.07,0,0,0.3167,0.3167,0,0,0.9753,0.9752,1,1,50,271.51,160.65,0,1,2025-10-01 12:28:54,19.0,87.4,,0,0,,1
2025-10-01 12:29:39,206.2,0.3101,240.57,0.4553,1.3659,233.36,244.64,243.72,414.86,420.2,414.94,416.67,1.3659,0.0,0.0,0.3101,0.0,0.0,0.0718,0.0718,0,0,0.3187,0.3187,0,0,0.9742,0.9742,1,1,50,271.51,160.65,0,1,2025-10-01 12:29:39,19.0,88.3,,0,0,,1
2025-10-01 12:30:24,206.2,0.3102,240.67,0.4553,1.3659,233.53,244.83,243.66,414.91,420.75,414.89,416.85,1.3659,0.0,0.0,0.3102,0.0,0.0,0.0722,0.0722,0,0,0.319,0.319,0,0,0.9739,0.9739,1,1,50,271.51,160.65,0,1,2025-10-01 12:30:24,19.1,89.2,,0,0,,1
2025-10-01 12:31:09,206.21,0.3107,240.26,0.4559,1.3678,233.41,244.33,243.04,413.83,419.69,414.86,416.19,1.3678,0.0,0.0,0.3107,0.0,0.0,0.0714,0.0714,0,0,0.3193,0.3193,0,0,0.9745,0.9745,1,1,50,271.52,160.65,0,1,2025-10-01 12:31:09,19.5,89.9,,0,0,,1
2025-10-01 12:31:54,206.21,0.3101,240.34,0.4555,1.3666,233.13,244.7,243.2,413.85,419.84,415.11,416.25,1.3666,0.0,0.0,0.3101,0.0,0.0,0.071,0.071,0,0,0.3186,0.3186,0,0,0.9747,0.9747,1,1,50,271.52,160.65,0,1,2025-10-01 12:31:54,19.6,90.4,,0,0,,1
2025-10-01 12:32:39,206.21,0.3095,240.35,0.4548,1.3646,233.08,244.84,243.13,414.26,419.44,415.12,416.25,1.3646,0.0,0.0,0.3095,0.0,0.0,0.0713,0.0713,0,0,0.3181,0.3181,0,0,0.9744,0.9744,1,1,50,271.53,160.65,0,1,2025-10-01 12:32:39,19.6,90.9,,0,0,,1
2025-10-01 12:33:24,206.22,0.3098,240.53,0.4548,1.3646,233.42,244.92,243.25,414.65,419.86,415.26,416.56,1.3646,0.0,0.0,0.3098,0.0,0.0,0.0718,0.0718,0,0,0.3185,0.3185,0,0,0.9742,0.9742,1,1,50,271.53,160.65,0,1,2025-10-01 12:33:24,19.6,91.2,,0,0,,1
2025-10-01 12:34:09,206.22,0.3104,240.37,0.4544,1.3634,233.11,244.89,243.12,414.3,420.12,414.55,416.43,1.3634,0.0,0.0,0.3092,0.0,0.0,0.0715,0.0715,0,0,0.3178,0.3178,0,0,0.9745,0.9743,1,1,50,271.53,160.66,0,1,2025-10-01 12:34:09,19.7,91.6,,0,0,,1
2025-10-01 12:34:54,206.23,0.3106,240.54,0.4547,1.3642,233.22,245.07,243.33,414.61,420.39,414.83,416.59,1.3642,0.0,0.0,0.3095,0.0,0.0,0.0716,0.0716,0,0,0.3182,0.3182,0,0,0.9744,0.9742,1,1,50,271.54,160.66,0,1,2025-10-01 12:34:54,19.7,91.9,,0,0,,1
2025-10-01 12:35:39,206.23,0.3118,240.5,0.4556,1.3668,233.61,244.22,243.67,414.38,419.89,415.35,416.61,1.3668,0.0,0.0,0.3106,0.0,0.0,0.0719,0.0719,0,0,0.3193,0.3193,0,0,0.9744,0.9742,1,1,50,271.54,160.66,0,1,2025-10-01 12:35:39,19.7,92.2,,0,0,,1
2025-10-01 12:37:09,206.29,4.3207,238.92,8.0409,24.122799999999998,230.89,243.11,242.77,411.72,416.96,412.71,413.82,9.0291,7.7208,7.3729,1.7106,1.408,1.2022,3.7491,1.1878,1.2367,1.3246,5.7517,2.0847,1.877,1.7899,0.7552,0.8213,0.7513,0.672,50,271.63,160.71,1,1,2025-10-01 12:37:09,19.8,90.1,,1,0,,0
2025-10-01 12:37:54,206.35,4.2983,239.61,8.0292,24.0876,231.07,244.34,243.42,412.48,419.19,413.32,414.98,8.9824,7.7258,7.3794,1.698,1.411,1.1893,3.7825,1.1892,1.2489,1.3444,5.7596,2.0756,1.8877,1.7963,0.7507,0.8191,0.7487,0.6625,50,271.7,160.76,1,1,2025-10-01 12:37:54,19.7,86.1,,1,0,,0
2025-10-01 12:38:39,206.4,4.3233,239.74,8.0446,24.134,231.23,244.41,243.6,412.41,419.16,414.11,415.21,9.0089,7.721,7.4041,1.7055,1.4154,1.2024,3.7763,1.1914,1.2427,1.3423,5.7739,2.0831,1.8871,1.8036,0.7531,0.8197,0.7514,0.6672,50,271.78,160.81,1,1,2025-10-01 12:38:39,19.6,82.7,,1,0,,0
2025-10-01 12:39:24,206.42,0.3097,240.55,0.456,1.3681,232.38,245.27,244,414.36,420.43,415.07,416.62,1.3681,0.0,0.0,0.3097,0.0,0.0,0.0697,0.0697,0,0,0.3179,0.3179,0,0,0.9755,0.9755,1,1,50,271.8,160.82,0,1,2025-10-01 12:39:24,19.0,80.5,,0,0,,1
2025-10-01 12:40:09,206.43,0.3125,240.48,0.4566,1.3698,233.46,244.58,243.4,414.63,419.63,415.25,416.57,1.3698,0.0,0.0,0.3113,0.0,0.0,0.071,0.071,0,0,0.3198,0.3198,0,0,0.9751,0.9749,1,1,50,271.8,160.82,0,1,2025-10-01 12:40:09,18.9,82.1,,0,0,,1
2025-10-01 12:40:54,206.43,0.3117,240.38,0.4559,1.3678,233.18,244.77,243.21,414.82,418.98,415.19,416.32,1.3678,0.0,0.0,0.3104,0.0,0.0,0.0713,0.0713,0,0,0.3189,0.3189,0,0,0.9748,0.9746,1,1,50,271.81,160.82,0,1,2025-10-01 12:40:54,18.9,83.8,,0,0,,1
2025-10-01 12:41:39,206.43,0.3106,240.5,0.4544,1.3634,233.2,245.05,243.25,414.7,419.84,415.07,416.49,1.3634,0.0,0.0,0.3093,0.0,0.0,0.0716,0.0716,0,0,0.3179,0.3179,0,0,0.9744,0.9742,1,1,50,271.81,160.83,0,1,2025-10-01 12:41:39,18.9,85.4,,0,0,,1
2025-10-01 12:42:24,206.44,0.3104,240.4,0.4545,1.3635,233.17,244.76,243.29,414.27,419.94,414.93,416.27,1.3635,0.0,0.0,0.3093,0.0,0.0,0.0715,0.0715,0,0,0.3179,0.3179,0,0,0.9744,0.9742,1,1,50,271.82,160.83,0,1,2025-10-01 12:42:24,19.0,86.7,,0,0,,1
2025-10-01 12:43:09,206.44,0.311,240.51,0.4552,1.3658,233.24,244.91,243.38,414.73,419.74,415.19,416.54,1.3658,0.0,0.0,0.3099,0.0,0.0,0.0718,0.0718,0,0,0.3186,0.3186,0,0,0.9743,0.9741,1,1,50,271.82,160.83,0,1,2025-10-01 12:43:09,19.0,87.7,,0,0,,1
2025-10-01 12:43:54,206.45,0.3111,240.76,0.4561,1.3684,233.69,245.17,243.44,414.84,420.61,415.57,417.05,1.3684,0.0,0.0,0.3111,0.0,0.0,0.0719,0.0719,0,0,0.3198,0.3198,0,0,0.9742,0.9742,1,1,50,271.82,160.83,0,1,2025-10-01 12:43:54,19.0,88.6,,0,0,,1
2025-10-01 12:44:39,206.45,0.3117,240.78,0.4556,1.3668,233.69,245.23,243.44,414.95,420.69,415.48,417.05,1.3668,0.0,0.0,0.3107,0.0,0.0,0.0719,0.0719,0,0,0.3194,0.3194,0,0,0.9744,0.9742,1,1,50.1,271.83,160.83,0,1,2025-10-01 12:44:39,19.1,89.4,,0,0,,1
2025-10-01 12:45:24,206.45,0.3123,240.74,0.4562,1.3687,233.61,245.23,243.39,415.06,420.37,415.46,416.95,1.3687,0.0,0.0,0.3111,0.0,0.0,0.0718,0.0718,0,0,0.3197,0.3197,0,0,0.9745,0.9743,1,1,50,271.83,160.83,0,1,2025-10-01 12:45:24,19.5,90.1,,0,0,,1
2025-10-01 12:46:09,206.46,0.3125,241.08,0.4557,1.3673,234.17,245.41,243.66,415.73,421.13,415.8,417.52,1.3673,0.0,0.0,0.3113,0.0,0.0,0.0728,0.0728,0,0,0.3202,0.3202,0,0,0.9738,0.9736,1,1,50,271.84,160.83,0,1,2025-10-01 12:46:09,19.6,90.5,,0,0,,1
2025-10-01 12:46:54,206.46,0.3119,240.98,0.4566,1.3699,234.12,245.25,243.59,415.78,420.59,415.78,417.33,1.3699,0.0,0.0,0.3119,0.0,0.0,0.0727,0.0727,0,0,0.3207,0.3207,0,0,0.9739,0.9739,1,1,50,271.84,160.83,0,1,2025-10-01 12:46:54,19.6,91,,0,0,,1
2025-10-01 12:47:39,206.47,0.3098,240.42,0.4543,1.3631,232.75,245.09,243.43,413.9,420.96,414.4,416.45,1.3631,0.0,0.0,0.3088,0.0,0.0,0.0707,0.0707,0,0,0.3173,0.3173,0,0,0.9749,0.9747,1,1,50,271.84,160.83,0,1,2025-10-01 12:47:39,19.6,91.4,,0,0,,1
2025-10-01 12:48:24,206.47,0.313,241.3,0.4566,1.37,234.07,246.1,243.73,415.73,421.72,416.33,417.91,1.37,0.0,0.0,0.3119,0.0,0.0,0.0724,0.0724,0,0,0.3207,0.3207,0,0,0.9742,0.974,1,1,50,271.85,160.83,0,1,2025-10-01 12:48:24,19.7,91.8,,0,0,,1
2025-10-01 12:49:09,206.47,0.3121,241.39,0.4555,1.3667,234.01,246.29,243.88,416.03,421.67,416.55,418.06,1.3667,0.0,0.0,0.311,0.0,0.0,0.0726,0.0726,0,0,0.3198,0.3198,0,0,0.9739,0.9738,1,1,50,271.85,160.83,0,1,2025-10-01 12:49:09,19.7,92.2,,0,0,,1
2025-10-01 12:49:54,206.48,0.3117,241.43,0.4555,1.3665,233.57,245.91,244.82,415.83,421.65,416.97,418.18,1.3665,0.0,0.0,0.3105,0.0,0.0,0.0717,0.0717,0,0,0.3192,0.3192,0,0,0.9745,0.9743,1,1,50,271.86,160.84,0,1,2025-10-01 12:50:39,19.8,91.6,,0,0,,1
2025-10-01 12:50:39,206.52,4.3193,240.73,8.0839,24.2519,233.47,244.88,243.86,414.48,420.44,415.92,416.94,9.057,7.7737,7.4212,1.7199,1.404,1.1953,3.8629,1.2256,1.2802,1.357,5.8279,2.1145,1.9036,1.8097,0.7453,0.8143,0.7389,0.6609,50,271.91,160.87,1,1,2025-10-01 12:50:39,19.8,91.6,,1,0,,0
2025-10-01 12:52:09,206.62,4.3589,240.55,8.1083,24.3251,233.36,244.42,243.89,414.34,419.63,415.91,416.66,9.0957,7.7799,7.4495,1.7315,1.4129,1.2144,3.8407,1.2234,1.2676,1.3497,5.841,2.1226,1.9016,1.8169,0.7502,0.8167,0.7443,0.6688,50,272.05,160.96,1,1,2025-10-01 12:52:09,19.6,84,,1,0,,0
2025-10-01 12:52:54,206.68,0.3155,241.69,0.4601,1.3805,234.87,245.52,244.7,416.54,421.62,417.67,418.61,1.3805,0.0,0.0,0.3155,0.0,0.0,0.0726,0.0726,0,0,0.3242,0.3242,0,0,0.9745,0.9745,1,1,50,272.13,161.01,0,1,2025-10-01 12:52:54,19.5,81,,0,0,,1
2025-10-01 12:53:39,206.68,0.3136,241.68,0.4563,1.369,234.89,245.48,244.68,415.96,422.75,417.11,418.57,1.369,0.0,0.0,0.3124,0.0,0.0,0.0738,0.0738,0,0,0.3216,0.3216,0,0,0.9734,0.9732,1,1,50,272.13,161.01,0,1,2025-10-01 12:53:39,19.0,81.1,,0,0,,1
2025-10-01 12:54:24,206.68,0.3138,241.63,0.4569,1.3708,234.76,245.53,244.62,416.46,421.74,417.32,418.5,1.3708,0.0,0.0,0.3128,0.0,0.0,0.0735,0.0735,0,0,0.3218,0.3218,0,0,0.9736,0.9735,1,1,50,272.13,161.01,0,1,2025-10-01 12:54:24,18.9,83.1,,0,0,,1
2025-10-01 12:55:09,206.69,0.3084,241.19,0.4534,1.3603,233.06,245.28,245.25,414.63,422.44,416.2,419.08,1.3603,0.0,0.0,0.3084,0.0,0.0,0.0713,0.0713,0,0,0.317,0.317,0,0,0.9742,0.9742,1,1,50,272.14,161.01,0,1,2025-10-01 12:55:09,18.9,84.8,,0,0,,1
2025-10-01 12:55:54,206.69,0.3108,241.24,0.4557,1.3672,233.56,245.56,244.62,415.15,421.93,416.43,417.85,1.3672,0.0,0.0,0.3108,0.0,0.0,0.0709,0.0709,0,0,0.3193,0.3193,0,0,0.9749,0.9749,1,1,50.1,272.14,161.02,0,1,2025-10-01 12:55:54,19.0,86.3,,0,0,,1
2025-10-01 12:56:39,206.7,0.3129,241.89,0.456,1.3682,234.08,246.1,245.49,416.19,423.3,417.38,418.94,1.3682,0.0,0.0,0.3117,0.0,0.0,0.0716,0.0716,0,0,0.3203,0.3203,0,0,0.9747,0.9745,1,1,50.1,272.15,161.02,0,1,2025-10-01 12:56:39,19.0,87.6,,0,0,,1
2025-10-01 12:57:24,206.7,0.3131,242.03,0.4564,1.3692,234.23,246.19,245.69,416.34,423.58,417.72,419.12,1.3692,0.0,0.0,0.312,0.0,0.0,0.0721,0.0721,0,0,0.3207,0.3207,0,0,0.9744,0.9742,1,1,50.1,272.15,161.02,0,1,2025-10-01 12:57:24,19.1,88.4,,0,0,,1
2025-10-01 12:58:09,206.7,0.3141,242.6,0.4572,1.3716,235.6,246.34,245.87,417.92,423.52,419.12,420.16,1.3716,0.0,0.0,0.3141,0.0,0.0,0.0736,0.0736,0,0,0.3231,0.3231,0,0,0.9736,0.9736,1,1,50.1,272.15,161.02,0,1,2025-10-01 12:58:09,19.5,89.3,,0,0,,1
2025-10-01 12:58:54,206.71,0.3153,242.5,0.457,1.3711,235.62,246.39,245.49,417.5,424.01,418.54,420.08,1.3711,0.0,0.0,0.314,0.0,0.0,0.0737,0.0737,0,0,0.3231,0.3231,0,0,0.9737,0.9735,1,1,50.1,272.16,161.02,0,1,2025-10-01 12:58:54,19.5,90.1,,0,0,,1
2025-10-01 12:59:39,206.71,0.3154,242.57,0.4575,1.3726,235.45,246.54,245.73,417.87,423.51,419.01,420.1,1.3726,0.0,0.0,0.3142,0.0,0.0,0.0734,0.0734,0,0,0.3232,0.3232,0,0,0.974,0.9738,1,1,50.1,272.16,161.02,0,1,2025-10-01 12:59:39,19.6,90.6,,0,0,,1
2025-10-01 13:00:24,206.72,0.3157,242.77,0.4577,1.3731,235.67,246.73,245.93,417.75,424.31,419.41,420.48,1.3731,0.0,0.0,0.3147,0.0,0.0,0.0732,0.0732,0,0,0.3236,0.3236,0,0,0.9741,0.9739,1,1,50.1,272.17,161.02,0,1,2025-10-01 13:00:24,19.6,91.1,,0,0,,1
2025-10-01 13:01:09,206.72,0.3155,242.52,0.4572,1.3717,235.44,246.51,245.63,417.63,424.11,418.44,420.08,1.3717,0.0,0.0,0.3141,0.0,0.0,0.0729,0.0729,0,0,0.323,0.323,0,0,0.9743,0.9741,1,1,50.1,272.17,161.02,0,1,2025-10-01 13:01:09,19.7,91.5,,0,0,,1
2025-10-01 13:01:54,206.72,0.3141,242.34,0.4576,1.3728,235.2,246.33,245.49,417.33,423.59,418.29,419.71,1.3728,0.0,0.0,0.3141,0.0,0.0,0.0724,0.0724,0,0,0.3229,0.3229,0,0,0.9744,0.9744,1,1,50.2,272.17,161.02,0,1,2025-10-01 13:01:54,19.7,91.8,,0,0,,1
2025-10-01 13:02:39,206.73,0.3138,242.38,0.457,1.3712,235.29,246.36,245.49,417.43,423.52,418.46,419.69,1.3712,0.0,0.0,0.3138,0.0,0.0,0.0727,0.0727,0,0,0.3226,0.3226,0,0,0.9741,0.9741,1,1,50.1,272.18,161.02,0,1,2025-10-01 13:02:39,19.7,92.1,,0,0,,1
2025-10-01 13:03:24,206.73,4.0632,241.3,7.9491,23.8474,233.5,245.3,245.12,415.02,421.95,416.85,418.56,9.4441,7.3511,7.0522,1.7411,1.2611,1.0609,3.9953,1.349,1.2833,1.3629,5.7371,2.2052,1.8032,1.7286,0.713,0.7904,0.7009,0.6142,50.1,272.19,161.03,1,1,2025-10-01 13:03:24,19.8,92.3,,1,0,,0
2025-10-01 13:04:09,206.79,4.3489,241.26,8.1094,24.3282,233.77,245.17,244.85,414.76,421.97,416.88,417.87,9.1023,7.7519,7.474,1.7257,1.4061,1.2171,3.8788,1.2406,1.2735,1.3648,5.8584,2.1278,1.9005,1.83,0.7462,0.8119,0.7411,0.6655,50.1,272.26,161.08,1,1,2025-10-01 13:04:09,19.8,90.4,,1,0,,0
2025-10-01 13:04:54,206.84,4.2541,241.8,8.0236,24.0708,234.05,245.64,245.72,415.61,422.66,418.12,418.79,8.9706,7.6872,7.413,1.6883,1.3824,1.1834,3.9089,1.244,1.2815,1.3834,5.8094,2.0996,1.8883,1.8215,0.7363,0.805,0.7333,0.65,50.1,272.33,161.12,1,1,2025-10-01 13:04:54,19.7,86.4,,1,0,,0
2025-10-01 13:05:39,206.89,4.243,240.92,7.9809,23.9427,232.59,244.99,245.2,413.91,421.34,416.57,417.29,8.9579,7.5855,7.3993,1.6774,1.3724,1.1932,3.8439,1.2314,1.2477,1.3648,5.7562,2.0835,1.8584,1.8143,0.741,0.806,0.7399,0.6582,50.1,272.4,161.17,1,1,2025-10-01 13:05:39,19.6,82.6,,1,0,,0
2025-10-01 13:06:24,206.92,0.3124,242.06,0.4573,1.372,233.96,246.37,245.86,416.26,423.44,418.04,419.3,1.372,0.0,0.0,0.3124,0.0,0.0,0.0714,0.0714,0,0,0.321,0.321,0,0,0.9748,0.9748,1,1,50,272.44,161.2,0,1,2025-10-01 13:06:24,19.1,80.1,,0,0,,1
2025-10-01 13:07:09,206.93,0.3111,241.35,0.4549,1.3647,233.32,245.89,244.84,415.36,421.81,416.86,418.03,1.3647,0.0,0.0,0.3098,0.0,0.0,0.0713,0.0713,0,0,0.3184,0.3184,0,0,0.9747,0.9746,1,1,50,272.45,161.2,0,1,2025-10-01 13:07:09,19.0,81.5,,0,0,,1
2025-10-01 13:07:54,206.93,0.3102,240.93,0.4546,1.3638,232.87,245.51,244.42,414.78,420.9,416.16,417.2,1.3638,0.0,0.0,0.3091,0.0,0.0,0.071,0.071,0,0,0.3176,0.3176,0,0,0.9748,0.9746,1,1,50,272.45,161.2,0,1,2025-10-01 13:07:54,18.9,83.2,,0,0,,1
2025-10-01 13:08:39,206.93,0.3125,241.6,0.4555,1.3666,234.36,245.72,244.74,416.37,421.76,417.23,418.46,1.3666,0.0,0.0,0.3113,0.0,0.0,0.0731,0.0731,0,0,0.3203,0.3203,0,0,0.9737,0.9735,1,1,50,272.45,161.2,0,1,2025-10-01 13:08:39,18.9,84.8,,0,0,,1
2025-10-01 13:09:24,206.94,0.3117,241.58,0.456,1.368,234.36,245.7,244.7,416.08,421.24,417.9,418.43,1.368,0.0,0.0,0.3117,0.0,0.0,0.0729,0.0729,0,0,0.3206,0.3206,0,0,0.9737,0.9737,1,1,50,272.46,161.2,0,1,2025-10-01 13:09:24,19.0,86,,0,0,,1
2025-10-01 13:10:09,206.94,0.3116,241.86,0.4554,1.3662,234.75,245.88,244.96,416.96,421.93,417.79,418.89,1.3662,0.0,0.0,0.3116,0.0,0.0,0.0738,0.0738,0,0,0.3207,0.3207,0,0,0.973,0.973,1,1,50,272.46,161.2,0,1,2025-10-01 13:10:09,19.0,87.2,,0,0,,1
2025-10-01 13:10:54,206.95,0.312,241.94,0.4559,1.3677,234.8,245.97,245.07,416.76,422.79,417.61,419.03,1.3677,0.0,0.0,0.312,0.0,0.0,0.0737,0.0737,0,0,0.3211,0.3211,0,0,0.9731,0.9731,1,1,50,272.47,161.2,0,1,2025-10-01 13:10:54,19.1,88.2,,0,0,,1
2025-10-01 13:11:39,206.95,0.3134,241.74,0.4557,1.3672,235.06,244.95,245.23,416.27,421.71,418.12,418.72,1.3672,0.0,0.0,0.3121,0.0,0.0,0.0743,0.0743,0,0,0.3214,0.3214,0,0,0.9729,0.9727,1,1,50,272.47,161.2,0,1,2025-10-01 13:11:39,19.1,88.9,,0,0,,1
2025-10-01 13:12:24,206.95,0.3143,242.71,0.4573,1.3719,235.91,245.81,246.41,418.23,423.34,419.53,420.34,1.3719,0.0,0.0,0.3143,0.0,0.0,0.0748,0.0748,0,0,0.3236,0.3236,0,0,0.9728,0.9728,1,1,50,272.47,161.2,0,1,2025-10-01 13:12:24,19.5,89.5,,0,0,,1
2025-10-01 13:13:09,206.96,0.3146,242.69,0.4568,1.3705,235.48,246.62,245.98,418.6,423.41,418.99,420.38,1.3705,0.0,0.0,0.3136,0.0,0.0,0.0741,0.0741,0,0,0.3227,0.3227,0,0,0.9733,0.9731,1,1,50,272.48,161.21,0,1,2025-10-01 13:13:09,19.6,90.1,,0,0,,1
2025-10-01 13:13:54,206.96,0.3145,242.7,0.4571,1.3714,235.84,246.17,246.1,418.3,423.13,419.61,420.3,1.3714,0.0,0.0,0.3145,0.0,0.0,0.0744,0.0744,0,0,0.3234,0.3234,0,0,0.9731,0.9728,1,1,50,272.48,161.21,0,1,2025-10-01 13:13:54,19.6,90.6,,0,0,,1
2025-10-01 13:14:39,206.96,0.3158,242.88,0.4576,1.373,235.91,246.73,246.02,418.79,424.51,418.75,420.86,1.373,0.0,0.0,0.3147,0.0,0.0,0.0742,0.0742,0,0,0.3239,0.3239,0,0,0.9735,0.9733,1,1,50,272.49,161.21,0,1,2025-10-01 13:14:39,19.6,91,,0,0,,1
2025-10-01 13:15:24,206.97,0.3112,241.92,0.4539,1.3618,234.32,245.52,245.94,415.86,423.37,417.84,419.39,1.3618,0.0,0.0,0.3112,0.0,0.0,0.0721,0.0721,0,0,0.3191,0.3191,0,0,0.9741,0.975,1,1,50.1,272.49,161.21,0,1,2025-10-01 13:15:24,19.7,91.3,,0,0,,1
2025-10-01 13:16:09,206.97,0.3122,241.93,0.4567,1.3701,234.08,246.37,245.34,416.7,422.08,418.22,419.02,1.3701,0.0,0.0,0.3122,0.0,0.0,0.0713,0.0713,0,0,0.3207,0.3207,0,0,0.9749,0.9749,1,1,50.1,272.49,161.21,0,1,2025-10-01 13:16:09,19.7,91.7,,0,0,,1
2025-10-01 13:16:54,206.98,0.3126,241.93,0.4558,1.3676,234.04,246.43,245.33,416.54,422.44,418.06,418.97,1.3676,0.0,0.0,0.3115,0.0,0.0,0.0714,0.0714,0,0,0.3201,0.3201,0,0,0.9749,0.9747,1,1,50.1,272.5,161.21,0,1,2025-10-01 13:16:54,19.7,91.9,,0,0,,1
2025-10-01 13:17:39,206.99,4.0912,240.72,7.8346,23.503800000000002,232.74,245.21,244.22,414.35,420.19,416.19,416.96,8.8022,7.5007,7.2009,1.6427,1.326,1.1226,3.8417,1.2199,1.2698,1.352,5.6465,2.0486,1.8392,1.7586,0.7289,0.8028,0.7222,0.6388,50.1,272.51,161.22,1,1,2025-10-01 13:17:39,19.8,92.3,,1,0,,0
2025-10-01 13:18:24,207.04,4.4199,241.49,8.1759,24.5279,233.94,245.77,244.76,416.02,421.32,417.38,418.23,9.1778,7.8486,7.5015,1.7552,1.4346,1.2301,3.8785,1.2326,1.2846,1.3614,5.9121,2.1471,1.929,1.8361,0.7516,0.8183,0.7449,0.6704,50.1,272.59,161.27,1,1,2025-10-01 13:18:24,19.8,90.1,,1,0,,0
2025-10-01 13:19:09,207.1,4.3666,241.54,8.1149,24.344699999999996,233.96,245.87,244.8,415.62,422.13,417.29,418.38,9.1053,7.7921,7.4473,1.7372,1.4188,1.2106,3.872,1.2283,1.2824,1.3612,5.8692,2.1303,1.9158,1.8231,0.7482,0.8165,0.7418,0.6645,50.2,272.66,161.31,1,1,2025-10-01 13:19:09,19.7,86,,1,0,,0
2025-10-01 13:19:54,207.15,4.2311,241.84,7.9813,23.944100000000002,234.19,246.23,245.1,416.4,422.23,417.93,418.89,8.9488,7.6711,7.3242,1.6935,1.3754,1.1622,3.8859,1.2303,1.2895,1.3661,5.7797,2.0957,1.8889,1.7952,0.7365,0.809,0.7295,0.6479,50.1,272.73,161.36,1,1,2025-10-01 13:19:54,19.6,82.3,,1,0,,0
2025-10-01 13:20:39,207.17,0.3153,243.44,0.4579,1.3737,236,247.74,246.58,419.6,425.4,419.91,421.66,1.3737,0.0,0.0,0.3153,0.0,0.0,0.0732,0.0732,0,0,0.3242,0.3242,0,0,0.974,0.974,1,1,50.2,272.76,161.38,0,1,2025-10-01 13:20:39,19.1,80.6,,0,0,,1
2025-10-01 13:21:24,207.18,0.3171,243.49,0.4582,1.3748,236.37,247.59,246.51,419.91,424.7,420.52,421.73,1.3748,0.0,0.0,0.3159,0.0,0.0,0.074,0.074,0,0,0.325,0.325,0,0,0.9738,0.9736,1,1,50.1,272.76,161.38,0,1,2025-10-01 13:21:24,19.0,82.1,,0,0,,1
2025-10-01 13:22:09,207.18,0.3171,243.52,0.4587,1.3763,236.17,247.77,246.63,419.45,425.81,420.1,421.84,1.3763,0.0,0.0,0.316,0.0,0.0,0.0736,0.0736,0,0,0.325,0.325,0,0,0.974,0.9739,1,1,50.1,272.77,161.38,0,1,2025-10-01 13:22:09,19.0,83.8,,0,0,,1
2025-10-01 13:22:54,207.18,0.3154,243.54,0.5007,1.5023,236.17,247.83,246.63,419.62,425.77,420.07,421.94,1.3735,0.0558,0.073,0.3154,0.0,0.0,0.0735,0.0735,0,0,0.3562,0.3244,0.0138,0.018,0.9739,0.9739,1,1,50.2,272.77,161.38,1,1,2025-10-01 13:22:54,19.0,85.3,,0,0,,1
2025-10-01 13:23:39,207.19,0.316,242.9,0.4577,1.3732,235.71,247.24,245.75,418.47,423.88,419.73,420.67,1.3732,0.0,0.0,0.3148,0.0,0.0,0.0728,0.0728,0,0,0.3237,0.3237,0,0,0.9744,0.9742,1,1,50.2,272.78,161.38,0,1,2025-10-01 13:23:39,19.0,86.5,,0,0,,1
2025-10-01 13:24:24,207.19,0.3111,242.21,0.4546,1.3638,234.38,246.68,245.59,416.66,423.79,418.11,420.37,1.3638,0.0,0.0,0.3111,0.0,0.0,0.0714,0.0714,0,0,0.3196,0.3196,0,0,0.9746,0.9746,1,1,50.2,272.78,161.39,0,1,2025-10-01 13:24:24,19.0,87.5,,0,0,,1
2025-10-01 13:25:09,207.19,0.3118,241.96,0.4561,1.3683,234,246.72,245.16,416.69,422.58,417.9,419.06,1.3683,0.0,0.0,0.3118,0.0,0.0,0.0707,0.0707,0,0,0.3202,0.3202,0,0,0.9752,0.9752,1,1,50.2,272.79,161.39,0,1,2025-10-01 13:25:09,19.1,88.3,,0,0,,1
2025-10-01 13:25:54,207.2,0.3117,241.75,0.4563,1.369,233.82,246.49,244.96,416.73,421.86,417.51,419.14,1.369,0.0,0.0,0.3117,0.0,0.0,0.0708,0.0708,0,0,0.3201,0.3201,0,0,0.9751,0.9751,1,1,50.1,272.79,161.39,0,1,2025-10-01 13:25:54,19.5,89.1,,0,0,,1
2025-10-01 13:26:39,207.2,0.3128,242.22,0.457,1.3711,234.34,246.95,245.39,417.01,423.29,418.28,419.53,1.3711,0.0,0.0,0.3128,0.0,0.0,0.0712,0.0712,0,0,0.3213,0.3213,0,0,0.975,0.975,1,1,50.1,272.79,161.39,0,1,2025-10-01 13:26:39,19.5,89.6,,0,0,,1
2025-10-01 13:27:24,207.21,0.3161,243.05,0.4578,1.3734,235.97,247.32,245.87,419,423.8,420.06,420.96,1.3734,0.0,0.0,0.3151,0.0,0.0,0.0737,0.0737,0,0,0.3241,0.3241,0,0,0.9739,0.9737,1,1,50.1,272.8,161.39,0,1,2025-10-01 13:27:24,19.6,90.1,,0,0,,1
2025-10-01 13:28:09,207.21,0.3171,243.93,0.4581,1.3743,236.64,248.1,247.07,420.68,425.72,421.07,422.42,1.3743,0.0,0.0,0.316,0.0,0.0,0.0745,0.0745,0,0,0.3252,0.3252,0,0,0.9735,0.9733,1,1,50.2,272.8,161.39,0,1,2025-10-01 13:28:09,19.6,90.5,,0,0,,1
2025-10-01 13:28:54,207.21,0.3177,243.7,0.4586,1.376,236.65,247.63,246.83,419.86,425.04,421.34,422.1,1.376,0.0,0.0,0.3164,0.0,0.0,0.0745,0.0745,0,0,0.3256,0.3256,0,0,0.9736,0.9734,1,1,50.1,272.81,161.39,0,1,2025-10-01 13:28:54,19.6,90.9,,0,0,,1
2025-10-01 13:29:39,207.22,0.3174,243.62,0.4582,1.3747,236.52,247.54,246.82,420,424.33,421.48,421.95,1.3747,0.0,0.0,0.316,0.0,0.0,0.0743,0.0743,0,0,0.3251,0.3251,0,0,0.9736,0.9734,1,1,50.1,272.81,161.39,0,1,2025-10-01 13:29:39,19.7,91.2,,0,0,,1
2025-10-01 13:30:24,207.22,0.3173,243.76,0.4584,1.3753,236.6,247.81,246.87,420.03,425.39,421.12,422.2,1.3753,0.0,0.0,0.3162,0.0,0.0,0.0745,0.0745,0,0,0.3254,0.3254,0,0,0.9735,0.9733,1,1,50.1,272.81,161.39,0,1,2025-10-01 13:30:24,19.7,91.4,,0,0,,1
2025-10-01 13:31:09,207.23,0.3141,243.15,0.4565,1.3696,236.01,247.45,246.01,419.15,424.09,420.15,421.24,1.3696,0.0,0.0,0.3141,0.0,0.0,0.0739,0.0739,0,0,0.3232,0.3232,0,0,0.9733,0.9733,1,1,50.1,272.82,161.39,0,1,2025-10-01 13:31:09,19.7,91.8,,0,0,,1
2025-10-01 13:31:54,207.24,4.2053,242.11,7.9965,23.9897,234.64,246.32,245.38,416.75,422.83,418.42,419.32,8.9994,7.6609,7.3294,1.6919,1.3557,1.1577,3.9402,1.2589,1.307,1.3744,5.7971,2.1116,1.887,1.7985,0.7297,0.8022,0.7199,0.6442,50.1,272.84,161.41,1,1,2025-10-01 13:31:54,19.8,92.1,,1,0,,0
2025-10-01 13:32:39,207.3,4.3663,241.87,8.1462,24.4386,234.39,246.03,245.19,416.58,421.88,418.24,418.96,9.1626,7.7902,7.4858,1.7397,1.409,1.2176,3.9212,1.2552,1.2943,1.3717,5.8997,2.1476,1.9166,1.8354,0.744,0.8109,0.7364,0.6638,50,272.91,161.46,1,1,2025-10-01 13:32:39,19.7,89.3,,1,0,,0
2025-10-01 13:33:24,207.35,4.3664,241.71,8.1382,24.4148,234.38,245.7,245.06,415.98,421.71,418.2,418.65,9.185,7.7432,7.4866,1.7415,1.3993,1.2256,3.9082,1.261,1.2837,1.3635,5.89,2.1528,1.9025,1.8347,0.7451,0.8099,0.7368,0.6684,50,272.99,161.51,1,1,2025-10-01 13:33:24,19.7,85,,1,0,,0
2025-10-01 13:34:09,207.41,4.364,241.48,8.1337,24.4011,233.95,245.63,244.86,415.31,421.82,417.57,418.25,9.1316,7.7754,7.4941,1.7321,1.4116,1.2204,3.8957,1.246,1.2812,1.3685,5.8812,2.1363,1.9099,1.835,0.746,0.8117,0.7404,0.6655,50,273.07,161.56,1,1,2025-10-01 13:34:09,19.5,81.8,,1,0,,0
2025-10-01 13:34:54,207.42,0.3112,241.81,0.4558,1.3674,233.93,246.35,245.16,415.89,422.26,418.25,418.83,1.3674,0.0,0.0,0.3112,0.0,0.0,0.0718,0.0718,0,0,0.3199,0.3199,0,0,0.9744,0.9744,1,1,50,273.08,161.57,0,1,2025-10-01 13:34:54,19.0,80.5,,0,0,,1
2025-10-01 13:35:39,207.43,0.3133,242.87,0.457,1.3712,234.91,247.15,246.56,418.24,424.24,419.45,420.65,1.3712,0.0,0.0,0.3133,0.0,0.0,0.0727,0.0727,0,0,0.3221,0.3221,0,0,0.974,0.974,1,1,50,273.09,161.57,0,1,2025-10-01 13:35:39,19.0,82.2,,0,0,,1
2025-10-01 13:36:24,207.43,0.3132,242.61,0.4567,1.3702,235.12,247.26,245.45,418.34,423.42,418.8,420.21,1.3702,0.0,0.0,0.3132,0.0,0.0,0.0733,0.0733,0,0,0.3222,0.3222,0,0,0.9737,0.9737,1,1,50,273.09,161.57,0,1,2025-10-01 13:36:24,19.0,83.9,,0,0,,1
2025-10-01 13:37:09,207.43,0.3144,242.64,0.4569,1.3707,235.19,247.26,245.47,417.74,423.68,419.29,420.22,1.3707,0.0,0.0,0.3134,0.0,0.0,0.0734,0.0734,0,0,0.3224,0.3224,0,0,0.9738,0.9736,1,1,50,273.09,161.57,0,1,2025-10-01 13:37:09,19.0,85.5,,0,0,,1
2025-10-01 13:37:54,207.44,0.3161,242.67,0.4576,1.3728,236.04,247.07,244.91,418.33,423.63,418.95,420.24,1.3728,0.0,0.0,0.3148,0.0,0.0,0.0745,0.0745,0,0,0.324,0.324,0,0,0.9733,0.973,1,1,50,273.1,161.57,0,1,2025-10-01 13:37:54,19.0,86.8,,0,0,,1
2025-10-01 13:38:39,207.44,0.3153,242.98,0.4568,1.3706,235.95,247,246.01,418.98,423.77,419.78,420.79,1.3706,0.0,0.0,0.314,0.0,0.0,0.0751,0.0751,0,0,0.3234,0.3234,0,0,0.9727,0.9725,1,1,50,273.1,161.57,0,1,2025-10-01 13:38:39,19.0,87.8,,0,0,,1
2025-10-01 13:39:24,207.45,0.3146,243.05,0.4574,1.3724,236.05,247.07,246.05,418.61,424.43,419.87,420.95,1.3724,0.0,0.0,0.3146,0.0,0.0,0.0748,0.0748,0,0,0.324,0.324,0,0,0.9728,0.9728,1,1,50,273.11,161.57,0,1,2025-10-01 13:39:24,19.1,88.6,,0,0,,1
2025-10-01 13:40:09,207.45,0.316,242.98,0.4578,1.3734,235.96,246.98,246.02,418.91,423.88,419.74,420.83,1.3734,0.0,0.0,0.3148,0.0,0.0,0.0746,0.0746,0,0,0.3241,0.3241,0,0,0.9732,0.973,1,1,50,273.11,161.57,0,1,2025-10-01 13:40:09,19.5,89.4,,0,0,,1
2025-10-01 13:40:54,207.45,0.3158,243.35,0.4571,1.3715,236.38,247.33,246.34,419.42,424.49,420.5,421.47,1.3715,0.0,0.0,0.3147,0.0,0.0,0.0753,0.0753,0,0,0.3242,0.3242,0,0,0.9727,0.9725,1,1,50,273.12,161.57,0,1,2025-10-01 13:40:54,19.5,90,,0,0,,1
2025-10-01 13:41:39,207.46,0.3158,243.06,0.4572,1.3716,236.33,246.8,246.07,418.74,424.09,420.13,421.06,1.3716,0.0,0.0,0.3148,0.0,0.0,0.0751,0.0751,0,0,0.3242,0.3242,0,0,0.9728,0.9726,1,1,50,273.12,161.58,0,1,2025-10-01 13:41:39,19.6,90.5,,0,0,,1
2025-10-01 13:42:24,207.46,0.3173,243.57,0.4582,1.3746,236.79,247.01,246.91,419.38,424.89,421.29,421.88,1.3746,0.0,0.0,0.316,0.0,0.0,0.0757,0.0757,0,0,0.3255,0.3255,0,0,0.9727,0.9724,1,1,50,273.12,161.58,0,1,2025-10-01 13:42:24,19.6,91,,0,0,,1
2025-10-01 13:43:09,207.47,0.3156,243.35,0.4582,1.3746,236.38,247.01,246.67,419.17,424.41,420.85,421.47,1.3746,0.0,0.0,0.3156,0.0,0.0,0.075,0.075,0,0,0.3249,0.3249,0,0,0.9729,0.9729,1,1,50,273.13,161.58,0,1,2025-10-01 13:43:09,19.7,91.4,,0,0,,1
2025-10-01 13:43:54,207.47,0.3145,243.34,0.4568,1.3705,236.35,247.05,246.62,419.09,424.77,420.51,421.45,1.3705,0.0,0.0,0.3145,0.0,0.0,0.0753,0.0753,0,0,0.3239,0.3239,0,0,0.9725,0.9725,1,1,50,273.13,161.58,0,1,2025-10-01 13:43:54,19.7,91.8,,0,0,,1
2025-10-01 13:44:39,207.48,4.163,241.71,7.9664,23.8992,233.62,245.86,245.67,416,422.24,417.67,418.64,8.9563,7.6249,7.318,1.6694,1.3469,1.1467,3.9384,1.2569,1.2986,1.3829,5.7648,2.0924,1.8747,1.7978,0.7264,0.7988,0.7198,0.6383,50,273.14,161.58,1,1,2025-10-01 13:44:39,19.7,92.1,,1,0,,0
2025-10-01 13:46:09,207.59,4.3985,241.23,8.1637,24.4912,233.36,245.41,244.94,415,421.2,417.21,417.77,9.1962,7.7766,7.5184,1.7439,1.4181,1.2365,3.8819,1.2465,1.2722,1.3631,5.896,2.146,1.9085,1.8416,0.7497,0.8135,0.7443,0.6718,50,273.29,161.68,1,1,2025-10-01 13:46:09,19.7,86,,1,0,,0
2025-10-01 13:46:54,207.64,4.3276,241.81,8.1057,24.317100000000003,234.62,245.68,245.14,416.59,421.45,418.36,418.76,9.1278,7.7526,7.4367,1.7299,1.3927,1.205,3.918,1.2579,1.294,1.3661,5.8693,2.1416,1.9047,1.823,0.7413,0.8087,0.7325,0.6614,50,273.36,161.73,1,1,2025-10-01 13:46:54,19.6,82,,1,0,,0
2025-10-01 13:47:39,207.67,0.3165,242.69,0.4587,1.3761,236.02,246.27,245.78,417.74,423.5,419.76,420.37,1.3761,0.0,0.0,0.3155,0.0,0.0,0.0746,0.0746,0,0,0.3248,0.3248,0,0,0.9733,0.9731,1,1,50,273.4,161.75,0,1,2025-10-01 13:47:39,19.0,80.3,,0,0,,1
2025-10-01 13:48:24,207.67,0.3162,242.45,0.4582,1.3747,236.08,245.29,245.99,417.47,422.53,419.76,419.98,1.3747,0.0,0.0,0.3152,0.0,0.0,0.0748,0.0748,0,0,0.3245,0.3245,0,0,0.9731,0.973,1,1,50,273.4,161.75,0,1,2025-10-01 13:48:24,19.0,81.7,,0,0,,1
2025-10-01 13:49:09,207.67,0.3155,242.73,0.4569,1.3707,236.25,245.89,246.06,418.35,423.45,419.43,420.45,1.3707,0.0,0.0,0.3143,0.0,0.0,0.0754,0.0754,0,0,0.3238,0.3238,0,0,0.9726,0.9724,1,1,50,273.4,161.75,0,1,2025-10-01 13:49:09,18.9,83.4,,0,0,,1
2025-10-01 13:49:54,207.68,0.315,243.45,0.4575,1.3726,236.45,247.23,246.68,419.43,425.17,420.38,421.69,1.3726,0.0,0.0,0.315,0.0,0.0,0.0758,0.0758,0,0,0.3246,0.3246,0,0,0.9722,0.9722,1,1,50,273.41,161.75,0,1,2025-10-01 13:49:54,18.9,84.8,,0,0,,1
2025-10-01 13:50:39,207.68,0.3155,243.35,0.457,1.371,236.34,247.05,246.66,419.68,424.31,420.42,421.45,1.371,0.0,0.0,0.3144,0.0,0.0,0.0758,0.0758,0,0,0.324,0.324,0,0,0.9722,0.9721,1,1,49.9,273.41,161.75,0,1,2025-10-01 13:50:39,19.0,86.2,,0,0,,1
2025-10-01 13:51:24,207.69,0.3166,243.58,0.4578,1.3734,236.5,247.42,246.83,420.03,425.18,420.44,421.85,1.3734,0.0,0.0,0.3153,0.0,0.0,0.0757,0.0757,0,0,0.3248,0.3248,0,0,0.9725,0.9723,1,1,50,273.42,161.75,0,1,2025-10-01 13:51:24,19.0,87.2,,0,0,,1
2025-10-01 13:52:09,207.69,0.3156,242.9,0.457,1.3711,235.91,246.86,245.94,418.52,424.4,419.21,420.66,1.3711,0.0,0.0,0.3141,0.0,0.0,0.0748,0.0748,0,0,0.3235,0.3235,0,0,0.973,0.9728,1,1,50,273.42,161.76,0,1,2025-10-01 13:52:09,19.1,88,,0,0,,1
2025-10-01 13:52:54,207.69,0.3155,243.08,0.457,1.3712,236.17,246.98,246.11,418.82,424.59,419.67,421.12,1.3712,0.0,0.0,0.3145,0.0,0.0,0.0749,0.0749,0,0,0.3238,0.3238,0,0,0.9729,0.9727,1,1,50,273.42,161.76,0,1,2025-10-01 13:52:54,19.5,88.7,,0,0,,1
2025-10-01 13:53:39,207.7,0.3163,243.14,0.4577,1.3731,236.17,247.06,246.2,418.95,424.42,419.99,421.18,1.3731,0.0,0.0,0.3149,0.0,0.0,0.0749,0.0749,0,0,0.3243,0.3243,0,0,0.9731,0.9728,1,1,50,273.43,161.76,0,1,2025-10-01 13:53:39,19.5,89.4,,0,0,,1
2025-10-01 13:54:24,207.7,0.3165,243.32,0.4578,1.3735,236.48,247.13,246.36,419.09,424.71,420.48,421.36,1.3735,0.0,0.0,0.3153,0.0,0.0,0.0754,0.0754,0,0,0.3248,0.3248,0,0,0.9727,0.9725,1,1,50,273.43,161.76,0,1,2025-10-01 13:54:24,19.6,90,,0,0,,1
2025-10-01 13:55:09,207.71,0.3137,242.81,0.4573,1.3719,235.17,247.1,246.17,418,424.05,419.57,420.42,1.3719,0.0,0.0,0.3137,0.0,0.0,0.0731,0.0731,0,0,0.3226,0.3226,0,0,0.9738,0.9738,1,1,50,273.44,161.76,0,1,2025-10-01 13:55:09,19.6,90.4,,0,0,,1
2025-10-01 13:55:54,207.71,0.3147,242.63,0.4568,1.3706,235.06,246.87,245.97,417.89,423.37,419.41,420.15,1.3706,0.0,0.0,0.3132,0.0,0.0,0.0732,0.0732,0,0,0.3222,0.3222,0,0,0.9739,0.9737,1,1,50,273.44,161.76,0,1,2025-10-01 13:55:54,19.6,90.9,,0,0,,1
2025-10-01 13:56:39,207.71,0.3145,242.47,0.4568,1.3704,234.89,246.77,245.77,417.77,422.95,419.12,419.91,1.3704,0.0,0.0,0.313,0.0,0.0,0.0731,0.0731,0,0,0.3219,0.3219,0,0,0.974,0.9737,1,1,50,273.44,161.76,0,1,2025-10-01 13:56:39,19.7,91.2,,0,0,,1
2025-10-01 13:57:24,207.72,0.3143,243.14,0.4566,1.37,235.23,247.46,246.74,418.55,425.26,419.56,421.02,1.37,0.0,0.0,0.3132,0.0,0.0,0.0737,0.0737,0,0,0.3223,0.3223,0,0,0.9736,0.9734,1,1,50,273.45,161.76,0,1,2025-10-01 13:57:24,19.7,91.5,,0,0,,1
2025-10-01 13:58:09,207.72,0.3162,244.12,0.4572,1.3717,236.81,248.15,247.41,420.69,426.53,421.24,422.81,1.3717,0.0,0.0,0.3152,0.0,0.0,0.076,0.076,0,0,0.3248,0.3248,0,0,0.9723,0.9721,1,1,50,273.45,161.76,0,1,2025-10-01 13:58:09,19.7,91.9,,0,0,,1
2025-10-01 13:58:54,207.75,4.3716,243.09,8.2078,24.6234,235.53,247.06,246.69,418.22,425.25,419.66,421.04,9.2052,7.9062,7.512,1.7461,1.4187,1.2067,4.0223,1.2805,1.3373,1.4045,5.9745,2.1681,1.9533,1.8531,0.7358,0.8064,0.7276,0.6516,50,273.49,161.79,1,1,2025-10-01 13:58:54,19.8,91.8,,1,0,,0
2025-10-01 13:59:39,207.81,4.4081,242.5,8.2127,24.6381,235.08,246.66,245.77,417.69,423.49,418.84,419.87,9.2192,7.8851,7.5338,1.7561,1.428,1.2239,3.9673,1.2652,1.3149,1.3872,5.9638,2.1672,1.9449,1.8516,0.7432,0.8113,0.7356,0.6615,50,273.57,161.84,1,1,2025-10-01 13:59:39,19.7,88.2,,1,0,,0
2025-10-01 14:00:24,207.86,4.3812,242.65,8.1803,24.541,235.22,246.71,246.02,417.79,423.62,419.36,420.22,9.1942,7.8497,7.4971,1.7492,1.4164,1.2156,3.9683,1.2674,1.3156,1.3852,5.9437,2.1627,1.9366,1.8444,0.7411,0.8097,0.7326,0.6595,50,273.64,161.89,1,1,2025-10-01 14:00:24,19.6,84,,1,0,,0
2025-10-01 14:01:09,207.91,4.3989,242.58,8.1825,24.5477,235.48,246.82,245.45,417.57,423.73,419.15,420.29,9.2275,7.8221,7.4981,1.7609,1.4136,1.2244,3.951,1.2687,1.3099,1.3723,5.944,2.1729,1.9307,1.8404,0.7439,0.8113,0.7334,0.6657,50.1,273.72,161.94,1,1,2025-10-01 14:01:09,19.5,80.9,,1,0,,0
2025-10-01 14:01:54,207.92,0.3176,243.66,0.4588,1.3764,236.54,247.9,246.56,419.82,424.98,421.24,422.1,1.3764,0.0,0.0,0.3164,0.0,0.0,0.0744,0.0744,0,0,0.3256,0.3256,0,0,0.9736,0.9734,1,1,50.1,273.73,161.94,0,1,2025-10-01 14:01:54,19.0,80.6,,0,0,,1
2025-10-01 14:02:39,207.93,0.3178,243.77,0.4588,1.3765,236.58,248.11,246.64,419.95,425.64,421.05,422.22,1.3765,0.0,0.0,0.3165,0.0,0.0,0.0743,0.0743,0,0,0.3257,0.3257,0,0,0.9737,0.9734,1,1,50.1,273.73,161.94,0,1,2025-10-01 14:02:39,19.0,82.4,,0,0,,1
2025-10-01 14:03:24,207.93,0.3162,243.61,0.4581,1.3744,236.88,247.29,246.67,419.43,425.52,420.87,421.95,1.3744,0.0,0.0,0.3162,0.0,0.0,0.0752,0.0752,0,0,0.3256,0.3256,0,0,0.9728,0.9728,1,1,50.1,273.73,161.94,0,1,2025-10-01 14:03:24,19.0,84,,0,0,,1
2025-10-01 14:04:09,207.93,0.3173,243.79,0.4584,1.3752,236.61,248.15,246.63,420.37,425.73,420.66,422.26,1.3752,0.0,0.0,0.3161,0.0,0.0,0.0747,0.0747,0,0,0.3254,0.3254,0,0,0.9733,0.9731,1,1,50,273.74,161.94,0,1,2025-10-01 14:04:09,18.9,85.4,,0,0,,1
2025-10-01 14:04:54,207.94,0.3191,244.53,0.4596,1.3788,237.25,248.79,247.55,421.33,427.45,421.81,423.54,1.3788,0.0,0.0,0.3177,0.0,0.0,0.0754,0.0754,0,0,0.3271,0.3271,0,0,0.9732,0.9729,1,1,50.1,273.74,161.95,0,1,2025-10-01 14:04:54,19.0,86.7,,0,0,,1
2025-10-01 14:05:39,207.94,0.3142,243.71,0.4572,1.3717,235.63,248.33,247.17,419.47,426.41,420.43,422.04,1.3717,0.0,0.0,0.3142,0.0,0.0,0.0737,0.0737,0,0,0.3232,0.3232,0,0,0.9735,0.9735,1,1,50.1,273.75,161.95,0,1,2025-10-01 14:05:39,19.0,87.6,,0,0,,1
2025-10-01 14:06:24,207.95,0.3172,243.94,0.4588,1.3766,236.08,248.34,247.4,420.2,426.11,421.17,422.52,1.3766,0.0,0.0,0.3159,0.0,0.0,0.0738,0.0738,0,0,0.325,0.325,0,0,0.9739,0.9737,1,1,50.1,273.75,161.95,0,1,2025-10-01 14:06:24,19.1,88.5,,0,0,,1
2025-10-01 14:07:09,207.95,0.3153,243.19,0.4572,1.3717,235.51,247.89,246.17,418.98,425.08,419.54,422.4,1.3717,0.0,0.0,0.3141,0.0,0.0,0.0732,0.0732,0,0,0.323,0.323,0,0,0.9741,0.9739,1,1,50.1,273.75,161.95,0,1,2025-10-01 14:07:09,19.5,89.3,,0,0,,1
2025-10-01 14:07:54,207.95,0.3147,243.04,0.457,1.371,235.31,247.63,246.2,418.35,424.88,419.63,420.97,1.371,0.0,0.0,0.3136,0.0,0.0,0.0734,0.0734,0,0,0.3226,0.3226,0,0,0.9738,0.9736,1,1,50,273.76,161.95,0,1,2025-10-01 14:07:54,19.5,89.9,,0,0,,1
2025-10-01 14:08:39,207.96,0.3163,243.92,0.4584,1.3753,236.9,248.2,246.66,420.54,425.77,421.08,422.52,1.3753,0.0,0.0,0.3163,0.0,0.0,0.0756,0.0756,0,0,0.3258,0.3258,0,0,0.9725,0.9725,1,1,50,273.76,161.95,0,1,2025-10-01 14:08:39,19.6,90.4,,0,0,,1
2025-10-01 14:09:24,207.96,0.3167,243.77,0.4577,1.3731,236.85,247.95,246.52,419.95,425.9,420.8,422.31,1.3731,0.0,0.0,0.3156,0.0,0.0,0.0762,0.0762,0,0,0.3252,0.3252,0,0,0.9722,0.972,1,1,50,273.77,161.95,0,1,2025-10-01 14:09:24,19.6,90.9,,0,0,,1
2025-10-01 14:10:09,207.96,0.3172,243.77,0.4579,1.3737,236.98,247.87,246.47,420.14,425.32,421.16,422.18,1.3737,0.0,0.0,0.3159,0.0,0.0,0.0763,0.0763,0,0,0.3255,0.3255,0,0,0.9722,0.972,1,1,50,273.77,161.95,0,1,2025-10-01 14:10:09,19.7,91.4,,0,0,,1
2025-10-01 14:10:54,207.97,0.3153,243.66,0.4574,1.3722,236.79,247.79,246.4,419.55,426.04,420.49,422.03,1.3722,0.0,0.0,0.3153,0.0,0.0,0.076,0.076,0,0,0.3249,0.3249,0,0,0.9721,0.9721,1,1,50,273.77,161.95,0,1,2025-10-01 14:10:54,19.7,91.8,,0,0,,1
2025-10-01 14:11:39,207.97,0.3163,243.65,0.457,1.371,236.68,247.77,246.5,419.73,425.76,420.51,422.05,1.371,0.0,0.0,0.315,0.0,0.0,0.0756,0.0756,0,0,0.3245,0.3245,0,0,0.9726,0.9723,1,1,50,273.78,161.95,0,1,2025-10-01 14:11:39,19.7,92,,0,0,,1
2025-10-01 14:12:24,208.02,4.4618,242.25,8.2772,24.8316,233.42,246.63,246.7,416.06,424.57,418.11,419.5,9.234,7.9657,7.6319,1.751,1.4648,1.246,3.9668,1.2527,1.3042,1.4099,6.0028,2.1554,1.9646,1.8828,0.7473,0.8132,0.7468,0.6622,50,273.85,162,1,1,2025-10-01 14:12:24,19.8,90.5,,1,0,,0
2025-10-01 14:13:09,208.08,4.4236,242.49,8.2395,24.718600000000002,234.32,246.82,246.35,417.36,423.34,419.25,419.98,9.2293,7.886,7.6033,1.7475,1.4376,1.2384,3.9805,1.2697,1.3071,1.4038,5.9821,2.1626,1.9464,1.8731,0.7433,0.809,0.7399,0.6615,49.9,273.93,162.05,1,1,2025-10-01 14:13:09,19.7,86.4,,1,0,,0
2025-10-01 14:13:54,208.14,4.3384,242.63,8.1467,24.4403,234.51,246.85,246.54,417.37,423.53,419.76,420.31,9.1504,7.7671,7.5228,1.7218,1.4016,1.2151,3.9773,1.2759,1.3026,1.3988,5.9178,2.1459,1.9173,1.8547,0.7371,0.8034,0.7324,0.6557,50,274,162.1,1,1,2025-10-01 14:13:54,19.6,82.8,,1,0,,0
2025-10-01 14:14:39,208.17,0.3163,243.51,0.4583,1.3749,235.69,247.83,247.01,419.3,425.21,420.73,421.76,1.3749,0.0,0.0,0.3149,0.0,0.0,0.0742,0.0742,0,0,0.3241,0.3241,0,0,0.9735,0.9733,1,1,49.9,274.05,162.13,0,1,2025-10-01 14:14:39,19.1,80,,0,0,,1
2025-10-01 14:15:24,208.18,0.3131,243.03,0.4566,1.3699,235.3,247.61,246.18,418.83,424.06,419.84,420.89,1.3699,0.0,0.0,0.3131,0.0,0.0,0.0743,0.0743,0,0,0.3223,0.3223,0,0,0.9729,0.9729,1,1,49.9,274.05,162.14,0,1,2025-10-01 14:15:24,19.0,81,,0,0,,1
2025-10-01 14:16:09,208.18,0.3142,243.21,0.4561,1.3683,235.49,247.8,246.35,419.25,424.49,419.94,421.22,1.3683,0.0,0.0,0.3129,0.0,0.0,0.0746,0.0746,0,0,0.3222,0.3222,0,0,0.9729,0.9727,1,1,49.9,274.06,162.14,0,1,2025-10-01 14:16:09,18.9,82.9,,0,0,,1
2025-10-01 14:16:54,208.18,0.3152,243.42,0.4569,1.3707,235.78,247.87,246.63,418.93,425.43,420.47,421.59,1.3707,0.0,0.0,0.3139,0.0,0.0,0.0747,0.0747,0,0,0.3232,0.3232,0,0,0.973,0.9728,1,1,50,274.06,162.14,0,1,2025-10-01 14:16:54,19.0,84.8,,0,0,,1
2025-10-01 14:17:39,208.19,0.3176,244.25,0.4582,1.3747,237.35,248.33,247.08,420.98,426.55,421.6,423.01,1.3747,0.0,0.0,0.3165,0.0,0.0,0.077,0.077,0,0,0.3263,0.3263,0,0,0.9718,0.9716,1,1,50,274.07,162.14,0,1,2025-10-01 14:17:39,19.0,86.2,,0,0,,1
2025-10-01 14:18:24,208.19,0.3163,244.23,0.4581,1.3745,237.29,248.4,247.01,420.81,426.49,421.73,422.99,1.3745,0.0,0.0,0.3163,0.0,0.0,0.077,0.077,0,0,0.3262,0.3262,0,0,0.9716,0.9716,1,1,50,274.07,162.14,0,1,2025-10-01 14:18:24,19.0,87.3,,0,0,,1
2025-10-01 14:19:09,208.2,0.319,244.38,0.4597,1.3791,237.51,248.25,247.38,421.05,426.55,422.18,423.19,1.3791,0.0,0.0,0.3178,0.0,0.0,0.0766,0.0766,0,0,0.3276,0.3276,0,0,0.9723,0.9721,1,1,50,274.07,162.14,0,1,2025-10-01 14:19:09,19.1,88.3,,0,0,,1
2025-10-01 14:19:54,208.2,0.3181,244.87,0.4581,1.3745,237.84,248.65,248.12,421.86,427.72,422.76,424.24,1.3745,0.0,0.0,0.317,0.0,0.0,0.0774,0.0774,0,0,0.3269,0.3269,0,0,0.9716,0.9715,1,1,50,274.08,162.14,0,1,2025-10-01 14:19:54,19.5,89.2,,0,0,,1
2025-10-01 14:20:39,208.2,0.3182,244.81,0.4584,1.3752,237.77,248.6,248.06,421.73,427.54,422.76,423.95,1.3752,0.0,0.0,0.317,0.0,0.0,0.0774,0.0774,0,0,0.327,0.327,0,0,0.9716,0.9714,1,1,50,274.08,162.14,0,1,2025-10-01 14:20:39,19.5,89.9,,0,0,,1
2025-10-01 14:21:24,208.21,0.3186,244.68,0.4589,1.3768,237.71,248.36,247.98,421.5,426.79,423.06,423.75,1.3768,0.0,0.0,0.3175,0.0,0.0,0.0773,0.0773,0,0,0.3273,0.3273,0,0,0.9718,0.9717,1,1,50,274.09,162.14,0,1,2025-10-01 14:21:24,19.6,90.4,,0,0,,1
2025-10-01 14:22:09,208.21,0.3167,244.5,0.4591,1.3775,237.64,248.05,247.82,421.29,426.79,422.35,423.48,1.3775,0.0,0.0,0.3167,0.0,0.0,0.0774,0.0774,0,0,0.3273,0.3273,0,0,0.9713,0.9714,1,1,49.9,274.09,162.14,0,1,2025-10-01 14:22:09,19.6,90.8,,0,0,,1
2025-10-01 14:22:54,208.22,0.3158,243.77,0.4577,1.3732,237,247.07,247.25,419.79,425.77,421.09,422.21,1.3732,0.0,0.0,0.3158,0.0,0.0,0.0761,0.0761,0,0,0.3254,0.3254,0,0,0.9721,0.9719,1,1,49.9,274.09,162.14,0,1,2025-10-01 14:22:54,19.7,91.3,,0,0,,1
2025-10-01 14:23:39,208.22,0.3141,243.25,0.4569,1.3707,235.75,246.91,247.1,418.48,424.97,420.47,421.28,1.3707,0.0,0.0,0.3141,0.0,0.0,0.0744,0.0744,0,0,0.3231,0.3231,0,0,0.973,0.973,1,1,50,274.1,162.15,0,1,2025-10-01 14:23:39,19.7,91.6,,0,0,,1
2025-10-01 14:24:24,208.22,0.3145,243.29,0.4566,1.3699,235.37,247.74,246.77,418.82,424.96,420.33,421.44,1.3699,0.0,0.0,0.3133,0.0,0.0,0.0738,0.0738,0,0,0.3224,0.3224,0,0,0.9735,0.9733,1,1,50,274.1,162.15,0,1,2025-10-01 14:24:24,19.7,91.8,,0,0,,1
2025-10-01 14:25:09,208.25,4.3847,242.3,8.2035,24.6107,234.12,246.72,246.07,416.89,423.67,418.43,419.72,9.1956,7.8692,7.5459,1.7392,1.4261,1.2195,3.9747,1.2643,1.3123,1.3982,5.9512,2.1529,1.9415,1.8568,0.7408,0.8088,0.7358,0.6573,50,274.14,162.17,1,1,2025-10-01 14:25:09,19.8,91.7,,1,0,,0
2025-10-01 14:25:54,208.31,4.5587,242.27,8.3737,25.1211,234.09,246.67,246.05,417.09,422.79,418.88,419.51,9.3744,8.0253,7.7214,1.7915,1.4848,1.2824,3.967,1.2628,1.304,1.4001,6.0739,2.1945,1.9796,1.8999,0.7543,0.8173,0.7513,0.6754,50,274.22,162.22,1,1,2025-10-01 14:25:54,19.7,88.1,,1,0,,0
2025-10-01 14:26:39,208.37,4.4503,242.93,8.2783,24.835100000000004,236.01,247.3,245.49,418.81,423.52,419.9,420.72,9.307,7.948,7.5801,1.7804,1.4362,1.2337,4.0092,1.2818,1.3365,1.3909,6.0229,2.1965,1.9655,1.8608,0.7429,0.8115,0.732,0.6635,49.9,274.3,162.27,1,1,2025-10-01 14:26:39,19.6,83.8,,1,0,,0
2025-10-01 14:27:24,208.41,0.3208,244.67,0.4614,1.3842,237.96,248.85,247.2,421.32,427.17,422.8,423.84,1.3842,0.0,0.0,0.3197,0.0,0.0,0.0769,0.0769,0,0,0.3294,0.3294,0,0,0.9724,0.9722,1,1,49.9,274.36,162.32,0,1,2025-10-01 14:27:24,19.5,80.7,,0,0,,1
2025-10-01 14:28:09,208.42,0.3184,244.84,0.4595,1.3787,238.25,248.97,247.3,422.19,426.92,423.05,424.11,1.3787,0.0,0.0,0.3184,0.0,0.0,0.078,0.078,0,0,0.3285,0.3285,0,0,0.9712,0.9712,1,1,49.9,274.37,162.32,0,1,2025-10-01 14:28:09,19.0,80.9,,0,0,,1
2025-10-01 14:28:54,208.42,0.3183,244.91,0.4585,1.3756,237.83,248.65,248.27,421.58,427.92,423.09,424.17,1.3756,0.0,0.0,0.3172,0.0,0.0,0.0777,0.0777,0,0,0.3272,0.3272,0,0,0.9715,0.9713,1,1,49.9,274.37,162.32,0,1,2025-10-01 14:28:54,19.0,82.4,,0,0,,1
2025-10-01 14:29:39,208.43,0.3176,244.91,0.4576,1.3729,237.89,248.62,248.23,422.03,427.32,423.19,424.25,1.3729,0.0,0.0,0.3164,0.0,0.0,0.0783,0.0783,0,0,0.3266,0.3266,0,0,0.9709,0.9707,1,1,49.9,274.37,162.32,0,1,2025-10-01 14:29:39,18.9,84.1,,0,0,,1
2025-10-01 14:30:24,208.43,0.3172,244.25,0.4578,1.3736,237.23,248.04,247.48,419.47,427.68,422,423.06,1.3736,0.0,0.0,0.3161,0.0,0.0,0.0767,0.0767,0,0,0.3259,0.3259,0,0,0.9719,0.9717,1,1,49.9,274.38,162.32,0,1,2025-10-01 14:30:24,19.0,85.9,,0,0,,1
2025-10-01 14:31:09,208.43,0.3166,244.32,0.4571,1.3713,237.03,248.48,247.46,420.78,427.01,421.72,423.17,1.3713,0.0,0.0,0.3152,0.0,0.0,0.0768,0.0768,0,0,0.325,0.325,0,0,0.9718,0.9716,1,1,49.9,274.38,162.32,0,1,2025-10-01 14:31:09,19.0,87.3,,0,0,,1
2025-10-01 14:31:54,208.44,0.3167,244.41,0.4573,1.3721,237.17,248.54,247.53,421.01,427.31,421.66,423.32,1.3721,0.0,0.0,0.3156,0.0,0.0,0.0768,0.0768,0,0,0.3254,0.3254,0,0,0.9718,0.9716,1,1,50,274.39,162.32,0,1,2025-10-01 14:31:54,19.1,88.3,,0,0,,1
2025-10-01 14:32:39,208.44,0.318,244.39,0.4586,1.3758,237.22,248.52,247.44,421.16,426.68,422.01,423.29,1.3758,0.0,0.0,0.3167,0.0,0.0,0.0765,0.0765,0,0,0.3264,0.3264,0,0,0.9722,0.972,1,1,50,274.39,162.32,0,1,2025-10-01 14:32:39,19.5,89.2,,0,0,,1
2025-10-01 14:33:24,208.45,0.3175,244.3,0.4581,1.3744,237.26,248.45,247.21,421.07,426.77,421.58,423.12,1.3744,0.0,0.0,0.3163,0.0,0.0,0.0767,0.0767,0,0,0.3261,0.3261,0,0,0.972,0.9718,1,1,49.9,274.4,162.32,0,1,2025-10-01 14:33:24,19.6,89.8,,0,0,,1
2025-10-01 14:34:09,208.45,0.3164,244.42,0.458,1.3742,237.39,248.44,247.43,421.17,426.51,422.3,423.23,1.3742,0.0,0.0,0.3164,0.0,0.0,0.0771,0.0771,0,0,0.3262,0.3262,0,0,0.9715,0.9715,1,1,49.9,274.4,162.33,0,1,2025-10-01 14:34:09,19.6,90.3,,0,0,,1
2025-10-01 14:34:54,208.45,0.3185,244.89,0.4587,1.3762,237.66,248.96,248.06,422.04,427.75,422.67,424.24,1.3762,0.0,0.0,0.3172,0.0,0.0,0.0773,0.0773,0,0,0.3271,0.3271,0,0,0.9718,0.9715,1,1,49.9,274.4,162.33,0,1,2025-10-01 14:34:54,19.6,90.7,,0,0,,1
2025-10-01 14:35:39,208.46,0.318,244.75,0.4582,1.3748,237.48,248.85,247.94,421.91,427.58,422.26,424.01,1.3748,0.0,0.0,0.3166,0.0,0.0,0.0774,0.0774,0,0,0.3265,0.3265,0,0,0.9716,0.9714,1,1,49.9,274.41,162.33,0,1,2025-10-01 14:35:39,19.7,91.1,,0,0,,1
2025-10-01 14:36:24,208.46,0.3181,244.58,0.4584,1.3754,237.61,248.49,247.66,421.59,427.1,422.18,423.63,1.3754,0.0,0.0,0.3168,0.0,0.0,0.0775,0.0775,0,0,0.3268,0.3268,0,0,0.9715,0.9713,1,1,49.9,274.41,162.33,0,1,2025-10-01 14:36:24,19.7,91.4,,0,0,,1
2025-10-01 14:37:09,208.47,0.3151,243.8,0.4571,1.3713,236.98,247.8,246.64,420.05,426.16,420.63,422.31,1.3713,0.0,0.0,0.3151,0.0,0.0,0.0771,0.0771,0,0,0.325,0.325,0,0,0.9713,0.9713,1,1,49.9,274.42,162.33,0,1,2025-10-01 14:37:09,19.8,91.7,,0,0,,1
2025-10-01 14:37:54,208.47,0.3149,243.74,0.4569,1.3709,236.89,247.71,246.62,420.13,425.84,420.5,422.15,1.3709,0.0,0.0,0.3149,0.0,0.0,0.0769,0.0769,0,0,0.3248,0.3248,0,0,0.9714,0.9714,1,1,49.9,274.42,162.33,0,1,2025-10-01 14:37:54,19.8,92,,0,0,,1
2025-10-01 14:38:39,208.47,0.3152,243.75,0.4573,1.372,236.92,247.7,246.63,420.09,425.94,420.51,422.11,1.372,0.0,0.0,0.3152,0.0,0.0,0.0768,0.0768,0,0,0.3251,0.3251,0,0,0.9715,0.9715,1,1,49.9,274.42,162.33,0,1,2025-10-01 14:38:39,19.8,92.2,,0,0,,1
2025-10-01 14:39:24,208.48,0.3165,243.86,0.4571,1.3715,236.96,247.82,246.8,420.02,426.09,420.99,422.43,1.3715,0.0,0.0,0.3152,0.0,0.0,0.0765,0.0765,0,0,0.325,0.325,0,0,0.9719,0.9717,1,1,49.9,274.43,162.33,0,1,2025-10-01 14:39:24,19.8,92.4,,0,0,,1
2025-10-01 14:40:09,208.48,0.3167,243.82,0.4573,1.3719,237.05,247.67,246.74,420.12,425.69,421.07,422.26,1.3719,0.0,0.0,0.3155,0.0,0.0,0.0766,0.0766,0,0,0.3252,0.3252,0,0,0.9719,0.9717,1,1,49.9,274.43,162.33,0,1,2025-10-01 14:40:09,20.3,92.6,,0,0,,1
2025-10-01 14:40:54,208.49,0.317,243.8,0.4579,1.3737,237.07,247.69,246.64,420.09,425.66,421.03,422.24,1.3737,0.0,0.0,0.3159,0.0,0.0,0.0767,0.0767,0,0,0.3257,0.3257,0,0,0.9719,0.9717,1,1,49.9,274.44,162.33,0,1,2025-10-01 14:40:54,20.3,92.8,,0,0,,1
2025-10-01 14:41:39,208.49,0.3163,243.84,0.4568,1.3704,236.98,247.91,246.65,419.87,426.17,420.99,422.31,1.3704,0.0,0.0,0.3149,0.0,0.0,0.077,0.077,0,0,0.3248,0.3248,0,0,0.9716,0.9713,1,1,49.9,274.44,162.33,0,1,2025-10-01 14:41:39,20.3,93,,0,0,,1
2025-10-01 14:42:24,208.49,0.3171,243.99,0.4575,1.3727,237.26,247.94,246.79,420.35,426.25,421.21,422.57,1.3727,0.0,0.0,0.3158,0.0,0.0,0.077,0.077,0,0,0.3257,0.3257,0,0,0.9717,0.9715,1,1,49.9,274.44,162.34,0,1,2025-10-01 14:42:24,20.3,93.1,,0,0,,1
2025-10-01 14:43:09,208.5,0.3178,244.81,0.4577,1.3732,237.81,248.74,247.88,421.61,427.88,422.55,423.97,1.3732,0.0,0.0,0.3165,0.0,0.0,0.0776,0.0776,0,0,0.3266,0.3266,0,0,0.9714,0.9712,1,1,49.9,274.45,162.34,0,1,2025-10-01 14:43:09,20.4,93.3,,0,0,,1
2025-10-01 14:43:54,208.5,0.3184,244.69,0.4581,1.3745,237.82,248.49,247.78,421.22,428.11,422.14,423.71,1.3745,0.0,0.0,0.3169,0.0,0.0,0.0776,0.0776,0,0,0.3269,0.3269,0,0,0.9715,0.9713,1,1,49.9,274.45,162.34,0,1,2025-10-01 14:43:54,20.4,93.4,,0,0,,1
2025-10-01 14:44:39,208.51,0.3169,244.8,0.458,1.374,237.93,248.75,247.72,421.48,428.09,422.42,424,1.374,0.0,0.0,0.3169,0.0,0.0,0.0779,0.0779,0,0,0.3269,0.3269,0,0,0.9711,0.9711,1,1,49.9,274.46,162.34,0,1,2025-10-01 14:44:39,20.4,93.6,,0,0,,1
2025-10-01 14:45:24,208.51,0.317,244.06,0.4572,1.3718,237.39,247.99,246.82,420.9,425.82,421.44,422.67,1.3718,0.0,0.0,0.3157,0.0,0.0,0.0772,0.0772,0,0,0.3257,0.3257,0,0,0.9716,0.9713,1,1,49.9,274.46,162.34,0,1,2025-10-01 14:45:24,20.4,93.8,,0,0,,1
2025-10-01 14:46:09,208.51,0.3154,244.04,0.4568,1.3706,237.24,248.24,246.65,420.35,426.67,421.04,422.71,1.3706,0.0,0.0,0.3154,0.0,0.0,0.0765,0.0765,0,0,0.3252,0.3252,0,0,0.9717,0.9717,1,1,49.9,274.46,162.34,0,1,2025-10-01 14:46:09,20.4,94.1,,0,0,,1
2025-10-01 14:46:54,208.52,0.3158,244.17,0.4572,1.3716,237.34,248.39,246.78,420.6,426.79,421.33,422.87,1.3716,0.0,0.0,0.3158,0.0,0.0,0.0765,0.0765,0,0,0.3255,0.3255,0,0,0.9719,0.9719,1,1,50,274.47,162.34,0,1,2025-10-01 14:46:54,20.5,94.2,,0,0,,1
2025-10-01 14:47:39,208.52,0.3163,244.24,0.4577,1.3732,237.39,248.45,246.89,421.12,426.53,421.44,423,1.3732,0.0,0.0,0.3163,0.0,0.0,0.0762,0.0762,0,0,0.326,0.326,0,0,0.9722,0.9722,1,1,50,274.47,162.34,0,1,2025-10-01 14:47:39,20.5,94.2,,0,0,,1
2025-10-01 14:48:24,208.53,0.3171,244.16,0.4575,1.3726,237.35,248.33,246.81,420.68,426.48,421.51,422.8,1.3726,0.0,0.0,0.3161,0.0,0.0,0.0764,0.0764,0,0,0.3258,0.3258,0,0,0.9722,0.972,1,1,50,274.48,162.34,0,1,2025-10-01 14:48:24,20.5,94.3,,0,0,,1
2025-10-01 14:49:09,208.53,0.3154,243.87,0.4572,1.3717,236.97,248.06,246.59,420.21,426.18,420.78,422.34,1.3717,0.0,0.0,0.3154,0.0,0.0,0.0759,0.0759,0,0,0.3251,0.3251,0,0,0.9722,0.9722,1,1,50,274.48,162.34,0,1,2025-10-01 14:49:09,20.6,94.4,,0,0,,1
2025-10-01 14:49:54,208.53,0.3147,243.7,0.4563,1.3689,236.88,247.9,246.34,419.75,425.98,420.58,422.22,1.3689,0.0,0.0,0.3147,0.0,0.0,0.076,0.076,0,0,0.3243,0.3243,0,0,0.972,0.972,1,1,49.9,274.49,162.35,0,1,2025-10-01 14:49:54,20.6,94.4,,0,0,,1
2025-10-01 14:50:39,208.54,0.3163,243.61,0.4568,1.3705,236.9,247.69,246.24,420.13,424.87,420.77,421.91,1.3705,0.0,0.0,0.3151,0.0,0.0,0.0761,0.0761,0,0,0.3247,0.3247,0,0,0.9722,0.972,1,1,49.9,274.49,162.35,0,1,2025-10-01 14:50:39,20.6,94.5,,0,0,,1
2025-10-01 14:51:24,208.54,0.317,244.14,0.4571,1.3714,237.25,248.05,247.14,420.77,426.08,421.72,422.8,1.3714,0.0,0.0,0.3156,0.0,0.0,0.0766,0.0766,0,0,0.3254,0.3254,0,0,0.972,0.9718,1,1,49.9,274.49,162.35,0,1,2025-10-01 14:51:24,20.6,94.5,,0,0,,1
2025-10-01 14:52:09,208.55,0.317,244.44,0.457,1.371,237.51,248.43,247.39,421.21,426.84,422.07,423.4,1.371,0.0,0.0,0.3158,0.0,0.0,0.077,0.077,0,0,0.3256,0.3256,0,0,0.9717,0.9715,1,1,49.9,274.5,162.35,0,1,2025-10-01 14:52:09,20.6,94.5,,0,0,,1
2025-10-01 14:52:54,208.55,0.317,244.48,0.4566,1.3698,237.5,248.58,247.37,421.15,427.33,421.87,423.39,1.3698,0.0,0.0,0.3154,0.0,0.0,0.0771,0.0771,0,0,0.3253,0.3253,0,0,0.9716,0.9714,1,1,49.9,274.5,162.35,0,1,2025-10-01 14:52:54,20.6,94.5,,0,0,,1
2025-10-01 14:53:39,208.55,0.3163,243.89,0.4564,1.3694,237.05,248.05,246.59,420.51,426.02,420.76,422.45,1.3694,0.0,0.0,0.315,0.0,0.0,0.0761,0.0761,0,0,0.3246,0.3246,0,0,0.9722,0.972,1,1,49.9,274.51,162.35,0,1,2025-10-01 14:53:39,21.1,94.5,,0,0,,1
2025-10-01 14:54:24,208.56,0.3153,243.96,0.4567,1.3702,237.2,248.06,246.63,420.74,425.62,421.26,422.55,1.3702,0.0,0.0,0.3153,0.0,0.0,0.0764,0.0764,0,0,0.325,0.325,0,0,0.9719,0.9719,1,1,49.9,274.51,162.35,0,1,2025-10-01 14:54:24,21.1,94.5,,0,0,,1
2025-10-01 14:55:09,208.56,0.3163,243.66,0.4575,1.3725,237.6,246.42,246.96,419.77,424.4,421.86,422.03,1.3725,0.0,0.0,0.3163,0.0,0.0,0.0767,0.0767,0,0,0.3261,0.3261,0,0,0.9718,0.9718,1,1,49.9,274.51,162.35,0,1,2025-10-01 14:55:09,21.1,94.5,,0,0,,1
2025-10-01 14:55:54,208.56,0.3171,243.9,0.457,1.3712,237.49,247.25,246.97,420.55,425.53,421.24,422.47,1.3712,0.0,0.0,0.3158,0.0,0.0,0.0767,0.0767,0,0,0.3256,0.3256,0,0,0.9719,0.9717,1,1,49.9,274.52,162.35,0,1,2025-10-01 14:55:54,21.1,94.6,,0,0,,1
2025-10-01 14:56:39,208.57,0.3158,244.28,0.4569,1.3709,237.55,248.37,246.94,420.16,427.06,422.1,423.12,1.3709,0.0,0.0,0.3158,0.0,0.0,0.0771,0.0771,0,0,0.3257,0.3257,0,0,0.9714,0.9714,1,1,49.9,274.52,162.35,0,1,2025-10-01 14:56:39,21.1,94.6,,0,0,,1
2025-10-01 14:57:24,208.57,0.3173,244.51,0.4566,1.37,237.91,248.51,247.12,421.5,426.62,422.36,423.46,1.37,0.0,0.0,0.316,0.0,0.0,0.0774,0.0774,0,0,0.3259,0.3259,0,0,0.9715,0.9713,1,1,49.9,274.53,162.35,0,1,2025-10-01 14:57:24,21.1,94.6,,0,0,,1
2025-10-01 14:58:09,208.58,0.3175,244.94,0.4568,1.3706,238.17,248.76,247.9,422,427.6,423.12,424.24,1.3706,0.0,0.0,0.3164,0.0,0.0,0.0778,0.0778,0,0,0.3264,0.3264,0,0,0.9712,0.971,1,1,49.9,274.53,162.36,0,1,2025-10-01 14:58:09,21.1,94.6,,0,0,,1
2025-10-01 14:58:54,208.58,0.3176,245.03,0.457,1.3711,238.25,248.93,247.93,422.34,427.83,423.03,424.43,1.3711,0.0,0.0,0.3165,0.0,0.0,0.0781,0.0781,0,0,0.3267,0.3267,0,0,0.971,0.9709,1,1,49.9,274.53,162.36,0,1,2025-10-01 14:58:54,21.1,94.5,,0,0,,1
2025-10-01 14:59:39,208.58,0.3173,245.16,0.4564,1.3693,238.31,249.08,248.11,422.13,428.65,423.12,424.57,1.3693,0.0,0.0,0.3161,0.0,0.0,0.0783,0.0783,0,0,0.3263,0.3263,0,0,0.9708,0.9706,1,1,49.9,274.54,162.36,0,1,2025-10-01 14:59:39,21.2,94.5,,0,0,,1
2025-10-01 15:00:24,208.59,0.3178,244.52,0.4568,1.3706,238.16,248.25,247.17,421.58,426.15,422.8,423.51,1.3706,0.0,0.0,0.3163,0.0,0.0,0.0778,0.0778,0,0,0.3264,0.3264,0,0,0.9712,0.971,1,1,49.9,274.54,162.36,0,1,2025-10-01 15:00:24,21.2,94.5,,0,0,,1
2025-10-01 15:01:09,208.59,0.3223,244.73,0.4595,1.3786,240.95,250.48,242.77,422.43,427.13,422.02,423.75,1.3786,0.0,0.0,0.3212,0.0,0.0,0.0816,0.0816,0,0,0.3322,0.3322,0,0,0.9694,0.9692,1,1,50,274.55,162.36,0,1,2025-10-01 15:01:09,21.2,94.5,,0,0,,1
2025-10-01 15:02:39,208.66,4.4072,243.36,8.2577,24.7733,238.83,249.7,241.57,420.38,424.06,420,421.48,9.3477,8.0104,7.4152,1.8265,1.4122,1.1685,4.0477,1.2798,1.412,1.3559,6.024,2.2325,2.0002,1.7913,0.7365,0.8189,0.7071,0.6528,50,274.63,162.42,1,1,2025-10-01 15:02:39,21.1,92.1,,1,0,,0
2025-10-01 15:03:24,208.71,4.3189,243.21,8.1685,24.505599999999998,238.91,249.32,241.41,419.41,424.24,419.99,421.14,9.263,7.9071,7.3355,1.7992,1.3762,1.1435,4.0423,1.2846,1.4071,1.3506,5.9553,2.213,1.9714,1.7709,0.73,0.8138,0.6992,0.6461,49.9,274.71,162.47,1,1,2025-10-01 15:03:24,20.6,87.7,,1,0,,0
2025-10-01 15:04:09,208.77,4.4621,243.26,8.3076,24.9229,238.78,249.54,241.48,419.77,424.28,419.88,421.24,9.4112,8.0357,7.476,1.8428,1.4268,1.1926,4.0397,1.2818,1.4043,1.3535,6.0577,2.2472,2.0052,1.8053,0.7413,0.8209,0.7126,0.661,50,274.79,162.52,1,1,2025-10-01 15:04:09,20.5,84.1,,1,0,,0
2025-10-01 15:04:54,208.82,4.4097,243.22,8.2505,24.7517,238.56,248.69,242.43,419.31,424.17,420.26,421.21,9.3444,7.9587,7.4486,1.8156,1.406,1.1881,4.0357,1.2892,1.3883,1.3582,6.0142,2.2292,1.9792,1.8058,0.7376,0.8153,0.7115,0.6584,50,274.86,162.57,1,1,2025-10-01 15:04:54,20.4,81.4,,1,0,,0
2025-10-01 15:05:39,208.88,4.3009,243.55,8.1507,24.4523,238.45,249.68,242.52,419.89,425.63,419.92,421.71,9.2027,7.9116,7.338,1.7811,1.3835,1.1363,4.0511,1.2778,1.4054,1.3679,5.9494,2.1944,1.9754,1.7796,0.7279,0.8125,0.7015,0.6389,50,274.94,162.62,1,1,2025-10-01 15:05:39,19.8,79.5,,1,0,,0
2025-10-01 15:06:24,208.93,4.3032,243.58,8.1459,24.4378,238.5,249.65,242.61,420.09,425.5,420.04,421.9,9.1985,7.8933,7.346,1.7794,1.3824,1.1414,4.0456,1.2791,1.3996,1.3669,5.9466,2.1938,1.9706,1.7822,0.7285,0.8119,0.7027,0.6409,50,275.01,162.67,1,1,2025-10-01 15:06:24,19.7,77.8,,1,0,,0
2025-10-01 15:07:09,208.97,0.3226,245.25,0.4616,1.3849,240.43,251.13,244.2,422.74,428.03,423.5,424.67,1.3849,0.0,0.0,0.3226,0.0,0.0,0.0797,0.0797,0,0,0.333,0.333,0,0,0.9708,0.9708,1,1,50,275.06,162.7,0,1,2025-10-01 15:07:09,19.5,76.4,,0,0,,1
2025-10-01 15:07:54,208.97,0.323,245.26,0.4605,1.3816,240.43,251.2,244.16,423.08,428.55,422.72,424.84,1.3816,0.0,0.0,0.3216,0.0,0.0,0.0803,0.0803,0,0,0.3322,0.3322,0,0,0.9704,0.9701,1,1,50,275.06,162.71,0,1,2025-10-01 15:07:54,19.1,78.1,,0,0,,1
2025-10-01 15:08:39,208.97,0.3233,245.32,0.4608,1.3826,240.56,251.16,244.25,423.59,427.94,423.12,424.84,1.3826,0.0,0.0,0.322,0.0,0.0,0.0805,0.0805,0,0,0.3326,0.3326,0,0,0.9703,0.9701,1,1,49.9,275.07,162.71,0,1,2025-10-01 15:08:39,19.0,80.8,,0,0,,1
2025-10-01 15:09:24,208.98,0.3224,245.43,0.4595,1.3787,240.57,251.36,244.37,423.71,428.31,423.21,425.1,1.3787,0.0,0.0,0.3209,0.0,0.0,0.0811,0.0811,0,0,0.3317,0.3317,0,0,0.9697,0.9694,1,1,49.9,275.07,162.71,0,1,2025-10-01 15:09:24,19.0,83,,0,0,,1
2025-10-01 15:10:09,208.98,0.3215,244.76,0.4598,1.3795,240.05,250.79,243.45,422.65,426.87,422.21,423.85,1.3795,0.0,0.0,0.3205,0.0,0.0,0.0805,0.0805,0,0,0.3311,0.3311,0,0,0.97,0.9698,1,1,49.9,275.08,162.71,0,1,2025-10-01 15:10:09,19.1,84.6,,0,0,,1
2025-10-01 15:10:54,208.99,0.3202,244.57,0.4581,1.3745,239.77,250.65,243.29,422.13,426.58,422.01,423.58,1.3745,0.0,0.0,0.3189,0.0,0.0,0.0804,0.0804,0,0,0.3296,0.3296,0,0,0.9699,0.9696,1,1,49.9,275.08,162.71,0,1,2025-10-01 15:10:54,19.5,85.9,,0,0,,1
2025-10-01 15:11:39,208.99,0.3192,244.56,0.4585,1.3755,239.8,250.66,243.24,422.01,426.8,421.9,423.63,1.3755,0.0,0.0,0.3192,0.0,0.0,0.0804,0.0804,0,0,0.3298,0.3298,0,0,0.9696,0.9696,1,1,49.9,275.08,162.71,0,1,2025-10-01 15:11:39,19.6,87,,0,0,,1
2025-10-01 15:12:24,208.99,0.3218,244.49,0.4601,1.3805,239.74,250.56,243.19,419.93,430.79,419.65,423.28,1.3805,0.0,0.0,0.3205,0.0,0.0,0.0797,0.0797,0,0,0.331,0.331,0,0,0.9706,0.9704,1,1,49.9,275.09,162.71,0,1,2025-10-01 15:12:24,19.6,87.9,,0,0,,1
2025-10-01 15:13:09,209,0.3212,244.59,0.4593,1.3781,239.86,250.62,243.29,421.65,427.39,421.79,423.58,1.3781,0.0,0.0,0.3199,0.0,0.0,0.0804,0.0804,0,0,0.3306,0.3306,0,0,0.97,0.9698,1,1,49.9,275.09,162.71,0,1,2025-10-01 15:13:09,19.7,88.7,,0,0,,1
2025-10-01 15:13:54,209,0.3237,245.29,0.4608,1.3825,241.27,251,243.6,423.81,427.56,423.11,424.82,1.3825,0.0,0.0,0.3224,0.0,0.0,0.0827,0.0827,0,0,0.3336,0.3336,0,0,0.9688,0.9686,1,1,49.9,275.1,162.71,0,1,2025-10-01 15:13:54,19.7,89.3,,0,0,,1
2025-10-01 15:14:39,209.01,0.3226,245.25,0.4608,1.3824,241.45,250.79,243.52,423.38,427.98,422.94,424.7,1.3824,0.0,0.0,0.3226,0.0,0.0,0.0825,0.0825,0,0,0.3338,0.3338,0,0,0.9688,0.9688,1,1,49.9,275.1,162.71,0,1,2025-10-01 15:14:39,19.8,90,,0,0,,1
2025-10-01 15:15:24,209.04,4.1907,244.38,8.0846,24.2538,240.23,249.91,243.01,421.73,426.41,421.63,423.25,9.147,7.8443,7.2625,1.7584,1.332,1.1002,4.1247,1.3133,1.4333,1.378,5.9226,2.1974,1.9604,1.7649,0.7126,0.8012,0.6807,0.6239,50,275.15,162.75,1,1,2025-10-01 15:15:24,19.8,89.7,,1,0,,0
2025-10-01 15:16:09,209.09,4.2047,244.44,8.0867,24.260199999999998,240.26,249.91,243.16,421.94,426.14,422,423.31,9.1444,7.8298,7.286,1.7583,1.3359,1.1104,4.1169,1.3131,1.425,1.3787,5.9254,2.197,1.9567,1.7717,0.7145,0.8012,0.6839,0.6272,50,275.23,162.8,1,1,2025-10-01 15:16:09,19.8,86.5,,1,0,,0
2025-10-01 15:16:54,209.14,3.8253,244.51,7.7328,23.1986,240.39,249.86,243.28,421.6,426.72,422.1,423.46,8.7757,7.4479,6.975,1.6363,1.1967,0.9922,4.1217,1.3269,1.4201,1.3747,5.6674,2.1096,1.8609,1.6969,0.6802,0.7767,0.6444,0.5852,50,275.29,162.85,1,1,2025-10-01 15:16:54,19.7,83.9,,1,0,,0
2025-10-01 15:17:39,209.19,3.7147,244.69,7.637,22.911099999999998,240.66,250.05,243.38,421.94,426.91,422.54,423.79,8.693,7.3545,6.8636,1.6073,1.1538,0.9536,4.1315,1.3345,1.4271,1.3698,5.6015,2.0921,1.839,1.6705,0.6686,0.7693,0.6286,0.5713,50,275.37,162.9,1,1,2025-10-01 15:17:39,19.6,82.8,,1,0,,0
2025-10-01 15:19:09,209.28,3.6137,243.96,7.5245,22.5736,239.09,249.86,242.95,420.77,426.04,420.79,422.51,8.5305,7.2656,6.7775,1.5624,1.1348,0.9166,4.0851,1.3066,1.4123,1.3662,5.5015,2.0396,1.8154,1.6466,0.6625,0.7671,0.6263,0.5571,49.9,275.5,163,1,1,2025-10-01 15:19:09,19.5,81.3,,1,0,,0
2025-10-01 15:19:54,209.33,3.5366,244.03,7.4445,22.3337,239.19,249.9,243.01,420.8,426.25,420.9,422.68,8.4523,7.1784,6.703,1.538,1.1054,0.8932,4.0763,1.3078,1.4082,1.3603,5.4445,2.0217,1.7939,1.6289,0.6553,0.7618,0.6174,0.5488,50,275.57,163.06,1,1,2025-10-01 15:19:54,19.5,81.2,,1,0,,0
2025-10-01 15:20:39,209.37,3.6176,243.96,7.5074,22.5223,239.07,249.85,242.97,420.9,425.8,420.88,422.52,8.5115,7.2422,6.7686,1.561,1.1365,0.9201,4.0659,1.301,1.4034,1.3615,5.4889,2.0348,1.8095,1.6446,0.6647,0.7681,0.6293,0.5599,49.9,275.64,163.11,1,1,2025-10-01 15:20:39,19.1,80.8,,1,0,,0
2025-10-01 15:21:24,209.41,3.5768,243.99,7.4699,22.4097,239.13,249.91,242.95,420.54,426.14,421.06,422.58,8.4786,7.2077,6.7234,1.5507,1.121,0.9051,4.0654,1.3019,1.4054,1.3582,5.4622,2.0275,1.8013,1.6335,0.6605,0.7658,0.6235,0.5545,49.9,275.71,163.15,1,1,2025-10-01 15:21:24,19.0,80.3,,1,0,,0
2025-10-01 15:22:09,209.44,0.5278,245.5,0.7528,2.2586,241.51,251.07,243.92,424.05,427.71,423.81,425.19,2.2586,0.0,0.0,0.526,0.0,0.0,0.142,0.142,0,0,0.5455,0.5455,0,0,0.9656,0.9654,1,1,49.9,275.74,163.18,0,1,2025-10-01 15:22:09,19.0,80.2,,0,0,,1
2025-10-01 15:22:54,209.45,0.528,245.49,0.7539,2.2617,241.35,251.19,243.94,424.14,428.01,423.39,425.22,2.2617,0.0,0.0,0.5265,0.0,0.0,0.1418,0.1418,0,0,0.5459,0.5459,0,0,0.9657,0.9655,1,1,49.9,275.75,163.18,0,1,2025-10-01 15:22:54,19.0,81.4,,0,0,,1
2025-10-01 15:23:39,209.45,0.5262,245.18,0.752,2.2561,241,250.95,243.61,423.32,426.53,424.03,424.96,2.2561,0.0,0.0,0.5244,0.0,0.0,0.1414,0.1414,0,0,0.5437,0.5437,0,0,0.9657,0.9654,1,1,49.9,275.76,163.18,0,1,2025-10-01 15:23:39,19.0,83,,0,0,,1
2025-10-01 15:24:24,209.46,0.5275,245.45,0.7531,2.2595,241.28,251.16,243.92,423.68,428.53,423.14,425.06,2.2595,0.0,0.0,0.5258,0.0,0.0,0.1416,0.1416,0,0,0.5452,0.5452,0,0,0.9657,0.9655,1,1,49.9,275.76,163.19,0,1,2025-10-01 15:24:24,19.0,84.3,,0,0,,1
2025-10-01 15:25:09,209.47,0.5267,245.5,0.7525,2.2576,241.25,251.24,244.01,423.88,428.3,423.4,425.13,2.2576,0.0,0.0,0.5253,0.0,0.0,0.1416,0.1416,0,0,0.5446,0.5446,0,0,0.9656,0.9655,1,1,49.9,275.77,163.19,0,1,2025-10-01 15:25:09,19.1,85.5,,0,0,,1
2025-10-01 15:25:54,209.47,0.5264,245.45,0.7518,2.2555,241.21,251.21,243.95,423.97,428.57,422.84,425.12,2.2555,0.0,0.0,0.5246,0.0,0.0,0.1418,0.1418,0,0,0.544,0.544,0,0,0.9655,0.9653,1,1,49.9,275.78,163.19,0,1,2025-10-01 15:25:54,19.5,86.5,,0,0,,1
2025-10-01 15:26:39,209.48,0.5258,245.32,0.7518,2.2554,241.12,251.08,243.77,423.97,427.86,422.84,425,2.2554,0.0,0.0,0.5244,0.0,0.0,0.1416,0.1416,0,0,0.5438,0.5438,0,0,0.9655,0.9654,1,1,49.9,275.79,163.19,0,1,2025-10-01 15:26:39,19.6,87.4,,0,0,,1
2025-10-01 15:27:24,209.48,0.523,244.71,0.7508,2.2524,239.74,250.93,243.46,422.1,427.65,421.72,423.77,2.2524,0.0,0.0,0.5214,0.0,0.0,0.1382,0.1382,0,0,0.54,0.54,0,0,0.9668,0.9666,1,1,49.9,275.79,163.19,0,1,2025-10-01 15:27:24,19.6,88.1,,0,0,,1
2025-10-01 15:28:09,209.49,0.5227,244.8,0.7504,2.2512,239.85,251.02,243.55,422.27,427.41,422.27,423.97,2.2512,0.0,0.0,0.5213,0.0,0.0,0.1387,0.1387,0,0,0.54,0.54,0,0,0.9665,0.9663,1,1,49.9,275.8,163.19,0,1,2025-10-01 15:28:09,19.6,88.7,,0,0,,1
2025-10-01 15:28:54,209.5,0.5277,244.69,0.7524,2.2574,241.86,245.29,246.93,421.46,426.31,423.68,423.88,2.2574,0.0,0.0,0.5263,0.0,0.0,0.143,0.143,0,0,0.546,0.546,0,0,0.9651,0.9649,1,1,49.9,275.81,163.2,0,1,2025-10-01 15:28:54,19.7,89.3,,0,0,,1
2025-10-01 15:29:39,209.5,0.5266,244.99,0.7529,2.2589,241.72,246.34,246.91,423.62,424.97,424.36,424.28,2.2589,0.0,0.0,0.5266,0.0,0.0,0.1421,0.1421,0,0,0.546,0.546,0,0,0.9654,0.9654,1,1,49.9,275.81,163.2,0,1,2025-10-01 15:29:39,19.7,89.9,,0,0,,1
2025-10-01 15:30:24,209.51,0.5247,245.71,0.7514,2.2544,240.7,244.2,252.25,422.28,427.97,426.49,425.62,2.2544,0.0,0.0,0.5247,0.0,0.0,0.1385,0.1385,0,0,0.5426,0.5426,0,0,0.9668,0.9668,1,1,50,275.82,163.2,0,1,2025-10-01 15:30:24,19.7,90.3,,0,0,,1
2025-10-01 15:31:09,209.52,0.5281,246.57,0.7533,2.2601,241.89,244.48,253.35,423.88,430.07,427.23,427.01,2.2601,0.0,0.0,0.5281,0.0,0.0,0.1408,0.1408,0,0,0.5467,0.5467,0,0,0.9662,0.9665,1,1,50,275.83,163.2,0,1,2025-10-01 15:31:09,19.8,90.7,,0,0,,1
2025-10-01 15:31:54,209.52,0.5257,246.11,0.7531,2.2595,241.53,244.14,252.66,423.24,428.53,427.01,426.22,2.2595,0.0,0.0,0.527,0.0,0.0,0.1397,0.1397,0,0,0.5457,0.5457,0,0,0.9664,0.9666,1,1,50,275.83,163.2,0,1,2025-10-01 15:31:54,19.8,91,,0,0,,1
2025-10-01 15:32:39,209.53,0.5251,246.31,0.7524,2.2574,240.86,245.92,252.16,424.13,429.46,426.24,426.57,2.2574,0.0,0.0,0.5252,0.0,0.0,0.1384,0.1384,0,0,0.5437,0.5437,0,0,0.9669,0.9669,1,1,50,275.84,163.2,0,1,2025-10-01 15:32:39,19.8,91.3,,0,0,,1
2025-10-01 15:33:24,209.54,0.5258,246.29,0.7529,2.2588,240.91,245.86,252.1,423.82,430.46,425.46,426.56,2.2588,0.0,0.0,0.5255,0.0,0.0,0.1389,0.1389,0,0,0.5442,0.5442,0,0,0.9668,0.9667,1,1,50,275.85,163.21,0,1,2025-10-01 15:33:24,20.3,91.6,,0,0,,1
2025-10-01 15:34:09,209.54,0.5255,246.3,0.7524,2.2573,240.96,245.84,252.1,423.97,429.4,426.4,426.6,2.2573,0.0,0.0,0.5253,0.0,0.0,0.1388,0.1388,0,0,0.5439,0.5439,0,0,0.9668,0.9668,1,1,50,275.85,163.21,0,1,2025-10-01 15:34:09,20.3,92,,0,0,,1
2025-10-01 15:34:54,209.55,0.5238,245.63,0.7517,2.2552,239.57,245.65,251.67,422.3,429.06,424.96,425.42,2.2552,0.0,0.0,0.5224,0.0,0.0,0.1358,0.1358,0,0,0.5403,0.5403,0,0,0.968,0.9678,1,1,50,275.86,163.21,0,1,2025-10-01 15:34:54,20.3,92.2,,0,0,,1
2025-10-01 15:35:39,209.56,0.52,245.42,0.7492,2.2478,239.34,245.45,251.48,422.1,428.31,424.81,425.11,2.2478,0.0,0.0,0.52,0.0,0.0,0.1357,0.1357,0,0,0.538,0.538,0,0,0.9675,0.9675,1,1,49.9,275.87,163.21,0,1,2025-10-01 15:35:39,20.4,92.4,,0,0,,1
2025-10-01 15:36:24,209.56,0.5207,245.38,0.7503,2.2511,239.35,245.42,251.39,422.11,428.18,424.74,425.02,2.2511,0.0,0.0,0.5209,0.0,0.0,0.1358,0.1358,0,0,0.5388,0.5388,0,0,0.9676,0.9676,1,1,49.9,275.87,163.21,0,1,2025-10-01 15:36:24,20.4,92.6,,0,0,,1
2025-10-01 15:37:09,209.57,0.5223,245.43,0.7501,2.2505,239.36,245.46,251.49,421.86,428.49,424.96,425.02,2.2505,0.0,0.0,0.5207,0.0,0.0,0.136,0.136,0,0,0.5387,0.5387,0,0,0.9677,0.9675,1,1,49.9,275.88,163.22,0,1,2025-10-01 15:37:09,20.4,92.8,,0,0,,1
2025-10-01 15:37:54,209.58,0.5223,245.28,0.7508,2.2525,239.21,245.34,251.31,421.42,428.54,424.58,424.82,2.2525,0.0,0.0,0.5209,0.0,0.0,0.1356,0.1356,0,0,0.5388,0.5388,0,0,0.9678,0.9677,1,1,49.9,275.89,163.22,0,1,2025-10-01 15:37:54,20.4,93,,0,0,,1
2025-10-01 15:38:39,209.58,0.5192,245.23,0.7501,2.2504,239.15,245.23,251.33,421.36,428.25,424.67,424.72,2.2504,0.0,0.0,0.5203,0.0,0.0,0.1355,0.1355,0,0,0.5382,0.5382,0,0,0.9676,0.9677,1,1,49.9,275.89,163.22,0,1,2025-10-01 15:38:39,20.5,93.3,,0,0,,1
2025-10-01 15:39:24,209.59,0.5209,245.68,0.75,2.25,239.37,245.53,252.16,422.2,429.35,425.06,425.56,2.25,0.0,0.0,0.5206,0.0,0.0,0.1361,0.1361,0,0,0.5386,0.5386,0,0,0.9675,0.9674,1,1,49.9,275.9,163.22,0,1,2025-10-01 15:39:24,20.5,93.4,,0,0,,1
2025-10-01 15:40:09,209.6,0.5246,246.44,0.7517,2.2552,240.94,245.84,252.55,423.92,429.64,426.96,426.57,2.2552,0.0,0.0,0.5245,0.0,0.0,0.1395,0.1395,0,0,0.5434,0.5434,0,0,0.9663,0.9663,1,1,49.9,275.91,163.22,0,1,2025-10-01 15:40:09,20.5,93.5,,0,0,,1
2025-10-01 15:40:54,209.6,0.5238,246.38,0.751,2.253,240.87,245.82,252.47,424.2,429.49,426.52,426.69,2.253,0.0,0.0,0.5238,0.0,0.0,0.1396,0.1396,0,0,0.5427,0.5427,0,0,0.9662,0.9662,1,1,49.9,275.91,163.22,0,1,2025-10-01 15:40:54,20.5,93.6,,0,0,,1
2025-10-01 15:41:39,209.61,0.5246,246.38,0.7515,2.2547,240.9,245.79,252.46,424.08,429.55,426.57,426.76,2.2547,0.0,0.0,0.5242,0.0,0.0,0.1398,0.1398,0,0,0.5432,0.5432,0,0,0.9662,0.9662,1,1,49.9,275.92,163.23,0,1,2025-10-01 15:41:39,20.6,93.7,,0,0,,1
2025-10-01 15:42:24,209.62,0.5257,246.39,0.7516,2.255,240.89,245.78,252.52,423.49,430.28,426.52,426.69,2.255,0.0,0.0,0.5243,0.0,0.0,0.1399,0.1399,0,0,0.5432,0.5432,0,0,0.9663,0.9662,1,1,49.9,275.93,163.23,0,1,2025-10-01 15:42:24,20.6,93.8,,0,0,,1
2025-10-01 15:43:09,209.62,0.523,246.31,0.7503,2.251,240.83,245.79,252.32,423.63,430.3,425.92,426.66,2.251,0.0,0.0,0.523,0.0,0.0,0.1405,0.1405,0,0,0.5421,0.5421,0,0,0.9657,0.9657,1,1,49.8,275.93,163.23,0,1,2025-10-01 15:43:09,20.6,93.9,,0,0,,1
2025-10-01 15:43:54,209.63,0.5244,246.25,0.7507,2.2523,240.82,245.76,252.18,423.65,429.94,425.95,426.44,2.2523,0.0,0.0,0.5234,0.0,0.0,0.1401,0.1401,0,0,0.5424,0.5424,0,0,0.9661,0.9659,1,1,49.8,275.94,163.23,0,1,2025-10-01 15:43:54,20.6,93.9,,0,0,,1
2025-10-01 15:44:39,209.63,0.5232,246.09,0.7509,2.2528,240.69,245.54,252.06,423.41,428.86,426.44,426.26,2.2528,0.0,0.0,0.5232,0.0,0.0,0.1398,0.1398,0,0,0.5422,0.5422,0,0,0.966,0.966,1,1,49.8,275.95,163.23,0,1,2025-10-01 15:44:39,20.6,94,,0,0,,1
2025-10-01 15:45:24,209.64,0.5207,245.44,0.7494,2.2483,239.79,245.61,250.94,422.87,427.92,424.54,425.04,2.2483,0.0,0.0,0.5206,0.0,0.0,0.1376,0.1376,0,0,0.5391,0.5391,0,0,0.9667,0.9667,1,1,49.8,275.95,163.23,0,1,2025-10-01 15:45:24,20.6,94.1,,0,0,,1
2025-10-01 15:46:09,209.65,0.5213,245.59,0.7503,2.2511,239.87,245.78,251.12,422.19,429.01,424.92,425.34,2.2511,0.0,0.0,0.5216,0.0,0.0,0.1377,0.1377,0,0,0.54,0.54,0,0,0.9668,0.9668,1,1,49.9,275.96,163.24,0,1,2025-10-01 15:46:09,21.1,94.1,,0,0,,1
2025-10-01 15:46:54,209.65,0.5224,245.76,0.7508,2.2525,240.01,245.98,251.31,423,428.34,425.66,425.62,2.2525,0.0,0.0,0.5223,0.0,0.0,0.1373,0.1373,0,0,0.5406,0.5406,0,0,0.9671,0.9671,1,1,49.9,275.97,163.24,0,1,2025-10-01 15:46:54,21.1,94.2,,0,0,,1
2025-10-01 15:47:39,209.66,0.5216,245.85,0.7503,2.251,239.72,245.44,252.41,422.48,428.98,426.01,425.79,2.251,0.0,0.0,0.5213,0.0,0.0,0.1371,0.1371,0,0,0.5396,0.5396,0,0,0.9671,0.9671,1,1,49.9,275.97,163.24,0,1,2025-10-01 15:47:39,21.1,94.2,,0,0,,1
2025-10-01 15:48:24,209.67,0.522,246.05,0.7504,2.2513,240.11,245.41,252.65,423.24,428.57,426.67,426.15,2.2513,0.0,0.0,0.5221,0.0,0.0,0.1376,0.1376,0,0,0.5406,0.5406,0,0,0.9669,0.967,1,1,49.9,275.98,163.24,0,1,2025-10-01 15:48:24,21.1,94.3,,0,0,,1
2025-10-01 15:49:09,209.67,0.5209,246.12,0.7504,2.2513,240.07,245.59,252.72,423.42,429.1,426.33,426.2,2.2513,0.0,0.0,0.5222,0.0,0.0,0.1373,0.1373,0,0,0.5405,0.5405,0,0,0.9669,0.9671,1,1,49.9,275.99,163.24,0,1,2025-10-01 15:49:09,21.1,94.3,,0,0,,1
2025-10-01 15:49:54,209.68,0.5277,247.2,0.7521,2.2564,241.79,246.38,253.43,425.01,431.4,428.05,428.09,2.2564,0.0,0.0,0.5263,0.0,0.0,0.1411,0.1411,0,0,0.5456,0.5456,0,0,0.966,0.9659,1,1,49.9,276,163.24,0,1,2025-10-01 15:49:54,21.1,94.3,,0,0,,1
2025-10-01 15:50:39,209.69,0.5269,247.23,0.7518,2.2556,241.98,246.28,253.44,425.65,430.56,428.38,428.16,2.2556,0.0,0.0,0.5265,0.0,0.0,0.1414,0.1414,0,0,0.5458,0.5458,0,0,0.9658,0.9657,1,1,49.9,276,163.25,0,1,2025-10-01 15:50:39,21.1,94.3,,0,0,,1
2025-10-01 15:51:24,209.69,0.5269,247.3,0.7524,2.2574,242.04,246.28,253.6,425.08,431.62,428.32,428.38,2.2574,0.0,0.0,0.5271,0.0,0.0,0.1415,0.1415,0,0,0.5464,0.5464,0,0,0.9657,0.9658,1,1,49.9,276.01,163.25,0,1,2025-10-01 15:51:24,21.1,94.4,,0,0,,1
2025-10-01 15:52:09,209.7,0.5278,247.53,0.7522,2.2568,242.12,246.74,253.74,425.55,432.07,428.58,428.7,2.2568,0.0,0.0,0.527,0.0,0.0,0.1418,0.1418,0,0,0.5464,0.5464,0,0,0.9657,0.9656,1,1,49.9,276.02,163.25,0,1,2025-10-01 15:52:09,21.2,94.3,,0,0,,1
2025-10-01 15:52:54,209.71,0.5263,247.47,0.7514,2.2542,242.2,246.4,253.82,425.35,431.88,428.65,428.55,2.2542,0.0,0.0,0.5264,0.0,0.0,0.1423,0.1423,0,0,0.546,0.546,0,0,0.9653,0.9653,1,1,49.9,276.02,163.25,0,1,2025-10-01 15:52:54,21.2,94.3,,0,0,,1
2025-10-01 15:53:39,209.71,0.5262,247.06,0.7522,2.2568,241.63,246.12,253.43,424.46,431.24,428.04,428.02,2.2568,0.0,0.0,0.5261,0.0,0.0,0.1411,0.1411,0,0,0.5453,0.5453,0,0,0.9658,0.9658,1,1,49.9,276.03,163.25,0,1,2025-10-01 15:53:39,21.2,94.3,,0,0,,1
2025-10-01 15:54:24,209.72,0.5226,246.34,0.7495,2.2485,240.72,244.94,253.36,422.37,430.23,427.42,426.66,2.2485,0.0,0.0,0.5224,0.0,0.0,0.1391,0.1391,0,0,0.5413,0.5413,0,0,0.9663,0.9663,1,1,49.9,276.04,163.26,0,1,2025-10-01 15:54:24,21.2,94.3,,0,0,,1
2025-10-01 15:55:09,209.73,0.5231,246.48,0.7504,2.2513,240.85,245.25,253.36,423.35,430.15,427.25,426.84,2.2513,0.0,0.0,0.5233,0.0,0.0,0.1398,0.1398,0,0,0.5422,0.5422,0,0,0.9661,0.9661,1,1,49.8,276.04,163.26,0,1,2025-10-01 15:55:09,21.2,94.4,,0,0,,1
2025-10-01 15:55:54,209.73,0.5222,246.82,0.7494,2.2483,240.64,246.43,253.4,423.96,431.42,427.14,427.4,2.2483,0.0,0.0,0.5222,0.0,0.0,0.1391,0.1391,0,0,0.541,0.541,0,0,0.9662,0.9662,1,1,49.9,276.05,163.26,0,1,2025-10-01 15:55:54,21.2,94.3,,0,0,,1
2025-10-01 15:56:39,209.74,0.5236,246.76,0.7501,2.2505,241,245.72,253.58,423.78,430.62,427.82,427.49,2.2505,0.0,0.0,0.5235,0.0,0.0,0.1396,0.1396,0,0,0.5424,0.5424,0,0,0.9662,0.9662,1,1,49.9,276.06,163.26,0,1,2025-10-01 15:56:39,21.2,94.3,,0,0,,1
2025-10-01 15:57:24,209.75,0.5262,247.41,0.7512,2.2537,242.15,246.34,253.75,425.59,431.07,428.89,428.51,2.2537,0.0,0.0,0.526,0.0,0.0,0.1429,0.1429,0,0,0.5457,0.5457,0,0,0.965,0.965,1,1,49.8,276.06,163.26,0,1,2025-10-01 15:57:24,21.3,94.3,,0,0,,1
2025-10-01 15:58:09,209.75,0.5262,247.43,0.7515,2.2545,242,246.62,253.68,425.58,431.54,428.54,428.62,2.2545,0.0,0.0,0.5261,0.0,0.0,0.1422,0.1422,0,0,0.5456,0.5456,0,0,0.9653,0.9653,1,1,49.8,276.07,163.26,0,1,2025-10-01 15:58:09,21.3,94.2,,0,0,,1
2025-10-01 15:58:54,209.76,0.5257,247.38,0.7511,2.2535,241.87,246.71,253.57,425.49,431.8,428.12,428.39,2.2535,0.0,0.0,0.5256,0.0,0.0,0.1418,0.1418,0,0,0.5451,0.5451,0,0,0.9654,0.9654,1,1,49.8,276.08,163.27,0,1,2025-10-01 15:58:54,21.3,94.2,,0,0,,1
2025-10-01 15:59:39,209.77,0.524,248.03,0.7496,2.249,240.89,251.07,252.15,426.85,433.72,428.25,429.62,2.249,0.0,0.0,0.5228,0.0,0.0,0.14,0.14,0,0,0.5418,0.5418,0,0,0.9661,0.9659,1,1,49.8,276.08,163.27,0,1,2025-10-01 15:59:39,21.3,94.2,,0,0,,1
2025-10-01 16:00:24,209.77,0.5228,247.46,0.7494,2.2482,240.23,251.57,250.58,426.56,431.81,427.4,428.57,2.2482,0.0,0.0,0.5216,0.0,0.0,0.138,0.138,0,0,0.5401,0.5401,0,0,0.9669,0.9667,1,1,49.9,276.09,163.27,0,1,2025-10-01 16:00:24,21.3,94.2,,0,0,,1
2025-10-01 16:01:09,209.78,0.5256,247.89,0.7513,2.254,240.78,251.87,251.03,427.51,432.27,428.24,429.33,2.254,0.0,0.0,0.5243,0.0,0.0,0.1381,0.1381,0,0,0.5427,0.5427,0,0,0.9671,0.967,1,1,49.9,276.1,163.27,0,1,2025-10-01 16:01:09,21.3,94.1,,0,0,,1
2025-10-01 16:01:54,209.79,0.5266,248.17,0.7513,2.2541,241.28,252.38,250.87,427.65,433.97,427.92,429.76,2.2541,0.0,0.0,0.5253,0.0,0.0,0.1388,0.1388,0,0,0.5439,0.5439,0,0,0.9669,0.9668,1,1,49.9,276.1,163.27,0,1,2025-10-01 16:01:54,21.3,94.2,,0,0,,1
2025-10-01 16:02:39,209.79,0.526,248.37,0.7508,2.2524,241.37,252.14,251.6,427.67,433.85,429,430.14,2.2524,0.0,0.0,0.5249,0.0,0.0,0.1392,0.1392,0,0,0.5437,0.5437,0,0,0.9667,0.9665,1,1,49.9,276.11,163.27,0,1,2025-10-01 16:02:39,21.3,94.2,,0,0,,1
2025-10-01 16:03:24,209.8,0.5242,247.94,0.7507,2.2521,240.17,252.23,251.42,426.84,432.91,428.5,429.39,2.2521,0.0,0.0,0.5229,0.0,0.0,0.1362,0.1362,0,0,0.5409,0.5409,0,0,0.9678,0.9677,1,1,50,276.12,163.28,0,1,2025-10-01 16:03:24,21.3,94.1,,0,0,,1
2025-10-01 16:04:09,209.81,0.5216,247.63,0.7495,2.2486,239.99,251.77,251.15,427.02,432.25,427.42,428.91,2.2486,0.0,0.0,0.5216,0.0,0.0,0.1364,0.1364,0,0,0.5396,0.5396,0,0,0.9674,0.9674,1,1,49.9,276.12,163.28,0,1,2025-10-01 16:04:09,21.4,94.1,,0,0,,1
2025-10-01 16:04:54,209.81,0.5229,247.95,0.7493,2.2479,240.15,252.26,251.44,426.85,433.05,428.41,429.35,2.2479,0.0,0.0,0.5216,0.0,0.0,0.1371,0.1371,0,0,0.5398,0.5398,0,0,0.9673,0.9671,1,1,49.9,276.13,163.28,0,1,2025-10-01 16:04:54,21.4,94.1,,0,0,,1
2025-10-01 16:05:39,209.82,0.5245,247.9,0.7507,2.2523,240.49,251.43,251.78,426.75,432.25,429.04,429.33,2.2523,0.0,0.0,0.5232,0.0,0.0,0.1379,0.1379,0,0,0.5417,0.5417,0,0,0.9671,0.967,1,1,49.9,276.14,163.28,0,1,2025-10-01 16:05:39,21.4,94.1,,0,0,,1
2025-10-01 16:06:24,209.85,4.2652,247.13,8.2834,24.8502,239.57,250.71,251.11,424.82,431.88,427.38,428.03,9.2887,7.9678,7.5937,1.7279,1.3692,1.1681,4.352,1.3978,1.4491,1.5051,6.1298,2.2253,1.9976,1.9069,0.6999,0.7774,0.6868,0.6131,49.9,276.18,163.31,1,1,2025-10-01 16:06:24,21.4,93.5,,1,0,,0
2025-10-01 16:07:09,209.9,4.4365,247.92,8.4695,25.4085,240.74,251.81,251.22,426.9,432.76,428.52,429.4,9.481,8.1655,7.762,1.7895,1.4285,1.2185,4.4061,1.4123,1.4732,1.5205,6.2886,2.2825,2.0562,1.95,0.7095,0.7849,0.6961,0.6253,49.9,276.26,163.36,1,1,2025-10-01 16:07:09,21.3,89.5,,1,0,,0
2025-10-01 16:09:24,210.07,4.2776,248.1,8.3192,24.9577,241.1,251.82,251.38,426.89,433.36,428.88,429.65,9.3653,7.9708,7.6216,1.7435,1.3601,1.1741,4.4128,1.4302,1.4706,1.512,6.1811,2.258,2.0072,1.9159,0.696,0.7731,0.6789,0.6133,49.9,276.5,163.53,1,1,2025-10-01 16:09:24,20.5,79.5,,1,0,,0
2025-10-01 16:10:09,210.12,4.2817,248.02,8.3214,24.9643,240.91,251.89,251.28,427.15,432.69,428.87,429.57,9.3387,8.0055,7.6201,1.7428,1.371,1.1679,4.4068,1.4182,1.4733,1.5153,6.1811,2.2498,2.0165,1.9148,0.6968,0.7756,0.6812,0.6104,49.9,276.57,163.59,1,1,2025-10-01 16:10:09,20.3,77.2,,1,0,,0
2025-10-01 16:11:39,210.19,0.3272,249.2,0.463,1.3892,242.67,253.08,251.86,429.55,434.63,430.66,431.58,1.3892,0.0,0.0,0.3258,0.0,0.0,0.0836,0.0836,0,0,0.3371,0.3371,0,0,0.9688,0.9686,1,1,49.9,276.67,163.66,0,1,2025-10-01 16:11:39,19.6,75.3,,0,0,,1
2025-10-01 16:12:24,210.2,0.322,248.62,0.4604,1.3814,240.92,253.21,251.74,428.13,434.77,428.95,430.59,1.3814,0.0,0.0,0.322,0.0,0.0,0.0811,0.0811,0,0,0.3328,0.3328,0,0,0.9697,0.9697,1,1,49.9,276.68,163.66,0,1,2025-10-01 16:12:24,19.5,78.1,,0,0,,1
2025-10-01 16:13:09,210.2,0.3219,248.5,0.4605,1.3815,240.9,252.91,251.69,427.36,434.59,429.25,430.38,1.3815,0.0,0.0,0.3219,0.0,0.0,0.0815,0.0815,0,0,0.3328,0.3328,0,0,0.9693,0.9693,1,1,49.8,276.68,163.66,0,1,2025-10-01 16:13:09,19.5,80.4,,0,0,,1
2025-10-01 16:13:54,210.2,0.3232,248.29,0.4609,1.3828,240.65,252.73,251.49,427.23,433.31,429.52,430.08,1.3828,0.0,0.0,0.3221,0.0,0.0,0.0809,0.0809,0,0,0.3328,0.3328,0,0,0.97,0.9698,1,1,49.8,276.69,163.66,0,1,2025-10-01 16:13:54,19.5,82.4,,0,0,,1
2025-10-01 16:14:39,210.21,0.3218,248.38,0.4605,1.3816,240.73,252.81,251.6,427.4,433.92,429.24,430.19,1.3816,0.0,0.0,0.3218,0.0,0.0,0.0813,0.0813,0,0,0.3326,0.3326,0,0,0.9695,0.9695,1,1,49.8,276.69,163.66,0,1,2025-10-01 16:14:39,19.6,84.1,,0,0,,1
2025-10-01 16:15:24,210.21,0.3248,248.62,0.4615,1.3845,241.77,252.7,251.41,428.17,433.95,429.73,430.75,1.3845,0.0,0.0,0.3235,0.0,0.0,0.0828,0.0828,0,0,0.3347,0.3347,0,0,0.9689,0.9687,1,1,49.9,276.7,163.66,0,1,2025-10-01 16:15:24,19.6,85.4,,0,0,,1
2025-10-01 16:16:09,210.22,0.3247,248.6,0.4615,1.3845,241.87,252.61,251.34,428.51,433.43,429.78,430.57,1.3845,0.0,0.0,0.3237,0.0,0.0,0.0829,0.0829,0,0,0.3349,0.3349,0,0,0.9689,0.9687,1,1,49.9,276.7,163.67,0,1,2025-10-01 16:16:09,19.6,86.6,,0,0,,1
2025-10-01 16:16:54,210.22,0.3246,248.4,0.4612,1.3836,241.64,252.41,251.16,428.08,433.13,429.46,430.27,1.3836,0.0,0.0,0.3233,0.0,0.0,0.0822,0.0822,0,0,0.3343,0.3343,0,0,0.9694,0.9691,1,1,49.9,276.7,163.67,0,1,2025-10-01 16:16:54,19.7,87.6,,0,0,,1
2025-10-01 16:17:39,210.22,0.3245,248.4,0.461,1.3831,241.54,252.48,251.2,428.24,433.13,429.31,430.17,1.3831,0.0,0.0,0.3231,0.0,0.0,0.0821,0.0821,0,0,0.3341,0.3341,0,0,0.9694,0.9692,1,1,50,276.71,163.67,0,1,2025-10-01 16:17:39,19.7,88.5,,0,0,,1
2025-10-01 16:18:24,210.25,4.2005,247.34,8.2145,24.6435,240.19,251.42,250.43,425.63,432.13,427.44,428.46,9.2355,7.9005,7.5075,1.7183,1.3431,1.1392,4.3499,1.3982,1.4579,1.4938,6.0847,2.2183,1.9863,1.8801,0.6946,0.7756,0.6775,0.6063,50,276.74,163.69,1,1,2025-10-01 16:18:24,19.8,89,,1,0,,0
2025-10-01 16:19:09,210.3,4.3381,246.6,8.2963,24.8891,239.37,250.75,249.7,424.53,430.35,426.45,427.17,9.3118,7.9861,7.5912,1.7561,1.3957,1.1863,4.2752,1.3681,1.4305,1.4766,6.127,2.229,2.0025,1.8955,0.7122,0.7888,0.6983,0.6262,50,276.81,163.74,1,1,2025-10-01 16:19:09,19.8,85.9,,1,0,,0
2025-10-01 16:20:39,210.41,4.2742,246.46,8.2211,24.6633,239.29,250.62,249.48,424.28,430.43,425.89,426.87,9.2466,7.9042,7.5125,1.7378,1.371,1.1653,4.2546,1.3648,1.4242,1.4656,6.0678,2.2126,1.981,1.8742,0.7087,0.7864,0.6935,0.6223,50,276.97,163.85,1,1,2025-10-01 16:20:39,19.6,79.3,,1,0,,0
2025-10-01 16:21:24,210.45,0.3272,247.63,0.4651,1.3953,241.13,251.44,250.32,426.89,431.96,427.83,429.08,1.3953,0.0,0.0,0.3261,0.0,0.0,0.08,0.08,0,0,0.3364,0.3364,0,0,0.9713,0.9711,1,1,50,277.03,163.89,0,1,2025-10-01 16:21:24,19.5,77.3,,0,0,,1
2025-10-01 16:22:09,210.46,0.3217,246.82,0.4599,1.3798,239.34,251.18,249.94,424.63,431.44,426.4,427.5,1.3798,0.0,0.0,0.3202,0.0,0.0,0.0784,0.0784,0,0,0.3302,0.3302,0,0,0.9715,0.9713,1,1,50,277.04,163.89,0,1,2025-10-01 16:22:09,19.0,78,,0,0,,1
2025-10-01 16:22:54,210.46,0.3197,246.67,0.4597,1.3791,239.06,251.22,249.73,425.01,430.56,426.09,427.17,1.3791,0.0,0.0,0.3197,0.0,0.0,0.0781,0.0781,0,0,0.3297,0.3297,0,0,0.9714,0.9714,1,1,49.9,277.04,163.89,0,1,2025-10-01 16:22:54,19.0,80.3,,0,0,,1
2025-10-01 16:23:39,210.46,0.3184,246.41,0.4585,1.3755,238.78,250.92,249.55,424.38,430.34,425.63,426.85,1.3755,0.0,0.0,0.3184,0.0,0.0,0.0781,0.0781,0,0,0.3284,0.3284,0,0,0.9711,0.9711,1,1,49.9,277.04,163.9,0,1,2025-10-01 16:23:39,19.0,82.5,,0,0,,1
2025-10-01 16:24:24,210.47,0.3195,246.33,0.4583,1.3751,238.68,250.89,249.43,424,430.72,425.23,426.63,1.3751,0.0,0.0,0.3182,0.0,0.0,0.078,0.078,0,0,0.3282,0.3282,0,0,0.9714,0.9712,1,1,50,277.05,163.9,0,1,2025-10-01 16:24:24,19.0,84,,0,0,,1
2025-10-01 16:25:09,210.47,0.3211,247.06,0.4603,1.3811,240.16,251.26,249.77,426.05,430.92,426.75,427.84,1.3811,0.0,0.0,0.3211,0.0,0.0,0.0802,0.0802,0,0,0.3317,0.3317,0,0,0.9701,0.9701,1,1,50,277.05,163.9,0,1,2025-10-01 16:25:09,19.1,85.6,,0,0,,1
2025-10-01 16:25:54,210.48,0.3215,246.39,0.4598,1.3795,239.52,250.45,249.21,424.42,430.4,425.43,426.8,1.3795,0.0,0.0,0.3202,0.0,0.0,0.0788,0.0788,0,0,0.3304,0.3304,0,0,0.9712,0.971,1,1,50,277.06,163.9,0,1,2025-10-01 16:25:54,19.5,86.8,,0,0,,1
2025-10-01 16:26:39,210.48,0.321,246.46,0.4593,1.3779,239.59,250.49,249.31,424.24,430.14,426.21,426.8,1.3779,0.0,0.0,0.3198,0.0,0.0,0.0794,0.0794,0,0,0.3301,0.3301,0,0,0.9707,0.9705,1,1,50,277.06,163.9,0,1,2025-10-01 16:26:39,19.6,87.7,,0,0,,1
2025-10-01 16:27:24,210.48,0.32,246.26,0.4582,1.3746,239.53,250.14,249.13,423.7,430.26,425.64,426.5,1.3746,0.0,0.0,0.3187,0.0,0.0,0.0798,0.0798,0,0,0.3293,0.3293,0,0,0.9702,0.97,1,1,50,277.06,163.9,0,1,2025-10-01 16:27:24,19.6,88.6,,0,0,,1
2025-10-01 16:28:09,210.49,0.3195,246.22,0.4592,1.3777,239.37,250.19,249.1,423.95,430.24,425.18,426.49,1.3777,0.0,0.0,0.3195,0.0,0.0,0.0791,0.0791,0,0,0.3298,0.3298,0,0,0.9706,0.9706,1,1,50,277.07,163.9,0,1,2025-10-01 16:28:09,19.7,89.3,,0,0,,1
2025-10-01 16:28:54,210.49,0.3217,246.19,0.4603,1.3811,239.38,250.12,249.07,423.92,430.31,424.98,426.44,1.3811,0.0,0.0,0.3203,0.0,0.0,0.079,0.079,0,0,0.3306,0.3306,0,0,0.9711,0.9708,1,1,50,277.07,163.9,0,1,2025-10-01 16:28:54,19.7,90,,0,0,,1
2025-10-01 16:29:39,210.54,4.0832,245.15,8.0055,24.0167,238.12,248.88,248.45,422.21,427.32,424.21,424.58,9.0456,7.6445,7.3266,1.6717,1.295,1.1164,4.1784,1.354,1.3884,1.436,5.8768,2.1539,1.9026,1.8203,0.6989,0.777,0.682,0.6138,50,277.14,163.95,1,1,2025-10-01 16:29:39,19.7,88.7,,1,0,,0
2025-10-01 16:30:24,210.59,3.9595,244.59,7.8602,23.580599999999997,236.7,248.77,248.3,420.69,427.51,422.67,423.54,8.8459,7.4948,7.2399,1.6149,1.2659,1.0787,4.1285,1.3285,1.3635,1.4365,5.756,2.0938,1.8645,1.7977,0.6921,0.7722,0.6803,0.6004,50,277.21,164,1,1,2025-10-01 16:30:24,19.7,85.8,,1,0,,0
2025-10-01 16:31:09,210.64,3.7594,245.05,7.6794,23.0384,237.15,249.24,248.78,421.27,427.91,424.08,424.38,8.6473,7.313,7.0781,1.5517,1.196,1.0117,4.1464,1.3365,1.3701,1.4398,5.6343,2.0507,1.8227,1.7609,0.6716,0.7576,0.6576,0.5749,50,277.29,164.06,1,1,2025-10-01 16:31:09,19.6,83.9,,1,0,,0
2025-10-01 16:31:54,210.69,3.6555,245.31,7.5998,22.799500000000002,237.43,249.48,249.02,421.96,428.49,424.14,424.78,8.5715,7.2278,7.0002,1.5219,1.1568,0.9768,4.1664,1.3467,1.3776,1.4421,5.5815,2.0351,1.8032,1.7432,0.6595,0.7489,0.643,0.5608,50,277.36,164.11,1,1,2025-10-01 16:31:54,19.6,82.5,,1,0,,0
2025-10-01 16:32:39,210.73,3.6083,245.16,7.5442,22.6326,237.21,249.33,248.94,421.34,428.16,424.3,424.72,8.4985,7.1687,6.9654,1.5016,1.1429,0.9637,4.1502,1.3409,1.3691,1.4402,5.5373,2.0159,1.7874,1.734,0.6561,0.7458,0.6408,0.5561,50,277.42,164.16,1,1,2025-10-01 16:32:39,19.5,81.7,,1,0,,0
2025-10-01 16:34:09,210.82,3.6068,245.92,7.5798,22.7395,238.9,249.7,249.17,423.42,429.03,425.34,425.93,8.5379,7.2385,6.9631,1.5147,1.1374,0.9548,4.2081,1.3617,1.3994,1.4471,5.5822,2.0397,1.8075,1.735,0.6507,0.7436,0.6307,0.5507,50,277.57,164.27,1,1,2025-10-01 16:34:09,19.1,81,,1,0,,0
2025-10-01 16:34:54,210.86,3.6155,245.8,7.582,22.7461,238.89,249.49,249.04,423.11,429.11,424.98,425.73,8.5591,7.2196,6.9674,1.518,1.1351,0.9624,4.2003,1.3653,1.393,1.442,5.5811,2.0447,1.8012,1.7352,0.6523,0.7435,0.6316,0.5551,50,277.63,164.32,1,1,2025-10-01 16:34:54,19.0,80.4,,1,0,,0
2025-10-01 16:35:39,210.91,3.615,245.92,7.5727,22.7183,238.87,249.77,249.14,423.39,429.38,425.05,425.84,8.5268,7.243,6.9485,1.5179,1.1429,0.9542,4.194,1.3538,1.3972,1.4429,5.577,2.0368,1.8091,1.7311,0.6528,0.7462,0.6331,0.5515,50,277.7,164.37,1,1,2025-10-01 16:35:39,19.0,80.1,,1,0,,0
2025-10-01 16:36:24,210.96,3.6124,245.83,7.5685,22.7057,238.92,249.53,249.05,422.92,429.76,424.68,425.65,8.5427,7.2113,6.9517,1.5171,1.1352,0.9601,4.1905,1.3607,1.3908,1.439,5.5718,2.041,1.7994,1.7313,0.6529,0.7444,0.6315,0.554,50,277.78,164.42,1,1,2025-10-01 16:36:24,19.0,79.8,,1,0,,0
2025-10-01 16:37:09,210.97,0.5232,246.38,0.7513,2.2539,239.44,250.2,249.52,424.2,430.52,425.51,426.62,2.2539,0.0,0.0,0.5217,0.0,0.0,0.136,0.136,0,0,0.5397,0.5397,0,0,0.9678,0.9676,1,1,49.9,277.8,164.44,0,1,2025-10-01 16:37:09,18.9,80,,0,0,,1
2025-10-01 16:38:39,210.99,0.5227,246.69,0.7522,2.2566,239.57,250.56,249.96,424.72,430.48,426.61,427.19,2.2566,0.0,0.0,0.5227,0.0,0.0,0.1362,0.1362,0,0,0.5406,0.5406,0,0,0.9676,0.9677,1,1,50,277.82,164.44,0,1,2025-10-01 16:38:39,19.0,83,,0,0,,1
2025-10-01 16:39:24,210.99,0.5232,246.73,0.7515,2.2547,239.64,250.59,249.96,424.62,431.45,425.95,427.32,2.2547,0.0,0.0,0.5222,0.0,0.0,0.1366,0.1366,0,0,0.5403,0.5403,0,0,0.9675,0.9674,1,1,50,277.82,164.45,0,1,2025-10-01 16:39:24,19.0,84.4,,0,0,,1
2025-10-01 16:40:09,211,0.5207,246.03,0.7513,2.254,238.78,250.54,248.78,423.5,429.32,425.52,426.16,2.254,0.0,0.0,0.5207,0.0,0.0,0.134,0.134,0,0,0.5382,0.5382,0,0,0.9684,0.9683,1,1,50,277.83,164.45,0,1,2025-10-01 16:40:09,19.0,85.6,,0,0,,1
2025-10-01 16:40:54,211.01,0.5225,246.04,0.7514,2.2543,238.8,250.57,248.77,423.15,430.38,424.93,426.17,2.2543,0.0,0.0,0.5208,0.0,0.0,0.1343,0.1343,0,0,0.5383,0.5383,0,0,0.9685,0.9683,1,1,50,277.84,164.45,0,1,2025-10-01 16:40:54,19.1,86.6,,0,0,,1
2025-10-01 16:41:39,211.01,0.5211,246.3,0.7504,2.2514,238.56,250.5,249.85,423.34,430.55,425.88,426.54,2.2514,0.0,0.0,0.5196,0.0,0.0,0.1341,0.1341,0,0,0.5371,0.5371,0,0,0.9684,0.9682,1,1,50,277.84,164.45,0,1,2025-10-01 16:41:39,19.5,87.4,,0,0,,1
2025-10-01 16:42:24,211.02,0.5206,246.42,0.7513,2.2539,238.76,250.55,249.95,424.25,429.79,426.29,426.74,2.2539,0.0,0.0,0.5206,0.0,0.0,0.1341,0.1341,0,0,0.5381,0.5381,0,0,0.9683,0.9683,1,1,50,277.85,164.45,0,1,2025-10-01 16:42:24,19.6,88.2,,0,0,,1
2025-10-01 16:43:09,211.03,0.5248,247.15,0.752,2.2562,240.12,251,250.33,425.45,431.81,426.93,427.96,2.2562,0.0,0.0,0.5236,0.0,0.0,0.1369,0.1369,0,0,0.5418,0.5418,0,0,0.9676,0.9674,1,1,50,277.86,164.45,0,1,2025-10-01 16:43:09,19.6,88.9,,0,0,,1
2025-10-01 16:43:54,211.03,0.5242,247.02,0.7516,2.2549,239.94,250.96,250.17,425.57,431,426.94,427.92,2.2549,0.0,0.0,0.523,0.0,0.0,0.1365,0.1365,0,0,0.541,0.541,0,0,0.9677,0.9675,1,1,50,277.86,164.46,0,1,2025-10-01 16:43:54,19.7,89.5,,0,0,,1
2025-10-01 16:44:39,211.04,0.5251,246.89,0.752,2.2561,239.87,250.77,250.05,425.22,431.05,426.59,427.65,2.2561,0.0,0.0,0.5231,0.0,0.0,0.1367,0.1367,0,0,0.5412,0.5412,0,0,0.9677,0.9675,1,1,50,277.87,164.46,0,1,2025-10-01 16:44:39,19.7,90,,0,0,,1
2025-10-01 16:45:24,211.05,0.5245,246.87,0.7515,2.2546,239.83,250.74,250.04,425.22,430.76,426.73,427.56,2.2546,0.0,0.0,0.5227,0.0,0.0,0.1363,0.1363,0,0,0.5407,0.5407,0,0,0.9678,0.9676,1,1,50,277.88,164.46,0,1,2025-10-01 16:45:24,19.7,90.4,,0,0,,1
2025-10-01 16:46:09,211.05,0.5264,247.07,0.7528,2.2586,240.35,250.2,250.66,425.86,430.61,427.27,427.93,2.2586,0.0,0.0,0.5248,0.0,0.0,0.1367,0.1367,0,0,0.5429,0.5429,0,0,0.9679,0.9677,1,1,50,277.88,164.46,0,1,2025-10-01 16:46:09,19.8,90.9,,0,0,,1
2025-10-01 16:46:54,211.06,0.5261,246.97,0.7528,2.2585,240.21,250.05,250.67,425.34,430.68,427.25,427.79,2.2585,0.0,0.0,0.5245,0.0,0.0,0.1364,0.1364,0,0,0.5425,0.5425,0,0,0.968,0.9678,1,1,50,277.89,164.46,0,1,2025-10-01 16:46:54,19.8,91.2,,0,0,,1
2025-10-01 16:47:39,211.07,0.5203,246.3,0.7498,2.2496,238.39,250.5,250.03,424.13,429.88,425.74,426.57,2.2496,0.0,0.0,0.519,0.0,0.0,0.133,0.133,0,0,0.5363,0.5363,0,0,0.9688,0.9687,1,1,50,277.9,164.46,0,1,2025-10-01 16:47:39,19.8,91.5,,0,0,,1
2025-10-01 16:48:24,211.07,0.519,246.12,0.7501,2.2504,238.26,250.23,249.88,423.39,429.42,425.97,426.28,2.2504,0.0,0.0,0.519,0.0,0.0,0.1325,0.1325,0,0,0.5362,0.5362,0,0,0.9689,0.9689,1,1,50,277.9,164.47,0,1,2025-10-01 16:48:24,20.3,91.8,,0,0,,1
2025-10-01 16:49:09,211.08,0.5189,246,0.7504,2.2513,238.12,250.09,249.81,423.12,429.31,425.76,426.05,2.2513,0.0,0.0,0.5189,0.0,0.0,0.1325,0.1325,0,0,0.5361,0.5361,0,0,0.9688,0.9688,1,1,50,277.91,164.47,0,1,2025-10-01 16:49:09,20.3,92.1,,0,0,,1
2025-10-01 16:49:54,211.08,0.52,245.73,0.7504,2.2513,237.75,250,249.44,423.06,428.53,425.15,425.61,2.2513,0.0,0.0,0.5183,0.0,0.0,0.1316,0.1316,0,0,0.5352,0.5352,0,0,0.9694,0.9692,1,1,50,277.92,164.47,0,1,2025-10-01 16:49:54,20.3,92.3,,0,0,,1
2025-10-01 16:50:39,211.09,0.5192,245.71,0.7495,2.2486,237.72,250.06,249.37,423.02,428.68,424.97,425.5,2.2486,0.0,0.0,0.5175,0.0,0.0,0.1318,0.1318,0,0,0.5345,0.5345,0,0,0.9692,0.969,1,1,50,277.92,164.47,0,1,2025-10-01 16:50:39,20.4,92.6,,0,0,,1
2025-10-01 16:51:24,211.1,0.5227,246.49,0.7511,2.2535,239.28,250.38,249.83,424.49,429.83,426.43,426.86,2.2535,0.0,0.0,0.5214,0.0,0.0,0.1354,0.1354,0,0,0.5392,0.5392,0,0,0.968,0.9678,1,1,50,277.93,164.47,0,1,2025-10-01 16:51:24,20.4,92.8,,0,0,,1
2025-10-01 16:52:09,211.1,0.523,246.57,0.751,2.2532,239.29,250.51,249.93,424.37,430.82,426.01,427.02,2.2532,0.0,0.0,0.5214,0.0,0.0,0.1351,0.1351,0,0,0.5392,0.5392,0,0,0.9682,0.968,1,1,50,277.94,164.47,0,1,2025-10-01 16:52:09,20.4,93,,0,0,,1
2025-10-01 16:52:54,211.11,0.522,246.42,0.7505,2.2517,239.16,250.36,249.75,424.28,430.31,425.8,426.82,2.2517,0.0,0.0,0.5208,0.0,0.0,0.135,0.135,0,0,0.5385,0.5385,0,0,0.9681,0.968,1,1,50,277.94,164.48,0,1,2025-10-01 16:52:54,20.4,93.2,,0,0,,1
2025-10-01 16:53:39,211.12,0.5224,246.39,0.7507,2.2522,239.1,250.32,249.77,424.38,429.69,426.16,426.86,2.2522,0.0,0.0,0.5209,0.0,0.0,0.1345,0.1345,0,0,0.5385,0.5385,0,0,0.9684,0.9682,1,1,50,277.95,164.48,0,1,2025-10-01 16:53:39,20.5,93.3,,0,0,,1
2025-10-01 16:54:24,211.12,0.523,246.38,0.7507,2.2521,239.5,249.68,249.96,423.64,430.61,425.95,426.72,2.2521,0.0,0.0,0.5216,0.0,0.0,0.1352,0.1352,0,0,0.5394,0.5394,0,0,0.9681,0.968,1,1,50,277.96,164.48,0,1,2025-10-01 16:54:24,20.5,93.4,,0,0,,1
2025-10-01 16:55:09,211.13,0.5226,246.77,0.7506,2.252,239.26,250.87,250.2,424.87,430.53,426.79,427.48,2.252,0.0,0.0,0.521,0.0,0.0,0.1354,0.1354,0,0,0.5388,0.5388,0,0,0.968,0.9678,1,1,49.9,277.96,164.48,0,1,2025-10-01 16:55:09,20.5,93.5,,0,0,,1
2025-10-01 16:55:54,211.14,0.5152,245.93,0.7459,2.2378,237.24,250.19,250.38,422.48,430.84,424.58,427.25,2.2378,0.0,0.0,0.5139,0.0,0.0,0.1313,0.1313,0,0,0.5309,0.5309,0,0,0.969,0.9688,1,1,49.9,277.97,164.48,0,1,2025-10-01 16:55:54,20.5,93.7,,0,0,,1
2025-10-01 16:56:39,211.14,0.519,246.02,0.749,2.2472,237.9,250.29,249.89,423.65,429.07,425.55,426.11,2.2472,0.0,0.0,0.5176,0.0,0.0,0.132,0.132,0,0,0.5346,0.5346,0,0,0.9691,0.9689,1,1,50,277.98,164.48,0,1,2025-10-01 16:56:39,20.6,93.8,,0,0,,1
2025-10-01 16:57:24,211.15,0.5173,245.3,0.7487,2.2461,237.29,249.73,248.9,421.85,427.99,424.69,424.91,2.2461,0.0,0.0,0.5162,0.0,0.0,0.1308,0.1308,0,0,0.533,0.533,0,0,0.9694,0.9693,1,1,50,277.98,164.49,0,1,2025-10-01 16:57:24,20.6,93.9,,0,0,,1
2025-10-01 16:58:09,211.16,0.5185,245.59,0.749,2.2471,237.68,249.95,249.15,422.59,428.46,424.98,425.35,2.2471,0.0,0.0,0.5172,0.0,0.0,0.1313,0.1313,0,0,0.5341,0.5341,0,0,0.9694,0.9692,1,1,50,277.99,164.49,0,1,2025-10-01 16:58:09,20.6,94,,0,0,,1
2025-10-01 16:58:54,211.16,0.52,245.66,0.7507,2.2523,237.65,250,249.33,422.27,428.85,425.26,425.43,2.2523,0.0,0.0,0.5186,0.0,0.0,0.1305,0.1305,0,0,0.5353,0.5353,0,0,0.9699,0.9697,1,1,50,278,164.49,0,1,2025-10-01 16:58:54,20.6,94,,0,0,,1
2025-10-01 16:59:39,211.17,0.5243,246.41,0.7521,2.2565,239.27,250.35,249.62,423.88,429.84,426.59,426.75,2.2565,0.0,0.0,0.5226,0.0,0.0,0.1337,0.1337,0,0,0.5399,0.5399,0,0,0.9689,0.9687,1,1,50,278,164.49,0,1,2025-10-01 16:59:39,20.6,94.1,,0,0,,1
2025-10-01 17:00:24,211.18,0.5231,246.54,0.7512,2.2537,239.3,250.56,249.77,424.18,430.19,426.63,427.01,2.2537,0.0,0.0,0.5219,0.0,0.0,0.1338,0.1338,0,0,0.5393,0.5393,0,0,0.9688,0.9686,1,1,50.1,278.01,164.49,0,1,2025-10-01 17:00:24,20.6,94.1,,0,0,,1
2025-10-01 17:01:09,211.18,0.5248,246.85,0.7524,2.2572,239.68,250.78,250.11,424.91,430.79,426.93,427.54,2.2572,0.0,0.0,0.5236,0.0,0.0,0.134,0.134,0,0,0.541,0.541,0,0,0.9688,0.9687,1,1,50.1,278.02,164.49,0,1,2025-10-01 17:01:09,21.1,94.2,,0,0,,1
2025-10-01 17:01:54,211.19,0.5253,247.07,0.7525,2.2577,239.7,251.25,250.27,425.55,431.02,427.18,427.9,2.2577,0.0,0.0,0.5239,0.0,0.0,0.1337,0.1337,0,0,0.5412,0.5412,0,0,0.9691,0.9689,1,1,50.1,278.02,164.5,0,1,2025-10-01 17:01:54,21.1,94.2,,0,0,,1
2025-10-01 17:02:39,211.2,0.5243,247.06,0.7515,2.2545,239.69,251.3,250.21,425.77,430.98,426.97,427.87,2.2545,0.0,0.0,0.5231,0.0,0.0,0.1334,0.1334,0,0,0.5404,0.5404,0,0,0.9691,0.969,1,1,50.1,278.03,164.5,0,1,2025-10-01 17:02:39,21.1,94.3,,0,0,,1
2025-10-01 17:03:24,211.2,0.5264,247.11,0.7528,2.2585,240.15,250.93,250.25,425.54,431.08,427.34,427.95,2.2585,0.0,0.0,0.5249,0.0,0.0,0.1346,0.1346,0,0,0.5424,0.5424,0,0,0.9688,0.9686,1,1,50.1,278.04,164.5,0,1,2025-10-01 17:03:24,21.1,94.3,,0,0,,1
2025-10-01 17:04:09,211.21,0.5262,247.86,0.7525,2.2575,240.42,251.88,251.29,426.9,432.63,428.33,429.22,2.2575,0.0,0.0,0.5251,0.0,0.0,0.1353,0.1353,0,0,0.5427,0.5427,0,0,0.9684,0.9683,1,1,50.1,278.04,164.5,0,1,2025-10-01 17:04:09,21.1,94.4,,0,0,,1
2025-10-01 17:04:54,211.22,0.5266,247.87,0.7526,2.2579,240.35,251.97,251.3,426.71,433.13,428.1,429.28,2.2579,0.0,0.0,0.525,0.0,0.0,0.1352,0.1352,0,0,0.5427,0.5427,0,0,0.9686,0.9684,1,1,50.1,278.05,164.5,0,1,2025-10-01 17:04:54,21.1,94.4,,0,0,,1
2025-10-01 17:05:39,211.22,0.5225,247.16,0.7511,2.2533,238.9,251.53,251.07,424.77,432.14,427.34,428.03,2.2533,0.0,0.0,0.5213,0.0,0.0,0.1324,0.1324,0,0,0.5383,0.5383,0,0,0.9693,0.9692,1,1,50.1,278.06,164.5,0,1,2025-10-01 17:05:39,21.2,94.4,,0,0,,1
2025-10-01 17:06:24,211.23,0.5215,246.44,0.7506,2.2518,238.38,250.96,250,423.95,430.22,426.3,426.76,2.2518,0.0,0.0,0.5199,0.0,0.0,0.1315,0.1315,0,0,0.5368,0.5368,0,0,0.9696,0.9694,1,1,50,278.06,164.51,0,1,2025-10-01 17:06:24,21.2,94.4,,0,0,,1
2025-10-01 17:07:09,211.23,0.5204,246.24,0.7499,2.2497,238.16,250.73,249.83,423.5,430.1,425.81,426.48,2.2497,0.0,0.0,0.5189,0.0,0.0,0.1316,0.1316,0,0,0.5358,0.5358,0,0,0.9694,0.9693,1,1,50,278.07,164.51,0,1,2025-10-01 17:07:09,21.2,94.5,,0,0,,1
2025-10-01 17:07:54,211.24,0.5182,246.25,0.7491,2.2473,238.21,250.72,249.82,423.32,430.33,425.82,426.39,2.2473,0.0,0.0,0.5182,0.0,0.0,0.1324,0.1324,0,0,0.5353,0.5353,0,0,0.9688,0.9688,1,1,50,278.08,164.51,0,1,2025-10-01 17:07:54,21.2,94.4,,0,0,,1
2025-10-01 17:08:39,211.25,0.5231,246.88,0.7503,2.2509,239.69,250.9,250.07,425.12,430.39,427.26,427.5,2.2509,0.0,0.0,0.5216,0.0,0.0,0.1357,0.1357,0,0,0.5395,0.5395,0,0,0.9679,0.9677,1,1,50,278.08,164.51,0,1,2025-10-01 17:08:39,21.2,94.4,,0,0,,1
2025-10-01 17:09:24,211.25,0.5226,246.79,0.75,2.2501,239.5,250.88,249.99,424.72,430.68,426.88,427.45,2.2501,0.0,0.0,0.5212,0.0,0.0,0.1351,0.1351,0,0,0.5389,0.5389,0,0,0.9681,0.968,1,1,50,278.09,164.51,0,1,2025-10-01 17:09:24,21.2,94.4,,0,0,,1
2025-10-01 17:10:09,211.26,0.5246,247.11,0.7514,2.2542,239.97,251.01,250.37,425.42,430.77,427.77,427.92,2.2542,0.0,0.0,0.5231,0.0,0.0,0.1355,0.1355,0,0,0.5409,0.5409,0,0,0.9682,0.968,1,1,50,278.1,164.51,0,1,2025-10-01 17:10:09,21.2,94.4,,0,0,,1
2025-10-01 17:10:54,211.27,0.5251,247.16,0.7516,2.2548,240.12,250.92,250.46,425.44,430.8,427.98,428.1,2.2548,0.0,0.0,0.5237,0.0,0.0,0.1354,0.1354,0,0,0.5414,0.5414,0,0,0.9683,0.9681,1,1,50,278.11,164.52,0,1,2025-10-01 17:10:54,21.2,94.4,,0,0,,1
2025-10-01 17:11:39,211.27,0.5264,247.91,0.7519,2.2559,240.58,251.77,251.39,426.43,432.75,428.95,429.3,2.2559,0.0,0.0,0.5248,0.0,0.0,0.1362,0.1362,0,0,0.5427,0.5427,0,0,0.9681,0.9679,1,1,50,278.11,164.52,0,1,2025-10-01 17:11:39,21.3,94.4,,0,0,,1
2025-10-01 17:12:24,211.28,0.5267,248.01,0.7526,2.2579,240.67,251.89,251.49,426.61,433.26,428.82,429.47,2.2579,0.0,0.0,0.5255,0.0,0.0,0.1364,0.1364,0,0,0.5434,0.5434,0,0,0.968,0.9679,1,1,50,278.12,164.52,0,1,2025-10-01 17:12:24,21.3,94.4,,0,0,,1
2025-10-01 17:13:09,211.29,0.5275,248.05,0.7529,2.2589,240.61,252.13,251.43,427.13,432.83,428.89,429.64,2.2589,0.0,0.0,0.5257,0.0,0.0,0.1359,0.1359,0,0,0.5435,0.5435,0,0,0.9683,0.9681,1,1,50.1,278.13,164.52,0,1,2025-10-01 17:13:09,21.3,94.4,,0,0,,1
2025-10-01 17:13:54,211.29,0.5252,247.3,0.7518,2.2554,240.01,251.32,250.58,426.15,432.14,426.69,428.26,2.2554,0.0,0.0,0.5238,0.0,0.0,0.1346,0.1346,0,0,0.5413,0.5413,0,0,0.9686,0.9685,1,1,50,278.13,164.52,0,1,2025-10-01 17:13:54,21.3,94.4,,0,0,,1
2025-10-01 17:14:39,211.3,0.5209,246.38,0.7502,2.2506,238.37,250.68,250.1,423.97,430.45,425.76,426.79,2.2506,0.0,0.0,0.5197,0.0,0.0,0.1313,0.1313,0,0,0.5365,0.5365,0,0,0.9696,0.9695,1,1,50,278.14,164.52,0,1,2025-10-01 17:14:39,21.3,94.4,,0,0,,1
2025-10-01 17:15:24,211.31,0.5231,246.57,0.7518,2.2555,238.69,250.79,250.25,424.34,430.16,426.64,427.03,2.2555,0.0,0.0,0.5215,0.0,0.0,0.1318,0.1318,0,0,0.5384,0.5384,0,0,0.9697,0.9695,1,1,50.1,278.15,164.53,0,1,2025-10-01 17:15:24,21.3,94.3,,0,0,,1
2025-10-01 17:16:09,211.31,0.522,246.46,0.7511,2.2533,238.47,250.75,250.17,424.06,430.5,426.02,426.8,2.2533,0.0,0.0,0.5205,0.0,0.0,0.1314,0.1314,0,0,0.5373,0.5373,0,0,0.9697,0.9695,1,1,50.1,278.15,164.53,0,1,2025-10-01 17:16:09,21.3,94.3,,0,0,,1
2025-10-01 17:16:54,211.32,0.5211,246.45,0.7501,2.2503,238.43,250.77,250.17,423.74,430.81,426.02,426.76,2.2503,0.0,0.0,0.5196,0.0,0.0,0.1316,0.1316,0,0,0.5365,0.5365,0,0,0.9695,0.9693,1,1,50.1,278.16,164.53,0,1,2025-10-01 17:16:54,21.4,94.4,,0,0,,1
2025-10-01 17:17:39,211.33,0.5216,246.3,0.7502,2.2508,238.82,249.75,250.33,423.52,429.78,426.44,426.57,2.2508,0.0,0.0,0.5204,0.0,0.0,0.1328,0.1328,0,0,0.5375,0.5375,0,0,0.969,0.9689,1,1,50,278.17,164.53,0,1,2025-10-01 17:17:39,21.4,94.3,,0,0,,1
2025-10-01 17:18:24,211.33,0.5241,247.03,0.7508,2.2526,240.07,250.72,250.31,425.47,430.85,427.23,427.82,2.2526,0.0,0.0,0.5228,0.0,0.0,0.136,0.136,0,0,0.5408,0.5408,0,0,0.9679,0.9678,1,1,50,278.17,164.53,0,1,2025-10-01 17:18:24,21.4,94.3,,0,0,,1
2025-10-01 17:19:09,211.34,0.525,247.73,0.7509,2.2529,240.44,251.46,251.3,426.65,432.24,428.3,429.03,2.2529,0.0,0.0,0.5236,0.0,0.0,0.1368,0.1368,0,0,0.5417,0.5417,0,0,0.9676,0.9675,1,1,50,278.18,164.53,0,1,2025-10-01 17:19:09,21.4,94.3,,0,0,,1
2025-10-01 17:19:54,211.39,4.3164,246.67,8.2843,24.853099999999998,239.82,249.38,250.81,423.81,430.57,427.3,427.13,9.3197,7.8572,7.6762,1.7331,1.3646,1.2186,4.2957,1.4067,1.4002,1.4888,6.1197,2.2351,1.9594,1.9253,0.7087,0.7764,0.6979,0.6334,50,278.25,164.58,1,1,2025-10-01 17:19:54,21.4,92.2,,1,0,,0
2025-10-01 17:21:24,211.5,4.2682,246.5,8.2219,24.6657,239.26,250.28,249.98,424.2,430.6,426.03,426.73,9.2116,7.8764,7.5777,1.7216,1.3695,1.1771,4.2665,1.3717,1.4123,1.4825,6.0695,2.204,1.9713,1.8943,0.7072,0.7821,0.6961,0.6218,50,278.41,164.69,1,1,2025-10-01 17:21:24,21.1,84.1,,1,0,,0
2025-10-01 17:22:09,211.55,4.2633,246.5,8.2129,24.6387,239.34,250.2,249.96,424.14,430.33,426.32,426.97,9.2162,7.8553,7.5672,1.7211,1.3635,1.1786,4.2635,1.3749,1.4095,1.479,6.0627,2.2058,1.9654,1.8915,0.707,0.7811,0.6945,0.6221,50,278.48,164.74,1,1,2025-10-01 17:22:09,20.6,81,,1,0,,0
2025-10-01 17:22:54,211.6,4.2498,246.51,8.2025,24.6076,239.42,250.17,249.95,424.28,429.88,426.68,426.9,9.242,7.8196,7.546,1.7225,1.3498,1.1775,4.2653,1.3839,1.4099,1.4714,6.0551,2.2127,1.9562,1.8861,0.7058,0.7795,0.6915,0.6248,50,278.56,164.8,1,1,2025-10-01 17:22:54,20.4,78.6,,1,0,,0
2025-10-01 17:23:39,211.66,4.2087,246.49,8.1685,24.5055,239.31,250.19,249.97,424.56,429.63,426.52,426.89,9.1856,7.7929,7.527,1.7062,1.3402,1.1623,4.2707,1.3825,1.4106,1.4776,6.0294,2.1982,1.9497,1.8815,0.7019,0.7765,0.6885,0.6181,49.9,278.63,164.85,1,1,2025-10-01 17:23:39,19.9,76.3,,1,0,,0
2025-10-01 17:24:24,211.7,0.3274,247.45,0.4648,1.3946,241.09,250.24,251.02,425.68,431.4,428.65,428.59,1.3946,0.0,0.0,0.3259,0.0,0.0,0.0797,0.0797,0,0,0.3362,0.3362,0,0,0.9715,0.9713,1,1,50,278.7,164.9,0,1,2025-10-01 17:24:24,19.7,74.5,,0,0,,1
2025-10-01 17:25:09,211.71,0.3214,246.66,0.46,1.3801,239.42,249.98,250.59,423.9,430.84,426.92,427.21,1.3801,0.0,0.0,0.3203,0.0,0.0,0.0783,0.0783,0,0,0.3304,0.3304,0,0,0.9716,0.9714,1,1,50,278.71,164.9,0,1,2025-10-01 17:25:09,19.6,75.7,,0,0,,1
2025-10-01 17:25:54,211.71,0.3216,246.68,0.4598,1.3794,239.49,249.99,250.56,424.79,429.99,426.92,427.28,1.3794,0.0,0.0,0.3202,0.0,0.0,0.0786,0.0786,0,0,0.3304,0.3304,0,0,0.9713,0.9711,1,1,50,278.71,164.9,0,1,2025-10-01 17:25:54,19.5,78.4,,0,0,,1
2025-10-01 17:26:39,211.72,0.3218,247.29,0.4595,1.3786,240.04,251.59,250.26,425.74,431.33,427.82,428.38,1.3786,0.0,0.0,0.3205,0.0,0.0,0.0795,0.0795,0,0,0.3309,0.3309,0,0,0.9707,0.9705,1,1,50,278.71,164.91,0,1,2025-10-01 17:26:39,19.5,80.8,,0,0,,1
2025-10-01 17:27:24,211.72,0.3221,247.41,0.46,1.3802,240.07,251.75,250.41,425.39,432.27,427.86,428.49,1.3802,0.0,0.0,0.3209,0.0,0.0,0.0798,0.0798,0,0,0.3313,0.3313,0,0,0.9706,0.9704,1,1,50,278.72,164.91,0,1,2025-10-01 17:27:24,19.5,82.7,,0,0,,1
2025-10-01 17:28:09,211.72,0.3234,248.13,0.4613,1.3839,241.62,252.05,250.74,427.16,433.13,429.01,429.83,1.3839,0.0,0.0,0.3234,0.0,0.0,0.0822,0.0822,0,0,0.3344,0.3344,0,0,0.9691,0.9691,1,1,50,278.72,164.91,0,1,2025-10-01 17:28:09,19.6,84.4,,0,0,,1
2025-10-01 17:28:54,211.73,0.3235,247.62,0.4604,1.3813,241.01,251.3,250.55,426.72,431.49,428.38,428.84,1.3813,0.0,0.0,0.3221,0.0,0.0,0.0813,0.0813,0,0,0.3329,0.3329,0,0,0.9698,0.9696,1,1,50,278.73,164.91,0,1,2025-10-01 17:28:54,19.6,85.9,,0,0,,1
2025-10-01 17:29:39,211.73,0.3233,247.98,0.4613,1.3841,241.32,251.52,251.12,427,432.14,429.36,429.54,1.3841,0.0,0.0,0.3233,0.0,0.0,0.081,0.081,0,0,0.334,0.334,0,0,0.97,0.97,1,1,50,278.73,164.91,0,1,2025-10-01 17:29:39,19.7,87,,0,0,,1
2025-10-01 17:30:24,211.74,0.3234,248.19,0.4611,1.3833,241.55,251.7,251.32,427.57,432.24,429.73,429.81,1.3833,0.0,0.0,0.3234,0.0,0.0,0.081,0.081,0,0,0.3341,0.3341,0,0,0.97,0.97,1,1,50.1,278.74,164.91,0,1,2025-10-01 17:30:24,19.7,87.9,,0,0,,1
2025-10-01 17:31:09,211.75,4.0271,247.45,8.0344,24.1032,240.34,251.16,250.85,425.87,431.31,428.51,428.55,9.0585,7.6794,7.3653,1.6588,1.2746,1.0936,4.3338,1.405,1.4415,1.4872,5.9535,2.1771,1.9288,1.8476,0.6807,0.763,0.6624,0.5924,50.1,278.75,164.92,1,1,2025-10-01 17:31:09,19.8,88.8,,1,0,,0
2025-10-01 17:31:54,211.8,4.2489,247.43,8.216,24.6481,240.31,251.14,250.86,425.95,431.08,428.58,428.63,9.2524,7.8482,7.5475,1.7266,1.3513,1.171,4.3111,1.3962,1.429,1.4859,6.0878,2.2234,1.971,1.8934,0.7019,0.7775,0.687,0.6189,50.1,278.83,164.97,1,1,2025-10-01 17:31:54,19.8,86.3,,1,0,,0
2025-10-01 17:32:39,211.85,4.2126,247.43,8.1808,24.5425,240.33,251.15,250.81,425.73,431.87,428.02,428.55,9.2194,7.811,7.5121,1.7165,1.3376,1.1585,4.3081,1.3958,1.4288,1.4836,6.0615,2.2157,1.9617,1.8841,0.6991,0.7758,0.6834,0.6154,50.1,278.9,165.03,1,1,2025-10-01 17:32:39,19.7,82.8,,1,0,,0
2025-10-01 17:33:24,211.9,4.2324,247.95,8.2169,24.6507,240.74,251.53,251.59,426.48,432.87,428.99,429.56,9.1996,7.8763,7.5748,1.7128,1.3558,1.1638,4.3449,1.3992,1.4386,1.507,6.1016,2.2147,1.9811,1.9057,0.6977,0.7744,0.6858,0.6112,50.1,278.97,165.08,1,1,2025-10-01 17:33:24,19.6,80,,1,0,,0
2025-10-01 17:34:09,211.96,4.2284,247.97,8.2117,24.6351,240.92,251.42,251.57,426.69,432.31,429.4,429.41,9.2228,7.8393,7.573,1.7142,1.3457,1.1685,4.3454,1.4086,1.434,1.5028,6.0981,2.222,1.971,1.9051,0.6973,0.7725,0.6842,0.6138,50.1,279.05,165.14,1,1,2025-10-01 17:34:09,19.5,77.4,,1,0,,0
2025-10-01 17:34:54,211.96,0.3244,248.02,0.4616,1.385,240.69,251.68,251.69,426.53,433.47,428.71,429.58,1.385,0.0,0.0,0.3229,0.0,0.0,0.0799,0.0799,0,0,0.3334,0.3334,0,0,0.971,0.9707,1,1,50,279.06,165.14,0,1,2025-10-01 17:34:54,19.0,77.5,,0,0,,1
2025-10-01 17:35:39,211.97,0.3234,247.7,0.461,1.3831,240.23,251.62,251.26,425.96,432.15,428.89,429.23,1.3831,0.0,0.0,0.3219,0.0,0.0,0.0794,0.0794,0,0,0.3323,0.3323,0,0,0.9711,0.9708,1,1,50,279.06,165.14,0,1,2025-10-01 17:35:39,19.0,79.6,,0,0,,1
2025-10-01 17:36:24,211.97,0.3211,247.16,0.4604,1.3812,239.94,251.07,250.47,425.54,430.49,428.13,428.04,1.3812,0.0,0.0,0.3211,0.0,0.0,0.0792,0.0792,0,0,0.3314,0.3314,0,0,0.9709,0.9709,1,1,50,279.07,165.14,0,1,2025-10-01 17:36:24,19.0,81.5,,0,0,,1
2025-10-01 17:37:09,211.97,0.3215,246.8,0.4597,1.3791,239.63,250.62,250.16,424.7,430.57,427.08,427.4,1.3791,0.0,0.0,0.3201,0.0,0.0,0.0794,0.0794,0,0,0.3305,0.3305,0,0,0.9708,0.9706,1,1,49.9,279.07,165.14,0,1,2025-10-01 17:37:09,19.0,83.2,,0,0,,1
2025-10-01 17:37:54,211.98,0.3246,247.65,0.4614,1.3842,241.29,251.08,250.6,426.37,431.16,429.23,428.86,1.3842,0.0,0.0,0.323,0.0,0.0,0.0819,0.0819,0,0,0.334,0.334,0,0,0.9696,0.9693,1,1,50,279.08,165.14,0,1,2025-10-01 17:37:54,19.0,84.7,,0,0,,1
2025-10-01 17:38:39,211.98,0.3236,247.8,0.4606,1.3819,241.23,251.48,250.69,426.95,431.9,428.69,429.08,1.3819,0.0,0.0,0.3223,0.0,0.0,0.0822,0.0822,0,0,0.3334,0.3334,0,0,0.9692,0.9689,1,1,50,279.08,165.14,0,1,2025-10-01 17:38:39,19.5,86,,0,0,,1
2025-10-01 17:39:24,211.99,0.3229,247.6,0.4615,1.3846,241.09,251.19,250.52,426.79,431.24,428.45,428.82,1.3846,0.0,0.0,0.3229,0.0,0.0,0.0815,0.0815,0,0,0.3338,0.3338,0,0,0.9695,0.9695,1,1,50,279.08,165.14,0,1,2025-10-01 17:39:24,19.5,87.1,,0,0,,1
2025-10-01 17:40:09,211.99,0.3236,248.29,0.4616,1.3849,241.59,251.78,251.5,427.55,433.3,429.26,429.93,1.3849,0.0,0.0,0.3236,0.0,0.0,0.082,0.082,0,0,0.3346,0.3346,0,0,0.9693,0.9693,1,1,50,279.09,165.14,0,1,2025-10-01 17:40:09,19.6,88,,0,0,,1
2025-10-01 17:40:54,211.99,0.3234,248.2,0.4616,1.3849,241.46,251.85,251.31,427.53,432.81,429.31,429.9,1.3849,0.0,0.0,0.3234,0.0,0.0,0.082,0.082,0,0,0.3344,0.3344,0,0,0.9693,0.9693,1,1,50,279.09,165.15,0,1,2025-10-01 17:40:54,19.6,88.7,,0,0,,1
2025-10-01 17:41:39,212,0.325,248.28,0.4617,1.3852,241.54,251.93,251.37,427.54,433.32,429.19,430.01,1.3852,0.0,0.0,0.3236,0.0,0.0,0.082,0.082,0,0,0.3346,0.3346,0,0,0.9696,0.9693,1,1,50,279.1,165.15,0,1,2025-10-01 17:41:39,19.7,89.4,,0,0,,1
2025-10-01 17:42:24,212,0.3233,247.61,0.4603,1.3809,241.02,251.45,250.36,426.28,432.57,427.74,428.91,1.3809,0.0,0.0,0.322,0.0,0.0,0.0814,0.0814,0,0,0.3328,0.3328,0,0,0.9697,0.9695,1,1,50,279.1,165.15,0,1,2025-10-01 17:42:24,19.7,90,,0,0,,1
2025-10-01 17:43:54,212.1,4.2601,246.98,8.2034,24.6104,240.12,250.77,250.07,424.85,431.2,427.27,427.77,9.2568,7.8212,7.5324,1.7332,1.351,1.1759,4.2724,1.3871,1.416,1.4693,6.0677,2.2227,1.9613,1.8836,0.706,0.7807,0.6903,0.6248,50.1,279.24,165.24,1,1,2025-10-01 17:43:54,19.7,85.8,,1,0,,0
2025-10-01 17:44:39,212.14,4.1763,247.17,8.1267,24.3802,240.31,250.91,250.31,425.14,430.86,428.28,428.03,9.1778,7.7284,7.474,1.705,1.3187,1.1526,4.2821,1.3945,1.4158,1.4717,6.0155,2.2055,1.9391,1.8708,0.6982,0.774,0.6815,0.6165,50.1,279.3,165.29,1,1,2025-10-01 17:44:39,19.6,82,,1,0,,0
2025-10-01 17:45:24,212.2,4.1512,246.91,8.0929,24.2789,240.01,250.68,250.05,424.56,430.98,427.4,427.73,9.139,7.7033,7.4366,1.6962,1.3128,1.1423,4.2624,1.3861,1.4106,1.4657,5.984,2.1935,1.9311,1.8595,0.6977,0.7743,0.6812,0.614,50.1,279.38,165.35,1,1,2025-10-01 17:45:24,19.5,79.2,,1,0,,0
2025-10-01 17:46:09,212.21,0.3217,247.07,0.4611,1.3835,239.8,251.18,250.25,424.97,431.2,427.6,427.84,1.3835,0.0,0.0,0.3217,0.0,0.0,0.0782,0.0782,0,0,0.3318,0.3318,0,0,0.9717,0.9716,1,1,50.1,279.39,165.35,0,1,2025-10-01 17:46:09,19.0,78.7,,0,0,,1
2025-10-01 17:46:54,212.21,0.3215,247.1,0.4603,1.3809,239.8,251.25,250.25,425.42,430.74,427.69,427.95,1.3809,0.0,0.0,0.3215,0.0,0.0,0.0784,0.0784,0,0,0.3311,0.3311,0,0,0.9715,0.9714,1,1,50.1,279.4,165.35,0,1,2025-10-01 17:46:54,19.0,80.6,,0,0,,1
2025-10-01 17:47:39,212.22,0.3206,247.45,0.4604,1.3812,239.93,251.49,250.95,425.65,432.03,428.06,428.49,1.3812,0.0,0.0,0.3206,0.0,0.0,0.0793,0.0793,0,0,0.3314,0.3314,0,0,0.9707,0.9709,1,1,50,279.4,165.36,0,1,2025-10-01 17:47:39,19.0,82.5,,0,0,,1
2025-10-01 17:48:24,212.22,0.3229,248.11,0.4616,1.3848,241.42,251.79,251.13,427.1,432.76,429.3,429.79,1.3848,0.0,0.0,0.3229,0.0,0.0,0.0816,0.0816,0,0,0.3343,0.3343,0,0,0.9695,0.9697,1,1,50,279.41,165.36,0,1,2025-10-01 17:48:24,19.0,84.2,,0,0,,1
2025-10-01 17:49:09,212.22,0.3244,248.1,0.4614,1.3843,241.42,251.86,251.04,427.17,433.23,428.77,429.63,1.3843,0.0,0.0,0.3233,0.0,0.0,0.0816,0.0816,0,0,0.3342,0.3342,0,0,0.9697,0.9695,1,1,50,279.41,165.36,0,1,2025-10-01 17:49:09,19.0,85.6,,0,0,,1
2025-10-01 17:49:54,212.23,0.322,247.42,0.4606,1.3818,240.65,251.4,250.23,426.16,431.37,428.05,428.54,1.3818,0.0,0.0,0.322,0.0,0.0,0.0802,0.0802,0,0,0.3325,0.3325,0,0,0.9703,0.9703,1,1,50.1,279.42,165.36,0,1,2025-10-01 17:49:54,19.1,86.8,,0,0,,1
2025-10-01 17:50:39,212.23,0.3226,246.73,0.4606,1.3819,240.16,250.43,249.6,424.71,430.12,427.14,427.3,1.3819,0.0,0.0,0.3215,0.0,0.0,0.0797,0.0797,0,0,0.3319,0.3319,0,0,0.9708,0.9706,1,1,50,279.42,165.36,0,1,2025-10-01 17:50:39,19.5,88.1,,0,0,,1
2025-10-01 17:51:24,212.24,0.3231,246.18,0.4612,1.3836,241.28,245.8,251.47,421.56,427.88,429.72,426.39,1.3836,0.0,0.0,0.3231,0.0,0.0,0.0811,0.0811,0,0,0.3338,0.3338,0,0,0.9699,0.9699,1,1,50,279.42,165.36,0,1,2025-10-01 17:51:24,19.6,89.1,,0,0,,1
2025-10-01 17:52:09,212.24,0.3231,246.69,0.4606,1.3818,240.16,250.38,249.54,427.49,431.6,422.75,427.23,1.3818,0.0,0.0,0.3215,0.0,0.0,0.0794,0.0794,0,0,0.3319,0.3319,0,0,0.9711,0.9708,1,1,50,279.43,165.36,0,1,2025-10-01 17:52:09,19.6,89.7,,0,0,,1
2025-10-01 17:52:54,212.24,0.3243,245.49,0.4621,1.3864,241.94,242.48,252.06,422.06,426.96,426.56,425.12,1.3864,0.0,0.0,0.3243,0.0,0.0,0.0828,0.0828,0,0,0.3354,0.3354,0,0,0.9689,0.9689,1,1,50,279.43,165.36,0,1,2025-10-01 17:52:54,19.7,90.3,,0,0,,1
2025-10-01 17:53:39,212.25,0.3259,246.16,0.4627,1.3882,241.84,244.41,252.23,423.21,428.26,427.58,426.36,1.3882,0.0,0.0,0.3247,0.0,0.0,0.0823,0.0823,0,0,0.3357,0.3357,0,0,0.9695,0.9693,1,1,50,279.44,165.36,0,1,2025-10-01 17:53:39,19.7,90.8,,0,0,,1
2025-10-01 17:54:24,212.3,4.2315,245.15,8.1212,24.363699999999998,240.27,243.72,251.48,420.83,427.64,425.39,424.55,9.2456,7.578,7.5401,1.6996,1.288,1.2438,4.1737,1.426,1.3181,1.4296,5.9645,2.2214,1.8469,1.8962,0.7119,0.766,0.6989,0.6563,50,279.51,165.41,1,1,2025-10-01 17:54:24,19.7,89.1,,1,0,,0
2025-10-01 17:55:09,212.35,4.2037,245.1,8.0926,24.278,237.78,248.2,249.32,423.07,428.65,421.83,423.39,9.0987,7.6912,7.4881,1.6874,1.3389,1.1774,4.1514,1.3495,1.355,1.4469,5.9394,2.1635,1.909,1.8669,0.7115,0.7809,0.7028,0.6311,50,279.58,165.47,1,1,2025-10-01 17:55:09,19.7,85.2,,1,0,,0
2025-10-01 17:55:54,212.4,4.1151,244.63,7.968,23.904,239.03,243.58,251.29,420.11,425.92,425.08,423.71,9.0892,7.4014,7.4134,1.6546,1.2516,1.2089,4.111,1.4035,1.2919,1.4157,5.8383,2.1726,1.8028,1.8629,0.7074,0.7626,0.6958,0.6493,50.1,279.65,165.52,1,1,2025-10-01 17:55:54,19.6,81.8,,1,0,,0
2025-10-01 17:56:39,212.45,0.3239,245.82,0.4641,1.3925,238.43,250.01,249.04,422.98,428.64,425.62,425.84,1.3925,0.0,0.0,0.3227,0.0,0.0,0.0754,0.0754,0,0,0.332,0.332,0,0,0.9739,0.9737,1,1,50,279.72,165.56,0,1,2025-10-01 17:56:39,19.5,79.4,,0,0,,1
2025-10-01 17:57:24,212.45,0.3199,245.86,0.4593,1.3779,238.39,250.14,249.05,422.94,428.95,425.54,425.87,1.3779,0.0,0.0,0.3188,0.0,0.0,0.0765,0.0765,0,0,0.3285,0.3285,0,0,0.9725,0.9724,1,1,50,279.73,165.57,0,1,2025-10-01 17:57:24,19.0,80.1,,0,0,,1
2025-10-01 17:58:09,212.46,0.3217,246.6,0.4609,1.3828,239.97,250.41,249.43,424.78,430.02,426.52,427.08,1.3828,0.0,0.0,0.3217,0.0,0.0,0.0787,0.0787,0,0,0.3318,0.3318,0,0,0.9713,0.9713,1,1,50.1,279.73,165.57,0,1,2025-10-01 17:58:09,19.0,82,,0,0,,1
2025-10-01 17:58:54,212.46,0.3225,246.84,0.4601,1.3804,240.13,250.58,249.83,424.91,430.76,426.92,427.51,1.3804,0.0,0.0,0.3212,0.0,0.0,0.0791,0.0791,0,0,0.3315,0.3315,0,0,0.9712,0.9709,1,1,50.1,279.74,165.57,0,1,2025-10-01 17:58:54,19.0,83.9,,0,0,,1
2025-10-01 17:59:39,212.47,0.3217,246.8,0.4608,1.3826,240.07,250.53,249.8,425.03,430.31,426.99,427.45,1.3826,0.0,0.0,0.3217,0.0,0.0,0.0788,0.0788,0,0,0.3319,0.3319,0,0,0.9712,0.9712,1,1,50.1,279.74,165.57,0,1,2025-10-01 17:59:39,19.0,85.5,,0,0,,1
2025-10-01 18:00:24,212.47,0.3248,247.78,0.4619,1.3858,240.91,251.38,251.05,426.68,432.28,428.49,429.15,1.3858,0.0,0.0,0.3236,0.0,0.0,0.0793,0.0793,0,0,0.3339,0.3339,0,0,0.9714,0.9712,1,1,50.2,279.74,165.57,0,1,2025-10-01 18:00:24,19.1,86.8,,0,0,,1
2025-10-01 18:01:09,212.47,0.3253,248.17,0.4622,1.3866,241.26,251.81,251.44,427.51,432.79,429.16,429.85,1.3866,0.0,0.0,0.3242,0.0,0.0,0.0795,0.0795,0,0,0.3345,0.3345,0,0,0.9714,0.9712,1,1,50.2,279.75,165.57,0,1,2025-10-01 18:01:09,19.5,87.8,,0,0,,1
2025-10-01 18:01:54,212.48,0.3244,247.97,0.461,1.383,241.05,251.62,251.24,427.28,432.27,428.87,429.58,1.383,0.0,0.0,0.3229,0.0,0.0,0.0798,0.0798,0,0,0.3334,0.3334,0,0,0.971,0.9708,1,1,50.2,279.75,165.57,0,1,2025-10-01 18:01:54,19.5,88.8,,0,0,,1
2025-10-01 18:02:39,212.48,0.3251,247.46,0.4622,1.3866,240.7,251.22,250.46,426.23,431.57,427.97,428.57,1.3866,0.0,0.0,0.3236,0.0,0.0,0.0788,0.0788,0,0,0.3338,0.3338,0,0,0.9718,0.9715,1,1,50.2,279.76,165.57,0,1,2025-10-01 18:02:39,19.6,89.5,,0,0,,1
2025-10-01 18:03:24,212.49,0.3247,247.39,0.4616,1.3849,240.7,251.2,250.29,426,432.01,427.46,428.53,1.3849,0.0,0.0,0.3232,0.0,0.0,0.0787,0.0787,0,0,0.3333,0.3333,0,0,0.9718,0.9716,1,1,50.2,279.76,165.57,0,1,2025-10-01 18:03:24,19.7,90.2,,0,0,,1
2025-10-01 18:04:09,212.49,0.3195,246.48,0.4592,1.3778,239.01,250.63,249.82,424.57,429.97,426.15,426.89,1.3778,0.0,0.0,0.3195,0.0,0.0,0.0769,0.0769,0,0,0.3293,0.3293,0,0,0.9722,0.9722,1,1,50.1,279.77,165.57,0,1,2025-10-01 18:04:09,19.7,90.8,,0,0,,1
2025-10-01 18:04:54,212.51,4.0396,245.43,7.9357,23.8072,237.67,249.47,249.17,422.16,428.51,424.57,425.1,8.942,7.5557,7.3095,1.6443,1.2878,1.1075,4.1564,1.3421,1.3703,1.444,5.8315,2.1252,1.8849,1.8213,0.6969,0.7747,0.6848,0.6085,50.1,279.79,165.59,1,1,2025-10-01 18:04:54,19.7,91.2,,1,0,,0
2025-10-01 18:06:24,212.61,4.1799,245.58,8.0609,24.1828,237.95,248.91,249.88,422.52,428.26,425.2,425.22,9.0662,7.6869,7.4297,1.6842,1.3362,1.1595,4.1558,1.3437,1.3638,1.4483,5.9272,2.1573,1.9133,1.8565,0.7091,0.7817,0.6998,0.6249,50.1,279.94,165.69,1,1,2025-10-01 18:06:24,19.7,84.3,,1,0,,0
2025-10-01 18:07:09,212.66,4.1473,246.22,8.0603,24.1811,239.03,249.9,249.75,424.43,429.38,425.54,426.44,9.0792,7.711,7.3909,1.6888,1.3225,1.1361,4.2069,1.3584,1.3954,1.4532,5.9431,2.1702,1.927,1.8459,0.702,0.7792,0.6879,0.6159,50.1,280.01,165.75,1,1,2025-10-01 18:07:09,19.6,81.4,,1,0,,0
2025-10-01 18:07:54,212.7,0.3252,247.14,0.4631,1.3895,240.34,250.79,250.3,426.13,430.68,427.31,428.06,1.3895,0.0,0.0,0.3239,0.0,0.0,0.0787,0.0787,0,0,0.334,0.334,0,0,0.9719,0.9717,1,1,50.1,280.06,165.78,0,1,2025-10-01 18:07:54,19.1,78.7,,0,0,,1
2025-10-01 18:08:39,212.7,0.3237,247.05,0.4617,1.3851,240.19,250.72,250.25,425.97,430.48,427.19,427.84,1.3851,0.0,0.0,0.3225,0.0,0.0,0.0789,0.0789,0,0,0.3327,0.3327,0,0,0.9715,0.9713,1,1,50.1,280.06,165.78,0,1,2025-10-01 18:08:39,19.0,80.8,,0,0,,1
2025-10-01 18:09:24,212.7,0.3219,246.34,0.4602,1.3806,239.63,250.06,249.34,424.57,429.2,426.18,426.68,1.3806,0.0,0.0,0.3207,0.0,0.0,0.0784,0.0784,0,0,0.3308,0.3308,0,0,0.9716,0.9714,1,1,50.1,280.07,165.78,0,1,2025-10-01 18:09:24,18.9,82.8,,0,0,,1
2025-10-01 18:10:09,212.71,0.3214,246.25,0.4597,1.3791,239.52,250.09,249.15,424.69,428.96,425.83,426.48,1.3791,0.0,0.0,0.3202,0.0,0.0,0.0785,0.0785,0,0,0.3303,0.3303,0,0,0.9714,0.9712,1,1,50.1,280.07,165.78,0,1,2025-10-01 18:10:09,19.0,84.6,,0,0,,1
2025-10-01 18:10:54,212.71,0.3191,245.53,0.4593,1.3779,238.72,249.45,248.42,423.47,427.75,424.5,425.29,1.3779,0.0,0.0,0.3191,0.0,0.0,0.0771,0.0771,0,0,0.3289,0.3289,0,0,0.972,0.972,1,1,50.1,280.07,165.78,0,1,2025-10-01 18:10:54,19.0,86,,0,0,,1
2025-10-01 18:11:39,212.72,0.3202,245.44,0.4594,1.3782,238.56,249.31,248.46,423.12,427.92,424.24,425.14,1.3782,0.0,0.0,0.3191,0.0,0.0,0.0768,0.0768,0,0,0.3288,0.3288,0,0,0.9724,0.9722,1,1,50.1,280.08,165.78,0,1,2025-10-01 18:11:39,19.1,87.3,,0,0,,1
2025-10-01 18:12:24,212.72,0.319,245.28,0.4594,1.3782,238.48,249.01,248.36,422.55,427.36,424.53,424.89,1.3782,0.0,0.0,0.319,0.0,0.0,0.0767,0.0767,0,0,0.3287,0.3287,0,0,0.9722,0.9722,1,1,50.1,280.08,165.78,0,1,2025-10-01 18:12:24,19.5,88.3,,0,0,,1
2025-10-01 18:13:09,212.72,0.3204,245.8,0.4595,1.3787,238.7,249.66,249.04,423.52,428.85,424.78,425.74,1.3787,0.0,0.0,0.3193,0.0,0.0,0.077,0.077,0,0,0.3291,0.3291,0,0,0.9723,0.9721,1,1,50.1,280.09,165.78,0,1,2025-10-01 18:13:09,19.5,89.1,,0,0,,1
2025-10-01 18:13:54,212.73,0.3192,245.47,0.4583,1.375,238.27,249.45,248.71,422.87,428.35,424.24,425.23,1.375,0.0,0.0,0.3179,0.0,0.0,0.0767,0.0767,0,0,0.3276,0.3276,0,0,0.9723,0.9721,1,1,50.1,280.09,165.78,0,1,2025-10-01 18:13:54,19.6,89.8,,0,0,,1
2025-10-01 18:14:39,212.73,0.32,245.43,0.4591,1.3773,238.68,249.8,247.82,423.41,428.02,423.82,425.21,1.3773,0.0,0.0,0.3189,0.0,0.0,0.0771,0.0771,0,0,0.3287,0.3287,0,0,0.9721,0.972,1,1,50.1,280.09,165.79,0,1,2025-10-01 18:14:39,19.6,90.4,,0,0,,1
2025-10-01 18:15:24,212.74,0.3159,244.09,0.4575,1.3726,236.78,248.78,246.72,420.43,425.91,421.92,422.68,1.3726,0.0,0.0,0.3159,0.0,0.0,0.0738,0.0738,0,0,0.325,0.325,0,0,0.9737,0.9737,1,1,50.1,280.1,165.79,0,1,2025-10-01 18:15:24,19.7,91,,0,0,,1
2025-10-01 18:16:09,212.75,3.9876,243.37,7.8162,23.4488,235.37,247.56,247.19,418.85,424.25,421.37,421.41,8.8029,7.4177,7.2282,1.6136,1.2747,1.0994,4.0186,1.2957,1.3158,1.4071,5.695,2.0719,1.8363,1.7867,0.7043,0.7797,0.6957,0.6156,50.1,280.12,165.8,1,1,2025-10-01 18:16:09,19.7,91.4,,1,0,,0
2025-10-01 18:16:54,212.8,4.2426,243.31,8.044,24.1322,235.26,247.57,247.11,418.58,424.57,421.03,421.38,9.0408,7.651,7.4404,1.6929,1.3656,1.1842,3.9947,1.2832,1.3067,1.4048,5.8597,2.1269,1.8942,1.8386,0.728,0.7969,0.7225,0.6445,50.1,280.19,165.85,1,1,2025-10-01 18:16:54,19.7,88.9,,1,0,,0
2025-10-01 18:18:24,212.9,4.1066,243.83,7.9244,23.773200000000003,236.56,247.83,247.1,420.14,425.13,421.62,422.34,8.938,7.5663,7.2689,1.6674,1.3123,1.1268,4.0269,1.2958,1.3336,1.3974,5.7857,2.1144,1.8752,1.7961,0.714,0.7895,0.7013,0.6277,50.1,280.34,165.95,1,1,2025-10-01 18:18:24,19.6,81.3,,1,0,,0
2025-10-01 18:19:09,212.93,0.3208,245.16,0.4605,1.3816,238.13,249.09,248.26,422.8,427.34,423.67,424.65,1.3816,0.0,0.0,0.3195,0.0,0.0,0.076,0.076,0,0,0.329,0.329,0,0,0.973,0.9728,1,1,50.1,280.37,165.97,0,1,2025-10-01 18:19:09,19.1,79.1,,0,0,,1
2025-10-01 18:19:54,212.93,0.3195,245.09,0.4592,1.3778,238.07,248.91,248.31,422.65,427.16,423.66,424.63,1.3778,0.0,0.0,0.3184,0.0,0.0,0.0761,0.0761,0,0,0.328,0.328,0,0,0.9727,0.9726,1,1,50.1,280.37,165.97,0,1,2025-10-01 18:19:54,19.0,81,,0,0,,1
2025-10-01 18:20:39,212.94,0.3189,245.02,0.4588,1.3764,237.92,248.89,248.27,422.44,427.21,423.46,424.24,1.3764,0.0,0.0,0.3179,0.0,0.0,0.076,0.076,0,0,0.3275,0.3275,0,0,0.9727,0.9725,1,1,50.1,280.38,165.97,0,1,2025-10-01 18:20:39,18.9,83.1,,0,0,,1
2025-10-01 18:21:24,212.94,0.3187,244.33,0.4586,1.376,237.43,248.23,247.35,421.05,425.94,422.53,423.16,1.376,0.0,0.0,0.3173,0.0,0.0,0.0754,0.0754,0,0,0.3267,0.3267,0,0,0.9731,0.9729,1,1,50.1,280.38,165.97,0,1,2025-10-01 18:21:24,19.0,84.9,,0,0,,1
2025-10-01 18:22:09,212.95,0.3181,244.32,0.4583,1.3749,237.28,248.39,247.3,421.27,425.94,422.24,423.09,1.3749,0.0,0.0,0.3169,0.0,0.0,0.0751,0.0751,0,0,0.3262,0.3262,0,0,0.9732,0.973,1,1,50.1,280.39,165.97,0,1,2025-10-01 18:22:09,19.0,86.3,,0,0,,1
2025-10-01 18:22:54,212.95,0.3156,244.06,0.4573,1.372,236.9,248.22,247.07,420.38,426.54,421.23,422.8,1.372,0.0,0.0,0.3156,0.0,0.0,0.0752,0.0752,0,0,0.325,0.325,0,0,0.9727,0.9727,1,1,50.1,280.39,165.98,0,1,2025-10-01 18:22:54,19.1,87.6,,0,0,,1
2025-10-01 18:23:39,212.95,0.3174,243.94,0.4576,1.373,236.84,248.1,246.9,420.34,425.82,421.36,422.57,1.373,0.0,0.0,0.3158,0.0,0.0,0.075,0.075,0,0,0.3252,0.3252,0,0,0.9731,0.9729,1,1,50.1,280.4,165.98,0,1,2025-10-01 18:23:39,19.5,88.8,,0,0,,1
2025-10-01 18:24:24,212.96,0.3173,244.01,0.4577,1.3733,236.94,248.13,246.96,420.39,425.87,421.59,422.59,1.3733,0.0,0.0,0.3159,0.0,0.0,0.0754,0.0754,0,0,0.3254,0.3254,0,0,0.9729,0.9727,1,1,50,280.4,165.98,0,1,2025-10-01 18:24:24,19.6,89.6,,0,0,,1
2025-10-01 18:25:09,212.96,0.3155,243.97,0.4572,1.3718,236.87,248.07,246.98,420.4,425.39,421.84,422.55,1.3718,0.0,0.0,0.3155,0.0,0.0,0.0754,0.0754,0,0,0.3249,0.3249,0,0,0.9726,0.9726,1,1,50.1,280.4,165.98,0,1,2025-10-01 18:25:09,19.6,90.2,,0,0,,1
2025-10-01 18:25:54,212.97,0.3161,243.83,0.4573,1.372,235.86,248.29,247.34,420.06,425.29,421.52,422.25,1.372,0.0,0.0,0.3146,0.0,0.0,0.0735,0.0735,0,0,0.3236,0.3236,0,0,0.974,0.9737,1,1,50.1,280.41,165.98,0,1,2025-10-01 18:25:54,19.7,90.8,,0,0,,1
2025-10-01 18:26:39,212.97,0.3153,243.84,0.4568,1.3706,235.89,248.33,247.32,419.58,426.04,421.38,422.3,1.3706,0.0,0.0,0.3142,0.0,0.0,0.0737,0.0737,0,0,0.3233,0.3233,0,0,0.9737,0.9735,1,1,50.1,280.41,165.98,0,1,2025-10-01 18:26:39,19.7,91.3,,0,0,,1
2025-10-01 18:27:24,213,4.1452,242.79,7.9546,23.8638,234.52,247.27,246.58,417.11,424.58,419.81,420.41,8.9354,7.6039,7.3245,1.6635,1.3407,1.141,3.9805,1.2701,1.3121,1.3984,5.7818,2.0955,1.8802,1.8061,0.7212,0.7948,0.7146,0.6321,50.1,280.46,166.01,1,1,2025-10-01 18:27:24,19.7,90.9,,1,0,,0
2025-10-01 18:28:09,213.06,4.1536,242.86,7.9493,23.848,235.5,246.96,246.12,418.07,423.32,420.43,420.66,8.9657,7.5653,7.317,1.6757,1.3279,1.1501,3.9742,1.2809,1.3087,1.3846,5.7806,2.1114,1.8683,1.8009,0.7225,0.7944,0.7122,0.6389,50.1,280.53,166.06,1,1,2025-10-01 18:28:09,19.7,87.3,,1,0,,0
2025-10-01 18:28:54,213.11,4.092,243.07,7.8804,23.641199999999998,235.67,247.21,246.33,418.53,424.22,420.2,420.9,8.8876,7.5027,7.2509,1.656,1.308,1.128,3.969,1.2778,1.3086,1.3826,5.7354,2.0945,1.8547,1.7861,0.7178,0.7917,0.7069,0.6321,50.1,280.6,166.11,1,1,2025-10-01 18:28:54,19.6,83.6,,1,0,,0
2025-10-01 18:29:39,213.16,2.4894,243.46,5.9942,17.982799999999997,236.15,247.69,246.56,419.21,424.8,420.99,420.9,6.7749,5.7033,5.5046,1.0857,0.7581,0.6456,2.3228,0.7634,0.7566,0.8028,4.3698,1.5999,1.4127,1.3572,0.7311,0.9748,0.9917,0.5562,50.1,280.68,166.16,1,1,2025-10-01 18:29:39,19.5,80.6,,1,0,,0
2025-10-01 18:30:24,213.16,0.3186,244.02,0.4592,1.3776,236.88,248.26,246.92,420.09,425.92,421.88,422.62,1.3776,0.0,0.0,0.3173,0.0,0.0,0.074,0.074,0,0,0.3263,0.3263,0,0,0.974,0.9738,1,1,50.2,280.68,166.16,0,1,2025-10-01 18:30:24,19.0,80.3,,0,0,,1
2025-10-01 18:31:09,213.17,0.3179,244.03,0.4585,1.3756,236.85,248.33,246.93,420.43,425.57,421.95,422.7,1.3756,0.0,0.0,0.3167,0.0,0.0,0.0742,0.0742,0,0,0.3258,0.3258,0,0,0.9738,0.9736,1,1,50.2,280.68,166.16,0,1,2025-10-01 18:31:09,19.0,82.3,,0,0,,1
2025-10-01 18:31:54,213.17,0.3195,244.75,0.4594,1.3783,237.49,248.88,247.88,421.55,427.15,422.99,423.94,1.3783,0.0,0.0,0.318,0.0,0.0,0.0749,0.0749,0,0,0.3273,0.3273,0,0,0.9736,0.9733,1,1,50.2,280.69,166.16,0,1,2025-10-01 18:31:54,19.0,84.1,,0,0,,1
2025-10-01 18:32:39,213.17,0.3189,244.72,0.4587,1.3763,237.5,248.76,247.9,421.49,426.56,423.46,423.8,1.3763,0.0,0.0,0.3175,0.0,0.0,0.0753,0.0753,0,0,0.3269,0.3269,0,0,0.9732,0.973,1,1,50.2,280.69,166.17,0,1,2025-10-01 18:32:39,19.0,85.8,,0,0,,1
2025-10-01 18:33:24,213.18,0.3186,244.79,0.4586,1.3759,237.46,248.97,247.95,421.51,427.73,422.7,423.99,1.3759,0.0,0.0,0.3173,0.0,0.0,0.0753,0.0753,0,0,0.3267,0.3267,0,0,0.9732,0.973,1,1,50.2,280.7,166.17,0,1,2025-10-01 18:33:24,19.0,87.1,,0,0,,1
2025-10-01 18:34:09,213.18,0.3172,243.9,0.4579,1.3738,236.85,248.36,246.51,420.21,426.06,421.05,422.4,1.3738,0.0,0.0,0.3162,0.0,0.0,0.0744,0.0744,0,0,0.3254,0.3254,0,0,0.9735,0.9733,1,1,50.2,280.7,166.17,0,1,2025-10-01 18:34:09,19.1,88.2,,0,0,,1
2025-10-01 18:34:54,213.19,0.3171,244.08,0.4591,1.3773,236.9,248.41,246.93,420.63,425.99,421.58,422.79,1.3773,0.0,0.0,0.3171,0.0,0.0,0.0745,0.0745,0,0,0.3263,0.3263,0,0,0.9735,0.9735,1,1,50.1,280.7,166.17,0,1,2025-10-01 18:34:54,19.5,89,,0,0,,1
2025-10-01 18:35:39,213.19,0.314,243.04,0.4559,1.3679,235.23,247.64,246.27,418.17,424.29,420.35,421.05,1.3679,0.0,0.0,0.3129,0.0,0.0,0.0728,0.0728,0,0,0.3218,0.3218,0,0,0.9741,0.9739,1,1,50.1,280.71,166.17,0,1,2025-10-01 18:35:39,19.6,89.6,,0,0,,1
2025-10-01 18:36:24,213.19,0.3146,243.05,0.4567,1.3702,235.22,247.67,246.27,418.54,423.87,420.4,420.91,1.3702,0.0,0.0,0.3135,0.0,0.0,0.0727,0.0727,0,0,0.3223,0.3223,0,0,0.9743,0.9741,1,1,50.1,280.71,166.17,0,1,2025-10-01 18:36:24,19.6,90.2,,0,0,,1
2025-10-01 18:37:09,213.2,0.3134,243.09,0.4566,1.3698,235.22,247.79,246.28,418.89,423.79,420.35,421.02,1.3698,0.0,0.0,0.3134,0.0,0.0,0.0727,0.0727,0,0,0.3222,0.3222,0,0,0.9741,0.9741,1,1,50.1,280.72,166.17,0,1,2025-10-01 18:37:09,19.7,90.7,,0,0,,1
2025-10-01 18:37:54,213.2,0.3143,243.07,0.456,1.3682,235.32,247.66,246.24,418.62,424.03,420.29,420.94,1.3682,0.0,0.0,0.313,0.0,0.0,0.073,0.073,0,0,0.322,0.322,0,0,0.974,0.9738,1,1,50.1,280.72,166.17,0,1,2025-10-01 18:37:54,19.7,91.2,,0,0,,1
2025-10-01 18:39:24,213.27,4.1541,243.48,7.9728,23.918599999999998,235.86,247.68,246.91,419.34,424.81,420.93,421.69,8.9416,7.6502,7.3268,1.6728,1.3434,1.1379,4.0143,1.2798,1.33,1.4044,5.8128,2.109,1.8948,1.8091,0.7191,0.7942,0.7106,0.6295,50.1,280.81,166.23,1,1,2025-10-01 18:39:24,19.7,89.1,,1,0,,0
2025-10-01 18:40:09,213.32,4.0969,243.51,7.9171,23.7514,235.96,247.69,246.89,419.74,424.58,420.91,421.72,8.9016,7.5836,7.2662,1.6591,1.3185,1.1193,4.0153,1.2835,1.3316,1.4002,5.7728,2.1004,1.8784,1.794,0.7141,0.7909,0.7036,0.6244,50.1,280.88,166.28,1,1,2025-10-01 18:40:09,19.7,85,,1,0,,0
2025-10-01 18:40:54,213.37,3.9831,243.51,7.8034,23.4102,236,247.75,246.79,419.49,424.83,420.92,421.73,8.7874,7.4769,7.1459,1.6264,1.2787,1.078,4.0103,1.2823,1.3339,1.3941,5.6898,2.0738,1.8524,1.7635,0.7046,0.7852,0.692,0.6117,50.1,280.96,166.33,1,1,2025-10-01 18:40:54,19.6,81.4,,1,0,,0
2025-10-01 18:41:39,213.39,0.3176,243.77,0.4587,1.3762,236.67,248.18,246.47,420.08,425.4,421.13,422.14,1.3762,0.0,0.0,0.3165,0.0,0.0,0.0745,0.0745,0,0,0.3257,0.3257,0,0,0.9735,0.9733,1,1,50.1,280.98,166.35,0,1,2025-10-01 18:41:39,19.0,79.9,,0,0,,1
2025-10-01 18:42:24,213.39,0.3168,243.76,0.4577,1.3733,236.58,248.23,246.47,420.38,425.44,420.73,422.14,1.3733,0.0,0.0,0.3156,0.0,0.0,0.0747,0.0747,0,0,0.3249,0.3249,0,0,0.9733,0.9731,1,1,50.1,280.99,166.35,0,1,2025-10-01 18:42:24,19.0,81.7,,0,0,,1
2025-10-01 18:43:09,213.39,0.3171,243.73,0.458,1.3742,236.65,247.97,246.57,420.18,425.37,420.85,422.09,1.3742,0.0,0.0,0.316,0.0,0.0,0.0745,0.0745,0,0,0.3252,0.3252,0,0,0.9734,0.9732,1,1,50.1,280.99,166.35,0,1,2025-10-01 18:43:09,19.0,83.5,,0,0,,1
2025-10-01 18:43:54,213.4,0.3156,243.92,0.4576,1.3728,236.74,248.21,246.82,420.2,426.2,421.02,422.46,1.3728,0.0,0.0,0.3156,0.0,0.0,0.075,0.075,0,0,0.325,0.325,0,0,0.9728,0.9728,1,1,50.1,280.99,166.35,0,1,2025-10-01 18:43:54,19.0,85.1,,0,0,,1
2025-10-01 18:44:39,213.4,0.315,243.29,0.4577,1.3732,236.04,247.01,246.84,419.09,424.74,420.32,421.33,1.3732,0.0,0.0,0.315,0.0,0.0,0.074,0.074,0,0,0.3241,0.3241,0,0,0.9735,0.9735,1,1,50.1,281,166.35,0,1,2025-10-01 18:44:39,19.0,86.4,,0,0,,1
2025-10-01 18:45:24,213.41,0.3147,243.75,0.4568,1.3706,236.36,247.33,247.58,419.62,425.59,421.33,422.19,1.3706,0.0,0.0,0.3147,0.0,0.0,0.0745,0.0745,0,0,0.324,0.324,0,0,0.973,0.973,1,1,50.1,281,166.35,0,1,2025-10-01 18:45:24,19.1,87.5,,0,0,,1
2025-10-01 18:46:09,213.41,0.3154,243.86,0.4564,1.3694,236.14,248.12,247.32,420.36,425.41,421.27,422.32,1.3694,0.0,0.0,0.3141,0.0,0.0,0.0746,0.0746,0,0,0.3234,0.3234,0,0,0.9731,0.9729,1,1,50.1,281.01,166.35,0,1,2025-10-01 18:46:09,19.5,88.5,,0,0,,1
2025-10-01 18:46:54,213.41,0.315,243.95,0.4574,1.3723,236.26,248.12,247.48,420.22,425.49,421.81,422.55,1.3723,0.0,0.0,0.315,0.0,0.0,0.0744,0.0744,0,0,0.3242,0.3242,0,0,0.9732,0.9732,1,1,50.1,281.01,166.36,0,1,2025-10-01 18:46:54,19.6,89.4,,0,0,,1
2025-10-01 18:47:39,213.42,0.3137,243.39,0.4561,1.3685,235.85,247.75,246.59,419.27,424.91,420.47,421.53,1.3685,0.0,0.0,0.3137,0.0,0.0,0.0737,0.0737,0,0,0.3228,0.3228,0,0,0.9735,0.9735,1,1,50.1,281.01,166.36,0,1,2025-10-01 18:47:39,19.6,90.1,,0,0,,1
2025-10-01 18:48:24,213.42,0.3163,244.21,0.4577,1.3733,237.32,248.2,247.12,420.93,426.1,421.88,422.98,1.3733,0.0,0.0,0.3163,0.0,0.0,0.0759,0.0759,0,0,0.3259,0.3259,0,0,0.9723,0.9723,1,1,50.1,281.02,166.36,0,1,2025-10-01 18:48:24,19.7,90.6,,0,0,,1
2025-10-01 18:49:09,213.43,0.3175,244.17,0.4577,1.3733,237.25,248.26,247,421.44,425.42,421.8,422.83,1.3733,0.0,0.0,0.3163,0.0,0.0,0.0758,0.0758,0,0,0.3258,0.3258,0,0,0.9726,0.9724,1,1,50.1,281.02,166.36,0,1,2025-10-01 18:49:09,19.7,91,,0,0,,1
2025-10-01 18:49:54,213.43,0.3184,244.4,0.4587,1.3762,237.54,248.46,247.22,421.56,425.9,422.42,423.31,1.3762,0.0,0.0,0.3172,0.0,0.0,0.0763,0.0763,0,0,0.3269,0.3269,0,0,0.9724,0.9722,1,1,50.1,281.03,166.36,0,1,2025-10-01 18:49:54,19.7,91.5,,0,0,,1
2025-10-01 18:50:39,213.47,4.0451,243.26,7.8687,23.6063,236.24,247,246.56,418.71,424.36,420.89,421.3,8.8953,7.4826,7.2284,1.6466,1.284,1.1145,4.0136,1.3013,1.3231,1.3892,5.7319,2.1014,1.8482,1.7822,0.7098,0.7845,0.6964,0.6257,50.1,281.09,166.4,1,1,2025-10-01 18:50:39,19.8,90.1,,1,0,,0
2025-10-01 18:52:09,213.57,3.8586,243.42,7.6885,23.0655,235.43,247.57,247.27,418.82,424.61,421.32,421.65,8.6531,7.3269,7.0855,1.5753,1.2358,1.0475,4.011,1.2871,1.3213,1.4026,5.6032,2.0372,1.8139,1.752,0.6932,0.7743,0.683,0.5984,50.1,281.23,166.51,1,1,2025-10-01 18:52:09,19.6,82.1,,1,0,,0
2025-10-01 18:52:54,213.6,0.3183,244.37,0.4599,1.3798,236.58,248.6,247.93,419.89,427.36,422.48,423.21,1.3798,0.0,0.0,0.3173,0.0,0.0,0.0741,0.0741,0,0,0.3264,0.3264,0,0,0.9739,0.9738,1,1,50.1,281.28,166.54,0,1,2025-10-01 18:52:54,19.1,79.1,,0,0,,1
2025-10-01 18:53:39,213.61,0.3164,244.37,0.4587,1.3763,236.57,248.59,247.97,420.66,426.37,422.68,423.28,1.3763,0.0,0.0,0.3164,0.0,0.0,0.0744,0.0744,0,0,0.3256,0.3256,0,0,0.9734,0.9734,1,1,50.1,281.28,166.54,0,1,2025-10-01 18:53:39,19.0,80.7,,0,0,,1
2025-10-01 18:54:24,213.61,0.3149,243.79,0.4573,1.372,236.19,248.09,247.11,420.22,425.05,421.42,422.32,1.372,0.0,0.0,0.3149,0.0,0.0,0.074,0.074,0,0,0.3241,0.3241,0,0,0.9734,0.9734,1,1,50.1,281.28,166.54,0,1,2025-10-01 18:54:24,18.9,83,,0,0,,1
2025-10-01 18:55:09,213.62,0.315,243.94,0.4563,1.369,236.48,248.12,247.24,420.26,425.38,421.85,422.46,1.369,0.0,0.0,0.315,0.0,0.0,0.0747,0.0747,0,0,0.3237,0.3237,0,0,0.973,0.9729,1,1,50.1,281.29,166.54,0,1,2025-10-01 18:55:09,19.0,85,,0,0,,1
2025-10-01 18:55:54,213.62,0.3144,243.89,0.4566,1.37,236.29,248.22,247.16,420.24,425.36,421.58,422.37,1.37,0.0,0.0,0.3144,0.0,0.0,0.0745,0.0745,0,0,0.3237,0.3237,0,0,0.973,0.973,1,1,50.1,281.29,166.54,0,1,2025-10-01 18:55:54,19.0,86.5,,0,0,,1
2025-10-01 18:56:39,213.62,0.3161,244.16,0.4584,1.3752,236.56,248.53,247.41,420.57,425.91,422.15,422.91,1.3752,0.0,0.0,0.3161,0.0,0.0,0.0743,0.0743,0,0,0.3253,0.3253,0,0,0.9734,0.9734,1,1,50.1,281.3,166.54,0,1,2025-10-01 18:56:39,19.1,87.8,,0,0,,1
2025-10-01 18:57:24,213.63,0.3202,245.46,0.4597,1.3793,238.39,249.36,248.64,423.02,428.37,424.02,425.15,1.3793,0.0,0.0,0.319,0.0,0.0,0.0772,0.0772,0,0,0.3288,0.3288,0,0,0.9721,0.9719,1,1,50.1,281.3,166.54,0,1,2025-10-01 18:57:24,19.5,88.8,,0,0,,1
2025-10-01 18:58:09,213.63,0.3207,245.51,0.46,1.3802,238.52,249.43,248.59,423.22,428.17,424.26,425.23,1.3802,0.0,0.0,0.3194,0.0,0.0,0.0772,0.0772,0,0,0.3292,0.3292,0,0,0.9722,0.9719,1,1,50.1,281.3,166.54,0,1,2025-10-01 18:58:09,19.5,89.7,,0,0,,1
2025-10-01 18:58:54,213.64,0.3184,245.61,0.4589,1.3768,238.55,249.49,248.79,423.18,428.42,424.55,425.36,1.3768,0.0,0.0,0.3184,0.0,0.0,0.0776,0.0776,0,0,0.3284,0.3284,0,0,0.9715,0.9715,1,1,50.1,281.31,166.54,0,1,2025-10-01 18:58:54,19.6,90.3,,0,0,,1
2025-10-01 18:59:39,213.64,0.3193,245.62,0.4598,1.3796,238.56,249.56,248.75,423.28,428.73,424.23,425.47,1.3796,0.0,0.0,0.3193,0.0,0.0,0.0772,0.0772,0,0,0.3291,0.3291,0,0,0.972,0.972,1,1,50.1,281.31,166.54,0,1,2025-10-01 18:59:39,19.7,90.8,,0,0,,1
2025-10-01 19:00:24,213.64,0.3184,245.1,0.4592,1.3777,238.22,249.11,247.99,422.56,427.03,423.92,424.49,1.3777,0.0,0.0,0.3184,0.0,0.0,0.0768,0.0768,0,0,0.3282,0.3282,0,0,0.972,0.972,1,1,50.1,281.32,166.54,0,1,2025-10-01 19:00:24,19.7,91.2,,0,0,,1
2025-10-01 19:01:09,213.65,0.3198,244.59,0.4602,1.3808,237.5,249.28,247,422.06,426.29,422.49,423.56,1.3808,0.0,0.0,0.3185,0.0,0.0,0.0756,0.0756,0,0,0.3279,0.3279,0,0,0.9732,0.9729,1,1,50.1,281.32,166.55,0,1,2025-10-01 19:01:09,19.7,91.6,,0,0,,1
2025-10-01 19:01:54,213.7,3.9914,243.71,7.8286,23.485899999999997,236.36,248.39,246.38,419.82,424.84,421.58,422.15,8.8402,7.4902,7.1555,1.6382,1.2762,1.077,4.0332,1.2921,1.3473,1.3939,5.7129,2.0895,1.8605,1.763,0.7034,0.7851,0.6877,0.6114,50.1,281.39,166.6,1,1,2025-10-01 19:01:54,19.7,90.1,,1,0,,0
2025-10-01 19:03:24,213.79,3.9159,244.53,7.782,23.3461,236.52,248.72,248.36,420.82,426.79,422.92,423.42,8.7446,7.433,7.1685,1.5974,1.2571,1.0614,4.0865,1.3092,1.3493,1.428,5.6974,2.0683,1.8487,1.7804,0.6918,0.7734,0.6816,0.5965,50.1,281.53,166.7,1,1,2025-10-01 19:03:24,19.6,82.2,,1,0,,0
2025-10-01 19:04:09,213.82,0.3203,245.58,0.4604,1.3813,237.99,249.76,248.99,422.99,427.81,425.14,425.28,1.3813,0.0,0.0,0.3192,0.0,0.0,0.0759,0.0759,0,0,0.3287,0.3287,0,0,0.973,0.9728,1,1,50.1,281.57,166.73,0,1,2025-10-01 19:04:09,19.1,79.2,,0,0,,1
2025-10-01 19:04:54,213.83,0.3203,245.47,0.4603,1.3811,237.86,249.67,248.88,422.89,428.05,424.45,425.15,1.3811,0.0,0.0,0.319,0.0,0.0,0.0759,0.0759,0,0,0.3285,0.3285,0,0,0.973,0.9728,1,1,50.1,281.58,166.73,0,1,2025-10-01 19:04:54,19.0,80.2,,0,0,,1
2025-10-01 19:05:39,213.83,0.322,246.12,0.4607,1.3823,239.3,249.96,249.1,424.26,428.81,425.71,426.19,1.3823,0.0,0.0,0.3207,0.0,0.0,0.0782,0.0782,0,0,0.3308,0.3308,0,0,0.9717,0.9715,1,1,50.1,281.58,166.73,0,1,2025-10-01 19:05:39,18.9,82.3,,0,0,,1
2025-10-01 19:06:24,213.84,0.3204,245.45,0.4596,1.3788,238.77,249.36,248.23,423.19,427.77,424.37,425.21,1.3788,0.0,0.0,0.3193,0.0,0.0,0.0775,0.0775,0,0,0.3292,0.3292,0,0,0.9719,0.9717,1,1,50.1,281.59,166.73,0,1,2025-10-01 19:06:24,18.9,84,,0,0,,1
2025-10-01 19:07:09,213.84,0.3211,245.61,0.4602,1.3808,238.94,249.5,248.41,423.55,427.92,424.71,425.55,1.3808,0.0,0.0,0.32,0.0,0.0,0.0776,0.0776,0,0,0.3299,0.3299,0,0,0.972,0.9718,1,1,50.1,281.59,166.73,0,1,2025-10-01 19:07:09,19.0,85.6,,0,0,,1
2025-10-01 19:07:54,213.84,0.3205,245.7,0.4593,1.3779,239.03,249.63,248.44,423.23,428.34,425.05,425.63,1.3779,0.0,0.0,0.3193,0.0,0.0,0.0781,0.0781,0,0,0.3294,0.3294,0,0,0.9715,0.9713,1,1,50.1,281.6,166.73,0,1,2025-10-01 19:07:54,19.0,87.1,,0,0,,1
2025-10-01 19:08:39,213.85,0.3208,245.79,0.4595,1.3785,239.01,249.73,248.65,423.78,428.22,425.1,425.73,1.3785,0.0,0.0,0.3195,0.0,0.0,0.0778,0.0778,0,0,0.3295,0.3295,0,0,0.9718,0.9716,1,1,50.1,281.6,166.73,0,1,2025-10-01 19:08:39,19.1,88,,0,0,,1
2025-10-01 19:09:24,213.85,0.3181,245.22,0.4593,1.3781,237.8,249.47,248.41,422.24,427.48,424.4,424.73,1.3781,0.0,0.0,0.3181,0.0,0.0,0.0761,0.0761,0,0,0.3277,0.3277,0,0,0.9725,0.9725,1,1,50.1,281.6,166.73,0,1,2025-10-01 19:09:24,19.5,88.9,,0,0,,1
2025-10-01 19:10:09,213.86,0.3196,245.33,0.4595,1.3785,237.88,249.74,248.39,422.61,427.56,424.51,424.79,1.3785,0.0,0.0,0.3183,0.0,0.0,0.0761,0.0761,0,0,0.3279,0.3279,0,0,0.9727,0.9725,1,1,50.1,281.61,166.73,0,1,2025-10-01 19:10:09,19.6,89.6,,0,0,,1
2025-10-01 19:10:54,213.86,0.3195,245.29,0.459,1.3771,237.7,249.84,248.34,422.36,427.86,424.25,424.87,1.3771,0.0,0.0,0.3178,0.0,0.0,0.0757,0.0757,0,0,0.3273,0.3273,0,0,0.973,0.9727,1,1,50.1,281.61,166.73,0,1,2025-10-01 19:10:54,19.6,90.2,,0,0,,1
2025-10-01 19:11:39,213.86,0.3189,245.24,0.4588,1.3764,237.69,249.63,248.41,422.32,427.2,424.66,424.64,1.3764,0.0,0.0,0.3176,0.0,0.0,0.0758,0.0758,0,0,0.3272,0.3272,0,0,0.9729,0.9727,1,1,50.1,281.62,166.73,0,1,2025-10-01 19:11:39,19.6,90.6,,0,0,,1
2025-10-01 19:12:24,213.87,0.3189,245.36,0.4586,1.3759,237.83,249.77,248.5,422.62,427.52,424.68,424.94,1.3759,0.0,0.0,0.3177,0.0,0.0,0.0757,0.0757,0,0,0.3272,0.3272,0,0,0.9729,0.9728,1,1,50.1,281.62,166.74,0,1,2025-10-01 19:12:24,19.7,91.1,,0,0,,1
2025-10-01 19:13:09,213.87,0.3213,246.69,0.461,1.3831,239.65,250.73,249.7,425.36,429.35,427.02,427.24,1.3831,0.0,0.0,0.3213,0.0,0.0,0.0787,0.0787,0,0,0.3315,0.3315,0,0,0.9712,0.9712,1,1,50.1,281.62,166.74,0,1,2025-10-01 19:13:09,19.7,91.4,,0,0,,1
2025-10-01 19:13:54,213.9,3.9359,245.74,7.8678,23.6035,238.39,249.77,249.08,423.53,428.37,424.94,425.52,8.8663,7.5346,7.2026,1.6221,1.254,1.0598,4.1922,1.35,1.3965,1.4457,5.7896,2.1136,1.8819,1.794,0.6844,0.7686,0.6681,0.5912,50.1,281.66,166.76,1,1,2025-10-01 19:13:54,19.8,91.7,,1,0,,0
2025-10-01 19:14:39,213.95,3.9726,245.84,7.8879,23.663899999999998,238.43,249.91,249.19,423.41,428.56,425.37,425.79,8.8816,7.5529,7.2294,1.632,1.2686,1.072,4.1816,1.3446,1.3911,1.4459,5.8067,2.1176,1.8875,1.8015,0.6887,0.7717,0.6738,0.5955,50.1,281.73,166.81,1,1,2025-10-01 19:14:39,19.7,88.3,,1,0,,0
2025-10-01 19:15:24,213.99,3.9149,245.09,7.8052,23.415599999999998,237.77,249.34,248.18,422.35,427.17,423.94,424.51,8.7959,7.4714,7.1483,1.614,1.249,1.0519,4.1278,1.3253,1.3757,1.4268,5.7284,2.0914,1.8629,1.7741,0.6881,0.7728,0.6721,0.5934,50.1,281.8,166.86,1,1,2025-10-01 19:15:24,19.7,84.3,,1,0,,0
2025-10-01 19:16:54,214.05,0.3185,245.55,0.4592,1.3778,238.21,249.95,248.51,423.17,428.26,424.43,425.83,1.3778,0.0,0.0,0.3185,0.0,0.0,0.0762,0.0762,0,0,0.3282,0.3282,0,0,0.9725,0.9725,1,1,50.1,281.88,166.92,0,1,2025-10-01 19:16:54,19.0,79.7,,0,0,,1
2025-10-01 19:17:39,214.05,0.3169,245.24,0.458,1.3742,237.46,250.03,248.24,422.35,428.29,423.6,424.75,1.3742,0.0,0.0,0.3169,0.0,0.0,0.0753,0.0753,0,0,0.3263,0.3263,0,0,0.9729,0.9729,1,1,50.1,281.88,166.92,0,1,2025-10-01 19:17:39,18.9,81.6,,0,0,,1
2025-10-01 19:18:24,214.06,0.318,245.33,0.4595,1.3787,237.53,250.14,248.34,422.63,427.96,424.11,424.85,1.3787,0.0,0.0,0.318,0.0,0.0,0.0754,0.0754,0,0,0.3275,0.3275,0,0,0.973,0.973,1,1,50.1,281.89,166.92,0,1,2025-10-01 19:18:24,18.9,83.4,,0,0,,1
2025-10-01 19:19:09,214.06,0.3175,245.18,0.4589,1.3769,237.48,249.88,248.2,422.23,427.71,423.97,424.59,1.3769,0.0,0.0,0.3175,0.0,0.0,0.0757,0.0757,0,0,0.327,0.327,0,0,0.9727,0.9727,1,1,50.1,281.89,166.92,0,1,2025-10-01 19:19:09,19.0,85,,0,0,,1
2025-10-01 19:19:54,214.06,0.3182,245.12,0.4582,1.3746,237.42,249.72,248.23,421.95,427.47,424.15,424.48,1.3746,0.0,0.0,0.3168,0.0,0.0,0.0758,0.0758,0,0,0.3264,0.3264,0,0,0.9727,0.9725,1,1,50.1,281.9,166.92,0,1,2025-10-01 19:19:54,19.0,86.2,,0,0,,1
2025-10-01 19:20:39,214.07,0.3189,245.22,0.4589,1.3767,237.58,249.83,248.25,422.76,427.04,424.25,424.6,1.3767,0.0,0.0,0.3175,0.0,0.0,0.0758,0.0758,0,0,0.3271,0.3271,0,0,0.9728,0.9726,1,1,50.1,281.9,166.92,0,1,2025-10-01 19:20:39,19.0,87.4,,0,0,,1
2025-10-01 19:21:24,214.07,0.3206,246.49,0.4604,1.3814,239.53,250.51,249.43,424.73,429.69,426.29,426.86,1.3814,0.0,0.0,0.3206,0.0,0.0,0.079,0.079,0,0,0.3309,0.3309,0,0,0.9709,0.9709,1,1,50.1,281.91,166.92,0,1,2025-10-01 19:21:24,19.1,88.3,,0,0,,1
2025-10-01 19:22:09,214.08,0.3216,246.34,0.4601,1.3803,239.47,250.36,249.21,424.91,428.96,426.08,426.61,1.3803,0.0,0.0,0.3203,0.0,0.0,0.0789,0.0789,0,0,0.3305,0.3305,0,0,0.9712,0.9709,1,1,50.1,281.91,166.92,0,1,2025-10-01 19:22:09,19.5,89.1,,0,0,,1
2025-10-01 19:22:54,214.08,0.3208,245.85,0.4591,1.3773,239.37,249.23,248.96,423.6,427.84,425.95,425.82,1.3773,0.0,0.0,0.3194,0.0,0.0,0.0788,0.0788,0,0,0.3297,0.3297,0,0,0.971,0.9708,1,1,50,281.91,166.93,0,1,2025-10-01 19:22:54,19.6,89.7,,0,0,,1
2025-10-01 19:23:39,214.08,0.321,245.82,0.4596,1.379,239.32,249.21,248.94,423.69,427.71,425.83,425.8,1.379,0.0,0.0,0.3199,0.0,0.0,0.0785,0.0785,0,0,0.33,0.33,0,0,0.9713,0.9711,1,1,50.1,281.92,166.93,0,1,2025-10-01 19:23:39,19.6,90.5,,0,0,,1
2025-10-01 19:24:24,214.09,0.3214,245.95,0.4605,1.3815,239.13,250.13,248.6,424.45,428.33,425.13,425.98,1.3815,0.0,0.0,0.3203,0.0,0.0,0.0782,0.0782,0,0,0.3304,0.3304,0,0,0.9716,0.9714,1,1,50,281.92,166.93,0,1,2025-10-01 19:24:24,19.7,91.1,,0,0,,1
2025-10-01 19:25:09,214.09,0.3185,245.31,0.4585,1.3757,237.69,249.89,248.37,422.94,427.1,424.51,424.92,1.3757,0.0,0.0,0.3174,0.0,0.0,0.076,0.076,0,0,0.327,0.327,0,0,0.9726,0.9725,1,1,50.1,281.93,166.93,0,1,2025-10-01 19:25:09,19.7,91.6,,0,0,,1
2025-10-01 19:25:54,214.13,3.9679,244.46,7.8514,23.554299999999998,236.57,249.15,247.68,421.06,425.97,423.11,423.15,8.84,7.5264,7.1879,1.6258,1.2747,1.0674,4.1016,1.3105,1.3685,1.4226,5.7468,2.0913,1.8752,1.7803,0.6952,0.7785,0.6815,0.6001,50.1,281.98,166.96,1,1,2025-10-01 19:25:54,19.7,91.2,,1,0,,0
2025-10-01 19:27:24,214.23,3.95,245.19,7.8469,23.5409,237.14,249.53,248.9,422.24,427.31,424.35,424.63,8.8168,7.5107,7.2134,1.6135,1.2693,1.0671,4.1393,1.325,1.3723,1.442,5.7604,2.0908,1.8741,1.7954,0.6903,0.7728,0.679,0.5948,50.1,282.12,167.07,1,1,2025-10-01 19:27:24,19.6,83.2,,1,0,,0
2025-10-01 19:28:09,214.26,0.3226,246.12,0.4627,1.3881,238.44,250.38,249.54,424.16,428.72,425.86,426.3,1.3881,0.0,0.0,0.3215,0.0,0.0,0.0758,0.0758,0,0,0.331,0.331,0,0,0.9734,0.9732,1,1,50.1,282.18,167.11,0,1,2025-10-01 19:28:09,19.5,79.8,,0,0,,1
2025-10-01 19:28:54,214.27,0.3203,245.65,0.4602,1.3808,238.08,250.05,248.83,423.5,427.73,425.07,425.29,1.3808,0.0,0.0,0.3192,0.0,0.0,0.0759,0.0759,0,0,0.3287,0.3287,0,0,0.973,0.9728,1,1,50.1,282.18,167.11,0,1,2025-10-01 19:28:54,19.0,80.5,,0,0,,1
2025-10-01 19:29:39,214.27,0.3265,245.75,0.4632,1.3897,241.86,251.61,243.78,428.79,424.66,423.37,425.59,1.3897,0.0,0.0,0.3251,0.0,0.0,0.0821,0.0821,0,0,0.3361,0.3361,0,0,0.9698,0.9695,1,1,50.1,282.19,167.11,0,1,2025-10-01 19:29:39,18.9,82.4,,0,0,,1
2025-10-01 19:30:24,214.28,0.3255,245.78,0.4635,1.3905,242.01,251.53,243.81,424.9,427.57,424.53,425.66,1.3905,0.0,0.0,0.3255,0.0,0.0,0.0822,0.0822,0,0,0.3365,0.3365,0,0,0.9695,0.9695,1,1,50.1,282.19,167.11,0,1,2025-10-01 19:30:24,19.0,84.2,,0,0,,1
2025-10-01 19:31:09,214.28,0.3254,245.59,0.4623,1.3869,241.74,251.39,243.65,424.52,427.63,423.89,425.34,1.3869,0.0,0.0,0.3242,0.0,0.0,0.0822,0.0822,0,0,0.3353,0.3353,0,0,0.9695,0.9693,1,1,50.1,282.19,167.11,0,1,2025-10-01 19:31:09,19.0,85.8,,0,0,,1
2025-10-01 19:31:54,214.28,0.3259,245.61,0.4627,1.3883,241.7,251.33,243.81,424.18,427.93,424.03,425.44,1.3883,0.0,0.0,0.3246,0.0,0.0,0.0818,0.0818,0,0,0.3356,0.3356,0,0,0.9698,0.9696,1,1,50.1,282.2,167.11,0,1,2025-10-01 19:31:54,19.0,87,,0,0,,1
2025-10-01 19:32:39,214.29,0.3261,245.8,0.4627,1.3881,241.89,251.49,244.03,424.7,427.88,424.53,425.65,1.3881,0.0,0.0,0.3248,0.0,0.0,0.0821,0.0821,0,0,0.3358,0.3358,0,0,0.9697,0.9695,1,1,50.1,282.2,167.11,0,1,2025-10-01 19:32:39,19.1,88,,0,0,,1
2025-10-01 19:33:24,214.29,0.3227,245.02,0.4606,1.3819,240.38,251.1,243.6,423.29,426.58,423.19,424.38,1.3819,0.0,0.0,0.3216,0.0,0.0,0.08,0.08,0,0,0.3322,0.3322,0,0,0.9705,0.9703,1,1,50.1,282.21,167.11,0,1,2025-10-01 19:33:24,19.5,88.9,,0,0,,1
2025-10-01 19:34:09,214.3,0.3244,245.65,0.462,1.386,240.84,251.58,244.55,424.16,427.85,424.34,425.42,1.386,0.0,0.0,0.3232,0.0,0.0,0.0803,0.0803,0,0,0.3338,0.3338,0,0,0.9706,0.9704,1,1,50.1,282.21,167.11,0,1,2025-10-01 19:34:09,19.6,89.6,,0,0,,1
2025-10-01 19:34:54,214.3,0.3233,245.64,0.461,1.383,240.54,251.93,244.47,423.96,428.64,423.71,425.44,1.383,0.0,0.0,0.3221,0.0,0.0,0.0803,0.0803,0,0,0.3327,0.3327,0,0,0.9705,0.9703,1,1,50,282.21,167.12,0,1,2025-10-01 19:34:54,19.6,90.3,,0,0,,1
2025-10-01 19:35:39,214.3,0.3232,245.7,0.4619,1.3859,240.75,251.8,244.56,423.94,428.36,424.3,425.49,1.3859,0.0,0.0,0.3232,0.0,0.0,0.08,0.08,0,0,0.3337,0.3337,0,0,0.9707,0.9707,1,1,50.1,282.22,167.12,0,1,2025-10-01 19:35:39,19.7,90.9,,0,0,,1
2025-10-01 19:36:24,214.31,0.3231,245.06,0.4609,1.3829,240.2,251.3,243.7,422.91,427.06,423.3,424.49,1.3829,0.0,0.0,0.3218,0.0,0.0,0.0794,0.0794,0,0,0.3322,0.3322,0,0,0.9711,0.9708,1,1,50,282.22,167.12,0,1,2025-10-01 19:36:24,19.7,91.3,,0,0,,1
2025-10-01 19:37:09,214.31,0.3238,245.03,0.4621,1.3864,240.21,251.23,243.65,422.82,427.02,423.23,424.36,1.3864,0.0,0.0,0.3227,0.0,0.0,0.0792,0.0792,0,0,0.333,0.333,0,0,0.9713,0.9712,1,1,50.1,282.23,167.12,0,1,2025-10-01 19:37:09,19.7,91.7,,0,0,,1
2025-10-01 19:37:54,214.36,4.0063,244.13,7.8826,23.6478,239,250.26,243.15,420.8,425.78,421.85,422.84,8.9404,7.5975,7.1099,1.6891,1.269,1.0482,4.0871,1.3041,1.41,1.3729,5.7669,2.1368,1.9014,1.7288,0.7,0.7915,0.6689,0.6068,50.1,282.29,167.16,1,1,2025-10-01 19:37:54,19.7,90.3,,1,0,,0
2025-10-01 19:39:24,214.46,3.9462,244.63,7.8404,23.5212,240.22,250.39,243.3,422.32,425.59,423.11,424.05,8.9028,7.5642,7.0542,1.6797,1.2408,1.0257,4.1165,1.3185,1.4245,1.3736,5.7489,2.1386,1.894,1.7163,0.692,0.7866,0.6568,0.5983,50,282.44,167.27,1,1,2025-10-01 19:39:24,19.6,82,,1,0,,0
2025-10-01 19:40:54,214.49,0.3252,245.89,0.4631,1.3893,241.86,251.7,244.13,424.8,428.34,424.48,425.87,1.3893,0.0,0.0,0.3252,0.0,0.0,0.0815,0.0815,0,0,0.336,0.336,0,0,0.9699,0.9699,1,1,50,282.48,167.3,0,1,2025-10-01 19:40:54,19.0,80.7,,0,0,,1
2025-10-01 19:41:39,214.49,0.3264,246.13,0.4628,1.3886,242.09,251.94,244.37,425.14,428.91,424.8,426.2,1.3886,0.0,0.0,0.3253,0.0,0.0,0.0817,0.0817,0,0,0.3362,0.3362,0,0,0.97,0.9698,1,1,50.1,282.48,167.3,0,1,2025-10-01 19:41:39,18.9,82.6,,0,0,,1
2025-10-01 19:42:24,214.5,0.3262,245.96,0.4625,1.3876,241.91,251.79,244.2,425.07,428.35,424.55,426.02,1.3876,0.0,0.0,0.3247,0.0,0.0,0.0818,0.0818,0,0,0.3357,0.3357,0,0,0.9699,0.9697,1,1,50,282.49,167.3,0,1,2025-10-01 19:42:24,18.9,84.3,,0,0,,1
2025-10-01 19:43:09,214.5,0.3244,245.38,0.4618,1.3854,240.54,251.54,244.06,423.34,427.7,423.85,424.99,1.3854,0.0,0.0,0.3228,0.0,0.0,0.0798,0.0798,0,0,0.3332,0.3332,0,0,0.971,0.9707,1,1,50.1,282.49,167.3,0,1,2025-10-01 19:43:09,19.0,85.8,,0,0,,1
2025-10-01 19:43:54,214.5,0.324,245.28,0.4613,1.384,240.78,250.71,244.35,423.64,426.92,423.84,424.84,1.384,0.0,0.0,0.3227,0.0,0.0,0.0802,0.0802,0,0,0.3332,0.3332,0,0,0.9707,0.9704,1,1,50.1,282.5,167.3,0,1,2025-10-01 19:43:54,19.0,86.9,,0,0,,1
2025-10-01 19:44:39,214.51,0.3242,245.39,0.4616,1.385,240.88,250.73,244.57,422.96,428.03,424.01,424.95,1.385,0.0,0.0,0.323,0.0,0.0,0.0802,0.0802,0,0,0.3336,0.3336,0,0,0.9707,0.9705,1,1,50.1,282.5,167.3,0,1,2025-10-01 19:44:39,19.0,88,,0,0,,1
2025-10-01 19:45:24,214.51,0.3251,245.33,0.4618,1.3856,240.84,250.67,244.5,422.94,427.86,423.91,424.88,1.3856,0.0,0.0,0.3232,0.0,0.0,0.0801,0.0801,0,0,0.3337,0.3337,0,0,0.9709,0.9706,1,1,50.1,282.5,167.3,0,1,2025-10-01 19:45:24,19.5,89,,0,0,,1
2025-10-01 19:46:09,214.52,0.3229,245.32,0.4606,1.382,240.43,251.44,244.09,423.16,426.96,424.42,424.83,1.382,0.0,0.0,0.3218,0.0,0.0,0.0798,0.0798,0,0,0.3323,0.3323,0,0,0.9708,0.9706,1,1,50.1,282.51,167.3,0,1,2025-10-01 19:46:09,19.6,89.8,,0,0,,1
2025-10-01 19:46:54,214.52,0.322,245.09,0.46,1.38,240.17,251.2,243.91,422.55,426.84,423.98,424.51,1.38,0.0,0.0,0.321,0.0,0.0,0.0795,0.0795,0,0,0.3314,0.3314,0,0,0.9708,0.9706,1,1,50.1,282.51,167.3,0,1,2025-10-01 19:46:54,19.6,90.4,,0,0,,1
2025-10-01 19:47:39,214.52,0.325,245.66,0.462,1.3861,241.48,251.46,244.04,424.01,427.87,424.48,425.47,1.3861,0.0,0.0,0.3238,0.0,0.0,0.0815,0.0815,0,0,0.3347,0.3347,0,0,0.9699,0.9697,1,1,50,282.52,167.3,0,1,2025-10-01 19:47:39,19.7,90.8,,0,0,,1
2025-10-01 19:48:24,214.53,0.3254,245.76,0.4621,1.3865,241.71,251.48,244.09,424.16,428.24,424.49,425.55,1.3865,0.0,0.0,0.3241,0.0,0.0,0.0821,0.0821,0,0,0.3351,0.3351,0,0,0.9696,0.9694,1,1,50,282.52,167.31,0,1,2025-10-01 19:48:24,19.7,91.2,,0,0,,1
2025-10-01 19:49:09,214.53,0.3245,245.66,0.4613,1.3841,241.6,251.35,244.03,423.99,427.67,424.69,425.43,1.3841,0.0,0.0,0.3235,0.0,0.0,0.0818,0.0818,0,0,0.3344,0.3344,0,0,0.9696,0.9695,1,1,50,282.53,167.31,0,1,2025-10-01 19:49:09,19.7,91.5,,0,0,,1
2025-10-01 19:49:54,214.58,4.0004,244.65,7.9069,23.7209,240.23,250.41,243.31,422.16,425.96,422.98,423.7,8.9804,7.6375,7.103,1.6999,1.2597,1.0407,4.1355,1.3238,1.4335,1.3782,5.7981,2.1574,1.9125,1.7282,0.6952,0.7889,0.6601,0.6025,50,282.59,167.35,1,1,2025-10-01 19:49:54,19.7,90.4,,1,0,,0
2025-10-01 19:50:39,214.62,3.9882,244.83,7.8875,23.6627,240.43,250.53,243.54,422.65,425.82,423.56,424.01,8.9654,7.5951,7.1022,1.6945,1.2515,1.0422,4.1336,1.3276,1.4274,1.3785,5.788,2.1556,1.9028,1.7297,0.6943,0.7871,0.6592,0.603,50.1,282.66,167.4,1,1,2025-10-01 19:50:39,19.7,86.3,,1,0,,0
2025-10-01 19:51:24,214.67,3.9449,244.78,7.8478,23.543599999999998,240.83,250.92,242.59,422.36,426.49,422.9,423.98,8.9306,7.5877,7.0253,1.6928,1.2366,1.0155,4.1295,1.3215,1.4416,1.3664,5.7589,2.1508,1.9039,1.7043,0.6907,0.7882,0.651,0.5964,50,282.73,167.45,1,1,2025-10-01 19:51:24,19.6,82.3,,1,0,,0
2025-10-01 19:52:09,214.71,0.3278,245.72,0.4645,1.3937,242.23,251.86,243.07,425,427.16,424.49,425.36,1.3937,0.0,0.0,0.3268,0.0,0.0,0.0816,0.0816,0,0,0.3376,0.3376,0,0,0.9704,0.9702,1,1,50.1,282.78,167.49,0,1,2025-10-01 19:52:09,19.1,79.5,,0,0,,1
2025-10-01 19:52:54,214.71,0.3273,245.93,0.4637,1.3913,242.07,251.58,244.15,424.75,428.19,424.85,425.87,1.3913,0.0,0.0,0.3259,0.0,0.0,0.0818,0.0818,0,0,0.3368,0.3368,0,0,0.9701,0.9699,1,1,50,282.78,167.49,0,1,2025-10-01 19:52:54,19.0,80.5,,0,0,,1
2025-10-01 19:53:39,214.71,0.3245,245.77,0.4623,1.3869,241.84,251.47,244.02,424.77,427.36,424.83,425.69,1.3869,0.0,0.0,0.3245,0.0,0.0,0.0817,0.0817,0,0,0.3354,0.3354,0,0,0.9696,0.9696,1,1,50,282.79,167.49,0,1,2025-10-01 19:53:39,18.9,82.3,,0,0,,1
2025-10-01 19:54:24,214.72,0.3234,245.33,0.4611,1.3835,240.43,251.64,243.94,423.37,427.78,423.53,425.01,1.3835,0.0,0.0,0.3222,0.0,0.0,0.0794,0.0794,0,0,0.3326,0.3326,0,0,0.9711,0.9709,1,1,50,282.79,167.49,0,1,2025-10-01 19:54:24,18.9,84,,0,0,,1
2025-10-01 19:55:09,214.72,0.3213,245.18,0.4601,1.3803,240.44,251.34,243.77,423.15,427,423.71,424.52,1.3803,0.0,0.0,0.3213,0.0,0.0,0.08,0.08,0,0,0.3319,0.3319,0,0,0.9703,0.9703,1,1,50,282.8,167.49,0,1,2025-10-01 19:55:09,19.0,85.4,,0,0,,1
2025-10-01 19:55:54,214.73,0.3238,245.35,0.461,1.3831,240.62,251.65,243.79,423.35,427.41,423.98,424.83,1.3831,0.0,0.0,0.3223,0.0,0.0,0.0798,0.0798,0,0,0.3328,0.3328,0,0,0.9709,0.9706,1,1,50,282.8,167.49,0,1,2025-10-01 19:55:54,19.0,86.6,,0,0,,1
2025-10-01 19:56:39,214.73,0.3247,245.59,0.4618,1.3854,240.87,251.83,244.07,423.97,427.15,424.82,425.39,1.3854,0.0,0.0,0.3232,0.0,0.0,0.08,0.08,0,0,0.3337,0.3337,0,0,0.9709,0.9707,1,1,50.1,282.8,167.49,0,1,2025-10-01 19:56:39,19.0,87.7,,0,0,,1
2025-10-01 19:57:24,214.73,0.3261,246.28,0.4621,1.3865,242.28,252.23,244.35,425.49,428.55,425.56,426.55,1.3865,0.0,0.0,0.3248,0.0,0.0,0.0825,0.0825,0,0,0.3359,0.3359,0,0,0.9694,0.9692,1,1,50,282.81,167.49,0,1,2025-10-01 19:57:24,19.1,88.5,,0,0,,1
2025-10-01 19:58:09,214.74,0.326,246.39,0.4621,1.3865,242.32,252.44,244.43,425.52,428.83,425.82,426.84,1.3865,0.0,0.0,0.3248,0.0,0.0,0.0827,0.0827,0,0,0.336,0.336,0,0,0.9693,0.969,1,1,50.1,282.81,167.49,0,1,2025-10-01 19:58:09,19.5,89.3,,0,0,,1
2025-10-01 19:58:54,214.74,0.33,246.5,0.4647,1.3943,244.22,247.41,247.89,422.7,427.86,430.21,426.85,1.3943,0.0,0.0,0.3287,0.0,0.0,0.0854,0.0854,0,0,0.3405,0.3405,0,0,0.968,0.9678,1,1,50.1,282.82,167.5,0,1,2025-10-01 19:58:54,19.6,89.9,,0,0,,1
2025-10-01 19:59:39,214.75,0.3258,246.15,0.4631,1.3895,243.85,247.1,247.52,425,428.48,425.58,426.46,1.3895,0.0,0.0,0.3269,0.0,0.0,0.0856,0.0856,0,0,0.3388,0.3388,0,0,0.9671,0.9673,1,1,50,282.82,167.5,0,1,2025-10-01 19:59:39,19.6,90.5,,0,0,,1
2025-10-01 20:00:24,214.75,0.3231,246.76,0.4619,1.3857,242.15,245.61,252.52,424.89,429.29,427.97,427.47,1.3857,0.0,0.0,0.3244,0.0,0.0,0.0825,0.0825,0,0,0.3355,0.3355,0,0,0.9688,0.9691,1,1,50,282.83,167.5,0,1,2025-10-01 20:00:24,19.7,90.9,,0,0,,1
2025-10-01 20:01:09,214.75,0.3213,246.07,0.4607,1.3823,240.23,245.46,252.54,423.36,428.48,426.74,426.09,1.3823,0.0,0.0,0.3217,0.0,0.0,0.0794,0.0794,0,0,0.3321,0.3321,0,0,0.9708,0.9708,1,1,50,282.83,167.5,0,1,2025-10-01 20:01:09,19.7,91.3,,0,0,,1
2025-10-01 20:01:54,214.76,3.6927,244.9,7.8777,23.6332,238.64,244.66,251.41,421.39,425.84,425.21,425.68,9.4767,7.1169,7.0396,1.6054,1.1036,0.9837,4.3032,1.489,1.3577,1.4564,5.7726,2.2615,1.7412,1.7698,0.6512,0.7442,0.6471,0.588,50.1,282.84,167.5,1,1,2025-10-01 20:01:54,19.7,91.7,,1,0,,0
2025-10-01 20:02:39,214.8,4.0089,244.84,7.894,23.6821,238.74,244.71,251.09,421.2,426.15,424.84,424,8.9871,7.3949,7.3001,1.6273,1.2317,1.1499,4.1379,1.3933,1.3192,1.4254,5.7882,2.1456,1.8096,1.833,0.6958,0.7594,0.6826,0.6273,50,282.9,167.55,1,1,2025-10-01 20:02:39,19.7,90.2,,1,0,,0
2025-10-01 20:03:24,214.86,3.9795,244.82,7.86,23.580099999999998,238.63,244.77,251.08,421.66,425.81,424.58,424.08,8.9325,7.3714,7.2762,1.6144,1.2263,1.1387,4.1304,1.3869,1.3169,1.4267,5.7628,2.1316,1.8043,1.8269,0.6938,0.7585,0.6814,0.6238,50.1,282.98,167.6,1,1,2025-10-01 20:03:24,19.7,85.9,,1,0,,0
2025-10-01 20:04:09,214.91,3.9661,244.94,7.8529,23.5587,238.77,244.9,251.15,421.33,426.58,424.76,424.13,8.9356,7.3665,7.2566,1.6139,1.219,1.1331,4.1344,1.3898,1.3201,1.4245,5.7601,2.1336,1.8041,1.8225,0.6922,0.7583,0.6791,0.6226,50.1,283.05,167.65,1,1,2025-10-01 20:04:09,19.6,82,,1,0,,0
2025-10-01 20:04:54,214.93,0.3234,245.78,0.4629,1.3887,240.13,245.48,251.73,423.35,426.72,426.93,425.66,1.3887,0.0,0.0,0.3235,0.0,0.0,0.078,0.078,0,0,0.3335,0.3335,0,0,0.9721,0.9721,1,1,50.1,283.08,167.68,0,1,2025-10-01 20:04:54,19.1,79.3,,0,0,,1
2025-10-01 20:05:39,214.93,0.3232,245.63,0.4615,1.3846,239.79,245.51,251.6,423.25,427.08,425.91,425.45,1.3846,0.0,0.0,0.3219,0.0,0.0,0.0783,0.0783,0,0,0.332,0.332,0,0,0.9719,0.9717,1,1,50,283.09,167.68,0,1,2025-10-01 20:05:39,19.0,80.7,,0,0,,1
2025-10-01 20:06:24,214.94,0.3228,246.36,0.4618,1.3856,241.09,245.92,252.07,424.33,428.38,427.35,426.72,1.3856,0.0,0.0,0.3234,0.0,0.0,0.0808,0.0808,0,0,0.3341,0.3341,0,0,0.97,0.9701,1,1,50,283.09,167.68,0,1,2025-10-01 20:06:24,18.9,82.6,,0,0,,1
2025-10-01 20:07:09,214.94,0.3245,246.36,0.4615,1.3845,241.3,245.7,252.1,424.11,428.59,427.4,426.75,1.3845,0.0,0.0,0.3233,0.0,0.0,0.0811,0.0811,0,0,0.3341,0.3341,0,0,0.9701,0.9699,1,1,50,283.1,167.68,0,1,2025-10-01 20:07:09,18.9,84.2,,0,0,,1
2025-10-01 20:07:54,214.95,0.3252,246.66,0.4619,1.3859,241.59,246.05,252.35,424.43,429.17,428.05,427.15,1.3859,0.0,0.0,0.3239,0.0,0.0,0.0817,0.0817,0,0,0.3348,0.3348,0,0,0.9698,0.9696,1,1,50,283.1,167.68,0,1,2025-10-01 20:07:54,19.0,85.6,,0,0,,1
2025-10-01 20:08:39,214.95,0.3232,246.83,0.4623,1.3871,241.63,246.31,252.57,425.41,429.08,428.03,427.5,1.3871,0.0,0.0,0.3243,0.0,0.0,0.0813,0.0813,0,0,0.3352,0.3352,0,0,0.9697,0.9699,1,1,50,283.1,167.68,0,1,2025-10-01 20:08:39,19.0,86.8,,0,0,,1
2025-10-01 20:09:24,214.95,0.3237,246.81,0.4628,1.3885,241.69,246.24,252.5,424.95,429.62,427.84,427.43,1.3885,0.0,0.0,0.3248,0.0,0.0,0.0814,0.0814,0,0,0.3356,0.3356,0,0,0.9698,0.9699,1,1,50,283.11,167.68,0,1,2025-10-01 20:09:24,19.1,87.7,,0,0,,1
2025-10-01 20:10:09,214.96,0.321,246.17,0.461,1.3831,240.4,245.92,252.2,423.73,428.36,426.99,426.28,1.3831,0.0,0.0,0.3221,0.0,0.0,0.0796,0.0796,0,0,0.3325,0.3325,0,0,0.9705,0.9707,1,1,50,283.11,167.68,0,1,2025-10-01 20:10:09,19.1,88.6,,0,0,,1
2025-10-01 20:10:54,214.96,0.3221,246.07,0.4614,1.3843,240.35,245.69,252.17,423.31,427.92,427.32,426.21,1.3843,0.0,0.0,0.3224,0.0,0.0,0.0794,0.0794,0,0,0.3327,0.3327,0,0,0.9709,0.971,1,1,50,283.12,167.68,0,1,2025-10-01 20:10:54,19.5,89.3,,0,0,,1
2025-10-01 20:11:39,214.97,0.3205,246.13,0.4609,1.3827,240.09,246.16,252.14,422.98,428.67,427.22,426.38,1.3827,0.0,0.0,0.3216,0.0,0.0,0.0793,0.0793,0,0,0.332,0.332,0,0,0.9707,0.9709,1,1,50,283.12,167.68,0,1,2025-10-01 20:11:39,19.6,89.9,,0,0,,1
2025-10-01 20:12:24,214.97,0.3214,246.2,0.4603,1.381,240.19,246.24,252.18,423.68,428.9,426.67,426.35,1.381,0.0,0.0,0.3212,0.0,0.0,0.0797,0.0797,0,0,0.3317,0.3317,0,0,0.9706,0.9706,1,1,50,283.12,167.69,0,1,2025-10-01 20:12:24,19.6,90.4,,0,0,,1
2025-10-01 20:13:09,214.97,0.3204,246.17,0.4606,1.382,240.27,246.03,252.23,423.32,428.73,427.06,426.28,1.382,0.0,0.0,0.3215,0.0,0.0,0.08,0.08,0,0,0.3321,0.3321,0,0,0.9702,0.9704,1,1,50,283.13,167.69,0,1,2025-10-01 20:13:09,19.7,90.8,,0,0,,1
2025-10-01 20:13:54,214.98,0.3214,246.09,0.4605,1.3816,240.51,245.1,252.68,423.31,428.39,426.98,426.09,1.3816,0.0,0.0,0.3216,0.0,0.0,0.0806,0.0806,0,0,0.3323,0.3323,0,0,0.9699,0.97,1,1,50,283.13,167.69,0,1,2025-10-01 20:13:54,19.7,91.2,,0,0,,1
2025-10-01 20:14:39,214.98,0.3212,246.44,0.4614,1.3844,240.71,245.25,253.37,423.86,428.99,427.63,426.58,1.3844,0.0,0.0,0.3226,0.0,0.0,0.0805,0.0805,0,0,0.3332,0.3332,0,0,0.9699,0.9702,1,1,50,283.14,167.69,0,1,2025-10-01 20:14:39,19.7,91.6,,0,0,,1
2025-10-01 20:15:24,215.02,4.0176,246,7.9867,23.960300000000004,240.41,245.11,252.48,423.03,428.23,426.94,426.08,9.0424,7.5178,7.4001,1.628,1.2372,1.1524,4.2622,1.4353,1.3585,1.4684,5.8849,2.1739,1.8427,1.8684,0.6859,0.7501,0.6733,0.6173,49.9,283.19,167.73,1,1,2025-10-01 20:15:24,19.8,91.3,,1,0,,0
2025-10-01 20:16:09,215.06,3.9928,245.99,7.9581,23.874399999999998,240.47,245.11,252.41,423.38,427.88,426.9,426.17,9.03,7.4856,7.3588,1.6242,1.2252,1.1434,4.2562,1.4359,1.3586,1.4617,5.8637,2.1714,1.8348,1.8574,0.6841,0.7491,0.6697,0.6161,49.9,283.26,167.78,1,1,2025-10-01 20:16:09,19.7,87.4,,1,0,,0
2025-10-01 20:16:54,215.12,3.9356,245.98,7.9023,23.7071,240.45,245.06,252.44,423.23,428.27,426.6,426.02,8.964,7.4201,7.323,1.6028,1.2061,1.1268,4.2537,1.4359,1.3541,1.4636,5.8224,2.1554,1.8184,1.8486,0.6791,0.7448,0.6651,0.61,49.9,283.33,167.83,1,1,2025-10-01 20:16:54,19.6,83.3,,1,0,,0
2025-10-01 20:17:39,215.17,3.8922,245.8,7.8668,23.6006,240.49,244.77,252.14,422.74,428.24,426.19,425.72,8.9325,7.3821,7.286,1.5903,1.1885,1.1133,4.2514,1.4384,1.354,1.4591,5.7922,2.1482,1.8069,1.8371,0.6752,0.7416,0.6596,0.6066,49.9,283.41,167.89,1,1,2025-10-01 20:17:39,19.5,80,,1,0,,0
2025-10-01 20:18:24,215.17,0.3244,246.89,0.4624,1.3873,241.91,245.78,253,425.07,430.16,427.63,427.54,1.3873,0.0,0.0,0.3243,0.0,0.0,0.0832,0.0832,0,0,0.3356,0.3356,0,0,0.9686,0.9686,1,1,49.9,283.41,167.89,0,1,2025-10-01 20:18:24,19.0,79.1,,0,0,,1
2025-10-01 20:19:09,215.17,0.3219,246.32,0.4611,1.3834,240.6,245.54,252.83,423.54,428.96,427.37,426.7,1.3834,0.0,0.0,0.3221,0.0,0.0,0.081,0.081,0,0,0.3328,0.3328,0,0,0.9697,0.9698,1,1,49.9,283.42,167.89,0,1,2025-10-01 20:19:09,18.9,81,,0,0,,1
2025-10-01 20:19:54,215.18,0.3218,246.53,0.4608,1.3825,240.7,245.82,253.09,424.26,429.3,427.41,426.92,1.3825,0.0,0.0,0.3218,0.0,0.0,0.0815,0.0815,0,0,0.3328,0.3328,0,0,0.9693,0.9693,1,1,49.9,283.42,167.89,0,1,2025-10-01 20:19:54,18.9,82.9,,0,0,,1
2025-10-01 20:20:39,215.18,0.3229,246.43,0.4609,1.3827,240.64,245.76,252.91,424.06,428.9,427.48,426.83,1.3827,0.0,0.0,0.3219,0.0,0.0,0.0813,0.0813,0,0,0.3327,0.3327,0,0,0.9697,0.9695,1,1,49.9,283.43,167.89,0,1,2025-10-01 20:20:39,18.9,84.6,,0,0,,1
2025-10-01 20:21:24,215.19,0.3204,246.59,0.461,1.383,240.7,246.05,253.02,424.22,429.34,427.69,427.02,1.383,0.0,0.0,0.3219,0.0,0.0,0.0816,0.0816,0,0,0.3329,0.3329,0,0,0.969,0.9693,1,1,49.9,283.43,167.89,0,1,2025-10-01 20:21:24,19.0,86,,0,0,,1
2025-10-01 20:22:09,215.19,0.3207,246.46,0.461,1.383,240.7,245.73,252.95,423.82,429.35,427.41,426.79,1.383,0.0,0.0,0.322,0.0,0.0,0.0812,0.0812,0,0,0.3329,0.3329,0,0,0.9693,0.9696,1,1,49.9,283.44,167.89,0,1,2025-10-01 20:22:09,19.0,87.1,,0,0,,1
2025-10-01 20:22:54,215.19,0.3221,246.5,0.4611,1.3833,240.7,245.86,252.96,423.88,429.44,427.51,426.99,1.3833,0.0,0.0,0.3221,0.0,0.0,0.0812,0.0812,0,0,0.333,0.333,0,0,0.9696,0.9696,1,1,49.9,283.44,167.89,0,1,2025-10-01 20:22:54,19.1,88,,0,0,,1
2025-10-01 20:23:39,215.2,0.3214,246.83,0.4611,1.3834,241.05,246.11,253.34,424.73,429.79,427.99,427.54,1.3834,0.0,0.0,0.3226,0.0,0.0,0.0815,0.0815,0,0,0.3335,0.3335,0,0,0.9693,0.9695,1,1,49.9,283.44,167.89,0,1,2025-10-01 20:23:39,19.5,88.9,,0,0,,1
2025-10-01 20:24:24,215.2,0.325,247.41,0.4626,1.3879,242.45,246.17,253.62,425.58,430.88,429.1,428.55,1.3879,0.0,0.0,0.325,0.0,0.0,0.0839,0.0839,0,0,0.3365,0.3365,0,0,0.9682,0.9682,1,1,49.9,283.45,167.9,0,1,2025-10-01 20:24:24,19.5,89.7,,0,0,,1
2025-10-01 20:25:09,215.21,0.3249,247.39,0.4622,1.3866,242.41,246.28,253.5,425.82,429.6,430.01,428.43,1.3866,0.0,0.0,0.3246,0.0,0.0,0.084,0.084,0,0,0.3361,0.3361,0,0,0.9681,0.968,1,1,49.9,283.45,167.9,0,1,2025-10-01 20:25:09,19.6,90.3,,0,0,,1
2025-10-01 20:25:54,215.21,0.3267,247.59,0.4631,1.3893,242.55,246.54,253.69,426.35,430.53,429.58,428.81,1.3893,0.0,0.0,0.3256,0.0,0.0,0.0837,0.0837,0,0,0.337,0.337,0,0,0.9686,0.9684,1,1,49.9,283.46,167.9,0,1,2025-10-01 20:25:54,19.6,90.7,,0,0,,1
2025-10-01 20:26:39,215.22,0.3252,247.65,0.4627,1.3881,242.53,246.66,253.76,426.64,430.98,429.13,428.94,1.3881,0.0,0.0,0.3253,0.0,0.0,0.0835,0.0835,0,0,0.3367,0.3367,0,0,0.9685,0.9685,1,1,50,283.46,167.9,0,1,2025-10-01 20:26:39,19.7,91.1,,0,0,,1
2025-10-01 20:27:24,215.22,0.3258,247.44,0.4621,1.3863,242.29,246.49,253.54,425.87,430.96,428.86,428.58,1.3863,0.0,0.0,0.3245,0.0,0.0,0.0836,0.0836,0,0,0.3359,0.3359,0,0,0.9686,0.9683,1,1,49.9,283.47,167.9,0,1,2025-10-01 20:27:24,19.7,91.5,,0,0,,1
2025-10-01 20:28:09,215.24,3.913,245.95,7.892,23.676000000000002,239.75,245.46,252.66,422.79,428.68,426.5,426.04,8.9044,7.4387,7.3329,1.5856,1.2137,1.1137,4.2598,1.4242,1.357,1.4786,5.8135,2.1348,1.8259,1.8527,0.6764,0.7439,0.6666,0.6016,49.9,283.5,167.92,1,1,2025-10-01 20:28:09,19.7,91.7,,1,0,,0
2025-10-01 20:28:54,215.29,4.0132,245.97,7.9745,23.923499999999997,239.93,245.26,252.73,423.01,428.41,426.62,426.02,9.0268,7.4645,7.4322,1.6169,1.2357,1.1607,4.254,1.4355,1.3438,1.4747,5.8749,2.1658,1.8307,1.8783,0.6862,0.7478,0.6768,0.6184,49.9,283.57,167.98,1,1,2025-10-01 20:28:54,19.7,88.2,,1,0,,0
2025-10-01 20:29:39,215.34,3.9282,246.66,7.9354,23.8063,238.62,250.34,251.04,424.37,430.19,427.04,427.28,8.9018,7.5595,7.345,1.6014,1.2538,1.073,4.2974,1.3899,1.41,1.4975,5.8605,2.1241,1.8924,1.8439,0.6746,0.7552,0.6645,0.5824,49.9,283.65,168.03,1,1,2025-10-01 20:29:39,19.6,83.8,,1,0,,0
2025-10-01 20:30:24,215.39,3.9378,246.56,7.9416,23.825000000000003,238.92,251.15,249.61,424.76,429.95,426.34,426.95,8.932,7.5981,7.2949,1.6227,1.2568,1.0583,4.288,1.3799,1.4286,1.4794,5.8632,2.134,1.9083,1.8209,0.6763,0.7617,0.6605,0.5818,49.9,283.72,168.08,1,1,2025-10-01 20:30:24,19.5,80.4,,1,0,,0
2025-10-01 20:31:09,215.4,0.3219,246.76,0.4603,1.3811,239.57,251.46,249.26,426.51,428.24,427.25,427.34,1.3811,0.0,0.0,0.3206,0.0,0.0,0.0788,0.0788,0,0,0.3309,0.3309,0,0,0.9713,0.971,1,1,49.9,283.73,168.09,0,1,2025-10-01 20:31:09,19.0,80.1,,0,0,,1
2025-10-01 20:31:54,215.4,0.3192,246.89,0.4592,1.3778,239.1,251.33,250.25,425.29,430.4,427.09,427.55,1.3778,0.0,0.0,0.3192,0.0,0.0,0.0784,0.0784,0,0,0.3294,0.3294,0,0,0.9711,0.9711,1,1,49.9,283.73,168.09,0,1,2025-10-01 20:31:54,18.9,81.9,,0,0,,1
2025-10-01 20:32:39,215.4,0.3193,246.85,0.4595,1.3786,239.07,251.33,250.15,424.44,431.3,426.85,427.43,1.3786,0.0,0.0,0.3193,0.0,0.0,0.0789,0.0789,0,0,0.3296,0.3296,0,0,0.9707,0.9707,1,1,49.9,283.73,168.09,0,1,2025-10-01 20:32:39,19.0,83.5,,0,0,,1
2025-10-01 20:33:24,215.41,0.3189,246.94,0.459,1.3772,239.08,251.46,250.3,426.08,428.16,428.62,427.71,1.3772,0.0,0.0,0.3189,0.0,0.0,0.079,0.079,0,0,0.3293,0.3293,0,0,0.9706,0.9706,1,1,49.9,283.74,168.09,0,1,2025-10-01 20:33:24,19.0,85,,0,0,,1
2025-10-01 20:34:09,215.41,0.3232,247.57,0.4608,1.3824,240.6,251.63,250.48,426.93,431.17,428.2,428.79,1.3824,0.0,0.0,0.3217,0.0,0.0,0.0815,0.0815,0,0,0.3326,0.3326,0,0,0.9696,0.9693,1,1,49.9,283.74,168.09,0,1,2025-10-01 20:34:09,19.0,86.2,,0,0,,1
2025-10-01 20:34:54,215.42,0.3229,247.44,0.4606,1.3819,240.46,251.52,250.35,426.72,430.55,428.35,428.49,1.3819,0.0,0.0,0.3215,0.0,0.0,0.0811,0.0811,0,0,0.3323,0.3323,0,0,0.9698,0.9696,1,1,49.9,283.75,168.09,0,1,2025-10-01 20:34:54,19.0,87.2,,0,0,,1
2025-10-01 20:35:39,215.42,0.3224,247.38,0.4604,1.3813,240.41,251.52,250.23,426.49,431.34,427.55,428.38,1.3813,0.0,0.0,0.3212,0.0,0.0,0.0815,0.0815,0,0,0.3321,0.3321,0,0,0.9695,0.9692,1,1,49.9,283.75,168.09,0,1,2025-10-01 20:35:39,19.1,88.2,,0,0,,1
2025-10-01 20:36:24,215.42,0.3221,247.43,0.4603,1.3809,240.4,251.53,250.38,426.18,431.7,427.76,428.52,1.3809,0.0,0.0,0.3211,0.0,0.0,0.0815,0.0815,0,0,0.332,0.332,0,0,0.9694,0.9692,1,1,49.9,283.76,168.09,0,1,2025-10-01 20:36:24,19.5,89,,0,0,,1
2025-10-01 20:37:09,215.43,0.3226,247.44,0.4603,1.381,240.47,251.51,250.36,426.56,431.67,427.47,428.58,1.381,0.0,0.0,0.3212,0.0,0.0,0.0813,0.0813,0,0,0.3321,0.3321,0,0,0.9696,0.9694,1,1,49.9,283.76,168.09,0,1,2025-10-01 20:37:09,19.6,89.7,,0,0,,1
2025-10-01 20:37:54,215.43,0.3203,246.83,0.4594,1.3783,239.17,251.2,250.14,425.42,429.71,427.32,427.41,1.3783,0.0,0.0,0.3192,0.0,0.0,0.0796,0.0796,0,0,0.3296,0.3296,0,0,0.9704,0.9702,1,1,49.8,283.76,168.1,0,1,2025-10-01 20:37:54,19.6,90.4,,0,0,,1
2025-10-01 20:38:39,215.44,0.319,246.79,0.4592,1.3778,239.07,251.27,250.04,425.45,429.75,427.02,427.37,1.3778,0.0,0.0,0.319,0.0,0.0,0.0793,0.0793,0,0,0.3294,0.3294,0,0,0.9704,0.9704,1,1,49.9,283.77,168.1,0,1,2025-10-01 20:38:39,19.7,91,,0,0,,1
2025-10-01 20:39:24,215.44,3.8706,245.97,7.9071,23.7213,238,250.34,249.58,423.6,428.84,425.54,425.92,8.9323,7.5572,7.2318,1.6083,1.2317,1.0305,4.2944,1.385,1.4295,1.4799,5.8227,2.1259,1.8919,1.8049,0.6695,0.7577,0.6527,0.5714,49.8,283.78,168.1,1,1,2025-10-01 20:39:24,19.7,91.5,,1,0,,0
2025-10-01 20:40:09,215.5,3.9768,246.03,7.9808,23.9426,238.04,250.46,249.59,423.59,429.18,425.53,426,8.9729,7.6458,7.3239,1.6308,1.2743,1.0718,4.2749,1.3737,1.4225,1.4787,5.8788,2.1359,1.915,1.828,0.6811,0.7648,0.6672,0.5868,49.8,283.86,168.16,1,1,2025-10-01 20:40:09,19.7,89.1,,1,0,,0
2025-10-01 20:40:54,215.55,3.9766,246.09,7.9698,23.9095,238.15,250.42,249.71,423.52,429.28,425.82,426.21,8.9703,7.6047,7.3345,1.6278,1.2689,1.0799,4.2681,1.3779,1.413,1.4772,5.8721,2.1363,1.9044,1.8315,0.6816,0.7632,0.6681,0.5901,49.9,283.93,168.21,1,1,2025-10-01 20:40:54,19.7,85.1,,1,0,,0
2025-10-01 20:41:39,215.59,3.9172,246.17,7.9172,23.7518,238.11,250.52,249.88,423.61,428.81,426.55,426.33,8.8883,7.5567,7.3068,1.6037,1.2532,1.0602,4.2717,1.3755,1.4118,1.4843,5.8353,2.1164,1.8931,1.8258,0.6758,0.759,0.6638,0.5812,49.9,284,168.26,1,1,2025-10-01 20:41:39,19.5,81.3,,1,0,,0
2025-10-01 20:42:24,215.61,0.3206,247.17,0.4608,1.3824,239.5,251.36,250.66,425.08,431.13,428.03,428.04,1.3824,0.0,0.0,0.3206,0.0,0.0,0.0796,0.0796,0,0,0.3311,0.3311,0,0,0.9705,0.9705,1,1,49.9,284.03,168.28,0,1,2025-10-01 20:42:24,19.0,79.1,,0,0,,1
2025-10-01 20:43:09,215.62,0.3218,247.22,0.4606,1.382,239.41,251.78,250.48,425.58,430.47,428.39,428.19,1.382,0.0,0.0,0.3204,0.0,0.0,0.0796,0.0796,0,0,0.3309,0.3309,0,0,0.9707,0.9705,1,1,49.9,284.03,168.29,0,1,2025-10-01 20:43:09,18.9,80.7,,0,0,,1
2025-10-01 20:43:54,215.62,0.3198,247.26,0.4598,1.3794,239.44,251.91,250.43,425.6,431.37,427.72,428.22,1.3794,0.0,0.0,0.3198,0.0,0.0,0.0796,0.0796,0,0,0.3303,0.3303,0,0,0.9703,0.9703,1,1,49.9,284.04,168.29,0,1,2025-10-01 20:43:54,18.9,82.5,,0,0,,1
2025-10-01 20:44:39,215.63,0.3221,247.98,0.4609,1.3829,240.94,252.21,250.79,427.52,431.87,429.04,429.44,1.3829,0.0,0.0,0.3221,0.0,0.0,0.0821,0.0821,0,0,0.3332,0.3332,0,0,0.9689,0.9689,1,1,49.9,284.04,168.29,0,1,2025-10-01 20:44:39,18.9,84.1,,0,0,,1
2025-10-01 20:45:24,215.63,0.3214,247.88,0.4603,1.3809,240.88,252.11,250.65,427.35,431.8,428.77,429.36,1.3809,0.0,0.0,0.3214,0.0,0.0,0.0824,0.0824,0,0,0.3326,0.3326,0,0,0.9687,0.9687,1,1,49.9,284.05,168.29,0,1,2025-10-01 20:45:24,19.0,85.5,,0,0,,1
2025-10-01 20:46:09,215.63,0.3233,247.83,0.4611,1.3834,240.83,252.16,250.52,427.44,431.5,428.73,429.12,1.3834,0.0,0.0,0.322,0.0,0.0,0.0824,0.0824,0,0,0.3332,0.3332,0,0,0.969,0.9688,1,1,49.8,284.05,168.29,0,1,2025-10-01 20:46:09,19.0,86.7,,0,0,,1
2025-10-01 20:46:54,215.64,0.3232,247.67,0.4609,1.3828,240.68,251.94,250.4,426.91,431.31,428.62,428.97,1.3828,0.0,0.0,0.3217,0.0,0.0,0.0824,0.0824,0,0,0.3328,0.3328,0,0,0.9689,0.9686,1,1,49.8,284.05,168.29,0,1,2025-10-01 20:46:54,19.0,87.7,,0,0,,1
2025-10-01 20:47:39,215.64,0.32,247,0.459,1.377,239.24,251.62,250.15,425.27,430.69,427.39,427.78,1.377,0.0,0.0,0.3187,0.0,0.0,0.0804,0.0804,0,0,0.3294,0.3294,0,0,0.9698,0.9696,1,1,49.8,284.06,168.29,0,1,2025-10-01 20:47:39,19.5,88.6,,0,0,,1
2025-10-01 20:48:24,215.65,0.319,246.76,0.4583,1.3749,239.01,251.41,249.87,425.1,430.33,426.67,427.36,1.3749,0.0,0.0,0.3178,0.0,0.0,0.0808,0.0808,0,0,0.3286,0.3286,0,0,0.9694,0.9691,1,1,49.8,284.06,168.29,0,1,2025-10-01 20:48:24,19.5,89.3,,0,0,,1
2025-10-01 20:49:09,215.65,0.3199,246.9,0.459,1.3772,239.2,251.57,249.94,425.07,430.72,427.05,427.62,1.3772,0.0,0.0,0.3187,0.0,0.0,0.0806,0.0806,0,0,0.3294,0.3294,0,0,0.9697,0.9694,1,1,49.8,284.07,168.29,0,1,2025-10-01 20:49:09,19.6,90,,0,0,,1
2025-10-01 20:49:54,215.65,0.3182,246.72,0.4583,1.375,239.34,250.65,250.19,425.08,429.47,427.33,427.27,1.375,0.0,0.0,0.3182,0.0,0.0,0.0812,0.0812,0,0,0.3291,0.3291,0,0,0.9689,0.9689,1,1,49.8,284.07,168.29,0,1,2025-10-01 20:49:54,19.6,90.7,,0,0,,1
2025-10-01 20:50:39,215.66,0.3199,246.99,0.4583,1.375,239.67,250.79,250.51,425.12,430.83,427.36,427.76,1.375,0.0,0.0,0.3186,0.0,0.0,0.0814,0.0814,0,0,0.3295,0.3295,0,0,0.9691,0.9688,1,1,49.8,284.08,168.3,0,1,2025-10-01 20:50:39,19.7,91.1,,0,0,,1
2025-10-01 20:51:24,215.7,3.9693,246.69,8.0274,24.0823,239.54,250.8,249.75,424.96,429.96,426.85,427.25,9.068,7.6763,7.338,1.6446,1.255,1.0697,4.3525,1.4135,1.4532,1.4857,5.93,2.1721,1.9252,1.8327,0.6738,0.7583,0.6535,0.5842,49.8,284.14,168.34,1,1,2025-10-01 20:51:24,19.7,90.1,,1,0,,0
2025-10-01 20:52:09,215.75,3.9974,246.74,8.0386,24.1158,239.6,250.87,249.75,425.23,429.41,427.32,427.32,9.0811,7.6826,7.3521,1.6531,1.2645,1.0798,4.3399,1.4092,1.4478,1.483,5.9394,2.1758,1.9273,1.8362,0.6774,0.761,0.6578,0.5886,49.8,284.22,168.4,1,1,2025-10-01 20:52:09,19.7,85.9,,1,0,,0
2025-10-01 20:52:54,215.8,3.9242,246.76,7.977,23.931099999999997,239.55,250.94,249.81,425.33,429.68,427.09,427.4,9.008,7.6284,7.2947,1.6297,1.241,1.0536,4.3452,1.4094,1.451,1.4848,5.8944,2.1579,1.9143,1.8223,0.6702,0.7563,0.6499,0.5787,49.8,284.29,168.45,1,1,2025-10-01 20:52:54,19.6,82.3,,1,0,,0
2025-10-01 20:53:39,215.84,0.3245,247.69,0.4631,1.3893,240.79,251.99,250.29,426.86,431.74,428.35,428.98,1.3893,0.0,0.0,0.3235,0.0,0.0,0.0822,0.0822,0,0,0.3345,0.3345,0,0,0.9693,0.9691,1,1,49.8,284.34,168.49,0,1,2025-10-01 20:53:39,19.1,79.2,,0,0,,1
2025-10-01 20:54:24,215.84,0.3242,248.18,0.4618,1.3855,241.3,252.48,250.77,428.25,431.86,429.36,429.76,1.3855,0.0,0.0,0.3231,0.0,0.0,0.0828,0.0828,0,0,0.3343,0.3343,0,0,0.9689,0.9687,1,1,49.8,284.35,168.49,0,1,2025-10-01 20:54:24,19.0,80.7,,0,0,,1
2025-10-01 20:55:09,215.84,0.3244,248.24,0.4618,1.3854,241.27,252.57,250.88,428.02,432.61,429.16,429.96,1.3854,0.0,0.0,0.323,0.0,0.0,0.0827,0.0827,0,0,0.3343,0.3343,0,0,0.9689,0.9687,1,1,49.9,284.35,168.49,0,1,2025-10-01 20:55:09,19.0,83.2,,0,0,,1
2025-10-01 20:55:54,215.85,0.3246,248.47,0.4617,1.3853,241.52,252.71,251.19,428.42,433.13,429.47,430.36,1.3853,0.0,0.0,0.3234,0.0,0.0,0.0826,0.0826,0,0,0.3346,0.3346,0,0,0.9691,0.9688,1,1,49.9,284.36,168.49,0,1,2025-10-01 20:55:54,19.0,84.9,,0,0,,1
2025-10-01 20:56:39,215.85,0.3229,248.45,0.4612,1.3838,241.49,252.68,251.19,428.46,432.49,429.92,430.31,1.3838,0.0,0.0,0.3229,0.0,0.0,0.083,0.083,0,0,0.3342,0.3342,0,0,0.9685,0.9685,1,1,49.9,284.36,168.49,0,1,2025-10-01 20:56:39,19.0,86.3,,0,0,,1
2025-10-01 20:57:24,215.86,0.325,248.68,0.4618,1.3856,241.7,252.93,251.41,428.55,433.67,429.88,430.72,1.3856,0.0,0.0,0.3236,0.0,0.0,0.083,0.083,0,0,0.3349,0.3349,0,0,0.9689,0.9686,1,1,49.9,284.36,168.49,0,1,2025-10-01 20:57:24,19.1,87.2,,0,0,,1
2025-10-01 20:58:09,215.86,0.3223,248.13,0.4603,1.3809,240.38,252.77,251.24,427.46,432.19,429.51,429.67,1.3809,0.0,0.0,0.3211,0.0,0.0,0.081,0.081,0,0,0.3319,0.3319,0,0,0.9698,0.9696,1,1,49.9,284.37,168.5,0,1,2025-10-01 20:58:09,19.5,88,,0,0,,1
2025-10-01 20:58:54,215.86,0.3229,248.38,0.4603,1.3811,240.64,253.09,251.42,427.84,433.52,429.18,430.17,1.3811,0.0,0.0,0.3216,0.0,0.0,0.0808,0.0808,0,0,0.3323,0.3323,0,0,0.97,0.9698,1,1,50,284.37,168.5,0,1,2025-10-01 20:58:54,19.5,88.8,,0,0,,1
2025-10-01 20:59:39,215.87,0.3134,242.87,0.4558,1.3674,235.04,247.53,246.04,418.69,423.21,419.96,420.61,1.3674,0.0,0.0,0.3123,0.0,0.0,0.0733,0.0733,0,0,0.3214,0.3214,0,0,0.9736,0.9735,1,1,49.9,284.38,168.5,0,1,2025-10-01 20:59:39,19.6,89.4,,0,0,,1
2025-10-01 21:00:24,215.87,0.3125,242.88,0.4556,1.3668,235.21,247.31,246.12,418.37,422.87,420.64,420.65,1.3668,0.0,0.0,0.3125,0.0,0.0,0.0732,0.0732,0,0,0.3215,0.3215,0,0,0.9736,0.9736,1,1,49.9,284.38,168.5,0,1,2025-10-01 21:00:24,19.6,90,,0,0,,1
2025-10-01 21:01:09,215.88,0.3143,242.98,0.4564,1.3693,235.22,247.33,246.4,418.16,423.69,420.6,420.75,1.3693,0.0,0.0,0.3131,0.0,0.0,0.0731,0.0731,0,0,0.3221,0.3221,0,0,0.9739,0.9737,1,1,50,284.38,168.5,0,1,2025-10-01 21:01:09,19.7,90.5,,0,0,,1
2025-10-01 21:01:54,215.88,0.3127,242.85,0.4559,1.3678,235.18,247.06,246.33,417.62,423.46,420.71,420.6,1.3678,0.0,0.0,0.3127,0.0,0.0,0.0732,0.0732,0,0,0.3217,0.3217,0,0,0.9736,0.9736,1,1,50,284.39,168.5,0,1,2025-10-01 21:01:54,19.7,91,,0,0,,1
2025-10-01 21:02:39,215.88,0.3126,242.87,0.4557,1.3671,235.25,247.12,246.24,418.18,422.74,420.9,420.56,1.3671,0.0,0.0,0.3126,0.0,0.0,0.0733,0.0733,0,0,0.3216,0.3216,0,0,0.9735,0.9735,1,1,50,284.39,168.5,0,1,2025-10-01 21:02:39,19.7,91.3,,0,0,,1
2025-10-01 21:03:24,215.9,0.3179,243.77,0.4591,1.3773,236.88,247.75,246.68,420.07,425.02,421.5,422.06,1.3773,0.0,0.0,0.3168,0.0,0.0,0.0756,0.0756,0,0,0.3263,0.3263,0,0,0.9728,0.9727,1,1,50,284.42,168.52,0,1,2025-10-01 21:03:24,19.8,91.1,,0,0,,1
2025-10-01 21:04:09,215.9,0.3161,243.86,0.458,1.3741,237,247.8,246.8,420.13,425.2,421.76,422.37,1.3741,0.0,0.0,0.3161,0.0,0.0,0.0756,0.0756,0,0,0.3257,0.3257,0,0,0.9726,0.9726,1,1,50,284.42,168.52,0,1,2025-10-01 21:04:09,19.8,90.6,,0,0,,1
2025-10-01 21:04:54,215.91,0.3163,243.87,0.4582,1.3747,236.96,247.89,246.77,420.41,424.96,421.73,422.37,1.3747,0.0,0.0,0.3163,0.0,0.0,0.0754,0.0754,0,0,0.3257,0.3257,0,0,0.9727,0.9727,1,1,50,284.43,168.52,0,1,2025-10-01 21:04:54,19.8,91,,0,0,,1
2025-10-01 21:05:39,215.91,0.316,243.96,0.4578,1.3735,236.97,248.05,246.88,420.77,424.94,421.87,422.49,1.3735,0.0,0.0,0.316,0.0,0.0,0.0754,0.0754,0,0,0.3255,0.3255,0,0,0.9726,0.9726,1,1,50,284.43,168.52,0,1,2025-10-01 21:05:39,19.8,91.4,,0,0,,1
2025-10-01 21:06:24,215.92,0.3171,244.02,0.4574,1.3722,237,248.11,246.95,420.91,425.21,421.75,422.6,1.3722,0.0,0.0,0.3157,0.0,0.0,0.0754,0.0754,0,0,0.3252,0.3252,0,0,0.9728,0.9726,1,1,50,284.43,168.52,0,1,2025-10-01 21:06:24,19.9,91.8,,0,0,,1
2025-10-01 21:07:09,215.92,0.3156,243.67,0.4578,1.3734,236.69,247.7,246.62,420.58,424.2,421.25,422.03,1.3734,0.0,0.0,0.3156,0.0,0.0,0.0752,0.0752,0,0,0.3251,0.3251,0,0,0.9728,0.9728,1,1,50,284.44,168.52,0,1,2025-10-01 21:07:09,19.9,92.1,,0,0,,1
2025-10-01 21:07:54,215.92,0.3163,243.64,0.4573,1.3721,236.67,247.74,246.53,419.97,424.98,421,422.04,1.3721,0.0,0.0,0.3153,0.0,0.0,0.0752,0.0752,0,0,0.3247,0.3247,0,0,0.9728,0.9726,1,1,50,284.44,168.52,0,1,2025-10-01 21:07:54,20.3,92.4,,0,0,,1
2025-10-01 21:08:39,215.93,0.3174,244.26,0.4577,1.3732,237.09,248.28,247.43,421.11,426.12,421.95,423.06,1.3732,0.0,0.0,0.316,0.0,0.0,0.0757,0.0757,0,0,0.3256,0.3256,0,0,0.9727,0.9725,1,1,50,284.45,168.52,0,1,2025-10-01 21:08:39,20.3,92.6,,0,0,,1
2025-10-01 21:09:24,215.93,0.3172,244.37,0.4576,1.3729,237.19,248.43,247.51,421.62,425.97,422.14,423.31,1.3729,0.0,0.0,0.316,0.0,0.0,0.0759,0.0759,0,0,0.3256,0.3256,0,0,0.9725,0.9723,1,1,50,284.45,168.52,0,1,2025-10-01 21:09:24,20.3,92.8,,0,0,,1
2025-10-01 21:10:09,215.94,0.3164,243.75,0.4568,1.3706,236.64,247.87,246.74,420.36,425.02,421.1,422.11,1.3706,0.0,0.0,0.3149,0.0,0.0,0.075,0.075,0,0,0.3243,0.3243,0,0,0.973,0.9728,1,1,50,284.45,168.53,0,1,2025-10-01 21:10:09,20.4,93,,0,0,,1
2025-10-01 21:10:54,215.94,0.3157,243.75,0.4577,1.3732,236.69,247.86,246.71,420.3,424.73,421.45,422.21,1.3732,0.0,0.0,0.3157,0.0,0.0,0.0747,0.0747,0,0,0.325,0.325,0,0,0.9731,0.9731,1,1,50,284.46,168.53,0,1,2025-10-01 21:10:54,20.4,93.1,,0,0,,1
2025-10-01 21:11:39,215.94,0.3158,243.69,0.4577,1.3731,237.09,248.19,245.8,420.82,424.23,421.11,422.04,1.3731,0.0,0.0,0.3158,0.0,0.0,0.0756,0.0756,0,0,0.3255,0.3255,0,0,0.9725,0.9726,1,1,50,284.46,168.53,0,1,2025-10-01 21:11:39,20.4,93.3,,0,0,,1
2025-10-01 21:12:24,215.95,0.3156,243.55,0.4576,1.373,236.94,248.12,245.61,419.9,424.83,420.76,421.84,1.373,0.0,0.0,0.3156,0.0,0.0,0.0754,0.0754,0,0,0.3253,0.3253,0,0,0.9726,0.9726,1,1,50,284.47,168.53,0,1,2025-10-01 21:12:24,20.5,93.5,,0,0,,1
2025-10-01 21:13:09,215.95,0.3161,243.53,0.4564,1.3693,236.97,248.07,245.57,420.03,424.5,420.84,421.82,1.3693,0.0,0.0,0.3149,0.0,0.0,0.0757,0.0757,0,0,0.3245,0.3245,0,0,0.9725,0.9723,1,1,50,284.47,168.53,0,1,2025-10-01 21:13:09,20.5,93.7,,0,0,,1
2025-10-01 21:13:54,215.96,0.3166,243.62,0.4577,1.3732,236.59,247.77,246.51,420.17,424.61,421.04,421.96,1.3732,0.0,0.0,0.3155,0.0,0.0,0.0749,0.0749,0,0,0.3249,0.3249,0,0,0.9731,0.9729,1,1,50,284.47,168.53,0,1,2025-10-01 21:13:54,20.5,93.7,,0,0,,1
2025-10-01 21:14:39,215.96,0.3165,243.53,0.4571,1.3715,236.52,247.66,246.41,419.92,424.55,420.86,421.79,1.3715,0.0,0.0,0.315,0.0,0.0,0.0747,0.0747,0,0,0.3244,0.3244,0,0,0.9732,0.973,1,1,50,284.48,168.53,0,1,2025-10-01 21:14:39,20.5,93.8,,0,0,,1
2025-10-01 21:15:24,215.96,0.3173,244.04,0.4577,1.3733,237.02,248.14,246.97,420.86,425,422.11,422.59,1.3733,0.0,0.0,0.3161,0.0,0.0,0.0751,0.0751,0,0,0.3255,0.3255,0,0,0.973,0.9728,1,1,50,284.48,168.53,0,1,2025-10-01 21:15:24,20.5,93.9,,0,0,,1
2025-10-01 21:16:09,215.97,0.3172,243.91,0.4578,1.3735,236.96,247.92,246.86,420.8,424.28,422.19,422.46,1.3735,0.0,0.0,0.316,0.0,0.0,0.0751,0.0751,0,0,0.3255,0.3255,0,0,0.973,0.9728,1,1,50,284.49,168.53,0,1,2025-10-01 21:16:09,20.5,94,,0,0,,1
2025-10-01 21:16:54,215.97,0.3171,244.03,0.4573,1.3719,237.22,247.94,246.95,420.77,425.16,422.03,422.72,1.3719,0.0,0.0,0.3159,0.0,0.0,0.0755,0.0755,0,0,0.3254,0.3254,0,0,0.9727,0.9725,1,1,50,284.49,168.53,0,1,2025-10-01 21:16:54,20.6,94,,0,0,,1
2025-10-01 21:17:39,215.98,0.3167,244.16,0.4581,1.3743,237.34,247.99,247.15,420.34,425.69,422.57,422.79,1.3743,0.0,0.0,0.3167,0.0,0.0,0.0753,0.0753,0,0,0.3262,0.3262,0,0,0.9728,0.9728,1,1,50,284.49,168.53,0,1,2025-10-01 21:17:39,20.6,94.1,,0,0,,1
2025-10-01 21:18:24,215.98,0.3184,244.72,0.4584,1.3752,237.77,248.4,247.99,421.55,426.61,423.36,423.76,1.3752,0.0,0.0,0.3172,0.0,0.0,0.0765,0.0765,0,0,0.327,0.327,0,0,0.9723,0.9721,1,1,50,284.5,168.54,0,1,2025-10-01 21:18:24,20.6,94.2,,0,0,,1
2025-10-01 21:19:09,215.98,0.3191,244.78,0.4588,1.3764,237.82,248.57,247.96,421.81,426.67,423.37,423.95,1.3764,0.0,0.0,0.3177,0.0,0.0,0.076,0.076,0,0,0.3273,0.3273,0,0,0.9727,0.9725,1,1,50,284.5,168.54,0,1,2025-10-01 21:19:09,20.6,94.2,,0,0,,1
2025-10-01 21:19:54,215.99,0.3175,244.76,0.4585,1.3756,237.79,248.61,247.89,421.91,426.92,422.93,423.92,1.3756,0.0,0.0,0.3175,0.0,0.0,0.0761,0.0761,0,0,0.3271,0.3271,0,0,0.9724,0.9724,1,1,50,284.51,168.54,0,1,2025-10-01 21:19:54,20.6,94.3,,0,0,,1
2025-10-01 21:20:39,215.99,0.3171,244.04,0.4573,1.3719,237.23,248.01,246.88,420.93,425.1,421.94,422.62,1.3719,0.0,0.0,0.3159,0.0,0.0,0.0754,0.0754,0,0,0.3255,0.3255,0,0,0.9728,0.9726,1,1,50,284.51,168.54,0,1,2025-10-01 21:20:39,20.7,94.3,,0,0,,1
2025-10-01 21:21:24,216,0.3167,244.35,0.4579,1.3737,237.48,248.34,247.23,421.37,425.52,422.67,423.21,1.3737,0.0,0.0,0.3167,0.0,0.0,0.0755,0.0755,0,0,0.3262,0.3262,0,0,0.9727,0.9727,1,1,50,284.51,168.54,0,1,2025-10-01 21:21:24,21.1,94.4,,0,0,,1
2025-10-01 21:22:09,216,0.3165,244.3,0.4578,1.3734,237.38,248.44,247.1,421.1,426,422.27,423.13,1.3734,0.0,0.0,0.3165,0.0,0.0,0.0756,0.0756,0,0,0.326,0.326,0,0,0.9726,0.9726,1,1,50,284.52,168.54,0,1,2025-10-01 21:22:09,21.1,94.4,,0,0,,1
2025-10-01 21:22:54,216,0.3178,244.53,0.4573,1.3719,237.67,248.6,247.34,421.16,426.73,422.7,423.5,1.3719,0.0,0.0,0.3164,0.0,0.0,0.076,0.076,0,0,0.3261,0.3261,0,0,0.9725,0.9723,1,1,50,284.52,168.54,0,1,2025-10-01 21:22:54,21.1,94.4,,0,0,,1
2025-10-01 21:23:39,216.01,0.318,244.41,0.4576,1.373,237.61,248.36,247.28,420.96,426.5,422.51,423.22,1.373,0.0,0.0,0.3166,0.0,0.0,0.0758,0.0758,0,0,0.3262,0.3262,0,0,0.9727,0.9725,1,1,50,284.53,168.54,0,1,2025-10-01 21:23:39,21.1,94.4,,0,0,,1
2025-10-01 21:24:24,216.01,0.3169,244.41,0.4579,1.3739,237.63,248.3,247.3,420.95,426.12,422.84,423.28,1.3739,0.0,0.0,0.3169,0.0,0.0,0.0758,0.0758,0,0,0.3265,0.3265,0,0,0.9725,0.9725,1,1,50,284.53,168.54,0,1,2025-10-01 21:24:24,21.1,94.4,,0,0,,1
2025-10-01 21:25:09,216.02,0.3177,244.43,0.4574,1.3723,237.64,248.37,247.28,421.33,426,422.68,423.36,1.3723,0.0,0.0,0.3165,0.0,0.0,0.0757,0.0757,0,0,0.3261,0.3261,0,0,0.9727,0.9726,1,1,50,284.54,168.54,0,1,2025-10-01 21:25:09,21.1,94.4,,0,0,,1
2025-10-01 21:25:54,216.02,0.3193,244.78,0.4582,1.3747,238.29,247.8,248.27,422.29,425.54,423.99,423.97,1.3747,0.0,0.0,0.3178,0.0,0.0,0.0767,0.0767,0,0,0.3276,0.3276,0,0,0.9723,0.972,1,1,50,284.54,168.55,0,1,2025-10-01 21:25:54,21.1,94.5,,0,0,,1
2025-10-01 21:26:39,216.02,0.319,244.75,0.4579,1.3739,238.21,247.71,248.33,421.93,426.15,423.59,423.94,1.3739,0.0,0.0,0.3174,0.0,0.0,0.0769,0.0769,0,0,0.3273,0.3273,0,0,0.9721,0.9719,1,1,50,284.54,168.55,0,1,2025-10-01 21:26:39,21.1,94.5,,0,0,,1
2025-10-01 21:27:24,216.03,0.3185,244.49,0.4579,1.3739,237.93,247.55,248.01,421.52,425.71,423.13,423.68,1.3739,0.0,0.0,0.3172,0.0,0.0,0.0765,0.0765,0,0,0.3269,0.3269,0,0,0.9723,0.9721,1,1,50,284.55,168.55,0,1,2025-10-01 21:27:24,21.2,94.6,,0,0,,1
2025-10-01 21:28:09,216.03,0.316,243.62,0.4564,1.3693,236.76,247.54,246.58,419.69,425.07,421.1,421.94,1.3693,0.0,0.0,0.3147,0.0,0.0,0.0751,0.0751,0,0,0.3242,0.3242,0,0,0.9728,0.9726,1,1,50,284.55,168.55,0,1,2025-10-01 21:28:09,21.2,94.5,,0,0,,1
2025-10-01 21:28:54,216.03,0.3166,243.86,0.4571,1.3714,237,247.78,246.8,420.05,425.37,421.65,422.35,1.3714,0.0,0.0,0.3155,0.0,0.0,0.0755,0.0755,0,0,0.325,0.325,0,0,0.9727,0.9725,1,1,50,284.56,168.55,0,1,2025-10-01 21:28:54,21.2,94.5,,0,0,,1
2025-10-01 21:29:39,216.04,0.3172,243.93,0.4575,1.3726,237.11,247.98,246.71,420.41,424.86,422.13,422.43,1.3726,0.0,0.0,0.316,0.0,0.0,0.0753,0.0753,0,0,0.3255,0.3255,0,0,0.9729,0.9727,1,1,50,284.56,168.55,0,1,2025-10-01 21:29:39,21.2,94.5,,0,0,,1
2025-10-01 21:30:24,216.04,0.3158,244.1,0.4569,1.3709,237.27,248.23,246.81,420.82,425.35,422.12,422.72,1.3709,0.0,0.0,0.3158,0.0,0.0,0.0753,0.0753,0,0,0.3253,0.3253,0,0,0.9726,0.9726,1,1,50,284.56,168.55,0,1,2025-10-01 21:30:24,21.2,94.5,,0,0,,1
2025-10-01 21:31:09,216.05,0.3162,244.12,0.4561,1.3684,237.18,248.36,246.83,420.83,425.64,421.95,422.8,1.3684,0.0,0.0,0.315,0.0,0.0,0.0754,0.0754,0,0,0.3246,0.3246,0,0,0.9727,0.9725,1,1,50,284.57,168.55,0,1,2025-10-01 21:31:09,21.2,94.4,,0,0,,1
2025-10-01 21:31:54,216.05,0.316,244.06,0.4564,1.3692,236.91,248.44,246.85,420.76,425.51,421.85,422.72,1.3692,0.0,0.0,0.3149,0.0,0.0,0.0753,0.0753,0,0,0.3244,0.3244,0,0,0.9727,0.9725,1,1,50,284.57,168.55,0,1,2025-10-01 21:31:54,21.2,94.4,,0,0,,1
2025-10-01 21:32:39,216.05,0.317,244.78,0.457,1.3712,237.45,249.09,247.8,421.85,427.07,422.91,423.91,1.3712,0.0,0.0,0.316,0.0,0.0,0.0759,0.0759,0,0,0.3256,0.3256,0,0,0.9725,0.9723,1,1,50,284.58,168.55,0,1,2025-10-01 21:32:39,21.2,94.4,,0,0,,1
2025-10-01 21:33:24,216.06,1.5305,243.98,9.7922,29.3767,235.85,248.58,247.53,420.24,425.64,421.79,423.16,10.2015,10.2132,8.962,0.7521,0.4372,0.3411,1.5343,0.5155,0.4996,0.5192,7.1632,2.406,2.5388,2.2184,0.7062,0.8248,0.6585,0.549,50,284.58,168.56,1,1,2025-10-01 21:33:24,21.2,94.4,,0,0,,0
2025-10-01 21:34:09,216.11,4.0167,243.4,7.8823,23.6469,235.06,248.04,247.11,418.85,424.91,420.89,421.56,8.825,7.5814,7.2405,1.6258,1.306,1.0849,4.0503,1.2832,1.3464,1.4208,5.7441,2.0744,1.8805,1.7892,0.7041,0.7849,0.6962,0.6069,50,284.65,168.61,1,1,2025-10-01 21:34:09,21.2,92.6,,1,0,,0
2025-10-01 21:34:54,216.16,3.9636,242.73,7.8034,23.410399999999996,234.65,247.38,246.17,417.95,422.94,420.23,420.34,8.7952,7.4543,7.1609,1.6153,1.2735,1.0748,4.0021,1.2795,1.3272,1.3954,5.6706,2.0638,1.844,1.7628,0.7036,0.7838,0.6923,0.6102,50,284.73,168.66,1,1,2025-10-01 21:34:54,21.1,88.3,,1,0,,0
2025-10-01 21:35:39,216.21,3.9291,242.78,7.7687,23.3061,234.61,247.52,246.21,418.01,423.53,419.85,420.44,8.7362,7.4386,7.1313,1.602,1.2677,1.0594,4.0015,1.2737,1.3292,1.3986,5.6466,2.0496,1.8412,1.7558,0.7006,0.7827,0.6901,0.6037,50,284.79,168.71,1,1,2025-10-01 21:35:39,20.6,84.4,,1,0,,0
2025-10-01 21:36:24,216.26,3.9189,242.8,7.7604,23.281399999999998,234.6,247.59,246.22,418.27,423.38,419.85,420.48,8.7252,7.438,7.1182,1.5991,1.2654,1.0544,4.0029,1.2729,1.3316,1.3984,5.6412,2.0469,1.8416,1.7526,0.6995,0.7824,0.6888,0.602,50,284.87,168.76,1,1,2025-10-01 21:36:24,20.5,80.7,,1,0,,0
2025-10-01 21:37:09,216.31,3.9007,242.54,7.7366,23.21,234.48,247.14,246.01,418.04,422.18,419.88,420.01,8.7304,7.3701,7.1095,1.5929,1.2486,1.0591,3.9899,1.2807,1.3194,1.3898,5.6176,2.0471,1.8214,1.749,0.699,0.7793,0.6873,0.6061,50,284.94,168.81,1,1,2025-10-01 21:37:09,20.3,78.3,,1,0,,0
2025-10-01 21:37:54,216.35,3.8695,242.63,7.7059,23.1177,234.5,247.23,246.17,417.75,422.9,419.95,420.1,8.6967,7.3325,7.0885,1.5821,1.2379,1.0495,3.9904,1.2813,1.3174,1.3917,5.5972,2.0394,1.8128,1.745,0.6961,0.7771,0.6847,0.6021,50,285.01,168.86,1,1,2025-10-01 21:37:54,19.7,75.8,,1,0,,0
2025-10-01 21:38:39,216.37,0.3154,243.51,0.4587,1.3762,235.75,248.11,246.69,419.53,424.1,421.55,421.71,1.3762,0.0,0.0,0.3154,0.0,0.0,0.0733,0.0733,0,0,0.3244,0.3244,0,0,0.974,0.974,1,1,50,285.03,168.87,0,1,2025-10-01 21:38:39,19.6,75.5,,0,0,,1
2025-10-01 21:39:24,216.37,0.316,243.97,0.4577,1.3731,235.98,248.53,247.4,420.73,425.14,421.7,422.57,1.3731,0.0,0.0,0.3149,0.0,0.0,0.0739,0.0739,0,0,0.324,0.324,0,0,0.9737,0.9735,1,1,50,285.03,168.87,0,1,2025-10-01 21:39:24,19.5,77.3,,0,0,,1
2025-10-01 21:40:09,216.38,0.3169,244.28,0.4585,1.3756,236.32,248.78,247.74,420.88,425.9,422.41,423.05,1.3756,0.0,0.0,0.3159,0.0,0.0,0.0743,0.0743,0,0,0.3251,0.3251,0,0,0.9736,0.9734,1,1,50,285.04,168.87,0,1,2025-10-01 21:40:09,19.1,79.5,,0,0,,1
2025-10-01 21:40:54,216.38,0.3163,244.43,0.4588,1.3764,236.38,249,247.91,420.85,426.42,422.7,423.24,1.3764,0.0,0.0,0.3163,0.0,0.0,0.0738,0.0738,0,0,0.3254,0.3254,0,0,0.9738,0.9738,1,1,50,285.04,168.88,0,1,2025-10-01 21:40:54,19.1,81.5,,0,0,,1
2025-10-01 21:41:39,216.39,0.3164,243.86,0.458,1.374,235.96,248.6,247.02,420.08,425.19,421.73,422.26,1.374,0.0,0.0,0.3151,0.0,0.0,0.0739,0.0739,0,0,0.3242,0.3242,0,0,0.9738,0.9736,1,1,50,285.05,168.88,0,1,2025-10-01 21:41:39,19.5,83.3,,0,0,,1
2025-10-01 21:42:24,216.39,0.315,243.77,0.4579,1.3738,235.84,248.59,246.9,420,425.14,421.44,422.21,1.3738,0.0,0.0,0.315,0.0,0.0,0.0735,0.0735,0,0,0.324,0.324,0,0,0.9738,0.9738,1,1,50,285.05,168.88,0,1,2025-10-01 21:42:24,19.5,84.6,,0,0,,1
2025-10-01 21:43:09,216.39,0.3155,243.59,0.4576,1.3728,235.63,248.4,246.74,419.53,424.84,421.23,421.81,1.3728,0.0,0.0,0.3143,0.0,0.0,0.0739,0.0739,0,0,0.3235,0.3235,0,0,0.9736,0.9734,1,1,50,285.05,168.88,0,1,2025-10-01 21:43:09,19.6,85.7,,0,0,,1
2025-10-01 21:43:54,216.4,0.3158,243.81,0.4575,1.3727,235.86,248.61,246.96,419.97,425.3,421.48,422.24,1.3727,0.0,0.0,0.3146,0.0,0.0,0.0739,0.0739,0,0,0.3238,0.3238,0,0,0.9737,0.9735,1,1,50,285.06,168.88,0,1,2025-10-01 21:43:54,19.6,86.8,,0,0,,1
2025-10-01 21:44:39,216.4,0.3146,243.77,0.4576,1.3729,235.85,248.47,247.01,419.78,425.61,421.22,422.17,1.3729,0.0,0.0,0.3146,0.0,0.0,0.0741,0.0741,0,0,0.3238,0.3238,0,0,0.9733,0.9733,1,1,50,285.06,168.88,0,1,2025-10-01 21:44:39,19.7,87.7,,0,0,,1
2025-10-01 21:45:24,216.41,0.3143,243.62,0.4576,1.373,235.61,248.41,246.84,419.68,425.28,420.83,421.93,1.373,0.0,0.0,0.3143,0.0,0.0,0.074,0.074,0,0,0.3235,0.3235,0,0,0.9733,0.9733,1,1,50,285.07,168.88,0,1,2025-10-01 21:45:24,19.7,88.4,,0,0,,1
2025-10-01 21:46:09,216.41,0.3148,243.61,0.4564,1.3694,235.65,248.31,246.87,419.62,425.1,421.01,421.89,1.3694,0.0,0.0,0.3134,0.0,0.0,0.0744,0.0744,0,0,0.3227,0.3227,0,0,0.9731,0.9729,1,1,50,285.07,168.88,0,1,2025-10-01 21:46:09,19.7,89,,0,0,,1
2025-10-01 21:46:54,216.44,3.9454,243.51,7.825,23.4752,235.1,248.07,247.37,419.3,424.33,421.53,421.66,8.7583,7.4986,7.2183,1.5984,1.279,1.068,4.0645,1.2924,1.3434,1.4287,5.7048,2.0591,1.8602,1.7856,0.6965,0.7776,0.6895,0.5987,50,285.12,168.91,1,1,2025-10-01 21:46:54,19.8,88.7,,1,0,,0
2025-10-01 21:47:39,216.49,3.9271,243.69,7.8027,23.4083,235.32,248.11,247.66,419.52,424.97,421.65,422.14,8.7385,7.4811,7.1887,1.594,1.2718,1.0613,4.0667,1.2939,1.3452,1.4276,5.6928,2.0563,1.8561,1.7804,0.6946,0.7764,0.687,0.5965,50,285.19,168.97,1,1,2025-10-01 21:47:39,19.7,84.9,,1,0,,0
2025-10-01 21:48:24,216.54,3.9232,243.9,7.8004,23.4013,235.48,248.34,247.9,420.07,425.11,422.03,422.39,8.7248,7.4783,7.1982,1.5911,1.2724,1.0596,4.0743,1.2945,1.3459,1.4339,5.6961,2.0545,1.8572,1.7844,0.6936,0.7757,0.6869,0.5943,50,285.26,169.01,1,1,2025-10-01 21:48:24,19.7,81.6,,1,0,,0
2025-10-01 21:49:09,216.59,3.8516,243.31,7.7121,23.136400000000002,235.08,247.85,247.01,419.03,423.93,421.17,421.33,8.6599,7.3722,7.1043,1.5726,1.2407,1.0383,4.0358,1.2879,1.3348,1.4131,5.6178,2.0358,1.8272,1.7548,0.6903,0.7736,0.6808,0.5921,50,285.33,169.07,1,1,2025-10-01 21:49:09,19.6,78.4,,1,0,,0
2025-10-01 21:49:54,216.6,0.3181,244.41,0.4594,1.3784,236.53,248.93,247.77,421.16,425.95,422.74,423.25,1.3784,0.0,0.0,0.3169,0.0,0.0,0.0742,0.0742,0,0,0.326,0.326,0,0,0.9738,0.9736,1,1,50,285.35,169.08,0,1,2025-10-01 21:49:54,19.0,76.8,,0,0,,1
2025-10-01 21:50:39,216.61,0.3163,244.29,0.4589,1.3769,236.43,248.8,247.65,420.96,425.8,422.49,423.08,1.3769,0.0,0.0,0.3163,0.0,0.0,0.0744,0.0744,0,0,0.3255,0.3255,0,0,0.9734,0.9734,1,1,50,285.36,169.08,0,1,2025-10-01 21:50:39,19.0,78.5,,0,0,,1
2025-10-01 21:51:24,216.61,0.317,244.34,0.4585,1.3756,236.51,248.86,247.65,421.14,425.86,422.5,423.15,1.3756,0.0,0.0,0.3159,0.0,0.0,0.0751,0.0751,0,0,0.3253,0.3253,0,0,0.9731,0.9729,1,1,50,285.36,169.08,0,1,2025-10-01 21:51:24,18.9,80.6,,0,0,,1
2025-10-01 21:52:09,216.62,0.3171,244.25,0.4583,1.3751,236.6,248.61,247.54,421,425.13,422.86,422.98,1.3751,0.0,0.0,0.3159,0.0,0.0,0.0752,0.0752,0,0,0.3253,0.3253,0,0,0.9729,0.9727,1,1,50,285.36,169.08,0,1,2025-10-01 21:52:09,19.0,82.4,,0,0,,1
2025-10-01 21:52:54,216.62,0.3158,244.77,0.4578,1.3735,236.98,248.96,248.38,421.79,426.06,423.87,423.91,1.3735,0.0,0.0,0.3158,0.0,0.0,0.0761,0.0761,0,0,0.3255,0.3255,0,0,0.9722,0.9722,1,1,50,285.37,169.08,0,1,2025-10-01 21:52:54,19.0,83.8,,0,0,,1
2025-10-01 21:53:39,216.62,0.3165,244.89,0.4586,1.376,237.05,249.18,248.45,422.16,426.27,423.91,424.09,1.376,0.0,0.0,0.3165,0.0,0.0,0.0759,0.0759,0,0,0.3262,0.3262,0,0,0.9724,0.9724,1,1,50,285.37,169.08,0,1,2025-10-01 21:53:39,19.0,85,,0,0,,1
2025-10-01 21:54:24,216.63,0.3181,244.82,0.4586,1.3758,237.29,249.57,247.62,422.41,426.09,423.5,424,1.3758,0.0,0.0,0.3167,0.0,0.0,0.0767,0.0767,0,0,0.3265,0.3265,0,0,0.9721,0.9719,1,1,50,285.38,169.08,0,1,2025-10-01 21:54:24,19.1,86.1,,0,0,,1
2025-10-01 21:55:09,216.63,0.3162,244.37,0.4581,1.3745,237.1,249.1,246.91,420.98,425.81,422.86,423.2,1.3745,0.0,0.0,0.3162,0.0,0.0,0.0763,0.0763,0,0,0.3259,0.3259,0,0,0.972,0.972,1,1,50,285.38,169.09,0,1,2025-10-01 21:55:09,19.5,87,,0,0,,1
2025-10-01 21:55:54,216.63,0.318,244.52,0.4589,1.3768,237.09,249.44,247.05,421.15,426.47,422.86,423.43,1.3768,0.0,0.0,0.3168,0.0,0.0,0.0761,0.0761,0,0,0.3264,0.3264,0,0,0.9725,0.9723,1,1,50,285.38,169.09,0,1,2025-10-01 21:55:54,19.6,87.8,,0,0,,1
2025-10-01 21:56:39,216.64,0.3175,244.68,0.4585,1.3755,236.98,249,248.07,421.37,426.08,423.8,423.74,1.3755,0.0,0.0,0.3164,0.0,0.0,0.0756,0.0756,0,0,0.326,0.326,0,0,0.9727,0.9726,1,1,50,285.39,169.09,0,1,2025-10-01 21:56:39,19.6,88.6,,0,0,,1
2025-10-01 21:57:24,216.64,0.3174,244.71,0.4584,1.3754,236.93,249.16,248.06,421.47,426.66,423.34,423.81,1.3754,0.0,0.0,0.3163,0.0,0.0,0.0758,0.0758,0,0,0.3259,0.3259,0,0,0.9726,0.9724,1,1,50,285.39,169.09,0,1,2025-10-01 21:57:24,19.6,89.1,,0,0,,1
2025-10-01 21:58:09,216.65,0.3157,244.71,0.4578,1.3734,236.86,249.25,248.04,421.51,426.65,423.29,423.81,1.3734,0.0,0.0,0.3157,0.0,0.0,0.0756,0.0756,0,0,0.3253,0.3253,0,0,0.9724,0.9724,1,1,50,285.4,169.09,0,1,2025-10-01 21:58:09,19.7,89.6,,0,0,,1
2025-10-01 21:58:54,216.65,0.3178,245.33,0.4582,1.3748,237.29,249.78,248.94,422.62,427.65,424.4,424.89,1.3748,0.0,0.0,0.3165,0.0,0.0,0.0764,0.0764,0,0,0.3262,0.3262,0,0,0.9722,0.972,1,1,50,285.4,169.09,0,1,2025-10-01 21:58:54,19.7,90.1,,0,0,,1
2025-10-01 21:59:39,216.67,3.9009,244.55,7.8168,23.450400000000002,236.25,248.95,248.46,421.12,426.5,422.99,423.53,8.7473,7.5098,7.1933,1.591,1.2632,1.0467,4.1316,1.3134,1.3716,1.4466,5.7234,2.0665,1.8696,1.7872,0.6865,0.7711,0.6774,0.5861,50,285.43,169.11,1,1,2025-10-01 21:59:39,19.8,90.3,,1,0,,0
2025-10-01 22:00:24,216.72,3.9329,244.45,7.8465,23.539699999999996,236.07,248.88,248.42,420.54,426.37,423.18,423.34,8.761,7.5371,7.2416,1.5957,1.2776,1.0596,4.1287,1.3104,1.3667,1.4516,5.743,2.0682,1.8758,1.799,0.6897,0.7728,0.6828,0.5895,50,285.5,169.16,1,1,2025-10-01 22:00:24,19.7,87,,1,0,,0
2025-10-01 22:01:09,216.77,3.8722,243.5,7.747,23.241,235.35,248.01,247.15,419.37,424.09,421.64,421.7,8.6983,7.4086,7.1341,1.5806,1.2475,1.0441,4.0581,1.296,1.3428,1.4193,5.6477,2.0471,1.8374,1.7632,0.6903,0.7732,0.6806,0.5925,50,285.57,169.21,1,1,2025-10-01 22:01:09,19.7,82.7,,1,0,,0
2025-10-01 22:01:54,216.82,3.8527,243.13,7.7186,23.1558,235.27,246.97,247.16,418.72,423.91,420.61,421.05,8.6825,7.3663,7.107,1.5737,1.2338,1.0452,4.037,1.2972,1.3304,1.4095,5.6186,2.0427,1.8193,1.7566,0.6904,0.7716,0.6799,0.5956,49.9,285.64,169.26,1,1,2025-10-01 22:01:54,19.5,79,,1,0,,0
2025-10-01 22:02:39,216.83,0.3171,244.01,0.4585,1.3757,236.51,247.84,247.7,419.95,425.91,422.01,422.63,1.3757,0.0,0.0,0.316,0.0,0.0,0.075,0.075,0,0,0.3254,0.3254,0,0,0.9731,0.9729,1,1,50,285.66,169.27,0,1,2025-10-01 22:02:39,19.0,78,,0,0,,1
2025-10-01 22:03:24,216.83,0.3164,244.08,0.458,1.3742,236.22,248.54,247.49,420.34,425.82,422.02,422.7,1.3742,0.0,0.0,0.3152,0.0,0.0,0.0752,0.0752,0,0,0.3246,0.3246,0,0,0.9729,0.9727,1,1,49.9,285.66,169.27,0,1,2025-10-01 22:03:24,19.0,79.4,,0,0,,1
2025-10-01 22:04:09,216.84,0.3153,244.64,0.4579,1.3737,236.56,249.07,248.31,420.92,427.3,422.92,423.75,1.3737,0.0,0.0,0.3153,0.0,0.0,0.0759,0.0759,0,0,0.325,0.325,0,0,0.9722,0.9722,1,1,49.9,285.67,169.27,0,1,2025-10-01 22:04:09,18.9,81.4,,0,0,,1
2025-10-01 22:04:54,216.84,0.3159,243.86,0.4576,1.373,236.1,248.08,247.42,420.17,423.55,423.2,422.13,1.373,0.0,0.0,0.3147,0.0,0.0,0.0752,0.0752,0,0,0.3242,0.3242,0,0,0.9727,0.9725,1,1,49.9,285.67,169.27,0,1,2025-10-01 22:04:54,18.9,83,,0,0,,1
2025-10-01 22:05:39,216.84,0.3165,244.58,0.4581,1.3744,236.46,249.05,248.23,421.36,426.52,422.88,423.55,1.3744,0.0,0.0,0.3154,0.0,0.0,0.0758,0.0758,0,0,0.325,0.325,0,0,0.9725,0.9723,1,1,49.9,285.67,169.28,0,1,2025-10-01 22:05:39,19.0,84.5,,0,0,,1
2025-10-01 22:06:24,216.85,0.3164,244.51,0.4579,1.3737,236.56,248.82,248.17,421,426.52,422.91,423.45,1.3737,0.0,0.0,0.3153,0.0,0.0,0.0761,0.0761,0,0,0.325,0.325,0,0,0.9722,0.972,1,1,49.9,285.68,169.28,0,1,2025-10-01 22:06:24,19.0,85.6,,0,0,,1
2025-10-01 22:07:09,216.85,0.3145,243.7,0.4565,1.3697,235.76,248.22,247.14,419.37,425.22,421.64,422.09,1.3697,0.0,0.0,0.3134,0.0,0.0,0.0752,0.0752,0,0,0.3229,0.3229,0,0,0.9725,0.9723,1,1,49.9,285.68,169.28,0,1,2025-10-01 22:07:09,19.1,86.6,,0,0,,1
2025-10-01 22:07:54,216.86,0.3149,243.63,0.4568,1.3704,235.74,247.98,247.19,418.96,425.18,421.72,421.93,1.3704,0.0,0.0,0.3136,0.0,0.0,0.0751,0.0751,0,0,0.3231,0.3231,0,0,0.9727,0.9725,1,1,49.9,285.69,169.28,0,1,2025-10-01 22:07:54,19.5,87.5,,0,0,,1
2025-10-01 22:08:39,216.86,0.314,243.59,0.4572,1.3718,235.73,247.89,247.16,418.18,425.52,421.95,421.69,1.3718,0.0,0.0,0.314,0.0,0.0,0.0749,0.0749,0,0,0.3234,0.3234,0,0,0.9727,0.9727,1,1,49.9,285.69,169.28,0,1,2025-10-01 22:08:39,19.5,88.2,,0,0,,1
2025-10-01 22:09:24,216.86,0.315,244.14,0.4566,1.37,236.2,248.44,247.78,419.45,426.18,422.84,422.78,1.37,0.0,0.0,0.3139,0.0,0.0,0.0761,0.0761,0,0,0.3236,0.3236,0,0,0.972,0.9718,1,1,49.9,285.69,169.28,0,1,2025-10-01 22:09:24,19.6,88.9,,0,0,,1
2025-10-01 22:10:09,216.87,0.3159,244.89,0.457,1.3712,236.83,249.15,248.71,420.64,427.84,423.94,424.12,1.3712,0.0,0.0,0.3148,0.0,0.0,0.077,0.077,0,0,0.3247,0.3247,0,0,0.9715,0.9714,1,1,49.9,285.7,169.28,0,1,2025-10-01 22:10:09,19.6,89.4,,0,0,,1
2025-10-01 22:10:54,216.87,0.3167,244.96,0.4574,1.3724,236.85,249.25,248.78,421.57,427,424.14,424.27,1.3724,0.0,0.0,0.3152,0.0,0.0,0.0767,0.0767,0,0,0.3251,0.3251,0,0,0.9719,0.9716,1,1,49.9,285.7,169.28,0,1,2025-10-01 22:10:54,19.7,89.9,,0,0,,1
2025-10-01 22:11:39,216.88,0.3194,245.72,0.4586,1.376,238.46,249.6,249.12,423.26,428.48,425,425.58,1.376,0.0,0.0,0.3178,0.0,0.0,0.0788,0.0788,0,0,0.3281,0.3281,0,0,0.9708,0.9706,1,1,49.9,285.71,169.28,0,1,2025-10-01 22:11:39,19.7,90.3,,0,0,,1
2025-10-01 22:12:24,216.88,0.3174,245.3,0.4585,1.3755,238.19,249.31,248.42,422.44,427.28,424.81,424.81,1.3755,0.0,0.0,0.3174,0.0,0.0,0.0785,0.0785,0,0,0.3276,0.3276,0,0,0.9707,0.9707,1,1,49.9,285.71,169.28,0,1,2025-10-01 22:12:24,19.7,90.7,,0,0,,1
2025-10-01 22:13:09,216.91,3.9131,244.64,7.8485,23.5456,237.23,248.69,248.02,420.86,427.33,422.97,423.74,8.817,7.5306,7.198,1.6074,1.2544,1.0513,4.1574,1.3327,1.384,1.4407,5.7497,2.0917,1.8728,1.7852,0.6853,0.7698,0.6715,0.5894,50,285.76,169.32,1,1,2025-10-01 22:13:09,19.8,90.3,,1,0,,0
2025-10-01 22:13:54,216.96,3.927,244.59,7.8508,23.5524,237.2,248.57,248.01,421.36,426.2,423.26,423.67,8.822,7.5198,7.2106,1.6098,1.2572,1.06,4.1454,1.3312,1.3764,1.4379,5.7501,2.0926,1.8692,1.7883,0.6877,0.7706,0.6744,0.5933,50,285.83,169.37,1,1,2025-10-01 22:13:54,19.7,86.5,,1,0,,0
2025-10-01 22:14:39,217.01,3.872,244.73,7.799,23.3972,237.34,248.72,248.14,421.19,427.17,423.23,423.89,8.7714,7.4662,7.1596,1.5943,1.2366,1.0412,4.1484,1.3329,1.3784,1.4371,5.7154,2.0818,1.857,1.7766,0.6823,0.7671,0.6677,0.5867,50,285.9,169.42,1,1,2025-10-01 22:14:39,19.6,82.2,,1,0,,0
2025-10-01 22:15:24,217.05,0.3205,245.17,0.4629,1.3888,237.49,249.47,248.57,422.25,427.14,424.45,424.61,1.3888,0.0,0.0,0.3205,0.0,0.0,0.0752,0.0752,0,0,0.3298,0.3298,0,0,0.9735,0.9735,1,1,50,285.96,169.46,0,1,2025-10-01 22:15:24,19.5,78.8,,0,0,,1
2025-10-01 22:16:09,217.05,0.3184,245.83,0.4598,1.3795,237.91,250.21,249.38,423.2,429.01,425.08,425.76,1.3795,0.0,0.0,0.3184,0.0,0.0,0.0769,0.0769,0,0,0.3282,0.3282,0,0,0.972,0.972,1,1,50,285.97,169.47,0,1,2025-10-01 22:16:09,19.0,78.8,,0,0,,1
2025-10-01 22:16:54,217.06,0.3187,246.05,0.4602,1.3807,238.04,250.55,249.56,423.54,429.07,425.77,426.12,1.3807,0.0,0.0,0.3187,0.0,0.0,0.0774,0.0774,0,0,0.3287,0.3287,0,0,0.9717,0.9717,1,1,50,285.97,169.47,0,1,2025-10-01 22:16:54,18.9,80.5,,0,0,,1
2025-10-01 22:17:39,217.06,0.3191,245.93,0.4592,1.3776,237.87,250.46,249.47,423.59,428.85,425.34,425.92,1.3776,0.0,0.0,0.3177,0.0,0.0,0.0777,0.0777,0,0,0.3277,0.3277,0,0,0.9716,0.9715,1,1,49.9,285.98,169.47,0,1,2025-10-01 22:17:39,18.9,82.3,,0,0,,1
2025-10-01 22:18:24,217.07,0.3179,245.32,0.4588,1.3766,237.46,249.87,248.63,422.42,427.63,424.54,424.85,1.3766,0.0,0.0,0.3167,0.0,0.0,0.0769,0.0769,0,0,0.3269,0.3269,0,0,0.9719,0.9719,1,1,50,285.98,169.47,0,1,2025-10-01 22:18:24,18.9,83.9,,0,0,,1
2025-10-01 22:19:09,217.07,0.3177,245.44,0.4592,1.3778,237.71,249.91,248.71,422.76,427.57,424.88,425.07,1.3778,0.0,0.0,0.3177,0.0,0.0,0.077,0.077,0,0,0.3275,0.3275,0,0,0.9718,0.9718,1,1,50,285.98,169.47,0,1,2025-10-01 22:19:09,19.0,85.1,,0,0,,1
2025-10-01 22:19:54,217.07,0.3175,245.4,0.459,1.377,237.64,249.88,248.69,422.83,427.49,424.69,424.99,1.377,0.0,0.0,0.3175,0.0,0.0,0.0771,0.0771,0,0,0.3272,0.3272,0,0,0.9717,0.9718,1,1,49.9,285.99,169.47,0,1,2025-10-01 22:19:54,19.0,86.3,,0,0,,1
2025-10-01 22:20:39,217.08,0.3172,245.35,0.4583,1.375,237.53,249.87,248.65,422.75,427.58,424.41,424.91,1.375,0.0,0.0,0.3172,0.0,0.0,0.0771,0.0771,0,0,0.3266,0.3266,0,0,0.9717,0.9715,1,1,49.9,285.99,169.47,0,1,2025-10-01 22:20:39,19.1,87.1,,0,0,,1
2025-10-01 22:21:24,217.08,0.3182,245.49,0.4581,1.3745,237.65,250.1,248.74,422.54,427.89,425.06,425.25,1.3745,0.0,0.0,0.3167,0.0,0.0,0.0771,0.0771,0,0,0.3266,0.3266,0,0,0.9718,0.9715,1,1,50,286,169.47,0,1,2025-10-01 22:21:24,19.5,87.9,,0,0,,1
2025-10-01 22:22:09,217.09,0.3209,246.33,0.46,1.3802,239.33,250.41,249.26,424.04,429.94,425.94,426.62,1.3802,0.0,0.0,0.3198,0.0,0.0,0.0797,0.0797,0,0,0.3303,0.3303,0,0,0.9704,0.9702,1,1,50,286,169.47,0,1,2025-10-01 22:22:09,19.5,88.6,,0,0,,1
2025-10-01 22:22:54,217.09,0.3197,246.74,0.4596,1.379,239.55,250.8,249.89,425.15,430.14,426.74,427.29,1.379,0.0,0.0,0.3197,0.0,0.0,0.0802,0.0802,0,0,0.3303,0.3303,0,0,0.9699,0.9699,1,1,49.9,286,169.47,0,1,2025-10-01 22:22:54,19.6,89.1,,0,0,,1
2025-10-01 22:23:39,217.09,0.3212,246.82,0.46,1.3802,239.6,250.95,249.92,425.3,430.49,426.66,427.5,1.3802,0.0,0.0,0.3201,0.0,0.0,0.0802,0.0802,0,0,0.3307,0.3307,0,0,0.9702,0.9699,1,1,50,286.01,169.48,0,1,2025-10-01 22:23:39,19.6,89.7,,0,0,,1
2025-10-01 22:24:24,217.1,0.321,246.75,0.4596,1.3789,239.64,250.76,249.87,425.41,429.71,426.95,427.37,1.3789,0.0,0.0,0.3198,0.0,0.0,0.0802,0.0802,0,0,0.3304,0.3304,0,0,0.9701,0.9699,1,1,49.9,286.01,169.48,0,1,2025-10-01 22:24:24,19.7,90.1,,0,0,,1
2025-10-01 22:25:09,217.1,0.3208,246.27,0.4594,1.3784,239.37,250.3,249.14,424.29,429.29,425.99,426.53,1.3784,0.0,0.0,0.3194,0.0,0.0,0.0797,0.0797,0,0,0.3299,0.3299,0,0,0.9705,0.9702,1,1,50,286.02,169.48,0,1,2025-10-01 22:25:09,19.7,90.6,,0,0,,1
2025-10-01 22:25:54,217.11,0.3215,246.22,0.46,1.3801,239.47,250.1,249.11,424.26,428.65,426.41,426.43,1.3801,0.0,0.0,0.32,0.0,0.0,0.0798,0.0798,0,0,0.3305,0.3305,0,0,0.9705,0.9702,1,1,49.9,286.02,169.48,0,1,2025-10-01 22:25:54,19.7,90.9,,0,0,,1
2025-10-01 22:26:39,217.14,3.9453,245.48,7.9174,23.752299999999998,238.27,249.54,248.64,423.01,427.48,424.95,425.13,8.9422,7.5746,7.2355,1.6308,1.2518,1.0627,4.224,1.3654,1.4096,1.4491,5.8199,2.1307,1.8902,1.799,0.6825,0.7667,0.664,0.5913,49.9,286.07,169.51,1,1,2025-10-01 22:26:39,19.8,90.8,,1,0,,0
2025-10-01 22:27:24,217.18,3.9278,245.51,7.8951,23.685499999999998,238.2,249.69,248.64,422.63,428.34,424.65,425.26,8.8974,7.5698,7.2183,1.6234,1.2521,1.0522,4.2188,1.3572,1.4097,1.452,5.8042,2.1194,1.8901,1.7948,0.6814,0.7672,0.664,0.5868,49.9,286.13,169.56,1,1,2025-10-01 22:27:24,19.7,87.3,,1,0,,0
2025-10-01 22:28:09,217.23,3.9217,245.61,7.8921,23.676499999999997,238.26,249.77,248.81,422.99,428.08,425.06,425.37,8.8814,7.561,7.2341,1.6175,1.251,1.0531,4.223,1.3583,1.4078,1.4569,5.8045,2.1161,1.8885,1.7999,0.6804,0.7658,0.6642,0.5858,49.9,286.21,169.61,1,1,2025-10-01 22:28:09,19.6,82.9,,1,0,,0
2025-10-01 22:28:54,217.28,1.6895,246.79,4.9129,14.738899999999997,239.65,250.67,250.05,424.94,430.17,427.15,426.41,5.6076,4.6629,4.4684,0.8188,0.4707,0.4,1.6838,0.5776,0.5452,0.561,3.63,1.3439,1.1688,1.1173,0.7082,0.8171,0.6534,0.5805,49.9,286.28,169.67,1,1,2025-10-01 22:28:54,19.5,79.3,,0,0,,0
2025-10-01 22:29:39,217.29,0.323,247.19,0.4613,1.384,240.27,251.07,250.24,425.15,431.98,427.28,428.17,1.384,0.0,0.0,0.3218,0.0,0.0,0.081,0.081,0,0,0.3325,0.3325,0,0,0.9699,0.9697,1,1,49.9,286.29,169.67,0,1,2025-10-01 22:29:39,19.0,78.6,,0,0,,1
2025-10-01 22:30:24,217.29,0.3225,247.12,0.4607,1.3822,240.17,251.01,250.19,425.96,430.39,427.63,428.02,1.3822,0.0,0.0,0.3212,0.0,0.0,0.0809,0.0809,0,0,0.332,0.332,0,0,0.9699,0.9697,1,1,49.9,286.29,169.67,0,1,2025-10-01 22:30:24,18.9,80.3,,0,0,,1
2025-10-01 22:31:09,217.29,0.3218,246.61,0.4605,1.3817,239.8,250.59,249.44,425.12,429.61,426.59,427.05,1.3817,0.0,0.0,0.3208,0.0,0.0,0.0799,0.0799,0,0,0.3313,0.3313,0,0,0.9704,0.9703,1,1,49.9,286.3,169.67,0,1,2025-10-01 22:31:09,18.9,82.5,,0,0,,1
2025-10-01 22:31:54,217.3,0.3212,246.73,0.461,1.383,239.92,250.72,249.56,425.37,429.41,427.16,427.33,1.383,0.0,0.0,0.3212,0.0,0.0,0.0801,0.0801,0,0,0.3318,0.3318,0,0,0.9702,0.9702,1,1,49.9,286.3,169.67,0,1,2025-10-01 22:31:54,19.0,84.1,,0,0,,1
2025-10-01 22:32:39,217.3,0.3219,246.66,0.4603,1.3811,239.69,250.82,249.47,424.92,430.12,426.56,427.18,1.3811,0.0,0.0,0.3204,0.0,0.0,0.0801,0.0801,0,0,0.331,0.331,0,0,0.9703,0.9701,1,1,49.9,286.3,169.67,0,1,2025-10-01 22:32:39,19.0,85.4,,0,0,,1
2025-10-01 22:33:24,217.31,0.3215,246.65,0.4605,1.3816,239.69,250.66,249.61,425.06,430.07,426.44,427.19,1.3816,0.0,0.0,0.3205,0.0,0.0,0.0805,0.0805,0,0,0.3312,0.3312,0,0,0.97,0.9699,1,1,49.9,286.31,169.67,0,1,2025-10-01 22:33:24,19.0,86.5,,0,0,,1
2025-10-01 22:34:09,217.31,0.3222,246.7,0.4609,1.3829,239.79,250.64,249.69,425.13,430.15,426.57,427.28,1.3829,0.0,0.0,0.321,0.0,0.0,0.0804,0.0804,0,0,0.3316,0.3316,0,0,0.9702,0.97,1,1,49.9,286.31,169.67,0,1,2025-10-01 22:34:09,19.1,87.3,,0,0,,1
2025-10-01 22:34:54,217.31,0.3212,246.72,0.4597,1.3791,239.81,250.58,249.78,425.91,427.93,427.94,427.27,1.3791,0.0,0.0,0.32,0.0,0.0,0.0807,0.0807,0,0,0.3307,0.3307,0,0,0.9698,0.9696,1,1,49.9,286.32,169.67,0,1,2025-10-01 22:34:54,19.5,88.1,,0,0,,1
2025-10-01 22:35:39,217.32,0.3194,245.86,0.4587,1.3761,238.75,250.37,248.46,423.48,428.52,425.42,425.85,1.3761,0.0,0.0,0.3182,0.0,0.0,0.0791,0.0791,0,0,0.3285,0.3285,0,0,0.9706,0.9704,1,1,49.9,286.32,169.68,0,1,2025-10-01 22:35:39,19.6,88.8,,0,0,,1
2025-10-01 22:36:24,217.32,0.3201,246.44,0.46,1.3802,239.61,250.02,249.7,424.46,428.99,426.99,426.78,1.3802,0.0,0.0,0.3201,0.0,0.0,0.0801,0.0801,0,0,0.3307,0.3307,0,0,0.97,0.97,1,1,49.9,286.32,169.68,0,1,2025-10-01 22:36:24,19.6,89.6,,0,0,,1
2025-10-01 22:37:09,217.33,0.3198,246.59,0.46,1.3801,239.32,249.77,250.68,424.12,430,427.12,427.05,1.3801,0.0,0.0,0.3198,0.0,0.0,0.0797,0.0797,0,0,0.3303,0.3303,0,0,0.9703,0.9703,1,1,49.9,286.33,169.68,0,1,2025-10-01 22:37:09,19.6,90,,0,0,,1
2025-10-01 22:37:54,217.33,0.319,246.68,0.4593,1.378,239.03,250.68,250.34,425.75,428.92,426.96,427.18,1.378,0.0,0.0,0.319,0.0,0.0,0.079,0.079,0,0,0.3294,0.3294,0,0,0.9706,0.9706,1,1,49.9,286.33,169.68,0,1,2025-10-01 22:37:54,19.7,90.4,,0,0,,1
2025-10-01 22:38:39,217.33,0.3218,246.65,0.46,1.3802,240.03,250.36,249.57,425.7,428.95,426.88,427.18,1.3802,0.0,0.0,0.3205,0.0,0.0,0.0808,0.0808,0,0,0.3313,0.3313,0,0,0.9698,0.9696,1,1,49.9,286.34,169.68,0,1,2025-10-01 22:38:39,19.7,90.8,,0,0,,1
2025-10-01 22:39:24,217.34,0.3221,246.72,0.4605,1.3815,240.11,250.43,249.64,424.82,430.28,426.86,427.27,1.3815,0.0,0.0,0.321,0.0,0.0,0.0808,0.0808,0,0,0.3317,0.3317,0,0,0.9699,0.9697,1,1,49.9,286.34,169.68,0,1,2025-10-01 22:39:24,19.8,91.1,,0,0,,1
2025-10-01 22:40:09,217.37,3.9505,245.8,7.9413,23.8241,238.83,249.49,249.09,423.3,428.17,425.66,425.71,8.961,7.5829,7.2802,1.6301,1.25,1.0703,4.2559,1.381,1.4131,1.4617,5.8454,2.1402,1.8919,1.8134,0.6803,0.7629,0.6625,0.5907,49.9,286.4,169.72,1,1,2025-10-01 22:40:09,19.8,90.2,,1,0,,0
2025-10-01 22:40:54,217.42,3.9609,245.87,7.9452,23.835700000000003,238.79,249.66,249.16,422.92,428.73,425.83,425.82,8.9321,7.6072,7.2964,1.6287,1.262,1.0702,4.2502,1.371,1.4121,1.4671,5.8501,2.1329,1.8992,1.818,0.6817,0.765,0.6663,0.5893,49.9,286.47,169.77,1,1,2025-10-01 22:40:54,19.7,86.4,,1,0,,0
2025-10-01 22:41:39,217.47,3.8526,245.93,7.8438,23.5315,238.98,249.6,249.23,423.46,429.56,424.86,425.95,8.8473,7.477,7.2072,1.5963,1.216,1.0403,4.2515,1.3808,1.4087,1.4619,5.7768,2.1143,1.8663,1.7963,0.6714,0.7562,0.6534,0.5797,49.9,286.54,169.83,1,1,2025-10-01 22:41:39,19.6,81.9,,1,0,,0
2025-10-01 22:42:24,217.5,0.3252,247.55,0.4633,1.3901,240.76,250.92,250.97,426.11,431.34,428.77,428.77,1.3901,0.0,0.0,0.324,0.0,0.0,0.081,0.081,0,0,0.3347,0.3347,0,0,0.9703,0.9701,1,1,49.9,286.59,169.86,0,1,2025-10-01 22:42:24,19.5,78.9,,0,0,,1
2025-10-01 22:43:09,217.51,0.3246,247.6,0.4619,1.3858,240.78,251.1,250.94,426.23,431.75,428.55,428.87,1.3858,0.0,0.0,0.3228,0.0,0.0,0.0813,0.0813,0,0,0.3337,0.3337,0,0,0.97,0.9697,1,1,49.9,286.59,169.86,0,1,2025-10-01 22:43:09,19.0,79.5,,0,0,,1
2025-10-01 22:43:54,217.51,0.3238,247.72,0.463,1.389,240.83,251.32,251.02,426.92,431.53,428.66,429,1.389,0.0,0.0,0.3238,0.0,0.0,0.081,0.081,0,0,0.3345,0.3345,0,0,0.97,0.97,1,1,49.9,286.6,169.86,0,1,2025-10-01 22:43:54,18.9,81.2,,0,0,,1
2025-10-01 22:44:39,217.52,0.322,247.2,0.4612,1.3836,240.42,250.97,250.21,425.84,430.69,427.87,428.13,1.3836,0.0,0.0,0.322,0.0,0.0,0.0804,0.0804,0,0,0.3326,0.3326,0,0,0.9702,0.9702,1,1,49.9,286.6,169.86,0,1,2025-10-01 22:44:39,18.9,82.8,,0,0,,1
2025-10-01 22:45:24,217.52,0.3229,247.24,0.4623,1.387,240.53,251.02,250.19,425.85,430.85,427.94,428.21,1.387,0.0,0.0,0.3229,0.0,0.0,0.0807,0.0807,0,0,0.3336,0.3336,0,0,0.9701,0.9701,1,1,49.9,286.61,169.87,0,1,2025-10-01 22:45:24,19.0,84.3,,0,0,,1
2025-10-01 22:46:09,217.52,0.3236,247.37,0.4616,1.3848,240.65,251.13,250.33,426.36,430.97,427.96,428.4,1.3848,0.0,0.0,0.3225,0.0,0.0,0.0811,0.0811,0,0,0.3333,0.3333,0,0,0.9699,0.9697,1,1,49.9,286.61,169.87,0,1,2025-10-01 22:46:09,19.0,85.5,,0,0,,1
2025-10-01 22:46:54,217.53,0.3208,246.7,0.4598,1.3795,239.26,250.89,249.97,424.74,430.26,426.83,427.27,1.3795,0.0,0.0,0.3197,0.0,0.0,0.079,0.079,0,0,0.3301,0.3301,0,0,0.971,0.9708,1,1,49.9,286.62,169.87,0,1,2025-10-01 22:46:54,19.0,86.6,,0,0,,1
2025-10-01 22:47:39,217.53,0.3213,246.74,0.46,1.3802,239.27,250.94,250.02,424.7,430.22,427.09,427.35,1.3802,0.0,0.0,0.3199,0.0,0.0,0.0791,0.0791,0,0,0.3302,0.3302,0,0,0.9709,0.9707,1,1,49.9,286.62,169.87,0,1,2025-10-01 22:47:39,19.1,87.5,,0,0,,1
2025-10-01 22:48:24,217.54,0.321,247.25,0.4597,1.3792,239.66,251.27,250.83,425.87,431,427.78,428.17,1.3792,0.0,0.0,0.3199,0.0,0.0,0.0803,0.0803,0,0,0.3305,0.3305,0,0,0.9701,0.9699,1,1,49.9,286.62,169.87,0,1,2025-10-01 22:48:24,19.5,88.2,,0,0,,1
2025-10-01 22:49:09,217.54,0.3247,248.12,0.4618,1.3855,241.37,251.74,251.25,427.32,432.6,429.27,429.7,1.3855,0.0,0.0,0.3233,0.0,0.0,0.0824,0.0824,0,0,0.3344,0.3344,0,0,0.9692,0.969,1,1,49.9,286.63,169.87,0,1,2025-10-01 22:49:09,19.5,88.9,,0,0,,1
2025-10-01 22:49:54,217.54,0.3233,247.98,0.4619,1.3859,241.21,251.65,251.1,427.57,431.95,428.97,429.51,1.3859,0.0,0.0,0.3233,0.0,0.0,0.0819,0.0819,0,0,0.3343,0.3343,0,0,0.9693,0.9693,1,1,49.9,286.63,169.87,0,1,2025-10-01 22:49:54,19.6,89.4,,0,0,,1
2025-10-01 22:50:39,217.55,0.3241,247.57,0.4615,1.3846,240.94,251.4,250.38,426.72,431.15,428.47,428.69,1.3846,0.0,0.0,0.3228,0.0,0.0,0.0812,0.0812,0,0,0.3336,0.3336,0,0,0.97,0.9697,1,1,50,286.64,169.87,0,1,2025-10-01 22:50:39,19.6,89.9,,0,0,,1
2025-10-01 22:51:24,217.55,0.3223,247.66,0.4611,1.3834,240.81,251.58,250.61,426.92,431.5,428.41,428.98,1.3834,0.0,0.0,0.3223,0.0,0.0,0.0812,0.0812,0,0,0.3331,0.3331,0,0,0.9696,0.9696,1,1,50,286.64,169.87,0,1,2025-10-01 22:51:24,19.7,90.3,,0,0,,1
2025-10-01 22:52:09,217.56,0.3234,247.68,0.4609,1.3828,240.88,251.56,250.62,426.65,431.87,428.42,428.92,1.3828,0.0,0.0,0.3222,0.0,0.0,0.0814,0.0814,0,0,0.3331,0.3331,0,0,0.9697,0.9695,1,1,50,286.64,169.87,0,1,2025-10-01 22:52:09,19.7,90.7,,0,0,,1
2025-10-01 22:52:54,217.56,0.3244,247.95,0.4615,1.3845,241.26,251.69,250.9,427.09,432.03,429.17,429.4,1.3845,0.0,0.0,0.3231,0.0,0.0,0.0815,0.0815,0,0,0.334,0.334,0,0,0.9698,0.9696,1,1,50,286.65,169.88,0,1,2025-10-01 22:52:54,19.7,91.1,,0,0,,1
2025-10-01 22:53:39,217.57,3.7329,247.05,7.8018,23.405599999999996,239.95,250.82,250.38,425.45,430.33,427.82,427.85,8.8036,7.4628,7.1392,1.5666,1.1748,0.9916,4.3461,1.4111,1.4502,1.4848,5.7718,2.1124,1.8718,1.7875,0.6515,0.743,0.6294,0.5553,50,286.67,169.88,1,1,2025-10-01 22:53:39,19.8,91.4,,1,0,,0
2025-10-01 22:54:24,217.62,3.9896,247.49,8.027,24.081,240.34,251.03,251.12,425.76,431.59,428.6,428.67,9.0567,7.6567,7.3676,1.6451,1.2598,1.0847,4.3594,1.419,1.4443,1.4961,5.9489,2.1767,1.9221,1.8502,0.6751,0.7572,0.6573,0.5869,50,286.74,169.94,1,1,2025-10-01 22:54:24,19.7,89.1,,1,0,,0
2025-10-01 22:55:09,217.67,3.8995,247.41,7.9473,23.842,240.19,251.02,251.02,425.65,431.69,428.17,428.48,8.9559,7.5897,7.2964,1.6149,1.2325,1.0521,4.358,1.4152,1.4458,1.497,5.8878,2.1511,1.9052,1.8315,0.6668,0.752,0.6487,0.575,49.9,286.81,169.99,1,1,2025-10-01 22:55:09,19.7,84.8,,1,0,,0
2025-10-01 22:55:54,217.72,3.8842,247.57,7.9325,23.7977,240.45,251.1,251.18,426.28,431.89,428.2,428.81,8.9655,7.5518,7.2804,1.6136,1.2201,1.0505,4.3625,1.4234,1.4446,1.4945,5.8807,2.1558,1.8963,1.8287,0.6649,0.7499,0.6452,0.575,50,286.89,170.05,1,1,2025-10-01 22:55:54,19.6,80.9,,1,0,,0
2025-10-01 22:56:39,217.73,0.3216,247.34,0.4614,1.3842,239.61,251.77,250.65,426.2,431.21,427.7,428.33,1.3842,0.0,0.0,0.3216,0.0,0.0,0.0782,0.0782,0,0,0.3317,0.3317,0,0,0.9716,0.9716,1,1,50,286.91,170.06,0,1,2025-10-01 22:56:39,19.0,78.8,,0,0,,1
2025-10-01 22:57:24,217.74,0.3226,247.49,0.4606,1.3819,239.85,251.83,250.8,426.31,431.14,428.43,428.58,1.3819,0.0,0.0,0.3212,0.0,0.0,0.079,0.079,0,0,0.3314,0.3314,0,0,0.9713,0.971,1,1,50,286.91,170.06,0,1,2025-10-01 22:57:24,19.0,80.2,,0,0,,1
2025-10-01 22:58:09,217.74,0.3232,247.42,0.4614,1.3844,240.25,252.12,249.89,426.88,430.61,428.01,428.53,1.3844,0.0,0.0,0.3222,0.0,0.0,0.0796,0.0796,0,0,0.3326,0.3326,0,0,0.971,0.9708,1,1,50,286.92,170.06,0,1,2025-10-01 22:58:09,18.9,81.8,,0,0,,1
2025-10-01 22:58:54,217.75,0.3233,247.43,0.4614,1.3843,240.26,252.11,249.92,426.02,431.33,428.22,428.54,1.3843,0.0,0.0,0.3222,0.0,0.0,0.0794,0.0794,0,0,0.3326,0.3326,0,0,0.9711,0.9709,1,1,50,286.92,170.07,0,1,2025-10-01 22:58:54,18.9,83.5,,0,0,,1
2025-10-01 22:59:39,217.75,0.3256,248.09,0.4625,1.3875,241.75,252.32,250.22,427.2,432.73,429.15,429.68,1.3875,0.0,0.0,0.3244,0.0,0.0,0.0822,0.0822,0,0,0.3354,0.3354,0,0,0.9696,0.9693,1,1,50,286.92,170.07,0,1,2025-10-01 22:59:39,19.0,84.8,,0,0,,1
2025-10-01 23:00:24,217.75,0.3267,248.72,0.4633,1.39,242.2,252.9,251.07,428.84,433.25,430.22,430.75,1.39,0.0,0.0,0.3255,0.0,0.0,0.0827,0.0827,0,0,0.3367,0.3367,0,0,0.9694,0.9692,1,1,50,286.93,170.07,0,1,2025-10-01 23:00:24,19.0,86,,0,0,,1
2025-10-01 23:01:09,217.76,0.326,248.84,0.4629,1.3889,241.84,252.62,252.07,428.56,433.84,430.55,431,1.3889,0.0,0.0,0.3249,0.0,0.0,0.0823,0.0823,0,0,0.3359,0.3359,0,0,0.9695,0.9693,1,1,50,286.93,170.07,0,1,2025-10-01 23:01:09,19.0,86.9,,0,0,,1
2025-10-01 23:01:54,217.76,0.3258,248.85,0.4629,1.3888,241.81,252.68,252.06,428.65,434.2,430.15,430.95,1.3888,0.0,0.0,0.3247,0.0,0.0,0.0824,0.0824,0,0,0.3358,0.3358,0,0,0.9694,0.9692,1,1,50,286.94,170.07,0,1,2025-10-01 23:01:54,19.1,87.8,,0,0,,1
2025-10-01 23:02:39,217.77,0.3246,248.15,0.462,1.3862,241.21,252.27,250.99,427.56,432.42,429.39,429.84,1.3862,0.0,0.0,0.3235,0.0,0.0,0.0814,0.0814,0,0,0.3344,0.3344,0,0,0.9699,0.9697,1,1,50,286.94,170.07,0,1,2025-10-01 23:02:39,19.5,88.5,,0,0,,1
2025-10-01 23:03:24,217.77,0.3241,248.24,0.4614,1.3842,241.3,252.43,251.01,427.96,432.73,429.15,429.97,1.3842,0.0,0.0,0.323,0.0,0.0,0.0818,0.0818,0,0,0.334,0.334,0,0,0.9696,0.9694,1,1,50,286.94,170.07,0,1,2025-10-01 23:03:24,19.5,89.2,,0,0,,1
2025-10-01 23:04:09,217.77,0.324,248.15,0.4612,1.3836,241.18,252.29,251,427.73,431.99,429.61,429.78,1.3836,0.0,0.0,0.3227,0.0,0.0,0.0817,0.0817,0,0,0.3337,0.3337,0,0,0.9696,0.9694,1,1,50,286.95,170.07,0,1,2025-10-01 23:04:09,19.6,89.6,,0,0,,1
2025-10-01 23:04:54,217.78,0.3235,248.21,0.4619,1.3858,241.27,252.38,250.99,427.46,432.93,429.29,429.88,1.3858,0.0,0.0,0.3235,0.0,0.0,0.0814,0.0814,0,0,0.3344,0.3344,0,0,0.9697,0.9697,1,1,50,286.95,170.07,0,1,2025-10-01 23:04:54,19.6,90.1,,0,0,,1
2025-10-01 23:05:39,217.78,0.3208,247.67,0.46,1.3801,239.97,252.16,250.88,425.9,433.22,427.77,429.03,1.3801,0.0,0.0,0.3208,0.0,0.0,0.0794,0.0794,0,0,0.3312,0.3312,0,0,0.9707,0.9707,1,1,50,286.96,170.07,0,1,2025-10-01 23:05:39,19.7,90.5,,0,0,,1
2025-10-01 23:06:24,217.79,0.3227,248.18,0.4606,1.3818,240.38,252.52,251.66,427.64,431.92,429.88,429.79,1.3818,0.0,0.0,0.3216,0.0,0.0,0.0802,0.0802,0,0,0.3322,0.3322,0,0,0.9704,0.9703,1,1,49.9,286.96,170.08,0,1,2025-10-01 23:06:24,19.7,90.9,,0,0,,1
2025-10-01 23:07:09,217.79,0.323,248.32,0.4603,1.3811,240.53,252.58,251.85,427.73,432.52,429.91,430.01,1.3811,0.0,0.0,0.3215,0.0,0.0,0.0806,0.0806,0,0,0.3322,0.3322,0,0,0.9702,0.9699,1,1,50,286.97,170.08,0,1,2025-10-01 23:07:09,19.7,91.2,,0,0,,1
2025-10-01 23:07:54,217.79,0.3239,248.19,0.462,1.386,240.42,252.47,251.7,427.05,432.75,429.74,429.79,1.386,0.0,0.0,0.3227,0.0,0.0,0.0802,0.0802,0,0,0.3332,0.3332,0,0,0.9707,0.9704,1,1,49.9,286.97,170.08,0,1,2025-10-01 23:07:54,19.7,91.5,,0,0,,1
2025-10-01 23:08:39,217.84,3.9306,246.57,7.9431,23.8295,238.96,250.23,250.52,424.57,429.49,427.02,426.96,8.944,7.5696,7.3159,1.6142,1.2475,1.0689,4.2982,1.3943,1.418,1.4859,5.8642,2.1373,1.8941,1.8328,0.6748,0.7567,0.6605,0.5839,49.9,287.04,170.13,1,1,2025-10-01 23:08:39,19.7,90.1,,1,0,,0
2025-10-01 23:09:24,217.89,3.9604,247.23,7.9936,23.981,240.27,250.59,250.83,425.34,430.74,428.46,428.2,8.9907,7.6477,7.3426,1.6331,1.2555,1.0717,4.3434,1.4077,1.4407,1.4949,5.9184,2.1602,1.9164,1.8417,0.6737,0.7574,0.657,0.5826,49.9,287.11,170.18,1,1,2025-10-01 23:09:24,19.7,86,,1,0,,0
2025-10-01 23:10:09,217.94,3.8839,247.43,7.9392,23.8178,240.16,251.57,250.58,425.68,431.59,428.35,428.52,8.9241,7.6169,7.2768,1.6134,1.2357,1.0348,4.3609,1.4046,1.4575,1.4988,5.8828,2.1432,1.9162,1.8234,0.665,0.7542,0.6466,0.5681,50,287.18,170.24,1,1,2025-10-01 23:10:09,19.6,81.8,,1,0,,0
2025-10-01 23:10:54,217.96,0.3259,248.36,0.4629,1.3889,241.43,252.5,251.16,427.76,432.86,429.82,430.16,1.3889,0.0,0.0,0.3245,0.0,0.0,0.0813,0.0813,0,0,0.3353,0.3353,0,0,0.9702,0.97,1,1,49.9,287.22,170.26,0,1,2025-10-01 23:10:54,19.1,78.9,,0,0,,1
2025-10-01 23:11:39,217.97,0.3256,248.45,0.4625,1.3875,241.53,252.58,251.24,428.29,432.77,429.82,430.32,1.3875,0.0,0.0,0.3243,0.0,0.0,0.0815,0.0815,0,0,0.3351,0.3351,0,0,0.97,0.9698,1,1,50,287.23,170.26,0,1,2025-10-01 23:11:39,19.0,79.8,,0,0,,1
2025-10-01 23:12:24,217.97,0.3263,249.2,0.4628,1.3884,242.27,253.07,252.27,429.44,433.78,431.55,431.56,1.3884,0.0,0.0,0.3251,0.0,0.0,0.0831,0.0831,0,0,0.3364,0.3364,0,0,0.969,0.9688,1,1,50,287.23,170.27,0,1,2025-10-01 23:12:24,18.9,81.6,,0,0,,1
2025-10-01 23:13:09,217.98,0.3267,249.32,0.4627,1.3883,242.29,253.29,252.39,429.71,434.46,431.25,431.78,1.3883,0.0,0.0,0.3252,0.0,0.0,0.0828,0.0828,0,0,0.3364,0.3364,0,0,0.9693,0.9691,1,1,50,287.24,170.27,0,1,2025-10-01 23:13:09,18.9,83.2,,0,0,,1
2025-10-01 23:13:54,217.98,0.3236,248.73,0.4624,1.3872,240.99,253.02,252.2,428.05,433.55,430.74,430.82,1.3872,0.0,0.0,0.3236,0.0,0.0,0.0806,0.0806,0,0,0.3343,0.3343,0,0,0.9703,0.9703,1,1,50,287.24,170.27,0,1,2025-10-01 23:13:54,18.9,84.8,,0,0,,1
2025-10-01 23:14:39,217.98,0.3236,248.07,0.4613,1.3839,240.5,252.42,251.3,427.35,432.36,429.19,429.59,1.3839,0.0,0.0,0.3223,0.0,0.0,0.0801,0.0801,0,0,0.3328,0.3328,0,0,0.9706,0.9704,1,1,50,287.25,170.27,0,1,2025-10-01 23:14:39,19.0,85.9,,0,0,,1
2025-10-01 23:15:24,217.99,0.3232,248.05,0.4612,1.3836,240.46,252.44,251.26,427.28,432.09,429.42,429.59,1.3836,0.0,0.0,0.3221,0.0,0.0,0.0802,0.0802,0,0,0.3327,0.3327,0,0,0.9705,0.9703,1,1,50,287.25,170.27,0,1,2025-10-01 23:15:24,19.0,87,,0,0,,1
2025-10-01 23:16:09,217.99,0.3218,248.13,0.4609,1.3828,240.36,252.7,251.34,426.96,432.96,429.32,429.69,1.3828,0.0,0.0,0.3218,0.0,0.0,0.08,0.08,0,0,0.3324,0.3324,0,0,0.9704,0.9704,1,1,50,287.25,170.27,0,1,2025-10-01 23:16:09,19.0,87.8,,0,0,,1
2025-10-01 23:16:54,218,0.3243,248.8,0.4623,1.3871,241.83,252.98,251.59,428.65,433.86,430.21,430.86,1.3871,0.0,0.0,0.3243,0.0,0.0,0.0827,0.0827,0,0,0.3354,0.3354,0,0,0.969,0.969,1,1,50,287.26,170.27,0,1,2025-10-01 23:16:54,19.5,88.5,,0,0,,1
2025-10-01 23:17:39,218,0.3252,248.84,0.462,1.386,241.88,253,251.64,428.71,433.28,430.9,430.97,1.386,0.0,0.0,0.324,0.0,0.0,0.0827,0.0827,0,0,0.3352,0.3352,0,0,0.9691,0.9689,1,1,50,287.26,170.27,0,1,2025-10-01 23:17:39,19.5,89,,0,0,,1
2025-10-01 23:18:24,218,0.3266,249.44,0.4629,1.3887,242.42,253.4,252.51,429.83,434.6,431.62,432.04,1.3887,0.0,0.0,0.3253,0.0,0.0,0.0833,0.0833,0,0,0.3366,0.3366,0,0,0.9689,0.9687,1,1,50,287.27,170.27,0,1,2025-10-01 23:18:24,19.6,89.6,,0,0,,1
2025-10-01 23:19:09,218.01,0.3266,249.51,0.4627,1.3883,242.53,253.19,252.82,430.23,434.42,431.74,432.13,1.3883,0.0,0.0,0.3253,0.0,0.0,0.0836,0.0836,0,0,0.3367,0.3367,0,0,0.9687,0.9685,1,1,49.9,287.27,170.27,0,1,2025-10-01 23:19:09,19.6,90,,0,0,,1
2025-10-01 23:19:54,218.01,0.3264,249.61,0.4627,1.3882,242.52,253.49,252.84,430.24,435.12,431.6,432.3,1.3882,0.0,0.0,0.3252,0.0,0.0,0.0839,0.0839,0,0,0.3367,0.3367,0,0,0.9685,0.9683,1,1,49.9,287.27,170.28,0,1,2025-10-01 23:19:54,19.6,90.5,,0,0,,1
2025-10-01 23:20:39,218.02,0.326,248.93,0.4626,1.3878,242.13,252.66,252.01,428.9,433.76,430.75,431.12,1.3878,0.0,0.0,0.3248,0.0,0.0,0.0828,0.0828,0,0,0.336,0.336,0,0,0.9692,0.9689,1,1,49.9,287.28,170.28,0,1,2025-10-01 23:20:39,19.7,90.9,,0,0,,1
2025-10-01 23:21:24,218.02,0.3256,248.99,0.4621,1.3865,242.17,252.79,252.03,429.27,433.31,431.13,431.21,1.3865,0.0,0.0,0.3245,0.0,0.0,0.083,0.083,0,0,0.3358,0.3358,0,0,0.969,0.9688,1,1,50,287.28,170.28,0,1,2025-10-01 23:21:24,19.7,91.1,,0,0,,1
2025-10-01 23:22:09,218.02,0.3255,249.12,0.4617,1.3851,242.26,252.94,252.18,429.26,433.89,431.25,431.47,1.3851,0.0,0.0,0.3242,0.0,0.0,0.0832,0.0832,0,0,0.3356,0.3356,0,0,0.9688,0.9685,1,1,50,287.29,170.28,0,1,2025-10-01 23:22:09,19.7,91.4,,0,0,,1
2025-10-01 23:22:54,218.04,3.8586,248.22,7.9706,23.912,240.94,252.16,251.56,427.41,432.43,429.83,429.83,8.9308,7.6706,7.3106,1.6047,1.2311,1.0228,4.4374,1.4271,1.4846,1.5256,5.9251,2.1518,1.9342,1.8391,0.6561,0.7472,0.6383,0.5568,49.9,287.32,170.3,1,1,2025-10-01 23:22:54,19.8,91.7,,1,0,,0
2025-10-01 23:23:39,218.09,3.9453,248.76,8.0566,24.169900000000002,241.41,252.49,252.38,428.2,433.22,431.05,430.82,9.0272,7.7376,7.4051,1.6294,1.2582,1.0577,4.4655,1.4406,1.4872,1.5378,6.0018,2.1793,1.9537,1.8689,0.6621,0.7491,0.6458,0.5667,49.9,287.39,170.35,1,1,2025-10-01 23:23:39,19.7,88.6,,1,0,,0
2025-10-01 23:24:24,218.14,3.8782,248.38,7.9684,23.9054,240.24,252.55,252.36,427.03,433.45,430.05,430.12,8.9065,7.6398,7.3591,1.5963,1.2449,1.0371,4.4224,1.4182,1.4665,1.5377,5.9263,2.1397,1.9294,1.8571,0.6593,0.7475,0.6471,0.5591,50,287.46,170.41,1,1,2025-10-01 23:24:24,19.7,83.9,,1,0,,0
2025-10-01 23:25:54,218.19,0.3253,249.15,0.4625,1.3877,241.32,253.37,252.76,428.92,434.66,430.95,431.43,1.3877,0.0,0.0,0.3241,0.0,0.0,0.081,0.081,0,0,0.3349,0.3349,0,0,0.9703,0.9701,1,1,50,287.54,170.46,0,1,2025-10-01 23:25:54,19.0,79.7,,0,0,,1
2025-10-01 23:26:39,218.19,0.3272,249.12,0.4632,1.3897,242.21,253.05,252.1,429.31,433.69,431.35,430.63,1.3897,0.0,0.0,0.3257,0.0,0.0,0.0827,0.0827,0,0,0.3366,0.3366,0,0,0.9695,0.9692,1,1,49.9,287.54,170.46,0,1,2025-10-01 23:26:39,19.0,81.2,,0,0,,1
2025-10-01 23:27:24,218.2,0.326,249.28,0.4633,1.3901,242.34,253.25,252.27,429.29,435.07,430.92,431.7,1.3901,0.0,0.0,0.326,0.0,0.0,0.0826,0.0826,0,0,0.3369,0.3369,0,0,0.9693,0.9693,1,1,50,287.55,170.46,0,1,2025-10-01 23:27:24,18.9,82.8,,0,0,,1
2025-10-01 23:28:09,218.2,0.3251,249.21,0.4628,1.3885,242.29,253.15,252.2,429.32,434.53,431.02,431.64,1.3885,0.0,0.0,0.3251,0.0,0.0,0.0831,0.0831,0,0,0.3364,0.3364,0,0,0.9688,0.9688,1,1,49.9,287.55,170.47,0,1,2025-10-01 23:28:09,18.9,84.3,,0,0,,1
2025-10-01 23:28:54,218.21,0.3251,249.19,0.4629,1.3889,242.27,253.17,252.13,429.65,434.14,430.94,431.56,1.3889,0.0,0.0,0.3251,0.0,0.0,0.0832,0.0832,0,0,0.3365,0.3365,0,0,0.9688,0.969,1,1,49.9,287.56,170.47,0,1,2025-10-01 23:28:54,19.0,86,,0,0,,1
2025-10-01 23:29:39,218.21,0.328,249.86,0.4644,1.3933,242.81,253.65,253.13,430.29,435.57,432.38,431.77,1.3933,0.0,0.0,0.3269,0.0,0.0,0.0836,0.0836,0,0,0.3383,0.3383,0,0,0.969,0.9688,1,1,50,287.56,170.47,0,1,2025-10-01 23:29:39,19.0,87.3,,0,0,,1
2025-10-01 23:30:24,218.22,0.3267,250.11,0.4637,1.3912,243.02,253.94,253.38,430.97,436.07,432.51,433.15,1.3912,0.0,0.0,0.3267,0.0,0.0,0.0837,0.0837,0,0,0.3381,0.3381,0,0,0.9687,0.9687,1,1,50,287.57,170.47,0,1,2025-10-01 23:30:24,19.1,88.1,,0,0,,1
2025-10-01 23:31:09,218.22,0.3265,249.95,0.4636,1.391,242.91,253.72,253.24,430.38,436.27,432.11,432.95,1.391,0.0,0.0,0.3265,0.0,0.0,0.0837,0.0837,0,0,0.3379,0.3379,0,0,0.9686,0.9686,1,1,50,287.57,170.47,0,1,2025-10-01 23:31:09,19.5,88.8,,0,0,,1
2025-10-01 23:31:54,218.22,0.3252,249.14,0.462,1.3862,241.35,253.25,252.84,428.78,434.49,431.22,431.49,1.3862,0.0,0.0,0.3237,0.0,0.0,0.0815,0.0815,0,0,0.3346,0.3346,0,0,0.97,0.9697,1,1,49.9,287.57,170.47,0,1,2025-10-01 23:31:54,19.5,89.4,,0,0,,1
2025-10-01 23:32:39,218.23,0.3238,248.52,0.4613,1.3841,240.94,252.7,251.92,427.73,432.97,430.51,430.35,1.3841,0.0,0.0,0.3227,0.0,0.0,0.0811,0.0811,0,0,0.3335,0.3335,0,0,0.97,0.9698,1,1,49.9,287.58,170.47,0,1,2025-10-01 23:32:39,19.6,90,,0,0,,1
2025-10-01 23:33:24,218.23,0.323,248.49,0.4606,1.3818,240.87,252.74,251.87,429.08,431.24,430.64,430.27,1.3818,0.0,0.0,0.322,0.0,0.0,0.0813,0.0813,0,0,0.3328,0.3328,0,0,0.9697,0.9695,1,1,49.9,287.58,170.47,0,1,2025-10-01 23:33:24,19.6,90.5,,0,0,,1
2025-10-01 23:34:09,218.24,0.3246,248.74,0.4618,1.3854,241.21,252.9,252.12,428.35,433.06,430.95,430.8,1.3854,0.0,0.0,0.3233,0.0,0.0,0.0813,0.0813,0,0,0.3342,0.3342,0,0,0.97,0.9698,1,1,50,287.59,170.47,0,1,2025-10-01 23:34:09,19.7,90.8,,0,0,,1
2025-10-01 23:34:54,218.24,0.3247,248.78,0.4617,1.3851,241.23,253,252.13,428.86,432.73,430.97,430.84,1.3851,0.0,0.0,0.3233,0.0,0.0,0.0811,0.0811,0,0,0.3341,0.3341,0,0,0.9701,0.9699,1,1,49.9,287.59,170.47,0,1,2025-10-01 23:34:54,19.7,91.2,,0,0,,1
2025-10-01 23:35:39,218.24,0.3283,250.15,0.4638,1.3916,243.23,253.87,253.36,431.52,435.28,432.91,433.25,1.3916,0.0,0.0,0.3268,0.0,0.0,0.0847,0.0847,0,0,0.3385,0.3385,0,0,0.9682,0.968,1,1,49.9,287.59,170.48,0,1,2025-10-01 23:35:39,19.7,91.6,,0,0,,1
2025-10-01 23:36:24,218.25,3.8281,249.15,8.1343,24.4029,241.67,252.75,253.04,428.77,434.01,431.74,431.39,9.6596,7.5272,7.2161,1.7132,1.1516,0.9634,4.6346,1.5795,1.5067,1.5484,6.0629,2.3344,1.9025,1.826,0.6368,0.7352,0.6072,0.5282,50,287.6,170.48,1,1,2025-10-01 23:36:24,19.7,91.8,,1,0,,0
2025-10-01 23:37:09,218.3,3.9588,249.28,8.0895,24.2687,241.97,252.93,252.95,429.46,434.12,431.61,431.74,9.0709,7.7529,7.4449,1.6354,1.2582,1.0652,4.5025,1.4567,1.4961,1.5497,6.039,2.1949,1.9609,1.8832,0.6603,0.7467,0.6436,0.5664,50,287.68,170.54,1,1,2025-10-01 23:37:09,19.7,89.9,,1,0,,0
2025-10-01 23:37:54,218.35,3.9174,248.6,8.0166,24.05,241.48,252.3,252.02,427.94,433.07,430.64,430.52,9.0293,7.6447,7.376,1.6247,1.2346,1.0582,4.4477,1.4477,1.4745,1.5256,5.9681,2.1804,1.9288,1.8589,0.6609,0.7466,0.6419,0.5699,50,287.76,170.59,1,1,2025-10-01 23:37:54,19.7,85.5,,1,0,,0
2025-10-01 23:38:39,218.39,3.855,248.66,7.974,23.922,241.49,252.49,252,428.11,432.67,431.14,430.64,8.9678,7.6329,7.3213,1.607,1.2187,1.0293,4.4587,1.4452,1.4855,1.5281,5.9378,2.1656,1.9272,1.845,0.654,0.7435,0.6342,0.5586,50,287.83,170.65,1,1,2025-10-01 23:38:39,19.6,81.2,,1,0,,0
2025-10-01 23:39:24,218.41,0.3284,249.62,0.4644,1.3933,242.8,253.51,252.55,430.35,434.76,431.86,432.33,1.3933,0.0,0.0,0.3271,0.0,0.0,0.083,0.083,0,0,0.3383,0.3383,0,0,0.9695,0.9692,1,1,49.9,287.85,170.66,0,1,2025-10-01 23:39:24,19.0,79.4,,0,0,,1
2025-10-01 23:40:09,218.41,0.3246,249.24,0.4627,1.3881,241.58,253.51,252.65,429.23,434.03,431.7,431.64,1.3881,0.0,0.0,0.3246,0.0,0.0,0.0808,0.0808,0,0,0.3353,0.3353,0,0,0.9703,0.9703,1,1,50,287.85,170.66,0,1,2025-10-01 23:40:09,19.0,80.9,,0,0,,1
2025-10-01 23:40:54,218.42,0.3267,249.72,0.4633,1.39,242.27,253.16,253.74,429.95,434.86,432.66,432.53,1.39,0.0,0.0,0.3257,0.0,0.0,0.0823,0.0823,0,0,0.3368,0.3368,0,0,0.9696,0.9695,1,1,50,287.86,170.66,0,1,2025-10-01 23:40:54,18.9,82.7,,0,0,,1
2025-10-01 23:41:39,218.42,0.3253,249.73,0.4629,1.3889,242.15,253.36,253.7,430.15,435.46,431.97,432.53,1.3889,0.0,0.0,0.3253,0.0,0.0,0.0821,0.0821,0,0,0.3363,0.3363,0,0,0.9695,0.9695,1,1,50,287.86,170.66,0,1,2025-10-01 23:41:39,18.9,84.3,,0,0,,1
2025-10-01 23:42:24,218.43,0.3283,250.37,0.4641,1.3924,243.29,254.25,253.58,431.97,435.47,433.4,433.62,1.3924,0.0,0.0,0.3272,0.0,0.0,0.0845,0.0845,0,0,0.3388,0.3388,0,0,0.9684,0.9682,1,1,50,287.87,170.67,0,1,2025-10-01 23:42:24,19.0,85.6,,0,0,,1
2025-10-01 23:43:09,218.43,0.3276,250.22,0.4643,1.3929,243.63,254.49,252.55,431.82,435.86,432.43,433.33,1.3929,0.0,0.0,0.3276,0.0,0.0,0.0852,0.0852,0,0,0.3394,0.3394,0,0,0.9677,0.9677,1,1,50,287.87,170.67,0,1,2025-10-01 23:43:09,19.0,86.6,,0,0,,1
2025-10-01 23:43:54,218.43,0.3268,249.47,0.464,1.3922,242.97,253.91,251.54,429.88,435.07,431.27,432.04,1.3922,0.0,0.0,0.3268,0.0,0.0,0.0839,0.0839,0,0,0.3383,0.3383,0,0,0.9686,0.9686,1,1,49.9,287.87,170.67,0,1,2025-10-01 23:43:54,19.0,87.6,,0,0,,1
2025-10-01 23:44:39,218.44,0.3261,249.75,0.4634,1.3903,242.78,253.78,252.71,430.44,434.77,432.44,432.57,1.3903,0.0,0.0,0.3261,0.0,0.0,0.0836,0.0836,0,0,0.3375,0.3375,0,0,0.9686,0.9686,1,1,50,287.88,170.67,0,1,2025-10-01 23:44:39,19.1,88.4,,0,0,,1
2025-10-01 23:45:24,218.44,0.3256,249.45,0.4631,1.3895,242.5,253.49,252.37,429.95,435.04,431.14,432.08,1.3895,0.0,0.0,0.3256,0.0,0.0,0.0834,0.0834,0,0,0.337,0.337,0,0,0.9687,0.9687,1,1,49.9,287.88,170.67,0,1,2025-10-01 23:45:24,19.5,89.1,,0,0,,1
2025-10-01 23:46:09,218.45,0.3261,249.37,0.4625,1.3877,242.44,253.39,252.3,429.75,434.57,431.39,431.89,1.3877,0.0,0.0,0.325,0.0,0.0,0.0837,0.0837,0,0,0.3364,0.3364,0,0,0.9685,0.9683,1,1,49.9,287.89,170.67,0,1,2025-10-01 23:46:09,19.6,89.7,,0,0,,1
2025-10-01 23:46:54,218.45,0.3273,250.23,0.4631,1.3894,243.17,254.07,253.45,431.74,433.93,434.33,433.33,1.3894,0.0,0.0,0.3262,0.0,0.0,0.0847,0.0847,0,0,0.3379,0.3379,0,0,0.9681,0.9678,1,1,49.9,287.89,170.67,0,1,2025-10-01 23:46:54,19.6,90.2,,0,0,,1
2025-10-01 23:47:39,218.46,0.3278,250.07,0.4637,1.3911,243.1,254.35,252.76,431.83,435.24,432.21,433.16,1.3911,0.0,0.0,0.3266,0.0,0.0,0.0843,0.0843,0,0,0.3382,0.3382,0,0,0.9685,0.9682,1,1,49.9,287.9,170.67,0,1,2025-10-01 23:47:39,19.6,90.6,,0,0,,1
2025-10-01 23:48:24,218.46,0.328,250.29,0.4635,1.3907,243.18,254.37,253.32,431.33,436.13,432.99,433.47,1.3907,0.0,0.0,0.3266,0.0,0.0,0.0843,0.0843,0,0,0.3382,0.3382,0,0,0.9685,0.9682,1,1,49.9,287.9,170.67,0,1,2025-10-01 23:48:24,19.7,91,,0,0,,1
2025-10-01 23:49:09,218.46,0.3268,250.39,0.4636,1.3909,243.22,254.48,253.47,431.52,436.12,433.3,433.62,1.3909,0.0,0.0,0.3268,0.0,0.0,0.084,0.084,0,0,0.3383,0.3383,0,0,0.9685,0.9685,1,1,50,287.9,170.68,0,1,2025-10-01 23:49:09,19.7,91.4,,0,0,,1
2025-10-01 23:49:54,218.47,0.3242,248.94,0.4614,1.3844,241.21,253.5,252.12,428.72,434.35,430.38,431.15,1.3844,0.0,0.0,0.3231,0.0,0.0,0.0814,0.0814,0,0,0.3339,0.3339,0,0,0.9699,0.9697,1,1,49.9,287.91,170.68,0,1,2025-10-01 23:49:54,19.7,91.7,,0,0,,1
2025-10-01 23:50:39,218.49,3.9001,248.14,8.0052,24.015700000000002,240.09,252.76,251.57,427.51,432.27,429.43,429.77,8.9701,7.7087,7.3369,1.6161,1.2517,1.0322,4.4294,1.4168,1.4856,1.5269,5.9478,2.1536,1.9485,1.8457,0.6608,0.7519,0.6443,0.56,49.9,287.95,170.71,1,1,2025-10-01 23:50:39,19.8,91.2,,1,0,,0
2025-10-01 23:51:24,218.55,3.8991,248.23,7.9858,23.9576,240.37,252.68,251.64,427.29,432.65,429.77,429.92,8.9481,7.6656,7.3439,1.6129,1.2481,1.038,4.4152,1.416,1.4736,1.5256,5.9358,2.1509,1.9369,1.848,0.6619,0.7514,0.6463,0.5625,50,288.03,170.76,1,1,2025-10-01 23:51:24,19.7,87.5,,1,0,,0
2025-10-01 23:52:09,218.6,3.9149,248.51,8.0015,24.004600000000003,240.61,252.95,251.97,427.67,433.1,430.38,430.38,8.9602,7.6732,7.3712,1.6156,1.2537,1.0456,4.426,1.4205,1.4738,1.5316,5.9542,2.1559,1.9409,1.8573,0.6625,0.7509,0.6479,0.5638,50,288.1,170.82,1,1,2025-10-01 23:52:09,19.6,83.1,,1,0,,0
2025-10-01 23:52:54,218.63,0.3318,250.61,0.4673,1.4019,243.74,254.5,253.59,432.2,436.31,433.59,434.05,1.4019,0.0,0.0,0.3304,0.0,0.0,0.0837,0.0837,0,0,0.3417,0.3417,0,0,0.9695,0.9693,1,1,50,288.16,170.86,0,1,2025-10-01 23:52:54,19.5,79.7,,0,0,,1
2025-10-01 23:53:39,218.64,0.3297,250.63,0.465,1.3951,243.78,254.43,253.69,431.99,436.46,433.77,434.09,1.3951,0.0,0.0,0.3285,0.0,0.0,0.0845,0.0845,0,0,0.3401,0.3401,0,0,0.9686,0.9684,1,1,50,288.17,170.86,0,1,2025-10-01 23:53:39,19.0,79.8,,0,0,,1
2025-10-01 23:54:24,218.64,0.3288,250.83,0.4651,1.3953,243.94,254.73,253.84,432.39,436.98,433.92,434.38,1.3953,0.0,0.0,0.3288,0.0,0.0,0.0847,0.0847,0,0,0.3404,0.3404,0,0,0.9683,0.9683,1,1,50,288.17,170.87,0,1,2025-10-01 23:54:24,18.9,81.5,,0,0,,1
2025-10-01 23:55:09,218.65,0.3289,250.02,0.4643,1.3929,243.32,254.3,252.45,431.58,435.03,432.44,432.95,1.3929,0.0,0.0,0.3275,0.0,0.0,0.0838,0.0838,0,0,0.3389,0.3389,0,0,0.969,0.9687,1,1,50,288.17,170.87,0,1,2025-10-01 23:55:09,18.9,83.3,,0,0,,1
2025-10-01 23:55:54,218.65,0.329,250.15,0.4645,1.3936,243.41,254.18,252.88,431.36,435.84,432.56,433.27,1.3936,0.0,0.0,0.3278,0.0,0.0,0.0838,0.0838,0,0,0.3392,0.3392,0,0,0.969,0.9688,1,1,50,288.18,170.87,0,1,2025-10-01 23:55:54,18.9,84.8,,0,0,,1
2025-10-01 23:56:39,218.65,0.3284,250.13,0.464,1.392,243.48,254.05,252.87,430.72,436.01,432.91,433.23,1.392,0.0,0.0,0.3273,0.0,0.0,0.0845,0.0845,0,0,0.3389,0.3389,0,0,0.9684,0.9682,1,1,50,288.18,170.87,0,1,2025-10-01 23:56:39,19.0,86,,0,0,,1
2025-10-01 23:57:24,218.66,0.3289,250.23,0.4642,1.3928,243.59,254.13,252.99,431.54,435.51,433.11,433.38,1.3928,0.0,0.0,0.3277,0.0,0.0,0.0842,0.0842,0,0,0.3393,0.3393,0,0,0.9687,0.9685,1,1,50,288.19,170.87,0,1,2025-10-01 23:57:24,19.0,87.1,,0,0,,1
2025-10-01 23:58:09,218.66,0.3291,250.28,0.4645,1.3937,243.55,254.23,253.08,431.5,435.54,433.37,433.45,1.3937,0.0,0.0,0.328,0.0,0.0,0.084,0.084,0,0,0.3394,0.3394,0,0,0.9689,0.9687,1,1,50,288.19,170.87,0,1,2025-10-01 23:58:09,19.1,87.9,,0,0,,1
2025-10-01 23:58:54,218.67,0.3302,251.18,0.4651,1.3954,244.23,255.07,254.24,433.03,437.39,434.64,434.98,1.3954,0.0,0.0,0.3291,0.0,0.0,0.0851,0.0851,0,0,0.3408,0.3408,0,0,0.9683,0.9681,1,1,50,288.2,170.87,0,1,2025-10-01 23:58:54,19.5,88.6,,0,0,,1
2025-10-01 23:59:39,218.67,0.3287,251.32,0.4648,1.3945,244.12,255.01,254.84,433.07,438.24,434.53,435.29,1.3945,0.0,0.0,0.3287,0.0,0.0,0.0849,0.0849,0,0,0.3404,0.3404,0,0,0.9682,0.9682,1,1,50,288.2,170.87,0,1,2025-10-01 23:59:39,19.5,89.4,,0,0,,1
2025-10-02 00:00:24,218.67,0.3312,249.86,0.4658,1.3975,244.86,255.7,249.02,431.05,436.05,431.13,432.72,1.3975,0.0,0.0,0.3301,0.0,0.0,0.0863,0.0863,0,0,0.3422,0.3422,0,0,0.9676,0.9674,1,1,50,288.2,170.87,0,1,2025-10-02 00:00:24,19.6,89.9,,0,0,,1
2025-10-02 00:01:09,218.68,0.3312,249.73,0.4656,1.3969,244.79,255.45,248.96,430.58,435.3,431.65,432.56,1.3969,0.0,0.0,0.3298,0.0,0.0,0.0868,0.0868,0,0,0.3419,0.3419,0,0,0.9673,0.967,1,1,50,288.21,170.87,0,1,2025-10-02 00:01:09,19.6,90.5,,0,0,,1
2025-10-02 00:01:54,218.68,0.3284,249.45,0.4643,1.393,244.58,255.08,248.71,431.6,432.59,431.84,432.05,1.393,0.0,0.0,0.3284,0.0,0.0,0.0871,0.0871,0,0,0.3407,0.3407,0,0,0.9665,0.9665,1,1,49.9,288.21,170.88,0,1,2025-10-02 00:01:54,19.6,90.9,,0,0,,1
2025-10-02 00:02:39,218.69,0.3295,249.19,0.4645,1.3937,244.39,254.67,248.53,429.85,433.75,431.13,431.6,1.3937,0.0,0.0,0.3285,0.0,0.0,0.0865,0.0865,0,0,0.3406,0.3406,0,0,0.9672,0.967,1,1,49.9,288.22,170.88,0,1,2025-10-02 00:02:39,19.7,91.2,,0,0,,1
2025-10-02 00:03:24,218.69,0.3317,249.67,0.4658,1.3976,245.6,254.79,248.63,431.21,434.13,431.88,432.43,1.3976,0.0,0.0,0.3304,0.0,0.0,0.0892,0.0892,0,0,0.3433,0.3433,0,0,0.9656,0.9654,1,1,49.8,288.22,170.88,0,1,2025-10-02 00:03:24,19.7,91.5,,0,0,,1
2025-10-02 00:04:09,218.69,0.332,249.75,0.4657,1.3973,245.55,254.84,248.88,431.18,434.9,431.61,432.58,1.3973,0.0,0.0,0.3304,0.0,0.0,0.0889,0.0889,0,0,0.3431,0.3431,0,0,0.9659,0.9656,1,1,49.9,288.23,170.88,0,1,2025-10-02 00:04:09,19.8,91.8,,0,0,,1
2025-10-02 00:04:54,218.72,3.9019,248.41,8.0673,24.202,243.8,253.49,247.94,428.23,432.95,429.5,430.25,9.0595,7.8319,7.3106,1.6654,1.2316,1.0049,4.499,1.4436,1.55,1.5055,6.0066,2.2087,1.9853,1.8126,0.6551,0.7556,0.6221,0.5551,49.8,288.27,170.91,1,1,2025-10-02 00:04:54,19.8,91.6,,1,0,,0
2025-10-02 00:05:39,218.77,3.8979,248.13,8.0599,24.1799,243.32,253.33,247.74,428.49,431.66,429.06,429.81,9.0534,7.8243,7.3022,1.6623,1.2322,1.0033,4.4864,1.4388,1.5456,1.502,5.9941,2.2029,1.9821,1.809,0.6558,0.7561,0.6233,0.5554,49.7,288.34,170.97,1,1,2025-10-02 00:05:39,19.7,88,,1,0,,0
2025-10-02 00:06:24,218.82,3.8402,248.16,8.0149,24.044900000000002,243.38,253.33,247.77,427.92,432.22,429.22,429.79,9.0139,7.7676,7.2634,1.6454,1.2085,0.9863,4.4926,1.4444,1.5461,1.5021,5.9612,2.1938,1.9678,1.7997,0.6497,0.7515,0.6158,0.5488,49.7,288.41,171.02,1,1,2025-10-02 00:06:24,19.6,83.4,,1,0,,0
2025-10-02 00:07:09,218.86,0.3281,249.11,0.4658,1.3975,241.62,252.65,253.06,425.79,436.25,432.31,431.44,1.3975,0.0,0.0,0.3269,0.0,0.0,0.0814,0.0814,0,0,0.3377,0.3377,0,0,0.9705,0.9703,1,1,49.8,288.48,171.07,0,1,2025-10-02 00:07:09,19.5,79.7,,0,0,,1
2025-10-02 00:07:54,218.86,0.3242,249.21,0.4624,1.3873,241.86,252.6,253.18,429.02,433.87,431.93,431.59,1.3873,0.0,0.0,0.3242,0.0,0.0,0.083,0.083,0,0,0.3355,0.3355,0,0,0.9687,0.9687,1,1,49.8,288.48,171.07,0,1,2025-10-02 00:07:54,19.0,79.5,,0,0,,1
2025-10-02 00:08:39,218.87,0.3222,248.69,0.4609,1.3827,240.97,252.41,252.69,427.75,433.35,431,430.67,1.3827,0.0,0.0,0.3222,0.0,0.0,0.0816,0.0816,0,0,0.3332,0.3332,0,0,0.9693,0.9693,1,1,49.8,288.49,171.07,0,1,2025-10-02 00:08:39,18.9,81.3,,0,0,,1
2025-10-02 00:09:24,218.87,0.3231,248.67,0.4619,1.3859,241,252.33,252.69,427.92,433.35,430.76,430.59,1.3859,0.0,0.0,0.3231,0.0,0.0,0.0816,0.0816,0,0,0.334,0.334,0,0,0.9695,0.9695,1,1,49.8,288.49,171.07,0,1,2025-10-02 00:09:24,18.9,82.9,,0,0,,1
2025-10-02 00:10:09,218.88,0.3241,248.93,0.4615,1.3847,241.14,252.79,252.87,428.72,433.35,431.28,431.09,1.3847,0.0,0.0,0.3229,0.0,0.0,0.0816,0.0816,0,0,0.3339,0.3339,0,0,0.9697,0.9695,1,1,49.9,288.5,171.07,0,1,2025-10-02 00:10:09,18.9,84.4,,0,0,,1
2025-10-02 00:10:54,218.88,0.3227,248.98,0.4613,1.3841,240.98,253.1,252.86,428.36,434.41,430.86,431.17,1.3841,0.0,0.0,0.3227,0.0,0.0,0.0812,0.0812,0,0,0.3335,0.3335,0,0,0.9698,0.9698,1,1,49.9,288.5,171.07,0,1,2025-10-02 00:10:54,19.0,85.7,,0,0,,1
2025-10-02 00:11:39,218.88,0.3242,249.16,0.4614,1.3842,241.19,253.28,253.03,428.73,435.07,430.83,431.53,1.3842,0.0,0.0,0.3229,0.0,0.0,0.0816,0.0816,0,0,0.3339,0.3339,0,0,0.9697,0.9694,1,1,49.9,288.51,171.07,0,1,2025-10-02 00:11:39,19.0,86.7,,0,0,,1
2025-10-02 00:12:24,218.89,0.3245,249.24,0.4615,1.3845,241.29,253.35,253.1,429.24,434.25,431.49,431.62,1.3845,0.0,0.0,0.3231,0.0,0.0,0.0818,0.0818,0,0,0.3341,0.3341,0,0,0.9697,0.9694,1,1,49.9,288.51,171.08,0,1,2025-10-02 00:12:24,19.0,87.5,,0,0,,1
2025-10-02 00:13:09,218.89,0.3238,249.33,0.4623,1.387,241.36,253.44,253.19,429.08,434.79,431.57,431.8,1.387,0.0,0.0,0.3238,0.0,0.0,0.0816,0.0816,0,0,0.3348,0.3348,0,0,0.9696,0.9696,1,1,49.9,288.51,171.08,0,1,2025-10-02 00:13:09,19.1,88.3,,0,0,,1
2025-10-02 00:13:54,218.9,0.324,249.56,0.4619,1.3858,241.82,252.67,254.2,429.6,434.84,432.22,432.23,1.3858,0.0,0.0,0.324,0.0,0.0,0.0825,0.0825,0,0,0.3351,0.3351,0,0,0.969,0.969,1,1,49.9,288.52,171.08,0,1,2025-10-02 00:13:54,19.5,88.9,,0,0,,1
2025-10-02 00:14:39,218.9,0.3257,249.65,0.4621,1.3864,241.9,252.84,254.23,429.69,435.17,432.28,432.41,1.3864,0.0,0.0,0.3242,0.0,0.0,0.0824,0.0824,0,0,0.3354,0.3354,0,0,0.9694,0.9691,1,1,49.9,288.52,171.08,0,1,2025-10-02 00:14:39,19.5,89.5,,0,0,,1
2025-10-02 00:15:24,218.9,0.3252,249.78,0.4623,1.3869,241.63,253.71,254.02,429.97,435.54,432.29,432.62,1.3869,0.0,0.0,0.3241,0.0,0.0,0.0818,0.0818,0,0,0.3351,0.3351,0,0,0.9697,0.9695,1,1,49.9,288.53,171.08,0,1,2025-10-02 00:15:24,19.6,90,,0,0,,1
2025-10-02 00:16:09,218.91,0.3244,249.68,0.4613,1.3841,241.5,253.61,253.95,430.08,434.71,432.45,432.47,1.3841,0.0,0.0,0.3232,0.0,0.0,0.0821,0.0821,0,0,0.3343,0.3343,0,0,0.9694,0.9692,1,1,49.9,288.53,171.08,0,1,2025-10-02 00:16:09,19.6,90.5,,0,0,,1
2025-10-02 00:16:54,218.91,0.3243,249.85,0.4623,1.3871,241.75,253.72,254.1,430.03,435.59,432.56,432.73,1.3871,0.0,0.0,0.3243,0.0,0.0,0.0819,0.0819,0,0,0.3353,0.3353,0,0,0.9695,0.9695,1,1,49.9,288.53,171.08,0,1,2025-10-02 00:16:54,19.7,90.8,,0,0,,1
2025-10-02 00:17:39,218.92,0.3248,249.95,0.4629,1.3888,241.79,253.94,254.13,430.56,435.41,432.68,432.88,1.3888,0.0,0.0,0.3248,0.0,0.0,0.082,0.082,0,0,0.3358,0.3358,0,0,0.9695,0.9695,1,1,50,288.54,171.08,0,1,2025-10-02 00:17:39,19.7,91.1,,0,0,,1
2025-10-02 00:18:24,218.92,0.3239,250.12,0.4614,1.3844,241.98,254.02,254.37,430.55,436.04,432.96,433.22,1.3844,0.0,0.0,0.3239,0.0,0.0,0.0823,0.0823,0,0,0.335,0.335,0,0,0.9692,0.9692,1,1,50,288.54,171.08,0,1,2025-10-02 00:18:24,19.7,91.4,,0,0,,1
2025-10-02 00:19:09,218.92,0.3254,249.92,0.4619,1.3858,241.92,253.72,254.14,430.57,435.3,432.65,432.86,1.3858,0.0,0.0,0.3241,0.0,0.0,0.0823,0.0823,0,0,0.3353,0.3353,0,0,0.9694,0.9692,1,1,49.9,288.55,171.08,0,1,2025-10-02 00:19:09,19.7,91.7,,0,0,,1
2025-10-02 00:19:54,218.95,3.9004,249.14,8.0481,24.1444,240.74,253.02,253.66,429,433.96,431.44,431.46,8.974,7.7264,7.444,1.5995,1.2557,1.0452,4.5052,1.445,1.4907,1.5695,6.0036,2.1604,1.9549,1.8882,0.6545,0.742,0.6442,0.5543,49.9,288.59,171.12,1,1,2025-10-02 00:19:54,19.8,91.5,,1,0,,0
2025-10-02 00:21:24,219.05,3.8693,249.28,8.0083,24.0251,240.86,253.19,253.81,428.92,434.4,431.86,431.74,8.9217,7.6838,7.4196,1.5872,1.246,1.036,4.4962,1.4411,1.486,1.5691,5.9775,2.1489,1.9455,1.8832,0.6522,0.7403,0.6425,0.5509,50,288.74,171.23,1,1,2025-10-02 00:21:24,19.6,83.4,,1,0,,0
2025-10-02 00:22:09,219.1,3.8311,249.01,7.9724,23.9174,240.5,253.03,253.52,428.16,434.69,430.96,431.3,8.8656,7.6661,7.3857,1.5731,1.2383,1.0197,4.4847,1.4322,1.4853,1.5673,5.9444,2.1322,1.9398,1.8724,0.6495,0.7394,0.6403,0.5453,49.9,288.82,171.29,1,1,2025-10-02 00:22:09,19.5,79.5,,1,0,,0
2025-10-02 00:22:54,219.11,0.325,249.95,0.4631,1.3895,241.78,253.94,254.14,430.15,436.27,432.28,432.88,1.3895,0.0,0.0,0.325,0.0,0.0,0.0818,0.0818,0,0,0.336,0.336,0,0,0.9697,0.9697,1,1,49.9,288.83,171.29,0,1,2025-10-02 00:22:54,19.0,78.9,,0,0,,1
2025-10-02 00:23:39,219.11,0.3265,250.06,0.4631,1.3894,241.92,254,254.27,430.45,435.91,432.88,433.08,1.3894,0.0,0.0,0.3251,0.0,0.0,0.0819,0.0819,0,0,0.3361,0.3361,0,0,0.9699,0.9696,1,1,49.9,288.83,171.29,0,1,2025-10-02 00:23:39,19.0,80.5,,0,0,,1
2025-10-02 00:24:24,219.11,0.3261,250.03,0.463,1.3891,241.89,253.95,254.25,430.53,435.91,432.63,433.03,1.3891,0.0,0.0,0.325,0.0,0.0,0.0822,0.0822,0,0,0.336,0.336,0,0,0.9697,0.9694,1,1,49.9,288.83,171.29,0,1,2025-10-02 00:24:24,18.9,82.2,,0,0,,1
2025-10-02 00:25:09,219.12,0.3249,250.17,0.4628,1.3884,242.01,254.11,254.39,430.84,435.62,433.31,433.25,1.3884,0.0,0.0,0.3249,0.0,0.0,0.0824,0.0824,0,0,0.336,0.336,0,0,0.9692,0.9692,1,1,49.9,288.84,171.29,0,1,2025-10-02 00:25:09,19.0,84.1,,0,0,,1
2025-10-02 00:25:54,219.12,0.3267,250.22,0.4633,1.3899,242.13,254.1,254.45,430.65,436.54,432.92,433.36,1.3899,0.0,0.0,0.3254,0.0,0.0,0.0825,0.0825,0,0,0.3365,0.3365,0,0,0.9696,0.9693,1,1,50,288.84,171.29,0,1,2025-10-02 00:25:54,19.0,85.7,,0,0,,1
2025-10-02 00:26:39,219.13,0.3266,250.3,0.4631,1.3894,242.2,254.23,254.47,431.07,436.31,433.09,433.51,1.3894,0.0,0.0,0.3254,0.0,0.0,0.0824,0.0824,0,0,0.3365,0.3365,0,0,0.9696,0.9693,1,1,50,288.85,171.3,0,1,2025-10-02 00:26:39,19.1,87,,0,0,,1
2025-10-02 00:27:24,219.13,0.3267,250.37,0.4632,1.3896,242.22,254.33,254.58,431.21,436.43,433.23,433.6,1.3896,0.0,0.0,0.3254,0.0,0.0,0.0826,0.0826,0,0,0.3366,0.3366,0,0,0.9694,0.9692,1,1,50,288.85,171.3,0,1,2025-10-02 00:27:24,19.5,88,,0,0,,1
2025-10-02 00:28:09,219.13,0.3252,250.44,0.4628,1.3884,242.32,254.36,254.64,431.29,436.27,433.61,433.72,1.3884,0.0,0.0,0.3252,0.0,0.0,0.0828,0.0828,0,0,0.3364,0.3364,0,0,0.9691,0.9691,1,1,50,288.86,171.3,0,1,2025-10-02 00:28:09,19.5,88.8,,0,0,,1
2025-10-02 00:28:54,219.14,0.3254,250.47,0.4629,1.3888,242.32,254.42,254.68,431.34,436.46,433.56,433.81,1.3888,0.0,0.0,0.3254,0.0,0.0,0.0825,0.0825,0,0,0.3365,0.3365,0,0,0.9693,0.9693,1,1,50,288.86,171.3,0,1,2025-10-02 00:28:54,19.6,89.5,,0,0,,1
2025-10-02 00:29:39,219.14,0.3265,250.38,0.4632,1.3896,242.2,254.36,254.6,431.1,436.5,433.32,433.64,1.3896,0.0,0.0,0.3254,0.0,0.0,0.0825,0.0825,0,0,0.3366,0.3366,0,0,0.9695,0.9693,1,1,50,288.86,171.3,0,1,2025-10-02 00:29:39,19.6,90.1,,0,0,,1
2025-10-02 00:30:24,219.15,0.3247,250.12,0.4626,1.388,241.98,254.09,254.29,430.67,436.23,432.65,433.18,1.388,0.0,0.0,0.3247,0.0,0.0,0.0827,0.0827,0,0,0.3359,0.3359,0,0,0.969,0.969,1,1,49.9,288.87,171.3,0,1,2025-10-02 00:30:24,19.7,90.5,,0,0,,1
2025-10-02 00:31:09,219.15,0.3255,250.24,0.4634,1.3902,242.09,254.27,254.38,430.86,436.82,432.55,433.41,1.3902,0.0,0.0,0.3255,0.0,0.0,0.0822,0.0822,0,0,0.3366,0.3366,0,0,0.9695,0.9695,1,1,50,288.87,171.3,0,1,2025-10-02 00:31:09,19.7,90.9,,0,0,,1
2025-10-02 00:31:54,219.18,3.8664,249.96,8.0649,24.1948,242.25,253.49,254.14,430.47,435.03,433.17,431.82,9.0075,7.7578,7.4295,1.6022,1.2355,1.0287,4.5752,1.4737,1.5218,1.5797,6.0367,2.1821,1.9665,1.8881,0.6454,0.7359,0.6302,0.5457,49.9,288.91,171.33,1,1,2025-10-02 00:31:54,19.8,91.1,,1,0,,0
2025-10-02 00:32:39,219.22,3.94,250.07,8.1162,24.348599999999998,242.39,253.58,254.26,430.36,436.48,432.52,433.12,9.0625,7.7979,7.4882,1.6235,1.2601,1.0565,4.5687,1.4724,1.5159,1.5804,6.078,2.1967,1.9774,1.9039,0.653,0.7407,0.6392,0.5557,50,288.98,171.38,1,1,2025-10-02 00:32:39,19.7,87.3,,1,0,,0
2025-10-02 00:33:24,219.27,3.8496,250.08,8.0299,24.0897,242.44,253.57,254.25,430.64,435.82,432.92,433.13,8.9769,7.7061,7.4067,1.5956,1.2267,1.0273,4.5603,1.4725,1.513,1.5747,6.0135,2.1764,1.954,1.8832,0.645,0.7348,0.6297,0.5463,50,289.06,171.44,1,1,2025-10-02 00:33:24,19.6,83.4,,1,0,,0
2025-10-02 00:34:54,219.33,0.3298,251.14,0.465,1.3952,243.83,254.65,254.95,432.78,437.57,434.52,434.97,1.3952,0.0,0.0,0.3285,0.0,0.0,0.0848,0.0848,0,0,0.3402,0.3402,0,0,0.9685,0.9682,1,1,50,289.14,171.5,0,1,2025-10-02 00:34:54,19.0,78.7,,0,0,,1
2025-10-02 00:35:39,219.33,0.329,251.23,0.4649,1.3947,243.89,254.74,255.06,432.67,438.2,434.49,435.1,1.3947,0.0,0.0,0.329,0.0,0.0,0.0846,0.0846,0,0,0.3402,0.3402,0,0,0.9685,0.9686,1,1,50,289.15,171.5,0,1,2025-10-02 00:35:39,18.9,80.4,,0,0,,1
2025-10-02 00:36:24,219.34,0.3285,251.33,0.4645,1.3936,244,254.81,255.18,433.07,438.04,434.75,435.32,1.3936,0.0,0.0,0.3285,0.0,0.0,0.0849,0.0849,0,0,0.34,0.34,0,0,0.9682,0.9681,1,1,50,289.15,171.51,0,1,2025-10-02 00:36:24,18.9,82.2,,0,0,,1
2025-10-02 00:37:09,219.34,0.3279,251.17,0.4647,1.3943,243.85,254.66,255.02,432.75,437.87,434.45,435.08,1.3943,0.0,0.0,0.3279,0.0,0.0,0.0848,0.0848,0,0,0.34,0.34,0,0,0.9681,0.9682,1,1,50,289.16,171.51,0,1,2025-10-02 00:37:09,18.9,83.9,,0,0,,1
2025-10-02 00:37:54,219.34,0.3274,251.18,0.4638,1.3916,243.86,254.64,255.04,432.8,437.58,434.69,435.05,1.3916,0.0,0.0,0.3274,0.0,0.0,0.0852,0.0852,0,0,0.3394,0.3394,0,0,0.9677,0.9679,1,1,50,289.16,171.51,0,1,2025-10-02 00:37:54,19.0,85.3,,0,0,,1
2025-10-02 00:38:39,219.35,0.329,251.16,0.4642,1.3928,243.83,254.67,254.99,432.77,438.05,434.19,434.99,1.3928,0.0,0.0,0.3278,0.0,0.0,0.0851,0.0851,0,0,0.3396,0.3396,0,0,0.9681,0.9679,1,1,50,289.17,171.51,0,1,2025-10-02 00:38:39,19.0,86.5,,0,0,,1
2025-10-02 00:39:24,219.35,0.3278,250.98,0.4632,1.3898,243.53,254.51,254.92,432.22,438.11,433.78,435.06,1.3898,0.0,0.0,0.3268,0.0,0.0,0.0846,0.0846,0,0,0.3385,0.3385,0,0,0.9682,0.968,1,1,50,289.17,171.51,0,1,2025-10-02 00:39:24,19.1,87.3,,0,0,,1
2025-10-02 00:40:09,219.36,0.3277,250.92,0.4633,1.39,242.93,254.7,255.15,432.14,437.26,434.32,434.59,1.39,0.0,0.0,0.3265,0.0,0.0,0.0829,0.0829,0,0,0.3377,0.3377,0,0,0.9694,0.9692,1,1,50,289.17,171.51,0,1,2025-10-02 00:40:09,19.5,88,,0,0,,1
2025-10-02 00:40:54,219.36,0.3227,248.15,0.4598,1.3795,240.46,251.78,252.23,427.16,432.84,429.37,429.78,1.3795,0.0,0.0,0.3212,0.0,0.0,0.0799,0.0799,0,0,0.3317,0.3317,0,0,0.9706,0.9704,1,1,50,289.18,171.51,0,1,2025-10-02 00:40:54,19.6,88.8,,0,0,,1
2025-10-02 00:41:39,219.36,0.3229,248.22,0.4605,1.3815,240.45,251.92,252.31,427.36,432.7,429.65,429.85,1.3815,0.0,0.0,0.3218,0.0,0.0,0.0793,0.0793,0,0,0.3322,0.3322,0,0,0.9711,0.9709,1,1,50,289.18,171.51,0,1,2025-10-02 00:41:39,19.6,89.3,,0,0,,1
2025-10-02 00:42:24,219.37,0.3233,248.26,0.461,1.3832,240.39,252.12,252.29,427.45,433.6,428.91,429.95,1.3832,0.0,0.0,0.3221,0.0,0.0,0.0796,0.0796,0,0,0.3325,0.3325,0,0,0.971,0.9708,1,1,50,289.19,171.51,0,1,2025-10-02 00:42:24,19.7,89.7,,0,0,,1
2025-10-02 00:43:09,219.37,0.3222,248.1,0.46,1.3801,240.25,251.96,252.09,427.38,432.84,428.86,429.7,1.3801,0.0,0.0,0.321,0.0,0.0,0.08,0.08,0,0,0.3316,0.3316,0,0,0.9705,0.9703,1,1,50,289.19,171.51,0,1,2025-10-02 00:43:09,19.7,90.2,,0,0,,1
2025-10-02 00:43:54,219.39,3.8183,247.86,7.9063,23.718999999999998,240.4,251.37,251.81,426.72,432.6,428.53,429.38,8.8256,7.6293,7.2641,1.5819,1.2262,1.0101,4.3994,1.4081,1.4682,1.5231,5.8686,2.1217,1.9178,1.8292,0.6554,0.7469,0.641,0.5526,50,289.22,171.53,1,1,2025-10-02 00:43:54,19.7,90.4,,1,0,,0
2025-10-02 00:44:39,219.44,3.8965,247.73,7.9568,23.870600000000003,240.33,251.14,251.73,426.61,431.95,428.61,429.1,8.8997,7.647,7.3239,1.6045,1.247,1.045,4.3781,1.4082,1.4535,1.5164,5.903,2.1389,1.9205,1.8436,0.6648,0.7515,0.6511,0.5674,50,289.3,171.59,1,1,2025-10-02 00:44:39,19.7,87.3,,1,0,,0
2025-10-02 00:45:24,219.49,3.8486,247.59,7.9044,23.7134,240.16,251.04,251.58,425.89,432.76,427.85,428.85,8.8371,7.5982,7.2781,1.5885,1.2322,1.0279,4.3622,1.4009,1.4488,1.5125,5.8608,2.1223,1.9075,1.831,0.6615,0.75,0.6478,0.562,50,289.37,171.65,1,1,2025-10-02 00:45:24,19.6,82.9,,1,0,,0
2025-10-02 00:46:09,219.54,3.8176,247.56,7.8797,23.639300000000002,240.13,251.04,251.51,426.07,432.09,428.13,428.76,8.8122,7.5776,7.2495,1.5797,1.2213,1.0166,4.3636,1.4015,1.4513,1.5108,5.8417,2.1161,1.9023,1.8233,0.6584,0.748,0.6438,0.5582,50,289.44,171.7,1,1,2025-10-02 00:46:09,19.5,79.4,,1,0,,0
2025-10-02 00:46:54,219.55,0.3255,248.06,0.463,1.389,240.93,251.59,251.66,427.64,432.7,428.56,429.61,1.389,0.0,0.0,0.3241,0.0,0.0,0.0802,0.0802,0,0,0.3347,0.3347,0,0,0.9709,0.9707,1,1,50,289.46,171.71,0,1,2025-10-02 00:46:54,19.0,77.6,,0,0,,1
2025-10-02 00:47:39,219.56,0.3212,247.23,0.4606,1.382,239.73,250.35,251.62,425.61,431.5,427.48,428.17,1.382,0.0,0.0,0.3212,0.0,0.0,0.0783,0.0783,0,0,0.3313,0.3313,0,0,0.9715,0.9715,1,1,50,289.47,171.71,0,1,2025-10-02 00:47:39,18.9,79.2,,0,0,,1
2025-10-02 00:48:24,219.56,0.322,247.24,0.4604,1.3812,239.74,250.32,251.66,425.53,431.35,427.74,428.21,1.3812,0.0,0.0,0.3209,0.0,0.0,0.0786,0.0786,0,0,0.3311,0.3311,0,0,0.9714,0.9712,1,1,50,289.47,171.71,0,1,2025-10-02 00:48:24,18.9,81,,0,0,,1
2025-10-02 00:49:09,219.56,0.3205,247.15,0.4605,1.3816,239.35,250.98,251.12,425.29,431.55,427.32,428.06,1.3816,0.0,0.0,0.3205,0.0,0.0,0.0786,0.0786,0,0,0.3307,0.3307,0,0,0.9712,0.9712,1,1,50,289.47,171.72,0,1,2025-10-02 00:49:09,18.9,82.6,,0,0,,1
2025-10-02 00:49:54,219.57,0.3206,247.32,0.4603,1.3811,239.55,251.27,251.16,426.23,431.41,427.41,428.37,1.3811,0.0,0.0,0.3206,0.0,0.0,0.0786,0.0786,0,0,0.3308,0.3308,0,0,0.9712,0.9712,1,1,50,289.48,171.72,0,1,2025-10-02 00:49:54,18.9,84,,0,0,,1
2025-10-02 00:50:39,219.57,0.3211,247.56,0.4605,1.3817,239.75,251.51,251.44,426.58,431.83,427.89,428.78,1.3817,0.0,0.0,0.3211,0.0,0.0,0.0787,0.0787,0,0,0.3313,0.3313,0,0,0.9712,0.9712,1,1,50,289.48,171.72,0,1,2025-10-02 00:50:39,19.0,85.2,,0,0,,1
2025-10-02 00:51:24,219.58,0.321,247.61,0.4605,1.3815,239.81,251.57,251.47,426.32,432.42,427.84,428.85,1.3815,0.0,0.0,0.321,0.0,0.0,0.0788,0.0788,0,0,0.3313,0.3313,0,0,0.9711,0.9711,1,1,50,289.49,171.72,0,1,2025-10-02 00:51:24,19.0,86.2,,0,0,,1
2025-10-02 00:52:09,219.58,0.324,248.05,0.4613,1.3841,241.07,251.56,251.53,427.34,432.81,428.71,429.59,1.3841,0.0,0.0,0.3228,0.0,0.0,0.0814,0.0814,0,0,0.3337,0.3337,0,0,0.9698,0.9696,1,1,50,289.49,171.72,0,1,2025-10-02 00:52:09,19.1,87,,0,0,,1
2025-10-02 00:52:54,219.58,0.3237,247.93,0.4613,1.384,240.93,251.41,251.47,426.93,432.79,428.54,429.46,1.384,0.0,0.0,0.3226,0.0,0.0,0.0811,0.0811,0,0,0.3334,0.3334,0,0,0.9699,0.9698,1,1,50,289.5,171.72,0,1,2025-10-02 00:52:54,19.5,87.7,,0,0,,1
2025-10-02 00:53:39,219.59,0.3243,248.05,0.4616,1.3848,241.1,251.52,251.55,427.51,432.67,428.7,429.67,1.3848,0.0,0.0,0.323,0.0,0.0,0.0813,0.0813,0,0,0.3339,0.3339,0,0,0.9699,0.9697,1,1,50,289.5,171.72,0,1,2025-10-02 00:53:39,19.6,88.4,,0,0,,1
2025-10-02 00:54:24,219.59,0.323,248.16,0.4612,1.3836,241.29,251.48,251.72,427.58,432.53,429.31,429.8,1.3836,0.0,0.0,0.323,0.0,0.0,0.0813,0.0813,0,0,0.3338,0.3338,0,0,0.9697,0.9697,1,1,50,289.5,171.72,0,1,2025-10-02 00:54:24,19.6,88.9,,0,0,,1
2025-10-02 00:55:09,219.6,0.324,248.46,0.4619,1.3858,241.61,251.77,252,428.08,432.98,429.9,430.3,1.3858,0.0,0.0,0.324,0.0,0.0,0.0811,0.0811,0,0,0.3348,0.3348,0,0,0.97,0.97,1,1,50.1,289.51,171.72,0,1,2025-10-02 00:55:09,19.7,89.4,,0,0,,1
2025-10-02 00:55:54,219.6,0.323,247.76,0.4607,1.3822,240.13,251.48,251.67,426.28,432.77,428.3,429.09,1.3822,0.0,0.0,0.3216,0.0,0.0,0.0789,0.0789,0,0,0.3319,0.3319,0,0,0.9714,0.9712,1,1,50.1,289.51,171.72,0,1,2025-10-02 00:55:54,19.7,89.8,,0,0,,1
2025-10-02 00:56:39,219.6,0.3206,247.56,0.4597,1.3793,239.99,251.19,251.51,426.11,431.36,428.79,428.74,1.3793,0.0,0.0,0.3206,0.0,0.0,0.0793,0.0793,0,0,0.331,0.331,0,0,0.9707,0.9707,1,1,50,289.52,171.73,0,1,2025-10-02 00:56:39,19.7,90,,0,0,,1
2025-10-02 00:57:24,219.64,3.8787,246.68,7.8822,23.6466,238.8,250.26,251,424.46,429.77,427.46,427.2,8.8602,7.5075,7.2789,1.591,1.2336,1.0542,4.2892,1.3888,1.4105,1.49,5.8216,2.1158,1.8788,1.827,0.6707,0.7533,0.6583,0.5775,50,289.57,171.77,1,1,2025-10-02 00:57:24,19.7,89.1,,1,0,,0
2025-10-02 00:58:09,219.69,3.8674,246.83,7.8641,23.5925,238.83,250.47,251.19,424.85,429.66,427.89,427.45,8.8183,7.4934,7.2808,1.5832,1.2343,1.0498,4.2841,1.3825,1.4068,1.4949,5.8118,2.1061,1.8769,1.8289,0.67,0.7532,0.6595,0.5747,50,289.65,171.82,1,1,2025-10-02 00:58:09,19.7,85.2,,1,0,,0
2025-10-02 00:59:39,219.76,0.3272,248.3,0.4648,1.3944,241.48,251.47,251.97,427.86,432.41,429.88,430.05,1.3944,0.0,0.0,0.3261,0.0,0.0,0.0807,0.0807,0,0,0.3367,0.3367,0,0,0.9709,0.9707,1,1,50,289.76,171.9,0,1,2025-10-02 00:59:39,19.1,77.9,,0,0,,1
2025-10-02 01:00:24,219.77,0.3249,248.36,0.4632,1.3897,241.51,251.56,252.01,427.78,433.04,429.64,430.15,1.3897,0.0,0.0,0.3249,0.0,0.0,0.081,0.081,0,0,0.3356,0.3356,0,0,0.9703,0.9703,1,1,50,289.76,171.9,0,1,2025-10-02 01:00:24,19.0,78.9,,0,0,,1
2025-10-02 01:01:09,219.77,0.325,248.4,0.4622,1.3866,241.55,251.65,252.02,427.89,433.09,429.71,430.19,1.3866,0.0,0.0,0.324,0.0,0.0,0.0817,0.0817,0,0,0.3349,0.3349,0,0,0.9697,0.9696,1,1,50,289.76,171.9,0,1,2025-10-02 01:01:09,18.9,80.7,,0,0,,1
2025-10-02 01:01:54,219.77,0.3246,248.34,0.4614,1.3844,241.46,251.73,251.85,427.67,433.81,428.94,430.12,1.3844,0.0,0.0,0.3233,0.0,0.0,0.0818,0.0818,0,0,0.3343,0.3343,0,0,0.9696,0.9694,1,1,50,289.77,171.9,0,1,2025-10-02 01:01:54,18.9,82.2,,0,0,,1
2025-10-02 01:02:39,219.78,0.3248,248.29,0.462,1.3862,241.42,251.58,251.87,427.72,432.77,429.59,430.07,1.3862,0.0,0.0,0.3237,0.0,0.0,0.0817,0.0817,0,0,0.3347,0.3347,0,0,0.9698,0.9696,1,1,50,289.77,171.9,0,1,2025-10-02 01:02:39,18.9,83.7,,0,0,,1
2025-10-02 01:03:24,219.78,0.3194,247.63,0.4589,1.3769,239.5,251.56,251.84,426.26,432.63,427.78,429.5,1.3769,0.0,0.0,0.3194,0.0,0.0,0.0791,0.0791,0,0,0.3298,0.3298,0,0,0.9706,0.9706,1,1,50,289.78,171.91,0,1,2025-10-02 01:03:24,19.0,84.9,,0,0,,1
2025-10-02 01:04:09,219.79,0.3225,247.72,0.4615,1.3846,240.53,251.84,250.79,426.14,432.58,428.41,429.04,1.3846,0.0,0.0,0.3225,0.0,0.0,0.0802,0.0802,0,0,0.333,0.333,0,0,0.9704,0.9704,1,1,50,289.78,171.91,0,1,2025-10-02 01:04:09,19.0,85.9,,0,0,,1
2025-10-02 01:04:54,219.79,0.3223,247.97,0.4609,1.3829,240.78,252.15,250.98,426.93,432.79,428.7,429.45,1.3829,0.0,0.0,0.3223,0.0,0.0,0.0807,0.0807,0,0,0.333,0.333,0,0,0.97,0.97,1,1,50,289.79,171.91,0,1,2025-10-02 01:04:54,19.0,86.7,,0,0,,1
2025-10-02 01:05:39,219.79,0.3228,247.89,0.4617,1.3852,240.71,252.03,250.94,426.86,432.55,428.61,429.31,1.3852,0.0,0.0,0.3228,0.0,0.0,0.0804,0.0804,0,0,0.3334,0.3334,0,0,0.9703,0.9703,1,1,50,289.79,171.91,0,1,2025-10-02 01:05:39,19.1,87.4,,0,0,,1
2025-10-02 01:06:24,219.8,0.3221,247.81,0.4609,1.3829,240.63,252.06,250.76,427.03,432.23,428.35,429.18,1.3829,0.0,0.0,0.3221,0.0,0.0,0.0805,0.0805,0,0,0.3328,0.3328,0,0,0.9701,0.9701,1,1,50,289.79,171.91,0,1,2025-10-02 01:06:24,19.5,88.1,,0,0,,1
2025-10-02 01:07:09,219.8,0.3248,248.57,0.4625,1.3875,242.12,252.46,251.15,428.38,433.81,429.41,430.56,1.3875,0.0,0.0,0.3248,0.0,0.0,0.0826,0.0826,0,0,0.3359,0.3359,0,0,0.9691,0.9691,1,1,50,289.8,171.91,0,1,2025-10-02 01:07:09,19.5,88.6,,0,0,,1
2025-10-02 01:07:54,219.81,0.3247,248.52,0.4624,1.3872,242.08,252.34,251.15,428.52,433.54,429.26,430.45,1.3872,0.0,0.0,0.3247,0.0,0.0,0.0824,0.0824,0,0,0.3358,0.3358,0,0,0.9692,0.9692,1,1,50,289.8,171.91,0,1,2025-10-02 01:07:54,19.6,89.1,,0,0,,1
2025-10-02 01:08:39,219.81,0.3252,248.4,0.4616,1.385,241.91,252.23,251.08,428.34,432.97,429.38,430.23,1.385,0.0,0.0,0.3239,0.0,0.0,0.0825,0.0825,0,0,0.335,0.335,0,0,0.9692,0.969,1,1,50,289.81,171.91,0,1,2025-10-02 01:08:39,19.6,89.5,,0,0,,1
2025-10-02 01:09:24,219.81,0.3252,248.56,0.4627,1.3881,242.29,252.2,251.19,428.18,433.58,429.74,430.53,1.3881,0.0,0.0,0.3252,0.0,0.0,0.0827,0.0827,0,0,0.3363,0.3363,0,0,0.9691,0.9691,1,1,50,289.81,171.91,0,1,2025-10-02 01:09:24,19.6,89.9,,0,0,,1
2025-10-02 01:10:09,219.82,0.3258,248.53,0.4621,1.3865,242.29,252.23,251.08,428.11,433.87,429.41,430.45,1.3865,0.0,0.0,0.3248,0.0,0.0,0.0827,0.0827,0,0,0.3359,0.3359,0,0,0.9692,0.969,1,1,50,289.81,171.92,0,1,2025-10-02 01:10:09,19.7,90.2,,0,0,,1
2025-10-02 01:10:54,219.82,0.3265,248.57,0.4625,1.3876,242.33,252.25,251.15,428.69,433.4,429.5,430.53,1.3876,0.0,0.0,0.3251,0.0,0.0,0.0824,0.0824,0,0,0.3363,0.3363,0,0,0.9695,0.9693,1,1,50,289.82,171.92,0,1,2025-10-02 01:10:54,19.7,90.5,,0,0,,1
2025-10-02 01:11:39,219.83,0.3226,247.96,0.461,1.383,240.98,251.96,250.96,426.72,432.8,428.89,429.49,1.383,0.0,0.0,0.3226,0.0,0.0,0.0807,0.0807,0,0,0.3333,0.3333,0,0,0.9701,0.9701,1,1,50,289.82,171.92,0,1,2025-10-02 01:11:39,19.7,90.9,,0,0,,1
2025-10-02 01:13:09,219.88,3.8865,247.07,7.9078,23.7236,239.76,250.99,250.46,424.95,431.09,427.69,427.92,8.8547,7.5752,7.2937,1.6008,1.2417,1.0439,4.3175,1.3883,1.4329,1.4963,5.8511,2.123,1.9013,1.8268,0.669,0.7554,0.6548,0.5721,50,289.91,171.98,1,1,2025-10-02 01:13:09,19.7,88.8,,1,0,,0
2025-10-02 01:13:54,219.93,3.8497,247.11,7.8753,23.6259,239.85,251.04,250.44,424.64,431.46,427.84,427.96,8.8373,7.5388,7.2498,1.594,1.2251,1.0305,4.3194,1.3912,1.4359,1.4924,5.8278,2.1196,1.8925,1.8156,0.6653,0.7534,0.649,0.5682,50,289.98,172.03,1,1,2025-10-02 01:13:54,19.7,84.2,,1,0,,0
2025-10-02 01:14:39,219.98,3.8095,247.63,7.865,23.5951,241.13,251.18,250.58,426.2,431.99,428.48,428.89,8.8444,7.5401,7.2106,1.5932,1.2027,1.0136,4.3615,1.4118,1.4565,1.4933,5.8334,2.1327,1.8939,1.8068,0.6578,0.7484,0.6367,0.5616,50,290.06,172.09,1,1,2025-10-02 01:14:39,19.6,80.1,,1,0,,0
2025-10-02 01:15:24,219.99,0.3276,248.68,0.4637,1.3913,242.51,252.23,251.3,428.21,433.74,430.18,430.72,1.3913,0.0,0.0,0.3263,0.0,0.0,0.0825,0.0825,0,0,0.3374,0.3374,0,0,0.9697,0.9695,1,1,50,290.07,172.09,0,1,2025-10-02 01:15:24,19.0,78.8,,0,0,,1
2025-10-02 01:16:09,219.99,0.3268,248.64,0.4631,1.3895,242.38,252.33,251.22,428.68,433.47,429.79,430.65,1.3895,0.0,0.0,0.3256,0.0,0.0,0.0828,0.0828,0,0,0.3368,0.3368,0,0,0.9693,0.9691,1,1,50,290.07,172.09,0,1,2025-10-02 01:16:09,18.9,80.2,,0,0,,1
2025-10-02 01:16:54,220,0.3276,248.77,0.4641,1.3923,242.57,252.31,251.45,428.14,434.22,430.27,430.87,1.3923,0.0,0.0,0.3266,0.0,0.0,0.0827,0.0827,0,0,0.3377,0.3377,0,0,0.9695,0.9693,1,1,50,290.07,172.1,0,1,2025-10-02 01:16:54,18.9,82,,0,0,,1
2025-10-02 01:17:39,220,0.3262,248.56,0.4626,1.388,242.27,252.2,251.23,428.41,433.14,429.97,430.49,1.388,0.0,0.0,0.325,0.0,0.0,0.0831,0.0831,0,0,0.3363,0.3363,0,0,0.969,0.9688,1,1,50,290.08,172.1,0,1,2025-10-02 01:17:39,18.9,83.5,,0,0,,1
2025-10-02 01:18:24,220,0.3252,248.61,0.4627,1.3882,242.35,252.24,251.24,428.3,433.79,429.69,430.6,1.3882,0.0,0.0,0.3252,0.0,0.0,0.0831,0.0831,0,0,0.3364,0.3364,0,0,0.9688,0.9688,1,1,50,290.08,172.1,0,1,2025-10-02 01:18:24,18.9,84.8,,0,0,,1
2025-10-02 01:19:09,220.01,0.3264,248.39,0.4631,1.3893,242.16,252,251.02,427.86,433.11,429.66,430.19,1.3893,0.0,0.0,0.3252,0.0,0.0,0.0828,0.0828,0,0,0.3364,0.3364,0,0,0.9692,0.969,1,1,49.9,290.09,172.1,0,1,2025-10-02 01:19:09,19.0,85.9,,0,0,,1
2025-10-02 01:19:54,220.01,0.3267,248.6,0.463,1.389,242.36,252.24,251.22,428.61,433.1,430.01,430.55,1.389,0.0,0.0,0.3254,0.0,0.0,0.083,0.083,0,0,0.3366,0.3366,0,0,0.9691,0.9689,1,1,50,290.09,172.1,0,1,2025-10-02 01:19:54,19.0,86.8,,0,0,,1
2025-10-02 01:20:39,220.02,0.3236,247.88,0.4612,1.3836,240.92,251.84,250.9,426.5,432.58,428.91,429.32,1.3836,0.0,0.0,0.3226,0.0,0.0,0.0809,0.0809,0,0,0.3333,0.3333,0,0,0.9701,0.9699,1,1,50,290.1,172.1,0,1,2025-10-02 01:20:39,19.0,87.6,,0,0,,1
2025-10-02 01:21:24,220.02,0.323,247.92,0.4615,1.3846,241,251.83,250.94,426.93,432.06,429.16,429.41,1.3846,0.0,0.0,0.323,0.0,0.0,0.0807,0.0807,0,0,0.3337,0.3337,0,0,0.9701,0.9701,1,1,50,290.1,172.1,0,1,2025-10-02 01:21:24,19.5,88.2,,0,0,,1
2025-10-02 01:22:09,220.02,0.3237,247.91,0.461,1.3832,241.08,251.69,250.98,426.45,432.65,429.05,429.36,1.3832,0.0,0.0,0.3227,0.0,0.0,0.081,0.081,0,0,0.3335,0.3335,0,0,0.9701,0.9699,1,1,50,290.1,172.1,0,1,2025-10-02 01:22:09,19.5,88.8,,0,0,,1
2025-10-02 01:22:54,220.03,0.3251,247.96,0.4623,1.3869,241.31,251.21,251.36,426.75,432.4,429.23,429.4,1.3869,0.0,0.0,0.3239,0.0,0.0,0.0809,0.0809,0,0,0.3347,0.3347,0,0,0.9704,0.9702,1,1,50,290.11,172.1,0,1,2025-10-02 01:22:54,19.5,89.3,,0,0,,1
2025-10-02 01:23:39,220.03,0.3249,248.32,0.4626,1.3878,242.1,251.34,251.52,427.85,432.55,429.84,429.46,1.3878,0.0,0.0,0.3249,0.0,0.0,0.0824,0.0824,0,0,0.336,0.336,0,0,0.9692,0.9692,1,1,50,290.11,172.1,0,1,2025-10-02 01:23:39,19.6,89.7,,0,0,,1
2025-10-02 01:24:24,220.04,0.3257,248.78,0.462,1.3862,242.34,252.58,251.42,428.83,433.95,429.87,430.82,1.3862,0.0,0.0,0.3246,0.0,0.0,0.0831,0.0831,0,0,0.3359,0.3359,0,0,0.9689,0.9687,1,1,50,290.12,172.11,0,1,2025-10-02 01:24:24,19.6,90.1,,0,0,,1
2025-10-02 01:25:09,220.04,0.3252,248.81,0.4627,1.3882,242.38,252.55,251.5,428.93,433.83,430.03,430.92,1.3882,0.0,0.0,0.3252,0.0,0.0,0.083,0.083,0,0,0.3365,0.3365,0,0,0.9689,0.9689,1,1,50,290.12,172.11,0,1,2025-10-02 01:25:09,19.7,90.5,,0,0,,1
2025-10-02 01:25:54,220.04,0.3252,248.3,0.4617,1.3852,242.05,252.18,250.68,428.11,432.55,429.48,430.06,1.3852,0.0,0.0,0.3241,0.0,0.0,0.0825,0.0825,0,0,0.3353,0.3353,0,0,0.9692,0.9691,1,1,50,290.12,172.11,0,1,2025-10-02 01:25:54,19.7,90.8,,0,0,,1
2025-10-02 01:26:39,220.05,0.325,248.28,0.4614,1.3844,242.04,252.14,250.68,428.1,432.58,429.38,430.02,1.3844,0.0,0.0,0.3238,0.0,0.0,0.0828,0.0828,0,0,0.3351,0.3351,0,0,0.969,0.9688,1,1,49.9,290.13,172.11,0,1,2025-10-02 01:26:39,19.7,91.1,,0,0,,1
2025-10-02 01:27:24,220.05,0.3251,248.34,0.4615,1.3846,242.12,252.16,250.75,428.31,432.47,429.57,430.11,1.3846,0.0,0.0,0.3239,0.0,0.0,0.083,0.083,0,0,0.3352,0.3352,0,0,0.9689,0.9686,1,1,49.9,290.13,172.11,0,1,2025-10-02 01:27:24,19.8,91.3,,0,0,,1
2025-10-02 01:28:09,220.08,3.8568,247.05,7.8983,23.695,239.75,251.28,250.14,425.35,430.58,427.7,427.89,8.87,7.5778,7.2472,1.6016,1.2289,1.0263,4.3339,1.3935,1.4482,1.4922,5.8435,2.1266,1.9041,1.8128,0.6647,0.7544,0.647,0.5666,50,290.18,172.14,1,1,2025-10-02 01:28:09,19.8,90.5,,1,0,,0
2025-10-02 01:28:54,220.13,3.8584,246.99,7.8893,23.668,239.72,251.16,250.1,424.91,430.99,427.43,427.77,8.8667,7.5515,7.2498,1.6005,1.2265,1.0314,4.3219,1.3929,1.4401,1.4888,5.8353,2.1255,1.8966,1.8132,0.6659,0.7543,0.6483,0.5694,50,290.26,172.2,1,1,2025-10-02 01:28:54,19.7,86.3,,1,0,,0
2025-10-02 01:29:39,220.18,3.8032,247.15,7.8351,23.505300000000002,239.9,251.25,250.31,425.48,431.28,427.41,428.05,8.8173,7.4794,7.2086,1.5827,1.2037,1.0169,4.3209,1.3971,1.4361,1.4877,5.7989,2.1153,1.8792,1.8044,0.6607,0.7497,0.6423,0.5642,50,290.33,172.26,1,1,2025-10-02 01:29:39,19.6,81.9,,1,0,,0
2025-10-02 01:30:24,220.21,0.325,248.14,0.4637,1.3911,241.15,252.35,250.92,427.33,432.68,429.27,429.76,1.3911,0.0,0.0,0.325,0.0,0.0,0.0799,0.0799,0,0,0.3355,0.3355,0,0,0.9711,0.9711,1,1,50,290.37,172.28,0,1,2025-10-02 01:30:24,19.1,78.9,,0,0,,1
2025-10-02 01:31:09,220.21,0.325,248.08,0.4621,1.3865,241.06,252.35,250.85,427.25,432.37,429.37,429.65,1.3865,0.0,0.0,0.3236,0.0,0.0,0.0803,0.0803,0,0,0.3342,0.3342,0,0,0.9708,0.9706,1,1,50,290.38,172.28,0,1,2025-10-02 01:31:09,19.0,79.9,,0,0,,1
2025-10-02 01:31:54,220.22,0.3276,249.06,0.464,1.392,242.73,252.67,251.78,429.09,433.86,431.13,431.3,1.392,0.0,0.0,0.3266,0.0,0.0,0.0833,0.0833,0,0,0.3379,0.3379,0,0,0.9691,0.9689,1,1,50,290.38,172.29,0,1,2025-10-02 01:31:54,18.9,81.5,,0,0,,1
2025-10-02 01:32:39,220.22,0.3273,249.09,0.4635,1.3907,242.62,252.94,251.73,429.48,434.24,430.56,431.41,1.3907,0.0,0.0,0.3261,0.0,0.0,0.0834,0.0834,0,0,0.3374,0.3374,0,0,0.969,0.9688,1,1,50,290.38,172.29,0,1,2025-10-02 01:32:39,18.9,83,,0,0,,1
2025-10-02 01:33:24,220.23,0.3266,249.03,0.4629,1.3887,242.67,252.8,251.64,429.21,434.01,430.74,431.32,1.3887,0.0,0.0,0.3256,0.0,0.0,0.0835,0.0835,0,0,0.337,0.337,0,0,0.9688,0.9686,1,1,50,290.39,172.29,0,1,2025-10-02 01:33:24,18.9,84.3,,0,0,,1
2025-10-02 01:34:09,220.23,0.3272,249.08,0.4633,1.3899,242.78,252.63,251.85,428.6,434.71,430.93,431.41,1.3899,0.0,0.0,0.326,0.0,0.0,0.0836,0.0836,0,0,0.3374,0.3374,0,0,0.9688,0.9686,1,1,50,290.39,172.29,0,1,2025-10-02 01:34:09,19.0,85.5,,0,0,,1
2025-10-02 01:34:54,220.23,0.3275,249.26,0.4633,1.3899,242.99,252.73,252.06,429.03,434.47,431.63,431.71,1.3899,0.0,0.0,0.3264,0.0,0.0,0.0834,0.0834,0,0,0.3377,0.3377,0,0,0.969,0.9688,1,1,50,290.4,172.29,0,1,2025-10-02 01:34:54,19.0,86.5,,0,0,,1
2025-10-02 01:35:39,220.24,0.3275,249.25,0.4633,1.3901,242.87,253,251.88,429.31,434.61,431.15,431.65,1.3901,0.0,0.0,0.3262,0.0,0.0,0.0838,0.0838,0,0,0.3376,0.3376,0,0,0.9687,0.9685,1,1,50,290.4,172.29,0,1,2025-10-02 01:35:39,19.0,87.3,,0,0,,1
2025-10-02 01:36:24,220.24,0.3266,249.39,0.4634,1.3904,243.1,252.99,252.1,429.72,434.89,431.24,431.96,1.3904,0.0,0.0,0.3266,0.0,0.0,0.0837,0.0837,0,0,0.338,0.338,0,0,0.9687,0.9687,1,1,50,290.4,172.29,0,1,2025-10-02 01:36:24,19.1,88,,0,0,,1
2025-10-02 01:37:09,220.25,0.3262,249.26,0.4634,1.3902,242.86,253.07,251.87,429.61,434.89,430.68,431.72,1.3902,0.0,0.0,0.3262,0.0,0.0,0.0837,0.0837,0,0,0.3376,0.3376,0,0,0.9685,0.9685,1,1,50,290.41,172.29,0,1,2025-10-02 01:37:09,19.5,88.6,,0,0,,1
2025-10-02 01:37:54,220.25,0.3253,248.7,0.4623,1.387,241.56,252.85,251.7,427.99,434.2,430.04,430.78,1.387,0.0,0.0,0.3242,0.0,0.0,0.0813,0.0813,0,0,0.335,0.335,0,0,0.9701,0.9699,1,1,50,290.41,172.29,0,1,2025-10-02 01:37:54,19.5,89.1,,0,0,,1
2025-10-02 01:38:39,220.25,0.3233,248.37,0.4612,1.3836,241.41,252.65,251.05,427.69,433.31,429.49,430.2,1.3836,0.0,0.0,0.3233,0.0,0.0,0.0814,0.0814,0,0,0.334,0.334,0,0,0.9697,0.9698,1,1,50,290.42,172.29,0,1,2025-10-02 01:38:39,19.6,89.6,,0,0,,1
2025-10-02 01:39:24,220.26,0.323,248.36,0.4612,1.3836,241.33,252.69,251.07,427.75,433.55,429.17,430.12,1.3836,0.0,0.0,0.323,0.0,0.0,0.0814,0.0814,0,0,0.3339,0.3339,0,0,0.9697,0.9697,1,1,50,290.42,172.3,0,1,2025-10-02 01:39:24,19.6,89.9,,0,0,,1
2025-10-02 01:40:09,220.26,0.327,249.1,0.463,1.3891,242.81,253.06,251.45,429.47,433.49,431.33,431.42,1.3891,0.0,0.0,0.3259,0.0,0.0,0.0834,0.0834,0,0,0.3373,0.3373,0,0,0.9689,0.9687,1,1,50,290.43,172.3,0,1,2025-10-02 01:40:09,19.7,90.4,,0,0,,1
2025-10-02 01:40:54,220.27,0.3277,249.18,0.4634,1.3902,242.96,253.05,251.54,429.43,434.14,431.14,431.56,1.3902,0.0,0.0,0.3264,0.0,0.0,0.0834,0.0834,0,0,0.3378,0.3378,0,0,0.9691,0.9689,1,1,50,290.43,172.3,0,1,2025-10-02 01:40:54,19.7,90.7,,0,0,,1
2025-10-02 01:41:39,220.27,0.3276,249.13,0.4634,1.3902,242.92,253.03,251.46,428.89,434.5,431.1,431.55,1.3902,0.0,0.0,0.3264,0.0,0.0,0.0834,0.0834,0,0,0.3377,0.3377,0,0,0.9691,0.9689,1,1,50,290.43,172.3,0,1,2025-10-02 01:41:39,19.7,90.9,,0,0,,1
2025-10-02 01:42:24,220.27,0.3274,249.55,0.4629,1.3888,243.21,253.27,252.19,430.03,434.98,431.66,432.2,1.3888,0.0,0.0,0.3263,0.0,0.0,0.0839,0.0839,0,0,0.3378,0.3378,0,0,0.9686,0.9684,1,1,50,290.44,172.3,0,1,2025-10-02 01:42:24,19.7,91.3,,0,0,,1
2025-10-02 01:43:09,220.28,0.9226,249.37,7.4406,22.3219,243.01,253.11,252,429.87,434.59,431.26,432.17,8.0046,7.487,6.8303,0.5409,0.2089,0.1728,0.6466,0.2488,0.2072,0.1905,5.5615,1.9452,1.895,1.7212,0.8189,0.9084,0.7099,0.481,50,290.44,172.3,1,1,2025-10-02 01:43:09,19.8,91.5,,0,0,,0
2025-10-02 01:43:54,220.33,3.8844,248.65,7.9949,23.9848,241.97,252.42,251.57,428.16,433.91,429.92,430.61,8.978,7.7099,7.2969,1.6265,1.233,1.0248,4.4539,1.4343,1.4992,1.5205,5.9542,2.1724,1.9461,1.8357,0.6572,0.75,0.6352,0.5589,50,290.52,172.36,1,1,2025-10-02 01:43:54,19.8,89.4,,1,0,,0
2025-10-02 01:44:39,220.37,3.8947,248.79,7.9933,23.98,242.09,252.48,251.8,428.22,433.87,430.59,430.89,8.9683,7.6839,7.3278,1.6233,1.2358,1.0357,4.452,1.4366,1.4904,1.525,5.9563,2.1711,1.94,1.8451,0.6584,0.7486,0.638,0.5617,50,290.59,172.41,1,1,2025-10-02 01:44:39,19.7,84.8,,1,0,,0
2025-10-02 01:45:24,220.42,3.8013,248.86,7.9139,23.7417,242.17,252.57,251.84,428.55,433.79,430.69,430.91,8.8894,7.6102,7.2421,1.5972,1.2017,1.0024,4.4516,1.4377,1.4931,1.5209,5.8987,2.1527,1.9221,1.8239,0.6493,0.7431,0.6269,0.5503,50,290.67,172.47,1,1,2025-10-02 01:45:24,19.6,80.8,,1,0,,0
2025-10-02 01:46:09,220.44,0.3286,249.87,0.4649,1.3948,243.49,253.7,252.43,430.64,435.82,431.87,432.75,1.3948,0.0,0.0,0.3286,0.0,0.0,0.0833,0.0833,0,0,0.3396,0.3396,0,0,0.9693,0.9692,1,1,50,290.69,172.48,0,1,2025-10-02 01:46:09,19.1,78.8,,0,0,,1
2025-10-02 01:46:54,220.44,0.329,249.89,0.4645,1.3935,243.52,253.75,252.4,430.49,435.99,431.93,432.82,1.3935,0.0,0.0,0.328,0.0,0.0,0.0837,0.0837,0,0,0.3393,0.3393,0,0,0.9691,0.9689,1,1,50,290.69,172.48,0,1,2025-10-02 01:46:54,19.0,80.1,,0,0,,1
2025-10-02 01:47:39,220.44,0.3276,249.67,0.4644,1.3934,243.32,253.48,252.22,429.96,436.25,431.11,432.43,1.3934,0.0,0.0,0.3276,0.0,0.0,0.0839,0.0839,0,0,0.339,0.339,0,0,0.9687,0.9687,1,1,50,290.69,172.48,0,1,2025-10-02 01:47:39,18.9,81.8,,0,0,,1
2025-10-02 01:48:24,220.45,0.3256,249.15,0.4633,1.39,242.12,253.16,252.17,428.75,434.61,431.18,431.52,1.39,0.0,0.0,0.3256,0.0,0.0,0.0816,0.0816,0,0,0.3365,0.3365,0,0,0.97,0.97,1,1,50,290.7,172.48,0,1,2025-10-02 01:48:24,18.9,83.3,,0,0,,1
2025-10-02 01:49:09,220.45,0.3252,249.11,0.4629,1.3887,242.08,253.14,252.11,429,434.19,431.12,431.39,1.3887,0.0,0.0,0.3252,0.0,0.0,0.0818,0.0818,0,0,0.3362,0.3362,0,0,0.9698,0.9698,1,1,50,290.7,172.48,0,1,2025-10-02 01:49:09,18.9,84.7,,0,0,,1
2025-10-02 01:49:54,220.46,0.3263,249.26,0.4636,1.3908,242.63,253.12,252.04,428.87,434.85,431.42,431.74,1.3908,0.0,0.0,0.3263,0.0,0.0,0.0826,0.0826,0,0,0.3374,0.3374,0,0,0.9694,0.9694,1,1,50,290.71,172.49,0,1,2025-10-02 01:49:54,19.0,85.8,,0,0,,1
2025-10-02 01:50:39,220.46,0.3273,249.08,0.4633,1.3901,242.43,253.06,251.77,429.11,434.44,430.68,431.42,1.3901,0.0,0.0,0.3259,0.0,0.0,0.0824,0.0824,0,0,0.337,0.337,0,0,0.9697,0.9695,1,1,50,290.71,172.49,0,1,2025-10-02 01:50:39,19.0,86.8,,0,0,,1
2025-10-02 01:51:24,220.46,0.3288,249.68,0.4638,1.3914,243.85,253.18,252.01,430.16,435.74,431.45,432.43,1.3914,0.0,0.0,0.3274,0.0,0.0,0.0853,0.0853,0,0,0.3393,0.3393,0,0,0.9679,0.9677,1,1,50,290.72,172.49,0,1,2025-10-02 01:51:24,19.1,87.5,,0,0,,1
2025-10-02 01:52:09,220.47,0.3294,249.75,0.4644,1.3934,243.96,253.13,252.16,430.27,435.44,431.98,432.51,1.3934,0.0,0.0,0.3282,0.0,0.0,0.0849,0.0849,0,0,0.3399,0.3399,0,0,0.9683,0.9681,1,1,50,290.72,172.49,0,1,2025-10-02 01:52:09,19.1,88.2,,0,0,,1
2025-10-02 01:52:54,220.47,0.3295,249.73,0.4645,1.3935,243.87,253.25,252.07,430.48,435.34,431.76,432.54,1.3935,0.0,0.0,0.3283,0.0,0.0,0.0844,0.0844,0,0,0.3398,0.3398,0,0,0.9687,0.9684,1,1,50,290.72,172.49,0,1,2025-10-02 01:52:54,19.5,88.8,,0,0,,1
2025-10-02 01:53:39,220.48,0.3281,249.61,0.4644,1.3933,243.79,253.15,251.89,429.96,435.55,431.47,432.31,1.3933,0.0,0.0,0.3281,0.0,0.0,0.0845,0.0845,0,0,0.3397,0.3397,0,0,0.9683,0.9683,1,1,50,290.73,172.49,0,1,2025-10-02 01:53:39,19.5,89.3,,0,0,,1
2025-10-02 01:54:24,220.48,0.3299,249.83,0.4646,1.3938,243.98,253.33,252.18,430.68,435.47,431.95,432.73,1.3938,0.0,0.0,0.3284,0.0,0.0,0.0848,0.0848,0,0,0.3401,0.3401,0,0,0.9685,0.9682,1,1,50,290.73,172.49,0,1,2025-10-02 01:54:24,19.6,89.8,,0,0,,1
2025-10-02 01:55:09,220.48,0.3281,249.68,0.4643,1.3931,243.87,253.09,252.09,430.28,435,432.05,432.43,1.3931,0.0,0.0,0.3281,0.0,0.0,0.0847,0.0847,0,0,0.3397,0.3397,0,0,0.9682,0.9682,1,1,50,290.74,172.49,0,1,2025-10-02 01:55:09,19.6,90.1,,0,0,,1
2025-10-02 01:55:54,220.49,0.3278,249.86,0.4638,1.3914,244,253.33,252.27,430.57,435.58,432.14,432.76,1.3914,0.0,0.0,0.3278,0.0,0.0,0.0848,0.0848,0,0,0.3395,0.3395,0,0,0.9681,0.9681,1,1,50,290.74,172.49,0,1,2025-10-02 01:55:54,19.7,90.5,,0,0,,1
2025-10-02 01:56:39,220.49,0.3267,249.27,0.4627,1.3881,242.66,253.08,252.09,429.2,434.54,431.46,431.72,1.3881,0.0,0.0,0.3257,0.0,0.0,0.0826,0.0826,0,0,0.3368,0.3368,0,0,0.9694,0.9692,1,1,50,290.75,172.5,0,1,2025-10-02 01:56:39,19.7,90.8,,0,0,,1
2025-10-02 01:57:24,220.5,0.3264,249.19,0.4636,1.391,242.64,253.02,251.93,428.92,434.7,431.18,431.58,1.391,0.0,0.0,0.3264,0.0,0.0,0.0825,0.0825,0,0,0.3375,0.3375,0,0,0.9695,0.9695,1,1,50,290.75,172.5,0,1,2025-10-02 01:57:24,19.7,91,,0,0,,1
2025-10-02 01:58:09,220.5,0.3264,249.2,0.4631,1.3895,243,252.25,252.37,428.8,434.42,431.63,431.65,1.3895,0.0,0.0,0.3264,0.0,0.0,0.0831,0.0831,0,0,0.3376,0.3376,0,0,0.969,0.969,1,1,50,290.75,172.5,0,1,2025-10-02 01:58:09,19.7,91.3,,0,0,,1
2025-10-02 01:58:54,220.53,3.8104,248.38,7.9174,23.7523,241.74,251.49,251.92,427.49,433.09,430,430.16,8.8978,7.5956,7.2589,1.5934,1.2017,1.0154,4.4341,1.4383,1.4778,1.5179,5.8898,2.151,1.9102,1.8287,0.6517,0.7423,0.6308,0.556,50,290.79,172.52,1,1,2025-10-02 01:58:54,19.8,91.2,,1,0,,0
2025-10-02 01:59:39,220.57,3.8758,248.46,7.9673,23.9021,241.82,251.58,251.99,427.39,433.42,430.19,430.31,8.9532,7.6376,7.3113,1.6134,1.2235,1.039,4.4315,1.4377,1.4749,1.5189,5.9289,2.1651,1.9215,1.8424,0.6583,0.7465,0.6384,0.5645,50,290.86,172.58,1,1,2025-10-02 01:59:39,19.7,87.7,,1,0,,0
2025-10-02 02:00:24,220.62,3.8034,249.37,7.9544,23.8633,243.14,252.85,252.13,429.32,434.83,431.58,431.87,8.9422,7.6579,7.2632,1.6066,1.1969,0.9999,4.5046,1.4583,1.5151,1.5312,5.9418,2.1742,1.9363,1.8313,0.6451,0.7404,0.6198,0.5467,50,290.94,172.63,1,1,2025-10-02 02:00:24,19.6,83.3,,1,0,,0
2025-10-02 02:01:09,220.66,0.3335,250.41,0.4683,1.4051,244.56,253.86,252.81,431.05,436.73,433.34,433.68,1.4051,0.0,0.0,0.3322,0.0,0.0,0.0844,0.0844,0,0,0.3436,0.3436,0,0,0.9694,0.9691,1,1,50,291,172.68,0,1,2025-10-02 02:01:09,19.5,79.2,,0,0,,1
2025-10-02 02:01:54,220.66,0.3313,250.5,0.4656,1.3969,244.77,253.83,252.91,431.98,436.28,433.34,433.88,1.3969,0.0,0.0,0.3301,0.0,0.0,0.0854,0.0854,0,0,0.3419,0.3419,0,0,0.9683,0.968,1,1,50,291,172.68,0,1,2025-10-02 02:01:54,19.0,79.4,,0,0,,1
2025-10-02 02:02:39,220.67,0.3312,250.3,0.4654,1.3963,244.57,253.58,252.76,431.4,435.87,433.28,433.51,1.3963,0.0,0.0,0.3297,0.0,0.0,0.0854,0.0854,0,0,0.3415,0.3415,0,0,0.9683,0.968,1,1,50,291,172.68,0,1,2025-10-02 02:02:39,18.9,81,,0,0,,1
2025-10-02 02:03:24,220.67,0.3296,250.25,0.4653,1.396,244.52,253.55,252.69,431.15,436.07,433.08,433.48,1.396,0.0,0.0,0.3296,0.0,0.0,0.0853,0.0853,0,0,0.3413,0.3413,0,0,0.968,0.968,1,1,50,291.01,172.68,0,1,2025-10-02 02:03:24,18.9,82.6,,0,0,,1
2025-10-02 02:04:09,220.67,0.3286,249.87,0.4638,1.3914,243.18,253.74,252.7,429.98,436.08,432.26,432.77,1.3914,0.0,0.0,0.3271,0.0,0.0,0.0832,0.0832,0,0,0.3384,0.3384,0,0,0.9694,0.9691,1,1,50.1,291.01,172.68,0,1,2025-10-02 02:04:09,18.9,84,,0,0,,1
2025-10-02 02:04:54,220.68,0.3281,249.74,0.4638,1.3914,243.03,253.69,252.51,429.99,435.94,431.72,432.56,1.3914,0.0,0.0,0.3269,0.0,0.0,0.0829,0.0829,0,0,0.3382,0.3382,0,0,0.9695,0.9692,1,1,50,291.02,172.68,0,1,2025-10-02 02:04:54,19.0,85.3,,0,0,,1
2025-10-02 02:05:39,220.68,0.3261,249.65,0.4628,1.3886,243.02,253.47,252.46,430.01,435.39,431.76,432.4,1.3886,0.0,0.0,0.3261,0.0,0.0,0.0834,0.0834,0,0,0.3375,0.3375,0,0,0.9688,0.9688,1,1,50,291.02,172.68,0,1,2025-10-02 02:05:39,19.0,86.3,,0,0,,1
2025-10-02 02:06:24,220.69,0.3279,249.69,0.4636,1.3908,243.05,253.57,252.46,429.87,435.54,431.97,432.46,1.3908,0.0,0.0,0.3268,0.0,0.0,0.0832,0.0832,0,0,0.338,0.338,0,0,0.9692,0.969,1,1,50,291.03,172.69,0,1,2025-10-02 02:06:24,19.0,87.2,,0,0,,1
2025-10-02 02:07:09,220.69,0.3262,249.59,0.463,1.3892,242.96,253.46,252.35,429.67,435.32,431.85,432.25,1.3892,0.0,0.0,0.3262,0.0,0.0,0.0833,0.0833,0,0,0.3375,0.3375,0,0,0.9688,0.9688,1,1,50,291.03,172.69,0,1,2025-10-02 02:07:09,19.1,87.9,,0,0,,1
2025-10-02 02:07:54,220.69,0.3304,250.31,0.4649,1.3947,244.54,253.66,252.75,431.08,436.09,433.45,433.5,1.3947,0.0,0.0,0.3292,0.0,0.0,0.0857,0.0857,0,0,0.3411,0.3411,0,0,0.9679,0.9677,1,1,50,291.03,172.69,0,1,2025-10-02 02:07:54,19.5,88.5,,0,0,,1
2025-10-02 02:08:39,220.7,0.3302,250.31,0.4647,1.3941,244.53,253.71,252.7,431.36,435.86,433.37,433.52,1.3941,0.0,0.0,0.329,0.0,0.0,0.0857,0.0857,0,0,0.3409,0.3409,0,0,0.9679,0.9677,1,1,50,291.04,172.69,0,1,2025-10-02 02:08:39,19.5,89,,0,0,,1
2025-10-02 02:09:24,220.7,0.3309,250.28,0.4652,1.3956,244.5,253.79,252.55,431.34,436.48,432.64,433.49,1.3956,0.0,0.0,0.3294,0.0,0.0,0.0854,0.0854,0,0,0.3412,0.3412,0,0,0.9682,0.968,1,1,50,291.04,172.69,0,1,2025-10-02 02:09:24,19.6,89.5,,0,0,,1
2025-10-02 02:10:09,220.71,0.3304,250.34,0.4646,1.3938,244.53,253.86,252.65,431.15,436.91,432.75,433.58,1.3938,0.0,0.0,0.329,0.0,0.0,0.0855,0.0855,0,0,0.3408,0.3408,0,0,0.968,0.9678,1,1,50,291.05,172.69,0,1,2025-10-02 02:10:09,19.6,89.9,,0,0,,1
2025-10-02 02:10:54,220.71,0.33,250.17,0.4644,1.3933,244.41,253.59,252.51,430.97,436.01,432.89,433.33,1.3933,0.0,0.0,0.3287,0.0,0.0,0.0856,0.0856,0,0,0.3405,0.3405,0,0,0.9679,0.9677,1,1,50,291.05,172.69,0,1,2025-10-02 02:10:54,19.6,90.3,,0,0,,1
2025-10-02 02:11:39,220.72,0.3304,250.2,0.465,1.395,244.44,253.61,252.57,431.16,435.99,432.91,433.33,1.395,0.0,0.0,0.3292,0.0,0.0,0.085,0.085,0,0,0.341,0.341,0,0,0.9684,0.9682,1,1,50,291.06,172.69,0,1,2025-10-02 02:11:39,19.7,90.5,,0,0,,1
2025-10-02 02:12:24,220.72,0.3265,249.65,0.4631,1.3893,243.05,253.49,252.41,430.02,434.94,432.17,432.36,1.3893,0.0,0.0,0.3265,0.0,0.0,0.0828,0.0828,0,0,0.3377,0.3377,0,0,0.9692,0.9692,1,1,50,291.06,172.69,0,1,2025-10-02 02:12:24,19.7,90.9,,0,0,,1
2025-10-02 02:13:09,220.72,0.3274,249.67,0.4626,1.3878,243,253.58,252.44,429.74,435.59,431.94,432.42,1.3878,0.0,0.0,0.326,0.0,0.0,0.083,0.083,0,0,0.3372,0.3372,0,0,0.9693,0.9691,1,1,50,291.06,172.69,0,1,2025-10-02 02:13:09,19.7,91.1,,0,0,,1
2025-10-02 02:13:54,220.73,0.3262,249.54,0.4619,1.3857,242.88,253.45,252.31,429.31,435.11,432.17,432.24,1.3857,0.0,0.0,0.3252,0.0,0.0,0.0834,0.0834,0,0,0.3366,0.3366,0,0,0.9688,0.9686,1,1,50,291.07,172.7,0,1,2025-10-02 02:13:54,19.8,91.3,,0,0,,1
2025-10-02 02:14:39,220.75,3.8409,248.74,7.9677,23.9033,241.75,252.59,251.88,428.05,434.23,430.15,430.84,8.9357,7.6657,7.3019,1.6054,1.2197,1.0159,4.4665,1.4391,1.4971,1.5303,5.9357,2.1602,1.9363,1.8392,0.652,0.7446,0.6316,0.553,50,291.11,172.73,1,1,2025-10-02 02:14:39,19.8,91.1,,1,0,,0
2025-10-02 02:16:09,220.85,3.8222,249.34,7.9647,23.894199999999998,243.15,252.72,252.15,429,434.67,431.87,431.9,8.9614,7.6476,7.2852,1.6101,1.2001,1.012,4.4985,1.4612,1.5076,1.5298,5.9486,2.179,1.9327,1.837,0.6474,0.7405,0.6228,0.5517,50,291.26,172.84,1,1,2025-10-02 02:16:09,19.6,82.7,,1,0,,0
2025-10-02 02:16:54,220.88,0.3317,250.06,0.4665,1.3995,244.21,253.39,252.58,430.93,435.55,432.81,433.08,1.3995,0.0,0.0,0.3303,0.0,0.0,0.0844,0.0844,0,0,0.3418,0.3418,0,0,0.9691,0.9688,1,1,50,291.31,172.88,0,1,2025-10-02 02:16:54,19.5,79.2,,0,0,,1
2025-10-02 02:17:39,220.89,0.3306,249.87,0.4656,1.397,244.11,253.2,252.32,430.68,435.42,432.25,432.78,1.397,0.0,0.0,0.3294,0.0,0.0,0.0847,0.0847,0,0,0.341,0.341,0,0,0.9687,0.9684,1,1,50,291.32,172.88,0,1,2025-10-02 02:17:39,19.0,79.5,,0,0,,1
2025-10-02 02:18:24,220.89,0.3294,249.89,0.4642,1.3928,244.11,253.25,252.31,430.81,435.13,432.45,432.83,1.3928,0.0,0.0,0.3282,0.0,0.0,0.0853,0.0853,0,0,0.34,0.34,0,0,0.968,0.9678,1,1,50,291.32,172.88,0,1,2025-10-02 02:18:24,18.9,81.1,,0,0,,1
2025-10-02 02:19:09,220.9,0.3247,249.11,0.4614,1.3844,241.71,252.87,252.77,428.76,434.94,430.69,431.95,1.3844,0.0,0.0,0.3237,0.0,0.0,0.0815,0.0815,0,0,0.3346,0.3346,0,0,0.9699,0.9697,1,1,50,291.33,172.88,0,1,2025-10-02 02:19:09,18.9,82.8,,0,0,,1
2025-10-02 02:19:54,220.9,0.3273,249.3,0.4634,1.3902,242.72,253.12,252.07,429.23,434.97,431.16,431.8,1.3902,0.0,0.0,0.3262,0.0,0.0,0.0828,0.0828,0,0,0.3374,0.3374,0,0,0.9694,0.9692,1,1,50,291.33,172.88,0,1,2025-10-02 02:19:54,18.9,84.2,,0,0,,1
2025-10-02 02:20:39,220.91,0.3259,249.4,0.4628,1.3884,242.8,253.24,252.17,429.37,435.04,431.47,431.96,1.3884,0.0,0.0,0.3259,0.0,0.0,0.083,0.083,0,0,0.3371,0.3371,0,0,0.969,0.969,1,1,50,291.33,172.88,0,1,2025-10-02 02:20:39,19.0,85.3,,0,0,,1
2025-10-02 02:21:24,220.91,0.3259,249.41,0.4629,1.3888,242.72,253.34,252.17,429.42,435.09,431.4,431.95,1.3888,0.0,0.0,0.3259,0.0,0.0,0.0829,0.0829,0,0,0.3371,0.3371,0,0,0.9691,0.9691,1,1,50,291.34,172.88,0,1,2025-10-02 02:21:24,19.0,86.4,,0,0,,1
2025-10-02 02:22:09,220.91,0.3267,249.28,0.4628,1.3884,242.6,253.15,252.09,429.37,434.73,431.13,431.74,1.3884,0.0,0.0,0.3255,0.0,0.0,0.0833,0.0833,0,0,0.3368,0.3368,0,0,0.969,0.9687,1,1,50,291.34,172.88,0,1,2025-10-02 02:22:09,19.0,87.2,,0,0,,1
2025-10-02 02:22:54,220.92,0.3274,249.28,0.4634,1.3903,242.64,253.11,252.11,429.3,434.49,431.46,431.74,1.3903,0.0,0.0,0.3261,0.0,0.0,0.083,0.083,0,0,0.3373,0.3373,0,0,0.9693,0.9691,1,1,50,291.35,172.89,0,1,2025-10-02 02:22:54,19.1,87.9,,0,0,,1
2025-10-02 02:23:39,220.92,0.3278,250.01,0.4637,1.3913,244.17,253.47,252.39,431,435.52,432.51,432.99,1.3913,0.0,0.0,0.3278,0.0,0.0,0.0856,0.0856,0,0,0.3397,0.3397,0,0,0.9675,0.9675,1,1,50,291.35,172.89,0,1,2025-10-02 02:23:39,19.5,88.5,,0,0,,1
2025-10-02 02:24:24,220.93,0.3288,250.29,0.4646,1.3938,244.39,253.78,252.7,431.08,436.73,432.7,433.46,1.3938,0.0,0.0,0.3288,0.0,0.0,0.0853,0.0853,0,0,0.3406,0.3406,0,0,0.9679,0.9679,1,1,50,291.35,172.89,0,1,2025-10-02 02:24:24,19.5,89,,0,0,,1
2025-10-02 02:25:09,220.93,0.3303,250.27,0.4648,1.3945,244.36,253.79,252.66,431.31,436.38,432.7,433.47,1.3945,0.0,0.0,0.329,0.0,0.0,0.0853,0.0853,0,0,0.3408,0.3408,0,0,0.9682,0.9679,1,1,50,291.36,172.89,0,1,2025-10-02 02:25:09,19.6,89.5,,0,0,,1
2025-10-02 02:25:54,220.93,0.3302,250.2,0.4646,1.3939,244.5,253.61,252.49,431.46,435.98,432.58,433.37,1.3939,0.0,0.0,0.3289,0.0,0.0,0.0855,0.0855,0,0,0.3408,0.3408,0,0,0.968,0.9678,1,1,50,291.36,172.89,0,1,2025-10-02 02:25:54,19.6,89.8,,0,0,,1
2025-10-02 02:26:39,220.94,0.3304,250.08,0.4645,1.3936,244.41,253.36,252.48,430.8,435.89,432.74,433.15,1.3936,0.0,0.0,0.3287,0.0,0.0,0.0856,0.0856,0,0,0.3406,0.3406,0,0,0.968,0.9677,1,1,50,291.37,172.89,0,1,2025-10-02 02:26:39,19.6,90.2,,0,0,,1
2025-10-02 02:27:24,220.94,0.3277,249.59,0.4628,1.3884,243.16,253.24,252.38,429.62,435.34,431.9,432.28,1.3884,0.0,0.0,0.3262,0.0,0.0,0.0835,0.0835,0,0,0.3376,0.3376,0,0,0.969,0.9687,1,1,50,291.37,172.89,0,1,2025-10-02 02:27:24,19.7,90.5,,0,0,,1
2025-10-02 02:28:09,220.95,0.3279,249.47,0.4633,1.3899,243.13,253.01,252.29,429.11,434.88,432.25,432.12,1.3899,0.0,0.0,0.3266,0.0,0.0,0.0832,0.0832,0,0,0.3379,0.3379,0,0,0.9693,0.969,1,1,50,291.38,172.89,0,1,2025-10-02 02:28:09,19.7,90.8,,0,0,,1
2025-10-02 02:28:54,220.95,0.3261,249.49,0.4627,1.3882,243.1,253.13,252.25,429.5,434.62,432.19,432.09,1.3882,0.0,0.0,0.3261,0.0,0.0,0.0836,0.0836,0,0,0.3375,0.3375,0,0,0.9686,0.9686,1,1,50,291.38,172.89,0,1,2025-10-02 02:28:54,19.7,91,,0,0,,1
2025-10-02 02:29:39,220.95,0.3261,249.34,0.4628,1.3886,243.01,252.86,252.17,429.09,434.58,431.89,431.87,1.3886,0.0,0.0,0.3261,0.0,0.0,0.0834,0.0834,0,0,0.3374,0.3374,0,0,0.9688,0.9688,1,1,50,291.38,172.89,0,1,2025-10-02 02:29:39,19.8,91.3,,0,0,,1
2025-10-02 02:30:24,220.98,3.8014,248.47,7.9206,23.762,241.81,251.94,251.66,427.17,433.16,430.67,430.34,8.9175,7.5572,7.2873,1.5898,1.1924,1.0192,4.4506,1.4509,1.4777,1.522,5.8942,2.1563,1.904,1.8339,0.6494,0.7386,0.6279,0.5564,50,291.42,172.92,1,1,2025-10-02 02:30:24,19.8,91.2,,1,0,,0
2025-10-02 02:31:09,221.03,3.8609,249.25,8.0017,24.0053,243.19,252.6,251.97,428.62,434.76,431.72,431.7,8.9776,7.7058,7.3219,1.621,1.2183,1.0216,4.5018,1.4565,1.5116,1.5337,5.9746,2.1833,1.9465,1.8449,0.651,0.7438,0.6275,0.5543,50,291.5,172.98,1,1,2025-10-02 02:31:09,19.7,87.3,,1,0,,0
2025-10-02 02:31:54,221.08,3.8427,249.19,7.9747,23.9242,243.41,251.83,252.35,428.51,434.65,431.67,431.61,8.9538,7.6595,7.3109,1.6108,1.2067,1.0252,4.4923,1.4623,1.4985,1.5315,5.9532,2.1794,1.9289,1.8449,0.65,0.7404,0.6272,0.5562,50,291.57,173.03,1,1,2025-10-02 02:31:54,19.6,82.6,,1,0,,0
2025-10-02 02:32:39,221.11,0.3324,249.95,0.4673,1.4021,244.49,252.61,252.76,430.4,435.77,432.6,432.94,1.4021,0.0,0.0,0.3312,0.0,0.0,0.0849,0.0849,0,0,0.3428,0.3428,0,0,0.9689,0.9687,1,1,50,291.62,173.07,0,1,2025-10-02 02:32:39,19.5,79.1,,0,0,,1
2025-10-02 02:33:24,221.11,0.3309,249.93,0.4658,1.3976,244.53,252.54,252.74,430.28,435.6,432.8,432.9,1.3976,0.0,0.0,0.3299,0.0,0.0,0.0854,0.0854,0,0,0.3418,0.3418,0,0,0.9682,0.968,1,1,50,291.62,173.07,0,1,2025-10-02 02:33:24,19.0,79.6,,0,0,,1
2025-10-02 02:34:09,221.12,0.3289,249.79,0.4646,1.394,244.48,252.27,252.62,430.5,435.07,432.34,432.67,1.394,0.0,0.0,0.3289,0.0,0.0,0.0856,0.0856,0,0,0.3408,0.3408,0,0,0.9677,0.9677,1,1,50,291.63,173.07,0,1,2025-10-02 02:34:09,18.9,81.3,,0,0,,1
2025-10-02 02:34:54,221.12,0.3295,250.04,0.4642,1.3926,244.33,253.31,252.49,431.52,435.5,432.19,432.87,1.3926,0.0,0.0,0.3283,0.0,0.0,0.0857,0.0857,0,0,0.3403,0.3403,0,0,0.9677,0.9675,1,1,50,291.63,173.07,0,1,2025-10-02 02:34:54,18.9,82.9,,0,0,,1
2025-10-02 02:35:39,221.12,0.3302,249.98,0.4649,1.3948,244.3,253.21,252.44,430.29,436.33,432.31,432.97,1.3948,0.0,0.0,0.3289,0.0,0.0,0.0853,0.0853,0,0,0.3407,0.3407,0,0,0.9681,0.9679,1,1,50,291.64,173.07,0,1,2025-10-02 02:35:39,18.9,84.3,,0,0,,1
2025-10-02 02:36:24,221.13,0.3306,250.17,0.4652,1.3957,244.55,253.38,252.59,430.84,435.87,433.17,433.25,1.3957,0.0,0.0,0.3295,0.0,0.0,0.0854,0.0854,0,0,0.3413,0.3413,0,0,0.9682,0.968,1,1,50,291.64,173.07,0,1,2025-10-02 02:36:24,19.0,85.5,,0,0,,1
2025-10-02 02:37:09,221.13,0.3307,250.16,0.4648,1.3945,244.55,253.33,252.61,430.55,436.13,433.16,433.28,1.3945,0.0,0.0,0.3292,0.0,0.0,0.0855,0.0855,0,0,0.341,0.341,0,0,0.9681,0.9678,1,1,50,291.65,173.08,0,1,2025-10-02 02:37:09,19.0,86.5,,0,0,,1
2025-10-02 02:37:54,221.14,0.3303,250.1,0.4649,1.3949,244.34,253.41,252.57,430.5,435.98,433.06,433.19,1.3949,0.0,0.0,0.3291,0.0,0.0,0.0852,0.0852,0,0,0.3408,0.3408,0,0,0.9683,0.968,1,1,50,291.65,173.08,0,1,2025-10-02 02:37:54,19.0,87.2,,0,0,,1
2025-10-02 02:38:39,221.14,0.3259,249.35,0.4629,1.3888,242.78,253.16,252.13,428.82,435.03,431.78,431.87,1.3888,0.0,0.0,0.3259,0.0,0.0,0.0831,0.0831,0,0,0.3372,0.3372,0,0,0.969,0.969,1,1,50,291.65,173.08,0,1,2025-10-02 02:38:39,19.1,88,,0,0,,1
2025-10-02 02:39:24,221.14,0.3266,249.46,0.4634,1.3904,242.94,253.22,252.24,429.13,435.14,431.92,432.04,1.3904,0.0,0.0,0.3266,0.0,0.0,0.0828,0.0828,0,0,0.3378,0.3378,0,0,0.9693,0.9693,1,1,50,291.66,173.08,0,1,2025-10-02 02:39:24,19.5,88.5,,0,0,,1
2025-10-02 02:40:09,221.15,0.3269,249.34,0.4627,1.3881,242.83,253.05,252.14,428.95,434.81,431.77,431.85,1.3881,0.0,0.0,0.3258,0.0,0.0,0.0832,0.0832,0,0,0.3371,0.3371,0,0,0.9691,0.9689,1,1,50,291.66,173.08,0,1,2025-10-02 02:40:09,19.5,89.1,,0,0,,1
2025-10-02 02:40:54,221.15,0.3297,250.09,0.4644,1.3934,244.36,253.44,252.47,430.2,436.39,432.87,433.16,1.3934,0.0,0.0,0.3286,0.0,0.0,0.0855,0.0855,0,0,0.3405,0.3405,0,0,0.9679,0.9677,1,1,50,291.67,173.08,0,1,2025-10-02 02:40:54,19.5,89.5,,0,0,,1
2025-10-02 02:41:39,221.16,0.3296,250.17,0.4642,1.3928,244.39,253.61,252.51,430.75,436.32,432.81,433.3,1.3928,0.0,0.0,0.3285,0.0,0.0,0.0855,0.0855,0,0,0.3404,0.3404,0,0,0.9679,0.9677,1,1,50,291.67,173.08,0,1,2025-10-02 02:41:39,19.6,90,,0,0,,1
2025-10-02 02:42:24,221.16,0.3294,249.95,0.4637,1.3911,244.2,253.42,252.25,430.17,436.47,432.14,432.95,1.3911,0.0,0.0,0.3278,0.0,0.0,0.0856,0.0856,0,0,0.3397,0.3397,0,0,0.9678,0.9675,1,1,50,291.68,173.08,0,1,2025-10-02 02:42:24,19.6,90.3,,0,0,,1
2025-10-02 02:43:09,221.16,0.3294,250.11,0.4642,1.3928,244.25,253.68,252.42,430.59,436.4,432.61,433.18,1.3928,0.0,0.0,0.3283,0.0,0.0,0.0854,0.0854,0,0,0.3402,0.3402,0,0,0.968,0.9678,1,1,50,291.68,173.08,0,1,2025-10-02 02:43:09,19.7,90.6,,0,0,,1
2025-10-02 02:43:54,221.17,0.3293,250.13,0.4639,1.3919,244.25,253.67,252.48,430.49,436.54,432.66,433.24,1.3919,0.0,0.0,0.3281,0.0,0.0,0.0852,0.0852,0,0,0.34,0.34,0,0,0.968,0.9678,1,1,50,291.68,173.09,0,1,2025-10-02 02:43:54,19.7,90.8,,0,0,,1
2025-10-02 02:44:39,221.17,0.3278,250.11,0.4635,1.3905,244.16,253.64,252.53,430.67,436.14,432.75,433.24,1.3905,0.0,0.0,0.3278,0.0,0.0,0.0849,0.0849,0,0,0.3395,0.3395,0,0,0.968,0.968,1,1,50,291.69,173.09,0,1,2025-10-02 02:44:39,19.7,91.1,,0,0,,1
2025-10-02 02:45:24,221.18,0.3295,250.22,0.4639,1.3919,244.28,253.74,252.66,430.86,436.4,432.91,433.42,1.3919,0.0,0.0,0.3282,0.0,0.0,0.0852,0.0852,0,0,0.34,0.34,0,0,0.9681,0.9679,1,1,50,291.69,173.09,0,1,2025-10-02 02:45:24,19.8,91.3,,0,0,,1
2025-10-02 02:46:09,221.2,3.8372,249.5,8.0003,24.001,243.23,252.94,252.34,428.86,435.79,431.78,432.12,8.9703,7.706,7.3247,1.6122,1.2121,1.013,4.5256,1.4636,1.5192,1.5428,5.9793,2.1818,1.9492,1.8483,0.6467,0.7403,0.6236,0.5488,50,291.74,173.12,1,1,2025-10-02 02:46:09,19.8,90.9,,1,0,,0
2025-10-02 02:46:54,221.25,3.8746,249.3,8.0136,24.0408,243.09,252.68,252.14,428.88,434.98,431.51,431.8,9.0012,7.6987,7.3409,1.6241,1.2208,1.0297,4.5028,1.4599,1.5076,1.5353,5.9843,2.1881,1.9453,1.8509,0.6522,0.7436,0.6293,0.557,50,291.81,173.17,1,1,2025-10-02 02:46:54,19.7,87,,1,0,,0
2025-10-02 02:47:39,221.3,3.8163,249.36,7.9652,23.8956,243.19,252.76,252.15,429.1,434.89,431.7,431.9,8.9601,7.6525,7.283,1.6086,1.1985,1.0092,4.5059,1.4634,1.511,1.5314,5.9497,2.179,1.9342,1.8364,0.6463,0.7397,0.6214,0.5502,50,291.89,173.23,1,1,2025-10-02 02:47:39,19.6,82.7,,1,0,,0
2025-10-02 02:48:24,221.33,0.332,250.07,0.4673,1.4019,244.28,253.48,252.46,430.73,436.36,432.31,433.15,1.4019,0.0,0.0,0.331,0.0,0.0,0.0843,0.0843,0,0,0.3425,0.3425,0,0,0.9692,0.969,1,1,50,291.94,173.27,0,1,2025-10-02 02:48:24,19.5,79.1,,0,0,,1
2025-10-02 02:49:09,221.34,0.3265,249.44,0.4635,1.3906,242.82,253.28,252.23,428.89,435.54,431.66,432.02,1.3906,0.0,0.0,0.3265,0.0,0.0,0.0826,0.0826,0,0,0.3377,0.3377,0,0,0.9694,0.9694,1,1,50,291.94,173.27,0,1,2025-10-02 02:49:09,19.0,79.4,,0,0,,1
2025-10-02 02:49:54,221.34,0.3268,249.33,0.4628,1.3884,242.71,253.2,252.1,429.29,434.27,431.93,431.84,1.3884,0.0,0.0,0.3257,0.0,0.0,0.083,0.083,0,0,0.337,0.337,0,0,0.9692,0.969,1,1,50,291.95,173.27,0,1,2025-10-02 02:49:54,18.9,81,,0,0,,1
2025-10-02 02:50:39,221.35,0.327,249.37,0.463,1.389,242.7,253.27,252.16,429,435.44,431.31,431.93,1.389,0.0,0.0,0.3259,0.0,0.0,0.083,0.083,0,0,0.3371,0.3371,0,0,0.9692,0.969,1,1,50,291.95,173.27,0,1,2025-10-02 02:50:39,18.9,82.7,,0,0,,1
2025-10-02 02:51:24,221.35,0.3303,250.18,0.4651,1.3953,244.35,253.67,252.54,431.05,436.49,432.44,433.27,1.3953,0.0,0.0,0.3291,0.0,0.0,0.0854,0.0854,0,0,0.3409,0.3409,0,0,0.9681,0.9679,1,1,50,291.96,173.28,0,1,2025-10-02 02:51:24,18.9,84.1,,0,0,,1
2025-10-02 02:52:09,221.35,0.3292,250.37,0.4649,1.3948,244.53,253.87,252.71,431.34,436.43,433.14,433.63,1.3948,0.0,0.0,0.3292,0.0,0.0,0.0856,0.0856,0,0,0.3411,0.3411,0,0,0.9677,0.9677,1,1,50,291.96,173.28,0,1,2025-10-02 02:52:09,18.9,85.3,,0,0,,1
2025-10-02 02:52:54,221.36,0.3289,250.32,0.4646,1.394,244.44,253.81,252.73,431.28,436.49,432.92,433.55,1.394,0.0,0.0,0.3289,0.0,0.0,0.0857,0.0857,0,0,0.3407,0.3407,0,0,0.9677,0.9677,1,1,50,291.96,173.28,0,1,2025-10-02 02:52:54,19.0,86.3,,0,0,,1
2025-10-02 02:53:39,221.36,0.33,250.26,0.4645,1.3935,244.43,253.72,252.64,431.47,435.95,432.93,433.48,1.3935,0.0,0.0,0.3289,0.0,0.0,0.086,0.086,0,0,0.3406,0.3406,0,0,0.9676,0.9674,1,1,50,291.97,173.28,0,1,2025-10-02 02:53:39,19.0,87.2,,0,0,,1
2025-10-02 02:54:24,221.37,0.33,250.24,0.4648,1.3945,244.41,253.69,252.62,431.08,436.68,432.5,433.39,1.3945,0.0,0.0,0.3289,0.0,0.0,0.0858,0.0858,0,0,0.3408,0.3408,0,0,0.9678,0.9676,1,1,50,291.97,173.28,0,1,2025-10-02 02:54:24,19.1,87.8,,0,0,,1
2025-10-02 02:55:09,221.37,0.3301,250.28,0.4644,1.3932,244.38,253.81,252.65,431.35,436.84,432.28,433.53,1.3932,0.0,0.0,0.3286,0.0,0.0,0.0856,0.0856,0,0,0.3405,0.3405,0,0,0.968,0.9677,1,1,50,291.98,173.28,0,1,2025-10-02 02:55:09,19.5,88.4,,0,0,,1
2025-10-02 02:55:54,221.38,0.3299,250.12,0.4644,1.3932,244.59,252.86,252.93,431.2,435.72,432.74,433.19,1.3932,0.0,0.0,0.3288,0.0,0.0,0.0859,0.0859,0,0,0.3408,0.3408,0,0,0.9677,0.9675,1,1,50,291.98,173.28,0,1,2025-10-02 02:55:54,19.5,89,,0,0,,1
2025-10-02 02:56:39,221.38,0.3304,250.18,0.4646,1.3939,244.67,252.91,252.98,431.25,435.9,432.82,433.33,1.3939,0.0,0.0,0.3291,0.0,0.0,0.086,0.086,0,0,0.341,0.341,0,0,0.9677,0.9675,1,1,50,291.98,173.28,0,1,2025-10-02 02:56:39,19.6,89.5,,0,0,,1
2025-10-02 02:57:24,221.38,0.3299,250.21,0.4641,1.3925,244.7,252.93,253.02,431.2,435.92,433.01,433.38,1.3925,0.0,0.0,0.3287,0.0,0.0,0.0862,0.0862,0,0,0.3407,0.3407,0,0,0.9675,0.9673,1,1,50,291.99,173.28,0,1,2025-10-02 02:57:24,19.6,89.9,,0,0,,1
2025-10-02 02:58:09,221.39,0.3299,250.33,0.4641,1.3925,244.5,253.85,252.65,431.33,436.46,432.94,433.59,1.3925,0.0,0.0,0.3285,0.0,0.0,0.0858,0.0858,0,0,0.3405,0.3405,0,0,0.9677,0.9675,1,1,50,291.99,173.28,0,1,2025-10-02 02:58:09,19.6,90.2,,0,0,,1
2025-10-02 02:58:54,221.39,0.3283,250.44,0.4637,1.3912,244.62,254.04,252.68,431.01,437.22,433.1,433.78,1.3912,0.0,0.0,0.3283,0.0,0.0,0.086,0.086,0,0,0.3403,0.3403,0,0,0.9673,0.9673,1,1,50,292,173.29,0,1,2025-10-02 02:58:54,19.6,90.6,,0,0,,1
2025-10-02 02:59:39,221.4,0.3262,249.81,0.4626,1.3878,243.21,253.75,252.49,430.17,435.62,432.22,432.67,1.3878,0.0,0.0,0.3262,0.0,0.0,0.0832,0.0832,0,0,0.3375,0.3375,0,0,0.9689,0.9689,1,1,50,292,173.29,0,1,2025-10-02 02:59:39,19.7,90.8,,0,0,,1
2025-10-02 03:00:24,221.4,0.3272,249.87,0.4624,1.3872,243.28,253.78,252.56,430.25,435.96,432.1,432.78,1.3872,0.0,0.0,0.3261,0.0,0.0,0.0834,0.0834,0,0,0.3375,0.3375,0,0,0.9689,0.9687,1,1,50,292.01,173.29,0,1,2025-10-02 03:00:24,19.7,91,,0,0,,1
2025-10-02 03:01:09,221.4,0.327,250.17,0.4631,1.3895,243.57,254.06,252.88,430.65,436.29,432.91,433.32,1.3895,0.0,0.0,0.327,0.0,0.0,0.0838,0.0838,0,0,0.3384,0.3384,0,0,0.9687,0.9687,1,1,50,292.01,173.29,0,1,2025-10-02 03:01:09,19.7,91.3,,0,0,,1
2025-10-02 03:01:54,221.41,3.6994,250.14,7.9454,23.836399999999998,243.9,253.63,252.89,430.56,436.47,432.69,433.18,9.0209,7.626,7.1895,1.6068,1.1479,0.9447,4.597,1.4964,1.55,1.5505,5.9525,2.2002,1.9342,1.8182,0.6269,0.7317,0.5951,0.5203,50,292.02,173.29,1,1,2025-10-02 03:01:54,19.8,91.5,,1,0,,0
2025-10-02 03:02:39,221.46,3.903,249.99,8.0723,24.217100000000002,243.82,253.49,252.66,430.25,436.57,432.14,432.96,9.0657,7.7997,7.3517,1.6436,1.2331,1.0263,4.5563,1.472,1.5389,1.5454,6.045,2.2104,1.9771,1.8575,0.6505,0.7449,0.6253,0.5531,50,292.1,173.35,1,1,2025-10-02 03:02:39,19.7,89.5,,1,0,,0
2025-10-02 03:03:24,221.51,3.8484,250.02,8.0213,24.064,243.93,253.39,252.76,430.47,435.93,432.72,433.03,9.0265,7.7117,7.3258,1.6235,1.2071,1.0178,4.5552,1.4812,1.5299,1.5441,6.0076,2.2018,1.9541,1.8517,0.6453,0.7387,0.6194,0.5503,50,292.17,173.41,1,1,2025-10-02 03:03:24,19.7,85,,1,0,,0
2025-10-02 03:04:09,221.56,3.788,249.88,7.9724,23.9174,243.64,253.46,252.56,430,436.33,432.08,432.79,8.936,7.7089,7.2725,1.6037,1.1979,0.9864,4.5502,1.4665,1.5371,1.5466,5.9678,2.1772,1.9539,1.8367,0.6398,0.7379,0.6146,0.5377,50,292.25,173.47,1,1,2025-10-02 03:04:09,19.6,80.7,,1,0,,0
2025-10-02 03:04:54,221.57,0.3322,250.7,0.4659,1.3978,244.9,254.19,253.03,431.82,437.56,433.31,434.21,1.3978,0.0,0.0,0.3304,0.0,0.0,0.086,0.086,0,0,0.3423,0.3423,0,0,0.968,0.9677,1,1,50,292.27,173.48,0,1,2025-10-02 03:04:54,19.0,78.6,,0,0,,1
2025-10-02 03:05:39,221.57,0.3321,250.74,0.4661,1.3983,245.03,254.1,253.1,431.82,437.7,433.36,434.32,1.3983,0.0,0.0,0.3306,0.0,0.0,0.0862,0.0862,0,0,0.3426,0.3426,0,0,0.9679,0.9676,1,1,50,292.27,173.48,0,1,2025-10-02 03:05:39,18.9,80,,0,0,,1
2025-10-02 03:06:24,221.58,0.3309,250.66,0.4647,1.3943,244.99,254.01,252.99,431.92,436.98,433.54,434.13,1.3943,0.0,0.0,0.3295,0.0,0.0,0.0863,0.0863,0,0,0.3416,0.3416,0,0,0.9676,0.9673,1,1,50,292.27,173.48,0,1,2025-10-02 03:06:24,18.9,81.7,,0,0,,1
2025-10-02 03:07:09,221.58,0.3308,250.75,0.465,1.395,245.01,254.17,253.08,432.11,437.1,433.69,434.33,1.395,0.0,0.0,0.3297,0.0,0.0,0.0862,0.0862,0,0,0.3418,0.3418,0,0,0.9677,0.9674,1,1,50,292.28,173.48,0,1,2025-10-02 03:07:09,18.9,83.4,,0,0,,1
2025-10-02 03:07:54,221.58,0.3293,250.59,0.4647,1.3942,244.72,254.18,252.89,431.9,437.11,433.09,434.05,1.3942,0.0,0.0,0.3293,0.0,0.0,0.0856,0.0856,0,0,0.3412,0.3412,0,0,0.9678,0.9678,1,1,50,292.28,173.48,0,1,2025-10-02 03:07:54,18.9,84.7,,0,0,,1
2025-10-02 03:08:39,221.59,0.3286,250.34,0.4641,1.3924,244.49,253.87,252.67,431.43,436.78,432.58,433.58,1.3924,0.0,0.0,0.3286,0.0,0.0,0.0856,0.0856,0,0,0.3404,0.3404,0,0,0.9677,0.9677,1,1,50,292.29,173.48,0,1,2025-10-02 03:08:39,19.0,85.8,,0,0,,1
2025-10-02 03:09:24,221.59,0.3299,250.29,0.4643,1.3929,244.46,253.86,252.55,431.15,436.99,432.39,433.47,1.3929,0.0,0.0,0.3285,0.0,0.0,0.0859,0.0859,0,0,0.3405,0.3405,0,0,0.9677,0.9674,1,1,50,292.29,173.48,0,1,2025-10-02 03:09:24,19.0,86.7,,0,0,,1
2025-10-02 03:10:09,221.6,0.3258,249.66,0.4616,1.3849,242.23,253.51,253.25,429.21,436.81,431.25,432.88,1.3849,0.0,0.0,0.3245,0.0,0.0,0.0817,0.0817,0,0,0.3355,0.3355,0,0,0.9699,0.9697,1,1,50,292.3,173.49,0,1,2025-10-02 03:10:09,19.0,87.5,,0,0,,1
2025-10-02 03:10:54,221.6,0.326,249.56,0.4627,1.3883,242.93,253.5,252.26,429.37,435.53,431.81,432.22,1.3883,0.0,0.0,0.326,0.0,0.0,0.0831,0.0831,0,0,0.3373,0.3373,0,0,0.969,0.969,1,1,50,292.3,173.49,0,1,2025-10-02 03:10:54,19.1,88.2,,0,0,,1
2025-10-02 03:11:39,221.61,0.3269,249.52,0.4627,1.3881,242.89,253.44,252.23,429.74,435.2,431.54,432.11,1.3881,0.0,0.0,0.3259,0.0,0.0,0.0831,0.0831,0,0,0.3372,0.3372,0,0,0.9692,0.969,1,1,50,292.3,173.49,0,1,2025-10-02 03:11:39,19.5,88.8,,0,0,,1
2025-10-02 03:12:24,221.61,0.327,249.47,0.4625,1.3877,242.88,253.33,252.21,429.45,435.37,431.42,432.13,1.3877,0.0,0.0,0.3258,0.0,0.0,0.0831,0.0831,0,0,0.337,0.337,0,0,0.9691,0.9689,1,1,50,292.31,173.49,0,1,2025-10-02 03:12:24,19.5,89.2,,0,0,,1
2025-10-02 03:13:09,221.61,0.3278,250.02,0.4637,1.3911,244.16,253.55,252.35,431.06,435.91,432.14,433.05,1.3911,0.0,0.0,0.3278,0.0,0.0,0.0856,0.0856,0,0,0.3397,0.3397,0,0,0.9675,0.9675,1,1,50,292.31,173.49,0,1,2025-10-02 03:13:09,19.6,89.8,,0,0,,1
2025-10-02 03:13:54,221.62,0.3293,249.92,0.4638,1.3914,244.06,253.45,252.25,430.7,435.73,432.14,432.86,1.3914,0.0,0.0,0.3278,0.0,0.0,0.0853,0.0853,0,0,0.3396,0.3396,0,0,0.968,0.9677,1,1,50,292.32,173.49,0,1,2025-10-02 03:13:54,19.6,90.1,,0,0,,1
2025-10-02 03:14:39,221.62,0.3291,249.82,0.4637,1.3913,243.97,253.31,252.19,430.78,435.08,432.2,432.69,1.3913,0.0,0.0,0.3277,0.0,0.0,0.0852,0.0852,0,0,0.3394,0.3394,0,0,0.968,0.9678,1,1,50,292.32,173.49,0,1,2025-10-02 03:14:39,19.6,90.4,,0,0,,1
2025-10-02 03:15:24,221.63,0.3271,249.8,0.4632,1.3897,243.98,253.24,252.2,430.72,435.25,432,432.66,1.3897,0.0,0.0,0.3271,0.0,0.0,0.0856,0.0856,0,0,0.3391,0.3391,0,0,0.9674,0.9674,1,1,50,292.33,173.49,0,1,2025-10-02 03:15:24,19.7,90.8,,0,0,,1
2025-10-02 03:16:09,221.63,0.3293,249.99,0.4638,1.3916,244.15,253.46,252.36,431.12,435.93,431.89,432.97,1.3916,0.0,0.0,0.328,0.0,0.0,0.085,0.085,0,0,0.3398,0.3398,0,0,0.9682,0.968,1,1,50,292.33,173.49,0,1,2025-10-02 03:16:09,19.7,91,,0,0,,1
2025-10-02 03:16:54,221.63,0.3276,249.77,0.4637,1.3911,243.97,253.14,252.21,430.41,435.37,432.03,432.59,1.3911,0.0,0.0,0.3276,0.0,0.0,0.0852,0.0852,0,0,0.3394,0.3394,0,0,0.9677,0.9677,1,1,50,292.33,173.49,0,1,2025-10-02 03:16:54,19.7,91.3,,0,0,,1
2025-10-02 03:17:39,221.64,0.3294,250.04,0.4639,1.3917,244.23,253.46,252.45,430.88,435.91,432.44,433.02,1.3917,0.0,0.0,0.3282,0.0,0.0,0.085,0.085,0,0,0.3399,0.3399,0,0,0.9682,0.968,1,1,50,292.34,173.5,0,1,2025-10-02 03:17:39,19.8,91.5,,0,0,,1
2025-10-02 03:18:24,221.66,3.7223,249.07,7.8957,23.687199999999997,242.94,252.49,251.8,429.11,434.36,430.72,431.34,8.8875,7.6164,7.1833,1.5852,1.1679,0.9693,4.505,1.4597,1.5211,1.5243,5.8909,2.1591,1.9231,1.8088,0.6369,0.7356,0.609,0.5366,50,292.36,173.51,1,1,2025-10-02 03:18:24,19.8,91.7,,1,0,,0
2025-10-02 03:19:54,221.75,3.8074,249.19,7.9642,23.8928,242.91,252.74,251.92,429,435,430.8,431.58,8.9231,7.6969,7.2728,1.6049,1.2062,0.9964,4.5059,1.451,1.5199,1.5351,5.945,2.1675,1.9453,1.8322,0.6454,0.7417,0.6216,0.5444,50,292.51,173.62,1,1,2025-10-02 03:19:54,19.7,83.9,,1,0,,0
2025-10-02 03:20:39,221.8,0.3322,249.96,0.469,1.407,244.1,253.42,252.38,430.21,436.2,432.41,432.96,1.407,0.0,0.0,0.3322,0.0,0.0,0.0836,0.0836,0,0,0.3434,0.3434,0,0,0.9697,0.9697,1,1,50,292.58,173.68,0,1,2025-10-02 03:20:39,19.5,80,,0,0,,1
2025-10-02 03:21:24,221.8,0.3284,249.51,0.464,1.3921,242.9,253.34,252.29,429.64,435.55,431.27,432.16,1.3921,0.0,0.0,0.3272,0.0,0.0,0.0821,0.0821,0,0,0.3381,0.3381,0,0,0.9701,0.9699,1,1,50,292.59,173.68,0,1,2025-10-02 03:21:24,19.0,79.3,,0,0,,1
2025-10-02 03:22:09,221.8,0.3273,249.3,0.4633,1.3899,242.74,253.12,252.04,429.27,434.66,431.39,431.79,1.3899,0.0,0.0,0.3263,0.0,0.0,0.0826,0.0826,0,0,0.3374,0.3374,0,0,0.9695,0.9694,1,1,50,292.59,173.68,0,1,2025-10-02 03:22:09,18.9,80.7,,0,0,,1
2025-10-02 03:22:54,221.81,0.3263,249.35,0.4633,1.3901,242.76,253.18,252.11,429.25,434.9,431.44,431.87,1.3901,0.0,0.0,0.3263,0.0,0.0,0.0826,0.0826,0,0,0.3375,0.3375,0,0,0.9694,0.9694,1,1,50,292.6,173.68,0,1,2025-10-02 03:22:54,18.9,82.4,,0,0,,1
2025-10-02 03:23:39,221.81,0.3268,249.34,0.464,1.392,242.77,253.12,252.13,429.27,435.28,431.01,431.8,1.392,0.0,0.0,0.3268,0.0,0.0,0.0825,0.0825,0,0,0.3379,0.3379,0,0,0.9695,0.9695,1,1,50,292.6,173.68,0,1,2025-10-02 03:23:39,18.9,83.9,,0,0,,1
2025-10-02 03:24:24,221.82,0.3305,250.1,0.465,1.3951,244.25,253.52,252.55,430.92,436.12,432.51,433.18,1.3951,0.0,0.0,0.3291,0.0,0.0,0.085,0.085,0,0,0.3408,0.3408,0,0,0.9685,0.9682,1,1,50,292.6,173.68,0,1,2025-10-02 03:24:24,18.9,85.1,,0,0,,1
2025-10-02 03:25:09,221.82,0.3295,250.04,0.4644,1.3934,244.23,253.4,252.49,430.71,436.38,432.14,433.06,1.3934,0.0,0.0,0.3285,0.0,0.0,0.0852,0.0852,0,0,0.3403,0.3403,0,0,0.9681,0.9679,1,1,50,292.61,173.69,0,1,2025-10-02 03:25:09,19.0,86.2,,0,0,,1
2025-10-02 03:25:54,221.82,0.3298,250.16,0.4646,1.3938,244.28,253.68,252.54,431.06,436.41,432.41,433.3,1.3938,0.0,0.0,0.3288,0.0,0.0,0.085,0.085,0,0,0.3405,0.3405,0,0,0.9683,0.9681,1,1,50,292.61,173.69,0,1,2025-10-02 03:25:54,19.0,87.1,,0,0,,1
2025-10-02 03:26:39,221.83,0.3284,250.09,0.4643,1.3929,244.18,253.58,252.52,430.67,436.27,432.55,433.17,1.3929,0.0,0.0,0.3284,0.0,0.0,0.0851,0.0851,0,0,0.3401,0.3401,0,0,0.968,0.968,1,1,50,292.62,173.69,0,1,2025-10-02 03:26:39,19.0,87.8,,0,0,,1
2025-10-02 03:27:24,221.83,0.3276,249.89,0.4636,1.391,244.01,253.32,252.34,430.48,435.76,432.18,432.78,1.391,0.0,0.0,0.3276,0.0,0.0,0.0852,0.0852,0,0,0.3394,0.3394,0,0,0.9678,0.9678,1,1,50,292.62,173.69,0,1,2025-10-02 03:27:24,19.1,88.5,,0,0,,1
2025-10-02 03:28:09,221.84,0.3278,249.95,0.4638,1.3915,244.08,253.41,252.37,430.62,435.9,432.24,432.88,1.3915,0.0,0.0,0.3278,0.0,0.0,0.0854,0.0854,0,0,0.3396,0.3396,0,0,0.9676,0.9676,1,1,50,292.62,173.69,0,1,2025-10-02 03:28:09,19.5,89,,0,0,,1
2025-10-02 03:28:54,221.84,0.3289,249.9,0.4636,1.391,244.07,253.32,252.33,430.5,435.91,432.1,432.83,1.391,0.0,0.0,0.3276,0.0,0.0,0.0854,0.0854,0,0,0.3395,0.3395,0,0,0.9678,0.9676,1,1,50,292.63,173.69,0,1,2025-10-02 03:28:54,19.5,89.5,,0,0,,1
2025-10-02 03:29:39,221.84,0.3298,249.82,0.4642,1.3927,244.41,252.42,252.63,430.63,435.27,432.17,432.68,1.3927,0.0,0.0,0.3285,0.0,0.0,0.0856,0.0856,0,0,0.3404,0.3404,0,0,0.9679,0.9676,1,1,50,292.63,173.69,0,1,2025-10-02 03:29:39,19.6,90,,0,0,,1
2025-10-02 03:30:24,221.85,0.3291,250.02,0.4646,1.3939,244.62,252.64,252.82,430.75,435.56,432.82,433.06,1.3939,0.0,0.0,0.3291,0.0,0.0,0.0856,0.0856,0,0,0.341,0.341,0,0,0.9678,0.9678,1,1,50,292.64,173.69,0,1,2025-10-02 03:30:24,19.6,90.4,,0,0,,1
2025-10-02 03:31:09,221.85,0.3292,249.92,0.4641,1.3923,244.06,253.41,252.3,430.72,435.93,431.94,432.9,1.3923,0.0,0.0,0.3281,0.0,0.0,0.085,0.085,0,0,0.3398,0.3398,0,0,0.9682,0.968,1,1,50,292.64,173.69,0,1,2025-10-02 03:31:09,19.6,90.7,,0,0,,1
2025-10-02 03:31:54,221.86,0.3296,249.96,0.4644,1.3933,244.18,253.35,252.36,430.34,436.6,431.89,432.93,1.3933,0.0,0.0,0.3285,0.0,0.0,0.0849,0.0849,0,0,0.3402,0.3402,0,0,0.9683,0.9681,1,1,50,292.65,173.69,0,1,2025-10-02 03:31:54,19.7,91,,0,0,,1
2025-10-02 03:32:39,221.86,0.3265,249.24,0.462,1.3861,242.72,252.95,252.07,429.11,435.15,430.83,431.78,1.3861,0.0,0.0,0.3252,0.0,0.0,0.083,0.083,0,0,0.3364,0.3364,0,0,0.9691,0.9689,1,1,50,292.65,173.7,0,1,2025-10-02 03:32:39,19.7,91.2,,0,0,,1
2025-10-02 03:33:24,221.86,0.3266,249.31,0.4622,1.3867,242.7,253.07,252.18,429.23,434.71,431.48,431.8,1.3867,0.0,0.0,0.3254,0.0,0.0,0.0828,0.0828,0,0,0.3366,0.3366,0,0,0.9693,0.9691,1,1,50,292.65,173.7,0,1,2025-10-02 03:33:24,19.7,91.5,,0,0,,1
2025-10-02 03:34:09,221.87,0.3265,249.37,0.4619,1.3859,242.85,253.02,252.24,429.03,434.91,431.75,431.93,1.3859,0.0,0.0,0.3253,0.0,0.0,0.083,0.083,0,0,0.3366,0.3366,0,0,0.9692,0.9689,1,1,50,292.66,173.7,0,1,2025-10-02 03:34:09,19.7,91.7,,0,0,,1
2025-10-02 03:34:54,221.88,0.3289,250.06,0.4647,1.3942,244.24,253.43,252.52,430.9,435.82,432.6,433.12,1.3942,0.0,0.0,0.3289,0.0,0.0,0.0848,0.0848,0,0,0.3405,0.3405,0,0,0.9683,0.9683,1,1,50,292.68,173.71,0,1,2025-10-02 03:34:54,19.8,91.6,,0,0,,1
2025-10-02 03:35:39,221.88,0.3292,249.92,0.4638,1.3914,244,253.47,252.31,430.73,436.06,431.84,432.85,1.3914,0.0,0.0,0.3277,0.0,0.0,0.0852,0.0852,0,0,0.3395,0.3395,0,0,0.9681,0.9678,1,1,50,292.68,173.71,0,1,2025-10-02 03:35:39,19.8,91.4,,0,0,,1
2025-10-02 03:36:24,221.89,0.3274,249.73,0.4633,1.39,244.05,252.95,252.21,430.41,434.82,432.37,432.49,1.39,0.0,0.0,0.3274,0.0,0.0,0.0854,0.0854,0,0,0.3392,0.3392,0,0,0.9676,0.9676,1,1,50,292.68,173.71,0,1,2025-10-02 03:36:24,19.8,91.6,,0,0,,1
2025-10-02 03:37:09,221.89,0.328,249.63,0.4639,1.3919,244.04,252.79,252.08,430.14,434.44,432.49,432.35,1.3919,0.0,0.0,0.328,0.0,0.0,0.085,0.085,0,0,0.3397,0.3397,0,0,0.968,0.968,1,1,50,292.69,173.71,0,1,2025-10-02 03:37:09,19.8,91.8,,0,0,,1
2025-10-02 03:37:54,221.9,0.3288,249.68,0.4638,1.3914,243.88,253.07,252.11,430.03,435.57,431.77,432.43,1.3914,0.0,0.0,0.3277,0.0,0.0,0.0845,0.0845,0,0,0.3393,0.3393,0,0,0.9685,0.9683,1,1,50,292.69,173.71,0,1,2025-10-02 03:37:54,19.8,92,,0,0,,1
2025-10-02 03:38:39,221.9,0.3289,249.82,0.4637,1.3913,244.04,253.12,252.31,430.11,436.14,431.84,432.68,1.3913,0.0,0.0,0.3279,0.0,0.0,0.0846,0.0846,0,0,0.3395,0.3395,0,0,0.9684,0.9682,1,1,50,292.7,173.71,0,1,2025-10-02 03:38:39,19.9,92.2,,0,0,,1
2025-10-02 03:39:24,221.9,0.3277,249.77,0.4636,1.3908,244,253.07,252.26,430.22,436.02,431.61,432.6,1.3908,0.0,0.0,0.3277,0.0,0.0,0.0848,0.0848,0,0,0.3394,0.3394,0,0,0.9681,0.9681,1,1,50,292.7,173.71,0,1,2025-10-02 03:39:24,20.3,92.3,,0,0,,1
2025-10-02 03:40:09,221.91,0.3287,249.85,0.4637,1.3911,243.96,253.31,252.29,430.61,435.55,432.06,432.73,1.3911,0.0,0.0,0.3277,0.0,0.0,0.0848,0.0848,0,0,0.3394,0.3394,0,0,0.9682,0.968,1,1,50,292.71,173.72,0,1,2025-10-02 03:40:09,20.3,92.5,,0,0,,1
2025-10-02 03:40:54,221.91,0.3293,249.66,0.4641,1.3925,243.97,252.88,252.15,430.25,435.22,431.8,432.44,1.3925,0.0,0.0,0.3281,0.0,0.0,0.0846,0.0846,0,0,0.3397,0.3397,0,0,0.9685,0.9682,1,1,50,292.71,173.72,0,1,2025-10-02 03:40:54,20.3,92.6,,0,0,,1
2025-10-02 03:41:39,221.92,0.3295,249.82,0.4644,1.3933,244,253.24,252.23,430.43,435.57,432.07,432.67,1.3933,0.0,0.0,0.3284,0.0,0.0,0.0845,0.0845,0,0,0.34,0.34,0,0,0.9686,0.9684,1,1,50,292.71,173.72,0,1,2025-10-02 03:41:39,20.3,92.7,,0,0,,1
2025-10-02 03:42:24,221.92,0.3285,249.92,0.463,1.389,244.08,253.37,252.32,430.8,435.63,432.16,432.87,1.389,0.0,0.0,0.3273,0.0,0.0,0.0847,0.0847,0,0,0.339,0.339,0,0,0.9683,0.9681,1,1,50,292.72,173.72,0,1,2025-10-02 03:42:24,20.4,92.8,,0,0,,1
2025-10-02 03:43:09,221.92,0.3284,249.91,0.463,1.3891,244.07,253.36,252.3,430.57,435.92,432.04,432.84,1.3891,0.0,0.0,0.3273,0.0,0.0,0.0848,0.0848,0,0,0.339,0.339,0,0,0.9682,0.968,1,1,50,292.72,173.72,0,1,2025-10-02 03:43:09,20.4,92.9,,0,0,,1
2025-10-02 03:43:54,221.93,0.3287,249.92,0.4632,1.3898,244.07,253.39,252.32,430.81,435.81,432,432.85,1.3898,0.0,0.0,0.3275,0.0,0.0,0.0849,0.0849,0,0,0.3392,0.3392,0,0,0.9682,0.968,1,1,50,292.73,173.72,0,1,2025-10-02 03:43:54,20.4,93.1,,0,0,,1
2025-10-02 03:44:39,221.93,0.3291,249.89,0.4636,1.3908,244.1,253.3,252.27,430.45,435.78,432.2,432.8,1.3908,0.0,0.0,0.3279,0.0,0.0,0.0844,0.0844,0,0,0.3395,0.3395,0,0,0.9686,0.9684,1,1,50,292.73,173.72,0,1,2025-10-02 03:44:39,20.4,93.1,,0,0,,1
2025-10-02 03:45:24,221.94,0.33,249.97,0.464,1.3921,244.35,253.25,252.33,430.4,436.4,432.1,432.95,1.3921,0.0,0.0,0.3285,0.0,0.0,0.0848,0.0848,0,0,0.3402,0.3402,0,0,0.9685,0.9682,1,1,50.1,292.74,173.72,0,1,2025-10-02 03:45:24,20.4,93.2,,0,0,,1
2025-10-02 03:46:09,221.94,0.3299,249.99,0.4639,1.3919,244.38,253.24,252.36,430.82,435.71,432.43,432.95,1.3919,0.0,0.0,0.3286,0.0,0.0,0.0846,0.0846,0,0,0.3402,0.3402,0,0,0.9686,0.9684,1,1,50,292.74,173.72,0,1,2025-10-02 03:46:09,20.4,93.3,,0,0,,1
2025-10-02 03:46:54,221.94,0.3289,249.98,0.4632,1.3898,244.34,253.25,252.36,430.58,435.62,432.7,432.93,1.3898,0.0,0.0,0.3279,0.0,0.0,0.0848,0.0848,0,0,0.3396,0.3396,0,0,0.9683,0.9681,1,1,50.1,292.74,173.72,0,1,2025-10-02 03:46:54,20.5,93.3,,0,0,,1
2025-10-02 03:47:39,221.95,0.3296,249.95,0.4639,1.3918,244.31,253.21,252.34,430.55,435.8,432.41,432.87,1.3918,0.0,0.0,0.3285,0.0,0.0,0.0844,0.0844,0,0,0.34,0.34,0,0,0.9687,0.9685,1,1,50,292.75,173.73,0,1,2025-10-02 03:47:39,20.5,93.4,,0,0,,1
2025-10-02 03:48:24,221.95,0.3291,249.86,0.4634,1.3902,244.19,253.1,252.3,430.23,435.92,432.15,432.76,1.3902,0.0,0.0,0.3278,0.0,0.0,0.0846,0.0846,0,0,0.3395,0.3395,0,0,0.9685,0.9682,1,1,50,292.75,173.73,0,1,2025-10-02 03:48:24,20.5,93.4,,0,0,,1
2025-10-02 03:49:09,221.96,0.3297,249.86,0.4637,1.3911,244.14,253.19,252.26,430.29,435.84,432.16,432.75,1.3911,0.0,0.0,0.3281,0.0,0.0,0.0841,0.0841,0,0,0.3396,0.3396,0,0,0.9689,0.9686,1,1,50,292.76,173.73,0,1,2025-10-02 03:49:09,20.5,93.5,,0,0,,1
2025-10-02 03:49:54,221.96,0.3287,249.81,0.4631,1.3895,244.13,253.16,252.15,430.19,435.78,432.06,432.63,1.3895,0.0,0.0,0.3276,0.0,0.0,0.0844,0.0844,0,0,0.3392,0.3392,0,0,0.9685,0.9683,1,1,50,292.76,173.73,0,1,2025-10-02 03:49:54,20.5,93.5,,0,0,,1
2025-10-02 03:50:39,221.97,0.3278,249.65,0.4621,1.3864,243.92,253.02,252.01,429.77,435.63,431.78,432.41,1.3864,0.0,0.0,0.3265,0.0,0.0,0.0846,0.0846,0,0,0.3382,0.3382,0,0,0.9683,0.968,1,1,50,292.76,173.73,0,1,2025-10-02 03:50:39,20.5,93.5,,0,0,,1
2025-10-02 03:51:24,221.97,0.3285,249.54,0.4631,1.3893,243.81,252.94,251.89,429.54,435.59,431.52,432.23,1.3893,0.0,0.0,0.3271,0.0,0.0,0.0844,0.0844,0,0,0.3387,0.3387,0,0,0.9685,0.9682,1,1,50,292.77,173.73,0,1,2025-10-02 03:51:24,20.6,93.6,,0,0,,1
2025-10-02 03:52:09,221.97,0.3288,249.65,0.4633,1.3899,243.97,253.01,251.99,430.08,435.29,431.84,432.39,1.3899,0.0,0.0,0.3276,0.0,0.0,0.0842,0.0842,0,0,0.3391,0.3391,0,0,0.9687,0.9685,1,1,50,292.77,173.73,0,1,2025-10-02 03:52:09,20.6,93.6,,0,0,,1
2025-10-02 03:52:54,221.98,0.3267,249.64,0.4623,1.3869,243.95,252.98,252,429.73,435.59,431.83,432.4,1.3869,0.0,0.0,0.3267,0.0,0.0,0.0846,0.0846,0,0,0.3383,0.3383,0,0,0.968,0.968,1,1,50,292.78,173.73,0,1,2025-10-02 03:52:54,20.6,93.6,,0,0,,1
2025-10-02 03:53:39,221.98,0.3276,249.81,0.463,1.3891,244.13,253.16,252.15,430.16,435.78,432.09,432.68,1.3891,0.0,0.0,0.3276,0.0,0.0,0.0842,0.0842,0,0,0.3391,0.3391,0,0,0.9684,0.9684,1,1,50.1,292.78,173.73,0,1,2025-10-02 03:53:39,20.6,93.6,,0,0,,1
2025-10-02 03:54:24,221.99,0.329,249.76,0.4636,1.3909,244.05,253.06,252.18,429.95,435.59,432.23,432.58,1.3909,0.0,0.0,0.3279,0.0,0.0,0.0842,0.0842,0,0,0.3394,0.3394,0,0,0.9687,0.9685,1,1,50,292.79,173.74,0,1,2025-10-02 03:54:24,20.6,93.7,,0,0,,1
2025-10-02 03:55:09,221.99,0.3272,249.68,0.4629,1.3887,243.93,253.02,252.09,429.84,435.54,431.95,432.47,1.3887,0.0,0.0,0.3272,0.0,0.0,0.0843,0.0843,0,0,0.3387,0.3387,0,0,0.9683,0.9683,1,1,50,292.79,173.74,0,1,2025-10-02 03:55:09,20.6,93.7,,0,0,,1
2025-10-02 03:55:54,221.99,0.3281,249.64,0.4622,1.3868,243.95,252.97,252.02,429.84,435.44,431.88,432.37,1.3868,0.0,0.0,0.3267,0.0,0.0,0.0843,0.0843,0,0,0.3383,0.3383,0,0,0.9685,0.9682,1,1,50,292.79,173.74,0,1,2025-10-02 03:55:54,20.6,93.7,,0,0,,1
2025-10-02 03:56:39,222,0.3286,249.71,0.4632,1.3898,244.01,253.03,252.09,430.13,435.33,432.02,432.48,1.3898,0.0,0.0,0.3276,0.0,0.0,0.0843,0.0843,0,0,0.3391,0.3391,0,0,0.9686,0.9684,1,1,50,292.8,173.74,0,1,2025-10-02 03:56:39,20.6,93.7,,0,0,,1
2025-10-02 03:57:24,222,0.3276,249.76,0.4632,1.3897,244.07,253.09,252.14,430.02,435.36,432.39,432.59,1.3897,0.0,0.0,0.3276,0.0,0.0,0.0843,0.0843,0,0,0.3392,0.3392,0,0,0.9684,0.9684,1,1,50,292.8,173.74,0,1,2025-10-02 03:57:24,20.6,93.7,,0,0,,1
2025-10-02 03:58:09,222.01,0.327,249.75,0.4626,1.3878,243.87,253.24,252.15,430.1,435.82,431.8,432.57,1.3878,0.0,0.0,0.327,0.0,0.0,0.084,0.084,0,0,0.3384,0.3384,0,0,0.9685,0.9685,1,1,50,292.81,173.74,0,1,2025-10-02 03:58:09,21.1,93.7,,0,0,,1
2025-10-02 03:58:54,222.01,0.3282,249.83,0.4624,1.3873,243.9,253.35,252.24,430.13,436.12,431.88,432.67,1.3873,0.0,0.0,0.3269,0.0,0.0,0.0839,0.0839,0,0,0.3384,0.3384,0,0,0.9688,0.9686,1,1,50,292.81,173.74,0,1,2025-10-02 03:58:54,21.1,93.7,,0,0,,1
2025-10-02 03:59:39,222.01,0.3273,249.77,0.463,1.3892,243.9,253.22,252.2,429.96,435.78,432.08,432.6,1.3892,0.0,0.0,0.3273,0.0,0.0,0.084,0.084,0,0,0.3388,0.3388,0,0,0.9686,0.9686,1,1,50,292.82,173.74,0,1,2025-10-02 03:59:39,21.1,93.7,,0,0,,1
2025-10-02 04:00:24,222.02,0.3267,249.8,0.4621,1.3864,243.95,253.27,252.19,430.17,435.65,432.15,432.67,1.3864,0.0,0.0,0.3267,0.0,0.0,0.0841,0.0841,0,0,0.3382,0.3382,0,0,0.9684,0.9684,1,1,50,292.82,173.74,0,1,2025-10-02 04:00:24,21.1,93.6,,0,0,,1
2025-10-02 04:01:09,222.02,0.3266,249.59,0.4629,1.3888,243.52,252.85,252.4,429.93,435.22,431.72,432.35,1.3888,0.0,0.0,0.3266,0.0,0.0,0.0835,0.0835,0,0,0.3382,0.3382,0,0,0.9688,0.969,1,1,50,292.82,173.74,0,1,2025-10-02 04:01:09,21.1,93.7,,0,0,,1
2025-10-02 04:01:54,222.03,0.3263,249.55,0.4627,1.3881,243.48,252.8,252.38,429.57,435.29,431.82,432.17,1.3881,0.0,0.0,0.3263,0.0,0.0,0.0831,0.0831,0,0,0.338,0.338,0,0,0.969,0.9689,1,1,50,292.83,173.75,0,1,2025-10-02 04:01:54,21.1,93.7,,0,0,,1
2025-10-02 04:02:39,222.03,0.3258,249.32,0.4615,1.3846,243.34,252.44,252.18,429.51,434.16,431.76,431.83,1.3846,0.0,0.0,0.3258,0.0,0.0,0.084,0.084,0,0,0.3369,0.3369,0,0,0.9683,0.9685,1,1,50,292.83,173.75,0,1,2025-10-02 04:02:39,21.1,93.6,,0,0,,1
2025-10-02 04:03:24,222.04,0.3266,249.17,0.4617,1.3852,243.14,252.42,251.97,428.98,434.96,430.8,431.59,1.3852,0.0,0.0,0.3254,0.0,0.0,0.0837,0.0837,0,0,0.3368,0.3368,0,0,0.9687,0.9684,1,1,49.9,292.84,173.75,0,1,2025-10-02 04:03:24,21.1,93.6,,0,0,,1
2025-10-02 04:04:09,222.04,0.3258,249.06,0.4608,1.3826,243.08,252.21,251.89,428.87,434.13,431.1,431.36,1.3826,0.0,0.0,0.3246,0.0,0.0,0.0837,0.0837,0,0,0.3361,0.3361,0,0,0.9685,0.9682,1,1,49.9,292.84,173.75,0,1,2025-10-02 04:04:09,21.1,93.6,,0,0,,1
2025-10-02 04:04:54,222.05,3.5135,247.48,7.6736,23.0209,240.44,250.99,251.01,425.56,432.23,428.11,428.62,8.6371,7.3392,7.0446,1.4938,1.0999,0.9198,4.4152,1.4366,1.4708,1.5078,5.687,2.0767,1.8421,1.7683,0.6226,0.7207,0.5988,0.5207,49.9,292.86,173.76,1,1,2025-10-02 04:04:54,21.2,93.6,,1,0,,0
2025-10-02 04:05:39,222.1,3.8763,247.41,7.9582,23.874699999999997,240.39,250.84,251,425.11,431.77,428.62,428.5,8.9615,7.5863,7.3269,1.6054,1.2215,1.0493,4.3893,1.4301,1.4518,1.5074,5.8963,2.1543,1.9029,1.8391,0.6619,0.7467,0.6438,0.5713,49.9,292.93,173.82,1,1,2025-10-02 04:05:39,21.1,90.9,,1,0,,0
2025-10-02 04:06:24,222.15,3.7891,247.39,7.8652,23.5958,240.69,250.11,251.38,424.95,431.6,428.89,428.48,8.8689,7.4741,7.2528,1.5759,1.1847,1.0285,4.3763,1.4341,1.4393,1.5029,5.8272,2.1347,1.8693,1.8232,0.6545,0.7395,0.6355,0.5647,50,293.01,173.87,1,1,2025-10-02 04:06:24,20.6,86.4,,1,0,,0
2025-10-02 04:07:09,222.19,3.7727,246.97,7.8342,23.5028,243.15,251.45,246.31,425.46,430.03,427.69,427.69,8.9109,7.5165,7.0754,1.6316,1.1592,0.9818,4.3431,1.4196,1.4864,1.4372,5.7995,2.1667,1.89,1.7427,0.6557,0.7544,0.6149,0.564,50,293.08,173.92,1,1,2025-10-02 04:07:09,20.5,82,,1,0,,0
2025-10-02 04:07:54,222.24,3.7449,247.19,7.8184,23.4553,242.74,252.7,246.13,425.91,431.27,427.14,428.08,8.8081,7.5832,7.064,1.6176,1.177,0.9503,4.3509,1.392,1.5058,1.4531,5.793,2.1381,1.9163,1.7387,0.6523,0.7579,0.6158,0.5473,50,293.15,173.98,1,1,2025-10-02 04:07:54,20.3,78.6,,1,0,,0
2025-10-02 04:08:39,222.28,0.3324,248.04,0.4676,1.4028,244.08,253.39,246.65,427.4,432.6,428.73,429.57,1.4028,0.0,0.0,0.3313,0.0,0.0,0.0832,0.0832,0,0,0.3424,0.3424,0,0,0.97,0.9698,1,1,50,293.22,174.03,0,1,2025-10-02 04:08:39,19.7,76,,0,0,,1
2025-10-02 04:09:24,222.29,0.332,248.48,0.4656,1.3969,245.32,253.46,246.68,428.8,432.09,430.14,430.33,1.3969,0.0,0.0,0.3306,0.0,0.0,0.0865,0.0865,0,0,0.3427,0.3427,0,0,0.9676,0.9674,1,1,50,293.22,174.03,0,1,2025-10-02 04:09:24,19.6,76.6,,0,0,,1
2025-10-02 04:10:09,222.29,0.3325,248.61,0.4662,1.3987,245.33,253.72,246.79,429.07,433.07,429.59,430.57,1.3987,0.0,0.0,0.3312,0.0,0.0,0.0863,0.0863,0,0,0.3431,0.3431,0,0,0.9679,0.9676,1,1,50,293.22,174.03,0,1,2025-10-02 04:10:09,19.5,78.8,,0,0,,1
2025-10-02 04:10:54,222.29,0.3319,248.54,0.4658,1.3976,245.28,253.61,246.73,429.03,432.89,429.43,430.44,1.3976,0.0,0.0,0.3307,0.0,0.0,0.0865,0.0865,0,0,0.3428,0.3428,0,0,0.9676,0.9674,1,1,50,293.23,174.03,0,1,2025-10-02 04:10:54,19.1,80.7,,0,0,,1
2025-10-02 04:11:39,222.3,0.3285,249.09,0.4637,1.3911,243.5,252.19,251.6,429.24,434.02,431.03,431.44,1.3911,0.0,0.0,0.3274,0.0,0.0,0.0836,0.0836,0,0,0.3387,0.3387,0,0,0.969,0.9688,1,1,50,293.23,174.03,0,1,2025-10-02 04:11:39,19.1,82.5,,0,0,,1
2025-10-02 04:12:24,222.3,0.3258,248.97,0.463,1.3891,242.38,252.46,252.09,427.8,435.28,430.61,431.26,1.3891,0.0,0.0,0.3258,0.0,0.0,0.0818,0.0818,0,0,0.3367,0.3367,0,0,0.9699,0.9699,1,1,50,293.24,174.03,0,1,2025-10-02 04:12:24,19.5,84,,0,0,,1
2025-10-02 04:13:09,222.31,0.3276,249.08,0.4632,1.3896,242.89,252.42,251.93,428.52,435.14,430.58,431.44,1.3896,0.0,0.0,0.3264,0.0,0.0,0.0828,0.0828,0,0,0.3375,0.3375,0,0,0.9694,0.9692,1,1,50,293.24,174.03,0,1,2025-10-02 04:13:09,19.5,85.3,,0,0,,1
2025-10-02 04:13:54,222.31,0.328,249.09,0.4632,1.3898,242.9,252.46,251.91,429.15,434.27,430.84,431.43,1.3898,0.0,0.0,0.3264,0.0,0.0,0.0828,0.0828,0,0,0.3376,0.3376,0,0,0.9696,0.9693,1,1,50,293.25,174.04,0,1,2025-10-02 04:13:54,19.6,86.2,,0,0,,1
2025-10-02 04:14:39,222.32,0.3239,248.47,0.4616,1.3849,241.61,252.08,251.73,427.37,433.91,429.78,430.36,1.3849,0.0,0.0,0.3239,0.0,0.0,0.0809,0.0809,0,0,0.3346,0.3346,0,0,0.9701,0.9701,1,1,50,293.25,174.04,0,1,2025-10-02 04:14:39,19.6,87.1,,0,0,,1
2025-10-02 04:15:24,222.32,0.3235,248.32,0.4614,1.3844,241.47,251.91,251.58,427.34,433.13,429.77,430.06,1.3844,0.0,0.0,0.3235,0.0,0.0,0.0812,0.0812,0,0,0.3343,0.3343,0,0,0.9699,0.9699,1,1,49.9,293.25,174.04,0,1,2025-10-02 04:15:24,19.6,87.9,,0,0,,1
2025-10-02 04:16:09,222.32,0.3234,248.24,0.4614,1.3844,241.42,251.83,251.47,427.26,433.28,429.3,429.94,1.3844,0.0,0.0,0.3234,0.0,0.0,0.0811,0.0811,0,0,0.3342,0.3342,0,0,0.9699,0.9699,1,1,49.9,293.26,174.04,0,1,2025-10-02 04:16:09,19.7,88.6,,0,0,,1
2025-10-02 04:16:54,222.33,0.3237,248.28,0.4603,1.3809,241.49,251.74,251.61,427,433.17,429.87,430.02,1.3809,0.0,0.0,0.3226,0.0,0.0,0.0815,0.0815,0,0,0.3335,0.3335,0,0,0.9697,0.9695,1,1,50,293.26,174.04,0,1,2025-10-02 04:16:54,19.7,89.2,,0,0,,1
2025-10-02 04:17:39,222.33,0.326,249.1,0.4628,1.3885,242.86,252.48,251.98,429.13,434.67,430.57,431.42,1.3885,0.0,0.0,0.326,0.0,0.0,0.0831,0.0831,0,0,0.3372,0.3372,0,0,0.969,0.969,1,1,50,293.27,174.04,0,1,2025-10-02 04:17:39,19.7,89.6,,0,0,,1
2025-10-02 04:18:24,222.34,3.6026,248.03,7.7617,23.285199999999996,241.62,251.22,251.27,426.99,432.78,429.02,429.61,8.7372,7.4511,7.0969,1.5334,1.1271,0.9421,4.4446,1.4451,1.4879,1.5116,5.7662,2.1111,1.8719,1.7832,0.6296,0.7277,0.6038,0.5289,50,293.29,174.05,1,1,2025-10-02 04:18:24,19.8,90.1,,1,0,,0
2025-10-02 04:19:09,222.39,3.7934,248.05,7.8926,23.677999999999997,241.77,251.06,251.33,426.71,432.95,429.24,429.58,8.9218,7.5314,7.2248,1.5949,1.1821,1.0164,4.4171,1.4462,1.4689,1.502,5.8637,2.157,1.8908,1.8158,0.6515,0.7408,0.6269,0.5604,50,293.35,174.1,1,1,2025-10-02 04:19:09,19.8,87.6,,1,0,,0
2025-10-02 04:19:54,222.44,3.7491,248.18,7.8641,23.5925,241.76,251.32,251.46,427.02,432.64,429.85,429.84,8.8535,7.5275,7.2115,1.5772,1.1753,0.9966,4.4307,1.4415,1.4762,1.513,5.8456,2.1404,1.8918,1.8134,0.6459,0.7381,0.6228,0.55,50,293.43,174.16,1,1,2025-10-02 04:19:54,19.7,83.4,,1,0,,0
2025-10-02 04:20:39,222.48,3.7255,248.03,7.8288,23.4865,241.7,251.02,251.38,426.21,433.37,429.22,429.61,8.8426,7.4557,7.1882,1.5685,1.159,0.998,4.4115,1.4455,1.4624,1.5035,5.8158,2.1373,1.8715,1.807,0.6452,0.7353,0.6211,0.553,50,293.5,174.22,1,1,2025-10-02 04:20:39,19.6,79.2,,1,0,,0
2025-10-02 04:21:24,222.49,0.3279,248.92,0.4637,1.3913,242.82,252.08,251.88,428.81,434.27,430.35,431.13,1.3913,0.0,0.0,0.3267,0.0,0.0,0.0828,0.0828,0,0,0.3378,0.3378,0,0,0.9695,0.9693,1,1,50,293.52,174.22,0,1,2025-10-02 04:21:24,19.1,77.9,,0,0,,1
2025-10-02 04:22:09,222.5,0.3234,248.09,0.4621,1.3865,240.83,251.81,251.65,426.65,433.99,428.49,429.61,1.3865,0.0,0.0,0.3234,0.0,0.0,0.0803,0.0803,0,0,0.3339,0.3339,0,0,0.9705,0.9705,1,1,50,293.52,174.23,0,1,2025-10-02 04:22:09,19.0,79.4,,0,0,,1
2025-10-02 04:22:54,222.5,0.3235,248.07,0.4618,1.3854,241.14,251.69,251.39,426.71,433.41,428.86,429.65,1.3854,0.0,0.0,0.3235,0.0,0.0,0.0804,0.0804,0,0,0.3341,0.3341,0,0,0.9704,0.9704,1,1,50,293.52,174.23,0,1,2025-10-02 04:22:54,18.9,81.2,,0,0,,1
2025-10-02 04:23:39,222.5,0.3238,248.02,0.4624,1.3872,241.11,251.61,251.34,426.5,433.27,428.94,429.57,1.3872,0.0,0.0,0.3238,0.0,0.0,0.0806,0.0806,0,0,0.3345,0.3345,0,0,0.9703,0.9703,1,1,50,293.53,174.23,0,1,2025-10-02 04:23:39,19.0,82.9,,0,0,,1
2025-10-02 04:24:24,222.51,0.3245,248.12,0.4613,1.3841,241.1,251.85,251.43,426.94,433.07,429.23,429.77,1.3841,0.0,0.0,0.323,0.0,0.0,0.0807,0.0807,0,0,0.3337,0.3337,0,0,0.9704,0.9701,1,1,50,293.53,174.23,0,1,2025-10-02 04:24:24,19.0,84.3,,0,0,,1
2025-10-02 04:25:09,222.51,0.3277,248.88,0.464,1.3921,242.68,252.18,251.8,428.9,433.45,430.83,430.27,1.3921,0.0,0.0,0.3266,0.0,0.0,0.083,0.083,0,0,0.3378,0.3378,0,0,0.9693,0.9691,1,1,50,293.54,174.23,0,1,2025-10-02 04:25:09,19.0,85.4,,0,0,,1
2025-10-02 04:25:54,222.52,0.3277,249,0.4637,1.3912,242.83,252.24,251.93,429.14,434.51,430.16,431.24,1.3912,0.0,0.0,0.3265,0.0,0.0,0.0833,0.0833,0,0,0.3378,0.3378,0,0,0.9691,0.9689,1,1,50,293.54,174.23,0,1,2025-10-02 04:25:54,19.0,86.4,,0,0,,1
2025-10-02 04:26:39,222.52,0.3279,248.99,0.4639,1.3919,242.75,252.16,252.08,428.32,434.63,430.83,431.26,1.3919,0.0,0.0,0.3267,0.0,0.0,0.0828,0.0828,0,0,0.3379,0.3379,0,0,0.9695,0.9693,1,1,50,293.55,174.23,0,1,2025-10-02 04:26:39,19.5,87.2,,0,0,,1
2025-10-02 04:27:24,222.52,0.3271,248.94,0.4628,1.3884,242.65,252.17,252.01,428.49,434.17,430.83,431.15,1.3884,0.0,0.0,0.3256,0.0,0.0,0.0832,0.0832,0,0,0.3369,0.3369,0,0,0.9691,0.9688,1,1,50,293.55,174.23,0,1,2025-10-02 04:27:24,19.5,87.9,,0,0,,1
2025-10-02 04:28:09,222.53,0.3279,248.99,0.4634,1.3904,242.75,252.17,252.06,428.55,434.4,430.81,431.21,1.3904,0.0,0.0,0.3263,0.0,0.0,0.0829,0.0829,0,0,0.3375,0.3375,0,0,0.9695,0.9692,1,1,50,293.55,174.23,0,1,2025-10-02 04:28:09,19.6,88.6,,0,0,,1
2025-10-02 04:28:54,222.53,0.3274,248.9,0.4634,1.3904,242.62,252.11,251.97,428.48,434.08,430.71,431.09,1.3904,0.0,0.0,0.3262,0.0,0.0,0.0826,0.0826,0,0,0.3373,0.3373,0,0,0.9696,0.9694,1,1,50,293.56,174.23,0,1,2025-10-02 04:28:54,19.6,89.1,,0,0,,1
2025-10-02 04:29:39,222.54,0.3271,248.9,0.4629,1.3888,242.64,252.09,251.97,428.35,434.16,430.76,431.08,1.3888,0.0,0.0,0.3257,0.0,0.0,0.083,0.083,0,0,0.337,0.337,0,0,0.9692,0.969,1,1,50,293.56,174.24,0,1,2025-10-02 04:29:39,19.6,89.7,,0,0,,1
2025-10-02 04:30:24,222.54,0.3276,248.96,0.4636,1.391,242.72,252.18,252,428.5,434.17,430.95,431.15,1.391,0.0,0.0,0.3265,0.0,0.0,0.0828,0.0828,0,0,0.3376,0.3376,0,0,0.9695,0.9692,1,1,50,293.57,174.24,0,1,2025-10-02 04:30:24,19.7,90.1,,0,0,,1
2025-10-02 04:31:09,222.54,0.324,248.3,0.4622,1.3868,241.28,251.9,251.73,426.8,433.6,429.77,430.04,1.3868,0.0,0.0,0.324,0.0,0.0,0.0805,0.0805,0,0,0.3346,0.3346,0,0,0.9704,0.9704,1,1,50,293.57,174.24,0,1,2025-10-02 04:31:09,19.7,90.5,,0,0,,1
2025-10-02 04:31:54,222.55,0.3242,248.19,0.4615,1.3845,241.09,251.86,251.63,426.97,433.48,429.15,429.85,1.3845,0.0,0.0,0.3231,0.0,0.0,0.0807,0.0807,0,0,0.3338,0.3338,0,0,0.9703,0.9701,1,1,50,293.57,174.24,0,1,2025-10-02 04:31:54,19.7,90.8,,0,0,,1
2025-10-02 04:32:39,222.55,1.7161,247.79,10.0132,30.039699999999996,240.53,251.43,251.42,426.42,432.03,429.02,429.83,10.8173,10.104,9.1184,0.8535,0.4794,0.3833,1.9291,0.6578,0.6428,0.6285,7.4349,2.6019,2.5404,2.2925,0.6646,0.792,0.5978,0.5206,50,293.58,174.24,1,1,2025-10-02 04:32:39,19.8,91.1,,0,0,,0
2025-10-02 04:33:24,222.6,3.8022,247.26,7.8724,23.6173,239.92,250.86,251.02,425.03,431.49,428.23,428.21,8.8234,7.5492,7.2447,1.5781,1.2102,1.0139,4.3634,1.4055,1.4504,1.5075,5.8293,2.1169,1.8938,1.8186,0.6569,0.7467,0.6406,0.558,50,293.66,174.3,1,1,2025-10-02 04:33:24,19.8,89.1,,1,0,,0
2025-10-02 04:34:09,222.65,3.7657,247.23,7.8292,23.4876,239.88,250.84,250.98,424.83,431.59,428.16,428.17,8.7806,7.5073,7.1997,1.5667,1.1974,1.0016,4.3514,1.4024,1.4472,1.5018,5.7964,2.1063,1.8831,1.807,0.6543,0.7451,0.6374,0.5548,50,293.73,174.35,1,1,2025-10-02 04:34:09,19.7,84.5,,1,0,,0
2025-10-02 04:35:39,222.74,0.3279,248.08,0.4658,1.3976,241.01,251.7,251.53,426.61,433.13,429.27,429.65,1.3976,0.0,0.0,0.3267,0.0,0.0,0.079,0.079,0,0,0.3368,0.3368,0,0,0.9721,0.9719,1,1,50,293.87,174.46,0,1,2025-10-02 04:35:39,19.1,77.9,,0,0,,1
2025-10-02 04:36:24,222.74,0.3246,248.17,0.4619,1.3858,241.03,251.9,251.58,426.9,433.34,429.24,429.85,1.3858,0.0,0.0,0.3235,0.0,0.0,0.08,0.08,0,0,0.334,0.334,0,0,0.9709,0.9707,1,1,50,293.87,174.46,0,1,2025-10-02 04:36:24,19.0,77.9,,0,0,,1
2025-10-02 04:37:09,222.75,0.3231,248.14,0.4613,1.3841,241.06,251.81,251.57,426.78,433.26,429.31,429.79,1.3841,0.0,0.0,0.3231,0.0,0.0,0.0803,0.0803,0,0,0.3337,0.3337,0,0,0.9704,0.9704,1,1,50,293.88,174.46,0,1,2025-10-02 04:37:09,18.9,80.1,,0,0,,1
2025-10-02 04:37:54,222.75,0.3242,248.09,0.4611,1.3834,241.04,251.68,251.57,426.71,433.24,429.15,429.73,1.3834,0.0,0.0,0.3228,0.0,0.0,0.0805,0.0805,0,0,0.3335,0.3335,0,0,0.9704,0.9702,1,1,50,293.88,174.46,0,1,2025-10-02 04:37:54,19.0,82,,0,0,,1
2025-10-02 04:38:39,222.76,0.3234,247.96,0.4607,1.3822,240.82,251.64,251.42,426.55,432.66,429.16,429.48,1.3822,0.0,0.0,0.3222,0.0,0.0,0.0805,0.0805,0,0,0.3329,0.3329,0,0,0.9703,0.9701,1,1,50,293.88,174.46,0,1,2025-10-02 04:38:39,19.0,83.6,,0,0,,1
2025-10-02 04:39:24,222.76,0.3226,248.05,0.461,1.3832,240.94,251.69,251.53,426.57,433.18,429.11,429.63,1.3832,0.0,0.0,0.3226,0.0,0.0,0.0807,0.0807,0,0,0.3333,0.3333,0,0,0.9701,0.9701,1,1,50,293.89,174.46,0,1,2025-10-02 04:39:24,19.1,84.9,,0,0,,1
2025-10-02 04:40:09,222.76,0.3248,247.98,0.4619,1.3858,240.99,251.52,251.45,426.74,432.68,429.09,429.5,1.3858,0.0,0.0,0.3233,0.0,0.0,0.0805,0.0805,0,0,0.334,0.334,0,0,0.9706,0.9703,1,1,50,293.89,174.46,0,1,2025-10-02 04:40:09,19.5,86.1,,0,0,,1
2025-10-02 04:40:54,222.77,0.3231,247.92,0.4606,1.382,240.78,251.52,251.47,426.07,433.11,429.01,429.41,1.382,0.0,0.0,0.3221,0.0,0.0,0.0805,0.0805,0,0,0.3328,0.3328,0,0,0.9702,0.9701,1,1,50,293.9,174.46,0,1,2025-10-02 04:40:54,19.6,87.1,,0,0,,1
2025-10-02 04:41:39,222.77,0.3237,247.86,0.461,1.383,240.76,251.49,251.35,425.63,434,428.32,429.3,1.383,0.0,0.0,0.3223,0.0,0.0,0.0805,0.0805,0,0,0.333,0.333,0,0,0.9704,0.9701,1,1,50,293.9,174.46,0,1,2025-10-02 04:41:39,19.6,87.8,,0,0,,1
2025-10-02 04:42:24,222.78,0.3238,247.97,0.4611,1.3833,240.92,251.56,251.43,426.41,432.98,429.04,429.45,1.3833,0.0,0.0,0.3226,0.0,0.0,0.0807,0.0807,0,0,0.3333,0.3333,0,0,0.9703,0.9701,1,1,50,293.91,174.46,0,1,2025-10-02 04:42:24,19.7,88.4,,0,0,,1
2025-10-02 04:43:09,222.81,3.7243,247.19,7.7929,23.3788,239.67,250.85,251.05,424.93,431.82,427.63,428.14,8.7181,7.4901,7.1706,1.5503,1.1901,0.9839,4.3463,1.3947,1.447,1.5046,5.7685,2.0895,1.8789,1.8002,0.6506,0.7434,0.6352,0.5473,50,293.96,174.51,1,1,2025-10-02 04:43:09,19.7,87.7,,1,0,,0
2025-10-02 04:43:54,222.86,3.7184,247.14,7.7715,23.3147,239.94,250.08,251.41,424.52,431.98,427.66,428.04,8.7025,7.443,7.1692,1.5442,1.1812,0.993,4.334,1.3999,1.4321,1.502,5.7518,2.0881,1.8613,1.8024,0.6511,0.7406,0.6362,0.5516,50,294.03,174.56,1,1,2025-10-02 04:43:54,19.7,83.7,,1,0,,0
2025-10-02 04:44:39,222.91,3.6779,247.02,7.7349,23.2047,239.72,250.03,251.33,424.81,431.33,427.4,427.83,8.6413,7.4157,7.1477,1.5272,1.1719,0.9788,4.3286,1.3941,1.4305,1.504,5.7221,2.0715,1.8541,1.7964,0.6475,0.7385,0.6337,0.5454,50,294.11,174.62,1,1,2025-10-02 04:44:39,19.6,80.1,,1,0,,0
2025-10-02 04:45:24,222.95,3.6975,247.13,7.7568,23.2704,239.55,250.83,251.01,425.12,432.06,426.92,428,8.6732,7.4445,7.1527,1.5383,1.1813,0.9779,4.3336,1.3907,1.4396,1.5032,5.7404,2.0777,1.8673,1.7954,0.649,0.7417,0.6343,0.5453,50,294.18,174.67,1,1,2025-10-02 04:45:24,19.1,77.4,,1,0,,0
2025-10-02 04:46:09,222.96,0.3227,247.94,0.4615,1.3847,240.73,251.62,251.49,426.39,433.06,428.87,429.46,1.3847,0.0,0.0,0.3227,0.0,0.0,0.0804,0.0804,0,0,0.3333,0.3333,0,0,0.9703,0.9703,1,1,50,294.19,174.67,0,1,2025-10-02 04:46:09,19.0,77,,0,0,,1
2025-10-02 04:46:54,222.96,0.3233,247.79,0.461,1.383,240.5,251.49,251.39,426.36,432.63,428.52,429.18,1.383,0.0,0.0,0.322,0.0,0.0,0.0805,0.0805,0,0,0.3326,0.3326,0,0,0.9703,0.9701,1,1,50,294.19,174.67,0,1,2025-10-02 04:46:54,18.9,79.3,,0,0,,1
2025-10-02 04:47:39,222.96,0.3225,247.75,0.4602,1.3808,240.49,251.41,251.35,425.97,433.01,428.33,429.1,1.3808,0.0,0.0,0.3214,0.0,0.0,0.0807,0.0807,0,0,0.3321,0.3321,0,0,0.9701,0.9699,1,1,50,294.19,174.68,0,1,2025-10-02 04:47:39,18.9,81.1,,0,0,,1
2025-10-02 04:48:24,222.97,0.3239,247.67,0.4616,1.3848,240.58,251.19,251.25,426.04,432.45,428.41,428.94,1.3848,0.0,0.0,0.3226,0.0,0.0,0.0803,0.0803,0,0,0.3332,0.3332,0,0,0.9706,0.9703,1,1,50,294.2,174.68,0,1,2025-10-02 04:48:24,19.0,82.8,,0,0,,1
2025-10-02 04:49:09,222.97,0.3237,247.76,0.4614,1.3843,240.73,251.25,251.3,425.89,432.83,428.64,429.14,1.3843,0.0,0.0,0.3226,0.0,0.0,0.0806,0.0806,0,0,0.3332,0.3332,0,0,0.9703,0.9702,1,1,50,294.2,174.68,0,1,2025-10-02 04:49:09,19.0,84.1,,0,0,,1
2025-10-02 04:49:54,222.98,0.3237,247.83,0.4614,1.3842,240.78,251.37,251.36,426.19,432.86,428.71,429.19,1.3842,0.0,0.0,0.3226,0.0,0.0,0.0805,0.0805,0,0,0.3333,0.3333,0,0,0.9704,0.9702,1,1,50,294.21,174.68,0,1,2025-10-02 04:49:54,19.1,85.3,,0,0,,1
2025-10-02 04:50:39,222.98,0.3226,247.89,0.4613,1.384,240.81,251.39,251.48,426.08,433.52,428.48,429.35,1.384,0.0,0.0,0.3226,0.0,0.0,0.0806,0.0806,0,0,0.3333,0.3333,0,0,0.9701,0.9701,1,1,50,294.21,174.68,0,1,2025-10-02 04:50:39,19.5,86.2,,0,0,,1
2025-10-02 04:51:24,222.98,0.3245,247.82,0.4618,1.3856,240.72,251.38,251.36,425.96,433.12,428.59,429.21,1.3856,0.0,0.0,0.323,0.0,0.0,0.0802,0.0802,0,0,0.3335,0.3335,0,0,0.9707,0.9704,1,1,50,294.22,174.68,0,1,2025-10-02 04:51:24,19.6,87.2,,0,0,,1
2025-10-02 04:52:09,222.99,0.3222,247.72,0.4609,1.3829,240.63,251.27,251.26,426.06,432.87,428.22,429.03,1.3829,0.0,0.0,0.3222,0.0,0.0,0.0802,0.0802,0,0,0.3328,0.3328,0,0,0.9704,0.9704,1,1,50,294.22,174.68,0,1,2025-10-02 04:52:09,19.6,87.9,,0,0,,1
2025-10-02 04:53:39,223.04,3.764,246.77,7.7981,23.3943,239.39,250.24,250.68,424.01,431.2,427,427.42,8.731,7.4719,7.1914,1.5585,1.2001,1.0054,4.3075,1.3868,1.4271,1.4937,5.7626,2.0901,1.8698,1.8027,0.6579,0.747,0.6436,0.5583,50,294.3,174.74,1,1,2025-10-02 04:53:39,19.7,86.2,,1,0,,0
2025-10-02 04:54:24,223.09,3.7712,246.8,7.7962,23.3888,239.47,250.25,250.68,424.15,430.92,427.28,427.43,8.7427,7.4598,7.1863,1.5626,1.1992,1.0093,4.3026,1.388,1.4246,1.4901,5.7619,2.0936,1.8668,1.8015,0.6591,0.7476,0.644,0.5608,50,294.38,174.8,1,1,2025-10-02 04:54:24,19.7,82.1,,1,0,,0
2025-10-02 04:55:09,223.14,3.7514,246.78,7.7778,23.333399999999997,239.38,250.04,250.94,423.82,430.84,427.61,427.42,8.7389,7.404,7.1905,1.5527,1.1862,1.0125,4.3025,1.3962,1.4149,1.4914,5.7476,2.0919,1.8513,1.8044,0.6571,0.7435,0.6424,0.5616,50,294.45,174.85,1,1,2025-10-02 04:55:09,19.6,78.4,,1,0,,0
2025-10-02 04:55:54,223.16,0.3244,247.76,0.4635,1.3906,240.64,251.13,251.51,426.01,432.78,428.57,429.14,1.3906,0.0,0.0,0.3244,0.0,0.0,0.0794,0.0794,0,0,0.3346,0.3346,0,0,0.9713,0.9713,1,1,50,294.49,174.88,0,1,2025-10-02 04:55:54,19.0,76.1,,0,0,,1
2025-10-02 04:56:39,223.17,0.3246,247.88,0.4622,1.3867,240.83,251.16,251.65,426.26,432.25,429.43,429.28,1.3867,0.0,0.0,0.3234,0.0,0.0,0.0801,0.0801,0,0,0.334,0.334,0,0,0.9708,0.9706,1,1,50.1,294.49,174.88,0,1,2025-10-02 04:56:39,19.0,78.1,,0,0,,1
2025-10-02 04:57:24,223.17,0.3245,247.91,0.4618,1.3856,240.75,251.41,251.57,426.81,432.59,428.71,429.38,1.3856,0.0,0.0,0.3231,0.0,0.0,0.08,0.08,0,0,0.3336,0.3336,0,0,0.9709,0.9706,1,1,50.1,294.49,174.88,0,1,2025-10-02 04:57:24,18.9,80.3,,0,0,,1
2025-10-02 04:58:09,223.18,0.3233,247.83,0.461,1.3832,240.56,251.34,251.61,426.16,433.2,428.4,429.26,1.3832,0.0,0.0,0.3222,0.0,0.0,0.0799,0.0799,0,0,0.3327,0.3327,0,0,0.9707,0.9705,1,1,50.1,294.5,174.88,0,1,2025-10-02 04:58:09,19.0,82,,0,0,,1
2025-10-02 04:58:54,223.18,0.323,247.85,0.4619,1.3859,240.62,251.29,251.64,426.1,432.81,428.9,429.25,1.3859,0.0,0.0,0.323,0.0,0.0,0.0797,0.0797,0,0,0.3335,0.3335,0,0,0.9708,0.9708,1,1,50.1,294.5,174.88,0,1,2025-10-02 04:58:54,19.0,83.5,,0,0,,1
2025-10-02 04:59:39,223.18,0.3234,247.94,0.4621,1.3864,240.83,251.29,251.72,426.1,433.45,428.79,429.44,1.3864,0.0,0.0,0.3234,0.0,0.0,0.0801,0.0801,0,0,0.3339,0.3339,0,0,0.9706,0.9706,1,1,50.1,294.51,174.88,0,1,2025-10-02 04:59:39,19.1,84.7,,0,0,,1
2025-10-02 05:00:24,223.19,0.3234,247.89,0.4608,1.3824,240.78,251.25,251.66,426.21,432.95,428.91,429.38,1.3824,0.0,0.0,0.3223,0.0,0.0,0.08,0.08,0,0,0.3329,0.3329,0,0,0.9707,0.9705,1,1,50.1,294.51,174.88,0,1,2025-10-02 05:00:24,19.5,85.7,,0,0,,1
2025-10-02 05:01:09,223.19,0.3228,247.81,0.4617,1.3851,240.6,251.31,251.53,426.44,432.54,428.64,429.19,1.3851,0.0,0.0,0.3228,0.0,0.0,0.0799,0.0799,0,0,0.3333,0.3333,0,0,0.9707,0.9707,1,1,50.1,294.52,174.88,0,1,2025-10-02 05:01:09,19.6,86.6,,0,0,,1
2025-10-02 05:01:54,223.2,0.3225,247.92,0.461,1.3832,240.74,251.42,251.6,426.75,432.69,428.73,429.38,1.3832,0.0,0.0,0.3225,0.0,0.0,0.0801,0.0801,0,0,0.333,0.333,0,0,0.9704,0.9704,1,1,50.1,294.52,174.89,0,1,2025-10-02 05:01:54,19.6,87.4,,0,0,,1
2025-10-02 05:02:39,223.2,0.3234,247.76,0.4607,1.3823,240.65,251.13,251.51,426.14,432.3,428.91,429.09,1.3823,0.0,0.0,0.3221,0.0,0.0,0.0803,0.0803,0,0,0.3327,0.3327,0,0,0.9705,0.9703,1,1,50.1,294.52,174.89,0,1,2025-10-02 05:02:39,19.7,88,,0,0,,1
2025-10-02 05:03:24,223.2,0.3236,247.77,0.461,1.3832,240.59,251.24,251.5,426.4,432.23,428.79,429.11,1.3832,0.0,0.0,0.3223,0.0,0.0,0.0801,0.0801,0,0,0.3328,0.3328,0,0,0.9707,0.9704,1,1,50.1,294.53,174.89,0,1,2025-10-02 05:03:24,19.7,88.4,,0,0,,1
2025-10-02 05:04:09,223.22,3.6623,246.95,7.7132,23.1396,239.45,250.38,251.02,424.24,431.81,427.11,427.71,8.6449,7.3916,7.1031,1.5289,1.1643,0.969,4.316,1.3897,1.4321,1.4943,5.7038,2.07,1.8507,1.783,0.6469,0.74,0.6308,0.544,50.1,294.56,174.91,1,1,2025-10-02 05:04:09,19.7,88.7,,1,0,,0
2025-10-02 05:04:54,223.27,3.7887,246.71,7.7987,23.3962,239.13,250.15,250.86,423.67,431.15,427.08,427.32,8.7612,7.4505,7.1845,1.5667,1.2037,1.0182,4.2863,1.3853,1.4164,1.4846,5.7611,2.0951,1.8637,1.8023,0.6622,0.7491,0.6475,0.5656,50,294.63,174.96,1,1,2025-10-02 05:04:54,19.7,85.3,,1,0,,0
2025-10-02 05:05:39,223.32,3.7209,246.68,7.733,23.199099999999998,239.07,250.12,250.87,423.9,430.59,427.25,427.24,8.6832,7.3758,7.1401,1.5423,1.1806,0.9981,4.2801,1.3838,1.4111,1.4851,5.712,2.0759,1.8448,1.7912,0.656,0.7443,0.6416,0.5577,50.1,294.7,175.01,1,1,2025-10-02 05:05:39,19.6,81.3,,1,0,,0
2025-10-02 05:06:24,223.36,3.7058,246.48,7.7127,23.1383,238.84,249.82,250.79,423.75,429.69,427.22,426.83,8.6592,7.3272,7.1519,1.5306,1.1728,1.0025,4.2702,1.3856,1.3991,1.4855,5.6923,2.0682,1.8305,1.7936,0.6554,0.7413,0.6424,0.5593,50.1,294.77,175.07,1,1,2025-10-02 05:06:24,19.5,77.7,,1,0,,0
2025-10-02 05:07:09,223.37,0.3229,247.23,0.461,1.3831,240.06,250.18,251.45,425.23,431.69,427.68,428.09,1.3831,0.0,0.0,0.3218,0.0,0.0,0.0789,0.0789,0,0,0.332,0.332,0,0,0.9714,0.9712,1,1,50,294.78,175.07,0,1,2025-10-02 05:07:09,19.0,76.6,,0,0,,1
2025-10-02 05:07:54,223.37,0.3228,247.29,0.461,1.3831,239.89,250.81,251.19,424.93,432.04,427.97,428.33,1.3831,0.0,0.0,0.3216,0.0,0.0,0.0788,0.0788,0,0,0.3318,0.3318,0,0,0.9714,0.9712,1,1,50,294.79,175.07,0,1,2025-10-02 05:07:54,18.9,78.4,,0,0,,1
2025-10-02 05:08:39,223.38,0.3217,247.18,0.4613,1.3839,239.85,250.65,251.05,424.76,431.68,427.9,428.11,1.3839,0.0,0.0,0.3217,0.0,0.0,0.079,0.079,0,0,0.3319,0.3319,0,0,0.9711,0.9711,1,1,50,294.79,175.07,0,1,2025-10-02 05:08:39,18.9,80.2,,0,0,,1
2025-10-02 05:09:24,223.38,0.3212,247.18,0.4606,1.3819,239.83,250.72,251.01,425.2,431.49,427.67,428.18,1.3819,0.0,0.0,0.3212,0.0,0.0,0.079,0.079,0,0,0.3314,0.3314,0,0,0.971,0.971,1,1,50,294.8,175.08,0,1,2025-10-02 05:09:24,18.9,82,,0,0,,1
2025-10-02 05:10:09,223.39,0.3216,247.18,0.4619,1.3858,239.89,250.64,251.01,425.27,431.51,427.54,428.11,1.3858,0.0,0.0,0.3216,0.0,0.0,0.0791,0.0791,0,0,0.3324,0.3324,0,0,0.971,0.9713,1,1,50,294.8,175.08,0,1,2025-10-02 05:10:09,18.9,83.4,,0,0,,1
2025-10-02 05:10:54,223.39,0.321,247.17,0.4607,1.3821,239.67,250.92,250.92,425.27,431.84,427.18,428.09,1.3821,0.0,0.0,0.321,0.0,0.0,0.0789,0.0789,0,0,0.3312,0.3312,0,0,0.9711,0.971,1,1,50,294.8,175.08,0,1,2025-10-02 05:10:54,19.0,84.7,,0,0,,1
2025-10-02 05:11:39,223.39,0.3219,247.01,0.4605,1.3815,239.5,250.7,250.83,424.75,431.98,426.74,427.84,1.3815,0.0,0.0,0.3207,0.0,0.0,0.0785,0.0785,0,0,0.3309,0.3309,0,0,0.9715,0.9712,1,1,50,294.81,175.08,0,1,2025-10-02 05:11:39,19.0,85.6,,0,0,,1
2025-10-02 05:12:24,223.4,0.3216,247.07,0.4602,1.3808,239.55,250.71,250.96,425.19,431.5,427.08,427.89,1.3808,0.0,0.0,0.3206,0.0,0.0,0.0786,0.0786,0,0,0.3308,0.3308,0,0,0.9714,0.9712,1,1,50.1,294.81,175.08,0,1,2025-10-02 05:12:24,19.1,86.4,,0,0,,1
2025-10-02 05:13:09,223.4,0.3211,246.92,0.4606,1.3819,239.73,249.91,251.13,424.8,431.05,427.15,427.63,1.3819,0.0,0.0,0.3211,0.0,0.0,0.0786,0.0786,0,0,0.3313,0.3313,0,0,0.9713,0.9713,1,1,50,294.82,175.08,0,1,2025-10-02 05:13:09,19.5,87.2,,0,0,,1
2025-10-02 05:13:54,223.41,0.3221,246.87,0.4604,1.3812,239.71,249.83,251.09,424.44,431.11,427.21,427.56,1.3812,0.0,0.0,0.3208,0.0,0.0,0.0789,0.0789,0,0,0.3311,0.3311,0,0,0.9712,0.971,1,1,50,294.82,175.08,0,1,2025-10-02 05:13:54,19.5,87.8,,0,0,,1
2025-10-02 05:14:39,223.41,0.3215,246.77,0.4601,1.3803,239.27,250.44,250.61,424.32,431.09,426.8,427.38,1.3803,0.0,0.0,0.3201,0.0,0.0,0.0786,0.0786,0,0,0.3303,0.3303,0,0,0.9713,0.9711,1,1,50,294.82,175.08,0,1,2025-10-02 05:14:39,19.6,88.3,,0,0,,1
2025-10-02 05:15:24,223.41,0.3243,247.54,0.4617,1.3853,240.87,250.75,251.02,425.79,432.6,427.88,428.81,1.3853,0.0,0.0,0.3231,0.0,0.0,0.0805,0.0805,0,0,0.3337,0.3337,0,0,0.9705,0.9703,1,1,50.1,294.83,175.08,0,1,2025-10-02 05:15:24,19.6,88.7,,0,0,,1
2025-10-02 05:16:09,223.42,0.3236,247.59,0.4611,1.3834,240.92,250.76,251.11,426.17,432.15,428.19,428.82,1.3834,0.0,0.0,0.3226,0.0,0.0,0.0807,0.0807,0,0,0.3333,0.3333,0,0,0.9703,0.9701,1,1,50.1,294.83,175.08,0,1,2025-10-02 05:16:09,19.7,89.1,,0,0,,1
2025-10-02 05:16:54,223.42,0.3247,247.59,0.4617,1.3851,241.04,250.69,251.06,426.64,431.69,428.16,428.82,1.3851,0.0,0.0,0.3233,0.0,0.0,0.0803,0.0803,0,0,0.3339,0.3339,0,0,0.9707,0.9705,1,1,50.1,294.84,175.08,0,1,2025-10-02 05:16:54,19.7,89.5,,0,0,,1
2025-10-02 05:17:39,223.43,0.3222,247.56,0.4606,1.3818,240.9,250.81,250.97,426.08,431.94,428.29,428.78,1.3818,0.0,0.0,0.3222,0.0,0.0,0.0807,0.0807,0,0,0.3329,0.3329,0,0,0.97,0.97,1,1,50.1,294.84,175.09,0,1,2025-10-02 05:17:39,19.7,89.8,,0,0,,1
2025-10-02 05:18:24,223.45,3.7461,246.56,7.7687,23.3061,239.59,249.76,250.34,424.22,430.62,426.3,426.99,8.7171,7.4647,7.1243,1.5614,1.1904,0.9943,4.2887,1.3817,1.4287,1.4783,5.7364,2.0885,1.8644,1.7835,0.6578,0.7488,0.6401,0.5581,50,294.89,175.12,1,1,2025-10-02 05:18:24,19.8,89.5,,1,0,,0
2025-10-02 05:19:09,223.5,3.7567,245.92,7.7334,23.2002,238.25,249.45,250.07,422.64,429.74,425.42,425.88,8.6798,7.3918,7.1286,1.5524,1.1973,1.007,4.2258,1.3608,1.3961,1.4689,5.6945,2.068,1.8439,1.7826,0.6644,0.7519,0.6509,0.5654,50.1,294.95,175.17,1,1,2025-10-02 05:19:09,19.7,85.6,,1,0,,0
2025-10-02 05:19:54,223.55,3.7292,245.71,7.7143,23.1429,238.07,249.24,249.83,422.3,429.29,425.11,425.55,8.6605,7.374,7.1084,1.5441,1.1876,0.9975,4.2257,1.3613,1.3968,1.4675,5.6756,2.0618,1.8379,1.7759,0.6616,0.7501,0.6477,0.5621,50,295.03,175.22,1,1,2025-10-02 05:19:54,19.6,81.4,,1,0,,0
2025-10-02 05:20:39,223.59,0.3238,246.6,0.4645,1.3936,239.28,250.12,250.4,424.11,430.54,426.66,427.06,1.3936,0.0,0.0,0.3238,0.0,0.0,0.0769,0.0769,0,0,0.3335,0.3335,0,0,0.9729,0.9729,1,1,50,295.09,175.27,0,1,2025-10-02 05:20:39,19.5,77.9,,0,0,,1
2025-10-02 05:21:24,223.59,0.3202,246.41,0.4603,1.3811,239.07,249.97,250.2,423.86,429.86,426.6,426.82,1.3811,0.0,0.0,0.3202,0.0,0.0,0.0778,0.0778,0,0,0.3302,0.3302,0,0,0.9717,0.9717,1,1,50,295.09,175.27,0,1,2025-10-02 05:21:24,19.0,77.6,,0,0,,1
2025-10-02 05:22:09,223.6,0.32,246.39,0.4601,1.3803,239.08,249.93,250.17,423.84,430.08,426.31,426.7,1.3803,0.0,0.0,0.32,0.0,0.0,0.0779,0.0779,0,0,0.33,0.33,0,0,0.9716,0.9716,1,1,50,295.1,175.27,0,1,2025-10-02 05:22:09,18.9,79.3,,0,0,,1
2025-10-02 05:22:54,223.6,0.3217,246.33,0.4609,1.3829,239.03,249.87,250.11,423.95,429.85,426.13,426.63,1.3829,0.0,0.0,0.3206,0.0,0.0,0.0778,0.0778,0,0,0.3306,0.3306,0,0,0.9719,0.9717,1,1,50,295.1,175.27,0,1,2025-10-02 05:22:54,18.9,81.2,,0,0,,1
2025-10-02 05:23:39,223.6,0.3203,246.49,0.4604,1.3812,239.22,250.01,250.24,424.06,430.34,426.35,426.91,1.3812,0.0,0.0,0.3203,0.0,0.0,0.0782,0.0782,0,0,0.3304,0.3304,0,0,0.9714,0.9714,1,1,50,295.1,175.27,0,1,2025-10-02 05:23:39,18.9,82.8,,0,0,,1
2025-10-02 05:24:24,223.61,0.3216,246.41,0.4598,1.3794,239.2,249.85,250.19,424.11,429.81,426.4,426.81,1.3794,0.0,0.0,0.3199,0.0,0.0,0.0782,0.0782,0,0,0.33,0.33,0,0,0.9716,0.9713,1,1,50,295.11,175.27,0,1,2025-10-02 05:24:24,19.0,84.1,,0,0,,1
2025-10-02 05:25:09,223.61,0.3245,247.13,0.4622,1.3868,240.7,250.26,250.44,425.3,431.58,427.23,427.96,1.3868,0.0,0.0,0.3233,0.0,0.0,0.0802,0.0802,0,0,0.3338,0.3338,0,0,0.9707,0.9705,1,1,50.1,295.11,175.27,0,1,2025-10-02 05:25:09,19.0,85.3,,0,0,,1
2025-10-02 05:25:54,223.62,0.324,247.11,0.4619,1.3859,240.64,250.27,250.44,425.72,430.96,427.33,427.93,1.3859,0.0,0.0,0.3229,0.0,0.0,0.0803,0.0803,0,0,0.3335,0.3335,0,0,0.9706,0.9704,1,1,50.1,295.12,175.27,0,1,2025-10-02 05:25:54,19.0,86.2,,0,0,,1
2025-10-02 05:26:39,223.62,0.3234,246.81,0.4612,1.3838,240.45,249.9,250.1,425.11,430.44,426.9,427.47,1.3838,0.0,0.0,0.3221,0.0,0.0,0.0804,0.0804,0,0,0.3327,0.3327,0,0,0.9704,0.9702,1,1,50,295.12,175.28,0,1,2025-10-02 05:26:39,19.1,87,,0,0,,1
2025-10-02 05:27:24,223.62,0.322,246.69,0.4599,1.3798,240.22,249.85,250.02,424.78,430.99,426.08,427.32,1.3798,0.0,0.0,0.3208,0.0,0.0,0.0804,0.0804,0,0,0.3315,0.3315,0,0,0.9702,0.97,1,1,50,295.13,175.28,0,1,2025-10-02 05:27:24,19.5,87.7,,0,0,,1
2025-10-02 05:28:09,223.63,0.3216,246.5,0.4611,1.3834,240.07,249.68,249.77,424.74,429.94,426.16,427.01,1.3834,0.0,0.0,0.3216,0.0,0.0,0.08,0.08,0,0,0.3321,0.3321,0,0,0.9704,0.9704,1,1,50,295.13,175.28,0,1,2025-10-02 05:28:09,19.5,88.3,,0,0,,1
2025-10-02 05:28:54,223.63,0.3213,246.68,0.4606,1.3819,240.13,249.97,249.95,425.02,430.4,426.34,427.25,1.3819,0.0,0.0,0.3213,0.0,0.0,0.0799,0.0799,0,0,0.3318,0.3318,0,0,0.9704,0.9704,1,1,50,295.13,175.28,0,1,2025-10-02 05:28:54,19.6,88.7,,0,0,,1
2025-10-02 05:29:39,223.64,0.3227,246.64,0.4609,1.3828,240.11,249.87,249.94,424.88,430.15,426.49,427.13,1.3828,0.0,0.0,0.3215,0.0,0.0,0.0798,0.0798,0,0,0.332,0.332,0,0,0.9707,0.9705,1,1,50,295.14,175.28,0,1,2025-10-02 05:29:39,19.6,89.2,,0,0,,1
